fips5,svi_rpl,svi_pov,svi_uninsur,svi_age17,svi_minrty,svi_nohs,svi_crowd,log_dens,gop24,covid_vax
01001,0.2663,20.2,7.4,23.4,27.4,9.6,1.4,4.6036546445898,0.7335887977652831,0.45331042259571497
01003,0.3487,18.3,9.3,21.2,17.7,8.4,1.9,4.995980373760801,0.7934764602590862,0.5246109463612174
01005,0.9927,37.7,10.7,20.7,55.4,23.5,3.8,3.371059859104336,0.5741499385497747,0.46840314348213563
01007,0.8451,29.0,8.4,21.2,25.8,21.1,1.3,3.604038683353726,0.8238494179088238,0.3596945610431366
01009,0.6166,22.9,10.2,23.0,14.3,18.2,2.3,4.528373561977084,0.9077694235588972,0.325943347283229
01011,0.8985,47.4,12.2,21.1,79.4,26.6,0.8,2.8669200110366737,0.269588638589618,0.5602415602415602
01013,0.6872,33.8,11.0,22.3,49.1,12.4,0.6,3.2360734609768556,0.6140330048676244,0.40415466886055124
01015,0.8145,28.7,10.8,21.2,29.5,14.9,1.7,5.261245050065103,0.7257306780858936,0.4832269706438977
01017,0.8295,28.8,10.8,20.8,45.7,16.5,5.3,4.077874470770051,0.6171011618022103,0.3280206892403921
01019,0.406,25.6,10.2,18.9,9.3,18.1,0.7,3.834922192397691,0.879714971729533,0.3174530462666056
01021,0.5336,22.8,11.5,23.7,20.9,17.8,2.6,4.191962096582686,0.8624732388622693,0.3718150715764833
01023,0.6548,31.9,8.2,19.9,43.5,17.6,0.6,2.69927579661464,0.6199758235116349,0.6786877432679324
01025,0.8365,29.7,9.5,22.0,48.8,18.6,1.4,2.9764927324222183,0.5856878573831147,0.5190500381000762
01027,0.6223,29.1,8.1,20.5,19.9,16.7,2.1,3.1997463693815336,0.852385907536792,0.43112958065734797
01029,0.5196,27.7,10.1,22.8,7.8,17.5,2.6,3.3335527798693927,0.9203213486105624,0.2936955063715627
01031,0.6802,26.2,10.9,23.7,31.2,13.4,2.0,4.380536540838798,0.7917722664735699,0.48272897481945665
01033,0.4467,23.1,7.9,20.9,22.3,13.6,1.4,4.580717206072277,0.7341998435812447,0.4895820133596423
01035,0.5122,38.6,8.6,20.5,50.3,10.6,0.7,2.6820042611485566,0.5702148925537232,0.44907599237590123
01037,0.4808,22.2,6.2,16.1,35.8,16.5,3.7,2.825452747232847,0.7177234530175707,0.4158304417143393
01039,0.7121,30.1,10.3,21.9,17.5,14.2,1.6,3.6224292027714777,0.8638102524866106,0.3878917109773543
01041,0.685,28.4,8.5,22.9,30.1,17.9,1.1,3.1218321120022496,0.7743534148985597,0.3531077548649434
01043,0.4909,23.3,10.6,22.3,9.2,15.4,1.9,4.797086907421186,0.9055049949699366,0.38900296055773087
01045,0.7766,29.6,10.0,23.1,32.7,14.3,0.7,4.490178474682378,0.7635021097046414,0.48985194826323925
01047,0.9189,40.8,9.5,23.6,73.0,14.7,1.4,3.6928368337678856,0.33644496304939714,0.46631358210560275
01049,0.756,33.6,14.6,23.9,20.9,22.3,3.4,4.535210550810631,0.8721377292368412,0.3478528379455484
01051,0.4397,18.7,8.2,21.7,27.6,11.5,1.3,4.961314545329021,0.7624671916010499,0.476929896932606
01053,0.8473,38.3,12.3,22.7,39.8,17.7,0.5,3.685810141219732,0.7330280172413793,0.3748805721617121
01055,0.672,27.2,11.7,21.4,22.9,13.9,1.7,5.268558130452239,0.7804947460595446,0.4204052098408104
01057,0.7458,34.5,10.1,21.1,16.1,16.3,1.1,3.294492467217433,0.8624096385542168,0.35921972764078025
01059,0.7576,33.3,12.5,24.7,24.8,19.9,1.6,3.9414620214046447,0.8691697955778056,0.4478349595051336
01061,0.5822,32.0,12.1,21.9,19.2,16.6,1.6,3.858288828791523,0.8870941558441559,0.41018613680484184
01063,0.9157,50.0,13.9,22.0,82.9,18.1,0.3,2.5579972271367875,0.22025883524141363,0.522870176303785
01065,0.8826,35.9,7.0,23.4,61.6,19.4,2.6,3.17352970090329,0.4655243885587951,0.6253498054740291
01067,0.6195,25.9,9.6,20.4,30.5,18.5,1.1,3.458107422808441,0.7554042369217466,0.46253995931415287
01069,0.7175,27.8,11.7,22.9,35.1,12.4,1.3,5.2236326559102455,0.7409461217224619,0.44279480931603105
01071,0.7194,31.0,11.0,20.6,11.2,18.0,2.2,3.908218291889056,0.8596942053192856,0.5061984271491109
01073,0.7251,24.6,9.0,22.7,51.1,8.9,1.3,6.406558385736154,0.4471601275427558,0.6028458500424403
01075,0.4731,26.7,7.8,21.8,14.3,17.9,1.0,3.17622947803306,0.882146512648048,0.45005432814197754
01077,0.4919,24.4,9.5,19.4,16.6,11.2,0.9,4.957290790981063,0.7600501928707534,0.4782754046738345
01079,0.3624,27.2,9.1,21.7,23.7,17.3,1.0,3.8907312286442752,0.8136440307365528,0.4791641355849836
01081,0.6446,27.0,8.6,20.9,33.1,8.3,2.2,5.667299639878896,0.6407864323707149,0.4154987784273924
01083,0.3233,18.4,8.2,22.1,25.3,12.7,1.7,5.225454752608579,0.7220972783410841,0.3982308042258505
01085,0.9042,45.0,8.9,22.0,75.4,16.7,1.7,2.719879188130832,0.31253333333333333,0.5300226197820276
01087,0.9656,36.7,11.1,16.6,83.9,17.3,1.4,3.4825058412414904,0.21658511460211177,0.4953508966127961
01089,0.3509,17.8,7.8,21.5,36.5,7.8,1.3,6.18878373572966,0.5455514504227597,0.642054764030903
01091,0.6691,32.5,9.3,22.7,55.5,10.9,0.3,3.0269196429256167,0.5189071265323083,0.5528813020198272
01093,0.6946,30.1,11.0,21.1,9.2,19.4,2.7,3.6973178360570524,0.9109507513762833,0.3708303880978828
01095,0.6201,26.6,11.1,25.2,20.9,15.6,1.6,5.159378783907349,0.8611298672068423,0.4684729369458739
01097,0.8304,28.3,11.3,23.2,44.2,11.9,1.9,5.8220325000722255,0.5830488270626223,0.5131192371917427
01099,0.7416,34.2,11.0,21.1,46.3,16.3,1.9,3.0116099089096156,0.6162921924694778,0.4443640572999566
01101,0.929,30.0,10.6,23.6,68.4,12.0,2.4,5.6749812581267935,0.34467276613550774,0.5403954328302853
01103,0.6787,23.4,11.0,22.9,25.7,14.8,2.5,5.363009696890481,0.7654851346492307,0.445366354999624
01105,0.9214,49.2,6.6,21.1,71.6,20.4,0.4,2.5480220604702053,0.28561782579338285,0.49703014681161045
01107,0.8918,33.6,8.5,19.3,46.4,15.1,1.0,3.112241064945138,0.61730486840619,0.5138484696437531
01109,0.8002,34.0,8.9,18.9,44.7,12.1,0.9,3.9139772620480677,0.6266859711956108,0.43178111976807393
01111,0.559,27.2,8.4,20.9,25.4,18.0,1.2,3.6687640936843247,0.8258029395753946,0.33826247689463956
01113,0.8963,32.0,11.7,24.1,55.9,14.8,1.0,4.530254379225517,0.49160975609756097,0.4335501457876848
01115,0.2587,16.5,8.2,22.3,15.4,12.7,1.7,4.985138225901408,0.8229062840453397,0.40073956564482976
01117,0.1238,11.6,6.4,22.8,24.1,6.2,1.0,5.656284176861447,0.7065532624409107,0.3725092098373005
01119,0.9255,44.1,9.7,18.9,74.8,11.2,1.3,2.6737176172202686,0.2927662806151509,0.5341594914299509
01121,0.908,29.7,9.4,20.7,37.7,16.8,1.7,4.710204529372058,0.6697375598521123,0.3740528645377479
01123,0.8692,27.4,9.5,20.4,31.4,18.1,1.4,4.070235063136261,0.7494838612216124,0.3930933683454307
01125,0.651,25.9,6.7,20.4,39.5,9.4,1.7,5.172244973390586,0.6029742163260939,0.4485586682907024
01127,0.6398,28.0,12.1,22.2,12.4,17.3,1.4,4.420569135705365,0.8612595548941352,0.48355661907085845
01129,0.3217,30.2,9.2,20.6,34.7,11.7,1.3,2.7270268800600617,0.7781350482315113,0.4679652088692883
01131,0.9819,44.2,9.4,23.0,72.6,22.3,2.7,2.546297555875464,0.34204502098435713,0.5484430733635399
01133,0.6125,29.4,11.3,20.2,7.7,20.0,1.3,3.6785525714679057,0.9201805869074492,0.2240044013711964
02001,,,,,,,,,0.590787554691298,
02002,,,,,,,,,0.4979681493684789,
02003,,,,,,,,,0.4231131187652927,
02004,,,,,,,,,0.30399909624943516,
02005,,,,,,,,,0.5666102357077745,
02006,,,,,,,,,0.5841610036591741,
02007,,,,,,,,,0.7294940796555436,
02008,,,,,,,,,0.7552726581797454,
02009,,,,,,,,,0.4882764654418198,
02010,,,,,,,,,0.5170285985522725,
02011,,,,,,,,,0.5121617352848268,
02012,,,,,,,,,0.49331550802139035,
02013,0.7754,23.7,39.7,12.2,84.3,19.0,5.1,0.39726044715517456,0.49360473112364184,0.7488762361402457
02014,,,,,,,,,0.3890919314028676,
02015,,,,,,,,,0.5128376869837017,
02016,0.5033,15.4,17.2,17.0,76.6,10.5,10.2,0.7829969662262195,0.42370322441496816,0.6382676606318779
02017,,,,,,,,,0.3254021900770583,
02018,,,,,,,,,0.5821413090593844,
02019,,,,,,,,,0.4109674728940784,
02020,0.6052,15.8,10.5,23.9,44.8,5.8,4.5,5.143387205287668,0.4366116295764537,0.70028125
02021,,,,,,,,,0.4581943645773433,
02022,,,,,,,,,0.49371907118385994,
02023,,,,,,,,,0.5971420182049525,
02024,,,,,,,,,0.6671469740634006,
02025,,,,,,,,,0.6847858491503528,
02026,,,,,,,,,0.7801441677588467,
02027,,,,,,,,,0.7896880819366853,
02028,,,,,,,,,0.7520725969079095,
02029,,,,,,,,,0.7325696227533083,
02030,,,,,,,,,0.7302506741236393,
02031,,,,,,,,,0.5174981384959046,
02032,,,,,,,,,0.6652444444444444,
02033,,,,,,,,,0.7645959831854273,
02034,,,,,,,,,0.6082334549244398,
02035,,,,,,,,,0.4735991379310345,
02036,,,,,,,,,0.6142187329625995,
02037,,,,,,,,,0.5347541777670138,
02038,,,,,,,,,0.43446737311767986,
02039,,,,,,,,,0.43669250645994834,
02040,,,,,,,,,0.5534426229508197,
02050,0.9424,39.5,14.0,34.8,91.2,17.3,33.7,0.3758963450341895,,0.6847057543783314
02060,0.2332,10.5,19.1,19.1,55.6,5.0,4.6,1.0195172913617687,,1.0
02063,0.6876,10.6,14.7,21.7,29.5,5.5,5.6,0.5507391811399998,,
02066,0.5247,21.4,19.6,26.5,47.6,7.6,2.4,0.1006266703665926,,
02068,0.0353,9.3,3.0,12.9,24.8,3.3,4.0,0.15375457382204363,,0.5498330948974726
02070,0.8931,27.3,18.1,30.2,85.7,11.9,28.1,0.23487780384084053,,0.531326281529699
02090,0.4925,13.4,8.6,23.8,32.2,5.3,4.8,2.648243867262574,,0.6339146506417206
02099,,,,,,,,,0.13178294573643412,
02100,0.4594,15.0,9.1,30.2,27.2,2.3,5.2,0.635081347750285,,0.708300395256917
02105,0.6376,24.2,19.5,13.3,50.3,6.0,2.3,0.3040135905033547,,0.7136871508379888
02110,0.3528,12.3,6.9,20.6,38.2,4.6,2.9,2.555221734713792,,0.7886094952148621
02122,0.4725,19.1,12.7,22.1,22.0,5.8,4.4,1.5471713501034725,,0.49577570348163796
02130,0.5027,16.6,9.4,21.0,38.1,5.3,3.9,1.351689725224577,,0.6708869865477304
02150,0.637,15.0,12.9,24.0,54.0,8.8,11.8,1.0828444080328352,,0.6641021695645484
02158,0.8568,53.1,14.1,41.2,96.9,18.6,40.7,0.3989428531205014,,0.6864325234544142
02164,0.7926,26.9,31.5,25.5,82.9,9.2,15.3,0.041063955208192705,,0.6011306532663316
02170,0.4792,16.6,13.3,26.1,23.3,5.8,5.3,1.6860172063960435,,0.41937092053878894
02180,0.8683,35.7,14.7,34.0,86.1,11.8,31.3,0.3619620757800215,,0.7132147141143542
02185,0.7747,12.7,15.0,22.8,68.7,9.3,25.6,0.1159906314527322,,0.4003254678600488
02188,0.8734,31.3,19.2,36.2,90.4,13.9,32.7,0.19507629770912507,,0.6270830599658838
02195,0.6857,12.4,9.6,18.0,45.4,13.0,1.6,0.7715820144742406,,0.7798530312308635
02198,0.818,25.6,18.9,21.5,56.3,7.5,4.9,0.7423444099702841,,0.5418345961631469
02220,0.4442,11.7,12.3,20.2,40.1,4.8,1.3,1.3733038016521961,,0.801248086659602
02230,0.3328,13.0,9.7,15.9,23.5,7.3,3.1,1.3869864835918138,,0.738799661876585
02240,0.6755,22.2,16.4,26.8,28.2,6.3,6.2,0.244822579035374,,0.427099956477586
02261,,,,,,,,,,0.6411649641382308
02275,0.5342,16.6,16.5,22.1,44.4,12.9,1.4,0.6069903707219675,,0.5979216626698641
02282,0.3723,15.5,23.2,18.6,69.3,6.0,5.2,0.07137510769977326,,0.7875647668393783
02290,0.8807,35.4,21.0,27.2,78.2,13.0,14.5,0.03612461559813935,,0.7854684512428298
04001,0.965,47.1,23.6,26.5,81.8,16.0,12.5,1.9313140748539621,0.4040483784381217,1.0
04003,0.9325,27.0,7.7,21.1,46.3,11.1,2.5,3.0545099577865518,0.6171177359527408,0.6802862089229841
04005,0.8031,26.7,11.2,19.9,47.0,8.5,7.1,2.1716796793520015,0.399189345686161,0.8004265521759737
04007,0.847,30.6,9.8,19.4,38.8,12.9,4.4,2.5037445185003655,0.6896916621054552,0.6094079751194046
04009,0.8486,25.9,8.5,26.3,49.6,15.4,5.9,2.232139432360262,0.7429540015953204,0.6574915673198238
04011,0.3598,16.5,2.3,27.3,55.3,14.1,4.1,1.8157785491640002,0.7075413856529736,0.44862076226574016
04012,0.9195,30.9,15.2,16.2,43.9,17.4,9.2,1.5496264377685862,0.7224937260599656,0.49905249194618156
04013,0.713,19.0,11.0,23.1,46.8,10.8,4.4,6.179003964138478,0.5176011187533441,0.5927508586721315
04015,0.8489,27.1,9.1,16.5,24.5,12.2,3.1,2.837243291511803,0.7806111293320215,0.4288696914426834
04017,0.9806,38.8,14.5,25.9,58.1,14.4,9.3,2.465160998829608,0.586853525500657,0.8077782986549349
04019,0.888,24.1,9.1,20.2,49.9,10.5,3.5,4.74007849783794,0.42331089941414146,0.7188752949309591
04021,0.797,20.0,9.6,22.0,45.2,11.5,4.1,4.403619155661621,0.61144993303851,0.5573879240863547
04023,0.9383,33.4,14.0,26.3,84.9,22.0,6.1,3.681258209726386,0.40597975110736134,1.0
04025,0.5991,21.4,10.9,15.8,21.2,7.9,2.3,3.410449304096136,0.6709711406630962,0.4935537794716268
04027,0.9978,31.7,13.5,25.1,70.8,23.8,10.2,3.639312595326246,0.6030221406582997,0.7311716802237741
05001,0.7226,27.7,6.3,22.9,31.8,14.0,2.6,2.899159234992496,0.7244224422442245,0.5765183575431774
05003,0.8237,37.6,8.4,22.6,32.4,14.1,1.4,3.070333426791656,0.7436045671339789,0.5102508012412881
05005,0.4333,28.9,6.5,17.6,8.0,10.4,2.1,4.336800170914583,0.7892104496455278,0.47264618906801487
05007,0.3268,14.9,9.4,25.7,35.4,9.9,3.7,5.8259806409841834,0.6385510396522239,0.5681931353688637
05009,0.2647,22.9,7.4,22.7,7.0,9.4,0.8,4.1722914958701205,0.8303412198311735,0.39201752511220345
05011,0.8864,33.0,12.5,24.5,45.5,14.2,2.5,2.839926183644667,0.6972274732199117,0.5826442441698412
05013,0.4967,21.1,8.1,18.7,28.6,14.7,0.1,2.150955008724587,0.8153921091086215,0.3942956253613413
05015,0.6421,26.3,12.4,22.0,26.8,14.2,4.5,3.8291683119184223,0.6621166459847545,0.49548978153629314
05017,0.9987,43.1,9.8,21.9,61.4,20.4,2.5,2.8371178135678448,0.48002316155182395,0.5584107531132635
05019,0.8339,31.7,9.3,19.4,32.4,10.3,2.8,3.250057662041932,0.6046760187040748,0.5047043010752689
05021,0.3929,28.7,8.0,20.9,5.9,15.7,1.1,3.167231082925594,0.8139487179487179,0.47055185210638445
05023,0.3532,26.8,7.2,18.9,7.6,12.1,2.0,3.8294199763642536,0.8451659221442246,0.46065251414583247
05025,0.286,31.8,3.5,20.6,16.0,8.1,1.1,2.6118306810623984,0.8425480769230769,0.5461287078934137
05027,0.7598,31.3,7.4,21.0,40.9,11.7,4.1,3.4223424245954783,0.6851780926847951,0.5021955066717824
05029,0.7461,33.8,7.3,22.5,19.5,10.8,1.6,3.6546561538152886,0.7064253176696236,0.5544948671207905
05031,0.8342,28.9,8.6,24.9,27.0,9.8,2.2,5.062716590906183,0.691711127000715,0.48871587572055253
05033,0.7531,28.1,8.9,24.0,18.4,14.5,3.5,4.632698388362322,0.796602191030469,0.47008236242629275
05035,0.9205,32.5,8.6,27.1,59.8,14.4,2.7,4.372367450799745,0.4883947185545518,0.47244291523303095
05037,0.9227,34.3,7.4,24.0,27.9,16.5,5.2,3.3429499315772855,0.7432369038311181,0.5256714781655399
05039,0.6885,21.8,5.4,20.3,48.1,11.6,1.9,2.3700995957335973,0.65,0.5766871165644172
05041,0.9749,44.7,8.9,25.3,56.4,21.0,4.0,2.786538930104044,0.5242521057217543,0.6173752310536045
05043,0.7668,33.0,4.7,23.0,35.0,12.6,1.6,3.085928155010866,0.6721573644650568,0.4923980459959383
05045,0.5326,25.8,7.8,22.6,21.1,7.0,2.1,5.265411258112173,0.6657440358507974,0.5279389240280302
05047,0.6198,33.9,6.7,22.6,11.7,13.8,2.6,3.373451530512649,0.81919577340769,0.49714930849562516
05049,0.6535,39.9,10.6,21.1,7.1,13.1,4.4,3.0307996021236026,0.8168216740800647,0.3533702011701531
05051,0.8661,26.4,9.2,19.8,19.2,9.4,2.5,5.001309073213468,0.6854304635761589,0.4752882699776628
05053,0.1852,19.9,6.1,21.7,8.8,7.4,1.4,3.3850985284189927,0.8500062916823958,0.47681357788119355
05055,0.6917,28.6,9.1,24.1,9.5,12.1,2.4,4.389450032056942,0.81127829218107,0.4495091009376724
05057,0.8998,32.8,11.3,25.2,46.7,16.1,1.8,3.351784510430654,0.7024627240743844,0.4228125580531302
05059,0.6437,30.0,7.7,19.6,18.2,11.5,2.8,4.005025643911119,0.7660245765526403,0.4440496283793788
05061,0.8797,28.6,12.4,25.9,37.4,11.6,3.7,3.1249049828874402,0.7370572207084468,0.5602181487653386
05063,0.8241,30.1,10.1,23.8,15.1,13.2,3.0,3.9247256447656316,0.8038943990665111,0.4467680105750165
05065,0.671,34.2,6.8,17.3,12.2,16.8,1.6,3.2066107284897334,0.8364638979838015,0.4336341624477218
05067,0.7101,36.0,8.4,19.5,24.1,13.7,0.4,3.3138025638743387,0.7478687127024722,0.40468927567438245
05069,0.9096,31.9,6.2,21.5,62.2,10.9,1.7,4.353225808354557,0.398119417019276,0.47889979648030645
05071,0.895,37.7,8.2,24.7,22.6,19.5,3.0,3.6944016378211755,0.762538036740674,0.5085408984874709
05073,0.8075,36.6,9.3,19.0,42.2,18.9,1.7,2.5537484864767337,0.694796676869261,0.43327294685990336
05075,0.7003,33.2,8.8,22.5,7.1,17.7,2.2,3.3559171037439928,0.8268437107482505,0.48079970742411315
05077,0.9714,40.1,7.6,18.6,59.4,16.5,2.2,2.7374784213683903,0.48184414524683805,0.4105227503669414
05079,0.5864,28.7,8.2,14.7,37.2,16.5,1.7,3.1890379957708976,0.7547511312217194,0.36486486486486486
05081,0.4197,25.0,4.9,22.1,28.3,9.4,2.4,3.1626535786942314,0.7754763877381938,0.4193653642222041
05083,0.5444,29.0,6.7,21.1,11.4,11.8,2.4,3.4327822731902464,0.8177063877474785,0.4874219696263859
05085,0.4063,19.7,7.5,25.0,15.7,10.1,1.8,4.577817921529731,0.7737797767782775,0.49348647505763277
05087,0.5272,30.1,10.4,23.4,24.2,15.0,3.5,3.047500792203163,0.797857917570499,0.45089285714285715
05089,0.4588,30.1,7.3,18.4,7.5,12.3,2.1,3.3788036728197426,0.8058465916440305,0.3684557325985384
05091,0.9354,33.4,10.2,23.6,33.0,13.3,3.7,4.23983269316623,0.7585676766382679,0.33166886284300806
05093,0.9335,33.8,8.3,26.0,43.5,17.2,3.1,3.82300661907479,0.660814273512385,0.42554918698187005
05095,0.9341,34.7,8.7,21.6,46.1,19.8,5.5,2.4991990543886438,0.5802262253875157,0.5905088792717504
05097,0.5765,31.7,11.7,18.0,10.2,13.3,0.7,2.481700512918953,0.8224118942731278,0.3799243267304696
05099,0.8527,37.0,4.9,22.5,37.3,10.4,3.1,2.6687582894761155,0.7022097509645738,0.4692195831313621
05101,0.1985,23.5,6.1,19.4,8.0,15.1,1.7,2.2845594382082024,0.826274615592123,0.35031600670708113
05103,0.7464,32.1,6.5,22.4,45.6,11.8,1.0,3.4611039902486325,0.5970713273500237,0.5541014455564109
05105,0.4292,29.4,5.3,22.4,9.5,9.0,3.8,2.9568629940618636,0.7940651494868363,0.5346724055475849
05107,0.9628,44.4,7.6,26.4,66.2,18.0,2.3,3.2074759640273314,0.43239901071723,0.5148464739624339
05109,0.5972,29.1,10.2,21.7,14.8,11.3,3.4,2.8903073959579113,0.8699489084997678,0.43226348199290915
05111,0.7381,35.2,9.3,23.9,14.9,18.2,1.3,3.4444884266027866,0.8227103072064312,0.47245834750085003
05113,0.6863,30.9,9.5,22.7,12.9,12.0,2.1,3.162208812586493,0.8591982292179046,0.3740733319975957
05115,0.8171,31.5,8.5,22.9,17.7,14.7,2.2,4.372888043777163,0.7675492480406694,0.5092552128855038
05117,0.4601,26.3,7.2,20.0,15.8,14.4,0.3,2.6166678434895685,0.833756345177665,0.453113371371868
05119,0.7811,26.6,8.8,23.0,49.6,7.9,1.8,6.265751911809266,0.38647468586474687,0.6186021826384052
05121,0.7051,35.1,7.5,23.8,9.8,12.6,3.0,3.386441951077904,0.8250576479631053,0.4317295912685154
05123,0.9777,42.9,8.7,21.3,61.3,15.8,1.8,3.62301231016597,0.4962470146707608,0.5174041770024806
05125,0.2864,17.3,5.8,23.0,18.4,8.1,1.8,5.149635838834392,0.7052267281923862,0.5368801914453964
05127,0.7537,28.0,10.5,23.2,16.7,16.2,2.7,2.48953044035305,0.8726782504493709,0.5004377006127808
05129,0.517,38.4,5.7,20.2,11.8,18.0,0.3,2.5520969545590284,0.8660901467505241,0.400456794822992
05131,0.8696,28.7,11.2,23.8,32.3,15.0,3.3,5.490251669819904,0.6923215613801807,0.5206802944604817
05133,0.825,32.0,18.4,28.3,45.2,26.5,8.4,3.3754053382687714,0.8139835994820889,0.47527488681131297
05135,0.5838,31.3,5.8,20.7,8.7,15.4,2.3,3.3949711486108574,0.8195777351247601,0.4168673317280128
05137,0.7709,39.1,8.6,19.8,9.6,13.9,3.2,3.065055605923749,0.8153298287264711,0.3851751159443467
05139,0.6682,28.8,6.2,23.9,39.6,12.8,3.2,3.646902058763639,0.6701281629970424,0.508686210640608
05141,0.7763,34.6,9.4,19.4,8.1,15.6,2.3,3.153075460525713,0.807372654155496,0.43420973103656696
05143,0.7658,25.6,12.2,23.7,34.5,13.0,4.2,5.57486415080622,0.534374933526196,0.5911107209003834
05145,0.8482,29.6,9.6,23.2,14.0,13.7,2.2,4.325146203970521,0.8129331785773504,0.45317638693129153
05147,0.7671,33.4,6.9,21.5,30.7,15.6,1.4,2.457996646250316,0.6656401231852178,0.5757911392405063
05149,0.7738,30.9,8.2,23.8,26.1,22.6,6.2,3.1295659504887383,0.8092767295597484,0.5083173234618809
06001,0.5129,14.1,4.0,20.0,70.7,10.8,7.4,7.72186133153046,0.21986600868288722,0.8380821489963974
06003,0.4044,18.3,6.4,22.8,41.9,6.7,2.0,1.1157644156939797,0.3365650969529086,0.41275465013286095
06005,0.5647,14.8,4.8,15.4,25.1,9.5,2.7,4.237640980540683,0.6429980276134122,0.5459599517005433
06007,0.8225,28.2,6.6,20.1,31.2,9.7,3.8,4.87920753004776,0.5161420897743061,0.5292947542270036
06009,0.3357,21.4,5.8,16.8,21.7,7.4,2.0,3.823795127933418,0.6442300240254204,0.5296808626511273
06011,0.84,22.6,9.1,26.6,66.5,26.7,5.1,2.993474718239472,0.6448502556610665,0.6023576367939852
06013,0.4785,13.5,4.7,22.2,59.4,10.3,5.6,7.391896367905655,0.30374171745065676,0.8326583015900811
06015,0.9004,25.3,6.1,21.1,39.3,16.8,3.0,3.3426058058699524,0.5844130540672187,0.46070041708614984
06017,0.1896,13.7,4.2,19.7,24.5,5.3,2.3,4.729638717024414,0.5616016615814432,0.5989639240210949
06019,0.9618,30.8,7.2,28.1,72.6,21.7,10.5,5.137094639040294,0.5225096991988714,0.6173299796517069
06021,0.8622,25.9,10.9,26.5,50.4,22.2,4.1,3.127178342441928,0.6792601338055884,0.5453104638467228
06023,0.8269,29.8,6.1,18.8,28.4,8.7,4.1,3.6674857407048105,0.35135839893088217,0.6535947712418301
06025,0.9936,35.5,6.8,28.4,90.4,28.7,9.4,3.7843524468129375,0.5043987155370613,0.9342328173716303
06027,0.6147,19.7,6.7,20.4,40.4,6.9,2.1,1.0460821251260985,0.5153997000807475,0.6117301402516769
06029,0.9685,32.2,7.8,28.8,68.5,23.4,9.6,4.722808286652002,0.6079929016369694,0.5413340561340677
06031,0.9507,27.8,7.4,26.9,69.9,25.5,8.3,4.706339197367424,0.6176927056389032,0.4529946384202955
06033,0.9055,28.5,6.5,21.3,33.5,13.4,4.1,4.010942493933867,0.5070699287227894,0.5517348491908178
06035,0.8231,23.6,7.4,17.1,37.0,19.5,2.6,2.081735323353475,0.7766964044336307,0.25152912700749025
06037,0.8629,22.7,9.0,21.1,74.8,19.7,11.0,7.803154688258267,0.3298784492583944,0.7413806825646942
06039,0.9593,30.9,7.6,27.3,68.3,27.9,10.9,4.311926692506914,0.606544772620722,0.5503696123360898
06041,0.37,10.4,3.7,19.6,30.8,6.6,4.2,6.217654361369178,0.17156184471420624,0.8831454336117701
06043,0.8613,24.4,7.2,17.1,22.7,8.1,3.8,2.5512607822882347,0.6083053963447604,0.4651514270766727
06045,0.9726,25.4,9.2,21.1,37.2,13.2,4.9,3.295499595384017,0.3600074513665274,0.6850223057326309
06047,0.973,30.0,9.0,29.2,74.8,28.6,8.6,4.988118614184766,0.5223720957870343,0.5319756554307116
06049,0.8186,27.2,8.7,18.9,24.1,11.7,2.2,1.1603680035286459,0.7410071942446043,0.4146589752290465
06051,0.3891,15.6,14.7,19.0,35.8,12.8,4.6,1.6744122229695793,0.39442916093535074,0.6061340348933814
06053,0.8686,21.5,9.9,25.8,71.4,26.6,14.0,4.900430487179127,0.34596516874464106,0.7107457246792501
06055,0.6831,14.1,6.1,20.0,49.6,15.6,6.5,5.213291170155705,0.32023470559549466,0.7975810198629342
06057,0.2148,17.4,5.6,17.0,16.9,4.9,1.4,4.680599769085657,0.4365671019496006,0.5970026565084456
06059,0.5692,16.1,6.9,21.4,61.5,13.2,8.8,8.29549602053178,0.486292336095462,0.7381824181942077
06061,0.1992,11.0,3.3,21.9,31.1,5.1,2.1,5.6697834232679485,0.5438417895646755,0.6880995358108498
06063,0.4088,18.0,5.0,17.4,18.0,5.9,2.7,2.162937074364776,0.5874807593637763,0.5755835593130217
06065,0.8199,19.7,8.1,24.6,67.6,16.9,7.4,5.823035257045279,0.5064967409791153,0.5918517607039092
06067,0.7509,20.9,5.2,23.1,57.8,11.6,5.7,7.400629449955885,0.3978829232575461,0.6856380367228544
06069,0.5094,14.4,6.2,25.4,69.0,16.3,7.0,3.8634658893155254,0.4353260667385886,0.690501210036938
06071,0.8858,23.5,8.6,25.9,74.1,18.6,9.1,4.6973651249081785,0.5110069814862328,0.571996963421151
06073,0.7057,17.5,7.3,21.2,56.4,11.3,6.8,6.662305501176908,0.4135317382315588,0.7440088307626868
06075,0.482,16.2,3.6,13.6,61.7,11.2,6.7,9.809749433426418,0.16202923536096378,0.8511619887266618
06077,0.8718,21.8,6.5,26.6,71.3,19.8,8.5,6.329454897553272,0.5045942975164585,0.6304772826275211
06079,0.5227,18.2,5.9,17.4,33.1,7.9,3.6,4.458354863525964,0.4439916305403225,0.625782820165942
06081,0.2899,10.3,3.8,19.9,63.0,9.4,7.3,7.427930242591953,0.23974490961376588,0.8256956610785926
06083,0.8667,22.6,9.6,22.1,57.4,17.9,10.3,5.098933342579853,0.3623637714432546,0.6867518180331871
06085,0.3614,11.0,4.0,21.2,70.8,10.7,7.8,7.303619986420125,0.2922729011124229,0.8733455680207817
06087,0.6131,17.9,5.4,18.7,44.3,11.3,6.8,6.404215488718774,0.2169240788983997,0.8145183428314172
06089,0.7649,21.6,6.6,21.6,22.6,8.1,3.1,3.8951702026094193,0.6869699661932179,0.44767325633051974
06091,0.3522,19.8,10.9,13.9,13.4,6.4,2.3,1.4010036691113785,0.6244874048037493,0.4841930116472546
06093,0.7884,26.9,7.1,20.1,25.8,9.4,3.5,2.081383615608575,0.5993746993746993,0.47180688578056457
06095,0.6201,14.8,4.9,22.0,64.5,11.1,5.2,6.309612852750231,0.38160050341213614,0.6848716499531993
06097,0.5562,14.4,5.6,19.3,39.1,10.8,4.8,5.739962742440137,0.2609844214199304,0.7891858978508545
06099,0.8511,23.7,6.1,26.8,61.5,19.7,7.6,5.913473813892212,0.5562539969739982,0.5790778338720808
06101,0.8641,23.6,6.2,25.5,56.9,20.4,6.5,5.108545491942576,0.6609357090757528,0.6131214486805333
06103,0.9271,28.0,6.6,23.8,34.8,12.9,4.5,3.1443450277157807,0.7139053939347172,0.4807479564870014
06105,0.7206,34.0,13.2,16.4,21.1,4.7,4.9,1.7913750781881244,0.5488209285187915,0.4717948717948718
06107,0.9147,31.5,7.9,30.2,73.5,26.5,9.6,4.59659311554101,0.6059892652230242,0.5466939799869154
06109,0.6319,17.9,6.0,17.0,20.8,7.5,2.1,3.2488799650179327,0.6120416800028451,0.529241161569808
06111,0.6249,15.6,8.2,22.3,56.5,14.6,6.5,6.127788294111725,0.42224407094931243,0.7311165641851239
06113,0.7366,24.7,4.7,20.5,55.7,12.1,6.4,5.372296808884276,0.3119810866228193,0.7153469387755103
06115,0.9268,25.5,6.9,27.1,48.4,17.3,5.7,4.869677549723826,0.6329066265060241,0.4996186505313469
08001,0.7264,16.9,10.8,25.6,52.5,15.2,4.5,6.102143503298705,0.4536903293993306,0.7453195753554649
08003,0.8253,28.5,8.4,23.9,54.3,10.2,2.2,3.1687368950782613,0.5556773044788386,0.6138729748044107
08005,0.4661,13.8,8.7,22.9,42.2,7.8,3.1,6.710810714657689,0.39650862559961525,0.7636287485340928
08007,0.3484,19.8,11.0,17.7,24.3,5.5,2.6,2.3984421851526907,0.5720236790177593,0.642811319409794
08009,0.5472,33.6,6.6,22.2,17.5,14.2,2.0,0.8621732249673264,0.8597654258031616,0.42865121474448475
08011,0.8804,40.0,7.0,16.8,45.6,16.6,3.7,1.5424115980871642,0.6987389070527791,0.42782858167473553
08013,0.209,16.3,4.4,18.1,23.8,4.3,1.6,6.116902512383808,0.21349662401064393,0.8182657052814872
08014,0.0436,7.6,5.2,21.5,25.4,3.7,1.2,7.715999635595838,0.3532320812361255,0.8074505073440715
08015,0.6096,20.3,8.2,15.0,15.4,7.0,3.5,3.0108748872401536,0.43020105518323115,0.766211436431519
08017,0.0837,18.5,7.2,25.0,20.0,7.0,0.4,0.6783397557805696,0.8959537572254336,0.3566357181867832
08019,0.1394,13.4,9.2,11.8,13.9,3.4,1.7,3.210871143013795,0.41446923597025015,0.591340206185567
08021,0.8377,31.4,14.4,25.6,55.2,10.2,5.6,1.9266890381602688,0.5917189460476788,0.6113345521023766
08023,0.8727,38.5,8.0,17.9,66.4,11.7,2.6,1.3555269998924493,0.4239401496259352,0.7054283509133007
08025,0.86,32.4,6.6,14.5,47.6,19.0,1.6,2.1214110236174935,0.7447065940713854,0.4548754330968487
08027,0.1012,21.5,10.9,17.3,12.9,3.1,4.3,2.0299408484444896,0.684964200477327,0.5495264404104183
08029,0.581,23.9,11.0,19.6,20.6,10.0,1.4,3.3426449543923646,0.6822636737274739,0.5197034850137988
08031,0.5603,18.0,9.1,18.7,46.1,9.5,3.0,8.443439928797938,0.21155973842597178,0.8256682035887796
08033,0.1858,19.1,8.3,14.5,23.4,4.7,2.1,1.1576381004620753,0.76802284082798,0.3493917274939173
08035,0.022,5.1,3.6,24.5,20.6,2.1,1.5,6.062305318054451,0.5358258464048028,0.7690842194592686
08037,0.3497,13.3,10.4,20.7,35.8,7.6,3.5,3.5274514881510886,0.374589347015614,0.8548079888258022
08039,0.0006,9.1,5.0,21.0,15.7,3.3,0.9,2.7278805317093804,0.7613255243530059,0.47394216020053126
08041,0.4604,16.2,7.5,23.5,33.1,5.2,2.2,5.841957705774682,0.5503818854073894,0.6865504446816574
08043,0.6688,24.3,6.9,16.1,21.8,10.2,1.8,3.496987710771791,0.6970087362615243,0.5485482556073497
08045,0.6058,14.5,17.5,24.6,34.6,10.7,2.8,3.087753346420062,0.4892812531649843,0.6949934233529246
08047,0.0967,14.2,8.7,17.9,15.6,5.6,1.9,3.6897324781553356,0.43409490333919154,0.6665064872657376
08049,0.1565,14.3,12.3,17.1,17.9,5.3,1.2,2.2529552712429823,0.5041296393099843,0.6555866276852675
08051,0.1222,16.0,7.2,15.8,14.9,1.7,2.7,1.8331998000533198,0.3488086232980333,0.759878593517352
08053,0.0869,10.5,12.6,11.1,10.3,1.5,1.5,0.5963109493252507,0.5636672325976231,0.7073170731707317
08055,0.5383,24.6,6.1,15.8,38.5,7.1,1.1,1.67415636400096,0.5441892832289492,0.6006959547629404
08057,0.3751,32.9,10.0,18.0,13.2,14.3,0.5,0.6378169911877722,0.7856257744733581,0.48419540229885055
08059,0.0948,11.1,5.2,19.0,23.5,4.8,1.5,6.633925254674772,0.39986624167567875,0.8072162242378804
08061,0.3312,28.9,8.4,24.1,8.2,8.8,0.0,0.5664271515419026,0.8794326241134752,0.38264580369843526
08063,0.6825,22.6,12.1,25.7,23.5,12.3,1.5,1.448695928360089,0.8472107721901622,0.40834155276877554
08065,0.1152,13.0,16.4,16.7,39.5,5.7,1.2,3.0272711542659776,0.4145367412140575,0.6995201181247693
08067,0.258,18.8,9.5,18.2,23.3,4.2,2.6,3.530243890099962,0.40413820927350796,0.751996584905996
08069,0.1524,16.6,5.9,18.8,19.2,3.7,1.4,4.937656481082374,0.40939303191877874,0.7234903992446042
08071,0.9068,28.7,8.9,18.3,47.6,11.5,2.0,1.3916848601739344,0.5691741188847975,0.6562112229422308
08073,0.385,22.3,8.1,17.2,24.8,11.3,0.8,1.1524247914025771,0.8287073750991277,0.4734257147868795
08075,0.6004,26.6,7.2,19.3,23.7,8.9,4.0,2.532585124647933,0.7892092836330754,0.4822615913249141
08077,0.6462,19.8,9.9,21.0,20.4,7.7,2.0,3.869203585359348,0.6245134881223997,0.5555541145191621
08079,0.056,15.2,14.5,12.0,7.2,2.2,1.2,0.645343068983724,0.5681198910081744,0.7698309492847855
08081,0.8164,25.1,10.1,25.3,21.6,8.7,2.8,1.332274594794744,0.8211494252873563,0.46487992170443426
08083,0.6061,22.7,11.2,21.1,28.9,8.7,3.1,2.628031695928765,0.6076532339993227,0.6585952717412061
08085,0.5164,19.4,13.3,20.6,25.2,10.7,0.6,3.0011847855174927,0.6666134567802697,0.5402965526918939
08087,0.8371,21.1,11.6,25.9,43.2,17.3,5.1,3.164749766229895,0.7491807026903438,0.5324755745149305
08089,0.9535,38.8,8.0,23.4,48.9,12.0,3.3,2.755143831445572,0.6356517733763243,0.5260422365685523
08091,0.0834,11.6,14.6,12.8,9.2,2.5,2.0,2.315441375417644,0.3917808219178082,0.7322294022617124
08093,0.0032,13.8,8.8,14.9,12.2,2.4,0.4,2.199699771883821,0.585140114834176,0.556911647651897
08095,0.4203,26.3,8.0,25.4,29.8,10.9,0.8,2.019055821649596,0.8208695652173913,0.5313012895662368
08097,0.0617,10.5,4.4,15.8,19.0,1.8,2.3,2.936402968226638,0.273892347125595,0.8806776608318794
08099,0.9615,30.9,10.5,26.1,43.5,14.5,4.5,2.1168161801115324,0.7575098814229249,0.4711633256654617
08101,0.8533,26.0,6.3,22.2,49.5,10.0,2.2,4.268996256371106,0.5262599980726607,0.6237056476511661
08103,0.5167,22.1,9.3,24.0,17.6,7.8,1.8,1.1057339795745993,0.8242758620689655,0.377134724857685
08105,0.7868,20.2,14.2,21.0,48.4,9.9,2.5,2.6061399043011515,0.6187799636303521,0.676045087423449
08107,0.1314,12.8,8.5,17.6,16.5,3.0,1.4,2.4475905169043193,0.3573407202216066,0.8356346048833763
08109,0.6608,32.5,11.1,19.1,41.7,11.5,1.7,1.1108321672846204,0.48064614446814996,0.46688159437280186
08111,0.4276,26.4,16.5,12.5,21.6,4.3,0.0,1.0226575362099786,0.3333333333333333,0.9986263736263736
08113,0.2911,20.2,10.3,16.3,15.4,1.8,3.2,1.9852771006147674,0.24642323297031818,0.8677099889962098
08115,0.6729,26.0,7.8,22.2,24.4,8.7,1.1,1.679489226719897,0.7873779113448535,0.5022241992882562
08117,0.1696,14.3,11.0,16.1,22.1,5.8,4.8,3.9490368293504226,0.30836175467482063,0.863274322014769
08119,0.0496,13.2,7.0,16.7,15.6,3.0,1.4,3.816340270246895,0.6818667169147666,0.5812194737671341
08121,0.2848,19.4,4.6,22.1,14.4,9.5,2.0,1.0691709214119298,0.8810126582278481,0.356560717196414
08123,0.5889,16.6,8.5,25.7,36.3,11.7,3.2,4.432950717370101,0.6076269396933016,0.6466199474871491
08125,0.6783,21.6,15.4,26.6,28.4,15.2,5.9,1.649270915703552,0.8339539978094195,0.486176265096317
09001,,,,,,,,,0.40033731433114295,0.8441036665776206
09003,,,,,,,,,0.38529831397029896,0.7790191988516575
09005,,,,,,,,,0.540769407617442,0.7731807267665929
09007,,,,,,,,,0.4346791614054494,0.8564665468245956
09009,,,,,,,,,0.43910854063358057,0.805204286130444
09011,,,,,,,,,0.4358302233280019,0.8115314133164409
09013,,,,,,,,,0.4591803606213476,0.6843770941010211
09015,,,,,,,,,0.552139897113461,0.6558801870151222
09110,0.5877,16.9,4.0,20.6,39.3,9.0,1.8,6.858743748550361,,
09120,0.8142,19.3,7.6,22.0,40.6,11.7,2.8,7.753314022196107,,
09130,0.1534,11.1,3.2,17.3,18.7,4.7,0.8,6.026347997377965,,
09140,0.5641,16.8,4.6,20.7,38.5,9.6,1.5,6.99917600094534,,
09150,0.2409,14.4,4.3,20.0,18.7,8.7,0.7,5.157640460996051,,
09160,0.2727,14.1,4.1,19.1,22.1,6.8,1.2,4.971632600086094,,
09170,0.6637,18.1,5.1,19.8,38.7,8.6,2.4,7.35048711860695,,
09180,0.4865,16.7,4.4,19.3,25.4,7.6,0.9,6.151906090537327,,
09190,0.4664,12.8,7.4,22.3,39.4,8.4,2.6,7.062542596609674,,
10001,0.8151,20.1,6.9,22.9,41.4,11.1,1.7,5.743741737184929,0.48982464236271345,0.5812009779518326
10003,0.5132,16.5,5.3,21.3,45.4,7.5,1.7,7.1999038604082255,0.3346049608201261,0.7167531986405442
10005,0.5183,18.5,6.9,18.1,25.6,9.9,2.2,5.553285385183849,0.5554946147359472,0.7115722062119757
11001,0.6262,20.6,3.4,18.5,63.7,7.3,3.7,9.303059374112193,0.06685254439971959,0.7785232426825968
12001,0.6099,28.4,7.9,17.7,40.4,6.4,2.0,5.76974129635237,0.3935487707873354,0.6815304616734128
12003,0.6188,21.5,11.3,23.5,21.9,14.9,2.2,3.8875556869740473,0.8670512476522673,0.37203012666894897
12005,0.7407,20.9,13.7,20.8,25.0,9.6,2.8,5.479265211060228,0.7393844753769467,0.5454566268853209
12007,0.8867,28.4,10.9,19.7,27.4,17.9,2.0,4.5604156239274145,0.7875378623972307,0.46650827984823234
12009,0.4817,18.0,10.0,18.1,28.0,7.3,1.5,6.401442479400628,0.605236383557968,0.6627764801259922
12011,0.7814,20.9,13.9,20.9,67.0,10.0,4.4,7.386787628621375,0.4143602530359699,0.7290178402255658
12013,0.8756,33.6,19.6,19.5,24.8,20.7,4.0,3.228483856934062,0.8401690670006262,0.3536334633108827
12015,0.5953,18.9,10.2,11.8,17.7,8.1,1.3,5.6340984632642765,0.6709509476938095,0.6698586628553279
12017,0.5698,24.4,10.8,14.8,13.8,9.6,1.3,5.589704113856193,0.7308669288757784,0.5746540422432629
12019,0.3649,16.7,8.7,22.9,30.0,7.5,2.0,5.897976526599274,0.6981303278492801,0.5543666648422819
12021,0.6141,17.3,11.8,16.7,38.5,10.5,4.0,5.2544214420836965,0.666398433393647,0.7210692591880531
12023,0.9138,28.2,13.2,22.1,28.6,14.2,3.6,4.483874192056051,0.7526830145692188,0.42884245180369945
12027,0.9981,40.1,19.6,18.3,46.1,26.9,6.0,4.003800172561758,0.7160235237251269,0.483197810583932
12029,0.7719,32.7,16.0,17.8,16.9,19.2,4.8,3.208391994222566,0.854004689621128,0.35195530726256985
12031,0.7935,23.3,11.7,22.4,49.9,9.3,2.3,7.175219107397968,0.5074304735316225,0.6245605608950097
12033,0.839,23.9,11.6,20.8,37.1,9.2,2.0,6.194486322579925,0.5987714896154228,0.570304351650561
12035,0.3121,17.4,11.3,16.4,26.7,7.7,0.6,5.491848270568435,0.6421297753162565,0.6506286876200241
12037,0.9017,33.5,17.7,15.7,22.7,19.6,2.1,3.158056818620663,0.7209371735561857,0.49162886597938144
12039,0.9742,35.5,14.2,22.1,68.3,19.7,2.0,4.451057305714907,0.3454235413402157,0.5927288655278142
12041,0.7337,23.7,13.5,19.9,12.6,14.0,2.8,3.9641151563686567,0.8431039365618805,0.37385642019158327
12043,0.9058,36.9,20.9,14.5,43.0,26.9,5.0,2.7785107528668345,0.767503805175038,0.34602852798493955
12045,0.7082,23.4,9.3,14.9,22.5,14.3,2.3,3.3359764773629568,0.7723596024959556,0.535083217244666
12047,0.9803,37.2,15.1,20.1,45.0,22.9,3.2,3.3044650712790724,0.6965383939553681,0.3574993069032437
12049,0.993,41.6,14.5,25.4,54.5,22.1,7.8,3.714537036749029,0.7834796587115123,0.4370568363217879
12051,0.9946,37.7,21.7,25.4,71.1,30.5,3.8,3.5700624800597733,0.6931605363697655,0.5116129646375708
12053,0.6602,23.0,12.6,18.4,25.8,10.6,1.4,6.032407282631266,0.6866405162135842,0.5611128300330033
12055,0.8673,27.2,13.1,16.8,35.4,13.8,2.7,4.620680536602494,0.7049545621887655,0.5363063800943316
12057,0.7789,22.1,11.9,21.8,53.7,10.7,3.0,7.2704818117566505,0.5154957556611282,0.6464223407030588
12059,0.8081,29.6,16.3,20.5,14.8,17.3,2.7,3.73247951986716,0.9028099173553719,0.30126930723352197
12061,0.5145,18.5,11.1,15.3,26.5,8.6,1.2,5.772539552979172,0.6376294579788802,0.6889440543261445
12063,0.8085,31.2,9.8,18.7,34.8,15.8,1.2,3.9693883697488657,0.7317672767003551,0.4434222432886629
12065,0.7439,26.7,10.0,17.2,39.5,14.9,0.8,3.22581396162017,0.5937203791469194,0.6056436894566896
12067,0.8409,35.4,15.1,18.2,30.5,21.5,5.6,2.767610915716607,0.881990901792882,0.4014485870339587
12069,0.6214,18.3,10.4,19.0,33.4,9.6,1.7,6.009840550122701,0.6243168063418145,0.6747040461105148
12071,0.7086,19.6,12.8,17.2,35.6,9.9,2.2,6.89830904704747,0.642883706376747,0.6361726342727593
12073,0.6952,26.4,8.2,18.4,45.1,6.7,2.0,6.0891124358214865,0.38986683191644556,0.5822495929586964
12075,0.7582,27.8,15.6,19.5,22.2,12.4,3.6,3.6811593723440867,0.7527125706506044,0.48109775196973714
12077,0.8266,30.5,10.8,19.2,27.5,19.0,1.4,2.3243593779042597,0.8366050808314087,0.34570265740962414
12079,0.8638,33.8,12.8,18.0,45.8,19.8,1.8,3.289235238644536,0.6451400329489292,0.47050235224138864
12081,0.6332,19.6,12.1,17.6,30.2,9.3,2.1,6.303269786002971,0.6184451487938017,0.634425534341964
12083,0.8196,25.0,12.4,18.6,32.1,10.8,2.2,5.476939377490162,0.6592994652154894,0.5814529828026227
12085,0.4642,17.2,9.6,16.0,23.3,7.6,1.0,5.683949470623015,0.6565738275650215,0.6506149068322982
12086,0.881,26.3,15.0,20.1,87.0,17.3,6.5,7.255533671868829,0.5576617600338876,0.8716044520673993
12087,0.6822,18.0,15.4,15.7,36.2,7.8,4.5,4.4362788960266535,0.5924040275473328,0.8019884679635717
12089,0.2539,13.7,7.9,19.5,14.9,8.2,1.2,4.956630582723346,0.7366181170108161,0.5921015514809591
12091,0.5266,18.1,11.4,22.3,28.7,7.0,2.1,5.43378104542246,0.714600962779068,0.6565261129933851
12093,0.9637,30.0,17.9,21.4,38.2,20.1,4.8,3.9670275823943197,0.7703615663705743,0.47379529501043444
12095,0.7951,23.2,12.6,21.6,62.5,10.6,3.7,7.366360926999751,0.43112174212049686,0.7117180929088336
12097,0.8307,24.1,11.8,24.1,71.5,12.3,4.6,5.695740256714172,0.5073368515896511,0.750119094826095
12099,0.8008,19.3,13.5,18.8,48.3,11.0,3.3,6.635933042382054,0.49616148281999817,0.6791678080132552
12101,0.7041,20.2,11.2,20.2,29.6,9.3,1.5,6.637783316923954,0.6274137214532927,0.6047726587561626
12103,0.7095,19.5,10.8,15.7,27.6,7.5,1.9,8.162562719872051,0.5263906361100475,0.6619760491325093
12105,0.8912,25.7,13.0,21.9,45.6,13.1,3.3,6.01722972563746,0.6043078951096054,0.5877807932646869
12107,0.9835,39.0,16.6,21.3,29.6,17.6,2.6,4.625514625445261,0.7405558329172908,0.42922129332671327
12109,0.1266,11.8,7.2,21.5,20.0,5.0,1.0,6.142125958431124,0.6582064297800339,0.7184666303953573
12111,0.7906,22.1,12.6,19.6,46.2,11.4,2.0,6.37372620313238,0.54563407866819,0.5991373664699952
12113,0.3213,15.9,10.9,21.8,20.0,7.4,1.8,5.234733490439312,0.757204824470808,0.5537590945836701
12115,0.3653,14.2,10.2,14.0,18.6,5.9,1.3,6.673632667905419,0.5916154077575239,0.7163866999276067
12117,0.3996,15.9,10.1,20.7,42.9,6.1,2.5,7.32938290272098,0.5180034497628289,0.6338544293871046
12119,0.3026,14.8,6.0,7.1,15.7,7.5,1.2,5.470683090572198,0.6890576491378898,0.8224361878870261
12121,0.8457,27.4,13.0,21.2,25.5,15.7,2.8,4.1701668642378475,0.8063642207732574,0.3916968728189657
12123,0.8062,28.0,8.2,19.6,27.9,16.7,2.0,3.069505269173579,0.799798893916541,0.4107747229820576
12125,0.6669,24.3,11.4,21.5,29.2,22.1,6.2,4.170367260354418,0.8432606941081517,0.36595130274988513
12127,0.6987,21.0,11.6,17.5,31.0,8.4,1.5,6.230936434387817,0.6097367643093596,0.6090127312555578
12129,0.3058,15.8,7.0,20.6,22.2,11.6,2.7,4.036450748060393,0.723624726977193,0.4575713565902961
12131,0.6287,18.0,13.5,20.3,16.9,8.1,2.6,4.314710317690118,0.7911565868810524,0.5046914446949549
12133,0.8043,35.8,14.4,20.0,23.7,16.9,2.0,3.779237114940223,0.8289368505195843,0.3315274997055706
13001,0.9122,37.9,14.3,24.7,31.9,21.6,3.8,3.618523117839367,0.8125225333493571,0.36652888067007505
13003,0.8444,46.1,23.3,25.7,45.8,29.6,5.1,3.22350563510644,0.7704918032786885,0.4062461726883037
13005,0.889,33.7,15.4,25.6,27.2,15.3,2.0,3.6940396374228075,0.8664872697164149,0.31288068792547474
13007,0.7162,39.3,16.6,19.2,47.7,14.3,1.2,2.242437829007059,0.5994568906992532,0.5250164581961817
13009,0.923,31.0,12.3,18.8,48.0,14.5,2.6,5.137112746942345,0.511076709549992,0.45335263978614393
13011,0.3373,22.6,13.7,21.5,13.7,20.6,1.5,4.382257945342689,0.891747665332571,0.31184361027347407
13013,0.4887,19.1,16.1,25.5,33.3,12.4,2.2,6.2635856831866095,0.7035417477506353,0.4116890917827967
13015,0.454,19.5,13.9,23.6,24.8,12.1,1.6,5.478191649623302,0.756314124412284,0.3812860829048247
13017,0.9265,38.7,18.6,24.6,45.5,16.3,3.8,4.2433920119162565,0.6606481481481481,0.3954491017964072
13019,0.6748,35.9,21.8,24.0,19.9,18.7,1.7,3.716362926049387,0.8498136645962733,0.34788884879105014
13021,0.9644,34.6,13.9,24.2,64.0,13.5,1.8,6.443759883262438,0.3873020485253523,0.4722216781253469
13023,0.7063,27.0,9.2,19.1,31.5,12.1,1.7,4.069027162996371,0.7777224435590969,0.37318418395090497
13025,0.3974,31.7,15.9,22.6,9.0,20.4,1.5,3.7340311667287844,0.9132075471698113,0.2655293317285049
13027,0.9275,42.2,18.5,21.5,46.5,17.5,2.1,3.5263561895299054,0.6343024064543051,0.4931746134437472
13029,0.3115,11.8,8.6,29.2,29.7,7.6,1.6,4.642762977225022,0.6827099563568136,0.5530572589396119
13031,0.8374,32.2,11.9,19.9,37.4,11.3,1.4,4.7799366994354635,0.6457121757592541,0.35174856798311727
13033,0.7483,30.4,10.4,25.0,52.2,15.3,1.3,3.4153187598012953,0.5468650757644496,0.585891078050306
13035,0.5565,24.1,11.2,20.5,34.7,16.3,2.3,4.941218757350082,0.7267119062307218,0.3513394289380815
13037,0.9688,39.7,15.7,16.8,68.1,23.8,2.2,3.042196419790034,0.43838285435947394,0.4958797867183713
13039,0.6618,25.0,9.2,24.0,31.1,7.5,1.3,4.4822170201154945,0.6794920683343502,0.5741777338748033
13043,0.916,36.2,20.4,24.5,39.6,22.5,5.6,3.8293864632429995,0.7378342832091188,0.4323798944737573
13045,0.8428,25.8,12.2,23.6,31.7,15.5,2.1,5.487020114537378,0.7069303639687552,0.38690079338622574
13047,0.3086,17.8,10.8,22.5,11.0,10.5,1.9,6.041809026432755,0.7789636770528491,0.4554306007694584
13049,0.8855,36.9,18.0,18.3,39.5,15.9,2.9,2.8381489839870766,0.7817511920242739,0.25910991636798086
13051,0.805,23.8,13.6,20.8,53.2,8.6,1.5,6.5294636600908795,0.4092680628720716,0.577839201188543
13053,0.6554,40.0,5.0,22.0,45.6,4.0,3.2,3.6583939155695693,0.5827893175074184,0.27511937503163647
13055,0.9481,35.2,13.0,22.3,18.0,26.8,5.0,4.387961316445694,0.8222222222222222,0.3892048892654
13057,0.1969,12.9,11.1,23.5,23.8,7.8,1.0,6.459595194264081,0.6966206982233818,0.5082987792389468
13059,0.7502,37.9,12.4,16.9,45.2,10.1,1.2,6.9857973296599205,0.30659458220303365,0.4786840280212887
13061,0.9061,39.0,10.3,23.1,63.6,16.8,0.4,2.7479607578606817,0.46234309623430964,0.6838390966831334
13063,0.9488,30.7,18.1,27.4,91.4,14.5,3.9,7.645542824645624,0.1519355419517465,0.452551872331107
13065,0.9348,46.2,21.1,25.1,36.1,26.0,3.0,2.2232016382236544,0.7581811918704788,0.40903596252644303
13067,0.3993,14.3,12.4,22.9,50.7,7.0,1.9,7.720847234466253,0.42479531987015307,0.5985507951814203
13069,0.9609,36.2,17.8,24.3,43.2,21.7,2.4,4.29999455577249,0.7261365810112861,0.3807454995031544
13071,0.9847,36.8,22.1,25.8,45.6,22.3,3.9,4.439685314840717,0.7516450347117416,0.4083771929824561
13073,0.23,14.6,8.7,25.0,34.4,6.8,0.7,6.294796449686448,0.6291788323307653,0.5210510866929566
13075,0.9338,36.3,19.0,25.2,37.4,18.1,1.9,4.336946496013273,0.7331514324693043,0.4199189345686161
13077,0.2402,14.8,8.9,23.6,30.6,9.2,1.6,5.815020087760436,0.6705034284709606,0.4565245203994371
13079,0.6837,24.3,15.0,20.4,27.5,19.0,2.2,3.648394995461184,0.7498418722327641,0.41905836826830056
13081,0.978,36.4,16.5,23.5,51.4,17.8,0.9,4.321230968017762,0.6301285219970341,0.44738959413552654
13083,0.4388,19.0,11.9,19.4,7.8,13.6,3.1,4.546341275358243,0.8351540444335338,0.4778481012658228
13085,0.1861,16.0,13.9,19.9,10.9,12.0,2.4,4.873289496316725,0.8278962239917801,0.4063505438945917
13087,0.9679,35.6,15.6,24.3,50.7,17.7,4.8,3.9052451179828953,0.6202223766504517,0.5013255567338282
13089,0.7903,21.7,13.2,22.7,71.0,8.9,2.6,7.953384442688485,0.17286861080132063,0.5834581198134591
13091,0.8559,34.3,14.7,19.3,36.4,13.4,2.1,3.720359696086514,0.7501800720288115,0.36248483377820917
13093,0.9313,31.4,17.7,16.2,58.5,17.2,3.9,3.388356610158748,0.5386647454370798,0.382150858849888
13095,0.9761,39.3,15.3,23.9,76.2,16.1,1.4,5.559736816074963,0.2935823328886913,0.5053322115603256
13097,0.7012,19.5,12.3,25.5,64.9,9.7,2.8,6.585136296398636,0.3416481576399567,0.47530117600431865
13099,0.9357,34.0,15.6,24.4,56.1,20.2,4.5,3.0900146130076616,0.5574241181296145,0.4987242394504416
13101,0.4623,23.1,24.9,23.8,43.9,17.6,3.7,2.284181442830189,0.9114365411436541,0.31502745881178235
13103,0.2851,15.2,9.5,26.4,24.5,9.9,1.6,4.92292285233037,0.7466123534790922,0.3943324623615777
13105,0.9224,28.8,12.0,21.8,37.1,18.3,3.7,4.038456169927053,0.7175732217573222,0.43117640929457124
13107,0.9494,31.9,16.7,25.0,41.3,20.9,1.8,3.5455386894929752,0.7213302752293578,0.4116841826371103
13109,0.9784,34.4,16.4,26.1,44.3,21.0,4.9,4.09144448109539,0.7126627218934911,0.41355359489393656
13111,0.6172,26.4,16.0,15.8,6.9,12.2,2.9,4.200329172690816,0.8249890890953301,0.43130441423552773
13113,0.1686,9.9,8.0,22.8,41.7,4.7,1.1,6.4199078591002845,0.5159123771942864,0.6369285358456926
13115,0.9284,28.9,14.5,22.6,30.2,15.8,3.0,5.269328171605924,0.7109208190052367,0.43482101159414405
13117,0.07,7.4,7.8,26.4,33.9,6.1,1.2,7.028519313561956,0.667307551721617,0.541903443984082
13119,0.8314,30.5,17.3,21.7,18.0,19.1,2.3,4.509142752832921,0.86395175945812,0.3683241252302026
13121,0.6599,20.1,10.2,21.1,61.6,6.4,2.1,7.609344125906612,0.2732396813793546,0.5798942982526221
13123,0.545,23.3,16.3,18.8,15.7,14.0,4.5,4.316832746795474,0.8143999129914623,0.41719532022059996
13125,0.6621,25.5,10.2,21.4,12.9,17.8,6.4,3.0537849879476755,0.9202159568086383,0.3372601817569842
13127,0.7744,23.7,14.2,21.0,36.8,11.8,2.1,5.3108509132932715,0.6305889890622854,0.5255944285513295
13129,0.7318,27.3,16.5,23.4,24.0,22.1,2.4,5.094460638016659,0.8186847181278888,0.38383106464468714
13131,0.944,32.0,20.5,24.5,42.5,19.1,4.5,4.066897067413367,0.6918032786885245,0.44895059473064586
13133,0.5081,21.8,17.9,17.9,41.4,11.9,1.1,3.913656360042944,0.645376698876581,0.5586116568434839
13135,0.6433,18.7,14.9,26.3,66.2,11.8,3.2,7.707484206623629,0.4164163947365888,0.5639273698264352
13137,0.728,24.2,15.3,22.1,24.7,19.3,2.4,5.125881666802254,0.8258693588747951,0.4089525238263325
13139,0.8136,21.6,17.4,24.5,41.1,18.9,5.2,6.258656894217799,0.720272750597012,0.46201104475129745
13141,0.9666,36.3,11.1,13.5,74.6,24.9,0.0,2.9565218656290937,0.3226111636707663,0.49438335107011944
13143,0.3089,19.0,11.5,23.8,10.1,15.9,2.0,4.6816826348475455,0.8733439646712463,0.3401919978517723
13145,0.0675,12.5,6.7,21.3,24.3,6.6,0.9,4.334358549334445,0.7315243272384204,0.4963389715064139
13147,0.7681,23.2,11.4,20.7,25.6,17.1,3.4,4.730380991879575,0.775115594787726,0.39080328181644725
13149,0.6459,24.2,14.1,22.8,15.8,15.9,0.4,3.6843116656232695,0.8613174039392961,0.29069864966870756
13151,0.4018,15.4,10.3,25.2,62.9,7.5,1.5,6.6290104006269095,0.35077786875657974,0.45492643704622676
13153,0.4887,17.7,10.4,25.4,46.1,7.0,2.2,6.080912043977031,0.5566872847142487,0.518246834280357
13155,0.8282,34.7,20.9,22.0,32.2,18.3,3.5,3.3240288370477873,0.77207582061951,0.3746813933729822
13157,0.3264,17.3,11.7,25.2,21.4,12.2,1.8,5.428690937576442,0.7770444335625626,0.43171136111377556
13159,0.5492,24.9,12.4,23.2,25.3,10.4,3.0,3.723175726377705,0.7929326287978864,0.3574794289331177
13161,0.8785,37.1,22.4,26.0,30.4,19.4,3.0,3.8220277665096525,0.8422939068100358,0.3167714191200794
13163,0.9583,33.6,16.5,23.3,58.5,19.6,2.2,3.421308816290595,0.5061164134964377,0.5504491602655904
13165,0.8352,47.7,18.0,18.6,43.5,18.5,0.3,3.2602580320407606,0.6528268551236749,0.38623789764868605
13167,0.9322,38.0,12.1,18.0,39.0,23.8,3.1,3.4481974582504575,0.7320934908268409,0.36005392512703516
13169,0.3675,23.4,8.6,22.5,29.8,8.4,2.7,4.2910925981376895,0.6907968574635241,0.447607447363842
13171,0.4092,23.7,10.7,20.7,34.2,10.6,0.1,4.632554477638956,0.7304725168756027,0.3547203438695812
13173,0.8011,44.8,16.7,22.7,33.9,13.2,4.4,3.9454118663591355,0.7325987637731792,0.2779430106495251
13175,0.9014,35.3,13.5,24.6,42.7,13.5,2.1,4.130316590479612,0.6640893470790378,0.4765490262062003
13177,0.2606,15.1,7.2,26.2,31.4,8.1,1.9,4.539535123206944,0.7185441744265274,0.47352627367297945
13179,0.9007,25.6,11.4,27.5,62.3,7.8,1.9,4.851414017828481,0.4122707423580786,0.6828843493122813
13181,0.5488,25.5,13.7,19.3,32.6,12.8,0.7,3.630292015089196,0.724847250509165,0.4717838656735261
13183,0.8851,24.4,13.0,27.5,44.3,16.2,3.7,3.760459256251536,0.6479454002559363,0.22204611687714096
13185,0.8702,31.0,15.2,24.2,47.9,10.4,2.6,5.475741608019712,0.5903338378742011,0.40965538388157335
13187,0.3608,25.9,10.5,17.2,10.1,12.4,1.1,4.779648054594306,0.8103419044927945,0.3520975900029753
13189,0.6567,28.8,11.1,24.9,47.1,14.5,0.2,4.447017383265523,0.6250119058957996,0.45866178678678676
13191,0.7098,34.5,14.1,15.2,37.6,17.5,0.8,3.293083261467073,0.6436610169491526,0.42224231464737794
13193,0.9866,44.5,23.9,19.0,67.3,27.4,1.5,3.4403389811994716,0.4101905373581674,0.441878427434927
13195,0.7423,30.1,17.4,23.2,20.6,16.9,2.4,4.687671477303107,0.775323275862069,0.44093038821954483
13197,0.8877,28.8,16.9,20.5,41.9,24.1,1.6,3.0694148780890664,0.6520410996945293,0.4239741595884675
13199,0.9074,30.3,15.0,21.1,43.4,17.1,2.1,3.7443889976195917,0.627766428328226,0.4264657249492134
13201,0.945,36.9,16.5,22.5,33.7,17.3,4.4,3.089773906157652,0.7532228360957642,0.5547394193774047
13205,0.9914,40.7,19.4,22.8,54.2,16.5,2.2,3.766786570238074,0.5818551576093097,0.4900059461190139
13207,0.329,20.6,12.4,20.7,27.7,11.6,1.7,4.282418074886152,0.7342288726407074,0.4295090289361085
13209,0.7547,33.3,14.6,20.4,34.6,16.1,0.9,3.611565326776012,0.7659090909090909,0.3666593981683384
13211,0.266,13.3,8.6,22.5,27.2,10.6,3.4,4.078568955645068,0.7307575064776711,0.46254409628553644
13213,0.6847,23.6,14.2,24.0,19.8,23.8,2.5,4.764694020783371,0.8588728191000918,0.3790153631284916
13215,0.9446,29.0,12.0,24.8,61.6,11.5,2.6,6.85214421867835,0.3825613215209487,0.46211095730171786
13217,0.6577,22.4,13.6,25.5,57.8,10.3,1.7,6.027740785183634,0.42384049581148264,0.43263172966781216
13219,0.0137,6.0,7.2,26.2,17.1,4.5,1.1,5.432491464259449,0.6812601686141103,0.5827954319761668
13221,0.4645,21.0,12.4,21.1,25.5,12.6,2.7,3.5583304026996734,0.7132269099201825,0.4308932433318042
13223,0.1429,12.5,10.9,25.7,34.4,9.0,1.4,6.300665021610032,0.6214272874348373,0.38238066723188296
13225,0.8772,25.7,11.1,21.0,55.0,14.0,1.8,5.234702701162359,0.5302679704411435,0.46384230015247224
13227,0.3392,21.9,12.4,19.2,7.4,9.9,3.5,4.977401084463291,0.8306974955535259,0.42346046454542663
13229,0.3051,30.1,14.0,24.6,16.3,13.3,1.5,4.08129177975108,0.8882389162561576,0.34194708451066014
13231,0.0665,14.3,13.6,23.5,13.3,11.9,1.1,4.49534382508443,0.8682864450127877,0.3317160637063601
13233,0.8285,28.4,14.2,25.2,29.4,17.1,2.9,4.938918849154015,0.8037275535312287,0.3977659399713702
13235,0.9376,30.7,9.8,18.9,43.7,19.2,5.4,3.7053729256486343,0.7032661570535094,0.3802639849151477
13237,0.5679,25.2,12.3,19.5,34.6,12.4,2.7,4.180899347495094,0.7119700748129676,0.44093313440933135
13239,0.8202,30.4,23.3,11.0,57.8,20.9,2.3,2.7353040553952215,0.5774647887323944,0.34580252283601565
13241,0.441,25.7,13.6,15.5,11.9,10.8,1.8,3.843736162224724,0.7857900318133616,0.4720779599696563
13243,0.9882,54.1,11.0,25.0,69.3,18.9,1.8,2.76400856394745,0.4616677874915938,0.47845972263204484
13245,0.9513,32.0,12.0,22.9,67.3,12.4,1.6,6.456154171121492,0.31844482671510543,0.5107743509218934
13247,0.777,24.6,14.8,24.0,72.9,10.5,3.5,6.5824713964746335,0.2609635439878777,0.519043742298891
13249,0.4973,26.5,14.5,24.1,24.6,14.9,0.8,3.3446381438484725,0.8130416838629798,0.35742819098345063
13251,0.699,28.6,11.3,20.6,44.7,15.1,1.8,3.123162065213911,0.626267014190559,0.4927681512244021
13253,0.8813,31.2,18.4,19.9,38.3,12.1,2.4,3.6732569162703745,0.7023988005997002,0.46526576019777505
13255,0.8206,28.3,13.0,23.4,43.9,16.4,1.5,5.843561929818668,0.5837568085689073,0.4134746563123098
13257,0.7836,26.2,15.4,21.4,18.9,16.3,1.3,5.013671460368928,0.815587603559374,0.42310511089681774
13259,0.9736,33.0,16.5,10.8,78.7,27.4,0.4,2.4983973122987093,0.41847826086956524,0.33288022957257213
13261,0.9631,34.5,11.8,22.4,61.0,16.3,3.1,4.124542407656549,0.48887963348604746,0.5324143070044709
13263,0.6923,33.2,13.4,16.3,59.5,16.6,1.1,2.760109721672261,0.43992880450904776,0.4941081517352704
13265,0.692,27.3,12.5,14.6,64.6,15.7,1.2,2.2408758888429285,0.42517006802721086,0.5159401431359791
13267,0.9287,34.0,15.2,20.3,44.0,21.7,3.2,3.9426552911200403,0.7680971468993162,0.3361939413113976
13269,0.9555,44.5,11.6,20.2,42.0,26.0,1.9,3.0775075389176356,0.6555723651033787,0.4658354114713217
13271,0.9765,45.2,12.0,23.8,53.4,24.5,4.3,3.396390530335543,0.6969552806850619,0.29930643127364437
13273,0.9809,39.7,18.2,22.7,64.0,18.1,3.6,3.3255493952741944,0.4794362292051756,0.5921931778220607
13275,0.8158,28.0,12.6,23.9,42.5,13.7,1.3,4.44083206504297,0.6208838624699096,0.5001237317495669
13277,0.8759,32.0,16.8,25.0,45.9,16.1,1.3,5.069539907206512,0.6788709105940711,0.41504281074697374
13279,0.9857,34.5,17.0,26.3,41.7,17.0,2.8,4.317820861260922,0.7542731115603749,0.4276556093924711
13281,0.5622,26.8,14.5,12.4,6.4,7.8,1.9,4.335471858034494,0.8126987732848705,0.49979230705325245
13283,0.9389,43.8,14.5,23.4,34.1,26.4,0.8,3.5009358924512575,0.7225433526011561,0.3598029271120127
13285,0.9023,29.7,10.2,24.3,44.9,11.7,3.0,5.129520289843518,0.6225561013194645,0.37792111209633594
13287,0.9675,41.4,13.8,24.6,45.9,20.5,0.6,3.4707666343792485,0.6428571428571429,0.5105823418910457
13289,0.6538,23.6,10.4,19.1,44.9,20.7,2.1,3.141682489216208,0.5735823582358236,0.5509852216748768
13291,0.4932,21.9,11.4,15.2,7.1,11.8,4.3,4.3598657472248625,0.813954795906893,0.46575007139651586
13293,0.6468,31.4,12.3,22.7,33.3,15.6,0.3,4.459486922594835,0.6992514310876266,0.4626519756838906
13295,0.6796,25.8,13.4,21.4,10.1,15.0,1.5,5.033794747912203,0.7982318640667126,0.42862057596651426
13297,0.4095,20.5,12.2,24.1,28.7,12.9,2.2,5.704115865218053,0.7310039302213335,0.42299113042191283
13299,0.9596,35.5,17.5,24.7,37.6,18.4,2.3,3.7121448568849176,0.7164564020352687,0.3937706386074887
13301,0.8123,29.9,8.6,20.3,61.6,27.9,1.5,2.9588748385664765,0.47641144624903325,0.4914350970688999
13303,0.9115,35.6,13.7,21.4,58.1,15.8,2.6,3.415719105747567,0.5095595225520229,0.4492490428978109
13305,0.9434,35.7,19.2,24.3,29.5,14.5,2.4,3.8748241015359155,0.7996893261335898,0.4295118120760517
13307,0.8447,36.7,24.6,17.8,61.6,18.8,0.0,2.5037159393476514,0.5922038980509745,0.44649021864211735
13309,0.7716,39.1,24.1,15.9,44.5,23.5,4.5,3.279061036821484,0.7259911894273128,0.27129217059197963
13311,0.3455,18.7,12.0,19.4,9.5,14.4,2.9,4.770612095910293,0.8441922962078232,0.3646665367881031
13313,0.8836,24.4,18.0,25.5,43.4,25.7,4.4,5.874206344437223,0.7234649565744294,0.4438677982949115
13315,0.8212,34.5,16.9,18.0,40.5,19.6,1.0,3.1943913089979583,0.7464071856287425,0.3719745222929936
13317,0.6083,28.5,19.6,20.6,48.6,17.4,0.4,3.0665894586527593,0.5844973440881369,0.49227779482458833
13319,0.784,33.7,12.8,22.5,44.7,10.6,2.5,3.0304004273272573,0.5893877551020408,0.5196560196560197
13321,0.8571,28.7,16.8,22.3,32.9,14.5,1.5,3.6185192359784195,0.7524486061780218,0.42287746332790044
15001,0.636,21.6,4.8,21.3,70.4,7.1,7.7,3.935428580298644,0.35530397597360064,0.803997756968533
15003,0.5708,14.2,3.5,20.9,82.6,7.3,8.6,7.428007044285364,0.38976373248902296,0.8039993309821941
15005,0.1871,21.3,6.4,0.0,74.0,8.0,0.0,1.6428057624191732,,0.8023255813953488
15007,0.3964,15.4,5.0,21.5,71.1,7.5,7.8,4.78414226466971,0.4004002985277156,0.8039920877540011
15009,0.4938,15.0,4.7,21.4,70.7,7.5,10.0,4.961799021450921,0.3676657023047167,0.8039983992067711
16001,0.1931,14.7,7.0,22.6,17.3,4.7,1.8,6.16098927876882,0.5531851851851852,0.6635851881383842
16003,0.2017,23.9,12.5,16.6,10.2,6.0,1.2,1.4529240209134138,0.779265493496557,0.4478341872380065
16005,0.4995,23.8,7.9,25.6,17.7,6.6,1.7,4.376927196185895,0.6297139899055261,0.538242529154519
16007,0.2024,21.8,5.9,26.7,7.5,6.9,1.9,2.0276356494964207,0.8936693300553166,0.4737959183673469
16009,0.6717,27.9,13.9,22.3,16.3,14.9,4.3,2.604534024374324,0.8140783455955458,0.5404388040438804
16011,0.5469,22.1,9.8,29.9,26.5,11.6,3.6,3.1799858117107473,0.8067377653742649,0.4956740936959262
16013,0.4025,12.7,12.3,20.4,28.9,8.2,4.2,2.3216746534536257,0.3369539551357733,0.8424916380695886
16015,0.1075,17.1,13.4,15.6,13.7,4.6,3.2,1.6313878798068633,0.7777545909849749,0.34274039075469287
16017,0.412,21.1,9.8,19.5,9.5,8.7,3.1,3.356209648850041,0.7362250879249707,0.4415050613262205
16019,0.4473,19.3,8.9,30.2,18.6,8.0,3.0,4.215320987168015,0.7347691291665902,0.548781307218088
16021,0.5037,25.7,12.0,23.1,11.5,13.1,3.2,2.372364595753831,0.8349906326560023,0.3606369946917109
16023,0.7009,35.0,7.5,24.1,11.2,9.6,0.9,0.7723158625610618,0.8726772195457674,0.5025028879476319
16025,0.3271,13.4,10.6,30.2,20.7,12.8,6.2,0.720132398513236,0.7814285714285715,0.4394213381555154
16027,0.6217,19.9,12.0,27.4,31.7,13.0,4.0,5.994752342546465,0.7391997886694303,0.4777266814299823
16029,0.1231,14.3,9.6,27.8,10.7,9.6,1.4,1.6095771155881502,0.8672038197552969,0.40992313067784764
16031,0.56,23.9,11.2,31.0,32.4,14.3,5.3,2.3692450973232013,0.8541532517707663,0.4434040782355389
16033,0.5412,23.8,23.6,20.8,52.4,38.4,0.8,0.3568205424780987,0.8484848484848485,0.4331360946745562
16035,0.5912,21.7,13.3,14.7,11.5,8.2,1.9,1.5228375502517089,0.8209990749306197,0.435929648241206
16037,0.3713,20.8,13.9,15.0,10.9,8.7,1.1,0.6326202111237277,0.7732198142414861,0.480648899188876
16039,0.8155,27.1,12.4,24.3,29.1,12.0,3.3,2.336987323424102,0.7489905787348586,0.5963796299661953
16041,0.1101,18.7,11.0,31.2,10.0,7.9,4.1,3.1216002190532524,0.8993125179031796,0.4598587489189968
16043,0.5504,19.5,13.4,24.3,16.7,10.2,5.3,2.1105577127279123,0.8554326413092893,0.46606611191694025
16045,0.6153,16.7,12.1,22.5,15.3,9.8,6.9,3.566405895391573,0.836728810301749,0.41017005300353354
16047,0.8059,24.4,19.1,26.5,34.4,21.0,3.3,3.1036915724375467,0.8095567867036011,0.4539165952961328
16049,0.5199,25.1,16.3,19.4,9.8,7.8,2.8,1.0919850334655439,0.8480432972522898,0.3142737145257095
16051,0.1212,19.5,9.6,33.4,14.1,7.4,5.0,3.390974100398586,0.876984126984127,0.4398245790231328
16053,0.5826,26.9,14.4,30.0,41.8,24.7,6.8,3.7366625957194843,0.7753417590920815,0.47366049483860395
16055,0.2746,18.3,10.0,22.5,12.5,6.4,1.6,4.9493714158413455,0.7651849806736609,0.47592291954591814
16057,0.2825,22.7,7.0,18.5,13.3,3.1,1.7,3.6391731700816137,0.5413537649685407,0.6133439712775506
16059,0.4073,19.1,6.9,17.0,7.8,8.3,2.3,1.0160957474624688,0.7816575515355491,0.48473900585523855
16061,0.7146,30.8,10.5,22.2,19.3,10.1,2.1,2.1495640356596946,0.8313053097345132,0.5369984366857739
16063,0.6742,24.5,17.1,26.6,36.0,18.4,4.2,1.6735226419613483,0.7890204520990313,0.4228475587029445
16065,0.4318,42.0,6.1,20.4,14.0,2.6,12.7,4.726049941366851,0.8342319674095375,0.5626080637482146
16067,0.5978,22.9,14.9,29.0,39.2,18.7,4.7,3.3866991034777327,0.8233856444558786,0.44232140310851276
16069,0.5892,22.8,10.1,21.4,13.9,7.0,1.9,3.926820463873225,0.6980901451489687,0.5859978222134231
16071,0.0792,19.3,7.1,27.7,7.5,6.6,4.4,1.5713900973112418,0.8933389544688027,0.4731847274332377
16073,0.7432,25.1,20.5,25.2,31.6,23.9,7.2,0.9441050924142769,0.8443483631871526,0.3638670388226338
16075,0.6713,25.6,9.4,25.6,24.1,14.1,5.4,4.1564502133135806,0.8208644332581149,0.326792200743184
16077,0.762,27.7,14.5,31.2,39.5,15.7,4.8,1.8931575722046152,0.732173319686114,0.5236297357114958
16079,0.7493,32.0,13.7,20.6,10.9,11.9,2.1,1.8050600778076906,0.753516409912927,0.4386741189256327
16081,0.2052,17.9,15.2,23.7,20.0,6.6,4.3,3.3070429204849576,0.4645949288806432,0.6439631032778784
16083,0.5756,23.3,10.6,26.7,23.6,12.6,2.8,3.8741398602146666,0.7507699076110866,0.5115909666428785
16085,0.1365,26.6,12.3,17.8,2.5,7.2,0.3,1.4416646883386055,0.5949456445009177,0.6377282303370787
16087,0.9093,34.7,12.4,22.6,21.6,9.8,1.8,2.1167680470286574,0.8143041000183857,0.408671767706494
17001,0.2965,21.1,4.8,22.5,9.3,6.7,1.9,4.352751198810514,0.7406305960603735,0.5324978986780775
17003,0.8941,34.2,11.0,22.0,36.5,13.6,0.3,3.1505870408642997,0.5973273942093541,0.3466412081235897
17005,0.5253,24.3,4.4,18.2,13.4,11.1,2.4,3.807550611575806,0.728902548341657,0.5617314014367466
17007,0.4655,16.4,5.7,24.1,29.5,13.4,2.3,5.254477624754512,0.5737244041624706,0.6241782459285821
17009,0.4753,23.2,5.0,17.6,24.6,19.7,2.0,3.0781347779898955,0.8058212058212059,0.5428701733049559
17011,0.3544,21.4,6.5,21.0,14.0,9.7,1.5,3.668808430689316,0.6238204539658251,0.5832413877651097
17013,0.0541,12.1,1.2,20.2,4.9,8.0,1.8,2.9241362791386583,0.7861779305078274,0.5298586199620173
17015,0.2304,18.8,6.6,18.1,10.7,11.6,1.3,3.58381704774001,0.6615464722728456,0.670744494931842
17017,0.4998,23.0,4.5,24.3,26.7,13.8,1.8,3.5688948899522415,0.7207766990291262,0.6304437309623775
17019,0.4658,26.6,4.9,18.9,34.9,5.3,1.0,5.339136864959796,0.37769681137501576,0.6669973150713676
17021,0.1966,20.8,4.4,21.0,7.0,9.6,0.6,3.887144396799154,0.7369315211709357,0.4984212481426449
17023,0.0745,17.5,4.8,23.0,3.8,7.8,1.0,3.461011843424522,0.7608290927144098,0.5113658441810763
17025,0.5813,26.4,6.4,22.8,4.7,11.9,1.9,3.3771266681640038,0.8418367346938775,0.3901699029126214
17027,0.1168,14.9,5.4,21.3,8.9,8.0,2.6,4.37026477091513,0.7641349315795056,0.6067035834087642
17029,0.5574,28.3,6.9,18.1,10.3,8.1,2.0,4.539241541566649,0.6448035638121417,0.47213607001047
17031,0.7964,21.1,9.0,21.5,58.9,11.8,3.2,8.618112037574924,0.28737498603367767,0.7439018778373716
17033,0.1919,17.9,6.2,20.1,9.2,11.4,1.2,3.7662189241406496,0.7666096866096866,0.5232227995928644
17035,0.015,16.0,5.9,22.5,4.0,6.6,1.3,3.4403722933371603,0.8137530777347872,0.4011703511053316
17037,0.5523,21.9,4.4,21.5,25.6,7.0,2.1,5.078173323227917,0.48994909843844364,0.5762414559043634
17039,0.0493,20.2,4.0,21.1,5.8,5.8,0.2,3.6907721180795763,0.7287465401344405,0.5393272797032869
17041,0.4578,18.1,17.1,24.5,11.3,15.2,3.4,3.87776022557361,0.7343485617597293,0.502543025944002
17043,0.2284,10.7,5.2,22.3,35.5,6.5,2.4,7.9513828660886485,0.43227842235769326,0.7872114731380042
17045,0.343,23.6,5.1,19.6,3.5,12.1,1.6,3.3334796985332282,0.7663106421309999,0.5014859273935085
17047,0.3058,22.8,7.0,23.1,4.4,8.9,1.4,3.360264851423106,0.8594278683482005,0.41204065676309615
17049,0.2081,17.4,5.3,23.9,4.8,6.5,3.3,4.293962560603925,0.8070006936662931,0.5004704775346978
17051,0.5644,24.0,7.9,20.2,10.7,13.4,2.6,3.4326683505819986,0.8278299398670745,0.3675946756655418
17053,0.3824,20.8,6.6,22.8,9.1,8.3,0.6,3.359260192435299,0.7441208534496184,0.5875318262479747
17055,0.4871,30.3,6.9,22.1,5.2,10.1,1.8,4.537550917067331,0.7561436672967864,0.45847305622709195
17057,0.2106,24.4,4.2,19.9,8.0,10.1,0.8,3.686837346062651,0.6216865945467198,0.5834304018637158
17059,0.4521,29.3,2.9,19.1,5.9,12.8,1.6,2.796092779076305,0.7741545893719807,0.5619304059652029
17061,0.1044,23.4,5.5,21.5,3.5,9.6,0.7,3.1407505079641114,0.7945782118201717,0.44637211812784333
17063,0.0773,12.2,3.4,24.7,15.9,6.0,1.1,4.843055628855635,0.6502295332823259,0.5886904062365339
17065,0.3029,25.2,7.0,21.9,4.9,13.7,0.7,2.9665164885164725,0.8208050436469447,0.40167570231641203
17067,0.0885,21.5,4.9,20.8,4.9,5.6,0.8,3.142021006156158,0.7544708131818693,0.5028800542127851
17069,0.2383,22.3,5.2,13.8,3.2,12.7,1.2,3.0755055551943316,0.8124014713610089,0.4284218790892437
17071,0.0391,17.4,2.1,18.8,5.7,7.0,1.0,2.8807225315571827,0.6977908689248895,0.5126391814625338
17073,0.126,15.5,4.3,22.0,11.5,7.5,1.0,4.106349001943226,0.6247305267439496,0.6068734283319362
17075,0.2673,22.2,5.9,21.5,11.5,11.3,1.0,3.2269168945512847,0.7906728644364855,0.5200265545474663
17077,0.8479,36.4,7.1,18.5,27.0,8.2,1.8,4.523112820438381,0.4822791712104689,0.5336916299559471
17079,0.0875,16.7,5.6,22.5,3.6,6.7,1.3,2.9853005982097627,0.82988248461108,0.42601456815816857
17081,0.7117,22.8,7.1,22.3,15.7,9.4,1.4,4.187338474964208,0.7419197760058434,0.4816367689204968
17083,0.0318,15.1,4.4,19.6,4.7,6.7,0.1,4.078812020179215,0.7551304347826087,0.5675377761447664
17085,0.076,15.2,4.7,18.5,6.6,6.5,0.8,3.6247088516773136,0.5855419709526545,0.8061219684483164
17087,0.3834,22.7,7.0,20.3,18.5,15.4,1.2,3.682113295813394,0.7945024010597781,0.5300797294032374
17089,0.5084,14.3,7.9,24.6,44.5,13.5,3.3,6.904689218062807,0.4525456261369491,0.6856685630997571
17091,0.7241,23.6,5.6,22.9,30.1,10.1,1.7,5.07387135804872,0.6058821009339388,0.5354899783364585
17093,0.0996,7.8,4.0,27.7,35.1,6.6,1.7,6.029906232800031,0.49224752490492246,0.7069385223660749
17095,0.644,27.4,5.6,20.0,18.6,11.2,1.2,4.254865114314112,0.5477821190530913,0.6039960562586772
17097,0.475,13.5,6.8,23.6,41.1,9.2,2.4,7.383146645955923,0.3947037148739198,0.8132972499587242
17099,0.3894,19.6,4.3,21.2,16.3,8.9,1.6,4.57941651897042,0.5936111003749082,0.5949718871067186
17101,0.5657,24.0,8.2,18.9,15.2,14.8,0.9,3.7403965397163352,0.7860953651217072,0.4184207169281796
17103,0.3777,20.1,3.7,19.8,14.7,10.0,0.3,3.875700612019318,0.6132404181184669,0.6088104176442984
17105,0.328,19.1,4.6,21.9,11.1,9.5,1.6,3.5631926453892317,0.7352128247650636,0.5154566876122083
17107,0.2921,18.2,3.4,19.5,13.3,8.5,1.6,3.8361632407446025,0.7119512195121951,0.5460549304633447
17109,0.539,31.3,6.1,17.6,13.3,5.6,0.8,3.859531937579722,0.5960078478205237,0.49322821912270065
17111,0.0923,9.9,4.9,22.9,21.3,6.1,1.4,6.247338786979015,0.5268764555595312,0.6861170859136899
17113,0.1903,20.2,4.5,21.3,21.7,4.1,1.0,4.9819448723063,0.4752019814825736,0.6550254493723654
17115,0.5396,23.6,4.8,22.4,25.2,7.6,1.3,5.189304338660685,0.5959480379619034,0.5429049409185743
17117,0.1161,22.7,4.1,20.8,5.0,9.0,0.7,3.970999976201054,0.6997865574770222,0.5568045229933669
17119,0.2561,18.7,5.1,21.4,16.7,6.7,1.2,5.91910409792183,0.5674926688468211,0.637508271031236
17121,0.6036,26.2,6.6,23.4,9.8,10.0,1.3,4.198299257242412,0.7509228441754917,0.4671146351296869
17123,0.0894,20.0,4.1,20.7,7.1,8.0,1.7,3.4452098342784034,0.6828580901856764,0.5818324881972373
17125,0.1254,21.9,4.9,20.6,4.1,8.7,1.6,3.2284386184465323,0.7157287157287158,0.5486189086009432
17127,0.5625,26.7,7.9,21.6,13.8,12.3,2.2,4.104350894005143,0.7458471760797342,0.4223787394713912
17129,0.0283,15.5,2.5,22.4,4.9,5.0,0.4,3.690686877166745,0.710405810832149,0.5812561495572319
17131,0.064,19.3,5.3,20.8,5.9,7.6,0.3,3.3658996854449814,0.6387017758726271,0.6191617542268576
17133,0.001,7.5,2.1,22.1,4.4,4.3,0.2,4.51733997333664,0.6846745908028059,0.6373242486358518
17135,0.3191,21.6,4.8,20.0,7.6,10.3,1.5,3.7205268583406164,0.7241139680333565,0.522629689589639
17137,0.4935,23.8,4.4,19.1,12.1,10.4,0.5,4.0740285898277735,0.6646143203043929,0.5565095965297997
17139,0.4827,17.2,13.9,25.3,4.2,13.6,3.3,3.7899105336441044,0.7488726481107137,0.447831184056272
17141,0.3131,17.2,4.9,22.3,15.4,8.7,1.7,4.235701860665003,0.6493506493506493,0.5901111703493079
17143,0.6656,24.3,6.3,23.7,32.0,7.1,1.7,5.683076125589518,0.4763232636199329,0.6288571763432098
17145,0.6001,26.0,3.9,19.3,14.0,15.5,1.0,3.881771238800065,0.7640461792193513,0.5161120673168866
17147,0.0045,12.4,3.9,22.0,4.4,6.1,0.1,3.6640786167980437,0.6557799742157284,0.6376040137053353
17149,0.2771,23.6,5.9,22.5,4.5,9.0,1.2,2.9324449329398488,0.8237682728749324,0.41764668080457557
17151,0.3277,23.5,4.0,16.2,10.6,11.8,0.2,2.4247230511895173,0.8032166508987701,0.36461575293272686
17153,0.6357,36.8,6.9,20.5,37.2,11.9,1.1,3.2951015943016477,0.6730442176870748,0.44198687910028117
17155,0.0048,11.5,3.1,19.8,9.1,6.4,0.9,3.5877793911174134,0.6162790697674418,0.5845966196201429
17157,0.4897,20.2,4.9,20.1,13.6,14.0,0.7,3.986359190597305,0.75427760028399,0.5308665282235228
17159,0.413,22.3,5.8,23.0,5.8,7.9,1.3,3.7988864873769974,0.7712152959664746,0.48913814220331336
17161,0.7556,23.5,6.3,22.3,30.3,10.4,1.6,5.821334164693847,0.45123578883046295,0.6062842281098683
17163,0.532,20.7,5.4,23.3,39.9,7.8,1.4,5.969773831262859,0.45993325046401146,0.6494574216553838
17165,0.6557,27.8,5.6,20.6,8.0,11.8,1.5,4.147410506468359,0.7482798165137615,0.4958920437614405
17167,0.4041,19.8,3.8,22.0,21.2,6.8,1.7,5.424446268350834,0.5252696980000618,0.6657197748006904
17169,0.4957,25.3,9.6,17.6,8.6,8.3,1.2,2.8172401467713586,0.73892963868514,0.5676713947990544
17171,0.0512,18.2,5.0,21.6,4.3,7.3,1.0,3.022097256143388,0.8093005080109418,0.42658048879014343
17173,0.1069,18.9,4.4,21.5,3.5,6.1,2.5,3.358334268585504,0.8053358825063005,0.4259961172228899
17175,0.0579,19.2,5.7,21.2,6.9,9.1,0.1,2.9819266563677926,0.732274741506647,0.543803818794459
17177,0.5218,23.3,6.1,21.3,19.0,8.2,1.1,4.379953909622673,0.5986424242424242,0.6231066564789429
17179,0.1085,16.0,4.9,22.3,7.1,6.3,1.3,5.318445107019389,0.6357224152390081,0.601867939273006
17181,0.602,27.1,6.4,20.8,9.4,12.0,1.1,3.7475342033089887,0.718665353361241,0.5797153666006125
17183,0.6806,27.4,5.0,23.4,22.6,9.4,1.3,4.424869719282394,0.6812372980606938,0.46748858206394045
17185,0.4209,24.7,5.6,21.8,7.7,7.0,1.5,3.945330192620006,0.773371104815864,0.50546875
17187,0.5441,23.2,6.0,22.0,18.1,12.5,1.6,3.4626256057631326,0.6281207133058985,0.506471146995963
17189,0.0347,14.8,3.2,21.1,4.6,7.5,1.6,3.2384953303047057,0.7902360515021459,0.5954489810614243
17191,0.4843,25.7,11.6,22.5,4.2,10.7,1.5,3.160917559299577,0.858698311720088,0.40123342584027133
17193,0.3999,26.9,7.2,21.6,4.0,11.5,0.8,3.3655171797464276,0.8007454128440367,0.53209721504026
17195,0.3236,19.3,5.5,21.9,17.4,9.2,0.9,4.409513815191169,0.5749903512157468,0.5905754417761667
17197,0.244,11.4,5.5,24.1,39.1,8.4,2.0,6.726935836785981,0.4918857199902666,0.6928770903215813
17199,0.3948,22.2,5.6,21.6,11.5,7.3,0.8,5.079724149021925,0.6964022593320236,0.567593134825893
17201,0.7728,26.0,6.4,23.4,33.9,11.5,1.9,6.320237212685147,0.4971266537470952,0.5958339821355265
17203,0.0175,13.6,4.6,23.9,5.4,5.8,0.6,4.301560371303638,0.713488819427747,0.5568267505655373
18001,0.5355,28.5,20.9,31.2,7.2,13.3,3.6,4.670089968187113,0.7680747063544174,0.34304161891718143
18003,0.5374,21.3,7.9,25.4,28.3,9.9,1.8,6.375921790583415,0.5634130664053968,0.5457462318645713
18005,0.287,19.6,5.8,23.9,20.8,8.2,1.5,5.315252384234249,0.6395164771909627,0.6352307857577675
18007,0.3369,27.1,6.2,24.8,9.2,11.4,2.1,3.1103419572545596,0.7398918362091167,0.43678555098308186
18009,0.4801,30.3,7.1,22.0,5.4,9.6,0.8,4.305949971408319,0.7564509726081778,0.4948120428644327
18011,0.0331,10.3,4.5,25.6,11.7,5.0,0.7,5.132565062185247,0.5816737126267,0.7366861724864762
18013,0.1712,16.5,7.6,17.1,5.1,7.1,3.5,3.9263828162970533,0.6659983488618941,0.5306785051683011
18015,0.0821,17.1,11.0,21.9,7.4,9.7,1.3,4.021730427324759,0.7650188428286411,0.3830774547070149
18017,0.5587,25.4,7.5,22.7,23.3,14.3,1.8,4.530059195687827,0.7342757192832156,0.47828278808140307
18019,0.3093,17.6,6.4,22.1,18.6,9.5,1.9,5.790386618334608,0.6036076741276241,0.6297526669033491
18021,0.1718,19.2,4.8,23.2,5.4,8.6,2.3,4.31500874205101,0.7894337074858638,0.5879122974261202
18023,0.3443,19.3,8.2,26.8,19.4,13.0,1.4,4.413008868843797,0.7439353099730458,0.5032871384919287
18025,0.3124,33.2,6.9,21.6,4.7,14.3,1.7,3.566518345209756,0.7481133999592087,0.3867826415807885
18027,0.6239,20.9,23.6,29.3,11.2,23.0,4.4,4.3645703490516805,0.8260522817899867,0.3407993763305448
18029,0.0312,14.3,5.0,22.1,4.5,8.9,0.7,5.1192610761638875,0.7962107032354176,0.6474180112418618
18031,0.0159,16.5,4.0,23.7,6.2,8.8,0.4,4.275909005731123,0.7977641422207279,0.4977220527881321
18033,0.1384,16.5,6.6,24.2,5.7,8.6,1.7,4.790586308422749,0.7395195720384754,0.4373317998849914
18035,0.6309,31.4,7.3,18.0,14.3,9.3,1.5,5.659595442514929,0.580362907714572,0.5028343628159635
18037,0.1619,15.4,4.5,24.3,11.4,10.1,1.2,4.63479232486928,0.7159650212643953,0.5912111568700861
18039,0.8132,22.1,14.9,27.4,26.8,17.8,2.5,6.103869090150418,0.6641836645619345,0.44844698823791684
18041,0.6293,28.6,7.5,21.9,6.1,14.8,1.3,4.698522251039211,0.7853537954475229,0.41914119989611287
18043,0.1915,15.3,5.3,22.4,13.4,7.6,0.6,6.293733943153734,0.5789330497366013,0.5887267262677975
18045,0.2924,19.9,8.2,21.6,5.7,11.1,1.4,3.7523427154146893,0.8052826336608396,0.4846445613605775
18047,0.1199,15.3,5.9,22.8,3.8,10.5,1.9,4.101639905626935,0.8263836239575436,0.39638808331136305
18049,0.5415,22.6,10.9,23.7,9.9,12.7,2.2,4.033000343908544,0.7597938144329897,0.41388805447081206
18051,0.2342,17.8,4.8,23.9,9.1,9.4,2.9,4.230063642663243,0.7616852349852734,0.4796933955257138
18053,0.7649,27.6,7.1,21.0,16.0,11.4,2.1,5.085981640895961,0.7128086607468678,0.4353418783925558
18055,0.5275,24.8,7.6,21.4,4.4,11.7,3.4,4.0597872493884735,0.7729482016386613,0.4280120293214711
18057,0.0302,7.4,4.2,26.0,18.8,2.8,0.9,6.788147220759101,0.5309373573000125,0.7411386019981598
18059,0.0185,10.3,5.7,23.1,9.7,6.7,0.7,5.572269243733039,0.671743119266055,0.7013227919353188
18061,0.1009,15.1,5.7,22.2,5.1,9.8,1.9,4.418525968394846,0.7391716094302946,0.5288905343699865
18063,0.0904,9.4,5.7,24.5,19.1,6.5,1.6,6.0699488313857906,0.6093390452876377,0.7513196446500813
18065,0.3045,21.9,6.5,20.3,7.3,8.9,1.7,4.83482954123596,0.7427004594634652,0.5404611023096807
18067,0.4505,21.7,6.7,22.8,16.4,8.7,0.9,5.655107316139269,0.6795996637595881,0.4938214770304323
18069,0.1362,21.0,6.5,21.5,6.3,7.4,1.4,4.573753239131238,0.7462943812478455,0.5209200438116101
18071,0.4556,21.6,8.6,23.9,14.0,10.0,1.9,4.517603139120704,0.7810557312684044,0.5541814564445751
18073,0.1005,14.7,5.0,23.1,11.6,7.1,0.8,4.095056373628984,0.7759296127416351,0.4953220904594482
18075,0.4626,25.5,10.0,25.5,5.8,12.5,1.6,3.993989532078684,0.7806378704168759,0.40321002153063223
18077,0.5832,21.4,7.7,20.1,7.9,12.1,2.8,4.528799511523165,0.6839783722253842,0.5803206636127275
18079,0.3573,21.3,9.9,23.1,5.9,11.2,3.1,4.30830517173638,0.7993276441686061,0.4227510365963584
18081,0.1117,13.5,6.1,24.3,13.8,7.4,1.2,6.227415518902917,0.6746351414970968,0.6118343270087945
18083,0.497,21.8,7.8,21.3,9.4,10.9,1.1,4.263767919106589,0.75607294260144,0.5079794501830901
18085,0.3926,17.0,10.5,23.6,13.5,12.2,1.6,5.026274992201318,0.7662827408793265,0.42107581554571083
18087,0.3961,11.3,45.1,32.1,6.3,39.4,3.6,4.675856000608221,0.7887640449438202,0.2316352804564043
18089,0.7031,23.0,6.8,23.3,47.4,9.8,2.1,6.9063545863394555,0.471369865669038,0.5920476711301708
18091,0.5046,22.9,6.4,21.3,22.5,10.1,1.7,5.2394198644927155,0.5718871033316928,0.5825203843913803
18093,0.2981,19.9,7.1,21.3,5.6,10.9,2.3,4.6194851653880376,0.7595969289827256,0.5111747851002866
18095,0.5985,23.0,7.8,21.5,16.6,10.1,1.4,5.669421969789443,0.6373282596366696,0.5447213453835408
18097,0.826,25.9,9.5,24.6,47.5,12.7,2.0,7.8044231002253435,0.3592788242025627,0.5891847453093672
18099,0.4493,20.9,13.3,24.7,13.6,14.2,1.7,4.6554954649105795,0.7209399260146928,0.46357386830386094
18101,0.1613,20.2,7.5,22.0,5.4,11.2,3.4,3.413623742208264,0.8093583980384144,0.46523647001462703
18103,0.3904,23.6,9.3,21.0,12.8,13.2,0.7,4.57645119336207,0.7779235928842229,0.4200078837706949
18105,0.4302,27.2,5.8,15.8,17.3,5.3,1.5,5.875000520195931,0.36078808595427453,0.6091921498878267
18107,0.455,22.5,8.2,22.9,9.8,10.8,1.2,4.335142412651193,0.7456938976377953,0.4746204809849236
18109,0.0538,14.5,5.3,22.2,5.4,10.5,1.1,5.185651501464766,0.7764180823495537,0.5607541602235809
18111,0.3229,19.1,6.0,21.0,11.5,13.0,0.7,3.567319485874425,0.7892631902784187,0.33459668192219677
18113,0.5418,16.4,11.4,24.2,14.1,16.8,2.6,4.757438415374469,0.761019763269241,0.39866789544235925
18115,0.1734,16.1,6.7,20.3,5.2,7.3,2.7,4.253403152303489,0.7814243518214637,0.7799148936170213
18117,0.5791,24.4,7.7,22.7,6.7,14.7,2.7,3.924369737599056,0.7648728562980485,0.5764532220299298
18119,0.238,23.6,9.6,20.3,4.4,13.6,1.8,4.033190207463127,0.7576693432159769,0.43901149093706426
18121,0.6424,26.2,15.0,22.0,5.6,14.7,2.9,3.630002609599499,0.7900137846530862,0.414418137804806
18123,0.3182,18.1,5.3,21.1,6.9,8.8,3.2,3.936897919645703,0.6513675314003992,0.5882414314779071
18125,0.0465,19.7,3.7,21.4,4.3,9.6,1.4,3.6261902167807785,0.7781904118838623,0.5962547421099362
18127,0.1374,15.0,5.3,21.6,19.1,6.1,1.2,6.029754452944959,0.5533832601233768,0.5929784199684252
18129,0.0092,15.0,3.8,21.9,5.0,6.3,0.5,4.137073378509778,0.7204570355298169,0.48991229795099694
18131,0.3866,21.9,7.7,21.6,7.4,11.9,1.0,3.395140247591944,0.7735314932767162,0.4679834857929248
18133,0.1502,17.1,4.6,19.7,8.7,9.1,2.3,4.355123962796727,0.764494737482509,0.4411592505854801
18135,0.5113,22.9,7.6,23.0,8.1,10.1,2.3,4.0136447119060445,0.7731968716809887,0.4741536590310156
18137,0.2062,14.9,7.5,23.5,5.1,9.4,2.4,4.188712001024514,0.8112331081081081,0.49894082756672786
18139,0.2125,24.9,7.6,22.3,5.0,10.6,0.9,3.736642435128008,0.7762788833978896,0.48350521681442615
18141,0.6134,23.3,7.4,23.2,29.4,9.1,1.7,6.390271629689823,0.4925091911764706,0.6066932523011044
18143,0.5807,26.6,5.4,22.2,6.0,18.1,3.3,4.861093551579526,0.7616244262622232,0.4534830142839191
18145,0.2832,19.7,5.9,22.5,8.7,10.9,2.0,4.703265879016547,0.7444954364977053,0.6045742135974423
18147,0.0369,17.2,3.7,21.7,6.1,7.5,0.8,3.9362924435552467,0.7207595184496427,0.4617546974404498
18149,0.2829,25.0,6.2,22.9,8.0,14.9,1.4,4.33592072401689,0.7640677966101694,0.3852576647097195
18151,0.1651,16.8,5.8,19.9,7.4,7.3,1.0,4.7251966647348,0.7141436120609264,0.49002717234202464
18153,0.574,27.0,8.9,19.9,9.1,11.1,2.6,3.8605603122883947,0.7679583574320417,0.5139581015046688
18155,0.5886,24.3,13.1,24.2,5.6,16.9,2.2,3.825282878566337,0.7917461832061069,0.32052832294670264
18157,0.5087,28.3,6.1,20.2,26.1,8.0,1.5,5.9288877385513326,0.5007637552317233,0.5939601087200866
18159,0.0382,17.8,8.5,20.7,5.7,9.2,1.6,4.091532254649327,0.7585151167240719,0.46798257195669396
18161,0.0897,16.0,7.2,20.6,5.6,11.2,0.2,3.7995563578732883,0.7833914053426249,0.5250921462999717
18163,0.5612,23.2,7.6,21.5,18.0,8.8,1.1,6.648694513658959,0.5640877677479631,0.5969876164915046
18165,0.391,25.1,4.8,21.8,4.3,7.5,3.6,4.115607363143563,0.7285271754435371,0.48586914440572976
18167,0.7286,30.2,7.9,20.4,15.2,9.5,2.8,5.577824352713534,0.5923245832917456,0.5183299389002036
18169,0.147,20.8,6.9,20.9,6.6,8.6,1.2,4.333650282422778,0.7576308139534884,0.4269260549748355
18171,0.0315,17.1,5.2,21.8,5.1,7.4,2.3,3.1855801363226837,0.7911627906976744,0.4734422262552934
18173,0.0194,10.3,3.4,23.4,9.2,5.1,1.0,5.120807238745845,0.6533218715461132,0.6479570780024763
18175,0.3382,24.7,8.8,22.7,4.2,12.5,1.6,4.0211764616273085,0.7789330560665441,0.41546582964759593
18177,0.7515,26.4,10.3,22.4,12.9,12.0,1.3,5.115468562913884,0.6650223874933596,0.5192763038066905
18179,0.0531,14.9,6.2,24.5,6.9,6.7,0.6,4.350570477989165,0.7943129330254042,0.43083828102912075
18181,0.2221,16.2,8.2,23.2,11.8,9.7,1.0,3.9071889536298308,0.7301630932746931,0.564268525433574
18183,0.0735,15.0,8.0,23.1,6.7,8.2,0.9,4.635624671037812,0.7542679772374548,0.48501354375220823
19001,0.0554,21.3,4.9,22.1,5.8,4.3,0.5,2.6488569316023542,0.7286356821589205,0.5015380313199105
19003,0.091,17.3,4.9,21.1,5.7,6.0,0.4,2.27118443913935,0.7247969421882465,0.5699611327040534
19005,0.2164,19.6,6.4,23.6,10.9,8.3,0.6,3.1345713597479286,0.6739281254336063,0.5505954555417549
19007,0.4547,30.2,8.0,21.9,6.2,8.1,1.0,3.246156476843863,0.7361502347417841,0.483904715918236
19009,0.0611,20.4,4.1,22.1,5.2,9.5,0.4,2.6215715237492,0.6953517587939698,0.5940684133915575
19011,0.007,13.9,2.7,23.1,4.9,5.6,0.7,3.6060877592150002,0.6683230683090705,0.6017157340612205
19013,0.5667,24.2,4.2,21.7,20.6,7.1,2.1,5.449409868218794,0.4941248727190445,0.6178407047276496
19015,0.0255,14.2,4.5,20.9,6.3,4.8,0.6,3.86707116329784,0.6094474625679078,0.6584966074559732
19017,0.021,12.7,2.1,22.5,6.5,3.9,0.9,4.067925067708612,0.6123173277661795,0.6115633229590616
19019,0.0655,14.2,6.4,25.7,4.7,6.4,1.3,3.6143280952600483,0.6432360742705571,0.5465407319952774
19021,0.6258,21.0,6.0,26.3,44.5,20.7,4.5,3.6104778052134514,0.6683728448275862,0.7048929663608563
19023,0.0325,19.0,3.8,22.5,4.7,6.5,0.9,3.2496112553746967,0.7295660948536832,0.5834199044255143
19025,0.092,19.4,3.7,21.8,7.3,6.1,1.6,2.910219887476918,0.7362986497220015,0.60519238725693
19027,0.0815,16.7,3.2,23.9,6.8,5.3,0.4,3.6216664488349037,0.7125011397829853,0.627126208777585
19029,0.2144,23.8,4.2,22.1,5.8,8.8,0.9,3.1881972301154153,0.7068040654997176,0.5920068557182923
19031,0.0089,13.5,3.4,21.5,5.4,4.4,0.8,3.493167411853189,0.610606784519828,0.6124979867933644
19033,0.1343,18.7,4.1,20.8,10.8,6.3,1.2,4.33895413682247,0.5591621645558409,0.6452767962308599
19035,0.1546,21.9,5.4,21.9,9.4,6.8,0.3,3.049698723873188,0.7319021467798302,0.5409879839786382
19037,0.0433,13.8,7.4,23.4,5.1,6.4,1.0,3.2071669259144,0.6881196164472615,0.5592893656247381
19039,0.8107,28.3,6.4,25.6,21.7,15.5,6.2,3.1606454618208595,0.7128263337116912,0.5584885577434806
19041,0.1826,19.1,4.6,23.1,7.8,4.5,0.2,3.399615789628924,0.7186831471357261,0.5297827172827173
19043,0.2752,22.1,7.1,21.3,4.7,9.3,0.8,3.135317639559849,0.6746117342536669,0.48863183087355405
19045,0.3446,21.8,4.9,22.5,10.1,8.0,1.2,4.21793608827627,0.5958354668032088,0.5580994636972582
19047,0.7563,27.0,8.9,25.3,36.8,17.5,2.1,3.1794205770461135,0.7196348444994585,0.551307966706302
19049,0.0515,10.0,4.4,26.9,17.4,3.7,1.7,5.145201591015064,0.524054649054649,0.6848683295346324
19051,0.4585,16.1,28.9,29.5,4.5,20.8,7.1,2.950042127614046,0.7751600512163892,0.37533333333333335
19053,0.524,25.5,7.7,21.9,8.7,10.9,1.9,2.737402195263717,0.7390948745910578,0.420584498094028
19055,0.0248,13.5,4.2,23.8,4.6,7.9,1.3,3.444679232760249,0.7010640433647862,0.5565222503086238
19057,0.4174,22.3,3.5,22.5,14.9,7.1,1.1,4.54646023421683,0.5763254845426878,0.5267020812482357
19059,0.055,13.2,4.4,19.0,6.3,3.5,0.1,3.860577440478577,0.7022218208092486,0.6038359021902886
19061,0.2281,17.7,3.4,22.5,10.5,6.0,1.3,5.096446188646223,0.5435113327812976,0.6586305761938527
19063,0.2494,20.4,5.5,19.1,16.9,12.7,0.8,3.2033633223714935,0.7223981422841461,0.5359470026064292
19065,0.2179,23.8,5.4,21.2,8.5,7.1,0.5,3.32173865336782,0.6548296925147531,0.5544529262086514
19067,0.1196,18.2,4.7,22.7,10.6,6.8,0.8,3.4709238337112773,0.630348126494818,0.5406597621787496
19069,0.2132,23.8,10.4,23.4,16.5,7.6,0.5,2.9019017203831274,0.7112354892205639,0.5557100297914598
19071,0.0146,18.6,3.8,22.1,7.0,5.1,1.2,2.638193790161175,0.7260310658810927,0.5431034482758621
19073,0.1664,21.2,3.2,22.2,7.1,6.8,2.0,2.8004679556926027,0.6670128791026174,0.5942844284428442
19075,0.0029,11.0,3.0,23.5,4.6,4.1,0.8,3.2430095084384654,0.7122702009405729,0.6326030085022891
19077,0.0178,15.8,3.2,21.8,6.2,5.7,1.5,2.9433812287320875,0.6925233644859813,0.5936008981195622
19079,0.1289,15.5,4.2,22.2,12.5,7.4,0.5,3.2948094230262104,0.6684477691691156,0.6471942056454343
19081,0.0713,15.4,3.9,21.3,8.5,8.7,1.1,2.9905452926297174,0.740058030380611,0.5072436500470366
19083,0.1514,19.7,4.4,19.1,8.8,6.6,1.3,3.421546530498249,0.693994965839626,0.5674937670663659
19085,0.0388,15.9,4.8,22.9,4.9,6.9,1.8,3.0903015184169265,0.7125848162847267,0.5311410064773293
19087,0.2001,19.3,3.4,20.9,13.3,8.9,0.6,3.8723747864092104,0.6825312698749205,0.5544752931743009
19089,0.0846,16.9,9.8,25.5,4.9,8.0,0.8,3.04593755482386,0.6610134003350083,0.5306835553614326
19091,0.1941,23.1,5.1,23.6,8.4,5.8,1.8,3.1404687982173627,0.7530962844586496,0.5089976982632349
19093,0.0445,19.7,5.0,24.0,6.9,7.0,0.7,2.8420066765729834,0.7703641923825411,0.49737609329446064
19095,0.0484,14.5,2.9,23.4,6.9,6.3,1.0,3.376325482158295,0.6408956485002112,0.6363692535837865
19097,0.078,19.6,4.8,22.0,5.3,6.0,1.2,3.4535118188894627,0.6647871440654074,0.5390194968877
19099,0.2078,17.2,3.4,22.0,7.8,5.8,1.1,3.965783348746224,0.6401068440681383,0.5955358343418045
19101,0.6774,25.7,6.8,16.4,16.8,6.7,2.0,3.6174827402707836,0.5347008966957376,0.4930308827548511
19103,0.3863,24.7,5.2,19.4,23.5,4.0,2.0,5.526172354183656,0.3071479872369986,0.7509659917956861
19105,0.1082,18.0,2.9,20.7,7.8,5.7,0.6,3.611422378697638,0.6337112060955212,0.5943136211982013
19107,0.0633,22.6,2.8,22.8,4.3,6.5,1.3,2.9074927964553092,0.7604166666666666,0.4735506539137224
19109,0.203,20.0,4.3,21.7,7.3,6.3,0.5,2.7807182087609092,0.7237208177089633,0.5282522108958347
19111,0.2631,22.7,4.2,21.2,9.7,5.9,0.4,4.183819498879706,0.6420846246284232,0.5235166532964911
19113,0.1944,16.5,3.8,22.8,16.3,5.0,1.2,5.770853378771348,0.44974501430407565,0.6812832479069808
19115,0.2676,17.4,5.1,22.2,22.6,13.9,2.6,3.329982824022203,0.707740916271722,0.5418214771182601
19117,0.3458,27.0,8.4,22.6,5.1,7.6,0.8,3.050297961216025,0.7441453272050776,0.4604651162790698
19119,0.0286,11.1,4.8,28.1,5.4,5.3,1.1,3.066231765649823,0.8522103438312626,0.4301999149298171
19121,0.0035,9.5,3.5,24.7,5.7,3.0,0.6,3.421187980608723,0.6952998379254457,0.549883706696046
19123,0.1575,21.1,4.5,23.8,7.5,6.8,0.9,3.679897529029953,0.7610348664688428,0.4523195293052727
19125,0.099,12.9,3.4,23.3,6.2,5.9,1.5,4.117286584143191,0.6915231305614821,0.5405828045589871
19127,0.6799,19.4,5.3,25.4,32.7,14.8,4.3,4.262035194116224,0.5790902118119063,0.6777921715054992
19129,0.0811,15.9,3.1,23.9,6.6,4.9,1.2,3.537712144535992,0.6977974652393257,0.5844860679065458
19131,0.085,17.0,7.3,23.6,3.9,7.7,0.8,3.1550704569511767,0.6578622997006516,0.49622142452295487
19133,0.0951,20.8,4.1,22.0,6.0,7.0,0.5,2.602166544287395,0.7293628202320999,0.5514799767846779
19135,0.1203,16.9,3.7,23.8,5.4,7.0,1.9,2.9157882958704846,0.7559668777398928,0.47022187621642664
19137,0.1432,23.6,2.4,22.5,7.9,8.4,0.5,3.2288874039024957,0.6980376451742091,0.5824342038923062
19139,0.4792,19.7,3.8,24.4,24.9,9.9,2.1,4.597400840018682,0.5759140673414583,0.6201481342583911
19141,0.3681,22.3,3.2,23.8,9.6,9.3,2.5,3.2454066919914415,0.807702666307568,0.5121791609103469
19143,0.251,18.4,5.9,22.7,13.6,13.8,0.8,2.798691589746443,0.8253618628067967,0.4602215508559919
19145,0.3878,23.1,5.3,18.8,9.4,7.1,0.7,3.383065806036909,0.7144045473450714,0.5445819818627127
19147,0.1422,18.0,4.2,23.8,9.1,7.0,1.7,2.824430891343352,0.7277167277167277,0.5186810713481882
19149,0.0624,11.6,5.4,24.8,10.4,5.7,1.1,3.4240741608207648,0.7745005448601525,0.5356476148866028
19151,0.1476,18.8,6.0,22.2,8.6,8.5,1.1,2.582663214294726,0.7740562021004825,0.5318023870675329
19153,0.4477,17.4,4.8,24.5,24.5,7.3,2.3,6.760353599923063,0.4448407744287894,0.693855692313342
19155,0.4944,20.3,5.2,23.2,14.1,9.4,1.6,4.598498257020202,0.6012145286852498,0.5946934746690127
19157,0.2348,19.0,3.5,19.9,8.7,5.1,0.7,3.4908172541590194,0.5860559796437659,0.6017617812364894
19159,0.2176,19.3,7.0,23.9,5.7,6.0,1.5,2.2781093145203353,0.7595175273275537,0.5371883939517776
19161,0.0614,17.3,5.2,22.2,6.3,6.3,2.4,2.8906257869670697,0.7608090554833921,0.5374961423721839
19163,0.3252,18.7,5.6,23.4,22.0,6.0,1.2,5.94416517308024,0.519767113221412,0.6304158017381449
19165,0.029,17.0,4.4,21.9,7.2,5.8,0.3,3.038168872721021,0.7175167680549056,0.6048541994063209
19167,0.1311,11.7,5.0,26.9,14.0,8.4,1.5,3.8636625127757807,0.8594143155415173,0.425964710945345
19169,0.2364,25.3,5.1,16.0,17.5,2.9,0.6,5.154254741716282,0.4473466859384679,0.6463029129812494
19171,0.4384,23.6,7.3,24.1,21.4,9.0,3.6,3.2028108314726396,0.6366433897502664,0.6387801115462205
19173,0.1292,16.7,6.7,22.5,11.9,9.0,0.9,2.4950518517300493,0.7814243518214637,0.4780264662636824
19175,0.3767,19.4,6.6,23.1,6.7,7.2,1.3,3.3870368240206292,0.683338965866847,0.523568335920268
19177,0.3608,24.3,14.4,22.8,4.2,11.6,1.6,2.764189397627814,0.7816446814482177,0.42646223736513345
19179,0.7852,28.0,6.8,23.4,20.6,12.1,2.3,4.41551309795825,0.6594086956521739,0.5144270639709457
19181,0.0741,10.5,2.4,24.4,7.2,3.5,1.9,4.538254706993069,0.6051928691223057,0.610247542066607
19183,0.1397,16.2,6.7,24.6,10.4,7.7,0.7,3.70413209088649,0.6235984583041345,0.5795583883450944
19185,0.4168,19.1,11.4,26.0,5.8,10.6,2.3,2.5907270317280164,0.7904855001629195,0.42757335817419656
19187,0.3439,20.3,6.1,20.9,14.9,8.2,1.5,3.964193745631074,0.6579346310108544,0.586703431372549
19189,0.1403,16.1,3.4,21.7,10.1,5.5,1.1,3.3224186223137577,0.6557258791704238,0.5339965230828665
19191,0.0522,14.1,2.5,18.6,5.5,4.8,1.0,3.403347418431992,0.5470718420156623,0.6393377019658847
19193,0.7197,22.3,6.5,25.6,30.7,12.4,2.3,4.803134168463356,0.6166357980719,0.5818033693153714
19195,0.0232,16.6,5.9,20.7,6.1,5.7,1.7,2.972299230726524,0.6429078853895335,0.526080476900149
19197,0.3971,27.7,4.5,24.7,17.4,7.3,0.5,3.145032523786014,0.6852214120576204,0.5859735710874064
20001,0.5854,24.2,9.2,22.3,11.0,7.4,1.6,3.261670395096818,0.7360248447204969,0.48201148031368746
20003,0.4085,23.9,13.7,24.9,7.7,13.5,1.1,2.671032003644366,0.8037533512064343,0.4454059557139221
20005,0.4728,23.7,8.2,22.5,13.2,6.2,1.0,3.659054524454599,0.6905230596175478,0.48254837304796866
20007,0.5107,27.5,10.1,23.6,13.3,8.5,5.2,1.5257364474488955,0.865546218487395,0.4843008809577592
20009,0.7006,25.6,11.1,24.0,19.9,10.4,0.6,3.382957251964391,0.788033038801383,0.4459055820629194
20011,0.5126,26.2,8.9,25.9,11.2,10.3,3.0,3.1641487991296886,0.7760198541957499,0.37904224576854273
20013,0.1893,22.9,10.2,25.7,19.3,6.5,0.6,2.868847864354667,0.7446655478302565,0.6277708071936429
20015,0.1295,14.8,6.8,25.0,13.5,5.8,1.3,3.877322515188426,0.7102229541423867,0.5048198353036123
20017,0.2358,27.8,10.3,21.4,11.9,6.7,1.4,1.4642921802694024,0.7579972183588317,0.47847432024169184
20019,0.5781,31.1,13.4,23.0,16.5,11.2,3.8,1.8412778776120071,0.8602649006622517,0.4236923076923077
20021,0.4718,26.9,10.3,23.1,13.9,10.1,2.4,3.5258750311846363,0.7696983867196633,0.4766537940719194
20023,0.2953,25.1,14.4,21.3,10.5,10.8,1.6,1.2719844941489855,0.8519051042415529,0.4651863003387279
20025,0.2354,19.4,6.4,25.4,15.7,5.8,1.7,1.1080498429806758,0.8704819277108434,0.47592778335005015
20027,0.4636,18.8,5.5,23.5,7.8,5.8,2.6,2.605186362899786,0.784167289021658,0.6260934766308422
20029,0.3427,25.4,11.5,23.3,9.5,4.1,0.6,2.6095246073552705,0.8075282308657465,0.4913498748008195
20031,0.2743,20.9,9.0,21.9,7.8,6.3,1.2,2.6598619956990874,0.7830429732868758,0.5446876146228146
20033,0.2577,15.7,8.8,22.6,4.3,3.5,3.4,1.1984928646159223,0.8483080513418904,0.4652941176470588
20035,0.7871,23.8,9.3,23.5,22.2,8.3,1.9,3.4591389119036275,0.7048723548459974,0.499713532714564
20037,0.7213,30.9,11.0,22.1,14.6,5.7,4.5,4.206895596742147,0.6286783042394015,0.483564325828224
20039,0.0681,19.3,7.5,20.8,7.8,6.4,0.0,1.4112864654671382,0.8498603351955307,0.4149274849663955
20041,0.1884,15.0,10.5,22.8,10.9,6.4,0.2,3.128102296436702,0.7790736421192935,0.5963392180223113
20043,0.1861,19.1,7.5,19.5,10.9,8.8,1.8,2.998891848703708,0.8224113475177305,0.4968421052631579
20045,0.3602,23.5,7.4,17.8,22.9,4.0,1.9,5.569509257532424,0.30685579196217494,0.6447705281410776
20047,0.4639,23.1,9.8,22.6,25.7,12.4,0.0,1.7193975526009972,0.8302788844621514,0.49535382416011436
20049,0.336,29.7,9.5,22.7,11.7,13.1,1.1,1.5701658601146868,0.8546423135464232,0.35177865612648224
20051,0.2393,24.4,6.3,20.5,11.7,4.7,2.0,3.5006682061537044,0.7350988380866154,0.5168633768780864
20053,0.1731,20.6,5.3,18.1,15.3,7.7,1.2,2.2932944723247086,0.765659543109801,0.5786627335299902
20055,0.8966,22.5,13.6,29.9,60.7,27.9,6.6,3.412122916908476,0.6766122179208762,0.5181122658842241
20057,0.7359,23.1,12.5,29.7,61.9,22.8,4.3,3.470437358221767,0.6953076637365359,0.4758618638270026
20059,0.224,17.9,6.9,23.4,10.5,8.0,1.2,3.8376601240107315,0.7047152381717408,0.5343720638897589
20061,0.7353,28.9,7.7,31.1,44.7,6.3,2.2,4.55633041750261,0.5900468645391653,1.0
20063,0.0372,15.7,11.0,26.2,5.7,6.2,0.1,1.2735635083914578,0.8910675381263616,0.48899848254931716
20065,0.2765,28.3,7.6,20.6,12.6,6.2,0.0,1.309528809920273,0.83399209486166,0.5028203062046737
20067,0.3363,10.2,14.5,31.1,52.1,20.8,7.5,2.6219494641376793,0.8194698354661791,0.48657342657342656
20069,0.2816,11.6,11.0,29.1,20.4,24.7,4.0,2.0257948197117557,0.8500694123091161,0.469438877755511
20071,0.2689,12.4,9.6,29.1,22.8,11.1,0.0,0.9719546112712267,0.8717948717948718,0.523538961038961
20073,0.2978,25.1,9.9,21.5,9.1,8.4,1.0,1.8323934615854873,0.8095070422535211,0.5115346038114343
20075,0.3398,16.0,22.7,30.3,35.1,14.4,5.7,1.2609628434245306,0.8366583541147132,0.4230011815675463
20077,0.6316,32.1,8.8,25.1,12.3,10.3,2.7,2.0554570110659522,0.8258270227182144,0.49852832965415744
20079,0.4193,18.2,8.5,23.9,19.0,8.2,2.2,4.157562075982287,0.607294370923827,0.48714746289465277
20081,0.4143,20.4,17.4,26.8,34.7,24.8,2.4,2.010533431631439,0.825434439178515,0.4024697580645161
20083,0.0646,12.7,9.5,23.2,9.2,7.4,0.8,1.1178132441058408,0.857292759706191,0.4659977703455964
20085,0.2472,15.5,8.3,24.3,17.1,6.2,1.9,3.055321076996151,0.7169603524229075,0.6579606711715131
20087,0.0197,11.0,5.6,22.4,7.7,4.3,0.7,3.5701364097111155,0.688399835458659,0.5588930315601534
20089,0.0455,28.9,5.7,20.4,7.3,7.5,0.9,1.4395473860956227,0.8861578266494179,0.473428273706148
20091,0.0605,9.0,5.5,23.8,21.8,3.5,1.2,7.162792417364495,0.45676018217460573,0.8001513941709925
20093,0.5358,28.4,13.7,30.0,37.9,19.6,1.0,1.7144248328137737,0.8492935635792779,0.5523710265763419
20095,0.1079,16.5,9.5,21.8,9.0,9.2,1.0,2.2549353802486682,0.8055268595041323,0.48447986577181207
20097,0.2879,13.7,11.6,22.8,11.7,11.0,1.5,1.4778317499511286,0.8617216117216118,0.526060606060606
20099,0.4941,24.0,9.8,24.2,15.7,9.5,1.5,3.4700273110582702,0.6940346375881976,0.5093281680089714
20101,0.0716,18.6,15.8,20.4,16.5,4.2,0.0,1.140997340502258,0.8646341463414634,0.43387622149837135
20103,0.2475,14.8,6.7,23.6,22.0,6.6,1.7,5.182110977003488,0.6162852432447536,0.6128207637173121
20105,0.1021,22.9,7.0,22.5,7.0,5.4,0.0,1.6236314201035866,0.8314227916385705,0.4473328831870358
20107,0.2733,19.9,10.2,22.1,8.4,6.5,2.2,2.851920428781876,0.8273701233070547,0.3651448005771411
20109,0.28,22.5,9.0,24.9,10.5,7.6,1.1,1.271104834721845,0.8663257852447042,0.4770937723693629
20111,0.7222,26.8,10.6,22.1,30.1,12.2,3.3,3.6628911072600148,0.5750173383678816,0.5905106190691369
20113,0.1635,16.2,6.7,21.4,9.7,7.3,1.6,3.540716170732935,0.7094023270940233,0.5688108752014575
20115,0.1355,18.3,6.6,21.2,8.3,7.9,0.9,2.6076404945302,0.7510886605121059,0.5079939414338607
20117,0.181,19.6,5.3,24.4,6.7,7.8,2.1,2.4952257244633245,0.7514951536399258,0.6566395384773874
20119,0.2628,17.5,9.5,26.3,26.0,13.6,1.4,1.6310157175986935,0.8524492234169654,0.4247458467641954
20121,0.0757,11.4,6.5,23.6,8.5,4.4,1.3,4.103997672861951,0.7014078358616174,0.4927417705990595
20123,0.1285,21.7,9.8,23.3,7.1,4.7,0.0,2.2306468058886777,0.8316326530612245,0.5403913697942799
20125,0.8209,29.0,12.4,23.8,22.2,10.0,2.0,3.9092821405115927,0.7599214466901235,0.47117408652486725
20127,0.1569,19.0,8.0,21.7,10.4,7.5,0.4,2.1684119193319398,0.7370532458059811,0.5692170818505338
20129,0.3077,17.7,9.7,25.6,29.4,12.2,0.0,1.544056917986716,0.8740384615384615,0.42984151526865094
20131,0.057,15.9,6.0,27.3,5.8,6.8,0.5,2.724183338371643,0.8397979433519754,0.5549799628579807
20133,0.6911,24.3,11.7,24.4,11.9,9.0,2.9,3.3566517115760233,0.7452305843473036,0.29524582994939713
20135,0.0999,18.6,8.5,20.7,18.1,8.6,0.9,1.2501416604903468,0.9032983508245878,0.5370909090909091
20137,0.223,21.2,12.7,19.4,13.5,9.2,0.7,1.97204338942715,0.8447037701974865,0.540570789031897
20139,0.1909,18.7,8.6,23.4,7.5,7.9,2.0,3.1517458732955896,0.746680551939599,0.5236691955608502
20141,0.0687,23.8,5.9,21.3,7.1,4.6,1.2,1.5920187680200102,0.8498273878020713,0.4261911721718796
20143,0.042,18.4,5.8,22.7,6.8,5.2,0.8,2.1975573844068492,0.838698746187733,0.4693197755960729
20145,0.3019,18.5,11.8,14.2,16.7,10.3,0.0,2.233944353152652,0.7621765601217656,0.5579981290926099
20147,0.3137,23.7,7.8,22.3,7.4,8.9,2.8,1.8869197825794597,0.8768142910308895,0.44401987008024457
20149,0.0544,13.9,4.9,28.9,11.3,4.0,3.9,3.4439124541741934,0.7429761453994699,0.42997170159537385
20151,0.3341,19.4,8.5,25.1,13.5,8.1,0.7,2.6013810270960773,0.7619760479041916,0.5100392841553907
20153,0.3958,29.1,8.1,22.7,11.4,5.3,2.5,1.2175409194596967,0.8715328467153285,0.4391304347826087
20155,0.5011,23.1,9.2,22.3,17.0,8.3,1.7,3.9179156939702335,0.6759971213211621,0.508838994806284
20157,0.041,22.8,5.3,23.4,5.8,4.6,0.2,2.019178000909768,0.8347934918648311,0.5159620362381363
20159,0.1823,17.7,7.6,23.1,19.1,8.0,0.4,2.6390542332902385,0.7883530015392509,0.45024640872391736
20161,0.567,32.2,6.1,15.9,24.4,4.2,2.7,4.7813981205135825,0.4908622799983117,0.40696734561914
20163,0.071,13.9,5.3,21.2,6.1,7.4,0.6,1.876473668280374,0.8605115907274181,0.49329268292682926
20165,0.0916,22.4,5.8,20.1,11.7,9.1,0.5,1.6281945411685668,0.8328055731475618,0.519433465085639
20167,0.3226,27.4,10.6,21.8,10.1,6.6,1.1,2.1473475982761756,0.8123456790123457,0.4420945157526254
20169,0.5008,20.5,9.0,22.8,20.7,6.3,0.6,4.333315926429455,0.6608341007762136,0.5150118028917084
20171,0.4349,21.2,4.0,26.5,24.2,15.1,1.8,2.097550803373171,0.8813964610234337,0.4961642131453452
20173,0.7292,21.7,10.9,25.1,33.6,10.5,2.4,6.263982528401187,0.5702958827104224,0.5719786373977311
20175,0.8578,26.4,14.5,31.0,71.9,30.2,2.1,3.5639678101558028,0.6982393581457544,0.48753966772447266
20177,0.6137,20.6,8.2,23.2,27.8,7.1,2.1,5.797088811536328,0.4974628782306225,0.6364777385159011
20179,0.0706,13.5,5.4,25.6,8.3,3.7,0.0,1.3176158071504682,0.9070110701107011,0.36810789369297897
20181,0.4992,20.7,8.6,23.4,17.1,10.3,0.9,1.8907992499744786,0.8507874015748031,0.4525942200439412
20183,0.0404,18.4,8.1,19.5,6.3,4.6,0.7,1.604768984495557,0.8481012658227848,0.45660061401060564
20185,0.2272,21.4,8.7,24.0,17.4,6.8,1.4,1.8112992527475706,0.8260405549626467,0.47449470644850816
20187,0.3786,25.5,21.1,24.4,44.3,20.0,0.2,1.393231742626564,0.8236196319018405,0.5204386839481555
20189,0.6879,23.5,15.0,29.2,41.5,25.6,1.2,2.1106080453622997,0.8836565096952909,0.4063810391978122
20191,0.3322,21.3,9.3,24.2,12.0,6.5,1.7,2.9984923550816887,0.7555383573570669,0.447670345069189
20193,0.1247,17.4,10.1,23.7,9.3,5.5,0.2,2.123159081857838,0.8343507214206437,0.4239423942394239
20195,0.0105,14.4,7.7,18.8,3.4,5.5,0.0,1.4220668964535055,0.8614496472097498,0.3970745629682483
20197,0.0636,11.2,8.1,23.2,9.6,3.4,2.0,2.2735887119516383,0.7489361702127659,0.4902611455778387
20199,0.1756,25.4,4.4,23.4,10.9,7.4,1.8,0.9668787832085927,0.9295392953929539,0.38735177865612647
20201,0.0802,15.9,5.6,22.7,7.7,6.5,2.1,1.971204996354793,0.8510718315156074,0.5514243433222346
20203,0.4858,23.8,8.0,23.7,28.1,11.8,3.9,1.3776644070380413,0.8736717827626919,0.5195847097687588
20205,0.4566,26.9,6.6,23.9,9.0,8.7,1.7,2.7846423583767623,0.8172832533182717,0.4541935483870968
20207,0.2491,24.1,8.6,20.5,7.6,8.0,0.6,1.9872533387592608,0.8103564223268326,0.434353091140854
20209,0.9386,28.8,17.5,27.2,60.9,18.6,4.3,7.011063492436034,0.37881738781246865,0.6031288347266803
21001,0.6026,32.1,7.5,20.3,8.4,13.9,2.2,3.862852513124782,0.8587640449438202,0.4011561295698365
21003,0.6484,26.6,8.2,23.0,5.9,13.5,2.6,4.117982097207799,0.8386750991531783,0.4038939713816561
21005,0.0843,20.9,3.5,23.2,7.3,8.9,1.0,4.777975467196021,0.7494563529046288,0.580560073855893
21007,0.2507,25.9,3.7,20.1,8.1,7.9,2.7,3.4760609778113922,0.826961271102284,0.39490365111561865
21009,0.7919,31.9,8.7,23.4,10.7,15.3,2.8,4.5253681713479725,0.7669015522875817,0.47289204275802843
21011,0.5269,33.6,8.0,25.2,5.1,18.6,2.4,3.8464174231725936,0.7597292724196277,0.55112
21013,0.7782,42.5,6.2,21.7,6.7,21.8,1.7,4.2274666833301096,0.8465945945945946,0.46819299323909036
21015,0.1177,11.9,5.3,25.7,14.4,6.2,1.9,6.316901095264234,0.68904620307618,0.6397316983702772
21017,0.5237,28.0,3.4,22.6,15.6,14.7,3.7,4.260028093515758,0.6705078958600086,0.595866181524156
21019,0.6704,26.8,5.4,21.5,7.8,11.3,1.0,5.71295623526992,0.6954100900551952,0.5065927479772251
21021,0.5304,25.3,5.9,20.2,15.5,9.6,0.4,5.1402327082830634,0.6473248992861687,0.5846972721224218
21023,0.2568,27.8,4.1,23.5,4.5,12.0,1.9,3.7505945509113796,0.8288222384784198,0.48259665181259787
21025,0.6962,38.3,3.7,20.4,3.9,20.5,3.6,3.3526370669872634,0.8011115522032553,0.5375296912114014
21027,0.6481,34.6,8.3,22.6,7.0,14.9,2.2,3.6117675653783157,0.7945564516129032,0.505445133564487
21029,0.1779,17.4,3.0,21.4,7.7,10.6,2.4,5.629916185407512,0.7585664294605322,0.4645305842597581
21031,0.7623,32.2,11.7,22.9,6.3,19.3,2.9,3.4018048671390866,0.8356047700170358,0.4647099930118798
21033,0.7184,25.4,11.2,22.5,10.5,12.3,3.7,3.628087370908953,0.7946370176586004,0.5308700086294814
21035,0.5482,31.5,7.0,18.0,11.3,9.7,1.6,4.58535466950513,0.693033033033033,0.4720648188507987
21037,0.2103,17.7,4.2,20.7,8.9,6.7,1.1,6.423893490695373,0.6001856461752668,0.6576551547273038
21039,0.4225,33.1,7.3,23.2,7.7,13.1,3.2,3.26727678066519,0.8424710424710424,0.41680672268907565
21041,0.8886,28.9,8.9,26.6,12.7,17.3,3.4,4.445500624699523,0.7578576816696002,0.4776596745367322
21043,0.5581,35.7,9.6,22.1,4.8,18.8,0.8,4.191638800338907,0.7957646641857168,0.5022577154159048
21045,0.8361,40.1,12.9,22.9,5.8,22.7,3.4,3.6077940670370365,0.8854700854700854,0.37124822080574293
21047,0.9469,32.7,8.7,27.5,35.3,13.7,2.1,4.628823527063455,0.6701267124888951,0.3775989554505329
21049,0.51,22.4,4.3,22.3,10.9,11.0,1.9,4.991366392352676,0.6794018989140941,0.5596889391390674
21051,0.8174,45.1,5.4,20.7,8.6,27.9,2.1,3.791057049136709,0.9067511117100121,0.4580171850660771
21053,0.6472,36.6,6.2,21.5,6.4,19.1,1.8,3.8746864343582246,0.8862176165803108,0.4217067919357996
21055,0.518,30.6,12.0,22.3,5.6,13.6,2.1,3.2570098827444522,0.8463482436189033,0.417329093799682
21057,0.7544,39.1,10.3,21.5,7.0,19.6,2.5,3.024197080687655,0.8581497797356828,0.45902630783187176
21059,0.6109,23.3,5.1,24.3,13.4,8.8,3.2,5.418377984835015,0.6620595972228212,0.5528563406921417
21061,0.3697,27.6,8.3,18.6,4.8,18.4,1.4,3.718935647022338,0.8186831008757703,0.3516872427983539
21063,0.7617,38.9,8.2,17.3,4.5,24.6,2.6,3.4808323142832966,0.8144401813742588,0.3641080218172143
21065,0.7604,34.8,4.9,21.7,4.0,23.5,1.2,4.040654384690171,0.820467365028203,0.5345952077130299
21067,0.5542,23.0,6.9,20.6,30.4,7.8,2.0,7.032475045001794,0.4074850427046769,0.6860672377085706
21069,0.6771,34.0,8.6,24.5,5.5,18.6,3.1,3.7918578661797535,0.8070023148148148,0.5267814278856046
21071,0.7073,40.2,4.8,22.2,3.6,20.7,1.1,4.5215035538974595,0.8010658347956067,0.5812189159571778
21073,0.6255,21.7,6.9,20.9,18.9,8.1,1.8,5.515784616397295,0.5247603201014183,0.6283854013453355
21075,0.91,40.4,5.8,21.3,30.2,19.6,4.6,3.480216112240857,0.7009873060648801,0.6054615513486347
21077,0.5514,31.0,9.5,22.5,12.1,15.4,4.1,4.496748191828695,0.803359173126615,0.41898748449656104
21079,0.3312,29.4,7.3,21.6,7.4,15.1,1.9,4.3267579037195345,0.8047700170357751,0.4913959017321408
21081,0.2876,22.6,4.8,26.5,7.4,11.1,1.0,4.587391513279655,0.8282078472958643,0.5018947704336033
21083,0.5507,31.4,6.9,23.9,15.0,9.9,2.8,4.21237470663884,0.8116240975550567,0.4663768582622229
21085,0.5428,30.2,6.3,23.8,4.9,16.4,2.1,3.9885986385154046,0.8128924236082042,0.5269989026374541
21087,0.629,36.3,8.3,21.2,6.1,17.1,2.0,3.692845408033954,0.8655202063628546,0.44301252170733935
21089,0.2351,24.1,5.7,21.4,4.7,10.1,1.2,4.654785115560251,0.7560961381402403,0.5376089805686933
21091,0.1874,23.7,5.2,23.9,5.5,12.8,1.0,3.8971993057344134,0.7420844327176781,0.6046778261866544
21093,0.5721,20.3,5.3,24.6,24.7,7.7,1.7,5.186946710462084,0.649225298450597,0.6686584112907586
21095,0.8336,45.1,4.9,23.3,5.6,23.0,2.5,4.061801026125731,0.8836825766395033,0.47301038062283735
21097,0.2714,25.9,4.5,22.8,6.6,13.5,1.6,4.132858329446792,0.7456199460916442,0.5118606375092661
21099,0.8037,37.0,9.3,24.5,9.4,21.6,3.3,3.868650302660409,0.8029521180847234,0.3646440767008143
21101,0.6386,26.3,4.2,22.7,15.1,10.7,1.1,4.640524470600625,0.6481033506613825,0.5303693873036939
21103,0.5845,25.8,8.6,23.5,9.7,15.8,3.4,4.0245536140622375,0.7664150943396226,0.5472528835421059
21105,0.2326,21.9,4.7,19.9,13.9,11.6,1.5,2.972080700676045,0.8078048780487805,0.38287671232876713
21107,0.6344,28.0,4.7,22.8,12.2,11.4,2.8,4.435668251614295,0.7575578241357203,0.5299646421698071
21109,0.664,34.9,4.0,23.0,2.8,27.0,2.4,3.6548610617905055,0.9137107776261937,0.3753469877710256
21111,0.622,22.3,5.3,21.9,34.9,8.7,1.8,7.624200786725182,0.4158326692997874,0.6585515358842502
21113,0.3474,19.8,6.5,23.5,12.6,10.4,1.6,5.740286389381367,0.682570631188592,0.5512704425759956
21115,0.7509,38.6,5.0,22.1,3.5,17.2,1.5,4.470371019782688,0.8578947368421053,0.5112222823147647
21117,0.308,18.6,4.8,23.4,12.7,8.0,2.0,6.961502742334246,0.6108722242538114,0.6225164373226026
21119,0.7334,41.7,3.0,20.0,3.6,28.3,5.6,3.728792913216156,0.8002705902249281,0.4883155477509118
21121,0.8584,45.9,6.7,23.6,4.9,21.0,1.9,4.371845327831194,0.8599123009462266,0.37415315459945414
21123,0.2501,29.1,3.7,22.6,9.2,15.6,0.4,4.061942870565311,0.8060597598436191,0.4449923600500069
21125,0.5285,31.2,8.3,22.8,4.7,16.0,2.3,4.97655502001209,0.8534823794142199,0.41208294279183727
21127,0.4744,36.8,6.8,24.6,3.6,23.1,1.2,3.690064615684099,0.8395820528580209,0.4945485408369785
21129,0.8492,50.4,3.1,20.4,7.9,26.5,4.1,3.58740617806052,0.8458032662362325,0.5064163177090368
21131,0.5746,45.0,1.7,21.4,3.0,18.0,3.0,3.3000017700993363,0.9109557109557109,0.531740407006176
21133,0.7012,41.9,3.8,21.5,3.2,21.1,2.5,4.168096747343588,0.8245635159542445,0.5391360831438778
21135,0.5495,45.3,5.8,22.9,2.9,21.3,1.5,3.334114667945706,0.8823944905527106,0.40376647834274954
21137,0.5835,30.1,6.3,23.8,6.9,17.4,2.0,4.304798728912813,0.8094016310821955,0.41846918408081796
21139,0.2374,27.7,4.8,20.4,5.5,13.0,1.0,3.3909385076002625,0.8194416140207866,0.5027191646726126
21141,0.4671,25.7,8.8,23.8,11.9,12.3,1.8,3.9278127997728616,0.7786951594625222,0.5212899417017194
21143,0.1845,18.8,6.5,13.7,12.1,9.5,0.9,3.732736979742795,0.7703649987913948,0.5936662606577344
21145,0.5517,26.5,5.8,21.8,17.8,7.3,2.7,5.608047963867451,0.6768864933417882,0.571127212693754
21147,0.6965,50.4,5.1,21.8,10.8,22.0,1.5,3.7034508768171914,0.8961438755670771,0.40015089083628347
21149,0.1839,18.4,3.5,23.5,5.3,8.7,1.4,3.6196663842656926,0.7834464637617692,0.5240577821222983
21151,0.3843,23.4,5.4,20.8,11.2,9.2,1.4,5.362514432886138,0.6574136763710223,0.49371417509974513
21153,0.7595,51.2,4.0,22.4,3.0,27.5,3.6,3.657403876925277,0.8250913988839715,0.5193651837842282
21155,0.7859,31.9,2.8,23.9,12.6,15.6,2.0,4.062678809280174,0.7203427553972847,0.5135682042235251
21157,0.1699,23.0,7.1,20.3,4.0,7.7,0.8,4.662904818265648,0.7870748690798182,0.5463344051446946
21159,0.6869,41.7,2.3,19.3,12.2,24.7,2.1,3.916068594298887,0.9209366391184572,0.5520321572130416
21161,0.6542,30.5,6.1,22.8,12.0,14.4,1.0,4.277763381646739,0.7214734950584007,0.5199765670767428
21163,0.1559,17.5,3.9,22.1,11.4,10.4,1.4,4.5960657604477,0.7642533611330793,0.4028769424611508
21165,0.5676,38.1,5.5,22.1,4.0,20.3,4.5,3.4446828606002082,0.7942361326309265,0.45415318230852214
21167,0.1591,19.1,5.8,21.7,9.7,9.9,1.4,4.520400928583595,0.7566872427983539,0.5567865773036065
21169,0.5453,32.2,7.8,23.1,5.3,16.7,2.9,3.600182258926718,0.8260185002952175,0.4136629927514646
21171,0.714,32.9,5.7,23.0,6.8,18.4,2.7,3.5664608136552602,0.8903901046622265,0.47014084507042253
21173,0.5896,26.9,7.0,23.2,7.4,14.8,1.3,4.968518151102932,0.7364420869289843,0.4777852754199666
21175,0.5918,34.8,8.0,18.7,7.8,22.5,2.1,3.6194115157304094,0.822562358276644,0.49042001653016754
21177,0.3535,28.8,5.1,20.8,7.5,15.8,0.7,4.201318173652858,0.7748725902947042,0.5238717262099144
21179,0.0888,16.4,5.4,23.3,10.0,7.8,1.3,4.724980991613128,0.7113041166304781,0.5340125018925875
21181,0.4111,27.8,6.4,23.8,4.2,18.4,0.7,3.68837685059653,0.7483969465648855,0.5391388086394278
21183,0.4251,25.7,5.6,23.5,6.5,18.2,1.8,3.7258847344847785,0.8056251740462267,0.4073101608735517
21185,0.0398,8.3,3.1,25.2,12.7,5.8,1.1,5.8973003688727,0.6151975846314158,0.5865806374346921
21187,0.2711,24.8,8.3,21.7,5.9,16.2,1.7,3.4976732108629887,0.8177794171892291,0.38565269241354005
21189,0.5078,38.1,4.5,18.5,8.6,28.6,0.6,3.069762282371043,0.8889496717724289,0.48471121177802945
21191,0.5221,24.9,6.1,23.5,6.5,14.5,3.6,3.9855810704001464,0.8221372923710127,0.45113091158327623
21193,0.6901,36.3,3.6,23.4,5.9,20.4,1.3,4.428674983191648,0.8009920032391943,0.6319201801382095
21195,0.7506,36.4,5.4,20.4,4.2,20.2,1.5,4.317752564855552,0.8302332447593741,0.536543645034211
21197,0.7992,33.2,5.4,24.1,5.6,18.1,3.1,4.3059354873791005,0.777060387390809,0.5379075977020794
21199,0.6456,33.1,6.7,22.1,6.7,16.2,1.0,4.605066488061924,0.8295968409655436,0.47327598147093675
21201,0.587,34.0,5.1,25.4,3.6,15.8,7.9,3.142457772935268,0.8097345132743363,0.3937381404174573
21203,0.5291,33.5,4.7,21.5,3.5,18.1,1.5,3.952828171075417,0.8706206534575515,0.41311769991015274
21205,0.5065,37.7,5.2,19.5,5.9,13.2,1.4,4.485479499609669,0.6411207251751133,0.534096484055601
21207,0.6029,33.0,6.2,22.9,7.1,17.3,1.2,4.2787864632736925,0.8639764225799138,0.4682809797466942
21209,0.1572,14.8,4.5,24.6,13.9,5.7,1.4,5.3181422010250445,0.6409669037199125,0.5710125605220686
21211,0.2892,17.0,6.9,22.2,20.6,11.4,2.3,4.849386830407262,0.6764827529158739,0.48029536553524804
21213,0.2259,20.6,9.2,23.3,15.1,9.8,1.7,4.437780484768016,0.7223890942698706,0.5187378849881542
21215,0.0356,15.5,4.7,23.2,6.6,7.4,1.6,4.660839585663509,0.787074590019397,0.3087178957159837
21217,0.3395,23.8,3.6,23.2,10.6,11.6,0.5,4.593124816392823,0.7870898421357136,0.4902402111063681
21219,0.7986,29.5,21.8,26.9,14.9,21.4,4.7,3.5202234714290195,0.792292490118577,0.4359036928583049
21221,0.6672,28.3,11.0,21.7,12.9,12.2,3.0,3.498439147802413,0.7653104322117416,0.4814005869906491
21223,0.3633,21.5,4.1,21.6,7.9,14.5,3.5,4.070552555274721,0.7805515929624346,0.45047810175894226
21225,0.2424,26.5,5.6,18.7,12.4,9.4,0.6,3.6977904562601873,0.7952532174494401,0.43397538418746956
21227,0.7731,26.8,6.8,23.0,23.4,11.4,3.4,5.524541506261287,0.6233482933109231,0.3968817722128582
21229,0.4184,21.7,9.8,22.8,12.2,11.9,0.8,3.7244760415620353,0.754837677914601,0.5220338983050847
21231,0.6812,40.8,6.8,20.6,7.3,23.6,0.8,3.782707374407696,0.8330056667052157,0.43318742930211973
21233,0.706,28.2,6.1,23.2,11.8,14.3,1.7,3.689027984434531,0.7900582665695557,0.4707154999227322
21235,0.8365,38.6,8.0,25.5,4.7,17.9,3.7,4.43895334264785,0.8501072098633075,0.45469335980586806
21237,0.776,54.9,1.0,22.9,1.5,36.4,5.7,3.4205713012780024,0.7584151472650772,0.5470169065250804
21239,0.1801,15.5,2.7,21.8,14.1,8.8,2.1,4.961610970591144,0.5726821304673152,0.6788359392533853
22001,0.8832,35.9,6.4,25.9,23.0,19.9,2.5,4.48885178721357,0.8226829820983458,0.5386090740591506
22003,0.903,28.8,7.6,22.9,30.0,20.4,4.2,3.4312526573006368,0.8082871652816251,0.3688297498731806
22005,0.384,16.1,6.4,26.4,33.7,11.2,2.1,6.084234369275121,0.672597343404089,0.5185697134371742
22007,0.7296,29.7,8.7,21.0,34.9,20.9,2.2,4.130959147788662,0.6802461899179367,0.44579964368918734
22009,0.9682,41.4,7.9,23.6,35.6,22.0,2.0,3.8818551492205815,0.7184165667024434,0.4877939418094859
22011,0.5498,22.0,7.9,25.0,20.8,11.8,2.7,3.4836953588963735,0.8603465851172273,0.3674427287516335
22013,0.9755,46.9,9.0,22.4,46.5,14.3,5.0,2.831508615291463,0.5911807462445485,0.5138584699040858
22015,0.7773,25.8,9.4,24.6,36.0,9.7,2.0,5.0402107108270915,0.7194795625533235,0.5178173631719393
22017,0.9329,33.4,7.5,23.6,56.5,12.7,2.2,5.59708232554066,0.4764664916697916,0.4952248921749846
22019,0.7149,25.9,7.7,24.9,33.7,11.3,2.3,5.293691882081232,0.7009577154859844,0.4339104190015533
22021,0.9052,39.0,6.8,22.9,23.1,20.1,6.2,2.956500399042898,0.8652416356877324,0.397156684815487
22023,0.2984,30.0,8.2,20.7,12.9,9.7,10.8,1.656341220397371,0.9344115004492363,0.1829915387924853
22025,0.8581,32.8,8.3,21.9,33.8,25.0,1.5,2.607354557449865,0.7545159796201946,0.41657889193174635
22027,0.8069,48.9,7.0,19.0,54.5,21.5,1.4,2.986542805429796,0.6113521957993404,0.41608168474792595
22029,0.9949,45.9,10.0,23.7,43.0,14.2,3.5,3.3248273515328153,0.6483315954118873,0.45339841113245755
22031,0.8101,31.1,7.1,23.8,40.9,17.6,1.9,3.453217406453465,0.6789263692419296,0.4363689327458763
22033,0.846,27.2,8.4,22.3,56.5,9.2,2.5,6.906267109882529,0.443443765412244,0.5715324536028124
22035,0.8781,57.0,4.4,22.7,72.4,32.3,0.8,2.9184742052128665,0.41031291317761126,0.47514939513190496
22037,0.5937,22.2,8.0,17.1,45.8,15.6,1.8,3.7822030933968662,0.6124732933156984,0.41750718578521034
22039,0.999,43.1,9.1,25.0,35.2,23.5,3.1,3.908269583204153,0.7483046612891713,0.39502919598742325
22041,0.8053,41.7,7.0,24.9,34.5,21.8,0.9,3.4854995325167493,0.748165137614679,0.37796652510617035
22043,0.7219,27.3,9.7,20.7,24.8,19.6,1.6,3.5693151804893413,0.8883533236184284,0.43869757470186255
22045,0.936,33.4,8.0,25.4,42.6,17.3,5.0,4.809913124800241,0.6724452869205584,0.4809251038235715
22047,0.8501,26.3,8.3,20.5,52.8,20.3,2.6,3.908550436094367,0.5037370196441564,0.582910399557073
22049,0.8301,37.0,7.4,21.5,32.7,16.7,2.0,3.314473181782608,0.7407251854962901,0.43972306910569103
22051,0.8295,24.5,10.5,22.1,49.3,12.8,2.5,7.279822180517911,0.5661134060192161,0.6678027158821067
22053,0.5549,26.8,6.7,25.2,23.0,16.9,1.9,3.9227861069217043,0.8096212174649079,0.3755100739607243
22055,0.735,25.3,7.6,23.8,35.8,10.5,2.5,6.808575487316703,0.6595436767817398,0.5120217684847989
22057,0.7416,27.6,6.1,22.8,23.9,18.0,2.3,4.522306296967187,0.8141996455995275,0.4594730264101461
22059,0.4648,23.6,4.7,21.8,20.2,17.1,2.0,3.2038818392698944,0.9168823260770285,0.46763362879398335
22061,0.7786,42.4,6.9,19.6,46.9,11.3,1.5,4.639167953724313,0.6292587412587413,0.4431132600231056
22063,0.4709,20.0,8.1,25.4,15.4,11.3,2.5,5.4039832178664104,0.8468478160636892,0.4070062291798365
22065,1.0,51.8,11.3,25.6,66.3,23.5,6.6,2.8370895829364806,0.4685279187817259,0.4728335311843667
22067,0.9558,42.7,7.8,23.2,52.1,19.1,3.1,3.496492867803013,0.5979536563346374,0.46960681836455737
22069,0.9281,38.4,7.6,22.7,49.1,12.5,2.2,3.430850501643423,0.6132075471698113,0.44493946223596625
22071,0.8381,33.9,8.5,19.6,69.2,11.3,1.3,7.71659558511801,0.15573908102383965,0.7163765173884514
22073,0.8845,33.8,8.0,24.5,43.2,12.0,2.0,5.570117942164208,0.6411009693180212,0.46322066297405384
22075,0.651,23.1,5.6,25.0,38.3,13.7,3.5,3.4298184061599595,0.6923468349277427,0.7072466267189723
22077,0.7127,29.1,8.7,21.4,40.2,19.0,1.3,3.639834200282171,0.6391581521264519,0.5642890013805798
22079,0.9071,28.7,8.9,24.9,39.5,12.4,2.0,4.595843356554742,0.68625256128102,0.5109758731334074
22081,0.6662,37.2,9.5,23.6,44.3,20.4,0.9,3.02616412948563,0.6388737014762165,0.3777540867093106
22083,0.8632,40.1,9.4,23.8,39.4,19.9,4.5,3.6121787190606534,0.6993176315210213,0.4378789384753007
22085,0.8848,36.6,9.7,23.2,33.8,14.2,1.1,3.281926511897539,0.8526878526878527,0.39411321386702397
22087,0.9026,32.6,8.1,26.1,40.2,18.8,4.1,4.767730251822422,0.649,0.5016510033020066
22089,0.4451,17.3,6.1,24.2,35.7,9.3,2.2,5.241281471203467,0.6643686916777757,0.5783239171374764
22091,0.9478,36.7,9.1,20.4,55.5,20.9,1.9,3.3182766974886007,0.49610757254069354,0.3203711014607185
22093,0.2701,22.5,6.1,22.3,51.0,11.1,0.8,4.448060415365579,0.5047032666324611,0.5268771331058021
22095,0.7152,26.2,6.8,24.4,69.2,13.6,2.5,5.281999318512042,0.3525268817204301,0.6124378457875201
22097,0.9262,40.3,8.8,26.4,46.4,21.5,3.8,4.503835303602411,0.5952244508118434,0.42802347669378016
22099,0.7041,28.1,7.9,24.0,35.8,17.2,2.7,4.267122087491448,0.7056969696969697,0.4103048791899833
22101,0.9109,33.7,6.2,23.9,44.2,19.9,1.9,4.487904424200935,0.6610095735422106,0.4596133581908081
22103,0.4868,19.8,6.9,23.6,24.2,8.7,1.4,5.755400169493472,0.7225421214213317,0.5793548089809115
22105,0.8651,30.1,7.5,24.3,38.3,16.8,2.3,5.137619046086656,0.6895156841834296,0.4762314667774826
22107,0.8454,45.4,8.4,21.9,58.6,21.6,1.4,2.0597452039653383,0.5217183770883055,0.6389017074296263
22109,0.7821,24.3,7.3,25.1,34.3,17.6,2.5,4.4943925354709995,0.7623049219687875,0.4642362462769665
22111,0.8724,35.9,8.1,21.7,30.6,14.1,2.8,3.219017102329013,0.7875168560970911,0.4643567939207527
22113,0.7875,30.7,7.5,25.1,22.7,15.2,2.7,3.9081122118218117,0.8226565189123035,0.39063366436457125
22115,0.832,29.0,8.1,25.3,30.2,12.2,1.4,3.624872859776707,0.8428097829486457,0.5973138796938582
22117,0.9822,37.6,9.1,23.1,35.7,16.9,2.6,4.233645351215154,0.7036205291121214,0.4286054465947959
22119,0.8775,44.7,7.2,22.8,38.2,13.3,2.2,4.142472651641558,0.6845423898114621,0.4395148669796557
22121,0.6341,22.0,6.5,23.4,45.8,11.4,2.6,4.96516269819593,0.5593692702603593,0.5466843000188929
22123,0.6325,34.6,8.5,23.1,20.6,18.4,1.8,3.340952085426651,0.8733567046450482,0.415050784856879
22125,0.4668,18.3,5.1,16.1,47.9,16.6,0.0,3.6655933138963452,0.6618862831111861,0.9031346351490236
22127,0.7401,31.9,9.9,20.6,35.0,16.1,0.8,2.733338671214676,0.7744807121661721,0.4868383199079402
23001,0.6007,21.5,7.4,21.2,10.9,8.0,1.7,5.4778840487149125,0.5311155074274608,0.722775843438588
23003,0.6545,25.3,8.8,18.4,6.8,9.4,1.7,2.405039863362956,0.6329596540146816,0.7080158079188725
23005,0.1413,12.2,5.0,18.2,12.1,3.7,1.1,5.8965563058296055,0.31906776279032645,0.9087771988759437
23007,0.4569,22.3,9.2,17.4,5.7,6.1,1.7,2.922264521232972,0.5420941028139148,0.6623398125765754
23009,0.2183,18.9,10.2,16.6,6.4,5.0,1.4,3.5887826037587685,0.439691246324361,0.7953152563333151
23011,0.357,20.5,7.1,19.0,6.6,5.4,1.3,4.969449148398515,0.5140781746143255,0.7413124887573384
23013,0.1724,18.1,7.4,17.3,5.6,6.3,0.7,4.723324712644546,0.40500434130554896,0.8665141305441014
23015,0.1094,16.5,8.9,17.0,6.9,5.2,0.8,4.366901736750685,0.44257834091585524,0.8356528267020846
23017,0.3452,24.8,9.0,17.9,6.6,8.9,1.3,3.3693064183127532,0.5656458682669961,0.7048210435532557
23019,0.4416,21.9,8.0,17.8,7.7,6.1,1.6,3.827148450767424,0.555590691355422,0.7341733049399269
23021,0.4804,24.7,10.5,17.0,7.2,8.0,2.3,1.6631407887545735,0.6488946684005201,0.6356866249627644
23023,0.1015,16.6,6.7,18.3,6.6,5.7,0.6,4.984714506053516,0.4149546006109042,0.8259147701918786
23025,0.3,28.7,8.0,18.6,5.1,8.2,1.3,2.632492556073122,0.6375536480686695,0.6370335155692893
23027,0.2902,20.7,10.5,18.1,6.7,6.8,1.1,4.016087733922572,0.4827177643405785,0.7354400100717613
23029,0.6694,27.0,10.5,18.8,12.1,9.1,1.3,2.5752000084325033,0.619286196802522,0.7478887153828994
23031,0.1304,13.5,5.4,18.2,8.2,5.3,1.3,5.373332982811567,0.446588083617276,0.821774119754769
24001,0.5552,26.4,4.0,17.6,13.3,9.4,0.8,5.090326970661247,0.7057567257427005,0.5684077482390366
24003,0.1639,9.7,4.5,22.4,35.4,6.5,1.8,7.257561096560103,0.428444639455918,0.7931285111025941
24005,0.5571,16.1,5.3,21.6,45.9,8.3,1.8,7.260372226190038,0.3743510930671459,0.7475712196477996
24009,0.0057,7.8,3.2,23.1,24.4,5.5,0.8,6.083077223019727,0.5560900774635883,0.727316941367198
24011,0.7579,26.6,6.8,23.5,26.7,15.6,3.3,4.656880082274273,0.6945893294790423,0.5837873435909717
24013,0.0277,8.9,2.9,21.7,13.2,5.8,0.7,5.960961227756377,0.6281319346378859,0.7379531840875765
24015,0.322,17.6,3.9,22.3,17.5,8.6,2.2,5.706976742156458,0.6577020913027437,0.6049292693597783
24017,0.174,10.1,4.0,23.8,64.7,5.6,1.9,5.902207269259779,0.2918001316978984,0.7296348701740201
24019,0.7824,25.6,5.2,21.0,38.7,12.2,0.7,4.114237460110335,0.5745227606461086,0.6110432522158539
24021,0.1234,9.6,4.5,23.1,30.5,6.7,1.3,6.029511830105419,0.4548299175718765,0.8093794187565257
24023,0.2564,20.1,5.8,18.0,4.4,9.5,0.8,3.81676625511445,0.776151305136343,0.52312676638864
24025,0.0789,11.9,3.5,22.2,26.4,5.8,1.5,6.393955303160292,0.5707786093757518,0.7176843184923328
24027,0.1483,8.7,3.9,24.0,51.6,4.8,1.7,7.188426158655942,0.2837435199696881,0.8882004359974208
24029,0.4353,17.6,4.3,15.7,23.2,9.5,0.5,4.257575286936221,0.5143359230484646,0.6737205231181135
24031,0.4893,12.0,6.7,22.9,58.6,8.7,3.5,7.670517578822702,0.22562688044100973,0.9107794131083633
24033,0.8161,14.9,10.5,22.1,88.4,12.9,4.5,7.592982776447435,0.11480285476704265,0.7762268138964311
24035,0.043,11.2,5.0,21.2,15.8,6.7,0.9,4.915434374126439,0.6418199726749912,0.6899029396002462
24037,0.2466,12.5,4.0,24.0,28.2,8.2,1.7,5.763359708704984,0.5879922259380527,0.6790943529204475
24039,0.8794,29.5,3.9,16.7,48.2,15.3,2.6,4.358766064080543,0.5888021097474389,0.5142879450343535
24041,0.3338,16.4,4.4,18.2,23.6,7.8,1.7,4.950472768338448,0.5001348678295271,0.7566767972889379
24043,0.6325,20.1,5.5,21.7,23.7,11.6,1.8,5.8254461366964545,0.6177468659730208,0.6124105422743613
24045,0.7916,23.0,6.5,22.1,39.3,11.5,2.1,5.628563610660833,0.5279959629645882,0.573946278798174
24047,0.4305,15.0,5.8,17.1,21.0,6.5,1.5,4.734278174545441,0.6122945451143063,0.7386563623842681
24510,0.8565,29.4,5.5,20.4,73.0,12.9,1.9,8.88495006258609,0.12543647716423195,0.6652614197374851
25001,0.1279,12.0,3.0,14.5,13.5,4.1,1.3,6.368237808613006,0.394635252095068,0.7899995304943894
25003,0.4235,18.4,2.1,16.4,13.6,6.6,0.8,4.941084272279861,0.29604328913735634,0.6163881418875656
25005,0.6227,18.1,2.9,20.6,21.9,13.9,1.8,6.950477033776645,0.49340029854916867,0.6857790901547547
25007,0.133,12.8,6.5,17.9,18.9,5.8,0.6,5.298594963262933,0.23102171351624307,0.9799792291714747
25009,0.6055,16.1,2.9,21.0,33.1,10.1,2.7,7.401055150331698,0.3963057454842331,0.7692786369155195
25011,0.4375,19.8,2.2,16.9,11.1,6.3,1.5,4.630008409109943,0.30510887977806694,0.7149900256483328
25013,0.8177,24.0,3.1,21.2,39.6,13.3,1.8,6.62532912515441,0.4546165153310293,0.6836195140360056
25015,0.2708,16.4,2.0,15.1,17.2,4.8,1.0,5.680031965564601,0.2840496867099044,0.6997139837095069
25017,0.2854,11.6,2.5,19.5,31.7,6.6,2.0,7.593659195405184,0.29777263867657733,0.829095259102351
25019,0.1031,10.6,4.7,22.8,29.2,2.7,2.1,5.721912406224441,0.3121495327102804,0.979998245460128
25021,0.2959,10.4,1.9,20.6,28.6,5.8,2.0,7.508809218456376,0.35312852303649434,0.8233921686533904
25023,0.3064,11.0,2.4,21.0,22.1,6.9,1.5,6.6910472357654305,0.45499580928498906,0.7359987106726374
25025,0.7849,24.6,3.5,16.4,56.2,12.9,4.0,9.509276617787496,0.23022579304612828,0.7595853749252091
25027,0.51,15.8,2.5,20.8,26.6,8.6,1.9,6.34485540737477,0.448864663159797,0.7276823874156957
26001,0.1298,23.9,4.3,12.9,6.2,8.8,0.9,2.7834769044153003,0.7106935244017845,0.5902931283037002
26003,0.2908,18.9,3.5,18.0,18.0,6.3,1.7,2.369239437712256,0.6002696975534579,0.6354852876592006
26005,0.1677,17.6,5.1,23.6,13.8,8.3,2.4,4.987973905070152,0.6381152689750575,0.5322871588147119
26007,0.4165,28.0,5.5,18.6,5.8,7.2,0.9,3.942607947264269,0.6449279623640106,0.5658158774863581
26009,0.0566,16.8,5.6,17.2,6.7,5.7,1.8,3.9267867103584977,0.6202987223321936,0.5897358943577431
26011,0.377,23.5,5.7,18.3,6.6,10.6,0.7,3.74685099919585,0.7055635438557681,0.5183766713700195
26013,0.4178,24.6,4.7,17.0,27.9,8.7,1.0,2.3201455192251506,0.6512772439653152,0.6239493239127787
26015,0.0668,14.8,4.9,21.9,7.4,6.9,1.7,4.737470400991018,0.6742724954654189,0.5028107229894395
26017,0.294,22.2,5.2,19.8,11.1,9.0,0.9,5.461778593088377,0.5745141102065754,0.5808331555572794
26019,0.0818,17.9,6.7,17.3,7.6,6.6,1.6,4.051523136811637,0.5439842209072978,0.6380164358887763
26021,0.6338,25.8,6.3,21.5,26.3,8.4,1.5,5.606251749001251,0.5399289298662633,0.5749701762048487
26023,0.7181,25.3,10.7,23.2,11.1,11.2,2.3,4.493745855095265,0.7152560335276266,0.46133694877863823
26025,0.6815,24.2,5.8,22.9,23.7,8.9,1.2,5.250947644871157,0.5711453679320649,0.53254720145499
26027,0.2122,20.0,5.7,20.4,15.3,10.3,2.0,4.666180830190551,0.6715659589911087,0.4476799196709599
26029,0.1518,16.2,7.2,18.2,7.4,5.3,1.2,4.156825957613589,0.58590333716916,0.6536740236392151
26031,0.2599,23.1,6.0,15.7,9.7,10.3,1.7,3.6093663036535304,0.6577550012348728,0.5707390409874981
26033,0.6373,25.8,6.9,17.9,32.4,7.7,1.8,3.199853342624727,0.6233859794957052,0.7111301507403144
26035,0.693,31.9,11.7,19.7,6.2,12.9,1.6,4.024016473272735,0.6906424171311235,0.4690145395799677
26037,0.0414,15.3,4.0,21.8,11.5,4.9,0.8,4.946509100321498,0.543708461210138,0.5896350273258371
26039,0.3707,25.0,5.5,17.5,7.5,9.0,1.2,3.20752828695969,0.6710101613867304,0.520279421198945
26041,0.335,22.5,5.3,19.5,9.1,7.7,1.2,3.4799079483664292,0.6540725974688238,0.6297227811312318
26043,0.0945,18.4,4.9,19.7,6.5,4.0,1.5,3.557777923778361,0.6842977397759661,0.6832283370973493
26045,0.1782,13.9,4.4,20.5,18.5,5.2,1.2,5.250291076522759,0.5159450107546993,0.5792251605180107
26047,0.1149,15.8,6.2,18.4,10.7,4.5,1.3,4.302361115767646,0.554739652870494,0.7355379320664373
26049,0.6573,25.7,4.8,22.3,28.8,9.0,1.3,6.457224477496872,0.4787087506193942,0.5122408597063179
26051,0.5202,26.2,8.6,18.8,5.7,11.0,2.5,3.9462456697329773,0.706009144350098,0.48434123148257296
26053,0.2418,26.8,5.1,16.4,9.2,3.8,0.3,2.656356335582058,0.5865901319003419,0.6564579606440072
26055,0.2033,16.7,5.1,19.7,8.2,5.1,1.8,5.329193905923007,0.5087756225510832,0.6770582674458577
26057,0.4171,23.7,5.1,19.3,15.3,8.1,1.5,4.30506877116371,0.6586636697997548,0.4668517108398222
26059,0.483,26.6,7.0,21.4,6.5,9.7,2.7,4.3489692486268305,0.7602627927854403,0.3941453787961846
26061,0.4213,28.0,6.3,19.7,8.9,5.8,1.7,3.639599877265636,0.5865596474661631,0.5369353211523372
26063,0.2046,22.9,6.1,19.1,5.6,8.7,0.9,3.6540811331852456,0.7054304918382588,0.5497240244020529
26065,0.5759,24.9,5.0,19.6,31.9,6.4,1.6,6.232622196595801,0.34846250327346906,0.5810106495762741
26067,0.3296,17.9,6.7,21.2,14.1,8.7,1.5,4.767990804551863,0.661723901303816,0.47869298421874273
26069,0.4362,28.4,6.4,16.5,7.8,10.2,0.6,3.8524778806496673,0.6552035615200981,0.5678751940144068
26071,0.3239,24.0,6.0,17.2,6.9,7.3,0.8,2.3919560519539416,0.6483722270239124,0.5681366347370324
26073,0.5711,34.3,7.8,17.3,15.7,7.4,1.3,4.7396075876020545,0.5380633675117866,0.4544452713533318
26075,0.5014,20.7,5.7,21.1,17.0,8.0,1.2,5.437476136903902,0.6081262795740608,0.53278026622926
26077,0.4257,21.5,4.9,21.4,24.1,5.6,1.2,6.1446316148064035,0.4097938144329897,0.6291565119630582
26079,0.3035,25.9,7.3,20.4,7.6,11.6,1.8,3.4977094394115595,0.7176574196389256,0.4715046013970507
26081,0.4464,18.1,5.0,23.7,28.1,7.6,1.9,6.653241434347795,0.47270298969862173,0.6275543987031075
26083,0.0076,15.1,7.5,15.0,4.2,1.9,1.2,1.582245033838023,0.5649432534678437,0.5978260869565217
26085,0.721,34.8,7.0,14.9,19.0,17.7,0.8,3.119895298069436,0.6630992523090455,0.6517337382941027
26087,0.2065,17.2,6.4,20.2,9.6,8.0,1.6,4.927817873865401,0.7015127155802396,0.479025648635383
26089,0.0118,12.2,4.7,15.6,10.4,3.8,1.0,4.183441274735744,0.4606960610056763,0.8318551537153623
26091,0.4403,19.5,5.5,20.7,14.5,8.9,1.4,4.893461905051622,0.6168294930875576,0.5393038161115682
26093,0.0041,9.0,3.3,20.6,6.7,3.9,0.8,5.842748079824213,0.6213050795593635,0.6096096252506575
26095,0.5313,29.1,2.6,18.8,19.5,8.2,0.6,1.9534374869099822,0.7383463763184757,0.45480815540215125
26097,0.6211,25.5,11.2,15.2,28.1,7.4,1.1,2.4519398602327946,0.6259264438540064,0.7589591628854524
26099,0.4079,16.9,5.1,20.8,23.7,9.4,1.9,7.514037221152772,0.5697336266129209,0.5748845500771191
26101,0.3583,19.9,4.5,17.0,12.2,9.7,1.6,3.8544945326993987,0.5809922295277944,0.6100659662838993
26103,0.2291,22.0,4.1,17.7,8.6,4.6,0.6,3.629423263638227,0.4555512067840835,0.6565315821826414
26105,0.3812,23.0,6.6,20.1,9.8,6.5,1.7,4.093497519902368,0.608324439701174,0.6178287125995059
26107,0.6102,28.1,7.8,19.5,9.8,8.0,2.1,4.294323326849176,0.6526453711652284,0.42945251190941935
26109,0.1553,19.8,5.0,17.8,7.9,7.3,0.6,3.1546372530478735,0.6701542276989847,0.5908252853380158
26111,0.1683,17.4,3.9,21.1,9.9,5.0,1.3,5.089117642288859,0.5772269026405641,0.6005098850353552
26113,0.4757,22.5,9.1,22.3,7.9,9.6,2.9,3.3220185201727865,0.7841527022528021,0.49292234422542663
26115,0.1588,17.5,3.6,21.1,10.1,8.3,0.9,5.644838654108726,0.637642040721117,0.58578073089701
26117,0.4607,21.9,8.4,21.1,11.4,11.9,1.8,4.562793061897212,0.6978492743486624,0.4321312296518908
26119,0.4311,29.2,6.5,15.1,5.3,11.8,1.0,2.887066913528494,0.7298841453737502,0.5518867924528302
26121,0.63,24.0,4.9,22.6,24.7,7.9,1.9,5.8583936522507,0.5090922665073965,0.5603343972897917
26123,0.5463,25.1,7.5,22.1,11.3,10.6,2.9,4.106895508621216,0.7172907757032092,0.45383830134748876
26125,0.1435,12.4,4.1,20.5,30.1,5.3,1.2,7.291483922473843,0.4460405910393366,0.6730691548238528
26127,0.6252,26.0,8.9,21.9,19.5,10.3,3.9,3.924575255707116,0.6524740295243302,0.5598292212944421
26129,0.4766,27.9,5.0,18.1,6.3,11.8,1.8,3.636202387511125,0.7127719354579755,0.46158975091679766
26131,0.1269,24.8,4.0,11.5,6.1,6.4,1.0,1.6995481229380969,0.6537447257383966,0.7066433566433566
26133,0.5924,25.5,9.1,22.5,7.5,10.7,1.8,3.7294063962061013,0.7434631700732742,0.4265132139812447
26135,0.5797,27.5,14.9,19.6,5.9,14.6,1.4,2.7478563737292196,0.7243664717348928,0.42240019415119523
26137,0.2759,20.1,7.5,20.9,6.0,5.7,0.9,3.9114674214349745,0.6791362337249921,0.5612939841089671
26139,0.1371,13.2,3.4,23.4,17.4,5.8,1.7,6.2664320137362735,0.6037625294392045,0.5878285303087414
26141,0.1957,23.6,6.0,15.7,5.2,7.9,1.8,3.0378976532521627,0.6471408647140865,0.6084815756035579
26143,0.3898,26.7,5.4,14.5,7.3,9.3,1.8,3.835336769529472,0.6667086693548387,0.5702985136766726
26145,0.6707,27.8,4.5,21.4,31.7,9.5,1.1,5.472428000893572,0.5165825417126344,0.5378793842730359
26147,0.2914,20.0,4.7,20.5,9.7,8.1,1.2,5.407667971593372,0.6757393214957791,0.5000628424915791
26149,0.5905,21.4,9.1,24.3,14.8,12.8,1.4,4.809077877940217,0.6724311211228556,0.45671215799488224
26151,0.4613,25.2,7.5,21.1,7.0,9.1,2.0,3.7691657184873995,0.7414159829838954,0.43099344182657273
26153,0.552,28.1,6.9,17.4,15.2,11.0,0.2,2.0642731505293646,0.6621089703749741,0.566716085989622
26155,0.1489,19.7,4.8,20.8,6.7,7.9,1.3,4.862149423820341,0.6171322997028936,0.520228413728311
26157,0.2841,22.7,5.1,20.3,8.0,8.5,1.8,4.206518635235708,0.7176680076502011,0.46502057613168724
26159,0.6494,23.5,7.5,23.0,20.2,11.6,2.2,4.83185695146715,0.5767828101128579,0.583929066955614
26161,0.3223,19.5,3.5,18.3,31.4,4.2,1.4,6.264168151079651,0.2724309709439064,0.7268206560917951
26163,0.861,29.7,5.8,23.6,51.3,12.2,2.2,7.976896686308653,0.3497551737999642,0.5516431025819407
26165,0.5056,25.0,6.8,22.9,8.0,10.0,2.9,4.1071094948088325,0.6756982075864943,0.5216615622491154
27001,0.2838,21.0,5.6,16.3,7.0,7.4,1.1,2.272866966650956,0.656697515830492,0.5998992823870074
27003,0.1807,11.4,4.3,23.6,22.4,5.8,2.2,6.761106993925046,0.522739822420727,0.6100285497350955
27005,0.3808,20.5,6.4,23.9,14.5,6.9,2.7,3.3239147487632854,0.6682305630026809,0.5595677308776109
27007,0.755,27.1,8.1,24.9,29.2,7.6,2.6,2.9691468531403706,0.5288016071501783,0.7080401797067051
27009,0.3719,16.5,3.5,25.6,12.8,8.3,3.1,4.6264618626116265,0.6829573934837093,0.4508302966568026
27011,0.0881,18.3,4.8,21.2,4.9,6.6,0.6,2.428337561779875,0.6507246376811594,0.6485674213584453
27013,0.3831,24.7,3.6,19.6,13.9,5.2,2.8,4.535773512205682,0.5062290840574819,0.6217906079553013
27015,0.1145,15.8,4.1,21.7,7.7,7.0,1.3,3.7692889526282087,0.6792823100644799,0.6697456813819578
27017,0.3678,19.8,4.8,22.1,12.4,5.9,1.4,3.766371558074415,0.5130285152409046,0.6612583981489225
27019,0.0337,6.8,2.6,25.8,13.1,3.7,0.9,5.716942135546322,0.5275517011340894,0.6899960985450427
27021,0.3465,22.9,7.7,20.7,19.4,6.1,2.1,2.7715386791452454,0.6694475051156934,0.5867221867759159
27023,0.6452,22.6,6.9,23.3,14.7,9.3,1.6,3.1111957085163797,0.6732785034671828,0.551864406779661
27025,0.0426,11.0,3.9,22.5,8.6,4.8,1.1,4.928750806214022,0.6595976073953236,0.5883808480178158
27027,0.4381,21.3,3.8,24.7,15.1,5.7,2.0,4.150791783949743,0.4975690332232126,0.6301111768552833
27029,0.7779,20.1,12.5,24.9,16.7,12.4,4.4,2.256491371183014,0.7535834738617201,0.42685416194148335
27031,0.084,14.5,5.1,15.0,15.4,2.8,3.3,1.581618275716073,0.3209668353007307,0.8253706754530478
27033,0.4903,23.1,4.4,24.7,16.5,8.7,2.8,2.9412670195896506,0.7091436369839645,0.5703822793854948
27035,0.2087,17.9,6.0,20.9,6.3,5.7,1.1,4.214604824707134,0.6592701221271277,0.577726539082315
27037,0.1492,10.0,3.7,24.0,24.6,4.4,1.7,6.6614508983144,0.43431308289439396,0.7150885387894765
27039,0.0401,8.2,4.8,25.4,9.4,4.2,1.9,3.882580709446417,0.6633614684913546,0.6164134900162416
27041,0.1174,15.4,3.6,21.5,5.4,4.3,1.2,4.132979213031868,0.6781543950697373,0.5869012348915865
27043,0.1629,21.3,5.3,21.8,11.2,6.7,0.8,3.022999786500198,0.690485590209238,0.5837544861935106
27045,0.2004,16.2,7.9,24.5,5.2,8.1,1.6,3.245409581436478,0.6297303982191442,0.7003844875872217
27047,0.4986,20.8,6.6,21.9,17.2,11.5,1.9,3.798403370861713,0.6080481429700322,0.5899408870248671
27049,0.1645,14.2,5.4,22.1,9.6,5.5,0.7,4.159380329630788,0.583889046538025,0.6793267155804921
27051,0.1998,21.2,5.1,22.9,6.7,6.7,1.2,2.494776690955869,0.6562409498986389,0.5616208975217682
27053,0.4108,15.5,4.7,21.7,33.1,6.2,2.8,7.738408320874589,0.2817956608577135,0.7648910646896969
27055,0.0207,13.1,4.9,21.7,6.0,5.2,0.7,3.558146713450677,0.5838237916889603,0.614247311827957
27057,0.2809,18.6,5.8,21.1,8.7,5.9,2.3,3.186153173744967,0.6600974147620832,0.48527290493695036
27059,0.0913,15.2,5.1,23.2,7.6,7.5,1.3,4.560995335168881,0.7094171815355554,0.441718395901074
27061,0.4012,18.9,5.1,20.3,10.8,5.6,1.7,2.884255398398833,0.6024686669198632,0.5764458231774873
27063,0.0856,15.6,4.0,21.6,9.0,6.5,1.9,2.7220249089661324,0.7141048824593128,0.5239691245175706
27065,0.2612,20.7,4.9,21.4,6.5,8.7,2.4,3.4642434094838555,0.7149748322147651,0.4380241170349513
27067,0.5383,20.0,6.1,24.3,22.5,9.9,2.6,4.021558329929753,0.6577010688628001,0.5582999606472372
27069,0.0958,17.1,4.4,21.7,6.1,4.0,1.6,1.5714182827215266,0.6275551921504497,0.6077245230339693
27071,0.3118,18.9,6.0,17.7,9.1,7.3,0.3,1.5868433038641594,0.6303793672214725,0.5990677896802682
27073,0.0535,14.3,3.0,20.9,5.9,5.9,0.5,2.282891630800788,0.6642820643842616,0.6025970104182394
27075,0.0805,15.7,4.9,19.0,4.9,7.1,0.7,1.8205375448537506,0.48021767907045154,0.6756883751527112
27077,0.0417,17.2,4.7,18.5,8.4,4.0,0.0,1.3653456443060468,0.7389801210025929,0.5647058823529412
27079,0.0694,12.2,5.7,23.3,10.0,5.1,1.0,4.176993233076845,0.6711593441857752,0.5040675736490463
27081,0.069,18.2,5.5,23.4,5.4,6.7,0.7,2.4413367317151056,0.6925996204933587,0.5497428622096117
27083,0.5348,19.6,6.4,26.0,17.8,7.2,2.4,3.5969452671538047,0.6622516556291391,0.5791002590876972
27085,0.1126,13.3,5.1,22.3,10.6,6.5,1.3,4.327079786167486,0.6930855161787365,0.5912016270582008
27087,0.9577,36.0,13.7,31.4,55.4,13.1,4.8,2.3665001046158256,0.544392523364486,0.6189614619142392
27089,0.1133,15.4,4.1,23.3,7.9,7.4,1.1,1.8049768137647253,0.7622702484346596,0.508140531276778
27091,0.2867,21.1,5.6,21.9,9.1,6.0,1.3,3.3680095151675027,0.7012154904362574,0.5656658029771885
27093,0.1018,15.2,5.1,24.0,7.0,5.9,1.3,3.674018415934308,0.7172603554696215,0.4901386616139867
27095,0.5406,18.8,5.5,23.5,11.8,9.4,2.0,3.8632207721543326,0.7073072805139187,0.5925333942230848
27097,0.1448,18.6,4.4,23.1,4.9,7.6,1.1,3.4417039888638814,0.7843981574203885,0.5126400287545678
27099,0.5021,21.3,4.6,25.3,25.0,9.0,2.9,4.049216731912526,0.5533344080821108,0.6365633268433928
27101,0.0983,15.7,5.1,21.8,9.6,8.8,1.3,2.5332307201079516,0.7157219251336898,0.5583353673419575
27103,0.1877,17.5,3.7,21.7,13.4,4.9,0.7,4.3522457365993805,0.5026078710289237,0.6393476104335648
27105,0.8323,22.8,12.0,27.7,44.3,20.6,3.3,3.4668448546597648,0.6807125307125307,0.6280456794119007
27107,0.2806,18.2,6.2,23.8,12.0,7.2,1.7,2.128008673441766,0.6142052565707133,0.6152156862745098
27109,0.2361,13.3,3.8,24.1,22.4,5.1,2.1,5.518907731472716,0.4455118074682801,0.7906350880961256
27111,0.3303,17.8,5.1,21.7,8.9,6.8,1.7,3.448975671154738,0.6738092594648607,0.5227589963571988
27113,0.1416,15.8,3.2,22.5,11.0,4.7,1.1,3.165475381693933,0.6610145934676859,0.5449394433033501
27115,0.4919,19.9,6.0,19.4,11.7,8.8,1.9,3.0732337929567626,0.6786251730572443,0.501943946718956
27117,0.2288,19.1,6.7,27.1,14.8,7.3,0.4,3.052573658412479,0.7443181818181818,0.5605960990576375
27119,0.4365,21.0,4.8,24.5,15.1,6.6,2.1,2.820962749824763,0.6716901315354616,0.5966713429409514
27121,0.028,16.0,3.2,21.0,5.7,4.8,0.7,2.877489555581465,0.6610600706713781,0.5871633034047471
27123,0.7076,20.5,5.3,23.1,40.4,8.8,4.2,8.187332524061468,0.27836362829633354,0.7396919252581675
27125,0.0891,17.2,2.8,24.4,8.8,5.0,2.0,2.307277358700952,0.6894049346879536,0.5750924784217016
27127,0.1794,19.4,6.9,25.0,14.1,7.0,1.2,2.9210250770128963,0.7193410616229409,0.5558998022412657
27129,0.2482,20.2,4.7,23.2,14.0,8.6,1.0,2.770261129484164,0.7110266159695817,0.5591833929062414
27131,0.4598,17.0,6.0,21.5,19.9,7.5,2.4,4.915806178707475,0.5127888367914198,0.6451203488024846
27133,0.1304,17.3,4.2,25.1,7.3,6.0,1.7,3.045492200057575,0.6995260663507109,0.5616747181964573
27135,0.2504,15.7,4.8,23.9,10.4,7.1,1.1,2.31732998041868,0.75,0.5277942631058358
27137,0.3054,21.6,3.7,18.7,9.8,5.1,1.4,3.4973917437369924,0.4301116838487973,0.6848595971266389
27139,0.1034,9.4,3.4,26.5,22.2,5.1,2.4,6.054441466592313,0.5432874129765703,0.7112131156342064
27141,0.1047,9.4,3.3,25.9,12.2,5.6,1.6,5.424771932780784,0.677419922562478,0.4738682408112055
27143,0.1139,14.7,4.5,22.9,12.5,6.8,2.1,3.27294213847717,0.7189479976090855,0.5006390850992264
27145,0.4572,20.9,4.3,23.2,17.0,7.3,3.2,4.780129911911845,0.6362831962813086,0.6055564178177868
27147,0.3105,17.1,3.7,24.5,14.9,7.3,1.6,4.47800605843414,0.6248528834837191,0.6217359273104314
27149,0.1728,20.3,5.0,21.9,14.6,6.4,1.8,2.9001607607473803,0.6375,0.5927587965323814
27151,0.5119,24.8,5.9,22.9,11.9,6.9,1.7,2.6543106154632365,0.6736587333602259,0.5888193395208289
27153,0.5915,21.7,9.4,23.8,12.3,11.0,3.8,3.323069845797255,0.7718360071301248,0.4387366201751541
27155,0.1829,18.9,2.4,21.6,13.8,6.2,0.8,1.9211535039774823,0.6611804767309876,0.6603252531451366
27157,0.0986,13.3,4.1,21.6,6.0,5.5,1.8,3.738588558471271,0.6435366958622772,0.7636287973366626
27159,0.7448,24.0,6.1,26.3,8.4,7.5,5.7,3.307028429471687,0.7605349482715115,0.5070896067826342
27161,0.2195,15.4,3.9,23.1,11.5,7.1,1.8,3.8235796466308125,0.6655524970507275,0.5817751987964754
27163,0.0503,8.0,3.5,24.1,20.2,3.8,1.1,6.55008902747367,0.4545487484525499,0.7241312299954276
27165,0.6583,19.1,11.4,24.5,30.3,12.2,3.0,3.2869734144772775,0.6417879417879417,0.5953014591171882
27167,0.1556,19.6,2.6,21.7,8.1,6.7,1.4,2.2610797327757153,0.699023199023199,0.5717738037699371
27169,0.2377,21.3,5.2,17.7,9.8,6.9,1.9,4.388474282268337,0.5249660138883786,0.6696973298470803
27171,0.0235,8.6,4.5,27.5,10.1,5.1,1.4,5.378032365677928,0.6494312893046065,0.5616684853696785
27173,0.237,19.2,3.9,23.2,11.4,7.4,2.3,2.6104890641349736,0.7071509648127128,0.5771964156967762
28001,0.971,41.5,12.7,21.6,63.2,17.5,1.4,4.168882576102379,0.4297192151556157,0.5641351448212948
28003,0.8944,32.2,13.6,22.7,19.2,18.1,2.1,4.4748665904023275,0.8446446446446446,0.4034313858144129
28005,0.7894,38.0,11.4,20.5,42.1,12.5,0.7,2.9108057231892954,0.6662704309063893,0.41091323086931775
28007,0.957,36.4,9.9,25.2,47.4,15.9,2.9,3.229865921998383,0.6171436038154972,0.5572246065808297
28009,0.7725,30.7,13.8,21.0,39.9,22.0,1.5,2.984764418508329,0.6579288865818842,0.5350526698147475
28011,0.994,47.1,14.6,24.5,69.2,17.8,3.5,3.583844720369039,0.3805249951746767,0.6064385529580776
28013,0.8988,34.4,11.5,22.6,36.2,21.7,2.8,3.156645068933511,0.7417362270450751,0.45644453728848966
28015,0.7,36.1,7.5,17.8,36.7,21.2,2.0,2.8215186560815497,0.7227281534586321,0.42696290338795617
28017,0.9542,35.5,10.6,24.8,50.9,24.0,1.9,3.553263721220212,0.5689775421955643,0.49593638542945684
28019,0.7932,31.4,12.4,21.2,33.0,13.1,1.3,3.026606724388386,0.749089963598544,0.3712545676004872
28021,0.819,49.0,19.5,21.5,88.9,17.9,0.8,2.973232208243316,0.15906499429874574,0.5594125500667557
28023,0.8021,32.1,14.0,22.3,37.4,14.3,1.8,3.15654200133742,0.6769905622756879,0.5856122514638697
28025,0.7913,36.7,11.5,22.7,62.0,18.3,0.6,3.836286112742498,0.44747688537373287,0.48208738869331125
28027,0.9895,49.3,13.4,26.6,80.4,18.7,2.9,3.6749081623491433,0.29885399613037655,0.5337190381486169
28029,0.7976,35.4,14.4,22.5,56.5,15.1,2.3,3.6188059515867588,0.5306228373702422,0.5583110636023517
28031,0.7674,35.1,9.9,24.3,40.5,17.1,0.5,3.812818740487022,0.6676905574516496,0.5781283537239751
28033,0.3563,17.1,8.9,25.2,40.2,8.8,2.2,5.971062771683544,0.6235033144369349,0.5687636865013923
28035,0.9497,34.9,11.4,22.4,43.1,10.5,2.2,5.125087824397532,0.5909674199757611,0.4518472034927968
28037,0.5787,37.9,10.9,23.1,37.5,15.7,1.8,2.683459597918278,0.7000494559841741,0.49332296123427977
28039,0.8384,32.7,13.6,26.4,13.7,14.0,3.0,3.9565931119498448,0.8965078210258276,0.41138775510204084
28041,0.7776,27.8,14.1,18.7,29.1,18.9,1.7,3.0048090709548676,0.8511851719836037,0.3790666862947151
28043,0.8492,34.9,12.8,23.9,48.4,18.0,2.1,3.948770725248671,0.5819174132427144,0.5396473648713749
28045,0.4776,24.3,10.3,19.5,15.7,9.6,2.5,4.585731634473975,0.7965243960660746,0.4561219348337252
28047,0.9182,27.5,14.1,23.7,37.6,10.9,2.3,5.899633832827821,0.646178649469701,0.5694780853517878
28049,0.9154,33.6,12.5,23.6,76.3,11.1,2.7,5.566198657944745,0.2663677967684692,0.5991071428571428
28051,0.992,50.3,12.1,25.0,84.9,19.0,1.8,3.1469875121790523,0.1865526039321627,0.6174015285126396
28053,0.9787,56.5,15.5,25.8,80.0,25.2,2.4,2.970221825324086,0.2883775123798427,0.6049107142857143
28055,0.9539,33.5,12.8,10.4,72.5,35.7,4.8,1.3661520669525742,0.5077186963979416,0.45214770158251694
28057,0.2463,21.8,10.5,21.2,11.2,14.8,0.8,3.825053767432922,0.9026540284360189,0.3551517742625053
28059,0.8288,25.4,12.9,23.0,33.3,11.3,2.5,5.29747866600609,0.7016298582312662,0.4886817020269188
28061,0.6281,32.4,11.3,22.7,55.8,11.4,1.6,3.2240996549978407,0.5252551020408164,0.5253006164927059
28063,0.8991,50.6,11.3,21.7,87.0,24.1,2.0,2.698767538753149,0.16554467564259487,0.7253218884120172
28065,0.8743,37.7,12.7,19.9,62.5,14.5,2.2,3.3549365447375816,0.43084409507767174,0.4654025880661395
28067,0.791,32.3,11.0,24.8,35.8,13.9,1.5,4.581320469518171,0.7359189454188909,0.4455196922082881
28069,0.95,33.1,14.8,18.2,66.6,20.0,4.3,2.5432111280372824,0.41527504911591356,0.47885444467255184
28071,0.4391,31.5,9.1,18.0,30.1,8.2,1.4,4.498946769981043,0.6107102495001304,0.5600807123419538
28073,0.6032,24.1,12.7,24.4,27.6,8.8,1.8,4.873211614889009,0.7469528637687413,0.6086228944003284
28075,0.959,36.1,9.9,23.5,48.7,15.8,1.9,4.647972374339465,0.6069430128110734,0.5250590219224284
28077,0.8505,39.0,13.9,25.2,35.9,17.1,1.9,3.357328327071569,0.6841317365269461,0.5668202764976958
28079,0.9574,34.6,15.9,22.9,52.3,18.7,3.1,3.627048122599714,0.6177777777777778,0.5031598349863952
28081,0.7455,21.8,11.2,24.9,36.3,12.7,3.8,5.2269347074372465,0.6962952367329424,0.4466033053981928
28083,0.9411,48.8,14.4,27.8,78.8,16.8,2.1,3.8711488787579342,0.30589496248660236,0.6359862328353972
28085,0.6042,30.9,13.9,23.1,32.9,12.7,4.2,4.101957510725281,0.7284312476105518,0.4001112640178022
28087,0.7521,29.5,10.6,23.7,50.0,12.0,1.1,4.7607358276321285,0.541165281396022,0.5246522740848195
28089,0.3554,16.6,7.4,24.4,45.1,7.4,1.6,5.036591748545822,0.5875202151436411,0.6497384071062933
28091,0.8928,39.5,15.7,23.3,36.5,17.2,1.5,3.8268001794844944,0.7100730453602669,0.47385341635127987
28093,0.8699,32.6,11.6,20.6,52.9,17.2,2.8,3.8942196829295597,0.5366296670030273,0.5664702215674052
28095,0.6163,30.3,10.5,22.6,33.3,15.1,1.7,3.821194743556952,0.6808977493574071,0.5168784749801429
28097,0.9599,42.9,9.7,22.7,47.9,24.4,2.7,3.2223559662273455,0.604778156996587,0.5669565217391305
28099,0.9402,40.5,12.7,27.6,42.3,17.7,7.1,3.9476335163945357,0.7566815144766147,0.4328937427021087
28101,0.6793,34.4,14.3,24.0,40.8,14.3,1.2,3.6329072759823933,0.7184119428818693,0.549528975164145
28103,0.964,37.2,18.7,24.8,74.4,18.9,0.5,2.7575176757221183,0.26040723981900454,0.5651339157146972
28105,0.6939,39.8,7.9,17.4,44.0,9.1,1.4,4.7286465681755026,0.501408292023434,0.5231411458648436
28107,0.8626,37.1,13.6,24.6,53.1,18.1,3.0,3.899789135429994,0.5750543363948678,0.4906995788488535
28109,0.6907,26.3,13.1,22.5,19.6,13.1,2.0,4.254988966507912,0.8369369369369369,0.493814711443234
28111,0.6914,35.2,14.1,22.1,22.6,14.1,3.5,2.932984416586312,0.8041068508086499,0.38795623486177233
28113,0.9812,40.8,12.7,25.6,57.6,17.3,2.7,4.595068164106672,0.5176278918214402,0.519751578090002
28115,0.6087,28.1,12.0,26.3,24.9,19.9,3.3,4.1538410712210885,0.8413358176866849,0.42537452601479453
28117,0.6993,31.2,8.8,22.1,20.1,16.5,1.5,4.112685485364443,0.8324602250679084,0.43695773302555124
28119,0.9551,47.8,15.8,22.8,75.2,24.8,2.5,2.778409037952153,0.34335744194899126,0.5535924617196702
28121,0.3732,15.7,9.3,22.6,27.5,10.0,1.1,5.316597471099015,0.7380938569522594,0.5236071127254929
28123,0.9217,40.7,13.3,27.2,51.3,22.3,1.7,3.8472926078443015,0.6205352599979648,0.5197695918077088
28125,0.9838,49.1,20.3,23.9,73.5,20.3,3.3,2.308248988086159,0.3144977168949772,0.5730155056699838
28127,0.7808,27.8,12.7,23.7,38.8,19.9,1.9,3.805369493006361,0.6846160819508658,0.46500112536574384
28129,0.7251,32.1,15.0,23.0,26.5,18.0,2.3,3.156597728166625,0.8052935010482181,0.3511560693641618
28131,0.8587,30.5,12.5,21.6,23.8,14.4,4.6,3.7427413066945134,0.7932090885882053,0.4710405759162304
28133,0.9303,41.8,11.6,21.4,76.4,23.0,2.3,3.6394676666158343,0.32132362335505305,0.5436081242532855
28135,0.9141,40.0,15.9,20.4,65.1,21.9,0.6,3.0228403900107197,0.4700785815031231,0.42421609095517415
28137,0.8915,28.3,12.9,22.7,35.8,16.5,4.9,4.254313558110502,0.7209576138147566,0.46156562268281487
28139,0.8839,33.6,14.2,23.8,22.9,20.7,3.6,3.882574035582806,0.8376875459028433,0.429570747217806
28141,0.7467,32.8,12.0,21.5,9.0,18.5,1.8,3.8154188931447184,0.8974958263772955,0.39550121240262087
28143,0.9602,48.7,13.1,28.5,81.7,16.4,4.6,3.115783861636255,0.30311077389984825,0.5351951827242525
28145,0.6977,27.0,10.1,25.1,22.8,22.4,2.7,4.220721568135991,0.853873524179201,0.40166579906298805
28147,0.8982,34.6,10.4,23.0,47.3,18.5,2.9,3.5662134182094194,0.635956098315041,0.4244715105697886
28149,0.8279,26.7,11.2,23.7,53.2,12.3,0.7,4.335216345938738,0.5200110558319514,0.5904673762147155
28151,0.9971,43.2,13.4,25.3,75.7,19.9,2.7,4.136927964233406,0.323206340378198,0.5222164021043522
28153,0.9119,35.1,18.2,24.5,42.9,17.5,2.0,3.2337060101195743,0.6650812963167791,0.39989099737402767
28155,0.6112,24.0,13.5,23.7,21.8,15.2,0.8,3.20300504851426,0.8279060588119203,0.49107235008772837
28157,0.8349,41.3,9.8,20.9,72.4,14.7,0.5,2.608644258747624,0.37171507607192256,0.6755504055619931
28159,0.8543,35.2,11.0,21.9,50.4,14.5,1.6,3.4083475187786783,0.5920134712533077,0.49228627123363966
28161,0.7429,35.2,13.2,21.8,42.2,15.5,0.9,3.323446006433374,0.6058205613914242,0.6687314172447968
28163,0.9975,42.0,13.7,21.2,66.1,23.0,4.0,3.42685641395415,0.5121348314606742,0.5071067699562142
29001,0.4006,32.9,8.1,18.2,11.6,8.0,1.4,3.8197672392875432,0.6700643245917862,0.4692419997632482
29003,0.0169,14.7,6.3,22.9,7.0,5.5,0.3,3.755728273737947,0.7621154439757176,0.40057588075880757
29005,0.2249,25.5,11.6,20.7,5.6,9.3,1.9,2.363618988338094,0.8026855650876539,0.5759284464320436
29007,0.7105,29.8,15.0,22.6,13.0,13.2,2.2,3.6090431264589156,0.7412149802637913,0.3896722861194265
29009,0.5768,29.0,13.1,22.4,18.9,14.5,4.8,3.81981679308621,0.8205608644057211,0.4567045740311269
29011,0.6767,36.9,11.5,23.6,9.3,13.4,0.6,3.0317652503696544,0.8628533199531694,0.3400544495490897
29013,0.7114,29.0,10.6,23.6,7.8,11.5,4.0,3.007836209986575,0.8108892921960072,0.39803363838733613
29015,0.5364,27.4,11.7,17.3,7.4,12.4,1.8,3.362537346486883,0.7974186307519641,0.49339093761250835
29017,0.4241,29.6,10.3,21.4,6.1,15.7,1.8,2.9040902887539204,0.8764907694821108,0.3383334706997445
29019,0.4244,25.2,6.6,20.1,22.7,5.2,1.9,5.5964206448551455,0.4501900709219858,0.6394274726675274
29021,0.8218,27.3,12.8,22.5,18.9,10.4,2.3,5.337966579209808,0.6421429383024656,0.39777253788745937
29023,0.8412,35.0,13.3,23.3,13.4,16.4,2.4,4.12480725005902,0.8215596589304873,0.3547012571213334
29025,0.3163,27.9,11.0,23.6,6.9,10.2,1.2,3.0826652941334833,0.8094011590470058,0.39977827050997783
29027,0.2447,18.6,10.0,20.8,11.0,9.8,0.4,3.995287316471821,0.7195722127579027,0.4923004715821469
29029,0.3493,20.0,12.7,17.4,7.1,8.3,1.8,4.203068610136197,0.7739425773073734,0.4662779397473275
29031,0.3099,23.1,6.9,21.3,15.4,8.2,1.4,4.957434873227748,0.7351539773297221,0.5022124735327307
29033,0.1378,24.0,7.0,22.2,6.1,8.6,0.1,2.584419892383885,0.8245496997998666,0.5038598916925913
29035,0.4823,31.2,16.1,21.9,7.3,16.6,0.1,2.4374914392255755,0.8723702664796634,0.3385155466399198
29037,0.1257,12.8,8.6,23.7,14.5,5.9,1.4,5.051968346370105,0.6626014177128704,0.5393836263944035
29039,0.6643,34.6,16.0,24.1,7.3,14.2,2.0,3.439405703155459,0.8512071869736103,0.324412851069761
29041,0.1747,20.5,8.1,22.5,6.2,7.9,1.0,2.386358928058331,0.784163788850518,0.3890385133315378
29043,0.1107,15.0,8.6,25.2,8.5,7.2,2.7,5.076392320192465,0.7640805112584363,0.47053445454032394
29045,0.265,28.0,12.2,24.6,4.3,10.4,2.9,2.657725361240547,0.8100997883277895,0.32514344563778136
29047,0.2692,14.8,7.8,23.8,21.2,6.2,2.0,6.457481693744521,0.5286762006670155,0.5583041272584698
29049,0.1661,17.9,9.0,23.4,7.5,6.2,1.8,3.9415139474027923,0.742560865644725,0.4882032667876588
29051,0.2049,15.4,7.0,22.2,19.8,7.5,1.1,5.28510335778684,0.6745702730030334,0.5415727408951724
29053,0.3716,21.4,9.8,22.2,12.2,9.5,1.5,3.4311565452852446,0.7314645308924486,0.4584109774690835
29055,0.657,26.3,13.8,22.3,7.1,15.8,1.4,3.4659981231947987,0.8132849567401619,0.3427675585284281
29057,0.595,35.0,11.2,20.2,7.1,10.6,2.3,2.8037119145954104,0.8383522042881233,0.4427985716175109
29059,0.5466,32.6,15.6,23.9,6.6,11.1,1.7,3.4879317209098337,0.8257023311416617,0.3588102855788601
29061,0.5157,27.1,14.9,25.1,4.6,12.9,3.6,2.769117928526311,0.8196088522902728,0.3442860594346461
29063,0.1753,18.2,9.9,18.1,15.3,10.8,0.6,3.3705622001662836,0.8170347003154574,0.28692117637682313
29065,0.6551,29.4,13.0,22.6,7.6,14.4,3.6,3.009358727260816,0.85436203466894,0.35285429910742955
29067,0.5969,30.2,10.6,22.3,6.5,15.2,1.6,2.7412736873402697,0.8623929262227135,0.24580963215775503
29069,0.9707,33.7,17.6,25.7,23.2,20.0,2.8,3.970108219563647,0.8111411682196172,0.3857059489890495
29071,0.1066,16.2,7.7,22.5,9.1,9.6,0.8,4.7418428951407074,0.7319591390003648,0.5534063693287293
29073,0.2488,20.1,8.1,20.7,5.6,11.1,2.8,3.385001979388843,0.8037854889589905,0.5148238814089487
29075,0.4066,27.2,11.6,25.0,5.3,12.4,2.1,2.6141145488841957,0.8114478114478114,0.451225079896515
29077,0.5317,25.0,11.9,20.8,14.1,6.9,2.4,6.095882868554447,0.6056352913821894,0.5066465133100865
29079,0.679,25.8,18.4,25.0,6.8,14.6,1.5,3.1651703212250606,0.8204306000916171,0.3652791878172589
29081,0.4378,30.7,7.4,24.1,6.0,9.2,1.3,2.512471671196724,0.8604651162790697,0.3524904214559387
29083,0.6526,25.4,10.7,21.8,7.7,10.9,2.7,3.48610847433496,0.765733296368173,0.4719116568914956
29085,0.6157,37.4,14.6,16.9,6.1,10.6,1.1,3.099783894008639,0.8077074321667322,0.39008801341156746
29087,0.1705,22.8,10.0,20.1,5.3,6.4,0.6,2.326030926318887,0.8473706712270201,0.43016125369066543
29089,0.35,22.1,9.8,21.9,12.7,11.5,1.3,3.1297008676240763,0.7249230769230769,0.44015598440155984
29091,0.7693,36.5,15.8,24.0,7.1,13.8,1.8,3.7864280669332135,0.8365947038179304,0.3414263279906274
29093,0.6074,27.9,11.0,20.9,7.7,13.7,1.7,2.908732222252665,0.8155774395702775,0.397037037037037
29095,0.6866,22.6,11.6,23.3,38.9,8.3,2.0,7.077183921960112,0.5210195490456144,0.5946606809850771
29097,0.7451,29.0,13.8,24.6,17.7,11.7,2.2,5.2642702712693215,0.7370584796424463,0.4858647632862983
29099,0.1136,14.6,7.9,22.8,9.8,8.8,1.2,5.848964062778827,0.6861015106868997,0.4604253579822375
29101,0.3815,21.8,10.1,21.7,15.6,7.6,1.7,4.19190062930242,0.7007481296758105,0.46023084606562836
29103,0.2679,28.9,25.3,23.8,6.0,14.8,0.5,2.1381796114505147,0.8262569832402235,0.4061631725183127
29105,0.7327,30.1,11.6,24.7,8.9,12.7,1.6,3.8745349012718697,0.8370291526225534,0.3863057413990986
29107,0.1101,17.7,8.4,23.0,9.2,8.3,0.6,3.9759055184104874,0.7476196073821558,0.4687538216949982
29109,0.7362,28.4,14.5,25.2,12.7,14.2,3.0,4.150973218948581,0.822017644802455,0.38959718420023465
29111,0.4486,27.7,8.2,21.5,8.0,13.6,2.1,3.0337766907079677,0.8034708136128015,0.35055237315875615
29113,0.1976,18.6,8.7,25.2,7.7,9.3,1.6,4.575073519606654,0.7825895386164788,0.4013691898395269
29115,0.1263,25.6,8.8,23.5,5.9,9.6,1.1,3.0115126925408666,0.7895017793594306,0.47625838926174496
29117,0.3073,21.6,10.7,21.8,8.1,12.5,0.7,3.3342042045795854,0.7914038433328444,0.43816904183358507
29119,0.8899,35.2,20.7,25.5,30.3,20.7,6.5,3.791948856930961,0.8464278005611915,0.34531681043919954
29121,0.3388,19.7,11.7,23.2,7.5,8.7,1.6,2.9926110359431637,0.8096645675363063,0.4188661771515512
29123,0.5097,20.5,15.0,23.9,6.2,11.8,1.8,3.2803583365638116,0.8272297178903102,0.41090337524818
29125,0.4814,23.0,10.4,20.5,6.6,13.0,1.5,2.8357009225509775,0.840784479122733,0.45027020811774177
29127,0.4368,25.3,7.8,23.1,10.3,10.3,1.1,4.193982474208161,0.767181141058128,0.4305643182614791
29129,0.4878,28.0,12.1,24.2,7.1,9.0,1.8,2.1689979980157763,0.8679775280898876,0.36909040641415536
29131,0.3793,25.4,10.8,23.3,5.9,10.9,2.3,3.7599043524930256,0.8396804467540526,0.3410359498809477
29133,0.9106,39.9,12.4,22.1,29.5,20.7,0.9,3.430620702859004,0.7703100248925097,0.43937784522003037
29135,0.5367,18.6,16.0,25.0,11.1,13.6,3.8,3.640421189539764,0.8173852573018081,0.3672824200347136
29137,0.5059,26.2,12.6,22.1,8.1,10.0,1.7,2.666130478356912,0.8022155550426956,0.4559231837112448
29139,0.4187,25.3,9.8,22.3,7.3,12.3,2.3,3.1066382873211156,0.8032290615539859,0.49822526188208816
29141,0.8657,30.1,24.1,22.7,7.1,20.3,3.5,3.595154320130884,0.8014316837846249,0.3773694672031803
29143,0.7891,33.7,13.8,23.5,23.9,16.7,1.4,3.227362459723729,0.7692193968066233,0.34504567814476456
29145,0.5682,25.4,13.4,23.6,17.7,10.7,2.7,4.558786488439908,0.7962139631816603,0.2660725324541521
29147,0.2151,27.1,8.6,16.6,7.2,5.8,0.8,3.2231028600187672,0.7209642074506939,0.5014032228861126
29149,0.6589,39.6,19.6,23.1,6.7,14.2,3.2,2.494850076619765,0.8480349344978166,0.32320258334124796
29151,0.0181,13.0,4.9,23.0,3.0,7.2,1.9,3.1375886538928017,0.8683798591181842,0.4038193169298568
29153,0.5632,37.8,16.5,19.3,5.7,19.1,2.2,2.5385793321861483,0.8528047237452552,0.3249400479616307
29155,0.9364,43.1,13.0,25.8,33.7,17.8,2.7,3.4836076994957326,0.7463795731707317,0.32515026890224613
29157,0.3175,19.3,7.1,23.0,6.0,14.4,1.6,3.7133562363872996,0.8196654008005748,0.40301003344481606
29159,0.6936,24.5,14.1,24.9,16.6,12.4,1.8,4.160671443607605,0.747286405158517,0.4403032664918869
29161,0.6402,27.8,9.3,21.0,13.8,8.2,1.6,4.215852376057421,0.7174449755738824,0.44971170888205864
29163,0.7216,25.3,9.2,22.7,11.0,13.6,2.3,3.3115997704305613,0.7917363882095507,0.38132444541580157
29165,0.1632,13.1,6.3,23.4,21.5,3.6,2.2,5.544973201795702,0.5159358701950937,0.5889597578961482
29167,0.6077,28.2,14.4,22.8,7.6,12.1,2.4,3.93492728389323,0.8114968987786942,0.39690192540981056
29169,0.6927,25.0,10.8,21.8,31.1,5.5,3.3,4.59713037668012,0.7546272158498436,0.5928108426635239
29171,0.3258,17.9,12.9,22.6,5.0,6.6,2.6,2.310699788001469,0.8534628378378378,0.3528534923339012
29173,0.1168,20.9,8.1,20.9,6.8,8.5,0.8,3.137407024002557,0.7985686856344912,0.2920748860219226
29175,0.6268,27.7,11.0,21.8,12.4,10.4,1.2,3.9525835316280866,0.7639768658771688,0.392152901244545
29177,0.0932,21.2,10.3,22.6,7.1,10.3,2.1,3.7290022466983745,0.7461184838234018,0.40794161091319836
29179,0.6354,28.2,12.9,18.6,7.8,21.3,1.6,2.1456418350544135,0.8443271767810027,0.279585326953748
29181,0.476,34.9,16.9,23.5,7.1,17.8,1.1,2.9024103834416763,0.8676496097137901,0.30207706201083684
29183,0.034,8.0,4.3,22.8,15.0,4.6,0.9,6.587300857047636,0.5860852549660255,0.6298312032674829
29185,0.6182,31.4,14.8,20.4,7.3,10.6,2.6,2.696153919551579,0.8059097348714835,0.35064382249654147
29186,0.1537,18.6,5.6,21.3,5.8,8.5,1.2,3.63892155075785,0.7278467908902692,0.45825416340672853
29187,0.7257,26.9,12.0,21.2,9.6,13.1,1.8,5.0029784142460105,0.7596004517859664,0.44561481812095516
29189,0.3401,15.6,5.9,21.9,36.9,5.8,1.2,7.585251114852861,0.38082561986317326,0.666235836673523
29195,0.44,23.0,6.8,22.1,22.2,12.1,0.7,3.4573538177386225,0.7044666088464874,0.47656078379684547
29197,0.2329,18.3,17.2,25.9,4.6,7.6,3.2,2.655433811301043,0.826222684703434,0.27510729613733903
29199,0.3169,21.8,31.1,29.6,3.1,16.8,1.9,2.4692103112843067,0.8110817941952506,0.270093839249286
29201,0.665,27.0,11.2,24.0,18.1,13.6,2.5,4.517497122598527,0.796372248859107,0.4440961337513062
29203,0.4429,26.0,12.2,21.8,7.0,14.1,7.3,2.0924643209058478,0.8433191276009024,0.3128826843007593
29205,0.3968,34.7,10.0,24.2,5.4,11.5,0.4,2.5708664640322696,0.8302992903424868,0.47892074198988194
29207,0.4359,29.5,12.8,21.9,6.4,18.5,1.7,3.5783093914302047,0.8715881352171019,0.4072006890611542
29209,0.4337,26.2,9.5,16.4,6.1,9.7,2.1,4.2270332321634445,0.8092427675607314,0.3847020530796194
29211,0.5068,27.1,8.6,22.4,23.6,14.2,2.4,2.325645511578313,0.8329922226770364,0.4403021842667105
29213,0.7941,27.0,15.6,20.7,12.9,10.2,2.7,4.49863640981692,0.7993977037455299,0.41460449148905737
29215,0.8575,35.8,16.7,21.5,9.9,15.1,2.0,3.0951040578959765,0.8611499475707795,0.3340814237341523
29217,0.5733,31.2,16.5,23.8,6.7,11.6,1.8,3.2161428729877186,0.8003601170380373,0.3605018722948986
29219,0.1689,17.0,7.4,23.4,9.7,11.7,3.2,4.435141694381084,0.7500628614533568,0.42643552413812447
29221,0.7957,33.5,11.9,23.5,8.0,18.3,2.2,3.466729127729278,0.8282371448235178,0.3272543469470279
29223,0.6675,35.5,13.6,19.6,7.2,17.8,5.7,2.747008831072903,0.8653019095131601,0.37155286258059506
29225,0.5437,25.3,13.3,27.3,7.9,12.1,3.0,4.208610384704402,0.8139736212252381,0.4314507981410386
29227,0.2237,29.1,8.7,20.2,4.5,6.0,0.4,2.1322193803906284,0.8263254113345521,0.4217585692995529
29229,0.749,37.2,16.0,26.0,6.9,17.6,1.4,3.3357136131617557,0.8813292915684293,0.3634971840997321
29510,0.8139,30.3,10.1,18.5,55.4,10.0,1.9,8.4825141907822,0.16996485061511424,0.6168323485574364
30001,0.2043,25.7,6.5,17.2,10.9,5.7,1.4,0.9963499463400023,0.7245134797357615,0.5509362107267534
30003,0.7646,42.1,18.7,33.0,73.8,10.7,8.8,1.28623805289617,0.5088372093023256,0.9201892033936482
30005,0.9443,33.5,17.4,29.7,56.9,10.9,5.1,0.9794215414710801,0.5309672929714684,0.8823529411764706
30007,0.0827,19.7,8.1,18.7,10.8,6.7,0.5,1.9244570395916707,0.8098818474758325,0.3472823472823473
30009,0.1241,18.7,7.2,17.5,8.0,4.2,0.8,1.8242769811974715,0.6672794117647058,0.48307692307692307
30011,0.4069,26.7,13.6,18.2,6.8,5.7,1.8,0.33557582624496035,0.9101796407185628,0.3194888178913738
30013,0.4435,22.9,6.9,22.3,16.5,6.6,1.4,3.474714193552782,0.6152305159165752,0.5601233930634417
30015,0.2584,25.7,5.8,23.2,23.8,7.7,0.7,0.910050866359629,0.6672566371681415,0.34001774622892633
30017,0.3589,19.6,7.4,19.7,10.6,5.6,2.8,1.4256262862677216,0.7523690327194708,0.45071040168391513
30019,0.1228,24.1,4.2,18.6,9.5,3.8,1.0,0.7305558515406457,0.8347639484978541,0.42485207100591715
30021,0.0764,12.7,4.0,21.5,8.5,4.8,0.1,1.5599431178838974,0.8022561380225613,0.3839544874027633
30023,0.6417,31.5,7.2,12.9,10.4,9.5,0.3,2.6252063227348312,0.4950053134962806,0.5929978118161926
30025,0.1508,18.0,6.5,25.7,7.0,3.5,1.3,1.0348794548939486,0.8888130968622101,0.3510189739985945
30027,0.3837,21.5,14.1,19.7,6.8,5.4,2.2,1.2945239933007702,0.7653769076614768,0.4823529411764706
30029,0.2094,19.2,8.8,21.7,8.9,4.4,2.3,3.0831338293980046,0.6735338150100891,0.4394158333815001
30031,0.0783,18.3,7.4,19.2,10.3,2.4,1.7,3.848830717856934,0.4834178581461713,0.6087701207683032
30033,0.0652,21.6,15.5,22.4,2.5,2.9,5.1,0.189545835925087,0.9509433962264151,0.1971383147853736
30035,0.9752,43.1,30.0,29.5,71.2,13.3,7.3,1.7229640194988622,0.39798850574712646,0.880680578782811
30037,0.1451,23.3,13.0,15.8,14.5,8.7,1.4,0.5400524487609453,0.8678500986193294,0.4762484774665043
30039,0.2246,25.8,6.3,15.7,6.5,9.6,2.1,1.0818121453066079,0.7263705103969754,0.3799940810890796
30041,0.4419,27.1,7.2,27.8,32.0,9.6,1.3,1.8871406686445371,0.5950807071483474,0.7210628488231012
30043,0.1158,11.3,5.7,20.1,8.7,6.3,3.1,2.1290379042058087,0.6878411910669975,0.5222976843138859
30045,0.049,24.9,5.2,24.2,7.4,5.8,0.0,0.7374307471799235,0.7986322188449848,0.40358744394618834
30047,0.7541,27.6,15.4,22.6,35.7,7.7,2.4,3.0974021063550605,0.6028065893837706,0.583623350187143
30049,0.1906,16.4,5.5,21.3,10.3,5.0,1.0,3.0759595267212654,0.5295089241692141,0.6174962553289549
30051,0.6592,40.4,5.7,26.4,2.9,23.4,0.9,0.8728481259638359,0.7784679089026915,0.345742404792469
30053,0.5628,31.3,13.3,18.0,8.9,7.6,1.8,1.8839897485846884,0.7730822631030893,0.36226226226226227
30055,0.0121,8.5,5.8,16.9,9.6,3.1,1.1,0.5073035747477972,0.8783018867924528,0.1814903846153846
30057,0.098,12.8,8.9,15.0,8.3,3.6,1.6,1.2344098036134181,0.7320748730964467,0.4575581395348837
30059,0.0188,20.1,6.3,15.3,7.6,2.8,0.4,0.595769448953332,0.7762237762237763,0.5171858216970999
30061,0.2218,22.1,7.5,20.8,9.8,6.9,2.0,1.5715919388350017,0.7483564645726808,0.5576529451899022
30063,0.2762,19.9,6.5,18.3,12.6,3.6,1.7,3.8440789400783073,0.388924496859377,0.6611956521739131
30065,0.2278,22.8,5.8,18.7,9.6,8.9,3.0,1.2905059162839814,0.8655804480651731,0.35592488668249517
30067,0.1623,20.2,9.6,16.6,7.7,3.1,1.6,1.971333402198819,0.5398167723749119,0.602974828375286
30069,0.0013,20.4,4.6,17.3,1.9,0.3,1.6,0.22415488126534805,0.8847352024922118,0.3182751540041068
30071,0.2081,21.1,9.4,23.5,17.5,6.8,1.8,0.6007433035280244,0.8199251637043966,0.4559939301972686
30073,0.7967,29.1,7.4,23.4,21.1,12.0,3.2,1.5444282253063306,0.7160493827160493,0.5611571646083573
30075,0.1521,19.7,7.7,16.9,8.2,10.7,1.3,0.4302011622275348,0.8802559414990859,0.23365041617122473
30077,0.2319,19.3,6.6,14.6,12.2,7.5,2.0,1.388428425804737,0.7764483627204031,0.4613933236574746
30079,0.3567,42.0,5.8,22.6,10.3,13.8,0.0,0.5531947210499315,0.8173652694610778,0.3853296193129062
30081,0.1511,16.1,9.8,18.8,9.9,7.0,1.2,2.984114395950106,0.7084392825235379,0.5007761493859288
30083,0.2644,15.4,7.1,25.4,12.3,4.3,1.2,1.8644650232512514,0.8493707647628267,0.408127372026289
30085,0.7665,44.0,31.3,33.5,67.6,6.8,3.4,1.7203241972282273,0.5502008032128514,0.8626862958924028
30087,0.9408,32.7,16.4,29.1,48.5,10.3,4.3,0.9780633024494968,0.6925021061499579,0.8642721271120063
30089,0.5778,31.8,12.3,17.5,11.0,9.4,1.8,1.7173934616222706,0.7829408020369192,0.3946999091884752
30091,0.1642,16.6,11.1,21.8,10.4,9.5,0.9,1.165148687600237,0.7218579234972677,0.4910849199153823
30093,0.4534,25.1,7.1,20.2,10.3,6.5,0.7,3.915494260241606,0.4635345221764975,0.6266361162824001
30095,0.0608,13.2,4.3,20.7,8.3,7.1,2.2,1.7912281150301377,0.8165073848827107,0.4295789255341215
30097,0.0242,14.8,9.2,20.2,9.0,4.0,1.1,1.0960814012945526,0.7731201382886776,0.41637677281241636
30099,0.3662,21.7,8.5,24.8,7.8,10.2,1.8,1.3207057545078358,0.7320809248554914,0.4302911989588417
30101,0.6023,27.4,9.3,20.6,14.9,12.6,2.2,1.2866266405707436,0.7910372608257804,0.47233952702702703
30103,0.0719,24.0,4.9,17.4,5.6,5.9,2.4,0.5279414444681707,0.8655660377358491,0.4942528735632184
30105,0.2027,20.8,7.0,22.6,15.6,6.7,1.0,0.9294258853691524,0.7635306019221042,0.4841806381828015
30107,0.1273,29.1,19.7,20.9,6.4,7.6,0.5,0.8953427607977763,0.8013307984790875,0.36641580432737536
30109,0.273,25.8,10.1,26.7,11.7,4.9,3.2,0.8144394209495548,0.8670411985018727,0.2899896800825593
30111,0.2889,17.7,6.2,23.1,15.6,4.7,1.6,4.156678790591634,0.6399330391112464,0.5295102293862368
31001,0.4769,20.4,5.9,24.3,16.2,7.6,2.1,4.0305041614401995,0.7107991817732948,0.43187832796607467
31003,0.0767,17.9,6.4,24.3,5.8,6.4,1.6,2.1225268167698634,0.8844807467911319,0.37964433153382027
31005,0.0751,20.8,6.6,31.8,7.0,3.5,2.8,0.5177086898807663,0.9395017793594306,0.20086393088552915
31007,0.0124,13.1,3.6,20.7,8.2,8.8,0.4,0.6408412729060493,0.9109947643979057,0.3315436241610738
31009,0.0799,20.1,7.6,14.8,0.0,9.6,1.0,0.43198435106103134,0.8710801393728222,0.2645161290322581
31011,0.0162,16.9,4.5,23.7,4.5,6.1,0.2,2.181673799614473,0.8343906510851419,0.5
31013,0.4963,20.6,8.8,25.3,19.9,8.1,2.6,2.400136207098684,0.7858316221765914,0.34943893165167395
31015,0.0601,21.6,8.3,18.3,7.4,4.8,0.0,1.4529493591441958,0.8766355140186916,0.36425221469515373
31017,0.1444,20.6,7.3,19.1,8.7,7.5,0.0,1.164151401916156,0.8766114180478821,0.3763113367174281
31019,0.3828,20.2,7.2,22.8,14.5,7.4,1.4,3.965517156853786,0.7276759061833689,0.43293260033427977
31021,0.1798,21.1,9.6,22.9,8.8,9.0,0.7,2.685392921429129,0.7280774550484094,0.5996284254528564
31023,0.0738,14.9,6.6,23.5,8.6,7.6,1.1,2.7288610463724936,0.8007915567282322,0.5248253493013972
31025,0.0379,14.1,7.0,23.3,8.1,4.6,1.4,3.891687706161982,0.6889548004384551,0.6363151478207864
31027,0.0067,11.1,6.0,25.6,4.4,5.3,0.8,2.5107242023819243,0.8550485236423704,0.4218043323018329
31029,0.272,18.8,11.6,24.1,23.2,12.1,0.3,1.6372888614708354,0.8898488120950324,0.3422528032619776
31031,0.3016,28.1,8.6,24.1,15.6,2.2,3.0,0.6514027292565413,0.8850461133069829,0.3584109685357708
31033,0.2857,21.7,6.9,22.7,12.4,7.7,2.0,2.189852963249697,0.8242911364143782,0.43759820426487095
31035,0.0942,18.4,8.1,24.9,11.9,6.7,1.2,2.4542736936550393,0.822679778733866,0.4236659680799613
31037,0.364,18.9,10.6,30.1,52.7,26.9,6.8,3.28317741415713,0.7572536627405918,0.4886544028387338
31039,0.0795,17.3,7.5,24.5,12.6,7.9,1.1,2.819892224720302,0.803088803088803,0.5411485417137689
31041,0.1425,21.9,7.7,24.0,6.9,5.3,1.1,1.6297025368935627,0.865133836650652,0.3903683770993783
31043,0.7321,19.6,8.4,29.1,55.0,21.4,8.0,4.402170062963554,0.6510011583650505,0.6696294816738241
31045,0.3156,21.8,8.6,18.0,14.7,4.4,0.1,1.9356949218554544,0.7392218717139852,0.4040051228315287
31047,0.7311,20.7,11.3,27.3,43.8,21.2,5.5,3.2079024695752287,0.7502674432426008,0.5072684890866709
31049,0.063,18.7,12.7,16.7,15.3,10.3,0.3,1.653294282610579,0.8480885311871227,0.36064659977703456
31051,0.3789,22.3,8.1,25.0,17.6,15.6,2.1,2.543008709552539,0.7985232067510548,0.44978708303761533
31053,0.5135,18.1,6.5,24.5,19.6,11.3,1.1,4.266408595996589,0.6651672931172592,0.5528784356625188
31055,0.594,18.6,9.1,25.4,32.3,8.6,2.2,7.487725352323045,0.4484261195911768,0.6884131154312679
31057,0.0156,19.3,5.8,23.6,2.7,5.8,0.0,1.0933953948528372,0.8962162162162162,0.39574719432959243
31059,0.0083,13.4,4.9,19.0,6.8,5.6,0.2,2.3663228578142506,0.7776284850520658,0.5318564628341267
31061,0.1129,23.2,6.9,19.3,5.9,6.9,2.0,1.7980847976588223,0.851291745431632,0.3957703927492447
31063,0.3153,19.9,10.4,20.4,7.7,6.2,3.3,1.2685911709212754,0.8676680972818311,0.2862580890749905
31065,0.1931,20.5,8.2,22.0,7.6,10.2,1.1,2.0066454885192386,0.8508954602249063,0.4568006843455945
31067,0.2307,20.5,6.4,22.6,6.8,7.5,1.2,3.274560014716407,0.6988388295401765,0.4653000511318737
31069,0.42,28.6,18.3,23.3,6.6,6.2,0.2,0.7142197427866837,0.8541854185418541,0.46053347849755033
31071,0.0557,16.0,5.4,20.9,4.4,4.3,0.0,1.439734247382101,0.8850346878097126,0.31081767394616555
31073,0.0293,16.3,11.5,18.7,6.6,6.1,1.6,1.626911762571937,0.8171171171171171,0.4100502512562814
31075,0.168,17.9,12.8,22.2,3.7,8.3,3.2,0.6071972483384633,0.9590163934426229,0.21669341894060995
31077,0.062,18.3,3.9,23.5,4.8,7.2,1.7,1.5855527696567382,0.8428805237315876,0.41171477079796265
31079,0.7343,23.7,11.9,27.3,36.2,15.1,2.0,4.749482505334155,0.6911464345972826,0.5236255765814223
31081,0.0229,12.6,5.9,24.4,6.6,2.8,1.1,2.909066635397257,0.8053985044683567,0.4746889746889747
31083,0.3312,13.5,7.1,23.0,7.0,7.3,4.3,1.8855874744250973,0.8432250839865622,0.40798816568047336
31085,0.0547,22.2,5.2,22.1,7.8,7.0,1.6,0.8280290094208335,0.9613034623217923,0.25813449023861174
31087,0.2574,22.2,8.6,24.2,7.4,6.5,2.3,1.5455266428292178,0.8930330752990852,0.3497465604634323
31089,0.1098,21.4,6.0,25.2,7.9,6.1,0.7,1.6500555025136483,0.8736314715160513,0.43697228568590446
31091,0.1021,19.3,8.2,21.9,10.8,6.9,2.4,0.6490938083698303,0.8702830188679245,0.4281524926686217
31093,0.2202,15.4,7.2,24.1,8.0,4.1,1.8,2.5156476206898524,0.8170940170940171,0.430566330488751
31095,0.2736,20.0,9.1,22.0,8.1,7.9,0.3,2.6101677731306285,0.7297599106644332,0.5627306273062731
31097,0.2927,13.4,5.7,19.0,20.2,10.5,0.5,2.7131693043692184,0.7053276756247053,0.554131335042398
31099,0.1028,17.9,4.8,25.8,9.6,6.3,3.1,2.6312568539267365,0.7934904601571269,0.48052347959969205
31101,0.2603,18.5,6.6,20.3,11.0,9.2,1.2,2.177039878061285,0.8237279961417893,0.3864824495892457
31103,0.0226,30.7,6.5,27.8,4.1,1.9,1.2,0.8227350490748639,0.9191176470588235,0.3027295285359802
31105,0.4308,25.4,16.1,19.3,16.2,14.7,0.8,1.5187245331252708,0.839622641509434,0.35765418502202645
31107,0.2717,22.9,6.4,24.2,15.7,8.1,1.6,2.150955444698211,0.8205069650605161,0.5115218434949592
31109,0.4031,19.6,6.6,22.5,20.4,6.7,2.1,5.954606031497117,0.4781062572877141,0.6826412610862139
31111,0.4617,22.8,7.8,23.2,13.6,6.5,1.1,2.6718900609913856,0.7794587945879459,0.3413816807011514
31113,0.0471,10.9,8.8,28.8,12.4,2.5,3.0,0.9042704807747732,0.9423963133640553,0.22058823529411764
31115,0.202,19.9,7.8,22.4,16.1,1.1,1.8,0.7496200933922371,0.8290398126463701,0.30120481927710846
31117,0.0016,20.6,3.5,18.9,1.5,6.2,4.1,0.4257201888317817,0.956989247311828,0.14777327935222673
31119,0.4633,19.5,8.8,25.3,21.6,7.0,2.4,4.14412144834554,0.7832957110609481,0.4723781304310664
31121,0.1947,18.0,8.8,22.0,8.8,7.1,2.2,2.8184799259241524,0.8294790936697033,0.4470664087685364
31123,0.3143,17.9,6.1,23.1,19.2,10.6,0.6,1.4360016763252157,0.846989966555184,0.36255924170616116
31125,0.05,22.5,5.8,22.7,6.2,7.8,0.2,2.154345038255054,0.8059536934950385,0.2958226768968457
31127,0.4712,24.8,8.9,21.9,9.7,9.8,1.1,2.903055611785305,0.7275163787969029,0.5137693631669535
31129,0.014,14.2,10.2,19.7,7.1,7.2,0.4,2.0936654101555123,0.8214765100671141,0.5077145612343298
31131,0.2698,16.9,5.4,24.1,13.3,7.1,2.7,3.2950996664527636,0.696450579245748,0.5740069947539346
31133,0.49,24.4,12.3,23.6,6.0,14.1,3.4,1.9347640867208018,0.7925493060628196,0.44163796402602373
31135,0.14,16.2,5.3,24.7,7.8,9.4,1.0,1.4440474864817197,0.8674698795180723,0.4161189899688689
31137,0.3242,20.0,5.3,23.9,9.0,7.7,2.5,2.8684772849939812,0.8458096013018714,0.41177772858091655
31139,0.0439,14.1,6.8,25.2,4.7,5.5,0.6,2.6200338060060377,0.8846352819451629,0.37926692781197535
31141,0.371,16.6,9.1,26.1,24.6,10.3,1.3,3.9467394903653017,0.7943545788490043,0.4818643561398267
31143,0.0477,13.6,8.2,22.7,9.3,7.9,0.7,2.5504571249014183,0.820879513764748,0.42278918089391904
31145,0.3522,20.2,10.4,22.2,9.7,7.7,0.1,2.7668995418901132,0.8454097116843703,0.37672510257366654
31147,0.2883,22.3,9.7,21.1,8.8,8.7,0.5,2.7229467634602185,0.7602669404517454,0.5345200254291164
31149,0.0423,17.2,7.5,22.4,2.1,4.9,0.0,0.8334369013931756,0.8975903614457831,0.38393515106853354
31151,0.4989,20.7,11.4,25.8,32.7,19.5,1.9,3.2529558977414132,0.6680980497405619,0.5445725534308211
31153,0.0776,10.4,5.0,26.8,21.5,4.3,1.3,6.689999772216989,0.5590691403734707,0.680457915767431
31155,0.0108,11.7,4.4,24.4,6.0,4.7,0.9,3.429936915082497,0.7347151804354309,0.5429604226527018
31157,0.7356,21.0,10.0,24.6,29.6,10.9,1.8,3.906796335953735,0.7410168580831487,0.4274524117019485
31159,0.0563,12.9,5.3,23.4,5.6,5.8,1.2,3.461883517901322,0.7362782992821646,0.5098935431613053
31161,0.3462,20.0,12.1,21.8,20.3,10.3,1.7,1.1282444262045481,0.8530844155844156,0.33873427373236753
31163,0.2641,19.9,8.8,20.8,6.0,9.1,0.5,1.8323757411251274,0.8038277511961722,0.4041986004665112
31165,0.3204,33.0,10.6,23.0,7.1,4.0,3.1,0.44612279078553385,0.8857566765578635,0.25728987993138935
31167,0.0054,12.9,4.3,24.2,10.0,6.0,1.0,2.6829215656917804,0.8375165125495376,0.29138513513513514
31169,0.1301,22.6,7.3,23.2,6.2,6.5,1.9,2.274616758247752,0.8072289156626506,0.4853088147111733
31171,0.0019,12.2,4.4,14.7,12.5,8.5,0.0,0.6047400935425024,0.8877551020408163,0.2548476454293629
31173,0.798,31.4,17.6,35.3,65.8,10.2,9.0,2.8939054469206824,0.5349500713266762,0.8125692137320044
31175,0.1464,17.7,9.6,22.1,3.6,6.3,2.1,2.0960727601131475,0.8228571428571428,0.33910533910533913
31177,0.0143,12.3,5.0,24.0,6.0,4.9,0.4,3.9992017892778557,0.7145162591785685,0.5744609001881422
31179,0.1626,23.2,4.4,19.4,10.9,4.3,0.6,3.1312497977224725,0.7495643515060991,0.42397442727757056
31181,0.0375,19.5,5.8,22.8,10.1,6.1,1.5,1.9360523231291495,0.8303724928366762,0.39145397189561226
31183,0.0385,20.0,11.0,18.4,1.7,2.1,2.1,0.8503401475739989,0.8814968814968815,0.32567049808429116
31185,0.1359,16.4,5.3,23.3,10.2,6.2,2.7,3.2513055010690226,0.7605347282766638,0.5326412749469991
32001,0.6271,18.9,9.1,22.2,28.9,7.8,3.2,1.8136792335637393,0.7580853816300129,0.5542574972901361
32003,0.8635,22.7,12.0,22.7,60.3,13.5,4.5,5.6634092446656865,0.4866097732124405,0.5937579272206696
32005,0.2059,13.7,7.2,15.5,21.9,6.6,2.3,4.25748112060493,0.6679218166139695,0.5266946120028627
32007,0.6185,19.2,8.9,26.4,36.4,11.1,2.4,1.416119854300824,0.7893013100436681,0.43885709954905455
32009,0.9077,32.1,10.5,9.8,36.6,21.9,2.1,0.24184655956805168,0.8374164810690423,0.41924398625429554
32011,0.4254,25.6,10.0,26.0,17.4,4.8,4.4,0.3281801932833642,0.8974358974358975,0.27846229669788075
32013,0.616,21.2,9.7,26.4,35.9,14.6,4.3,1.0263757772197195,0.7820937340804891,0.4315251619036302
32015,0.5762,21.5,6.2,26.3,31.0,9.8,3.5,0.7118821925491642,0.8189331329827197,0.41124367317425886
32017,0.5749,11.7,10.5,22.1,16.2,11.8,3.3,0.3533672026709484,0.870355078447564,0.39070036658306
32019,0.5593,17.9,9.6,20.9,28.0,12.6,2.5,3.423357122909395,0.727136980039616,0.4303599374021909
32021,0.5501,33.8,11.0,19.8,43.4,9.7,1.0,0.7964784346798516,0.6824475212148281,0.6148723640399556
32023,0.7954,24.9,8.9,16.7,28.7,13.3,2.3,1.346351224028422,0.7148085266930768,0.47875244502719083
32027,0.6761,17.1,10.4,16.9,36.5,15.9,1.3,0.737728362450738,0.7805309734513274,0.36936802973977695
32029,0.1836,11.2,6.9,16.2,17.3,7.6,0.5,2.8047620444356314,0.6977821913273751,0.2386611690516614
32031,0.6971,18.1,10.0,21.1,39.5,11.5,4.1,4.357422995638483,0.494897364803467,0.6606902372969063
32033,0.2498,16.7,4.1,20.0,29.1,10.7,1.8,0.699336098948018,0.7920885330821756,0.5462421711899791
32510,0.8508,20.1,11.4,20.0,35.7,11.4,4.0,6.001446000617084,0.5578220047606454,0.6606695757922598
33001,0.1454,13.3,7.0,17.9,6.2,6.6,1.3,5.075489692869296,0.5658149823532336,0.6066913527886074
33003,0.1406,13.8,7.5,15.2,5.2,5.0,1.5,4.014301500983414,0.5088180331698201,0.7071968922510734
33005,0.1702,15.8,5.9,17.9,6.9,6.2,1.5,4.695047148965665,0.44966638305494605,0.6067161727015837
33007,0.4862,21.9,7.9,15.6,5.8,11.1,1.0,2.9185227067712596,0.5692064791532659,0.6230396350156829
33009,0.2619,16.2,6.1,16.0,11.2,6.8,0.8,3.9920176127134823,0.3990565006739281,0.7647019558106936
33011,0.2234,11.8,6.1,20.0,18.1,7.0,1.7,6.180596944816655,0.48544618836994713,0.6254349259636712
33013,0.2109,12.5,5.5,18.6,8.9,6.5,1.7,5.1119212876828755,0.4736905347097056,0.6923066760903884
33015,0.02,8.1,4.5,18.9,9.5,4.2,1.3,6.118594002690412,0.5123107669248064,0.6663965729301512
33017,0.1833,14.3,5.7,18.0,11.4,5.6,1.3,5.878845530907097,0.43902826504269543,0.6284476357428828
33019,0.2186,19.6,7.1,17.7,6.9,9.1,1.1,4.4019032454082225,0.5033667997258175,0.6349835442451213
34001,0.853,21.1,7.7,21.0,45.0,11.6,2.9,6.204135152418247,0.5154194336549305,0.6937421777221527
34003,0.4372,10.5,6.6,21.0,46.6,7.0,3.2,8.317740568734841,0.4826972847499533,0.800253593105357
34005,0.2434,11.1,4.1,20.6,35.2,5.9,1.4,6.361014447396754,0.41572323988144405,0.7733283335092254
34007,0.7795,19.1,6.7,22.7,45.7,10.7,2.7,7.767160484804246,0.36075202742417456,0.7166530758918083
34009,0.3541,15.3,5.6,17.5,15.7,6.1,1.0,5.941524873302985,0.597613338537891,0.7719445017872858
34011,0.9793,26.8,9.6,23.8,55.9,18.8,3.2,5.764368819594539,0.51898573807283,0.5442160947521183
34013,0.9415,22.9,11.5,23.6,71.5,13.1,5.5,8.8201647052047,0.271983507507196,0.7527644794893458
34015,0.2173,11.8,4.3,21.3,23.7,6.4,1.0,6.846724199958599,0.5142500956589358,0.6407062228257142
34017,0.7827,22.4,11.6,20.2,72.3,12.8,7.7,9.643098393479399,0.35567790348854805,0.8053528378577346
34019,0.035,6.8,2.8,19.0,17.0,4.2,0.8,5.712907310461706,0.5339858413322248,0.7350588159619204
34021,0.7445,16.8,7.0,21.4,53.3,10.3,2.7,7.44450709222553,0.32705590870413936,0.7396837492855782
34023,0.6647,13.3,6.7,21.6,60.0,10.3,4.7,7.931077157933736,0.4585856190774598,0.7572182454167081
34025,0.2138,10.5,5.0,20.8,26.3,5.7,1.5,7.225870302351426,0.5579819724074383,0.7008443830347691
34027,0.1667,8.1,4.6,20.7,31.4,4.9,1.6,7.007296347626874,0.5139138192332083,0.7979383748945298
34029,0.4133,17.2,4.5,24.5,16.9,6.9,2.2,6.9251580659028145,0.6823353482212834,0.5606058110694252
34031,0.9112,22.4,12.5,23.7,60.6,14.8,7.2,7.935454600529648,0.5147825200142777,0.721471187224257
34033,0.6739,20.7,4.8,21.6,27.9,9.8,1.1,5.280068228797774,0.5975937581956464,0.5736314819267452
34035,0.1912,8.6,5.6,21.4,47.4,6.0,2.4,7.042124296845888,0.42859952224233766,0.7847987742221844
34037,0.0458,9.3,3.6,19.4,17.1,4.6,1.0,5.63582242977298,0.6269153977532415,0.6438984112522066
34039,0.8145,16.1,12.1,23.4,62.4,13.2,5.0,8.624754647982877,0.37676297643724355,0.737995222354635
34041,0.245,12.3,5.0,19.4,21.9,6.2,1.0,5.732656103005864,0.6053816212557116,0.7021478716026865
35001,0.7929,26.0,8.5,21.1,63.3,9.8,2.5,6.366483448080656,0.39211038071309007,0.7256306313602436
35003,0.4483,40.6,9.0,11.6,20.7,3.5,0.0,0.42197579028924465,0.7541971588463194,0.47349021831584914
35005,0.9701,33.6,9.0,25.4,63.8,18.8,2.4,2.456516321639625,0.7279138997023128,0.4636384740385359
35006,0.9663,39.0,11.8,23.7,81.9,15.8,6.9,1.9450005383738718,0.4920671156260701,0.7369821930646673
35007,0.7989,33.2,7.5,17.6,53.9,9.5,1.9,1.456675195073492,0.5717299578059072,0.638974960221087
35009,0.9395,31.2,9.2,26.5,55.3,19.1,3.4,3.5662494971109804,0.7169432548179872,0.5512726232789966
35011,0.5043,26.8,8.9,25.4,65.0,15.4,0.0,0.5479055950392896,0.7590643274853801,0.5131578947368421
35013,0.9873,35.4,10.9,23.9,73.8,18.4,4.1,4.073055055072615,0.45006045659695204,0.7819244253992987
35015,0.6382,20.9,9.2,26.2,56.5,16.0,3.9,2.7517025309305483,0.7828507314547102,0.4820732124529593
35017,0.7404,33.3,5.1,18.9,54.3,11.4,1.1,2.0881622013756096,0.47402924861321233,0.714978887324987
35019,0.8791,32.3,6.8,18.6,85.6,19.5,2.9,0.8987563345214832,0.4963235294117647,0.7093023255813954
35021,0.6615,32.6,5.7,21.2,56.2,13.2,3.7,0.27436413227395184,0.6988235294117647,0.608
35023,0.9179,35.2,8.4,22.0,63.1,17.0,3.0,0.792910365520272,0.6178861788617886,0.600762267746546
35025,0.9399,28.5,13.9,30.0,67.6,23.9,4.1,2.8705254073092563,0.8122043293353085,0.4532432812719854
35027,0.8346,29.4,13.0,17.0,40.7,9.9,2.5,1.6459212356617055,0.6959398496240602,0.6040772532188842
35028,0.0099,7.1,3.4,21.5,29.5,2.1,1.0,5.178600581401967,0.34375265437866304,0.8677784087975631
35029,0.9997,43.2,8.7,26.7,73.1,26.8,2.2,2.257978621315446,0.5966471932943865,0.7739255135180733
35031,0.9695,48.2,19.9,28.0,92.0,19.3,12.7,2.6547780562079337,0.3734396809571286,0.9557218322193731
35033,0.6169,34.5,2.1,15.4,81.5,6.6,0.0,1.158313265041799,0.41241322988975093,0.6618004866180048
35035,0.9294,30.9,9.2,22.3,53.1,13.4,3.7,2.421325729727578,0.6378750158234525,0.6303600533412358
35037,0.8711,39.7,10.3,21.8,52.5,13.8,0.2,1.3879578761938156,0.7089655172413794,0.5148430873621713
35039,0.763,32.6,9.1,22.9,88.0,14.7,1.7,2.0635092140163134,0.4007416405600665,0.8162431592199584
35041,0.951,32.6,11.5,24.2,50.7,14.3,3.2,2.1776654678308653,0.7203012140771476,0.3949189189189189
35043,0.3933,16.5,6.6,22.5,58.6,8.1,2.5,3.720465918393486,0.4704408173756587,0.7430561234224657
35045,0.9669,37.9,12.6,25.8,63.8,14.4,6.5,3.1387902657014766,0.6623878750386638,0.7763678019974507
35047,0.9854,34.5,6.4,17.0,84.6,16.5,3.7,1.9116207545517165,0.35752391464311994,0.6920115848517066
35049,0.7633,22.1,9.8,17.1,58.0,9.3,3.0,4.405059981134245,0.24989616671960127,0.848641242900278
35051,0.7677,36.0,4.0,16.0,38.6,9.7,0.5,1.3222447545656228,0.5982773471145564,0.6814938374571402
35053,0.8972,44.9,6.7,21.8,66.8,15.3,5.3,1.2457330420306307,0.5189765458422175,0.7058363887720142
35055,0.6955,28.5,7.9,16.9,64.4,6.6,1.5,2.812625040209914,0.2558570810409841,0.8538031354093452
35057,0.7712,37.8,8.5,21.3,52.2,14.0,3.1,1.7128434665526278,0.6947608200455581,0.4967983959640386
35059,0.9526,34.6,11.6,21.4,47.7,12.4,3.8,0.7251711531043141,0.7673846153846153,0.4567627494456763
35061,0.8823,28.6,7.7,23.0,68.8,15.2,2.9,4.287983944428262,0.5833894569276924,0.61336845399541
36000,,,,,,,,,0.21516183287525126,
36001,0.461,18.4,3.0,18.1,30.1,7.4,1.4,6.402749763949171,0.37078063731319955,0.7681714925402447
36003,0.4543,26.7,5.3,19.6,6.4,8.6,1.6,3.8474156140916285,0.7160391527267077,0.4548176433577054
36005,0.9965,38.6,7.6,24.7,91.4,25.5,12.5,10.440568746111568,0.27282377919320594,0.7707140071935902
36007,0.7248,27.4,3.8,19.1,18.7,9.4,1.9,5.642295304787229,0.4978922195650965,0.6505344168661543
36009,0.6809,27.1,6.6,21.9,11.2,10.7,1.9,4.09202860606396,0.6640987944722141,0.5754562055782545
36011,0.5208,23.1,4.1,19.4,11.6,11.5,1.3,4.710786037871207,0.5649583494235119,0.6047978478896783
36013,0.7229,27.7,5.5,20.3,14.1,10.3,1.5,4.7972765417224394,0.609895253740307,0.6092527363419304
36015,0.6093,24.1,4.3,21.0,15.2,9.8,1.1,5.328837503836191,0.5840034194427377,0.6274444018404908
36017,0.4833,22.2,3.6,20.5,6.5,11.5,1.7,3.98365413681192,0.6361087624048773,0.6240176245048403
36019,0.4445,21.4,3.3,17.9,10.3,12.1,1.2,4.355870836239735,0.5107627711686494,0.7406349009132136
36021,0.427,18.6,3.9,16.4,15.9,8.0,1.1,4.583465851265292,0.4264987065571927,0.7674610248734465
36023,0.3684,21.4,3.7,18.9,9.4,9.4,1.4,4.55113571662343,0.5321876704855428,0.6058510750089321
36025,0.5142,26.0,4.5,16.2,9.4,9.6,1.1,3.463926334632761,0.5988447841570399,0.5854990370454288
36027,0.447,14.1,4.3,18.6,31.3,8.4,1.7,5.923273094689323,0.47293308383628074,0.7225560638710072
36029,0.4913,21.8,2.9,20.1,26.4,7.8,1.3,6.8170098939528465,0.4516160335226333,0.7158512771279479
36031,0.3516,19.8,4.1,15.9,8.1,8.4,1.1,3.081815095296708,0.49749504227116165,0.7329266639555375
36033,0.5597,26.2,6.0,20.3,16.8,13.0,1.3,3.4054730389652548,0.545074780814853,0.7178641397784975
36035,0.3977,24.2,3.6,20.0,10.4,12.5,0.7,4.687086925907628,0.6792871187717023,0.5554951950995636
36037,0.2335,17.5,3.1,20.3,10.2,7.5,1.5,4.779758287774241,0.6697574390071922,0.6096892458100559
36039,0.4076,18.8,3.5,16.2,16.2,11.5,1.7,4.321129638824423,0.5848516190627735,0.641010426379588
36041,0.1654,20.0,4.7,13.1,7.9,14.2,0.6,1.3772085023840182,0.6473500291205592,0.8464673913043478
36043,0.2755,20.4,4.7,20.5,7.5,8.7,0.9,3.778337403249481,0.6822129975232846,0.6059296466021951
36045,0.6653,22.1,5.4,23.8,19.7,8.4,1.8,4.539333974960693,0.618042720445453,0.7612852122293643
36047,0.8874,28.3,6.3,22.6,63.9,16.2,10.3,10.561662691058023,0.28011958397038417,0.7452005017377612
36049,0.1925,23.1,4.3,22.9,5.4,8.8,1.2,3.086913933892379,0.7220721068478345,0.5290538484940676
36051,0.2294,18.3,3.4,17.8,10.4,7.7,0.8,4.5961968819595285,0.6072167615106053,0.6070508948723654
36053,0.1801,17.3,3.3,18.7,9.1,6.9,0.9,4.652732343681504,0.565311701432222,0.6222917635781847
36055,0.5943,20.7,3.2,20.5,31.2,8.6,1.4,7.0496033736705055,0.4046055276312251,0.7425778880245898
36057,0.7881,26.8,5.6,22.9,21.6,11.2,1.6,4.8211088655555745,0.643639182249782,0.6845045813778672
36059,0.2778,9.1,4.0,21.4,43.3,8.2,2.9,8.493533820382188,0.5210129348473762,0.8498545239084871
36061,0.7283,22.2,4.6,14.3,54.4,11.5,5.4,11.193280244793149,0.17588462613265649,0.8958817613491937
36063,0.4454,20.2,2.3,19.8,16.4,8.3,1.1,6.009541279605082,0.5746210192330291,0.6783463381769009
36065,0.6828,23.6,3.4,21.3,19.7,11.1,2.1,5.255252373661358,0.6062516233441889,0.6427356332897481
36067,0.588,21.6,3.5,21.0,24.8,8.6,1.6,6.410497767472926,0.41359750914912075,0.752709932946531
36069,0.2682,16.0,3.3,19.5,11.8,6.7,1.2,5.166726725477928,0.5058669925177014,0.6986071763666342
36071,0.7299,20.2,4.9,25.4,39.5,10.3,3.9,6.204733233843088,0.5419061699079281,0.6695562944874526
36073,0.58,22.0,5.4,19.2,14.6,13.9,1.2,4.640648431074395,0.7023023578363384,0.5614591593973037
36075,0.5962,25.4,4.2,20.7,7.8,10.2,2.2,4.828637254888327,0.6209028150506191,0.6065878897578635
36077,0.3287,21.9,5.1,15.3,10.6,7.4,1.2,4.1038741603231665,0.5393290203980627,0.6303934916712891
36079,0.1187,9.2,3.5,19.5,25.3,6.7,1.7,6.055304641101596,0.5684303446287989,0.7625101708706266
36081,0.8024,20.0,8.7,19.9,76.2,17.2,9.8,9.985755376112449,0.3770112977447251,0.8911346677563537
36083,0.4047,17.3,3.1,19.0,19.3,7.6,1.3,5.512104190818009,0.4931837636867725,0.7231750192169563
36085,0.5956,16.5,3.9,21.7,42.0,11.3,5.3,9.056052639241729,0.6488789646372585,0.7573334061405922
36087,0.7471,23.3,4.1,28.8,38.1,11.4,6.9,7.572079367678262,0.5591040201307697,0.6643870726144836
36089,0.7108,27.6,6.0,20.0,8.4,11.2,2.2,3.727082336640456,0.5900202599649434,0.6208186374605532
36091,0.0649,11.1,2.8,19.4,11.4,6.0,1.3,5.679400775176038,0.4908606566815854,0.8124012999047259
36093,0.4874,18.3,3.9,21.4,29.9,8.4,1.7,6.659357085888627,0.44590561722541416,0.7489681195629077
36095,0.3172,18.0,4.2,17.4,10.1,8.9,1.9,3.8958394095992785,0.6526612398246713,0.5802445240169037
36097,0.3159,25.1,4.4,18.8,6.4,8.1,1.6,4.014201761926198,0.6047815508304242,0.639299152018869
36099,0.5737,21.6,8.6,20.0,12.0,15.8,0.8,4.6535621937375655,0.5590099406231236,0.547271872060207
36101,0.4683,23.5,5.0,21.4,7.6,8.5,1.1,4.223939984756437,0.6589289665855278,0.6221809832353034
36103,0.2596,10.5,4.4,20.8,34.9,9.5,2.5,7.423308305263726,0.5498689029328606,0.778686320813815
36105,0.8654,24.2,5.6,21.0,31.8,13.3,2.9,4.410557345501323,0.5835408616001145,0.6256893626047301
36107,0.1505,18.7,3.4,20.4,6.4,8.0,0.5,4.54531679337935,0.6144228804902963,0.624214260523204
36109,0.3907,22.7,3.3,14.5,23.5,4.3,0.8,5.3802126497888745,0.2469065999782538,0.8208944999021335
36111,0.5511,20.6,6.2,17.3,25.3,8.5,1.6,5.093896708817302,0.4067153105396195,0.7491904737769819
36113,0.1954,16.5,3.8,17.7,7.8,8.3,1.0,4.340433114168383,0.5211034869065957,0.7934755410984612
36115,0.4127,19.0,5.5,18.4,9.0,10.9,1.4,4.314305917926567,0.6060648603116664,0.68515129730083
36117,0.3633,18.4,5.8,21.1,11.7,9.4,1.5,5.0254662548957425,0.6153533895629426,0.6387486376476346
36119,0.6685,13.6,4.9,21.5,48.8,10.7,4.4,7.748160066751637,0.3685947072791935,0.8517921335888357
36121,0.2399,18.4,4.3,19.8,11.3,12.5,1.0,4.234862014500511,0.7411375452969907,0.5265561102887679
36123,0.5724,22.1,17.6,22.0,5.4,15.7,2.1,4.30521653565173,0.5808172206876845,0.5432103720948902
37001,0.7136,23.5,9.7,22.0,38.8,11.7,1.7,6.007985972447944,0.5412879258364292,0.6304090048316019
37003,0.4559,21.5,9.1,19.7,13.9,14.0,2.9,4.951677461312715,0.8016028146989835,0.481105155079073
37005,0.7168,34.0,13.4,16.3,13.8,17.7,3.2,3.8669115037001633,0.7616974972796517,0.6341025410792853
37007,0.9529,34.8,13.0,20.0,55.8,17.5,1.8,3.7558754408431194,0.5126182965299685,0.47962856909105783
37009,0.4518,24.5,11.0,16.9,8.1,13.0,1.2,4.15537174203056,0.7240971357409713,0.5765172958864831
37011,0.7191,25.8,14.6,13.9,12.5,13.1,2.4,4.28327141815197,0.7638549090522285,0.5743008486643504
37013,0.8066,27.6,11.3,19.6,34.3,13.2,1.4,4.0017120733048746,0.6565192636173847,0.576882155168745
37015,0.9586,35.8,11.9,17.1,65.9,19.5,1.9,3.2765513453113484,0.4210988046934971,0.537921570697208
37017,0.8326,35.0,10.0,20.3,45.4,11.8,1.4,3.557172828451388,0.6025217652356649,0.6488600941262759
37019,0.2275,16.3,8.8,14.5,18.6,6.5,1.5,5.108151298081159,0.6252183153906575,0.687039630303879
37021,0.5994,21.2,11.3,18.0,17.5,7.9,2.2,6.019650439404965,0.37428176410152336,0.7258443055082296
37023,0.7079,28.2,10.8,18.2,19.1,15.2,1.9,5.161550869959026,0.7076780758556892,0.5001160413328176
37025,0.4321,16.5,8.0,25.2,39.1,8.0,3.0,6.442114359806152,0.5391238159675237,0.607614586076423
37027,0.6503,26.0,11.3,19.9,13.9,18.1,2.1,5.147780137293138,0.764893986791797,0.4926987758280805
37029,0.2523,13.0,3.7,23.8,21.2,7.7,1.2,3.804135291006654,0.756011542160949,0.6495813011870801
37031,0.3888,16.8,10.1,17.1,14.0,7.9,0.9,4.910137990851724,0.7172833785662276,0.6887999654542052
37033,0.7302,23.4,9.9,18.1,40.4,16.3,1.1,3.9977644619391044,0.6236388004690903,0.5158821447531411
37035,0.6818,22.2,11.8,21.8,26.5,12.6,2.5,5.996825506337043,0.6915817333364288,0.5925440768155636
37037,0.2949,19.4,8.8,19.5,28.9,10.6,1.8,4.732644532637819,0.4368509927990528,0.6883711561702699
37039,0.3729,29.8,16.2,16.1,9.9,8.8,0.9,4.16466073427839,0.790198645341226,0.6026841884523976
37041,0.7394,31.8,6.6,19.6,39.8,13.4,0.5,4.396052026578988,0.6130713712910987,0.598579932582658
37043,0.4232,23.3,15.3,16.5,8.3,11.7,1.4,3.9708943873228835,0.752088772845953,0.578131956192681
37045,0.8524,29.6,11.2,22.1,28.5,13.2,3.4,5.372416311357597,0.6760832666757711,0.5263663001419134
37047,0.937,35.9,14.2,20.6,41.2,14.4,1.9,4.0105932794572094,0.6704268292682927,0.46452763565612165
37049,0.8126,24.0,9.2,21.7,35.2,9.1,2.0,4.970384801475835,0.6033196366782007,0.6528652130919629
37051,0.943,28.1,10.8,24.9,59.0,7.7,2.8,6.243548196066193,0.43214824764752185,0.6352229001308459
37053,0.0862,13.8,11.2,22.2,14.8,7.2,1.0,4.7028308351209285,0.7419137844049555,0.6293268018585888
37055,0.2071,13.2,11.6,18.4,14.2,5.1,2.7,4.584616009586478,0.5948684951339178,0.8066416277121781
37057,0.553,24.8,10.9,21.7,21.9,13.5,1.8,5.728171509932049,0.737810637396997,0.5024193211581717
37059,0.4057,18.0,10.2,20.9,16.7,10.2,1.8,5.100954104659858,0.7351625862199651,0.6115856789431919
37061,0.9144,31.6,14.8,23.7,49.4,19.7,3.9,4.119465067954594,0.6455969033166182,0.4667949132633084
37063,0.686,20.1,11.4,20.0,57.4,9.3,2.7,7.031398064532387,0.18529297304614134,0.7748967302045489
37065,0.9605,35.5,11.6,22.7,64.6,14.4,2.2,4.585768708043498,0.38569367140795713,0.5064306807584706
37067,0.8126,24.9,10.5,22.7,44.8,10.8,2.1,6.847921096427341,0.43334640607237,0.6748845786630743
37069,0.6491,20.6,9.8,21.7,37.6,13.1,2.4,4.960625768891227,0.5685310533190833,0.5570495802540002
37071,0.65,22.3,10.2,22.3,30.5,12.4,1.9,6.46867815881103,0.6262448044787514,0.5364874915935135
37073,0.4053,24.0,7.4,19.6,37.0,9.5,0.9,3.4611402508824383,0.6093696176369273,0.5512887043764054
37075,0.6933,21.2,17.7,20.3,14.6,15.9,1.0,3.3520544496192426,0.8223210504023719,0.5203174979267859
37077,0.6612,23.7,10.6,20.2,43.7,14.2,1.5,4.753299551946826,0.5475305531057074,0.6592657545125159
37079,0.9863,33.0,16.9,19.1,54.2,23.9,4.0,4.350366227723566,0.5909307307783861,0.6516683278750771
37081,0.7865,24.1,9.2,21.9,51.9,9.9,2.7,6.728960362977611,0.3892896018844019,0.6734316999705868
37083,0.987,38.1,10.3,21.3,62.5,18.9,2.1,4.225212739565453,0.41097848016139876,0.5584683063387322
37085,0.7372,24.7,10.8,25.5,40.0,11.8,1.9,5.426896356940406,0.6269074262461851,0.4419456374654351
37087,0.3646,23.4,11.2,17.9,8.6,9.6,1.3,4.729835640147264,0.6270573098161154,0.6170065953110708
37089,0.4286,19.7,12.3,18.6,17.8,8.4,1.5,5.747135309789909,0.5736007435592088,0.6259485423746135
37091,0.9427,35.4,10.8,17.9,67.7,16.1,1.3,4.131237820720904,0.36515586546349466,0.5010769945516746
37093,0.8909,25.8,11.0,27.1,62.2,11.1,2.4,4.911549260134578,0.4699460856391748,0.4260238259043343
37095,0.874,37.0,13.8,19.7,43.1,19.0,0.0,2.14837716929936,0.6114357262103506,0.6854364998987239
37097,0.3773,16.3,9.3,22.5,25.5,9.1,2.2,5.793041106285725,0.6646065364250502,0.5638097752549421
37099,0.7862,29.2,15.1,16.6,20.3,10.7,3.0,4.469472676510591,0.547581468758704,0.5807273885930174
37101,0.5294,19.3,11.2,24.9,35.2,10.5,2.9,5.626045617143401,0.608793924906906,0.5557875025676057
37103,0.6736,30.7,12.5,18.5,38.0,14.2,1.4,3.0277797169246865,0.6294313146233382,0.5749017942456737
37105,0.8953,27.0,13.7,23.8,42.8,14.9,3.3,5.52223841539095,0.5881818793300598,0.604121141488208
37107,0.9984,36.9,10.8,22.4,51.8,17.9,3.2,4.934420702216994,0.5341842723004695,0.5746840872937854
37109,0.2517,15.9,8.5,20.8,16.7,10.2,2.4,5.697847645405794,0.7302680599727397,0.5166122794997154
37111,0.7518,26.5,12.6,19.6,13.3,13.8,2.4,4.629278216606273,0.7477273697238701,0.551840195821313
37113,0.4906,27.4,15.5,17.8,12.2,10.5,1.3,4.289563617910108,0.6917713335796084,0.6109933627084612
37115,0.35,22.8,9.0,17.6,7.2,11.1,2.4,3.884187169430718,0.6191545080433969,0.5895656170995174
37117,0.9306,30.0,8.2,20.3,48.8,18.0,1.9,3.8955789136787247,0.5518769333667753,0.5431372549019607
37119,0.6115,18.3,11.5,23.0,54.9,9.1,2.5,7.664456825771406,0.3327933586660617,0.6765577886731823
37121,0.5689,20.9,10.6,18.2,8.9,10.2,1.1,4.230429611219334,0.7813427723224481,0.5231889869018979
37123,0.7741,27.1,13.9,21.2,37.5,16.1,2.4,3.9809473402204096,0.6904343843041454,0.4469510175541898
37125,0.3306,16.4,8.3,21.5,23.7,7.2,1.2,4.979721714892062,0.6488952221840041,0.646847739888977
37127,0.8902,24.5,11.6,21.9,52.2,13.4,3.1,5.175071783977491,0.5088854232850074,0.6141381577552016
37129,0.4289,21.4,10.5,18.0,23.3,6.5,0.9,7.079709979285617,0.49683759496355007,0.6814558605894921
37131,0.8906,32.3,11.2,17.6,61.1,16.5,1.7,3.516257360970289,0.4270559930008749,0.49699738233331625
37133,0.7948,25.0,10.3,24.3,34.8,8.0,1.7,5.592011436559609,0.6815138137989187,0.6257009770736291
37135,0.3945,18.0,6.3,19.2,31.5,6.6,2.3,5.908205566314953,0.2412289855072464,0.87377084511975
37137,0.5616,25.1,9.3,14.5,26.1,10.0,0.3,3.62704696647578,0.6614800759013283,0.5964167845355964
37139,0.7626,21.1,10.7,21.6,46.3,10.3,0.6,5.189103213050383,0.5245942447475854,0.5693802732020892
37141,0.5606,18.8,9.3,22.1,26.0,9.8,2.4,4.272353447543278,0.676380447768947,0.5486520773866159
37143,0.5921,22.5,10.7,18.6,29.4,13.6,1.4,3.9854459931531805,0.6993507353915464,0.5074649038104434
37145,0.5393,24.8,8.4,20.6,34.4,11.6,1.6,4.612519276587738,0.6195652173913043,0.5950113952899468
37147,0.9001,29.9,10.1,21.2,46.9,9.8,2.0,5.57376243453568,0.4698132514709644,0.5761250843744121
37149,0.3583,19.6,9.9,15.7,14.5,7.2,2.0,4.421254548531003,0.6267975877532086,0.458067940552017
37151,0.6475,25.3,12.9,22.2,22.6,16.0,2.3,5.223508248562673,0.7881898337494024,0.4639200373084981
37153,0.986,36.7,10.3,23.3,44.4,17.3,3.7,4.52278158261753,0.6050816512830915,0.4967989471101296
37155,0.9962,41.9,14.5,24.9,75.7,21.6,4.2,4.829229692274132,0.6392884097035041,0.43897416267942585
37157,0.8514,28.5,10.0,20.1,28.9,16.4,1.6,5.089130009676741,0.6808826822466054,0.5336556422371168
37159,0.8435,26.1,10.8,22.0,29.6,12.6,2.8,5.6645550426708935,0.6811046316777264,0.4722918191543269
37161,0.8072,30.0,11.9,20.2,18.1,14.1,3.1,4.7483128056915245,0.7406459121326738,0.4386012024646049
37163,0.9459,31.9,15.8,24.2,50.2,17.4,4.1,4.154304636275869,0.6497944593386953,0.5384930191560026
37165,0.9959,40.2,12.3,22.7,58.8,17.8,5.3,4.684275470256831,0.53488051787067,0.5034029233552537
37167,0.6631,23.9,11.2,21.5,20.3,14.0,2.8,5.073677057514715,0.756009780488475,0.45656465942744323
37169,0.4324,21.9,8.6,18.5,10.2,12.5,2.6,4.6098524415090365,0.8002079619726679,0.4931455769779123
37171,0.8005,29.3,12.6,21.0,17.4,18.0,2.2,4.906034417441994,0.7683307332293292,0.541312009807336
37173,0.901,30.0,24.0,22.6,40.5,14.9,4.7,3.3241415124134894,0.6199309749784296,0.6130614532968958
37175,0.4773,20.5,13.6,15.5,10.2,6.2,2.6,4.4837387063240985,0.5615715402658327,0.6084048276864912
37177,0.854,25.7,12.3,17.1,42.9,22.7,1.3,2.2692845822274754,0.6085204375359816,0.5012450199203188
37179,0.2008,12.8,8.8,26.0,30.3,9.6,2.4,5.941425650350198,0.627703926832995,0.5912014975464752
37181,0.9672,30.8,12.5,23.7,61.8,15.3,2.0,5.131996264706182,0.43273384909072643,0.6066689120916133
37183,0.3621,13.9,8.3,23.4,41.7,6.0,2.0,7.213358439631402,0.37006091737153346,0.7939089426594385
37185,0.9879,38.6,11.2,18.0,62.2,14.6,1.9,3.80198375226876,0.40373679935012186,0.5870457655466018
37187,0.8603,35.0,8.7,20.2,56.9,14.2,0.1,3.4932395350334904,0.46867592279038267,0.524525043177893
37189,0.4238,34.5,9.4,12.1,8.9,7.5,1.3,5.1679911828703,0.469657317035623,0.5790626056927212
37191,0.9564,29.9,12.2,23.4,48.4,14.3,3.0,5.361704038355302,0.5826783276135651,0.511877593782232
37193,0.707,28.3,11.7,20.0,13.5,18.5,1.4,4.4856710532186765,0.8001999666722213,0.4950447289949132
37195,0.952,35.0,12.0,22.8,54.6,16.6,2.5,5.370715662262147,0.4979954108777327,0.5622791897409567
37197,0.6233,26.0,12.2,20.6,17.1,13.5,2.9,4.721197106683185,0.8146991773218356,0.5230573180768312
37199,0.5307,25.7,10.1,18.5,8.0,11.5,1.9,4.099400616684447,0.6738155061019383,0.534783330566163
38001,0.2052,18.9,10.2,22.2,7.9,6.7,0.0,1.1686412804343842,0.8173322005097706,0.48962093862815886
38003,0.1842,19.0,6.2,20.0,10.0,5.0,0.4,2.111204077280097,0.6800847457627118,0.5956793086893903
38005,0.7426,39.3,8.0,35.1,60.1,12.8,10.1,1.6662402480401874,0.593973442288049,0.5383489461358314
38007,0.0095,13.8,5.5,20.1,1.4,4.8,0.0,0.5484252655222805,0.8537735849056604,0.21982758620689655
38009,0.111,13.1,8.0,21.7,9.9,7.3,1.5,1.5772351705676044,0.7814451382694023,0.5192613817255651
38011,0.2421,16.4,10.3,25.1,8.1,11.0,1.3,1.2699469407177753,0.8698931489629164,0.39087301587301587
38013,0.0363,11.4,3.8,24.7,7.1,8.1,1.9,1.091569015088147,0.8748796920115496,0.40283687943262414
38015,0.1963,12.5,4.7,23.3,13.6,5.1,1.6,4.115695573841288,0.7202322377484747,0.5274088636981574
38017,0.2485,17.0,5.9,22.2,16.6,4.4,2.2,4.668822962661887,0.5429193553874593,0.6256603068331107
38019,0.0955,15.5,5.9,22.5,6.9,6.7,0.0,1.2466406890285606,0.7484631147540983,0.6169590643274854
38021,0.146,18.3,8.6,25.0,11.0,8.6,1.4,1.6903894942000224,0.7665549036043587,0.5447454844006568
38023,0.2768,18.4,9.5,24.1,14.3,9.6,2.2,1.0081417583937728,0.7832047986289632,0.42270318021201414
38025,0.4104,11.5,18.4,23.8,21.7,9.4,1.8,1.1039120602397197,0.8497057492077863,0.2633363471971067
38027,0.4082,29.6,6.0,21.6,9.6,8.0,1.4,1.551981213365092,0.7317487266553481,0.5290773939658941
38029,0.0506,16.4,6.9,19.5,4.7,10.5,0.7,1.1586907680585068,0.8922187171398528,0.3511261956186362
38031,0.0127,15.5,3.8,21.9,5.4,5.7,0.0,1.8473801336840725,0.798314268512944,0.5526479750778817
38033,0.1982,20.7,2.0,21.1,14.2,5.3,0.0,1.0052049929151037,0.8740970072239422,0.3077796706416809
38035,0.3198,21.9,5.7,20.9,17.5,4.4,2.3,3.9469435411165756,0.592409780334728,0.6106751522656261
38037,0.2097,25.1,4.7,22.3,8.0,8.2,1.6,0.8747338664473318,0.839968774395004,0.24406332453825857
38039,0.0407,14.6,3.7,20.9,4.1,8.8,0.0,1.448834225373789,0.7618670886075949,0.4679515912147019
38041,0.1495,17.0,8.9,19.0,7.8,12.0,0.6,1.1593000790662429,0.8501170960187353,0.4009603841536615
38043,0.0321,20.1,4.7,23.3,8.9,10.0,1.3,1.0187462128640847,0.8269090909090909,0.33830645161290324
38045,0.0305,17.8,6.2,21.9,4.2,9.8,1.4,1.5278346925233315,0.7808417997097242,0.49653979238754326
38047,0.0754,22.4,3.0,22.1,6.1,8.8,1.4,1.0517958569815624,0.8847290640394089,0.3881081081081081
38049,0.0907,17.4,6.2,23.8,5.3,9.5,0.2,1.3460289707992017,0.8227239082161362,0.42941688424717145
38051,0.1368,19.8,7.0,18.2,7.1,12.4,0.8,1.2795467962643678,0.8317413666421749,0.4485382458950741
38053,0.468,25.4,15.7,32.0,24.7,7.3,8.9,1.808545635344598,0.851177336276674,0.2338258785942492
38055,0.0662,11.6,4.8,21.8,12.3,6.8,1.7,1.7289931508917114,0.7947032306536439,0.4760846560846561
38057,0.3296,19.0,11.7,22.7,9.2,10.5,2.0,2.199752712839364,0.8496644295302014,0.39623793819469894
38059,0.0519,14.0,5.5,23.4,12.2,6.4,0.7,2.9033240244615106,0.7740399107734973,0.4675742889937508
38061,0.7156,24.0,17.2,28.4,43.0,11.1,5.0,1.8383416858137978,0.7188905547226386,0.44618302513039354
38063,0.0468,15.6,5.9,20.6,8.2,6.0,1.1,1.406349333450579,0.6629866356769321,0.7214310524487669
38065,0.0808,16.1,4.4,25.7,8.1,5.4,2.4,1.2629900886920558,0.8535211267605634,0.26442062276671774
38067,0.1206,17.8,6.9,21.1,10.4,7.9,0.3,1.9638573990756947,0.7694826457105436,0.5699161887957653
38069,0.1155,17.5,7.3,22.0,7.2,6.8,0.5,1.5947697142783714,0.7727743271221532,0.46037735849056605
38071,0.4747,23.1,10.3,24.1,18.1,7.3,0.9,2.3792655136740732,0.7046075751659509,0.5911971525306016
38073,0.0935,15.3,5.0,22.0,10.1,9.1,0.5,2.023665986924966,0.6435490120108485,0.6136450747412802
38075,0.0245,12.1,4.4,24.1,4.3,8.8,1.6,1.2813035590677067,0.8472696245733788,0.40180489901160293
38077,0.2459,19.4,5.9,21.8,10.3,6.5,1.3,2.5278301979236026,0.6927568642067338,0.53792421338938
38079,0.8934,36.8,26.4,33.1,82.4,14.6,8.3,2.6818280321626786,0.35728592889334,0.7586060948081265
38081,0.0251,10.4,3.7,20.7,9.1,5.8,0.3,1.6972708291248462,0.6664989939637826,0.6082606464853771
38083,0.0073,14.8,6.5,15.2,4.3,9.6,0.0,0.8655126895649804,0.8644295302013423,0.3726235741444867
38085,0.9176,54.1,28.0,35.8,87.9,14.1,10.5,1.517558736205227,0.3035143769968051,0.6534278959810875
38087,0.0134,17.0,1.9,20.0,4.4,8.4,0.0,0.5239822839466944,0.9140625,0.112
38089,0.3112,16.4,7.9,27.3,13.8,8.1,3.0,3.246976519300612,0.832860232495269,0.37816380323287496
38091,0.0299,19.2,5.2,21.9,3.8,3.8,5.2,1.2502095043583081,0.6289180990899899,0.4804232804232804
38093,0.4419,21.6,7.3,20.2,8.8,8.3,0.6,2.372619341925548,0.7274476055482434,0.54883114374034
38095,0.2297,25.2,9.5,23.0,14.7,14.6,0.0,1.1311705489356874,0.7336405529953917,0.48743718592964824
38097,0.0697,13.9,5.4,22.3,9.5,6.3,0.4,2.3308593160635334,0.6610127213769019,0.555251368840219
38099,0.3385,19.3,7.5,23.2,16.8,13.1,1.1,2.222913774943474,0.7309015829318651,0.5960905929893807
38101,0.2571,13.9,6.1,23.9,18.7,5.9,2.6,3.570687249416607,0.7409335727109515,0.5253766206886356
38103,0.2437,19.7,5.4,22.4,5.0,8.9,2.0,1.4207962857438332,0.8175675675675675,0.440792905581638
38105,0.5062,13.9,12.4,29.5,23.2,9.2,6.3,2.9860984004068234,0.8459768559247479,0.31059618505413816
39001,0.6516,32.4,8.5,23.9,4.2,15.0,1.4,3.8735899551311705,0.8303549769547991,0.3607480684525959
39003,0.5673,21.5,6.2,23.4,20.2,8.0,1.6,5.539708993237395,0.7224676313785224,0.44993209641332277
39005,0.3096,20.9,8.2,22.4,5.4,10.1,2.0,4.829670444495372,0.7521869201348127,0.4452546555979358
39007,0.8247,30.0,10.0,21.8,12.5,13.4,1.7,4.941696668295924,0.6431478337713077,0.5420655896175481
39009,0.5772,34.8,6.0,14.9,10.6,8.3,1.4,4.8094599343423,0.4457906912912206,0.5139375755813064
39011,0.0261,12.4,4.2,23.7,5.2,6.6,1.5,4.755808380688023,0.8253244199764058,0.3999036271245838
39013,0.3067,22.7,6.5,18.7,8.3,8.5,0.7,4.836851519613211,0.7379856021791297,0.4982538877115482
39015,0.3691,24.6,6.5,22.8,4.1,12.5,1.8,4.503109989065627,0.809200037512895,0.4210950451280162
39017,0.4346,18.8,6.3,23.3,22.1,8.8,1.5,6.725495376773039,0.632524346714846,0.5831197440060135
39019,0.3255,21.4,10.5,20.5,5.0,11.1,1.6,4.23143590535652,0.7759211966435607,0.44824255034554505
39021,0.1123,15.9,4.9,22.1,7.6,8.6,1.1,4.51359275637213,0.7561889732715258,0.4662209078050662
39023,0.6627,24.5,6.9,22.4,16.9,11.0,1.4,5.841306285017301,0.6490441767068273,0.5380398708262792
39025,0.1479,15.2,5.6,22.5,8.0,8.6,1.5,6.136620637429609,0.680531239499885,0.5836029995930785
39027,0.3038,24.0,5.7,22.8,7.4,8.9,1.3,4.643865729094965,0.7752825338313043,0.5032643919176516
39029,0.4162,22.7,7.4,20.2,7.2,10.2,1.3,5.258737276588015,0.7469320970820834,0.5038622733920282
39031,0.6351,27.9,10.3,23.7,5.2,15.5,1.3,4.188978231018505,0.7632277582268321,0.4001092896174863
39033,0.3856,25.8,6.7,21.9,5.6,10.1,1.4,4.655744257270409,0.766840926064227,0.4606208126476117
39035,0.7305,24.8,5.5,20.5,42.4,9.1,1.2,7.9191562254450005,0.34146563368256033,0.6673529964245
39037,0.0961,22.5,6.9,23.6,4.7,8.9,1.1,4.471928860893495,0.8291009434314055,0.4056893549586211
39039,0.2529,18.1,6.9,22.7,14.7,8.0,1.3,4.544229166403968,0.7012494069270916,0.5034001102738467
39041,0.0239,7.1,4.4,25.4,18.2,2.8,0.8,6.191525419228957,0.5332727754437758,0.7730438814974878
39043,0.4015,18.9,5.5,20.0,18.8,8.1,0.8,5.705954166912958,0.5714104257697389,0.6037756173753804
39045,0.196,15.4,6.0,23.8,16.9,6.1,1.4,5.75884957424506,0.621299017850742,0.5941906659728128
39047,0.3913,25.4,7.9,23.4,8.7,15.0,1.3,4.278352726224368,0.7777866816251302,0.45311130587204207
39049,0.6497,22.3,8.0,23.1,39.5,8.5,2.3,7.814718835546565,0.3565244154034511,0.6587712529884049
39051,0.0585,15.6,5.7,23.3,12.1,6.1,1.1,4.664138501246871,0.7137468001976018,0.5363196125907991
39053,0.601,28.6,11.0,23.3,7.4,13.7,2.0,4.155012409543881,0.799163179916318,0.47782460365241824
39055,0.0961,11.4,8.1,22.4,6.3,8.9,1.7,5.478361112721248,0.6215838965618572,0.6259009706457089
39057,0.1658,16.3,5.2,20.6,17.7,5.8,1.0,6.0066323706498,0.6001640928810664,0.6433581749409544
39059,0.5352,26.2,9.7,22.1,6.7,13.8,1.6,4.311422431575866,0.7621937256697962,0.4519099678456592
39061,0.5908,22.1,5.6,22.8,36.1,7.9,1.5,7.621854298769907,0.42483209070183003,0.6427820857691936
39063,0.1604,17.7,4.8,21.9,12.1,6.2,0.8,4.9578873648719775,0.694368186785362,0.5184276156921737
39065,0.5177,26.6,12.4,23.0,6.4,8.4,2.0,4.191376055542876,0.7758728667606075,0.392762633508688
39067,0.5262,23.5,12.9,20.8,6.1,11.8,2.4,3.6138752041928868,0.7786454635808604,0.4375
39069,0.0977,17.7,5.4,23.3,11.6,7.0,0.5,4.2098577872624325,0.7357558532954391,0.548692883063023
39071,0.4763,24.8,9.1,23.8,5.4,15.0,2.2,4.372749425749221,0.8184424992453969,0.3863904914158615
39073,0.4976,28.9,7.0,21.6,5.4,12.1,2.4,4.215086513986119,0.7232309646566539,0.4957896971412397
39075,0.3923,17.4,41.8,30.3,2.4,42.4,4.0,4.661170862568948,0.8485046576237948,0.18416742493175614
39077,0.301,19.1,6.9,23.8,11.2,9.8,1.2,4.7864941289309035,0.722164566345441,0.48779734321902996
39079,0.5663,26.5,7.3,23.5,4.5,12.9,3.7,4.362763897989844,0.7920715392198282,0.48708851386789254
39081,0.433,26.6,4.9,19.3,10.5,7.4,0.8,5.081102038452973,0.7220227118315053,0.5116877152698048
39083,0.2822,21.3,10.4,22.8,6.2,8.5,1.7,4.789434560540015,0.7265639735932097,0.4411925162863836
39085,0.1438,13.4,5.2,19.6,13.9,6.4,1.1,6.921594575171154,0.5723659424839884,0.6685060547732121
39087,0.3672,27.9,4.9,21.8,5.9,10.6,1.1,4.859123726670948,0.7544388736004826,0.5172123841716698
39089,0.2256,17.0,5.3,22.9,12.8,6.8,1.6,5.572421977710454,0.6514316654457433,0.5590799606472843
39091,0.1578,20.7,5.1,22.9,7.6,7.0,2.2,4.620451192061299,0.7834029902193115,0.4366351375021895
39093,0.4499,20.1,5.6,21.7,23.4,8.8,1.2,6.460347729969381,0.5288564099959366,0.6531518592273903
39095,0.678,26.4,5.9,22.8,32.9,9.1,1.3,7.144410764030506,0.43661971830985913,0.5927937097873691
39097,0.195,15.3,6.8,20.1,12.9,11.2,0.9,4.555958168382614,0.7206356968215158,0.5402517269902305
39099,0.6179,26.1,5.0,20.2,25.4,8.6,0.9,6.319034632612158,0.5474281628457791,0.5840705255747038
39101,0.6443,26.8,5.6,21.1,13.0,10.5,1.3,5.092979543465817,0.7086390619814904,0.5023428018373711
39103,0.0111,10.5,3.7,21.7,7.6,5.0,0.7,6.072255705482353,0.6250813073275577,0.6534832485841131
39105,0.5848,33.2,8.2,21.9,3.8,14.2,0.4,3.964869523797276,0.7868138251524833,0.48207971362465624
39107,0.0223,15.0,4.3,25.7,5.3,7.0,1.4,4.527375021056132,0.8360551431601273,0.3881278538812785
39109,0.0643,15.4,5.0,22.9,8.9,7.2,1.1,5.5933782052109695,0.7277052143368686,0.48774150130389676
39111,0.4263,26.7,7.1,20.5,4.4,11.2,1.6,3.4146405527552814,0.8015448603683898,0.48623114105756554
39113,0.6904,23.5,6.9,22.0,30.7,8.3,1.5,7.05881578503274,0.4976202082169197,0.5767208902982394
39115,0.5425,30.6,7.2,20.8,9.0,13.5,2.4,3.534026035833601,0.7681331747919143,0.43762062310449407
39117,0.1486,16.7,10.0,22.2,4.9,10.3,2.5,4.469341711459496,0.7808541343738308,0.42787590579710144
39119,0.511,24.2,6.1,22.5,9.2,9.6,1.8,4.8752211719923295,0.7213295405038312,0.49210694194745697
39121,0.5902,25.4,8.1,18.8,6.4,15.3,1.0,3.603254239741506,0.8252982513482595,0.47753743760399336
39123,0.105,14.0,4.5,17.8,9.0,6.9,0.6,5.071964864592784,0.6265060240963856,0.6273904996915485
39125,0.1387,18.2,5.9,23.5,8.8,10.1,1.2,3.8331956761538404,0.7837867247007617,0.4318230505569837
39127,0.3688,23.5,7.5,23.5,4.2,12.0,1.8,4.476243150798632,0.7746412050765034,0.41899595948414237
39129,0.3592,19.6,5.5,21.4,8.1,12.3,1.8,4.773545275043921,0.7449662115570266,0.5209641274783174
39131,0.6701,36.1,5.5,23.6,5.5,15.8,2.0,4.137840168768266,0.770028818443804,0.4603557539968313
39133,0.3293,19.5,5.5,18.3,12.4,7.1,1.2,5.804424198074156,0.5783721494420184,0.5844299730405131
39135,0.0328,16.6,5.4,22.1,4.5,8.0,0.9,4.579639031168643,0.7978965982595747,0.4382613375079497
39137,0.0102,10.2,3.1,25.4,8.7,5.2,1.9,4.28066980136984,0.8469241773962805,0.4981542187176988
39139,0.5329,23.5,6.7,21.7,15.5,10.4,1.4,5.53507126157445,0.7133997823420685,0.45638608712877826
39141,0.5931,25.5,6.6,21.1,11.3,11.3,0.9,4.7244360501211125,0.6984102674058872,0.518991469491039
39143,0.2622,21.1,5.5,21.8,17.3,6.8,1.0,4.978382343319745,0.6557215619694398,0.5351344885334427
39145,0.7474,35.4,6.0,21.6,7.6,12.4,1.9,4.802520297986102,0.7412497177328301,0.514512574023422
39147,0.2265,20.7,5.4,21.6,11.3,6.6,1.2,4.6143904973279035,0.6894745261137327,0.5007611729312407
39149,0.1467,18.4,4.4,24.6,8.1,8.8,2.4,4.779888830179331,0.8266241530490235,0.3672566371681416
39151,0.3147,21.5,5.9,21.4,14.8,7.3,1.0,6.4793721854101936,0.6106108408921608,0.5599882354845848
39153,0.4407,20.2,5.7,20.7,25.1,7.5,1.0,7.175959058277763,0.46475831902995407,0.6500490746063403
39155,0.5533,27.2,7.0,20.5,14.3,10.4,1.3,5.792029748112933,0.5847338130999259,0.5611241880246901
39157,0.4216,21.9,8.6,22.9,6.5,11.2,1.6,5.103372105477947,0.718114515977884,0.45455336080098274
39159,0.0172,8.7,4.6,24.2,12.7,5.1,0.7,4.9964216711692275,0.6496370137609708,0.6508781447073981
39161,0.0449,15.9,3.7,23.2,7.4,7.3,0.6,4.269285733629556,0.7947454844006568,0.44438549955791334
39163,0.3595,30.4,7.7,21.7,3.9,19.7,2.0,3.466253915554626,0.7949122807017543,0.39908291937332824
39165,0.0461,9.0,3.7,24.0,16.2,5.2,1.2,6.408242474740699,0.6591349631129756,0.6621810555749738
39167,0.3274,23.3,6.7,19.7,5.8,8.2,1.3,4.557758010876379,0.7204252137446767,0.5686101049890672
39169,0.4123,17.1,14.1,24.0,6.9,13.5,1.8,5.353346394724364,0.6981124909802134,0.46520611874513873
39171,0.1785,20.0,5.4,22.3,8.6,8.9,0.6,4.487431625428039,0.7434962717481359,0.4540226752425597
39173,0.1562,19.4,4.4,20.2,13.1,5.2,0.9,5.366797716148174,0.5512833928811685,0.6222127093573465
39175,0.0487,15.1,3.6,22.2,5.7,6.0,0.8,4.000451735833702,0.7582115980522355,0.4835568620246188
40001,0.9472,36.6,23.2,26.5,61.7,18.2,3.4,3.56594826093035,0.819695062246468,0.37965215824096604
40003,0.3048,17.7,10.4,19.7,19.0,12.6,2.3,2.022617297741087,0.8890456041372825,0.4629954401964223
40005,0.8556,29.4,19.4,21.6,32.2,17.3,3.3,2.7390481478931425,0.8611655676350026,0.3733827591219654
40007,0.4034,18.7,16.1,25.5,32.1,14.5,1.0,1.3334712106970976,0.924618320610687,0.32668047448691395
40009,0.8403,30.3,13.7,23.4,26.8,15.2,2.7,3.2475099867100554,0.8555570239196512,0.42179422663433824
40011,0.7553,24.2,12.7,23.9,30.3,17.4,1.4,2.3348657426567327,0.8198657718120805,0.4769328666878778
40013,0.8416,29.7,19.4,23.3,30.8,12.8,3.0,3.9598461072172944,0.7968465391621129,0.44558808209188455
40015,0.8705,31.0,18.5,23.0,44.9,13.4,2.8,3.0937845274018865,0.7404301075268818,0.672901745358459
40017,0.3433,13.7,9.5,25.8,27.0,8.0,2.9,5.169094117246131,0.7061280364301779,0.6042574137256753
40019,0.7751,26.0,15.6,25.1,32.4,12.6,2.0,4.087964995949518,0.7774945375091041,0.45503107397476666
40021,0.9236,31.4,19.9,21.6,54.5,11.6,2.8,4.163399911191338,0.6663803470194125,0.5016955422652445
40023,0.9485,34.3,16.7,24.4,41.5,15.6,2.5,2.9726039103575945,0.8307333691949077,0.36368593238822244
40025,0.3134,16.4,18.6,24.3,30.1,12.5,0.0,0.8057063612838697,0.9287257019438445,0.33879270004679457
40027,0.5527,20.7,10.0,20.8,30.7,7.8,2.3,6.307251637035284,0.5762620331398888,0.5886611223390397
40029,0.8358,37.8,23.4,24.1,34.9,16.3,4.3,2.4186611619822833,0.862,0.42183803457688807
40031,0.9211,26.8,12.9,23.7,45.3,9.7,2.6,4.743909855872616,0.6188848600130773,0.6501751567300764
40033,0.3859,29.4,10.6,23.1,26.4,16.0,0.7,2.277498391040389,0.840585603904026,0.5082950935404165
40035,0.9316,34.0,17.0,21.9,39.6,15.0,2.5,2.9745005584974997,0.7963709677419355,0.5478715881770613
40037,0.5205,22.5,11.8,23.4,25.8,9.7,3.6,4.34221912592087,0.783904232132982,0.4518190207208971
40039,0.7607,29.1,10.4,24.8,33.5,11.9,2.1,3.3915918186750313,0.7714600882470919,0.4969141123332069
40041,0.7878,30.9,16.5,19.9,37.1,14.1,3.3,4.030530865662361,0.8056705066547366,0.43544374433258154
40043,0.3347,25.1,15.4,27.8,20.2,6.9,1.8,1.7057801069153098,0.9046967624259006,0.25761602944183193
40045,0.5323,22.9,14.5,22.3,14.9,13.5,1.2,1.3985158866558067,0.8894500561167228,0.3565690593417984
40047,0.7706,23.4,14.6,25.7,27.9,13.2,2.8,4.0944090353408145,0.7738550508348102,0.5177541928721174
40049,0.546,27.5,16.7,24.9,27.1,12.7,2.2,3.5016834078925667,0.8341463414634146,0.47580383241312113
40051,0.434,18.0,12.6,23.4,20.2,9.4,3.0,3.936925968022159,0.8179336919001364,0.3938997743310528
40053,0.2208,25.1,10.7,23.7,14.9,8.0,1.8,1.6387893022276403,0.8587841072283389,0.4318024463420263
40055,0.727,24.9,13.2,21.1,26.8,18.4,2.5,2.2671504862973544,0.8325068870523415,0.3762254901960784
40057,0.7572,32.8,18.5,24.1,46.7,20.0,0.5,1.731902944939099,0.8112128146453089,0.5043347154165096
40059,0.4028,25.2,11.5,24.8,28.6,9.8,3.7,1.4232156336301862,0.8972746331236897,0.45905639913232105
40061,0.8387,33.3,18.2,23.3,31.5,15.5,2.8,3.0540958249572734,0.8526877308165778,0.4250415775718698
40063,0.7945,33.4,19.0,21.1,39.5,15.8,2.0,2.8717586993341357,0.8183606557377049,0.47247533699826794
40065,0.6981,24.5,13.4,25.2,39.1,14.1,1.0,3.461591895095559,0.7971381537292643,0.554097024052181
40067,0.8056,35.2,14.8,25.4,24.4,15.2,1.3,2.0969616198228342,0.8636169303120992,0.42435854715094967
40069,0.875,36.2,16.2,23.5,32.8,11.9,6.1,2.8442392359202833,0.8350217076700435,0.43761840324763196
40071,0.8549,30.1,13.0,24.8,28.2,10.6,2.0,3.8855366199322443,0.7511282267284434,0.44432449813955627
40073,0.398,18.8,15.0,27.4,25.6,9.0,2.0,2.891765707714538,0.8615776844631073,0.4884871550903901
40075,0.741,36.2,13.0,24.2,27.6,14.4,2.4,2.232221261548886,0.7960954446854663,0.5211299954065227
40077,0.8396,32.2,20.1,22.1,38.7,14.5,3.0,2.653747772092587,0.8313103789943027,0.35480988781892187
40079,0.924,33.8,19.0,24.1,30.6,15.1,2.5,3.4509441060143957,0.8280499000918076,0.4036667803341825
40081,0.4101,24.4,12.9,23.5,19.3,10.9,2.4,3.595147778588212,0.8216610771355297,0.41586145597385094
40083,0.3003,19.5,12.5,22.3,23.5,8.2,2.1,4.221259852930491,0.7504757072180642,0.3635625169232051
40085,0.7961,25.4,15.2,24.4,31.5,16.1,4.3,3.033315131850462,0.8359133126934984,0.43372671413244906
40087,0.2991,15.5,10.6,25.2,22.9,11.1,2.7,4.321217277604215,0.8083761171325347,0.4956021149379849
40089,0.8976,34.1,20.4,25.8,40.2,15.0,3.9,2.8764603358178213,0.8483141042840533,0.3725024366471735
40091,0.7528,34.9,23.9,19.8,33.2,13.6,2.8,3.4653379929599035,0.7672993753003364,0.5534292712798531
40093,0.3579,19.7,10.9,25.3,17.1,9.3,2.5,2.2016364047296184,0.9042179261862917,0.5110761567702189
40095,0.8769,30.7,19.0,22.8,36.7,18.1,3.1,3.754380757905044,0.8206229860365198,0.4610477821747091
40097,0.7499,28.0,16.0,23.2,37.1,10.8,3.1,4.11092572156135,0.7929355160476442,0.4473722627737226
40099,0.5775,22.9,12.7,22.9,30.1,13.2,4.4,3.5331635496729388,0.8127925117004681,0.45796916080437716
40101,0.9774,31.1,15.5,24.3,45.8,13.1,3.7,4.420823467961378,0.6910229645093946,0.5336117769901614
40103,0.4458,21.0,8.3,24.0,20.2,9.7,2.7,2.7730444844335573,0.7924722336487042,0.6442368160991825
40105,0.6529,27.6,16.6,23.0,35.3,10.0,2.5,2.874647715834161,0.8397863818424566,0.4516673283048829
40107,0.8715,39.9,16.0,22.3,40.1,16.6,3.6,2.9627168303508213,0.7829181494661922,0.48086383723838905
40109,0.8431,25.3,14.0,25.2,45.8,11.5,2.7,7.024311160229164,0.5085857351790274,0.6786505215478648
40111,0.922,31.5,15.3,23.5,38.6,12.8,3.3,3.9872704793208125,0.7173804957738475,0.4374626283634473
40113,0.6207,22.8,12.5,21.2,37.5,10.5,2.7,3.0669561355259916,0.7105717527502343,0.3594105998339118
40115,0.9252,33.7,17.2,24.9,36.9,13.3,2.9,4.185427004995079,0.7717480229070085,0.4029299322131911
40117,0.4979,23.8,14.2,23.5,25.0,12.3,3.3,3.353127309572561,0.7995562130177515,0.506228627259404
40119,0.6408,33.4,11.9,18.4,24.3,6.9,1.6,4.794219379994731,0.6297594839071594,0.5065293945025922
40121,0.868,29.5,16.1,22.8,32.2,13.3,1.8,3.541477689045155,0.7994108813676793,0.4640124616300912
40123,0.6561,23.5,17.7,24.6,36.3,10.5,1.6,3.9873711886423098,0.7379222177365092,0.5247361822171142
40125,0.7496,25.7,13.3,23.2,29.3,11.4,2.2,4.536101634801039,0.742166708065718,0.5131419440158695
40127,0.8896,38.2,21.7,21.4,30.8,15.9,2.1,2.171472897324572,0.8672699849170438,0.36860129776496037
40129,0.2835,28.2,12.8,24.7,18.7,7.5,1.2,1.3862062597780893,0.9063231850117096,0.3770583310075356
40131,0.3878,16.1,11.8,23.0,29.9,7.8,2.8,4.961954011962624,0.7798559277903142,0.4821596599573865
40133,0.9523,37.7,20.5,24.3,37.3,14.7,2.9,3.6449503254174958,0.7531004808909137,0.5418418666007091
40135,0.8183,34.5,18.8,23.7,39.0,16.5,3.4,4.0893099352625475,0.8112092479542797,0.4176429550867233
40137,0.6892,27.0,14.2,22.9,21.4,11.3,1.5,3.923440282871333,0.8234395460497599,0.4894652666713024
40139,0.9084,32.3,18.3,28.4,58.4,24.6,4.3,2.4299353460716278,0.8448748043818466,0.46444477806135215
40141,0.9125,29.8,13.3,24.1,42.5,20.5,2.3,2.202812121478117,0.8004788507581804,0.5113103448275862
40143,0.7846,23.7,13.9,24.9,40.2,10.1,2.8,7.068217873752944,0.577852840307783,0.642726904376013
40145,0.4489,15.9,11.6,23.7,31.2,8.4,3.1,4.993204431035241,0.7532855594045006,0.48683093653507853
40147,0.5867,26.0,12.3,23.8,28.6,8.5,1.2,4.848404534273148,0.7440010605859737,0.4568866807693054
40149,0.5947,22.9,13.7,24.4,18.6,10.9,2.0,2.4762309163531127,0.8797205850251036,0.40216196408941
40151,0.5584,27.0,9.7,20.6,17.5,10.1,0.3,2.0454087911933603,0.827963014850098,0.4332992152848857
40153,0.7611,26.5,16.1,24.4,22.3,12.8,1.7,2.85782499962762,0.8656571269797166,0.3890950472514967
41001,0.4811,24.2,6.2,20.1,10.9,8.6,1.1,1.8622890590972576,0.7508242050409444,0.7121061771272637
41003,0.5005,25.6,5.3,15.5,21.5,4.0,1.7,4.960100883229637,0.29497255489021956,0.7638120211062512
41005,0.3023,12.7,5.3,21.1,21.0,5.6,2.3,5.420571654026207,0.44895280777492225,0.7051175670214521
41007,0.5813,18.8,8.4,18.3,17.8,7.8,1.8,3.926716704380107,0.44163770827764415,0.6848150357995226
41009,0.2453,16.2,5.1,20.5,14.2,9.4,2.2,4.397635666002093,0.5719075758581768,0.6253390380868702
41011,0.7661,26.3,6.4,18.0,16.6,10.0,2.8,3.729735341685624,0.6029207634470792,0.5848465582210368
41013,0.356,15.2,7.5,19.7,13.3,9.7,2.1,2.239423455594323,0.7579505300353356,0.5226192427470906
41015,0.6067,21.0,5.3,14.2,15.9,8.9,3.9,2.732583430340982,0.5823687850331222,0.5721264994547437
41017,0.2634,16.4,7.1,19.4,14.7,5.7,2.8,4.205630888653824,0.4460872818360741,0.7085466280881371
41019,0.6487,24.5,5.8,19.3,14.5,8.7,2.1,3.1401216412362016,0.693295744574374,0.5384754009731483
41021,0.5282,23.2,5.9,19.3,16.2,10.2,0.7,0.9730583171955891,0.7344890510948905,0.46129707112970714
41023,0.5784,24.2,8.7,17.0,11.6,10.9,1.6,0.9548772724436294,0.8104969809568044,0.45964717321850257
41025,0.8034,28.3,7.9,19.5,14.9,8.8,5.4,0.5536877041992534,0.8057992202729045,0.4688218585148113
41027,0.7111,14.9,9.2,22.6,37.5,15.9,3.7,3.8478816367174744,0.31543624161073824,0.8717389444872123
41029,0.7025,23.1,6.3,20.4,21.7,9.0,3.4,4.394200430812552,0.5331496960486323,0.5939966688391629
41031,0.9278,23.0,9.5,23.0,42.4,12.1,4.7,2.6973391003570213,0.6541465555068012,0.649241625435964
41033,0.7817,29.6,7.7,19.1,15.4,9.0,4.7,4.001848075552005,0.6477516282747571,0.5110816464160389
41035,0.8438,27.8,8.5,21.7,24.8,10.7,2.1,2.54016220310282,0.7145753091425097,0.5174829274011548
41037,0.8517,29.0,7.0,18.8,17.8,13.0,3.9,0.6969730719994705,0.8339834227206241,0.40144872283644684
41039,0.7375,25.3,6.6,17.8,20.0,7.2,2.8,4.44180978787515,0.38087924745632556,0.6900543621930185
41041,0.7165,24.0,8.9,16.0,20.0,7.2,1.9,3.9571836958811253,0.40494488298501236,0.7270325447339978
41043,0.6586,21.3,7.4,22.1,17.3,9.2,3.6,4.0459999061411915,0.6258880962413007,0.5656690995691681
41045,0.9908,35.1,10.3,25.2,40.3,18.6,6.6,1.4326094440786006,0.7277704360959033,0.49524058748487126
41047,0.902,22.9,8.7,24.0,37.3,14.3,5.2,5.683083922779837,0.5103237807743994,0.645372004899114
41049,0.7735,30.6,8.2,27.1,43.1,23.2,8.4,1.9428683668563622,0.7496700395952486,0.574248039300181
41051,0.5927,19.7,6.3,18.0,32.6,7.7,3.5,7.536819386759662,0.17837533968932606,0.8133590861838828
41053,0.6395,19.9,5.2,22.2,24.4,8.2,2.8,4.781061471424041,0.5189293043971879,0.6469768252308764
41055,0.3376,24.9,3.6,18.8,12.9,11.8,0.5,1.1960128865814308,0.792520035618878,0.5882022471910112
41057,0.6507,20.9,4.7,18.3,17.5,9.3,4.1,3.2498854210566597,0.5071255884972643,0.6604527296937417
41059,0.9259,22.2,6.3,24.7,36.8,15.5,4.1,3.2523118391033052,0.6939187400741132,0.5707761385503528
41061,0.7187,25.5,7.3,21.9,12.5,7.2,3.1,2.6322235809959835,0.7076660260516763,0.5052729644121483
41063,0.4461,16.5,8.1,19.5,10.0,6.7,3.7,1.2133294412436024,0.6815144766146993,0.6064095449500555
41065,0.8937,24.3,8.7,21.8,27.9,13.6,3.5,2.5004125556779178,0.5297536029753603,0.6747245333932989
41067,0.3703,13.5,5.5,22.1,37.3,7.1,3.2,6.719960504676018,0.324191272500639,0.7810260109841887
41069,0.2479,25.1,3.5,16.8,13.8,8.4,0.8,0.5987926432087423,0.7463768115942029,0.5525525525525525
41071,0.7232,18.5,6.4,21.5,25.2,10.1,3.8,5.019892883281992,0.531729886402506,0.6458169934640523
42001,0.21,13.7,6.0,19.7,12.0,9.7,1.0,5.31157755991281,0.6697953070394408,0.5750662563465329
42003,0.314,17.5,3.9,18.6,23.0,4.8,0.8,7.442500817883748,0.39746408955152757,0.7310749191025003
42005,0.132,19.0,4.1,19.0,4.0,7.6,0.8,4.61823643686178,0.7678905804770821,0.6156175175716382
42007,0.2386,17.1,3.9,19.3,12.1,5.3,0.7,5.95745415627579,0.6044367402933013,0.5352683173813053
42009,0.1868,21.2,7.4,19.3,3.9,9.7,0.8,3.871973521094038,0.8451096663570765,0.3995990644837955
42011,0.6659,18.8,6.3,22.1,31.2,11.9,1.5,6.2172629569815285,0.5614816026794738,0.6297760492349773
42013,0.3108,21.6,5.4,20.2,6.7,7.0,0.6,5.457329980200736,0.7188697095178275,0.5474804849420088
42015,0.3754,22.5,6.9,22.0,5.2,9.4,1.8,3.978407101242133,0.7416496912083292,0.44704341627571575
42017,0.1317,9.5,4.0,20.0,18.3,5.3,1.3,6.974013070719144,0.5003663575498611,0.7739284065767902
42019,0.0786,13.7,3.4,19.4,6.5,4.3,0.6,5.511173737981189,0.6623793945231413,0.6649348160529776
42021,0.3605,22.4,3.6,19.1,8.6,7.2,0.7,5.27214934373305,0.699978749025997,0.5775393265331203
42023,0.4734,30.1,3.4,17.2,6.2,7.4,0.7,2.5215440108816907,0.7545620437956204,0.5579042050820778
42025,0.2895,19.6,5.3,19.0,10.3,10.3,1.2,5.144619144171736,0.67540311093385,0.6256894456389642
42027,0.3344,23.8,5.7,14.6,15.8,5.2,2.3,4.971862186607362,0.4856781908240356,0.6214736582812452
42029,0.1244,9.8,4.7,22.3,22.6,5.3,1.2,6.573370605631561,0.42695130294172523,0.8289487970224138
42031,0.315,23.9,6.8,18.8,5.2,9.1,0.9,4.149381868661595,0.7672211450147974,0.4500234143295697
42033,0.5017,23.2,5.3,18.2,7.7,10.1,0.9,4.257078620061496,0.7595942982456141,0.5143271717872689
42035,0.5409,23.2,9.7,20.2,5.7,10.5,1.2,3.7740717837711384,0.7061546840958606,0.4656761234209981
42037,0.2813,24.1,4.1,17.6,8.4,8.4,0.5,4.907912877454768,0.6565860006816844,0.6381996182501077
42039,0.5842,24.8,8.9,20.5,6.3,9.4,1.1,4.429057791158411,0.6977646146252028,0.5115976792825154
42041,0.2068,12.8,5.2,20.3,17.0,6.5,0.9,6.173721940347616,0.547815345135884,0.7353277815053084
42043,0.5476,19.3,5.7,22.2,37.1,8.8,1.4,6.3028070528501745,0.4700509468812796,0.6626326361215815
42045,0.5654,15.8,5.0,21.9,35.6,6.5,1.7,8.049078588746177,0.38005512017121124,0.7955754507743314
42047,0.0824,17.7,2.7,19.2,4.4,6.9,0.5,3.6467941352137854,0.7366968166333843,0.5709127382146439
42049,0.6242,24.6,4.1,20.9,17.4,7.5,1.3,5.827721482294825,0.5051715790554716,0.6188864337406572
42051,0.5224,25.1,4.6,19.2,10.0,10.2,1.2,5.096184960183243,0.6906031876671784,0.5928183548122592
42053,0.5072,29.0,6.7,10.8,31.3,14.2,1.2,2.8499867762538336,0.7242955064737243,0.7380985235269767
42055,0.3194,17.2,9.4,21.9,13.9,9.8,1.6,5.313713850133542,0.7168508785644702,0.5139749850026124
42057,0.1184,18.2,5.4,19.7,5.8,10.6,1.1,3.533447883805965,0.8646357941284855,0.37068134893324156
42059,0.342,20.1,4.7,19.1,8.3,10.6,1.0,4.145150305446644,0.7284607651824256,0.5243838489774515
42061,0.3481,20.3,5.1,17.7,10.4,10.0,1.4,3.9406074004493297,0.7665579473798652,0.5281543505227716
42063,0.4528,23.2,6.9,17.9,7.6,8.0,0.9,4.622910350128558,0.697055735827448,0.47056724513220655
42065,0.3745,23.7,7.7,21.3,3.7,8.8,2.0,4.233220837716169,0.7948304419841339,0.4947841105354059
42067,0.4846,19.4,14.0,22.2,7.2,17.0,4.4,4.1130312324102025,0.8093414370160686,0.41921415014335905
42069,0.5558,21.3,4.6,20.4,18.1,8.4,1.3,6.154837883805735,0.48596798852907896,0.7276009424153687
42071,0.5399,14.4,11.2,23.2,19.8,13.0,2.0,6.375138211830663,0.580560793351491,0.6191463083903218
42073,0.5151,22.5,5.7,19.9,9.5,8.0,1.0,5.486392420233577,0.6699938016970526,0.5615820001871082
42075,0.6176,18.2,9.2,22.6,20.1,12.5,2.1,5.983736551970051,0.6612523282568205,0.5848455142355405
42077,0.734,19.9,6.5,22.6,39.3,9.8,2.3,6.988696938436652,0.48637507732343593,0.75358092483984
42079,0.6942,24.1,5.9,20.1,22.8,9.5,1.2,5.904447191196874,0.5966130572837339,0.6629827639981476
42081,0.5091,20.9,5.6,20.5,11.2,9.2,1.2,4.540976774285349,0.7090761613464691,0.5436058570684649
42083,0.3188,25.3,4.2,19.7,7.3,7.2,0.5,3.7447304214748196,0.7379073580651773,0.513476923076923
42085,0.5278,21.8,5.6,19.0,11.1,9.5,0.8,5.108680071528093,0.6521085897834421,0.5529682702149437
42087,0.5934,27.3,13.3,22.5,5.6,15.2,2.2,4.729750165438426,0.7839773712304393,0.5146083488664441
42089,0.4136,18.3,6.5,19.4,38.0,10.1,1.9,5.625333067170281,0.503950025388803,0.6202876590846357
42091,0.2119,10.4,3.8,21.3,26.4,5.2,1.5,7.481099557526829,0.384760600216525,0.8206290655482209
42093,0.3818,16.7,5.0,20.3,10.0,7.4,2.0,4.944321718882439,0.6061594941872324,0.8193088315962699
42095,0.4038,15.7,4.1,19.5,26.1,8.0,1.4,6.746347352538662,0.5089589283285734,0.7019178800137577
42097,0.4206,21.8,4.6,19.5,9.3,10.1,1.1,5.301176751368016,0.7015752963830824,0.5938487280252743
42099,0.1737,15.5,9.9,21.0,5.8,10.9,1.9,4.434495404327088,0.7491947521407809,0.5079313623789765
42101,0.9465,33.1,7.3,21.5,66.5,13.1,3.0,9.380848469126091,0.20243322176741732,0.7321452921094097
42103,0.2405,16.3,5.2,17.4,21.9,6.9,1.0,4.69382521021774,0.6212178026478987,0.6107437868444158
42105,0.405,23.3,6.8,20.3,4.7,9.9,2.2,2.7824399073049206,0.8140748140748141,0.39289604259954014
42107,0.4928,21.8,6.0,19.8,11.4,10.3,1.0,5.219956919556565,0.71215901415634,0.6214390311193486
42109,0.2819,17.4,11.2,20.5,5.3,15.1,1.3,4.804373166663973,0.736773350751143,0.4482809868225503
42111,0.3618,20.2,6.3,18.1,6.2,10.0,1.1,4.243483838695427,0.7882184828401784,0.5036420820455566
42113,0.2444,18.6,5.0,11.4,6.7,9.2,1.3,2.6439333230717006,0.7360021639166892,0.5555555555555556
42115,0.1814,20.3,6.4,18.6,4.7,8.5,1.1,3.8670361332927197,0.7256270545323547,0.4992313033128348
42117,0.2975,21.9,6.3,19.6,4.3,8.3,1.2,3.61960199806463,0.7613700168444694,0.4803281515606908
42119,0.4531,17.6,10.1,18.0,14.5,13.7,1.1,4.918549624484694,0.6180423179565383,0.5919907397101707
42121,0.3656,22.8,4.9,18.9,5.3,9.2,0.9,4.328880917662935,0.712377862451428,0.4739875266440357
42123,0.153,21.1,4.8,19.4,5.3,6.3,0.9,3.7961432128113404,0.697815829157951,0.5108570845347146
42125,0.1648,15.5,3.8,19.5,9.4,6.0,0.9,5.50373526713285,0.628348463658256,0.6625625407874701
42127,0.3952,19.7,6.5,16.6,10.9,8.4,1.7,4.27085841049326,0.6868690325450875,0.6379548684799751
42129,0.1091,16.0,3.2,18.2,7.6,4.7,0.5,5.846026381645015,0.6431647547543733,0.5970266466799847
42131,0.0872,17.8,3.9,19.2,5.7,7.2,0.6,4.2047108021993855,0.6859481948731714,0.6233858326491005
42133,0.3379,14.9,4.9,21.9,18.9,8.9,1.4,6.227293785311155,0.627543454479154,0.612275029060834
44001,0.1327,10.7,2.1,18.2,10.1,6.7,0.4,7.649803466038468,0.365302115901985,0.8145588811650405
44003,0.2116,13.7,3.1,18.4,14.5,7.3,1.5,6.918193535917221,0.4904014538245498,0.8063691476152217
44005,0.2787,12.5,3.6,16.2,15.8,5.2,0.7,6.727607058215625,0.3696349085541641,0.7785994493311567
44007,0.8097,21.2,5.3,20.3,41.6,13.7,2.7,7.382666490912071,0.4282808661372336,0.7267748786645193
44009,0.1324,12.8,2.2,15.8,10.0,5.1,0.6,5.980900375786848,0.42319464759737796,0.8139468214720849
45001,0.5988,28.7,10.5,19.8,31.6,14.9,2.1,3.9241425524296116,0.7145616392341283,0.4139927426917275
45003,0.6322,22.8,9.0,21.3,34.9,10.4,1.6,5.072986047695557,0.6313111084933444,0.4788379605786788
45005,0.9955,38.5,11.8,19.0,77.8,21.1,3.1,3.0340957029287843,0.2730020147750168,0.60554788213628
45007,0.6303,23.2,10.4,22.6,23.6,12.8,2.3,5.661576146388455,0.7396636768991546,0.4146812271053229
45009,0.958,32.0,14.8,18.9,63.6,22.7,1.2,3.5507279146990824,0.4227005870841487,0.5231764538603725
45011,0.9612,35.2,11.5,23.5,50.2,17.2,3.4,3.6548553514003816,0.5786105089294932,0.5759608933192754
45013,0.469,17.6,8.8,17.8,32.0,6.4,1.7,5.7967356936459025,0.5733139393939394,0.698243824236683
45015,0.5447,19.2,10.2,23.6,37.9,9.9,1.9,5.350374791269747,0.5825636505895155,0.5403344346597516
45017,0.7273,25.5,9.3,18.7,45.5,13.5,2.5,3.6405081667994548,0.5726353513375144,0.4243111385968529
45019,0.4343,19.4,8.9,19.4,34.8,7.1,1.3,6.103478473139171,0.4711379644219999,0.675950277827742
45021,0.7798,30.2,11.0,22.7,29.2,14.8,2.0,4.96992359542261,0.7589300211073227,0.35158813263525307
45023,0.7047,30.1,11.8,22.4,41.9,14.8,2.6,4.0325417911522345,0.5870116362218033,0.4737625604763677
45025,0.9462,32.8,12.4,22.1,40.5,18.6,3.0,4.016186482472901,0.6417976046588287,0.38256297918948523
45027,0.9691,31.3,10.1,18.9,51.6,19.1,2.8,3.957414485539339,0.5620311240622481,0.5039265076307601
45029,0.966,31.4,15.8,22.4,43.3,13.8,3.1,3.624306509126065,0.5918548030101815,0.49958860843485414
45031,0.8921,32.0,8.9,22.2,46.2,14.3,1.9,4.731107787074985,0.567346802693872,0.5010807889759524
45033,0.9745,44.9,15.0,25.2,54.9,21.7,5.8,4.259184931023983,0.5546018526387354,0.4608090816627842
45035,0.6306,18.6,10.5,24.1,37.6,9.4,2.7,5.6567455777213125,0.5743501729378472,0.5496870566123494
45037,0.8476,29.3,10.5,17.5,43.2,17.0,1.7,3.9757209798294286,0.6611882772162024,0.6236610418195158
45039,0.8893,33.4,7.5,18.7,61.4,15.9,3.2,3.450436705129648,0.4329207697172283,0.6676958875911756
45041,0.8256,26.7,10.5,23.5,49.5,12.7,2.7,5.148428237845859,0.5406906384177981,0.5639692536860145
45043,0.5301,23.3,10.0,17.5,34.5,9.1,1.4,4.371489932990295,0.5986967364779705,0.5587747287811105
45045,0.6246,18.8,10.2,22.8,33.0,9.9,2.4,6.511938887781416,0.6130386868511107,0.5700898877262951
45047,0.8466,30.9,8.3,22.4,41.2,13.1,1.4,5.0312583305113305,0.6467963649486566,0.490968917258618
45049,0.9621,35.1,12.1,20.5,60.2,19.1,1.5,3.547709928713,0.4675851888301144,0.6548746228280096
45051,0.7022,23.7,13.6,17.3,23.2,8.4,1.1,5.754717653954154,0.6945511752367136,0.5814488775167264
45053,0.8829,27.9,13.5,19.0,54.7,10.2,4.1,3.827372887003711,0.5486588339614277,0.3933096132743657
45055,0.4782,22.4,8.7,23.0,32.4,11.1,1.3,4.516649345761901,0.6428808696965121,0.6037024237051284
45057,0.4575,20.1,7.9,21.4,30.8,10.9,1.8,5.186132358343665,0.6253231415871598,0.4885116108231645
45059,0.8947,28.5,13.7,21.8,33.1,17.3,2.1,4.560443365265252,0.7065162823387664,0.3957151111967167
45061,0.9704,40.8,10.4,18.9,67.1,18.8,5.8,3.7224303926274738,0.40590795199789004,0.493522700261469
45063,0.4855,20.3,9.3,22.9,27.3,8.7,2.0,6.050594511971461,0.6697402956209422,0.5721071129707113
45065,0.6087,24.3,5.5,10.8,47.4,14.8,1.4,3.324475264370463,0.5865416255347153,0.6053048716051992
45067,0.8753,42.8,13.7,22.5,61.9,15.5,5.4,4.1058269063529576,0.44667977613069126,0.5001794043774668
45069,0.9405,40.1,13.6,19.9,61.6,19.6,2.6,4.032469384929006,0.4879896342071165,0.45922352400643235
45071,0.8027,26.0,9.3,21.4,39.9,14.5,1.8,4.113462782295227,0.6738329238329238,0.5397502601456816
45073,0.6968,26.0,10.6,19.4,16.3,13.1,1.1,4.842020642827715,0.7608419741852056,0.4615442636964775
45075,0.9516,36.3,10.1,21.6,66.9,15.7,2.2,4.344679755312193,0.375867913181346,0.5745517841601393
45077,0.5717,26.5,8.8,18.5,15.3,12.9,1.4,5.5790791649952896,0.7670038075110284,0.47735727120834776
45079,0.7922,25.2,9.0,21.5,59.2,7.8,1.9,6.310876243595531,0.32389507003332796,0.6250472028266375
45081,0.8228,30.0,16.1,21.7,41.7,16.8,4.7,3.7580091287874415,0.724455423310128,0.31167879646363505
45083,0.7486,23.4,10.8,23.1,33.2,12.2,2.3,6.0146240608540165,0.6701616994705416,0.44939568772769206
45085,0.8762,28.5,10.8,23.8,55.6,11.2,1.7,5.070006915293207,0.47524641577060933,0.5848708314202453
45087,0.9173,36.0,11.5,21.0,35.8,18.4,2.3,3.9867471306018634,0.6648613162645659,0.4294186557329038
45089,0.9634,32.8,11.3,19.5,68.6,17.1,3.3,3.5279822689174467,0.3901681028393841,0.5853200737618546
45091,0.3436,15.6,8.1,23.8,31.6,7.7,1.7,6.031946530093007,0.5968587449860997,0.5185939162713228
46003,0.104,11.6,6.9,25.5,11.3,8.7,0.4,1.5381177426937274,0.7776141384388807,0.5677935296255907
46005,0.7289,26.0,5.4,27.3,27.2,14.9,4.5,2.782890566877122,0.7052462370305421,0.5167181488104915
46007,0.811,45.8,25.9,37.2,63.6,11.1,7.9,1.351306796510471,0.6347417840375587,0.6546805349182764
46009,0.1899,25.7,6.0,18.1,13.8,11.1,0.7,2.599218233959001,0.7623593590180703,0.5981741776554123
46011,0.154,22.3,4.7,20.5,11.4,3.8,0.8,3.800287461433417,0.5892255892255892,0.5370470678792371
46013,0.2669,16.3,6.9,23.2,14.6,6.3,0.9,3.1503916516942674,0.6366626794258373,0.5929349365328664
46015,0.3872,24.8,9.4,24.5,18.8,14.2,0.2,2.004251418547834,0.7177966101694915,0.5973192373041344
46017,0.9892,46.6,39.6,38.0,81.5,17.6,11.0,1.5980797805071274,0.36043956043956044,0.6401630988786952
46019,0.5431,21.5,15.0,23.4,11.9,10.6,3.2,1.724270167517425,0.8103101087394281,0.41595550867772557
46021,0.0878,13.5,4.5,22.6,5.3,12.8,1.3,1.1284428304476986,0.8547215496368039,0.4803779069767442
46023,0.6777,33.2,17.8,30.8,37.6,10.5,4.9,2.2490146358925838,0.718389186144748,0.6146147223417994
46025,0.3659,19.4,7.6,28.4,7.8,8.9,1.5,1.6108894104802722,0.7690595436839176,0.5230192719486081
46027,0.6367,30.0,7.9,17.3,13.8,6.6,4.0,3.618752173496361,0.466473359913012,0.7065387348969439
46029,0.2415,20.0,7.3,23.5,9.3,8.2,2.2,3.7449503873158934,0.7088482826597923,0.5723874468920704
46031,0.7324,52.5,20.4,36.4,71.8,13.8,8.7,0.9483988938891117,0.5603907637655418,0.5961820851688693
46033,0.2937,18.2,10.8,13.6,11.1,6.4,2.5,1.8670296787584384,0.7335034013605443,0.5216228265715559
46035,0.3742,22.9,8.0,23.4,10.2,9.8,0.4,3.846569889727998,0.6935537928723048,0.654007585335019
46037,0.1282,25.4,8.2,22.4,14.7,8.5,0.5,1.8457838758186416,0.6522948539638387,0.6906342182890856
46039,0.0213,15.4,7.2,24.6,6.6,7.2,0.6,2.0670873543139034,0.7648106904231626,0.47965984831073316
46041,0.8263,44.6,23.6,37.8,81.3,13.4,9.2,1.191225500862319,0.4345205479452055,0.81653088934148
46043,0.3166,21.9,20.7,26.2,6.5,8.7,4.3,2.0199224625338865,0.8663003663003663,0.5549469359808284
46045,0.0258,17.6,4.9,23.1,5.1,7.4,0.4,1.518395444662404,0.8081918081918081,0.47662575084878556
46047,0.6277,28.6,15.2,16.7,15.9,8.5,0.0,1.6230748598879852,0.7527010804321729,0.638760613734545
46049,0.3627,29.9,4.2,25.4,4.3,7.8,1.3,1.1568382949061773,0.8340888485947416,0.5624184428012179
46051,0.231,14.4,9.0,21.8,7.8,8.3,2.0,2.489432849521311,0.7327683615819209,0.5194271128757799
46053,0.1817,22.5,7.2,23.8,13.2,9.6,1.5,1.5941890763030608,0.8077617328519856,0.5249701314217443
46055,0.2389,22.0,10.6,22.6,9.6,3.6,0.0,0.6776902790184332,0.9053201082055906,0.43285939968404424
46057,0.1336,14.2,9.4,32.7,8.0,7.6,2.3,2.5817659333997938,0.807570977917981,0.48296560674886435
46059,0.048,15.0,3.9,22.5,7.4,6.9,0.3,1.1443572522897818,0.7903503733486502,0.4979630209965528
46061,0.0003,13.5,4.0,30.7,6.7,5.3,0.2,2.18858223603579,0.8014925373134328,0.44975383724297713
46063,0.0264,11.5,3.9,20.7,15.1,5.9,4.1,0.36477564615964697,0.940149625935162,0.1926040061633282
46065,0.3013,15.0,6.5,24.6,19.2,3.3,2.2,3.2197039631100015,0.6546184738955824,0.7498002967020427
46067,0.1209,19.1,4.5,26.0,8.5,8.0,0.8,2.312849864973819,0.7944459569833924,0.5535591825538335
46069,0.0153,11.4,5.2,21.5,10.2,9.2,0.0,0.92924643477348,0.7817109144542773,0.5603382013835511
46071,0.9771,50.9,24.8,32.7,67.3,12.9,10.2,0.9253015316240258,0.6783783783783783,0.5732655502392344
46073,0.1976,15.0,5.4,20.9,12.0,8.3,4.8,1.5017671316247736,0.7195121951219512,0.5305514157973175
46075,0.2036,20.1,12.5,29.8,21.8,5.1,5.3,0.7117062565224083,0.888268156424581,0.7862679955703211
46077,0.1114,14.6,5.6,24.8,6.4,9.5,1.7,1.976103906398665,0.7235358312113496,0.7058108928932982
46079,0.09,15.6,4.0,20.0,7.8,6.7,0.7,3.0402150440524767,0.6587890288080042,0.5249667890911932
46081,0.3449,19.6,10.8,16.9,10.6,5.0,1.1,3.5132339479010994,0.6612364801709173,0.6087292988701439
46083,0.0309,10.6,4.2,27.1,9.1,4.0,1.1,4.744775757743994,0.6353856524914331,0.6254744143436723
46085,0.867,38.6,20.6,28.5,46.4,8.5,5.6,1.1831153927785956,0.7017667844522968,0.6855329277968791
46087,0.0366,13.3,9.0,27.9,7.3,7.4,0.7,2.3934443692487974,0.7523648648648649,0.5941639813820265
46089,0.1788,21.1,7.1,20.1,4.8,18.9,0.0,1.0920409129257131,0.8525490196078431,0.40899537620849097
46091,0.1193,12.1,5.3,23.4,18.0,9.7,1.0,1.82550692564196,0.6222222222222222,0.5408308004052685
46093,0.1744,15.7,9.9,21.8,14.0,4.2,0.9,2.2653574308177538,0.7609029913335197,0.5643089086545249
46095,0.8552,56.8,28.9,29.2,67.8,18.0,11.9,0.9248317543008283,0.6036161335187761,0.4027171276079573
46097,0.2154,17.3,8.0,21.5,6.2,9.5,2.0,1.6203641970787726,0.7416225749559083,0.5586642599277978
46099,0.3748,15.6,8.2,25.3,19.8,6.9,2.0,5.5056645537131255,0.5649430610799324,0.7037341949113051
46101,0.2431,15.2,8.0,26.2,24.7,5.5,3.8,2.5816128399752545,0.6628205128205128,0.5180961070559611
46102,0.9545,65.8,42.8,36.9,95.4,26.1,28.7,2.020402946720098,,0.869718558228116
46103,0.5539,19.3,11.1,22.3,21.5,5.8,1.7,3.7075409809642115,0.6358336360334181,0.6132805976708415
46105,0.3417,19.6,9.0,21.9,4.6,7.8,2.8,0.7103374828353245,0.8547770700636943,0.3225130890052356
46107,0.0296,14.7,7.1,22.7,8.1,3.4,0.4,1.3873354100290254,0.8318931657501963,0.6177426846261032
46109,0.6694,34.0,18.7,28.8,44.8,8.9,4.8,2.3323368927083754,0.6170839469808542,0.7912257071387339
46111,0.167,18.3,7.1,27.1,6.7,8.1,0.4,1.6426222881092505,0.781986531986532,0.5695392491467577
46113,,,,,,,,,0.1365623948873192,
46115,0.1381,18.7,6.8,23.2,7.6,9.4,0.5,1.6538010675681283,0.6996086105675147,0.5385821831869511
46117,0.0452,7.0,6.1,22.2,11.0,5.7,1.7,1.1192001479060232,0.7381370826010545,0.6158812136862492
46119,0.027,12.8,8.6,17.1,7.9,3.8,0.7,0.8368983583605074,0.8099547511312217,0.4586628324946082
46121,0.9475,66.6,27.6,39.4,92.5,20.2,14.5,2.045832715686649,0.24044508950169327,0.7746880220104156
46123,0.6236,31.7,10.9,22.8,20.3,10.2,0.4,1.499102041209835,0.8206106870229007,0.46315015622128286
46125,0.0725,17.4,5.3,24.8,5.2,8.6,0.5,2.7132341991705076,0.7636939791760978,0.5533158396946565
46127,0.0627,12.8,5.1,24.3,10.8,5.5,1.0,3.6175106071175014,0.707395498392283,0.5440622646246548
46129,0.5024,21.3,11.7,22.6,21.1,8.8,2.9,2.1419082692748797,0.8013217678645188,0.5135234590616375
46135,0.2014,14.7,7.7,21.3,12.1,6.9,1.6,3.8226798926095356,0.6313490933257382,0.6755939335495749
46137,0.8842,50.6,31.6,27.4,74.9,10.4,7.2,0.8117097630375345,0.5145888594164456,0.37554426705370103
47001,0.6363,24.5,9.9,21.2,12.4,9.1,1.7,5.4395844701709395,0.680809815271277,0.5706045883239367
47003,0.7261,21.8,13.8,25.1,24.8,15.0,3.2,4.679265760831227,0.792801849803961,0.4437269929394726
47005,0.4508,29.6,10.4,19.5,8.6,15.3,1.0,3.723466846923439,0.8171595168679717,0.4547029702970297
47007,0.6997,35.1,17.0,16.4,12.7,21.9,2.4,3.6228138796720746,0.8550040683482506,0.3777881040892193
47009,0.2313,16.8,9.9,19.9,10.1,9.6,2.1,5.498325076724601,0.7416146160935009,0.534954315941332
47011,0.6726,23.4,10.9,21.7,16.1,11.8,1.7,5.805491128660311,0.7976503450542228,0.42835075386180743
47013,0.7143,32.6,10.2,20.5,4.1,18.8,2.3,4.41937916784433,0.8505188067444877,0.44977661763967675
47015,0.2739,24.7,11.4,21.4,7.1,14.4,1.6,4.016646150866186,0.8338714411505723,0.3307671344869873
47017,0.5457,29.1,10.5,21.8,16.0,11.3,0.8,3.8812973420440873,0.8104414261460102,0.500342132747506
47019,0.6666,30.6,12.9,18.0,7.1,12.6,1.2,5.112118262235939,0.8190975183786199,0.41410863435654627
47021,0.1995,16.8,10.2,21.4,9.8,11.1,1.9,4.921048772453628,0.73282480074324,0.6043720953106941
47023,0.4553,28.6,10.6,21.6,15.4,14.4,0.5,4.124992530815204,0.8283502402562734,0.36688443082615485
47025,0.5619,30.3,9.1,18.9,5.3,17.8,1.2,4.315378551458788,0.8532827154979902,0.47476454206952656
47027,0.6605,36.7,8.3,20.2,6.1,15.0,0.8,3.4994580774206003,0.8354328598231038,0.3047931713722915
47029,0.7369,34.1,12.8,20.4,7.5,15.5,2.3,4.430456609125983,0.8443943298969072,0.5129707810243306
47031,0.6411,26.6,9.7,24.0,13.3,12.6,1.7,4.915563785221612,0.7789875680507029,0.4732837933474876
47033,0.7203,24.3,12.1,23.6,28.0,14.3,2.3,3.9807212135426338,0.796252129471891,0.49732958538299366
47035,0.3506,28.4,9.1,16.9,6.2,10.7,1.2,4.5146339989704165,0.7965983427823812,0.48101454064771976
47037,0.7171,22.4,12.1,20.4,44.4,9.7,2.7,7.2518904486152875,0.3599067992876199,0.6718505094043887
47039,0.4496,31.8,9.9,20.2,9.0,14.9,2.0,3.566506930470757,0.8487534626038781,0.38917945640058305
47041,0.8018,33.8,9.7,21.6,13.0,18.9,2.3,4.21044318821739,0.8166577109081139,0.42367008296730113
47043,0.2316,17.8,9.8,22.7,11.8,11.6,2.1,4.721850254060419,0.7626730885009031,0.4983502632164306
47045,0.6335,27.7,9.4,23.7,21.7,11.8,0.9,4.288553134641972,0.8108315863032844,0.41548480852552544
47047,0.3668,17.4,8.4,18.4,33.3,9.7,1.9,4.109512184447795,0.7137502129834725,0.585661147983371
47049,0.4413,33.0,8.5,20.5,4.7,19.1,1.4,3.647750005045027,0.8815952184666117,0.34735194083031906
47051,0.4219,24.5,9.1,19.7,12.3,10.0,1.4,4.363247221756443,0.7682783320542338,0.4246825246398787
47053,0.7833,26.9,10.7,24.2,24.1,12.4,1.5,4.43921851237814,0.7621934160216357,0.4670180937455478
47055,0.4524,24.4,8.1,20.4,17.3,12.0,1.0,3.924430809735507,0.7775284260921603,0.40388270431713275
47057,0.6128,29.4,10.8,19.6,7.0,19.0,1.3,4.445947381187094,0.8705478213704574,0.500557461406518
47059,0.615,28.0,10.1,19.1,8.0,13.6,1.7,4.737522273762217,0.8325794800039048,0.4718759501368197
47061,0.5192,29.0,13.7,21.4,5.2,20.5,1.4,3.653058873227219,0.8490926456542502,0.3129515156028897
47063,0.8591,30.1,13.3,23.2,19.7,13.6,2.3,5.994822011163597,0.7970418413351261,0.43622755413188774
47065,0.5635,19.5,9.6,20.8,29.9,9.3,1.5,6.519550721611403,0.566298825393866,0.5795151765614295
47067,0.8419,47.4,11.8,21.1,3.8,20.2,2.8,3.442121230241888,0.8845089903181189,0.3311178247734139
47069,0.8871,30.8,10.4,19.0,46.1,19.1,1.2,3.669069872751957,0.6215665236051502,0.48131736526946106
47071,0.503,31.4,13.2,20.0,9.1,14.6,1.6,3.8596670845575143,0.8579644911227807,0.4158740059254639
47073,0.5555,27.9,9.7,19.3,5.9,13.8,1.5,4.772796857342236,0.8469658004836296,0.4547775860247244
47075,0.8883,34.9,11.4,22.0,56.3,17.8,1.3,3.538068779562055,0.49810519933303016,0.5397018030513177
47077,0.6274,27.1,11.9,22.9,13.5,12.1,3.4,3.9990661423686307,0.8413016270337922,0.42102642529430595
47079,0.6118,30.0,11.0,20.2,13.6,12.9,1.1,4.068893775538193,0.7796848809922896,0.48808162003400835
47081,0.4181,23.2,9.1,20.6,10.4,17.5,1.9,3.7331575264236103,0.8076810319554383,0.4340694256890937
47083,0.3847,21.6,11.4,21.7,9.0,16.0,1.0,3.7425272472627986,0.7945241892610314,0.4437263748323375
47085,0.3735,24.7,10.8,22.2,9.6,12.7,1.3,3.607068798256017,0.7836414840210604,0.42202131094607687
47087,0.7035,30.5,9.7,17.8,6.7,18.7,2.2,3.6631659058502595,0.8151439744045503,0.3583913117257763
47089,0.4954,19.9,9.4,19.1,9.0,12.0,1.6,5.303063806135724,0.8239020765711157,0.5119735755573905
47091,0.6882,33.3,13.2,16.5,9.6,17.6,3.6,4.115018227353041,0.8492724785474444,0.3822239712165505
47093,0.3738,21.0,8.0,20.8,18.9,7.7,1.3,6.85436633295713,0.5991590749824808,0.6149713063427973
47095,0.9345,41.9,16.2,14.3,34.2,25.7,3.9,3.7520447973348343,0.7767950052029137,0.3604618015963512
47097,0.9246,32.1,10.6,22.3,41.2,18.0,2.0,3.9952650822258264,0.6866162847391516,0.38454336207232864
47099,0.7391,30.1,13.8,24.9,7.8,14.2,1.9,4.2892081724317626,0.8482548533663775,0.37590050292238686
47101,0.5288,29.7,12.7,21.9,7.9,15.6,2.0,3.8242288894065175,0.830395344857094,0.36273231170524944
47103,0.3726,20.6,9.5,22.2,14.6,11.9,2.2,4.143240626892423,0.8260162601626017,0.4208520048885526
47105,0.1715,19.2,8.2,19.1,13.7,12.2,1.7,5.493478393179187,0.7678913883900034,0.6514944144410743
47107,0.5705,23.6,11.2,21.1,12.9,13.6,2.9,4.831981223774889,0.8238274706867672,0.4100085511395323
47109,0.3404,30.6,10.1,21.6,10.9,13.7,0.9,3.8503098246578706,0.8453063418129703,0.4872343737837627
47111,0.5686,27.3,10.4,24.5,9.7,22.0,2.4,4.425846703480725,0.8752320468978994,0.3366392976180798
47113,0.8969,28.0,10.4,22.2,45.5,10.4,2.0,5.182028026435969,0.5920253164556962,0.5565500489875899
47115,0.4951,27.5,8.7,20.7,9.1,19.2,2.1,4.0759462391976715,0.7809468654987693,0.4718580274673954
47117,0.3513,24.9,6.8,23.2,15.6,10.8,2.1,4.533300984896928,0.7856600910470409,0.43665454545454546
47119,0.2214,16.5,9.1,23.0,22.0,8.2,1.4,5.120149919962589,0.7254517575357621,0.6588855343562928
47121,0.4881,23.4,11.7,20.2,9.6,17.9,3.0,4.201635083176434,0.8400792995208988,0.6948156496538399
47123,0.7569,28.6,11.1,20.8,12.0,14.3,2.4,4.305711437817717,0.8369928616607933,0.4422816629068643
47125,0.5997,20.0,8.6,26.7,39.1,5.9,2.7,6.02419900700301,0.5934981559896189,0.6151258654596087
47127,0.2262,27.5,5.8,19.4,7.7,13.9,2.1,3.946418246457302,0.8495280399777901,0.22364364981504314
47129,0.6122,30.8,11.0,19.2,9.5,18.6,1.9,3.7245725438686508,0.8757222025704516,0.5260944727374667
47131,0.6064,28.3,8.8,21.8,19.9,15.2,1.4,4.0481431761401705,0.8267145197784193,0.4322391832119459
47133,0.252,28.7,7.3,21.1,4.5,17.8,1.2,3.9717991859417143,0.8240226009295544,0.36180927116586487
47135,0.4677,28.0,16.4,22.3,9.1,20.0,0.0,3.060095807755929,0.8490668109277792,0.4181525507677068
47137,0.3283,32.8,8.4,17.9,4.8,18.5,0.4,3.46380302669956,0.8336748633879781,0.4591917591125198
47139,0.5157,25.2,15.5,19.5,9.4,15.3,2.5,3.726718119055188,0.8433818433818434,0.4216373574144487
47141,0.5536,28.0,9.0,20.6,12.8,10.8,1.7,5.302507907371204,0.7397307859313939,0.5211165804723036
47143,0.7238,29.7,11.1,22.0,12.0,16.7,1.2,4.660634653846484,0.8381632367352653,0.43950312057165253
47145,0.3083,22.1,7.4,18.7,8.8,10.1,1.5,5.011051428306098,0.775771673312657,0.4520437600689371
47147,0.279,17.9,9.4,23.7,18.6,11.4,1.5,5.042630148380159,0.7570341328413284,0.5357943547825602
47149,0.4267,17.2,9.3,24.4,32.5,7.3,2.6,6.320867736723433,0.6105233489382471,0.5574521871285192
47151,0.7388,39.7,12.0,23.8,3.2,19.6,0.1,3.741806810863313,0.9013612565445026,0.3746148268986768
47153,0.504,33.4,12.2,19.9,7.7,16.0,1.4,4.1178758156544975,0.8346557460967494,0.35458538533209105
47155,0.566,23.2,13.2,20.4,11.6,12.3,2.6,5.11898367661439,0.8088171104321257,0.5138320610687023
47157,0.8708,27.8,11.9,25.0,65.5,10.4,2.0,7.105877972314099,0.3708322418890095,0.5727021680257286
47159,0.4146,23.7,9.6,22.4,9.5,13.4,2.4,4.17042049453142,0.8275675675675676,0.33859205238874834
47161,0.3885,19.8,10.9,22.0,9.9,11.5,3.1,3.4291149125359275,0.822873721178806,0.45439300036456437
47163,0.4839,25.5,9.3,19.1,7.6,10.7,1.2,5.952749073404845,0.7776886249966568,0.57831485083487
47165,0.2927,15.8,7.9,23.2,18.9,8.7,2.0,5.9210125609897855,0.7115716931737047,0.4958935190267823
47167,0.4158,20.2,9.3,24.0,25.5,11.0,1.3,4.906317325361376,0.7667006532985915,0.4148768648841702
47169,0.2157,18.3,8.7,16.5,18.1,14.0,0.0,4.629036901623518,0.7969157769869514,0.37513293158454447
47171,0.5371,30.5,8.9,18.2,8.7,12.0,0.6,4.573762293525218,0.8133427963094393,0.5526477660347816
47173,0.3783,25.4,8.6,21.5,4.9,19.6,2.3,4.49787467893414,0.8586046511627907,0.3559483276587222
47175,0.623,30.0,16.6,19.5,4.9,19.4,4.0,3.1616831220351598,0.838371375694016,0.5941757493188011
47177,0.7805,28.4,13.6,23.4,15.9,16.3,4.6,4.565768493705289,0.7834194429597957,0.4229231775565085
47179,0.5857,25.7,9.9,18.7,12.6,9.0,1.9,6.0140922791008995,0.6999669038557008,0.6127304347826087
47181,0.7474,32.2,12.7,18.1,11.1,17.7,2.5,3.145782287418233,0.8875774564768368,0.41672164577460563
47183,0.608,30.7,11.6,18.7,14.5,12.5,1.1,4.056450650403978,0.7945876677219961,0.3925528084493519
47185,0.5154,30.0,12.9,21.9,7.3,18.2,1.9,4.301280916221908,0.8358290438309156,0.4325470835618943
47187,0.0165,6.5,4.2,26.4,17.3,4.0,1.1,6.059178344766895,0.6647265160941114,0.6780866734895894
47189,0.175,13.5,7.0,23.3,17.9,6.9,1.4,5.568626634100705,0.7028525161933233,0.5475988026849721
48001,0.896,25.7,17.4,19.0,43.3,15.2,5.1,4.019166911063932,0.8109920965058236,0.39857971767558675
48003,0.6834,22.5,24.9,30.6,61.6,26.2,5.5,2.5828992094826555,0.8659124937614374,0.4481689387864207
48005,0.9917,30.8,18.6,25.4,40.7,16.0,4.0,4.6963786870508795,0.7617780377248136,0.47219050913913396
48007,0.7614,26.3,15.5,17.4,34.1,11.4,5.1,4.568533249511436,0.7808993111988236,0.5708209272649937
48009,0.2657,18.9,16.6,22.7,12.8,8.8,1.7,2.3584937530423655,0.8982785602503912,0.5909037764527066
48011,0.0865,14.7,7.3,22.2,13.0,7.2,1.0,1.1324102419650417,0.930379746835443,0.40010598834128247
48013,0.8664,23.7,21.4,26.9,68.7,19.4,8.1,3.7259218621725334,0.7183383438097841,0.5274372959552714
48015,0.7133,22.2,14.0,23.6,39.9,12.1,5.7,3.871868489932935,0.8156223400772605,0.47529302077783697
48017,0.7843,19.1,32.1,26.9,71.9,26.8,5.4,2.234960865964355,0.8077591198610307,0.3852857142857143
48019,0.5899,21.5,13.9,16.8,25.9,8.0,3.9,3.3242799960394613,0.8120406799792146,0.5113793700242298
48021,0.7566,20.5,19.2,25.5,51.7,16.9,4.1,4.716906640740842,0.5930516670908628,0.5831407864927922
48023,0.462,18.9,16.3,23.5,19.8,13.0,3.6,1.6106081573240292,0.888821752265861,0.4103733257338273
48025,0.9166,30.8,17.2,20.2,70.2,19.8,3.7,3.588826453716324,0.7010439371343352,0.5136189160141256
48027,0.937,26.1,14.5,27.5,56.8,9.2,4.0,5.871489760584325,0.5820388123964254,0.6168729541171154
48029,0.9192,25.0,16.0,25.1,73.9,14.1,4.5,7.393150058749703,0.4507005957801355,0.7145532388944845
48031,0.2339,15.5,15.2,17.7,25.5,9.7,1.9,2.854545917491175,0.7656769596199525,0.570865811750901
48033,0.0267,2.6,2.3,34.3,17.9,5.5,9.3,0.5678075554155142,0.9585492227979274,0.3103975535168196
48035,0.5794,22.3,18.2,20.9,24.5,12.3,3.1,2.981777049920319,0.8394606552196355,0.45111051645705114
48037,0.8766,26.8,15.5,23.7,37.8,10.0,3.7,4.6616082937976975,0.745028018899022,0.4023164780953402
48039,0.6519,14.2,13.4,25.9,56.4,11.2,3.0,5.61960250773136,0.5997572618131541,0.5933672487869526
48041,0.804,31.9,12.2,19.9,45.6,10.7,3.2,5.994356265789383,0.6260951223554108,0.5207821614145918
48043,0.6478,23.3,11.9,18.2,48.1,11.1,1.3,0.9277619527948182,0.5638015064244573,0.5612300336846681
48045,0.5479,48.0,20.9,19.2,43.1,15.4,0.3,0.8892618531468623,0.9024390243902439,0.42238033635187583
48047,0.9163,41.9,24.6,22.3,91.7,29.9,1.7,2.1380492850590453,0.45157232704402517,0.983081911743973
48049,0.9135,24.7,17.3,20.8,30.3,12.6,3.4,3.7233612460775425,0.8725261584454409,0.41577751954362985
48051,0.5049,18.1,13.8,21.8,36.6,16.3,2.8,3.340986772504898,0.8165680473372781,0.49118906902347775
48053,0.5819,19.1,17.4,20.5,28.1,11.6,3.5,3.9307216069178756,0.7809308825110179,0.5403177240161977
48055,0.8956,26.2,24.5,23.1,63.3,19.7,7.9,4.451246642487976,0.572977158343012,0.5639428362037376
48057,0.72,18.5,9.5,23.5,59.3,15.7,2.9,3.7063174298260004,0.7621919917864476,0.5158290277125411
48059,0.2956,19.6,17.2,21.4,16.9,7.9,1.8,2.79854660652815,0.8903616193632041,0.4192784909990676
48061,0.9844,40.0,27.5,29.5,91.6,29.1,9.9,6.161377997901509,0.5292106656023046,0.8032200357781754
48063,0.917,34.7,22.3,26.4,46.5,12.8,5.2,4.175076216385577,0.7695702225633154,0.40354360775927905
48065,0.083,12.6,10.3,23.6,16.6,7.6,2.5,1.9883986530293312,0.9081115335868187,0.3584205197435032
48067,0.8619,28.6,13.7,22.4,24.8,12.4,2.9,3.4520220057434434,0.8293495992623591,0.3555585159528409
48069,0.7801,25.0,23.5,29.0,69.4,24.8,3.9,2.2248455134020526,0.7922465208747514,0.44077025232403716
48071,0.4798,17.6,15.9,27.3,36.3,10.8,3.0,4.379226376422093,0.8306878306878307,0.4816479229874307
48073,0.9717,30.6,20.8,25.4,41.1,21.1,4.6,3.8972746547197303,0.8159020504499188,0.39683926604110475
48075,0.7178,32.5,20.3,18.5,49.2,18.0,0.4,2.3735723405443556,0.883318544809228,0.4752258417738845
48077,0.1772,16.4,15.8,20.2,12.3,7.1,2.1,2.3467105511947146,0.9005449591280654,0.44494317639193964
48079,0.938,43.2,19.3,26.9,67.0,30.6,4.5,1.449945183091557,0.8323895809739524,0.3887136347704171
48081,0.6379,29.5,12.7,21.6,26.6,14.0,0.7,1.5315435714896881,0.9006659267480577,0.47298494242692646
48083,0.6449,25.6,25.0,21.7,24.5,11.8,0.8,1.9716513772772164,0.8966183574879227,0.363914373088685
48085,0.2997,11.3,10.1,25.2,47.3,5.6,2.9,7.15755651239075,0.5572302546202623,0.6848356576111643
48087,0.8498,30.8,30.3,29.5,39.2,22.2,5.0,1.415712262727823,0.88759367194005,0.33424657534246577
48089,0.7639,22.2,15.0,23.3,45.4,15.6,5.0,3.1105371652585068,0.7877567458719291,0.5095612525008142
48091,0.2749,12.2,11.2,22.2,35.3,6.4,1.8,5.691206128288276,0.7297824983404272,0.6285489312395572
48093,0.7267,22.0,17.5,22.6,33.1,15.4,2.6,2.7445200393972016,0.8719484108705665,0.4574990832416575
48095,0.7534,21.8,10.0,18.3,45.8,25.1,1.7,1.4559186966702813,0.871536523929471,0.520542920029347
48097,0.6946,20.3,15.0,23.1,26.8,11.2,3.7,3.8887444476299917,0.8368252403253635,0.3820200208449475
48099,0.833,21.4,12.4,22.6,44.0,10.0,3.1,4.379642157340886,0.705713198291538,0.4852733999552343
48101,0.6732,38.9,10.5,25.6,40.1,18.1,2.9,1.039872285239357,0.863914373088685,0.31831187410586553
48103,0.7092,18.9,22.0,25.8,71.1,25.0,3.8,1.9322769157183874,0.8653149891383056,0.3723160308526162
48105,0.4098,15.4,18.1,18.0,59.0,28.1,0.0,0.7180676212467147,0.7709219858156028,0.47372979214780603
48107,0.9504,33.8,20.0,25.5,62.1,22.2,5.6,1.9063877217737266,0.7584359935725763,0.4315844518040788
48109,0.8393,28.7,14.5,15.2,88.6,23.6,0.0,0.45242336161352414,0.5857142857142857,0.5204974666052511
48111,0.6039,29.8,25.3,31.7,52.8,22.0,3.9,1.7521024917336785,0.8942240779401531,0.44051049814738574
48113,0.8925,24.3,21.6,25.6,72.6,18.9,6.1,8.000816048223193,0.3869185917496614,0.6136544039193843
48115,0.9876,40.0,19.9,25.5,68.7,29.8,2.4,2.688437770061792,0.8081679608858211,0.33972344437460716
48117,0.7245,32.5,23.2,30.8,77.8,27.8,5.1,2.596471360289022,0.7603480714957667,0.43567346058449263
48119,0.3665,23.5,7.0,22.7,22.1,10.8,2.3,3.0703934224679825,0.8500188893086513,0.3526542862502345
48121,0.3796,12.1,10.9,23.9,44.4,6.7,2.6,6.94905998282311,0.5667588185256909,0.6219168694566206
48123,0.8441,26.6,17.3,22.3,46.7,15.9,2.7,3.127258537952677,0.8368657675016057,0.45768849206349205
48125,0.7588,27.4,14.8,19.7,41.0,14.5,0.6,1.0083628716260802,0.8525252525252526,0.32971506105834464
48127,0.9994,60.9,17.3,27.8,90.3,27.2,7.5,2.01833381299624,0.4836161497952019,0.703180561043066
48129,0.3353,20.6,17.2,19.3,22.7,15.5,1.6,1.5167905367597407,0.896797153024911,0.33374008541793776
48131,0.9768,32.6,20.2,25.3,90.1,26.6,5.5,1.879993163357278,0.5490769923457902,0.627946580622031
48133,0.8616,26.4,16.2,20.9,22.6,14.6,2.7,3.0069136124026343,0.88959711365003,0.36993464052287583
48135,0.9421,24.7,21.8,30.3,71.0,23.2,6.6,5.202678436382542,0.7664618293547625,0.4346991691883795
48137,0.6844,40.9,25.9,19.6,50.8,25.6,0.0,0.5017431403062382,0.8672654690618763,0.8685300207039337
48139,0.5695,14.7,16.1,26.3,43.8,11.7,3.4,5.34678661866553,0.656738969507063,0.548618700832134
48141,0.9825,31.8,21.8,26.5,88.8,20.0,5.2,6.749403610118891,0.42340905429353953,0.8420924695974206
48143,0.7996,27.6,14.8,20.6,27.0,12.9,3.1,3.701358108557452,0.8424259055982437,0.378401798679095
48145,0.972,36.0,16.9,21.0,50.4,17.5,6.9,3.1452224938343694,0.7251724691159955,0.4622766953807019
48147,0.643,23.7,15.6,21.2,23.0,14.3,3.1,3.724968597662102,0.8396185788988003,0.4457960241031706
48149,0.5234,17.2,11.0,20.0,30.2,10.1,2.0,3.290588238453305,0.8096715604661723,0.49210920855361795
48151,0.4248,19.0,13.0,21.3,39.3,13.8,0.6,1.6279971167330285,0.8183819482663731,0.3587467362924282
48153,0.7722,29.4,24.3,26.2,64.2,28.8,1.0,1.8607657889412301,0.8273034249879402,0.4495798319327731
48155,0.6071,34.9,12.1,20.8,32.1,19.6,0.0,0.9266883575605123,0.8296296296296296,0.42337662337662335
48157,0.4515,12.7,11.8,27.0,69.7,8.5,3.5,6.874339185896571,0.49189860074468267,0.732675609347434
48159,0.3821,11.6,15.2,23.2,23.3,8.5,2.3,3.6303915986863564,0.8461975028376845,0.3627039627039627
48161,0.8088,25.6,11.4,22.5,35.8,15.0,3.1,3.149705087744166,0.833425936215135,0.38804077699447176
48163,0.9698,30.2,14.3,23.3,84.8,30.0,5.4,2.833991224859117,0.6234718826405868,0.6909780360484585
48165,0.6745,21.5,29.5,35.5,45.8,39.6,6.5,2.7295574910762803,0.9156475384132957,0.22077982505118182
48167,0.7378,18.3,13.8,23.9,44.9,10.3,3.1,6.830441240524313,0.6387118138918785,0.6103308889077247
48169,0.6984,26.0,16.3,15.4,59.7,30.0,1.1,2.004069067182119,0.8657844990548205,0.5223952480333922
48171,0.6392,14.3,17.9,19.9,27.5,11.3,4.1,3.276033406419048,0.8068695758464736,0.5393878760930784
48173,0.2784,10.1,22.5,24.8,36.1,13.9,11.8,0.7822473298303758,0.9425113464447806,0.44428672817601134
48175,0.5243,21.4,11.2,20.9,42.7,15.5,0.8,2.232574417455608,0.8033367037411526,0.42217289109428047
48177,0.9087,24.0,18.9,26.6,59.9,22.6,5.9,2.970525580298482,0.7757457846952011,0.5070307625857849
48179,0.8645,28.7,19.5,25.2,38.9,18.4,3.1,3.176910528034821,0.8878715498938429,0.4101251941880654
48181,0.6888,19.7,16.6,23.7,26.5,9.6,3.0,4.996358325326919,0.7735479527510863,0.4573312189821748
48183,0.8731,25.6,17.0,25.7,44.2,13.6,3.0,6.121344562471076,0.7129965457685665,0.45512122312315945
48185,0.8676,24.7,18.2,22.4,41.9,19.2,5.0,3.6477522631097967,0.8037470389778193,0.5372229916897507
48187,0.5256,16.4,11.5,24.5,51.9,10.9,4.0,5.502878957307911,0.6490434823886831,0.558805372586861
48189,0.9332,32.1,22.3,27.0,68.3,25.2,3.9,3.507762269468256,0.7928369257565862,0.4367179548584087
48191,0.8689,32.3,21.2,22.0,46.0,18.2,6.4,1.4404135375320086,0.8694127957931639,0.432523616734143
48193,0.6634,27.5,15.1,21.1,17.2,10.7,3.5,2.385294039792685,0.8590437528191249,0.4948587637395107
48195,0.4836,21.3,17.0,28.8,51.5,27.8,2.8,1.906493006733462,0.9265593561368209,0.4269309131320615
48197,0.4222,21.3,14.9,21.0,35.9,15.0,1.3,1.8073259190372921,0.8655221745350501,0.4635138571065345
48199,0.6465,21.5,16.5,24.5,16.0,11.1,2.7,4.1670905895472385,0.8806262928882231,0.37974375889726053
48201,0.9201,25.7,21.2,26.2,72.4,17.9,6.3,7.926487813526027,0.4718975151913265,0.6497177682421645
48203,0.9036,25.5,16.3,24.3,38.6,10.7,3.3,4.353763342088377,0.7545875378825724,0.40686370261295507
48205,0.4683,12.5,21.5,22.2,40.1,15.8,2.7,1.541692421744581,0.9187437686939183,0.4768651362984218
48207,0.812,27.8,20.4,17.4,36.4,20.5,1.1,1.9442009899573371,0.8597041685342895,0.38494167550371156
48209,0.6723,20.9,12.9,22.7,49.3,9.1,4.0,5.895747610277348,0.4714034493328816,0.6348423700318431
48211,0.5577,11.7,18.2,25.1,38.8,11.4,4.7,1.551719351115871,0.8813982521847691,0.41974338832155017
48213,0.8291,27.3,18.7,21.4,24.2,13.3,3.4,4.559781903503537,0.8193378244294741,0.3927142632679454
48215,0.9841,41.9,31.0,31.7,94.3,31.4,12.1,6.322240058653067,0.5144999233545618,0.7827472323809984
48217,0.8562,23.4,17.9,23.1,31.2,14.4,3.2,3.6555452089075255,0.8240294188570051,0.41379028077164454
48219,0.93,27.0,20.0,26.6,55.4,20.5,3.4,3.205292256065706,0.8333543267414032,0.4247860648972677
48221,0.525,15.4,14.4,20.7,17.6,7.6,3.3,5.00698143734224,0.8325240039730714,0.4802653991531885
48223,0.7525,24.0,18.8,24.2,28.2,15.1,3.5,3.8963659995116835,0.8250254933717234,0.3950760435767447
48225,0.9625,33.1,16.3,19.7,40.0,17.6,2.3,2.9422554227470945,0.7782431271477663,0.42102055033089514
48227,0.8816,24.7,16.6,21.8,54.0,19.0,3.0,3.670877058672209,0.816311612364244,0.3829369408684268
48229,0.9943,43.7,29.0,17.0,83.6,45.1,6.0,0.5471724551169999,0.7340425531914894,0.6713057715923045
48231,0.8746,22.7,16.3,23.8,31.3,12.3,5.2,4.803101224725996,0.7796716218257136,0.43181126640566364
48233,0.3245,17.7,15.6,25.0,31.6,14.1,0.6,3.186667480263295,0.8884681162961153,0.3537587162097622
48235,0.2962,11.7,22.2,25.7,27.7,11.2,4.9,0.9100652458001879,0.8787528868360277,1.0
48237,0.9418,28.4,18.6,21.9,24.1,20.4,4.0,2.3444274454361023,0.9131994261119082,0.40794627867935085
48239,0.8094,23.2,15.3,25.2,42.6,19.4,4.2,2.9495048581554064,0.8558716033688225,0.44878048780487806
48241,0.8737,33.8,20.1,23.5,26.3,12.7,4.3,3.588804714694728,0.834252392723585,0.3655886740409243
48243,0.4738,33.0,17.2,14.6,21.9,14.3,6.6,0.6310819314518824,0.608355091383812,0.5153913808267371
48245,0.9723,29.2,20.8,24.3,61.6,15.2,3.2,5.6760205219175415,0.5447785624093906,0.5176952278735119
48247,0.6427,48.5,27.1,32.3,90.0,21.4,13.4,1.6584403721742775,0.4585705249841872,0.5755769230769231
48249,0.9491,34.6,20.2,27.0,82.3,21.7,5.9,3.831829906924095,0.577915689094074,0.5453781927770367
48251,0.6284,18.0,16.5,25.7,31.9,13.6,4.9,5.53326792146527,0.7594094926186578,0.466018644385924
48253,0.5829,26.1,19.3,16.3,42.9,19.2,1.0,3.1035582527124586,0.8684554024655547,0.4352935318428522
48255,0.9367,29.7,16.3,20.6,67.2,23.9,7.8,3.0349214609030337,0.7919635787806809,0.5571437728350747
48257,0.7089,18.4,13.6,28.1,44.3,13.7,4.8,5.261776311891973,0.6405529953917051,0.5303332990584192
48259,0.3411,11.5,12.0,22.7,29.8,7.5,2.7,4.2412817794941775,0.7810357302828791,0.6201851110033523
48261,0.6678,51.7,18.1,24.1,98.3,66.7,0.0,0.07652615747224942,0.7371794871794872,0.5346534653465347
48263,0.2393,9.2,4.2,23.9,17.3,11.5,0.0,0.5327413408049881,0.8863636363636364,0.38451443569553806
48265,0.7442,22.9,18.1,18.6,33.7,10.3,2.9,3.889043216207267,0.7738990332975295,0.5120912547528517
48267,0.4948,27.9,17.9,19.2,29.0,14.7,2.3,1.4929256204931527,0.8906577293674068,0.4254092690800092
48269,0.4438,40.3,10.6,23.6,37.0,21.3,0.0,0.21279839081867186,0.9555555555555556,0.21323529411764705
48271,0.6265,30.2,13.6,11.8,64.8,15.4,0.0,1.2000896111533421,0.7544357700496807,0.5284974093264249
48273,0.9924,37.6,17.3,24.3,80.2,17.6,8.3,3.583969478174565,0.5640201005025126,0.6161668839634942
48275,0.6564,29.6,16.1,24.5,43.8,18.2,1.3,1.5929659529128297,0.8437956204379562,0.39192139737991266
48277,0.8536,26.9,19.0,23.8,27.6,12.5,2.1,4.030177851868775,0.8068929602802632,0.3985438937804609
48279,0.8221,30.5,25.4,27.4,62.5,23.3,5.2,2.6258718777301833,0.8233583716985704,0.4339564104552858
48281,0.658,21.7,13.6,21.3,29.6,9.7,2.5,3.4542952403671965,0.8005896542481908,0.45272540601082695
48283,0.9128,33.8,19.7,22.2,91.4,37.6,7.3,1.7378068135085414,0.6029787234042553,0.63125
48285,0.5752,21.9,10.5,23.6,28.2,14.7,3.5,3.091750736236077,0.8818181818181818,0.4193708444973703
48287,0.7856,26.2,13.8,21.5,38.0,13.5,4.6,3.363445784391761,0.803921568627451,0.46655838505713787
48289,0.6974,23.4,18.6,22.4,25.2,15.4,3.8,2.76267763566315,0.8854132002218524,0.36054929901172145
48291,0.9739,30.1,24.5,27.9,43.4,21.6,6.7,4.403517994561256,0.8091879588369185,0.4274022602840658
48293,0.9065,31.4,19.1,22.3,44.1,15.4,4.7,3.2403649630183877,0.7866029771161964,0.3747066604087554
48295,0.7703,22.5,19.9,29.3,40.8,14.9,7.0,1.4490133570365729,0.9014423076923077,0.3430250541292917
48297,0.9039,31.2,18.0,19.6,49.5,24.6,4.5,2.4798735391648066,0.8498421468034728,0.43114606373392317
48299,0.6192,21.5,14.8,15.9,15.7,8.5,3.2,3.1848781612638426,0.8066592674805771,0.5079146593255334
48301,0.4356,7.3,0.0,29.2,5.2,3.2,20.0,0.13412601784493822,0.8958333333333334,0.1893491124260355
48303,0.8422,26.9,13.5,23.6,48.6,11.7,3.0,5.854559058962155,0.6996806661546546,0.492969356246116
48305,0.6898,37.0,16.7,27.3,49.5,18.6,1.2,1.9879112716257639,0.8542812254516889,0.3859855486472862
48307,0.7897,23.6,18.9,22.1,38.1,20.1,1.3,2.100198372666013,0.869552752293578,0.3825150300601202
48309,0.8861,28.8,14.1,24.1,45.3,13.1,3.0,5.532798982275863,0.6561049670454661,0.52146534020723
48311,0.8104,41.0,22.1,31.5,61.2,11.1,6.9,0.46236392144034333,0.9237113402061856,0.4522207267833109
48313,0.9131,22.0,13.3,21.7,46.6,21.1,3.5,3.4040622068609068,0.8235078725741487,0.4166199943993279
48315,0.7315,28.2,11.6,17.2,29.6,13.3,3.1,3.272678224833598,0.764643009833262,0.3964887355388675
48317,0.5966,19.9,14.7,29.5,57.0,15.8,8.9,1.9041859161706305,0.8807915057915058,0.32178132039507884
48319,0.2724,13.3,11.2,22.3,20.3,15.1,1.0,1.660573123804858,0.8270916334661355,0.4705194197473093
48321,0.9758,31.2,17.3,25.8,58.6,18.5,3.7,3.5311377550719283,0.7550045495905369,0.4695030428731272
48323,0.9901,38.5,28.1,31.0,97.3,35.4,10.7,3.832537180751217,0.5929876101673266,1.0
48325,0.741,17.7,13.7,22.7,59.0,14.0,3.7,3.6840190781405893,0.7153272712378144,0.5599798387096774
48327,0.8606,27.2,25.4,19.0,39.0,22.1,0.0,1.1560382168091718,0.8351115421920465,0.5304022450888681
48329,0.7397,16.2,15.4,28.9,57.6,15.6,5.0,5.242486303699555,0.805283471995883,0.4365669109663409
48331,0.798,23.9,16.2,23.4,39.1,14.2,4.6,3.245572591401271,0.7885138813282526,0.4509527454376989
48333,0.4693,16.2,13.5,18.8,29.7,12.1,1.6,1.9481328100374053,0.8863636363636364,0.43033039195567413
48335,0.6958,27.4,25.8,18.4,54.9,16.2,6.1,2.3814032605758717,0.8589743589743589,0.35985956699824456
48337,0.5959,21.0,15.6,22.7,15.2,12.0,1.4,3.1221924332589444,0.8905102873198586,0.3515490967807044
48339,0.5212,15.9,14.3,25.9,37.7,10.2,3.7,6.406035580634493,0.729566363507877,0.5605499587580323
48341,0.882,26.7,21.4,31.3,69.6,32.1,6.5,3.2050541882576398,0.8382850695750282,0.47187201528175743
48343,0.7792,26.0,13.5,23.0,37.2,12.4,2.2,3.883486273521739,0.7572168763878608,0.43138521149499515
48345,0.1721,15.5,18.6,17.6,22.2,14.0,0.9,0.804642029924422,0.9459041731066461,0.2833333333333333
48347,0.9952,34.3,15.5,23.1,41.5,14.8,5.1,4.240487990265626,0.6956263605778745,0.4620728789644807
48349,0.979,30.4,18.1,25.6,47.5,19.6,6.3,3.976430558584474,0.7609059976639073,0.4550116736176242
48351,0.8463,38.0,24.3,21.6,25.4,18.1,6.0,2.6538804257553963,0.833943833943834,0.25068039720485474
48353,0.9815,34.3,17.1,25.9,47.6,16.1,6.3,2.837400388350248,0.7987371744277821,0.4203479679217072
48355,0.9351,26.4,18.1,24.1,72.0,15.5,3.7,6.044787218596655,0.5579207797491055,0.5802497419223062
48357,0.8244,29.6,23.7,30.3,59.3,23.7,8.0,2.469300340020691,0.9100935828877005,0.3859292395282635
48359,0.392,26.1,12.3,33.3,34.2,16.5,1.9,0.8947930326249511,0.9236326109391125,0.3446969696969697
48361,0.6853,21.2,16.3,25.0,21.4,10.7,2.5,5.541022221641246,0.8354826212087669,0.3668401362175644
48363,0.8015,26.4,18.7,23.2,26.9,12.5,2.9,3.4337345554168572,0.8380930794802055,0.37366816266401726
48365,0.7331,22.8,19.9,23.1,27.7,16.3,3.3,3.3597044944383128,0.8329679964927663,0.3765197896007588
48367,0.2638,13.9,13.8,24.6,19.0,9.7,2.1,5.125719882799014,0.8348289649044869,0.4662859222553507
48369,0.6596,25.5,24.2,27.6,67.7,28.9,4.9,2.496192380109685,0.8522681653954235,0.4077043206663196
48371,0.9049,31.9,17.2,24.6,76.3,24.1,2.4,1.4285526541205504,0.7267080745341615,0.5844656512671428
48373,0.9208,25.9,16.7,20.1,29.0,18.6,6.0,3.8879102646376102,0.7964851197877808,0.4847039121375577
48375,0.9889,35.4,21.5,26.9,57.3,22.8,4.6,4.873636233797326,0.724515824279641,0.4671464463654559
48377,0.9933,46.8,33.0,29.9,81.3,38.4,8.9,0.9554714348534915,0.3473417721518987,0.9470465393794749
48379,0.4706,19.3,16.3,19.2,16.6,12.6,2.9,3.9965433185885506,0.8666768947529917,0.364871344094614
48381,0.3519,15.6,9.6,23.9,32.1,6.1,2.4,5.04998898142863,0.8047517698380353,0.470028247151685
48383,0.5052,18.0,17.0,30.3,77.5,11.9,4.2,1.3388275025995153,0.8501594048884166,0.38503507404520654
48385,0.783,37.6,19.8,23.9,26.9,10.9,3.6,1.618937296789209,0.8376288659793815,0.49797219003476245
48387,0.6895,30.8,18.9,20.1,26.8,14.9,1.9,2.4963485533280796,0.8093344857389801,0.4136238875488647
48389,0.9548,34.1,16.7,23.2,79.4,29.2,7.2,1.8438347769803265,0.6862170087976539,0.8532799198798198
48391,0.9653,27.4,15.8,22.6,60.0,16.2,2.6,2.2741026118921206,0.6989846053062562,0.5369890616004606
48393,0.0576,15.8,13.1,23.3,17.1,8.2,2.8,0.602559529998621,0.9647266313932981,0.3126463700234192
48395,0.8546,21.4,13.4,23.8,44.1,14.7,4.1,3.033824866473098,0.7623102554609404,0.4443012767951271
48397,0.1164,7.0,8.7,26.6,33.3,5.7,1.9,6.769275719593482,0.7064607197326151,0.5927560406042988
48399,0.5148,23.5,15.4,23.4,39.9,17.1,0.6,2.339786058893401,0.8878968253968254,0.44125097427903354
48401,0.7973,24.4,15.8,22.4,37.5,15.8,2.8,4.061854331895412,0.7989430253581197,0.3908576259971327
48403,0.5609,29.8,13.2,17.6,16.0,13.1,0.9,3.0585436227344376,0.893923049262855,0.36852589641434264
48405,0.9885,41.1,21.6,19.6,31.3,17.7,2.9,2.76788055377713,0.7828770799785293,0.40609445186354254
48407,0.8091,28.9,20.0,21.2,27.3,14.4,7.6,3.9040194440074045,0.8287266713914482,0.34322048581031916
48409,0.9249,28.3,16.9,26.3,63.1,17.7,6.0,4.609534330010992,0.6835817364561154,0.5627603776412409
48411,0.6389,26.6,22.7,19.3,37.4,14.2,2.8,1.8066855730027866,0.8973214285714286,0.3933938893476466
48413,0.5803,21.1,24.8,24.2,57.3,18.0,1.7,1.0604346908496192,0.825136612021858,0.41747225205871824
48415,0.5332,27.8,19.1,25.3,49.5,15.6,2.6,2.977878752756844,0.8707518929388977,0.4664431539244447
48417,0.3936,18.1,14.2,23.8,15.7,6.5,4.9,1.4879059469438198,0.9146697837521917,0.3669218989280245
48419,0.8778,33.2,20.4,26.0,39.4,18.3,6.5,3.4456503449072775,0.8242301867743563,0.3608055709424705
48421,0.6309,16.6,15.4,23.3,45.2,27.9,3.6,1.2853085257278751,0.9445086705202312,0.3497683653209795
48423,0.8234,21.8,17.2,24.2,41.5,12.4,3.2,5.54386848371615,0.7275006559575523,0.4668766192196811
48425,0.5135,13.8,12.7,21.6,22.1,7.1,5.4,3.934626828151482,0.856788710907704,0.4481814198071867
48427,0.9905,50.4,33.1,32.6,96.8,39.1,10.2,4.002331574592479,0.5802801394580708,1.0
48429,0.9898,27.8,17.5,22.0,31.2,16.7,2.2,2.4271463329611116,0.8976545842217484,0.3684603886397608
48431,0.1419,11.0,22.6,34.6,34.3,9.9,0.0,0.9192433626153558,0.9313099041533547,0.39736638264910923
48433,0.2994,23.0,18.2,27.7,28.2,19.1,1.1,0.8971330615200548,0.84593837535014,0.39925925925925926
48435,0.7687,29.5,16.2,32.4,76.4,20.0,10.5,1.1941205544402074,0.8365591397849462,0.4398834745762712
48437,0.9103,41.5,20.4,25.0,57.9,22.1,2.9,2.1805761481303354,0.8203299152920196,0.4024604569420035
48439,0.7585,19.6,16.9,25.8,56.1,12.9,4.1,7.801415418617933,0.5259669570856351,0.5739079150446014
48441,0.7591,24.6,15.5,24.5,38.7,10.0,2.5,5.057673678090668,0.7514866294553282,0.5086935102945651
48443,0.0859,7.0,10.1,12.5,47.0,6.3,0.7,0.311572496759242,0.7753086419753087,0.5257731958762887
48445,0.9828,36.4,21.8,27.4,62.4,24.0,2.9,2.659810107369922,0.8274544385655497,0.4205236281105617
48447,0.1581,28.4,26.5,18.3,15.8,9.8,1.1,0.9465858368709386,0.9185267857142857,0.4083944037308461
48449,0.8995,32.6,19.8,28.8,57.3,22.4,9.6,4.357208505530988,0.7755524861878453,0.3977709923664122
48451,0.8113,21.1,13.8,24.1,49.3,13.4,3.2,4.37388723397995,0.7424639871954473,0.506988255033557
48453,0.5702,17.3,12.5,20.7,52.3,9.2,4.1,7.16815727939512,0.29974831861389195,0.7094259290366842
48455,0.9185,26.9,17.3,19.7,22.9,13.6,4.0,3.0348050444911077,0.8369935888691856,0.386731281141219
48457,0.9319,29.9,15.9,19.1,21.6,17.4,2.8,3.1177195313802195,0.8690089145254326,0.3636950904392765
48459,0.6017,27.9,16.4,23.8,20.9,13.4,2.4,4.273551026752944,0.8572802267321221,0.34232270735037
48461,0.77,30.1,11.8,27.2,59.7,21.0,4.0,1.2935117815212747,0.8872586872586873,0.3997812414547443
48463,0.9911,34.7,19.3,26.1,75.2,23.9,4.7,2.8332991205266884,0.6682474226804124,0.5531206761153286
48465,0.9437,31.3,20.6,28.0,85.6,26.5,11.2,2.782905310217634,0.6343118249792301,0.6965017848036716
48467,0.5714,23.3,17.7,22.8,18.0,14.0,3.2,4.280457542883412,0.8759037444696234,0.37432408552747837
48469,0.9198,26.2,16.4,25.2,57.3,16.2,2.9,4.64824353049204,0.7144081352833638,0.49064984144911167
48471,0.9392,32.8,15.0,14.2,44.3,14.7,3.0,4.599338896941555,0.7012732222934016,0.4830275040769621
48473,0.8317,21.1,18.3,23.3,59.5,13.3,4.0,4.726936477910868,0.6264490095377843,0.4180574159215147
48475,0.7235,23.7,12.0,29.0,62.6,19.8,3.0,2.6796113263623687,0.8324425440940674,0.35722620436739455
48477,0.6522,18.3,13.4,21.4,37.8,10.3,2.0,4.098736466825277,0.7755282664011506,0.5073853185441168
48479,0.9831,34.0,28.4,31.8,96.7,30.9,9.4,4.388422110880616,0.5109587363781071,1.0
48481,0.9456,26.3,19.0,25.8,57.0,18.7,5.7,3.6715706041617793,0.7608416416906233,0.5050774858022908
48483,0.9045,29.9,22.3,24.6,31.3,14.2,4.0,1.8633675146132147,0.9252873563218391,0.4224683544303797
48485,0.8167,24.9,14.7,22.7,36.4,12.5,2.1,5.335023630544003,0.7222335716717739,0.5258564622249111
48487,0.9561,39.4,11.4,22.8,44.6,21.6,2.2,2.651682851172495,0.8056936285585179,0.5269010885738898
48489,0.985,42.9,28.3,24.1,89.9,32.5,11.4,3.566277452315507,0.5165491047205643,0.6724412398164622
48491,0.3207,11.1,9.7,24.7,44.1,5.9,3.0,6.317711717270867,0.5124457231849437,0.6993367211299278
48493,0.2972,15.8,12.2,23.7,45.2,9.2,4.8,4.153928096077199,0.7698316200582145,0.5272762874486
48495,0.4448,16.3,18.7,28.8,68.0,27.5,4.0,2.3038424017939003,0.8532918610679109,0.39013732833957554
48497,0.5422,16.9,16.2,24.5,25.4,13.0,4.7,4.362695938203528,0.8524611739931561,0.3904892546867855
48499,0.7655,21.9,15.1,18.8,18.4,13.9,1.7,4.2664706294767845,0.8507364165188332,0.43237664419508554
48501,0.587,23.2,19.8,32.3,71.5,31.5,8.5,2.3552631400489643,0.8563628727425452,0.40330540571559736
48503,0.5345,22.9,18.9,23.9,23.8,11.9,1.3,3.024167244254883,0.8835351089588378,0.413659078289839
48505,0.9968,49.8,26.9,32.6,95.6,34.4,13.2,2.702575453895261,0.6127501547348876,0.6061076239509133
48507,0.909,49.7,12.2,29.4,94.5,27.4,4.8,2.1372921771267777,0.4275822273514137,0.5223817567567568
49001,0.1457,9.8,11.9,30.8,16.7,7.7,1.3,1.3216521769339282,0.8759055118110236,0.4912071535022355
49003,0.1215,16.8,8.1,31.0,13.8,6.6,2.1,2.405383386138053,0.8124933338073737,0.530225172179995
49005,0.3478,24.1,6.5,29.6,17.3,5.8,3.9,4.757208770459814,0.6782466695315857,0.5959279439390751
49007,0.6297,27.9,7.0,25.8,17.9,8.0,2.0,2.6911073529855676,0.7268498485504111,0.5070126569906661
49009,0.1849,14.9,6.2,25.4,7.5,7.2,1.3,0.650233983437625,0.8143382352941176,0.6852631578947368
49011,0.0678,11.1,5.9,31.1,18.0,4.3,1.8,7.020189714041256,0.6284152666451597,0.6852996362674798
49013,0.5361,23.8,14.2,32.8,15.7,10.8,4.7,1.9619352743280576,0.8856527651858568,0.46002608085063695
49015,0.2269,22.0,7.8,28.6,10.1,6.7,3.3,1.1687516442949804,0.8780339805825242,0.46843787455053937
49017,0.3423,22.7,14.5,22.1,11.7,4.1,1.3,0.6874788053011708,0.8034156976744186,0.5816669966343299
49019,0.4582,23.0,12.2,18.4,19.5,5.5,6.0,1.2907607282394695,0.4514064015518914,0.6916136969448431
49021,0.4114,25.9,10.0,27.8,15.8,7.0,2.1,2.9240662753855142,0.7914801497027959,0.47094221265887415
49023,0.0659,14.9,7.5,33.7,9.5,6.4,4.8,1.5087615137144832,0.8854020296643248,0.3785470583340268
49025,0.259,20.8,7.8,22.8,8.8,5.6,1.1,1.0839611011237058,0.7424105120072496,0.5131879279736241
49027,0.4502,23.6,11.1,31.2,17.2,9.5,2.2,1.071527146066019,0.8863020251953436,0.4645890203215044
49029,0.0,5.5,5.0,34.3,6.8,1.8,1.5,3.0587299884155588,0.8084197681513118,0.5517156054107555
49031,0.5402,40.3,15.6,19.2,5.1,11.1,2.7,1.2019310532854106,0.9008438818565401,0.3928329952670723
49033,0.2141,19.6,7.9,32.2,14.2,4.2,1.8,1.2447057397788108,0.8498245614035088,0.5380587998389046
49035,0.4512,14.5,9.9,26.1,30.9,8.2,3.2,7.358339621074647,0.4473933438742521,0.7175279657577275
49037,0.9567,32.3,19.0,28.2,56.2,12.2,11.2,1.0495606828424227,0.5833064255731353,0.6674941207211915
49039,0.5116,26.3,10.8,24.8,14.4,10.2,3.7,2.9510157679551714,0.8482363245481328,0.4217654093538899
49041,0.2886,20.3,9.4,28.8,9.0,8.0,4.3,2.512939834641964,0.8851514588366475,0.4504625346901018
49043,0.0509,8.3,6.9,23.5,16.1,4.0,1.6,3.1669321308694656,0.42461114392596966,0.9079843397793332
49045,0.1766,10.6,7.5,31.7,19.9,7.4,3.8,2.443694010031181,0.7106887785982327,0.6030944242239721
49047,0.5297,20.1,13.8,32.1,20.0,11.3,4.9,2.199402586046374,0.8744775255610572,0.44495438517938096
49049,0.2555,15.5,7.8,32.2,19.3,4.7,3.9,5.8089519689145535,0.7055021791666811,0.5945979080056897
49051,0.0748,9.9,7.4,30.0,17.6,4.5,2.7,3.425743492275974,0.6402472986521109,0.6205743451350796
49053,0.3875,17.4,12.2,24.9,17.2,5.6,3.5,4.337366804068858,0.7661898378921794,0.5344004145171101
49055,0.1053,23.6,10.7,23.5,2.8,6.9,1.6,0.7074500814452008,0.7646695491043854,0.5536702323865732
49057,0.3471,14.4,8.5,27.3,25.0,7.8,2.7,6.066911700320906,0.6209289712925258,0.6254107212168493
50001,0.139,13.5,4.7,16.2,8.6,5.5,1.5,3.9089853069881144,0.314963167587477,0.7344807896239498
50003,0.349,18.6,4.6,18.9,7.6,5.9,1.3,4.031767251885688,0.3844079308794886,0.4458979419227516
50005,0.2844,20.1,4.5,19.0,6.5,6.3,1.1,3.868147715659597,0.43555080482897385,0.37912179508551996
50007,0.2205,16.1,3.3,17.4,13.0,4.7,1.5,5.751024334642533,0.22370262733324073,0.7683942506136505
50009,0.4155,26.9,5.3,17.1,6.0,11.1,3.0,2.3047978989277245,0.5844155844155844,0.3889339607334091
50011,0.1219,17.5,4.2,21.6,7.2,8.1,1.0,4.38706946598548,0.4846720993403182,0.37976195295737014
50013,0.006,12.3,4.0,17.2,9.0,3.9,0.4,4.507641444405722,0.39168218497827434,0.8434001382170007
50015,0.1409,16.1,6.3,20.3,6.6,5.8,1.3,4.0486174894404465,0.31518925348072485,0.6514864758299819
50017,0.0939,17.0,4.5,17.9,5.5,6.1,1.7,3.780798162163482,0.39537360231911495,0.550602242835387
50019,0.3548,20.2,3.5,19.4,6.1,8.5,1.5,3.7021658922016303,0.507971065383805,0.601583015867145
50021,0.3955,18.5,4.5,17.6,6.2,6.4,3.5,4.191269617838189,0.4728618670550044,0.7120001374783042
50023,0.161,16.3,2.9,18.3,7.0,4.9,1.0,4.477234427769981,0.27550658710935194,0.48828091561232
50025,0.3185,21.5,4.1,17.0,8.4,5.8,1.1,4.083373606936542,0.27899484536082475,0.7046089716261664
50027,0.1499,16.1,5.0,17.8,6.8,5.1,2.1,4.105503574166312,0.3166500136252157,0.5128219098470814
51001,0.8597,28.1,10.7,20.5,40.6,18.4,2.0,4.320964356164142,0.5670756766277226,0.754332219334076
51003,0.2469,11.2,5.8,19.6,24.1,6.2,1.0,5.0573008206236265,0.3269850437743191,0.7764200128052684
51005,0.3102,21.4,7.4,18.9,8.9,11.8,0.4,3.553782713075032,0.7424150115754844,0.501278600269179
51007,0.3853,24.5,5.6,20.7,26.8,13.6,5.6,3.6494140638101507,0.7229036295369211,
51009,0.4022,22.3,7.7,19.8,25.9,12.3,2.1,4.209234406683249,0.6838273833789529,0.5108685334598956
51011,0.1441,22.5,8.3,21.8,23.8,10.1,0.8,3.9045783384033514,0.7570816347862444,
51013,0.1597,10.3,5.5,18.1,40.5,4.7,3.3,9.113043669688546,0.20070980114427583,0.7187914305739691
51015,0.2129,15.3,6.8,18.8,10.9,10.1,1.4,4.395306050459333,0.739847599926994,0.5492337012626062
51017,0.1674,36.9,4.7,15.4,6.8,14.0,0.0,2.185267192379007,0.7706708268330733,
51019,0.0853,15.8,6.1,19.6,14.1,7.6,1.6,4.662819514206626,0.7538418829688088,0.5129308707925617
51021,0.0974,14.8,4.8,15.2,6.6,8.0,2.2,2.9150638356680822,0.8512208972174901,
51023,0.013,12.8,4.8,18.8,8.5,6.4,0.4,4.148250246056074,0.727557459352402,0.5740147820102337
51025,0.8311,27.2,7.9,15.6,59.0,23.5,2.1,3.3739895577974672,0.4571169067081874,0.5401392397264494
51027,0.5975,37.6,7.2,16.9,3.8,25.8,0.5,3.719946067595567,0.8542070152786744,0.49038278423157494
51029,0.6758,24.7,11.0,18.0,39.2,15.9,1.6,3.40463931570373,0.6186343331206127,0.5279332866806624
51031,0.4152,21.8,6.5,19.7,22.0,9.5,1.5,4.712483748715739,0.7448418601642843,0.5044001093194862
51033,0.399,15.4,6.7,22.7,37.5,10.6,1.9,4.096446553906308,0.544481337302496,0.5231570382424735
51035,0.2797,25.3,9.1,17.9,6.5,17.0,1.3,4.132778599088102,0.8180630714685576,0.384411399415931
51036,0.2685,19.7,6.3,14.9,56.2,15.1,0.8,3.6365300820333535,0.4457102999302488,0.6066350710900474
51037,0.7436,29.9,8.9,22.3,31.7,15.5,2.2,3.231911488259593,0.663707921621169,0.5027777777777778
51041,0.2943,11.5,7.3,23.6,40.9,7.4,1.5,6.763030493597647,0.4544729554033611,0.6622042958940142
51043,0.0598,9.1,6.0,19.0,15.7,6.3,2.0,4.449415668950957,0.5855304131201993,0.6103016622203982
51045,0.0589,14.0,2.9,25.1,5.3,12.1,3.9,2.7681076665123476,0.8253865979381443,0.4318846228805301
51047,0.4327,12.9,9.4,24.5,32.0,10.6,2.0,4.943820741643378,0.6261950286806883,0.5787282577701739
51049,0.4426,15.1,8.6,19.6,36.3,13.9,2.1,3.514460951071181,0.6117021276595744,
51051,0.4629,35.7,5.9,19.3,2.7,18.6,0.1,3.77590712449548,0.8124554652985606,0.48777762257298507
51053,0.3261,14.7,6.6,20.4,37.3,10.5,1.7,4.037444470191818,0.6164224388354529,0.4788747197309417
51057,0.8272,30.2,9.7,17.4,46.0,17.4,1.6,3.7424021983917375,0.5390365448504983,
51059,0.2412,9.9,7.5,23.1,51.4,6.5,3.1,7.982806214621563,0.32005004108506807,0.7437735941132796
51061,0.0732,9.8,7.7,23.1,22.4,7.8,1.2,4.737101497574128,0.6095898193387115,0.6292297323860605
51063,0.0929,17.9,7.3,18.1,7.3,9.2,1.4,3.7322903807547623,0.6882025422838534,0.46307702076322305
51065,0.0582,12.3,8.0,19.8,23.9,6.7,1.2,4.570347851192175,0.5316816089168888,0.6603593692702604
51067,0.321,21.7,7.2,18.7,13.3,10.3,1.8,4.387078760882927,0.7284268929503916,0.47917633203668675
51069,0.2545,12.2,8.0,22.7,19.3,11.3,1.4,5.410326985422518,0.6436984916809205,0.5530885761311344
51071,0.1037,20.0,6.4,20.1,5.7,9.6,1.0,3.8666097307435097,0.7743975575182641,0.5145334928229665
51073,0.0344,11.2,5.0,19.9,16.8,10.1,0.6,5.190072177971695,0.6935343325200418,0.5896165792010282
51075,0.0592,8.4,3.6,17.0,22.5,5.8,1.7,4.492115084387373,0.5939884512270571,0.7184776659790342
51077,0.5851,33.1,10.2,16.3,11.7,17.0,1.3,3.5768013582439493,0.8132223188766,
51079,0.2199,16.2,6.7,23.4,19.9,10.7,2.1,4.8925646112660015,0.6251682368775235,0.6263181795246985
51081,0.8979,26.8,7.8,16.3,64.2,20.3,2.3,3.676880465538399,0.4533957845433255,0.5021171489061397
51083,0.7684,27.3,8.4,20.1,40.2,17.8,1.5,3.7517222460886863,0.6059802538787024,0.547993276517944
51085,0.0274,9.9,4.1,21.6,17.9,5.6,0.8,5.469555111150246,0.6302591906171336,0.6750644915836164
51087,0.3414,14.3,6.3,22.3,49.1,7.1,1.4,7.2629225934773585,0.3534245343465114,0.6882334093066278
51089,0.7757,29.9,8.1,19.4,31.3,18.7,1.4,4.896029511084057,0.6651621332699845,0.4894673339003501
51091,0.1352,17.7,8.1,12.8,5.7,10.0,0.5,1.8582236205456388,0.7246856386499008,
51093,0.2243,15.8,6.1,21.1,30.5,8.8,0.5,4.822035299731145,0.5998445044602668,0.6357756878385298
51095,0.1763,10.9,5.2,19.6,26.5,4.3,0.9,6.31877590501438,0.4685295228252877,0.7188557688538086
51097,0.1973,25.6,6.9,18.4,34.0,13.6,0.9,3.100069272880381,0.6293436293436293,
51099,0.0528,12.6,3.8,24.7,30.0,9.7,1.8,5.018784068520992,0.6267731081348552,0.5171784170517215
51101,0.0334,13.1,5.8,22.8,22.8,6.5,0.4,4.191910568548613,0.7045692361353331,
51103,0.5075,23.4,7.0,14.7,33.5,13.6,1.4,4.412939133632191,0.5353829109541615,0.6759407714797698
51105,0.8788,37.3,10.8,18.7,7.9,18.3,1.6,3.9548921831183326,0.8617983109786388,0.5167997267642915
51107,0.1059,6.4,5.3,27.3,46.9,5.6,2.1,6.7054767677325,0.4160452059063992,0.7516987556161707
51109,0.2542,16.8,7.1,20.0,23.5,11.4,1.4,4.356320848123858,0.6321082847923564,0.5530579127982762
51111,0.9243,25.6,10.9,19.6,41.6,21.3,3.2,3.3593088318582707,0.6146741918932787,
51113,0.1594,19.9,5.6,20.0,15.9,13.0,3.0,3.78705905862346,0.6774578903356827,0.5604403891109268
51115,0.1002,12.2,8.4,15.1,15.6,5.7,0.6,4.608868366230616,0.6982993197278912,
51117,0.7308,28.1,7.4,18.4,39.6,13.5,1.3,3.903247926387531,0.6045693115159,0.5442835191421193
51119,0.3042,16.4,6.4,15.8,22.3,10.6,3.0,4.42353612473105,0.6379209370424598,
51121,0.2873,30.0,5.3,15.1,17.3,5.0,1.7,5.5524922389132705,0.4822570123939987,0.5117673922971533
51125,0.2536,18.2,8.6,17.3,19.4,13.4,0.8,3.4776079175961048,0.5379488282089873,
51127,0.0025,7.7,3.7,19.1,22.9,5.9,0.0,4.7177420763982,0.6604875112849834,0.5907929496340566
51131,0.79,26.0,10.3,19.1,44.6,13.1,1.9,4.065676542770133,0.46905393457117595,0.7450896669513236
51133,0.1922,20.3,7.6,14.8,31.8,10.8,2.1,4.154532746687998,0.6066339066339066,0.6440677966101694
51135,0.8425,29.5,13.5,19.6,46.0,16.2,1.3,3.926731027190623,0.612580834803057,0.5412946428571429
51137,0.2593,17.5,6.2,21.1,23.3,10.2,2.3,4.686415946884319,0.6245575823577457,0.5546409003805566
51139,0.363,18.0,10.8,20.0,7.4,17.6,0.6,4.351803782911977,0.7728070845102679,0.47150866036314953
51141,0.2558,22.9,6.2,17.4,10.5,16.4,1.0,3.6261157365287806,0.8041943521594684,0.4134484325306679
51143,0.7054,27.4,6.7,18.2,26.4,15.8,1.7,4.150688011937862,0.7169188121147778,0.4938860721741724
51145,0.0022,8.5,3.8,18.0,14.8,8.5,0.3,4.772614909878304,0.7223513461165989,0.5482260893025765
51147,0.6106,26.5,6.9,15.0,39.5,11.6,0.7,4.1533037934715695,0.513035082072739,0.4388650118410666
51149,0.3805,18.4,4.0,19.6,47.4,10.6,1.3,5.085593170483759,0.6075034419458467,
51153,0.4117,11.1,10.4,26.6,59.9,10.1,3.2,7.269666156074699,0.40754797113825,0.6839656840337206
51155,0.2011,20.3,5.3,17.8,9.9,9.7,0.6,4.671018177494497,0.7249743764947045,0.5028653716166573
51157,0.0573,16.5,11.1,18.0,13.2,9.4,1.2,3.3625700568780785,0.5904895666131621,0.587381275440977
51159,0.5485,22.4,6.2,17.3,39.5,24.9,0.8,3.8677725782872177,0.6520793036750484,0.5521445195611215
51161,0.1333,13.4,4.6,19.9,16.0,6.7,0.7,5.957823242761389,0.6136323157482279,0.6481536534092116
51163,0.125,19.3,6.2,17.9,9.4,9.4,0.6,3.6637336838524512,0.6705733291099145,0.565144198821601
51165,0.2526,15.9,8.8,21.9,13.4,12.8,1.6,4.602524651968178,0.6872139469085462,0.5269927270952312
51167,0.3468,30.4,6.0,18.3,3.9,17.1,0.6,4.014705691931332,0.8388126159554731,
51169,0.4712,29.9,7.0,18.0,3.9,17.0,1.6,3.7182458394442075,0.8538958087098827,0.4374478345543912
51171,0.4298,21.9,6.4,21.3,14.4,11.4,0.9,4.4803320151575745,0.7134568361722409,0.5310207263389581
51173,0.6841,31.3,7.0,19.2,6.3,15.3,1.4,4.204824613249964,0.8042021499371772,0.49863805474355566
51175,0.4279,14.2,6.0,19.3,39.0,13.2,1.3,3.4354470230966445,0.6284455374526079,0.5370086778968862
51177,0.2654,12.9,7.5,24.5,35.2,9.0,2.0,5.863674845972338,0.543332737167531,0.5747751716037147
51179,0.2428,8.9,7.0,26.1,44.2,7.1,2.3,6.374087394405552,0.4959556218078737,0.569059797752515
51181,0.448,21.7,6.9,16.9,46.1,12.4,2.1,3.197310033802308,0.5033097466331887,0.5948302709436313
51183,0.7385,22.6,8.2,16.3,60.0,18.7,1.7,3.1426556855167718,0.4776794898169101,0.48911192759207817
51185,0.5883,29.8,6.3,19.7,6.8,13.6,0.7,4.3676480835383575,0.8465123347348159,0.4302007636408425
51187,0.496,17.7,10.7,21.7,16.8,11.2,3.4,5.253038627077983,0.6902734199910354,0.47816452544567273
51191,0.2549,20.1,8.0,17.2,5.2,10.8,1.1,4.576738398600483,0.768296438224929,0.5220320059545962
51193,0.8193,27.7,8.6,18.2,37.5,18.1,2.8,4.401632910036422,0.5720411663807891,
51195,0.8046,30.7,7.8,19.0,9.2,19.6,0.6,4.505271859784163,0.8181055658738242,0.4664419655993366
51197,0.4139,24.3,6.0,19.4,6.7,9.9,0.8,4.13047825886304,0.7995698083691827,0.42553339841026355
51199,0.1543,8.2,4.0,23.3,31.9,4.7,0.8,6.510022971481977,0.53108821569532,0.6312097246631517
51510,0.3178,13.4,8.8,18.1,48.9,6.3,4.2,9.264142733330365,0.20541064280068333,0.6988609278169455
51520,0.7696,31.0,13.7,19.9,13.4,13.8,1.8,7.188848206516541,0.6996499730748519,0.7036749791194368
51530,0.4983,29.3,6.4,21.4,13.7,18.7,0.9,6.939443883127952,0.7262669521770164,0.524544612534733
51540,0.5727,30.1,6.3,15.6,34.7,8.0,1.6,8.416084674110497,0.1499365787516949,0.659861211018491
51550,0.4149,13.2,6.7,24.1,44.8,6.7,1.4,6.6036825024966,0.4807501448999198,0.581783650213409
51570,0.5651,14.5,7.3,23.4,31.0,8.5,1.1,7.789784160745487,0.6636209813874788,0.5636729994242947
51580,0.3128,25.7,8.4,22.5,19.7,11.4,0.0,6.953990263880529,0.667479674796748,
51590,0.9796,38.7,9.1,22.0,59.5,15.6,1.9,6.901955539985272,0.3937403620994917,0.5189042053740885
51595,0.9233,35.8,4.7,26.6,76.5,23.1,0.0,6.713832280452744,0.34396671289875175,
51600,0.3551,14.5,6.3,23.1,46.7,7.8,4.5,8.264971204814136,0.3284220169478586,0.7792997210541655
51610,0.2189,3.9,0.9,24.3,31.0,2.6,3.2,8.871169450101556,0.1836734693877551,0.7698570158035164
51620,0.7938,31.8,3.1,25.7,62.1,15.7,3.5,6.8986456441857635,0.3848761408083442,0.6120246014811096
51630,0.7636,22.9,8.5,20.9,43.1,7.5,3.5,7.9028585677555565,0.338368580060423,0.5454952472792396
51640,0.9532,37.7,14.4,25.4,29.3,19.8,1.6,6.70059335448864,0.7210077806595035,
51650,0.748,22.8,7.1,21.3,63.6,7.2,2.0,7.888875751547341,0.29774862325882734,0.5608207568210541
51660,0.8648,38.6,10.6,16.4,36.2,16.4,3.3,8.002412212140415,0.37061572129887027,0.5260110155424778
51670,0.8801,36.5,6.9,25.6,57.5,13.1,2.8,7.708289272774034,0.430462090623598,0.4777398020329353
51678,0.0474,19.5,2.1,7.2,19.0,3.8,0.0,7.986265402242388,0.36460176991150445,0.5269943593875906
51680,0.7066,27.2,6.9,19.0,38.9,9.7,1.8,7.388581434992207,0.5401512224736464,0.45949761464317007
51683,0.4884,10.5,19.7,26.4,62.2,14.2,4.6,8.373549928908298,0.42435424354243545,0.6970670561032006
51685,0.6532,17.6,19.2,24.3,69.9,19.9,8.9,8.638534127303327,0.39759450171821303,0.6551092802380135
51690,0.9297,37.9,10.4,25.4,57.4,13.5,0.7,7.120296168067173,0.3855098389982111,
51700,0.8406,23.2,8.6,23.2,59.2,8.3,2.4,7.895074428546796,0.3539045524049682,0.552216487655182
51710,0.8594,26.2,10.0,20.3,57.8,10.7,2.0,8.400460856144242,0.289107901041296,0.7102067215397417
51720,0.769,39.5,10.5,17.0,5.6,9.8,1.6,6.197544515353638,0.7193627450980392,
51730,0.9733,34.7,10.7,22.1,85.1,13.6,2.0,7.2895581031716485,0.13172355080876094,0.5247559497224527
51735,0.0038,8.5,2.3,22.6,10.4,3.8,0.3,6.701480414749946,0.7324157090541735,0.6498247901556515
51740,0.8355,27.3,7.7,23.1,63.6,10.5,1.9,7.981183549752418,0.3041105320090471,0.5088137460539418
51750,0.3408,42.3,5.5,11.9,17.3,6.7,1.0,7.43465774489753,0.4973553204729309,0.4475861691051565
51760,0.8333,28.7,9.6,17.1,58.2,11.2,1.9,8.240628510372806,0.16114268422993636,0.5595523268933673
51770,0.8521,29.5,9.7,22.2,43.0,10.9,2.4,7.755450156952799,0.38018976977169827,0.5603320456310582
51775,0.3248,18.6,6.1,18.6,16.5,6.1,2.2,7.466783494424999,0.5973396893741351,0.5923481285324691
51790,0.6048,21.0,8.2,18.9,20.1,7.4,1.5,7.158635403171865,0.4321615557217651,0.6372533290550296
51800,0.4788,15.8,6.1,23.6,52.3,8.8,1.8,5.47493491929844,0.4195108994668842,0.589861901246363
51810,0.307,13.5,6.9,22.0,40.1,5.5,1.3,7.5348310330570305,0.4865717323510701,0.594714361274207
51820,0.7601,26.6,9.7,22.3,27.2,11.8,1.7,7.308814525466708,0.5288617155187916,0.5891736632788334
51830,0.3802,20.2,6.0,10.2,32.3,6.7,0.5,7.457937530498027,0.27405587170201756,0.5733582987829343
51840,0.9033,27.3,12.0,22.3,36.1,13.0,3.1,8.025527707105992,0.4504674500385968,0.585226868010542
53001,0.98,33.1,16.4,34.8,68.1,29.0,11.4,2.4577945797003653,0.7213711221754118,0.6171745984086473
53003,0.4283,27.0,6.8,20.2,12.0,7.0,1.8,3.5881967877362175,0.6317878405195743,0.4306970153219378
53005,0.6405,17.6,8.0,26.3,32.6,9.9,3.1,4.812875302558618,0.6125986195829948,0.5811292137580116
53007,0.7999,17.7,10.9,22.9,33.6,14.6,3.1,3.3346984392736387,0.5486506378802748,0.7188860103626943
53009,0.5861,19.7,7.5,16.6,19.2,7.0,1.8,3.8171764584353234,0.45955132562882395,0.6994607595918843
53011,0.4257,14.5,6.4,23.2,24.6,7.0,3.2,6.688423407959846,0.46405742429005553,0.6681679744224676
53013,0.3576,17.1,7.9,17.4,18.3,10.1,1.7,1.7195770910545765,0.7243536280233528,0.471267252195734
53015,0.7124,19.8,6.0,22.6,18.6,9.9,3.4,4.584329252471972,0.6023865516941033,0.6041069507111662
53017,0.8116,15.5,12.0,25.1,38.8,18.2,4.1,3.2084251111325734,0.6386247256766642,0.6281516958714223
53019,0.7159,31.3,5.1,17.1,28.5,8.6,2.3,1.457485704173437,0.6697639377197389,0.5813557099777108
53021,0.9147,24.8,13.6,31.5,61.4,24.2,7.4,4.367892534096729,0.6162738133677753,0.5443699985297515
53023,0.2456,15.6,4.2,19.5,11.2,7.1,4.2,1.446848251110577,0.7467382962394474,0.4004494382022472
53025,0.931,24.9,12.3,28.9,49.0,19.6,6.3,3.6376038238551667,0.6924171695320506,0.5826384128185976
53027,0.8215,23.3,7.0,20.1,22.4,9.9,3.1,3.7086067639884823,0.5310305249637909,0.6270899668269807
53029,0.3032,12.9,4.5,17.8,22.6,4.3,1.9,6.030610637544442,0.41467900795063484,0.7798358017876229
53031,0.3643,19.2,4.8,11.7,14.1,2.9,1.4,2.960041693262308,0.26590421729807007,0.7865988020235251
53033,0.3761,12.8,5.3,19.8,44.1,6.2,3.8,6.972163011720234,0.23247901224097736,0.8367689372518069
53035,0.3334,13.4,5.1,20.0,25.4,4.8,2.2,6.548310496051012,0.3917486125017406,0.7219318311581631
53037,0.3366,23.2,5.3,17.4,19.4,6.9,2.0,3.01247783867972,0.5753290119819289,0.5534578074475853
53039,0.6414,23.8,7.4,18.9,19.8,10.6,2.3,2.5787604589222526,0.5481481481481482,0.4853065774804905
53041,0.7028,21.3,6.4,21.5,18.8,10.5,3.1,3.5667982557573037,0.6701405553651011,0.5274015884619674
53043,0.2113,19.2,3.7,21.9,10.5,7.6,2.3,1.753754995156124,0.7585611510791367,0.5939299753176707
53045,0.573,19.2,6.5,19.4,22.6,9.5,4.3,4.246167752549303,0.5129024956142832,0.6274412892403547
53047,0.9453,30.3,12.8,22.8,37.3,14.0,3.8,2.201569843957841,0.5771439988012587,0.6872144497313164
53049,0.7038,22.2,5.3,15.3,20.4,8.7,3.2,3.260615168341652,0.506685941452837,0.6126118107783365
53051,0.4314,21.7,6.5,19.2,15.1,6.6,4.1,2.36941788162257,0.7030288403523591,0.42064995628096763
53053,0.5434,14.8,6.0,23.1,36.3,7.6,3.2,6.313480571643087,0.4445216043915033,0.6806238811907446
53055,0.1527,17.4,7.5,12.7,12.7,4.2,3.3,4.649235470480745,0.23252071767640195,0.8413718575816176
53057,0.5982,17.6,6.8,21.3,27.9,9.2,4.5,4.328546317648451,0.45429039736566207,0.687852637281839
53059,0.2345,16.7,5.2,17.8,18.4,6.6,3.5,2.1171734328233045,0.5572594259988745,0.39659025076553833
53061,0.3557,12.2,6.2,22.3,34.5,7.2,3.4,5.986441504488487,0.40195033252795975,0.7259510292756327
53063,0.5638,20.2,5.2,21.7,17.6,5.9,2.1,5.724738420513648,0.5256328186878166,0.6322633215888355
53065,0.4652,22.9,7.4,21.1,14.8,8.0,3.6,2.989842564970515,0.7264395516120787,0.4020733547667476
53067,0.3939,16.0,5.0,21.1,28.0,5.7,2.1,6.011993687288629,0.39432713919402324,0.7180005231709667
53069,0.2039,25.5,4.3,17.2,17.5,7.9,2.0,2.8916858644905226,0.5933806146572104,0.4988859180035651
53071,0.8078,21.4,8.2,20.5,29.9,11.1,2.3,3.9107373112597132,0.5414596599258275,0.6511520737327189
53073,0.5002,19.9,5.9,19.0,23.2,6.7,3.7,4.686382607999247,0.3713964439882875,0.7376541459648327
53075,0.5186,36.1,4.5,15.3,24.2,4.2,1.3,3.1281632254453853,0.4535690077689139,0.48972137953057643
53077,0.9647,29.0,13.3,29.3,59.2,24.3,7.7,4.105025488155836,0.5735529892882868,0.6425721380937766
54001,0.4563,32.3,5.5,20.1,7.9,12.1,0.2,3.840008838501662,0.8087719298245614,0.512560063256493
54003,0.2704,18.4,6.2,23.0,17.8,9.4,1.9,5.952940082285758,0.6822803195352215,0.5697023604736051
54005,0.4003,26.0,5.8,20.8,2.7,15.6,0.4,3.7904706505659096,0.7937146448774356,0.48338537540196674
54007,0.6013,34.4,9.7,19.0,10.8,17.4,0.4,3.2380645855970416,0.7639739663093414,0.4579780755176614
54009,0.378,20.9,5.4,17.6,6.0,7.5,0.9,5.527687560029442,0.7271780993025918,0.5161584393089931
54011,0.7276,31.9,7.5,19.6,10.6,10.2,1.2,5.815225602087309,0.6117338558626055,0.6189569851541683
54013,0.4696,40.5,9.1,19.0,4.1,13.2,1.3,3.1563287984579986,0.8304967002431399,0.35518357012238005
54015,0.538,34.6,5.0,21.9,3.0,16.7,2.9,3.20027631877264,0.8174378344350016,0.5711095439586271
54017,0.2625,25.5,8.2,14.5,6.5,18.0,2.4,3.2403688251628937,0.8716981132075472,0.6081912878787878
54019,0.7019,31.6,8.0,20.6,8.0,15.0,1.0,4.131781882066998,0.7132117408642218,0.5712635004480499
54021,0.4849,22.1,7.8,16.0,21.8,17.0,0.4,3.135101953339678,0.7894280762564991,0.617921513485875
54023,0.2695,20.5,8.5,18.9,4.4,12.3,0.6,3.18279501239899,0.8996546082530449,0.46135892116182575
54025,0.4537,31.2,7.1,19.4,8.3,11.9,0.7,3.5071677845950617,0.7148100319445388,0.5611909295482084
54027,0.4699,26.2,12.1,19.0,5.7,12.3,1.6,3.620182263805879,0.8174618504925633,0.4761596548004315
54029,0.2969,21.7,9.2,18.7,7.3,9.5,0.7,5.86056222911155,0.7379503977538605,0.6841374522735162
54031,0.3942,31.3,5.2,20.4,10.6,13.5,1.4,3.23748417947942,0.7939307276771529,0.5725174216027874
54033,0.4703,24.4,7.0,21.3,7.0,11.4,2.3,5.07090879886763,0.7090921681324008,0.534495063637445
54035,0.2934,29.7,5.8,21.8,3.7,9.6,2.2,4.111101631212371,0.785895605267333,0.5322998320268757
54037,0.217,14.2,5.8,21.7,18.4,9.6,1.8,5.628791833456338,0.5806937631394534,0.6573338466384349
54039,0.5339,26.0,5.3,19.9,13.2,9.4,1.1,5.300831615051477,0.5891578217794871,0.6702297276054883
54041,0.5568,28.3,6.1,21.3,7.3,12.2,1.4,3.8006193728589075,0.8017913897717422,0.5885459231784749
54043,0.3983,34.5,4.5,22.3,3.3,17.8,1.0,3.864824129358136,0.8185558235210668,0.5152628742221569
54045,0.6624,40.2,7.3,20.6,4.5,18.9,1.1,4.280824629500982,0.8371519210433557,0.5715981136200381
54047,0.8721,45.7,7.2,20.5,19.4,22.5,0.8,3.5959383508034124,0.8062102506546951,0.531661370857921
54049,0.4394,25.6,7.2,19.8,8.1,8.6,1.5,5.209400531989729,0.6598936258622122,0.5834997859894422
54051,0.2167,24.5,6.4,18.6,5.4,7.6,0.5,4.614013892756339,0.7548099122672003,0.45963119452359896
54053,0.2774,27.3,6.4,20.9,4.2,14.4,0.9,4.097153799376838,0.795900609107609,0.5133504299290994
54055,0.7343,32.4,6.4,20.7,10.8,13.6,2.0,4.963469521078608,0.7911122593980106,0.5559753565471935
54057,0.2135,20.7,5.4,19.9,7.2,6.1,0.7,4.421435566049048,0.8049489395129615,0.5298124162572577
54059,0.6761,41.0,7.1,22.3,4.5,23.4,1.5,4.033477379335628,0.8734796088719294,0.41568476775956287
54061,0.3325,27.4,5.3,16.0,12.8,6.1,1.1,5.6881137448691765,0.5225408312473667,0.6062000530242776
54063,0.3901,22.5,11.1,20.3,5.7,11.5,0.3,3.307241481739189,0.8150224215246636,0.4975517890772128
54065,0.1759,20.3,7.3,17.4,6.2,11.8,2.8,4.333976663954336,0.7826038410004467,0.4124916126146276
54067,0.2794,25.6,5.4,21.0,3.4,10.9,0.5,3.665298315157599,0.8057495697945136,0.5377612671456564
54069,0.4741,24.4,4.6,19.4,9.0,7.0,0.5,5.991411749570625,0.6328056768558952,0.6796020381058173
54071,0.2666,25.4,7.1,18.0,5.6,16.9,0.6,2.2868824902106155,0.7980397980397981,0.6012340364471229
54073,0.4295,18.3,9.1,19.2,4.6,12.3,2.2,4.087269833657413,0.8004866180048662,0.5373994638069705
54075,0.5546,31.4,5.4,17.7,5.3,16.8,0.6,2.245450418714321,0.7570754716981132,0.5372862859221536
54077,0.4591,22.0,6.6,18.3,11.4,13.2,1.7,3.9838010071868193,0.7909972397197254,0.582166786312515
54079,0.077,18.4,5.3,21.8,5.6,6.4,1.2,5.117375122498897,0.7360699466508596,0.5953764393268379
54081,0.7887,32.3,4.8,21.0,12.8,14.7,1.3,4.818175782792846,0.776231122783979,0.5496789847466638
54083,0.5189,27.7,7.7,18.4,8.8,12.3,0.7,3.3299041327167926,0.7353044702569518,0.5597142359296045
54085,0.2609,30.9,7.1,20.3,3.3,16.5,1.4,2.9867530100263746,0.8704260651629072,0.5055474146954155
54087,0.6141,37.6,6.8,20.6,4.6,19.4,0.6,3.40145097178491,0.7747364527464398,0.4875803623611923
54089,0.6752,31.1,5.7,15.9,8.5,17.2,2.9,3.5333152829835464,0.7622648826837308,0.6429650839099658
54091,0.3538,27.9,5.6,20.2,4.5,13.0,0.7,4.575664218295003,0.7619449128724002,0.4829589697514226
54093,0.2615,21.0,5.2,14.2,2.9,11.1,1.6,2.839132573204113,0.7499297555493116,0.6231905249305454
54095,0.1349,21.1,4.8,19.0,3.6,9.1,0.1,3.51226676372162,0.8437235543018335,0.428704458153882
54097,0.6045,30.2,6.8,20.4,6.1,12.7,0.6,4.224236121314877,0.7896751500103455,0.5122435473196558
54099,0.3694,29.7,7.8,20.4,3.9,15.8,1.2,4.355963713863712,0.7716280874175611,0.5570783208974164
54101,0.4916,31.4,4.2,20.0,7.0,20.1,1.0,2.7793368897543798,0.8380114981400067,0.4858269657382302
54103,0.3201,26.3,5.8,20.8,4.3,10.0,2.0,3.7209239132291274,0.7847638057218895,0.5805509459010952
54105,0.2552,34.4,3.7,21.3,3.6,14.2,0.8,3.151587123330777,0.8382759984183472,0.49372959972513314
54107,0.3869,25.8,6.7,20.9,5.6,9.1,0.7,5.442147319065678,0.7188598523040031,0.6092578845278862
54109,0.5173,36.4,6.5,20.2,3.4,23.6,1.5,3.773199945939494,0.8690364826941066,0.5316269491026773
55001,0.5259,23.6,5.8,14.2,11.6,11.6,1.4,3.499756205358073,0.6359986891692611,0.5816023738872403
55003,0.4852,25.7,6.5,21.4,18.5,4.9,2.7,2.794270245186535,0.47608769737589457,0.7366662382727156
55005,0.4009,21.8,7.4,21.3,8.3,9.4,2.1,4.008978083635001,0.6516538746250049,0.5460613562019273
55007,0.097,18.0,5.8,16.8,16.4,4.2,2.4,2.482496866594736,0.4431476246922586,0.8455041234370844
55009,0.3007,16.3,5.5,23.3,21.1,7.1,2.1,6.229130980590339,0.5380603662226574,0.6662458135192143
55011,0.0595,14.5,5.2,20.0,5.4,8.1,0.6,3.0312712436270246,0.6534219102531963,0.5134678842759574
55013,0.1928,22.2,7.1,16.7,10.0,7.3,1.9,3.051976040489723,0.6566101377307224,0.590891397430907
55015,0.0115,11.4,2.9,22.9,10.5,5.2,1.1,5.109140266960332,0.6012031466913466,0.5736588871808181
55017,0.1056,18.2,5.5,21.7,7.1,7.3,1.1,4.200280441487423,0.6162172126830296,0.5813047109406415
55019,0.6347,22.4,20.9,29.5,8.4,17.8,3.9,3.3907209160580396,0.6991994663108739,0.38428135963651006
55021,0.0993,14.3,5.1,20.9,8.8,6.1,1.8,4.345270713316215,0.5232720502676286,0.6846972119863728
55023,0.2905,21.3,8.0,19.6,6.8,8.2,1.2,3.375746140542675,0.5698205728295999,0.5968631826917116
55025,0.1855,15.5,3.7,19.9,22.2,4.0,1.5,6.150485325583288,0.23773609051631803,0.853386257419585
55027,0.1584,14.6,4.1,19.6,11.1,7.8,1.2,4.6315168939837745,0.6668750630230916,0.5341249331162695
55029,0.0525,14.6,4.0,16.3,7.1,4.2,0.8,4.148330513569889,0.48872435152922955,0.8065996819430389
55031,0.2946,18.0,5.2,19.3,9.5,5.6,1.2,3.5497857927628913,0.4729691594436605,0.47337195828505213
55033,0.188,19.9,5.1,19.3,8.3,5.9,1.4,3.992518902493384,0.5804722298868698,0.5034165050255687
55035,0.1616,17.3,6.1,20.0,11.5,3.9,1.6,5.116132913992583,0.44630440381148595,0.6319591766527148
55037,0.112,17.6,7.5,15.8,4.6,8.6,1.3,2.3391573551000278,0.750557502389296,0.5545983701979046
55039,0.1887,14.5,4.2,21.1,12.2,7.5,1.3,4.980651278808026,0.6452126646701404,0.5711149579799426
55041,0.3799,24.9,8.4,19.4,21.7,9.7,1.8,2.313431728596172,0.6679834090460202,0.6205019991115059
55043,0.2224,23.0,7.8,20.9,6.0,7.5,1.7,3.833040070313313,0.5921600714073193,0.5621026847333735
55045,0.0684,12.5,4.2,21.8,6.6,6.8,1.8,4.166113377541852,0.49862043594224226,0.6516774891774891
55047,0.4228,21.6,8.9,21.8,8.8,8.9,1.7,4.018589920506247,0.6837810580361235,0.5703484375826151
55049,0.0051,13.4,3.1,22.0,6.7,4.5,0.7,3.470736868361094,0.46109449968708716,0.6989610609004139
55051,0.0926,19.8,6.2,14.9,5.6,3.8,0.4,2.2074788273961823,0.6322947576656776,0.6806752241955337
55053,0.5231,21.4,7.5,21.6,14.4,8.2,2.2,3.1007401597594497,0.598783901167841,0.5124255195465776
55055,0.1276,12.8,4.5,20.2,11.4,7.3,1.4,5.046113733663238,0.5830580605937785,0.5878210194764596
55057,0.4273,23.8,6.8,19.8,11.6,10.6,1.4,3.5779700082555643,0.6624243688712707,0.5513920635515419
55059,0.5215,18.1,6.4,22.1,26.6,8.7,2.1,6.432258175007997,0.5316447191615157,0.6214400717146041
55061,0.0064,11.9,4.2,20.9,6.5,5.9,0.4,4.111963205592978,0.6706960895667694,0.5311735343055691
55063,0.182,18.3,4.7,19.5,11.5,3.7,1.0,5.587541030147477,0.45255771524805277,0.7086920417570499
55065,0.1339,18.8,9.9,24.0,7.0,8.7,1.4,3.3099255074749436,0.6024068767908309,0.6162616261626163
55067,0.1607,20.9,5.1,19.4,7.1,10.3,1.2,3.153146600292602,0.6750520471894518,0.5491166814320705
55069,0.1775,20.0,4.8,17.9,6.1,7.8,0.9,3.5062364760292795,0.6277230060806424,0.5644909940927046
55071,0.1346,17.1,4.6,20.5,11.1,7.4,1.0,4.9334769239937355,0.618434614794184,0.6191615705042985
55073,0.1473,15.0,6.1,22.6,12.6,7.3,1.5,4.501948799409056,0.594440585526485,0.615128378975916
55075,0.1088,18.7,4.3,18.9,5.5,7.8,1.2,3.4303631123003298,0.6921320323853021,0.5406195786864931
55077,0.2227,20.5,5.6,19.0,7.6,8.5,1.6,3.563140567411283,0.6500591843322931,0.5452677539488892
55078,0.5743,26.8,23.8,32.2,89.1,4.5,14.9,2.5622842716976484,0.18950064020486557,0.8246268656716418
55079,0.8276,27.3,7.3,23.8,50.7,10.5,2.5,8.259793796100428,0.3038030965367565,0.6647919164747507
55081,0.4432,21.6,9.2,25.2,10.9,9.1,2.8,3.956819373904278,0.6321020877642258,0.5575422134780447
55083,0.0204,15.4,4.1,19.8,6.0,7.6,1.6,3.6925422445786054,0.7172713253794335,0.5416029528078038
55085,0.036,17.9,5.0,17.2,6.1,4.6,0.6,3.5534201006551203,0.5891583452211127,0.6685489535047057
55087,0.0671,12.3,4.6,23.1,13.8,5.8,1.6,5.70368531093808,0.5516437672878973,0.6589562764456982
55089,0.0395,9.4,2.6,21.0,9.8,2.3,0.7,5.9782204750809775,0.553143736573792,0.7359141906053508
55091,0.0442,14.6,7.4,21.7,4.9,6.1,1.2,3.488476057245768,0.6475352927563064,0.5059695347879786
55093,0.0216,15.1,3.6,20.3,7.7,4.5,1.1,4.310721327582525,0.5863429315113063,0.45251906254385554
55095,0.0703,14.4,6.5,20.2,5.9,6.5,1.5,3.919136595431312,0.6566414241108279,0.5234908526140283
55097,0.1063,17.4,5.1,18.9,10.0,5.3,1.3,4.485884974607751,0.49392798305483643,0.640521675238795
55099,0.2253,21.8,5.9,18.0,6.6,7.1,2.2,2.502779364434167,0.6572764598540146,0.6323121863530822
55101,0.4674,17.9,5.3,23.0,30.1,8.8,1.4,6.385925646431903,0.5312346796394766,0.6224205469892161
55103,0.3764,21.9,9.7,21.1,7.0,8.9,1.9,3.4157443752536567,0.5664708442123586,0.5952932993276142
55105,0.2988,16.9,5.5,22.7,19.0,7.7,1.3,5.43417735346169,0.4630209532581165,0.7091592492378516
55107,0.216,22.2,6.9,20.2,6.0,8.9,1.9,2.804615375550373,0.6922700587084148,0.4200169276343631
55109,0.0086,9.9,3.6,24.1,7.4,3.8,0.7,4.873838361838717,0.5981954988469372,0.5205597274140725
55111,0.2323,15.8,6.6,22.5,11.0,7.8,1.6,4.38160887379037,0.5084663240465243,0.6488625430619782
55113,0.3758,22.3,7.3,17.9,23.5,7.2,2.1,2.7316562108024582,0.5827057435804374,0.6171035149172606
55115,0.1769,18.7,6.4,21.2,14.4,7.9,1.7,3.8444065830842566,0.683602173725524,0.5458813173916233
55117,0.16,14.6,4.2,21.7,17.6,6.2,1.8,5.4431931044799,0.582919787061265,0.638217444078377
55119,0.189,18.6,6.3,23.1,5.2,10.7,1.8,3.0675964977253996,0.744108049311095,0.3609103868652608
55121,0.1989,16.2,7.8,25.2,11.9,8.3,1.4,3.7578450845620637,0.6083753148614609,0.6756045735100678
55123,0.4779,22.0,14.4,26.0,5.1,9.7,2.3,3.6869844830466176,0.5396115434103302,0.5610278372591007
55125,0.0729,17.1,7.1,16.7,15.1,4.6,0.9,3.3316978387104523,0.616507896715969,0.6779905384095517
55127,0.2074,15.9,6.0,19.9,15.5,8.1,1.8,5.248515803997486,0.6124590054213239,0.5579485500827974
55129,0.119,20.8,6.5,18.4,6.7,6.7,1.5,3.087936172564507,0.6429033151722228,0.6472010178117048
55131,0.008,8.6,3.5,21.3,8.5,4.8,0.5,5.764443573728016,0.683668486704843,0.5892938530073364
55133,0.0191,8.1,3.1,21.1,13.4,3.2,0.9,6.609219659386429,0.6000752084823371,0.7161638602862953
55135,0.1142,15.2,5.9,20.2,6.6,7.2,1.0,4.252900409002914,0.6688748335552597,0.555030398117278
55137,0.3917,18.2,8.4,18.1,11.3,10.8,1.6,3.698879637050089,0.678007889546351,0.4591907703637033
55139,0.1549,18.3,4.7,20.3,13.3,5.8,1.3,5.978456376504046,0.524078474834557,0.6291425014688174
55141,0.1791,18.5,5.0,21.5,8.8,6.7,1.3,4.5484450777406895,0.6009472064621598,0.63170728366142
56001,0.2533,31.5,7.8,15.5,19.0,3.4,0.5,2.280253994875787,0.5161551355412982,0.5782407407407407
56003,0.531,20.2,14.1,24.9,13.9,11.9,2.2,1.5531940042176222,0.8677126047423783,0.4067005937234945
56005,0.2367,14.4,13.8,26.9,13.9,8.0,0.9,2.3756199810991596,0.8887284841754581,0.3182063399581364
56007,0.5377,25.3,14.2,22.8,23.8,9.9,1.4,1.0472332898287922,0.7953742370703502,0.4752027027027027
56009,0.2781,18.1,10.1,24.1,11.9,7.7,1.6,1.441388979752821,0.8719890925617331,0.3505281435392852
56011,0.0722,10.7,6.9,24.7,7.4,5.9,1.3,1.2648809412922617,0.8957156308851224,0.31737869198312235
56013,0.7642,23.5,19.4,24.8,31.1,6.9,3.5,1.6659091247656357,0.6904548443009981,0.5451975242607168
56015,0.2918,16.9,8.7,19.8,15.7,6.7,0.8,1.8957845434587544,0.8088940320714167,0.41155098024373626
56017,0.1938,27.3,15.0,20.9,10.7,4.9,0.0,1.19480038889095,0.8101167315175097,0.5071380013596193
56019,0.1709,25.9,11.5,19.4,11.2,7.2,1.8,1.116718231621789,0.8229144888145515,0.44191829484902306
56021,0.2514,15.8,8.6,22.8,23.0,5.7,0.9,3.6467451316223047,0.6647479628576843,0.5836180904522613
56023,0.118,12.2,12.3,26.2,8.6,5.9,4.8,1.7676416064148206,0.8465973534971645,0.4507816439737771
56025,0.3987,16.7,11.1,23.9,14.6,5.9,1.5,2.7655183253963105,0.7474248666989821,0.472463622930702
56027,0.419,27.0,8.5,18.1,10.7,8.1,0.0,0.6610249768790789,0.9081967213114754,0.317062818336163
56029,0.1072,16.6,11.7,20.6,11.7,4.6,1.1,1.6687978306975624,0.800587407452732,0.47273412345002397
56031,0.3309,21.2,18.2,19.5,14.7,6.5,0.4,1.6371244865678176,0.8324022346368715,0.42559275586798523
56033,0.2211,14.6,10.5,21.7,9.4,3.7,1.8,2.5918875004149178,0.7544013532986655,0.5443332786616368
56035,0.1225,12.8,10.4,22.4,9.4,4.1,2.3,1.0300094029417632,0.8093264248704664,0.3834808259587021
56037,0.4722,18.0,12.2,25.5,22.2,7.0,2.3,1.6165307152879551,0.7707104228121927,0.5166851663793307
56039,0.1693,10.5,11.9,17.6,20.3,4.0,6.0,1.9229491729543389,0.32091290172333486,0.9496249573815206
56041,0.2803,15.2,10.8,27.9,13.2,5.6,3.7,2.3859813123092963,0.8234761958611331,0.5300108770888955
56043,0.2192,19.1,11.5,21.9,18.4,5.3,2.1,1.4930606757002314,0.8265009256810367,0.44881486226777706
56045,0.3331,19.8,17.8,20.4,14.5,8.9,2.4,1.351931346661907,0.8903394255874674,0.38718059766132523
