forecast_origin_week,target_week_start,fips,county,state,state_abbr,status,prob_case_next_week,national_rank_next_week,state_rank_next_week,tier_next_week,relative_risk_next_week,prob_case_next_4_weeks,national_rank_next_4_weeks,state_rank_next_4_weeks,tier_next_4_weeks,relative_risk_next_4_weeks,model_score_next_week,model_score_next_4_weeks,cases_this_week,cases_last_4_weeks,cumulative_cases_since_2025,weeks_since_last_case,kindergarten_mmr_coverage,mmr_school_year
2026-07-20,2026-07-27,49049,Utah County,Utah,UT,quiet,0.159091,1,1,Top 50,144.04,0.260602,1,1,Top 50,75.68,0.986243,0.986409,0,2,116,1,0.881637,2024-25
2026-07-20,2026-07-27,04021,Pinal County,Arizona,AZ,quiet,0.115163,2,1,Top 50,104.27,0.234648,2,1,Top 50,68.14,0.979223,0.984049,0,11,17,1,0.899,2024-25
2026-07-20,2026-07-27,56039,Teton County,Wyoming,WY,quiet,0.069964,3,1,Top 50,63.35,0.166411,3,1,Top 50,48.32,0.962246,0.973971,0,4,5,1,0.95,2022-23
2026-07-20,2026-07-27,06037,Los Angeles County,California,CA,quiet,0.063561,4,1,Top 50,57.55,0.15668,4,1,Top 50,45.5,0.957826,0.971762,0,1,12,2,0.97352,2024-25
2026-07-20,2026-07-27,42075,Lebanon County,Pennsylvania,PA,quiet,0.058023,5,1,Top 50,52.54,0.077745,10,1,Top 50,22.58,0.953203,0.931977,0,0,20,5,0.932,2024-25
2026-07-20,2026-07-27,39007,Ashtabula County,Ohio,OH,quiet,0.048474,6,1,Top 50,43.89,0.093232,6,1,Top 50,27.07,0.942735,0.945263,0,2,18,1,0.935,2024-25
2026-07-20,2026-07-27,16081,Teton County,Idaho,ID,quiet,0.045641,7,1,Top 50,41.32,0.028657,72,3,51–150,8.32,0.938787,0.801213,0,1,1,2,0.67,2024-25
2026-07-20,2026-07-27,04025,Yavapai County,Arizona,AZ,quiet,0.043479,8,2,Top 50,39.37,0.102865,5,2,Top 50,29.87,0.93543,0.951476,0,1,1,1,0.753,2024-25
2026-07-20,2026-07-27,48381,Randall County,Texas,TX,quiet,0.035367,9,1,Top 50,32.02,0.083614,8,1,Top 50,24.28,0.919252,0.937598,0,1,4,1,0.92928,2024-25
2026-07-20,2026-07-27,49011,Davis County,Utah,UT,quiet,0.033119,10,2,Top 50,29.99,0.081159,9,2,Top 50,23.57,0.91341,0.935347,0,0,15,16,0.922021,2024-25
2026-07-20,2026-07-27,42043,Dauphin County,Pennsylvania,PA,quiet,0.027373,11,2,Top 50,24.78,0.066878,12,2,Top 50,19.42,0.894321,0.918964,0,0,2,7,0.868,2024-25
2026-07-20,2026-07-27,04005,Coconino County,Arizona,AZ,quiet,0.026987,12,3,Top 50,24.43,0.042697,36,3,Top 50,12.4,0.892763,0.867102,0,0,5,13,0.852,2024-25
2026-07-20,2026-07-27,42045,Delaware County,Pennsylvania,PA,quiet,0.026669,13,3,Top 50,24.15,0.046975,27,3,Top 50,13.64,0.891452,0.87996,0,0,0,,0.943,2024-25
2026-07-20,2026-07-27,12011,Broward County,Florida,FL,quiet,0.025648,14,1,Top 50,23.22,0.065577,14,2,Top 50,19.04,0.887024,0.917118,0,0,7,13,0.822,2024-25
2026-07-20,2026-07-27,36061,New York County,New York,NY,quiet,0.022827,15,1,Top 50,20.67,0.087526,7,1,Top 50,25.42,0.872893,0.940922,0,0,26,11,0.988831838,2024-25
2026-07-20,2026-07-27,06059,Orange County,California,CA,quiet,0.021877,16,2,Top 50,19.81,0.045358,31,4,Top 50,13.17,0.867383,0.875366,0,0,5,12,0.97842,2024-25
2026-07-20,2026-07-27,17031,Cook County,Illinois,IL,quiet,0.021414,17,1,Top 50,19.39,0.057031,18,1,Top 50,16.56,0.864536,0.902954,0,0,8,42,0.948,2024-25
2026-07-20,2026-07-27,49051,Wasatch County,Utah,UT,quiet,0.020912,18,3,Top 50,18.93,0.044619,34,4,Top 50,12.96,0.861323,0.873162,0,0,12,8,0.88785,2024-25
2026-07-20,2026-07-27,12057,Hillsborough County,Florida,FL,quiet,0.020552,19,2,Top 50,18.61,0.065727,13,1,Top 50,19.09,0.858932,0.917335,0,0,3,13,0.86,2024-25
2026-07-20,2026-07-27,48201,Harris County,Texas,TX,quiet,0.019316,20,2,Top 50,17.49,0.048881,24,3,Top 50,14.19,0.850114,0.88501,0,0,10,12,0.909543,2024-25
2026-07-20,2026-07-27,12099,Palm Beach County,Florida,FL,quiet,0.018801,21,3,Top 50,17.02,0.050604,22,3,Top 50,14.69,0.846134,0.889262,0,0,3,11,0.898,2024-25
2026-07-20,2026-07-27,06065,Riverside County,California,CA,quiet,0.018597,22,3,Top 50,16.84,0.044542,35,5,Top 50,12.93,0.844502,0.872928,0,0,6,12,0.95327,2024-25
2026-07-20,2026-07-27,42077,Lehigh County,Pennsylvania,PA,quiet,0.018594,23,4,Top 50,16.84,0.039289,46,5,Top 50,11.41,0.844479,0.855015,0,0,0,,0.956,2024-25
2026-07-20,2026-07-27,13121,Fulton County,Georgia,GA,quiet,0.018249,24,1,Top 50,16.52,0.064192,15,1,Top 50,18.64,0.841652,0.915074,0,0,13,9,,
2026-07-20,2026-07-27,10003,New Castle County,Delaware,DE,quiet,0.017635,25,1,Top 50,15.97,0.038608,47,1,Top 50,11.21,0.836371,0.852364,0,0,0,,,
2026-07-20,2026-07-27,06085,Santa Clara County,California,CA,quiet,0.017408,26,4,Top 50,15.76,0.034961,58,7,51–150,10.15,0.834336,0.836612,0,0,3,6,0.99021,2024-25
2026-07-20,2026-07-27,49057,Weber County,Utah,UT,quiet,0.017029,27,4,Top 50,15.42,0.037484,53,5,51–150,10.88,0.830833,0.847803,0,0,2,26,0.919953,2024-25
2026-07-20,2026-07-27,12095,Orange County,Florida,FL,quiet,0.017008,28,4,Top 50,15.4,0.03808,49,7,Top 50,11.06,0.830639,0.850251,0,0,3,9,0.854,2024-25
2026-07-20,2026-07-27,06073,San Diego County,California,CA,quiet,0.016941,29,5,Top 50,15.34,0.052452,20,2,Top 50,15.23,0.829999,0.89353,0,0,1,49,0.93706,2024-25
2026-07-20,2026-07-27,08001,Adams County,Colorado,CO,quiet,0.01626,30,1,Top 50,14.72,0.039957,44,5,Top 50,11.6,0.823297,0.857533,0,0,9,20,0.9163,2024-25
2026-07-20,2026-07-27,48453,Travis County,Texas,TX,quiet,0.016216,31,3,Top 50,14.68,0.06063,17,2,Top 50,17.61,0.822846,0.909395,0,0,3,9,0.867026,2024-25
2026-07-20,2026-07-27,34017,Hudson County,New Jersey,NJ,quiet,0.016137,32,1,Top 50,14.61,0.037493,52,2,51–150,10.89,0.82204,0.84784,0,0,3,13,0.937,2024-25
2026-07-20,2026-07-27,16019,Bonneville County,Idaho,ID,quiet,0.016113,33,2,Top 50,14.59,0.045621,30,1,Top 50,13.25,0.821789,0.876135,0,0,5,45,0.88,2024-25
2026-07-20,2026-07-27,08005,Arapahoe County,Colorado,CO,quiet,0.016044,34,2,Top 50,14.53,0.027007,84,8,51–150,7.84,0.821067,0.78965,0,0,6,23,0.8671,2024-25
2026-07-20,2026-07-27,08123,Weld County,Colorado,CO,quiet,0.015769,35,3,Top 50,14.28,0.044945,33,3,Top 50,13.05,0.818162,0.874142,0,0,6,14,0.9292,2024-25
2026-07-20,2026-07-27,06013,Contra Costa County,California,CA,quiet,0.01536,36,6,Top 50,13.91,0.041114,39,6,Top 50,11.94,0.813661,0.861716,0,0,1,30,0.97928,2024-25
2026-07-20,2026-07-27,41005,Clackamas County,Oregon,OR,quiet,0.015338,37,1,Top 50,13.89,0.034996,57,2,51–150,10.16,0.813413,0.836775,0,0,2,21,0.899,2024-25
2026-07-20,2026-07-27,06001,Alameda County,California,CA,quiet,0.01522,38,7,Top 50,13.78,0.023803,101,10,51–150,6.91,0.812081,0.763473,0,0,0,,0.97051,2024-25
2026-07-20,2026-07-27,53033,King County,Washington,WA,quiet,0.014922,39,1,Top 50,13.51,0.07101,11,1,Top 50,20.62,0.808614,0.924379,0,0,10,15,0.924,2024-25
2026-07-20,2026-07-27,49045,Tooele County,Utah,UT,quiet,0.014767,40,5,Top 50,13.37,0.045681,29,3,Top 50,13.27,0.806776,0.876309,0,0,19,11,0.932956,2024-25
2026-07-20,2026-07-27,39049,Franklin County,Ohio,OH,quiet,0.014686,41,2,Top 50,13.3,0.047715,25,3,Top 50,13.86,0.805791,0.881967,0,0,14,19,0.896,2024-25
2026-07-20,2026-07-27,34003,Bergen County,New Jersey,NJ,quiet,0.014419,42,2,Top 50,13.06,0.04031,42,1,Top 50,11.71,0.802503,0.858831,0,0,4,46,0.949,2024-25
2026-07-20,2026-07-27,48085,Collin County,Texas,TX,quiet,0.014184,43,4,Top 50,12.84,0.03608,55,4,51–150,10.48,0.799525,0.841748,0,0,4,59,0.930423,2024-25
2026-07-20,2026-07-27,16027,Canyon County,Idaho,ID,quiet,0.013556,44,3,Top 50,12.27,0.032419,63,2,51–150,9.41,0.791144,0.823784,0,0,6,21,0.79,2024-25
2026-07-20,2026-07-27,42101,Philadelphia County,Pennsylvania,PA,quiet,0.01348,45,5,Top 50,12.21,0.039854,45,4,Top 50,11.57,0.790085,0.857148,0,0,2,67,0.947,2024-25
2026-07-20,2026-07-27,12031,Duval County,Florida,FL,quiet,0.013466,46,5,Top 50,12.19,0.04732,26,4,Top 50,13.74,0.789884,0.880903,0,0,7,24,0.899,2024-25
2026-07-20,2026-07-27,42091,Montgomery County,Pennsylvania,PA,quiet,0.01341,47,6,Top 50,12.14,0.030174,68,7,51–150,8.76,0.789098,0.810898,0,0,4,21,0.953,2024-25
2026-07-20,2026-07-27,53063,Spokane County,Washington,WA,quiet,0.013113,48,2,Top 50,11.87,0.042606,37,2,Top 50,12.37,0.78483,0.866801,0,0,2,17,0.868,2024-25
2026-07-20,2026-07-27,12021,Collier County,Florida,FL,quiet,0.012967,49,6,Top 50,11.74,0.037987,50,8,Top 50,11.03,0.782681,0.849874,0,0,93,21,0.863,2024-25
2026-07-20,2026-07-27,08069,Larimer County,Colorado,CO,quiet,0.012942,50,4,Top 50,11.72,0.053842,19,1,Top 50,15.64,0.782308,0.896553,0,1,1,3,0.9047,2024-25
2026-07-20,2026-07-27,32003,Clark County,Nevada,NV,quiet,0.012906,51,1,51–150,11.69,0.046807,28,1,Top 50,13.59,0.781775,0.879499,0,0,1,37,0.906,2024-25
2026-07-20,2026-07-27,53061,Snohomish County,Washington,WA,quiet,0.012815,52,3,51–150,11.6,0.031454,66,3,51–150,9.13,0.780398,0.818439,0,0,16,21,0.922,2024-25
2026-07-20,2026-07-27,39035,Cuyahoga County,Ohio,OH,quiet,0.01268,53,3,51–150,11.48,0.050402,23,2,Top 50,14.64,0.778328,0.888778,0,0,5,28,0.864,2024-25
2026-07-20,2026-07-27,06067,Sacramento County,California,CA,quiet,0.01252,54,8,51–150,11.34,0.052403,21,3,Top 50,15.22,0.775824,0.893419,0,0,13,12,0.96313,2024-25
2026-07-20,2026-07-27,08077,Mesa County,Colorado,CO,quiet,0.012297,55,5,51–150,11.13,0.045106,32,2,Top 50,13.1,0.772253,0.874624,0,0,11,40,0.8567,2024-25
2026-07-20,2026-07-27,27053,Hennepin County,Minnesota,MN,quiet,0.012091,56,1,51–150,10.95,0.034148,60,1,51–150,9.92,0.768859,0.832692,0,0,2,65,0.844,2024-25
2026-07-20,2026-07-27,48439,Tarrant County,Texas,TX,quiet,0.011866,57,5,51–150,10.74,0.028894,71,6,51–150,8.39,0.765066,0.802788,0,0,4,60,0.936354,2024-25
2026-07-20,2026-07-27,12081,Manatee County,Florida,FL,quiet,0.011526,58,7,51–150,10.44,0.029571,70,10,51–150,8.59,0.759068,0.807148,0,0,3,24,0.898,2024-25
2026-07-20,2026-07-27,24005,Baltimore County,Maryland,MD,quiet,0.011367,59,1,51–150,10.29,0.028389,75,1,51–150,8.24,0.756187,0.799412,0,0,0,,0.9766,2024-25
2026-07-20,2026-07-27,12103,Pinellas County,Florida,FL,quiet,0.011291,60,8,51–150,10.22,0.040819,41,6,Top 50,11.85,0.754783,0.860668,0,0,6,20,0.873,2024-25
2026-07-20,2026-07-27,08031,Denver County,Colorado,CO,quiet,0.011086,61,6,51–150,10.04,0.042341,38,4,Top 50,12.3,0.750905,0.865922,0,0,4,59,0.8688,2024-25
2026-07-20,2026-07-27,41051,Multnomah County,Oregon,OR,quiet,0.010814,62,2,51–150,9.79,0.040236,43,1,Top 50,11.68,0.745605,0.858559,0,0,1,56,0.918,2024-25
2026-07-20,2026-07-27,06081,San Mateo County,California,CA,quiet,0.010618,63,9,51–150,9.61,0.028444,74,8,51–150,8.26,0.741656,0.799787,0,0,3,25,0.97567,2024-25
2026-07-20,2026-07-27,12097,Osceola County,Florida,FL,quiet,0.010543,64,9,51–150,9.55,0.028241,76,11,51–150,8.2,0.740108,0.798404,0,0,1,19,0.863,2024-25
2026-07-20,2026-07-27,12086,Miami-Dade County,Florida,FL,quiet,0.010501,65,10,51–150,9.51,0.041064,40,5,Top 50,11.92,0.739243,0.861538,0,0,2,25,0.91,2024-25
2026-07-20,2026-07-27,38105,Williams County,North Dakota,ND,quiet,0.010464,66,1,51–150,9.47,0.017964,140,3,51–150,5.22,0.738465,0.697803,0,0,19,24,0.805,2024-25
2026-07-20,2026-07-27,08041,El Paso County,Colorado,CO,quiet,0.010412,67,7,51–150,9.43,0.032135,64,6,51–150,9.33,0.73738,0.822236,0,0,4,58,0.7652,2024-25
2026-07-20,2026-07-27,42041,Cumberland County,Pennsylvania,PA,quiet,0.010345,68,7,51–150,9.37,0.026683,86,8,51–150,7.75,0.735947,0.787241,0,0,2,31,0.951,2024-25
2026-07-20,2026-07-27,11001,District of Columbia,District of Columbia,DC,quiet,0.010192,69,1,51–150,9.23,0.02679,85,1,51–150,7.78,0.73266,0.788038,0,0,1,58,0.927,2024-25
2026-07-20,2026-07-27,12105,Polk County,Florida,FL,quiet,0.010047,70,11,51–150,9.1,0.021845,107,13,51–150,6.34,0.729476,0.744493,0,0,1,7,0.925,2024-25
2026-07-20,2026-07-27,53073,Whatcom County,Washington,WA,quiet,0.010013,71,4,51–150,9.07,0.021408,110,5,51–150,6.22,0.728713,0.739884,0,0,2,56,0.86,2024-25
2026-07-20,2026-07-27,45013,Beaufort County,South Carolina,SC,quiet,0.009964,72,1,51–150,9.02,0.027252,82,1,51–150,7.91,0.727613,0.791443,0,0,1,6,0.952,2024-25
2026-07-20,2026-07-27,30031,Gallatin County,Montana,MT,quiet,0.009942,73,1,51–150,9.0,0.061034,16,1,Top 50,17.72,0.727129,0.910072,0,0,23,33,,
2026-07-20,2026-07-27,53053,Pierce County,Washington,WA,quiet,0.009772,74,5,51–150,8.85,0.029736,69,4,51–150,8.64,0.723233,0.808188,0,0,0,,0.902,2024-25
2026-07-20,2026-07-27,37119,Mecklenburg County,North Carolina,NC,quiet,0.009563,75,1,51–150,8.66,0.037706,51,1,51–150,10.95,0.718287,0.848726,0,0,3,25,0.92045455,2024-25
2026-07-20,2026-07-27,24510,Baltimore City,Maryland,MD,quiet,0.009242,76,2,51–150,8.37,0.024868,95,3,51–150,7.22,0.710407,0.772784,0,0,3,13,0.9472,2024-25
2026-07-20,2026-07-27,16001,Ada County,Idaho,ID,quiet,0.00896,77,4,51–150,8.11,0.027064,83,4,51–150,7.86,0.703134,0.790068,0,0,0,,0.83,2024-25
2026-07-20,2026-07-27,48375,Potter County,Texas,TX,quiet,0.008898,78,6,51–150,8.06,0.011829,212,17,151–500,3.43,0.701507,0.584838,0,0,1,66,0.959596,2024-25
2026-07-20,2026-07-27,48141,El Paso County,Texas,TX,quiet,0.008867,79,7,51–150,8.03,0.021175,112,11,51–150,6.15,0.700672,0.737373,0,0,85,17,0.977753,2024-25
2026-07-20,2026-07-27,36081,Queens County,New York,NY,quiet,0.008847,80,2,51–150,8.01,0.025964,89,2,51–150,7.54,0.700139,0.781715,0,0,0,,0.975836608,2024-25
2026-07-20,2026-07-27,34023,Middlesex County,New Jersey,NJ,quiet,0.008817,81,3,51–150,7.98,0.032774,62,3,51–150,9.52,0.699318,0.825679,0,0,0,,0.951,2024-25
2026-07-20,2026-07-27,36071,Orange County,New York,NY,quiet,0.008473,82,3,51–150,7.67,0.023099,103,3,51–150,6.71,0.689771,0.756939,0,0,4,60,0.969172839,2024-25
2026-07-20,2026-07-27,37021,Buncombe County,North Carolina,NC,quiet,0.008448,83,2,51–150,7.65,0.026124,88,2,51–150,7.59,0.689081,0.782961,0,0,7,23,0.89162562,2024-25
2026-07-20,2026-07-27,08013,Boulder County,Colorado,CO,quiet,0.008409,84,8,51–150,7.61,0.031536,65,7,51–150,9.16,0.687948,0.818905,0,0,1,58,0.9055,2024-25
2026-07-20,2026-07-27,38017,Cass County,North Dakota,ND,quiet,0.00829,85,2,51–150,7.51,0.031414,67,1,51–150,9.12,0.684466,0.818213,0,0,8,10,0.9285,2024-25
2026-07-20,2026-07-27,06071,San Bernardino County,California,CA,quiet,0.008285,86,10,51–150,7.5,0.019716,123,14,51–150,5.73,0.684336,0.720594,0,0,0,,0.93729,2024-25
2026-07-20,2026-07-27,49043,Summit County,Utah,UT,quiet,0.008271,87,6,51–150,7.49,0.036093,54,6,51–150,10.48,0.68391,0.841806,0,0,5,16,0.892788,2024-25
2026-07-20,2026-07-27,06111,Ventura County,California,CA,quiet,0.008215,88,11,51–150,7.44,0.02097,114,11,51–150,6.09,0.682241,0.735124,0,0,0,,0.96377,2024-25
2026-07-20,2026-07-27,35013,Doña Ana County,New Mexico,NM,quiet,0.008209,89,1,51–150,7.43,0.017511,147,2,51–150,5.09,0.682074,0.691382,0,0,5,19,0.9784,2024-25
2026-07-20,2026-07-27,45045,Greenville County,South Carolina,SC,quiet,0.008098,90,2,51–150,7.33,0.020331,119,3,51–150,5.9,0.67871,0.727883,0,0,8,18,0.942,2024-25
2026-07-20,2026-07-27,48029,Bexar County,Texas,TX,quiet,0.008072,91,8,51–150,7.31,0.033495,61,5,51–150,9.73,0.677933,0.829419,0,0,3,19,0.947451,2024-25
2026-07-20,2026-07-27,40109,Oklahoma County,Oklahoma,OK,quiet,0.008065,92,1,51–150,7.3,0.026662,87,1,51–150,7.74,0.677721,0.78708,0,0,18,25,0.865,2024-25
2026-07-20,2026-07-27,06075,San Francisco County,California,CA,quiet,0.008035,93,12,51–150,7.27,0.020568,117,13,51–150,5.97,0.676792,0.730609,0,0,1,14,0.98097,2024-25
2026-07-20,2026-07-27,12111,St. Lucie County,Florida,FL,quiet,0.008022,94,12,51–150,7.26,0.020923,115,14,51–150,6.08,0.676384,0.734598,0,0,0,,0.88,2024-25
2026-07-20,2026-07-27,35001,Bernalillo County,New Mexico,NM,quiet,0.007992,95,2,51–150,7.24,0.018145,137,1,51–150,5.27,0.675462,0.700308,0,0,0,,0.9371,2024-25
2026-07-20,2026-07-27,34021,Mercer County,New Jersey,NJ,quiet,0.007861,96,4,51–150,7.12,0.018802,131,7,51–150,5.46,0.671371,0.709103,0,0,0,,0.953,2024-25
2026-07-20,2026-07-27,24033,Prince George's County,Maryland,MD,quiet,0.007542,97,3,51–150,6.83,0.025791,90,2,51–150,7.49,0.660936,0.780343,0,0,2,71,0.9469,2024-25
2026-07-20,2026-07-27,13089,DeKalb County,Georgia,GA,quiet,0.007489,98,2,51–150,6.78,0.012918,196,3,151–500,3.75,0.659145,0.60983,0,0,0,,,
2026-07-20,2026-07-27,04015,Mohave County,Arizona,AZ,quiet,0.007474,99,4,51–150,6.77,0.027399,81,4,51–150,7.96,0.658641,0.792502,0,0,285,11,0.784,2024-25
2026-07-20,2026-07-27,16055,Kootenai County,Idaho,ID,quiet,0.007461,100,5,51–150,6.76,0.025534,93,5,51–150,7.41,0.658211,0.778286,0,0,2,19,0.7,2024-25
2026-07-20,2026-07-27,34013,Essex County,New Jersey,NJ,quiet,0.007412,101,5,51–150,6.71,0.016626,155,11,151–500,4.83,0.656518,0.678103,0,0,0,,0.924,2024-25
2026-07-20,2026-07-27,26099,Macomb County,Michigan,MI,quiet,0.007357,102,1,51–150,6.66,0.025577,92,2,51–150,7.43,0.654628,0.77863,0,0,4,11,0.87265999,2024-25
2026-07-20,2026-07-27,42017,Bucks County,Pennsylvania,PA,quiet,0.007342,103,8,51–150,6.65,0.03572,56,6,51–150,10.37,0.654098,0.840128,0,0,1,69,0.943,2024-25
2026-07-20,2026-07-27,12117,Seminole County,Florida,FL,quiet,0.007274,104,13,51–150,6.59,0.02385,100,12,51–150,6.93,0.651722,0.7639,0,0,0,,0.9,2024-25
2026-07-20,2026-07-27,45083,Spartanburg County,South Carolina,SC,quiet,0.007172,105,3,51–150,6.49,0.022971,105,2,51–150,6.67,0.648114,0.755723,0,0,940,18,0.9,2024-25
2026-07-20,2026-07-27,38035,Grand Forks County,North Dakota,ND,quiet,0.007152,106,3,51–150,6.48,0.023537,102,2,51–150,6.83,0.647387,0.76104,0,0,14,10,0.9199,2024-25
2026-07-20,2026-07-27,12071,Lee County,Florida,FL,quiet,0.007039,107,14,51–150,6.37,0.034403,59,9,51–150,9.99,0.643255,0.833939,0,0,3,19,0.924,2024-25
2026-07-20,2026-07-27,41067,Washington County,Oregon,OR,quiet,0.007033,108,3,51–150,6.37,0.019743,122,3,51–150,5.73,0.64305,0.720926,0,0,0,,0.947,2024-25
2026-07-20,2026-07-27,42049,Erie County,Pennsylvania,PA,quiet,0.006914,109,9,51–150,6.26,0.023001,104,9,51–150,6.68,0.638592,0.756012,0,0,8,63,0.941,2024-25
2026-07-20,2026-07-27,26125,Oakland County,Michigan,MI,quiet,0.006859,110,2,51–150,6.21,0.038271,48,1,Top 50,11.11,0.636515,0.851024,0,0,2,31,0.87781856,2024-25
2026-07-20,2026-07-27,08083,Montezuma County,Colorado,CO,quiet,0.006842,111,9,51–150,6.19,0.018647,132,10,51–150,5.41,0.635875,0.707058,0,0,4,31,0.8378,2024-25
2026-07-20,2026-07-27,49053,Washington County,Utah,UT,quiet,0.006753,112,7,51–150,6.11,0.017875,141,7,51–150,5.19,0.632444,0.696565,0,0,0,,0.791591,2024-25
2026-07-20,2026-07-27,48303,Lubbock County,Texas,TX,quiet,0.006623,113,9,51–150,6.0,0.024554,96,9,51–150,7.13,0.627331,0.770111,0,0,53,19,0.913411,2024-25
2026-07-20,2026-07-27,48121,Denton County,Texas,TX,quiet,0.006591,114,10,51–150,5.97,0.02753,79,7,51–150,7.99,0.626053,0.793444,0,0,2,61,0.917152,2024-25
2026-07-20,2026-07-27,34007,Camden County,New Jersey,NJ,quiet,0.006445,115,6,51–150,5.84,0.024261,97,5,51–150,7.05,0.620102,0.767562,0,0,0,,0.949,2024-25
2026-07-20,2026-07-27,12101,Pasco County,Florida,FL,quiet,0.006431,116,15,51–150,5.82,0.018116,138,16,51–150,5.26,0.619526,0.699904,0,0,3,18,0.919,2024-25
2026-07-20,2026-07-27,30063,Missoula County,Montana,MT,quiet,0.006391,117,2,51–150,5.79,0.017609,145,4,51–150,5.11,0.61787,0.692783,0,0,0,,,
2026-07-20,2026-07-27,21067,Fayette County,Kentucky,KY,quiet,0.006346,118,1,51–150,5.75,0.019187,129,1,51–150,5.57,0.615985,0.714041,0,0,6,54,0.935,2024-25
2026-07-20,2026-07-27,35029,Luna County,New Mexico,NM,quiet,0.006303,119,3,51–150,5.71,0.008867,279,4,151–500,2.57,0.614153,0.50081,0,0,26,8,0.9798,2024-25
2026-07-20,2026-07-27,41047,Marion County,Oregon,OR,quiet,0.006297,120,4,51–150,5.7,0.012321,203,5,151–500,3.58,0.61393,0.596468,0,0,0,,0.916,2024-25
2026-07-20,2026-07-27,02020,Anchorage Municipality,Alaska,AK,quiet,0.006275,121,1,51–150,5.68,0.028191,77,1,51–150,8.19,0.612982,0.798068,0,0,3,40,,
2026-07-20,2026-07-27,24015,Cecil County,Maryland,MD,quiet,0.006174,122,4,51–150,5.59,0.012389,201,8,151–500,3.6,0.608649,0.59802,0,0,0,,0.951,2024-25
2026-07-20,2026-07-27,48113,Dallas County,Texas,TX,quiet,0.006169,123,11,51–150,5.59,0.027515,80,8,51–150,7.99,0.608428,0.793337,0,0,1,56,0.90148,2024-25
2026-07-20,2026-07-27,24031,Montgomery County,Maryland,MD,quiet,0.006148,124,5,51–150,5.57,0.012531,200,7,151–500,3.64,0.607486,0.60125,0,0,0,,0.9727,2024-25
2026-07-20,2026-07-27,32031,Washoe County,Nevada,NV,quiet,0.006135,125,2,51–150,5.55,0.027991,78,2,51–150,8.13,0.606926,0.796684,0,0,1,30,0.855,2024-25
2026-07-20,2026-07-27,48167,Galveston County,Texas,TX,quiet,0.006123,126,12,51–150,5.54,0.019556,126,12,51–150,5.68,0.606376,0.718638,0,0,0,,0.940071,2024-25
2026-07-20,2026-07-27,55009,Brown County,Wisconsin,WI,quiet,0.006107,127,1,51–150,5.53,0.016496,158,1,151–500,4.79,0.605715,0.676068,0,0,0,,0.85,2024-25
2026-07-20,2026-07-27,13067,Cobb County,Georgia,GA,quiet,0.006082,128,3,51–150,5.51,0.015936,164,2,151–500,4.63,0.604598,0.667049,0,0,0,,,
2026-07-20,2026-07-27,06087,Santa Cruz County,California,CA,quiet,0.006049,129,13,51–150,5.48,0.020854,116,12,51–150,6.06,0.603112,0.73383,0,0,0,,0.91092,2024-25
2026-07-20,2026-07-27,46013,Brown County,South Dakota,SD,quiet,0.006024,130,1,51–150,5.45,0.01016,244,3,151–500,2.95,0.601983,0.540779,0,0,1,19,0.95,2024-25
2026-07-20,2026-07-27,26081,Kent County,Michigan,MI,quiet,0.006021,131,3,51–150,5.45,0.024902,94,3,51–150,7.23,0.601873,0.773073,0,0,4,52,0.92520807,2024-25
2026-07-20,2026-07-27,24003,Anne Arundel County,Maryland,MD,quiet,0.006019,132,6,51–150,5.45,0.021636,109,4,51–150,6.28,0.601787,0.74231,0,0,0,,0.9665,2024-25
2026-07-20,2026-07-27,56013,Fremont County,Wyoming,WY,quiet,0.006013,133,2,51–150,5.44,0.025641,91,2,51–150,7.45,0.60149,0.779144,0,0,6,12,0.91,2022-23
2026-07-20,2026-07-27,06095,Solano County,California,CA,quiet,0.006008,134,14,51–150,5.44,0.009992,248,22,151–500,2.9,0.601281,0.535901,0,0,0,,0.98515,2024-25
2026-07-20,2026-07-27,06097,Sonoma County,California,CA,quiet,0.005696,135,15,51–150,5.16,0.013424,188,19,151–500,3.9,0.586774,0.620578,0,0,0,,0.96058,2024-25
2026-07-20,2026-07-27,56025,Natrona County,Wyoming,WY,quiet,0.005691,136,3,51–150,5.15,0.016021,162,4,151–500,4.65,0.586531,0.668445,0,0,1,55,0.94,2022-23
2026-07-20,2026-07-27,34029,Ocean County,New Jersey,NJ,quiet,0.00552,137,7,51–150,5.0,0.028558,73,4,51–150,8.29,0.57819,0.800555,0,0,1,54,0.843,2024-25
2026-07-20,2026-07-27,04003,Cochise County,Arizona,AZ,quiet,0.005512,138,5,51–150,4.99,0.015019,172,5,151–500,4.36,0.577772,0.651294,0,0,0,,0.923,2024-25
2026-07-20,2026-07-27,45063,Lexington County,South Carolina,SC,quiet,0.005388,139,4,51–150,4.88,0.015632,167,5,151–500,4.54,0.57151,0.661959,0,0,0,,0.948,2024-25
2026-07-20,2026-07-27,48039,Brazoria County,Texas,TX,quiet,0.005359,140,13,51–150,4.85,0.014554,177,14,151–500,4.23,0.569997,0.6428,0,0,1,66,0.962127,2024-25
2026-07-20,2026-07-27,42119,Union County,Pennsylvania,PA,quiet,0.005291,141,10,51–150,4.79,0.008886,278,17,151–500,2.58,0.566498,0.501469,0,0,0,,0.94,2024-25
2026-07-20,2026-07-27,42003,Allegheny County,Pennsylvania,PA,quiet,0.00529,142,11,51–150,4.79,0.011973,210,15,151–500,3.48,0.566429,0.588292,0,0,0,,0.941,2024-25
2026-07-20,2026-07-27,12009,Brevard County,Florida,FL,quiet,0.005253,143,16,51–150,4.76,0.015176,171,18,151–500,4.41,0.564458,0.654073,0,0,0,,0.909,2024-25
2026-07-20,2026-07-27,42055,Franklin County,Pennsylvania,PA,quiet,0.00521,144,12,51–150,4.72,0.016779,153,11,151–500,4.87,0.562209,0.680473,0,0,0,,0.933,2024-25
2026-07-20,2026-07-27,34005,Burlington County,New Jersey,NJ,quiet,0.005169,145,8,51–150,4.68,0.017348,149,10,51–150,5.04,0.560016,0.688999,0,0,0,,0.933,2024-25
2026-07-20,2026-07-27,21111,Jefferson County,Kentucky,KY,quiet,0.005039,146,2,51–150,4.56,0.014062,182,2,151–500,4.08,0.552936,0.633401,0,0,2,51,0.649,2024-25
2026-07-20,2026-07-27,48491,Williamson County,Texas,TX,quiet,0.005023,147,14,51–150,4.55,0.023866,99,10,51–150,6.93,0.552015,0.764044,0,0,8,50,0.930762,2024-25
2026-07-20,2026-07-27,35045,San Juan County,New Mexico,NM,quiet,0.004998,148,4,51–150,4.53,0.007892,301,5,151–500,2.29,0.550642,0.466664,0,0,1,59,0.9548,2024-25
2026-07-20,2026-07-27,49005,Cache County,Utah,UT,quiet,0.004944,149,8,51–150,4.48,0.014264,180,9,151–500,4.14,0.547638,0.637306,0,0,0,,0.931456,2024-25
2026-07-20,2026-07-27,42097,Northumberland County,Pennsylvania,PA,quiet,0.004916,150,13,51–150,4.45,0.012201,206,14,151–500,3.54,0.546,0.593686,0,0,6,4,0.932,2024-25
2026-07-20,2026-07-27,37071,Gaston County,North Carolina,NC,quiet,0.00481,151,3,151–500,4.35,0.010326,237,8,151–500,3.0,0.539915,0.54552,0,0,0,,0.90848953,2024-25
2026-07-20,2026-07-27,12069,Lake County,Florida,FL,quiet,0.004802,152,17,151–500,4.35,0.018409,134,15,51–150,5.35,0.539487,0.703889,0,0,0,,0.86,2024-25
2026-07-20,2026-07-27,42095,Northampton County,Pennsylvania,PA,quiet,0.004787,153,14,151–500,4.33,0.019958,120,10,51–150,5.8,0.538615,0.723502,0,0,0,,0.949,2024-25
2026-07-20,2026-07-27,48209,Hays County,Texas,TX,quiet,0.004717,154,15,151–500,4.27,0.012058,208,16,151–500,3.5,0.534455,0.590319,0,0,1,61,0.946269,2024-25
2026-07-20,2026-07-27,16065,Madison County,Idaho,ID,quiet,0.00461,155,6,151–500,4.17,0.009296,267,10,151–500,2.7,0.528,0.514719,0,0,3,28,0.84,2024-25
2026-07-20,2026-07-27,24027,Howard County,Maryland,MD,quiet,0.004548,156,7,151–500,4.12,0.015749,165,5,151–500,4.57,0.5242,0.663934,0,0,1,72,0.9663,2024-25
2026-07-20,2026-07-27,48329,Midland County,Texas,TX,quiet,0.00448,157,16,151–500,4.06,0.013079,194,15,151–500,3.8,0.519984,0.613304,0,0,7,50,0.944486,2024-25
2026-07-20,2026-07-27,06017,El Dorado County,California,CA,quiet,0.004426,158,16,151–500,4.01,0.01472,175,18,151–500,4.27,0.516569,0.645874,0,0,0,,0.7664,2024-25
2026-07-20,2026-07-27,53077,Yakima County,Washington,WA,quiet,0.004415,159,6,151–500,4.0,0.00723,320,15,151–500,2.1,0.515872,0.44116,0,0,0,,0.962,2024-25
2026-07-20,2026-07-27,09190,Western Connecticut Planning Region,Connecticut,CT,quiet,0.004392,160,1,151–500,3.98,0.012354,202,2,151–500,3.59,0.514378,0.59722,0,0,0,,0.983,2024-25
2026-07-20,2026-07-27,34025,Monmouth County,New Jersey,NJ,quiet,0.00439,161,9,151–500,3.97,0.016351,159,12,151–500,4.75,0.514274,0.673773,0,0,0,,0.888,2024-25
2026-07-20,2026-07-27,42079,Luzerne County,Pennsylvania,PA,quiet,0.004385,162,15,151–500,3.97,0.013768,183,12,151–500,4.0,0.513941,0.627587,0,0,0,,0.939,2024-25
2026-07-20,2026-07-27,06113,Yolo County,California,CA,quiet,0.004367,163,17,151–500,3.95,0.016044,161,16,151–500,4.66,0.512792,0.668819,0,0,1,59,0.97685,2024-25
2026-07-20,2026-07-27,16043,Fremont County,Idaho,ID,quiet,0.004357,164,7,151–500,3.94,0.009609,257,7,151–500,2.79,0.512151,0.524434,0,0,0,,0.8,2024-25
2026-07-20,2026-07-27,44007,Providence County,Rhode Island,RI,quiet,0.004334,165,1,151–500,3.92,0.022486,106,1,51–150,6.53,0.51065,0.750988,0,0,3,13,0.95,2024-25
2026-07-20,2026-07-27,04007,Gila County,Arizona,AZ,quiet,0.00433,166,6,151–500,3.92,0.008672,282,8,151–500,2.52,0.510396,0.494303,0,0,0,,0.854,2024-25
2026-07-20,2026-07-27,45079,Richland County,South Carolina,SC,quiet,0.004321,167,5,151–500,3.91,0.016497,157,4,151–500,4.79,0.509835,0.676086,0,0,0,,0.913,2024-25
2026-07-20,2026-07-27,30049,Lewis and Clark County,Montana,MT,quiet,0.004293,168,3,151–500,3.89,0.019337,128,3,51–150,5.62,0.508002,0.715927,0,0,7,18,,
2026-07-20,2026-07-27,42093,Montour County,Pennsylvania,PA,quiet,0.004246,169,16,151–500,3.84,0.003968,485,33,151–500,1.15,0.504918,0.281016,0,0,0,,0.974,2024-25
2026-07-20,2026-07-27,12091,Okaloosa County,Florida,FL,quiet,0.004235,170,18,151–500,3.83,0.010448,234,23,151–500,3.03,0.504193,0.548924,0,0,1,36,0.9,2024-25
2026-07-20,2026-07-27,35049,Santa Fe County,New Mexico,NM,quiet,0.004222,171,5,151–500,3.82,0.007116,324,6,151–500,2.07,0.503275,0.436571,0,0,5,50,0.9233,2024-25
2026-07-20,2026-07-27,13135,Gwinnett County,Georgia,GA,quiet,0.004213,172,4,151–500,3.81,0.010805,228,4,151–500,3.14,0.502681,0.558721,0,0,0,,,
2026-07-20,2026-07-27,22051,Jefferson Parish,Louisiana,LA,quiet,0.004144,173,1,151–500,3.75,0.01599,163,1,151–500,4.64,0.498022,0.667938,0,0,0,,0.9614,2024-25
2026-07-20,2026-07-27,06077,San Joaquin County,California,CA,quiet,0.004121,174,18,151–500,3.73,0.018178,136,15,51–150,5.28,0.49649,0.700756,0,0,0,,0.95974,2024-25
2026-07-20,2026-07-27,12019,Clay County,Florida,FL,quiet,0.004091,175,19,151–500,3.7,0.011321,216,21,151–500,3.29,0.494441,0.572231,0,0,0,,0.936,2024-25
2026-07-20,2026-07-27,34035,Somerset County,New Jersey,NJ,quiet,0.004088,176,10,151–500,3.7,0.017825,142,9,51–150,5.18,0.494247,0.695862,0,0,0,,0.949,2024-25
2026-07-20,2026-07-27,36087,Rockland County,New York,NY,quiet,0.004072,177,4,151–500,3.69,0.016882,152,4,151–500,4.9,0.49313,0.682048,0,0,25,19,0.982818561,2024-25
2026-07-20,2026-07-27,42081,Lycoming County,Pennsylvania,PA,quiet,0.004044,178,17,151–500,3.66,0.007132,323,20,151–500,2.07,0.491181,0.437209,0,0,0,,0.952,2024-25
2026-07-20,2026-07-27,04017,Navajo County,Arizona,AZ,quiet,0.004028,179,7,151–500,3.65,0.010668,230,6,151–500,3.1,0.490047,0.555018,0,0,4,58,0.8,2024-25
2026-07-20,2026-07-27,40027,Cleveland County,Oklahoma,OK,quiet,0.003914,180,2,151–500,3.54,0.017002,151,2,151–500,4.94,0.481992,0.683867,0,0,0,,0.9278,2024-25
2026-07-20,2026-07-27,37081,Guilford County,North Carolina,NC,quiet,0.003909,181,4,151–500,3.54,0.021077,113,4,51–150,6.12,0.481595,0.736295,0,0,1,56,0.92960699,2024-25
2026-07-20,2026-07-27,53005,Benton County,Washington,WA,quiet,0.003896,182,7,151–500,3.53,0.010412,235,11,151–500,3.02,0.480666,0.547935,0,0,0,,0.931,2024-25
2026-07-20,2026-07-27,42089,Monroe County,Pennsylvania,PA,quiet,0.003882,183,18,151–500,3.51,0.010325,238,16,151–500,3.0,0.479653,0.545495,0,0,0,,0.878,2024-25
2026-07-20,2026-07-27,34031,Passaic County,New Jersey,NJ,quiet,0.003858,184,11,151–500,3.49,0.019079,130,6,51–150,5.54,0.477948,0.712667,0,0,1,51,0.947,2024-25
2026-07-20,2026-07-27,48259,Kendall County,Texas,TX,quiet,0.003857,185,17,151–500,3.49,0.007143,322,19,151–500,2.07,0.477874,0.437671,0,0,1,19,0.912237,2024-25
2026-07-20,2026-07-27,12127,Volusia County,Florida,FL,quiet,0.003848,186,20,151–500,3.48,0.012591,198,19,151–500,3.66,0.47722,0.602599,0,0,0,,0.886,2024-25
2026-07-20,2026-07-27,08059,Jefferson County,Colorado,CO,quiet,0.003847,187,10,151–500,3.48,0.019392,127,9,51–150,5.63,0.47715,0.71661,0,0,0,,0.917,2024-25
2026-07-20,2026-07-27,29095,Jackson County,Missouri,MO,quiet,0.003826,188,1,151–500,3.46,0.013154,193,1,151–500,3.82,0.475607,0.61491,0,0,1,20,0.895,2024-25
2026-07-20,2026-07-27,08014,Broomfield County,Colorado,CO,quiet,0.003791,189,11,151–500,3.43,0.007627,312,16,151–500,2.21,0.473027,0.45669,0,0,4,18,0.9257,2024-25
2026-07-20,2026-07-27,16017,Bonner County,Idaho,ID,quiet,0.003772,190,8,151–500,3.42,0.00942,263,9,151–500,2.74,0.471631,0.5186,0,0,1,48,0.64,2024-25
2026-07-20,2026-07-27,26163,Wayne County,Michigan,MI,quiet,0.003758,191,4,151–500,3.4,0.009396,264,6,151–500,2.73,0.470542,0.517855,0,0,0,,0.8994,2023-24
2026-07-20,2026-07-27,37183,Wake County,North Carolina,NC,quiet,0.003721,192,5,151–500,3.37,0.021725,108,3,51–150,6.31,0.467799,0.743241,0,0,0,,0.94103792,2024-25
2026-07-20,2026-07-27,56029,Park County,Wyoming,WY,quiet,0.003708,193,4,151–500,3.36,0.021183,111,3,51–150,6.15,0.466824,0.737454,0,0,1,31,0.9,2022-23
2026-07-20,2026-07-27,53025,Grant County,Washington,WA,quiet,0.003665,194,8,151–500,3.32,0.00802,298,13,151–500,2.33,0.463509,0.471373,0,0,2,18,0.897,2024-25
2026-07-20,2026-07-27,39153,Summit County,Ohio,OH,quiet,0.003664,195,4,151–500,3.32,0.016512,156,4,151–500,4.79,0.463458,0.676326,0,0,0,,0.86,2024-25
2026-07-20,2026-07-27,06089,Shasta County,California,CA,quiet,0.003639,196,19,151–500,3.29,0.015679,166,17,151–500,4.55,0.461544,0.662755,0,0,10,17,0.94368,2024-25
2026-07-20,2026-07-27,31109,Lancaster County,Nebraska,NE,quiet,0.003625,197,1,151–500,3.28,0.013046,195,2,151–500,3.79,0.460452,0.612592,0,0,1,25,0.894271872,2024-25
2026-07-20,2026-07-27,18097,Marion County,Indiana,IN,quiet,0.003618,198,1,151–500,3.28,0.010767,229,1,151–500,3.13,0.459905,0.55769,0,0,0,,0.8923,2024-25
2026-07-20,2026-07-27,51013,Arlington County,Virginia,VA,quiet,0.003602,199,1,151–500,3.26,0.009091,275,3,151–500,2.64,0.458726,0.508155,0,0,0,,0.922,2024-25
2026-07-20,2026-07-27,56035,Sublette County,Wyoming,WY,quiet,0.00359,200,5,151–500,3.25,0.0043,454,12,151–500,1.25,0.457766,0.300408,0,0,0,,0.92,2022-23
2026-07-20,2026-07-27,18089,Lake County,Indiana,IN,quiet,0.003552,201,2,151–500,3.22,0.008393,291,2,151–500,2.44,0.454832,0.484696,0,0,2,38,0.8605,2024-25
2026-07-20,2026-07-27,49003,Box Elder County,Utah,UT,quiet,0.003548,202,9,151–500,3.21,0.013481,187,10,151–500,3.91,0.454441,0.62175,0,0,0,,0.901408,2024-25
2026-07-20,2026-07-27,06079,San Luis Obispo County,California,CA,quiet,0.003509,203,20,151–500,3.18,0.009748,253,24,151–500,2.83,0.45143,0.528649,0,0,1,31,0.97299,2024-25
2026-07-20,2026-07-27,34001,Atlantic County,New Jersey,NJ,quiet,0.003506,204,12,151–500,3.17,0.018491,133,8,51–150,5.37,0.451142,0.704998,0,0,0,,0.889,2024-25
2026-07-20,2026-07-27,49021,Iron County,Utah,UT,quiet,0.003452,205,10,151–500,3.13,0.014739,174,8,151–500,4.28,0.446865,0.64621,0,0,0,,0.824029,2024-25
2026-07-20,2026-07-27,48027,Bell County,Texas,TX,quiet,0.003415,206,18,151–500,3.09,0.009871,251,18,151–500,2.87,0.44388,0.532326,0,0,1,57,0.951261,2024-25
2026-07-20,2026-07-27,26121,Muskegon County,Michigan,MI,quiet,0.003402,207,5,151–500,3.08,0.017706,144,4,51–150,5.14,0.44276,0.694173,0,0,3,39,0.92170257,2024-25
2026-07-20,2026-07-27,24025,Harford County,Maryland,MD,quiet,0.003397,208,8,151–500,3.08,0.014778,173,6,151–500,4.29,0.44236,0.646934,0,0,0,,0.9687,2024-25
2026-07-20,2026-07-27,47037,Davidson County,Tennessee,TN,quiet,0.003382,209,1,151–500,3.06,0.020357,118,1,51–150,5.91,0.441185,0.728188,0,0,0,,0.956,2024-25
2026-07-20,2026-07-27,34027,Morris County,New Jersey,NJ,quiet,0.003378,210,13,151–500,3.06,0.012313,204,14,151–500,3.58,0.440836,0.596278,0,0,0,,0.941,2024-25
2026-07-20,2026-07-27,42001,Adams County,Pennsylvania,PA,quiet,0.003374,211,19,151–500,3.06,0.013203,192,13,151–500,3.83,0.440516,0.61594,0,0,0,,0.929,2024-25
2026-07-20,2026-07-27,36047,Kings County,New York,NY,quiet,0.00337,212,5,151–500,3.05,0.013422,189,7,151–500,3.9,0.440128,0.620524,0,0,0,,0.976940499,2024-25
2026-07-20,2026-07-27,40143,Tulsa County,Oklahoma,OK,quiet,0.003357,213,3,151–500,3.04,0.009719,254,3,151–500,2.82,0.43905,0.527768,0,0,0,,0.9058,2024-25
2026-07-20,2026-07-27,24043,Washington County,Maryland,MD,quiet,0.003336,214,9,151–500,3.02,0.011306,217,9,151–500,3.28,0.437346,0.571853,0,0,0,,0.9674,2024-25
2026-07-20,2026-07-27,12115,Sarasota County,Florida,FL,quiet,0.003271,215,21,151–500,2.96,0.009316,266,24,151–500,2.71,0.431933,0.515337,0,0,0,,0.799,2024-25
2026-07-20,2026-07-27,45091,York County,South Carolina,SC,quiet,0.003254,216,6,151–500,2.95,0.013535,185,6,151–500,3.93,0.430514,0.622852,0,0,0,,0.936,2024-25
2026-07-20,2026-07-27,51059,Fairfax County,Virginia,VA,quiet,0.003241,217,2,151–500,2.93,0.014208,181,1,151–500,4.13,0.429356,0.636227,0,0,0,,0.91,2024-25
2026-07-20,2026-07-27,08067,La Plata County,Colorado,CO,quiet,0.003222,218,12,151–500,2.92,0.011017,224,12,151–500,3.2,0.427765,0.564358,0,0,0,,0.8987,2024-25
2026-07-20,2026-07-27,46099,Minnehaha County,South Dakota,SD,quiet,0.003215,219,2,151–500,2.91,0.010463,233,2,151–500,3.04,0.427122,0.549349,0,0,0,,0.9,2024-25
2026-07-20,2026-07-27,36119,Westchester County,New York,NY,quiet,0.003166,220,6,151–500,2.87,0.013486,186,6,151–500,3.92,0.422912,0.621846,0,0,0,,0.993751589,2024-25
2026-07-20,2026-07-27,42107,Schuylkill County,Pennsylvania,PA,quiet,0.003158,221,20,151–500,2.86,0.00686,330,21,151–500,1.99,0.422208,0.426001,0,0,0,,0.954,2024-25
2026-07-20,2026-07-27,04027,Yuma County,Arizona,AZ,quiet,0.003128,222,8,151–500,2.83,0.005892,369,9,151–500,1.71,0.419648,0.383077,0,0,0,,0.945,2024-25
2026-07-20,2026-07-27,17043,DuPage County,Illinois,IL,quiet,0.003127,223,2,151–500,2.83,0.01962,124,2,51–150,5.7,0.419534,0.719425,0,0,0,,0.959,2024-25
2026-07-20,2026-07-27,34015,Gloucester County,New Jersey,NJ,quiet,0.003108,224,14,151–500,2.81,0.014494,178,13,151–500,4.21,0.4179,0.641667,0,0,0,,0.948,2024-25
2026-07-20,2026-07-27,15003,Honolulu County,Hawaii,HI,quiet,0.003064,225,1,151–500,2.77,0.015188,170,1,151–500,4.41,0.413991,0.654289,0,0,3,20,0.8282,2024-25
2026-07-20,2026-07-27,12109,St. Johns County,Florida,FL,quiet,0.003058,226,22,151–500,2.77,0.018046,139,17,51–150,5.24,0.41339,0.698949,0,0,3,21,0.906,2024-25
2026-07-20,2026-07-27,30111,Yellowstone County,Montana,MT,quiet,0.003019,227,4,151–500,2.73,0.017319,150,5,51–150,5.03,0.409948,0.688583,0,0,4,53,,
2026-07-20,2026-07-27,53065,Stevens County,Washington,WA,quiet,0.003016,228,9,151–500,2.73,0.014619,176,8,151–500,4.25,0.40969,0.644,0,0,3,23,0.764,2024-25
2026-07-20,2026-07-27,12113,Santa Rosa County,Florida,FL,quiet,0.003012,229,23,151–500,2.73,0.012121,207,20,151–500,3.52,0.409315,0.591809,0,0,0,,0.91,2024-25
2026-07-20,2026-07-27,35025,Lea County,New Mexico,NM,quiet,0.003,230,6,151–500,2.72,0.004788,415,7,151–500,1.39,0.408201,0.327471,0,0,67,59,0.9666,2024-25
2026-07-20,2026-07-27,06055,Napa County,California,CA,quiet,0.002998,231,21,151–500,2.71,0.00824,296,27,151–500,2.39,0.407992,0.47927,0,0,1,26,0.97352,2024-25
2026-07-20,2026-07-27,53015,Cowlitz County,Washington,WA,quiet,0.002944,232,10,151–500,2.67,0.009163,273,12,151–500,2.66,0.40313,0.51049,0,0,0,,0.906,2024-25
2026-07-20,2026-07-27,48091,Comal County,Texas,TX,quiet,0.002932,233,19,151–500,2.65,0.006606,339,21,151–500,1.92,0.402031,0.415241,0,0,0,,0.916326,2024-25
2026-07-20,2026-07-27,53057,Skagit County,Washington,WA,quiet,0.002921,234,11,151–500,2.64,0.010637,231,10,151–500,3.09,0.401011,0.554152,0,0,0,,0.898,2024-25
2026-07-20,2026-07-27,19153,Polk County,Iowa,IA,quiet,0.002897,235,1,151–500,2.62,0.011134,221,1,151–500,3.23,0.398725,0.567413,0,0,0,,0.88672253,2024-25
2026-07-20,2026-07-27,08029,Delta County,Colorado,CO,quiet,0.002888,236,13,151–500,2.61,0.011818,213,11,151–500,3.43,0.397876,0.584577,0,0,1,8,0.8,2024-25
2026-07-20,2026-07-27,27037,Dakota County,Minnesota,MN,quiet,0.002886,237,2,151–500,2.61,0.019605,125,2,51–150,5.69,0.39775,0.719235,0,0,1,59,0.865,2024-25
2026-07-20,2026-07-27,13051,Chatham County,Georgia,GA,quiet,0.002867,238,5,151–500,2.6,0.00858,284,5,151–500,2.49,0.395939,0.491173,0,0,0,,,
2026-07-20,2026-07-27,48397,Rockwall County,Texas,TX,quiet,0.002859,239,20,151–500,2.59,0.005168,396,24,151–500,1.5,0.395176,0.347463,0,0,8,21,0.909091,2024-25
2026-07-20,2026-07-27,56023,Lincoln County,Wyoming,WY,quiet,0.002856,240,6,151–500,2.59,0.004836,413,11,151–500,1.4,0.394927,0.330047,0,0,0,,0.92,2022-23
2026-07-20,2026-07-27,34039,Union County,New Jersey,NJ,quiet,0.002851,241,15,151–500,2.58,0.010267,241,15,151–500,2.98,0.394416,0.543846,0,0,0,,0.948,2024-25
2026-07-20,2026-07-27,39095,Lucas County,Ohio,OH,quiet,0.002841,242,5,151–500,2.57,0.007592,313,12,151–500,2.2,0.393471,0.455347,0,0,0,,0.842,2024-25
2026-07-20,2026-07-27,39055,Geauga County,Ohio,OH,quiet,0.002826,243,6,151–500,2.56,0.008791,281,10,151–500,2.55,0.392063,0.498281,0,0,0,,0.896,2024-25
2026-07-20,2026-07-27,55079,Milwaukee County,Wisconsin,WI,quiet,0.002824,244,2,151–500,2.56,0.00988,249,2,151–500,2.87,0.391867,0.532596,0,0,0,,0.7,2024-25
2026-07-20,2026-07-27,16005,Bannock County,Idaho,ID,quiet,0.002812,245,9,151–500,2.55,0.010944,226,6,151–500,3.18,0.390745,0.562425,0,0,0,,0.9,2024-25
2026-07-20,2026-07-27,37063,Durham County,North Carolina,NC,quiet,0.002809,246,6,151–500,2.54,0.01039,236,7,151–500,3.02,0.390516,0.547307,0,0,0,,0.88014687,2024-25
2026-07-20,2026-07-27,06061,Placer County,California,CA,quiet,0.002803,247,22,151–500,2.54,0.024006,98,9,51–150,6.97,0.389865,0.7653,0,0,9,17,0.96144,2024-25
2026-07-20,2026-07-27,29047,Clay County,Missouri,MO,quiet,0.002785,248,2,151–500,2.52,0.008293,293,4,151–500,2.41,0.388136,0.481154,0,0,0,,0.899,2024-25
2026-07-20,2026-07-27,38053,McKenzie County,North Dakota,ND,quiet,0.002764,249,4,151–500,2.5,0.004221,461,8,151–500,1.23,0.386128,0.295821,0,0,0,,0.7,2024-25
2026-07-20,2026-07-27,08037,Eagle County,Colorado,CO,quiet,0.002752,250,14,151–500,2.49,0.007798,306,14,151–500,2.26,0.384957,0.463147,0,0,0,,0.9036,2024-25
2026-07-20,2026-07-27,37133,Onslow County,North Carolina,NC,quiet,0.00275,251,7,151–500,2.49,0.008463,287,11,151–500,2.46,0.384833,0.487136,0,0,0,,0.84225221,2024-25
2026-07-20,2026-07-27,53067,Thurston County,Washington,WA,quiet,0.002738,252,12,151–500,2.48,0.012301,205,9,151–500,3.57,0.38365,0.595993,0,0,0,,0.926,2024-25
2026-07-20,2026-07-27,18003,Allen County,Indiana,IN,quiet,0.00272,253,3,151–500,2.46,0.005192,392,3,151–500,1.51,0.381925,0.348704,0,0,8,65,0.8966,2024-25
2026-07-20,2026-07-27,56021,Laramie County,Wyoming,WY,quiet,0.002718,254,7,151–500,2.46,0.010313,239,6,151–500,2.99,0.38165,0.545144,0,0,0,,0.86,2022-23
2026-07-20,2026-07-27,37179,Union County,North Carolina,NC,quiet,0.002696,255,8,151–500,2.44,0.011594,215,6,151–500,3.37,0.37953,0.579091,0,0,2,19,0.88569496,2024-25
2026-07-20,2026-07-27,36059,Nassau County,New York,NY,quiet,0.002669,256,7,151–500,2.42,0.009711,255,10,151–500,2.82,0.376882,0.527546,0,0,0,,0.986670581,2024-25
2026-07-20,2026-07-27,06041,Marin County,California,CA,quiet,0.002667,257,23,151–500,2.41,0.008524,285,25,151–500,2.48,0.376642,0.489219,0,0,0,,0.99034,2024-25
2026-07-20,2026-07-27,41039,Lane County,Oregon,OR,quiet,0.002662,258,5,151–500,2.41,0.016729,154,4,151–500,4.86,0.376179,0.679698,0,0,0,,0.916,2024-25
2026-07-20,2026-07-27,25017,Middlesex County,Massachusetts,MA,quiet,0.002658,259,1,151–500,2.41,0.009872,250,4,151–500,2.87,0.375836,0.532361,0,0,0,,0.981,2024-25
2026-07-20,2026-07-27,39085,Lake County,Ohio,OH,quiet,0.00265,260,7,151–500,2.4,0.01001,247,7,151–500,2.91,0.374955,0.536427,0,0,0,,0.895,2024-25
2026-07-20,2026-07-27,06019,Fresno County,California,CA,quiet,0.002639,261,24,151–500,2.39,0.010064,246,21,151–500,2.92,0.373912,0.537995,0,0,2,70,0.974,2024-25
2026-07-20,2026-07-27,36029,Erie County,New York,NY,quiet,0.002634,262,8,151–500,2.38,0.010287,240,9,151–500,2.99,0.373396,0.544418,0,0,2,6,0.978772607,2024-25
2026-07-20,2026-07-27,37025,Cabarrus County,North Carolina,NC,quiet,0.002631,263,9,151–500,2.38,0.011848,211,5,151–500,3.44,0.373092,0.585302,0,0,2,26,0.92197659,2024-25
2026-07-20,2026-07-27,46103,Pennington County,South Dakota,SD,quiet,0.00263,264,3,151–500,2.38,0.012006,209,1,151–500,3.49,0.373042,0.58908,0,0,2,59,0.92,2024-25
2026-07-20,2026-07-27,53035,Kitsap County,Washington,WA,quiet,0.002628,265,13,151–500,2.38,0.018184,135,6,51–150,5.28,0.372827,0.70084,0,0,0,,0.91,2024-25
2026-07-20,2026-07-27,16051,Jefferson County,Idaho,ID,quiet,0.002603,266,10,151–500,2.36,0.006666,336,12,151–500,1.94,0.370248,0.417812,0,0,0,,0.85,2024-25
2026-07-20,2026-07-27,30013,Cascade County,Montana,MT,quiet,0.002602,267,5,151–500,2.36,0.008986,277,6,151–500,2.61,0.370235,0.504736,0,0,1,53,,
2026-07-20,2026-07-27,42061,Huntingdon County,Pennsylvania,PA,quiet,0.002576,268,21,151–500,2.33,0.005577,377,26,151–500,1.62,0.367561,0.367949,0,0,0,,0.926,2024-25
2026-07-20,2026-07-27,10005,Sussex County,Delaware,DE,quiet,0.002564,269,2,151–500,2.32,0.017816,143,2,51–150,5.17,0.366356,0.69573,0,0,0,,,
2026-07-20,2026-07-27,17097,Lake County,Illinois,IL,quiet,0.002536,270,3,151–500,2.3,0.017537,146,3,51–150,5.09,0.363503,0.691748,0,0,0,,0.955,2024-25
2026-07-20,2026-07-27,33011,Hillsborough County,New Hampshire,NH,quiet,0.002483,271,1,151–500,2.25,0.008283,294,1,151–500,2.41,0.358056,0.480827,0,0,0,,0.929,2024-25
2026-07-20,2026-07-27,27123,Ramsey County,Minnesota,MN,quiet,0.002474,272,3,151–500,2.24,0.011049,223,4,151–500,3.21,0.357031,0.565181,0,0,0,,0.886,2024-25
2026-07-20,2026-07-27,35043,Sandoval County,New Mexico,NM,quiet,0.002438,273,7,151–500,2.21,0.011178,219,3,151–500,3.25,0.353304,0.56855,0,0,6,61,0.9603,2024-25
2026-07-20,2026-07-27,30029,Flathead County,Montana,MT,quiet,0.00242,274,6,151–500,2.19,0.019951,121,2,51–150,5.79,0.351439,0.723421,0,0,2,60,,
2026-07-20,2026-07-27,31055,Douglas County,Nebraska,NE,quiet,0.002408,275,2,151–500,2.18,0.017404,148,1,51–150,5.05,0.350107,0.689825,0,0,0,,0.980565174,2024-25
2026-07-20,2026-07-27,41017,Deschutes County,Oregon,OR,quiet,0.002381,276,6,151–500,2.16,0.008645,283,6,151–500,2.51,0.347298,0.493359,0,0,0,,0.9,2024-25
2026-07-20,2026-07-27,32007,Elko County,Nevada,NV,quiet,0.002375,277,3,151–500,2.15,0.005277,390,3,151–500,1.53,0.346616,0.35305,0,0,0,,0.921,2024-25
2026-07-20,2026-07-27,39155,Trumbull County,Ohio,OH,quiet,0.002371,278,8,151–500,2.15,0.00848,286,11,151–500,2.46,0.34621,0.487717,0,0,0,,0.918,2024-25
2026-07-20,2026-07-27,49019,Grand County,Utah,UT,quiet,0.002365,279,11,151–500,2.14,0.005984,363,13,151–500,1.74,0.345501,0.387351,0,0,0,,0.815534,2022-23
2026-07-20,2026-07-27,06099,Stanislaus County,California,CA,quiet,0.002358,280,25,151–500,2.14,0.010997,225,20,151–500,3.19,0.34479,0.563835,0,0,0,,0.95648,2024-25
2026-07-20,2026-07-27,48061,Cameron County,Texas,TX,quiet,0.00235,281,21,151–500,2.13,0.004263,458,29,151–500,1.24,0.343895,0.298267,0,0,0,,0.981665,2024-25
2026-07-20,2026-07-27,53021,Franklin County,Washington,WA,quiet,0.002337,282,14,151–500,2.12,0.003849,498,20,151–500,1.12,0.342506,0.273827,0,0,0,,0.941,2024-25
2026-07-20,2026-07-27,42099,Perry County,Pennsylvania,PA,quiet,0.002324,283,22,151–500,2.1,0.007871,304,19,151–500,2.29,0.341139,0.465887,0,0,0,,0.919,2024-25
2026-07-20,2026-07-27,09170,South Central Connecticut Planning Region,Connecticut,CT,quiet,0.00231,284,2,151–500,2.09,0.010237,242,3,151–500,2.97,0.339612,0.542986,0,0,1,32,0.987,2024-25
2026-07-20,2026-07-27,56037,Sweetwater County,Wyoming,WY,quiet,0.002299,285,8,151–500,2.08,0.010909,227,5,151–500,3.17,0.338332,0.5615,0,0,0,,0.96,2022-23
2026-07-20,2026-07-27,35015,Eddy County,New Mexico,NM,quiet,0.002296,286,8,151–500,2.08,0.003977,484,10,151–500,1.15,0.338042,0.281518,0,0,3,65,0.9539,2024-25
2026-07-20,2026-07-27,48135,Ector County,Texas,TX,quiet,0.002282,287,22,151–500,2.07,0.004584,432,27,151–500,1.33,0.336533,0.316348,0,0,12,60,0.936454,2024-25
2026-07-20,2026-07-27,17089,Kane County,Illinois,IL,quiet,0.002272,288,4,151–500,2.06,0.009484,262,5,151–500,2.75,0.335355,0.520588,0,0,0,,0.956,2024-25
2026-07-20,2026-07-27,47157,Shelby County,Tennessee,TN,quiet,0.00226,289,2,151–500,2.05,0.008132,297,2,151–500,2.36,0.334041,0.475421,0,0,0,,0.946,2024-25
2026-07-20,2026-07-27,48157,Fort Bend County,Texas,TX,quiet,0.002227,290,23,151–500,2.02,0.016331,160,13,151–500,4.74,0.330461,0.673455,0,0,1,68,0.952298,2024-25
2026-07-20,2026-07-27,29510,St. Louis City,Missouri,MO,quiet,0.002225,291,3,151–500,2.01,0.004889,410,5,151–500,1.42,0.330241,0.332889,0,0,0,,0.74,2024-25
2026-07-20,2026-07-27,16011,Bingham County,Idaho,ID,quiet,0.002214,292,11,151–500,2.0,0.009546,260,8,151–500,2.77,0.328987,0.522514,0,0,0,,0.82,2024-25
2026-07-20,2026-07-27,08085,Montrose County,Colorado,CO,quiet,0.00219,293,15,151–500,1.98,0.003545,521,22,501+,1.03,0.326223,0.255145,0,0,0,,0.8564,2024-25
2026-07-20,2026-07-27,25013,Hampden County,Massachusetts,MA,quiet,0.002185,294,2,151–500,1.98,0.010592,232,3,151–500,3.08,0.325659,0.552937,0,0,0,,0.938,2024-25
2026-07-20,2026-07-27,29189,St. Louis County,Missouri,MO,quiet,0.002175,295,4,151–500,1.97,0.012562,199,2,151–500,3.65,0.324526,0.601956,0,0,0,,0.91,2024-25
2026-07-20,2026-07-27,42027,Centre County,Pennsylvania,PA,quiet,0.002174,296,23,151–500,1.97,0.007981,299,18,151–500,2.32,0.3245,0.469925,0,0,0,,0.944,2024-25
2026-07-20,2026-07-27,25025,Suffolk County,Massachusetts,MA,quiet,0.002163,297,3,151–500,1.96,0.013598,184,1,151–500,3.95,0.323206,0.624156,0,0,1,21,0.941,2024-25
2026-07-20,2026-07-27,39089,Licking County,Ohio,OH,quiet,0.002161,298,9,151–500,1.96,0.010197,243,6,151–500,2.96,0.322996,0.541843,0,0,0,,0.906,2024-25
2026-07-20,2026-07-27,12033,Escambia County,Florida,FL,quiet,0.002161,299,24,151–500,1.96,0.007423,318,26,151–500,2.16,0.322948,0.448809,0,0,5,23,0.889,2024-25
2026-07-20,2026-07-27,05007,Benton County,Arkansas,AR,quiet,0.002147,300,1,151–500,1.94,0.008807,280,1,151–500,2.56,0.32138,0.498838,0,0,1,57,,
2026-07-20,2026-07-27,13057,Cherokee County,Georgia,GA,quiet,0.002135,301,6,151–500,1.93,0.00784,305,6,151–500,2.28,0.31999,0.464703,0,0,0,,,
2026-07-20,2026-07-27,45007,Anderson County,South Carolina,SC,quiet,0.002127,302,7,151–500,1.93,0.007509,316,8,151–500,2.18,0.319138,0.45213,0,0,0,,0.951,2024-25
2026-07-20,2026-07-27,26161,Washtenaw County,Michigan,MI,quiet,0.002115,303,6,151–500,1.91,0.0096,259,5,151–500,2.79,0.317668,0.524178,0,0,7,17,0.9151798,2024-25
2026-07-20,2026-07-27,27003,Anoka County,Minnesota,MN,quiet,0.002109,304,4,151–500,1.91,0.012824,197,3,151–500,3.72,0.316965,0.607784,0,0,0,,0.864,2024-25
2026-07-20,2026-07-27,41043,Linn County,Oregon,OR,quiet,0.002098,305,7,151–500,1.9,0.008251,295,7,151–500,2.4,0.315758,0.479688,0,0,2,27,0.892,2024-25
2026-07-20,2026-07-27,17197,Will County,Illinois,IL,quiet,0.002074,306,5,151–500,1.88,0.011639,214,4,151–500,3.38,0.31302,0.580201,0,0,0,,0.963,2024-25
2026-07-20,2026-07-27,51510,Alexandria City,Virginia,VA,quiet,0.002072,307,3,151–500,1.88,0.006093,359,5,151–500,1.77,0.312732,0.39241,0,0,0,,0.852,2024-25
2026-07-20,2026-07-27,36027,Dutchess County,New York,NY,quiet,0.002068,308,9,151–500,1.87,0.011105,222,8,151–500,3.22,0.312301,0.566666,0,0,0,,0.988996531,2024-25
2026-07-20,2026-07-27,06053,Monterey County,California,CA,quiet,0.002063,309,26,151–500,1.87,0.009826,252,23,151–500,2.85,0.311627,0.530974,0,0,0,,0.98187,2024-25
2026-07-20,2026-07-27,20091,Johnson County,Kansas,KS,quiet,0.002045,310,1,151–500,1.85,0.00968,256,2,151–500,2.81,0.309602,0.526597,0,0,0,,0.9515,2024-25
2026-07-20,2026-07-27,20173,Sedgwick County,Kansas,KS,quiet,0.002019,311,2,151–500,1.83,0.010117,245,1,151–500,2.94,0.306559,0.53953,0,0,0,,0.9253,2024-25
2026-07-20,2026-07-27,09110,Capitol Planning Region,Connecticut,CT,quiet,0.002018,312,3,151–500,1.83,0.013351,191,1,151–500,3.88,0.306434,0.619059,0,0,0,,0.987,2024-25
2026-07-20,2026-07-27,08101,Pueblo County,Colorado,CO,quiet,0.001992,313,16,151–500,1.8,0.007729,310,15,151–500,2.24,0.30325,0.460548,0,0,1,68,0.8713,2024-25
2026-07-20,2026-07-27,45015,Berkeley County,South Carolina,SC,quiet,0.001975,314,8,151–500,1.79,0.007543,315,7,151–500,2.19,0.301238,0.453457,0,0,0,,0.935,2024-25
2026-07-20,2026-07-27,36103,Suffolk County,New York,NY,quiet,0.001965,315,10,151–500,1.78,0.01434,179,5,151–500,4.16,0.300016,0.638766,0,0,1,71,0.996453355,2024-25
2026-07-20,2026-07-27,41029,Jackson County,Oregon,OR,quiet,0.001949,316,8,151–500,1.76,0.007883,302,8,151–500,2.29,0.298143,0.466307,0,0,0,,0.853,2024-25
2026-07-20,2026-07-27,48451,Tom Green County,Texas,TX,quiet,0.001941,317,24,151–500,1.76,0.004212,463,30,151–500,1.22,0.297222,0.295292,0,0,0,,0.958136,2024-25
2026-07-20,2026-07-27,51710,Norfolk City,Virginia,VA,quiet,0.001912,318,4,151–500,1.73,0.005377,386,6,151–500,1.56,0.293671,0.35808,0,0,0,,0.898,2024-25
2026-07-20,2026-07-27,55025,Dane County,Wisconsin,WI,quiet,0.001907,319,3,151–500,1.73,0.006774,332,3,151–500,1.97,0.293088,0.422393,0,0,1,26,0.9,2024-25
2026-07-20,2026-07-27,24021,Frederick County,Maryland,MD,quiet,0.001898,320,10,151–500,1.72,0.006174,358,10,151–500,1.79,0.29196,0.396104,0,0,0,,0.9611,2024-25
2026-07-20,2026-07-27,02090,Fairbanks North Star Borough,Alaska,AK,quiet,0.001895,321,2,151–500,1.72,0.006614,338,3,151–500,1.92,0.291613,0.415565,0,0,0,,,
2026-07-20,2026-07-27,04009,Graham County,Arizona,AZ,quiet,0.001894,322,9,151–500,1.72,0.009505,261,7,151–500,2.76,0.291486,0.521232,0,0,0,,0.873,2024-25
2026-07-20,2026-07-27,20045,Douglas County,Kansas,KS,quiet,0.001894,323,3,151–500,1.71,0.007085,325,3,151–500,2.06,0.291448,0.435294,0,0,0,,0.9262,2024-25
2026-07-20,2026-07-27,42073,Lawrence County,Pennsylvania,PA,quiet,0.001844,324,24,151–500,1.67,0.006558,341,22,151–500,1.9,0.285312,0.413158,0,0,0,,0.942,2024-25
2026-07-20,2026-07-27,42069,Lackawanna County,Pennsylvania,PA,quiet,0.001838,325,25,151–500,1.66,0.006238,356,24,151–500,1.81,0.284489,0.399001,0,0,0,,0.967,2024-25
2026-07-20,2026-07-27,08065,Lake County,Colorado,CO,quiet,0.001833,326,17,151–500,1.66,0.007182,321,17,151–500,2.09,0.283875,0.43921,0,0,6,9,0.875,2024-25
2026-07-20,2026-07-27,38099,Walsh County,North Dakota,ND,quiet,0.001829,327,5,151–500,1.66,0.005698,371,6,151–500,1.65,0.283466,0.373828,0,0,1,22,0.9573,2024-25
2026-07-20,2026-07-27,06007,Butte County,California,CA,quiet,0.001829,328,27,151–500,1.66,0.007576,314,28,151–500,2.2,0.28343,0.454736,0,0,0,,0.96591,2024-25
2026-07-20,2026-07-27,37067,Forsyth County,North Carolina,NC,quiet,0.001818,329,10,151–500,1.65,0.009257,268,9,151–500,2.69,0.28204,0.513467,0,0,0,,0.92799446,2024-25
2026-07-20,2026-07-27,39043,Erie County,Ohio,OH,quiet,0.001817,330,10,151–500,1.65,0.004332,451,18,151–500,1.26,0.281921,0.302182,0,0,0,,0.835,2024-25
2026-07-20,2026-07-27,12001,Alachua County,Florida,FL,quiet,0.001815,331,25,151–500,1.64,0.011174,220,22,151–500,3.24,0.281666,0.56844,0,0,2,24,0.919,2024-25
2026-07-20,2026-07-27,08105,Rio Grande County,Colorado,CO,quiet,0.001813,332,18,151–500,1.64,0.005895,368,18,151–500,1.71,0.281465,0.383218,0,0,0,,0.9417,2024-25
2026-07-20,2026-07-27,53029,Island County,Washington,WA,quiet,0.001792,333,15,151–500,1.62,0.007748,309,14,151–500,2.25,0.278743,0.461264,0,0,0,,0.918,2024-25
2026-07-20,2026-07-27,49023,Juab County,Utah,UT,quiet,0.001784,334,12,151–500,1.61,0.003472,527,18,501+,1.01,0.277726,0.250536,0,0,0,,0.783784,2024-25
2026-07-20,2026-07-27,21117,Kenton County,Kentucky,KY,quiet,0.001783,335,3,151–500,1.61,0.00668,335,3,151–500,1.94,0.277636,0.418407,0,0,0,,0.95,2024-25
2026-07-20,2026-07-27,18141,St. Joseph County,Indiana,IN,quiet,0.001777,336,4,151–500,1.61,0.005002,406,5,151–500,1.45,0.27685,0.338843,0,0,0,,0.9367,2024-25
2026-07-20,2026-07-27,04011,Greenlee County,Arizona,AZ,quiet,0.001764,337,10,151–500,1.6,0.003534,523,10,501+,1.03,0.275192,0.254464,0,0,0,,0.806,2024-25
2026-07-20,2026-07-27,42125,Washington County,Pennsylvania,PA,quiet,0.001738,338,26,151–500,1.57,0.00503,402,29,151–500,1.46,0.271887,0.340307,0,0,0,,0.956,2024-25
2026-07-20,2026-07-27,38025,Dunn County,North Dakota,ND,quiet,0.001734,339,6,151–500,1.57,0.004707,421,7,151–500,1.37,0.271381,0.323081,0,0,1,12,0.8125,2024-25
2026-07-20,2026-07-27,25021,Norfolk County,Massachusetts,MA,quiet,0.001732,340,4,151–500,1.57,0.006364,350,7,151–500,1.85,0.271192,0.404617,0,0,0,,0.978,2024-25
2026-07-20,2026-07-27,15001,Hawaii County,Hawaii,HI,quiet,0.00173,341,2,151–500,1.57,0.004132,469,2,151–500,1.2,0.270918,0.290699,0,0,0,,0.7611,2024-25
2026-07-20,2026-07-27,22071,Orleans Parish,Louisiana,LA,quiet,0.001725,342,2,151–500,1.56,0.002887,620,5,501+,0.84,0.270311,0.212261,0,0,3,13,0.9161,2024-25
2026-07-20,2026-07-27,06029,Kern County,California,CA,quiet,0.001718,343,28,151–500,1.56,0.003581,517,30,501+,1.04,0.269358,0.257378,0,0,0,,0.89325,2024-25
2026-07-20,2026-07-27,12083,Marion County,Florida,FL,quiet,0.001681,344,26,151–500,1.52,0.0075,317,25,151–500,2.18,0.26454,0.451789,0,0,0,,0.908,2024-25
2026-07-20,2026-07-27,27109,Olmsted County,Minnesota,MN,quiet,0.001673,345,5,151–500,1.51,0.009182,272,5,151–500,2.67,0.263563,0.511091,0,0,1,40,0.933,2024-25
2026-07-20,2026-07-27,25009,Essex County,Massachusetts,MA,quiet,0.001663,346,5,151–500,1.51,0.013375,190,2,151–500,3.88,0.262182,0.61956,0,0,0,,0.965,2024-25
2026-07-20,2026-07-27,05119,Pulaski County,Arkansas,AR,quiet,0.001644,347,2,151–500,1.49,0.003467,528,4,501+,1.01,0.259713,0.250247,0,0,0,,,
2026-07-20,2026-07-27,39151,Stark County,Ohio,OH,quiet,0.001636,348,11,151–500,1.48,0.005211,391,15,151–500,1.51,0.258656,0.349692,0,0,0,,0.897,2024-25
2026-07-20,2026-07-27,56009,Converse County,Wyoming,WY,quiet,0.001633,349,9,151–500,1.48,0.003389,538,14,501+,0.98,0.258252,0.245263,0,0,0,,0.93,2022-23
2026-07-20,2026-07-27,45019,Charleston County,South Carolina,SC,quiet,0.001626,350,9,151–500,1.47,0.00629,354,10,151–500,1.83,0.257344,0.401355,0,0,0,,0.92,2024-25
2026-07-20,2026-07-27,37051,Cumberland County,North Carolina,NC,quiet,0.00162,351,11,151–500,1.47,0.00448,439,15,151–500,1.3,0.256546,0.310552,0,0,0,,0.92202999,2024-25
2026-07-20,2026-07-27,42037,Columbia County,Pennsylvania,PA,quiet,0.001585,352,27,151–500,1.43,0.003496,525,35,501+,1.02,0.251892,0.252088,0,0,0,,0.965,2024-25
2026-07-20,2026-07-27,39093,Lorain County,Ohio,OH,quiet,0.001579,353,12,151–500,1.43,0.015411,169,5,151–500,4.48,0.251175,0.658186,0,0,0,,0.919,2024-25
2026-07-20,2026-07-27,51107,Loudoun County,Virginia,VA,quiet,0.001579,354,5,151–500,1.43,0.011212,218,2,151–500,3.26,0.251065,0.569442,0,0,0,,0.941,2024-25
2026-07-20,2026-07-27,55127,Walworth County,Wisconsin,WI,quiet,0.001573,355,4,151–500,1.42,0.004665,423,7,151–500,1.35,0.250348,0.320824,0,0,0,,0.84,2024-25
2026-07-20,2026-07-27,37045,Cleveland County,North Carolina,NC,quiet,0.001568,356,12,151–500,1.42,0.003348,544,20,501+,0.97,0.249667,0.242647,0,0,0,,0.94117647,2024-25
2026-07-20,2026-07-27,45049,Hampton County,South Carolina,SC,quiet,0.001557,357,10,151–500,1.41,0.003798,506,16,501+,1.1,0.248197,0.270747,0,0,1,7,0.981,2024-25
2026-07-20,2026-07-27,19193,Woodbury County,Iowa,IA,quiet,0.001547,358,2,151–500,1.4,0.004213,462,5,151–500,1.22,0.246836,0.295352,0,0,0,,0.90069444,2024-25
2026-07-20,2026-07-27,49013,Duchesne County,Utah,UT,quiet,0.001546,359,13,151–500,1.4,0.005606,374,14,151–500,1.63,0.246623,0.36939,0,0,0,,0.895317,2024-25
2026-07-20,2026-07-27,45035,Dorchester County,South Carolina,SC,quiet,0.001545,360,11,151–500,1.4,0.00421,464,12,151–500,1.22,0.246549,0.2952,0,0,0,,0.951,2024-25
2026-07-20,2026-07-27,06107,Tulare County,California,CA,quiet,0.001545,361,29,151–500,1.4,0.003208,573,32,501+,0.93,0.246549,0.233562,0,0,2,52,0.97501,2024-25
2026-07-20,2026-07-27,06083,Santa Barbara County,California,CA,quiet,0.001545,362,30,151–500,1.4,0.008436,289,26,151–500,2.45,0.246519,0.486178,0,0,0,,0.98478,2024-25
2026-07-20,2026-07-27,39099,Mahoning County,Ohio,OH,quiet,0.001534,363,13,151–500,1.39,0.003634,513,20,501+,1.06,0.245086,0.260672,0,0,0,,0.884,2024-25
2026-07-20,2026-07-27,48389,Reeves County,Texas,TX,quiet,0.001528,364,25,151–500,1.38,0.002027,788,64,501+,0.59,0.24421,0.151254,0,0,2,60,0.986047,2024-25
2026-07-20,2026-07-27,20177,Shawnee County,Kansas,KS,quiet,0.001523,365,4,151–500,1.38,0.005727,370,4,151–500,1.66,0.243539,0.375226,0,0,0,,0.9497,2024-25
2026-07-20,2026-07-27,49047,Uintah County,Utah,UT,quiet,0.001508,366,14,151–500,1.37,0.00664,337,11,151–500,1.93,0.241552,0.416689,0,0,0,,0.881974,2024-25
2026-07-20,2026-07-27,36067,Onondaga County,New York,NY,quiet,0.001499,367,11,151–500,1.36,0.006885,329,11,151–500,2.0,0.240237,0.427059,0,0,0,,0.996162152,2024-25
2026-07-20,2026-07-27,54003,Berkeley County,West Virginia,WV,quiet,0.001498,368,1,151–500,1.36,0.007072,326,1,151–500,2.05,0.240159,0.434771,0,0,0,,,
2026-07-20,2026-07-27,53037,Kittitas County,Washington,WA,quiet,0.001485,369,16,151–500,1.34,0.015419,168,7,151–500,4.48,0.238335,0.658321,0,0,7,12,0.905,2024-25
2026-07-20,2026-07-27,49039,Sanpete County,Utah,UT,quiet,0.001463,370,15,151–500,1.32,0.005136,398,15,151–500,1.49,0.235391,0.345801,0,0,0,,0.881443,2024-25
2026-07-20,2026-07-27,53017,Douglas County,Washington,WA,quiet,0.001462,371,17,151–500,1.32,0.003704,508,21,501+,1.08,0.235167,0.264993,0,0,0,,0.939,2024-25
2026-07-20,2026-07-27,15009,Maui County,Hawaii,HI,quiet,0.001461,372,3,151–500,1.32,0.003051,594,3,501+,0.89,0.235067,0.223212,0,0,0,,0.6943,2024-25
2026-07-20,2026-07-27,36005,Bronx County,New York,NY,quiet,0.001452,373,12,151–500,1.31,0.001772,857,26,501+,0.51,0.233807,0.132233,0,0,0,,0.971303005,2024-25
2026-07-20,2026-07-27,47093,Knox County,Tennessee,TN,quiet,0.001451,374,3,151–500,1.31,0.007754,308,3,151–500,2.25,0.233642,0.461484,0,0,0,,0.942,2024-25
2026-07-20,2026-07-27,46019,Butte County,South Dakota,SD,quiet,0.001445,375,4,151–500,1.31,0.0032,575,9,501+,0.93,0.232811,0.23306,0,0,4,30,0.97,2024-25
2026-07-20,2026-07-27,25005,Bristol County,Massachusetts,MA,quiet,0.001444,376,6,151–500,1.31,0.009142,274,5,151–500,2.65,0.232724,0.509796,0,0,0,,0.976,2024-25
2026-07-20,2026-07-27,08035,Douglas County,Colorado,CO,quiet,0.001435,377,19,151–500,1.3,0.008452,288,13,151–500,2.45,0.231487,0.486749,0,0,0,,0.91,2024-25
2026-07-20,2026-07-27,26147,St. Clair County,Michigan,MI,quiet,0.001428,378,7,151–500,1.29,0.005652,373,12,151–500,1.64,0.230553,0.371614,0,0,0,,0.86947063,2024-25
2026-07-20,2026-07-27,45057,Lancaster County,South Carolina,SC,quiet,0.001421,379,12,151–500,1.29,0.003847,499,15,151–500,1.12,0.229579,0.273737,0,0,0,,0.942,2024-25
2026-07-20,2026-07-27,26005,Allegan County,Michigan,MI,quiet,0.001419,380,8,151–500,1.28,0.006549,342,9,151–500,1.9,0.22921,0.412746,0,0,1,59,0.90327494,2024-25
2026-07-20,2026-07-27,16083,Twin Falls County,Idaho,ID,quiet,0.001417,381,12,151–500,1.28,0.007882,303,11,151–500,2.29,0.229026,0.466272,0,0,0,,0.82,2024-25
2026-07-20,2026-07-27,36093,Schenectady County,New York,NY,quiet,0.001405,382,13,151–500,1.27,0.005184,393,14,151–500,1.51,0.227333,0.348307,0,0,0,,0.970369545,2024-25
2026-07-20,2026-07-27,39061,Hamilton County,Ohio,OH,quiet,0.001402,383,14,151–500,1.27,0.003571,519,21,501+,1.04,0.226919,0.256792,0,0,0,,0.771,2024-25
2026-07-20,2026-07-27,51810,Virginia Beach City,Virginia,VA,quiet,0.001394,384,6,151–500,1.26,0.006484,343,4,151–500,1.88,0.225709,0.409919,0,0,0,,0.908,2024-25
2026-07-20,2026-07-27,27005,Becker County,Minnesota,MN,quiet,0.001393,385,6,151–500,1.26,0.005901,367,7,151–500,1.71,0.225591,0.383495,0,0,0,,0.905,2024-25
2026-07-20,2026-07-27,18039,Elkhart County,Indiana,IN,quiet,0.001387,386,5,151–500,1.26,0.00424,460,7,151–500,1.23,0.224811,0.296962,0,0,0,,0.8985,2024-25
2026-07-20,2026-07-27,49037,San Juan County,Utah,UT,quiet,0.001387,387,16,151–500,1.26,0.006434,347,12,151–500,1.87,0.224736,0.407714,0,0,3,24,0.885135,2024-25
2026-07-20,2026-07-27,26065,Ingham County,Michigan,MI,quiet,0.001382,388,9,151–500,1.25,0.006459,345,10,151–500,1.88,0.223992,0.408829,0,0,1,66,0.90624,2024-25
2026-07-20,2026-07-27,24017,Charles County,Maryland,MD,quiet,0.00138,389,11,151–500,1.25,0.002952,608,16,501+,0.86,0.223771,0.216624,0,0,0,,0.974,2024-25
2026-07-20,2026-07-27,24047,Worcester County,Maryland,MD,quiet,0.001376,390,12,151–500,1.25,0.003329,547,14,501+,0.97,0.22318,0.241422,0,0,0,,0.9714,2024-25
2026-07-20,2026-07-27,42127,Wayne County,Pennsylvania,PA,quiet,0.001375,391,28,151–500,1.24,0.005073,400,28,151–500,1.47,0.223014,0.342555,0,0,0,,0.875,2024-25
2026-07-20,2026-07-27,06057,Nevada County,California,CA,quiet,0.001371,392,31,151–500,1.24,0.003134,586,35,501+,0.91,0.222417,0.228712,0,0,0,,0.87337,2024-25
2026-07-20,2026-07-27,27111,Otter Tail County,Minnesota,MN,quiet,0.00137,393,7,151–500,1.24,0.00531,388,9,151–500,1.54,0.222391,0.354697,0,0,0,,0.818,2024-25
2026-07-20,2026-07-27,02110,Juneau City and Borough,Alaska,AK,quiet,0.001353,394,3,151–500,1.22,0.003583,516,5,501+,1.04,0.219857,0.257534,0,0,0,,,
2026-07-20,2026-07-27,36079,Putnam County,New York,NY,quiet,0.001344,395,14,151–500,1.22,0.004799,414,16,151–500,1.39,0.218638,0.328048,0,0,1,59,0.997033415,2024-25
2026-07-20,2026-07-27,30047,Lake County,Montana,MT,quiet,0.001343,396,7,151–500,1.22,0.003903,489,9,151–500,1.13,0.218452,0.277135,0,0,0,,,
2026-07-20,2026-07-27,42025,Carbon County,Pennsylvania,PA,quiet,0.001339,397,29,151–500,1.21,0.005557,378,27,151–500,1.61,0.217972,0.366997,0,0,0,,0.955,2024-25
2026-07-20,2026-07-27,06093,Siskiyou County,California,CA,quiet,0.001338,398,32,151–500,1.21,0.003186,583,34,501+,0.93,0.217759,0.232157,0,0,0,,0.9687,2024-25
2026-07-20,2026-07-27,55059,Kenosha County,Wisconsin,WI,quiet,0.00133,399,5,151–500,1.2,0.00604,362,4,151–500,1.75,0.21667,0.389972,0,0,0,,0.74,2024-25
2026-07-20,2026-07-27,09120,Greater Bridgeport Planning Region,Connecticut,CT,quiet,0.001329,400,4,151–500,1.2,0.005597,375,4,151–500,1.63,0.216464,0.368962,0,0,0,,0.962,2024-25
2026-07-20,2026-07-27,01097,Mobile County,Alabama,AL,quiet,0.001321,401,1,151–500,1.2,0.004393,448,2,151–500,1.28,0.215397,0.305686,0,0,0,,0.9469,2024-25
2026-07-20,2026-07-27,40031,Comanche County,Oklahoma,OK,quiet,0.001321,402,4,151–500,1.2,0.003991,481,5,151–500,1.16,0.215321,0.282341,0,0,0,,0.8545,2024-25
2026-07-20,2026-07-27,41019,Douglas County,Oregon,OR,quiet,0.001321,403,9,151–500,1.2,0.005906,366,9,151–500,1.71,0.21531,0.383714,0,0,0,,0.892,2024-25
2026-07-20,2026-07-27,22103,St. Tammany Parish,Louisiana,LA,quiet,0.00131,404,3,151–500,1.19,0.004458,443,3,151–500,1.29,0.213763,0.309315,0,0,0,,0.8768,2024-25
2026-07-20,2026-07-27,45029,Colleton County,South Carolina,SC,quiet,0.001307,405,13,151–500,1.18,0.002587,662,19,501+,0.75,0.213364,0.19158,0,0,0,,0.966,2024-25
2026-07-20,2026-07-27,39173,Wood County,Ohio,OH,quiet,0.001305,406,15,151–500,1.18,0.003563,520,22,501+,1.03,0.212998,0.256287,0,0,0,,0.929,2024-25
2026-07-20,2026-07-27,24013,Carroll County,Maryland,MD,quiet,0.001298,407,13,151–500,1.18,0.003985,482,12,151–500,1.16,0.21201,0.282028,0,0,0,,0.9681,2024-25
2026-07-20,2026-07-27,47165,Sumner County,Tennessee,TN,quiet,0.001281,408,4,151–500,1.16,0.004288,456,6,151–500,1.25,0.209554,0.299666,0,0,0,,0.931,2024-25
2026-07-20,2026-07-27,56041,Uinta County,Wyoming,WY,quiet,0.001278,409,10,151–500,1.16,0.006722,333,8,151–500,1.95,0.209156,0.420192,0,0,0,,0.92,2022-23
2026-07-20,2026-07-27,53007,Chelan County,Washington,WA,quiet,0.001278,410,18,151–500,1.16,0.006334,351,16,151–500,1.84,0.209105,0.403284,0,0,0,,0.924,2024-25
2026-07-20,2026-07-27,25027,Worcester County,Massachusetts,MA,quiet,0.001271,411,7,151–500,1.15,0.00689,328,6,151–500,2.0,0.208075,0.427261,0,0,0,,0.966,2024-25
2026-07-20,2026-07-27,51153,Prince William County,Virginia,VA,quiet,0.00126,412,7,151–500,1.14,0.004709,420,7,151–500,1.37,0.206498,0.323216,0,0,0,,0.95,2024-25
2026-07-20,2026-07-27,35023,Hidalgo County,New Mexico,NM,quiet,0.001255,413,9,151–500,1.14,0.004182,465,8,151–500,1.21,0.205765,0.293587,0,0,2,21,0.9643,2024-25
2026-07-20,2026-07-27,48355,Nueces County,Texas,TX,quiet,0.001251,414,26,151–500,1.13,0.005459,382,23,151–500,1.59,0.205265,0.362147,0,0,0,,0.965746,2024-25
2026-07-20,2026-07-27,27139,Scott County,Minnesota,MN,quiet,0.00125,415,8,151–500,1.13,0.005456,383,8,151–500,1.58,0.205008,0.361999,0,0,0,,0.848,2024-25
2026-07-20,2026-07-27,50007,Chittenden County,Vermont,VT,quiet,0.001249,416,1,151–500,1.13,0.002245,734,3,501+,0.65,0.204948,0.167241,0,0,0,,0.95,2024-25
2026-07-20,2026-07-27,06101,Sutter County,California,CA,quiet,0.001243,417,33,151–500,1.13,0.002707,638,38,501+,0.79,0.204055,0.199916,0,0,0,,0.77217,2024-25
2026-07-20,2026-07-27,08117,Summit County,Colorado,CO,quiet,0.001239,418,20,151–500,1.12,0.005331,387,19,151–500,1.55,0.20343,0.355737,0,0,0,,0.9476,2024-25
2026-07-20,2026-07-27,13029,Bryan County,Georgia,GA,quiet,0.001239,419,7,151–500,1.12,0.004663,424,7,151–500,1.35,0.20341,0.320696,0,0,1,22,,
2026-07-20,2026-07-27,12073,Leon County,Florida,FL,quiet,0.001237,420,27,151–500,1.12,0.006591,340,27,151–500,1.91,0.20313,0.414585,0,0,2,56,0.938,2024-25
2026-07-20,2026-07-27,12005,Bay County,Florida,FL,quiet,0.001234,421,28,151–500,1.12,0.005532,381,28,151–500,1.61,0.202712,0.365738,0,0,0,,0.853,2024-25
2026-07-20,2026-07-27,37001,Alamance County,North Carolina,NC,quiet,0.001231,422,13,151–500,1.11,0.005017,405,13,151–500,1.46,0.202247,0.339618,0,0,0,,0.95137217,2024-25
2026-07-20,2026-07-27,06103,Tehama County,California,CA,quiet,0.001226,423,34,151–500,1.11,0.002179,745,41,501+,0.63,0.201499,0.162429,0,0,0,,0.97516,2024-25
2026-07-20,2026-07-27,13117,Forsyth County,Georgia,GA,quiet,0.001213,424,8,151–500,1.1,0.00312,588,8,501+,0.91,0.199655,0.227786,0,0,0,,,
2026-07-20,2026-07-27,30081,Ravalli County,Montana,MT,quiet,0.001211,425,8,151–500,1.1,0.006477,344,7,151–500,1.88,0.199338,0.409634,0,0,0,,,
2026-07-20,2026-07-27,38015,Burleigh County,North Dakota,ND,quiet,0.00121,426,7,151–500,1.1,0.007315,319,4,151–500,2.12,0.199185,0.444535,0,0,0,,0.8857,2024-25
2026-07-20,2026-07-27,13063,Clayton County,Georgia,GA,quiet,0.00121,427,9,151–500,1.1,0.00252,670,11,501+,0.73,0.199128,0.186868,0,0,0,,,
2026-07-20,2026-07-27,53071,Walla Walla County,Washington,WA,quiet,0.001208,428,19,151–500,1.09,0.003893,490,19,151–500,1.13,0.198847,0.276511,0,0,7,9,0.927,2024-25
2026-07-20,2026-07-27,29077,Greene County,Missouri,MO,quiet,0.0012,429,5,151–500,1.09,0.009605,258,3,151–500,2.79,0.197674,0.524316,0,0,0,,0.873,2024-25
2026-07-20,2026-07-27,45051,Horry County,South Carolina,SC,quiet,0.001194,430,14,151–500,1.08,0.004061,473,13,151–500,1.18,0.196751,0.286484,0,0,0,,0.908,2024-25
2026-07-20,2026-07-27,16015,Boise County,Idaho,ID,quiet,0.001169,431,13,151–500,1.06,0.001153,1137,35,501+,0.33,0.192996,0.08448,0,0,0,,0.45,2024-25
2026-07-20,2026-07-27,45003,Aiken County,South Carolina,SC,quiet,0.001168,432,15,151–500,1.06,0.006829,331,9,151–500,1.98,0.192846,0.424697,0,0,0,,0.927,2024-25
2026-07-20,2026-07-27,48205,Hartley County,Texas,TX,quiet,0.001166,433,27,151–500,1.06,0.005097,399,25,151–500,1.48,0.192567,0.343778,0,0,0,,0.766667,2024-25
2026-07-20,2026-07-27,36069,Ontario County,New York,NY,quiet,0.001162,434,15,151–500,1.05,0.004976,407,15,151–500,1.44,0.191991,0.337483,0,0,1,60,0.999203876,2024-25
2026-07-20,2026-07-27,02170,Matanuska-Susitna Borough,Alaska,AK,quiet,0.001156,435,4,151–500,1.05,0.007977,300,2,151–500,2.32,0.191115,0.469781,0,0,0,,,
2026-07-20,2026-07-27,24041,Talbot County,Maryland,MD,quiet,0.001148,436,14,151–500,1.04,0.005447,384,11,151–500,1.58,0.189918,0.36158,0,0,0,,0.9752,2024-25
2026-07-20,2026-07-27,29165,Platte County,Missouri,MO,quiet,0.001141,437,6,151–500,1.03,0.004747,416,6,151–500,1.38,0.188859,0.325243,0,0,0,,0.931,2024-25
2026-07-20,2026-07-27,39133,Portage County,Ohio,OH,quiet,0.001139,438,16,151–500,1.03,0.005071,401,16,151–500,1.47,0.188514,0.342477,0,0,0,,0.897,2024-25
2026-07-20,2026-07-27,36001,Albany County,New York,NY,quiet,0.001133,439,16,151–500,1.03,0.002962,604,21,501+,0.86,0.187587,0.217302,0,0,0,,0.985144202,2024-25
2026-07-20,2026-07-27,06109,Tuolumne County,California,CA,quiet,0.001131,440,35,151–500,1.02,0.00497,408,29,151–500,1.44,0.187307,0.337168,0,0,2,70,0.90047,2024-25
2026-07-20,2026-07-27,08045,Garfield County,Colorado,CO,quiet,0.00113,441,21,151–500,1.02,0.004652,426,20,151–500,1.35,0.187231,0.320062,0,0,0,,0.9386,2024-25
2026-07-20,2026-07-27,56033,Sheridan County,Wyoming,WY,quiet,0.001127,442,11,151–500,1.02,0.004865,412,10,151–500,1.41,0.186786,0.331601,0,0,0,,0.9,2022-23
2026-07-20,2026-07-27,26055,Grand Traverse County,Michigan,MI,quiet,0.001125,443,10,151–500,1.02,0.008381,292,8,151–500,2.43,0.186455,0.48427,0,0,4,55,0.88840453,2024-25
2026-07-20,2026-07-27,31153,Sarpy County,Nebraska,NE,quiet,0.001124,444,3,151–500,1.02,0.002453,690,6,501+,0.71,0.186254,0.182179,0,0,0,,0.953096539,2024-25
2026-07-20,2026-07-27,19103,Johnson County,Iowa,IA,quiet,0.001123,445,3,151–500,1.02,0.004268,457,4,151–500,1.24,0.186163,0.298534,0,0,0,,0.87209302,2024-25
2026-07-20,2026-07-27,26077,Kalamazoo County,Michigan,MI,quiet,0.001121,446,11,151–500,1.02,0.003284,559,18,501+,0.95,0.185889,0.238494,0,0,0,,0.91347939,2024-25
2026-07-20,2026-07-27,42085,Mercer County,Pennsylvania,PA,quiet,0.001119,447,30,151–500,1.01,0.004656,425,30,151–500,1.35,0.185495,0.320288,0,0,0,,0.927,2024-25
2026-07-20,2026-07-27,17167,Sangamon County,Illinois,IL,quiet,0.001118,448,6,151–500,1.01,0.003576,518,8,501+,1.04,0.185326,0.257051,0,0,0,,0.978,2024-25
2026-07-20,2026-07-27,22033,East Baton Rouge Parish,Louisiana,LA,quiet,0.001117,449,4,151–500,1.01,0.006904,327,2,151–500,2.0,0.185204,0.427838,0,0,0,,0.8827,2024-25
2026-07-20,2026-07-27,48187,Guadalupe County,Texas,TX,quiet,0.001115,450,28,151–500,1.01,0.004422,446,28,151–500,1.28,0.184922,0.307291,0,0,0,,0.959032,2024-25
2026-07-20,2026-07-27,49027,Millard County,Utah,UT,quiet,0.001111,451,17,151–500,1.01,0.004401,447,17,151–500,1.28,0.184358,0.306122,0,0,0,,0.91623,2024-25
2026-07-20,2026-07-27,02122,Kenai Peninsula Borough,Alaska,AK,quiet,0.001109,452,5,151–500,1.0,0.004624,429,4,151–500,1.34,0.18395,0.318573,0,0,1,78,,
2026-07-20,2026-07-27,24037,St. Mary's County,Maryland,MD,quiet,0.001101,453,15,151–500,1.0,0.0032,576,15,501+,0.93,0.182781,0.233028,0,0,0,,0.9756,2024-25
2026-07-20,2026-07-27,51179,Stafford County,Virginia,VA,quiet,0.0011,454,8,151–500,1.0,0.003285,558,8,501+,0.95,0.182641,0.238606,0,0,0,,0.91,2024-25
2026-07-20,2026-07-27,21219,Todd County,Kentucky,KY,quiet,0.001097,455,4,151–500,0.99,0.004355,449,5,151–500,1.26,0.182249,0.303541,0,0,1,55,0.9453125,2024-25
2026-07-20,2026-07-27,36111,Ulster County,New York,NY,quiet,0.001095,456,17,151–500,0.99,0.004037,476,19,151–500,1.17,0.181811,0.285088,0,0,0,,0.997631694,2024-25
2026-07-20,2026-07-27,26139,Ottawa County,Michigan,MI,quiet,0.001088,457,12,151–500,0.99,0.009211,270,7,151–500,2.67,0.180798,0.512005,0,0,4,9,0.93063584,2024-25
2026-07-20,2026-07-27,42067,Juniata County,Pennsylvania,PA,quiet,0.001087,458,31,151–500,0.98,0.006263,355,23,151–500,1.82,0.180719,0.400106,0,0,0,,0.934,2024-25
2026-07-20,2026-07-27,30067,Park County,Montana,MT,quiet,0.001082,459,9,151–500,0.98,0.00387,495,10,151–500,1.12,0.179888,0.275103,0,0,0,,,
2026-07-20,2026-07-27,37097,Iredell County,North Carolina,NC,quiet,0.001074,460,14,151–500,0.97,0.00765,311,12,151–500,2.22,0.178604,0.457545,0,0,0,,0.91495857,2024-25
2026-07-20,2026-07-27,29019,Boone County,Missouri,MO,quiet,0.001067,461,7,151–500,0.97,0.004679,422,7,151–500,1.36,0.177618,0.32155,0,0,0,,0.949,2024-25
2026-07-20,2026-07-27,55021,Columbia County,Wisconsin,WI,quiet,0.001065,462,6,151–500,0.96,0.00346,529,10,501+,1.0,0.177362,0.249753,0,0,0,,0.84,2024-25
2026-07-20,2026-07-27,39041,Delaware County,Ohio,OH,quiet,0.001064,463,17,151–500,0.96,0.003305,553,25,501+,0.96,0.177097,0.239852,0,0,0,,0.925,2024-25
2026-07-20,2026-07-27,55087,Outagamie County,Wisconsin,WI,quiet,0.001063,464,7,151–500,0.96,0.003888,491,8,151–500,1.13,0.177037,0.276223,0,0,0,,0.88,2024-25
2026-07-20,2026-07-27,39017,Butler County,Ohio,OH,quiet,0.001053,465,18,151–500,0.95,0.002673,649,30,501+,0.78,0.175413,0.197603,0,0,0,,0.921,2024-25
2026-07-20,2026-07-27,40131,Rogers County,Oklahoma,OK,quiet,0.001052,466,5,151–500,0.95,0.002914,614,6,501+,0.85,0.175295,0.214042,0,0,0,,0.8755,2024-25
2026-07-20,2026-07-27,36065,Oneida County,New York,NY,quiet,0.001045,467,18,151–500,0.95,0.004569,433,17,151–500,1.33,0.174221,0.315512,0,0,0,,0.976227591,2024-25
2026-07-20,2026-07-27,51087,Henrico County,Virginia,VA,quiet,0.001045,468,9,151–500,0.95,0.002745,634,11,501+,0.8,0.174131,0.202581,0,0,0,,0.927,2024-25
2026-07-20,2026-07-27,24045,Wicomico County,Maryland,MD,quiet,0.001041,469,16,151–500,0.94,0.00381,503,13,501+,1.11,0.173544,0.271463,0,0,0,,0.9691,2024-25
2026-07-20,2026-07-27,17201,Winnebago County,Illinois,IL,quiet,0.001039,470,7,151–500,0.94,0.004713,418,7,151–500,1.37,0.17333,0.323424,0,0,0,,0.955,2024-25
2026-07-20,2026-07-27,34009,Cape May County,New Jersey,NJ,quiet,0.001037,471,16,151–500,0.94,0.007777,307,16,151–500,2.26,0.172932,0.462357,0,0,0,,0.893,2024-25
2026-07-20,2026-07-27,39119,Muskingum County,Ohio,OH,quiet,0.001032,472,19,151–500,0.93,0.006318,353,13,151–500,1.83,0.172156,0.402598,0,0,3,47,0.972,2024-25
2026-07-20,2026-07-27,27119,Polk County,Minnesota,MN,quiet,0.001023,473,9,151–500,0.93,0.002616,655,14,501+,0.76,0.170851,0.193625,0,0,0,,0.855,2024-25
2026-07-20,2026-07-27,41071,Yamhill County,Oregon,OR,quiet,0.001023,474,10,151–500,0.93,0.004869,411,10,151–500,1.41,0.170782,0.331806,0,0,0,,0.889,2024-25
2026-07-20,2026-07-27,27027,Clay County,Minnesota,MN,quiet,0.001014,475,10,151–500,0.92,0.003194,579,13,501+,0.93,0.169456,0.232649,0,0,0,,0.874,2024-25
2026-07-20,2026-07-27,37135,Orange County,North Carolina,NC,quiet,0.00101,476,15,151–500,0.91,0.004102,471,17,151–500,1.19,0.168709,0.288888,0,0,0,,0.96588694,2024-25
2026-07-20,2026-07-27,39057,Greene County,Ohio,OH,quiet,0.001008,477,20,151–500,0.91,0.002349,712,36,501+,0.68,0.168453,0.174753,0,0,0,,0.909,2024-25
2026-07-20,2026-07-27,55117,Sheboygan County,Wisconsin,WI,quiet,0.001005,478,8,151–500,0.91,0.005657,372,5,151–500,1.64,0.168063,0.371871,0,0,0,,0.87,2024-25
2026-07-20,2026-07-27,37035,Catawba County,North Carolina,NC,quiet,0.001003,479,16,151–500,0.91,0.009236,269,10,151–500,2.68,0.167726,0.512818,0,0,0,,0.91818684,2024-25
2026-07-20,2026-07-27,21015,Boone County,Kentucky,KY,quiet,0.001002,480,5,151–500,0.91,0.004,478,6,151–500,1.16,0.167456,0.282917,0,0,0,,0.928,2024-25
2026-07-20,2026-07-27,42039,Crawford County,Pennsylvania,PA,quiet,0.000983,481,32,151–500,0.89,0.006054,361,25,151–500,1.76,0.164528,0.390611,0,0,0,,0.924,2024-25
2026-07-20,2026-07-27,42021,Cambria County,Pennsylvania,PA,quiet,0.000979,482,33,151–500,0.89,0.003997,479,32,151–500,1.16,0.163985,0.282698,0,0,0,,0.954,2024-25
2026-07-20,2026-07-27,20097,Kiowa County,Kansas,KS,quiet,0.000979,483,5,151–500,0.89,0.001787,855,11,501+,0.52,0.16389,0.133302,0,0,6,68,0.6,2024-25
2026-07-20,2026-07-27,16013,Blaine County,Idaho,ID,quiet,0.000978,484,14,151–500,0.89,0.003244,565,19,501+,0.94,0.163798,0.235928,0,0,0,,0.73,2024-25
2026-07-20,2026-07-27,48065,Carson County,Texas,TX,quiet,0.00097,485,29,151–500,0.88,0.006717,334,20,151–500,1.95,0.162555,0.419973,0,0,1,62,0.91954,2024-25
2026-07-20,2026-07-27,13113,Fayette County,Georgia,GA,quiet,0.00097,486,10,151–500,0.88,0.002894,618,10,501+,0.84,0.16249,0.212738,0,0,0,,,
2026-07-20,2026-07-27,56007,Carbon County,Wyoming,WY,quiet,0.000968,487,12,151–500,0.88,0.008431,290,7,151–500,2.45,0.162251,0.486002,0,0,7,47,0.94,2022-23
2026-07-20,2026-07-27,37129,New Hanover County,North Carolina,NC,quiet,0.000968,488,17,151–500,0.88,0.002009,792,34,501+,0.58,0.162154,0.149921,0,0,0,,0.92860684,2024-25
2026-07-20,2026-07-27,34033,Salem County,New Jersey,NJ,quiet,0.000968,489,17,151–500,0.88,0.004463,441,18,151–500,1.3,0.16213,0.309606,0,0,0,,0.948,2024-25
2026-07-20,2026-07-27,29213,Taney County,Missouri,MO,quiet,0.000962,490,8,151–500,0.87,0.003302,555,9,501+,0.96,0.161267,0.239653,0,0,1,66,0.835,2024-25
2026-07-20,2026-07-27,48309,McLennan County,Texas,TX,quiet,0.000957,491,30,151–500,0.87,0.002591,661,47,501+,0.75,0.160527,0.191902,0,0,9,57,0.952818,2024-25
2026-07-20,2026-07-27,53041,Lewis County,Washington,WA,quiet,0.000955,492,20,151–500,0.86,0.004066,472,18,151–500,1.18,0.160062,0.286787,0,0,0,,0.892,2024-25
2026-07-20,2026-07-27,48245,Jefferson County,Texas,TX,quiet,0.000953,493,31,151–500,0.86,0.002034,786,63,501+,0.59,0.159823,0.151823,0,0,0,,0.95067,2024-25
2026-07-20,2026-07-27,48017,Bailey County,Texas,TX,quiet,0.000949,494,32,151–500,0.86,0.002192,743,58,501+,0.64,0.159149,0.163363,0,0,2,65,0.962617,2024-25
2026-07-20,2026-07-27,27163,Washington County,Minnesota,MN,quiet,0.000947,495,11,151–500,0.86,0.003356,542,11,501+,0.97,0.158908,0.243144,0,0,1,59,0.911,2024-25
2026-07-20,2026-07-27,48181,Grayson County,Texas,TX,quiet,0.00094,496,33,151–500,0.85,0.004648,427,26,151–500,1.35,0.157737,0.319886,0,0,0,,0.931014,2024-25
2026-07-20,2026-07-27,42007,Beaver County,Pennsylvania,PA,quiet,0.000937,497,34,151–500,0.85,0.002935,612,39,501+,0.85,0.157301,0.215509,0,0,0,,0.915,2024-25
2026-07-20,2026-07-27,19013,Black Hawk County,Iowa,IA,quiet,0.000935,498,4,151–500,0.85,0.00935,265,2,151–500,2.72,0.15691,0.516414,0,0,0,,0.90699166,2024-25
2026-07-20,2026-07-27,06027,Inyo County,California,CA,quiet,0.000932,499,36,151–500,0.84,0.00289,619,36,501+,0.84,0.156416,0.212437,0,0,0,,0.98157,2024-25
2026-07-20,2026-07-27,04012,La Paz County,Arizona,AZ,quiet,0.000925,500,11,151–500,0.84,0.001764,862,13,501+,0.51,0.155342,0.131572,0,0,0,,0.9,2024-25
2026-07-20,2026-07-27,36009,Cattaraugus County,New York,NY,quiet,0.000921,501,19,501+,0.83,0.001353,1024,33,501+,0.39,0.154673,0.100067,0,0,0,,0.997177264,2024-25
2026-07-20,2026-07-27,40043,Dewey County,Oklahoma,OK,quiet,0.000914,502,6,501+,0.83,0.000969,1285,24,501+,0.28,0.153694,0.070028,0,0,0,,0.5161,2024-25
2026-07-20,2026-07-27,48265,Kerr County,Texas,TX,quiet,0.000914,503,34,501+,0.83,0.003885,492,31,151–500,1.13,0.153559,0.276044,0,0,0,,0.929032,2024-25
2026-07-20,2026-07-27,06039,Madera County,California,CA,quiet,0.000913,504,37,501+,0.83,0.003199,578,33,501+,0.93,0.153415,0.233003,0,0,0,,0.97727,2024-25
2026-07-20,2026-07-27,53027,Grays Harbor County,Washington,WA,quiet,0.000902,505,21,501+,0.82,0.004349,450,17,151–500,1.26,0.151763,0.303182,0,0,0,,0.9,2024-25
2026-07-20,2026-07-27,31161,Sheridan County,Nebraska,NE,quiet,0.000899,506,4,501+,0.81,0.002422,697,7,501+,0.7,0.151186,0.179936,0,0,1,60,0.87804878,2024-25
2026-07-20,2026-07-27,42103,Pike County,Pennsylvania,PA,quiet,0.000891,507,35,501+,0.81,0.003301,556,36,501+,0.96,0.150007,0.239599,0,0,0,,0.883,2024-25
2026-07-20,2026-07-27,01089,Madison County,Alabama,AL,quiet,0.00089,508,2,501+,0.81,0.002946,610,5,501+,0.86,0.14978,0.216245,0,0,0,,0.9527,2024-25
2026-07-20,2026-07-27,05125,Saline County,Arkansas,AR,quiet,0.000889,509,3,501+,0.8,0.005432,385,2,151–500,1.58,0.149599,0.360831,0,0,1,67,,
2026-07-20,2026-07-27,06047,Merced County,California,CA,quiet,0.000883,510,38,501+,0.8,0.002434,693,40,501+,0.71,0.14867,0.180783,0,0,0,,0.97941,2024-25
2026-07-20,2026-07-27,28047,Harrison County,Mississippi,MS,quiet,0.000883,511,1,501+,0.8,0.00241,702,1,501+,0.7,0.148602,0.179122,0,0,0,,0.9776,2024-25
2026-07-20,2026-07-27,36063,Niagara County,New York,NY,quiet,0.000882,512,20,501+,0.8,0.004563,434,18,151–500,1.33,0.14843,0.315208,0,0,0,,0.980207944,2024-25
2026-07-20,2026-07-27,40047,Garfield County,Oklahoma,OK,quiet,0.000877,513,7,501+,0.79,0.002516,672,9,501+,0.73,0.147728,0.186595,0,0,0,,0.9351,2024-25
2026-07-20,2026-07-27,35035,Otero County,New Mexico,NM,quiet,0.000874,514,10,501+,0.79,0.003981,483,9,151–500,1.16,0.147246,0.281756,0,0,0,,0.9654,2024-25
2026-07-20,2026-07-27,38101,Ward County,North Dakota,ND,quiet,0.00087,515,8,501+,0.79,0.005933,364,5,151–500,1.72,0.146631,0.384984,0,0,0,,0.9195,2024-25
2026-07-20,2026-07-27,27145,Stearns County,Minnesota,MN,quiet,0.00087,516,12,501+,0.79,0.006331,352,6,151–500,1.84,0.146563,0.40318,0,0,0,,0.777,2024-25
2026-07-20,2026-07-27,36085,Richmond County,New York,NY,quiet,0.000862,517,21,501+,0.78,0.00642,349,12,151–500,1.86,0.145322,0.407115,0,0,0,,0.993020085,2024-25
2026-07-20,2026-07-27,45085,Sumter County,South Carolina,SC,quiet,0.000862,518,16,501+,0.78,0.003881,493,14,151–500,1.13,0.145233,0.275799,0,0,3,34,0.962,2024-25
2026-07-20,2026-07-27,48295,Lipscomb County,Texas,TX,quiet,0.000857,519,35,501+,0.78,0.002645,652,46,501+,0.77,0.144519,0.195642,0,0,0,,0.72093,2024-25
2026-07-20,2026-07-27,48445,Terry County,Texas,TX,quiet,0.000853,520,36,501+,0.77,0.001328,1043,95,501+,0.39,0.14386,0.098139,0,0,60,63,0.930769,2024-25
2026-07-20,2026-07-27,34019,Hunterdon County,New Jersey,NJ,quiet,0.000849,521,18,501+,0.77,0.003066,590,19,501+,0.89,0.143099,0.224234,0,0,0,,0.924,2024-25
2026-07-20,2026-07-27,20189,Stevens County,Kansas,KS,quiet,0.000842,522,6,501+,0.76,0.002163,755,7,501+,0.63,0.142066,0.161289,0,0,10,53,0.8665,2024-25
2026-07-20,2026-07-27,37049,Craven County,North Carolina,NC,quiet,0.000842,523,18,501+,0.76,0.003681,510,19,501+,1.07,0.142024,0.263589,0,0,0,,0.92741165,2024-25
2026-07-20,2026-07-27,06115,Yuba County,California,CA,quiet,0.000841,524,39,501+,0.76,0.002458,687,39,501+,0.71,0.141859,0.182507,0,0,0,,0.96114,2024-25
2026-07-20,2026-07-27,42051,Fayette County,Pennsylvania,PA,quiet,0.000838,525,36,501+,0.76,0.002425,696,43,501+,0.7,0.141382,0.1802,0,0,0,,0.925,2024-25
2026-07-20,2026-07-27,26087,Lapeer County,Michigan,MI,quiet,0.000838,526,13,501+,0.76,0.004138,468,15,151–500,1.2,0.141367,0.291036,0,0,0,,0.82070707,2024-25
2026-07-20,2026-07-27,16059,Lemhi County,Idaho,ID,quiet,0.000837,527,15,501+,0.76,0.003908,488,16,151–500,1.13,0.141283,0.277385,0,0,0,,0.76,2024-25
2026-07-20,2026-07-27,48215,Hidalgo County,Texas,TX,quiet,0.000836,528,37,501+,0.76,0.001766,861,75,501+,0.51,0.141121,0.131757,0,0,0,,0.968848,2024-25
2026-07-20,2026-07-27,40017,Canadian County,Oklahoma,OK,quiet,0.000835,529,8,501+,0.76,0.004157,467,4,151–500,1.21,0.140881,0.292154,0,0,0,,0.8681,2024-25
2026-07-20,2026-07-27,56003,Big Horn County,Wyoming,WY,quiet,0.000835,530,13,501+,0.76,0.005177,394,9,151–500,1.5,0.140835,0.347935,0,0,0,,0.89,2022-23
2026-07-20,2026-07-27,26117,Montcalm County,Michigan,MI,quiet,0.000833,531,14,501+,0.75,0.005533,380,13,151–500,1.61,0.140496,0.365815,0,0,4,65,0.90909091,2024-25
2026-07-20,2026-07-27,39113,Montgomery County,Ohio,OH,quiet,0.000832,532,21,501+,0.75,0.009205,271,8,151–500,2.67,0.140347,0.511811,0,0,0,,0.846,2024-25
2026-07-20,2026-07-27,27061,Itasca County,Minnesota,MN,quiet,0.000831,533,13,501+,0.75,0.004513,435,10,151–500,1.31,0.140224,0.312411,0,0,0,,0.897,2024-25
2026-07-20,2026-07-27,45021,Cherokee County,South Carolina,SC,quiet,0.000828,534,17,501+,0.75,0.003264,561,17,501+,0.95,0.139763,0.237231,0,0,36,18,0.932,2024-25
2026-07-20,2026-07-27,41007,Clatsop County,Oregon,OR,quiet,0.000824,535,11,501+,0.75,0.002996,601,13,501+,0.87,0.139125,0.219599,0,0,0,,0.905,2024-25
2026-07-20,2026-07-27,08015,Chaffee County,Colorado,CO,quiet,0.000821,536,22,501+,0.74,0.002947,609,26,501+,0.86,0.138677,0.216327,0,0,0,,0.8261,2024-25
2026-07-20,2026-07-27,31033,Cheyenne County,Nebraska,NE,quiet,0.00082,537,5,501+,0.74,0.00282,629,4,501+,0.82,0.138418,0.207693,0,0,0,,0.957142857,2024-25
2026-07-20,2026-07-27,45077,Pickens County,South Carolina,SC,quiet,0.000818,538,18,501+,0.74,0.004477,440,11,151–500,1.3,0.138146,0.310369,0,0,6,18,0.945,2024-25
2026-07-20,2026-07-27,30093,Silver Bow County,Montana,MT,quiet,0.000815,539,10,501+,0.74,0.004295,455,8,151–500,1.25,0.137705,0.300113,0,0,0,,,
2026-07-20,2026-07-27,12015,Charlotte County,Florida,FL,quiet,0.000812,540,29,501+,0.74,0.00329,557,31,501+,0.96,0.137141,0.238884,0,0,0,,0.892,2024-25
2026-07-20,2026-07-27,08109,Saguache County,Colorado,CO,quiet,0.000811,541,23,501+,0.73,0.003926,487,21,151–500,1.14,0.137031,0.27851,0,0,1,16,0.8116,2024-25
2026-07-20,2026-07-27,41059,Umatilla County,Oregon,OR,quiet,0.000808,542,12,501+,0.73,0.003022,597,12,501+,0.88,0.136517,0.221304,0,0,0,,0.935,2024-25
2026-07-20,2026-07-27,19113,Linn County,Iowa,IA,quiet,0.000805,543,5,501+,0.73,0.002946,611,6,501+,0.86,0.135926,0.216237,0,0,0,,0.90505195,2024-25
2026-07-20,2026-07-27,34011,Cumberland County,New Jersey,NJ,quiet,0.000804,544,19,501+,0.73,0.005296,389,17,151–500,1.54,0.135841,0.353975,0,0,0,,0.954,2024-25
2026-07-20,2026-07-27,17111,McHenry County,Illinois,IL,quiet,0.000803,545,8,501+,0.73,0.003373,541,9,501+,0.98,0.13563,0.244224,0,0,0,,0.957,2024-25
2026-07-20,2026-07-27,48041,Brazos County,Texas,TX,quiet,0.000801,546,38,501+,0.73,0.001904,818,69,501+,0.55,0.135379,0.142145,0,0,0,,0.979899,2024-25
2026-07-20,2026-07-27,29037,Cass County,Missouri,MO,quiet,0.000793,547,9,501+,0.72,0.002216,738,12,501+,0.64,0.133958,0.165165,0,0,0,,0.898,2024-25
2026-07-20,2026-07-27,45041,Florence County,South Carolina,SC,quiet,0.000792,548,19,501+,0.72,0.003234,567,18,501+,0.94,0.133867,0.235276,0,0,0,,0.969,2024-25
2026-07-20,2026-07-27,42129,Westmoreland County,Pennsylvania,PA,quiet,0.00079,549,37,501+,0.72,0.004055,474,31,151–500,1.18,0.13348,0.286165,0,0,0,,0.921,2024-25
2026-07-20,2026-07-27,46129,Walworth County,South Dakota,SD,quiet,0.000789,550,5,501+,0.71,0.003255,563,8,501+,0.95,0.133397,0.236666,0,0,0,,0.91,2024-25
2026-07-20,2026-07-27,46029,Codington County,South Dakota,SD,quiet,0.000786,551,6,501+,0.71,0.00243,694,11,501+,0.71,0.132866,0.180559,0,0,0,,0.9,2024-25
2026-07-20,2026-07-27,12131,Walton County,Florida,FL,quiet,0.000784,552,30,501+,0.71,0.004453,444,29,151–500,1.29,0.132584,0.309066,0,0,0,,0.885,2024-25
2026-07-20,2026-07-27,48189,Hale County,Texas,TX,quiet,0.000784,553,39,501+,0.71,0.001439,992,91,501+,0.42,0.132562,0.106733,0,0,5,67,0.97619,2024-25
2026-07-20,2026-07-27,54037,Jefferson County,West Virginia,WV,quiet,0.00078,554,2,501+,0.71,0.002501,678,2,501+,0.73,0.131832,0.185546,0,0,0,,,
2026-07-20,2026-07-27,05143,Washington County,Arkansas,AR,quiet,0.000777,555,4,501+,0.7,0.003066,591,5,501+,0.89,0.131426,0.224212,0,0,0,,,
2026-07-20,2026-07-27,50027,Windsor County,Vermont,VT,quiet,0.000777,556,2,501+,0.7,0.003317,551,1,501+,0.96,0.131389,0.240629,0,0,0,,0.95,2024-25
2026-07-20,2026-07-27,29097,Jasper County,Missouri,MO,quiet,0.000775,557,10,501+,0.7,0.002748,633,10,501+,0.8,0.131142,0.202733,0,0,0,,0.919,2024-25
2026-07-20,2026-07-27,47011,Bradley County,Tennessee,TN,quiet,0.000775,558,5,501+,0.7,0.005535,379,4,151–500,1.61,0.131103,0.365916,0,0,0,,0.9,2024-25
2026-07-20,2026-07-27,56005,Campbell County,Wyoming,WY,quiet,0.00077,559,14,501+,0.7,0.002354,710,16,501+,0.68,0.130293,0.175077,0,0,0,,0.94,2022-23
2026-07-20,2026-07-27,23019,Penobscot County,Maine,ME,quiet,0.000769,560,1,501+,0.7,0.006083,360,1,151–500,1.77,0.130149,0.39194,0,0,5,22,0.9744,2024-25
2026-07-20,2026-07-27,19163,Scott County,Iowa,IA,quiet,0.000769,561,6,501+,0.7,0.002175,749,7,501+,0.63,0.13006,0.16217,0,0,0,,0.88769004,2024-25
2026-07-20,2026-07-27,20081,Haskell County,Kansas,KS,quiet,0.000769,562,7,501+,0.7,0.002289,729,6,501+,0.66,0.130051,0.170448,0,0,19,54,0.7821,2024-25
2026-07-20,2026-07-27,16079,Shoshone County,Idaho,ID,quiet,0.000767,563,16,501+,0.69,0.002322,716,26,501+,0.67,0.129713,0.172771,0,0,0,,0.7,2024-25
2026-07-20,2026-07-27,38097,Traill County,North Dakota,ND,quiet,0.000759,564,9,501+,0.69,0.002675,648,12,501+,0.78,0.128348,0.197718,0,0,1,20,0.9535,2024-25
2026-07-20,2026-07-27,16049,Idaho County,Idaho,ID,quiet,0.000758,565,17,501+,0.69,0.001619,918,29,501+,0.47,0.128239,0.120585,0,0,0,,0.54,2024-25
2026-07-20,2026-07-27,39103,Medina County,Ohio,OH,quiet,0.000755,566,22,501+,0.68,0.004494,437,17,151–500,1.31,0.127806,0.311345,0,0,0,,0.917,2024-25
2026-07-20,2026-07-27,16009,Benewah County,Idaho,ID,quiet,0.000754,567,18,501+,0.68,0.002454,688,24,501+,0.71,0.127596,0.18225,0,0,0,,0.7,2024-25
2026-07-20,2026-07-27,08097,Pitkin County,Colorado,CO,quiet,0.000753,568,24,501+,0.68,0.003019,598,25,501+,0.88,0.127465,0.221086,0,0,0,,0.88,2024-25
2026-07-20,2026-07-27,01073,Jefferson County,Alabama,AL,quiet,0.000752,569,3,501+,0.68,0.005154,397,1,151–500,1.5,0.127242,0.346736,0,0,0,,0.9643,2024-25
2026-07-20,2026-07-27,04001,Apache County,Arizona,AZ,quiet,0.000748,570,12,501+,0.68,0.002214,739,12,501+,0.64,0.12665,0.164999,0,0,0,,0.878,2024-25
2026-07-20,2026-07-27,48231,Hunt County,Texas,TX,quiet,0.000748,571,40,501+,0.68,0.002685,644,44,501+,0.78,0.126555,0.198452,0,0,0,,0.934137,2024-25
2026-07-20,2026-07-27,56031,Platte County,Wyoming,WY,quiet,0.000748,572,15,501+,0.68,0.002961,606,15,501+,0.86,0.12652,0.217248,0,0,0,,0.8,2022-23
2026-07-20,2026-07-27,08051,Gunnison County,Colorado,CO,quiet,0.000745,573,25,501+,0.67,0.001862,828,28,501+,0.54,0.126041,0.139007,0,0,0,,0.8456,2024-25
2026-07-20,2026-07-27,41053,Polk County,Oregon,OR,quiet,0.000745,574,13,501+,0.67,0.00446,442,11,151–500,1.3,0.126037,0.309433,0,0,0,,0.9,2024-25
2026-07-20,2026-07-27,48367,Parker County,Texas,TX,quiet,0.000742,575,41,501+,0.67,0.002737,635,43,501+,0.79,0.125642,0.20199,0,0,0,,0.898144,2024-25
2026-07-20,2026-07-27,12053,Hernando County,Florida,FL,quiet,0.000739,576,31,501+,0.67,0.003869,496,30,151–500,1.12,0.125091,0.275054,0,0,0,,0.89,2024-25
2026-07-20,2026-07-27,48139,Ellis County,Texas,TX,quiet,0.000736,577,42,501+,0.67,0.002676,647,45,501+,0.78,0.124665,0.197811,0,0,0,,0.930262,2024-25
2026-07-20,2026-07-27,42033,Clearfield County,Pennsylvania,PA,quiet,0.000736,578,38,501+,0.67,0.00319,580,38,501+,0.93,0.124619,0.232389,0,0,0,,0.93,2024-25
2026-07-20,2026-07-27,48423,Smith County,Texas,TX,quiet,0.000736,579,43,501+,0.67,0.003352,543,37,501+,0.97,0.124588,0.24289,0,0,0,,0.929083,2024-25
2026-07-20,2026-07-27,32001,Churchill County,Nevada,NV,quiet,0.000736,580,4,501+,0.67,0.001736,876,11,501+,0.5,0.124541,0.129477,0,0,0,,0.929,2024-25
2026-07-20,2026-07-27,48279,Lamb County,Texas,TX,quiet,0.000736,581,44,501+,0.67,0.001762,864,76,501+,0.51,0.124529,0.131427,0,0,1,70,0.925466,2024-25
2026-07-20,2026-07-27,39123,Ottawa County,Ohio,OH,quiet,0.000735,582,23,501+,0.67,0.002954,607,28,501+,0.86,0.124409,0.216765,0,0,1,19,0.87,2024-25
2026-07-20,2026-07-27,48501,Yoakum County,Texas,TX,quiet,0.000734,583,45,501+,0.67,0.002293,727,53,501+,0.67,0.124353,0.170704,0,0,20,63,0.946154,2024-25
2026-07-20,2026-07-27,48165,Gaines County,Texas,TX,quiet,0.000729,584,46,501+,0.66,0.002141,760,61,501+,0.62,0.123487,0.159676,0,0,414,55,0.772563,2024-25
2026-07-20,2026-07-27,39045,Fairfield County,Ohio,OH,quiet,0.000713,585,24,501+,0.65,0.004323,452,19,151–500,1.26,0.120836,0.301708,0,0,0,,0.931,2024-25
2026-07-20,2026-07-27,41011,Coos County,Oregon,OR,quiet,0.000713,586,14,501+,0.65,0.002384,706,15,501+,0.69,0.120775,0.177256,0,0,0,,0.915,2024-25
2026-07-20,2026-07-27,48341,Moore County,Texas,TX,quiet,0.00071,587,47,501+,0.64,0.003623,514,33,501+,1.05,0.120304,0.26003,0,0,0,,0.965699,2024-25
2026-07-20,2026-07-27,46093,Meade County,South Dakota,SD,quiet,0.000708,588,7,501+,0.64,0.004248,459,5,151–500,1.23,0.119896,0.297407,0,0,2,58,0.9,2024-25
2026-07-20,2026-07-27,48021,Bastrop County,Texas,TX,quiet,0.000706,589,48,501+,0.64,0.002251,733,55,501+,0.65,0.119596,0.167663,0,0,0,,0.95461,2024-25
2026-07-20,2026-07-27,39169,Wayne County,Ohio,OH,quiet,0.000703,590,25,501+,0.64,0.006202,357,14,151–500,1.8,0.119016,0.397359,0,0,0,,0.87,2024-25
2026-07-20,2026-07-27,23031,York County,Maine,ME,quiet,0.000702,591,2,501+,0.64,0.001964,799,5,501+,0.57,0.119,0.146579,0,0,0,,0.9792,2024-25
2026-07-20,2026-07-27,39077,Huron County,Ohio,OH,quiet,0.000702,592,26,501+,0.64,0.003056,592,27,501+,0.89,0.11899,0.223568,0,0,0,,0.861,2024-25
2026-07-20,2026-07-27,47105,Loudon County,Tennessee,TN,quiet,0.000701,593,6,501+,0.63,0.00154,945,17,501+,0.45,0.118702,0.114497,0,0,0,,0.931,2024-25
2026-07-20,2026-07-27,42013,Blair County,Pennsylvania,PA,quiet,0.000698,594,39,501+,0.63,0.003217,571,37,501+,0.93,0.118295,0.234175,0,0,0,,0.92,2024-25
2026-07-20,2026-07-27,36091,Saratoga County,New York,NY,quiet,0.000698,595,22,501+,0.63,0.002058,776,24,501+,0.6,0.118203,0.15358,0,0,0,,0.998858863,2024-25
2026-07-20,2026-07-27,47149,Rutherford County,Tennessee,TN,quiet,0.000697,596,7,501+,0.63,0.004312,453,5,151–500,1.25,0.118167,0.301038,0,0,0,,0.962,2024-25
2026-07-20,2026-07-27,36045,Jefferson County,New York,NY,quiet,0.000696,597,23,501+,0.63,0.003391,537,20,501+,0.98,0.117912,0.245391,0,0,0,,0.994304515,2024-25
2026-07-20,2026-07-27,26159,Van Buren County,Michigan,MI,quiet,0.000693,598,15,501+,0.63,0.003017,599,19,501+,0.88,0.117445,0.220952,0,0,0,,0.94326923,2024-25
2026-07-20,2026-07-27,37109,Lincoln County,North Carolina,NC,quiet,0.000693,599,19,501+,0.63,0.004619,430,14,151–500,1.34,0.117357,0.318295,0,0,1,24,0.88762984,2024-25
2026-07-20,2026-07-27,49007,Carbon County,Utah,UT,quiet,0.000692,600,18,501+,0.63,0.002524,669,21,501+,0.73,0.117336,0.187156,0,0,0,,0.875486,2024-25
2026-07-20,2026-07-27,18091,LaPorte County,Indiana,IN,quiet,0.000691,601,6,501+,0.63,0.003421,535,8,501+,0.99,0.117053,0.247325,0,0,0,,0.8926,2024-25
2026-07-20,2026-07-27,35055,Taos County,New Mexico,NM,quiet,0.000687,602,11,501+,0.62,0.001259,1076,18,501+,0.37,0.116427,0.092736,0,0,0,,0.8944,2024-25
2026-07-20,2026-07-27,37089,Henderson County,North Carolina,NC,quiet,0.000686,603,20,501+,0.62,0.004175,466,16,151–500,1.21,0.1163,0.293169,0,0,0,,0.90790791,2024-25
2026-07-20,2026-07-27,21073,Franklin County,Kentucky,KY,quiet,0.000682,604,6,501+,0.62,0.002847,626,8,501+,0.83,0.115629,0.2095,0,0,1,73,0.944,2024-25
2026-07-20,2026-07-27,36055,Monroe County,New York,NY,quiet,0.000681,605,24,501+,0.62,0.00559,376,13,151–500,1.62,0.115458,0.368611,0,0,0,,0.994257747,2024-25
2026-07-20,2026-07-27,09140,Naugatuck Valley Planning Region,Connecticut,CT,quiet,0.00068,606,5,501+,0.62,0.002301,725,5,501+,0.67,0.115165,0.171278,0,0,0,,0.987,2024-25
2026-07-20,2026-07-27,26075,Jackson County,Michigan,MI,quiet,0.00068,607,16,501+,0.62,0.004502,436,14,151–500,1.31,0.115152,0.311797,0,0,0,,0.91856492,2024-25
2026-07-20,2026-07-27,39143,Sandusky County,Ohio,OH,quiet,0.000679,608,27,501+,0.61,0.003429,533,23,501+,1.0,0.114989,0.247827,0,0,0,,0.864,2024-25
2026-07-20,2026-07-27,37171,Surry County,North Carolina,NC,quiet,0.000669,609,21,501+,0.61,0.002477,684,27,501+,0.72,0.11342,0.183891,0,0,0,,0.94634146,2024-25
2026-07-20,2026-07-27,36013,Chautauqua County,New York,NY,quiet,0.000668,610,25,501+,0.6,0.002089,770,23,501+,0.61,0.113196,0.155887,0,0,0,,0.991643575,2024-25
2026-07-20,2026-07-27,16021,Boundary County,Idaho,ID,quiet,0.000666,611,19,501+,0.6,0.001951,802,28,501+,0.57,0.112911,0.145651,0,0,6,37,0.68,2024-25
2026-07-20,2026-07-27,27171,Wright County,Minnesota,MN,quiet,0.000666,612,14,501+,0.6,0.002464,686,16,501+,0.72,0.11282,0.18292,0,0,0,,0.852,2024-25
2026-07-20,2026-07-27,51187,Warren County,Virginia,VA,quiet,0.000665,613,10,501+,0.6,0.001583,929,17,501+,0.46,0.112746,0.117792,0,0,0,,0.739,2024-25
2026-07-20,2026-07-27,39005,Ashland County,Ohio,OH,quiet,0.000664,614,28,501+,0.6,0.002493,681,33,501+,0.72,0.112472,0.184973,0,0,0,,0.897,2024-25
2026-07-20,2026-07-27,51041,Chesterfield County,Virginia,VA,quiet,0.000663,615,11,501+,0.6,0.003025,596,10,501+,0.88,0.112401,0.22151,0,0,0,,0.866,2024-25
2026-07-20,2026-07-27,37101,Johnston County,North Carolina,NC,quiet,0.000662,616,22,501+,0.6,0.004049,475,18,151–500,1.18,0.112257,0.285779,0,0,1,23,0.93714093,2024-25
2026-07-20,2026-07-27,29169,Pulaski County,Missouri,MO,quiet,0.000662,617,11,501+,0.6,0.001577,932,15,501+,0.46,0.112156,0.117376,0,0,0,,0.906,2024-25
2026-07-20,2026-07-27,38057,Mercer County,North Dakota,ND,quiet,0.000661,618,10,501+,0.6,0.00366,512,9,501+,1.06,0.111963,0.262315,0,0,0,,0.8198,2024-25
2026-07-20,2026-07-27,23005,Cumberland County,Maine,ME,quiet,0.000659,619,3,501+,0.6,0.002961,605,3,501+,0.86,0.111697,0.217248,0,0,0,,0.9771,2024-25
2026-07-20,2026-07-27,26103,Marquette County,Michigan,MI,quiet,0.000655,620,17,501+,0.59,0.003445,531,17,501+,1.0,0.111025,0.248828,0,0,2,59,0.92822967,2024-25
2026-07-20,2026-07-27,21113,Jessamine County,Kentucky,KY,quiet,0.000654,621,7,501+,0.59,0.005026,403,4,151–500,1.46,0.110807,0.34008,0,0,4,25,0.879,2024-25
2026-07-20,2026-07-27,49025,Kane County,Utah,UT,quiet,0.000652,622,19,501+,0.59,0.0028,630,20,501+,0.81,0.110429,0.206305,0,0,0,,0.831683,2024-25
2026-07-20,2026-07-27,53045,Mason County,Washington,WA,quiet,0.00065,623,22,501+,0.59,0.003331,546,22,501+,0.97,0.11013,0.241551,0,0,0,,0.902,2024-25
2026-07-20,2026-07-27,16007,Bear Lake County,Idaho,ID,quiet,0.000648,624,20,501+,0.59,0.004611,431,13,151–500,1.34,0.109823,0.317861,0,0,0,,0.86,2024-25
2026-07-20,2026-07-27,48079,Cochran County,Texas,TX,quiet,0.000646,625,49,501+,0.58,0.001236,1096,103,501+,0.36,0.109489,0.090946,0,0,14,65,0.926829,2024-25
2026-07-20,2026-07-27,06009,Calaveras County,California,CA,quiet,0.000643,626,40,501+,0.58,0.002867,623,37,501+,0.83,0.108936,0.210883,0,0,0,,0.94862,2024-25
2026-07-20,2026-07-27,48499,Wood County,Texas,TX,quiet,0.000641,627,50,501+,0.58,0.002358,708,51,501+,0.68,0.108669,0.175388,0,0,0,,0.925581,2024-25
2026-07-20,2026-07-27,06031,Kings County,California,CA,quiet,0.000639,628,41,501+,0.58,0.001599,924,45,501+,0.46,0.10839,0.119006,0,0,0,,0.97917,2024-25
2026-07-20,2026-07-27,37085,Harnett County,North Carolina,NC,quiet,0.000638,629,23,501+,0.58,0.002926,613,23,501+,0.85,0.108208,0.214891,0,0,0,,0.90358467,2024-25
2026-07-20,2026-07-27,48219,Hockley County,Texas,TX,quiet,0.000637,630,51,501+,0.58,0.003423,534,35,501+,0.99,0.107926,0.247408,0,0,7,50,0.945338,2024-25
2026-07-20,2026-07-27,40051,Grady County,Oklahoma,OK,quiet,0.000636,631,9,501+,0.58,0.002689,642,8,501+,0.78,0.107885,0.198723,0,0,0,,0.8885,2024-25
2026-07-20,2026-07-27,48035,Bosque County,Texas,TX,quiet,0.000636,632,52,501+,0.58,0.0019,819,70,501+,0.55,0.107879,0.141818,0,0,0,,0.92973,2024-25
2026-07-20,2026-07-27,17001,Adams County,Illinois,IL,quiet,0.000634,633,9,501+,0.57,0.001235,1097,22,501+,0.36,0.107407,0.090872,0,0,0,,0.985,2024-25
2026-07-20,2026-07-27,38067,Pembina County,North Dakota,ND,quiet,0.000632,634,11,501+,0.57,0.003186,582,10,501+,0.93,0.107147,0.23216,0,0,23,20,0.9565,2024-25
2026-07-20,2026-07-27,41009,Columbia County,Oregon,OR,quiet,0.000632,635,15,501+,0.57,0.002704,639,14,501+,0.79,0.107113,0.199717,0,0,0,,0.861,2024-25
2026-07-20,2026-07-27,12085,Martin County,Florida,FL,quiet,0.000632,636,32,501+,0.57,0.002573,663,32,501+,0.75,0.107108,0.190616,0,0,0,,0.885,2024-25
2026-07-20,2026-07-27,37161,Rutherford County,North Carolina,NC,quiet,0.000632,637,24,501+,0.57,0.002899,616,24,501+,0.84,0.107102,0.213088,0,0,1,78,0.92896936,2024-25
2026-07-20,2026-07-27,48053,Burnet County,Texas,TX,quiet,0.000632,638,53,501+,0.57,0.00243,695,49,501+,0.71,0.107069,0.180551,0,0,0,,0.881002,2024-25
2026-07-20,2026-07-27,23001,Androscoggin County,Maine,ME,quiet,0.000631,639,4,501+,0.57,0.003605,515,2,501+,1.05,0.106982,0.258898,0,0,0,,0.9685,2024-25
2026-07-20,2026-07-27,55081,Monroe County,Wisconsin,WI,quiet,0.000631,640,9,501+,0.57,0.0012,1113,32,501+,0.35,0.106966,0.088169,0,0,0,,0.84,2024-25
2026-07-20,2026-07-27,50025,Windham County,Vermont,VT,quiet,0.000629,641,3,501+,0.57,0.002109,766,4,501+,0.61,0.106604,0.157328,0,0,0,,0.91,2024-25
2026-07-20,2026-07-27,37141,Pender County,North Carolina,NC,quiet,0.000629,642,25,501+,0.57,0.00205,781,32,501+,0.6,0.106591,0.152949,0,0,0,,0.9286754,2024-25
2026-07-20,2026-07-27,46065,Hughes County,South Dakota,SD,quiet,0.000626,643,8,501+,0.57,0.001255,1079,19,501+,0.36,0.106115,0.092426,0,0,0,,0.94,2024-25
2026-07-20,2026-07-27,55133,Waukesha County,Wisconsin,WI,quiet,0.000626,644,10,501+,0.57,0.004716,417,6,151–500,1.37,0.106099,0.323598,0,0,1,27,0.88,2024-25
2026-07-20,2026-07-27,15007,Kauai County,Hawaii,HI,quiet,0.000625,645,4,501+,0.57,0.001313,1053,4,501+,0.38,0.105862,0.096969,0,0,0,,0.6616,2024-25
2026-07-20,2026-07-27,06025,Imperial County,California,CA,quiet,0.000621,646,42,501+,0.56,0.001769,859,43,501+,0.51,0.105336,0.132002,0,0,0,,0.99098,2024-25
2026-07-20,2026-07-27,29183,St. Charles County,Missouri,MO,quiet,0.000617,647,12,501+,0.56,0.003388,539,8,501+,0.98,0.104553,0.245216,0,0,0,,0.947,2024-25
2026-07-20,2026-07-27,27049,Goodhue County,Minnesota,MN,quiet,0.000616,648,15,501+,0.56,0.002532,668,15,501+,0.74,0.104456,0.187728,0,0,0,,0.923,2024-25
2026-07-20,2026-07-27,18019,Clark County,Indiana,IN,quiet,0.000614,649,7,501+,0.56,0.004634,428,6,151–500,1.35,0.104048,0.31909,0,0,0,,0.8931,2024-25
2026-07-20,2026-07-27,17143,Peoria County,Illinois,IL,quiet,0.000612,650,10,501+,0.55,0.003046,595,11,501+,0.88,0.103797,0.222924,0,0,0,,0.966,2024-25
2026-07-20,2026-07-27,08007,Archuleta County,Colorado,CO,quiet,0.000607,651,26,501+,0.55,0.003156,585,24,501+,0.92,0.102903,0.230158,0,0,1,67,0.8148,2024-25
2026-07-20,2026-07-27,46011,Brookings County,South Dakota,SD,quiet,0.000607,652,9,501+,0.55,0.005923,365,4,151–500,1.72,0.102784,0.384533,0,0,3,8,0.9,2024-25
2026-07-20,2026-07-27,48369,Parmer County,Texas,TX,quiet,0.000606,653,54,501+,0.55,0.00323,568,40,501+,0.94,0.102627,0.235011,0,0,5,63,0.972414,2024-25
2026-07-20,2026-07-27,06011,Colusa County,California,CA,quiet,0.000605,654,43,501+,0.55,0.001404,1003,46,501+,0.41,0.102535,0.104023,0,0,0,,0.96181,2024-25
2026-07-20,2026-07-27,19049,Dallas County,Iowa,IA,quiet,0.000604,655,7,501+,0.55,0.004713,419,3,151–500,1.37,0.102431,0.323409,0,0,0,,0.93498049,2024-25
2026-07-20,2026-07-27,25023,Plymouth County,Massachusetts,MA,quiet,0.000604,656,8,501+,0.55,0.002847,625,8,501+,0.83,0.102406,0.209501,0,0,0,,0.962,2024-25
2026-07-20,2026-07-27,32023,Nye County,Nevada,NV,quiet,0.000604,657,5,501+,0.55,0.003836,500,4,151–500,1.11,0.102348,0.273057,0,0,0,,0.825,2024-25
2026-07-20,2026-07-27,17161,Rock Island County,Illinois,IL,quiet,0.000602,658,11,501+,0.54,0.002008,793,14,501+,0.58,0.101964,0.149872,0,0,0,,0.968,2024-25
2026-07-20,2026-07-27,31141,Platte County,Nebraska,NE,quiet,0.0006,659,6,501+,0.54,0.002701,640,5,501+,0.78,0.101669,0.199514,0,0,1,29,0.978308026,2024-25
2026-07-20,2026-07-27,39129,Pickaway County,Ohio,OH,quiet,0.000599,660,29,501+,0.54,0.002418,699,34,501+,0.7,0.101523,0.179656,0,0,0,,0.937,2024-25
2026-07-20,2026-07-27,32510,Carson City,Nevada,NV,quiet,0.000597,661,6,501+,0.54,0.002878,621,5,501+,0.84,0.101129,0.211632,0,0,0,,0.955,2024-25
2026-07-20,2026-07-27,04023,Santa Cruz County,Arizona,AZ,quiet,0.000596,662,13,501+,0.54,0.002512,673,11,501+,0.73,0.10094,0.186317,0,0,0,,0.982,2024-25
2026-07-20,2026-07-27,38089,Stark County,North Dakota,ND,quiet,0.000594,663,12,501+,0.54,0.002204,740,13,501+,0.64,0.100628,0.164247,0,0,0,,0.8727,2024-25
2026-07-20,2026-07-27,26115,Monroe County,Michigan,MI,quiet,0.000593,664,18,501+,0.54,0.006435,346,11,151–500,1.87,0.100431,0.407788,0,0,1,16,0.89901904,2024-25
2026-07-20,2026-07-27,55071,Manitowoc County,Wisconsin,WI,quiet,0.000592,665,11,501+,0.54,0.002505,677,16,501+,0.73,0.100301,0.185804,0,0,0,,0.88,2024-25
2026-07-20,2026-07-27,45043,Georgetown County,South Carolina,SC,quiet,0.000592,666,20,501+,0.54,0.002042,783,21,501+,0.59,0.100268,0.152374,0,0,0,,0.958,2024-25
2026-07-20,2026-07-27,48325,Medina County,Texas,TX,quiet,0.000591,667,55,501+,0.54,0.003183,584,41,501+,0.92,0.100183,0.231956,0,0,0,,0.966535,2024-25
2026-07-20,2026-07-27,38061,Mountrail County,North Dakota,ND,quiet,0.000589,668,13,501+,0.53,0.002707,637,11,501+,0.79,0.09977,0.19993,0,0,0,,0.8721,2024-25
2026-07-20,2026-07-27,37031,Carteret County,North Carolina,NC,quiet,0.000587,669,26,501+,0.53,0.002032,787,33,501+,0.59,0.099511,0.151675,0,0,0,,0.94867257,2024-25
2026-07-20,2026-07-27,37149,Polk County,North Carolina,NC,quiet,0.000587,670,27,501+,0.53,0.00323,569,21,501+,0.94,0.099435,0.234984,0,0,5,22,0.83928571,2024-25
2026-07-20,2026-07-27,35061,Valencia County,New Mexico,NM,quiet,0.000587,671,12,501+,0.53,0.002416,700,13,501+,0.7,0.099413,0.179496,0,0,0,,0.9514,2024-25
2026-07-20,2026-07-27,39165,Warren County,Ohio,OH,quiet,0.000586,672,30,501+,0.53,0.002004,795,37,501+,0.58,0.099362,0.149549,0,0,0,,0.918,2024-25
2026-07-20,2026-07-27,48195,Hansford County,Texas,TX,quiet,0.000586,673,56,501+,0.53,0.003526,524,34,501+,1.02,0.099276,0.253974,0,0,0,,0.963415,2024-25
2026-07-20,2026-07-27,50015,Lamoille County,Vermont,VT,quiet,0.000586,674,4,501+,0.53,0.003205,574,2,501+,0.93,0.099253,0.233373,0,0,1,71,0.91,2024-25
2026-07-20,2026-07-27,13297,Walton County,Georgia,GA,quiet,0.000585,675,11,501+,0.53,0.002166,752,13,501+,0.63,0.099048,0.161522,0,0,0,,,
2026-07-20,2026-07-27,47047,Fayette County,Tennessee,TN,quiet,0.000581,676,8,501+,0.53,0.001893,820,13,501+,0.55,0.098431,0.141338,0,0,0,,0.938,2024-25
2026-07-20,2026-07-27,18085,Kosciusko County,Indiana,IN,quiet,0.00058,677,8,501+,0.53,0.005172,395,4,151–500,1.5,0.098305,0.347666,0,0,0,,0.8777,2024-25
2026-07-20,2026-07-27,37111,McDowell County,North Carolina,NC,quiet,0.000579,678,28,501+,0.52,0.002292,728,29,501+,0.67,0.09814,0.170628,0,0,0,,0.9747191,2024-25
2026-07-20,2026-07-27,35009,Curry County,New Mexico,NM,quiet,0.000578,679,13,501+,0.52,0.002178,746,14,501+,0.63,0.09785,0.162382,0,0,1,63,0.9784,2024-25
2026-07-20,2026-07-27,51067,Franklin County,Virginia,VA,quiet,0.000577,680,12,501+,0.52,0.002495,680,12,501+,0.72,0.097775,0.185141,0,0,0,,0.902,2024-25
2026-07-20,2026-07-27,49029,Morgan County,Utah,UT,quiet,0.000576,681,20,501+,0.52,0.000845,1385,26,501+,0.25,0.097519,0.060344,0,0,0,,0.867816,2024-25
2026-07-20,2026-07-27,18099,Marshall County,Indiana,IN,quiet,0.000575,682,9,501+,0.52,0.002307,722,11,501+,0.67,0.097391,0.171695,0,0,0,,0.8797,2024-25
2026-07-20,2026-07-27,48111,Dallam County,Texas,TX,quiet,0.000573,683,57,501+,0.52,0.003397,536,36,501+,0.99,0.096991,0.245807,0,0,7,70,0.965909,2024-25
2026-07-20,2026-07-27,20209,Wyandotte County,Kansas,KS,quiet,0.00057,684,8,501+,0.52,0.002151,758,8,501+,0.62,0.096489,0.160372,0,0,0,,0.8286,2024-25
2026-07-20,2026-07-27,31019,Buffalo County,Nebraska,NE,quiet,0.00057,685,7,501+,0.52,0.003208,572,3,501+,0.93,0.096481,0.233573,0,0,0,,0.975641026,2024-25
2026-07-20,2026-07-27,34041,Warren County,New Jersey,NJ,quiet,0.000569,686,20,501+,0.52,0.002406,703,20,501+,0.7,0.096343,0.178792,0,0,0,,0.928,2024-25
2026-07-20,2026-07-27,48221,Hood County,Texas,TX,quiet,0.000568,687,58,501+,0.51,0.00224,735,56,501+,0.65,0.096195,0.166878,0,0,0,,0.914063,2024-25
2026-07-20,2026-07-27,16041,Franklin County,Idaho,ID,quiet,0.000565,688,21,501+,0.51,0.004127,470,15,151–500,1.2,0.095717,0.290367,0,0,0,,0.84,2024-25
2026-07-20,2026-07-27,18063,Hendricks County,Indiana,IN,quiet,0.000558,689,10,501+,0.51,0.002864,624,10,501+,0.83,0.094438,0.2107,0,0,0,,0.916,2024-25
2026-07-20,2026-07-27,06023,Humboldt County,California,CA,quiet,0.000557,690,44,501+,0.5,0.003444,532,31,501+,1.0,0.094234,0.248771,0,0,0,,0.93358,2024-25
2026-07-20,2026-07-27,22019,Calcasieu Parish,Louisiana,LA,quiet,0.000557,691,5,501+,0.5,0.003692,509,4,501+,1.07,0.094228,0.264286,0,0,0,,0.9006,2024-25
2026-07-20,2026-07-27,44003,Kent County,Rhode Island,RI,quiet,0.000556,692,2,501+,0.5,0.003745,507,2,501+,1.09,0.094153,0.267514,0,0,0,,0.965,2024-25
2026-07-20,2026-07-27,01125,Tuscaloosa County,Alabama,AL,quiet,0.000554,693,4,501+,0.5,0.002505,676,6,501+,0.73,0.093867,0.18586,0,0,0,,0.9272,2024-25
2026-07-20,2026-07-27,16057,Latah County,Idaho,ID,quiet,0.000554,694,22,501+,0.5,0.004433,445,14,151–500,1.29,0.093813,0.307903,0,0,0,,0.78,2024-25
2026-07-20,2026-07-27,48031,Blanco County,Texas,TX,quiet,0.000551,695,59,501+,0.5,0.001971,798,67,501+,0.57,0.093218,0.147096,0,0,0,,0.860465,2024-25
2026-07-20,2026-07-27,08049,Grand County,Colorado,CO,quiet,0.000549,696,27,501+,0.5,0.003234,566,23,501+,0.94,0.092919,0.23529,0,0,0,,0.84,2024-25
2026-07-20,2026-07-27,48479,Webb County,Texas,TX,quiet,0.000548,697,60,501+,0.5,0.001282,1066,101,501+,0.37,0.092702,0.094536,0,0,0,,0.994189,2024-25
2026-07-20,2026-07-27,17113,McLean County,Illinois,IL,quiet,0.000547,698,12,501+,0.5,0.001832,840,17,501+,0.53,0.092645,0.136736,0,0,0,,0.971,2024-25
2026-07-20,2026-07-27,56043,Washakie County,Wyoming,WY,quiet,0.000546,699,16,501+,0.49,0.003534,522,13,501+,1.03,0.092324,0.254469,0,0,0,,0.9,2022-23
2026-07-20,2026-07-27,32011,Eureka County,Nevada,NV,quiet,0.000545,700,7,501+,0.49,0.000976,1280,14,501+,0.28,0.092319,0.070589,0,0,0,,0.75,2024-25
2026-07-20,2026-07-27,08087,Morgan County,Colorado,CO,quiet,0.000543,701,28,501+,0.49,0.001439,993,32,501+,0.42,0.091838,0.106712,0,0,0,,0.9203,2024-25
2026-07-20,2026-07-27,02185,North Slope Borough,Alaska,AK,quiet,0.000542,702,6,501+,0.49,0.003282,560,6,501+,0.95,0.091668,0.238414,0,0,0,,,
2026-07-20,2026-07-27,08119,Teller County,Colorado,CO,quiet,0.00054,703,29,501+,0.49,0.001458,981,31,501+,0.42,0.091413,0.108218,0,0,0,,0.7811,2024-25
2026-07-20,2026-07-27,48317,Martin County,Texas,TX,quiet,0.000537,704,61,501+,0.49,0.001627,916,83,501+,0.47,0.090859,0.121158,0,0,3,73,0.929577,2024-25
2026-07-20,2026-07-27,24035,Queen Anne's County,Maryland,MD,quiet,0.000537,705,17,501+,0.49,0.002509,674,17,501+,0.73,0.090829,0.186124,0,0,0,,0.9649,2024-25
2026-07-20,2026-07-27,33015,Rockingham County,New Hampshire,NH,quiet,0.000536,706,2,501+,0.49,0.003324,548,3,501+,0.97,0.090741,0.24113,0,0,0,,0.937,2024-25
2026-07-20,2026-07-27,49015,Emery County,Utah,UT,quiet,0.000536,707,21,501+,0.49,0.0029,615,19,501+,0.84,0.090738,0.213111,0,0,0,,0.9,2024-25
2026-07-20,2026-07-27,12089,Nassau County,Florida,FL,quiet,0.000536,708,33,501+,0.49,0.002303,724,33,501+,0.67,0.090717,0.171464,0,0,0,,0.918,2024-25
2026-07-20,2026-07-27,36075,Oswego County,New York,NY,quiet,0.000535,709,26,501+,0.48,0.002496,679,22,501+,0.72,0.090553,0.185191,0,0,0,,0.999161242,2024-25
2026-07-20,2026-07-27,18057,Hamilton County,Indiana,IN,quiet,0.000535,710,11,501+,0.48,0.003322,549,9,501+,0.96,0.090424,0.240996,0,0,0,,0.9437,2024-25
2026-07-20,2026-07-27,21227,Warren County,Kentucky,KY,quiet,0.000533,711,8,501+,0.48,0.001943,804,12,501+,0.56,0.090102,0.145034,0,0,0,,0.886,2024-25
2026-07-20,2026-07-27,30099,Teton County,Montana,MT,quiet,0.000532,712,11,501+,0.48,0.00121,1109,22,501+,0.35,0.089981,0.088952,0,0,0,,,
2026-07-20,2026-07-27,01003,Baldwin County,Alabama,AL,quiet,0.00053,713,5,501+,0.48,0.003955,486,3,151–500,1.15,0.089666,0.280207,0,0,0,,0.9332,2024-25
2026-07-20,2026-07-27,18043,Floyd County,Indiana,IN,quiet,0.000529,714,12,501+,0.48,0.001814,844,14,501+,0.53,0.089493,0.135398,0,0,0,,0.9267,2024-25
2026-07-20,2026-07-27,25001,Barnstable County,Massachusetts,MA,quiet,0.000528,715,9,501+,0.48,0.000978,1276,12,501+,0.28,0.089259,0.070741,0,0,0,,0.952,2024-25
2026-07-20,2026-07-27,13151,Henry County,Georgia,GA,quiet,0.000527,716,12,501+,0.48,0.000935,1305,29,501+,0.27,0.089111,0.067412,0,0,0,,,
2026-07-20,2026-07-27,45071,Newberry County,South Carolina,SC,quiet,0.000526,717,21,501+,0.48,0.00175,869,24,501+,0.51,0.088906,0.130521,0,0,0,,0.975,2024-25
2026-07-20,2026-07-27,53013,Columbia County,Washington,WA,quiet,0.000526,718,23,501+,0.48,0.003188,581,23,501+,0.93,0.088898,0.232257,0,0,0,,0.852,2024-25
2026-07-20,2026-07-27,37069,Franklin County,North Carolina,NC,quiet,0.000522,719,29,501+,0.47,0.002067,775,31,501+,0.6,0.088258,0.15425,0,0,0,,0.94047619,2024-25
2026-07-20,2026-07-27,48257,Kaufman County,Texas,TX,quiet,0.000522,720,62,501+,0.47,0.003322,550,38,501+,0.96,0.088205,0.240974,0,0,0,,0.944037,2024-25
2026-07-20,2026-07-27,48441,Taylor County,Texas,TX,quiet,0.000521,721,63,501+,0.47,0.002237,737,57,501+,0.65,0.088175,0.166664,0,0,0,,0.96213,2024-25
2026-07-20,2026-07-27,35006,Cibola County,New Mexico,NM,quiet,0.000521,722,14,501+,0.47,0.001505,956,16,501+,0.44,0.088098,0.111798,0,0,0,,0.9235,2024-25
2026-07-20,2026-07-27,16045,Gem County,Idaho,ID,quiet,0.00052,723,23,501+,0.47,0.003375,540,18,501+,0.98,0.087843,0.244344,0,0,0,,0.71,2024-25
2026-07-20,2026-07-27,22079,Rapides Parish,Louisiana,LA,quiet,0.00052,724,6,501+,0.47,0.002161,756,7,501+,0.63,0.087843,0.16114,0,0,0,,0.9383,2024-25
2026-07-20,2026-07-27,17073,Henry County,Illinois,IL,quiet,0.000518,725,13,501+,0.47,0.001862,829,16,501+,0.54,0.087571,0.138977,0,0,0,,0.972,2024-25
2026-07-20,2026-07-27,16031,Cassia County,Idaho,ID,quiet,0.000517,726,24,501+,0.47,0.00249,683,23,501+,0.72,0.087404,0.18477,0,0,0,,0.82,2024-25
2026-07-20,2026-07-27,48251,Johnson County,Texas,TX,quiet,0.000516,727,64,501+,0.47,0.002822,628,42,501+,0.82,0.08714,0.207814,0,0,0,,0.927747,2024-25
2026-07-20,2026-07-27,25011,Franklin County,Massachusetts,MA,quiet,0.000515,728,10,501+,0.47,0.001939,805,10,501+,0.56,0.086997,0.144773,0,0,0,,0.915,2024-25
2026-07-20,2026-07-27,20103,Leavenworth County,Kansas,KS,quiet,0.000514,729,9,501+,0.47,0.002534,666,5,501+,0.74,0.086926,0.187861,0,0,0,,0.9627,2024-25
2026-07-20,2026-07-27,17119,Madison County,Illinois,IL,quiet,0.000514,730,14,501+,0.47,0.001923,809,15,501+,0.56,0.086819,0.143566,0,0,0,,0.974,2024-25
2026-07-20,2026-07-27,40125,Pottawatomie County,Oklahoma,OK,quiet,0.000512,731,10,501+,0.46,0.002783,631,7,501+,0.81,0.086608,0.205187,0,0,0,,0.9097,2024-25
2026-07-20,2026-07-27,33017,Strafford County,New Hampshire,NH,quiet,0.000512,732,3,501+,0.46,0.002174,750,4,501+,0.63,0.086487,0.162068,0,0,0,,0.932,2024-25
2026-07-20,2026-07-27,05045,Faulkner County,Arkansas,AR,quiet,0.000511,733,5,501+,0.46,0.004488,438,3,151–500,1.3,0.08641,0.310994,0,0,6,60,,
2026-07-20,2026-07-27,48071,Chambers County,Texas,TX,quiet,0.000511,734,65,501+,0.46,0.001868,825,71,501+,0.54,0.086379,0.139432,0,0,0,,0.9388,2024-25
2026-07-20,2026-07-27,27017,Carlton County,Minnesota,MN,quiet,0.000511,735,16,501+,0.46,0.001069,1207,36,501+,0.31,0.086362,0.077864,0,0,0,,0.923,2024-25
2026-07-20,2026-07-27,21037,Campbell County,Kentucky,KY,quiet,0.00051,736,9,501+,0.46,0.002625,654,10,501+,0.76,0.086227,0.194249,0,0,0,,0.961,2024-25
2026-07-20,2026-07-27,20069,Gray County,Kansas,KS,quiet,0.00051,737,10,501+,0.46,0.001877,824,9,501+,0.55,0.086189,0.140098,0,0,29,53,0.9039,2024-25
2026-07-20,2026-07-27,08113,San Miguel County,Colorado,CO,quiet,0.000509,738,30,501+,0.46,0.001038,1234,38,501+,0.3,0.085991,0.075426,0,0,0,,0.863,2024-25
2026-07-20,2026-07-27,48097,Cooke County,Texas,TX,quiet,0.000508,739,66,501+,0.46,0.002169,751,60,501+,0.63,0.085787,0.161692,0,0,0,,0.915464,2024-25
2026-07-20,2026-07-27,48485,Wichita County,Texas,TX,quiet,0.000507,740,67,501+,0.46,0.003247,564,39,501+,0.94,0.085745,0.236099,0,0,0,,0.961702,2024-25
2026-07-20,2026-07-27,47065,Hamilton County,Tennessee,TN,quiet,0.000506,741,9,501+,0.46,0.003448,530,8,501+,1.0,0.085571,0.249027,0,0,0,,0.92,2024-25
2026-07-20,2026-07-27,55131,Washington County,Wisconsin,WI,quiet,0.000504,742,12,501+,0.46,0.001113,1163,34,501+,0.32,0.085132,0.081299,0,0,0,,0.85,2024-25
2026-07-20,2026-07-27,29039,Cedar County,Missouri,MO,quiet,0.000503,743,13,501+,0.46,0.001017,1246,31,501+,0.3,0.085009,0.073784,0,0,5,55,0.744,2024-25
2026-07-20,2026-07-27,32005,Douglas County,Nevada,NV,quiet,0.000503,744,8,501+,0.45,0.001914,815,9,501+,0.56,0.084888,0.142889,0,0,0,,0.875,2024-25
2026-07-20,2026-07-27,17199,Williamson County,Illinois,IL,quiet,0.000501,745,15,501+,0.45,0.003221,570,10,501+,0.94,0.084557,0.23442,0,0,4,63,0.973,2024-25
2026-07-20,2026-07-27,36083,Rensselaer County,New York,NY,quiet,0.000499,746,27,501+,0.45,0.001344,1030,34,501+,0.39,0.084287,0.099377,0,0,0,,0.999149023,2024-25
2026-07-20,2026-07-27,24001,Allegany County,Maryland,MD,quiet,0.000498,747,18,501+,0.45,0.0023,726,18,501+,0.67,0.084087,0.171185,0,0,0,,0.9505,2024-25
2026-07-20,2026-07-27,09180,Southeastern Connecticut Planning Region,Connecticut,CT,quiet,0.000496,748,6,501+,0.45,0.001514,953,8,501+,0.44,0.08368,0.112499,0,0,0,,0.983,2024-25
2026-07-20,2026-07-27,32017,Lincoln County,Nevada,NV,quiet,0.000495,749,9,501+,0.45,0.002058,777,8,501+,0.6,0.083658,0.153539,0,0,0,,0.696,2024-25
2026-07-20,2026-07-27,48417,Shackelford County,Texas,TX,quiet,0.000495,750,68,501+,0.45,0.001511,955,88,501+,0.44,0.083613,0.11226,0,0,1,64,0.902439,2024-25
2026-07-20,2026-07-27,48179,Gray County,Texas,TX,quiet,0.000495,751,69,501+,0.45,0.002332,714,52,501+,0.68,0.083612,0.173492,0,0,0,,0.971698,2024-25
2026-07-20,2026-07-27,16069,Nez Perce County,Idaho,ID,quiet,0.000494,752,25,501+,0.45,0.002592,660,21,501+,0.75,0.083428,0.191952,0,0,0,,0.86,2024-25
2026-07-20,2026-07-27,01103,Morgan County,Alabama,AL,quiet,0.000493,753,6,501+,0.45,0.003483,526,4,501+,1.01,0.083259,0.251236,0,0,0,,0.9612,2024-25
2026-07-20,2026-07-27,56045,Weston County,Wyoming,WY,quiet,0.000493,754,17,501+,0.45,0.00195,803,17,501+,0.57,0.083162,0.145552,0,0,0,,0.63,2022-23
2026-07-20,2026-07-27,45059,Laurens County,South Carolina,SC,quiet,0.000492,755,22,501+,0.45,0.001335,1039,30,501+,0.39,0.083049,0.098639,0,0,0,,0.96,2024-25
2026-07-20,2026-07-27,21211,Shelby County,Kentucky,KY,quiet,0.000491,756,10,501+,0.44,0.001787,854,16,501+,0.52,0.082899,0.133354,0,0,0,,0.923,2024-25
2026-07-20,2026-07-27,48197,Hardeman County,Texas,TX,quiet,0.00049,757,70,501+,0.44,0.001352,1025,94,501+,0.39,0.08272,0.100025,0,0,1,64,0.972222,2024-25
2026-07-20,2026-07-27,33013,Merrimack County,New Hampshire,NH,quiet,0.00049,758,4,501+,0.44,0.003809,504,2,501+,1.11,0.082655,0.27145,0,0,0,,0.917,2024-25
2026-07-20,2026-07-27,40083,Logan County,Oklahoma,OK,quiet,0.000488,759,11,501+,0.44,0.002443,691,10,501+,0.71,0.082324,0.181442,0,0,0,,0.8969,2024-25
2026-07-20,2026-07-27,39003,Allen County,Ohio,OH,quiet,0.000488,760,31,501+,0.44,0.003337,545,24,501+,0.97,0.082285,0.241957,0,0,1,71,0.857,2024-25
2026-07-20,2026-07-27,39075,Holmes County,Ohio,OH,quiet,0.000487,761,32,501+,0.44,0.002655,650,31,501+,0.77,0.082259,0.196311,0,0,1,68,0.593,2024-25
2026-07-20,2026-07-27,47179,Washington County,Tennessee,TN,quiet,0.000487,762,10,501+,0.44,0.002964,603,10,501+,0.86,0.082219,0.21745,0,0,0,,0.941,2024-25
2026-07-20,2026-07-27,40013,Bryan County,Oklahoma,OK,quiet,0.000487,763,12,501+,0.44,0.001457,982,15,501+,0.42,0.082142,0.108154,0,0,0,,0.9126,2024-25
2026-07-20,2026-07-27,55035,Eau Claire County,Wisconsin,WI,quiet,0.000486,764,13,501+,0.44,0.002899,617,11,501+,0.84,0.081935,0.213067,0,0,0,,0.86,2024-25
2026-07-20,2026-07-27,20149,Pottawatomie County,Kansas,KS,quiet,0.000484,765,11,501+,0.44,0.001643,912,13,501+,0.48,0.081708,0.122441,0,0,0,,0.8904,2024-25
2026-07-20,2026-07-27,36023,Cortland County,New York,NY,quiet,0.000484,766,28,501+,0.44,0.000804,1431,45,501+,0.23,0.081683,0.057138,0,0,0,,0.99913159,2024-25
2026-07-20,2026-07-27,49041,Sevier County,Utah,UT,quiet,0.000484,767,22,501+,0.44,0.005018,404,16,151–500,1.46,0.081682,0.339689,0,0,0,,0.851351,2024-25
2026-07-20,2026-07-27,48229,Hudspeth County,Texas,TX,quiet,0.000484,768,71,501+,0.44,0.006421,348,22,151–500,1.86,0.081648,0.407146,0,0,136,15,0.9375,2024-25
2026-07-20,2026-07-27,26021,Berrien County,Michigan,MI,quiet,0.000484,769,19,501+,0.44,0.001334,1040,33,501+,0.39,0.081644,0.098613,0,0,0,,0.90217391,2024-25
2026-07-20,2026-07-27,48213,Henderson County,Texas,TX,quiet,0.000484,770,72,501+,0.44,0.001677,894,79,501+,0.49,0.081607,0.125019,0,0,0,,0.927676,2024-25
2026-07-20,2026-07-27,29145,Newton County,Missouri,MO,quiet,0.000484,771,14,501+,0.44,0.001197,1116,22,501+,0.35,0.081586,0.087919,0,0,0,,0.893,2024-25
2026-07-20,2026-07-27,55141,Wood County,Wisconsin,WI,quiet,0.000483,772,14,501+,0.44,0.002083,774,20,501+,0.6,0.081566,0.155413,0,0,0,,0.49,2024-25
2026-07-20,2026-07-27,02016,Aleutians West Census Area,Alaska,AK,quiet,0.000483,773,7,501+,0.44,0.001468,977,7,501+,0.43,0.081523,0.108974,0,0,0,,,
2026-07-20,2026-07-27,26015,Barry County,Michigan,MI,quiet,0.000483,774,20,501+,0.44,0.00188,823,23,501+,0.55,0.081436,0.140356,0,0,0,,0.89162562,2024-25
2026-07-20,2026-07-27,06069,San Benito County,California,CA,quiet,0.000481,775,45,501+,0.44,0.001303,1056,47,501+,0.38,0.081087,0.09614,0,0,0,,0.98852,2024-25
2026-07-20,2026-07-27,18027,Daviess County,Indiana,IN,quiet,0.000481,776,13,501+,0.44,0.001063,1212,30,501+,0.31,0.08107,0.077411,0,0,0,,0.9103,2024-25
2026-07-20,2026-07-27,56001,Albany County,Wyoming,WY,quiet,0.00048,777,18,501+,0.43,0.001755,866,18,501+,0.51,0.081008,0.130895,0,0,0,,0.94,2022-23
2026-07-20,2026-07-27,16039,Elmore County,Idaho,ID,quiet,0.00048,778,26,501+,0.43,0.001299,1059,33,501+,0.38,0.080902,0.095871,0,0,0,,0.86,2024-25
2026-07-20,2026-07-27,46101,Moody County,South Dakota,SD,quiet,0.000479,779,10,501+,0.43,0.00231,719,12,501+,0.67,0.080882,0.171915,0,0,0,,0.89,2024-25
2026-07-20,2026-07-27,55115,Shawano County,Wisconsin,WI,quiet,0.000478,780,15,501+,0.43,0.00366,511,9,501+,1.06,0.080582,0.262324,0,0,0,,0.86,2024-25
2026-07-20,2026-07-27,48183,Gregg County,Texas,TX,quiet,0.000477,781,73,501+,0.43,0.001372,1015,92,501+,0.4,0.080519,0.101579,0,0,0,,0.952659,2024-25
2026-07-20,2026-07-27,53001,Adams County,Washington,WA,quiet,0.000476,782,24,501+,0.43,0.00164,914,27,501+,0.48,0.080233,0.122211,0,0,0,,0.954,2024-25
2026-07-20,2026-07-27,55105,Rock County,Wisconsin,WI,quiet,0.000476,783,16,501+,0.43,0.002176,748,19,501+,0.63,0.080226,0.162208,0,0,0,,0.88,2024-25
2026-07-20,2026-07-27,38077,Richland County,North Dakota,ND,quiet,0.000475,784,14,501+,0.43,0.001744,873,15,501+,0.51,0.080158,0.130115,0,0,0,,0.9333,2024-25
2026-07-20,2026-07-27,13101,Echols County,Georgia,GA,quiet,0.000475,785,13,501+,0.43,0.001244,1088,17,501+,0.36,0.080124,0.091559,0,0,0,,,
2026-07-20,2026-07-27,42015,Bradford County,Pennsylvania,PA,quiet,0.000475,786,40,501+,0.43,0.002509,675,42,501+,0.73,0.080084,0.186112,0,0,0,,0.894,2024-25
2026-07-20,2026-07-27,45023,Chester County,South Carolina,SC,quiet,0.000474,787,23,501+,0.43,0.001738,874,25,501+,0.5,0.079958,0.12967,0,0,0,,0.965,2024-25
2026-07-20,2026-07-27,48277,Lamar County,Texas,TX,quiet,0.000473,788,74,501+,0.43,0.002181,744,59,501+,0.63,0.079817,0.16259,0,0,28,54,0.942529,2024-25
2026-07-20,2026-07-27,28033,DeSoto County,Mississippi,MS,quiet,0.000473,789,2,501+,0.43,0.002166,753,2,501+,0.63,0.079741,0.161508,0,0,0,,0.9718,2024-25
2026-07-20,2026-07-27,27141,Sherburne County,Minnesota,MN,quiet,0.000473,790,17,501+,0.43,0.002129,763,18,501+,0.62,0.07973,0.15877,0,0,0,,0.822,2024-25
2026-07-20,2026-07-27,51177,Spotsylvania County,Virginia,VA,quiet,0.000472,791,13,501+,0.43,0.002281,732,13,501+,0.66,0.079563,0.169824,0,0,0,,0.887,2024-25
2026-07-20,2026-07-27,30061,Mineral County,Montana,MT,quiet,0.000472,792,12,501+,0.43,0.001718,882,13,501+,0.5,0.079526,0.128122,0,0,0,,,
2026-07-20,2026-07-27,13153,Houston County,Georgia,GA,quiet,0.000471,793,14,501+,0.43,0.002991,602,9,501+,0.87,0.079346,0.219233,0,0,0,,,
2026-07-20,2026-07-27,48003,Andrews County,Texas,TX,quiet,0.000469,794,75,501+,0.42,0.001137,1151,109,501+,0.33,0.079062,0.083203,0,0,3,65,0.954704,2024-25
2026-07-20,2026-07-27,05145,White County,Arkansas,AR,quiet,0.000468,795,6,501+,0.42,0.001275,1067,8,501+,0.37,0.078853,0.093999,0,0,0,,,
2026-07-20,2026-07-27,32013,Humboldt County,Nevada,NV,quiet,0.000467,796,10,501+,0.42,0.002192,742,7,501+,0.64,0.07871,0.16337,0,0,0,,0.848,2024-25
2026-07-20,2026-07-27,48069,Castro County,Texas,TX,quiet,0.000467,797,76,501+,0.42,0.003849,497,32,151–500,1.12,0.078647,0.273842,0,0,0,,0.963303,2024-25
2026-07-20,2026-07-27,08091,Ouray County,Colorado,CO,quiet,0.000466,798,31,501+,0.42,0.001472,973,30,501+,0.43,0.078624,0.109313,0,0,0,,0.8846,2024-25
2026-07-20,2026-07-27,06045,Mendocino County,California,CA,quiet,0.000463,799,46,501+,0.42,0.001847,834,42,501+,0.54,0.078075,0.13784,0,0,0,,0.96403,2024-25
2026-07-20,2026-07-27,29101,Johnson County,Missouri,MO,quiet,0.00046,800,15,501+,0.42,0.002306,723,11,501+,0.67,0.077515,0.171635,0,0,0,,0.902,2024-25
2026-07-20,2026-07-27,27099,Mower County,Minnesota,MN,quiet,0.000458,801,18,501+,0.41,0.001725,878,23,501+,0.5,0.077149,0.128623,0,0,0,,0.943,2024-25
2026-07-20,2026-07-27,39083,Knox County,Ohio,OH,quiet,0.000458,802,33,501+,0.41,0.009023,276,9,151–500,2.62,0.077145,0.505962,0,0,14,67,0.841,2024-25
2026-07-20,2026-07-27,48019,Bandera County,Texas,TX,quiet,0.000458,803,77,501+,0.41,0.002365,707,50,501+,0.69,0.077134,0.175853,0,0,5,19,0.934783,2024-25
2026-07-20,2026-07-27,48361,Orange County,Texas,TX,quiet,0.000455,804,78,501+,0.41,0.001751,867,77,501+,0.51,0.076551,0.130581,0,0,0,,0.915966,2024-25
2026-07-20,2026-07-27,51740,Portsmouth City,Virginia,VA,quiet,0.000454,805,14,501+,0.41,0.000804,1430,37,501+,0.23,0.076512,0.057145,0,0,0,,0.816,2024-25
2026-07-20,2026-07-27,23003,Aroostook County,Maine,ME,quiet,0.000452,806,5,501+,0.41,0.002597,656,4,501+,0.75,0.076147,0.192277,0,0,0,,0.9724,2024-25
2026-07-20,2026-07-27,21239,Woodford County,Kentucky,KY,quiet,0.000452,807,11,501+,0.41,0.003994,480,7,151–500,1.16,0.076135,0.282554,0,0,3,55,0.925,2024-25
2026-07-20,2026-07-27,55027,Dodge County,Wisconsin,WI,quiet,0.000449,808,17,501+,0.41,0.002824,627,12,501+,0.82,0.075593,0.207961,0,0,0,,0.82,2024-25
2026-07-20,2026-07-27,48211,Hemphill County,Texas,TX,quiet,0.000448,809,79,501+,0.41,0.001913,816,68,501+,0.56,0.075477,0.142837,0,0,0,,0.958333,2024-25
2026-07-20,2026-07-27,51760,Richmond City,Virginia,VA,quiet,0.000448,810,15,501+,0.41,0.001549,940,19,501+,0.45,0.075471,0.115241,0,0,0,,0.896,2024-25
2026-07-20,2026-07-27,30007,Broadwater County,Montana,MT,quiet,0.000448,811,13,501+,0.41,0.001756,865,12,501+,0.51,0.075461,0.130979,0,0,0,,,
2026-07-20,2026-07-27,37191,Wayne County,North Carolina,NC,quiet,0.000446,812,30,501+,0.4,0.00175,868,40,501+,0.51,0.075073,0.130525,0,0,0,,0.94853801,2024-25
2026-07-20,2026-07-27,18087,LaGrange County,Indiana,IN,quiet,0.000445,813,14,501+,0.4,0.00211,765,13,501+,0.61,0.074939,0.157371,0,0,0,,0.7686,2024-25
2026-07-20,2026-07-27,47009,Blount County,Tennessee,TN,quiet,0.000445,814,11,501+,0.4,0.003056,593,9,501+,0.89,0.074901,0.223558,0,0,0,,0.939,2024-25
2026-07-20,2026-07-27,20175,Seward County,Kansas,KS,quiet,0.000443,815,12,501+,0.4,0.001082,1188,20,501+,0.31,0.07451,0.078909,0,0,0,,0.9739,2024-25
2026-07-20,2026-07-27,16067,Minidoka County,Idaho,ID,quiet,0.000442,816,27,501+,0.4,0.002491,682,22,501+,0.72,0.07435,0.184833,0,0,0,,0.92,2024-25
2026-07-20,2026-07-27,35039,Rio Arriba County,New Mexico,NM,quiet,0.000441,817,15,501+,0.4,0.003103,589,11,501+,0.9,0.074196,0.226692,0,0,0,,0.9361,2024-25
2026-07-20,2026-07-27,08043,Fremont County,Colorado,CO,quiet,0.000441,818,32,501+,0.4,0.001668,901,29,501+,0.48,0.074135,0.124278,0,0,0,,0.8731,2024-25
2026-07-20,2026-07-27,18127,Porter County,Indiana,IN,quiet,0.00044,819,15,501+,0.4,0.002143,759,12,501+,0.62,0.074049,0.159777,0,0,0,,0.9055,2024-25
2026-07-20,2026-07-27,55093,Pierce County,Wisconsin,WI,quiet,0.00044,820,18,501+,0.4,0.002774,632,13,501+,0.81,0.073924,0.204517,0,0,0,,0.83,2024-25
2026-07-20,2026-07-27,22055,Lafayette Parish,Louisiana,LA,quiet,0.000439,821,7,501+,0.4,0.002683,645,6,501+,0.78,0.073888,0.198281,0,0,0,,0.8902,2024-25
2026-07-20,2026-07-27,29099,Jefferson County,Missouri,MO,quiet,0.000439,822,16,501+,0.4,0.001809,846,13,501+,0.53,0.073875,0.134986,0,0,0,,0.941,2024-25
2026-07-20,2026-07-27,13053,Chattahoochee County,Georgia,GA,quiet,0.000438,823,15,501+,0.4,0.000624,1644,43,501+,0.18,0.073704,0.043154,0,0,0,,,
2026-07-20,2026-07-27,39139,Richland County,Ohio,OH,quiet,0.000437,824,34,501+,0.4,0.001859,831,40,501+,0.54,0.073551,0.138768,0,0,0,,0.852,2024-25
2026-07-20,2026-07-27,17027,Clinton County,Illinois,IL,quiet,0.000436,825,16,501+,0.4,0.000898,1348,28,501+,0.26,0.073353,0.064487,0,0,0,,0.977,2024-25
2026-07-20,2026-07-27,06051,Mono County,California,CA,quiet,0.000435,826,47,501+,0.39,0.000931,1310,50,501+,0.27,0.073171,0.067045,0,0,0,,0.99,2024-25
2026-07-20,2026-07-27,18145,Shelby County,Indiana,IN,quiet,0.000435,827,16,501+,0.39,0.00147,975,20,501+,0.43,0.073147,0.10912,0,0,0,,0.9725,2024-25
2026-07-20,2026-07-27,26027,Cass County,Michigan,MI,quiet,0.000435,828,21,501+,0.39,0.001345,1029,30,501+,0.39,0.073132,0.099436,0,0,0,,0.93643032,2024-25
2026-07-20,2026-07-27,47021,Cheatham County,Tennessee,TN,quiet,0.000435,829,12,501+,0.39,0.001454,986,20,501+,0.42,0.073089,0.107874,0,0,0,,0.965,2024-25
2026-07-20,2026-07-27,48421,Sherman County,Texas,TX,quiet,0.000435,830,80,501+,0.39,0.001827,842,72,501+,0.53,0.073084,0.136391,0,0,0,,0.925926,2024-25
2026-07-20,2026-07-27,41001,Baker County,Oregon,OR,quiet,0.000434,831,16,501+,0.39,0.001455,985,18,501+,0.42,0.072951,0.10796,0,0,0,,0.819,2024-25
2026-07-20,2026-07-27,55007,Bayfield County,Wisconsin,WI,quiet,0.000433,832,19,501+,0.39,0.001185,1122,33,501+,0.34,0.072738,0.086935,0,0,0,,0.49,2024-25
2026-07-20,2026-07-27,48099,Coryell County,Texas,TX,quiet,0.000429,833,81,501+,0.39,0.002284,730,54,501+,0.66,0.072139,0.17007,0,0,0,,0.942966,2024-25
2026-07-20,2026-07-27,16037,Custer County,Idaho,ID,quiet,0.000429,834,28,501+,0.39,0.002876,622,20,501+,0.84,0.072138,0.211479,0,0,0,,0.66,2024-25
2026-07-20,2026-07-27,42035,Clinton County,Pennsylvania,PA,quiet,0.000428,835,41,501+,0.39,0.002592,659,40,501+,0.75,0.071832,0.191953,0,0,0,,0.931,2024-25
2026-07-20,2026-07-27,05069,Jefferson County,Arkansas,AR,quiet,0.000427,836,7,501+,0.39,0.000982,1273,12,501+,0.29,0.071682,0.071039,0,0,0,,,
2026-07-20,2026-07-27,16025,Camas County,Idaho,ID,quiet,0.000426,837,29,501+,0.39,0.000961,1291,39,501+,0.28,0.071552,0.069402,0,0,0,,0.4,2024-25
2026-07-20,2026-07-27,56017,Hot Springs County,Wyoming,WY,quiet,0.000425,838,19,501+,0.39,0.00165,909,19,501+,0.48,0.071439,0.122944,0,0,0,,0.95,2022-23
2026-07-20,2026-07-27,39029,Columbiana County,Ohio,OH,quiet,0.000424,839,35,501+,0.38,0.002689,643,29,501+,0.78,0.071197,0.198698,0,0,0,,0.888,2024-25
2026-07-20,2026-07-27,48409,San Patricio County,Texas,TX,quiet,0.000423,840,82,501+,0.38,0.001246,1086,102,501+,0.36,0.071016,0.091716,0,0,0,,0.971429,2024-25
2026-07-20,2026-07-27,39063,Hancock County,Ohio,OH,quiet,0.000422,841,36,501+,0.38,0.001552,939,47,501+,0.45,0.070859,0.115418,0,0,0,,0.864,2024-25
2026-07-20,2026-07-27,42123,Warren County,Pennsylvania,PA,quiet,0.000421,842,42,501+,0.38,0.003873,494,34,151–500,1.12,0.070675,0.275326,0,0,0,,0.964,2024-25
2026-07-20,2026-07-27,55111,Sauk County,Wisconsin,WI,quiet,0.00042,843,20,501+,0.38,0.001746,872,22,501+,0.51,0.070533,0.130275,0,0,0,,0.83,2024-25
2026-07-20,2026-07-27,51650,Hampton City,Virginia,VA,quiet,0.00042,844,16,501+,0.38,0.00143,995,23,501+,0.42,0.070495,0.106034,0,0,0,,0.926,2024-25
2026-07-20,2026-07-27,20057,Ford County,Kansas,KS,quiet,0.000419,845,13,501+,0.38,0.000852,1381,26,501+,0.25,0.070402,0.060864,0,0,0,,0.842,2024-25
2026-07-20,2026-07-27,41003,Benton County,Oregon,OR,quiet,0.000417,846,17,501+,0.38,0.00161,923,17,501+,0.47,0.070056,0.119919,0,0,0,,0.942,2024-25
2026-07-20,2026-07-27,48473,Waller County,Texas,TX,quiet,0.000417,847,83,501+,0.38,0.001327,1044,96,501+,0.39,0.070026,0.098034,0,0,0,,0.957949,2024-25
2026-07-20,2026-07-27,36051,Livingston County,New York,NY,quiet,0.000417,848,29,501+,0.38,0.001444,988,29,501+,0.42,0.069989,0.107138,0,0,0,,0.998913489,2024-25
2026-07-20,2026-07-27,12061,Indian River County,Florida,FL,quiet,0.000417,849,34,501+,0.38,0.001796,853,35,501+,0.52,0.069971,0.134054,0,0,0,,0.912,2024-25
2026-07-20,2026-07-27,17007,Boone County,Illinois,IL,quiet,0.000417,850,17,501+,0.38,0.001578,931,19,501+,0.46,0.069919,0.117414,0,0,0,,0.969,2024-25
2026-07-20,2026-07-27,37019,Brunswick County,North Carolina,NC,quiet,0.000416,851,31,501+,0.38,0.001836,839,38,501+,0.53,0.069785,0.137041,0,0,0,,0.92928453,2024-25
2026-07-20,2026-07-27,54033,Harrison County,West Virginia,WV,quiet,0.000415,852,3,501+,0.38,0.001738,875,3,501+,0.5,0.0697,0.129668,0,0,0,,,
2026-07-20,2026-07-27,46081,Lawrence County,South Dakota,SD,quiet,0.000415,853,11,501+,0.38,0.003258,562,7,501+,0.95,0.069547,0.236819,0,0,0,,0.93,2024-25
2026-07-20,2026-07-27,36105,Sullivan County,New York,NY,quiet,0.000414,854,30,501+,0.37,0.001616,920,28,501+,0.47,0.069424,0.12037,0,0,0,,0.984604647,2024-25
2026-07-20,2026-07-27,16035,Clearwater County,Idaho,ID,quiet,0.000413,855,30,501+,0.37,0.000861,1374,41,501+,0.25,0.069296,0.061563,0,0,0,,0.77,2024-25
2026-07-20,2026-07-27,13077,Coweta County,Georgia,GA,quiet,0.000413,856,16,501+,0.37,0.002314,717,12,501+,0.67,0.069287,0.172239,0,0,0,,,
2026-07-20,2026-07-27,49033,Rich County,Utah,UT,quiet,0.000412,857,23,501+,0.37,0.002133,761,22,501+,0.62,0.069128,0.159089,0,0,0,,,
2026-07-20,2026-07-27,37023,Burke County,North Carolina,NC,quiet,0.000411,858,32,501+,0.37,0.001709,886,41,501+,0.5,0.068945,0.127427,0,0,1,20,0.95911602,2024-25
2026-07-20,2026-07-27,37127,Nash County,North Carolina,NC,quiet,0.000411,859,33,501+,0.37,0.001675,895,42,501+,0.49,0.068856,0.124876,0,0,1,25,0.95996276,2024-25
2026-07-20,2026-07-27,27067,Kandiyohi County,Minnesota,MN,quiet,0.00041,860,19,501+,0.37,0.001118,1162,31,501+,0.32,0.068671,0.081763,0,0,0,,0.848,2024-25
2026-07-20,2026-07-27,17163,St. Clair County,Illinois,IL,quiet,0.000409,861,18,501+,0.37,0.002177,747,13,501+,0.63,0.068504,0.162331,0,0,0,,0.98,2024-25
2026-07-20,2026-07-27,27025,Chisago County,Minnesota,MN,quiet,0.000407,862,20,501+,0.37,0.001375,1014,27,501+,0.4,0.06826,0.101754,0,0,0,,0.884,2024-25
2026-07-20,2026-07-27,51700,Newport News City,Virginia,VA,quiet,0.000406,863,17,501+,0.37,0.002132,762,14,501+,0.62,0.068013,0.159025,0,0,0,,0.875,2024-25
2026-07-20,2026-07-27,27021,Cass County,Minnesota,MN,quiet,0.000406,864,21,501+,0.37,0.001153,1138,30,501+,0.33,0.067968,0.084445,0,0,0,,0.825,2024-25
2026-07-20,2026-07-27,16053,Jerome County,Idaho,ID,quiet,0.000405,865,31,501+,0.37,0.00154,946,31,501+,0.45,0.067911,0.114489,0,0,0,,0.89,2024-25
2026-07-20,2026-07-27,47125,Montgomery County,Tennessee,TN,quiet,0.000405,866,13,501+,0.37,0.00403,477,7,151–500,1.17,0.067827,0.284655,0,0,0,,0.948,2024-25
2026-07-20,2026-07-27,27131,Rice County,Minnesota,MN,quiet,0.000404,867,22,501+,0.37,0.001999,796,20,501+,0.58,0.067737,0.149228,0,0,0,,0.851,2024-25
2026-07-20,2026-07-27,46109,Roberts County,South Dakota,SD,quiet,0.000402,868,12,501+,0.36,0.003799,505,6,501+,1.1,0.06738,0.270829,0,0,0,,0.93,2024-25
2026-07-20,2026-07-27,30071,Phillips County,Montana,MT,quiet,0.0004,869,14,501+,0.36,0.000855,1377,28,501+,0.25,0.067028,0.061076,0,0,0,,,
2026-07-20,2026-07-27,47189,Wilson County,Tennessee,TN,quiet,0.0004,870,14,501+,0.36,0.001688,890,14,501+,0.49,0.067015,0.125833,0,0,0,,0.934,2024-25
2026-07-20,2026-07-27,55139,Winnebago County,Wisconsin,WI,quiet,0.000399,871,21,501+,0.36,0.002193,741,18,501+,0.64,0.066902,0.163459,0,0,0,,0.85,2024-25
2026-07-20,2026-07-27,49017,Garfield County,Utah,UT,quiet,0.000399,872,24,501+,0.36,0.001473,972,24,501+,0.43,0.06683,0.109339,0,0,0,,,
2026-07-20,2026-07-27,27169,Winona County,Minnesota,MN,quiet,0.000399,873,23,501+,0.36,0.002421,698,17,501+,0.7,0.066763,0.179863,0,0,0,,0.903,2024-25
2026-07-20,2026-07-27,53051,Pend Oreille County,Washington,WA,quiet,0.000399,874,25,501+,0.36,0.001262,1074,30,501+,0.37,0.066755,0.092999,0,0,0,,0.74,2024-25
2026-07-20,2026-07-27,17037,DeKalb County,Illinois,IL,quiet,0.000398,875,19,501+,0.36,0.004948,409,6,151–500,1.44,0.066653,0.33598,0,0,0,,0.968,2024-25
2026-07-20,2026-07-27,27019,Carver County,Minnesota,MN,quiet,0.000397,876,24,501+,0.36,0.002089,772,19,501+,0.61,0.066472,0.155848,0,0,0,,0.858,2024-25
2026-07-20,2026-07-27,39051,Fulton County,Ohio,OH,quiet,0.000396,877,37,501+,0.36,0.001111,1165,52,501+,0.32,0.066322,0.081201,0,0,0,,0.882,2024-25
2026-07-20,2026-07-27,01101,Montgomery County,Alabama,AL,quiet,0.000396,878,7,501+,0.36,0.00148,970,11,501+,0.43,0.066237,0.109914,0,0,0,,0.9495,2024-25
2026-07-20,2026-07-27,17019,Champaign County,Illinois,IL,quiet,0.000395,879,20,501+,0.36,0.001,1257,24,501+,0.29,0.066101,0.072492,0,0,0,,0.96,2024-25
2026-07-20,2026-07-27,55089,Ozaukee County,Wisconsin,WI,quiet,0.000394,880,22,501+,0.36,0.002533,667,15,501+,0.74,0.066019,0.187802,0,0,0,,0.89,2024-25
2026-07-20,2026-07-27,13015,Bartow County,Georgia,GA,quiet,0.000394,881,17,501+,0.36,0.001616,921,15,501+,0.47,0.065893,0.120308,0,0,0,,,
2026-07-20,2026-07-27,18081,Johnson County,Indiana,IN,quiet,0.000392,882,17,501+,0.36,0.001066,1210,28,501+,0.31,0.065662,0.077675,0,0,0,,0.9409,2024-25
2026-07-20,2026-07-27,24009,Calvert County,Maryland,MD,quiet,0.000392,883,19,501+,0.36,0.001056,1219,19,501+,0.31,0.065637,0.076904,0,0,0,,0.968,2024-25
2026-07-20,2026-07-27,37057,Davidson County,North Carolina,NC,quiet,0.000391,884,34,501+,0.35,0.002699,641,25,501+,0.78,0.065493,0.199401,0,0,0,,0.96441281,2024-25
2026-07-20,2026-07-27,45053,Jasper County,South Carolina,SC,quiet,0.000391,885,24,501+,0.35,0.002542,664,20,501+,0.74,0.06537,0.188433,0,0,0,,0.825,2024-25
2026-07-20,2026-07-27,35017,Grant County,New Mexico,NM,quiet,0.00039,886,16,501+,0.35,0.002631,653,12,501+,0.76,0.065186,0.194703,0,0,0,,0.8711,2024-25
2026-07-20,2026-07-27,13247,Rockdale County,Georgia,GA,quiet,0.000389,887,18,501+,0.35,0.001199,1115,19,501+,0.35,0.065129,0.088046,0,0,0,,,
2026-07-20,2026-07-27,06005,Amador County,California,CA,quiet,0.000389,888,48,501+,0.35,0.001044,1229,49,501+,0.3,0.065011,0.075937,0,0,0,,0.9532,2024-25
2026-07-20,2026-07-27,51165,Rockingham County,Virginia,VA,quiet,0.000388,889,18,501+,0.35,0.003199,577,9,501+,0.93,0.064835,0.233017,0,0,0,,0.891,2024-25
2026-07-20,2026-07-27,13139,Hall County,Georgia,GA,quiet,0.000387,890,19,501+,0.35,0.001681,893,14,501+,0.49,0.064799,0.125294,0,0,0,,,
2026-07-20,2026-07-27,26111,Midland County,Michigan,MI,quiet,0.000387,891,22,501+,0.35,0.001663,903,26,501+,0.48,0.064675,0.123933,0,0,0,,0.88180884,2024-25
2026-07-20,2026-07-27,45081,Saluda County,South Carolina,SC,quiet,0.000386,892,25,501+,0.35,0.001328,1042,31,501+,0.39,0.064494,0.098145,0,0,2,11,0.97,2024-25
2026-07-20,2026-07-27,51550,Chesapeake City,Virginia,VA,quiet,0.000384,893,19,501+,0.35,0.001854,833,16,501+,0.54,0.064279,0.138408,0,0,0,,0.893,2024-25
2026-07-20,2026-07-27,19045,Clinton County,Iowa,IA,quiet,0.000384,894,8,501+,0.35,0.001841,837,11,501+,0.53,0.064162,0.137405,0,0,0,,0.85464098,2024-25
2026-07-20,2026-07-27,48147,Fannin County,Texas,TX,quiet,0.000384,895,84,501+,0.35,0.00132,1051,98,501+,0.38,0.064158,0.097479,0,0,4,53,0.917379,2024-25
2026-07-20,2026-07-27,26093,Livingston County,Michigan,MI,quiet,0.000383,896,23,501+,0.35,0.00099,1266,38,501+,0.29,0.064077,0.071696,0,0,0,,0.84727273,2024-25
2026-07-20,2026-07-27,46117,Stanley County,South Dakota,SD,quiet,0.000383,897,13,501+,0.35,0.002089,771,13,501+,0.61,0.064066,0.155876,0,0,0,,0.83,2024-25
2026-07-20,2026-07-27,06063,Plumas County,California,CA,quiet,0.000383,898,49,501+,0.35,0.001722,880,44,501+,0.5,0.064058,0.128387,0,0,0,,0.95431,2024-25
2026-07-20,2026-07-27,48171,Gillespie County,Texas,TX,quiet,0.000382,899,85,501+,0.35,0.001491,963,89,501+,0.43,0.063862,0.110778,0,0,0,,0.911765,2024-25
2026-07-20,2026-07-27,35031,McKinley County,New Mexico,NM,quiet,0.000382,900,17,501+,0.35,0.000727,1509,22,501+,0.21,0.063826,0.051147,0,0,0,,0.9057,2024-25
2026-07-20,2026-07-27,26009,Antrim County,Michigan,MI,quiet,0.000382,901,24,501+,0.35,0.001844,835,24,501+,0.54,0.063765,0.137621,0,0,0,,0.87745098,2024-25
2026-07-20,2026-07-27,53069,Wahkiakum County,Washington,WA,quiet,0.000381,902,26,501+,0.34,0.002238,736,25,501+,0.65,0.063659,0.1667,0,0,0,,0.955,2024-25
2026-07-20,2026-07-27,42111,Somerset County,Pennsylvania,PA,quiet,0.00038,903,43,501+,0.34,0.002415,701,44,501+,0.7,0.063539,0.179488,0,0,0,,0.923,2024-25
2026-07-20,2026-07-27,42019,Butler County,Pennsylvania,PA,quiet,0.00038,904,44,501+,0.34,0.001456,983,47,501+,0.42,0.063478,0.108057,0,0,0,,0.943,2024-25
2026-07-20,2026-07-27,30043,Jefferson County,Montana,MT,quiet,0.000379,905,15,501+,0.34,0.002351,711,11,501+,0.68,0.06329,0.174916,0,0,0,,,
2026-07-20,2026-07-27,41057,Tillamook County,Oregon,OR,quiet,0.000378,906,18,501+,0.34,0.000821,1409,22,501+,0.24,0.063162,0.058418,0,0,0,,0.865,2024-25
2026-07-20,2026-07-27,53047,Okanogan County,Washington,WA,quiet,0.000378,907,27,501+,0.34,0.00132,1050,29,501+,0.38,0.063087,0.097523,0,0,0,,0.892,2024-25
2026-07-20,2026-07-27,16075,Payette County,Idaho,ID,quiet,0.000376,908,32,501+,0.34,0.001228,1101,34,501+,0.36,0.062844,0.090321,0,0,0,,0.85,2024-25
2026-07-20,2026-07-27,55073,Marathon County,Wisconsin,WI,quiet,0.000376,909,23,501+,0.34,0.001715,884,23,501+,0.5,0.062779,0.127892,0,0,0,,0.87,2024-25
2026-07-20,2026-07-27,13097,Douglas County,Georgia,GA,quiet,0.000376,910,20,501+,0.34,0.00103,1237,24,501+,0.3,0.062763,0.074812,0,0,0,,,
2026-07-20,2026-07-27,37055,Dare County,North Carolina,NC,quiet,0.000376,911,35,501+,0.34,0.001413,1000,46,501+,0.41,0.062723,0.104736,0,0,0,,0.95348837,2024-25
2026-07-20,2026-07-27,55063,La Crosse County,Wisconsin,WI,quiet,0.000374,912,24,501+,0.34,0.001684,892,25,501+,0.49,0.062491,0.125542,0,0,0,,0.86,2024-25
2026-07-20,2026-07-27,21145,McCracken County,Kentucky,KY,quiet,0.000374,913,12,501+,0.34,0.001491,964,17,501+,0.43,0.062463,0.110745,0,0,0,,0.898,2024-25
2026-07-20,2026-07-27,08125,Yuma County,Colorado,CO,quiet,0.000374,914,33,501+,0.34,0.00135,1026,34,501+,0.39,0.062385,0.099845,0,0,0,,0.9587,2024-25
2026-07-20,2026-07-27,37159,Rowan County,North Carolina,NC,quiet,0.000373,915,36,501+,0.34,0.002592,658,26,501+,0.75,0.062275,0.191955,0,0,0,,0.89567605,2024-25
2026-07-20,2026-07-27,35028,Los Alamos County,New Mexico,NM,quiet,0.000373,916,18,501+,0.34,0.001646,911,15,501+,0.48,0.062227,0.122613,0,0,0,,0.9828,2024-25
2026-07-20,2026-07-27,56015,Goshen County,Wyoming,WY,quiet,0.000372,917,20,501+,0.34,0.001101,1173,22,501+,0.32,0.062141,0.08039,0,0,0,,0.93,2022-23
2026-07-20,2026-07-27,46045,Edmunds County,South Dakota,SD,quiet,0.000372,918,14,501+,0.34,0.001642,913,16,501+,0.48,0.062132,0.122358,0,0,1,4,0.77,2024-25
2026-07-20,2026-07-27,42083,McKean County,Pennsylvania,PA,quiet,0.000372,919,45,501+,0.34,0.002084,773,45,501+,0.61,0.062059,0.155458,0,0,0,,0.938,2024-25
2026-07-20,2026-07-27,31111,Lincoln County,Nebraska,NE,quiet,0.00037,920,8,501+,0.34,0.001092,1177,13,501+,0.32,0.061825,0.079728,0,0,0,,0.945054945,2024-25
2026-07-20,2026-07-27,27137,St. Louis County,Minnesota,MN,quiet,0.000369,921,25,501+,0.33,0.003308,552,12,501+,0.96,0.061629,0.240056,0,0,0,,0.907,2024-25
2026-07-20,2026-07-27,47187,Williamson County,Tennessee,TN,quiet,0.000369,922,15,501+,0.33,0.002393,704,11,501+,0.69,0.061628,0.1779,0,0,0,,0.912,2024-25
2026-07-20,2026-07-27,42059,Greene County,Pennsylvania,PA,quiet,0.000369,923,46,501+,0.33,0.001161,1132,49,501+,0.34,0.061552,0.085116,0,0,0,,0.923,2024-25
2026-07-20,2026-07-27,26091,Lenawee County,Michigan,MI,quiet,0.000369,924,25,501+,0.33,0.002454,689,20,501+,0.71,0.061483,0.182221,0,0,0,,0.87826087,2024-25
2026-07-20,2026-07-27,20169,Saline County,Kansas,KS,quiet,0.000368,925,14,501+,0.33,0.001187,1119,18,501+,0.34,0.061456,0.087103,0,0,0,,0.942,2024-25
2026-07-20,2026-07-27,30087,Rosebud County,Montana,MT,quiet,0.000368,926,16,501+,0.33,0.001294,1062,20,501+,0.38,0.061446,0.095513,0,0,0,,,
2026-07-20,2026-07-27,36101,Steuben County,New York,NY,quiet,0.000368,927,31,501+,0.33,0.002042,782,25,501+,0.59,0.06144,0.152393,0,0,0,,0.998200815,2024-25
2026-07-20,2026-07-27,18095,Madison County,Indiana,IN,quiet,0.000368,928,18,501+,0.33,0.001669,900,17,501+,0.48,0.061343,0.124371,0,0,0,,0.922,2024-25
2026-07-20,2026-07-27,20155,Reno County,Kansas,KS,quiet,0.000367,929,15,501+,0.33,0.00177,858,12,501+,0.51,0.061248,0.132066,0,0,0,,0.916,2024-25
2026-07-20,2026-07-27,46107,Potter County,South Dakota,SD,quiet,0.000367,930,15,501+,0.33,0.000753,1483,31,501+,0.22,0.061232,0.053146,0,0,0,,0.88,2024-25
2026-07-20,2026-07-27,13103,Effingham County,Georgia,GA,quiet,0.000366,931,21,501+,0.33,0.001055,1221,23,501+,0.31,0.06112,0.076782,0,0,0,,,
2026-07-20,2026-07-27,36053,Madison County,New York,NY,quiet,0.000366,932,32,501+,0.33,0.001619,917,27,501+,0.47,0.061112,0.120612,0,0,0,,0.997110221,2024-25
2026-07-20,2026-07-27,36037,Genesee County,New York,NY,quiet,0.000366,933,33,501+,0.33,0.001362,1018,32,501+,0.4,0.060998,0.100737,0,0,0,,0.997660514,2024-25
2026-07-20,2026-07-27,30083,Richland County,Montana,MT,quiet,0.000365,934,17,501+,0.33,0.001111,1166,24,501+,0.32,0.060916,0.081194,0,0,0,,,
2026-07-20,2026-07-27,19051,Davis County,Iowa,IA,quiet,0.000365,935,9,501+,0.33,0.001466,978,13,501+,0.43,0.060907,0.108839,0,0,0,,0.89830508,2024-25
2026-07-20,2026-07-27,45005,Allendale County,South Carolina,SC,quiet,0.000365,936,26,501+,0.33,0.002019,790,22,501+,0.59,0.060863,0.150658,0,0,0,,0.98,2024-25
2026-07-20,2026-07-27,17099,LaSalle County,Illinois,IL,quiet,0.000364,937,21,501+,0.33,0.001519,952,20,501+,0.44,0.060717,0.112902,0,0,0,,0.97,2024-25
2026-07-20,2026-07-27,33005,Cheshire County,New Hampshire,NH,quiet,0.000364,938,5,501+,0.33,0.002165,754,5,501+,0.63,0.060697,0.161455,0,0,0,,0.905,2024-25
2026-07-20,2026-07-27,38003,Barnes County,North Dakota,ND,quiet,0.000364,939,15,501+,0.33,0.001766,860,14,501+,0.51,0.060605,0.13178,0,0,0,,0.9205,2024-25
2026-07-20,2026-07-27,09160,Northwest Hills Planning Region,Connecticut,CT,quiet,0.000363,940,7,501+,0.33,0.001805,848,6,501+,0.52,0.060556,0.134728,0,0,0,,0.955,2024-25
2026-07-20,2026-07-27,19033,Cerro Gordo County,Iowa,IA,quiet,0.000363,941,10,501+,0.33,0.001648,910,12,501+,0.48,0.060467,0.122762,0,0,0,,0.9168357,2024-25
2026-07-20,2026-07-27,49001,Beaver County,Utah,UT,quiet,0.000362,942,25,501+,0.33,0.001919,811,23,501+,0.56,0.060409,0.143267,0,0,0,,0.891089,2023-24
2026-07-20,2026-07-27,26041,Delta County,Michigan,MI,quiet,0.000362,943,26,501+,0.33,0.001494,961,27,501+,0.43,0.060401,0.111007,0,0,0,,0.90332326,2024-25
2026-07-20,2026-07-27,29021,Buchanan County,Missouri,MO,quiet,0.000362,944,17,501+,0.33,0.001558,937,16,501+,0.45,0.060383,0.115895,0,0,0,,0.965,2024-25
2026-07-20,2026-07-27,32019,Lyon County,Nevada,NV,quiet,0.000362,945,11,501+,0.33,0.002651,651,6,501+,0.77,0.060315,0.196093,0,0,0,,0.917,2024-25
2026-07-20,2026-07-27,08107,Routt County,Colorado,CO,quiet,0.000362,946,34,501+,0.33,0.001305,1055,35,501+,0.38,0.06029,0.096368,0,0,0,,0.9426,2024-25
2026-07-20,2026-07-27,51161,Roanoke County,Virginia,VA,quiet,0.00036,947,20,501+,0.33,0.002097,768,15,501+,0.61,0.060017,0.156454,0,0,0,,0.913,2024-25
2026-07-20,2026-07-27,48129,Donley County,Texas,TX,quiet,0.000356,948,86,501+,0.32,0.001775,856,74,501+,0.52,0.059289,0.132405,0,0,0,,0.909091,2024-25
2026-07-20,2026-07-27,37087,Haywood County,North Carolina,NC,quiet,0.000355,949,37,501+,0.32,0.003011,600,22,501+,0.87,0.059173,0.220604,0,0,0,,0.92261905,2024-25
2026-07-20,2026-07-27,27107,Norman County,Minnesota,MN,quiet,0.000355,950,26,501+,0.32,0.001804,849,22,501+,0.52,0.059041,0.134658,0,0,0,,0.914,2024-25
2026-07-20,2026-07-27,36077,Otsego County,New York,NY,quiet,0.000354,951,34,501+,0.32,0.000714,1526,47,501+,0.21,0.058943,0.050081,0,0,0,,0.998883241,2024-25
2026-07-20,2026-07-27,18163,Vanderburgh County,Indiana,IN,quiet,0.000354,952,19,501+,0.32,0.001694,889,15,501+,0.49,0.05887,0.126256,0,0,0,,0.9377,2024-25
2026-07-20,2026-07-27,27083,Lyon County,Minnesota,MN,quiet,0.000354,953,27,501+,0.32,0.0013,1058,28,501+,0.38,0.058844,0.095944,0,0,0,,0.871,2024-25
2026-07-20,2026-07-27,28109,Pearl River County,Mississippi,MS,quiet,0.000352,954,3,501+,0.32,0.00107,1204,6,501+,0.31,0.058611,0.077942,0,0,0,,0.9722,2024-25
2026-07-20,2026-07-27,08075,Logan County,Colorado,CO,quiet,0.000352,955,35,501+,0.32,0.000702,1541,42,501+,0.2,0.058603,0.049174,0,0,0,,0.9375,2024-25
2026-07-20,2026-07-27,16077,Power County,Idaho,ID,quiet,0.000352,956,33,501+,0.32,0.001571,933,30,501+,0.46,0.058591,0.116919,0,0,0,,0.86,2024-25
2026-07-20,2026-07-27,37147,Pitt County,North Carolina,NC,quiet,0.000352,957,38,501+,0.32,0.001961,800,35,501+,0.57,0.05856,0.146375,0,0,0,,0.95289684,2024-25
2026-07-20,2026-07-27,54061,Monongalia County,West Virginia,WV,quiet,0.000351,958,4,501+,0.32,0.001126,1157,7,501+,0.33,0.058398,0.082317,0,0,0,,,
2026-07-20,2026-07-27,39025,Clermont County,Ohio,OH,quiet,0.000351,959,38,501+,0.32,0.001488,966,48,501+,0.43,0.058353,0.110531,0,0,0,,0.943,2024-25
2026-07-20,2026-07-27,18065,Henry County,Indiana,IN,quiet,0.000349,960,20,501+,0.32,0.001671,896,16,501+,0.49,0.058131,0.124512,0,0,0,,0.885,2024-25
2026-07-20,2026-07-27,36007,Broome County,New York,NY,quiet,0.000349,961,35,501+,0.32,0.001407,1002,31,501+,0.41,0.058086,0.104245,0,0,0,,0.997556971,2024-25
2026-07-20,2026-07-27,31043,Dakota County,Nebraska,NE,quiet,0.000349,962,9,501+,0.32,0.001497,960,8,501+,0.43,0.058041,0.111233,0,0,0,,0.954545455,2024-25
2026-07-20,2026-07-27,27041,Douglas County,Minnesota,MN,quiet,0.000348,963,28,501+,0.32,0.001687,891,24,501+,0.49,0.057944,0.125759,0,0,0,,0.884,2024-25
2026-07-20,2026-07-27,16073,Owyhee County,Idaho,ID,quiet,0.000348,964,34,501+,0.32,0.002356,709,25,501+,0.68,0.057917,0.175261,0,0,0,,0.8,2024-25
2026-07-20,2026-07-27,48357,Ochiltree County,Texas,TX,quiet,0.000348,965,87,501+,0.32,0.001556,938,85,501+,0.45,0.057911,0.115715,0,0,0,,0.979167,2024-25
2026-07-20,2026-07-27,51061,Fauquier County,Virginia,VA,quiet,0.000348,966,21,501+,0.32,0.001077,1197,29,501+,0.31,0.057876,0.078492,0,0,0,,0.922,2024-25
2026-07-20,2026-07-27,46023,Charles Mix County,South Dakota,SD,quiet,0.000347,967,16,501+,0.31,0.000832,1398,29,501+,0.24,0.05778,0.05929,0,0,0,,0.81,2024-25
2026-07-20,2026-07-27,47107,McMinn County,Tennessee,TN,quiet,0.000347,968,16,501+,0.31,0.001587,927,15,501+,0.46,0.057758,0.11814,0,0,0,,0.932,2024-25
2026-07-20,2026-07-27,30009,Carbon County,Montana,MT,quiet,0.000347,969,18,501+,0.31,0.001542,943,14,501+,0.45,0.05774,0.114672,0,0,0,,,
2026-07-20,2026-07-27,18157,Tippecanoe County,Indiana,IN,quiet,0.000346,970,21,501+,0.31,0.001338,1035,21,501+,0.39,0.057571,0.098891,0,0,0,,0.952,2024-25
2026-07-20,2026-07-27,55101,Racine County,Wisconsin,WI,quiet,0.000346,971,25,501+,0.31,0.001714,885,24,501+,0.5,0.057497,0.127804,0,0,0,,0.81,2024-25
2026-07-20,2026-07-27,18173,Warrick County,Indiana,IN,quiet,0.000346,972,22,501+,0.31,0.001255,1080,23,501+,0.36,0.057461,0.092424,0,0,0,,0.9477,2024-25
2026-07-20,2026-07-27,48415,Scurry County,Texas,TX,quiet,0.000345,973,88,501+,0.31,0.001567,934,84,501+,0.45,0.057402,0.116575,0,0,1,61,0.972527,2024-25
2026-07-20,2026-07-27,30017,Custer County,Montana,MT,quiet,0.000345,974,19,501+,0.31,0.001295,1060,19,501+,0.38,0.057303,0.095557,0,0,0,,,
2026-07-20,2026-07-27,48437,Swisher County,Texas,TX,quiet,0.000344,975,89,501+,0.31,0.002466,685,48,501+,0.72,0.057191,0.183087,0,0,0,,0.940476,2024-25
2026-07-20,2026-07-27,21093,Hardin County,Kentucky,KY,quiet,0.000343,976,13,501+,0.31,0.00182,843,15,501+,0.53,0.057022,0.135835,0,0,0,,0.805,2024-25
2026-07-20,2026-07-27,19061,Dubuque County,Iowa,IA,quiet,0.000342,977,11,501+,0.31,0.001938,806,9,501+,0.56,0.056785,0.144675,0,0,0,,0.9237013,2024-25
2026-07-20,2026-07-27,13245,Richmond County,Georgia,GA,quiet,0.00034,978,22,501+,0.31,0.001003,1255,25,501+,0.29,0.056495,0.072698,0,0,0,,,
2026-07-20,2026-07-27,48089,Colorado County,Texas,TX,quiet,0.00034,979,90,501+,0.31,0.001669,899,81,501+,0.48,0.05649,0.124388,0,0,0,,0.974545,2024-25
2026-07-20,2026-07-27,19155,Pottawattamie County,Iowa,IA,quiet,0.00034,980,12,501+,0.31,0.002155,757,8,501+,0.63,0.056456,0.160724,0,0,0,,0.86940639,2024-25
2026-07-20,2026-07-27,23027,Waldo County,Maine,ME,quiet,0.000339,981,6,501+,0.31,0.001241,1093,8,501+,0.36,0.056304,0.091309,0,0,0,,0.9712,2024-25
2026-07-20,2026-07-27,20015,Butler County,Kansas,KS,quiet,0.000339,982,16,501+,0.31,0.00136,1019,15,501+,0.4,0.05621,0.100642,0,0,0,,0.8959,2024-25
2026-07-20,2026-07-27,19057,Des Moines County,Iowa,IA,quiet,0.000337,983,13,501+,0.31,0.00101,1250,18,501+,0.29,0.055994,0.073261,0,0,0,,0.87437186,2024-25
2026-07-20,2026-07-27,55017,Chippewa County,Wisconsin,WI,quiet,0.000336,984,26,501+,0.3,0.00123,1099,31,501+,0.36,0.055841,0.090477,0,0,0,,0.71,2024-25
2026-07-20,2026-07-27,21059,Daviess County,Kentucky,KY,quiet,0.000336,985,14,501+,0.3,0.001918,813,14,501+,0.56,0.055709,0.143162,0,0,0,,0.902,2024-25
2026-07-20,2026-07-27,42005,Armstrong County,Pennsylvania,PA,quiet,0.000335,986,47,501+,0.3,0.000796,1434,52,501+,0.23,0.055527,0.056484,0,0,0,,0.951,2024-25
2026-07-20,2026-07-27,26003,Alger County,Michigan,MI,quiet,0.000334,987,27,501+,0.3,0.00134,1033,31,501+,0.39,0.055488,0.099044,0,0,0,,0.98275862,2024-25
2026-07-20,2026-07-27,51113,Madison County,Virginia,VA,quiet,0.000333,988,22,501+,0.3,0.000815,1415,35,501+,0.24,0.055221,0.058023,0,0,0,,0.888,2024-25
2026-07-20,2026-07-27,41013,Crook County,Oregon,OR,quiet,0.000333,989,19,501+,0.3,0.000838,1395,21,501+,0.24,0.055172,0.059764,0,0,0,,0.872,2024-25
2026-07-20,2026-07-27,40089,McCurtain County,Oklahoma,OK,quiet,0.000332,990,13,501+,0.3,0.000645,1613,36,501+,0.19,0.054973,0.04477,0,0,0,,0.8326,2024-25
2026-07-20,2026-07-27,55019,Clark County,Wisconsin,WI,quiet,0.000331,991,27,501+,0.3,0.001393,1008,29,501+,0.4,0.054938,0.10316,0,0,0,,0.78,2024-25
2026-07-20,2026-07-27,42117,Tioga County,Pennsylvania,PA,quiet,0.000331,992,48,501+,0.3,0.002539,665,41,501+,0.74,0.054888,0.188206,0,0,0,,0.951,2024-25
2026-07-20,2026-07-27,26049,Genesee County,Michigan,MI,quiet,0.00033,993,28,501+,0.3,0.00382,502,16,501+,1.11,0.054728,0.27212,0,0,0,,0.89990162,2024-25
2026-07-20,2026-07-27,55005,Barron County,Wisconsin,WI,quiet,0.000329,994,28,501+,0.3,0.001045,1227,37,501+,0.3,0.054448,0.075996,0,0,0,,0.85,2024-25
2026-07-20,2026-07-27,39157,Tuscarawas County,Ohio,OH,quiet,0.000328,995,39,501+,0.3,0.003303,554,26,501+,0.96,0.054435,0.239746,0,0,0,,0.925,2024-25
2026-07-20,2026-07-27,30001,Beaverhead County,Montana,MT,quiet,0.000327,996,20,501+,0.3,0.001286,1064,21,501+,0.37,0.054158,0.094874,0,0,0,,,
2026-07-20,2026-07-27,48497,Wise County,Texas,TX,quiet,0.000325,997,91,501+,0.29,0.001736,877,78,501+,0.5,0.053874,0.129445,0,0,0,,0.906791,2024-25
2026-07-20,2026-07-27,51015,Augusta County,Virginia,VA,quiet,0.000325,998,23,501+,0.29,0.001399,1005,24,501+,0.41,0.053854,0.103672,0,0,0,,0.931,2024-25
2026-07-20,2026-07-27,46077,Kingsbury County,South Dakota,SD,quiet,0.000324,999,17,501+,0.29,0.001747,871,15,501+,0.51,0.053589,0.130319,0,0,0,,0.92,2024-25
2026-07-20,2026-07-27,40087,McClain County,Oklahoma,OK,quiet,0.000324,1000,14,501+,0.29,0.002024,789,11,501+,0.59,0.053568,0.151031,0,0,0,,0.8845,2024-25
2026-07-20,2026-07-27,23011,Kennebec County,Maine,ME,quiet,0.000323,1001,7,501+,0.29,0.001273,1068,6,501+,0.37,0.053538,0.093835,0,0,0,,0.9881,2024-25
2026-07-20,2026-07-27,48469,Victoria County,Texas,TX,quiet,0.000323,1002,92,501+,0.29,0.001144,1145,107,501+,0.33,0.053409,0.083736,0,0,0,,0.97942,2024-25
2026-07-20,2026-07-27,46051,Grant County,South Dakota,SD,quiet,0.000322,1003,18,501+,0.29,0.002054,779,14,501+,0.6,0.053376,0.153257,0,0,6,24,0.91,2024-25
2026-07-20,2026-07-27,36117,Wayne County,New York,NY,quiet,0.000322,1004,36,501+,0.29,0.001418,999,30,501+,0.41,0.053376,0.105087,0,0,0,,0.998175381,2024-25
2026-07-20,2026-07-27,29199,Scotland County,Missouri,MO,quiet,0.000322,1005,18,501+,0.29,0.001017,1244,30,501+,0.3,0.053262,0.073823,0,0,0,,0.941,2024-25
2026-07-20,2026-07-27,34037,Sussex County,New Jersey,NJ,quiet,0.00032,1006,21,501+,0.29,0.002309,720,21,501+,0.67,0.052996,0.171884,0,0,0,,0.909,2024-25
2026-07-20,2026-07-27,40145,Wagoner County,Oklahoma,OK,quiet,0.00032,1007,15,501+,0.29,0.001396,1006,16,501+,0.41,0.052968,0.103403,0,0,0,,0.8696,2024-25
2026-07-20,2026-07-27,39059,Guernsey County,Ohio,OH,quiet,0.000319,1008,40,501+,0.29,0.001913,817,38,501+,0.56,0.05281,0.14278,0,0,0,,0.951,2024-25
2026-07-20,2026-07-27,17093,Kendall County,Illinois,IL,quiet,0.000319,1009,22,501+,0.29,0.002311,718,12,501+,0.67,0.052754,0.171976,0,0,0,,0.963,2024-25
2026-07-20,2026-07-27,25019,Nantucket County,Massachusetts,MA,quiet,0.000318,1010,11,501+,0.29,0.002121,764,9,501+,0.62,0.052546,0.158211,0,0,0,,0.91,2024-25
2026-07-20,2026-07-27,51775,Salem City,Virginia,VA,quiet,0.000317,1011,24,501+,0.29,0.001578,930,18,501+,0.46,0.052437,0.117429,0,0,0,,0.879,2024-25
2026-07-20,2026-07-27,47043,Dickson County,Tennessee,TN,quiet,0.000316,1012,17,501+,0.29,0.001178,1124,23,501+,0.34,0.052178,0.086432,0,0,0,,0.964,2024-25
2026-07-20,2026-07-27,53043,Lincoln County,Washington,WA,quiet,0.000315,1013,28,501+,0.29,0.001813,845,26,501+,0.53,0.05215,0.135276,0,0,0,,0.823,2024-25
2026-07-20,2026-07-27,48459,Upshur County,Texas,TX,quiet,0.000315,1014,93,501+,0.29,0.001106,1169,110,501+,0.32,0.052116,0.080783,0,0,5,64,0.896907,2024-25
2026-07-20,2026-07-27,18133,Putnam County,Indiana,IN,quiet,0.000315,1015,23,501+,0.29,0.001587,928,18,501+,0.46,0.052052,0.118096,0,0,1,54,0.9098,2024-25
2026-07-20,2026-07-27,23029,Washington County,Maine,ME,quiet,0.000312,1016,8,501+,0.28,0.001263,1073,7,501+,0.37,0.051605,0.09306,0,0,0,,0.9738,2024-25
2026-07-20,2026-07-27,18167,Vigo County,Indiana,IN,quiet,0.000311,1017,24,501+,0.28,0.001239,1095,25,501+,0.36,0.051364,0.091206,0,0,0,,0.9713,2024-25
2026-07-20,2026-07-27,47155,Sevier County,Tennessee,TN,quiet,0.000311,1018,18,501+,0.28,0.002092,769,12,501+,0.61,0.051351,0.156061,0,0,0,,0.968,2024-25
2026-07-20,2026-07-27,02130,Ketchikan Gateway Borough,Alaska,AK,quiet,0.00031,1019,8,501+,0.28,0.000611,1665,13,501+,0.18,0.051267,0.042116,0,0,0,,,
2026-07-20,2026-07-27,37059,Davie County,North Carolina,NC,quiet,0.00031,1020,39,501+,0.28,0.001804,850,39,501+,0.52,0.051253,0.134607,0,0,0,,0.96097561,2024-25
2026-07-20,2026-07-27,01031,Coffee County,Alabama,AL,quiet,0.00031,1021,8,501+,0.28,0.00103,1236,18,501+,0.3,0.051245,0.074859,0,0,0,,0.9535,2024-25
2026-07-20,2026-07-27,37113,Macon County,North Carolina,NC,quiet,0.00031,1022,40,501+,0.28,0.001885,822,37,501+,0.55,0.051242,0.140697,0,0,0,,0.86319218,2024-25
2026-07-20,2026-07-27,41061,Union County,Oregon,OR,quiet,0.00031,1023,20,501+,0.28,0.000764,1471,23,501+,0.22,0.051191,0.054033,0,0,0,,0.906,2024-25
2026-07-20,2026-07-27,17179,Tazewell County,Illinois,IL,quiet,0.00031,1024,23,501+,0.28,0.001387,1011,21,501+,0.4,0.05119,0.102681,0,0,0,,0.947,2024-25
2026-07-20,2026-07-27,21151,Madison County,Kentucky,KY,quiet,0.00031,1025,15,501+,0.28,0.00193,807,13,501+,0.56,0.051128,0.144043,0,0,0,,0.921,2024-25
2026-07-20,2026-07-27,55053,Jackson County,Wisconsin,WI,quiet,0.00031,1026,29,501+,0.28,0.000714,1527,44,501+,0.21,0.051112,0.050073,0,0,0,,0.79,2024-25
2026-07-20,2026-07-27,39023,Clark County,Ohio,OH,quiet,0.000309,1027,41,501+,0.28,0.001725,879,43,501+,0.5,0.051097,0.128618,0,0,0,,0.905,2024-25
2026-07-20,2026-07-27,17141,Ogle County,Illinois,IL,quiet,0.000309,1028,24,501+,0.28,0.000995,1262,25,501+,0.29,0.051039,0.072073,0,0,0,,0.952,2024-25
2026-07-20,2026-07-27,01117,Shelby County,Alabama,AL,quiet,0.000309,1029,9,501+,0.28,0.001258,1077,15,501+,0.37,0.050988,0.092638,0,0,0,,0.9547,2024-25
2026-07-20,2026-07-27,37151,Randolph County,North Carolina,NC,quiet,0.000308,1030,41,501+,0.28,0.002346,713,28,501+,0.68,0.050849,0.174502,0,0,0,,0.94973545,2024-25
2026-07-20,2026-07-27,27147,Steele County,Minnesota,MN,quiet,0.000308,1031,29,501+,0.28,0.000899,1345,46,501+,0.26,0.050815,0.064578,0,0,0,,0.883,2024-25
2026-07-20,2026-07-27,25015,Hampshire County,Massachusetts,MA,quiet,0.000306,1032,12,501+,0.28,0.00089,1356,13,501+,0.26,0.050412,0.063834,0,0,0,,0.957,2024-25
2026-07-20,2026-07-27,48149,Fayette County,Texas,TX,quiet,0.000306,1033,94,501+,0.28,0.001356,1022,93,501+,0.39,0.050407,0.100269,0,0,0,,0.957806,2024-25
2026-07-20,2026-07-27,40113,Osage County,Oklahoma,OK,quiet,0.000304,1034,16,501+,0.28,0.000779,1460,31,501+,0.23,0.0501,0.055146,0,0,0,,0.8452,2024-25
2026-07-20,2026-07-27,08027,Custer County,Colorado,CO,quiet,0.000304,1035,36,501+,0.27,0.000648,1610,43,501+,0.19,0.050068,0.044996,0,0,0,,0.8947,2024-25
2026-07-20,2026-07-27,40037,Creek County,Oklahoma,OK,quiet,0.000304,1036,17,501+,0.27,0.001366,1017,17,501+,0.4,0.050059,0.101064,0,0,0,,0.878,2024-25
2026-07-20,2026-07-27,16029,Caribou County,Idaho,ID,quiet,0.000303,1037,35,501+,0.27,0.003832,501,17,501+,1.11,0.050035,0.272814,0,0,0,,0.83,2024-25
2026-07-20,2026-07-27,29051,Cole County,Missouri,MO,quiet,0.000303,1038,19,501+,0.27,0.001202,1112,21,501+,0.35,0.050006,0.088268,0,0,0,,0.948,2024-25
2026-07-20,2026-07-27,31113,Logan County,Nebraska,NE,quiet,0.000302,1039,10,501+,0.27,0.000556,1768,30,501+,0.16,0.049873,0.037889,0,0,0,,0.857142857,2024-25
2026-07-20,2026-07-27,13047,Catoosa County,Georgia,GA,quiet,0.000302,1040,23,501+,0.27,0.001209,1110,18,501+,0.35,0.049869,0.088839,0,0,0,,,
2026-07-20,2026-07-27,17041,Douglas County,Illinois,IL,quiet,0.000302,1041,25,501+,0.27,0.000707,1533,31,501+,0.21,0.049854,0.04954,0,0,0,,0.979,2024-25
2026-07-20,2026-07-27,24011,Caroline County,Maryland,MD,quiet,0.000302,1042,20,501+,0.27,0.000538,1799,21,501+,0.16,0.049728,0.036539,0,0,0,,0.9852,2024-25
2026-07-20,2026-07-27,18105,Monroe County,Indiana,IN,quiet,0.000301,1043,25,501+,0.27,0.000698,1546,38,501+,0.2,0.049677,0.048844,0,0,0,,0.9212,2024-25
2026-07-20,2026-07-27,48115,Dawson County,Texas,TX,quiet,0.000301,1044,95,501+,0.27,0.001313,1054,100,501+,0.38,0.049634,0.096957,0,0,26,64,0.875,2024-25
2026-07-20,2026-07-27,51047,Culpeper County,Virginia,VA,quiet,0.0003,1045,25,501+,0.27,0.000636,1631,49,501+,0.18,0.04943,0.044056,0,0,0,,0.947,2024-25
2026-07-20,2026-07-27,30077,Powell County,Montana,MT,quiet,0.0003,1046,21,501+,0.27,0.000894,1351,27,501+,0.26,0.049381,0.064203,0,0,0,,,
2026-07-20,2026-07-27,46057,Hamlin County,South Dakota,SD,quiet,0.0003,1047,19,501+,0.27,0.00095,1299,23,501+,0.28,0.04938,0.068522,0,0,0,,0.85,2024-25
2026-07-20,2026-07-27,44009,Washington County,Rhode Island,RI,quiet,0.000299,1048,3,501+,0.27,0.000983,1272,4,501+,0.29,0.049271,0.071139,0,0,0,,0.939,2024-25
2026-07-20,2026-07-27,39147,Seneca County,Ohio,OH,quiet,0.000299,1049,42,501+,0.27,0.002595,657,32,501+,0.75,0.04927,0.192153,0,0,0,,0.857,2024-25
2026-07-20,2026-07-27,16047,Gooding County,Idaho,ID,quiet,0.000299,1050,36,501+,0.27,0.002053,780,27,501+,0.6,0.049189,0.153163,0,0,0,,0.72,2024-25
2026-07-20,2026-07-27,41035,Klamath County,Oregon,OR,quiet,0.000298,1051,21,501+,0.27,0.002034,785,16,501+,0.59,0.049146,0.151827,0,0,0,,0.873,2024-25
2026-07-20,2026-07-27,47003,Bedford County,Tennessee,TN,quiet,0.000298,1052,19,501+,0.27,0.000902,1341,28,501+,0.26,0.049045,0.064828,0,0,0,,0.971,2024-25
2026-07-20,2026-07-27,30097,Sweet Grass County,Montana,MT,quiet,0.000298,1053,22,501+,0.27,0.001486,968,15,501+,0.43,0.049004,0.110327,0,0,0,,,
2026-07-20,2026-07-27,12035,Flagler County,Florida,FL,quiet,0.000297,1054,35,501+,0.27,0.001295,1061,38,501+,0.38,0.048961,0.095542,0,0,0,,0.887,2024-25
2026-07-20,2026-07-27,53059,Skamania County,Washington,WA,quiet,0.000297,1055,29,501+,0.27,0.001326,1045,28,501+,0.38,0.048884,0.097943,0,0,0,,0.838,2024-25
2026-07-20,2026-07-27,01033,Colbert County,Alabama,AL,quiet,0.000297,1056,10,501+,0.27,0.001082,1189,16,501+,0.31,0.048871,0.078879,0,0,0,,0.9597,2024-25
2026-07-20,2026-07-27,31013,Box Butte County,Nebraska,NE,quiet,0.000297,1057,11,501+,0.27,0.001004,1253,16,501+,0.29,0.048823,0.072799,0,0,0,,0.894308943,2024-25
2026-07-20,2026-07-27,09130,Lower Connecticut River Valley Planning Region,Connecticut,CT,quiet,0.000296,1058,8,501+,0.27,0.00108,1191,9,501+,0.31,0.048811,0.078746,0,0,0,,0.982,2024-25
2026-07-20,2026-07-27,27173,Yellow Medicine County,Minnesota,MN,quiet,0.000296,1059,30,501+,0.27,0.000964,1289,42,501+,0.28,0.048739,0.069641,0,0,0,,0.957,2024-25
2026-07-20,2026-07-27,36121,Wyoming County,New York,NY,quiet,0.000296,1060,37,501+,0.27,0.00125,1083,36,501+,0.36,0.048732,0.092079,0,0,0,,0.991894861,2024-25
2026-07-20,2026-07-27,48117,Deaf Smith County,Texas,TX,quiet,0.000296,1061,96,501+,0.27,0.001071,1200,116,501+,0.31,0.048686,0.078041,0,0,0,,0.993333,2024-25
2026-07-20,2026-07-27,26123,Newaygo County,Michigan,MI,quiet,0.000295,1062,29,501+,0.27,0.00138,1012,29,501+,0.4,0.048587,0.10219,0,0,0,,0.875,2024-25
2026-07-20,2026-07-27,18059,Hancock County,Indiana,IN,quiet,0.000295,1063,26,501+,0.27,0.001323,1049,22,501+,0.38,0.048522,0.097744,0,0,0,,0.9358,2024-25
2026-07-20,2026-07-27,39145,Scioto County,Ohio,OH,quiet,0.000294,1064,43,501+,0.27,0.00136,1020,49,501+,0.4,0.048393,0.10064,0,0,0,,0.971,2024-25
2026-07-20,2026-07-27,48153,Floyd County,Texas,TX,quiet,0.000293,1065,97,501+,0.27,0.00084,1394,135,501+,0.24,0.048279,0.059953,0,0,0,,0.96875,2024-25
2026-07-20,2026-07-27,48493,Wilson County,Texas,TX,quiet,0.000293,1066,98,501+,0.27,0.001985,797,66,501+,0.58,0.048231,0.148193,0,0,0,,0.934921,2024-25
2026-07-20,2026-07-27,54069,Ohio County,West Virginia,WV,quiet,0.000293,1067,5,501+,0.26,0.001529,949,4,501+,0.44,0.048133,0.113661,0,0,0,,,
2026-07-20,2026-07-27,01081,Lee County,Alabama,AL,quiet,0.000292,1068,11,501+,0.26,0.001928,808,7,501+,0.56,0.048055,0.143905,0,0,0,,0.9702,2024-25
2026-07-20,2026-07-27,28049,Hinds County,Mississippi,MS,quiet,0.000292,1069,4,501+,0.26,0.001072,1199,5,501+,0.31,0.048027,0.078158,0,0,0,,0.9751,2024-25
2026-07-20,2026-07-27,30057,Madison County,Montana,MT,quiet,0.000292,1070,23,501+,0.26,0.000933,1308,25,501+,0.27,0.047996,0.067257,0,0,0,,,
2026-07-20,2026-07-27,36011,Cayuga County,New York,NY,quiet,0.000292,1071,38,501+,0.26,0.000862,1373,43,501+,0.25,0.047977,0.061647,0,0,0,,0.994836971,2024-25
2026-07-20,2026-07-27,20185,Stafford County,Kansas,KS,quiet,0.000291,1072,17,501+,0.26,0.001092,1178,19,501+,0.32,0.047768,0.079699,0,0,0,,0.8889,2024-25
2026-07-20,2026-07-27,13223,Paulding County,Georgia,GA,quiet,0.00029,1073,24,501+,0.26,0.000973,1282,27,501+,0.28,0.047765,0.070346,0,0,0,,,
2026-07-20,2026-07-27,33009,Grafton County,New Hampshire,NH,quiet,0.00029,1074,6,501+,0.26,0.001443,989,6,501+,0.42,0.047709,0.107037,0,0,0,,0.911,2024-25
2026-07-20,2026-07-27,29027,Callaway County,Missouri,MO,quiet,0.00029,1075,20,501+,0.26,0.00127,1069,18,501+,0.37,0.04767,0.093605,0,0,0,,0.905,2024-25
2026-07-20,2026-07-27,55041,Forest County,Wisconsin,WI,quiet,0.000289,1076,30,501+,0.26,0.001428,996,28,501+,0.41,0.047479,0.105874,0,0,0,,0.9,2024-25
2026-07-20,2026-07-27,37175,Transylvania County,North Carolina,NC,quiet,0.000289,1077,42,501+,0.26,0.001952,801,36,501+,0.57,0.047449,0.14572,0,0,0,,0.84532374,2024-25
2026-07-20,2026-07-27,37155,Robeson County,North Carolina,NC,quiet,0.000288,1078,43,501+,0.26,0.00167,898,43,501+,0.48,0.047317,0.12444,0,0,0,,0.95244134,2024-25
2026-07-20,2026-07-27,51157,Rappahannock County,Virginia,VA,quiet,0.000288,1079,26,501+,0.26,0.001057,1217,30,501+,0.31,0.04731,0.076976,0,0,0,,0.703,2024-25
2026-07-20,2026-07-27,21049,Clark County,Kentucky,KY,quiet,0.000288,1080,16,501+,0.26,0.002439,692,11,501+,0.71,0.047284,0.181137,0,0,0,,0.982,2024-25
2026-07-20,2026-07-27,39091,Logan County,Ohio,OH,quiet,0.000288,1081,44,501+,0.26,0.002392,705,35,501+,0.69,0.047281,0.177806,0,0,0,,0.842,2024-25
2026-07-20,2026-07-27,39109,Miami County,Ohio,OH,quiet,0.000287,1082,45,501+,0.26,0.00159,926,46,501+,0.46,0.047229,0.118386,0,0,0,,0.892,2024-25
2026-07-20,2026-07-27,48059,Callahan County,Texas,TX,quiet,0.000286,1083,99,501+,0.26,0.001446,987,90,501+,0.42,0.047033,0.107236,0,0,0,,0.914634,2024-25
2026-07-20,2026-07-27,13073,Columbia County,Georgia,GA,quiet,0.000286,1084,25,501+,0.26,0.000719,1518,39,501+,0.21,0.04699,0.050525,0,0,0,,,
2026-07-20,2026-07-27,48299,Llano County,Texas,TX,quiet,0.000286,1085,100,501+,0.26,0.001326,1046,97,501+,0.38,0.046977,0.097929,0,0,0,,0.895522,2024-25
2026-07-20,2026-07-27,08039,Elbert County,Colorado,CO,quiet,0.000286,1086,37,501+,0.26,0.000961,1290,39,501+,0.28,0.046935,0.069453,0,0,0,,0.795,2024-25
2026-07-20,2026-07-27,40003,Alfalfa County,Oklahoma,OK,quiet,0.000286,1087,18,501+,0.26,0.000792,1438,30,501+,0.23,0.046923,0.05617,0,0,0,,0.9,2024-25
2026-07-20,2026-07-27,56027,Niobrara County,Wyoming,WY,quiet,0.000285,1088,21,501+,0.26,0.001617,919,20,501+,0.47,0.046784,0.120405,0,0,1,54,0.57,2022-23
2026-07-20,2026-07-27,37167,Stanly County,North Carolina,NC,quiet,0.000284,1089,44,501+,0.26,0.001477,971,45,501+,0.43,0.046677,0.109694,0,0,0,,0.93632417,2024-25
2026-07-20,2026-07-27,20001,Allen County,Kansas,KS,quiet,0.000284,1090,18,501+,0.26,0.00078,1456,31,501+,0.23,0.046676,0.055273,0,0,0,,0.8688,2024-25
2026-07-20,2026-07-27,27013,Blue Earth County,Minnesota,MN,quiet,0.000284,1091,31,501+,0.26,0.001841,836,21,501+,0.53,0.04666,0.13742,0,0,0,,0.897,2024-25
2026-07-20,2026-07-27,48023,Baylor County,Texas,TX,quiet,0.000284,1092,101,501+,0.26,0.001806,847,73,501+,0.52,0.046618,0.134799,0,0,0,,0.975,2024-25
2026-07-20,2026-07-27,29161,Phelps County,Missouri,MO,quiet,0.000284,1093,21,501+,0.26,0.001078,1195,26,501+,0.31,0.046567,0.078591,0,0,0,,0.947,2024-25
2026-07-20,2026-07-27,08103,Rio Blanco County,Colorado,CO,quiet,0.000284,1094,38,501+,0.26,0.001137,1150,36,501+,0.33,0.046549,0.083211,0,0,0,,0.8814,2024-25
2026-07-20,2026-07-27,13049,Charlton County,Georgia,GA,quiet,0.000283,1095,26,501+,0.26,0.000757,1479,36,501+,0.22,0.046485,0.053421,0,0,0,,,
2026-07-20,2026-07-27,19181,Warren County,Iowa,IA,quiet,0.000283,1096,14,501+,0.26,0.001922,810,10,501+,0.56,0.046414,0.143492,0,0,0,,0.86950732,2024-25
2026-07-20,2026-07-27,55109,St. Croix County,Wisconsin,WI,quiet,0.000283,1097,31,501+,0.26,0.00149,965,27,501+,0.43,0.046365,0.110683,0,0,0,,0.77,2024-25
2026-07-20,2026-07-27,54055,Mercer County,West Virginia,WV,quiet,0.000282,1098,6,501+,0.26,0.000665,1590,11,501+,0.19,0.046347,0.046292,0,0,0,,,
2026-07-20,2026-07-27,21029,Bullitt County,Kentucky,KY,quiet,0.000281,1099,17,501+,0.25,0.002679,646,9,501+,0.78,0.046134,0.197996,0,0,0,,0.91991992,2024-25
2026-07-20,2026-07-27,51085,Hanover County,Virginia,VA,quiet,0.000281,1100,27,501+,0.25,0.00144,990,21,501+,0.42,0.046092,0.106832,0,0,0,,0.949,2024-25
2026-07-20,2026-07-27,45055,Kershaw County,South Carolina,SC,quiet,0.000281,1101,27,501+,0.25,0.001396,1007,28,501+,0.41,0.046083,0.103395,0,0,0,,0.951,2024-25
2026-07-20,2026-07-27,05051,Garland County,Arkansas,AR,quiet,0.000281,1102,8,501+,0.25,0.002108,767,6,501+,0.61,0.046082,0.157221,0,0,0,,,
2026-07-20,2026-07-27,32033,White Pine County,Nevada,NV,quiet,0.000281,1103,12,501+,0.25,0.001857,832,10,501+,0.54,0.046025,0.138599,0,0,0,,0.854,2024-25
2026-07-20,2026-07-27,12055,Highlands County,Florida,FL,quiet,0.000281,1104,36,501+,0.25,0.001366,1016,37,501+,0.4,0.046016,0.101111,0,0,0,,0.898,2024-25
2026-07-20,2026-07-27,40139,Texas County,Oklahoma,OK,quiet,0.00028,1105,19,501+,0.25,0.002007,794,12,501+,0.58,0.045912,0.149826,0,0,0,,0.9559,2024-25
2026-07-20,2026-07-27,45073,Oconee County,South Carolina,SC,quiet,0.000279,1106,28,501+,0.25,0.001866,826,23,501+,0.54,0.045798,0.139321,0,0,0,,0.943,2024-25
2026-07-20,2026-07-27,13179,Liberty County,Georgia,GA,quiet,0.000279,1107,27,501+,0.25,0.000842,1391,32,501+,0.24,0.045755,0.060058,0,0,0,,,
2026-07-20,2026-07-27,12087,Monroe County,Florida,FL,quiet,0.000279,1108,37,501+,0.25,0.001887,821,34,501+,0.55,0.045674,0.140845,0,0,0,,0.92,2024-25
2026-07-20,2026-07-27,23021,Piscataquis County,Maine,ME,quiet,0.000278,1109,9,501+,0.25,0.000987,1268,10,501+,0.29,0.045621,0.071473,0,0,0,,0.9167,2024-25
2026-07-20,2026-07-27,46047,Fall River County,South Dakota,SD,quiet,0.000278,1110,20,501+,0.25,0.001388,1010,18,501+,0.4,0.045563,0.102764,0,0,0,,0.81,2024-25
2026-07-20,2026-07-27,33001,Belknap County,New Hampshire,NH,quiet,0.000278,1111,7,501+,0.25,0.001354,1023,7,501+,0.39,0.045551,0.100181,0,0,0,,0.935,2024-25
2026-07-20,2026-07-27,48227,Howard County,Texas,TX,quiet,0.000278,1112,102,501+,0.25,0.000864,1372,133,501+,0.25,0.045536,0.061799,0,0,0,,0.953964,2024-25
2026-07-20,2026-07-27,20079,Harvey County,Kansas,KS,quiet,0.000278,1113,19,501+,0.25,0.001831,841,10,501+,0.53,0.045497,0.136675,0,0,0,,0.9214,2024-25
2026-07-20,2026-07-27,48159,Franklin County,Texas,TX,quiet,0.000277,1114,103,501+,0.25,0.001002,1256,120,501+,0.29,0.045323,0.07264,0,0,0,,0.940678,2024-25
2026-07-20,2026-07-27,39013,Belmont County,Ohio,OH,quiet,0.000277,1115,46,501+,0.25,0.001706,888,44,501+,0.5,0.04532,0.127203,0,0,0,,0.932,2024-25
2026-07-20,2026-07-27,53009,Clallam County,Washington,WA,quiet,0.000277,1116,30,501+,0.25,0.002309,721,24,501+,0.67,0.045314,0.171859,0,0,0,,0.779,2024-25
2026-07-20,2026-07-27,26037,Clinton County,Michigan,MI,quiet,0.000276,1117,30,501+,0.25,0.001426,997,28,501+,0.41,0.045158,0.105762,0,0,0,,0.91732283,2024-25
2026-07-20,2026-07-27,20145,Pawnee County,Kansas,KS,quiet,0.000276,1118,20,501+,0.25,0.000696,1549,37,501+,0.2,0.045144,0.048676,0,0,7,59,0.7693,2024-25
2026-07-20,2026-07-27,19187,Webster County,Iowa,IA,quiet,0.000275,1119,15,501+,0.25,0.001042,1231,16,501+,0.3,0.045028,0.075746,0,0,0,,0.85494505,2024-25
2026-07-20,2026-07-27,35041,Roosevelt County,New Mexico,NM,quiet,0.000274,1120,19,501+,0.25,0.00134,1034,17,501+,0.39,0.044944,0.099021,0,0,0,,0.964,2024-25
2026-07-20,2026-07-27,45031,Darlington County,South Carolina,SC,quiet,0.000274,1121,29,501+,0.25,0.000925,1315,33,501+,0.27,0.044825,0.066558,0,0,0,,0.976,2024-25
2026-07-20,2026-07-27,20037,Crawford County,Kansas,KS,quiet,0.000274,1122,21,501+,0.25,0.001227,1102,17,501+,0.36,0.044816,0.090287,0,0,0,,0.9328,2024-25
2026-07-20,2026-07-27,20007,Barber County,Kansas,KS,quiet,0.000273,1123,22,501+,0.25,0.000723,1513,34,501+,0.21,0.044716,0.050773,0,0,0,,0.7668,2024-25
2026-07-20,2026-07-27,41033,Josephine County,Oregon,OR,quiet,0.000273,1124,22,501+,0.25,0.00143,994,19,501+,0.42,0.044705,0.106055,0,0,0,,0.775,2024-25
2026-07-20,2026-07-27,51019,Bedford County,Virginia,VA,quiet,0.000272,1125,28,501+,0.25,0.001549,941,20,501+,0.45,0.04457,0.115232,0,0,0,,0.897,2024-25
2026-07-20,2026-07-27,13217,Newton County,Georgia,GA,quiet,0.000272,1126,28,501+,0.25,0.001109,1167,21,501+,0.32,0.044551,0.081037,0,0,0,,,
2026-07-20,2026-07-27,40081,Lincoln County,Oklahoma,OK,quiet,0.000271,1127,20,501+,0.25,0.001717,883,14,501+,0.5,0.044308,0.128058,0,0,0,,0.8301,2024-25
2026-07-20,2026-07-27,48193,Hamilton County,Texas,TX,quiet,0.00027,1128,104,501+,0.24,0.001141,1149,108,501+,0.33,0.044187,0.083515,0,0,0,,0.895833,2024-25
2026-07-20,2026-07-27,39027,Clinton County,Ohio,OH,quiet,0.00027,1129,47,501+,0.24,0.001863,827,39,501+,0.54,0.044114,0.139087,0,0,0,,0.833,2024-25
2026-07-20,2026-07-27,02240,Southeast Fairbanks Census Area,Alaska,AK,quiet,0.000269,1130,9,501+,0.24,0.00101,1249,9,501+,0.29,0.044071,0.073295,0,0,0,,,
2026-07-20,2026-07-27,28059,Jackson County,Mississippi,MS,quiet,0.000269,1131,5,501+,0.24,0.00186,830,3,501+,0.54,0.043974,0.138823,0,0,0,,0.9638,2024-25
2026-07-20,2026-07-27,26157,Tuscola County,Michigan,MI,quiet,0.000269,1132,31,501+,0.24,0.001918,812,21,501+,0.56,0.043961,0.143199,0,0,0,,0.90662139,2024-25
2026-07-20,2026-07-27,55083,Oconto County,Wisconsin,WI,quiet,0.000269,1133,32,501+,0.24,0.002324,715,17,501+,0.67,0.043928,0.172951,0,0,36,46,0.83,2024-25
2026-07-20,2026-07-27,31067,Gage County,Nebraska,NE,quiet,0.000268,1134,12,501+,0.24,0.001021,1241,15,501+,0.3,0.043886,0.074089,0,0,0,,0.936585366,2024-25
2026-07-20,2026-07-27,27069,Kittson County,Minnesota,MN,quiet,0.000268,1135,32,501+,0.24,0.001613,922,26,501+,0.47,0.043878,0.120152,0,0,0,,0.712,2024-25
2026-07-20,2026-07-27,17115,Macon County,Illinois,IL,quiet,0.000267,1136,26,501+,0.24,0.001196,1117,23,501+,0.35,0.043654,0.087811,0,0,0,,0.97,2024-25
2026-07-20,2026-07-27,55097,Portage County,Wisconsin,WI,quiet,0.000266,1137,33,501+,0.24,0.001325,1047,30,501+,0.38,0.043476,0.097888,0,0,0,,0.87,2024-25
2026-07-20,2026-07-27,13213,Murray County,Georgia,GA,quiet,0.000266,1138,29,501+,0.24,0.000842,1390,31,501+,0.24,0.043391,0.060073,0,0,0,,,
2026-07-20,2026-07-27,48093,Comanche County,Texas,TX,quiet,0.000265,1139,105,501+,0.24,0.001016,1247,119,501+,0.3,0.043342,0.073747,0,0,0,,0.969512,2024-25
2026-07-20,2026-07-27,36057,Montgomery County,New York,NY,quiet,0.000265,1140,39,501+,0.24,0.000837,1397,44,501+,0.24,0.043338,0.059705,0,0,0,,0.994313504,2024-25
2026-07-20,2026-07-27,38045,LaMoure County,North Dakota,ND,quiet,0.000265,1141,16,501+,0.24,0.000537,1802,29,501+,0.16,0.043312,0.036485,0,0,0,,0.8889,2024-25
2026-07-20,2026-07-27,05085,Lonoke County,Arkansas,AR,quiet,0.000265,1142,9,501+,0.24,0.001176,1126,10,501+,0.34,0.043252,0.086274,0,0,0,,,
2026-07-20,2026-07-27,13127,Glynn County,Georgia,GA,quiet,0.000263,1143,30,501+,0.24,0.001566,935,16,501+,0.45,0.043006,0.116491,0,0,0,,,
2026-07-20,2026-07-27,20027,Clay County,Kansas,KS,quiet,0.000263,1144,23,501+,0.24,0.000644,1616,41,501+,0.19,0.043005,0.044683,0,0,0,,0.9543,2024-25
2026-07-20,2026-07-27,48143,Erath County,Texas,TX,quiet,0.000263,1145,106,501+,0.24,0.00092,1323,128,501+,0.27,0.042988,0.066201,0,0,1,70,0.949425,2024-25
2026-07-20,2026-07-27,27063,Jackson County,Minnesota,MN,quiet,0.000263,1146,33,501+,0.24,0.000722,1514,53,501+,0.21,0.042916,0.050733,0,0,0,,0.888,2024-25
2026-07-20,2026-07-27,05115,Pope County,Arkansas,AR,quiet,0.000262,1147,10,501+,0.24,0.000823,1407,16,501+,0.24,0.042813,0.05862,0,0,0,,,
2026-07-20,2026-07-27,55003,Ashland County,Wisconsin,WI,quiet,0.000261,1148,34,501+,0.24,0.000528,1828,50,501+,0.15,0.042616,0.035736,0,0,0,,0.9,2024-25
2026-07-20,2026-07-27,30053,Lincoln County,Montana,MT,quiet,0.000261,1149,24,501+,0.24,0.001159,1133,23,501+,0.34,0.042539,0.084921,0,0,0,,,
2026-07-20,2026-07-27,02013,Aleutians East Borough,Alaska,AK,quiet,0.000261,1150,10,501+,0.24,0.001007,1252,10,501+,0.29,0.042536,0.07299,0,0,0,,,
2026-07-20,2026-07-27,41041,Lincoln County,Oregon,OR,quiet,0.00026,1151,23,501+,0.24,0.001215,1107,20,501+,0.35,0.042409,0.089285,0,0,0,,0.932,2024-25
2026-07-20,2026-07-27,20095,Kingman County,Kansas,KS,quiet,0.00026,1152,24,501+,0.24,0.000817,1412,29,501+,0.24,0.042338,0.058155,0,0,0,,0.5769,2024-25
2026-07-20,2026-07-27,45047,Greenwood County,South Carolina,SC,quiet,0.00026,1153,30,501+,0.23,0.001654,908,26,501+,0.48,0.042334,0.123217,0,0,0,,0.963,2024-25
2026-07-20,2026-07-27,20133,Neosho County,Kansas,KS,quiet,0.000259,1154,25,501+,0.23,0.000607,1671,46,501+,0.18,0.042261,0.041789,0,0,0,,0.8044,2024-25
2026-07-20,2026-07-27,27165,Watonwan County,Minnesota,MN,quiet,0.000259,1155,34,501+,0.23,0.001056,1218,38,501+,0.31,0.042172,0.076905,0,0,0,,0.95,2024-25
2026-07-20,2026-07-27,16071,Oneida County,Idaho,ID,quiet,0.000258,1156,37,501+,0.23,0.001135,1153,36,501+,0.33,0.042142,0.083053,0,0,0,,0.85,2024-25
2026-07-20,2026-07-27,29031,Cape Girardeau County,Missouri,MO,quiet,0.000258,1157,22,501+,0.23,0.001149,1139,24,501+,0.33,0.042063,0.084185,0,0,0,,0.9,2024-25
2026-07-20,2026-07-27,55033,Dunn County,Wisconsin,WI,quiet,0.000258,1158,35,501+,0.23,0.000733,1506,43,501+,0.21,0.042055,0.051621,0,0,0,,0.85,2024-25
2026-07-20,2026-07-27,51660,Harrisonburg City,Virginia,VA,quiet,0.000257,1159,29,501+,0.23,0.000662,1592,45,501+,0.19,0.041895,0.046102,0,0,0,,0.884,2024-25
2026-07-20,2026-07-27,20121,Miami County,Kansas,KS,quiet,0.000256,1160,26,501+,0.23,0.001301,1057,16,501+,0.38,0.041798,0.096007,0,0,0,,0.8672,2024-25
2026-07-20,2026-07-27,48293,Limestone County,Texas,TX,quiet,0.000256,1161,107,501+,0.23,0.000573,1733,175,501+,0.17,0.041743,0.039235,0,0,0,,0.921569,2024-25
2026-07-20,2026-07-27,05131,Sebastian County,Arkansas,AR,quiet,0.000256,1162,11,501+,0.23,0.001255,1081,9,501+,0.36,0.041738,0.092418,0,0,0,,,
2026-07-20,2026-07-27,48467,Van Zandt County,Texas,TX,quiet,0.000256,1163,108,501+,0.23,0.001658,906,82,501+,0.48,0.041711,0.123551,0,0,0,,0.92068,2024-25
2026-07-20,2026-07-27,12023,Columbia County,Florida,FL,quiet,0.000256,1164,38,501+,0.23,0.001025,1239,40,501+,0.3,0.041677,0.074477,0,0,0,,0.929,2024-25
2026-07-20,2026-07-27,01069,Houston County,Alabama,AL,quiet,0.000255,1165,12,501+,0.23,0.001403,1004,12,501+,0.41,0.041544,0.103939,0,0,0,,0.9509,2024-25
2026-07-20,2026-07-27,29143,New Madrid County,Missouri,MO,quiet,0.000255,1166,23,501+,0.23,0.001596,925,14,501+,0.46,0.041493,0.118839,0,0,1,63,0.963,2024-25
2026-07-20,2026-07-27,37181,Vance County,North Carolina,NC,quiet,0.000255,1167,45,501+,0.23,0.000618,1656,67,501+,0.18,0.04147,0.042647,0,0,0,,0.92307692,2024-25
2026-07-20,2026-07-27,54049,Marion County,West Virginia,WV,quiet,0.000254,1168,7,501+,0.23,0.001137,1152,6,501+,0.33,0.041381,0.083201,0,0,0,,,
2026-07-20,2026-07-27,20113,McPherson County,Kansas,KS,quiet,0.000254,1169,27,501+,0.23,0.000906,1335,24,501+,0.26,0.041376,0.065085,0,0,0,,0.8899,2024-25
2026-07-20,2026-07-27,20023,Cheyenne County,Kansas,KS,quiet,0.000254,1170,28,501+,0.23,0.000867,1371,25,501+,0.25,0.041309,0.06205,0,0,0,,0.8193,2024-25
2026-07-20,2026-07-27,50021,Rutland County,Vermont,VT,quiet,0.000254,1171,5,501+,0.23,0.001086,1184,7,501+,0.32,0.041298,0.079229,0,0,0,,0.93,2024-25
2026-07-20,2026-07-27,48133,Eastland County,Texas,TX,quiet,0.000253,1172,109,501+,0.23,0.000641,1620,162,501+,0.19,0.041187,0.044435,0,0,2,64,0.903226,2024-25
2026-07-20,2026-07-27,29203,Shannon County,Missouri,MO,quiet,0.000253,1173,24,501+,0.23,0.000845,1387,34,501+,0.25,0.041177,0.060311,0,0,0,,0.875,2024-25
2026-07-20,2026-07-27,20035,Cowley County,Kansas,KS,quiet,0.000253,1174,29,501+,0.23,0.001504,957,14,501+,0.44,0.041167,0.111745,0,0,0,,0.9597,2024-25
2026-07-20,2026-07-27,18177,Wayne County,Indiana,IN,quiet,0.000253,1175,27,501+,0.23,0.001487,967,19,501+,0.43,0.041157,0.110428,0,0,0,,0.8952,2024-25
2026-07-20,2026-07-27,19189,Winnebago County,Iowa,IA,quiet,0.000253,1176,16,501+,0.23,0.001018,1243,17,501+,0.3,0.041156,0.073898,0,0,0,,0.88622754,2024-25
2026-07-20,2026-07-27,22089,St. Charles Parish,Louisiana,LA,quiet,0.000253,1177,8,501+,0.23,0.000871,1368,18,501+,0.25,0.041138,0.062344,0,0,0,,0.9542,2024-25
2026-07-20,2026-07-27,20193,Thomas County,Kansas,KS,quiet,0.000252,1178,30,501+,0.23,0.00083,1400,28,501+,0.24,0.041097,0.059171,0,0,0,,0.8324,2024-25
2026-07-20,2026-07-27,47163,Sullivan County,Tennessee,TN,quiet,0.000252,1179,20,501+,0.23,0.001564,936,16,501+,0.45,0.041092,0.116336,0,0,0,,0.949,2024-25
2026-07-20,2026-07-27,20031,Coffey County,Kansas,KS,quiet,0.000252,1180,31,501+,0.23,0.000556,1767,53,501+,0.16,0.041076,0.037912,0,0,0,,0.9204,2024-25
2026-07-20,2026-07-27,27009,Benton County,Minnesota,MN,quiet,0.000252,1181,35,501+,0.23,0.001075,1198,34,501+,0.31,0.041068,0.078327,0,0,0,,0.9,2024-25
2026-07-20,2026-07-27,06035,Lassen County,California,CA,quiet,0.000252,1182,50,501+,0.23,0.000649,1609,52,501+,0.19,0.041003,0.045035,0,0,0,,0.95103,2024-25
2026-07-20,2026-07-27,27007,Beltrami County,Minnesota,MN,quiet,0.000252,1183,36,501+,0.23,0.001661,904,25,501+,0.48,0.040949,0.123799,0,0,0,,0.87,2024-25
2026-07-20,2026-07-27,27161,Waseca County,Minnesota,MN,quiet,0.000252,1184,37,501+,0.23,0.000618,1655,59,501+,0.18,0.040933,0.042656,0,0,0,,0.891,2024-25
2026-07-20,2026-07-27,38071,Ramsey County,North Dakota,ND,quiet,0.000251,1185,17,501+,0.23,0.00107,1205,20,501+,0.31,0.040885,0.077939,0,0,0,,0.9825,2024-25
2026-07-20,2026-07-27,08019,Clear Creek County,Colorado,CO,quiet,0.00025,1186,39,501+,0.23,0.000386,2155,50,501+,0.11,0.040732,0.025096,0,0,0,,0.7551,2024-25
2026-07-20,2026-07-27,30095,Stillwater County,Montana,MT,quiet,0.00025,1187,25,501+,0.23,0.001462,979,17,501+,0.42,0.040634,0.108482,0,0,0,,,
2026-07-20,2026-07-27,27057,Hubbard County,Minnesota,MN,quiet,0.000249,1188,38,501+,0.23,0.000928,1312,43,501+,0.27,0.040564,0.066827,0,0,0,,0.83,2024-25
2026-07-20,2026-07-27,05063,Independence County,Arkansas,AR,quiet,0.000249,1189,12,501+,0.23,0.00107,1202,11,501+,0.31,0.040508,0.077979,0,0,0,,,
2026-07-20,2026-07-27,37121,Mitchell County,North Carolina,NC,quiet,0.000249,1190,46,501+,0.23,0.001034,1235,54,501+,0.3,0.040478,0.075138,0,0,0,,0.90909091,2024-25
2026-07-20,2026-07-27,37115,Madison County,North Carolina,NC,quiet,0.000249,1191,47,501+,0.23,0.002281,731,30,501+,0.66,0.040468,0.169828,0,0,0,,0.87407407,2024-25
2026-07-20,2026-07-27,46135,Yankton County,South Dakota,SD,quiet,0.000248,1192,21,501+,0.22,0.00067,1583,33,501+,0.19,0.040302,0.046667,0,0,0,,0.97,2024-25
2026-07-20,2026-07-27,36107,Tioga County,New York,NY,quiet,0.000248,1193,40,501+,0.22,0.000899,1344,42,501+,0.26,0.04026,0.064578,0,0,0,,0.997923694,2024-25
2026-07-20,2026-07-27,51137,Orange County,Virginia,VA,quiet,0.000248,1194,30,501+,0.22,0.000883,1361,33,501+,0.26,0.040238,0.063328,0,0,0,,0.89,2024-25
2026-07-20,2026-07-27,46083,Lincoln County,South Dakota,SD,quiet,0.000247,1195,22,501+,0.22,0.003133,587,10,501+,0.91,0.040216,0.228693,0,0,8,56,0.93,2024-25
2026-07-20,2026-07-27,31151,Saline County,Nebraska,NE,quiet,0.000247,1196,13,501+,0.22,0.001471,974,9,501+,0.43,0.040135,0.109238,0,0,0,,0.969849246,2024-25
2026-07-20,2026-07-27,55043,Grant County,Wisconsin,WI,quiet,0.000247,1197,36,501+,0.22,0.001801,851,21,501+,0.52,0.040084,0.134433,0,0,0,,0.82,2024-25
2026-07-20,2026-07-27,39039,Defiance County,Ohio,OH,quiet,0.000247,1198,48,501+,0.22,0.001172,1128,50,501+,0.34,0.040069,0.085968,0,0,1,67,0.903,2024-25
2026-07-20,2026-07-27,42121,Venango County,Pennsylvania,PA,quiet,0.000247,1199,49,501+,0.22,0.002057,778,46,501+,0.6,0.040058,0.153501,0,0,0,,0.941,2024-25
2026-07-20,2026-07-27,27149,Stevens County,Minnesota,MN,quiet,0.000246,1200,39,501+,0.22,0.000661,1593,56,501+,0.19,0.039984,0.046015,0,0,0,,0.864,2024-25
2026-07-20,2026-07-27,51199,York County,Virginia,VA,quiet,0.000246,1201,31,501+,0.22,0.000784,1450,38,501+,0.23,0.039969,0.055531,0,0,0,,0.934,2024-25
2026-07-20,2026-07-27,47089,Jefferson County,Tennessee,TN,quiet,0.000245,1202,21,501+,0.22,0.00098,1275,27,501+,0.28,0.039858,0.070905,0,0,0,,0.952,2024-25
2026-07-20,2026-07-27,40119,Payne County,Oklahoma,OK,quiet,0.000245,1203,21,501+,0.22,0.001801,852,13,501+,0.52,0.039844,0.134407,0,0,0,,0.8409,2024-25
2026-07-20,2026-07-27,21209,Scott County,Kentucky,KY,quiet,0.000245,1204,18,501+,0.22,0.001292,1063,18,501+,0.38,0.039794,0.095334,0,0,0,,0.917,2024-25
2026-07-20,2026-07-27,36039,Greene County,New York,NY,quiet,0.000245,1205,41,501+,0.22,0.000957,1293,41,501+,0.28,0.039787,0.069123,0,0,0,,0.998623609,2024-25
2026-07-20,2026-07-27,47031,Coffee County,Tennessee,TN,quiet,0.000245,1206,22,501+,0.22,0.00078,1455,31,501+,0.23,0.03973,0.055288,0,0,0,,0.956,2024-25
2026-07-20,2026-07-27,20075,Hamilton County,Kansas,KS,quiet,0.000244,1207,32,501+,0.22,0.000639,1623,42,501+,0.19,0.039701,0.044292,0,0,0,,0.9286,2024-25
2026-07-20,2026-07-27,51800,Suffolk City,Virginia,VA,quiet,0.000244,1208,32,501+,0.22,0.001154,1136,26,501+,0.34,0.039698,0.084532,0,0,0,,0.936,2024-25
2026-07-20,2026-07-27,08121,Washington County,Colorado,CO,quiet,0.000244,1209,40,501+,0.22,0.001056,1220,37,501+,0.31,0.039665,0.076847,0,0,0,,0.9259,2024-25
2026-07-20,2026-07-27,18071,Jackson County,Indiana,IN,quiet,0.000244,1210,28,501+,0.22,0.000558,1766,42,501+,0.16,0.03956,0.038031,0,0,0,,0.9877,2024-25
2026-07-20,2026-07-27,47113,Madison County,Tennessee,TN,quiet,0.000243,1211,23,501+,0.22,0.001503,958,18,501+,0.44,0.039513,0.111654,0,0,0,,0.957,2024-25
2026-07-20,2026-07-27,29043,Christian County,Missouri,MO,quiet,0.000243,1212,25,501+,0.22,0.001546,942,17,501+,0.45,0.039355,0.114985,0,0,0,,0.815,2024-25
2026-07-20,2026-07-27,05005,Baxter County,Arkansas,AR,quiet,0.000242,1213,13,501+,0.22,0.000926,1314,14,501+,0.27,0.039327,0.066642,0,0,0,,,
2026-07-20,2026-07-27,02063,Chugach Census Area,Alaska,AK,quiet,0.000242,1214,11,501+,0.22,0.000977,1278,11,501+,0.28,0.039286,0.070635,0,0,0,,,
2026-07-20,2026-07-27,40053,Grant County,Oklahoma,OK,quiet,0.000242,1215,22,501+,0.22,0.000923,1317,25,501+,0.27,0.039281,0.066438,0,0,0,,0.9483,2024-25
2026-07-20,2026-07-27,22023,Cameron Parish,Louisiana,LA,quiet,0.000242,1216,9,501+,0.22,0.000945,1300,15,501+,0.27,0.039225,0.068188,0,0,0,,0.9036,2024-25
2026-07-20,2026-07-27,19139,Muscatine County,Iowa,IA,quiet,0.000241,1217,17,501+,0.22,0.000771,1467,20,501+,0.22,0.039156,0.05458,0,0,0,,0.89800443,2024-25
2026-07-20,2026-07-27,05035,Crittenden County,Arkansas,AR,quiet,0.000241,1218,14,501+,0.22,0.000961,1292,13,501+,0.28,0.039141,0.069401,0,0,0,,,
2026-07-20,2026-07-27,16087,Washington County,Idaho,ID,quiet,0.000241,1219,38,501+,0.22,0.001499,959,32,501+,0.44,0.039104,0.111366,0,0,0,,0.79,2024-25
2026-07-20,2026-07-27,51001,Accomack County,Virginia,VA,quiet,0.000241,1220,33,501+,0.22,0.001045,1228,31,501+,0.3,0.039062,0.075987,0,0,0,,0.786,2024-25
2026-07-20,2026-07-27,51079,Greene County,Virginia,VA,quiet,0.000241,1221,34,501+,0.22,0.000774,1463,39,501+,0.22,0.03902,0.05482,0,0,0,,0.889,2024-25
2026-07-20,2026-07-27,31095,Jefferson County,Nebraska,NE,quiet,0.000241,1222,14,501+,0.22,0.000593,1695,24,501+,0.17,0.039007,0.040712,0,0,0,,0.972972973,2024-25
2026-07-20,2026-07-27,55031,Douglas County,Wisconsin,WI,quiet,0.00024,1223,37,501+,0.22,0.000921,1319,38,501+,0.27,0.038986,0.06632,0,0,0,,0.93,2024-25
2026-07-20,2026-07-27,13045,Carroll County,Georgia,GA,quiet,0.00024,1224,31,501+,0.22,0.000943,1302,28,501+,0.27,0.038966,0.06803,0,0,0,,,
2026-07-20,2026-07-27,48387,Red River County,Texas,TX,quiet,0.00024,1225,110,501+,0.22,0.000969,1286,125,501+,0.28,0.03896,0.070024,0,0,0,,0.966102,2024-25
2026-07-20,2026-07-27,36019,Clinton County,New York,NY,quiet,0.00024,1226,42,501+,0.22,0.001054,1222,38,501+,0.31,0.038956,0.0767,0,0,0,,0.998558131,2024-25
2026-07-20,2026-07-27,20019,Chautauqua County,Kansas,KS,quiet,0.00024,1227,33,501+,0.22,0.000934,1307,22,501+,0.27,0.038947,0.067333,0,0,0,,0.6935,2024-25
2026-07-20,2026-07-27,36021,Columbia County,New York,NY,quiet,0.00024,1228,43,501+,0.22,0.000466,1958,51,501+,0.14,0.038906,0.03105,0,0,0,,0.992281204,2024-25
2026-07-20,2026-07-27,27153,Todd County,Minnesota,MN,quiet,0.00024,1229,40,501+,0.22,0.000638,1625,57,501+,0.19,0.038843,0.044213,0,0,0,,0.786,2024-25
2026-07-20,2026-07-27,18113,Noble County,Indiana,IN,quiet,0.000239,1230,29,501+,0.22,0.001019,1242,31,501+,0.3,0.038824,0.073954,0,0,0,,0.9147,2024-25
2026-07-20,2026-07-27,37037,Chatham County,North Carolina,NC,quiet,0.000239,1231,48,501+,0.22,0.001186,1121,51,501+,0.34,0.03881,0.087038,0,0,0,,0.95244565,2024-25
2026-07-20,2026-07-27,30089,Sanders County,Montana,MT,quiet,0.000238,1232,26,501+,0.22,0.001485,969,16,501+,0.43,0.03861,0.110292,0,0,0,,,
2026-07-20,2026-07-27,51770,Roanoke City,Virginia,VA,quiet,0.000238,1233,35,501+,0.22,0.001123,1160,27,501+,0.33,0.038543,0.082106,0,0,0,,0.93,2024-25
2026-07-20,2026-07-27,27103,Nicollet County,Minnesota,MN,quiet,0.000238,1234,41,501+,0.22,0.000705,1535,54,501+,0.2,0.038542,0.049431,0,0,0,,0.926,2024-25
2026-07-20,2026-07-27,31131,Otoe County,Nebraska,NE,quiet,0.000238,1235,15,501+,0.22,0.001155,1135,12,501+,0.34,0.03853,0.084592,0,0,0,,0.944,2024-25
2026-07-20,2026-07-27,46043,Douglas County,South Dakota,SD,quiet,0.000238,1236,23,501+,0.22,0.001086,1183,21,501+,0.32,0.038528,0.079256,0,0,0,,0.72,2024-25
2026-07-20,2026-07-27,55055,Jefferson County,Wisconsin,WI,quiet,0.000237,1237,38,501+,0.22,0.002727,636,14,501+,0.79,0.038476,0.201308,0,0,0,,0.84,2024-25
2026-07-20,2026-07-27,53039,Klickitat County,Washington,WA,quiet,0.000236,1238,31,501+,0.21,0.000647,1612,34,501+,0.19,0.038303,0.044884,0,0,0,,0.874,2024-25
2026-07-20,2026-07-27,46115,Spink County,South Dakota,SD,quiet,0.000236,1239,24,501+,0.21,0.000924,1316,24,501+,0.27,0.038251,0.066501,0,0,0,,0.85,2024-25
2026-07-20,2026-07-27,45075,Orangeburg County,South Carolina,SC,quiet,0.000236,1240,31,501+,0.21,0.001455,984,27,501+,0.42,0.038204,0.107978,0,0,0,,0.956,2024-25
2026-07-20,2026-07-27,51683,Manassas City,Virginia,VA,quiet,0.000236,1241,36,501+,0.21,0.000421,2045,64,501+,0.12,0.03818,0.027733,0,0,0,,0.955,2024-25
2026-07-20,2026-07-27,38021,Dickey County,North Dakota,ND,quiet,0.000236,1242,18,501+,0.21,0.001324,1048,17,501+,0.38,0.038178,0.097819,0,0,0,,0.7174,2024-25
2026-07-20,2026-07-27,01015,Calhoun County,Alabama,AL,quiet,0.000236,1243,13,501+,0.21,0.001763,863,8,501+,0.51,0.038147,0.131528,0,0,0,,0.9435,2024-25
2026-07-20,2026-07-27,01115,St. Clair County,Alabama,AL,quiet,0.000236,1244,14,501+,0.21,0.001263,1072,14,501+,0.37,0.038139,0.093066,0,0,0,,0.9274,2024-25
2026-07-20,2026-07-27,40153,Woodward County,Oklahoma,OK,quiet,0.000236,1245,23,501+,0.21,0.000922,1318,26,501+,0.27,0.03813,0.06635,0,0,0,,0.7798,2024-25
2026-07-20,2026-07-27,51630,Fredericksburg City,Virginia,VA,quiet,0.000235,1246,37,501+,0.21,0.000657,1599,46,501+,0.19,0.038115,0.045682,0,0,0,,0.898,2024-25
2026-07-20,2026-07-27,28045,Hancock County,Mississippi,MS,quiet,0.000235,1247,6,501+,0.21,0.000829,1402,7,501+,0.24,0.038073,0.059073,0,0,0,,0.98,2024-25
2026-07-20,2026-07-27,47063,Hamblen County,Tennessee,TN,quiet,0.000235,1248,24,501+,0.21,0.001091,1179,25,501+,0.32,0.03805,0.079641,0,0,0,,0.925,2024-25
2026-07-20,2026-07-27,48217,Hill County,Texas,TX,quiet,0.000235,1249,111,501+,0.21,0.001146,1143,106,501+,0.33,0.037959,0.083948,0,0,0,,0.892857,2024-25
2026-07-20,2026-07-27,27135,Roseau County,Minnesota,MN,quiet,0.000234,1250,42,501+,0.21,0.00107,1203,35,501+,0.31,0.037869,0.077974,0,0,0,,0.823,2024-25
2026-07-20,2026-07-27,48001,Anderson County,Texas,TX,quiet,0.000234,1251,112,501+,0.21,0.000716,1521,147,501+,0.21,0.037844,0.050283,0,0,0,,0.947858,2024-25
2026-07-20,2026-07-27,17095,Knox County,Illinois,IL,quiet,0.000233,1252,27,501+,0.21,0.000668,1587,33,501+,0.19,0.037692,0.0465,0,0,0,,0.945,2024-25
2026-07-20,2026-07-27,48359,Oldham County,Texas,TX,quiet,0.000233,1253,113,501+,0.21,0.00167,897,80,501+,0.48,0.037652,0.124477,0,0,0,,0.842105,2024-25
2026-07-20,2026-07-27,19127,Marshall County,Iowa,IA,quiet,0.000233,1254,18,501+,0.21,0.000806,1426,19,501+,0.23,0.03763,0.05728,0,0,0,,0.89738431,2024-25
2026-07-20,2026-07-27,26165,Wexford County,Michigan,MI,quiet,0.000232,1255,32,501+,0.21,0.00069,1553,55,501+,0.2,0.037517,0.048282,0,0,0,,0.856,2024-25
2026-07-20,2026-07-27,48077,Clay County,Texas,TX,quiet,0.000232,1256,114,501+,0.21,0.001041,1232,118,501+,0.3,0.037509,0.075714,0,0,0,,0.891892,2024-25
2026-07-20,2026-07-27,31053,Dodge County,Nebraska,NE,quiet,0.000232,1257,16,501+,0.21,0.000811,1420,19,501+,0.24,0.037476,0.057648,0,0,0,,0.943277311,2024-25
2026-07-20,2026-07-27,38059,Morton County,North Dakota,ND,quiet,0.000231,1258,19,501+,0.21,0.001268,1070,18,501+,0.37,0.037297,0.093446,0,0,0,,0.8794,2024-25
2026-07-20,2026-07-27,35027,Lincoln County,New Mexico,NM,quiet,0.00023,1259,20,501+,0.21,0.001241,1091,19,501+,0.36,0.037203,0.091356,0,0,0,,0.9307,2024-25
2026-07-20,2026-07-27,36089,St. Lawrence County,New York,NY,quiet,0.00023,1260,44,501+,0.21,0.001252,1082,35,501+,0.36,0.037197,0.092209,0,0,0,,0.998705987,2024-25
2026-07-20,2026-07-27,48049,Brown County,Texas,TX,quiet,0.00023,1261,115,501+,0.21,0.000992,1265,122,501+,0.29,0.037187,0.071817,0,0,1,68,0.96,2024-25
2026-07-20,2026-07-27,18053,Grant County,Indiana,IN,quiet,0.00023,1262,30,501+,0.21,0.000903,1339,34,501+,0.26,0.037145,0.064897,0,0,0,,0.9022,2024-25
2026-07-20,2026-07-27,19099,Jasper County,Iowa,IA,quiet,0.000229,1263,19,501+,0.21,0.00117,1129,14,501+,0.34,0.037076,0.08582,0,0,0,,0.90196078,2024-25
2026-07-20,2026-07-27,47103,Lincoln County,Tennessee,TN,quiet,0.000229,1264,25,501+,0.21,0.000675,1573,35,501+,0.2,0.037066,0.04708,0,0,0,,0.925,2024-25
2026-07-20,2026-07-27,51069,Frederick County,Virginia,VA,quiet,0.000229,1265,38,501+,0.21,0.001242,1090,25,501+,0.36,0.037049,0.091457,0,0,0,,0.911,2024-25
2026-07-20,2026-07-27,16003,Adams County,Idaho,ID,quiet,0.000229,1266,39,501+,0.21,0.000742,1495,42,501+,0.22,0.037019,0.05232,0,0,0,,0.6,2024-25
2026-07-20,2026-07-27,51840,Winchester City,Virginia,VA,quiet,0.000229,1267,39,501+,0.21,0.000307,2390,84,501+,0.09,0.036995,0.019316,0,0,0,,0.935,2024-25
2026-07-20,2026-07-27,12119,Sumter County,Florida,FL,quiet,0.000229,1268,39,501+,0.21,0.001025,1240,41,501+,0.3,0.036914,0.07443,0,0,0,,0.906,2024-25
2026-07-20,2026-07-27,12003,Baker County,Florida,FL,quiet,0.000228,1269,40,501+,0.21,0.001426,998,36,501+,0.41,0.036849,0.105738,0,0,0,,0.954,2024-25
2026-07-20,2026-07-27,06033,Lake County,California,CA,quiet,0.000228,1270,51,501+,0.21,0.001148,1140,48,501+,0.33,0.036847,0.084076,0,0,0,,0.97759,2024-25
2026-07-20,2026-07-27,48191,Hall County,Texas,TX,quiet,0.000228,1271,116,501+,0.21,0.000937,1304,127,501+,0.27,0.036818,0.067505,0,0,0,,0.777778,2024-25
2026-07-20,2026-07-27,51065,Fluvanna County,Virginia,VA,quiet,0.000228,1272,40,501+,0.21,0.000591,1698,51,501+,0.17,0.036777,0.040606,0,0,0,,0.904,2021-22
2026-07-20,2026-07-27,31093,Howard County,Nebraska,NE,quiet,0.000227,1273,17,501+,0.21,0.000307,2389,66,501+,0.09,0.036713,0.019323,0,0,0,,0.945054945,2024-25
2026-07-20,2026-07-27,26127,Oceana County,Michigan,MI,quiet,0.000227,1274,33,501+,0.21,0.001243,1089,35,501+,0.36,0.036601,0.09148,0,0,0,,0.88541667,2024-25
2026-07-20,2026-07-27,22063,Livingston Parish,Louisiana,LA,quiet,0.000227,1275,10,501+,0.21,0.001718,881,8,501+,0.5,0.036574,0.128147,0,0,0,,0.8987,2024-25
2026-07-20,2026-07-27,40045,Ellis County,Oklahoma,OK,quiet,0.000227,1276,24,501+,0.21,0.001167,1130,20,501+,0.34,0.036574,0.085536,0,0,0,,0.8913,2024-25
2026-07-20,2026-07-27,26025,Calhoun County,Michigan,MI,quiet,0.000226,1277,34,501+,0.2,0.001664,902,25,501+,0.48,0.036535,0.124045,0,0,0,,0.90742001,2024-25
2026-07-20,2026-07-27,47177,Warren County,Tennessee,TN,quiet,0.000226,1278,26,501+,0.2,0.000751,1487,32,501+,0.22,0.036527,0.052969,0,0,0,,0.906,2024-25
2026-07-20,2026-07-27,13083,Dade County,Georgia,GA,quiet,0.000226,1279,32,501+,0.2,0.000322,2348,96,501+,0.09,0.036521,0.020388,0,0,0,,,
2026-07-20,2026-07-27,09150,Northeastern Connecticut Planning Region,Connecticut,CT,quiet,0.000226,1280,9,501+,0.2,0.001536,947,7,501+,0.45,0.036508,0.114175,0,0,0,,0.975,2024-25
2026-07-20,2026-07-27,02150,Kodiak Island Borough,Alaska,AK,quiet,0.000226,1281,12,501+,0.2,0.001017,1245,8,501+,0.3,0.036506,0.073807,0,0,0,,,
2026-07-20,2026-07-27,37125,Moore County,North Carolina,NC,quiet,0.000226,1282,49,501+,0.2,0.001225,1103,50,501+,0.36,0.036469,0.090096,0,0,0,,0.94683346,2024-25
2026-07-20,2026-07-27,40079,Le Flore County,Oklahoma,OK,quiet,0.000226,1283,25,501+,0.2,0.000971,1283,23,501+,0.28,0.036458,0.070195,0,0,0,,0.9076,2024-25
2026-07-20,2026-07-27,31045,Dawes County,Nebraska,NE,quiet,0.000226,1284,18,501+,0.2,0.000598,1688,23,501+,0.17,0.036453,0.041118,0,0,0,,0.942028986,2024-25
2026-07-20,2026-07-27,51685,Manassas Park City,Virginia,VA,quiet,0.000226,1285,41,501+,0.2,0.0004,2113,69,501+,0.12,0.036453,0.026171,0,0,0,,0.958,2024-25
2026-07-20,2026-07-27,35007,Colfax County,New Mexico,NM,quiet,0.000226,1286,21,501+,0.2,0.000705,1534,24,501+,0.2,0.03645,0.049443,0,0,0,,0.9,2024-25
2026-07-20,2026-07-27,01055,Etowah County,Alabama,AL,quiet,0.000226,1287,15,501+,0.2,0.001512,954,10,501+,0.44,0.036397,0.112361,0,0,0,,0.9409,2024-25
2026-07-20,2026-07-27,18135,Randolph County,Indiana,IN,quiet,0.000225,1288,31,501+,0.2,0.000673,1577,39,501+,0.2,0.03634,0.046918,0,0,0,,0.8746,2024-25
2026-07-20,2026-07-27,18035,Delaware County,Indiana,IN,quiet,0.000225,1289,32,501+,0.2,0.000996,1260,32,501+,0.29,0.036325,0.072161,0,0,0,,0.907,2024-25
2026-07-20,2026-07-27,47119,Maury County,Tennessee,TN,quiet,0.000225,1290,27,501+,0.2,0.001079,1192,26,501+,0.31,0.036304,0.078698,0,0,0,,0.892,2024-25
2026-07-20,2026-07-27,40073,Kingfisher County,Oklahoma,OK,quiet,0.000225,1291,26,501+,0.2,0.001082,1186,22,501+,0.31,0.036266,0.078921,0,0,0,,0.8592,2024-25
2026-07-20,2026-07-27,27029,Clearwater County,Minnesota,MN,quiet,0.000225,1292,43,501+,0.2,0.000911,1330,45,501+,0.26,0.036255,0.065525,0,0,0,,0.681,2024-25
2026-07-20,2026-07-27,39081,Jefferson County,Ohio,OH,quiet,0.000225,1293,49,501+,0.2,0.001057,1216,54,501+,0.31,0.036253,0.076983,0,0,0,,0.927,2024-25
2026-07-20,2026-07-27,29187,St. Francois County,Missouri,MO,quiet,0.000225,1294,26,501+,0.2,0.001052,1225,29,501+,0.31,0.036227,0.076535,0,0,0,,0.953,2024-25
2026-07-20,2026-07-27,48353,Nolan County,Texas,TX,quiet,0.000225,1295,117,501+,0.2,0.000676,1572,155,501+,0.2,0.036212,0.047128,0,0,0,,0.972222,2024-25
2026-07-20,2026-07-27,48487,Wilbarger County,Texas,TX,quiet,0.000224,1296,118,501+,0.2,0.000792,1439,138,501+,0.23,0.036194,0.056167,0,0,0,,0.97931,2024-25
2026-07-20,2026-07-27,51003,Albemarle County,Virginia,VA,quiet,0.000224,1297,42,501+,0.2,0.00144,991,22,501+,0.42,0.036091,0.106811,0,0,0,,0.893,2024-25
2026-07-20,2026-07-27,39101,Marion County,Ohio,OH,quiet,0.000223,1298,50,501+,0.2,0.001068,1209,53,501+,0.31,0.036016,0.077808,0,0,0,,0.931,2024-25
2026-07-20,2026-07-27,25003,Berkshire County,Massachusetts,MA,quiet,0.000223,1299,13,501+,0.2,0.001009,1251,11,501+,0.29,0.036011,0.073203,0,0,0,,0.918,2024-25
2026-07-20,2026-07-27,21185,Oldham County,Kentucky,KY,quiet,0.000223,1300,19,501+,0.2,0.001147,1142,19,501+,0.33,0.035979,0.083959,0,0,0,,0.949,2024-25
2026-07-20,2026-07-27,40149,Washita County,Oklahoma,OK,quiet,0.000223,1301,27,501+,0.2,0.000565,1751,45,501+,0.16,0.035979,0.038595,0,0,0,,0.8916,2024-25
2026-07-20,2026-07-27,01071,Jackson County,Alabama,AL,quiet,0.000223,1302,16,501+,0.2,0.000815,1417,20,501+,0.24,0.035936,0.057991,0,0,0,,0.9354,2024-25
2026-07-20,2026-07-27,29071,Franklin County,Missouri,MO,quiet,0.000223,1303,27,501+,0.2,0.001143,1146,25,501+,0.33,0.035865,0.083669,0,0,0,,0.914,2024-25
2026-07-20,2026-07-27,55085,Oneida County,Wisconsin,WI,quiet,0.000222,1304,39,501+,0.2,0.001112,1164,35,501+,0.32,0.035851,0.08124,0,0,0,,0.91,2024-25
2026-07-20,2026-07-27,40099,Murray County,Oklahoma,OK,quiet,0.000222,1305,28,501+,0.2,0.000598,1687,40,501+,0.17,0.03582,0.04112,0,0,0,,0.7943,2024-25
2026-07-20,2026-07-27,26043,Dickinson County,Michigan,MI,quiet,0.000222,1306,35,501+,0.2,0.000696,1547,54,501+,0.2,0.035808,0.048724,0,0,0,,0.91891892,2024-25
2026-07-20,2026-07-27,19115,Louisa County,Iowa,IA,quiet,0.000222,1307,20,501+,0.2,0.000616,1661,25,501+,0.18,0.035752,0.042491,0,0,0,,0.93103448,2024-25
2026-07-20,2026-07-27,40029,Coal County,Oklahoma,OK,quiet,0.000222,1308,29,501+,0.2,0.000601,1683,39,501+,0.17,0.03574,0.041345,0,0,0,,0.7143,2024-25
2026-07-20,2026-07-27,29091,Howell County,Missouri,MO,quiet,0.000222,1309,28,501+,0.2,0.00124,1094,19,501+,0.36,0.035688,0.091237,0,0,0,,0.839,2024-25
2026-07-20,2026-07-27,51095,James City County,Virginia,VA,quiet,0.000221,1310,43,501+,0.2,0.000914,1328,32,501+,0.27,0.03566,0.065727,0,0,0,,0.861,2024-25
2026-07-20,2026-07-27,01083,Limestone County,Alabama,AL,quiet,0.000221,1311,17,501+,0.2,0.001341,1032,13,501+,0.39,0.035647,0.099165,0,0,0,,0.9474,2024-25
2026-07-20,2026-07-27,48043,Brewster County,Texas,TX,quiet,0.000221,1312,119,501+,0.2,0.001147,1141,105,501+,0.33,0.035639,0.08403,0,0,1,61,0.839506,2024-25
2026-07-20,2026-07-27,55039,Fond du Lac County,Wisconsin,WI,quiet,0.000221,1313,40,501+,0.2,0.001082,1187,36,501+,0.31,0.035636,0.078919,0,0,0,,0.83,2024-25
2026-07-20,2026-07-27,37077,Granville County,North Carolina,NC,quiet,0.000221,1314,50,501+,0.2,0.000824,1406,56,501+,0.24,0.035635,0.058685,0,0,0,,0.97540984,2024-25
2026-07-20,2026-07-27,28083,Leflore County,Mississippi,MS,quiet,0.000221,1315,7,501+,0.2,0.000479,1934,17,501+,0.14,0.03559,0.032093,0,0,0,,0.9803,2024-25
2026-07-20,2026-07-27,39097,Madison County,Ohio,OH,quiet,0.000221,1316,51,501+,0.2,0.001838,838,41,501+,0.53,0.035554,0.137157,0,0,0,,0.938,2024-25
2026-07-20,2026-07-27,17187,Warren County,Illinois,IL,quiet,0.000221,1317,28,501+,0.2,0.000579,1721,37,501+,0.17,0.03554,0.039704,0,0,0,,0.979,2024-25
2026-07-20,2026-07-27,46031,Corson County,South Dakota,SD,quiet,0.000221,1318,25,501+,0.2,0.00055,1779,39,501+,0.16,0.035523,0.037482,0,0,0,,0.87,2024-25
2026-07-20,2026-07-27,20137,Norton County,Kansas,KS,quiet,0.00022,1319,34,501+,0.2,0.000691,1552,38,501+,0.2,0.035413,0.048295,0,0,0,,0.8419,2024-25
2026-07-20,2026-07-27,28113,Pike County,Mississippi,MS,quiet,0.00022,1320,8,501+,0.2,0.000515,1859,15,501+,0.15,0.035363,0.034821,0,0,0,,0.9808,2024-25
2026-07-20,2026-07-27,46073,Jerauld County,South Dakota,SD,quiet,0.000219,1321,26,501+,0.2,0.000632,1632,34,501+,0.18,0.035335,0.043775,0,0,0,,0.74,2024-25
2026-07-20,2026-07-27,06015,Del Norte County,California,CA,quiet,0.000219,1322,52,501+,0.2,0.00056,1763,53,501+,0.16,0.035278,0.038213,0,0,0,,0.93075,2024-25
2026-07-20,2026-07-27,20165,Rush County,Kansas,KS,quiet,0.000219,1323,35,501+,0.2,0.000996,1259,21,501+,0.29,0.035264,0.072162,0,0,0,,0.9556,2024-25
2026-07-20,2026-07-27,54077,Preston County,West Virginia,WV,quiet,0.000219,1324,8,501+,0.2,0.000892,1353,9,501+,0.26,0.035253,0.064028,0,0,0,,,
2026-07-20,2026-07-27,24029,Kent County,Maryland,MD,quiet,0.000219,1325,21,501+,0.2,0.000904,1338,20,501+,0.26,0.035241,0.064987,0,0,0,,0.8839,2024-25
2026-07-20,2026-07-27,17091,Kankakee County,Illinois,IL,quiet,0.000219,1326,29,501+,0.2,0.001707,887,18,501+,0.5,0.035207,0.127306,0,0,0,,0.947,2024-25
2026-07-20,2026-07-27,48391,Refugio County,Texas,TX,quiet,0.000219,1327,120,501+,0.2,0.000655,1600,157,501+,0.19,0.035191,0.045558,0,0,0,,0.967742,2024-25
2026-07-20,2026-07-27,48283,La Salle County,Texas,TX,quiet,0.000218,1328,121,501+,0.2,0.002018,791,65,501+,0.59,0.035072,0.150583,0,0,0,,0.971014,2024-25
2026-07-20,2026-07-27,38009,Bottineau County,North Dakota,ND,quiet,0.000218,1329,20,501+,0.2,0.00083,1399,24,501+,0.24,0.035062,0.059173,0,0,0,,0.918,2024-25
2026-07-20,2026-07-27,26029,Charlevoix County,Michigan,MI,quiet,0.000218,1330,36,501+,0.2,0.000816,1413,48,501+,0.24,0.035053,0.058083,0,0,0,,0.87671233,2024-25
2026-07-20,2026-07-27,20161,Riley County,Kansas,KS,quiet,0.000218,1331,36,501+,0.2,0.000744,1494,33,501+,0.22,0.03499,0.052411,0,0,0,,0.853,2024-25
2026-07-20,2026-07-27,27059,Isanti County,Minnesota,MN,quiet,0.000217,1332,44,501+,0.2,0.000749,1489,51,501+,0.22,0.034917,0.052866,0,0,0,,0.843,2024-25
2026-07-20,2026-07-27,27089,Marshall County,Minnesota,MN,quiet,0.000217,1333,45,501+,0.2,0.001221,1106,29,501+,0.35,0.034906,0.08981,0,0,0,,0.921,2024-25
2026-07-20,2026-07-27,26107,Mecosta County,Michigan,MI,quiet,0.000217,1334,37,501+,0.2,0.001336,1038,32,501+,0.39,0.034885,0.098768,0,0,0,,0.91252485,2024-25
2026-07-20,2026-07-27,48425,Somervell County,Texas,TX,quiet,0.000217,1335,122,501+,0.2,0.000639,1622,163,501+,0.19,0.034878,0.044328,0,0,0,,0.895105,2024-25
2026-07-20,2026-07-27,27151,Swift County,Minnesota,MN,quiet,0.000216,1336,46,501+,0.2,0.001063,1213,37,501+,0.31,0.034788,0.077405,0,0,0,,0.88,2024-25
2026-07-20,2026-07-27,29149,Oregon County,Missouri,MO,quiet,0.000216,1337,29,501+,0.2,0.000741,1497,42,501+,0.22,0.034777,0.05219,0,0,0,,0.858,2024-25
2026-07-20,2026-07-27,39159,Union County,Ohio,OH,quiet,0.000216,1338,52,501+,0.2,0.001658,907,45,501+,0.48,0.034774,0.123545,0,0,0,,0.89,2024-25
2026-07-20,2026-07-27,30065,Musselshell County,Montana,MT,quiet,0.000216,1339,27,501+,0.2,0.000747,1490,31,501+,0.22,0.034769,0.052697,0,0,0,,,
2026-07-20,2026-07-27,48233,Hutchinson County,Texas,TX,quiet,0.000216,1340,123,501+,0.2,0.00204,784,62,501+,0.59,0.034729,0.152257,0,0,0,,0.952381,2024-25
2026-07-20,2026-07-27,29201,Scott County,Missouri,MO,quiet,0.000216,1341,30,501+,0.2,0.000752,1484,40,501+,0.22,0.034713,0.053062,0,0,0,,0.947,2024-25
2026-07-20,2026-07-27,40077,Latimer County,Oklahoma,OK,quiet,0.000216,1342,30,501+,0.2,0.001102,1172,21,501+,0.32,0.034661,0.080466,0,0,0,,0.9487,2024-25
2026-07-20,2026-07-27,27113,Pennington County,Minnesota,MN,quiet,0.000215,1343,47,501+,0.19,0.000917,1325,44,501+,0.27,0.034562,0.065969,0,0,0,,0.953,2024-25
2026-07-20,2026-07-27,55078,Menominee County,Wisconsin,WI,quiet,0.000215,1344,41,501+,0.19,0.000571,1738,49,501+,0.17,0.034519,0.039037,0,0,0,,0.8,2024-25
2026-07-20,2026-07-27,13039,Camden County,Georgia,GA,quiet,0.000215,1345,33,501+,0.19,0.000981,1274,26,501+,0.28,0.03447,0.070954,0,0,0,,,
2026-07-20,2026-07-27,39167,Washington County,Ohio,OH,quiet,0.000214,1346,53,501+,0.19,0.000847,1383,57,501+,0.25,0.034376,0.060509,0,0,0,,0.933,2024-25
2026-07-20,2026-07-27,12051,Hendry County,Florida,FL,quiet,0.000214,1347,41,501+,0.19,0.000928,1313,43,501+,0.27,0.034375,0.066821,0,0,0,,0.912,2024-25
2026-07-20,2026-07-27,47159,Smith County,Tennessee,TN,quiet,0.000214,1348,28,501+,0.19,0.000518,1852,45,501+,0.15,0.034363,0.035032,0,0,0,,0.933,2024-25
2026-07-20,2026-07-27,26145,Saginaw County,Michigan,MI,quiet,0.000214,1349,38,501+,0.19,0.00065,1606,56,501+,0.19,0.034329,0.045163,0,0,0,,0.92585551,2024-25
2026-07-20,2026-07-27,22105,Tangipahoa Parish,Louisiana,LA,quiet,0.000213,1350,11,501+,0.19,0.001347,1027,10,501+,0.39,0.034264,0.099614,0,0,0,,0.9189,2024-25
2026-07-20,2026-07-27,29029,Camden County,Missouri,MO,quiet,0.000213,1351,31,501+,0.19,0.000976,1279,32,501+,0.28,0.034228,0.070594,0,0,0,,0.907,2024-25
2026-07-20,2026-07-27,40127,Pushmataha County,Oklahoma,OK,quiet,0.000213,1352,31,501+,0.19,0.000888,1359,27,501+,0.26,0.034178,0.063678,0,0,0,,0.8169,2024-25
2026-07-20,2026-07-27,38081,Sargent County,North Dakota,ND,quiet,0.000213,1353,21,501+,0.19,0.001245,1087,19,501+,0.36,0.034177,0.091625,0,0,0,,0.8478,2024-25
2026-07-20,2026-07-27,37157,Rockingham County,North Carolina,NC,quiet,0.000213,1354,51,501+,0.19,0.001336,1037,47,501+,0.39,0.034153,0.098776,0,0,0,,0.96205357,2024-25
2026-07-20,2026-07-27,31119,Madison County,Nebraska,NE,quiet,0.000212,1355,19,501+,0.19,0.000861,1375,18,501+,0.25,0.034114,0.061558,0,0,0,,0.96925859,2024-25
2026-07-20,2026-07-27,01077,Lauderdale County,Alabama,AL,quiet,0.000211,1356,18,501+,0.19,0.001069,1206,17,501+,0.31,0.033923,0.077919,0,0,0,,0.9609,2024-25
2026-07-20,2026-07-27,37169,Stokes County,North Carolina,NC,quiet,0.000211,1357,52,501+,0.19,0.001071,1201,53,501+,0.31,0.033909,0.078034,0,0,0,,0.96192893,2024-25
2026-07-20,2026-07-27,51680,Lynchburg City,Virginia,VA,quiet,0.000211,1358,44,501+,0.19,0.000535,1809,54,501+,0.16,0.033854,0.036283,0,0,0,,0.715,2024-25
2026-07-20,2026-07-27,47141,Putnam County,Tennessee,TN,quiet,0.000211,1359,29,501+,0.19,0.00146,980,19,501+,0.42,0.033839,0.108325,0,0,0,,0.927,2024-25
2026-07-20,2026-07-27,51600,Fairfax City,Virginia,VA,quiet,0.000211,1360,45,501+,0.19,0.001089,1181,28,501+,0.32,0.033839,0.079422,0,0,0,,0.91,2024-25
2026-07-20,2026-07-27,48203,Harrison County,Texas,TX,quiet,0.000211,1361,124,501+,0.19,0.000888,1358,131,501+,0.26,0.033827,0.063693,0,0,1,61,0.929988,2024-25
2026-07-20,2026-07-27,39021,Champaign County,Ohio,OH,quiet,0.000211,1362,54,501+,0.19,0.001128,1156,51,501+,0.33,0.033821,0.082508,0,0,0,,0.917,2024-25
2026-07-20,2026-07-27,20127,Morris County,Kansas,KS,quiet,0.000211,1363,37,501+,0.19,0.000721,1515,35,501+,0.21,0.033779,0.050672,0,0,0,,0.8752,2024-25
2026-07-20,2026-07-27,26023,Branch County,Michigan,MI,quiet,0.00021,1364,39,501+,0.19,0.000997,1258,37,501+,0.29,0.033753,0.072254,0,0,0,,0.9217759,2024-25
2026-07-20,2026-07-27,05031,Craighead County,Arkansas,AR,quiet,0.00021,1365,15,501+,0.19,0.00139,1009,7,501+,0.4,0.033676,0.102945,0,0,0,,,
2026-07-20,2026-07-27,48435,Sutton County,Texas,TX,quiet,0.00021,1366,125,501+,0.19,0.000445,1997,202,501+,0.13,0.033664,0.029517,0,0,0,,0.944444,2024-25
2026-07-20,2026-07-27,01021,Chilton County,Alabama,AL,quiet,0.00021,1367,19,501+,0.19,0.000827,1404,19,501+,0.24,0.033634,0.058901,0,0,0,,0.954,2024-25
2026-07-20,2026-07-27,20197,Wabaunsee County,Kansas,KS,quiet,0.000209,1368,38,501+,0.19,0.000531,1816,62,501+,0.15,0.033532,0.036021,0,0,0,,0.7585,2024-25
2026-07-20,2026-07-27,48475,Ward County,Texas,TX,quiet,0.000209,1369,126,501+,0.19,0.000737,1501,146,501+,0.21,0.0335,0.051871,0,0,0,,0.933735,2024-25
2026-07-20,2026-07-27,42115,Susquehanna County,Pennsylvania,PA,quiet,0.000209,1370,50,501+,0.19,0.000906,1334,50,501+,0.26,0.033497,0.065091,0,0,0,,0.923,2024-25
2026-07-20,2026-07-27,08093,Park County,Colorado,CO,quiet,0.000209,1371,41,501+,0.19,0.000414,2069,49,501+,0.12,0.033486,0.027198,0,0,0,,0.8588,2024-25
2026-07-20,2026-07-27,56019,Johnson County,Wyoming,WY,quiet,0.000209,1372,22,501+,0.19,0.001157,1134,21,501+,0.34,0.03347,0.084745,0,0,0,,0.96,2022-23
2026-07-20,2026-07-27,20053,Ellsworth County,Kansas,KS,quiet,0.000208,1373,39,501+,0.19,0.000626,1640,44,501+,0.18,0.033411,0.043267,0,0,0,,0.9391,2024-25
2026-07-20,2026-07-27,27033,Cottonwood County,Minnesota,MN,quiet,0.000208,1374,48,501+,0.19,0.000828,1403,48,501+,0.24,0.033368,0.058992,0,0,0,,0.962,2024-25
2026-07-20,2026-07-27,30101,Toole County,Montana,MT,quiet,0.000208,1375,28,501+,0.19,0.000805,1429,30,501+,0.23,0.033313,0.057175,0,0,0,,,
2026-07-20,2026-07-27,31137,Phelps County,Nebraska,NE,quiet,0.000208,1376,20,501+,0.19,0.000575,1729,28,501+,0.17,0.033268,0.039377,0,0,0,,0.961783439,2024-25
2026-07-20,2026-07-27,13013,Barrow County,Georgia,GA,quiet,0.000207,1377,34,501+,0.19,0.000915,1327,30,501+,0.27,0.033229,0.065848,0,0,0,,,
2026-07-20,2026-07-27,02060,Bristol Bay Borough,Alaska,AK,quiet,0.000207,1378,13,501+,0.19,0.000604,1675,14,501+,0.18,0.033204,0.041593,0,0,0,,,
2026-07-20,2026-07-27,31145,Red Willow County,Nebraska,NE,quiet,0.000207,1379,21,501+,0.19,0.000496,1891,42,501+,0.14,0.033158,0.033336,0,0,0,,0.976923077,2024-25
2026-07-20,2026-07-27,40015,Caddo County,Oklahoma,OK,quiet,0.000207,1380,32,501+,0.19,0.000553,1774,48,501+,0.16,0.03312,0.037645,0,0,0,,0.8093,2024-25
2026-07-20,2026-07-27,50023,Washington County,Vermont,VT,quiet,0.000206,1381,6,501+,0.19,0.001144,1144,5,501+,0.33,0.033066,0.083779,0,0,1,23,0.93,2024-25
2026-07-20,2026-07-27,37003,Alexander County,North Carolina,NC,quiet,0.000206,1382,53,501+,0.19,0.000671,1581,63,501+,0.19,0.033,0.046761,0,0,0,,0.94136808,2024-25
2026-07-20,2026-07-27,19147,Palo Alto County,Iowa,IA,quiet,0.000206,1383,21,501+,0.19,0.000572,1736,28,501+,0.17,0.03299,0.039121,0,0,0,,0.94444444,2024-25
2026-07-20,2026-07-27,51171,Shenandoah County,Virginia,VA,quiet,0.000206,1384,46,501+,0.19,0.000674,1574,43,501+,0.2,0.032987,0.047003,0,0,0,,0.933,2024-25
2026-07-20,2026-07-27,51073,Gloucester County,Virginia,VA,quiet,0.000206,1385,47,501+,0.19,0.00081,1421,36,501+,0.24,0.032958,0.057572,0,0,0,,0.782,2024-25
2026-07-20,2026-07-27,02066,Copper River Census Area,Alaska,AK,quiet,0.000205,1386,14,501+,0.19,0.000704,1539,12,501+,0.2,0.032802,0.049309,0,0,0,,,
2026-07-20,2026-07-27,13311,White County,Georgia,GA,quiet,0.000205,1387,35,501+,0.19,0.000519,1849,54,501+,0.15,0.032752,0.035093,0,0,0,,,
2026-07-20,2026-07-27,31185,York County,Nebraska,NE,quiet,0.000205,1388,22,501+,0.19,0.000505,1873,40,501+,0.15,0.03275,0.034028,0,0,0,,0.964028777,2024-25
2026-07-20,2026-07-27,08047,Gilpin County,Colorado,CO,quiet,0.000205,1389,42,501+,0.19,0.001413,1001,33,501+,0.41,0.032736,0.104687,0,0,0,,0.96,2024-25
2026-07-20,2026-07-27,02100,Haines Borough,Alaska,AK,quiet,0.000205,1390,15,501+,0.19,0.000326,2334,22,501+,0.09,0.032736,0.020714,0,0,0,,,
2026-07-20,2026-07-27,01009,Blount County,Alabama,AL,quiet,0.000204,1391,20,501+,0.18,0.000771,1469,25,501+,0.22,0.032626,0.054518,0,0,0,,0.9717,2024-25
2026-07-20,2026-07-27,08033,Dolores County,Colorado,CO,quiet,0.000204,1392,43,501+,0.18,0.000282,2465,53,501+,0.08,0.032592,0.017528,0,0,0,,0.7778,2024-25
2026-07-20,2026-07-27,41063,Wallowa County,Oregon,OR,quiet,0.000204,1393,24,501+,0.18,0.000627,1639,25,501+,0.18,0.03259,0.043343,0,0,0,,0.857,2024-25
2026-07-20,2026-07-27,48505,Zapata County,Texas,TX,quiet,0.000203,1394,127,501+,0.18,0.00047,1955,198,501+,0.14,0.032542,0.031368,0,0,0,,0.984293,2024-25
2026-07-20,2026-07-27,21047,Christian County,Kentucky,KY,quiet,0.000203,1395,20,501+,0.18,0.000899,1346,21,501+,0.26,0.032535,0.064569,0,0,0,,0.925,2024-25
2026-07-20,2026-07-27,42009,Bedford County,Pennsylvania,PA,quiet,0.000203,1396,51,501+,0.18,0.00086,1376,51,501+,0.25,0.032478,0.061487,0,0,0,,0.953,2024-25
2026-07-20,2026-07-27,46087,McCook County,South Dakota,SD,quiet,0.000203,1397,27,501+,0.18,0.000953,1297,22,501+,0.28,0.032447,0.068792,0,0,0,,0.78,2024-25
2026-07-20,2026-07-27,27085,McLeod County,Minnesota,MN,quiet,0.000203,1398,49,501+,0.18,0.001004,1254,39,501+,0.29,0.032438,0.072789,0,0,0,,0.887,2024-25
2026-07-20,2026-07-27,47123,Monroe County,Tennessee,TN,quiet,0.000203,1399,30,501+,0.18,0.000711,1529,34,501+,0.21,0.032426,0.04987,0,0,0,,0.952,2024-25
2026-07-20,2026-07-27,31083,Harlan County,Nebraska,NE,quiet,0.000203,1400,23,501+,0.18,0.000556,1769,31,501+,0.16,0.032421,0.037884,0,0,0,,0.956521739,2024-25
2026-07-20,2026-07-27,30041,Hill County,Montana,MT,quiet,0.000202,1401,29,501+,0.18,0.001347,1028,18,501+,0.39,0.03237,0.099612,0,0,4,59,,
2026-07-20,2026-07-27,46033,Custer County,South Dakota,SD,quiet,0.000202,1402,28,501+,0.18,0.000736,1503,32,501+,0.21,0.032346,0.051813,0,0,0,,0.88,2024-25
2026-07-20,2026-07-27,05133,Sevier County,Arkansas,AR,quiet,0.000202,1403,16,501+,0.18,0.000898,1347,15,501+,0.26,0.032285,0.064511,0,0,0,,,
2026-07-20,2026-07-27,27127,Redwood County,Minnesota,MN,quiet,0.000202,1404,50,501+,0.18,0.000472,1950,69,501+,0.14,0.032273,0.031553,0,0,0,,0.843,2024-25
2026-07-20,2026-07-27,48429,Stephens County,Texas,TX,quiet,0.000202,1405,128,501+,0.18,0.000692,1551,151,501+,0.2,0.032248,0.048364,0,0,0,,0.918367,2024-25
2026-07-20,2026-07-27,28081,Lee County,Mississippi,MS,quiet,0.000202,1406,9,501+,0.18,0.000531,1817,14,501+,0.15,0.032243,0.036021,0,0,0,,0.9725,2024-25
2026-07-20,2026-07-27,55045,Green County,Wisconsin,WI,quiet,0.000202,1407,42,501+,0.18,0.001492,962,26,501+,0.43,0.032238,0.110829,0,0,0,,0.89,2024-25
2026-07-20,2026-07-27,39141,Ross County,Ohio,OH,quiet,0.000202,1408,55,501+,0.18,0.001749,870,42,501+,0.51,0.032237,0.130444,0,0,0,,0.897,2024-25
2026-07-20,2026-07-27,31073,Gosper County,Nebraska,NE,quiet,0.000201,1409,24,501+,0.18,0.000516,1858,38,501+,0.15,0.032206,0.034836,0,0,0,,0.666666667,2024-25
2026-07-20,2026-07-27,38073,Ransom County,North Dakota,ND,quiet,0.000201,1410,22,501+,0.18,0.00166,905,16,501+,0.48,0.032193,0.123738,0,0,6,16,0.95,2024-25
2026-07-20,2026-07-27,38093,Stutsman County,North Dakota,ND,quiet,0.000201,1411,23,501+,0.18,0.000945,1301,22,501+,0.27,0.032171,0.068148,0,0,0,,0.9163,2024-25
2026-07-20,2026-07-27,37107,Lenoir County,North Carolina,NC,quiet,0.000201,1412,54,501+,0.18,0.001264,1071,48,501+,0.37,0.032148,0.093112,0,0,0,,0.9521045,2024-25
2026-07-20,2026-07-27,38063,Nelson County,North Dakota,ND,quiet,0.000201,1413,24,501+,0.18,0.000821,1408,25,501+,0.24,0.032081,0.058422,0,0,0,,0.9429,2024-25
2026-07-20,2026-07-27,48199,Hardin County,Texas,TX,quiet,0.0002,1414,129,501+,0.18,0.001521,950,87,501+,0.44,0.031986,0.113077,0,0,0,,0.918546,2024-25
2026-07-20,2026-07-27,48055,Caldwell County,Texas,TX,quiet,0.0002,1415,130,501+,0.18,0.000774,1464,142,501+,0.22,0.031961,0.054816,0,0,0,,0.972477,2024-25
2026-07-20,2026-07-27,12129,Wakulla County,Florida,FL,quiet,0.000199,1416,42,501+,0.18,0.000759,1477,45,501+,0.22,0.031817,0.053582,0,0,0,,0.863,2024-25
2026-07-20,2026-07-27,05127,Scott County,Arkansas,AR,quiet,0.000198,1417,17,501+,0.18,0.000454,1984,25,501+,0.13,0.031666,0.030139,0,0,0,,,
2026-07-20,2026-07-27,23025,Somerset County,Maine,ME,quiet,0.000198,1418,10,501+,0.18,0.000699,1544,13,501+,0.2,0.031638,0.04895,0,0,0,,0.9879,2024-25
2026-07-20,2026-07-27,36015,Chemung County,New York,NY,quiet,0.000198,1419,45,501+,0.18,0.001095,1175,37,501+,0.32,0.031624,0.079947,0,0,0,,0.997523633,2024-25
2026-07-20,2026-07-27,17063,Grundy County,Illinois,IL,quiet,0.000198,1420,30,501+,0.18,0.000837,1396,30,501+,0.24,0.031618,0.059712,0,0,0,,0.924,2024-25
2026-07-20,2026-07-27,48315,Marion County,Texas,TX,quiet,0.000198,1421,131,501+,0.18,0.00083,1401,136,501+,0.24,0.031597,0.059123,0,0,0,,0.985915,2024-25
2026-07-20,2026-07-27,39171,Williams County,Ohio,OH,quiet,0.000198,1422,56,501+,0.18,0.00072,1517,61,501+,0.21,0.031592,0.05055,0,0,0,,0.878,2024-25
2026-07-20,2026-07-27,20067,Grant County,Kansas,KS,quiet,0.000197,1423,40,501+,0.18,0.000849,1382,27,501+,0.25,0.031462,0.060632,0,0,0,,0.9278,2024-25
2026-07-20,2026-07-27,21179,Nelson County,Kentucky,KY,quiet,0.000197,1424,21,501+,0.18,0.000805,1428,22,501+,0.23,0.031423,0.05722,0,0,0,,0.952,2024-25
2026-07-20,2026-07-27,19171,Tama County,Iowa,IA,quiet,0.000197,1425,22,501+,0.18,0.000452,1985,36,501+,0.13,0.031381,0.030036,0,0,0,,0.98170732,2024-25
2026-07-20,2026-07-27,42131,Wyoming County,Pennsylvania,PA,quiet,0.000196,1426,52,501+,0.18,0.001228,1100,48,501+,0.36,0.031322,0.09035,0,0,0,,0.973,2024-25
2026-07-20,2026-07-27,47167,Tipton County,Tennessee,TN,quiet,0.000196,1427,31,501+,0.18,0.001119,1161,24,501+,0.33,0.031277,0.081834,0,0,0,,0.953,2024-25
2026-07-20,2026-07-27,17195,Whiteside County,Illinois,IL,quiet,0.000196,1428,31,501+,0.18,0.000687,1558,32,501+,0.2,0.031204,0.048022,0,0,0,,0.966,2024-25
2026-07-20,2026-07-27,40007,Beaver County,Oklahoma,OK,quiet,0.000196,1429,33,501+,0.18,0.000534,1810,50,501+,0.16,0.031173,0.036224,0,0,0,,0.8519,2024-25
2026-07-20,2026-07-27,37099,Jackson County,North Carolina,NC,quiet,0.000195,1430,55,501+,0.18,0.001519,951,44,501+,0.44,0.031118,0.112932,0,0,0,,0.92913386,2024-25
2026-07-20,2026-07-27,31107,Knox County,Nebraska,NE,quiet,0.000195,1431,25,501+,0.18,0.000542,1792,33,501+,0.16,0.031071,0.036874,0,0,0,,0.907563025,2024-25
2026-07-20,2026-07-27,23009,Hancock County,Maine,ME,quiet,0.000195,1432,11,501+,0.18,0.001187,1120,9,501+,0.34,0.031046,0.087098,0,0,0,,0.9832,2024-25
2026-07-20,2026-07-27,27105,Nobles County,Minnesota,MN,quiet,0.000195,1433,51,501+,0.18,0.001078,1193,33,501+,0.31,0.031041,0.078623,0,0,0,,0.858,2024-25
2026-07-20,2026-07-27,20201,Washington County,Kansas,KS,quiet,0.000194,1434,41,501+,0.18,0.000575,1730,51,501+,0.17,0.030971,0.03936,0,0,0,,0.9708,2024-25
2026-07-20,2026-07-27,16023,Butte County,Idaho,ID,quiet,0.000194,1435,40,501+,0.18,0.001134,1154,37,501+,0.33,0.03095,0.083012,0,0,0,,0.75,2024-25
2026-07-20,2026-07-27,02220,Sitka City and Borough,Alaska,AK,quiet,0.000194,1436,16,501+,0.18,0.000515,1860,17,501+,0.15,0.030932,0.034775,0,0,0,,,
2026-07-20,2026-07-27,46041,Dewey County,South Dakota,SD,quiet,0.000194,1437,29,501+,0.18,0.000243,2602,60,501+,0.07,0.030916,0.014766,0,0,0,,0.94,2024-25
2026-07-20,2026-07-27,48119,Delta County,Texas,TX,quiet,0.000194,1438,132,501+,0.18,0.00078,1457,141,501+,0.23,0.030912,0.055246,0,0,0,,0.942857,2024-25
2026-07-20,2026-07-27,35005,Chaves County,New Mexico,NM,quiet,0.000194,1439,22,501+,0.18,0.001054,1223,20,501+,0.31,0.030893,0.076675,0,0,1,67,0.9814,2024-25
2026-07-20,2026-07-27,21101,Henderson County,Kentucky,KY,quiet,0.000194,1440,22,501+,0.18,0.000505,1874,29,501+,0.15,0.030875,0.034005,0,0,0,,0.923,2024-25
2026-07-20,2026-07-27,48009,Archer County,Texas,TX,quiet,0.000194,1441,133,501+,0.18,0.001318,1052,99,501+,0.38,0.030853,0.097336,0,0,0,,0.94964,2024-25
2026-07-20,2026-07-27,30085,Roosevelt County,Montana,MT,quiet,0.000194,1442,30,501+,0.18,0.000626,1641,37,501+,0.18,0.030828,0.043267,0,0,0,,,
2026-07-20,2026-07-27,27023,Chippewa County,Minnesota,MN,quiet,0.000193,1443,52,501+,0.18,0.000549,1782,64,501+,0.16,0.030802,0.037339,0,0,0,,0.881,2024-25
2026-07-20,2026-07-27,31157,Scotts Bluff County,Nebraska,NE,quiet,0.000193,1444,26,501+,0.17,0.001027,1238,14,501+,0.3,0.030761,0.074568,0,0,0,,0.901960784,2024-25
2026-07-20,2026-07-27,48305,Lynn County,Texas,TX,quiet,0.000193,1445,134,501+,0.17,0.000877,1364,132,501+,0.25,0.030761,0.062857,0,0,2,73,0.913043,2024-25
2026-07-20,2026-07-27,55015,Calumet County,Wisconsin,WI,quiet,0.000193,1446,43,501+,0.17,0.000873,1366,41,501+,0.25,0.030726,0.062495,0,0,0,,0.85,2024-25
2026-07-20,2026-07-27,28071,Lafayette County,Mississippi,MS,quiet,0.000193,1447,10,501+,0.17,0.000603,1678,13,501+,0.18,0.03072,0.041506,0,0,0,,0.9801,2024-25
2026-07-20,2026-07-27,27039,Dodge County,Minnesota,MN,quiet,0.000193,1448,53,501+,0.17,0.000631,1635,58,501+,0.18,0.030695,0.043667,0,0,0,,0.891,2024-25
2026-07-20,2026-07-27,35059,Union County,New Mexico,NM,quiet,0.000193,1449,23,501+,0.17,0.000889,1357,21,501+,0.26,0.030685,0.063806,0,0,0,,0.9063,2024-25
2026-07-20,2026-07-27,19195,Worth County,Iowa,IA,quiet,0.000193,1450,23,501+,0.17,0.000726,1510,21,501+,0.21,0.030664,0.051071,0,0,0,,0.86666667,2024-25
2026-07-20,2026-07-27,26073,Isabella County,Michigan,MI,quiet,0.000193,1451,40,501+,0.17,0.000807,1425,49,501+,0.23,0.03066,0.05738,0,0,0,,0.91631799,2024-25
2026-07-20,2026-07-27,31079,Hall County,Nebraska,NE,quiet,0.000192,1452,27,501+,0.17,0.001358,1021,10,501+,0.39,0.030627,0.100422,0,0,0,,0.96326062,2024-25
2026-07-20,2026-07-27,02198,Prince of Wales-Hyder Census Area,Alaska,AK,quiet,0.000192,1453,17,501+,0.17,0.000474,1948,18,501+,0.14,0.030607,0.031676,0,0,0,,,
2026-07-20,2026-07-27,48371,Pecos County,Texas,TX,quiet,0.000192,1454,135,501+,0.17,0.000819,1410,137,501+,0.24,0.03055,0.058322,0,0,0,,0.799699,2024-25
2026-07-20,2026-07-27,46053,Gregory County,South Dakota,SD,quiet,0.000192,1455,30,501+,0.17,0.000815,1416,30,501+,0.24,0.030528,0.058019,0,0,0,,0.87,2024-25
2026-07-20,2026-07-27,17177,Stephenson County,Illinois,IL,quiet,0.000192,1456,32,501+,0.17,0.000917,1326,27,501+,0.27,0.030509,0.065965,0,0,0,,0.963,2024-25
2026-07-20,2026-07-27,13295,Walker County,Georgia,GA,quiet,0.000191,1457,36,501+,0.17,0.000673,1578,40,501+,0.2,0.030351,0.046906,0,0,0,,,
2026-07-20,2026-07-27,31121,Merrick County,Nebraska,NE,quiet,0.000191,1458,28,501+,0.17,0.000478,1938,44,501+,0.14,0.03031,0.031974,0,0,0,,0.973333333,2024-25
2026-07-20,2026-07-27,36073,Orleans County,New York,NY,quiet,0.00019,1459,46,501+,0.17,0.00059,1699,49,501+,0.17,0.030269,0.040536,0,0,0,,0.998669683,2024-25
2026-07-20,2026-07-27,18011,Boone County,Indiana,IN,quiet,0.00019,1460,33,501+,0.17,0.001133,1155,26,501+,0.33,0.030162,0.082902,0,0,0,,0.9622,2024-25
2026-07-20,2026-07-27,19067,Floyd County,Iowa,IA,quiet,0.000189,1461,24,501+,0.17,0.000551,1777,29,501+,0.16,0.030114,0.037508,0,0,0,,0.85882353,2024-25
2026-07-20,2026-07-27,51790,Staunton City,Virginia,VA,quiet,0.000189,1462,48,501+,0.17,0.000644,1618,47,501+,0.19,0.030092,0.044649,0,0,0,,0.967,2024-25
2026-07-20,2026-07-27,40071,Kay County,Oklahoma,OK,quiet,0.000189,1463,34,501+,0.17,0.000844,1389,28,501+,0.24,0.030067,0.060223,0,0,0,,0.9417,2024-25
2026-07-20,2026-07-27,40103,Noble County,Oklahoma,OK,quiet,0.000188,1464,35,501+,0.17,0.000374,2191,68,501+,0.11,0.029892,0.024183,0,0,0,,0.9296,2024-25
2026-07-20,2026-07-27,18049,Fulton County,Indiana,IN,quiet,0.000188,1465,34,501+,0.17,0.000789,1442,37,501+,0.23,0.029853,0.055957,0,0,0,,0.9401,2024-25
2026-07-20,2026-07-27,55103,Richland County,Wisconsin,WI,quiet,0.000188,1466,44,501+,0.17,0.000637,1627,47,501+,0.18,0.029803,0.044106,0,0,0,,0.72,2024-25
2026-07-20,2026-07-27,13271,Telfair County,Georgia,GA,quiet,0.000187,1467,37,501+,0.17,0.000298,2412,102,501+,0.09,0.029756,0.018717,0,0,0,,,
2026-07-20,2026-07-27,50001,Addison County,Vermont,VT,quiet,0.000187,1468,7,501+,0.17,0.001095,1176,6,501+,0.32,0.029636,0.079888,0,0,0,,0.94,2024-25
2026-07-20,2026-07-27,44005,Newport County,Rhode Island,RI,quiet,0.000186,1469,4,501+,0.17,0.000703,1540,5,501+,0.2,0.029605,0.04925,0,0,0,,0.94,2024-25
2026-07-20,2026-07-27,20083,Hodgeman County,Kansas,KS,quiet,0.000186,1470,42,501+,0.17,0.000421,2047,76,501+,0.12,0.029554,0.02767,0,0,0,,0.9,2024-25
2026-07-20,2026-07-27,13125,Glascock County,Georgia,GA,quiet,0.000186,1471,38,501+,0.17,0.000548,1784,49,501+,0.16,0.029543,0.037308,0,0,0,,,
2026-07-20,2026-07-27,13177,Lee County,Georgia,GA,quiet,0.000186,1472,39,501+,0.17,0.000721,1516,38,501+,0.21,0.029469,0.050649,0,0,0,,,
2026-07-20,2026-07-27,48015,Austin County,Texas,TX,quiet,0.000185,1473,136,501+,0.17,0.001081,1190,114,501+,0.31,0.029415,0.078828,0,0,0,,0.947761,2024-25
2026-07-20,2026-07-27,21107,Hopkins County,Kentucky,KY,quiet,0.000185,1474,23,501+,0.17,0.000741,1498,24,501+,0.22,0.029345,0.052178,0,0,0,,0.911,2024-25
2026-07-20,2026-07-27,17029,Coles County,Illinois,IL,quiet,0.000185,1475,33,501+,0.17,0.000921,1320,26,501+,0.27,0.029317,0.066315,0,0,0,,0.957,2024-25
2026-07-20,2026-07-27,45025,Chesterfield County,South Carolina,SC,quiet,0.000185,1476,32,501+,0.17,0.000509,1867,38,501+,0.15,0.029305,0.034321,0,0,0,,0.973,2024-25
2026-07-20,2026-07-27,28089,Madison County,Mississippi,MS,quiet,0.000185,1477,11,501+,0.17,0.001224,1104,4,501+,0.36,0.02927,0.090013,0,0,0,,0.9683,2024-25
2026-07-20,2026-07-27,47001,Anderson County,Tennessee,TN,quiet,0.000184,1478,32,501+,0.17,0.001183,1123,22,501+,0.34,0.029216,0.086822,0,0,0,,0.959,2024-25
2026-07-20,2026-07-27,29121,Macon County,Missouri,MO,quiet,0.000184,1479,32,501+,0.17,0.000771,1468,38,501+,0.22,0.029211,0.054575,0,0,0,,0.888,2024-25
2026-07-20,2026-07-27,48087,Collingsworth County,Texas,TX,quiet,0.000184,1480,137,501+,0.17,0.001541,944,86,501+,0.45,0.02913,0.11462,0,0,0,,0.878049,2024-25
2026-07-20,2026-07-27,31123,Morrill County,Nebraska,NE,quiet,0.000183,1481,29,501+,0.17,0.000584,1711,26,501+,0.17,0.029083,0.040077,0,0,0,,0.844444444,2024-25
2026-07-20,2026-07-27,26019,Benzie County,Michigan,MI,quiet,0.000183,1482,41,501+,0.17,0.000985,1271,40,501+,0.29,0.029061,0.071286,0,0,0,,0.7751938,2024-25
2026-07-20,2026-07-27,54039,Kanawha County,West Virginia,WV,quiet,0.000183,1483,9,501+,0.17,0.001142,1147,5,501+,0.33,0.029024,0.083627,0,0,0,,,
2026-07-20,2026-07-27,01043,Cullman County,Alabama,AL,quiet,0.000183,1484,21,501+,0.17,0.001535,948,9,501+,0.45,0.028937,0.114171,0,0,0,,0.938,2024-25
2026-07-20,2026-07-27,46091,Marshall County,South Dakota,SD,quiet,0.000182,1485,31,501+,0.17,0.001468,976,17,501+,0.43,0.028893,0.109001,0,0,0,,0.73,2024-25
2026-07-20,2026-07-27,48351,Newton County,Texas,TX,quiet,0.000182,1486,138,501+,0.16,0.000617,1659,166,501+,0.18,0.028874,0.04258,0,0,0,,0.929204,2024-25
2026-07-20,2026-07-27,21009,Barren County,Kentucky,KY,quiet,0.000182,1487,24,501+,0.16,0.000765,1470,23,501+,0.22,0.028844,0.054057,0,0,0,,0.932,2024-25
2026-07-20,2026-07-27,13221,Oglethorpe County,Georgia,GA,quiet,0.000182,1488,40,501+,0.16,0.000455,1981,58,501+,0.13,0.028801,0.030279,0,0,0,,,
2026-07-20,2026-07-27,51149,Prince George County,Virginia,VA,quiet,0.000181,1489,49,501+,0.16,0.000671,1580,44,501+,0.19,0.028711,0.046805,0,0,0,,0.922,2024-25
2026-07-20,2026-07-27,33019,Sullivan County,New Hampshire,NH,quiet,0.000181,1490,8,501+,0.16,0.000902,1343,8,501+,0.26,0.028688,0.064779,0,0,0,,0.906,2024-25
2026-07-20,2026-07-27,19167,Sioux County,Iowa,IA,quiet,0.000181,1491,25,501+,0.16,0.001053,1224,15,501+,0.31,0.028594,0.076639,0,0,0,,0.82097649,2024-25
2026-07-20,2026-07-27,23023,Sagadahoc County,Maine,ME,quiet,0.00018,1492,12,501+,0.16,0.000846,1384,11,501+,0.25,0.028459,0.060392,0,0,0,,0.987,2024-25
2026-07-20,2026-07-27,22011,Beauregard Parish,Louisiana,LA,quiet,0.00018,1493,12,501+,0.16,0.000773,1465,19,501+,0.22,0.028456,0.054711,0,0,0,,0.8971,2024-25
2026-07-20,2026-07-27,27071,Koochiching County,Minnesota,MN,quiet,0.00018,1494,54,501+,0.16,0.000536,1805,65,501+,0.16,0.028443,0.036387,0,0,0,,0.86,2024-25
2026-07-20,2026-07-27,48489,Willacy County,Texas,TX,quiet,0.00018,1495,139,501+,0.16,0.000763,1473,144,501+,0.22,0.028442,0.053913,0,0,0,,0.973451,2024-25
2026-07-20,2026-07-27,31051,Dixon County,Nebraska,NE,quiet,0.00018,1496,30,501+,0.16,0.000407,2092,49,501+,0.12,0.028414,0.026683,0,0,0,,0.979591837,2024-25
2026-07-20,2026-07-27,37027,Caldwell County,North Carolina,NC,quiet,0.000179,1497,56,501+,0.16,0.001178,1125,52,501+,0.34,0.028284,0.086403,0,0,0,,0.96386946,2024-25
2026-07-20,2026-07-27,12075,Levy County,Florida,FL,quiet,0.000179,1498,43,501+,0.16,0.001241,1092,39,501+,0.36,0.028282,0.091342,0,0,0,,0.954,2024-25
2026-07-20,2026-07-27,37145,Person County,North Carolina,NC,quiet,0.000179,1499,57,501+,0.16,0.000751,1488,58,501+,0.22,0.028269,0.05296,0,0,0,,0.96181384,2024-25
2026-07-20,2026-07-27,26061,Houghton County,Michigan,MI,quiet,0.000179,1500,42,501+,0.16,0.000903,1340,46,501+,0.26,0.028264,0.064891,0,0,0,,0.73989899,2024-25
2026-07-20,2026-07-27,31099,Kearney County,Nebraska,NE,quiet,0.000179,1501,31,501+,0.16,0.00043,2027,46,501+,0.12,0.028262,0.028361,0,0,0,,0.977272727,2024-25
2026-07-20,2026-07-27,30005,Blaine County,Montana,MT,quiet,0.000179,1502,31,501+,0.16,0.000905,1337,26,501+,0.26,0.028252,0.065033,0,0,0,,,
2026-07-20,2026-07-27,31029,Chase County,Nebraska,NE,quiet,0.000178,1503,32,501+,0.16,0.000514,1861,39,501+,0.15,0.028197,0.034743,0,0,0,,0.94,2024-25
2026-07-20,2026-07-27,08003,Alamosa County,Colorado,CO,quiet,0.000178,1504,44,501+,0.16,0.002517,671,27,501+,0.73,0.028194,0.186652,0,0,0,,0.8,2024-25
2026-07-20,2026-07-27,01017,Chambers County,Alabama,AL,quiet,0.000178,1505,22,501+,0.16,0.000492,1903,29,501+,0.14,0.028192,0.033012,0,0,0,,0.9705,2024-25
2026-07-20,2026-07-27,20061,Geary County,Kansas,KS,quiet,0.000178,1506,43,501+,0.16,0.000676,1571,39,501+,0.2,0.028192,0.04718,0,0,0,,0.6656,2024-25
2026-07-20,2026-07-27,48379,Rains County,Texas,TX,quiet,0.000178,1507,140,501+,0.16,0.000993,1264,121,501+,0.29,0.028182,0.071895,0,0,1,46,0.967742,2024-25
2026-07-20,2026-07-27,29053,Cooper County,Missouri,MO,quiet,0.000178,1508,33,501+,0.16,0.000487,1918,62,501+,0.14,0.028182,0.032669,0,0,0,,0.932,2024-25
2026-07-20,2026-07-27,17105,Livingston County,Illinois,IL,quiet,0.000178,1509,34,501+,0.16,0.000644,1615,34,501+,0.19,0.028175,0.0447,0,0,0,,0.963,2024-25
2026-07-20,2026-07-27,28123,Scott County,Mississippi,MS,quiet,0.000178,1510,12,501+,0.16,0.00073,1507,10,501+,0.21,0.028088,0.051359,0,0,0,,0.9772,2024-25
2026-07-20,2026-07-27,13161,Jeff Davis County,Georgia,GA,quiet,0.000177,1511,41,501+,0.16,0.000341,2284,89,501+,0.1,0.028057,0.021794,0,0,0,,,
2026-07-20,2026-07-27,30015,Chouteau County,Montana,MT,quiet,0.000177,1512,32,501+,0.16,0.000627,1638,36,501+,0.18,0.027961,0.043404,0,0,0,,,
2026-07-20,2026-07-27,45087,Union County,South Carolina,SC,quiet,0.000177,1513,33,501+,0.16,0.001098,1174,32,501+,0.32,0.027941,0.080131,0,0,0,,0.964,2024-25
2026-07-20,2026-07-27,18067,Howard County,Indiana,IN,quiet,0.000177,1514,35,501+,0.16,0.001125,1158,27,501+,0.33,0.027904,0.082264,0,0,0,,0.8882,2024-25
2026-07-20,2026-07-27,46025,Clark County,South Dakota,SD,quiet,0.000177,1515,32,501+,0.16,0.000902,1342,26,501+,0.26,0.027896,0.064819,0,0,0,,0.63,2024-25
2026-07-20,2026-07-27,26045,Eaton County,Michigan,MI,quiet,0.000176,1516,43,501+,0.16,0.001915,814,22,501+,0.56,0.027859,0.142937,0,0,0,,0.92349138,2024-25
2026-07-20,2026-07-27,26079,Kalkaska County,Michigan,MI,quiet,0.000176,1517,44,501+,0.16,0.000906,1332,45,501+,0.26,0.027856,0.065144,0,0,0,,0.88757396,2024-25
2026-07-20,2026-07-27,08081,Moffat County,Colorado,CO,quiet,0.000176,1518,45,501+,0.16,0.000784,1449,41,501+,0.23,0.027804,0.055549,0,0,0,,0.9512,2024-25
2026-07-20,2026-07-27,26109,Menominee County,Michigan,MI,quiet,0.000176,1519,45,501+,0.16,0.000783,1451,52,501+,0.23,0.027774,0.055493,0,0,0,,0.8700565,2024-25
2026-07-20,2026-07-27,20119,Meade County,Kansas,KS,quiet,0.000176,1520,44,501+,0.16,0.00078,1454,30,501+,0.23,0.027762,0.055289,0,0,0,,0.8128,2024-25
2026-07-20,2026-07-27,26033,Chippewa County,Michigan,MI,quiet,0.000176,1521,46,501+,0.16,0.000895,1350,47,501+,0.26,0.027714,0.064213,0,0,0,,0.91372549,2024-25
2026-07-20,2026-07-27,13231,Pike County,Georgia,GA,quiet,0.000175,1522,42,501+,0.16,0.000531,1820,52,501+,0.15,0.027681,0.035981,0,0,0,,,
2026-07-20,2026-07-27,48037,Bowie County,Texas,TX,quiet,0.000175,1523,141,501+,0.16,0.00092,1324,129,501+,0.27,0.027602,0.066195,0,0,0,,0.925647,2024-25
2026-07-20,2026-07-27,48013,Atascosa County,Texas,TX,quiet,0.000175,1524,142,501+,0.16,0.001042,1230,117,501+,0.3,0.027566,0.075771,0,0,1,65,0.96142,2024-25
2026-07-20,2026-07-27,51181,Surry County,Virginia,VA,quiet,0.000174,1525,50,501+,0.16,0.00055,1780,52,501+,0.16,0.027509,0.037457,0,0,0,,0.918,2024-25
2026-07-20,2026-07-27,20085,Jackson County,Kansas,KS,quiet,0.000174,1526,45,501+,0.16,0.000477,1940,69,501+,0.14,0.027491,0.031938,0,0,0,,0.843,2024-25
2026-07-20,2026-07-27,20051,Ellis County,Kansas,KS,quiet,0.000174,1527,46,501+,0.16,0.000619,1650,45,501+,0.18,0.027435,0.042777,0,0,0,,0.9228,2024-25
2026-07-20,2026-07-27,06105,Trinity County,California,CA,quiet,0.000174,1528,53,501+,0.16,0.000756,1480,51,501+,0.22,0.02739,0.053411,0,0,0,,0.9037,2024-25
2026-07-20,2026-07-27,32027,Pershing County,Nevada,NV,quiet,0.000174,1529,13,501+,0.16,0.001104,1171,12,501+,0.32,0.027373,0.080594,0,0,0,,0.78,2024-25
2026-07-20,2026-07-27,19111,Lee County,Iowa,IA,quiet,0.000173,1530,26,501+,0.16,0.000417,2057,44,501+,0.12,0.027367,0.027416,0,0,0,,0.90555556,2024-25
2026-07-20,2026-07-27,48495,Winkler County,Texas,TX,quiet,0.000173,1531,143,501+,0.16,0.000519,1850,188,501+,0.15,0.027334,0.035057,0,0,0,,0.991803,2024-25
2026-07-20,2026-07-27,50003,Bennington County,Vermont,VT,quiet,0.000173,1532,8,501+,0.16,0.000977,1277,9,501+,0.28,0.0273,0.070652,0,0,0,,0.9,2024-25
2026-07-20,2026-07-27,20151,Pratt County,Kansas,KS,quiet,0.000173,1533,47,501+,0.16,0.000755,1481,32,501+,0.22,0.02726,0.053303,0,0,0,,0.8915,2024-25
2026-07-20,2026-07-27,40019,Carter County,Oklahoma,OK,quiet,0.000173,1534,36,501+,0.16,0.000654,1601,35,501+,0.19,0.027251,0.045462,0,0,0,,0.8903,2024-25
2026-07-20,2026-07-27,51075,Goochland County,Virginia,VA,quiet,0.000173,1535,51,501+,0.16,0.000603,1679,50,501+,0.18,0.02723,0.041491,0,0,0,,0.97,2024-25
2026-07-20,2026-07-27,22115,Vernon Parish,Louisiana,LA,quiet,0.000172,1536,13,501+,0.16,0.000952,1298,14,501+,0.28,0.027194,0.068699,0,0,0,,0.9048,2024-25
2026-07-20,2026-07-27,31005,Arthur County,Nebraska,NE,quiet,0.000172,1537,33,501+,0.16,0.000424,2038,47,501+,0.12,0.027171,0.027961,0,0,0,,0.8333,2021-22
2026-07-20,2026-07-27,31025,Cass County,Nebraska,NE,quiet,0.000172,1538,34,501+,0.16,0.000943,1303,17,501+,0.27,0.027166,0.067969,0,0,0,,0.924686192,2024-25
2026-07-20,2026-07-27,29215,Texas County,Missouri,MO,quiet,0.000172,1539,34,501+,0.16,0.001187,1118,23,501+,0.34,0.027133,0.087164,0,0,0,,0.822,2024-25
2026-07-20,2026-07-27,37053,Currituck County,North Carolina,NC,quiet,0.000172,1540,58,501+,0.16,0.000434,2020,80,501+,0.13,0.027127,0.028695,0,0,0,,0.94153846,2024-25
2026-07-20,2026-07-27,26105,Mason County,Michigan,MI,quiet,0.000171,1541,47,501+,0.16,0.000914,1329,44,501+,0.27,0.027002,0.065715,0,0,0,,0.88888889,2024-25
2026-07-20,2026-07-27,28073,Lamar County,Mississippi,MS,quiet,0.000171,1542,13,501+,0.16,0.000412,2075,24,501+,0.12,0.026977,0.027048,0,0,0,,0.9879,2024-25
2026-07-20,2026-07-27,05033,Crawford County,Arkansas,AR,quiet,0.000171,1543,18,501+,0.15,0.000601,1682,20,501+,0.17,0.026968,0.041401,0,0,0,,,
2026-07-20,2026-07-27,37061,Duplin County,North Carolina,NC,quiet,0.000171,1544,59,501+,0.15,0.000747,1491,59,501+,0.22,0.026959,0.052666,0,0,0,,0.97982346,2024-25
2026-07-20,2026-07-27,26113,Missaukee County,Michigan,MI,quiet,0.000171,1545,48,501+,0.15,0.000935,1306,42,501+,0.27,0.026949,0.067396,0,0,0,,0.88953488,2024-25
2026-07-20,2026-07-27,48103,Crane County,Texas,TX,quiet,0.000171,1546,144,501+,0.15,0.000694,1550,150,501+,0.2,0.026944,0.048551,0,0,0,,0.976744,2024-25
2026-07-20,2026-07-27,21167,Mercer County,Kentucky,KY,quiet,0.000171,1547,25,501+,0.15,0.00062,1649,26,501+,0.18,0.026933,0.042852,0,0,0,,0.935,2024-25
2026-07-20,2026-07-27,12133,Washington County,Florida,FL,quiet,0.000171,1548,44,501+,0.15,0.000566,1749,54,501+,0.16,0.026927,0.038713,0,0,0,,0.881,2024-25
2026-07-20,2026-07-27,27043,Faribault County,Minnesota,MN,quiet,0.000171,1549,55,501+,0.15,0.000551,1776,63,501+,0.16,0.026884,0.03753,0,0,0,,0.883,2024-25
2026-07-20,2026-07-27,37105,Lee County,North Carolina,NC,quiet,0.000171,1550,60,501+,0.15,0.000485,1923,75,501+,0.14,0.026872,0.032537,0,0,0,,0.93621868,2024-25
2026-07-20,2026-07-27,48011,Armstrong County,Texas,TX,quiet,0.00017,1551,145,501+,0.15,0.000705,1536,149,501+,0.2,0.026827,0.049407,0,0,0,,0.923077,2024-25
2026-07-20,2026-07-27,19035,Cherokee County,Iowa,IA,quiet,0.00017,1552,27,501+,0.15,0.000414,2071,45,501+,0.12,0.02681,0.027166,0,0,0,,0.859375,2024-25
2026-07-20,2026-07-27,48163,Frio County,Texas,TX,quiet,0.00017,1553,146,501+,0.15,0.001091,1180,112,501+,0.32,0.026796,0.079627,0,0,2,19,0.983333,2024-25
2026-07-20,2026-07-27,51043,Clarke County,Virginia,VA,quiet,0.00017,1554,52,501+,0.15,0.00048,1933,58,501+,0.14,0.02679,0.032137,0,0,0,,0.923,2024-25
2026-07-20,2026-07-27,36115,Washington County,New York,NY,quiet,0.00017,1555,47,501+,0.15,0.000785,1446,46,501+,0.23,0.026767,0.055657,0,0,0,,0.998498723,2024-25
2026-07-20,2026-07-27,41031,Jefferson County,Oregon,OR,quiet,0.00017,1556,25,501+,0.15,0.000526,1832,31,501+,0.15,0.026763,0.035589,0,0,0,,0.941,2024-25
2026-07-20,2026-07-27,48401,Rusk County,Texas,TX,quiet,0.00017,1557,147,501+,0.15,0.000773,1466,143,501+,0.22,0.026719,0.054708,0,0,0,,0.918182,2024-25
2026-07-20,2026-07-27,06043,Mariposa County,California,CA,quiet,0.000169,1558,54,501+,0.15,0.000445,1999,56,501+,0.13,0.026667,0.029476,0,0,0,,0.98361,2024-25
2026-07-20,2026-07-27,29023,Butler County,Missouri,MO,quiet,0.000169,1559,35,501+,0.15,0.000705,1537,45,501+,0.2,0.026664,0.049386,0,0,0,,0.861,2024-25
2026-07-20,2026-07-27,13145,Harris County,Georgia,GA,quiet,0.000169,1560,43,501+,0.15,0.000645,1614,41,501+,0.19,0.026638,0.044728,0,0,0,,,
2026-07-20,2026-07-27,29179,Reynolds County,Missouri,MO,quiet,0.000169,1561,36,501+,0.15,0.000793,1436,36,501+,0.23,0.026538,0.056234,0,0,0,,0.911,2024-25
2026-07-20,2026-07-27,16033,Clark County,Idaho,ID,quiet,0.000169,1562,41,501+,0.15,0.000582,1715,43,501+,0.17,0.026522,0.039868,0,0,0,,0.5,2024-25
2026-07-20,2026-07-27,50011,Franklin County,Vermont,VT,quiet,0.000168,1563,9,501+,0.15,0.001039,1233,8,501+,0.3,0.026504,0.075575,0,0,0,,0.95,2024-25
2026-07-20,2026-07-27,51820,Waynesboro City,Virginia,VA,quiet,0.000168,1564,53,501+,0.15,0.000456,1980,59,501+,0.13,0.026492,0.030328,0,0,0,,0.946,2024-25
2026-07-20,2026-07-27,19079,Hamilton County,Iowa,IA,quiet,0.000168,1565,28,501+,0.15,0.000381,2167,52,501+,0.11,0.026476,0.024711,0,0,0,,0.85514019,2024-25
2026-07-20,2026-07-27,40111,Okmulgee County,Oklahoma,OK,quiet,0.000168,1566,37,501+,0.15,0.000569,1743,42,501+,0.17,0.026465,0.038901,0,0,0,,0.9286,2024-25
2026-07-20,2026-07-27,16061,Lewis County,Idaho,ID,quiet,0.000168,1567,42,501+,0.15,0.00049,1906,44,501+,0.14,0.026456,0.032919,0,0,0,,0.78,2024-25
2026-07-20,2026-07-27,48483,Wheeler County,Texas,TX,quiet,0.000168,1568,148,501+,0.15,0.000986,1269,123,501+,0.29,0.026448,0.071366,0,0,0,,0.945455,2024-25
2026-07-20,2026-07-27,35047,San Miguel County,New Mexico,NM,quiet,0.000168,1569,24,501+,0.15,0.000548,1783,27,501+,0.16,0.026427,0.037322,0,0,0,,0.9091,2024-25
2026-07-20,2026-07-27,13285,Troup County,Georgia,GA,quiet,0.000167,1570,44,501+,0.15,0.00042,2048,64,501+,0.12,0.026309,0.027647,0,0,0,,,
2026-07-20,2026-07-27,20073,Greenwood County,Kansas,KS,quiet,0.000167,1571,48,501+,0.15,0.000531,1815,61,501+,0.15,0.026237,0.036027,0,0,0,,0.9092,2024-25
2026-07-20,2026-07-27,18005,Bartholomew County,Indiana,IN,quiet,0.000167,1572,36,501+,0.15,0.000954,1295,33,501+,0.28,0.026214,0.06889,0,0,0,,0.9109,2024-25
2026-07-20,2026-07-27,48051,Burleson County,Texas,TX,quiet,0.000167,1573,149,501+,0.15,0.000786,1445,140,501+,0.23,0.026182,0.055702,0,0,0,,0.961905,2024-25
2026-07-20,2026-07-27,13157,Jackson County,Georgia,GA,quiet,0.000167,1574,45,501+,0.15,0.000809,1423,33,501+,0.23,0.026166,0.057492,0,0,0,,,
2026-07-20,2026-07-27,39137,Putnam County,Ohio,OH,quiet,0.000166,1575,57,501+,0.15,0.000337,2297,76,501+,0.1,0.026114,0.021516,0,0,0,,0.937,2024-25
2026-07-20,2026-07-27,46005,Beadle County,South Dakota,SD,quiet,0.000166,1576,33,501+,0.15,0.000579,1720,37,501+,0.17,0.0261,0.039711,0,0,0,,0.88,2024-25
2026-07-20,2026-07-27,51131,Northampton County,Virginia,VA,quiet,0.000166,1577,54,501+,0.15,0.000519,1851,55,501+,0.15,0.026092,0.035055,0,0,0,,0.904,2024-25
2026-07-20,2026-07-27,51520,Bristol City,Virginia,VA,quiet,0.000166,1578,55,501+,0.15,0.000485,1922,57,501+,0.14,0.026052,0.032539,0,0,0,,0.811,2024-25
2026-07-20,2026-07-27,48477,Washington County,Texas,TX,quiet,0.000166,1579,150,501+,0.15,0.000682,1566,154,501+,0.2,0.026033,0.04762,0,0,0,,0.953333,2024-25
2026-07-20,2026-07-27,48247,Jim Hogg County,Texas,TX,quiet,0.000166,1580,151,501+,0.15,0.000561,1760,178,501+,0.16,0.026017,0.038309,0,0,0,,0.943396,2024-25
2026-07-20,2026-07-27,26047,Emmet County,Michigan,MI,quiet,0.000165,1581,49,501+,0.15,0.000785,1447,50,501+,0.23,0.025971,0.055649,0,0,0,,0.91290323,2024-25
2026-07-20,2026-07-27,36017,Chenango County,New York,NY,quiet,0.000165,1582,48,501+,0.15,0.000481,1929,50,501+,0.14,0.025959,0.032241,0,0,0,,0.998822159,2024-25
2026-07-20,2026-07-27,13183,Long County,Georgia,GA,quiet,0.000165,1583,46,501+,0.15,0.000297,2416,103,501+,0.09,0.025953,0.018589,0,0,0,,,
2026-07-20,2026-07-27,37029,Camden County,North Carolina,NC,quiet,0.000165,1584,61,501+,0.15,0.000542,1793,70,501+,0.16,0.025851,0.036867,0,0,0,,0.96183206,2024-25
2026-07-20,2026-07-27,35053,Socorro County,New Mexico,NM,quiet,0.000165,1585,25,501+,0.15,0.000315,2365,28,501+,0.09,0.025827,0.019884,0,0,0,,0.8778,2024-25
2026-07-20,2026-07-27,13143,Haralson County,Georgia,GA,quiet,0.000164,1586,47,501+,0.15,0.000366,2212,78,501+,0.11,0.025822,0.023647,0,0,0,,,
2026-07-20,2026-07-27,27117,Pipestone County,Minnesota,MN,quiet,0.000164,1587,56,501+,0.15,0.000737,1500,52,501+,0.21,0.02582,0.051889,0,0,0,,0.898,2024-25
2026-07-20,2026-07-27,19091,Humboldt County,Iowa,IA,quiet,0.000164,1588,29,501+,0.15,0.000625,1643,24,501+,0.18,0.0258,0.043208,0,0,0,,0.72093023,2024-25
2026-07-20,2026-07-27,12059,Holmes County,Florida,FL,quiet,0.000164,1589,45,501+,0.15,0.000611,1666,51,501+,0.18,0.025725,0.042106,0,0,0,,0.936,2024-25
2026-07-20,2026-07-27,40121,Pittsburg County,Oklahoma,OK,quiet,0.000164,1590,38,501+,0.15,0.0012,1114,19,501+,0.35,0.025683,0.088117,0,0,0,,0.8946,2024-25
2026-07-20,2026-07-27,29113,Lincoln County,Missouri,MO,quiet,0.000163,1591,37,501+,0.15,0.001223,1105,20,501+,0.36,0.025623,0.089914,0,0,0,,0.936,2024-25
2026-07-20,2026-07-27,38055,McLean County,North Dakota,ND,quiet,0.000163,1592,25,501+,0.15,0.000638,1626,28,501+,0.19,0.025603,0.044203,0,0,0,,0.8242,2024-25
2026-07-20,2026-07-27,12063,Jackson County,Florida,FL,quiet,0.000163,1593,46,501+,0.15,0.000813,1419,44,501+,0.24,0.025559,0.057835,0,0,0,,0.922,2024-25
2026-07-20,2026-07-27,27047,Freeborn County,Minnesota,MN,quiet,0.000163,1594,57,501+,0.15,0.000495,1892,68,501+,0.14,0.025539,0.033282,0,0,0,,0.851,2024-25
2026-07-20,2026-07-27,51033,Caroline County,Virginia,VA,quiet,0.000162,1595,56,501+,0.15,0.00054,1798,53,501+,0.16,0.02547,0.036661,0,0,0,,0.893,2024-25
2026-07-20,2026-07-27,30091,Sheridan County,Montana,MT,quiet,0.000162,1596,33,501+,0.15,0.000826,1405,29,501+,0.24,0.025456,0.058806,0,0,0,,,
2026-07-20,2026-07-27,45001,Abbeville County,South Carolina,SC,quiet,0.000162,1597,34,501+,0.15,0.001377,1013,29,501+,0.4,0.025454,0.101965,0,0,0,,0.942,2024-25
2026-07-20,2026-07-27,18109,Morgan County,Indiana,IN,quiet,0.000162,1598,37,501+,0.15,0.000891,1354,35,501+,0.26,0.025428,0.063952,0,0,0,,0.8789,2024-25
2026-07-20,2026-07-27,29219,Warren County,Missouri,MO,quiet,0.000162,1599,38,501+,0.15,0.000775,1462,37,501+,0.22,0.025414,0.054838,0,0,0,,0.921,2024-25
2026-07-20,2026-07-27,17107,Logan County,Illinois,IL,quiet,0.000161,1600,35,501+,0.15,0.000562,1759,38,501+,0.16,0.025307,0.038371,0,0,0,,0.946,2024-25
2026-07-20,2026-07-27,40041,Delaware County,Oklahoma,OK,quiet,0.000161,1601,39,501+,0.15,0.000702,1542,34,501+,0.2,0.025235,0.049153,0,0,0,,0.914,2024-25
2026-07-20,2026-07-27,48223,Hopkins County,Texas,TX,quiet,0.000161,1602,152,501+,0.15,0.000609,1668,168,501+,0.18,0.025223,0.04199,0,0,0,,0.967672,2024-25
2026-07-20,2026-07-27,08063,Kit Carson County,Colorado,CO,quiet,0.000161,1603,46,501+,0.15,0.000808,1424,40,501+,0.23,0.025215,0.057473,0,0,0,,0.8947,2024-25
2026-07-20,2026-07-27,53049,Pacific County,Washington,WA,quiet,0.000161,1604,32,501+,0.15,0.000654,1603,33,501+,0.19,0.025179,0.045426,0,0,0,,0.574,2024-25
2026-07-20,2026-07-27,37197,Yadkin County,North Carolina,NC,quiet,0.000161,1605,62,501+,0.15,0.000517,1856,73,501+,0.15,0.025168,0.034917,0,0,0,,0.95174263,2024-25
2026-07-20,2026-07-27,31023,Butler County,Nebraska,NE,quiet,0.000161,1606,35,501+,0.15,0.000652,1604,21,501+,0.19,0.025164,0.045288,0,0,0,,0.93442623,2024-25
2026-07-20,2026-07-27,54029,Hancock County,West Virginia,WV,quiet,0.00016,1607,10,501+,0.15,0.000579,1723,13,501+,0.17,0.025134,0.039639,0,0,0,,,
2026-07-20,2026-07-27,55049,Iowa County,Wisconsin,WI,quiet,0.00016,1608,45,501+,0.15,0.000657,1598,46,501+,0.19,0.025119,0.045706,0,0,0,,0.53,2024-25
2026-07-20,2026-07-27,08071,Las Animas County,Colorado,CO,quiet,0.00016,1609,47,501+,0.14,0.000459,1976,47,501+,0.13,0.025029,0.030522,0,0,0,,0.8182,2024-25
2026-07-20,2026-07-27,47147,Robertson County,Tennessee,TN,quiet,0.00016,1610,33,501+,0.14,0.001338,1036,21,501+,0.39,0.025023,0.098876,0,0,0,,0.961,2024-25
2026-07-20,2026-07-27,29211,Sullivan County,Missouri,MO,quiet,0.00016,1611,39,501+,0.14,0.000728,1508,44,501+,0.21,0.024988,0.051218,0,0,0,,0.959,2024-25
2026-07-20,2026-07-27,13005,Bacon County,Georgia,GA,quiet,0.000159,1612,48,501+,0.14,0.000337,2299,93,501+,0.1,0.024945,0.021491,0,0,0,,,
2026-07-20,2026-07-27,51109,Louisa County,Virginia,VA,quiet,0.000159,1613,57,501+,0.14,0.000819,1411,34,501+,0.24,0.024897,0.058259,0,0,0,,0.908,2024-25
2026-07-20,2026-07-27,13147,Hart County,Georgia,GA,quiet,0.000159,1614,49,501+,0.14,0.000619,1651,44,501+,0.18,0.024895,0.042754,0,0,0,,,
2026-07-20,2026-07-27,55113,Sawyer County,Wisconsin,WI,quiet,0.000158,1615,46,501+,0.14,0.000674,1575,45,501+,0.2,0.024758,0.046995,0,0,0,,0.82,2024-25
2026-07-20,2026-07-27,41045,Malheur County,Oregon,OR,quiet,0.000158,1616,26,501+,0.14,0.000604,1676,26,501+,0.18,0.024756,0.041571,0,0,0,,0.921,2024-25
2026-07-20,2026-07-27,37199,Yancey County,North Carolina,NC,quiet,0.000158,1617,63,501+,0.14,0.001259,1075,49,501+,0.37,0.024745,0.092746,0,0,0,,0.92592593,2024-25
2026-07-20,2026-07-27,48383,Reagan County,Texas,TX,quiet,0.000158,1618,153,501+,0.14,0.000313,2370,225,501+,0.09,0.024744,0.019767,0,0,0,,0.984615,2024-25
2026-07-20,2026-07-27,40059,Harper County,Oklahoma,OK,quiet,0.000158,1619,40,501+,0.14,0.00053,1821,51,501+,0.15,0.024734,0.035957,0,0,0,,0.963,2024-25
2026-07-20,2026-07-27,36113,Warren County,New York,NY,quiet,0.000158,1620,49,501+,0.14,0.001013,1248,40,501+,0.29,0.024714,0.073532,0,0,0,,0.998389224,2024-25
2026-07-20,2026-07-27,26031,Cheboygan County,Michigan,MI,quiet,0.000158,1621,50,501+,0.14,0.000368,2206,66,501+,0.11,0.024698,0.023761,0,0,0,,0.875,2024-25
2026-07-20,2026-07-27,48365,Panola County,Texas,TX,quiet,0.000158,1622,154,501+,0.14,0.000568,1746,176,501+,0.16,0.024671,0.038807,0,0,0,,0.93617,2024-25
2026-07-20,2026-07-27,51049,Cumberland County,Virginia,VA,quiet,0.000157,1623,58,501+,0.14,0.000488,1913,56,501+,0.14,0.024618,0.032749,0,0,0,,0.981,2024-25
2026-07-20,2026-07-27,29109,Lawrence County,Missouri,MO,quiet,0.000157,1624,40,501+,0.14,0.000564,1754,56,501+,0.16,0.024611,0.038491,0,0,0,,0.858,2024-25
2026-07-20,2026-07-27,26151,Sanilac County,Michigan,MI,quiet,0.000157,1625,51,501+,0.14,0.000969,1284,41,501+,0.28,0.024553,0.070076,0,0,0,,0.88917526,2024-25
2026-07-20,2026-07-27,12017,Citrus County,Florida,FL,quiet,0.000157,1626,47,501+,0.14,0.000954,1296,42,501+,0.28,0.024504,0.068837,0,0,0,,0.908,2024-25
2026-07-20,2026-07-27,55125,Vilas County,Wisconsin,WI,quiet,0.000157,1627,47,501+,0.14,0.00039,2142,58,501+,0.11,0.024496,0.025379,0,0,0,,0.78,2024-25
2026-07-20,2026-07-27,20047,Edwards County,Kansas,KS,quiet,0.000157,1628,49,501+,0.14,0.000708,1532,36,501+,0.21,0.024487,0.049618,0,0,0,,0.8794,2024-25
2026-07-20,2026-07-27,55047,Green Lake County,Wisconsin,WI,quiet,0.000157,1629,48,501+,0.14,0.00059,1701,48,501+,0.17,0.024482,0.040517,0,0,0,,0.86,2024-25
2026-07-20,2026-07-27,30027,Fergus County,Montana,MT,quiet,0.000156,1630,34,501+,0.14,0.000673,1576,35,501+,0.2,0.024444,0.046956,0,0,0,,,
2026-07-20,2026-07-27,31115,Loup County,Nebraska,NE,quiet,0.000156,1631,36,501+,0.14,0.000301,2403,67,501+,0.09,0.024437,0.018931,0,0,0,,0.6,2024-25
2026-07-20,2026-07-27,36099,Seneca County,New York,NY,quiet,0.000156,1632,50,501+,0.14,0.000355,2248,55,501+,0.1,0.024429,0.022818,0,0,0,,0.983611413,2024-25
2026-07-20,2026-07-27,47117,Marshall County,Tennessee,TN,quiet,0.000156,1633,34,501+,0.14,0.000587,1708,37,501+,0.17,0.024419,0.040278,0,0,0,,0.918,2024-25
2026-07-20,2026-07-27,39149,Shelby County,Ohio,OH,quiet,0.000156,1634,58,501+,0.14,0.000698,1545,62,501+,0.2,0.024395,0.048898,0,0,0,,0.776,2024-25
2026-07-20,2026-07-27,40137,Stephens County,Oklahoma,OK,quiet,0.000156,1635,41,501+,0.14,0.001246,1085,18,501+,0.36,0.024379,0.091757,0,0,0,,0.9123,2024-25
2026-07-20,2026-07-27,22017,Caddo Parish,Louisiana,LA,quiet,0.000156,1636,14,501+,0.14,0.001234,1098,12,501+,0.36,0.024299,0.09076,0,0,0,,0.9369,2024-25
2026-07-20,2026-07-27,20043,Doniphan County,Kansas,KS,quiet,0.000155,1637,50,501+,0.14,0.000423,2040,74,501+,0.12,0.024262,0.027854,0,0,0,,0.939,2024-25
2026-07-20,2026-07-27,13313,Whitfield County,Georgia,GA,quiet,0.000155,1638,50,501+,0.14,0.00074,1499,37,501+,0.21,0.024245,0.052161,0,0,0,,,
2026-07-20,2026-07-27,20125,Montgomery County,Kansas,KS,quiet,0.000155,1639,51,501+,0.14,0.000526,1833,63,501+,0.15,0.024234,0.035586,0,0,0,,0.9522,2024-25
2026-07-20,2026-07-27,31147,Richardson County,Nebraska,NE,quiet,0.000155,1640,37,501+,0.14,0.00048,1932,43,501+,0.14,0.024147,0.032144,0,0,0,,0.95959596,2024-25
2026-07-20,2026-07-27,05053,Grant County,Arkansas,AR,quiet,0.000154,1641,19,501+,0.14,0.00038,2169,28,501+,0.11,0.024102,0.024648,0,0,0,,,
2026-07-20,2026-07-27,20129,Morton County,Kansas,KS,quiet,0.000154,1642,52,501+,0.14,0.000906,1333,23,501+,0.26,0.024099,0.065138,0,0,0,,0.5667,2024-25
2026-07-20,2026-07-27,16063,Lincoln County,Idaho,ID,quiet,0.000154,1643,43,501+,0.14,0.001124,1159,38,501+,0.33,0.024092,0.082218,0,0,0,,0.88,2024-25
2026-07-20,2026-07-27,47083,Houston County,Tennessee,TN,quiet,0.000154,1644,35,501+,0.14,0.000494,1895,48,501+,0.14,0.024088,0.033227,0,0,0,,0.977,2024-25
2026-07-20,2026-07-27,40123,Pontotoc County,Oklahoma,OK,quiet,0.000154,1645,42,501+,0.14,0.00081,1422,29,501+,0.24,0.024074,0.057561,0,0,0,,0.9313,2024-25
2026-07-20,2026-07-27,05039,Dallas County,Arkansas,AR,quiet,0.000154,1646,20,501+,0.14,0.000607,1670,18,501+,0.18,0.024057,0.041818,0,0,0,,,
2026-07-20,2026-07-27,29067,Douglas County,Missouri,MO,quiet,0.000154,1647,41,501+,0.14,0.000581,1716,53,501+,0.17,0.024041,0.039802,0,0,0,,0.754,2024-25
2026-07-20,2026-07-27,20107,Linn County,Kansas,KS,quiet,0.000154,1648,53,501+,0.14,0.000488,1914,68,501+,0.14,0.024039,0.032703,0,0,0,,0.8659,2024-25
2026-07-20,2026-07-27,08023,Costilla County,Colorado,CO,quiet,0.000154,1649,48,501+,0.14,0.000363,2224,51,501+,0.11,0.024034,0.023401,0,0,0,,0.9722,2024-25
2026-07-20,2026-07-27,30109,Wibaux County,Montana,MT,quiet,0.000154,1650,35,501+,0.14,0.000357,2242,43,501+,0.1,0.024028,0.022969,0,0,0,,,
2026-07-20,2026-07-27,31143,Polk County,Nebraska,NE,quiet,0.000154,1651,38,501+,0.14,0.000579,1722,27,501+,0.17,0.023941,0.039688,0,0,0,,0.928571429,2024-25
2026-07-20,2026-07-27,54065,Morgan County,West Virginia,WV,quiet,0.000153,1652,11,501+,0.14,0.00041,2084,17,501+,0.12,0.023937,0.026856,0,0,0,,,
2026-07-20,2026-07-27,48235,Irion County,Texas,TX,quiet,0.000153,1653,155,501+,0.14,0.000485,1925,194,501+,0.14,0.023905,0.032488,0,0,0,,0.652174,2024-25
2026-07-20,2026-07-27,48169,Garza County,Texas,TX,quiet,0.000153,1654,156,501+,0.14,0.001088,1182,113,501+,0.32,0.023905,0.079342,0,0,2,68,0.864865,2024-25
2026-07-20,2026-07-27,46063,Harding County,South Dakota,SD,quiet,0.000153,1655,34,501+,0.14,0.000449,1993,44,501+,0.13,0.023886,0.029798,0,0,0,,0.95,2024-25
2026-07-20,2026-07-27,20139,Osage County,Kansas,KS,quiet,0.000153,1656,54,501+,0.14,0.000602,1680,48,501+,0.17,0.023861,0.041462,0,0,0,,0.7842,2024-25
2026-07-20,2026-07-27,48411,San Saba County,Texas,TX,quiet,0.000153,1657,157,501+,0.14,0.000529,1823,183,501+,0.15,0.023817,0.035889,0,0,0,,0.923077,2024-25
2026-07-20,2026-07-27,47121,Meigs County,Tennessee,TN,quiet,0.000153,1658,36,501+,0.14,0.000518,1854,46,501+,0.15,0.023813,0.035009,0,0,0,,0.94,2024-25
2026-07-20,2026-07-27,40025,Cimarron County,Oklahoma,OK,quiet,0.000153,1659,43,501+,0.14,0.000615,1662,38,501+,0.18,0.023791,0.042459,0,0,0,,0.5,2024-25
2026-07-20,2026-07-27,26067,Ionia County,Michigan,MI,quiet,0.000153,1660,52,501+,0.14,0.001257,1078,34,501+,0.37,0.023776,0.092599,0,0,0,,0.9088359,2024-25
2026-07-20,2026-07-27,51610,Falls Church City,Virginia,VA,quiet,0.000152,1661,59,501+,0.14,0.000408,2090,66,501+,0.12,0.023746,0.026726,0,0,0,,0.961,2024-25
2026-07-20,2026-07-27,29007,Audrain County,Missouri,MO,quiet,0.000152,1662,42,501+,0.14,0.000617,1657,51,501+,0.18,0.023739,0.042612,0,0,0,,0.967,2024-25
2026-07-20,2026-07-27,48291,Liberty County,Texas,TX,quiet,0.000152,1663,158,501+,0.14,0.001105,1170,111,501+,0.32,0.023717,0.080747,0,0,0,,0.966112,2024-25
2026-07-20,2026-07-27,13123,Gilmer County,Georgia,GA,quiet,0.000152,1664,51,501+,0.14,0.000606,1672,45,501+,0.18,0.023681,0.041788,0,0,0,,,
2026-07-20,2026-07-27,02282,Yakutat City and Borough,Alaska,AK,quiet,0.000152,1665,18,501+,0.14,0.00047,1954,19,501+,0.14,0.023663,0.031393,0,0,0,,,
2026-07-20,2026-07-27,05059,Hot Spring County,Arkansas,AR,quiet,0.000152,1666,21,501+,0.14,0.000502,1878,24,501+,0.15,0.023647,0.033818,0,0,0,,,
2026-07-20,2026-07-27,25007,Dukes County,Massachusetts,MA,quiet,0.000152,1667,14,501+,0.14,0.000471,1951,14,501+,0.14,0.023607,0.031469,0,0,0,,0.951,2024-25
2026-07-20,2026-07-27,47161,Stewart County,Tennessee,TN,quiet,0.000151,1668,37,501+,0.14,0.000379,2173,56,501+,0.11,0.023595,0.02455,0,0,0,,0.925,2024-25
2026-07-20,2026-07-27,26089,Leelanau County,Michigan,MI,quiet,0.000151,1669,53,501+,0.14,0.000921,1321,43,501+,0.27,0.02359,0.06627,0,0,0,,0.88198758,2024-25
2026-07-20,2026-07-27,42065,Jefferson County,Pennsylvania,PA,quiet,0.000151,1670,53,501+,0.14,0.000744,1492,53,501+,0.22,0.02355,0.05248,0,0,0,,0.937,2024-25
2026-07-20,2026-07-27,41027,Hood River County,Oregon,OR,quiet,0.000151,1671,27,501+,0.14,0.000568,1745,29,501+,0.16,0.023497,0.038815,0,0,0,,0.911,2024-25
2026-07-20,2026-07-27,24019,Dorchester County,Maryland,MD,quiet,0.000151,1672,22,501+,0.14,0.000496,1890,22,501+,0.14,0.023487,0.033356,0,0,0,,0.9717,2024-25
2026-07-20,2026-07-27,13173,Lanier County,Georgia,GA,quiet,0.000151,1673,52,501+,0.14,0.000313,2373,98,501+,0.09,0.023466,0.019758,0,0,0,,,
2026-07-20,2026-07-27,48175,Goliad County,Texas,TX,quiet,0.000151,1674,159,501+,0.14,0.00052,1847,187,501+,0.15,0.023457,0.03513,0,0,0,,0.967213,2024-25
2026-07-20,2026-07-27,40085,Love County,Oklahoma,OK,quiet,0.000151,1675,44,501+,0.14,0.000523,1838,53,501+,0.15,0.023455,0.035395,0,0,0,,0.6842,2024-25
2026-07-20,2026-07-27,31001,Adams County,Nebraska,NE,quiet,0.000151,1676,39,501+,0.14,0.000496,1889,41,501+,0.14,0.023455,0.033381,0,0,0,,0.957627119,2024-25
2026-07-20,2026-07-27,35057,Torrance County,New Mexico,NM,quiet,0.000151,1677,26,501+,0.14,0.000618,1654,25,501+,0.18,0.023437,0.042693,0,0,0,,0.9091,2024-25
2026-07-20,2026-07-27,13119,Franklin County,Georgia,GA,quiet,0.000151,1678,53,501+,0.14,0.00058,1717,46,501+,0.17,0.023434,0.039766,0,0,0,,,
2026-07-20,2026-07-27,49055,Wayne County,Utah,UT,quiet,0.00015,1679,26,501+,0.14,0.000905,1336,25,501+,0.26,0.023395,0.065043,0,0,0,,,
2026-07-20,2026-07-27,40021,Cherokee County,Oklahoma,OK,quiet,0.00015,1680,45,501+,0.14,0.00046,1974,61,501+,0.13,0.023356,0.030606,0,0,0,,0.8854,2024-25
2026-07-20,2026-07-27,13207,Monroe County,Georgia,GA,quiet,0.00015,1681,54,501+,0.14,0.000489,1911,56,501+,0.14,0.023331,0.032825,0,0,0,,,
2026-07-20,2026-07-27,01049,DeKalb County,Alabama,AL,quiet,0.00015,1682,23,501+,0.14,0.000782,1452,24,501+,0.23,0.023327,0.055398,0,0,0,,0.9273,2024-25
2026-07-20,2026-07-27,13225,Peach County,Georgia,GA,quiet,0.00015,1683,55,501+,0.14,0.001141,1148,20,501+,0.33,0.023303,0.083553,0,0,0,,,
2026-07-20,2026-07-27,47061,Grundy County,Tennessee,TN,quiet,0.00015,1684,38,501+,0.14,0.000558,1765,42,501+,0.16,0.02327,0.038078,0,0,0,,0.809,2024-25
2026-07-20,2026-07-27,29137,Monroe County,Missouri,MO,quiet,0.000149,1685,43,501+,0.14,0.000689,1555,47,501+,0.2,0.023198,0.048181,0,0,0,,0.923,2024-25
2026-07-20,2026-07-27,12041,Gilchrist County,Florida,FL,quiet,0.000149,1686,48,501+,0.14,0.000715,1523,47,501+,0.21,0.023196,0.050162,0,0,0,,0.921,2024-25
2026-07-20,2026-07-27,13155,Irwin County,Georgia,GA,quiet,0.000149,1687,56,501+,0.13,0.000338,2294,92,501+,0.1,0.023171,0.021565,0,0,0,,,
2026-07-20,2026-07-27,51093,Isle of Wight County,Virginia,VA,quiet,0.000149,1688,60,501+,0.13,0.000455,1982,60,501+,0.13,0.023156,0.030278,0,0,0,,0.802,2024-25
2026-07-20,2026-07-27,20191,Sumner County,Kansas,KS,quiet,0.000149,1689,55,501+,0.13,0.000361,2229,82,501+,0.1,0.023153,0.02328,0,0,0,,0.9322,2024-25
2026-07-20,2026-07-27,05055,Greene County,Arkansas,AR,quiet,0.000149,1690,22,501+,0.13,0.000592,1696,21,501+,0.17,0.023149,0.040675,0,0,0,,,
2026-07-20,2026-07-27,48503,Young County,Texas,TX,quiet,0.000149,1691,160,501+,0.13,0.001166,1131,104,501+,0.34,0.023134,0.085508,0,0,0,,0.909548,2024-25
2026-07-20,2026-07-27,13137,Habersham County,Georgia,GA,quiet,0.000149,1692,57,501+,0.13,0.001077,1196,22,501+,0.31,0.023126,0.078521,0,0,0,,,
2026-07-20,2026-07-27,22015,Bossier Parish,Louisiana,LA,quiet,0.000149,1693,15,501+,0.13,0.001211,1108,13,501+,0.35,0.023121,0.088977,0,0,0,,0.9475,2024-25
2026-07-20,2026-07-27,05091,Miller County,Arkansas,AR,quiet,0.000148,1694,23,501+,0.13,0.000394,2129,27,501+,0.11,0.023058,0.025691,0,0,0,,,
2026-07-20,2026-07-27,40141,Tillman County,Oklahoma,OK,quiet,0.000148,1695,46,501+,0.13,0.000422,2042,63,501+,0.12,0.023052,0.027804,0,0,0,,0.8889,2024-25
2026-07-20,2026-07-27,20071,Greeley County,Kansas,KS,quiet,0.000148,1696,56,501+,0.13,0.000525,1836,65,501+,0.15,0.022973,0.035554,0,0,0,,0.8947,2024-25
2026-07-20,2026-07-27,12039,Gadsden County,Florida,FL,quiet,0.000148,1697,49,501+,0.13,0.00057,1742,53,501+,0.17,0.022956,0.038981,0,0,0,,0.798,2024-25
2026-07-20,2026-07-27,40117,Pawnee County,Oklahoma,OK,quiet,0.000148,1698,47,501+,0.13,0.000716,1522,32,501+,0.21,0.02294,0.050269,0,0,0,,0.8742,2024-25
2026-07-20,2026-07-27,18077,Jefferson County,Indiana,IN,quiet,0.000148,1699,38,501+,0.13,0.000533,1811,46,501+,0.15,0.02292,0.036125,0,0,0,,0.8738,2024-25
2026-07-20,2026-07-27,46027,Clay County,South Dakota,SD,quiet,0.000147,1700,35,501+,0.13,0.000488,1912,43,501+,0.14,0.022913,0.032754,0,0,0,,0.93,2024-25
2026-07-20,2026-07-27,26155,Shiawassee County,Michigan,MI,quiet,0.000147,1701,54,501+,0.13,0.001208,1111,36,501+,0.35,0.022899,0.088778,0,0,0,,0.8968254,2024-25
2026-07-20,2026-07-27,46079,Lake County,South Dakota,SD,quiet,0.000147,1702,36,501+,0.13,0.001175,1127,20,501+,0.34,0.022806,0.086203,0,0,0,,0.83,2024-25
2026-07-20,2026-07-27,22069,Natchitoches Parish,Louisiana,LA,quiet,0.000147,1703,16,501+,0.13,0.000471,1952,25,501+,0.14,0.022789,0.031463,0,0,0,,0.9606,2024-25
2026-07-20,2026-07-27,06049,Modoc County,California,CA,quiet,0.000147,1704,55,501+,0.13,0.000528,1827,55,501+,0.15,0.022779,0.035745,0,0,0,,0.99,2024-25
2026-07-20,2026-07-27,28121,Rankin County,Mississippi,MS,quiet,0.000147,1705,14,501+,0.13,0.000786,1444,9,501+,0.23,0.022779,0.055738,0,0,0,,0.9703,2024-25
2026-07-20,2026-07-27,01109,Pike County,Alabama,AL,quiet,0.000147,1706,24,501+,0.13,0.000428,2029,35,501+,0.12,0.022762,0.028217,0,0,0,,0.9665,2024-25
2026-07-20,2026-07-27,53019,Ferry County,Washington,WA,quiet,0.000147,1707,33,501+,0.13,0.00084,1393,31,501+,0.24,0.022757,0.059973,0,0,0,,0.825,2024-25
2026-07-20,2026-07-27,19083,Hardin County,Iowa,IA,quiet,0.000146,1708,30,501+,0.13,0.000508,1868,31,501+,0.15,0.022744,0.034289,0,0,0,,0.87214612,2024-25
2026-07-20,2026-07-27,26149,St. Joseph County,Michigan,MI,quiet,0.000146,1709,55,501+,0.13,0.000785,1448,51,501+,0.23,0.022742,0.055618,0,0,0,,0.89435601,2024-25
2026-07-20,2026-07-27,29159,Pettis County,Missouri,MO,quiet,0.000146,1710,44,501+,0.13,0.00106,1215,28,501+,0.31,0.022718,0.077144,0,0,0,,0.824,2024-25
2026-07-20,2026-07-27,20077,Harper County,Kansas,KS,quiet,0.000146,1711,57,501+,0.13,0.000449,1994,73,501+,0.13,0.022711,0.029767,0,0,0,,0.7782,2024-25
2026-07-20,2026-07-27,01047,Dallas County,Alabama,AL,quiet,0.000146,1712,25,501+,0.13,0.000429,2028,34,501+,0.12,0.022705,0.028291,0,0,0,,0.9474,2024-25
2026-07-20,2026-07-27,41065,Wasco County,Oregon,OR,quiet,0.000146,1713,28,501+,0.13,0.000399,2115,33,501+,0.12,0.022671,0.026076,0,0,0,,0.911,2024-25
2026-07-20,2026-07-27,48281,Lampasas County,Texas,TX,quiet,0.000146,1714,161,501+,0.13,0.000596,1691,171,501+,0.17,0.02262,0.040984,0,0,0,,0.956175,2024-25
2026-07-20,2026-07-27,29155,Pemiscot County,Missouri,MO,quiet,0.000145,1715,45,501+,0.13,0.000289,2443,91,501+,0.08,0.022574,0.01805,0,0,0,,0.681,2024-25
2026-07-20,2026-07-27,31037,Colfax County,Nebraska,NE,quiet,0.000145,1716,40,501+,0.13,0.000335,2307,58,501+,0.1,0.022563,0.021327,0,0,0,,0.984771574,2024-25
2026-07-20,2026-07-27,29061,Daviess County,Missouri,MO,quiet,0.000145,1717,46,501+,0.13,0.000589,1704,52,501+,0.17,0.022529,0.040404,0,0,0,,0.744,2024-25
2026-07-20,2026-07-27,22073,Ouachita Parish,Louisiana,LA,quiet,0.000145,1718,17,501+,0.13,0.001331,1041,11,501+,0.39,0.022527,0.098323,0,0,0,,0.8409,2024-25
2026-07-20,2026-07-27,48349,Navarro County,Texas,TX,quiet,0.000145,1719,162,501+,0.13,0.000689,1556,152,501+,0.2,0.022467,0.048149,0,0,0,,0.962585,2024-25
2026-07-20,2026-07-27,21223,Trimble County,Kentucky,KY,quiet,0.000145,1720,26,501+,0.13,0.000324,2340,47,501+,0.09,0.022421,0.020595,0,0,0,,0.956,2024-25
2026-07-20,2026-07-27,29153,Ozark County,Missouri,MO,quiet,0.000144,1721,47,501+,0.13,0.000628,1637,50,501+,0.18,0.022407,0.043428,0,0,0,,0.729,2024-25
2026-07-20,2026-07-27,22005,Ascension Parish,Louisiana,LA,quiet,0.000144,1722,18,501+,0.13,0.001633,915,9,501+,0.47,0.022392,0.121614,0,0,0,,0.9552,2024-25
2026-07-20,2026-07-27,29135,Moniteau County,Missouri,MO,quiet,0.000144,1723,48,501+,0.13,0.000657,1596,48,501+,0.19,0.022346,0.045722,0,0,0,,0.94,2024-25
2026-07-20,2026-07-27,54079,Putnam County,West Virginia,WV,quiet,0.000144,1724,12,501+,0.13,0.000511,1864,15,501+,0.15,0.022334,0.034517,0,0,0,,,
2026-07-20,2026-07-27,40097,Mayes County,Oklahoma,OK,quiet,0.000144,1725,48,501+,0.13,0.000714,1525,33,501+,0.21,0.022326,0.050106,0,0,0,,0.9002,2024-25
2026-07-20,2026-07-27,29221,Washington County,Missouri,MO,quiet,0.000144,1726,49,501+,0.13,0.000805,1427,35,501+,0.23,0.022317,0.057233,0,0,0,,0.9,2024-25
2026-07-20,2026-07-27,41015,Curry County,Oregon,OR,quiet,0.000144,1727,29,501+,0.13,0.00041,2080,32,501+,0.12,0.022292,0.026896,0,0,0,,0.878,2024-25
2026-07-20,2026-07-27,21033,Caldwell County,Kentucky,KY,quiet,0.000144,1728,27,501+,0.13,0.000494,1897,31,501+,0.14,0.02228,0.033184,0,0,0,,0.928,2024-25
2026-07-20,2026-07-27,12121,Suwannee County,Florida,FL,quiet,0.000143,1729,50,501+,0.13,0.00067,1582,49,501+,0.19,0.022208,0.046714,0,0,0,,0.893,2024-25
2026-07-20,2026-07-27,05139,Union County,Arkansas,AR,quiet,0.000143,1730,24,501+,0.13,0.000605,1673,19,501+,0.18,0.022192,0.041652,0,0,0,,,
2026-07-20,2026-07-27,48385,Real County,Texas,TX,quiet,0.000143,1731,163,501+,0.13,0.000647,1611,160,501+,0.19,0.02216,0.044914,0,0,0,,0.944444,2024-25
2026-07-20,2026-07-27,26057,Gratiot County,Michigan,MI,quiet,0.000143,1732,56,501+,0.13,0.000709,1531,53,501+,0.21,0.022125,0.049741,0,0,0,,0.91954023,2024-25
2026-07-20,2026-07-27,20039,Decatur County,Kansas,KS,quiet,0.000143,1733,58,501+,0.13,0.000463,1964,72,501+,0.13,0.022121,0.03083,0,0,0,,0.6002,2024-25
2026-07-20,2026-07-27,36109,Tompkins County,New York,NY,quiet,0.000143,1734,51,501+,0.13,0.001046,1226,39,501+,0.3,0.022068,0.07608,0,0,0,,0.998040898,2024-25
2026-07-20,2026-07-27,48319,Mason County,Texas,TX,quiet,0.000142,1735,164,501+,0.13,0.000626,1642,164,501+,0.18,0.022063,0.043253,0,0,0,,0.923077,2024-25
2026-07-20,2026-07-27,30105,Valley County,Montana,MT,quiet,0.000142,1736,36,501+,0.13,0.000681,1569,33,501+,0.2,0.022045,0.047544,0,0,0,,,
2026-07-20,2026-07-27,51099,King George County,Virginia,VA,quiet,0.000142,1737,61,501+,0.13,0.000269,2508,91,501+,0.08,0.022034,0.016618,0,0,0,,0.898,2024-25
2026-07-20,2026-07-27,29225,Webster County,Missouri,MO,quiet,0.000142,1738,50,501+,0.13,0.001068,1208,27,501+,0.31,0.022029,0.077811,0,0,0,,0.933,2024-25
2026-07-20,2026-07-27,05099,Nevada County,Arkansas,AR,quiet,0.000142,1739,25,501+,0.13,0.000412,2076,26,501+,0.12,0.022006,0.027047,0,0,0,,,
2026-07-20,2026-07-27,32021,Mineral County,Nevada,NV,quiet,0.000142,1740,14,501+,0.13,0.001084,1185,13,501+,0.31,0.021992,0.079075,0,0,0,,0.973,2024-25
2026-07-20,2026-07-27,40105,Nowata County,Oklahoma,OK,quiet,0.000142,1741,49,501+,0.13,0.000619,1652,37,501+,0.18,0.021977,0.042738,0,0,0,,0.8667,2024-25
2026-07-20,2026-07-27,31127,Nemaha County,Nebraska,NE,quiet,0.000142,1742,41,501+,0.13,0.000521,1842,36,501+,0.15,0.021967,0.035254,0,0,0,,0.884615385,2024-25
2026-07-20,2026-07-27,40061,Haskell County,Oklahoma,OK,quiet,0.000142,1743,50,501+,0.13,0.000507,1870,55,501+,0.15,0.021957,0.034163,0,0,0,,0.9182,2024-25
2026-07-20,2026-07-27,27091,Martin County,Minnesota,MN,quiet,0.000142,1744,58,501+,0.13,0.000363,2220,75,501+,0.11,0.021949,0.023436,0,0,0,,0.822,2024-25
2026-07-20,2026-07-27,30003,Big Horn County,Montana,MT,quiet,0.000142,1745,37,501+,0.13,0.000554,1773,39,501+,0.16,0.021943,0.037753,0,0,0,,,
2026-07-20,2026-07-27,37195,Wilson County,North Carolina,NC,quiet,0.000142,1746,64,501+,0.13,0.000854,1379,55,501+,0.25,0.021932,0.061009,0,0,0,,0.91975309,2024-25
2026-07-20,2026-07-27,12107,Putnam County,Florida,FL,quiet,0.000142,1747,51,501+,0.13,0.000714,1524,48,501+,0.21,0.021902,0.050147,0,0,0,,0.901,2024-25
2026-07-20,2026-07-27,31075,Grant County,Nebraska,NE,quiet,0.000141,1748,42,501+,0.13,0.000568,1747,29,501+,0.16,0.021886,0.038805,0,0,0,,0.785714286,2024-25
2026-07-20,2026-07-27,55107,Rusk County,Wisconsin,WI,quiet,0.000141,1749,49,501+,0.13,0.000415,2063,56,501+,0.12,0.021865,0.027262,0,0,0,,0.86,2024-25
2026-07-20,2026-07-27,21213,Simpson County,Kentucky,KY,quiet,0.000141,1750,28,501+,0.13,0.000532,1813,28,501+,0.15,0.021852,0.036067,0,0,0,,0.937,2024-25
2026-07-20,2026-07-27,47059,Greene County,Tennessee,TN,quiet,0.000141,1751,39,501+,0.13,0.00087,1369,29,501+,0.25,0.021821,0.062317,0,0,0,,0.955,2024-25
2026-07-20,2026-07-27,40093,Major County,Oklahoma,OK,quiet,0.000141,1752,51,501+,0.13,0.000487,1917,58,501+,0.14,0.02182,0.032672,0,0,0,,0.913,2024-25
2026-07-20,2026-07-27,46061,Hanson County,South Dakota,SD,quiet,0.000141,1753,37,501+,0.13,0.000852,1380,28,501+,0.25,0.021813,0.060866,0,0,0,,0.77,2024-25
2026-07-20,2026-07-27,29005,Atchison County,Missouri,MO,quiet,0.000141,1754,51,501+,0.13,0.000477,1942,64,501+,0.14,0.021813,0.031912,0,0,0,,0.913,2024-25
2026-07-20,2026-07-27,46095,Mellette County,South Dakota,SD,quiet,0.000141,1755,38,501+,0.13,0.000395,2125,50,501+,0.11,0.021805,0.025776,0,0,0,,0.94,2024-25
2026-07-20,2026-07-27,32015,Lander County,Nevada,NV,quiet,0.000141,1756,15,501+,0.13,0.00052,1844,15,501+,0.15,0.021803,0.035188,0,0,0,,1.0,2024-25
2026-07-20,2026-07-27,48287,Lee County,Texas,TX,quiet,0.000141,1757,165,501+,0.13,0.000567,1748,177,501+,0.16,0.021782,0.038746,0,0,0,,0.94686,2024-25
2026-07-20,2026-07-27,48109,Culberson County,Texas,TX,quiet,0.000141,1758,166,501+,0.13,0.00028,2472,231,501+,0.08,0.021782,0.017378,0,0,0,,1.0,2024-25
2026-07-20,2026-07-27,22057,Lafourche Parish,Louisiana,LA,quiet,0.000141,1759,19,501+,0.13,0.000877,1365,17,501+,0.25,0.02176,0.062816,0,0,0,,0.9205,2024-25
2026-07-20,2026-07-27,48465,Val Verde County,Texas,TX,quiet,0.00014,1760,167,501+,0.13,0.000845,1386,134,501+,0.25,0.021728,0.060331,0,0,0,,0.910334,2024-25
2026-07-20,2026-07-27,08099,Prowers County,Colorado,CO,quiet,0.00014,1761,49,501+,0.13,0.000322,2342,52,501+,0.09,0.021709,0.020452,0,0,0,,0.9701,2024-25
2026-07-20,2026-07-27,19149,Plymouth County,Iowa,IA,quiet,0.00014,1762,31,501+,0.13,0.000328,2327,61,501+,0.1,0.021674,0.020843,0,0,0,,0.88178914,2024-25
2026-07-20,2026-07-27,13085,Dawson County,Georgia,GA,quiet,0.00014,1763,58,501+,0.13,0.00054,1797,50,501+,0.16,0.02163,0.036667,0,0,0,,,
2026-07-20,2026-07-27,55135,Waupaca County,Wisconsin,WI,quiet,0.00014,1764,50,501+,0.13,0.000893,1352,39,501+,0.26,0.021604,0.064094,0,0,0,,0.83,2024-25
2026-07-20,2026-07-27,51119,Middlesex County,Virginia,VA,quiet,0.00014,1765,62,501+,0.13,0.000415,2065,65,501+,0.12,0.021592,0.027231,0,0,0,,0.968,2024-25
2026-07-20,2026-07-27,27079,Le Sueur County,Minnesota,MN,quiet,0.000139,1766,59,501+,0.13,0.000584,1712,62,501+,0.17,0.021542,0.040054,0,0,0,,0.873,2024-25
2026-07-20,2026-07-27,36033,Franklin County,New York,NY,quiet,0.000139,1767,52,501+,0.13,0.000442,2003,53,501+,0.13,0.021528,0.029298,0,0,0,,0.999504985,2024-25
2026-07-20,2026-07-27,29185,St. Clair County,Missouri,MO,quiet,0.000139,1768,52,501+,0.13,0.000887,1360,33,501+,0.26,0.021516,0.063588,0,0,0,,0.881,2024-25
2026-07-20,2026-07-27,39067,Harrison County,Ohio,OH,quiet,0.000139,1769,59,501+,0.13,0.000872,1367,56,501+,0.25,0.021499,0.062468,0,0,0,,,
2026-07-20,2026-07-27,29011,Barton County,Missouri,MO,quiet,0.000139,1770,53,501+,0.13,0.000461,1968,66,501+,0.13,0.02148,0.030724,0,0,0,,0.933,2024-25
2026-07-20,2026-07-27,42105,Potter County,Pennsylvania,PA,quiet,0.000139,1771,54,501+,0.13,0.000497,1888,56,501+,0.14,0.021477,0.033408,0,0,0,,0.926,2024-25
2026-07-20,2026-07-27,13169,Jones County,Georgia,GA,quiet,0.000139,1772,59,501+,0.13,0.000351,2253,85,501+,0.1,0.02146,0.022558,0,0,0,,,
2026-07-20,2026-07-27,31063,Frontier County,Nebraska,NE,quiet,0.000139,1773,43,501+,0.13,0.000542,1794,34,501+,0.16,0.021417,0.036844,0,0,0,,0.897959184,2024-25
2026-07-20,2026-07-27,20029,Cloud County,Kansas,KS,quiet,0.000139,1774,59,501+,0.13,0.000536,1806,59,501+,0.16,0.021416,0.036363,0,0,0,,0.9373,2024-25
2026-07-20,2026-07-27,48395,Robertson County,Texas,TX,quiet,0.000139,1775,168,501+,0.13,0.000526,1830,185,501+,0.15,0.021407,0.03565,0,0,0,,0.968182,2024-25
2026-07-20,2026-07-27,18149,Starke County,Indiana,IN,quiet,0.000138,1776,39,501+,0.13,0.000544,1789,44,501+,0.16,0.021382,0.036982,0,0,0,,0.827,2024-25
2026-07-20,2026-07-27,40005,Atoka County,Oklahoma,OK,quiet,0.000138,1777,52,501+,0.13,0.000527,1829,52,501+,0.15,0.02138,0.035674,0,0,0,,0.8633,2024-25
2026-07-20,2026-07-27,28035,Forrest County,Mississippi,MS,quiet,0.000138,1778,15,501+,0.13,0.000684,1564,11,501+,0.2,0.021347,0.047752,0,0,0,,0.9705,2024-25
2026-07-20,2026-07-27,53055,San Juan County,Washington,WA,quiet,0.000138,1779,34,501+,0.12,0.00028,2473,37,501+,0.08,0.021285,0.017372,0,0,0,,0.888,2024-25
2026-07-20,2026-07-27,48083,Coleman County,Texas,TX,quiet,0.000138,1780,169,501+,0.12,0.000615,1663,167,501+,0.18,0.021273,0.04245,0,0,0,,0.942857,2024-25
2026-07-20,2026-07-27,27095,Mille Lacs County,Minnesota,MN,quiet,0.000138,1781,60,501+,0.12,0.00039,2140,73,501+,0.11,0.021243,0.025415,0,0,0,,0.851,2024-25
2026-07-20,2026-07-27,38069,Pierce County,North Dakota,ND,quiet,0.000137,1782,26,501+,0.12,0.000499,1883,30,501+,0.14,0.021151,0.033537,0,0,0,,0.9167,2024-25
2026-07-20,2026-07-27,51011,Appomattox County,Virginia,VA,quiet,0.000137,1783,63,501+,0.12,0.000335,2305,76,501+,0.1,0.021123,0.02135,0,0,0,,0.93,2024-25
2026-07-20,2026-07-27,28115,Pontotoc County,Mississippi,MS,quiet,0.000137,1784,16,501+,0.12,0.000475,1945,18,501+,0.14,0.021101,0.031739,0,0,0,,0.9534,2024-25
2026-07-20,2026-07-27,47101,Lewis County,Tennessee,TN,quiet,0.000137,1785,40,501+,0.12,0.000573,1732,40,501+,0.17,0.021088,0.039244,0,0,0,,0.872,2024-25
2026-07-20,2026-07-27,22113,Vermilion Parish,Louisiana,LA,quiet,0.000137,1786,20,501+,0.12,0.000394,2127,30,501+,0.11,0.021058,0.025725,0,0,0,,0.9199,2024-25
2026-07-20,2026-07-27,31047,Dawson County,Nebraska,NE,quiet,0.000136,1787,44,501+,0.12,0.001343,1031,11,501+,0.39,0.02101,0.099289,0,0,0,,0.976253298,2024-25
2026-07-20,2026-07-27,20099,Labette County,Kansas,KS,quiet,0.000136,1788,60,501+,0.12,0.000349,2261,84,501+,0.1,0.021008,0.022352,0,0,0,,0.9336,2024-25
2026-07-20,2026-07-27,21021,Boyle County,Kentucky,KY,quiet,0.000136,1789,29,501+,0.12,0.000577,1725,27,501+,0.17,0.020975,0.039506,0,0,0,,0.931,2024-25
2026-07-20,2026-07-27,37139,Pasquotank County,North Carolina,NC,quiet,0.000136,1790,65,501+,0.12,0.000441,2007,78,501+,0.13,0.020969,0.029182,0,0,0,,0.91330645,2024-25
2026-07-20,2026-07-27,49009,Daggett County,Utah,UT,quiet,0.000136,1791,27,501+,0.12,0.000299,2411,28,501+,0.09,0.020941,0.018726,0,0,0,,,
2026-07-20,2026-07-27,17087,Johnson County,Illinois,IL,quiet,0.000136,1792,36,501+,0.12,0.000416,2062,47,501+,0.12,0.020941,0.027361,0,0,0,,0.978,2024-25
2026-07-20,2026-07-27,12093,Okeechobee County,Florida,FL,quiet,0.000136,1793,52,501+,0.12,0.000725,1511,46,501+,0.21,0.020937,0.050989,0,0,0,,0.938,2024-25
2026-07-20,2026-07-27,48267,Kimble County,Texas,TX,quiet,0.000136,1794,170,501+,0.12,0.000684,1563,153,501+,0.2,0.020924,0.047788,0,0,0,,0.930233,2024-25
2026-07-20,2026-07-27,38023,Divide County,North Dakota,ND,quiet,0.000136,1795,27,501+,0.12,0.001061,1214,21,501+,0.31,0.0209,0.07729,0,0,0,,0.9118,2024-25
2026-07-20,2026-07-27,42057,Fulton County,Pennsylvania,PA,quiet,0.000136,1796,55,501+,0.12,0.000573,1735,54,501+,0.17,0.020892,0.039184,0,0,0,,0.879,2024-25
2026-07-20,2026-07-27,20059,Franklin County,Kansas,KS,quiet,0.000136,1797,61,501+,0.12,0.000585,1709,50,501+,0.17,0.02089,0.040142,0,0,0,,0.9019,2024-25
2026-07-20,2026-07-27,48331,Milam County,Texas,TX,quiet,0.000135,1798,171,501+,0.12,0.000644,1617,161,501+,0.19,0.020854,0.044657,0,0,0,,0.931271,2024-25
2026-07-20,2026-07-27,17077,Jackson County,Illinois,IL,quiet,0.000135,1799,37,501+,0.12,0.000613,1664,36,501+,0.18,0.020842,0.04227,0,0,0,,0.967,2024-25
2026-07-20,2026-07-27,18037,Dubois County,Indiana,IN,quiet,0.000135,1800,40,501+,0.12,0.000493,1900,51,501+,0.14,0.02081,0.033145,0,0,0,,0.9423,2024-25
2026-07-20,2026-07-27,50017,Orange County,Vermont,VT,quiet,0.000135,1801,10,501+,0.12,0.000954,1294,10,501+,0.28,0.020765,0.068896,0,0,0,,0.95,2024-25
2026-07-20,2026-07-27,39107,Mercer County,Ohio,OH,quiet,0.000135,1802,60,501+,0.12,0.000555,1771,66,501+,0.16,0.020754,0.037802,0,0,0,,0.891,2024-25
2026-07-20,2026-07-27,47085,Humphreys County,Tennessee,TN,quiet,0.000135,1803,41,501+,0.12,0.000504,1877,47,501+,0.15,0.020748,0.033918,0,0,0,,0.94,2024-25
2026-07-20,2026-07-27,47139,Polk County,Tennessee,TN,quiet,0.000135,1804,42,501+,0.12,0.000742,1496,33,501+,0.22,0.020743,0.05228,0,0,0,,0.919,2024-25
2026-07-20,2026-07-27,51133,Northumberland County,Virginia,VA,quiet,0.000134,1805,64,501+,0.12,0.000397,2121,70,501+,0.12,0.020674,0.02594,0,0,0,,0.904,2024-25
2026-07-20,2026-07-27,19161,Sac County,Iowa,IA,quiet,0.000134,1806,32,501+,0.12,0.000337,2296,58,501+,0.1,0.020647,0.021539,0,0,0,,0.93457944,2024-25
2026-07-20,2026-07-27,48407,San Jacinto County,Texas,TX,quiet,0.000134,1807,172,501+,0.12,0.000484,1926,195,501+,0.14,0.020606,0.03245,0,0,0,,0.96,2024-25
2026-07-20,2026-07-27,01051,Elmore County,Alabama,AL,quiet,0.000134,1808,26,501+,0.12,0.000796,1433,22,501+,0.23,0.020604,0.056512,0,0,0,,0.9288,2024-25
2026-07-20,2026-07-27,48057,Calhoun County,Texas,TX,quiet,0.000133,1809,173,501+,0.12,0.00029,2439,228,501+,0.08,0.020533,0.018081,0,0,0,,0.971888,2024-25
2026-07-20,2026-07-27,20159,Rice County,Kansas,KS,quiet,0.000133,1810,62,501+,0.12,0.000525,1834,64,501+,0.15,0.020526,0.035572,0,0,0,,0.8749,2024-25
2026-07-20,2026-07-27,29009,Barry County,Missouri,MO,quiet,0.000133,1811,54,501+,0.12,0.000498,1886,59,501+,0.14,0.020509,0.033482,0,0,0,,0.92,2024-25
2026-07-20,2026-07-27,19145,Page County,Iowa,IA,quiet,0.000133,1812,33,501+,0.12,0.000441,2006,39,501+,0.13,0.020467,0.029214,0,0,0,,0.94610778,2024-25
2026-07-20,2026-07-27,27157,Wabasha County,Minnesota,MN,quiet,0.000133,1813,61,501+,0.12,0.000781,1453,49,501+,0.23,0.020458,0.055357,0,0,0,,0.87,2024-25
2026-07-20,2026-07-27,17081,Jefferson County,Illinois,IL,quiet,0.000133,1814,38,501+,0.12,0.000498,1885,41,501+,0.14,0.02042,0.033502,0,0,0,,0.972,2024-25
2026-07-20,2026-07-27,47051,Franklin County,Tennessee,TN,quiet,0.000133,1815,43,501+,0.12,0.00087,1370,30,501+,0.25,0.020398,0.062273,0,0,0,,0.952,2024-25
2026-07-20,2026-07-27,21141,Logan County,Kentucky,KY,quiet,0.000133,1816,30,501+,0.12,0.000965,1287,20,501+,0.28,0.020397,0.069732,0,0,0,,0.622,2024-25
2026-07-20,2026-07-27,51053,Dinwiddie County,Virginia,VA,quiet,0.000133,1817,65,501+,0.12,0.000402,2106,68,501+,0.12,0.020385,0.026261,0,0,0,,0.886,2024-25
2026-07-20,2026-07-27,48427,Starr County,Texas,TX,quiet,0.000133,1818,174,501+,0.12,0.000623,1646,165,501+,0.18,0.020377,0.043042,0,0,0,,0.945777,2024-25
2026-07-20,2026-07-27,46111,Sanborn County,South Dakota,SD,quiet,0.000133,1819,39,501+,0.12,0.00092,1322,25,501+,0.27,0.020377,0.066242,0,0,0,,0.76,2024-25
2026-07-20,2026-07-27,47077,Henderson County,Tennessee,TN,quiet,0.000132,1820,44,501+,0.12,0.000443,2001,51,501+,0.13,0.020357,0.029375,0,0,0,,0.93,2024-25
2026-07-20,2026-07-27,46039,Deuel County,South Dakota,SD,quiet,0.000132,1821,40,501+,0.12,0.000576,1726,38,501+,0.17,0.020352,0.039435,0,0,0,,0.89,2024-25
2026-07-20,2026-07-27,37193,Wilkes County,North Carolina,NC,quiet,0.000132,1822,66,501+,0.12,0.000668,1586,64,501+,0.19,0.020351,0.046571,0,0,0,,0.95524691,2024-25
2026-07-20,2026-07-27,18153,Sullivan County,Indiana,IN,quiet,0.000132,1823,41,501+,0.12,0.000397,2122,57,501+,0.12,0.02033,0.025913,0,0,0,,0.8446,2024-25
2026-07-20,2026-07-27,35019,Guadalupe County,New Mexico,NM,quiet,0.000132,1824,27,501+,0.12,0.00057,1741,26,501+,0.17,0.020319,0.039,0,0,0,,0.9697,2024-25
2026-07-20,2026-07-27,27143,Sibley County,Minnesota,MN,quiet,0.000132,1825,62,501+,0.12,0.00052,1845,66,501+,0.15,0.020283,0.035145,0,0,0,,0.808,2024-25
2026-07-20,2026-07-27,55013,Burnett County,Wisconsin,WI,quiet,0.000132,1826,51,501+,0.12,0.000388,2148,59,501+,0.11,0.020281,0.025252,0,0,0,,0.66,2024-25
2026-07-20,2026-07-27,46035,Davison County,South Dakota,SD,quiet,0.000132,1827,41,501+,0.12,0.000437,2011,45,501+,0.13,0.02028,0.028934,0,0,0,,0.93,2024-25
2026-07-20,2026-07-27,23015,Lincoln County,Maine,ME,quiet,0.000132,1828,13,501+,0.12,0.000441,2004,16,501+,0.13,0.020258,0.029221,0,0,0,,0.9674,2024-25
2026-07-20,2026-07-27,48151,Fisher County,Texas,TX,quiet,0.000132,1829,175,501+,0.12,0.000759,1478,145,501+,0.22,0.02024,0.053575,0,0,0,,0.926829,2024-25
2026-07-20,2026-07-27,18029,Dearborn County,Indiana,IN,quiet,0.000132,1830,42,501+,0.12,0.000643,1619,40,501+,0.19,0.020221,0.044635,0,0,0,,0.9232,2024-25
2026-07-20,2026-07-27,22099,St. Martin Parish,Louisiana,LA,quiet,0.000132,1831,21,501+,0.12,0.000563,1757,23,501+,0.16,0.020205,0.038426,0,0,0,,0.9273,2024-25
2026-07-20,2026-07-27,46085,Lyman County,South Dakota,SD,quiet,0.000131,1832,42,501+,0.12,0.000621,1647,35,501+,0.18,0.020194,0.042935,0,0,0,,0.98,2024-25
2026-07-20,2026-07-27,18023,Clinton County,Indiana,IN,quiet,0.000131,1833,43,501+,0.12,0.000417,2056,55,501+,0.12,0.020172,0.027426,0,0,0,,0.9247,2024-25
2026-07-20,2026-07-27,20025,Clark County,Kansas,KS,quiet,0.000131,1834,63,501+,0.12,0.00033,2317,88,501+,0.1,0.020159,0.021035,0,0,0,,0.6696,2024-25
2026-07-20,2026-07-27,16085,Valley County,Idaho,ID,quiet,0.000131,1835,44,501+,0.12,0.00091,1331,40,501+,0.26,0.020154,0.065456,0,0,0,,0.8,2024-25
2026-07-20,2026-07-27,20111,Lyon County,Kansas,KS,quiet,0.000131,1836,64,501+,0.12,0.000385,2158,79,501+,0.11,0.020145,0.025028,0,0,0,,0.9128,2024-25
2026-07-20,2026-07-27,21077,Gallatin County,Kentucky,KY,quiet,0.000131,1837,31,501+,0.12,0.000315,2366,50,501+,0.09,0.020125,0.019878,0,0,0,,0.945,2024-25
2026-07-20,2026-07-27,05101,Newton County,Arkansas,AR,quiet,0.000131,1838,26,501+,0.12,0.000293,2428,38,501+,0.09,0.020108,0.018331,0,0,0,,,
2026-07-20,2026-07-27,01099,Monroe County,Alabama,AL,quiet,0.000131,1839,27,501+,0.12,0.000431,2024,33,501+,0.13,0.02006,0.028436,0,0,0,,0.9615,2024-25
2026-07-20,2026-07-27,01095,Marshall County,Alabama,AL,quiet,0.00013,1840,28,501+,0.12,0.000813,1418,21,501+,0.24,0.019972,0.057865,0,0,0,,0.9666,2024-25
2026-07-20,2026-07-27,40101,Muskogee County,Oklahoma,OK,quiet,0.00013,1841,53,501+,0.12,0.000493,1901,57,501+,0.14,0.019969,0.033111,0,0,0,,0.8816,2024-25
2026-07-20,2026-07-27,06003,Alpine County,California,CA,quiet,0.00013,1842,56,501+,0.12,0.000282,2466,58,501+,0.08,0.01996,0.017513,0,0,0,,,
2026-07-20,2026-07-27,29217,Vernon County,Missouri,MO,quiet,0.00013,1843,55,501+,0.12,0.000734,1505,43,501+,0.21,0.019953,0.051675,0,0,0,,0.891,2024-25
2026-07-20,2026-07-27,29035,Carter County,Missouri,MO,quiet,0.00013,1844,56,501+,0.12,0.000744,1493,41,501+,0.22,0.01994,0.05242,0,0,0,,0.859,2024-25
2026-07-20,2026-07-27,48337,Montague County,Texas,TX,quiet,0.00013,1845,176,501+,0.12,0.000974,1281,124,501+,0.28,0.019917,0.070431,0,0,0,,0.87,2024-25
2026-07-20,2026-07-27,13267,Tattnall County,Georgia,GA,quiet,0.00013,1846,60,501+,0.12,0.000343,2275,88,501+,0.1,0.019878,0.021944,0,0,0,,,
2026-07-20,2026-07-27,20131,Nemaha County,Kansas,KS,quiet,0.000129,1847,65,501+,0.12,0.000536,1803,58,501+,0.16,0.019855,0.036412,0,0,0,,0.948,2024-25
2026-07-20,2026-07-27,48007,Aransas County,Texas,TX,quiet,0.000129,1848,177,501+,0.12,0.000463,1963,200,501+,0.13,0.019847,0.030847,0,0,0,,0.972678,2024-25
2026-07-20,2026-07-27,20021,Cherokee County,Kansas,KS,quiet,0.000129,1849,66,501+,0.12,0.000466,1959,71,501+,0.14,0.019778,0.03104,0,0,0,,0.9589,2024-25
2026-07-20,2026-07-27,13025,Brantley County,Georgia,GA,quiet,0.000129,1850,61,501+,0.12,0.00041,2079,66,501+,0.12,0.019777,0.02691,0,0,0,,,
2026-07-20,2026-07-27,31035,Clay County,Nebraska,NE,quiet,0.000129,1851,45,501+,0.12,0.000318,2356,63,501+,0.09,0.01976,0.020121,0,0,0,,0.916666667,2024-25
2026-07-20,2026-07-27,02195,Petersburg Borough,Alaska,AK,quiet,0.000129,1852,19,501+,0.12,0.000519,1848,16,501+,0.15,0.019718,0.035105,0,0,0,,,
2026-07-20,2026-07-27,38019,Cavalier County,North Dakota,ND,quiet,0.000129,1853,28,501+,0.12,0.000932,1309,23,501+,0.27,0.019709,0.067145,0,0,0,,0.9565,2024-25
2026-07-20,2026-07-27,46007,Bennett County,South Dakota,SD,quiet,0.000128,1854,43,501+,0.12,0.000246,2589,58,501+,0.07,0.019694,0.014994,0,0,0,,0.78,2024-25
2026-07-20,2026-07-27,41023,Grant County,Oregon,OR,quiet,0.000128,1855,30,501+,0.12,0.000717,1520,24,501+,0.21,0.019671,0.050321,0,0,0,,0.814,2024-25
2026-07-20,2026-07-27,02290,Yukon-Koyukuk Census Area,Alaska,AK,quiet,0.000128,1856,20,501+,0.12,0.000375,2181,21,501+,0.11,0.019653,0.024312,0,0,0,,,
2026-07-20,2026-07-27,26017,Bay County,Michigan,MI,quiet,0.000128,1857,57,501+,0.12,0.000988,1267,39,501+,0.29,0.01965,0.071551,0,0,0,,0.90241228,2024-25
2026-07-20,2026-07-27,19053,Decatur County,Iowa,IA,quiet,0.000128,1858,34,501+,0.12,0.000374,2183,53,501+,0.11,0.019626,0.024236,0,0,0,,0.84615385,2024-25
2026-07-20,2026-07-27,20041,Dickinson County,Kansas,KS,quiet,0.000128,1859,67,501+,0.12,0.000467,1957,70,501+,0.14,0.019555,0.031137,0,0,0,,0.8912,2024-25
2026-07-20,2026-07-27,47135,Perry County,Tennessee,TN,quiet,0.000128,1860,45,501+,0.12,0.000392,2133,55,501+,0.11,0.019541,0.025574,0,0,0,,0.956,2024-25
2026-07-20,2026-07-27,29163,Pike County,Missouri,MO,quiet,0.000127,1861,57,501+,0.12,0.000367,2209,75,501+,0.11,0.01952,0.023668,0,0,0,,0.942,2024-25
2026-07-20,2026-07-27,18017,Cass County,Indiana,IN,quiet,0.000127,1862,44,501+,0.12,0.000485,1924,52,501+,0.14,0.019505,0.032502,0,0,0,,0.9486,2024-25
2026-07-20,2026-07-27,20115,Marion County,Kansas,KS,quiet,0.000127,1863,68,501+,0.12,0.000632,1634,43,501+,0.18,0.019503,0.043723,0,0,0,,0.8283,2024-25
2026-07-20,2026-07-27,31087,Hitchcock County,Nebraska,NE,quiet,0.000127,1864,46,501+,0.12,0.000587,1707,25,501+,0.17,0.019456,0.040326,0,0,0,,0.904761905,2024-25
2026-07-20,2026-07-27,29049,Clinton County,Missouri,MO,quiet,0.000127,1865,58,501+,0.11,0.000478,1936,63,501+,0.14,0.019446,0.031985,0,0,0,,0.884,2024-25
2026-07-20,2026-07-27,20167,Russell County,Kansas,KS,quiet,0.000127,1866,69,501+,0.11,0.000493,1902,67,501+,0.14,0.019435,0.033089,0,0,0,,0.9249,2024-25
2026-07-20,2026-07-27,37047,Columbus County,North Carolina,NC,quiet,0.000127,1867,67,501+,0.11,0.000696,1548,62,501+,0.2,0.019401,0.04871,0,0,0,,0.95117845,2024-25
2026-07-20,2026-07-27,54011,Cabell County,West Virginia,WV,quiet,0.000127,1868,13,501+,0.11,0.000636,1628,12,501+,0.18,0.019386,0.044091,0,0,0,,,
2026-07-20,2026-07-27,45037,Edgefield County,South Carolina,SC,quiet,0.000127,1869,35,501+,0.11,0.000761,1476,34,501+,0.22,0.019383,0.053774,0,0,0,,0.962,2024-25
2026-07-20,2026-07-27,26133,Osceola County,Michigan,MI,quiet,0.000126,1870,58,501+,0.11,0.000495,1893,59,501+,0.14,0.019351,0.033237,0,0,7,51,0.888,2024-25
2026-07-20,2026-07-27,20003,Anderson County,Kansas,KS,quiet,0.000126,1871,70,501+,0.11,0.000673,1579,40,501+,0.2,0.019331,0.046891,0,0,0,,0.7222,2024-25
2026-07-20,2026-07-27,27015,Brown County,Minnesota,MN,quiet,0.000126,1872,63,501+,0.11,0.000505,1872,67,501+,0.15,0.019298,0.034057,0,0,0,,0.918,2024-25
2026-07-20,2026-07-27,40023,Choctaw County,Oklahoma,OK,quiet,0.000126,1873,54,501+,0.11,0.000563,1756,47,501+,0.16,0.019277,0.038449,0,0,0,,0.8553,2024-25
2026-07-20,2026-07-27,17127,Massac County,Illinois,IL,quiet,0.000126,1874,39,501+,0.11,0.000303,2400,61,501+,0.09,0.019254,0.019034,0,0,0,,0.889,2024-25
2026-07-20,2026-07-27,44001,Bristol County,Rhode Island,RI,quiet,0.000126,1875,5,501+,0.11,0.001283,1065,3,501+,0.37,0.019248,0.094645,0,0,0,,0.968,2024-25
2026-07-20,2026-07-27,27081,Lincoln County,Minnesota,MN,quiet,0.000126,1876,64,501+,0.11,0.000993,1263,40,501+,0.29,0.019242,0.071955,0,0,0,,0.862,2024-25
2026-07-20,2026-07-27,39069,Henry County,Ohio,OH,quiet,0.000126,1877,61,501+,0.11,0.000415,2064,72,501+,0.12,0.019229,0.027236,0,0,0,,0.872,2024-25
2026-07-20,2026-07-27,18069,Huntington County,Indiana,IN,quiet,0.000126,1878,45,501+,0.11,0.001063,1211,29,501+,0.31,0.019198,0.077439,0,0,0,,0.9454,2024-25
2026-07-20,2026-07-27,46049,Faulk County,South Dakota,SD,quiet,0.000125,1879,44,501+,0.11,0.000233,2633,62,501+,0.07,0.019188,0.014085,0,0,0,,0.56,2024-25
2026-07-20,2026-07-27,31101,Keith County,Nebraska,NE,quiet,0.000125,1880,47,501+,0.11,0.000454,1983,45,501+,0.13,0.019179,0.030196,0,0,0,,0.931034483,2024-25
2026-07-20,2026-07-27,27167,Wilkin County,Minnesota,MN,quiet,0.000125,1881,65,501+,0.11,0.000845,1388,47,501+,0.25,0.01917,0.060308,0,0,0,,0.942,2024-25
2026-07-20,2026-07-27,29197,Schuyler County,Missouri,MO,quiet,0.000125,1882,59,501+,0.11,0.000405,2097,72,501+,0.12,0.019144,0.02649,0,0,0,,0.977,2024-25
2026-07-20,2026-07-27,56011,Crook County,Wyoming,WY,quiet,0.000125,1883,23,501+,0.11,0.000636,1629,23,501+,0.18,0.019143,0.044089,0,0,0,,0.91,2022-23
2026-07-20,2026-07-27,18051,Gibson County,Indiana,IN,quiet,0.000125,1884,46,501+,0.11,0.000316,2360,62,501+,0.09,0.019133,0.019978,0,0,0,,0.9446,2024-25
2026-07-20,2026-07-27,20011,Bourbon County,Kansas,KS,quiet,0.000125,1885,71,501+,0.11,0.000332,2314,87,501+,0.1,0.019111,0.021116,0,0,0,,0.9463,2024-25
2026-07-20,2026-07-27,22045,Iberia Parish,Louisiana,LA,quiet,0.000125,1886,22,501+,0.11,0.000406,2094,28,501+,0.12,0.019093,0.026577,0,0,0,,0.9367,2024-25
2026-07-20,2026-07-27,17009,Brown County,Illinois,IL,quiet,0.000125,1887,40,501+,0.11,0.000493,1899,42,501+,0.14,0.019052,0.033152,0,0,0,,0.977,2024-25
2026-07-20,2026-07-27,13219,Oconee County,Georgia,GA,quiet,0.000125,1888,62,501+,0.11,0.00058,1719,47,501+,0.17,0.019046,0.039714,0,0,0,,,
2026-07-20,2026-07-27,39117,Morrow County,Ohio,OH,quiet,0.000124,1889,62,501+,0.11,0.000816,1414,58,501+,0.24,0.018997,0.058078,0,0,0,,0.879,2024-25
2026-07-20,2026-07-27,29123,Madison County,Missouri,MO,quiet,0.000124,1890,60,501+,0.11,0.00063,1636,49,501+,0.18,0.018989,0.0436,0,0,0,,0.967,2024-25
2026-07-20,2026-07-27,29171,Putnam County,Missouri,MO,quiet,0.000124,1891,61,501+,0.11,0.000491,1905,61,501+,0.14,0.018949,0.033,0,0,0,,0.913,2024-25
2026-07-20,2026-07-27,47145,Roane County,Tennessee,TN,quiet,0.000124,1892,46,501+,0.11,0.000526,1831,44,501+,0.15,0.018942,0.035611,0,0,0,,0.966,2024-25
2026-07-20,2026-07-27,37093,Hoke County,North Carolina,NC,quiet,0.000124,1893,68,501+,0.11,0.000522,1841,71,501+,0.15,0.018926,0.035285,0,0,0,,0.91101056,2024-25
2026-07-20,2026-07-27,29065,Dent County,Missouri,MO,quiet,0.000124,1894,62,501+,0.11,0.00052,1846,58,501+,0.15,0.018894,0.035134,0,0,0,,0.879,2024-25
2026-07-20,2026-07-27,48461,Upton County,Texas,TX,quiet,0.000124,1895,178,501+,0.11,0.00051,1865,189,501+,0.15,0.018865,0.034443,0,0,0,,0.981481,2024-25
2026-07-20,2026-07-27,51121,Montgomery County,Virginia,VA,quiet,0.000123,1896,66,501+,0.11,0.000682,1567,42,501+,0.2,0.018854,0.047597,0,0,0,,0.879,2024-25
2026-07-20,2026-07-27,21163,Meade County,Kentucky,KY,quiet,0.000123,1897,32,501+,0.11,0.000357,2245,45,501+,0.1,0.018839,0.022932,0,0,0,,0.946,2024-25
2026-07-20,2026-07-27,20017,Chase County,Kansas,KS,quiet,0.000123,1898,72,501+,0.11,0.000522,1839,66,501+,0.15,0.018838,0.035308,0,0,0,,0.9132,2024-25
2026-07-20,2026-07-27,12013,Calhoun County,Florida,FL,quiet,0.000123,1899,53,501+,0.11,0.000279,2476,64,501+,0.08,0.018825,0.01732,0,0,0,,0.98,2024-25
2026-07-20,2026-07-27,46003,Aurora County,South Dakota,SD,quiet,0.000123,1900,45,501+,0.11,0.000504,1876,41,501+,0.15,0.018818,0.033953,0,0,0,,0.89,2024-25
2026-07-20,2026-07-27,48321,Matagorda County,Texas,TX,quiet,0.000123,1901,179,501+,0.11,0.000661,1594,156,501+,0.19,0.018813,0.046012,0,0,0,,0.969697,2024-25
2026-07-20,2026-07-27,48393,Roberts County,Texas,TX,quiet,0.000123,1902,180,501+,0.11,0.000521,1843,186,501+,0.15,0.018801,0.035247,0,0,0,,1.0,2024-25
2026-07-20,2026-07-27,29045,Clark County,Missouri,MO,quiet,0.000123,1903,63,501+,0.11,0.000326,2338,84,501+,0.09,0.018762,0.020678,0,0,0,,0.96,2024-25
2026-07-20,2026-07-27,51031,Campbell County,Virginia,VA,quiet,0.000123,1904,67,501+,0.11,0.000701,1543,40,501+,0.2,0.018752,0.049086,0,0,0,,0.89,2024-25
2026-07-20,2026-07-27,08021,Conejos County,Colorado,CO,quiet,0.000123,1905,50,501+,0.11,0.000523,1837,44,501+,0.15,0.018752,0.035409,0,0,0,,0.9059,2024-25
2026-07-20,2026-07-27,51083,Halifax County,Virginia,VA,quiet,0.000123,1906,68,501+,0.11,0.000686,1561,41,501+,0.2,0.018713,0.047942,0,0,0,,0.809,2024-25
2026-07-20,2026-07-27,30073,Pondera County,Montana,MT,quiet,0.000123,1907,38,501+,0.11,0.00068,1570,34,501+,0.2,0.018703,0.047499,0,0,0,,,
2026-07-20,2026-07-27,46127,Union County,South Dakota,SD,quiet,0.000123,1908,46,501+,0.11,0.00049,1908,42,501+,0.14,0.0187,0.032893,0,0,0,,0.94,2024-25
2026-07-20,2026-07-27,01001,Autauga County,Alabama,AL,quiet,0.000123,1909,29,501+,0.11,0.000788,1443,23,501+,0.23,0.0187,0.055906,0,0,0,,0.936,2024-25
2026-07-20,2026-07-27,13249,Schley County,Georgia,GA,quiet,0.000123,1910,63,501+,0.11,0.000451,1987,59,501+,0.13,0.018695,0.029957,0,0,0,,,
2026-07-20,2026-07-27,48073,Cherokee County,Texas,TX,quiet,0.000123,1911,181,501+,0.11,0.000389,2145,215,501+,0.11,0.018692,0.025314,0,0,0,,0.977901,2024-25
2026-07-20,2026-07-27,29057,Dade County,Missouri,MO,quiet,0.000122,1912,64,501+,0.11,0.000574,1731,54,501+,0.17,0.018636,0.039264,0,0,0,,0.907,2024-25
2026-07-20,2026-07-27,51117,Mecklenburg County,Virginia,VA,quiet,0.000122,1913,69,501+,0.11,0.000349,2258,74,501+,0.1,0.018624,0.022381,0,0,0,,0.911,2024-25
2026-07-20,2026-07-27,55121,Trempealeau County,Wisconsin,WI,quiet,0.000122,1914,52,501+,0.11,0.000416,2060,55,501+,0.12,0.018609,0.027364,0,0,0,,0.86,2024-25
2026-07-20,2026-07-27,45009,Bamberg County,South Carolina,SC,quiet,0.000122,1915,36,501+,0.11,0.000654,1602,36,501+,0.19,0.018606,0.045428,0,0,0,,0.977,2024-25
2026-07-20,2026-07-27,13309,Wheeler County,Georgia,GA,quiet,0.000122,1916,64,501+,0.11,0.000357,2241,84,501+,0.1,0.018602,0.022971,0,0,0,,,
2026-07-20,2026-07-27,22121,West Baton Rouge Parish,Louisiana,LA,quiet,0.000122,1917,23,501+,0.11,0.000341,2280,37,501+,0.1,0.018597,0.021825,0,0,0,,0.9308,2024-25
2026-07-20,2026-07-27,31039,Cuming County,Nebraska,NE,quiet,0.000122,1918,48,501+,0.11,0.00061,1667,22,501+,0.18,0.018574,0.042066,0,0,0,,0.95890411,2024-25
2026-07-20,2026-07-27,20055,Finney County,Kansas,KS,quiet,0.000122,1919,73,501+,0.11,0.000536,1807,60,501+,0.16,0.018569,0.036356,0,0,0,,0.9851,2024-25
2026-07-20,2026-07-27,48335,Mitchell County,Texas,TX,quiet,0.000122,1920,182,501+,0.11,0.00065,1605,158,501+,0.19,0.018559,0.045171,0,0,0,,0.84,2024-25
2026-07-20,2026-07-27,39125,Paulding County,Ohio,OH,quiet,0.000122,1921,63,501+,0.11,0.000428,2030,71,501+,0.12,0.018558,0.028201,0,0,0,,0.895,2024-25
2026-07-20,2026-07-27,19041,Clay County,Iowa,IA,quiet,0.000121,1922,35,501+,0.11,0.00026,2538,76,501+,0.08,0.018509,0.015965,0,0,0,,0.875,2024-25
2026-07-20,2026-07-27,19151,Pocahontas County,Iowa,IA,quiet,0.000121,1923,36,501+,0.11,0.000513,1862,30,501+,0.15,0.01846,0.034597,0,0,0,,0.8358209,2024-25
2026-07-20,2026-07-27,40009,Beckham County,Oklahoma,OK,quiet,0.000121,1924,55,501+,0.11,0.000568,1744,43,501+,0.17,0.01845,0.038868,0,0,0,,0.9331,2024-25
2026-07-20,2026-07-27,13163,Jefferson County,Georgia,GA,quiet,0.000121,1925,65,501+,0.11,0.000387,2151,72,501+,0.11,0.018438,0.025184,0,0,0,,,
2026-07-20,2026-07-27,48399,Runnels County,Texas,TX,quiet,0.000121,1926,183,501+,0.11,0.000528,1826,184,501+,0.15,0.018433,0.035757,0,0,0,,0.981013,2024-25
2026-07-20,2026-07-27,19157,Poweshiek County,Iowa,IA,quiet,0.000121,1927,37,501+,0.11,0.000333,2310,60,501+,0.1,0.018405,0.021253,0,0,0,,0.87700535,2024-25
2026-07-20,2026-07-27,51143,Pittsylvania County,Virginia,VA,quiet,0.000121,1928,70,501+,0.11,0.000432,2023,62,501+,0.13,0.018375,0.028492,0,0,0,,0.89,2024-25
2026-07-20,2026-07-27,48289,Leon County,Texas,TX,quiet,0.000121,1929,184,501+,0.11,0.000482,1928,196,501+,0.14,0.018366,0.032312,0,0,0,,0.951923,2024-25
2026-07-20,2026-07-27,31031,Cherry County,Nebraska,NE,quiet,0.00012,1930,49,501+,0.11,0.000375,2180,50,501+,0.11,0.018295,0.024326,0,0,0,,0.898550725,2024-25
2026-07-20,2026-07-27,51007,Amelia County,Virginia,VA,quiet,0.00012,1931,71,501+,0.11,0.000323,2341,79,501+,0.09,0.018264,0.020499,0,0,0,,0.886,2024-25
2026-07-20,2026-07-27,18061,Harrison County,Indiana,IN,quiet,0.00012,1932,47,501+,0.11,0.000879,1362,36,501+,0.26,0.018258,0.06302,0,0,0,,0.8588,2024-25
2026-07-20,2026-07-27,31169,Thayer County,Nebraska,NE,quiet,0.00012,1933,50,501+,0.11,0.000414,2072,48,501+,0.12,0.01825,0.027164,0,0,0,,0.962962963,2024-25
2026-07-20,2026-07-27,51101,King William County,Virginia,VA,quiet,0.00012,1934,72,501+,0.11,0.000326,2333,77,501+,0.09,0.018236,0.020717,0,0,0,,0.915,2024-25
2026-07-20,2026-07-27,17103,Lee County,Illinois,IL,quiet,0.00012,1935,41,501+,0.11,0.0005,1881,40,501+,0.15,0.018202,0.033643,0,0,0,,0.967,2024-25
2026-07-20,2026-07-27,29015,Benton County,Missouri,MO,quiet,0.000119,1936,65,501+,0.11,0.000572,1737,55,501+,0.17,0.01814,0.039116,0,0,0,,0.806,2024-25
2026-07-20,2026-07-27,13273,Terrell County,Georgia,GA,quiet,0.000119,1937,66,501+,0.11,0.00042,2050,65,501+,0.12,0.018133,0.027622,0,0,0,,,
2026-07-20,2026-07-27,37177,Tyrrell County,North Carolina,NC,quiet,0.000119,1938,69,501+,0.11,0.000763,1472,57,501+,0.22,0.018125,0.053921,0,0,0,,0.88,2024-25
2026-07-20,2026-07-27,47015,Cannon County,Tennessee,TN,quiet,0.000119,1939,47,501+,0.11,0.000288,2447,70,501+,0.08,0.018124,0.017947,0,0,0,,0.921,2024-25
2026-07-20,2026-07-27,20153,Rawlins County,Kansas,KS,quiet,0.000119,1940,74,501+,0.11,0.000545,1788,55,501+,0.16,0.018107,0.0371,0,0,0,,0.6733,2024-25
2026-07-20,2026-07-27,45039,Fairfield County,South Carolina,SC,quiet,0.000119,1941,37,501+,0.11,0.000736,1502,35,501+,0.21,0.018104,0.051835,0,0,0,,0.894,2024-25
2026-07-20,2026-07-27,26101,Manistee County,Michigan,MI,quiet,0.000119,1942,59,501+,0.11,0.000564,1753,58,501+,0.16,0.0181,0.038507,0,0,0,,0.85755814,2024-25
2026-07-20,2026-07-27,20135,Ness County,Kansas,KS,quiet,0.000119,1943,75,501+,0.11,0.000595,1692,49,501+,0.17,0.018094,0.040918,0,0,0,,0.7356,2024-25
2026-07-20,2026-07-27,20171,Scott County,Kansas,KS,quiet,0.000119,1944,76,501+,0.11,0.000354,2250,83,501+,0.1,0.018061,0.022774,0,0,0,,1.0,2024-25
2026-07-20,2026-07-27,20181,Sherman County,Kansas,KS,quiet,0.000119,1945,77,501+,0.11,0.000382,2165,80,501+,0.11,0.018057,0.0248,0,0,0,,0.9265,2024-25
2026-07-20,2026-07-27,12043,Glades County,Florida,FL,quiet,0.000119,1946,54,501+,0.11,0.000357,2244,63,501+,0.1,0.018053,0.022933,0,0,0,,0.94,2024-25
2026-07-20,2026-07-27,13149,Heard County,Georgia,GA,quiet,0.000119,1947,67,501+,0.11,0.000397,2123,69,501+,0.12,0.018033,0.025905,0,0,0,,,
2026-07-20,2026-07-27,48363,Palo Pinto County,Texas,TX,quiet,0.000119,1948,185,501+,0.11,0.000428,2031,206,501+,0.12,0.018031,0.028201,0,0,0,,0.927673,2024-25
2026-07-20,2026-07-27,40055,Greer County,Oklahoma,OK,quiet,0.000119,1949,56,501+,0.11,0.00045,1991,62,501+,0.13,0.018031,0.029837,0,0,0,,0.9804,2024-25
2026-07-20,2026-07-27,48307,McCulloch County,Texas,TX,quiet,0.000119,1950,186,501+,0.11,0.000597,1690,170,501+,0.17,0.018028,0.041029,0,0,0,,0.939759,2024-25
2026-07-20,2026-07-27,47067,Hancock County,Tennessee,TN,quiet,0.000119,1951,48,501+,0.11,0.000351,2254,58,501+,0.1,0.018018,0.022534,0,0,0,,0.797,2024-25
2026-07-20,2026-07-27,19069,Franklin County,Iowa,IA,quiet,0.000118,1952,38,501+,0.11,0.000395,2126,48,501+,0.11,0.018012,0.025763,0,0,0,,0.94897959,2024-25
2026-07-20,2026-07-27,13133,Greene County,Georgia,GA,quiet,0.000118,1953,68,501+,0.11,0.00049,1907,55,501+,0.14,0.017982,0.032919,0,0,0,,,
2026-07-20,2026-07-27,21105,Hickman County,Kentucky,KY,quiet,0.000118,1954,33,501+,0.11,0.000437,2012,35,501+,0.13,0.017948,0.028879,0,0,0,,0.933,2024-25
2026-07-20,2026-07-27,22021,Caldwell Parish,Louisiana,LA,quiet,0.000118,1955,24,501+,0.11,0.000286,2455,41,501+,0.08,0.0179,0.017806,0,0,0,,0.9184,2024-25
2026-07-20,2026-07-27,20087,Jefferson County,Kansas,KS,quiet,0.000117,1956,78,501+,0.11,0.000299,2408,91,501+,0.09,0.017835,0.018776,0,0,0,,0.9465,2024-25
2026-07-20,2026-07-27,28141,Tishomingo County,Mississippi,MS,quiet,0.000117,1957,17,501+,0.11,0.000302,2402,39,501+,0.09,0.017825,0.018987,0,0,0,,0.9583,2024-25
2026-07-20,2026-07-27,18151,Steuben County,Indiana,IN,quiet,0.000117,1958,48,501+,0.11,0.000535,1808,45,501+,0.16,0.017806,0.036303,0,0,0,,0.8816,2024-25
2026-07-20,2026-07-27,40063,Hughes County,Oklahoma,OK,quiet,0.000117,1959,57,501+,0.11,0.000474,1947,60,501+,0.14,0.01779,0.031689,0,0,0,,0.8986,2024-25
2026-07-20,2026-07-27,05015,Carroll County,Arkansas,AR,quiet,0.000117,1960,27,501+,0.11,0.000304,2395,35,501+,0.09,0.017769,0.019152,0,0,0,,,
2026-07-20,2026-07-27,13159,Jasper County,Georgia,GA,quiet,0.000117,1961,69,501+,0.11,0.000287,2448,104,501+,0.08,0.017734,0.017936,0,0,0,,,
2026-07-20,2026-07-27,40129,Roger Mills County,Oklahoma,OK,quiet,0.000117,1962,58,501+,0.11,0.0005,1880,56,501+,0.15,0.017706,0.033671,0,0,0,,0.9286,2024-25
2026-07-20,2026-07-27,29181,Ripley County,Missouri,MO,quiet,0.000117,1963,66,501+,0.11,0.000753,1482,39,501+,0.22,0.017698,0.053171,0,0,0,,0.876,2024-25
2026-07-20,2026-07-27,47039,Decatur County,Tennessee,TN,quiet,0.000116,1964,49,501+,0.11,0.000322,2346,66,501+,0.09,0.017665,0.02041,0,0,0,,0.881,2024-25
2026-07-20,2026-07-27,05073,Lafayette County,Arkansas,AR,quiet,0.000116,1965,28,501+,0.11,0.000331,2316,32,501+,0.1,0.017663,0.021049,0,0,0,,,
2026-07-20,2026-07-27,01027,Clay County,Alabama,AL,quiet,0.000116,1966,30,501+,0.11,0.000262,2529,52,501+,0.08,0.017659,0.016131,0,0,0,,0.933,2024-25
2026-07-20,2026-07-27,23017,Oxford County,Maine,ME,quiet,0.000116,1967,14,501+,0.11,0.000617,1658,15,501+,0.18,0.017649,0.042588,0,0,0,,0.9765,2024-25
2026-07-20,2026-07-27,22047,Iberville Parish,Louisiana,LA,quiet,0.000116,1968,25,501+,0.11,0.000361,2228,36,501+,0.1,0.017647,0.023289,0,0,0,,0.9557,2024-25
2026-07-20,2026-07-27,20009,Barton County,Kansas,KS,quiet,0.000116,1969,79,501+,0.11,0.000571,1739,52,501+,0.17,0.017646,0.039035,0,0,0,,0.9415,2024-25
2026-07-20,2026-07-27,27035,Crow Wing County,Minnesota,MN,quiet,0.000116,1970,66,501+,0.11,0.001106,1168,32,501+,0.32,0.017634,0.080801,0,0,0,,0.798,2024-25
2026-07-20,2026-07-27,47041,DeKalb County,Tennessee,TN,quiet,0.000116,1971,50,501+,0.1,0.000406,2095,54,501+,0.12,0.01755,0.026575,0,0,0,,0.925,2024-25
2026-07-20,2026-07-27,01045,Dale County,Alabama,AL,quiet,0.000116,1972,31,501+,0.1,0.000404,2101,36,501+,0.12,0.017539,0.026443,0,0,0,,0.9649,2024-25
2026-07-20,2026-07-27,51009,Amherst County,Virginia,VA,quiet,0.000116,1973,73,501+,0.1,0.000322,2343,80,501+,0.09,0.017517,0.020443,0,0,0,,0.816,2024-25
2026-07-20,2026-07-27,27101,Murray County,Minnesota,MN,quiet,0.000115,1974,67,501+,0.1,0.000616,1660,60,501+,0.18,0.017498,0.042553,0,0,0,,0.924,2024-25
2026-07-20,2026-07-27,05081,Little River County,Arkansas,AR,quiet,0.000115,1975,29,501+,0.1,0.000286,2454,40,501+,0.08,0.017495,0.01781,0,0,0,,,
2026-07-20,2026-07-27,48033,Borden County,Texas,TX,quiet,0.000115,1976,187,501+,0.1,0.000607,1669,169,501+,0.18,0.017492,0.041861,0,0,1,67,0.882353,2024-25
2026-07-20,2026-07-27,39135,Preble County,Ohio,OH,quiet,0.000115,1977,64,501+,0.1,0.000575,1728,65,501+,0.17,0.017475,0.039405,0,0,0,,0.894,2024-25
2026-07-20,2026-07-27,36043,Herkimer County,New York,NY,quiet,0.000115,1978,53,501+,0.1,0.000457,1979,52,501+,0.13,0.017467,0.030431,0,0,0,,0.997743775,2024-25
2026-07-20,2026-07-27,13129,Gordon County,Georgia,GA,quiet,0.000115,1979,70,501+,0.1,0.000522,1840,53,501+,0.15,0.017445,0.035293,0,0,0,,,
2026-07-20,2026-07-27,29089,Howard County,Missouri,MO,quiet,0.000115,1980,67,501+,0.1,0.000329,2323,81,501+,0.1,0.01743,0.020911,0,0,0,,0.991,2024-25
2026-07-20,2026-07-27,19165,Shelby County,Iowa,IA,quiet,0.000115,1981,39,501+,0.1,0.000345,2270,57,501+,0.1,0.017424,0.022093,0,0,0,,0.86075949,2024-25
2026-07-20,2026-07-27,20147,Phillips County,Kansas,KS,quiet,0.000115,1982,80,501+,0.1,0.000546,1787,54,501+,0.16,0.01742,0.037124,0,0,0,,0.8244,2024-25
2026-07-20,2026-07-27,47055,Giles County,Tennessee,TN,quiet,0.000115,1983,51,501+,0.1,0.000257,2542,74,501+,0.07,0.017392,0.015808,0,0,0,,0.933,2024-25
2026-07-20,2026-07-27,40107,Okfuskee County,Oklahoma,OK,quiet,0.000115,1984,59,501+,0.1,0.000478,1939,59,501+,0.14,0.017389,0.031963,0,0,0,,0.8678,2024-25
2026-07-20,2026-07-27,13071,Colquitt County,Georgia,GA,quiet,0.000115,1985,71,501+,0.1,0.000364,2219,82,501+,0.11,0.017371,0.023493,0,0,0,,,
2026-07-20,2026-07-27,18073,Jasper County,Indiana,IN,quiet,0.000115,1986,49,501+,0.1,0.000299,2410,64,501+,0.09,0.017363,0.018733,0,0,0,,0.8437,2024-25
2026-07-20,2026-07-27,46097,Miner County,South Dakota,SD,quiet,0.000115,1987,47,501+,0.1,0.000399,2117,49,501+,0.12,0.017363,0.026049,0,0,0,,0.87,2024-25
2026-07-20,2026-07-27,30035,Glacier County,Montana,MT,quiet,0.000115,1988,39,501+,0.1,0.000379,2170,41,501+,0.11,0.017361,0.024615,0,0,0,,,
2026-07-20,2026-07-27,13185,Lowndes County,Georgia,GA,quiet,0.000114,1989,72,501+,0.1,0.000641,1621,42,501+,0.19,0.017335,0.044427,0,0,0,,,
2026-07-20,2026-07-27,06091,Sierra County,California,CA,quiet,0.000114,1990,57,501+,0.1,0.000366,2210,57,501+,0.11,0.017334,0.023656,0,0,0,,0.94828,2024-25
2026-07-20,2026-07-27,40069,Johnston County,Oklahoma,OK,quiet,0.000114,1991,60,501+,0.1,0.000404,2103,64,501+,0.12,0.017311,0.026429,0,0,0,,0.8919,2024-25
2026-07-20,2026-07-27,47081,Hickman County,Tennessee,TN,quiet,0.000114,1992,52,501+,0.1,0.000547,1786,43,501+,0.16,0.017311,0.037191,0,0,0,,0.958,2024-25
2026-07-20,2026-07-27,27031,Cook County,Minnesota,MN,quiet,0.000114,1993,68,501+,0.1,0.000203,2733,86,501+,0.06,0.01729,0.012025,0,0,0,,0.719,2024-25
2026-07-20,2026-07-27,19081,Hancock County,Iowa,IA,quiet,0.000114,1994,40,501+,0.1,0.000507,1871,32,501+,0.15,0.017282,0.034145,0,0,0,,0.92125984,2024-25
2026-07-20,2026-07-27,46067,Hutchinson County,South Dakota,SD,quiet,0.000114,1995,48,501+,0.1,0.0006,1684,36,501+,0.17,0.017269,0.041304,0,0,0,,0.63,2024-25
2026-07-20,2026-07-27,28131,Stone County,Mississippi,MS,quiet,0.000114,1996,18,501+,0.1,0.00034,2286,32,501+,0.1,0.017222,0.021746,0,0,0,,0.9808,2024-25
2026-07-20,2026-07-27,17011,Bureau County,Illinois,IL,quiet,0.000114,1997,42,501+,0.1,0.00047,1956,43,501+,0.14,0.017201,0.031341,0,0,0,,0.955,2024-25
2026-07-20,2026-07-27,20093,Kearny County,Kansas,KS,quiet,0.000113,1998,81,501+,0.1,0.000538,1800,57,501+,0.16,0.017167,0.036512,0,0,0,,0.9333,2024-25
2026-07-20,2026-07-27,42031,Clarion County,Pennsylvania,PA,quiet,0.000113,1999,56,501+,0.1,0.000497,1887,55,501+,0.14,0.017166,0.033425,0,0,0,,0.943,2024-25
2026-07-20,2026-07-27,46015,Brule County,South Dakota,SD,quiet,0.000113,2000,49,501+,0.1,0.000409,2087,48,501+,0.12,0.017104,0.026787,0,0,0,,0.82,2024-25
2026-07-20,2026-07-27,54081,Raleigh County,West Virginia,WV,quiet,0.000113,2001,14,501+,0.1,0.000666,1589,10,501+,0.19,0.017099,0.04636,0,0,0,,,
2026-07-20,2026-07-27,48285,Lavaca County,Texas,TX,quiet,0.000113,2002,188,501+,0.1,0.00036,2232,219,501+,0.1,0.017099,0.023186,0,0,0,,0.95389,2024-25
2026-07-20,2026-07-27,37163,Sampson County,North Carolina,NC,quiet,0.000112,2003,70,501+,0.1,0.000462,1966,77,501+,0.13,0.017002,0.030769,0,0,0,,0.93985849,2024-25
2026-07-20,2026-07-27,17135,Montgomery County,Illinois,IL,quiet,0.000112,2004,43,501+,0.1,0.000335,2304,55,501+,0.1,0.016993,0.021362,0,0,0,,0.975,2024-25
2026-07-20,2026-07-27,48131,Duval County,Texas,TX,quiet,0.000112,2005,189,501+,0.1,0.000538,1801,182,501+,0.16,0.016964,0.0365,0,0,0,,0.967742,2024-25
2026-07-20,2026-07-27,48067,Cass County,Texas,TX,quiet,0.000112,2006,190,501+,0.1,0.00055,1778,180,501+,0.16,0.016911,0.037482,0,0,0,,0.956012,2024-25
2026-07-20,2026-07-27,08011,Bent County,Colorado,CO,quiet,0.000112,2007,51,501+,0.1,0.000277,2479,54,501+,0.08,0.016888,0.017204,0,0,0,,0.9565,2024-25
2026-07-20,2026-07-27,05029,Conway County,Arkansas,AR,quiet,0.000112,2008,30,501+,0.1,0.00053,1822,23,501+,0.15,0.016888,0.035925,0,0,0,,,
2026-07-20,2026-07-27,40147,Washington County,Oklahoma,OK,quiet,0.000112,2009,61,501+,0.1,0.00051,1866,54,501+,0.15,0.016885,0.034417,0,0,0,,0.8876,2024-25
2026-07-20,2026-07-27,27011,Big Stone County,Minnesota,MN,quiet,0.000112,2010,69,501+,0.1,0.00059,1700,61,501+,0.17,0.016855,0.040523,0,0,0,,0.923,2024-25
2026-07-20,2026-07-27,20123,Mitchell County,Kansas,KS,quiet,0.000111,2011,82,501+,0.1,0.000364,2217,81,501+,0.11,0.016805,0.023513,0,0,0,,0.8649,2024-25
2026-07-20,2026-07-27,22077,Pointe Coupee Parish,Louisiana,LA,quiet,0.000111,2012,26,501+,0.1,0.000685,1562,22,501+,0.2,0.016791,0.047845,0,0,0,,0.98,2024-25
2026-07-20,2026-07-27,18181,White County,Indiana,IN,quiet,0.000111,2013,50,501+,0.1,0.000502,1879,50,501+,0.15,0.016788,0.03378,0,0,0,,0.9655,2024-25
2026-07-20,2026-07-27,51029,Buckingham County,Virginia,VA,quiet,0.000111,2014,74,501+,0.1,0.000638,1624,48,501+,0.19,0.01676,0.044255,0,0,0,,0.979,2024-25
2026-07-20,2026-07-27,22001,Acadia Parish,Louisiana,LA,quiet,0.000111,2015,27,501+,0.1,0.000414,2070,27,501+,0.12,0.016699,0.027196,0,0,0,,0.8769,2024-25
2026-07-20,2026-07-27,05113,Polk County,Arkansas,AR,quiet,0.000111,2016,31,501+,0.1,0.000348,2262,30,501+,0.1,0.016691,0.022339,0,0,0,,,
2026-07-20,2026-07-27,48107,Crosby County,Texas,TX,quiet,0.00011,2017,191,501+,0.1,0.000895,1349,130,501+,0.26,0.016676,0.064273,0,0,0,,0.958333,2024-25
2026-07-20,2026-07-27,48347,Nacogdoches County,Texas,TX,quiet,0.00011,2018,192,501+,0.1,0.000486,1920,193,501+,0.14,0.016674,0.032615,0,0,0,,0.946475,2024-25
2026-07-20,2026-07-27,19021,Buena Vista County,Iowa,IA,quiet,0.00011,2019,41,501+,0.1,0.00035,2256,56,501+,0.1,0.01667,0.022421,0,0,0,,0.80758017,2024-25
2026-07-20,2026-07-27,05141,Van Buren County,Arkansas,AR,quiet,0.00011,2020,32,501+,0.1,0.000223,2667,56,501+,0.06,0.016657,0.013398,0,0,0,,,
2026-07-20,2026-07-27,18123,Perry County,Indiana,IN,quiet,0.00011,2021,51,501+,0.1,0.000309,2383,63,501+,0.09,0.016648,0.019478,0,0,0,,0.9327,2024-25
2026-07-20,2026-07-27,47129,Morgan County,Tennessee,TN,quiet,0.00011,2022,53,501+,0.1,0.00045,1990,50,501+,0.13,0.016614,0.029842,0,0,0,,0.971,2024-25
2026-07-20,2026-07-27,51155,Pulaski County,Virginia,VA,quiet,0.00011,2023,75,501+,0.1,0.000406,2093,67,501+,0.12,0.01658,0.026621,0,0,0,,0.933,2024-25
2026-07-20,2026-07-27,20109,Logan County,Kansas,KS,quiet,0.00011,2024,83,501+,0.1,0.000339,2290,85,501+,0.1,0.016571,0.021669,0,0,0,,0.8257,2024-25
2026-07-20,2026-07-27,19173,Taylor County,Iowa,IA,quiet,0.00011,2025,42,501+,0.1,0.000665,1591,22,501+,0.19,0.016567,0.046286,0,0,0,,0.81707317,2024-25
2026-07-20,2026-07-27,31065,Furnas County,Nebraska,NE,quiet,0.00011,2026,51,501+,0.1,0.000531,1819,35,501+,0.15,0.016562,0.036008,0,0,0,,0.949367089,2024-25
2026-07-20,2026-07-27,40035,Craig County,Oklahoma,OK,quiet,0.00011,2027,62,501+,0.1,0.000349,2257,70,501+,0.1,0.016558,0.022384,0,0,0,,0.8908,2024-25
2026-07-20,2026-07-27,38011,Bowman County,North Dakota,ND,quiet,0.00011,2028,29,501+,0.1,0.000375,2182,36,501+,0.11,0.016519,0.024305,0,0,0,,0.8936,2024-25
2026-07-20,2026-07-27,12123,Taylor County,Florida,FL,quiet,0.000109,2029,55,501+,0.1,0.000247,2580,66,501+,0.07,0.016505,0.0151,0,0,0,,0.971,2024-25
2026-07-20,2026-07-27,27087,Mahnomen County,Minnesota,MN,quiet,0.000109,2030,70,501+,0.1,0.00047,1953,70,501+,0.14,0.016504,0.031399,0,0,0,,0.931,2024-25
2026-07-20,2026-07-27,27155,Traverse County,Minnesota,MN,quiet,0.000109,2031,71,501+,0.1,0.000985,1270,41,501+,0.29,0.016494,0.071296,0,0,0,,1.0,2024-25
2026-07-20,2026-07-27,17123,Marshall County,Illinois,IL,quiet,0.000109,2032,44,501+,0.1,0.000555,1770,39,501+,0.16,0.01648,0.037805,0,0,0,,0.984,2024-25
2026-07-20,2026-07-27,37173,Swain County,North Carolina,NC,quiet,0.000109,2033,71,501+,0.1,0.000435,2019,79,501+,0.13,0.01645,0.028733,0,0,0,,0.97484277,2024-25
2026-07-20,2026-07-27,31105,Kimball County,Nebraska,NE,quiet,0.000109,2034,52,501+,0.1,0.000686,1559,20,501+,0.2,0.016432,0.047968,0,0,0,,0.961538462,2024-25
2026-07-20,2026-07-27,42113,Sullivan County,Pennsylvania,PA,quiet,0.000109,2035,57,501+,0.1,0.000279,2475,59,501+,0.08,0.016387,0.017356,0,0,0,,0.941,2024-25
2026-07-20,2026-07-27,31175,Valley County,Nebraska,NE,quiet,0.000109,2036,53,501+,0.1,0.000312,2375,64,501+,0.09,0.016364,0.019708,0,0,0,,0.896551724,2024-25
2026-07-20,2026-07-27,37131,Northampton County,North Carolina,NC,quiet,0.000108,2037,72,501+,0.1,0.000712,1528,61,501+,0.21,0.016346,0.049984,0,0,0,,0.98351648,2024-25
2026-07-20,2026-07-27,31089,Holt County,Nebraska,NE,quiet,0.000108,2038,54,501+,0.1,0.000359,2236,53,501+,0.1,0.016282,0.023115,0,0,0,,0.951086957,2024-25
2026-07-20,2026-07-27,53003,Asotin County,Washington,WA,quiet,0.000108,2039,35,501+,0.1,0.000752,1485,32,501+,0.22,0.016259,0.053047,0,0,0,,0.884,2024-25
2026-07-20,2026-07-27,01121,Talladega County,Alabama,AL,quiet,0.000108,2040,32,501+,0.1,0.000386,2154,38,501+,0.11,0.016236,0.025105,0,0,0,,0.9651,2024-25
2026-07-20,2026-07-27,24039,Somerset County,Maryland,MD,quiet,0.000108,2041,23,501+,0.1,0.000341,2281,23,501+,0.1,0.016221,0.021812,0,0,0,,0.9744,2024-25
2026-07-20,2026-07-27,17005,Bond County,Illinois,IL,quiet,0.000108,2042,45,501+,0.1,0.000291,2434,65,501+,0.08,0.016205,0.01816,0,0,0,,0.985,2024-25
2026-07-20,2026-07-27,05121,Randolph County,Arkansas,AR,quiet,0.000107,2043,33,501+,0.1,0.000241,2607,50,501+,0.07,0.016182,0.014659,0,0,0,,,
2026-07-20,2026-07-27,48123,DeWitt County,Texas,TX,quiet,0.000107,2044,193,501+,0.1,0.000423,2041,207,501+,0.12,0.01618,0.027825,0,0,0,,0.951872,2024-25
2026-07-20,2026-07-27,36025,Delaware County,New York,NY,quiet,0.000107,2045,54,501+,0.1,0.000299,2409,57,501+,0.09,0.016161,0.018755,0,0,0,,0.998476765,2024-25
2026-07-20,2026-07-27,26153,Schoolcraft County,Michigan,MI,quiet,0.000107,2046,60,501+,0.1,0.000377,2177,64,501+,0.11,0.016149,0.024417,0,0,0,,0.95081967,2024-25
2026-07-20,2026-07-27,46123,Tripp County,South Dakota,SD,quiet,0.000107,2047,50,501+,0.1,0.000417,2059,46,501+,0.12,0.016131,0.027413,0,0,0,,0.84,2024-25
2026-07-20,2026-07-27,28019,Choctaw County,Mississippi,MS,quiet,0.000107,2048,19,501+,0.1,0.000802,1432,8,501+,0.23,0.016119,0.057006,0,0,0,,0.9646,2024-25
2026-07-20,2026-07-27,02275,Wrangell City and Borough,Alaska,AK,quiet,0.000107,2049,21,501+,0.1,0.000598,1686,15,501+,0.17,0.016113,0.041142,0,0,0,,,
2026-07-20,2026-07-27,55123,Vernon County,Wisconsin,WI,quiet,0.000107,2050,53,501+,0.1,0.00042,2049,54,501+,0.12,0.016102,0.027631,0,0,0,,0.71,2024-25
2026-07-20,2026-07-27,37083,Halifax County,North Carolina,NC,quiet,0.000107,2051,73,501+,0.1,0.000632,1633,66,501+,0.18,0.016085,0.043768,0,0,0,,0.94789579,2024-25
2026-07-20,2026-07-27,31069,Garden County,Nebraska,NE,quiet,0.000107,2052,55,501+,0.1,0.000366,2214,51,501+,0.11,0.016075,0.023608,0,0,0,,0.636363636,2024-25
2026-07-20,2026-07-27,05097,Montgomery County,Arkansas,AR,quiet,0.000107,2053,34,501+,0.1,0.000273,2493,43,501+,0.08,0.016072,0.016902,0,0,0,,,
2026-07-20,2026-07-27,51735,Poquoson City,Virginia,VA,quiet,0.000107,2054,76,501+,0.1,0.000216,2685,100,501+,0.06,0.016058,0.012887,0,0,0,,0.777,2022-23
2026-07-20,2026-07-27,22101,St. Mary Parish,Louisiana,LA,quiet,0.000107,2055,28,501+,0.1,0.000386,2153,31,501+,0.11,0.016058,0.025113,0,0,0,,0.9105,2024-25
2026-07-20,2026-07-27,28103,Noxubee County,Mississippi,MS,quiet,0.000107,2056,20,501+,0.1,0.000177,2827,63,501+,0.05,0.016051,0.010297,0,0,0,,0.9561,2024-25
2026-07-20,2026-07-27,17033,Crawford County,Illinois,IL,quiet,0.000107,2057,46,501+,0.1,0.000322,2347,58,501+,0.09,0.016021,0.020396,0,0,0,,0.976,2024-25
2026-07-20,2026-07-27,19185,Wayne County,Iowa,IA,quiet,0.000106,2058,43,501+,0.1,0.000593,1694,26,501+,0.17,0.016004,0.040737,0,0,0,,0.83823529,2024-25
2026-07-20,2026-07-27,19123,Mahaska County,Iowa,IA,quiet,0.000106,2059,44,501+,0.1,0.000277,2482,71,501+,0.08,0.015981,0.017192,0,0,0,,0.92094862,2024-25
2026-07-20,2026-07-27,28029,Copiah County,Mississippi,MS,quiet,0.000106,2060,21,501+,0.1,0.000336,2300,33,501+,0.1,0.015941,0.021434,0,0,0,,0.9835,2024-25
2026-07-20,2026-07-27,22075,Plaquemines Parish,Louisiana,LA,quiet,0.000106,2061,29,501+,0.1,0.00089,1355,16,501+,0.26,0.015937,0.063847,0,0,0,,0.943,2024-25
2026-07-20,2026-07-27,01065,Hale County,Alabama,AL,quiet,0.000106,2062,33,501+,0.1,0.000315,2363,42,501+,0.09,0.015933,0.019943,0,0,0,,0.963,2024-25
2026-07-20,2026-07-27,27115,Pine County,Minnesota,MN,quiet,0.000106,2063,72,501+,0.1,0.000326,2332,77,501+,0.09,0.015912,0.020742,0,0,0,,0.844,2024-25
2026-07-20,2026-07-27,48463,Uvalde County,Texas,TX,quiet,0.000106,2064,194,501+,0.1,0.00071,1530,148,501+,0.21,0.015906,0.049772,0,0,0,,0.942257,2024-25
2026-07-20,2026-07-27,13115,Floyd County,Georgia,GA,quiet,0.000106,2065,73,501+,0.1,0.000554,1772,48,501+,0.16,0.015876,0.037791,0,0,0,,,
2026-07-20,2026-07-27,19179,Wapello County,Iowa,IA,quiet,0.000106,2066,45,501+,0.1,0.00042,2051,42,501+,0.12,0.015873,0.027606,0,0,0,,0.85044643,2024-25
2026-07-20,2026-07-27,17075,Iroquois County,Illinois,IL,quiet,0.000106,2067,47,501+,0.1,0.000392,2134,52,501+,0.11,0.015872,0.025572,0,0,0,,0.971,2024-25
2026-07-20,2026-07-27,39071,Highland County,Ohio,OH,quiet,0.000106,2068,65,501+,0.1,0.000931,1311,55,501+,0.27,0.015854,0.06704,0,0,0,,0.942,2024-25
2026-07-20,2026-07-27,46037,Day County,South Dakota,SD,quiet,0.000105,2069,51,501+,0.1,0.000854,1378,27,501+,0.25,0.015843,0.061056,0,0,0,,0.99,2024-25
2026-07-20,2026-07-27,51590,Danville City,Virginia,VA,quiet,0.000105,2070,77,501+,0.1,0.000422,2043,63,501+,0.12,0.015824,0.027766,0,0,0,,0.912,2024-25
2026-07-20,2026-07-27,46102,Oglala Lakota County,South Dakota,SD,quiet,0.000105,2071,52,501+,0.1,0.000358,2238,53,501+,0.1,0.015817,0.023059,0,0,0,,0.88,2024-25
2026-07-20,2026-07-27,18015,Carroll County,Indiana,IN,quiet,0.000105,2072,52,501+,0.1,0.000528,1825,47,501+,0.15,0.015798,0.035767,0,0,0,,0.9225,2024-25
2026-07-20,2026-07-27,19169,Story County,Iowa,IA,quiet,0.000105,2073,46,501+,0.1,0.000489,1910,33,501+,0.14,0.015795,0.032849,0,0,0,,0.89221557,2024-25
2026-07-20,2026-07-27,48313,Madison County,Texas,TX,quiet,0.000105,2074,195,501+,0.1,0.000421,2046,208,501+,0.12,0.015795,0.027706,0,0,0,,0.965714,2024-25
2026-07-20,2026-07-27,01067,Henry County,Alabama,AL,quiet,0.000105,2075,34,501+,0.1,0.000296,2418,45,501+,0.09,0.01577,0.01857,0,0,0,,0.9581,2024-25
2026-07-20,2026-07-27,17157,Randolph County,Illinois,IL,quiet,0.000105,2076,48,501+,0.1,0.000841,1392,29,501+,0.24,0.015768,0.060055,0,0,0,,0.968,2024-25
2026-07-20,2026-07-27,13215,Muscogee County,Georgia,GA,quiet,0.000105,2077,74,501+,0.1,0.000794,1435,34,501+,0.23,0.015758,0.056352,0,0,0,,,
2026-07-20,2026-07-27,29055,Crawford County,Missouri,MO,quiet,0.000105,2078,68,501+,0.09,0.000416,2061,70,501+,0.12,0.015753,0.027362,0,0,0,,0.913,2024-25
2026-07-20,2026-07-27,29177,Ray County,Missouri,MO,quiet,0.000105,2079,69,501+,0.09,0.00041,2081,71,501+,0.12,0.015739,0.026895,0,0,0,,0.952,2024-25
2026-07-20,2026-07-27,13289,Twiggs County,Georgia,GA,quiet,0.000105,2080,75,501+,0.09,0.000348,2264,86,501+,0.1,0.015729,0.022303,0,0,0,,,
2026-07-20,2026-07-27,27125,Red Lake County,Minnesota,MN,quiet,0.000105,2081,73,501+,0.09,0.000779,1459,50,501+,0.23,0.015706,0.055146,0,0,0,,0.915,2024-25
2026-07-20,2026-07-27,47045,Dyer County,Tennessee,TN,quiet,0.000105,2082,54,501+,0.09,0.000345,2271,60,501+,0.1,0.015701,0.022065,0,0,0,,0.968,2024-25
2026-07-20,2026-07-27,48343,Morris County,Texas,TX,quiet,0.000105,2083,196,501+,0.09,0.000389,2144,214,501+,0.11,0.015699,0.025337,0,0,0,,0.96748,2024-25
2026-07-20,2026-07-27,48239,Jackson County,Texas,TX,quiet,0.000104,2084,197,501+,0.09,0.000444,2000,203,501+,0.13,0.015677,0.029399,0,0,0,,0.953307,2024-25
2026-07-20,2026-07-27,38041,Hettinger County,North Dakota,ND,quiet,0.000104,2085,30,501+,0.09,0.000476,1943,32,501+,0.14,0.015671,0.031835,0,0,0,,0.8974,2024-25
2026-07-20,2026-07-27,22037,East Feliciana Parish,Louisiana,LA,quiet,0.000104,2086,30,501+,0.09,0.000298,2413,40,501+,0.09,0.015636,0.018708,0,0,0,,0.93,2024-25
2026-07-20,2026-07-27,18171,Warren County,Indiana,IN,quiet,0.000104,2087,53,501+,0.09,0.000271,2503,68,501+,0.08,0.015599,0.01675,0,0,0,,0.9367,2024-25
2026-07-20,2026-07-27,19085,Harrison County,Iowa,IA,quiet,0.000104,2088,47,501+,0.09,0.000326,2337,63,501+,0.09,0.015594,0.02068,0,0,0,,0.74834437,2024-25
2026-07-20,2026-07-27,28039,George County,Mississippi,MS,quiet,0.000104,2089,22,501+,0.09,0.000398,2119,26,501+,0.12,0.015587,0.025991,0,0,0,,0.9597,2024-25
2026-07-20,2026-07-27,18093,Lawrence County,Indiana,IN,quiet,0.000104,2090,54,501+,0.09,0.000437,2014,54,501+,0.13,0.015585,0.028861,0,0,0,,0.9104,2024-25
2026-07-20,2026-07-27,28085,Lincoln County,Mississippi,MS,quiet,0.000104,2091,23,501+,0.09,0.000401,2108,25,501+,0.12,0.015566,0.026226,0,0,0,,0.9444,2024-25
2026-07-20,2026-07-27,28093,Marshall County,Mississippi,MS,quiet,0.000103,2092,24,501+,0.09,0.000495,1894,16,501+,0.14,0.015516,0.033235,0,0,0,,0.9619,2024-25
2026-07-20,2026-07-27,21191,Pendleton County,Kentucky,KY,quiet,0.000103,2093,34,501+,0.09,0.000481,1931,32,501+,0.14,0.0155,0.032195,0,0,0,,0.956,2024-25
2026-07-20,2026-07-27,18107,Montgomery County,Indiana,IN,quiet,0.000103,2094,55,501+,0.09,0.000479,1935,53,501+,0.14,0.015488,0.032068,0,0,0,,0.925,2024-25
2026-07-20,2026-07-27,01011,Bullock County,Alabama,AL,quiet,0.000103,2095,35,501+,0.09,0.000212,2704,59,501+,0.06,0.015486,0.012668,0,0,0,,0.9487,2024-25
2026-07-20,2026-07-27,19063,Emmet County,Iowa,IA,quiet,0.000103,2096,48,501+,0.09,0.000435,2017,40,501+,0.13,0.015483,0.028758,0,0,0,,0.86585366,2024-25
2026-07-20,2026-07-27,30023,Deer Lodge County,Montana,MT,quiet,0.000103,2097,40,501+,0.09,0.000564,1752,38,501+,0.16,0.015478,0.038512,0,0,0,,,
2026-07-20,2026-07-27,54107,Wood County,West Virginia,WV,quiet,0.000103,2098,15,501+,0.09,0.000995,1261,8,501+,0.29,0.015476,0.072084,0,0,0,,,
2026-07-20,2026-07-27,27077,Lake of the Woods County,Minnesota,MN,quiet,0.000103,2099,74,501+,0.09,0.000279,2474,82,501+,0.08,0.015465,0.017357,0,0,0,,0.914,2024-25
2026-07-20,2026-07-27,13055,Chattooga County,Georgia,GA,quiet,0.000103,2100,76,501+,0.09,0.000358,2240,83,501+,0.1,0.015449,0.023036,0,0,0,,,
2026-07-20,2026-07-27,19143,Osceola County,Iowa,IA,quiet,0.000103,2101,49,501+,0.09,0.000335,2306,59,501+,0.1,0.015444,0.021343,0,0,0,,0.98,2024-25
2026-07-20,2026-07-27,22109,Terrebonne Parish,Louisiana,LA,quiet,0.000103,2102,31,501+,0.09,0.000734,1504,21,501+,0.21,0.015414,0.051687,0,0,0,,0.8969,2024-25
2026-07-20,2026-07-27,20207,Woodson County,Kansas,KS,quiet,0.000103,2103,84,501+,0.09,0.00054,1796,56,501+,0.16,0.015414,0.036723,0,0,0,,0.9571,2024-25
2026-07-20,2026-07-27,54009,Brooke County,West Virginia,WV,quiet,0.000103,2104,16,501+,0.09,0.00046,1971,16,501+,0.13,0.015412,0.030652,0,0,0,,,
2026-07-20,2026-07-27,36035,Fulton County,New York,NY,quiet,0.000103,2105,55,501+,0.09,0.000595,1693,48,501+,0.17,0.015396,0.040885,0,0,0,,0.998032059,2024-25
2026-07-20,2026-07-27,28097,Montgomery County,Mississippi,MS,quiet,0.000103,2106,25,501+,0.09,0.000327,2331,36,501+,0.09,0.01538,0.020761,0,0,0,,0.9722,2024-25
2026-07-20,2026-07-27,13019,Berrien County,Georgia,GA,quiet,0.000103,2107,77,501+,0.09,0.000311,2377,99,501+,0.09,0.015373,0.019656,0,0,0,,,
2026-07-20,2026-07-27,29107,Lafayette County,Missouri,MO,quiet,0.000103,2108,70,501+,0.09,0.000428,2032,68,501+,0.12,0.01537,0.028197,0,0,0,,0.857,2024-25
2026-07-20,2026-07-27,18183,Whitley County,Indiana,IN,quiet,0.000103,2109,56,501+,0.09,0.00125,1084,24,501+,0.36,0.015369,0.092078,0,0,0,,0.9045,2024-25
2026-07-20,2026-07-27,13261,Sumter County,Georgia,GA,quiet,0.000103,2110,78,501+,0.09,0.000239,2616,115,501+,0.07,0.015362,0.014487,0,0,0,,,
2026-07-20,2026-07-27,06021,Glenn County,California,CA,quiet,0.000102,2111,58,501+,0.09,0.00055,1781,54,501+,0.16,0.015354,0.037448,0,0,0,,0.84473,2024-25
2026-07-20,2026-07-27,20013,Brown County,Kansas,KS,quiet,0.000102,2112,85,501+,0.09,0.000408,2091,77,501+,0.12,0.015347,0.026708,0,0,0,,0.9828,2024-25
2026-07-20,2026-07-27,35003,Catron County,New Mexico,NM,quiet,0.000102,2113,28,501+,0.09,0.000724,1512,23,501+,0.21,0.015344,0.050854,0,0,0,,0.5,2024-25
2026-07-20,2026-07-27,19017,Bremer County,Iowa,IA,quiet,0.000102,2114,50,501+,0.09,0.000649,1607,23,501+,0.19,0.01534,0.045086,0,0,0,,0.88202247,2024-25
2026-07-20,2026-07-27,48455,Trinity County,Texas,TX,quiet,0.000102,2115,198,501+,0.09,0.000392,2136,212,501+,0.11,0.015333,0.025526,0,0,0,,0.916667,2024-25
2026-07-20,2026-07-27,19125,Marion County,Iowa,IA,quiet,0.000102,2116,51,501+,0.09,0.000412,2074,46,501+,0.12,0.015331,0.027064,0,0,0,,0.86976744,2024-25
2026-07-20,2026-07-27,30021,Dawson County,Montana,MT,quiet,0.000102,2117,41,501+,0.09,0.000424,2039,40,501+,0.12,0.015296,0.027907,0,0,0,,,
2026-07-20,2026-07-27,17155,Putnam County,Illinois,IL,quiet,0.000102,2118,49,501+,0.09,0.000408,2088,50,501+,0.12,0.015277,0.026766,0,0,0,,0.973,2024-25
2026-07-20,2026-07-27,39053,Gallia County,Ohio,OH,quiet,0.000102,2119,66,501+,0.09,0.000779,1458,59,501+,0.23,0.01527,0.055152,0,0,0,,0.965,2024-25
2026-07-20,2026-07-27,31097,Johnson County,Nebraska,NE,quiet,0.000102,2120,56,501+,0.09,0.000518,1853,37,501+,0.15,0.015267,0.035032,0,0,0,,0.974358974,2024-25
2026-07-20,2026-07-27,27133,Rock County,Minnesota,MN,quiet,0.000102,2121,75,501+,0.09,0.000414,2067,71,501+,0.12,0.015258,0.027217,0,0,0,,0.871,2024-25
2026-07-20,2026-07-27,37095,Hyde County,North Carolina,NC,quiet,0.000102,2122,74,501+,0.09,0.000376,2178,83,501+,0.11,0.015258,0.024398,0,0,0,,0.92307692,2024-25
2026-07-20,2026-07-27,47111,Macon County,Tennessee,TN,quiet,0.000102,2123,55,501+,0.09,0.000342,2277,62,501+,0.1,0.015238,0.021875,0,0,0,,0.983,2024-25
2026-07-20,2026-07-27,26059,Hillsdale County,Michigan,MI,quiet,0.000102,2124,61,501+,0.09,0.000391,2138,63,501+,0.11,0.015229,0.025445,0,0,0,,0.88717949,2024-25
2026-07-20,2026-07-27,20049,Elk County,Kansas,KS,quiet,0.000102,2125,86,501+,0.09,0.000604,1674,47,501+,0.18,0.015227,0.041607,0,0,0,,0.8661,2024-25
2026-07-20,2026-07-27,18103,Miami County,Indiana,IN,quiet,0.000102,2126,57,501+,0.09,0.000512,1863,48,501+,0.15,0.015215,0.034547,0,0,0,,0.8327,2024-25
2026-07-20,2026-07-27,51023,Botetourt County,Virginia,VA,quiet,0.000102,2127,78,501+,0.09,0.000388,2147,71,501+,0.11,0.015204,0.025274,0,0,0,,0.928,2024-25
2026-07-20,2026-07-27,48275,Knox County,Texas,TX,quiet,0.000102,2128,199,501+,0.09,0.000489,1909,192,501+,0.14,0.015193,0.032849,0,0,0,,0.92,2024-25
2026-07-20,2026-07-27,21019,Boyd County,Kentucky,KY,quiet,0.000101,2129,35,501+,0.09,0.000474,1946,33,501+,0.14,0.015188,0.03171,0,0,0,,0.917,2024-25
2026-07-20,2026-07-27,48373,Polk County,Texas,TX,quiet,0.000101,2130,200,501+,0.09,0.00059,1702,172,501+,0.17,0.015186,0.040487,0,0,0,,0.939638,2024-25
2026-07-20,2026-07-27,31021,Burt County,Nebraska,NE,quiet,0.000101,2131,57,501+,0.09,0.000363,2222,52,501+,0.11,0.015143,0.023434,0,0,0,,0.973684211,2024-25
2026-07-20,2026-07-27,48237,Jack County,Texas,TX,quiet,0.000101,2132,201,501+,0.09,0.000543,1791,181,501+,0.16,0.015131,0.03691,0,0,0,,0.835294,2024-25
2026-07-20,2026-07-27,08073,Lincoln County,Colorado,CO,quiet,0.000101,2133,52,501+,0.09,0.000449,1992,48,501+,0.13,0.015126,0.029809,0,0,0,,0.8644,2024-25
2026-07-20,2026-07-27,05017,Chicot County,Arkansas,AR,quiet,0.000101,2134,35,501+,0.09,0.000257,2547,47,501+,0.07,0.015102,0.015787,0,0,0,,,
2026-07-20,2026-07-27,13031,Bulloch County,Georgia,GA,quiet,0.000101,2135,79,501+,0.09,0.000762,1475,35,501+,0.22,0.015089,0.053875,0,0,0,,,
2026-07-20,2026-07-27,12067,Lafayette County,Florida,FL,quiet,0.000101,2136,56,501+,0.09,0.000458,1978,57,501+,0.13,0.015089,0.030475,0,0,0,,0.918,2024-25
2026-07-20,2026-07-27,18083,Knox County,Indiana,IN,quiet,0.000101,2137,58,501+,0.09,0.000504,1875,49,501+,0.15,0.015078,0.033961,0,0,0,,0.9632,2024-25
2026-07-20,2026-07-27,51111,Lunenburg County,Virginia,VA,quiet,0.000101,2138,79,501+,0.09,0.00031,2381,82,501+,0.09,0.015077,0.01958,0,0,0,,0.931,2024-25
2026-07-20,2026-07-27,05047,Franklin County,Arkansas,AR,quiet,0.000101,2139,36,501+,0.09,0.000201,2742,62,501+,0.06,0.015076,0.011904,0,0,0,,,
2026-07-20,2026-07-27,20199,Wallace County,Kansas,KS,quiet,0.000101,2140,87,501+,0.09,0.000316,2362,89,501+,0.09,0.015069,0.019962,0,0,0,,0.7856,2024-25
2026-07-20,2026-07-27,18001,Adams County,Indiana,IN,quiet,0.000101,2141,59,501+,0.09,0.000597,1689,41,501+,0.17,0.015063,0.041079,0,0,0,,0.9156,2024-25
2026-07-20,2026-07-27,55095,Polk County,Wisconsin,WI,quiet,0.000101,2142,54,501+,0.09,0.000877,1363,40,501+,0.25,0.015061,0.06287,0,0,0,,0.84,2024-25
2026-07-20,2026-07-27,31017,Brown County,Nebraska,NE,quiet,0.000101,2143,58,501+,0.09,0.000285,2457,69,501+,0.08,0.015047,0.01776,0,0,0,,0.935483871,2024-25
2026-07-20,2026-07-27,51089,Henry County,Virginia,VA,quiet,0.000101,2144,80,501+,0.09,0.000292,2430,86,501+,0.08,0.015043,0.01825,0,0,0,,0.918,2024-25
2026-07-20,2026-07-27,13211,Morgan County,Georgia,GA,quiet,0.000101,2145,80,501+,0.09,0.000365,2215,80,501+,0.11,0.015034,0.023578,0,0,0,,,
2026-07-20,2026-07-27,27051,Grant County,Minnesota,MN,quiet,0.0001,2146,76,501+,0.09,0.000319,2351,79,501+,0.09,0.015018,0.020228,0,0,0,,0.914,2024-25
2026-07-20,2026-07-27,13201,Miller County,Georgia,GA,quiet,0.0001,2147,81,501+,0.09,0.000378,2175,75,501+,0.11,0.015017,0.024506,0,0,0,,,
2026-07-20,2026-07-27,05011,Bradley County,Arkansas,AR,quiet,0.0001,2148,37,501+,0.09,0.000234,2632,52,501+,0.07,0.015013,0.014133,0,0,0,,,
2026-07-20,2026-07-27,39115,Morgan County,Ohio,OH,quiet,0.0001,2149,67,501+,0.09,0.000317,2358,77,501+,0.09,0.015004,0.020091,0,0,0,,0.971,2024-25
2026-07-20,2026-07-27,31159,Seward County,Nebraska,NE,quiet,0.0001,2150,59,501+,0.09,0.000318,2355,62,501+,0.09,0.014981,0.020134,0,0,0,,0.970149254,2024-25
2026-07-20,2026-07-27,51037,Charlotte County,Virginia,VA,quiet,0.0001,2151,81,501+,0.09,0.000326,2336,78,501+,0.09,0.014981,0.020689,0,0,0,,0.764,2024-25
2026-07-20,2026-07-27,47153,Sequatchie County,Tennessee,TN,quiet,0.0001,2152,56,501+,0.09,0.000273,2495,72,501+,0.08,0.014976,0.016869,0,0,0,,0.979,2024-25
2026-07-20,2026-07-27,55129,Washburn County,Wisconsin,WI,quiet,0.0001,2153,55,501+,0.09,0.000327,2329,62,501+,0.1,0.014974,0.0208,0,0,0,,0.77,2024-25
2026-07-20,2026-07-27,48145,Falls County,Texas,TX,quiet,0.0001,2154,202,501+,0.09,0.000498,1884,191,501+,0.14,0.014972,0.033508,0,0,0,,0.955056,2024-25
2026-07-20,2026-07-27,36095,Schoharie County,New York,NY,quiet,0.0001,2155,56,501+,0.09,0.00031,2382,56,501+,0.09,0.014971,0.019555,0,0,0,,0.999021073,2024-25
2026-07-20,2026-07-27,53075,Whitman County,Washington,WA,quiet,0.0001,2156,36,501+,0.09,0.000558,1764,35,501+,0.16,0.014944,0.038083,0,0,0,,0.908,2024-25
2026-07-20,2026-07-27,21039,Carlisle County,Kentucky,KY,quiet,0.0001,2157,36,501+,0.09,0.000381,2168,39,501+,0.11,0.014931,0.024704,0,0,0,,0.865,2024-25
2026-07-20,2026-07-27,05117,Prairie County,Arkansas,AR,quiet,0.0001,2158,38,501+,0.09,0.000211,2708,60,501+,0.06,0.014913,0.012593,0,0,0,,,
2026-07-20,2026-07-27,19015,Boone County,Iowa,IA,quiet,0.0001,2159,52,501+,0.09,0.000411,2077,47,501+,0.12,0.014871,0.026976,0,0,0,,0.93877551,2024-25
2026-07-20,2026-07-27,40011,Blaine County,Oklahoma,OK,quiet,0.0001,2160,63,501+,0.09,0.000563,1755,46,501+,0.16,0.014862,0.03847,0,0,0,,0.9286,2024-25
2026-07-20,2026-07-27,13259,Stewart County,Georgia,GA,quiet,9.9e-05,2161,82,501+,0.09,0.000207,2721,129,501+,0.06,0.014846,0.012316,0,0,0,,,
2026-07-20,2026-07-27,19105,Jones County,Iowa,IA,quiet,9.9e-05,2162,53,501+,0.09,0.000433,2021,41,501+,0.13,0.014837,0.028602,0,0,0,,0.94387755,2024-25
2026-07-20,2026-07-27,51540,Charlottesville City,Virginia,VA,quiet,9.9e-05,2163,82,501+,0.09,0.000356,2246,73,501+,0.1,0.014824,0.022893,0,0,0,,0.867,2024-25
2026-07-20,2026-07-27,29127,Marion County,Missouri,MO,quiet,9.9e-05,2164,71,501+,0.09,0.000237,2619,98,501+,0.07,0.014811,0.014394,0,0,0,,0.942,2024-25
2026-07-20,2026-07-27,13227,Pickens County,Georgia,GA,quiet,9.9e-05,2165,83,501+,0.09,0.000368,2204,77,501+,0.11,0.014794,0.023781,0,0,0,,,
2026-07-20,2026-07-27,22009,Avoyelles Parish,Louisiana,LA,quiet,9.9e-05,2166,32,501+,0.09,0.00046,1973,26,501+,0.13,0.014787,0.030616,0,0,0,,0.9515,2024-25
2026-07-20,2026-07-27,05061,Howard County,Arkansas,AR,quiet,9.9e-05,2167,39,501+,0.09,0.000318,2357,33,501+,0.09,0.014769,0.020118,0,0,0,,,
2026-07-20,2026-07-27,01113,Russell County,Alabama,AL,quiet,9.9e-05,2168,36,501+,0.09,0.000315,2364,43,501+,0.09,0.014756,0.019932,0,0,0,,0.9461,2024-25
2026-07-20,2026-07-27,17057,Fulton County,Illinois,IL,quiet,9.9e-05,2169,50,501+,0.09,0.000426,2034,46,501+,0.12,0.014735,0.028091,0,0,0,,0.975,2024-25
2026-07-20,2026-07-27,17121,Marion County,Illinois,IL,quiet,9.9e-05,2170,51,501+,0.09,0.000461,1970,44,501+,0.13,0.014698,0.030689,0,0,0,,0.974,2024-25
2026-07-20,2026-07-27,47035,Cumberland County,Tennessee,TN,quiet,9.8e-05,2171,57,501+,0.09,0.000576,1727,39,501+,0.17,0.014691,0.039421,0,0,0,,0.952,2024-25
2026-07-20,2026-07-27,12029,Dixie County,Florida,FL,quiet,9.8e-05,2172,57,501+,0.09,0.000669,1585,50,501+,0.19,0.014681,0.046583,0,0,0,,0.936,2024-25
2026-07-20,2026-07-27,37075,Graham County,North Carolina,NC,quiet,9.8e-05,2173,75,501+,0.09,0.000517,1855,72,501+,0.15,0.01468,0.034922,0,0,0,,0.93589744,2024-25
2026-07-20,2026-07-27,13181,Lincoln County,Georgia,GA,quiet,9.8e-05,2174,84,501+,0.09,0.000383,2163,73,501+,0.11,0.014646,0.024912,0,0,0,,,
2026-07-20,2026-07-27,41037,Lake County,Oregon,OR,quiet,9.8e-05,2175,31,501+,0.09,0.000532,1812,30,501+,0.15,0.014632,0.036113,0,0,0,,0.795,2024-25
2026-07-20,2026-07-27,17015,Carroll County,Illinois,IL,quiet,9.8e-05,2176,52,501+,0.09,0.000414,2073,49,501+,0.12,0.014583,0.027157,0,0,0,,0.961,2024-25
2026-07-20,2026-07-27,46075,Jones County,South Dakota,SD,quiet,9.8e-05,2177,53,501+,0.09,0.000374,2189,51,501+,0.11,0.014572,0.024195,0,0,0,,1.0,2024-25
2026-07-20,2026-07-27,21055,Crittenden County,Kentucky,KY,quiet,9.8e-05,2178,37,501+,0.09,0.000366,2211,44,501+,0.11,0.014562,0.023653,0,0,0,,0.929,2024-25
2026-07-20,2026-07-27,48323,Maverick County,Texas,TX,quiet,9.8e-05,2179,203,501+,0.09,0.001078,1194,115,501+,0.31,0.014546,0.078621,0,0,0,,0.939425,2024-25
2026-07-20,2026-07-27,55099,Price County,Wisconsin,WI,quiet,9.8e-05,2180,56,501+,0.09,0.000401,2109,57,501+,0.12,0.014543,0.026206,0,0,0,,0.5,2024-25
2026-07-20,2026-07-27,08009,Baca County,Colorado,CO,quiet,9.7e-05,2181,53,501+,0.09,0.000494,1898,45,501+,0.14,0.014513,0.033164,0,0,0,,0.907,2024-25
2026-07-20,2026-07-27,18021,Clay County,Indiana,IN,quiet,9.7e-05,2182,60,501+,0.09,0.000341,2279,60,501+,0.1,0.014512,0.021825,0,0,0,,0.9317,2024-25
2026-07-20,2026-07-27,17017,Cass County,Illinois,IL,quiet,9.7e-05,2183,53,501+,0.09,0.000349,2260,54,501+,0.1,0.01451,0.022358,0,0,0,,0.979,2024-25
2026-07-20,2026-07-27,45011,Barnwell County,South Carolina,SC,quiet,9.7e-05,2184,38,501+,0.09,0.000636,1630,37,501+,0.18,0.014488,0.044058,0,0,0,,0.946,2024-25
2026-07-20,2026-07-27,28095,Monroe County,Mississippi,MS,quiet,9.7e-05,2185,26,501+,0.09,0.000264,2521,43,501+,0.08,0.014487,0.016301,0,0,0,,0.9863,2024-25
2026-07-20,2026-07-27,05041,Desha County,Arkansas,AR,quiet,9.7e-05,2186,40,501+,0.09,0.000215,2688,57,501+,0.06,0.014483,0.012828,0,0,0,,,
2026-07-20,2026-07-27,37007,Anson County,North Carolina,NC,quiet,9.7e-05,2187,76,501+,0.09,0.00066,1595,65,501+,0.19,0.014482,0.045896,0,0,0,,0.95330739,2024-25
2026-07-20,2026-07-27,55077,Marquette County,Wisconsin,WI,quiet,9.7e-05,2188,57,501+,0.09,0.000447,1995,52,501+,0.13,0.014469,0.029673,0,0,0,,0.76,2024-25
2026-07-20,2026-07-27,22025,Catahoula Parish,Louisiana,LA,quiet,9.7e-05,2189,33,501+,0.09,0.00037,2199,33,501+,0.11,0.014449,0.023948,0,0,0,,0.9459,2024-25
2026-07-20,2026-07-27,47099,Lawrence County,Tennessee,TN,quiet,9.7e-05,2190,58,501+,0.09,0.000425,2035,52,501+,0.12,0.014428,0.027991,0,0,0,,0.914,2024-25
2026-07-20,2026-07-27,01005,Barbour County,Alabama,AL,quiet,9.7e-05,2191,37,501+,0.09,0.000286,2453,46,501+,0.08,0.014416,0.01784,0,0,0,,0.9833,2024-25
2026-07-20,2026-07-27,01131,Wilcox County,Alabama,AL,quiet,9.7e-05,2192,38,501+,0.09,0.000268,2511,51,501+,0.08,0.014402,0.01652,0,0,0,,0.8571,2024-25
2026-07-20,2026-07-27,29083,Henry County,Missouri,MO,quiet,9.7e-05,2193,72,501+,0.09,0.000341,2283,78,501+,0.1,0.014393,0.021805,0,0,0,,0.912,2024-25
2026-07-20,2026-07-27,37103,Jones County,North Carolina,NC,quiet,9.7e-05,2194,77,501+,0.09,0.000717,1519,60,501+,0.21,0.014393,0.050347,0,0,0,,0.95652174,2024-25
2026-07-20,2026-07-27,20063,Gove County,Kansas,KS,quiet,9.7e-05,2195,88,501+,0.09,0.000332,2312,86,501+,0.1,0.014392,0.021131,0,0,0,,0.8037,2024-25
2026-07-20,2026-07-27,28111,Perry County,Mississippi,MS,quiet,9.7e-05,2196,27,501+,0.09,0.00025,2569,48,501+,0.07,0.014365,0.015264,0,0,0,,0.9924,2024-25
2026-07-20,2026-07-27,12125,Union County,Florida,FL,quiet,9.6e-05,2197,58,501+,0.09,0.000532,1814,55,501+,0.15,0.014349,0.036062,0,0,0,,0.935,2024-25
2026-07-20,2026-07-27,26097,Mackinac County,Michigan,MI,quiet,9.6e-05,2198,62,501+,0.09,0.0004,2114,62,501+,0.12,0.014325,0.026162,0,0,0,,0.91666667,2024-25
2026-07-20,2026-07-27,46069,Hyde County,South Dakota,SD,quiet,9.6e-05,2199,54,501+,0.09,0.000288,2444,55,501+,0.08,0.014318,0.017984,0,0,0,,0.89,2024-25
2026-07-20,2026-07-27,13009,Baldwin County,Georgia,GA,quiet,9.6e-05,2200,85,501+,0.09,0.000286,2456,105,501+,0.08,0.014297,0.017798,0,0,0,,,
2026-07-20,2026-07-27,12047,Hamilton County,Florida,FL,quiet,9.6e-05,2201,59,501+,0.09,0.000369,2201,61,501+,0.11,0.014284,0.023848,0,0,0,,0.97,2024-25
2026-07-20,2026-07-27,19025,Calhoun County,Iowa,IA,quiet,9.6e-05,2202,54,501+,0.09,0.000447,1996,37,501+,0.13,0.01428,0.029651,0,0,0,,0.84883721,2024-25
2026-07-20,2026-07-27,48471,Walker County,Texas,TX,quiet,9.6e-05,2203,204,501+,0.09,0.000461,1969,201,501+,0.13,0.014262,0.030714,0,0,0,,0.9399,2024-25
2026-07-20,2026-07-27,19109,Kossuth County,Iowa,IA,quiet,9.6e-05,2204,55,501+,0.09,0.000388,2146,49,501+,0.11,0.014238,0.025283,0,0,0,,0.88068182,2024-25
2026-07-20,2026-07-27,48207,Haskell County,Texas,TX,quiet,9.6e-05,2205,205,501+,0.09,0.000477,1941,197,501+,0.14,0.014211,0.031915,0,0,0,,0.9375,2024-25
2026-07-20,2026-07-27,40091,McIntosh County,Oklahoma,OK,quiet,9.6e-05,2206,64,501+,0.09,0.000385,2157,67,501+,0.11,0.01421,0.025049,0,0,0,,0.9213,2024-25
2026-07-20,2026-07-27,21221,Trigg County,Kentucky,KY,quiet,9.5e-05,2207,38,501+,0.09,0.000499,1882,30,501+,0.14,0.014194,0.033556,0,0,0,,0.888,2024-25
2026-07-20,2026-07-27,22123,West Carroll Parish,Louisiana,LA,quiet,9.5e-05,2208,34,501+,0.09,0.000362,2226,35,501+,0.11,0.014187,0.023322,0,0,0,,0.7778,2024-25
2026-07-20,2026-07-27,28037,Franklin County,Mississippi,MS,quiet,9.5e-05,2209,28,501+,0.09,0.000452,1986,20,501+,0.13,0.014184,0.02999,0,0,0,,0.9691,2024-25
2026-07-20,2026-07-27,29117,Livingston County,Missouri,MO,quiet,9.5e-05,2210,73,501+,0.09,0.000313,2368,85,501+,0.09,0.014161,0.019798,0,0,0,,0.925,2024-25
2026-07-20,2026-07-27,47053,Gibson County,Tennessee,TN,quiet,9.5e-05,2211,59,501+,0.09,0.000483,1927,49,501+,0.14,0.01416,0.032387,0,0,0,,0.925,2024-25
2026-07-20,2026-07-27,28023,Clarke County,Mississippi,MS,quiet,9.5e-05,2212,29,501+,0.09,0.00045,1988,21,501+,0.13,0.014111,0.029906,0,0,0,,0.9834,2024-25
2026-07-20,2026-07-27,05009,Boone County,Arkansas,AR,quiet,9.5e-05,2213,41,501+,0.09,0.000297,2414,36,501+,0.09,0.014099,0.018636,0,0,0,,,
2026-07-20,2026-07-27,54057,Mineral County,West Virginia,WV,quiet,9.5e-05,2214,17,501+,0.09,0.000548,1785,14,501+,0.16,0.014096,0.037289,0,0,0,,,
2026-07-20,2026-07-27,08053,Hinsdale County,Colorado,CO,quiet,9.5e-05,2215,54,501+,0.09,0.000175,2831,59,501+,0.05,0.014073,0.010161,0,0,0,,0.8,2024-25
2026-07-20,2026-07-27,05095,Monroe County,Arkansas,AR,quiet,9.5e-05,2216,42,501+,0.09,0.000273,2491,42,501+,0.08,0.014062,0.016926,0,0,0,,,
2026-07-20,2026-07-27,20117,Marshall County,Kansas,KS,quiet,9.5e-05,2217,89,501+,0.09,0.000304,2396,90,501+,0.09,0.014057,0.019128,0,0,0,,0.8843,2024-25
2026-07-20,2026-07-27,05019,Clark County,Arkansas,AR,quiet,9.4e-05,2218,43,501+,0.09,0.000182,2808,67,501+,0.05,0.014014,0.010619,0,0,0,,,
2026-07-20,2026-07-27,31049,Deuel County,Nebraska,NE,quiet,9.4e-05,2219,60,501+,0.09,0.000349,2259,55,501+,0.1,0.013994,0.022365,0,0,0,,0.857142857,2024-25
2026-07-20,2026-07-27,13237,Putnam County,Georgia,GA,quiet,9.4e-05,2220,86,501+,0.09,0.000409,2086,67,501+,0.12,0.013978,0.026811,0,0,0,,,
2026-07-20,2026-07-27,17085,Jo Daviess County,Illinois,IL,quiet,9.4e-05,2221,54,501+,0.09,0.0003,2404,62,501+,0.09,0.013963,0.018852,0,0,0,,0.962,2024-25
2026-07-20,2026-07-27,46105,Perkins County,South Dakota,SD,quiet,9.4e-05,2222,55,501+,0.09,0.0003,2406,54,501+,0.09,0.013953,0.018825,0,0,0,,0.96,2024-25
2026-07-20,2026-07-27,18111,Newton County,Indiana,IN,quiet,9.4e-05,2223,61,501+,0.09,0.000239,2615,72,501+,0.07,0.013952,0.01449,0,0,0,,0.9247,2024-25
2026-07-20,2026-07-27,20141,Osborne County,Kansas,KS,quiet,9.4e-05,2224,90,501+,0.09,0.000392,2132,78,501+,0.11,0.013951,0.025581,0,0,0,,0.695,2024-25
2026-07-20,2026-07-27,05093,Mississippi County,Arkansas,AR,quiet,9.4e-05,2225,44,501+,0.08,0.000314,2367,34,501+,0.09,0.01392,0.019805,0,0,0,,,
2026-07-20,2026-07-27,02105,Hoonah-Angoon Census Area,Alaska,AK,quiet,9.4e-05,2226,22,501+,0.08,0.0003,2405,23,501+,0.09,0.013904,0.018839,0,0,0,,,
2026-07-20,2026-07-27,51141,Patrick County,Virginia,VA,quiet,9.4e-05,2227,83,501+,0.08,0.000267,2512,92,501+,0.08,0.013896,0.016501,0,0,0,,0.952,2024-25
2026-07-20,2026-07-27,02180,Nome Census Area,Alaska,AK,quiet,9.4e-05,2228,23,501+,0.08,0.000282,2463,24,501+,0.08,0.013887,0.017552,0,0,0,,,
2026-07-20,2026-07-27,37165,Scotland County,North Carolina,NC,quiet,9.4e-05,2229,78,501+,0.08,0.000417,2058,81,501+,0.12,0.013883,0.027414,0,0,0,,0.89318182,2024-25
2026-07-20,2026-07-27,17053,Ford County,Illinois,IL,quiet,9.4e-05,2230,55,501+,0.08,0.000404,2102,51,501+,0.12,0.013881,0.02643,0,0,0,,0.968,2024-25
2026-07-20,2026-07-27,55067,Langlade County,Wisconsin,WI,quiet,9.4e-05,2231,58,501+,0.08,0.000481,1930,51,501+,0.14,0.013877,0.032224,0,0,0,,0.86,2024-25
2026-07-20,2026-07-27,13253,Seminole County,Georgia,GA,quiet,9.3e-05,2232,87,501+,0.08,0.000244,2597,114,501+,0.07,0.013841,0.014884,0,0,0,,,
2026-07-20,2026-07-27,37079,Greene County,North Carolina,NC,quiet,9.3e-05,2233,79,501+,0.08,0.000236,2627,92,501+,0.07,0.013816,0.014268,0,0,0,,0.99502488,2024-25
2026-07-20,2026-07-27,47185,White County,Tennessee,TN,quiet,9.3e-05,2234,60,501+,0.08,0.000363,2221,57,501+,0.11,0.013763,0.023435,0,0,0,,0.89,2024-25
2026-07-20,2026-07-27,17165,Saline County,Illinois,IL,quiet,9.3e-05,2235,56,501+,0.08,0.000294,2424,63,501+,0.09,0.013738,0.018405,0,0,0,,0.97,2024-25
2026-07-20,2026-07-27,36031,Essex County,New York,NY,quiet,9.3e-05,2236,57,501+,0.08,0.000256,2550,58,501+,0.07,0.013733,0.015672,0,0,0,,0.994341091,2024-25
2026-07-20,2026-07-27,35037,Quay County,New Mexico,NM,quiet,9.3e-05,2237,29,501+,0.08,0.000272,2496,29,501+,0.08,0.013719,0.016863,0,0,0,,0.9362,2024-25
2026-07-20,2026-07-27,27065,Kanabec County,Minnesota,MN,quiet,9.3e-05,2238,77,501+,0.08,0.000253,2558,83,501+,0.07,0.013714,0.015521,0,0,0,,0.853,2024-25
2026-07-20,2026-07-27,37153,Richmond County,North Carolina,NC,quiet,9.2e-05,2239,80,501+,0.08,0.00036,2234,84,501+,0.1,0.013702,0.023154,0,0,0,,0.97429306,2024-25
2026-07-20,2026-07-27,48161,Freestone County,Texas,TX,quiet,9.2e-05,2240,206,501+,0.08,0.000402,2107,211,501+,0.12,0.013693,0.026258,0,0,0,,0.946429,2024-25
2026-07-20,2026-07-27,53031,Jefferson County,Washington,WA,quiet,9.2e-05,2241,37,501+,0.08,0.00033,2320,36,501+,0.1,0.013682,0.021015,0,0,0,,0.819,2024-25
2026-07-20,2026-07-27,22117,Washington Parish,Louisiana,LA,quiet,9.2e-05,2242,35,501+,0.08,0.0004,2112,29,501+,0.12,0.013677,0.026175,0,0,0,,0.9402,2024-25
2026-07-20,2026-07-27,41025,Harney County,Oregon,OR,quiet,9.2e-05,2243,32,501+,0.08,0.000588,1706,28,501+,0.17,0.013661,0.040387,0,0,0,,0.899,2024-25
2026-07-20,2026-07-27,19097,Jackson County,Iowa,IA,quiet,9.2e-05,2244,56,501+,0.08,0.00026,2537,75,501+,0.08,0.013658,0.015966,0,0,0,,0.87804878,2024-25
2026-07-20,2026-07-27,13303,Washington County,Georgia,GA,quiet,9.2e-05,2245,88,501+,0.08,0.000262,2530,106,501+,0.08,0.013651,0.016115,0,0,0,,,
2026-07-20,2026-07-27,28051,Holmes County,Mississippi,MS,quiet,9.2e-05,2246,30,501+,0.08,0.000181,2812,61,501+,0.05,0.013648,0.010531,0,0,0,,0.9771,2024-25
2026-07-20,2026-07-27,22107,Tensas Parish,Louisiana,LA,quiet,9.2e-05,2247,36,501+,0.08,0.000368,2207,34,501+,0.11,0.013645,0.02376,0,0,0,,0.8636,2024-25
2026-07-20,2026-07-27,20105,Lincoln County,Kansas,KS,quiet,9.2e-05,2248,91,501+,0.08,0.000422,2044,75,501+,0.12,0.013637,0.027747,0,0,0,,0.7057,2024-25
2026-07-20,2026-07-27,21007,Ballard County,Kentucky,KY,quiet,9.2e-05,2249,39,501+,0.08,0.000367,2208,43,501+,0.11,0.013627,0.023733,0,0,0,,0.901,2024-25
2026-07-20,2026-07-27,40067,Jefferson County,Oklahoma,OK,quiet,9.2e-05,2250,65,501+,0.08,0.000585,1710,41,501+,0.17,0.01362,0.040103,0,0,0,,0.8462,2024-25
2026-07-20,2026-07-27,48481,Wharton County,Texas,TX,quiet,9.2e-05,2251,207,501+,0.08,0.000507,1869,190,501+,0.15,0.013593,0.034184,0,0,0,,0.984293,2024-25
2026-07-20,2026-07-27,22095,St. John the Baptist Parish,Louisiana,LA,quiet,9.2e-05,2252,37,501+,0.08,0.000487,1916,24,501+,0.14,0.013578,0.03269,0,0,0,,0.9369,2024-25
2026-07-20,2026-07-27,31085,Hayes County,Nebraska,NE,quiet,9.2e-05,2253,61,501+,0.08,0.000338,2292,56,501+,0.1,0.01355,0.021614,0,0,0,,0.375,2024-25
2026-07-20,2026-07-27,13095,Dougherty County,Georgia,GA,quiet,9.2e-05,2254,89,501+,0.08,0.00025,2567,110,501+,0.07,0.013545,0.015276,0,0,0,,,
2026-07-20,2026-07-27,51195,Wise County,Virginia,VA,quiet,9.1e-05,2255,84,501+,0.08,0.000234,2631,97,501+,0.07,0.013524,0.014138,0,0,0,,0.932,2024-25
2026-07-20,2026-07-27,21083,Graves County,Kentucky,KY,quiet,9.1e-05,2256,40,501+,0.08,0.000371,2197,41,501+,0.11,0.013507,0.023974,0,0,0,,0.914,2024-25
2026-07-20,2026-07-27,48273,Kleberg County,Texas,TX,quiet,9.1e-05,2257,208,501+,0.08,0.000464,1961,199,501+,0.13,0.013506,0.030889,0,0,0,,0.961538,2024-25
2026-07-20,2026-07-27,39047,Fayette County,Ohio,OH,quiet,9.1e-05,2258,68,501+,0.08,0.000459,1975,69,501+,0.13,0.013492,0.030586,0,0,0,,0.934,2024-25
2026-07-20,2026-07-27,17117,Macoupin County,Illinois,IL,quiet,9.1e-05,2259,57,501+,0.08,0.000332,2311,56,501+,0.1,0.013457,0.021158,0,0,0,,0.979,2024-25
2026-07-20,2026-07-27,48177,Gonzales County,Texas,TX,quiet,9.1e-05,2260,209,501+,0.08,0.00058,1718,174,501+,0.17,0.013456,0.039735,0,0,0,,0.975207,2024-25
2026-07-20,2026-07-27,46009,Bon Homme County,South Dakota,SD,quiet,9.1e-05,2261,56,501+,0.08,0.000373,2192,52,501+,0.11,0.013442,0.024164,0,0,0,,0.86,2024-25
2026-07-20,2026-07-27,36003,Allegany County,New York,NY,quiet,9.1e-05,2262,58,501+,0.08,0.000401,2111,54,501+,0.12,0.013437,0.026184,0,0,0,,0.995199499,2024-25
2026-07-20,2026-07-27,19003,Adams County,Iowa,IA,quiet,9.1e-05,2263,57,501+,0.08,0.000441,2005,38,501+,0.13,0.013411,0.029217,0,0,0,,0.83333333,2024-25
2026-07-20,2026-07-27,45089,Williamsburg County,South Carolina,SC,quiet,9.1e-05,2264,39,501+,0.08,0.000374,2190,41,501+,0.11,0.013406,0.02419,0,0,0,,0.974,2024-25
2026-07-20,2026-07-27,27129,Renville County,Minnesota,MN,quiet,9.1e-05,2265,78,501+,0.08,0.000363,2223,76,501+,0.11,0.013393,0.023418,0,0,0,,0.923,2024-25
2026-07-20,2026-07-27,01061,Geneva County,Alabama,AL,quiet,9e-05,2266,39,501+,0.08,0.00036,2235,40,501+,0.1,0.013377,0.023152,0,0,0,,0.9817,2024-25
2026-07-20,2026-07-27,20205,Wilson County,Kansas,KS,quiet,9e-05,2267,92,501+,0.08,0.000268,2510,92,501+,0.08,0.013342,0.016541,0,0,0,,0.9221,2024-25
2026-07-20,2026-07-27,31181,Webster County,Nebraska,NE,quiet,9e-05,2268,62,501+,0.08,0.000327,2328,60,501+,0.1,0.013334,0.020811,0,0,0,,1.0,2024-25
2026-07-20,2026-07-27,29119,McDonald County,Missouri,MO,quiet,9e-05,2269,74,501+,0.08,0.00033,2319,80,501+,0.1,0.013327,0.021029,0,0,0,,0.91,2024-25
2026-07-20,2026-07-27,13079,Crawford County,Georgia,GA,quiet,9e-05,2270,90,501+,0.08,0.00034,2285,90,501+,0.1,0.013311,0.021762,0,0,0,,,
2026-07-20,2026-07-27,05123,St. Francis County,Arkansas,AR,quiet,9e-05,2271,45,501+,0.08,0.000253,2559,48,501+,0.07,0.013293,0.015479,0,0,0,,,
2026-07-20,2026-07-27,51127,New Kent County,Virginia,VA,quiet,9e-05,2272,85,501+,0.08,0.000306,2394,85,501+,0.09,0.013265,0.019264,0,0,0,,0.922,2024-25
2026-07-20,2026-07-27,05013,Calhoun County,Arkansas,AR,quiet,9e-05,2273,46,501+,0.08,0.000236,2626,51,501+,0.07,0.013264,0.014284,0,0,0,,,
2026-07-20,2026-07-27,28041,Greene County,Mississippi,MS,quiet,9e-05,2274,31,501+,0.08,0.000297,2415,40,501+,0.09,0.013242,0.018617,0,0,0,,0.9853,2024-25
2026-07-20,2026-07-27,48105,Crockett County,Texas,TX,quiet,9e-05,2275,210,501+,0.08,0.000583,1714,173,501+,0.17,0.013221,0.039992,0,0,0,,1.0,2024-25
2026-07-20,2026-07-27,22067,Morehouse Parish,Louisiana,LA,quiet,8.9e-05,2276,38,501+,0.08,0.000146,2933,60,501+,0.04,0.013198,0.008232,0,0,0,,0.9859,2024-25
2026-07-20,2026-07-27,47131,Obion County,Tennessee,TN,quiet,8.9e-05,2277,61,501+,0.08,0.000425,2036,53,501+,0.12,0.013167,0.027982,0,0,0,,0.954,2024-25
2026-07-20,2026-07-27,18013,Brown County,Indiana,IN,quiet,8.9e-05,2278,62,501+,0.08,0.000286,2452,66,501+,0.08,0.013164,0.017865,0,0,0,,0.913,2024-25
2026-07-20,2026-07-27,21017,Bourbon County,Kentucky,KY,quiet,8.9e-05,2279,41,501+,0.08,0.000623,1645,25,501+,0.18,0.013142,0.043063,0,0,0,,0.90295359,2024-25
2026-07-20,2026-07-27,47075,Haywood County,Tennessee,TN,quiet,8.9e-05,2280,62,501+,0.08,0.000562,1758,41,501+,0.16,0.013138,0.038398,0,0,0,,0.955,2024-25
2026-07-20,2026-07-27,51103,Lancaster County,Virginia,VA,quiet,8.9e-05,2281,86,501+,0.08,0.000318,2353,81,501+,0.09,0.013121,0.020158,0,0,0,,0.903,2024-25
2026-07-20,2026-07-27,21103,Henry County,Kentucky,KY,quiet,8.9e-05,2282,42,501+,0.08,0.000344,2273,46,501+,0.1,0.013083,0.022043,0,0,0,,0.955,2024-25
2026-07-20,2026-07-27,12079,Madison County,Florida,FL,quiet,8.9e-05,2283,60,501+,0.08,0.000592,1697,52,501+,0.17,0.013082,0.040655,0,0,0,,0.93,2024-25
2026-07-20,2026-07-27,24023,Garrett County,Maryland,MD,quiet,8.9e-05,2284,24,501+,0.08,0.000227,2661,24,501+,0.07,0.01307,0.013706,0,0,0,,0.9465,2024-25
2026-07-20,2026-07-27,01105,Perry County,Alabama,AL,quiet,8.9e-05,2285,40,501+,0.08,0.000134,2967,65,501+,0.04,0.013058,0.007424,0,0,0,,0.9512,2024-25
2026-07-20,2026-07-27,05001,Arkansas County,Arkansas,AR,quiet,8.8e-05,2286,47,501+,0.08,0.000266,2515,45,501+,0.08,0.013045,0.016378,0,0,0,,,
2026-07-20,2026-07-27,31173,Thurston County,Nebraska,NE,quiet,8.8e-05,2287,63,501+,0.08,0.000353,2251,54,501+,0.1,0.013032,0.022696,0,0,0,,0.903225806,2024-25
2026-07-20,2026-07-27,40075,Kiowa County,Oklahoma,OK,quiet,8.8e-05,2288,66,501+,0.08,0.000396,2124,66,501+,0.12,0.01302,0.02587,0,0,0,,0.9277,2024-25
2026-07-20,2026-07-27,51125,Nelson County,Virginia,VA,quiet,8.8e-05,2289,87,501+,0.08,0.000335,2303,75,501+,0.1,0.012975,0.021379,0,0,0,,0.854,2024-25
2026-07-20,2026-07-27,17183,Vermilion County,Illinois,IL,quiet,8.8e-05,2290,58,501+,0.08,0.000619,1653,35,501+,0.18,0.012961,0.042723,0,0,0,,0.957,2024-25
2026-07-20,2026-07-27,08115,Sedgwick County,Colorado,CO,quiet,8.8e-05,2291,55,501+,0.08,0.000462,1967,46,501+,0.13,0.012956,0.030756,0,0,0,,0.75,2024-25
2026-07-20,2026-07-27,13319,Wilkinson County,Georgia,GA,quiet,8.8e-05,2292,91,501+,0.08,0.000319,2352,97,501+,0.09,0.012954,0.02022,0,0,0,,,
2026-07-20,2026-07-27,13011,Banks County,Georgia,GA,quiet,8.8e-05,2293,92,501+,0.08,0.000392,2131,70,501+,0.11,0.012945,0.025581,0,0,0,,,
2026-07-20,2026-07-27,19005,Allamakee County,Iowa,IA,quiet,8.8e-05,2294,58,501+,0.08,0.000573,1734,27,501+,0.17,0.012942,0.039213,0,0,0,,0.88780488,2024-25
2026-07-20,2026-07-27,48249,Jim Wells County,Texas,TX,quiet,8.8e-05,2295,211,501+,0.08,0.000649,1608,159,501+,0.19,0.012926,0.045078,0,0,0,,0.968553,2024-25
2026-07-20,2026-07-27,13105,Elbert County,Georgia,GA,quiet,8.8e-05,2296,93,501+,0.08,0.000405,2098,68,501+,0.12,0.012914,0.026486,0,0,0,,,
2026-07-20,2026-07-27,17181,Union County,Illinois,IL,quiet,8.8e-05,2297,59,501+,0.08,0.00044,2008,45,501+,0.13,0.012901,0.029134,0,0,0,,0.97,2024-25
2026-07-20,2026-07-27,13197,Marion County,Georgia,GA,quiet,8.7e-05,2298,94,501+,0.08,0.000364,2218,81,501+,0.11,0.01289,0.023507,0,0,0,,,
2026-07-20,2026-07-27,01127,Walker County,Alabama,AL,quiet,8.7e-05,2299,41,501+,0.08,0.000599,1685,27,501+,0.17,0.01286,0.041179,0,0,0,,0.9651,2024-25
2026-07-20,2026-07-27,17051,Fayette County,Illinois,IL,quiet,8.7e-05,2300,60,501+,0.08,0.000265,2519,67,501+,0.08,0.012856,0.016339,0,0,0,,0.961,2024-25
2026-07-20,2026-07-27,29175,Randolph County,Missouri,MO,quiet,8.7e-05,2301,75,501+,0.08,0.000494,1896,60,501+,0.14,0.01284,0.033186,0,0,0,,0.947,2024-25
2026-07-20,2026-07-27,21215,Spencer County,Kentucky,KY,quiet,8.7e-05,2302,43,501+,0.08,0.000214,2696,61,501+,0.06,0.012836,0.012755,0,0,0,,0.94017094,2024-25
2026-07-20,2026-07-27,13251,Screven County,Georgia,GA,quiet,8.7e-05,2303,95,501+,0.08,0.000339,2291,91,501+,0.1,0.012832,0.021663,0,0,0,,,
2026-07-20,2026-07-27,51163,Rockbridge County,Virginia,VA,quiet,8.7e-05,2304,88,501+,0.08,0.000308,2385,83,501+,0.09,0.012822,0.019422,0,0,0,,0.919,2024-25
2026-07-20,2026-07-27,50013,Grand Isle County,Vermont,VT,quiet,8.7e-05,2305,11,501+,0.08,0.000288,2446,12,501+,0.08,0.012819,0.017956,0,0,0,,,
2026-07-20,2026-07-27,51570,Colonial Heights City,Virginia,VA,quiet,8.7e-05,2306,89,501+,0.08,0.000243,2601,95,501+,0.07,0.012815,0.014809,0,0,0,,0.938,2024-25
2026-07-20,2026-07-27,26135,Oscoda County,Michigan,MI,quiet,8.7e-05,2307,63,501+,0.08,0.000603,1677,57,501+,0.18,0.0128,0.041538,0,0,0,,0.7761194,2024-25
2026-07-20,2026-07-27,48457,Tyler County,Texas,TX,quiet,8.7e-05,2308,212,501+,0.08,0.000432,2022,204,501+,0.13,0.012779,0.028503,0,0,0,,0.90566,2024-25
2026-07-20,2026-07-27,18115,Ohio County,Indiana,IN,quiet,8.7e-05,2309,63,501+,0.08,0.000365,2216,59,501+,0.11,0.012778,0.023556,0,0,0,,0.8529,2024-25
2026-07-20,2026-07-27,05083,Logan County,Arkansas,AR,quiet,8.7e-05,2310,48,501+,0.08,0.000657,1597,17,501+,0.19,0.012775,0.045721,0,0,0,,,
2026-07-20,2026-07-27,38043,Kidder County,North Dakota,ND,quiet,8.7e-05,2311,31,501+,0.08,0.000492,1904,31,501+,0.14,0.012742,0.033009,0,0,0,,0.88,2024-25
2026-07-20,2026-07-27,48255,Karnes County,Texas,TX,quiet,8.7e-05,2312,213,501+,0.08,0.00032,2349,224,501+,0.09,0.012734,0.020268,0,0,0,,0.981366,2024-25
2026-07-20,2026-07-27,26013,Baraga County,Michigan,MI,quiet,8.6e-05,2313,64,501+,0.08,0.00041,2083,60,501+,0.12,0.012724,0.026859,0,0,0,,0.87058824,2024-25
2026-07-20,2026-07-27,47127,Moore County,Tennessee,TN,quiet,8.6e-05,2314,63,501+,0.08,0.00017,2852,83,501+,0.05,0.01272,0.009821,0,0,0,,0.917,2024-25
2026-07-20,2026-07-27,19177,Van Buren County,Iowa,IA,quiet,8.6e-05,2315,59,501+,0.08,0.000473,1949,35,501+,0.14,0.012704,0.03159,0,0,0,,0.90163934,2024-25
2026-07-20,2026-07-27,01133,Winston County,Alabama,AL,quiet,8.6e-05,2316,42,501+,0.08,0.000577,1724,28,501+,0.17,0.0127,0.039513,0,0,0,,0.9231,2024-25
2026-07-20,2026-07-27,21041,Carroll County,Kentucky,KY,quiet,8.6e-05,2317,44,501+,0.08,0.000404,2100,37,501+,0.12,0.012694,0.026444,0,0,0,,0.964,2024-25
2026-07-20,2026-07-27,29125,Maries County,Missouri,MO,quiet,8.6e-05,2318,76,501+,0.08,0.000358,2237,76,501+,0.1,0.01268,0.023062,0,0,0,,0.899,2024-25
2026-07-20,2026-07-27,28159,Winston County,Mississippi,MS,quiet,8.6e-05,2319,32,501+,0.08,0.00042,2052,23,501+,0.12,0.012673,0.027597,0,0,0,,0.9643,2024-25
2026-07-20,2026-07-27,51145,Powhatan County,Virginia,VA,quiet,8.6e-05,2320,90,501+,0.08,0.000238,2617,96,501+,0.07,0.012662,0.014476,0,0,0,,0.89,2024-25
2026-07-20,2026-07-27,46121,Todd County,South Dakota,SD,quiet,8.6e-05,2321,57,501+,0.08,0.000287,2451,56,501+,0.08,0.012658,0.017882,0,0,0,,0.86,2024-25
2026-07-20,2026-07-27,19047,Crawford County,Iowa,IA,quiet,8.6e-05,2322,60,501+,0.08,0.000418,2055,43,501+,0.12,0.012643,0.027486,0,0,0,,0.94468085,2024-25
2026-07-20,2026-07-27,12027,DeSoto County,Florida,FL,quiet,8.6e-05,2323,61,501+,0.08,0.000361,2230,62,501+,0.1,0.012635,0.023266,0,0,0,,0.911,2024-25
2026-07-20,2026-07-27,55137,Waushara County,Wisconsin,WI,quiet,8.6e-05,2324,59,501+,0.08,0.000443,2002,53,501+,0.13,0.012631,0.029355,0,0,0,,0.8,2024-25
2026-07-20,2026-07-27,05147,Woodruff County,Arkansas,AR,quiet,8.6e-05,2325,49,501+,0.08,0.000379,2172,29,501+,0.11,0.01261,0.024557,0,0,0,,,
2026-07-20,2026-07-27,17021,Christian County,Illinois,IL,quiet,8.6e-05,2326,61,501+,0.08,0.000309,2384,59,501+,0.09,0.012589,0.019445,0,0,0,,0.947,2024-25
2026-07-20,2026-07-27,38079,Rolette County,North Dakota,ND,quiet,8.6e-05,2327,32,501+,0.08,0.000425,2037,33,501+,0.12,0.012584,0.027977,0,0,0,,0.9824,2024-25
2026-07-20,2026-07-27,18033,DeKalb County,Indiana,IN,quiet,8.6e-05,2328,64,501+,0.08,0.000552,1775,43,501+,0.16,0.012583,0.037632,0,0,0,,0.9181,2024-25
2026-07-20,2026-07-27,19141,O'Brien County,Iowa,IA,quiet,8.5e-05,2329,61,501+,0.08,0.000385,2156,50,501+,0.11,0.01256,0.025062,0,0,0,,0.87443946,2024-25
2026-07-20,2026-07-27,01075,Lamar County,Alabama,AL,quiet,8.5e-05,2330,43,501+,0.08,0.000211,2711,60,501+,0.06,0.012527,0.012557,0,0,0,,0.9636,2024-25
2026-07-20,2026-07-27,48297,Live Oak County,Texas,TX,quiet,8.5e-05,2331,214,501+,0.08,0.000258,2541,234,501+,0.07,0.012523,0.015837,0,0,0,,0.984962,2024-25
2026-07-20,2026-07-27,02050,Bethel Census Area,Alaska,AK,quiet,8.5e-05,2332,24,501+,0.08,0.000445,1998,20,501+,0.13,0.012503,0.029479,0,0,0,,,
2026-07-20,2026-07-27,28057,Itawamba County,Mississippi,MS,quiet,8.5e-05,2333,33,501+,0.08,0.000306,2392,38,501+,0.09,0.012503,0.019286,0,0,0,,0.9638,2024-25
2026-07-20,2026-07-27,19073,Greene County,Iowa,IA,quiet,8.5e-05,2334,62,501+,0.08,0.000486,1921,34,501+,0.14,0.012479,0.032563,0,0,0,,0.83,2024-25
2026-07-20,2026-07-27,01039,Covington County,Alabama,AL,quiet,8.5e-05,2335,44,501+,0.08,0.000689,1557,26,501+,0.2,0.012478,0.048135,0,0,0,,0.9626,2024-25
2026-07-20,2026-07-27,20143,Ottawa County,Kansas,KS,quiet,8.5e-05,2336,93,501+,0.08,0.00024,2610,98,501+,0.07,0.012459,0.014597,0,0,0,,0.9183,2024-25
2026-07-20,2026-07-27,19135,Monroe County,Iowa,IA,quiet,8.5e-05,2337,63,501+,0.08,0.000369,2202,55,501+,0.11,0.012456,0.023839,0,0,0,,0.87209302,2024-25
2026-07-20,2026-07-27,48405,San Augustine County,Texas,TX,quiet,8.5e-05,2338,215,501+,0.08,0.000334,2309,222,501+,0.1,0.012438,0.021263,0,0,0,,0.898551,2024-25
2026-07-20,2026-07-27,31133,Pawnee County,Nebraska,NE,quiet,8.5e-05,2339,64,501+,0.08,0.000543,1790,32,501+,0.16,0.012423,0.036945,0,0,0,,0.956521739,2024-25
2026-07-20,2026-07-27,18117,Orange County,Indiana,IN,quiet,8.5e-05,2340,65,501+,0.08,0.000188,2785,78,501+,0.05,0.012413,0.011028,0,0,0,,0.9135,2024-25
2026-07-20,2026-07-27,13017,Ben Hill County,Georgia,GA,quiet,8.5e-05,2341,96,501+,0.08,0.000155,2901,151,501+,0.04,0.012408,0.008781,0,0,0,,,
2026-07-20,2026-07-27,13175,Laurens County,Georgia,GA,quiet,8.5e-05,2342,97,501+,0.08,0.000252,2561,109,501+,0.07,0.012404,0.015425,0,0,0,,,
2026-07-20,2026-07-27,38049,McHenry County,North Dakota,ND,quiet,8.4e-05,2343,33,501+,0.08,0.000368,2205,38,501+,0.11,0.012386,0.023771,0,0,0,,0.7619,2024-25
2026-07-20,2026-07-27,29167,Polk County,Missouri,MO,quiet,8.4e-05,2344,77,501+,0.08,0.000689,1554,46,501+,0.2,0.012383,0.048191,0,0,0,,0.873,2024-25
2026-07-20,2026-07-27,01029,Cleburne County,Alabama,AL,quiet,8.4e-05,2345,45,501+,0.08,0.000487,1915,30,501+,0.14,0.012374,0.032699,0,0,0,,0.9144,2024-25
2026-07-20,2026-07-27,37017,Bladen County,North Carolina,NC,quiet,8.4e-05,2346,81,501+,0.08,0.000402,2105,82,501+,0.12,0.012373,0.026282,0,0,0,,0.96694215,2024-25
2026-07-20,2026-07-27,13205,Mitchell County,Georgia,GA,quiet,8.4e-05,2347,98,501+,0.08,0.000231,2647,119,501+,0.07,0.012372,0.013954,0,0,0,,,
2026-07-20,2026-07-27,21099,Hart County,Kentucky,KY,quiet,8.4e-05,2348,45,501+,0.08,0.00019,2779,66,501+,0.06,0.012365,0.011157,0,0,0,,0.863,2024-25
2026-07-20,2026-07-27,19019,Buchanan County,Iowa,IA,quiet,8.4e-05,2349,64,501+,0.08,0.000217,2681,86,501+,0.06,0.01235,0.012958,0,0,0,,0.82592593,2024-25
2026-07-20,2026-07-27,17169,Schuyler County,Illinois,IL,quiet,8.4e-05,2350,62,501+,0.08,0.000233,2634,73,501+,0.07,0.012335,0.014084,0,0,0,,0.987,2024-25
2026-07-20,2026-07-27,27159,Wadena County,Minnesota,MN,quiet,8.4e-05,2351,79,501+,0.08,0.000369,2203,74,501+,0.11,0.012332,0.023816,0,0,0,,0.67,2024-25
2026-07-20,2026-07-27,28161,Yalobusha County,Mississippi,MS,quiet,8.4e-05,2352,34,501+,0.08,0.000384,2160,27,501+,0.11,0.012331,0.024951,0,0,0,,0.963,2024-25
2026-07-20,2026-07-27,20033,Comanche County,Kansas,KS,quiet,8.4e-05,2353,94,501+,0.08,0.000263,2525,93,501+,0.08,0.012301,0.016195,0,0,0,,0.9444,2024-25
2026-07-20,2026-07-27,46089,McPherson County,South Dakota,SD,quiet,8.4e-05,2354,58,501+,0.08,0.000414,2068,47,501+,0.12,0.012293,0.027212,0,0,0,,0.86,2024-25
2026-07-20,2026-07-27,19197,Wright County,Iowa,IA,quiet,8.4e-05,2355,65,501+,0.08,0.000246,2587,79,501+,0.07,0.012276,0.015005,0,0,0,,0.94117647,2024-25
2026-07-20,2026-07-27,37143,Perquimans County,North Carolina,NC,quiet,8.4e-05,2356,82,501+,0.08,0.000338,2293,86,501+,0.1,0.012268,0.021572,0,0,0,,0.91304348,2024-25
2026-07-20,2026-07-27,13269,Taylor County,Georgia,GA,quiet,8.4e-05,2357,99,501+,0.08,0.000214,2697,124,501+,0.06,0.012264,0.012754,0,0,0,,,
2026-07-20,2026-07-27,37011,Avery County,North Carolina,NC,quiet,8.4e-05,2358,83,501+,0.08,0.000297,2417,88,501+,0.09,0.012253,0.018581,0,0,0,,0.8951049,2024-25
2026-07-20,2026-07-27,05137,Stone County,Arkansas,AR,quiet,8.3e-05,2359,50,501+,0.08,0.000205,2729,61,501+,0.06,0.012238,0.012161,0,0,0,,,
2026-07-20,2026-07-27,05025,Cleveland County,Arkansas,AR,quiet,8.3e-05,2360,51,501+,0.08,0.00057,1740,22,501+,0.17,0.012208,0.03902,0,0,0,,,
2026-07-20,2026-07-27,48075,Childress County,Texas,TX,quiet,8.3e-05,2361,216,501+,0.08,0.000964,1288,126,501+,0.28,0.012204,0.069656,0,0,0,,0.84127,2024-25
2026-07-20,2026-07-27,05087,Madison County,Arkansas,AR,quiet,8.3e-05,2362,52,501+,0.08,0.000271,2502,44,501+,0.08,0.012179,0.016752,0,0,0,,,
2026-07-20,2026-07-27,31129,Nuckolls County,Nebraska,NE,quiet,8.3e-05,2363,65,501+,0.08,0.000292,2429,68,501+,0.08,0.012159,0.01825,0,0,0,,0.917647059,2024-25
2026-07-20,2026-07-27,54041,Lewis County,West Virginia,WV,quiet,8.3e-05,2364,18,501+,0.08,0.000239,2612,21,501+,0.07,0.012155,0.014531,0,0,0,,,
2026-07-20,2026-07-27,37117,Martin County,North Carolina,NC,quiet,8.3e-05,2365,84,501+,0.08,0.000255,2554,89,501+,0.07,0.012144,0.015626,0,0,0,,0.97607656,2024-25
2026-07-20,2026-07-27,37033,Caswell County,North Carolina,NC,quiet,8.3e-05,2366,85,501+,0.08,0.000516,1857,74,501+,0.15,0.012137,0.03488,0,0,0,,0.95266272,2024-25
2026-07-20,2026-07-27,39011,Auglaize County,Ohio,OH,quiet,8.3e-05,2367,69,501+,0.08,0.000621,1648,64,501+,0.18,0.012132,0.042909,0,0,0,,0.835,2024-25
2026-07-20,2026-07-27,40001,Adair County,Oklahoma,OK,quiet,8.3e-05,2368,67,501+,0.07,0.000245,2595,74,501+,0.07,0.012125,0.01492,0,0,0,,0.8638,2024-25
2026-07-20,2026-07-27,29001,Adair County,Missouri,MO,quiet,8.3e-05,2369,78,501+,0.07,0.000329,2324,82,501+,0.1,0.012115,0.020895,0,0,0,,0.944,2024-25
2026-07-20,2026-07-27,39161,Van Wert County,Ohio,OH,quiet,8.3e-05,2370,70,501+,0.07,0.000293,2427,80,501+,0.09,0.012114,0.018359,0,0,0,,0.786,2024-25
2026-07-20,2026-07-27,48005,Angelina County,Texas,TX,quiet,8.3e-05,2371,217,501+,0.07,0.00056,1762,179,501+,0.16,0.012111,0.038256,0,0,0,,0.938662,2024-25
2026-07-20,2026-07-27,02070,Dillingham Census Area,Alaska,AK,quiet,8.3e-05,2372,25,501+,0.07,0.000265,2516,26,501+,0.08,0.012103,0.016369,0,0,0,,,
2026-07-20,2026-07-27,27073,Lac qui Parle County,Minnesota,MN,quiet,8.2e-05,2373,80,501+,0.07,0.000681,1568,55,501+,0.2,0.012071,0.047551,0,0,0,,0.84,2024-25
2026-07-20,2026-07-27,48241,Jasper County,Texas,TX,quiet,8.2e-05,2374,218,501+,0.07,0.000198,2753,238,501+,0.06,0.012052,0.011699,0,0,0,,0.905914,2024-25
2026-07-20,2026-07-27,12007,Bradford County,Florida,FL,quiet,8.2e-05,2375,62,501+,0.07,0.000398,2118,59,501+,0.12,0.012041,0.02601,0,0,0,,0.949,2024-25
2026-07-20,2026-07-27,55057,Juneau County,Wisconsin,WI,quiet,8.2e-05,2376,60,501+,0.07,0.000296,2421,63,501+,0.09,0.012034,0.01853,0,0,0,,0.72,2024-25
2026-07-20,2026-07-27,37185,Warren County,North Carolina,NC,quiet,8.2e-05,2377,86,501+,0.07,0.000212,2706,95,501+,0.06,0.012016,0.01263,0,0,0,,0.98701299,2024-25
2026-07-20,2026-07-27,31179,Wayne County,Nebraska,NE,quiet,8.2e-05,2378,66,501+,0.07,0.000259,2540,72,501+,0.08,0.011997,0.015904,0,0,0,,0.962264151,2024-25
2026-07-20,2026-07-27,05135,Sharp County,Arkansas,AR,quiet,8.2e-05,2379,53,501+,0.07,0.000233,2635,53,501+,0.07,0.011993,0.014061,0,0,0,,,
2026-07-20,2026-07-27,23013,Knox County,Maine,ME,quiet,8.2e-05,2380,15,501+,0.07,0.000704,1538,12,501+,0.2,0.011986,0.049358,0,0,0,,0.9527,2024-25
2026-07-20,2026-07-27,30075,Powder River County,Montana,MT,quiet,8.2e-05,2381,42,501+,0.07,0.000376,2179,42,501+,0.11,0.011983,0.024375,0,0,0,,,
2026-07-20,2026-07-27,37013,Beaufort County,North Carolina,NC,quiet,8.2e-05,2382,87,501+,0.07,0.000561,1761,69,501+,0.16,0.011981,0.038275,0,0,0,,0.95343681,2024-25
2026-07-20,2026-07-27,40151,Woods County,Oklahoma,OK,quiet,8.2e-05,2383,68,501+,0.07,0.000401,2110,65,501+,0.12,0.01195,0.026185,0,0,0,,0.8505,2024-25
2026-07-20,2026-07-27,21075,Fulton County,Kentucky,KY,quiet,8.2e-05,2384,46,501+,0.07,0.000199,2749,65,501+,0.06,0.011933,0.011753,0,0,0,,0.984,2024-25
2026-07-20,2026-07-27,48125,Dickens County,Texas,TX,quiet,8.1e-05,2385,219,501+,0.07,0.000388,2149,216,501+,0.11,0.011907,0.025223,0,0,0,,0.888889,2024-25
2026-07-20,2026-07-27,40049,Garvin County,Oklahoma,OK,quiet,8.1e-05,2386,69,501+,0.07,0.000536,1804,49,501+,0.16,0.011879,0.036403,0,0,0,,0.8661,2024-25
2026-07-20,2026-07-27,01079,Lawrence County,Alabama,AL,quiet,8.1e-05,2387,46,501+,0.07,0.00022,2673,57,501+,0.06,0.011871,0.013164,0,0,0,,0.941,2024-25
2026-07-20,2026-07-27,28087,Lowndes County,Mississippi,MS,quiet,8.1e-05,2388,35,501+,0.07,0.000374,2184,29,501+,0.11,0.011866,0.024236,0,0,0,,0.9804,2024-25
2026-07-20,2026-07-27,40133,Seminole County,Oklahoma,OK,quiet,8.1e-05,2389,70,501+,0.07,0.000218,2676,76,501+,0.06,0.011843,0.013048,0,0,0,,0.8199,2024-25
2026-07-20,2026-07-27,22085,Sabine Parish,Louisiana,LA,quiet,8.1e-05,2390,39,501+,0.07,0.000275,2487,43,501+,0.08,0.011825,0.01703,0,0,0,,0.9579,2024-25
2026-07-20,2026-07-27,29111,Lewis County,Missouri,MO,quiet,8.1e-05,2391,79,501+,0.07,0.000232,2638,100,501+,0.07,0.011823,0.014043,0,0,0,,0.875,2024-25
2026-07-20,2026-07-27,28125,Sharkey County,Mississippi,MS,quiet,8.1e-05,2392,36,501+,0.07,0.000172,2847,64,501+,0.05,0.011805,0.009916,0,0,0,,1.0,2024-25
2026-07-20,2026-07-27,20065,Graham County,Kansas,KS,quiet,8.1e-05,2393,95,501+,0.07,0.000172,2845,101,501+,0.05,0.011799,0.009933,0,0,0,,0.9788,2024-25
2026-07-20,2026-07-27,55069,Lincoln County,Wisconsin,WI,quiet,8.1e-05,2394,61,501+,0.07,0.000274,2489,66,501+,0.08,0.011798,0.016986,0,0,0,,0.85,2024-25
2026-07-20,2026-07-27,40095,Marshall County,Oklahoma,OK,quiet,8.1e-05,2395,71,501+,0.07,0.00023,2651,75,501+,0.07,0.011797,0.013919,0,0,0,,0.9161,2024-25
2026-07-20,2026-07-27,29041,Chariton County,Missouri,MO,quiet,8.1e-05,2396,80,501+,0.07,0.000294,2423,89,501+,0.09,0.011796,0.018423,0,0,0,,0.942,2024-25
2026-07-20,2026-07-27,17109,McDonough County,Illinois,IL,quiet,8.1e-05,2397,63,501+,0.07,0.00033,2321,57,501+,0.1,0.011777,0.021008,0,0,0,,0.956,2024-25
2026-07-20,2026-07-27,48449,Titus County,Texas,TX,quiet,8.1e-05,2398,220,501+,0.07,0.000431,2025,205,501+,0.13,0.011769,0.02842,0,0,0,,0.978678,2024-25
2026-07-20,2026-07-27,51730,Petersburg City,Virginia,VA,quiet,8.1e-05,2399,91,501+,0.07,0.00023,2653,99,501+,0.07,0.011764,0.013862,0,0,0,,0.877,2024-25
2026-07-20,2026-07-27,47071,Hardin County,Tennessee,TN,quiet,8e-05,2400,64,501+,0.07,0.000308,2386,68,501+,0.09,0.011751,0.019387,0,0,0,,0.949,2024-25
2026-07-20,2026-07-27,18079,Jennings County,Indiana,IN,quiet,8e-05,2401,66,501+,0.07,0.000287,2450,65,501+,0.08,0.01175,0.017902,0,0,0,,0.9146,2024-25
2026-07-20,2026-07-27,48333,Mills County,Texas,TX,quiet,8e-05,2402,221,501+,0.07,0.00039,2139,213,501+,0.11,0.011725,0.025427,0,0,0,,1.0,2024-25
2026-07-20,2026-07-27,26063,Huron County,Michigan,MI,quiet,8e-05,2403,65,501+,0.07,0.000313,2369,67,501+,0.09,0.011725,0.019787,0,0,0,,0.88996764,2024-25
2026-07-20,2026-07-27,13037,Calhoun County,Georgia,GA,quiet,8e-05,2404,100,501+,0.07,0.000311,2380,100,501+,0.09,0.011722,0.01959,0,0,0,,,
2026-07-20,2026-07-27,19087,Henry County,Iowa,IA,quiet,8e-05,2405,66,501+,0.07,0.000384,2161,51,501+,0.11,0.011719,0.024949,0,0,0,,0.90865385,2024-25
2026-07-20,2026-07-27,13003,Atkinson County,Georgia,GA,quiet,8e-05,2406,101,501+,0.07,0.000531,1818,51,501+,0.15,0.011714,0.036013,0,0,0,,,
2026-07-20,2026-07-27,05023,Cleburne County,Arkansas,AR,quiet,8e-05,2407,54,501+,0.07,0.000262,2531,46,501+,0.08,0.011709,0.016113,0,0,0,,,
2026-07-20,2026-07-27,45061,Lee County,South Carolina,SC,quiet,8e-05,2408,40,501+,0.07,0.000398,2120,39,501+,0.12,0.011689,0.025982,0,0,0,,0.96,2024-25
2026-07-20,2026-07-27,13069,Coffee County,Georgia,GA,quiet,8e-05,2409,102,501+,0.07,0.00025,2570,111,501+,0.07,0.01167,0.015262,0,0,0,,,
2026-07-20,2026-07-27,37123,Montgomery County,North Carolina,NC,quiet,8e-05,2410,88,501+,0.07,0.000203,2734,96,501+,0.06,0.011667,0.012016,0,0,0,,0.98742138,2024-25
2026-07-20,2026-07-27,13007,Baker County,Georgia,GA,quiet,8e-05,2411,103,501+,0.07,0.000487,1919,57,501+,0.14,0.011655,0.032654,0,0,0,,,
2026-07-20,2026-07-27,13065,Clinch County,Georgia,GA,quiet,8e-05,2412,104,501+,0.07,0.000245,2596,113,501+,0.07,0.011653,0.014901,0,0,0,,,
2026-07-20,2026-07-27,51183,Sussex County,Virginia,VA,quiet,8e-05,2413,92,501+,0.07,0.000175,2833,109,501+,0.05,0.011651,0.010144,0,0,0,,0.75,2024-25
2026-07-20,2026-07-27,28061,Jasper County,Mississippi,MS,quiet,8e-05,2414,37,501+,0.07,0.000459,1977,19,501+,0.13,0.011649,0.030513,0,0,0,,0.9672,2024-25
2026-07-20,2026-07-27,19065,Fayette County,Iowa,IA,quiet,8e-05,2415,67,501+,0.07,0.000306,2393,64,501+,0.09,0.011592,0.01927,0,0,0,,0.81871345,2024-25
2026-07-20,2026-07-27,42053,Forest County,Pennsylvania,PA,quiet,7.9e-05,2416,58,501+,0.07,0.000289,2441,58,501+,0.08,0.011577,0.018058,0,0,0,,1.0,2024-25
2026-07-20,2026-07-27,47183,Weakley County,Tennessee,TN,quiet,7.9e-05,2417,65,501+,0.07,0.000342,2276,61,501+,0.1,0.011576,0.021881,0,0,0,,0.963,2024-25
2026-07-20,2026-07-27,13321,Worth County,Georgia,GA,quiet,7.9e-05,2418,105,501+,0.07,0.000373,2193,76,501+,0.11,0.011528,0.024139,0,0,0,,,
2026-07-20,2026-07-27,05027,Columbia County,Arkansas,AR,quiet,7.9e-05,2419,55,501+,0.07,0.000193,2769,64,501+,0.06,0.011527,0.01137,0,0,0,,,
2026-07-20,2026-07-27,45027,Clarendon County,South Carolina,SC,quiet,7.9e-05,2420,41,501+,0.07,0.000384,2159,40,501+,0.11,0.011526,0.024953,0,0,0,,0.984,2024-25
2026-07-20,2026-07-27,38085,Sioux County,North Dakota,ND,quiet,7.9e-05,2421,34,501+,0.07,0.000316,2361,40,501+,0.09,0.011518,0.019976,0,0,0,,0.875,2024-25
2026-07-20,2026-07-27,12045,Gulf County,Florida,FL,quiet,7.9e-05,2422,63,501+,0.07,0.000267,2513,65,501+,0.08,0.011496,0.016501,0,0,0,,0.945,2024-25
2026-07-20,2026-07-27,27093,Meeker County,Minnesota,MN,quiet,7.9e-05,2423,81,501+,0.07,0.000311,2379,80,501+,0.09,0.011494,0.019593,0,0,0,,0.833,2024-25
2026-07-20,2026-07-27,45017,Calhoun County,South Carolina,SC,quiet,7.9e-05,2424,42,501+,0.07,0.000347,2265,42,501+,0.1,0.011476,0.022201,0,0,0,,0.957,2024-25
2026-07-20,2026-07-27,13167,Johnson County,Georgia,GA,quiet,7.9e-05,2425,106,501+,0.07,0.000232,2640,118,501+,0.07,0.011474,0.014038,0,0,0,,,
2026-07-20,2026-07-27,22125,West Feliciana Parish,Louisiana,LA,quiet,7.9e-05,2426,40,501+,0.07,0.000252,2563,44,501+,0.07,0.011435,0.015404,0,0,0,,0.9708,2024-25
2026-07-20,2026-07-27,51135,Nottoway County,Virginia,VA,quiet,7.9e-05,2427,93,501+,0.07,0.00044,2009,61,501+,0.13,0.011431,0.029104,0,0,0,,0.944,2024-25
2026-07-20,2026-07-27,38103,Wells County,North Dakota,ND,quiet,7.8e-05,2428,35,501+,0.07,0.000344,2272,39,501+,0.1,0.011429,0.02205,0,0,0,,0.7826,2024-25
2026-07-20,2026-07-27,13193,Macon County,Georgia,GA,quiet,7.8e-05,2429,107,501+,0.07,0.000191,2778,137,501+,0.06,0.011426,0.011204,0,0,0,,,
2026-07-20,2026-07-27,39127,Perry County,Ohio,OH,quiet,7.8e-05,2430,71,501+,0.07,0.000763,1474,60,501+,0.22,0.011392,0.053899,0,0,0,,0.915,2024-25
2026-07-20,2026-07-27,37005,Alleghany County,North Carolina,NC,quiet,7.8e-05,2431,89,501+,0.07,0.000228,2659,93,501+,0.07,0.011388,0.013743,0,0,0,,0.95384615,2024-25
2026-07-20,2026-07-27,18121,Parke County,Indiana,IN,quiet,7.8e-05,2432,67,501+,0.07,0.000265,2518,69,501+,0.08,0.011364,0.016346,0,0,0,,0.9713,2024-25
2026-07-20,2026-07-27,46137,Ziebach County,South Dakota,SD,quiet,7.8e-05,2433,59,501+,0.07,0.000246,2592,59,501+,0.07,0.011349,0.014976,0,0,0,,1.0,2024-25
2026-07-20,2026-07-27,13021,Bibb County,Georgia,GA,quiet,7.8e-05,2434,108,501+,0.07,0.000439,2010,61,501+,0.13,0.011342,0.029028,0,0,0,,,
2026-07-20,2026-07-27,29073,Gasconade County,Missouri,MO,quiet,7.8e-05,2435,81,501+,0.07,0.000189,2782,109,501+,0.06,0.011341,0.011106,0,0,0,,0.942,2024-25
2026-07-20,2026-07-27,13257,Stephens County,Georgia,GA,quiet,7.8e-05,2436,109,501+,0.07,0.000346,2266,87,501+,0.1,0.011318,0.02219,0,0,0,,,
2026-07-20,2026-07-27,29173,Ralls County,Missouri,MO,quiet,7.8e-05,2437,82,501+,0.07,0.000206,2726,105,501+,0.06,0.011316,0.012231,0,0,0,,0.974,2024-25
2026-07-20,2026-07-27,21035,Calloway County,Kentucky,KY,quiet,7.8e-05,2438,47,501+,0.07,0.000388,2150,38,501+,0.11,0.011315,0.025217,0,0,0,,0.961,2024-25
2026-07-20,2026-07-27,46055,Haakon County,South Dakota,SD,quiet,7.8e-05,2439,60,501+,0.07,0.000233,2636,63,501+,0.07,0.011309,0.014061,0,0,0,,0.9,2024-25
2026-07-20,2026-07-27,01111,Randolph County,Alabama,AL,quiet,7.8e-05,2440,47,501+,0.07,0.000437,2013,32,501+,0.13,0.011305,0.028869,0,0,0,,0.9667,2024-25
2026-07-20,2026-07-27,12065,Jefferson County,Florida,FL,quiet,7.8e-05,2441,64,501+,0.07,0.000394,2128,60,501+,0.11,0.011305,0.025715,0,0,0,,0.978,2024-25
2026-07-20,2026-07-27,20183,Smith County,Kansas,KS,quiet,7.8e-05,2442,96,501+,0.07,0.000186,2795,100,501+,0.05,0.011303,0.010892,0,0,0,,0.8289,2024-25
2026-07-20,2026-07-27,28069,Kemper County,Mississippi,MS,quiet,7.8e-05,2443,38,501+,0.07,0.000213,2700,54,501+,0.06,0.011295,0.01272,0,0,0,,0.987,2024-25
2026-07-20,2026-07-27,46059,Hand County,South Dakota,SD,quiet,7.8e-05,2444,61,501+,0.07,0.000529,1824,40,501+,0.15,0.011276,0.035857,0,0,0,,0.83,2024-25
2026-07-20,2026-07-27,30011,Carter County,Montana,MT,quiet,7.8e-05,2445,43,501+,0.07,0.000213,2698,46,501+,0.06,0.011273,0.012737,0,0,0,,,
2026-07-20,2026-07-27,51175,Southampton County,Virginia,VA,quiet,7.8e-05,2446,94,501+,0.07,0.000264,2522,93,501+,0.08,0.011273,0.016268,0,0,0,,0.957,2024-25
2026-07-20,2026-07-27,17203,Woodford County,Illinois,IL,quiet,7.7e-05,2447,64,501+,0.07,0.000415,2066,48,501+,0.12,0.011262,0.027228,0,0,0,,0.955,2024-25
2026-07-20,2026-07-27,28003,Alcorn County,Mississippi,MS,quiet,7.7e-05,2448,39,501+,0.07,0.000246,2590,49,501+,0.07,0.011251,0.014981,0,0,0,,0.9864,2024-25
2026-07-20,2026-07-27,40135,Sequoyah County,Oklahoma,OK,quiet,7.7e-05,2449,72,501+,0.07,0.000566,1750,44,501+,0.16,0.011248,0.038707,0,0,0,,0.8521,2024-25
2026-07-20,2026-07-27,31007,Banner County,Nebraska,NE,quiet,7.7e-05,2450,67,501+,0.07,0.000275,2488,71,501+,0.08,0.011222,0.017012,0,0,0,,0.5714,2024-25
2026-07-20,2026-07-27,22013,Bienville Parish,Louisiana,LA,quiet,7.7e-05,2451,41,501+,0.07,0.000155,2897,56,501+,0.05,0.011214,0.008811,0,0,0,,0.9658,2024-25
2026-07-20,2026-07-27,17185,Wabash County,Illinois,IL,quiet,7.7e-05,2452,65,501+,0.07,0.00018,2813,78,501+,0.05,0.011209,0.010487,0,0,0,,0.985,2024-25
2026-07-20,2026-07-27,40115,Ottawa County,Oklahoma,OK,quiet,7.7e-05,2453,73,501+,0.07,0.000271,2504,72,501+,0.08,0.011204,0.016746,0,0,0,,0.8612,2024-25
2026-07-20,2026-07-27,47095,Lake County,Tennessee,TN,quiet,7.7e-05,2454,66,501+,0.07,0.000214,2693,81,501+,0.06,0.011179,0.012782,0,0,0,,0.922,2024-25
2026-07-20,2026-07-27,13023,Bleckley County,Georgia,GA,quiet,7.7e-05,2455,110,501+,0.07,0.000325,2339,94,501+,0.09,0.011177,0.020668,0,0,0,,,
2026-07-20,2026-07-27,22091,St. Helena Parish,Louisiana,LA,quiet,7.7e-05,2456,42,501+,0.07,0.000209,2715,50,501+,0.06,0.011175,0.012447,0,0,0,,1.0,2024-25
2026-07-20,2026-07-27,17125,Mason County,Illinois,IL,quiet,7.7e-05,2457,66,501+,0.07,0.000253,2560,72,501+,0.07,0.011155,0.01546,0,0,0,,0.968,2024-25
2026-07-20,2026-07-27,55075,Marinette County,Wisconsin,WI,quiet,7.7e-05,2458,62,501+,0.07,0.000778,1461,42,501+,0.23,0.011132,0.055111,0,0,0,,0.88,2024-25
2026-07-20,2026-07-27,28063,Jefferson County,Mississippi,MS,quiet,7.7e-05,2459,40,501+,0.07,0.000265,2520,42,501+,0.08,0.011127,0.016319,0,0,0,,1.0,2024-25
2026-07-20,2026-07-27,05109,Pike County,Arkansas,AR,quiet,7.6e-05,2460,56,501+,0.07,0.000291,2435,39,501+,0.08,0.011083,0.018157,0,0,0,,,
2026-07-20,2026-07-27,27045,Fillmore County,Minnesota,MN,quiet,7.6e-05,2461,82,501+,0.07,0.00041,2082,72,501+,0.12,0.011066,0.026895,0,0,0,,0.916,2024-25
2026-07-20,2026-07-27,31155,Saunders County,Nebraska,NE,quiet,7.6e-05,2462,68,501+,0.07,0.000318,2354,61,501+,0.09,0.011064,0.020156,0,0,0,,0.951871658,2024-25
2026-07-20,2026-07-27,05077,Lee County,Arkansas,AR,quiet,7.6e-05,2463,57,501+,0.07,0.000228,2656,54,501+,0.07,0.01106,0.013776,0,0,0,,,
2026-07-20,2026-07-27,19183,Washington County,Iowa,IA,quiet,7.6e-05,2464,68,501+,0.07,0.00029,2437,65,501+,0.08,0.01105,0.018105,0,0,0,,0.7993311,2024-25
2026-07-20,2026-07-27,53023,Garfield County,Washington,WA,quiet,7.6e-05,2465,38,501+,0.07,0.000249,2578,38,501+,0.07,0.011042,0.015178,0,0,0,,1.0,2024-25
2026-07-20,2026-07-27,48047,Brooks County,Texas,TX,quiet,7.6e-05,2466,222,501+,0.07,0.00079,1440,139,501+,0.23,0.01104,0.056062,0,0,0,,1.0,2024-25
2026-07-20,2026-07-27,13099,Early County,Georgia,GA,quiet,7.6e-05,2467,111,501+,0.07,0.000389,2143,71,501+,0.11,0.011038,0.025341,0,0,0,,,
2026-07-20,2026-07-27,29063,DeKalb County,Missouri,MO,quiet,7.6e-05,2468,83,501+,0.07,0.000262,2528,94,501+,0.08,0.011032,0.016134,0,0,0,,0.974,2024-25
2026-07-20,2026-07-27,31059,Fillmore County,Nebraska,NE,quiet,7.6e-05,2469,69,501+,0.07,0.000198,2752,76,501+,0.06,0.011015,0.011701,0,0,0,,0.947368421,2024-25
2026-07-20,2026-07-27,47029,Cocke County,Tennessee,TN,quiet,7.6e-05,2470,67,501+,0.07,0.000329,2322,64,501+,0.1,0.011006,0.020951,0,0,0,,0.945,2024-25
2026-07-20,2026-07-27,23007,Franklin County,Maine,ME,quiet,7.6e-05,2471,16,501+,0.07,0.000683,1565,14,501+,0.2,0.011003,0.04772,0,0,0,,0.9657,2024-25
2026-07-20,2026-07-27,22061,Lincoln Parish,Louisiana,LA,quiet,7.6e-05,2472,43,501+,0.07,0.000339,2289,38,501+,0.1,0.010995,0.021686,0,0,0,,0.9378,2024-25
2026-07-20,2026-07-27,29151,Osage County,Missouri,MO,quiet,7.6e-05,2473,84,501+,0.07,0.000187,2790,110,501+,0.05,0.010992,0.010973,0,0,0,,0.919,2024-25
2026-07-20,2026-07-27,21001,Adair County,Kentucky,KY,quiet,7.6e-05,2474,48,501+,0.07,0.000182,2810,71,501+,0.05,0.01099,0.010592,0,0,0,,0.929,2024-25
2026-07-20,2026-07-27,37073,Gates County,North Carolina,NC,quiet,7.6e-05,2475,90,501+,0.07,0.000224,2666,94,501+,0.07,0.010975,0.013468,0,0,0,,0.97029703,2024-25
2026-07-20,2026-07-27,01085,Lowndes County,Alabama,AL,quiet,7.6e-05,2476,48,501+,0.07,0.000281,2469,47,501+,0.08,0.010953,0.01747,0,0,0,,0.9099,2024-25
2026-07-20,2026-07-27,55065,Lafayette County,Wisconsin,WI,quiet,7.5e-05,2477,63,501+,0.07,0.000362,2225,60,501+,0.11,0.010926,0.023338,0,0,0,,0.87,2024-25
2026-07-20,2026-07-27,02188,Northwest Arctic Borough,Alaska,AK,quiet,7.5e-05,2478,26,501+,0.07,0.000275,2486,25,501+,0.08,0.010925,0.017066,0,0,0,,,
2026-07-20,2026-07-27,21175,Morgan County,Kentucky,KY,quiet,7.5e-05,2479,49,501+,0.07,0.000211,2709,63,501+,0.06,0.010922,0.012591,0,0,0,,0.95,2024-25
2026-07-20,2026-07-27,27055,Houston County,Minnesota,MN,quiet,7.5e-05,2480,83,501+,0.07,0.000289,2440,81,501+,0.08,0.01091,0.018078,0,0,0,,0.77,2024-25
2026-07-20,2026-07-27,13061,Clay County,Georgia,GA,quiet,7.5e-05,2481,112,501+,0.07,0.000249,2573,112,501+,0.07,0.010908,0.015241,0,0,0,,,
2026-07-20,2026-07-27,47027,Clay County,Tennessee,TN,quiet,7.5e-05,2482,68,501+,0.07,0.000172,2848,82,501+,0.05,0.010898,0.009911,0,0,0,,0.937,2024-25
2026-07-20,2026-07-27,37065,Edgecombe County,North Carolina,NC,quiet,7.5e-05,2483,91,501+,0.07,0.000478,1937,76,501+,0.14,0.010893,0.031984,0,0,0,,0.95429616,2024-25
2026-07-20,2026-07-27,47033,Crockett County,Tennessee,TN,quiet,7.5e-05,2484,69,501+,0.07,0.000342,2278,63,501+,0.1,0.010855,0.021845,0,0,0,,0.984,2024-25
2026-07-20,2026-07-27,48081,Coke County,Texas,TX,quiet,7.5e-05,2485,223,501+,0.07,0.000341,2282,220,501+,0.1,0.010849,0.021812,0,0,0,,0.911765,2024-25
2026-07-20,2026-07-27,19101,Jefferson County,Iowa,IA,quiet,7.5e-05,2486,69,501+,0.07,0.00028,2471,69,501+,0.08,0.010828,0.017413,0,0,0,,0.86486486,2024-25
2026-07-20,2026-07-27,13111,Fannin County,Georgia,GA,quiet,7.5e-05,2487,113,501+,0.07,0.000216,2682,122,501+,0.06,0.010816,0.012946,0,0,0,,,
2026-07-20,2026-07-27,54073,Pleasants County,West Virginia,WV,quiet,7.5e-05,2488,19,501+,0.07,0.000203,2735,25,501+,0.06,0.010804,0.012006,0,0,0,,,
2026-07-20,2026-07-27,28005,Amite County,Mississippi,MS,quiet,7.5e-05,2489,41,501+,0.07,0.000332,2313,35,501+,0.1,0.010802,0.021131,0,0,0,,0.9619,2024-25
2026-07-20,2026-07-27,19175,Union County,Iowa,IA,quiet,7.5e-05,2490,70,501+,0.07,0.000271,2501,73,501+,0.08,0.010801,0.016796,0,0,0,,0.96062992,2024-25
2026-07-20,2026-07-27,22087,St. Bernard Parish,Louisiana,LA,quiet,7.5e-05,2491,44,501+,0.07,0.000374,2185,32,501+,0.11,0.010787,0.024228,0,0,0,,0.9516,2024-25
2026-07-20,2026-07-27,28015,Carroll County,Mississippi,MS,quiet,7.4e-05,2492,42,501+,0.07,0.000228,2655,52,501+,0.07,0.01078,0.01378,0,0,0,,0.9839,2024-25
2026-07-20,2026-07-27,51193,Westmoreland County,Virginia,VA,quiet,7.4e-05,2493,95,501+,0.07,0.000272,2499,89,501+,0.08,0.010778,0.016832,0,0,0,,0.934,2024-25
2026-07-20,2026-07-27,31125,Nance County,Nebraska,NE,quiet,7.4e-05,2494,70,501+,0.07,0.000334,2308,59,501+,0.1,0.010774,0.021271,0,0,0,,0.955223881,2024-25
2026-07-20,2026-07-27,38001,Adams County,North Dakota,ND,quiet,7.4e-05,2495,36,501+,0.07,0.000283,2461,41,501+,0.08,0.010772,0.017613,0,0,0,,0.875,2024-25
2026-07-20,2026-07-27,29105,Laclede County,Missouri,MO,quiet,7.4e-05,2496,85,501+,0.07,0.000392,2135,73,501+,0.11,0.010763,0.025534,0,0,0,,0.909,2024-25
2026-07-20,2026-07-27,01123,Tallapoosa County,Alabama,AL,quiet,7.4e-05,2497,49,501+,0.07,0.00039,2141,37,501+,0.11,0.010759,0.02539,0,0,0,,0.9727,2024-25
2026-07-20,2026-07-27,21031,Butler County,Kentucky,KY,quiet,7.4e-05,2498,50,501+,0.07,0.00025,2571,54,501+,0.07,0.010752,0.015248,0,0,0,,0.902,2024-25
2026-07-20,2026-07-27,01087,Macon County,Alabama,AL,quiet,7.4e-05,2499,50,501+,0.07,0.00028,2470,48,501+,0.08,0.010741,0.017437,0,0,0,,0.9394,2024-25
2026-07-20,2026-07-27,41049,Morrow County,Oregon,OR,quiet,7.4e-05,2500,33,501+,0.07,0.000588,1705,27,501+,0.17,0.01074,0.040391,0,0,0,,0.933,2024-25
2026-07-20,2026-07-27,13275,Thomas County,Georgia,GA,quiet,7.4e-05,2501,114,501+,0.07,0.000378,2174,74,501+,0.11,0.010709,0.024515,0,0,0,,,
2026-07-20,2026-07-27,13233,Polk County,Georgia,GA,quiet,7.4e-05,2502,115,501+,0.07,0.00045,1989,60,501+,0.13,0.0107,0.029901,0,0,0,,,
2026-07-20,2026-07-27,22049,Jackson Parish,Louisiana,LA,quiet,7.4e-05,2503,45,501+,0.07,0.000202,2741,51,501+,0.06,0.01069,0.011943,0,0,0,,0.9604,2024-25
2026-07-20,2026-07-27,17133,Monroe County,Illinois,IL,quiet,7.4e-05,2504,67,501+,0.07,0.000256,2549,71,501+,0.07,0.01068,0.015692,0,0,0,,0.984,2024-25
2026-07-20,2026-07-27,26137,Otsego County,Michigan,MI,quiet,7.4e-05,2505,66,501+,0.07,0.000307,2391,68,501+,0.09,0.010655,0.019314,0,0,0,,0.82954545,2024-25
2026-07-20,2026-07-27,22007,Assumption Parish,Louisiana,LA,quiet,7.4e-05,2506,46,501+,0.07,0.000283,2460,42,501+,0.08,0.010654,0.017644,0,0,0,,0.9602,2024-25
2026-07-20,2026-07-27,31183,Wheeler County,Nebraska,NE,quiet,7.4e-05,2507,71,501+,0.07,0.000161,2874,79,501+,0.05,0.010629,0.009236,0,0,0,,0.9375,2024-25
2026-07-20,2026-07-27,01057,Fayette County,Alabama,AL,quiet,7.3e-05,2508,51,501+,0.07,0.000232,2637,55,501+,0.07,0.010622,0.014053,0,0,0,,0.9365,2024-25
2026-07-20,2026-07-27,38095,Towner County,North Dakota,ND,quiet,7.3e-05,2509,37,501+,0.07,0.000387,2152,35,501+,0.11,0.01061,0.025159,0,0,0,,0.9412,2024-25
2026-07-20,2026-07-27,30037,Golden Valley County,Montana,MT,quiet,7.3e-05,2510,44,501+,0.07,0.000214,2690,45,501+,0.06,0.0106,0.012809,0,0,0,,,
2026-07-20,2026-07-27,40039,Custer County,Oklahoma,OK,quiet,7.3e-05,2511,74,501+,0.07,0.000264,2523,73,501+,0.08,0.010597,0.016242,0,0,0,,0.9008,2024-25
2026-07-20,2026-07-27,29141,Morgan County,Missouri,MO,quiet,7.3e-05,2512,86,501+,0.07,0.000436,2015,67,501+,0.13,0.010597,0.028808,0,0,0,,0.856,2024-25
2026-07-20,2026-07-27,13035,Butts County,Georgia,GA,quiet,7.3e-05,2513,116,501+,0.07,0.000322,2344,95,501+,0.09,0.01056,0.020433,0,0,0,,,
2026-07-20,2026-07-27,28133,Sunflower County,Mississippi,MS,quiet,7.3e-05,2514,43,501+,0.07,0.000188,2786,59,501+,0.05,0.010547,0.01102,0,0,0,,0.9872,2024-25
2026-07-20,2026-07-27,51595,Emporia City,Virginia,VA,quiet,7.3e-05,2515,96,501+,0.07,0.000152,2914,115,501+,0.04,0.010544,0.008581,0,0,0,,,
2026-07-20,2026-07-27,39087,Lawrence County,Ohio,OH,quiet,7.3e-05,2516,72,501+,0.07,0.000312,2374,78,501+,0.09,0.010538,0.019731,0,0,0,,0.96,2024-25
2026-07-20,2026-07-27,51670,Hopewell City,Virginia,VA,quiet,7.3e-05,2517,97,501+,0.07,0.00014,2953,118,501+,0.04,0.010537,0.007838,0,0,0,,0.72,2024-25
2026-07-20,2026-07-27,28147,Walthall County,Mississippi,MS,quiet,7.3e-05,2518,44,501+,0.07,0.000238,2618,50,501+,0.07,0.010499,0.014453,0,0,0,,0.9697,2024-25
2026-07-20,2026-07-27,37043,Clay County,North Carolina,NC,quiet,7.3e-05,2519,92,501+,0.07,0.000602,1681,68,501+,0.17,0.010499,0.041458,0,0,0,,0.87619048,2024-25
2026-07-20,2026-07-27,02230,Skagway Municipality,Alaska,AK,quiet,7.3e-05,2520,27,501+,0.07,0.000154,2904,30,501+,0.04,0.010496,0.008727,0,0,0,,,
2026-07-20,2026-07-27,20179,Sheridan County,Kansas,KS,quiet,7.3e-05,2521,97,501+,0.07,0.000249,2576,97,501+,0.07,0.010491,0.015211,0,0,0,,0.8597,2024-25
2026-07-20,2026-07-27,55023,Crawford County,Wisconsin,WI,quiet,7.2e-05,2522,64,501+,0.07,0.000348,2263,61,501+,0.1,0.010456,0.022319,0,0,0,,0.77,2024-25
2026-07-20,2026-07-27,13001,Appling County,Georgia,GA,quiet,7.2e-05,2523,117,501+,0.07,0.000211,2710,125,501+,0.06,0.010447,0.012589,0,0,0,,,
2026-07-20,2026-07-27,29069,Dunklin County,Missouri,MO,quiet,7.2e-05,2524,87,501+,0.07,0.000255,2552,95,501+,0.07,0.010439,0.015648,0,0,0,,0.961,2024-25
2026-07-20,2026-07-27,28043,Grenada County,Mississippi,MS,quiet,7.2e-05,2525,45,501+,0.07,0.000263,2526,44,501+,0.08,0.010402,0.016185,0,0,0,,0.9626,2024-25
2026-07-20,2026-07-27,22097,St. Landry Parish,Louisiana,LA,quiet,7.2e-05,2526,47,501+,0.07,0.000752,1486,20,501+,0.22,0.01039,0.053034,0,0,0,,0.9384,2024-25
2026-07-20,2026-07-27,28027,Coahoma County,Mississippi,MS,quiet,7.2e-05,2527,46,501+,0.07,0.000108,3048,78,501+,0.03,0.010376,0.005811,0,0,0,,0.9965,2024-25
2026-07-20,2026-07-27,22111,Union Parish,Louisiana,LA,quiet,7.2e-05,2528,48,501+,0.07,0.000148,2922,58,501+,0.04,0.01037,0.008362,0,0,0,,0.8772,2024-25
2026-07-20,2026-07-27,29131,Miller County,Missouri,MO,quiet,7.2e-05,2529,88,501+,0.07,0.000377,2176,74,501+,0.11,0.010357,0.024454,0,0,0,,0.898,2024-25
2026-07-20,2026-07-27,29003,Andrew County,Missouri,MO,quiet,7.2e-05,2530,89,501+,0.06,0.000202,2737,106,501+,0.06,0.010317,0.011962,0,0,0,,0.948,2024-25
2026-07-20,2026-07-27,47097,Lauderdale County,Tennessee,TN,quiet,7.2e-05,2531,70,501+,0.06,0.000148,2926,87,501+,0.04,0.010314,0.008333,0,0,0,,0.988,2022-23
2026-07-20,2026-07-27,38065,Oliver County,North Dakota,ND,quiet,7.2e-05,2532,38,501+,0.06,0.000214,2692,45,501+,0.06,0.010313,0.012785,0,0,0,,0.9286,2024-25
2026-07-20,2026-07-27,17079,Jasper County,Illinois,IL,quiet,7.2e-05,2533,68,501+,0.06,0.000175,2835,82,501+,0.05,0.010311,0.010124,0,0,0,,0.967,2024-25
2026-07-20,2026-07-27,28009,Benton County,Mississippi,MS,quiet,7.2e-05,2534,47,501+,0.06,0.000379,2171,28,501+,0.11,0.010307,0.024611,0,0,0,,0.9878,2024-25
2026-07-20,2026-07-27,31163,Sherman County,Nebraska,NE,quiet,7.1e-05,2535,72,501+,0.06,0.000337,2298,57,501+,0.1,0.010299,0.021512,0,0,0,,0.923076923,2024-25
2026-07-20,2026-07-27,17049,Effingham County,Illinois,IL,quiet,7.1e-05,2536,69,501+,0.06,0.00027,2506,66,501+,0.08,0.010293,0.016695,0,0,0,,0.965,2024-25
2026-07-20,2026-07-27,51005,Alleghany County,Virginia,VA,quiet,7.1e-05,2537,98,501+,0.06,0.000201,2745,106,501+,0.06,0.010287,0.01187,0,0,0,,0.878,2024-25
2026-07-20,2026-07-27,19059,Dickinson County,Iowa,IA,quiet,7.1e-05,2538,71,501+,0.06,0.000135,2964,97,501+,0.04,0.010282,0.007484,0,0,0,,0.84615385,2024-25
2026-07-20,2026-07-27,01007,Bibb County,Alabama,AL,quiet,7.1e-05,2539,52,501+,0.06,0.00024,2611,54,501+,0.07,0.010264,0.014562,0,0,0,,0.9592,2024-25
2026-07-20,2026-07-27,20187,Stanton County,Kansas,KS,quiet,7.1e-05,2540,98,501+,0.06,0.000249,2572,96,501+,0.07,0.01026,0.015243,0,0,0,,0.7895,2024-25
2026-07-20,2026-07-27,29229,Wright County,Missouri,MO,quiet,7.1e-05,2541,90,501+,0.06,0.00033,2318,79,501+,0.1,0.010257,0.02103,0,0,0,,0.773,2024-25
2026-07-20,2026-07-27,22119,Webster Parish,Louisiana,LA,quiet,7.1e-05,2542,49,501+,0.06,0.000189,2783,53,501+,0.05,0.010232,0.0111,0,0,0,,0.9084,2024-25
2026-07-20,2026-07-27,51159,Richmond County,Virginia,VA,quiet,7.1e-05,2543,99,501+,0.06,0.000282,2464,87,501+,0.08,0.010225,0.01753,0,0,0,,0.908,2024-25
2026-07-20,2026-07-27,26053,Gogebic County,Michigan,MI,quiet,7.1e-05,2544,67,501+,0.06,0.000207,2722,74,501+,0.06,0.010219,0.012309,0,0,0,,0.86138614,2024-25
2026-07-20,2026-07-27,19027,Carroll County,Iowa,IA,quiet,7.1e-05,2545,72,501+,0.06,0.000278,2477,70,501+,0.08,0.010206,0.017288,0,0,0,,0.90136054,2024-25
2026-07-20,2026-07-27,13091,Dodge County,Georgia,GA,quiet,7.1e-05,2546,118,501+,0.06,0.000196,2763,135,501+,0.06,0.010194,0.011577,0,0,0,,,
2026-07-20,2026-07-27,21079,Garrard County,Kentucky,KY,quiet,7.1e-05,2547,51,501+,0.06,0.000371,2198,42,501+,0.11,0.010179,0.023969,0,0,0,,0.852,2024-25
2026-07-20,2026-07-27,31135,Perkins County,Nebraska,NE,quiet,7e-05,2548,73,501+,0.06,0.000308,2387,65,501+,0.09,0.010133,0.019384,0,0,0,,0.958333333,2024-25
2026-07-20,2026-07-27,17003,Alexander County,Illinois,IL,quiet,7e-05,2549,70,501+,0.06,0.000257,2546,70,501+,0.07,0.010127,0.015788,0,0,0,,0.933,2024-25
2026-07-20,2026-07-27,28021,Claiborne County,Mississippi,MS,quiet,7e-05,2550,48,501+,0.06,0.000111,3039,75,501+,0.03,0.010119,0.005986,0,0,0,,1.0,2024-25
2026-07-20,2026-07-27,28075,Lauderdale County,Mississippi,MS,quiet,7e-05,2551,49,501+,0.06,0.000335,2302,34,501+,0.1,0.010083,0.021382,0,0,0,,0.9922,2024-25
2026-07-20,2026-07-27,40033,Cotton County,Oklahoma,OK,quiet,7e-05,2552,75,501+,0.06,0.000291,2431,71,501+,0.08,0.010054,0.018215,0,0,0,,0.873,2024-25
2026-07-20,2026-07-27,51191,Washington County,Virginia,VA,quiet,7e-05,2553,100,501+,0.06,0.00037,2200,72,501+,0.11,0.010052,0.023944,0,0,0,,0.892,2024-25
2026-07-20,2026-07-27,12049,Hardee County,Florida,FL,quiet,7e-05,2554,65,501+,0.06,0.00046,1972,56,501+,0.13,0.010051,0.030631,0,0,0,,0.954,2024-25
2026-07-20,2026-07-27,29093,Iron County,Missouri,MO,quiet,7e-05,2555,91,501+,0.06,0.000475,1944,65,501+,0.14,0.01005,0.031742,0,0,0,,0.959,2024-25
2026-07-20,2026-07-27,22029,Concordia Parish,Louisiana,LA,quiet,7e-05,2556,50,501+,0.06,0.000148,2923,59,501+,0.04,0.010034,0.008355,0,0,0,,0.875,2024-25
2026-07-20,2026-07-27,29017,Bollinger County,Missouri,MO,quiet,7e-05,2557,92,501+,0.06,0.000245,2594,97,501+,0.07,0.010026,0.014925,0,0,0,,0.908,2024-25
2026-07-20,2026-07-27,29195,Saline County,Missouri,MO,quiet,7e-05,2558,93,501+,0.06,0.000312,2376,86,501+,0.09,0.010025,0.019667,0,0,0,,0.941,2024-25
2026-07-20,2026-07-27,02158,Kusilvak Census Area,Alaska,AK,quiet,7e-05,2559,28,501+,0.06,0.000221,2671,27,501+,0.06,0.010012,0.013262,0,0,0,,,
2026-07-20,2026-07-27,29133,Mississippi County,Missouri,MO,quiet,7e-05,2560,94,501+,0.06,0.000208,2717,104,501+,0.06,0.009998,0.012385,0,0,0,,0.936,2024-25
2026-07-20,2026-07-27,46021,Campbell County,South Dakota,SD,quiet,6.9e-05,2561,62,501+,0.06,0.000254,2555,57,501+,0.07,0.009954,0.015561,0,0,0,,0.93,2024-25
2026-07-20,2026-07-27,39065,Hardin County,Ohio,OH,quiet,6.9e-05,2562,73,501+,0.06,0.000294,2426,79,501+,0.09,0.009939,0.018378,0,0,0,,0.889,2024-25
2026-07-20,2026-07-27,13081,Crisp County,Georgia,GA,quiet,6.9e-05,2563,119,501+,0.06,0.000186,2794,138,501+,0.05,0.009924,0.010896,0,0,0,,,
2026-07-20,2026-07-27,13279,Toombs County,Georgia,GA,quiet,6.9e-05,2564,120,501+,0.06,0.00016,2877,149,501+,0.05,0.009909,0.009133,0,0,0,,,
2026-07-20,2026-07-27,21233,Webster County,Kentucky,KY,quiet,6.9e-05,2565,52,501+,0.06,0.000222,2670,59,501+,0.06,0.009909,0.013315,0,0,0,,0.934,2024-25
2026-07-20,2026-07-27,08089,Otero County,Colorado,CO,quiet,6.9e-05,2566,56,501+,0.06,0.00024,2609,55,501+,0.07,0.009899,0.014609,0,0,0,,0.932,2024-25
2026-07-20,2026-07-27,13255,Spalding County,Georgia,GA,quiet,6.9e-05,2567,121,501+,0.06,0.00043,2026,62,501+,0.12,0.009894,0.028383,0,0,0,,,
2026-07-20,2026-07-27,13317,Wilkes County,Georgia,GA,quiet,6.9e-05,2568,122,501+,0.06,0.000236,2622,116,501+,0.07,0.00989,0.014315,0,0,0,,,
2026-07-20,2026-07-27,45069,Marlboro County,South Carolina,SC,quiet,6.9e-05,2569,43,501+,0.06,0.000303,2399,43,501+,0.09,0.009888,0.019045,0,0,0,,0.963,2024-25
2026-07-20,2026-07-27,19093,Ida County,Iowa,IA,quiet,6.9e-05,2570,73,501+,0.06,0.000192,2773,92,501+,0.06,0.009854,0.011283,0,0,0,,0.88405797,2024-25
2026-07-20,2026-07-27,39033,Crawford County,Ohio,OH,quiet,6.9e-05,2571,74,501+,0.06,0.000542,1795,67,501+,0.16,0.009851,0.036834,0,0,0,,0.92,2024-25
2026-07-20,2026-07-27,47019,Carter County,Tennessee,TN,quiet,6.9e-05,2572,71,501+,0.06,0.000583,1713,38,501+,0.17,0.009841,0.040015,0,0,0,,0.946,2024-25
2026-07-20,2026-07-27,21147,McCreary County,Kentucky,KY,quiet,6.9e-05,2573,53,501+,0.06,0.000142,2948,90,501+,0.04,0.009834,0.007977,0,0,0,,0.957,2024-25
2026-07-20,2026-07-27,28001,Adams County,Mississippi,MS,quiet,6.8e-05,2574,50,501+,0.06,0.00026,2536,45,501+,0.08,0.009801,0.015991,0,0,0,,0.9821,2024-25
2026-07-20,2026-07-27,22065,Madison Parish,Louisiana,LA,quiet,6.8e-05,2575,51,501+,0.06,0.000247,2581,47,501+,0.07,0.00978,0.015098,0,0,0,,0.8864,2024-25
2026-07-20,2026-07-27,28149,Warren County,Mississippi,MS,quiet,6.8e-05,2576,51,501+,0.06,0.000345,2269,31,501+,0.1,0.009778,0.022123,0,0,0,,0.9865,2024-25
2026-07-20,2026-07-27,29139,Montgomery County,Missouri,MO,quiet,6.8e-05,2577,95,501+,0.06,0.000328,2325,83,501+,0.1,0.009763,0.020887,0,0,0,,0.959,2024-25
2026-07-20,2026-07-27,18159,Tipton County,Indiana,IN,quiet,6.8e-05,2578,68,501+,0.06,0.000402,2104,56,501+,0.12,0.009762,0.02631,0,0,0,,0.8768,2024-25
2026-07-20,2026-07-27,38027,Eddy County,North Dakota,ND,quiet,6.8e-05,2579,39,501+,0.06,0.000411,2078,34,501+,0.12,0.009756,0.026927,0,0,0,,0.931,2024-25
2026-07-20,2026-07-27,51530,Buena Vista City,Virginia,VA,quiet,6.8e-05,2580,101,501+,0.06,0.000202,2736,104,501+,0.06,0.009754,0.011963,0,0,0,,0.929,2024-25
2026-07-20,2026-07-27,30019,Daniels County,Montana,MT,quiet,6.8e-05,2581,45,501+,0.06,0.000137,2959,51,501+,0.04,0.009741,0.00763,0,0,0,,,
2026-07-20,2026-07-27,19119,Lyon County,Iowa,IA,quiet,6.8e-05,2582,74,501+,0.06,0.000236,2623,82,501+,0.07,0.009729,0.014313,0,0,0,,0.9068323,2024-25
2026-07-20,2026-07-27,19039,Clarke County,Iowa,IA,quiet,6.8e-05,2583,75,501+,0.06,0.000269,2507,74,501+,0.08,0.009717,0.016647,0,0,0,,0.92741935,2024-25
2026-07-20,2026-07-27,21143,Lyon County,Kentucky,KY,quiet,6.8e-05,2584,54,501+,0.06,0.00022,2672,60,501+,0.06,0.009685,0.013194,0,0,0,,0.96,2024-25
2026-07-20,2026-07-27,28101,Newton County,Mississippi,MS,quiet,6.7e-05,2585,52,501+,0.06,0.000435,2018,22,501+,0.13,0.009666,0.028755,0,0,0,,0.9722,2024-25
2026-07-20,2026-07-27,54019,Fayette County,West Virginia,WV,quiet,6.7e-05,2586,20,501+,0.06,0.000374,2188,18,501+,0.11,0.009649,0.024195,0,0,0,,,
2026-07-20,2026-07-27,39009,Athens County,Ohio,OH,quiet,6.7e-05,2587,75,501+,0.06,0.000666,1588,63,501+,0.19,0.009641,0.046363,0,0,0,,0.939,2024-25
2026-07-20,2026-07-27,17173,Shelby County,Illinois,IL,quiet,6.7e-05,2588,71,501+,0.06,0.000384,2162,53,501+,0.11,0.009633,0.024934,0,0,0,,0.963,2024-25
2026-07-20,2026-07-27,13075,Cook County,Georgia,GA,quiet,6.7e-05,2589,123,501+,0.06,0.000215,2686,123,501+,0.06,0.009619,0.012883,0,0,0,,,
2026-07-20,2026-07-27,47169,Trousdale County,Tennessee,TN,quiet,6.7e-05,2590,72,501+,0.06,0.000241,2605,76,501+,0.07,0.00961,0.014683,0,0,0,,0.961,2024-25
2026-07-20,2026-07-27,39019,Carroll County,Ohio,OH,quiet,6.7e-05,2591,76,501+,0.06,0.000352,2252,75,501+,0.1,0.009601,0.02259,0,0,0,,0.901,2024-25
2026-07-20,2026-07-27,26143,Roscommon County,Michigan,MI,quiet,6.7e-05,2592,68,501+,0.06,0.000227,2663,73,501+,0.07,0.009596,0.013702,0,0,0,,0.89393939,2024-25
2026-07-20,2026-07-27,22053,Jefferson Davis Parish,Louisiana,LA,quiet,6.7e-05,2593,52,501+,0.06,0.000231,2643,48,501+,0.07,0.009592,0.013978,0,0,0,,0.9211,2024-25
2026-07-20,2026-07-27,30039,Granite County,Montana,MT,quiet,6.7e-05,2594,46,501+,0.06,0.000686,1560,32,501+,0.2,0.009585,0.047945,0,0,0,,,
2026-07-20,2026-07-27,45067,Marion County,South Carolina,SC,quiet,6.7e-05,2595,44,501+,0.06,0.000154,2905,45,501+,0.04,0.009582,0.008724,0,0,0,,0.986,2024-25
2026-07-20,2026-07-27,48025,Bee County,Texas,TX,quiet,6.7e-05,2596,224,501+,0.06,0.000266,2514,233,501+,0.08,0.009581,0.016434,0,0,0,,0.96732,2024-25
2026-07-20,2026-07-27,21161,Mason County,Kentucky,KY,quiet,6.7e-05,2597,55,501+,0.06,0.000188,2788,67,501+,0.05,0.00958,0.010995,0,0,0,,0.865,2024-25
2026-07-20,2026-07-27,51063,Floyd County,Virginia,VA,quiet,6.7e-05,2598,102,501+,0.06,0.000273,2492,88,501+,0.08,0.009569,0.016923,0,0,0,,0.873,2024-25
2026-07-20,2026-07-27,13301,Warren County,Georgia,GA,quiet,6.6e-05,2599,124,501+,0.06,0.000304,2397,101,501+,0.09,0.009488,0.019095,0,0,0,,,
2026-07-20,2026-07-27,54027,Hampshire County,West Virginia,WV,quiet,6.6e-05,2600,21,501+,0.06,0.000371,2196,19,501+,0.11,0.009438,0.024006,0,0,0,,,
2026-07-20,2026-07-27,05071,Johnson County,Arkansas,AR,quiet,6.6e-05,2601,58,501+,0.06,0.000244,2598,49,501+,0.07,0.009431,0.014878,0,0,0,,,
2026-07-20,2026-07-27,27075,Lake County,Minnesota,MN,quiet,6.6e-05,2602,84,501+,0.06,0.000214,2695,85,501+,0.06,0.009431,0.012768,0,0,0,,0.84,2024-25
2026-07-20,2026-07-27,19001,Adair County,Iowa,IA,quiet,6.6e-05,2603,76,501+,0.06,0.000179,2822,93,501+,0.05,0.009416,0.010398,0,0,0,,0.9,2024-25
2026-07-20,2026-07-27,21183,Ohio County,Kentucky,KY,quiet,6.6e-05,2604,56,501+,0.06,0.00032,2350,48,501+,0.09,0.009412,0.020238,0,0,0,,0.789,2024-25
2026-07-20,2026-07-27,21125,Laurel County,Kentucky,KY,quiet,6.6e-05,2605,57,501+,0.06,0.000373,2194,40,501+,0.11,0.009401,0.024109,0,0,0,,0.946,2024-25
2026-07-20,2026-07-27,01025,Clarke County,Alabama,AL,quiet,6.6e-05,2606,53,501+,0.06,0.000313,2371,44,501+,0.09,0.009367,0.019766,0,0,0,,0.9478,2024-25
2026-07-20,2026-07-27,48137,Edwards County,Texas,TX,quiet,6.6e-05,2607,225,501+,0.06,0.000211,2712,237,501+,0.06,0.009354,0.012554,0,0,0,,0.933333,2024-25
2026-07-20,2026-07-27,48185,Grimes County,Texas,TX,quiet,6.6e-05,2608,226,501+,0.06,0.000322,2345,223,501+,0.09,0.00935,0.020431,0,0,0,,0.933333,2024-25
2026-07-20,2026-07-27,28065,Jefferson Davis County,Mississippi,MS,quiet,6.5e-05,2609,53,501+,0.06,0.000202,2738,56,501+,0.06,0.009323,0.011961,0,0,0,,0.9889,2024-25
2026-07-20,2026-07-27,48225,Houston County,Texas,TX,quiet,6.5e-05,2610,227,501+,0.06,0.000291,2433,226,501+,0.08,0.009301,0.018166,0,0,0,,0.923858,2024-25
2026-07-20,2026-07-27,31041,Custer County,Nebraska,NE,quiet,6.5e-05,2611,74,501+,0.06,0.000276,2484,70,501+,0.08,0.009282,0.017121,0,0,0,,0.9,2024-25
2026-07-20,2026-07-27,29087,Holt County,Missouri,MO,quiet,6.5e-05,2612,96,501+,0.06,0.000265,2517,93,501+,0.08,0.009265,0.01636,0,0,0,,0.872,2024-25
2026-07-20,2026-07-27,28077,Lawrence County,Mississippi,MS,quiet,6.5e-05,2613,54,501+,0.06,0.000254,2556,47,501+,0.07,0.009252,0.015542,0,0,0,,0.9841,2024-25
2026-07-20,2026-07-27,48311,McMullen County,Texas,TX,quiet,6.5e-05,2614,228,501+,0.06,0.000275,2485,232,501+,0.08,0.009228,0.017072,0,0,0,,0.9375,2024-25
2026-07-20,2026-07-27,47115,Marion County,Tennessee,TN,quiet,6.5e-05,2615,73,501+,0.06,0.000251,2564,75,501+,0.07,0.009193,0.015345,0,0,0,,0.953,2024-25
2026-07-20,2026-07-27,18131,Pulaski County,Indiana,IN,quiet,6.4e-05,2616,69,501+,0.06,0.000241,2608,71,501+,0.07,0.009183,0.01465,0,0,0,,0.8889,2024-25
2026-07-20,2026-07-27,28137,Tate County,Mississippi,MS,quiet,6.4e-05,2617,55,501+,0.06,0.000232,2642,51,501+,0.07,0.009147,0.014014,0,0,0,,0.9598,2024-25
2026-07-20,2026-07-27,27097,Morrison County,Minnesota,MN,quiet,6.4e-05,2618,85,501+,0.06,0.000326,2335,78,501+,0.09,0.00914,0.020701,0,0,0,,0.897,2024-25
2026-07-20,2026-07-27,48419,Shelby County,Texas,TX,quiet,6.4e-05,2619,229,501+,0.06,0.000248,2579,236,501+,0.07,0.009137,0.015141,0,0,0,,0.938053,2024-25
2026-07-20,2026-07-27,08055,Huerfano County,Colorado,CO,quiet,6.4e-05,2620,57,501+,0.06,0.000199,2750,57,501+,0.06,0.009119,0.011741,0,0,0,,0.9184,2024-25
2026-07-20,2026-07-27,13243,Randolph County,Georgia,GA,quiet,6.4e-05,2621,125,501+,0.06,0.000186,2796,139,501+,0.05,0.009108,0.010886,0,0,0,,,
2026-07-20,2026-07-27,38091,Steele County,North Dakota,ND,quiet,6.4e-05,2622,40,501+,0.06,0.000112,3037,51,501+,0.03,0.009108,0.00602,0,0,0,,1.0,2024-25
2026-07-20,2026-07-27,21027,Breckinridge County,Kentucky,KY,quiet,6.4e-05,2623,58,501+,0.06,0.000185,2801,69,501+,0.05,0.009089,0.010803,0,0,0,,0.89237668,2024-25
2026-07-20,2026-07-27,41069,Wheeler County,Oregon,OR,quiet,6.4e-05,2624,34,501+,0.06,0.000174,2837,34,501+,0.05,0.009088,0.01008,0,0,0,,0.615,2024-25
2026-07-20,2026-07-27,19031,Cedar County,Iowa,IA,quiet,6.4e-05,2625,77,501+,0.06,0.000227,2660,85,501+,0.07,0.009076,0.013711,0,0,0,,0.92964824,2024-25
2026-07-20,2026-07-27,02164,Lake and Peninsula Borough,Alaska,AK,quiet,6.4e-05,2626,29,501+,0.06,0.000218,2675,28,501+,0.06,0.009056,0.013071,0,0,0,,,
2026-07-20,2026-07-27,55119,Taylor County,Wisconsin,WI,quiet,6.4e-05,2627,65,501+,0.06,0.000247,2583,67,501+,0.07,0.009054,0.015065,0,0,0,,0.84,2024-25
2026-07-20,2026-07-27,13307,Webster County,Georgia,GA,quiet,6.4e-05,2628,126,501+,0.06,0.000179,2821,143,501+,0.05,0.009054,0.010406,0,0,0,,,
2026-07-20,2026-07-27,17139,Moultrie County,Illinois,IL,quiet,6.4e-05,2629,72,501+,0.06,0.000206,2728,76,501+,0.06,0.009048,0.012218,0,0,0,,0.956,2024-25
2026-07-20,2026-07-27,01023,Choctaw County,Alabama,AL,quiet,6.4e-05,2630,54,501+,0.06,0.000462,1965,31,501+,0.13,0.009041,0.030788,0,0,0,,0.8977,2024-25
2026-07-20,2026-07-27,39015,Brown County,Ohio,OH,quiet,6.3e-05,2631,77,501+,0.06,0.00036,2233,73,501+,0.1,0.009024,0.023165,0,0,0,,0.952,2024-25
2026-07-20,2026-07-27,48403,Sabine County,Texas,TX,quiet,6.3e-05,2632,230,501+,0.06,0.000381,2166,217,501+,0.11,0.009021,0.024754,0,0,0,,0.893939,2024-25
2026-07-20,2026-07-27,28127,Simpson County,Mississippi,MS,quiet,6.3e-05,2633,56,501+,0.06,0.000311,2378,37,501+,0.09,0.009018,0.019644,0,0,0,,0.9716,2024-25
2026-07-20,2026-07-27,47079,Henry County,Tennessee,TN,quiet,6.3e-05,2634,74,501+,0.06,0.000589,1703,36,501+,0.17,0.009009,0.040408,0,0,0,,0.94,2024-25
2026-07-20,2026-07-27,13305,Wayne County,Georgia,GA,quiet,6.3e-05,2635,127,501+,0.06,0.000231,2649,120,501+,0.07,0.009004,0.013933,0,0,0,,,
2026-07-20,2026-07-27,01093,Marion County,Alabama,AL,quiet,6.3e-05,2636,55,501+,0.06,0.000278,2478,49,501+,0.08,0.009002,0.017269,0,0,0,,0.9332,2024-25
2026-07-20,2026-07-27,22083,Richland Parish,Louisiana,LA,quiet,6.3e-05,2637,53,501+,0.06,0.000251,2565,45,501+,0.07,0.008987,0.015343,0,0,0,,0.8865,2024-25
2026-07-20,2026-07-27,19129,Mills County,Iowa,IA,quiet,6.3e-05,2638,78,501+,0.06,0.000232,2639,83,501+,0.07,0.008983,0.01404,0,0,0,,0.88023952,2024-25
2026-07-20,2026-07-27,18045,Fountain County,Indiana,IN,quiet,6.3e-05,2639,70,501+,0.06,0.000218,2674,75,501+,0.06,0.008977,0.013088,0,0,0,,0.8793,2024-25
2026-07-20,2026-07-27,41021,Gilliam County,Oregon,OR,quiet,6.3e-05,2640,35,501+,0.06,0.000154,2903,35,501+,0.04,0.008962,0.008733,0,0,0,,0.923,2024-25
2026-07-20,2026-07-27,05105,Perry County,Arkansas,AR,quiet,6.3e-05,2641,59,501+,0.06,0.00034,2287,31,501+,0.1,0.008958,0.021717,0,0,0,,,
2026-07-20,2026-07-27,37091,Hertford County,North Carolina,NC,quiet,6.3e-05,2642,93,501+,0.06,0.000249,2575,91,501+,0.07,0.008924,0.015212,0,0,0,,0.97530864,2024-25
2026-07-20,2026-07-27,01129,Washington County,Alabama,AL,quiet,6.3e-05,2643,56,501+,0.06,0.000344,2274,41,501+,0.1,0.008918,0.022038,0,0,0,,0.9275,2024-25
2026-07-20,2026-07-27,13195,Madison County,Georgia,GA,quiet,6.3e-05,2644,128,501+,0.06,0.000366,2213,79,501+,0.11,0.008917,0.023621,0,0,0,,,
2026-07-20,2026-07-27,17137,Morgan County,Illinois,IL,quiet,6.2e-05,2645,73,501+,0.06,0.000291,2432,64,501+,0.08,0.008847,0.01818,0,0,0,,0.978,2024-25
2026-07-20,2026-07-27,13027,Brooks County,Georgia,GA,quiet,6.2e-05,2646,129,501+,0.06,0.00023,2654,121,501+,0.07,0.008832,0.01386,0,0,0,,,
2026-07-20,2026-07-27,21051,Clay County,Kentucky,KY,quiet,6.2e-05,2647,59,501+,0.06,0.000153,2909,84,501+,0.04,0.008824,0.008686,0,0,0,,0.904,2024-25
2026-07-20,2026-07-27,05043,Drew County,Arkansas,AR,quiet,6.2e-05,2648,60,501+,0.06,0.000224,2664,55,501+,0.07,0.00881,0.013489,0,0,0,,,
2026-07-20,2026-07-27,19071,Fremont County,Iowa,IA,quiet,6.2e-05,2649,79,501+,0.06,0.000255,2551,77,501+,0.07,0.008801,0.015652,0,0,0,,0.8,2024-25
2026-07-20,2026-07-27,05037,Cross County,Arkansas,AR,quiet,6.2e-05,2650,61,501+,0.06,0.00016,2878,72,501+,0.05,0.008798,0.009118,0,0,0,,,
2026-07-20,2026-07-27,28013,Calhoun County,Mississippi,MS,quiet,6.2e-05,2651,57,501+,0.06,0.000201,2743,57,501+,0.06,0.008778,0.011897,0,0,0,,0.9879,2024-25
2026-07-20,2026-07-27,39073,Hocking County,Ohio,OH,quiet,6.2e-05,2652,78,501+,0.06,0.000358,2239,74,501+,0.1,0.008777,0.023041,0,0,0,,0.915,2024-25
2026-07-20,2026-07-27,18137,Ripley County,Indiana,IN,quiet,6.2e-05,2653,71,501+,0.06,0.000335,2301,61,501+,0.1,0.008767,0.021397,0,0,0,,0.9076,2024-25
2026-07-20,2026-07-27,37039,Cherokee County,North Carolina,NC,quiet,6.2e-05,2654,94,501+,0.06,0.000253,2557,90,501+,0.07,0.008765,0.015525,0,0,0,,0.86666667,2024-25
2026-07-20,2026-07-27,18169,Wabash County,Indiana,IN,quiet,6.2e-05,2655,72,501+,0.06,0.000228,2657,73,501+,0.07,0.008765,0.013776,0,0,0,,0.8921,2024-25
2026-07-20,2026-07-27,28139,Tippah County,Mississippi,MS,quiet,6.2e-05,2656,58,501+,0.06,0.000197,2757,58,501+,0.06,0.008739,0.011645,0,0,0,,0.993,2024-25
2026-07-20,2026-07-27,28129,Smith County,Mississippi,MS,quiet,6.2e-05,2657,59,501+,0.06,0.000296,2419,41,501+,0.09,0.008731,0.018541,0,0,0,,0.9855,2024-25
2026-07-20,2026-07-27,48063,Camp County,Texas,TX,quiet,6.2e-05,2658,231,501+,0.06,0.000409,2085,210,501+,0.12,0.00872,0.02683,0,0,0,,0.931973,2024-25
2026-07-20,2026-07-27,47023,Chester County,Tennessee,TN,quiet,6.1e-05,2659,75,501+,0.06,0.000166,2867,85,501+,0.05,0.008687,0.009537,0,0,0,,0.92,2024-25
2026-07-20,2026-07-27,01035,Conecuh County,Alabama,AL,quiet,6.1e-05,2660,57,501+,0.06,0.000212,2703,58,501+,0.06,0.008679,0.012672,0,0,0,,0.9302,2024-25
2026-07-20,2026-07-27,33003,Carroll County,New Hampshire,NH,quiet,6.1e-05,2661,9,501+,0.06,0.000252,2562,9,501+,0.07,0.008669,0.015405,0,0,0,,0.904,2024-25
2026-07-20,2026-07-27,18143,Scott County,Indiana,IN,quiet,6.1e-05,2662,73,501+,0.06,0.000188,2787,79,501+,0.05,0.008652,0.011012,0,0,0,,0.8479,2024-25
2026-07-20,2026-07-27,01053,Escambia County,Alabama,AL,quiet,6.1e-05,2663,58,501+,0.06,0.000361,2231,39,501+,0.1,0.008628,0.023235,0,0,0,,0.9656,2024-25
2026-07-20,2026-07-27,20157,Republic County,Kansas,KS,quiet,6.1e-05,2664,99,501+,0.06,0.000257,2545,95,501+,0.07,0.008627,0.015797,0,0,0,,0.8242,2024-25
2026-07-20,2026-07-27,13287,Turner County,Georgia,GA,quiet,6.1e-05,2665,130,501+,0.06,0.00016,2876,148,501+,0.05,0.008611,0.009156,0,0,0,,,
2026-07-20,2026-07-27,48431,Sterling County,Texas,TX,quiet,6.1e-05,2666,232,501+,0.06,0.000191,2777,241,501+,0.06,0.008608,0.011219,0,0,0,,1.0,2024-25
2026-07-20,2026-07-27,31091,Hooker County,Nebraska,NE,quiet,6.1e-05,2667,75,501+,0.05,0.000188,2789,78,501+,0.05,0.008595,0.010988,0,0,0,,1.0,2021-22
2026-07-20,2026-07-27,48261,Kenedy County,Texas,TX,quiet,6.1e-05,2668,233,501+,0.05,0.000197,2759,239,501+,0.06,0.008587,0.011631,0,0,0,,0.923077,2024-25
2026-07-20,2026-07-27,18129,Posey County,Indiana,IN,quiet,6.1e-05,2669,74,501+,0.05,0.000164,2870,86,501+,0.05,0.008583,0.009406,0,0,0,,0.8851,2024-25
2026-07-20,2026-07-27,05149,Yell County,Arkansas,AR,quiet,6.1e-05,2670,62,501+,0.05,0.000179,2817,68,501+,0.05,0.008574,0.010435,0,0,0,,,
2026-07-20,2026-07-27,47091,Johnson County,Tennessee,TN,quiet,6.1e-05,2671,76,501+,0.05,0.000224,2665,79,501+,0.07,0.008574,0.01347,0,0,0,,0.884,2024-25
2026-07-20,2026-07-27,29223,Wayne County,Missouri,MO,quiet,6.1e-05,2672,97,501+,0.05,0.000281,2468,92,501+,0.08,0.008565,0.017487,0,0,0,,0.911,2024-25
2026-07-20,2026-07-27,18155,Switzerland County,Indiana,IN,quiet,6e-05,2673,75,501+,0.05,0.000242,2603,70,501+,0.07,0.008546,0.014736,0,0,0,,0.9554,2024-25
2026-07-20,2026-07-27,38051,McIntosh County,North Dakota,ND,quiet,6e-05,2674,41,501+,0.05,0.00018,2814,46,501+,0.05,0.008542,0.010477,0,0,0,,0.8571,2024-25
2026-07-20,2026-07-27,55061,Kewaunee County,Wisconsin,WI,quiet,6e-05,2675,66,501+,0.05,0.000203,2732,69,501+,0.06,0.008541,0.012043,0,0,0,,0.9,2024-25
2026-07-20,2026-07-27,02068,Denali Borough,Alaska,AK,quiet,6e-05,2676,30,501+,0.05,0.000157,2889,29,501+,0.05,0.008534,0.008942,0,0,0,,,
2026-07-20,2026-07-27,13239,Quitman County,Georgia,GA,quiet,6e-05,2677,131,501+,0.05,0.000179,2819,142,501+,0.05,0.008529,0.010414,0,0,0,,,
2026-07-20,2026-07-27,22093,St. James Parish,Louisiana,LA,quiet,6e-05,2678,54,501+,0.05,0.000184,2805,55,501+,0.05,0.008518,0.010744,0,0,0,,0.966,2024-25
2026-07-20,2026-07-27,36097,Schuyler County,New York,NY,quiet,6e-05,2679,59,501+,0.05,0.000157,2888,60,501+,0.05,0.008516,0.008963,0,0,0,,0.995266901,2024-25
2026-07-20,2026-07-27,13235,Pulaski County,Georgia,GA,quiet,6e-05,2680,132,501+,0.05,0.000168,2863,147,501+,0.05,0.008512,0.009672,0,0,0,,,
2026-07-20,2026-07-27,48271,Kinney County,Texas,TX,quiet,6e-05,2681,234,501+,0.05,0.000155,2899,244,501+,0.04,0.008508,0.008792,0,0,0,,0.90625,2024-25
2026-07-20,2026-07-27,51830,Williamsburg City,Virginia,VA,quiet,6e-05,2682,103,501+,0.05,0.000172,2844,111,501+,0.05,0.008508,0.009935,0,0,0,,0.892,2024-25
2026-07-20,2026-07-27,38037,Grant County,North Dakota,ND,quiet,6e-05,2683,42,501+,0.05,0.00079,1441,27,501+,0.23,0.008507,0.056022,0,0,0,,0.5909,2024-25
2026-07-20,2026-07-27,47017,Carroll County,Tennessee,TN,quiet,6e-05,2684,77,501+,0.05,0.000236,2625,78,501+,0.07,0.008493,0.014302,0,0,0,,0.923,2024-25
2026-07-20,2026-07-27,55029,Door County,Wisconsin,WI,quiet,6e-05,2685,67,501+,0.05,0.000277,2480,65,501+,0.08,0.008476,0.017203,0,0,0,,0.81,2024-25
2026-07-20,2026-07-27,01063,Greene County,Alabama,AL,quiet,6e-05,2686,59,501+,0.05,0.000232,2641,56,501+,0.07,0.00847,0.014032,0,0,0,,0.85,2024-25
2026-07-20,2026-07-27,47175,Van Buren County,Tennessee,TN,quiet,6e-05,2687,78,501+,0.05,0.000237,2621,77,501+,0.07,0.00846,0.014351,0,0,0,,0.943,2024-25
2026-07-20,2026-07-27,17175,Stark County,Illinois,IL,quiet,6e-05,2688,74,501+,0.05,0.000175,2834,81,501+,0.05,0.00843,0.010135,0,0,0,,0.981,2024-25
2026-07-20,2026-07-27,21005,Anderson County,Kentucky,KY,quiet,6e-05,2689,60,501+,0.05,0.000463,1962,34,501+,0.13,0.008429,0.030861,0,0,0,,0.852,2024-25
2026-07-20,2026-07-27,47013,Campbell County,Tennessee,TN,quiet,6e-05,2690,79,501+,0.05,0.000284,2459,71,501+,0.08,0.008418,0.01767,0,0,0,,0.968,2024-25
2026-07-20,2026-07-27,36123,Yates County,New York,NY,quiet,6e-05,2691,60,501+,0.05,0.000172,2846,59,501+,0.05,0.008416,0.009916,0,0,0,,1.0,2024-25
2026-07-20,2026-07-27,13241,Rabun County,Georgia,GA,quiet,6e-05,2692,133,501+,0.05,0.000236,2624,117,501+,0.07,0.008406,0.01431,0,0,0,,,
2026-07-20,2026-07-27,48413,Schleicher County,Texas,TX,quiet,5.9e-05,2693,235,501+,0.05,0.000419,2053,209,501+,0.12,0.0084,0.027523,0,0,0,,1.0,2024-25
2026-07-20,2026-07-27,31103,Keya Paha County,Nebraska,NE,quiet,5.9e-05,2694,76,501+,0.05,0.000246,2588,73,501+,0.07,0.00838,0.015001,0,0,0,,0.75,2024-25
2026-07-20,2026-07-27,40057,Harmon County,Oklahoma,OK,quiet,5.9e-05,2695,76,501+,0.05,0.000355,2247,69,501+,0.1,0.008368,0.022857,0,0,0,,0.8889,2024-25
2026-07-20,2026-07-27,17149,Pike County,Illinois,IL,quiet,5.9e-05,2696,75,501+,0.05,0.000197,2762,77,501+,0.06,0.008368,0.011587,0,0,0,,0.924,2024-25
2026-07-20,2026-07-27,31061,Franklin County,Nebraska,NE,quiet,5.9e-05,2697,77,501+,0.05,0.000242,2604,74,501+,0.07,0.008361,0.014702,0,0,0,,0.941176471,2022-23
2026-07-20,2026-07-27,29059,Dallas County,Missouri,MO,quiet,5.9e-05,2698,98,501+,0.05,0.000355,2249,77,501+,0.1,0.008357,0.022811,0,0,0,,0.844,2024-25
2026-07-20,2026-07-27,21225,Union County,Kentucky,KY,quiet,5.9e-05,2699,61,501+,0.05,0.000247,2582,55,501+,0.07,0.008341,0.01509,0,0,0,,0.815,2024-25
2026-07-20,2026-07-27,37187,Washington County,North Carolina,NC,quiet,5.9e-05,2700,95,501+,0.05,9.3e-05,3062,100,501+,0.03,0.00834,0.004883,0,0,0,,1.0,2024-25
2026-07-20,2026-07-27,37189,Watauga County,North Carolina,NC,quiet,5.9e-05,2701,96,501+,0.05,0.00035,2255,85,501+,0.1,0.008337,0.022436,0,0,0,,0.89634146,2024-25
2026-07-20,2026-07-27,13059,Clarke County,Georgia,GA,quiet,5.9e-05,2702,134,501+,0.05,0.000427,2033,63,501+,0.12,0.00833,0.028162,0,0,0,,,
2026-07-20,2026-07-27,13199,Meriwether County,Georgia,GA,quiet,5.9e-05,2703,135,501+,0.05,0.0002,2748,134,501+,0.06,0.008295,0.011802,0,0,0,,,
2026-07-20,2026-07-27,13315,Wilcox County,Georgia,GA,quiet,5.9e-05,2704,136,501+,0.05,0.000208,2718,128,501+,0.06,0.008293,0.012345,0,0,0,,,
2026-07-20,2026-07-27,54031,Hardy County,West Virginia,WV,quiet,5.9e-05,2705,22,501+,0.05,0.000277,2481,20,501+,0.08,0.00828,0.017202,0,0,0,,,
2026-07-20,2026-07-27,51105,Lee County,Virginia,VA,quiet,5.9e-05,2706,104,501+,0.05,0.000231,2644,98,501+,0.07,0.008277,0.013974,0,0,0,,0.954,2024-25
2026-07-20,2026-07-27,29075,Gentry County,Missouri,MO,quiet,5.9e-05,2707,99,501+,0.05,0.000289,2442,90,501+,0.08,0.008276,0.018053,0,0,0,,0.983,2024-25
2026-07-20,2026-07-27,22027,Claiborne Parish,Louisiana,LA,quiet,5.9e-05,2708,55,501+,0.05,0.000131,2978,61,501+,0.04,0.008273,0.007233,0,0,0,,0.9044,2024-25
2026-07-20,2026-07-27,13141,Hancock County,Georgia,GA,quiet,5.9e-05,2709,137,501+,0.05,0.000113,3034,159,501+,0.03,0.00827,0.006087,0,0,0,,,
2026-07-20,2026-07-27,15005,Kalawao County,Hawaii,HI,quiet,5.9e-05,2710,5,501+,0.05,0.000157,2891,5,501+,0.05,0.008265,0.008921,0,0,0,,,
2026-07-20,2026-07-27,17035,Cumberland County,Illinois,IL,quiet,5.9e-05,2711,76,501+,0.05,0.000122,3003,94,501+,0.04,0.008254,0.006666,0,0,0,,0.975,2024-25
2026-07-20,2026-07-27,05057,Hempstead County,Arkansas,AR,quiet,5.9e-05,2712,63,501+,0.05,0.000296,2420,37,501+,0.09,0.008248,0.018538,0,0,0,,,
2026-07-20,2026-07-27,19133,Monona County,Iowa,IA,quiet,5.8e-05,2713,80,501+,0.05,0.000272,2498,72,501+,0.08,0.008236,0.016837,0,0,0,,0.84946237,2024-25
2026-07-20,2026-07-27,19131,Mitchell County,Iowa,IA,quiet,5.8e-05,2714,81,501+,0.05,0.000193,2771,91,501+,0.06,0.008231,0.011319,0,0,0,,0.88888889,2024-25
2026-07-20,2026-07-27,01037,Coosa County,Alabama,AL,quiet,5.8e-05,2715,60,501+,0.05,0.000137,2957,64,501+,0.04,0.008215,0.00766,0,0,0,,1.0,2024-25
2026-07-20,2026-07-27,01091,Marengo County,Alabama,AL,quiet,5.8e-05,2716,61,501+,0.05,0.000187,2792,62,501+,0.05,0.008206,0.010962,0,0,0,,0.9469,2024-25
2026-07-20,2026-07-27,08111,San Juan County,Colorado,CO,quiet,5.8e-05,2717,58,501+,0.05,0.000142,2949,61,501+,0.04,0.008202,0.007964,0,0,0,,0.8333,2024-25
2026-07-20,2026-07-27,19077,Guthrie County,Iowa,IA,quiet,5.8e-05,2718,82,501+,0.05,0.000282,2467,68,501+,0.08,0.008202,0.017513,0,0,0,,0.8375,2024-25
2026-07-20,2026-07-27,51115,Mathews County,Virginia,VA,quiet,5.8e-05,2719,105,501+,0.05,0.000199,2751,107,501+,0.06,0.008199,0.011729,0,0,0,,0.978,2024-25
2026-07-20,2026-07-27,18165,Vermillion County,Indiana,IN,quiet,5.8e-05,2720,76,501+,0.05,0.000157,2887,87,501+,0.05,0.008197,0.008973,0,0,0,,0.9739,2024-25
2026-07-20,2026-07-27,32029,Storey County,Nevada,NV,quiet,5.8e-05,2721,16,501+,0.05,0.000391,2137,16,501+,0.11,0.008186,0.025487,0,0,0,,0.966,2024-25
2026-07-20,2026-07-27,50005,Caledonia County,Vermont,VT,quiet,5.8e-05,2722,12,501+,0.05,0.000393,2130,11,501+,0.11,0.008157,0.025647,0,0,0,,0.92,2024-25
2026-07-20,2026-07-27,26071,Iron County,Michigan,MI,quiet,5.8e-05,2723,69,501+,0.05,0.000294,2425,69,501+,0.09,0.008126,0.018385,0,0,0,,0.87155963,2024-25
2026-07-20,2026-07-27,46017,Buffalo County,South Dakota,SD,quiet,5.8e-05,2724,63,501+,0.05,9.4e-05,3061,66,501+,0.03,0.00812,0.004915,0,0,0,,,
2026-07-20,2026-07-27,31177,Washington County,Nebraska,NE,quiet,5.8e-05,2725,78,501+,0.05,0.000149,2918,80,501+,0.04,0.00811,0.00842,0,0,0,,0.936651584,2024-25
2026-07-20,2026-07-27,13171,Lamar County,Georgia,GA,quiet,5.8e-05,2726,138,501+,0.05,0.000154,2907,152,501+,0.04,0.008095,0.008718,0,0,0,,,
2026-07-20,2026-07-27,22059,LaSalle Parish,Louisiana,LA,quiet,5.7e-05,2727,56,501+,0.05,0.00025,2566,46,501+,0.07,0.008078,0.01529,0,0,0,,0.9263,2024-25
2026-07-20,2026-07-27,22003,Allen Parish,Louisiana,LA,quiet,5.7e-05,2728,57,501+,0.05,0.000118,3016,62,501+,0.03,0.00807,0.006452,0,0,0,,0.9346,2024-25
2026-07-20,2026-07-27,28145,Union County,Mississippi,MS,quiet,5.7e-05,2729,60,501+,0.05,0.000257,2543,46,501+,0.07,0.008068,0.015807,0,0,0,,0.9745,2024-25
2026-07-20,2026-07-27,51139,Page County,Virginia,VA,quiet,5.7e-05,2730,106,501+,0.05,0.000246,2591,94,501+,0.07,0.008064,0.014976,0,0,0,,0.966,2024-25
2026-07-20,2026-07-27,01013,Butler County,Alabama,AL,quiet,5.7e-05,2731,62,501+,0.05,0.000272,2497,50,501+,0.08,0.00805,0.01684,0,0,0,,0.9304,2024-25
2026-07-20,2026-07-27,08095,Phillips County,Colorado,CO,quiet,5.7e-05,2732,59,501+,0.05,0.000217,2679,56,501+,0.06,0.008049,0.013005,0,0,0,,0.9804,2024-25
2026-07-20,2026-07-27,35051,Sierra County,New Mexico,NM,quiet,5.7e-05,2733,30,501+,0.05,0.000262,2527,30,501+,0.08,0.008049,0.016156,0,0,0,,0.9024,2024-25
2026-07-20,2026-07-27,28091,Marion County,Mississippi,MS,quiet,5.7e-05,2734,61,501+,0.05,0.000346,2267,30,501+,0.1,0.008044,0.022187,0,0,0,,0.979,2024-25
2026-07-20,2026-07-27,38013,Burke County,North Dakota,ND,quiet,5.7e-05,2735,43,501+,0.05,0.000792,1437,26,501+,0.23,0.008019,0.056203,0,0,1,60,0.8333,2024-25
2026-07-20,2026-07-27,48127,Dimmit County,Texas,TX,quiet,5.7e-05,2736,236,501+,0.05,0.000287,2449,229,501+,0.08,0.00801,0.017906,0,0,0,,0.992,2024-25
2026-07-20,2026-07-27,18047,Franklin County,Indiana,IN,quiet,5.7e-05,2737,77,501+,0.05,0.000383,2164,58,501+,0.11,0.00801,0.024884,0,0,0,,0.8062,2024-25
2026-07-20,2026-07-27,28163,Yazoo County,Mississippi,MS,quiet,5.7e-05,2738,62,501+,0.05,0.000152,2912,68,501+,0.04,0.008006,0.008613,0,0,0,,0.9884,2024-25
2026-07-20,2026-07-27,30033,Garfield County,Montana,MT,quiet,5.7e-05,2739,47,501+,0.05,0.00017,2854,47,501+,0.05,0.007982,0.009807,0,0,0,,,
2026-07-20,2026-07-27,55091,Pepin County,Wisconsin,WI,quiet,5.7e-05,2740,68,501+,0.05,0.000175,2832,71,501+,0.05,0.007977,0.010151,0,0,0,,0.83,2024-25
2026-07-20,2026-07-27,21217,Taylor County,Kentucky,KY,quiet,5.7e-05,2741,62,501+,0.05,0.000317,2359,49,501+,0.09,0.007958,0.020072,0,0,0,,0.832,2024-25
2026-07-20,2026-07-27,17101,Lawrence County,Illinois,IL,quiet,5.7e-05,2742,77,501+,0.05,0.000129,2987,91,501+,0.04,0.007957,0.007121,0,0,0,,0.989,2024-25
2026-07-20,2026-07-27,51097,King and Queen County,Virginia,VA,quiet,5.7e-05,2743,107,501+,0.05,0.000213,2699,101,501+,0.06,0.007945,0.012726,0,0,0,,0.907,2024-25
2026-07-20,2026-07-27,21057,Cumberland County,Kentucky,KY,quiet,5.7e-05,2744,63,501+,0.05,0.000213,2702,62,501+,0.06,0.007943,0.01269,0,0,0,,0.865,2024-25
2026-07-20,2026-07-27,05003,Ashley County,Arkansas,AR,quiet,5.6e-05,2745,64,501+,0.05,0.000274,2490,41,501+,0.08,0.007929,0.016978,0,0,0,,,
2026-07-20,2026-07-27,46119,Sully County,South Dakota,SD,quiet,5.6e-05,2746,64,501+,0.05,0.00014,2954,65,501+,0.04,0.007919,0.007837,0,0,0,,0.83,2024-25
2026-07-20,2026-07-27,19055,Delaware County,Iowa,IA,quiet,5.6e-05,2747,83,501+,0.05,0.000288,2445,66,501+,0.08,0.007909,0.017976,0,0,0,,0.88372093,2024-25
2026-07-20,2026-07-27,05067,Jackson County,Arkansas,AR,quiet,5.6e-05,2748,65,501+,0.05,0.000183,2806,66,501+,0.05,0.007904,0.010705,0,0,0,,,
2026-07-20,2026-07-27,26011,Arenac County,Michigan,MI,quiet,5.6e-05,2749,70,501+,0.05,0.000206,2725,75,501+,0.06,0.007896,0.012239,0,0,0,,0.91414141,2024-25
2026-07-20,2026-07-27,31015,Boyd County,Nebraska,NE,quiet,5.6e-05,2750,79,501+,0.05,0.000122,3005,83,501+,0.04,0.007883,0.006649,0,0,0,,0.818181818,2024-25
2026-07-20,2026-07-27,51081,Greensville County,Virginia,VA,quiet,5.6e-05,2751,108,501+,0.05,9.1e-05,3067,127,501+,0.03,0.007882,0.004762,0,0,0,,0.985,2024-25
2026-07-20,2026-07-27,28099,Neshoba County,Mississippi,MS,quiet,5.6e-05,2752,63,501+,0.05,0.00018,2815,62,501+,0.05,0.007875,0.010461,0,0,0,,0.9917,2024-25
2026-07-20,2026-07-27,29079,Grundy County,Missouri,MO,quiet,5.6e-05,2753,100,501+,0.05,0.000525,1835,57,501+,0.15,0.007857,0.035562,0,0,0,,0.91,2024-25
2026-07-20,2026-07-27,49031,Piute County,Utah,UT,quiet,5.6e-05,2754,28,501+,0.05,0.000357,2243,27,501+,0.1,0.007854,0.022948,0,0,0,,,
2026-07-20,2026-07-27,42047,Elk County,Pennsylvania,PA,quiet,5.6e-05,2755,59,501+,0.05,0.000216,2684,60,501+,0.06,0.007838,0.012894,0,0,0,,0.948,2024-25
2026-07-20,2026-07-27,54093,Tucker County,West Virginia,WV,quiet,5.6e-05,2756,23,501+,0.05,0.000129,2985,39,501+,0.04,0.007835,0.007149,0,0,0,,,
2026-07-20,2026-07-27,17131,Mercer County,Illinois,IL,quiet,5.6e-05,2757,78,501+,0.05,0.000228,2658,74,501+,0.07,0.007802,0.013749,0,0,0,,0.971,2024-25
2026-07-20,2026-07-27,21155,Marion County,Kentucky,KY,quiet,5.6e-05,2758,64,501+,0.05,0.000234,2630,57,501+,0.07,0.007799,0.014153,0,0,0,,0.944,2024-25
2026-07-20,2026-07-27,01119,Sumter County,Alabama,AL,quiet,5.6e-05,2759,63,501+,0.05,0.000168,2864,63,501+,0.05,0.007798,0.00967,0,0,0,,1.0,2024-25
2026-07-20,2026-07-27,28053,Humphreys County,Mississippi,MS,quiet,5.6e-05,2760,64,501+,0.05,0.000169,2859,66,501+,0.05,0.007792,0.009746,0,0,0,,1.0,2024-25
2026-07-20,2026-07-27,54007,Braxton County,West Virginia,WV,quiet,5.6e-05,2761,24,501+,0.05,0.000193,2770,27,501+,0.06,0.00779,0.01135,0,0,0,,,
2026-07-20,2026-07-27,28155,Webster County,Mississippi,MS,quiet,5.6e-05,2762,65,501+,0.05,0.000217,2680,53,501+,0.06,0.00778,0.01296,0,0,0,,0.9925,2024-25
2026-07-20,2026-07-27,05129,Searcy County,Arkansas,AR,quiet,5.5e-05,2763,66,501+,0.05,0.000212,2705,59,501+,0.06,0.007768,0.01266,0,0,0,,,
2026-07-20,2026-07-27,19089,Howard County,Iowa,IA,quiet,5.5e-05,2764,84,501+,0.05,0.000231,2648,84,501+,0.07,0.007756,0.013949,0,0,0,,0.90853659,2024-25
2026-07-20,2026-07-27,13229,Pierce County,Georgia,GA,quiet,5.5e-05,2765,139,501+,0.05,0.000202,2739,132,501+,0.06,0.007732,0.011953,0,0,0,,,
2026-07-20,2026-07-27,12077,Liberty County,Florida,FL,quiet,5.5e-05,2766,66,501+,0.05,0.000399,2116,58,501+,0.12,0.007713,0.026049,0,0,0,,0.936,2024-25
2026-07-20,2026-07-27,20101,Lane County,Kansas,KS,quiet,5.5e-05,2767,100,501+,0.05,0.000198,2754,99,501+,0.06,0.00771,0.011668,0,0,0,,1.0,2024-25
2026-07-20,2026-07-27,47181,Wayne County,Tennessee,TN,quiet,5.5e-05,2768,80,501+,0.05,0.000328,2326,65,501+,0.1,0.007696,0.020863,0,0,0,,0.928,2024-25
2026-07-20,2026-07-27,18179,Wells County,Indiana,IN,quiet,5.5e-05,2769,78,501+,0.05,0.000227,2662,74,501+,0.07,0.007666,0.013705,0,0,0,,0.8895,2024-25
2026-07-20,2026-07-27,51640,Galax City,Virginia,VA,quiet,5.5e-05,2770,109,501+,0.05,0.000202,2740,105,501+,0.06,0.007662,0.011944,0,0,0,,0.892,2024-25
2026-07-20,2026-07-27,29025,Caldwell County,Missouri,MO,quiet,5.5e-05,2771,101,501+,0.05,0.0003,2407,88,501+,0.09,0.00766,0.018808,0,0,0,,0.951,2024-25
2026-07-20,2026-07-27,17151,Pope County,Illinois,IL,quiet,5.5e-05,2772,79,501+,0.05,0.000212,2707,75,501+,0.06,0.007657,0.012617,0,0,0,,0.864,2024-25
2026-07-20,2026-07-27,42023,Cameron County,Pennsylvania,PA,quiet,5.5e-05,2773,60,501+,0.05,0.000408,2089,57,501+,0.12,0.007653,0.026727,0,0,0,,0.806,2024-25
2026-07-20,2026-07-27,37009,Ashe County,North Carolina,NC,quiet,5.5e-05,2774,97,501+,0.05,0.000331,2315,87,501+,0.1,0.007646,0.021058,0,0,0,,0.97122302,2024-25
2026-07-20,2026-07-27,51580,Covington City,Virginia,VA,quiet,5.5e-05,2775,110,501+,0.05,0.000153,2910,114,501+,0.04,0.007644,0.008682,0,0,0,,0.987,2024-25
2026-07-20,2026-07-27,47109,McNairy County,Tennessee,TN,quiet,5.5e-05,2776,81,501+,0.05,0.000214,2689,80,501+,0.06,0.007641,0.012811,0,0,0,,0.925,2024-25
2026-07-20,2026-07-27,21199,Pulaski County,Kentucky,KY,quiet,5.4e-05,2777,65,501+,0.05,0.000295,2422,51,501+,0.09,0.007621,0.018455,0,0,0,,0.949,2024-25
2026-07-20,2026-07-27,26095,Luce County,Michigan,MI,quiet,5.4e-05,2778,71,501+,0.05,0.000374,2186,65,501+,0.11,0.007619,0.024223,0,0,0,,0.91891892,2024-25
2026-07-20,2026-07-27,13299,Ware County,Georgia,GA,quiet,5.4e-05,2779,140,501+,0.05,0.000201,2744,133,501+,0.06,0.007597,0.011872,0,0,0,,,
2026-07-20,2026-07-27,13033,Burke County,Georgia,GA,quiet,5.4e-05,2780,141,501+,0.05,0.00021,2713,126,501+,0.06,0.007587,0.012529,0,0,0,,,
2026-07-20,2026-07-27,40065,Jackson County,Oklahoma,OK,quiet,5.4e-05,2781,77,501+,0.05,0.000217,2678,77,501+,0.06,0.007584,0.013019,0,0,0,,0.9585,2024-25
2026-07-20,2026-07-27,18101,Martin County,Indiana,IN,quiet,5.4e-05,2782,79,501+,0.05,0.000214,2691,76,501+,0.06,0.007581,0.012787,0,0,0,,0.8681,2024-25
2026-07-20,2026-07-27,51025,Brunswick County,Virginia,VA,quiet,5.4e-05,2783,111,501+,0.05,0.000137,2961,119,501+,0.04,0.007578,0.007612,0,0,0,,0.929,2024-25
2026-07-20,2026-07-27,12037,Franklin County,Florida,FL,quiet,5.4e-05,2784,67,501+,0.05,0.000247,2586,67,501+,0.07,0.007564,0.015054,0,0,0,,0.912,2024-25
2026-07-20,2026-07-27,18161,Union County,Indiana,IN,quiet,5.4e-05,2785,80,501+,0.05,0.000194,2768,77,501+,0.06,0.007561,0.011406,0,0,0,,0.9802,2024-25
2026-07-20,2026-07-27,13043,Candler County,Georgia,GA,quiet,5.4e-05,2786,142,501+,0.05,0.000174,2839,145,501+,0.05,0.007549,0.010071,0,0,0,,,
2026-07-20,2026-07-27,29013,Bates County,Missouri,MO,quiet,5.4e-05,2787,102,501+,0.05,0.000418,2054,69,501+,0.12,0.007547,0.027497,0,0,0,,0.869,2024-25
2026-07-20,2026-07-27,22039,Evangeline Parish,Louisiana,LA,quiet,5.4e-05,2788,58,501+,0.05,0.000154,2902,57,501+,0.04,0.007513,0.008768,0,0,0,,0.9275,2024-25
2026-07-20,2026-07-27,38031,Foster County,North Dakota,ND,quiet,5.4e-05,2789,44,501+,0.05,0.000372,2195,37,501+,0.11,0.007513,0.024035,0,0,0,,0.9216,2024-25
2026-07-20,2026-07-27,28157,Wilkinson County,Mississippi,MS,quiet,5.4e-05,2790,66,501+,0.05,0.00017,2853,65,501+,0.05,0.007501,0.00982,0,0,0,,1.0,2024-25
2026-07-20,2026-07-27,29186,Ste. Genevieve County,Missouri,MO,quiet,5.4e-05,2791,103,501+,0.05,0.000223,2668,102,501+,0.06,0.007493,0.013381,0,0,0,,0.87,2024-25
2026-07-20,2026-07-27,51071,Giles County,Virginia,VA,quiet,5.4e-05,2792,112,501+,0.05,0.000178,2824,108,501+,0.05,0.007472,0.010369,0,0,0,,0.876,2024-25
2026-07-20,2026-07-27,13087,Decatur County,Georgia,GA,quiet,5.3e-05,2793,143,501+,0.05,0.000169,2858,146,501+,0.05,0.007465,0.009764,0,0,0,,,
2026-07-20,2026-07-27,22035,East Carroll Parish,Louisiana,LA,quiet,5.3e-05,2794,59,501+,0.05,0.00019,2780,52,501+,0.06,0.007448,0.011138,0,0,0,,,
2026-07-20,2026-07-27,45033,Dillon County,South Carolina,SC,quiet,5.3e-05,2795,45,501+,0.05,0.000151,2915,46,501+,0.04,0.007447,0.008576,0,0,0,,0.984,2024-25
2026-07-20,2026-07-27,17013,Calhoun County,Illinois,IL,quiet,5.3e-05,2796,80,501+,0.05,0.000261,2534,69,501+,0.08,0.007439,0.01606,0,0,0,,0.982,2024-25
2026-07-20,2026-07-27,47143,Rhea County,Tennessee,TN,quiet,5.3e-05,2797,82,501+,0.05,0.000313,2372,67,501+,0.09,0.007424,0.019764,0,0,0,,0.957,2024-25
2026-07-20,2026-07-27,31003,Antelope County,Nebraska,NE,quiet,5.3e-05,2798,80,501+,0.05,0.000196,2764,77,501+,0.06,0.007417,0.01155,0,0,0,,0.875,2024-25
2026-07-20,2026-07-27,29157,Perry County,Missouri,MO,quiet,5.3e-05,2799,104,501+,0.05,0.00017,2855,113,501+,0.05,0.007404,0.009797,0,0,0,,0.882,2024-25
2026-07-20,2026-07-27,31081,Hamilton County,Nebraska,NE,quiet,5.3e-05,2800,81,501+,0.05,0.000117,3021,84,501+,0.03,0.007381,0.006347,0,0,0,,0.876106195,2024-25
2026-07-20,2026-07-27,54021,Gilmer County,West Virginia,WV,quiet,5.3e-05,2801,25,501+,0.05,0.000187,2793,28,501+,0.05,0.007376,0.010962,0,0,0,,,
2026-07-20,2026-07-27,54083,Randolph County,West Virginia,WV,quiet,5.3e-05,2802,26,501+,0.05,0.000215,2687,23,501+,0.06,0.007372,0.012865,0,0,0,,,
2026-07-20,2026-07-27,48095,Concho County,Texas,TX,quiet,5.3e-05,2803,237,501+,0.05,0.000257,2548,235,501+,0.07,0.007351,0.015764,0,0,0,,1.0,2024-25
2026-07-20,2026-07-27,19037,Chickasaw County,Iowa,IA,quiet,5.3e-05,2804,85,501+,0.05,0.000208,2719,87,501+,0.06,0.007343,0.012339,0,0,0,,0.91176471,2024-25
2026-07-20,2026-07-27,17039,De Witt County,Illinois,IL,quiet,5.2e-05,2805,81,501+,0.05,0.000179,2818,79,501+,0.05,0.007303,0.010435,0,0,0,,0.978,2024-25
2026-07-20,2026-07-27,22043,Grant Parish,Louisiana,LA,quiet,5.2e-05,2806,60,501+,0.05,0.000337,2295,39,501+,0.1,0.007301,0.021544,0,0,0,,0.9,2024-25
2026-07-20,2026-07-27,51620,Franklin City,Virginia,VA,quiet,5.2e-05,2807,113,501+,0.05,0.000173,2841,110,501+,0.05,0.007294,0.010003,0,0,0,,0.759,2024-25
2026-07-20,2026-07-27,05049,Fulton County,Arkansas,AR,quiet,5.2e-05,2808,67,501+,0.05,0.000214,2694,58,501+,0.06,0.00729,0.012775,0,0,0,,,
2026-07-20,2026-07-27,28025,Clay County,Mississippi,MS,quiet,5.2e-05,2809,67,501+,0.05,0.000185,2802,60,501+,0.05,0.007282,0.010784,0,0,0,,0.9788,2024-25
2026-07-20,2026-07-27,20089,Jewell County,Kansas,KS,quiet,5.2e-05,2810,101,501+,0.05,0.000257,2544,94,501+,0.07,0.007279,0.015798,0,0,0,,0.7942,2024-25
2026-07-20,2026-07-27,28067,Jones County,Mississippi,MS,quiet,5.2e-05,2811,68,501+,0.05,0.000669,1584,12,501+,0.19,0.007275,0.046651,0,0,0,,0.9667,2024-25
2026-07-20,2026-07-27,29103,Knox County,Missouri,MO,quiet,5.2e-05,2812,105,501+,0.05,0.000237,2620,99,501+,0.07,0.007269,0.014356,0,0,0,,0.975,2024-25
2026-07-20,2026-07-27,48447,Throckmorton County,Texas,TX,quiet,5.2e-05,2813,238,501+,0.05,0.00034,2288,221,501+,0.1,0.007268,0.021697,0,0,0,,0.928571,2024-25
2026-07-20,2026-07-27,13107,Emanuel County,Georgia,GA,quiet,5.2e-05,2814,144,501+,0.05,0.000255,2553,108,501+,0.07,0.007261,0.015641,0,0,0,,,
2026-07-20,2026-07-27,55011,Buffalo County,Wisconsin,WI,quiet,5.2e-05,2815,69,501+,0.05,0.00029,2436,64,501+,0.08,0.007261,0.01814,0,0,0,,0.89,2024-25
2026-07-20,2026-07-27,26039,Crawford County,Michigan,MI,quiet,5.2e-05,2816,72,501+,0.05,0.000247,2585,72,501+,0.07,0.007259,0.015059,0,0,0,,0.92561983,2024-25
2026-07-20,2026-07-27,13209,Montgomery County,Georgia,GA,quiet,5.2e-05,2817,145,501+,0.05,0.000206,2727,131,501+,0.06,0.007257,0.012225,0,0,0,,,
2026-07-20,2026-07-27,05089,Marion County,Arkansas,AR,quiet,5.2e-05,2818,68,501+,0.05,0.000159,2882,73,501+,0.05,0.007246,0.009094,0,0,0,,,
2026-07-20,2026-07-27,47005,Benton County,Tennessee,TN,quiet,5.2e-05,2819,83,501+,0.05,0.000167,2865,84,501+,0.05,0.007244,0.009571,0,0,0,,0.946,2024-25
2026-07-20,2026-07-27,19191,Winneshiek County,Iowa,IA,quiet,5.2e-05,2820,86,501+,0.05,0.000249,2574,78,501+,0.07,0.007235,0.015212,0,0,0,,0.91949153,2024-25
2026-07-20,2026-07-27,38033,Golden Valley County,North Dakota,ND,quiet,5.2e-05,2821,45,501+,0.05,0.000261,2535,43,501+,0.08,0.007227,0.016048,0,0,0,,0.92,2024-25
2026-07-20,2026-07-27,26035,Clare County,Michigan,MI,quiet,5.2e-05,2822,73,501+,0.05,0.000404,2099,61,501+,0.12,0.007218,0.026459,0,0,0,,0.89666667,2024-25
2026-07-20,2026-07-27,51057,Essex County,Virginia,VA,quiet,5.2e-05,2823,114,501+,0.05,0.000272,2500,90,501+,0.08,0.007177,0.0168,0,0,0,,0.87,2024-25
2026-07-20,2026-07-27,38075,Renville County,North Dakota,ND,quiet,5.2e-05,2824,46,501+,0.05,0.000152,2911,48,501+,0.04,0.007172,0.008645,0,0,0,,0.9167,2024-25
2026-07-20,2026-07-27,31077,Greeley County,Nebraska,NE,quiet,5.2e-05,2825,82,501+,0.05,0.0002,2746,75,501+,0.06,0.007169,0.011818,0,0,0,,0.891891892,2024-25
2026-07-20,2026-07-27,19007,Appanoose County,Iowa,IA,quiet,5.1e-05,2826,87,501+,0.05,0.000327,2330,62,501+,0.09,0.007153,0.02079,0,0,0,,0.83333333,2024-25
2026-07-20,2026-07-27,05107,Phillips County,Arkansas,AR,quiet,5.1e-05,2827,69,501+,0.05,0.000124,2999,75,501+,0.04,0.007127,0.006796,0,0,0,,,
2026-07-20,2026-07-27,01019,Cherokee County,Alabama,AL,quiet,5.1e-05,2828,64,501+,0.05,0.000244,2600,53,501+,0.07,0.00712,0.014844,0,0,0,,0.9479,2024-25
2026-07-20,2026-07-27,13291,Union County,Georgia,GA,quiet,5.1e-05,2829,146,501+,0.05,0.000177,2826,144,501+,0.05,0.007115,0.010299,0,0,0,,,
2026-07-20,2026-07-27,13263,Talbot County,Georgia,GA,quiet,5.1e-05,2830,147,501+,0.05,0.000192,2774,136,501+,0.06,0.00709,0.011278,0,0,0,,,
2026-07-20,2026-07-27,19075,Grundy County,Iowa,IA,quiet,5.1e-05,2831,88,501+,0.05,0.000156,2894,94,501+,0.05,0.007081,0.008906,0,0,0,,0.95348837,2024-25
2026-07-20,2026-07-27,21207,Russell County,Kentucky,KY,quiet,5.1e-05,2832,66,501+,0.05,0.000132,2972,93,501+,0.04,0.007061,0.007343,0,0,0,,0.96,2024-25
2026-07-20,2026-07-27,19159,Ringgold County,Iowa,IA,quiet,5.1e-05,2833,89,501+,0.05,0.000241,2606,80,501+,0.07,0.007056,0.014663,0,0,0,,0.98275862,2024-25
2026-07-20,2026-07-27,19137,Montgomery County,Iowa,IA,quiet,5.1e-05,2834,90,501+,0.05,0.000374,2187,54,501+,0.11,0.007054,0.0242,0,0,0,,0.94047619,2024-25
2026-07-20,2026-07-27,13109,Evans County,Georgia,GA,quiet,5.1e-05,2835,148,501+,0.05,0.000184,2803,140,501+,0.05,0.007048,0.010756,0,0,0,,,
2026-07-20,2026-07-27,48243,Jeff Davis County,Texas,TX,quiet,5.1e-05,2836,239,501+,0.05,0.000361,2227,218,501+,0.1,0.007041,0.023294,0,0,0,,0.875,2024-25
2026-07-20,2026-07-27,39111,Monroe County,Ohio,OH,quiet,5.1e-05,2837,79,501+,0.05,0.000114,3032,85,501+,0.03,0.00703,0.006175,0,0,0,,0.975,2024-25
2026-07-20,2026-07-27,13189,McDuffie County,Georgia,GA,quiet,5.1e-05,2838,149,501+,0.05,0.000132,2974,157,501+,0.04,0.007005,0.007312,0,0,0,,,
2026-07-20,2026-07-27,37137,Pamlico County,North Carolina,NC,quiet,5.1e-05,2839,98,501+,0.05,0.00014,2955,99,501+,0.04,0.007001,0.007824,0,0,0,,0.95967742,2024-25
2026-07-20,2026-07-27,28119,Quitman County,Mississippi,MS,quiet,5.1e-05,2840,69,501+,0.05,0.000155,2900,67,501+,0.04,0.007001,0.008786,0,0,0,,1.0,2024-25
2026-07-20,2026-07-27,21123,Larue County,Kentucky,KY,quiet,5e-05,2841,67,501+,0.05,0.000148,2925,85,501+,0.04,0.007001,0.008338,0,0,0,,0.93,2024-25
2026-07-20,2026-07-27,13283,Treutlen County,Georgia,GA,quiet,5e-05,2842,150,501+,0.05,0.000206,2724,130,501+,0.06,0.006979,0.012245,0,0,0,,,
2026-07-20,2026-07-27,21159,Martin County,Kentucky,KY,quiet,5e-05,2843,68,501+,0.05,0.000245,2593,56,501+,0.07,0.006975,0.014926,0,0,0,,0.931,2024-25
2026-07-20,2026-07-27,50009,Essex County,Vermont,VT,quiet,5e-05,2844,13,501+,0.05,0.000234,2629,13,501+,0.07,0.006959,0.014166,0,0,0,,,
2026-07-20,2026-07-27,54063,Monroe County,West Virginia,WV,quiet,5e-05,2845,27,501+,0.05,0.000197,2756,26,501+,0.06,0.006955,0.01165,0,0,0,,,
2026-07-20,2026-07-27,54047,McDowell County,West Virginia,WV,quiet,5e-05,2846,28,501+,0.05,0.000131,2977,37,501+,0.04,0.006953,0.007269,0,0,0,,,
2026-07-20,2026-07-27,51021,Bland County,Virginia,VA,quiet,5e-05,2847,115,501+,0.05,0.00021,2714,102,501+,0.06,0.006898,0.012478,0,0,0,,0.898,2024-25
2026-07-20,2026-07-27,17055,Franklin County,Illinois,IL,quiet,5e-05,2848,82,501+,0.05,0.000307,2388,60,501+,0.09,0.006886,0.019346,0,0,0,,0.967,2024-25
2026-07-20,2026-07-27,05065,Izard County,Arkansas,AR,quiet,5e-05,2849,70,501+,0.04,0.000168,2861,71,501+,0.05,0.006864,0.009679,0,0,0,,,
2026-07-20,2026-07-27,21149,McLean County,Kentucky,KY,quiet,4.9e-05,2850,69,501+,0.04,0.000269,2509,53,501+,0.08,0.006843,0.016614,0,0,0,,0.96875,2024-25
2026-07-20,2026-07-27,05111,Poinsett County,Arkansas,AR,quiet,4.9e-05,2851,71,501+,0.04,0.000198,2755,63,501+,0.06,0.006827,0.011661,0,0,0,,,
2026-07-20,2026-07-27,39037,Darke County,Ohio,OH,quiet,4.9e-05,2852,80,501+,0.04,0.000436,2016,70,501+,0.13,0.006826,0.028796,0,0,0,,0.925,2024-25
2026-07-20,2026-07-27,45065,McCormick County,South Carolina,SC,quiet,4.9e-05,2853,46,501+,0.04,0.000189,2781,44,501+,0.06,0.006826,0.011108,0,0,0,,0.964,2024-25
2026-07-20,2026-07-27,29129,Mercer County,Missouri,MO,quiet,4.9e-05,2854,106,501+,0.04,0.000249,2577,96,501+,0.07,0.006821,0.015205,0,0,0,,1.0,2024-25
2026-07-20,2026-07-27,21097,Harrison County,Kentucky,KY,quiet,4.9e-05,2855,70,501+,0.04,0.000158,2884,78,501+,0.05,0.006817,0.009028,0,0,0,,0.917,2024-25
2026-07-20,2026-07-27,29081,Harrison County,Missouri,MO,quiet,4.9e-05,2856,107,501+,0.04,0.000231,2646,101,501+,0.07,0.006796,0.013956,0,0,0,,0.88,2024-25
2026-07-20,2026-07-27,29207,Stoddard County,Missouri,MO,quiet,4.9e-05,2857,108,501+,0.04,0.000216,2683,103,501+,0.06,0.006782,0.012927,0,0,0,,0.915,2024-25
2026-07-20,2026-07-27,54089,Summers County,West Virginia,WV,quiet,4.9e-05,2858,29,501+,0.04,0.000125,2997,42,501+,0.04,0.006772,0.006874,0,0,0,,,
2026-07-20,2026-07-27,13277,Tift County,Georgia,GA,quiet,4.9e-05,2859,151,501+,0.04,0.000259,2539,107,501+,0.08,0.00677,0.015917,0,0,0,,,
2026-07-20,2026-07-27,50019,Orleans County,Vermont,VT,quiet,4.9e-05,2860,14,501+,0.04,0.00023,2652,14,501+,0.07,0.006757,0.013889,0,0,0,,0.92,2024-25
2026-07-20,2026-07-27,13265,Taliaferro County,Georgia,GA,quiet,4.9e-05,2861,152,501+,0.04,0.000143,2942,154,501+,0.04,0.00672,0.008045,0,0,0,,,
2026-07-20,2026-07-27,48253,Jones County,Texas,TX,quiet,4.9e-05,2862,240,501+,0.04,0.000283,2462,230,501+,0.08,0.006708,0.017612,0,0,0,,0.966102,2024-25
2026-07-20,2026-07-27,30059,Meagher County,Montana,MT,quiet,4.8e-05,2863,48,501+,0.04,0.000152,2913,48,501+,0.04,0.006666,0.008582,0,0,0,,,
2026-07-20,2026-07-27,29033,Carroll County,Missouri,MO,quiet,4.8e-05,2864,109,501+,0.04,0.000178,2825,111,501+,0.05,0.00666,0.010309,0,0,0,,0.946,2024-25
2026-07-20,2026-07-27,13281,Towns County,Georgia,GA,quiet,4.8e-05,2865,153,501+,0.04,0.000158,2883,150,501+,0.05,0.006657,0.009029,0,0,0,,,
2026-07-20,2026-07-27,17171,Scott County,Illinois,IL,quiet,4.8e-05,2866,83,501+,0.04,0.000165,2869,84,501+,0.05,0.006654,0.009451,0,0,0,,0.977,2024-25
2026-07-20,2026-07-27,21129,Lee County,Kentucky,KY,quiet,4.8e-05,2867,71,501+,0.04,0.000159,2879,76,501+,0.05,0.00665,0.009106,0,0,0,,0.908,2024-25
2026-07-20,2026-07-27,26085,Lake County,Michigan,MI,quiet,4.8e-05,2868,74,501+,0.04,0.000271,2505,70,501+,0.08,0.006625,0.016739,0,0,0,,0.90909091,2024-25
2026-07-20,2026-07-27,18125,Pike County,Indiana,IN,quiet,4.8e-05,2869,81,501+,0.04,0.000148,2921,88,501+,0.04,0.006609,0.008369,0,0,0,,0.9624,2024-25
2026-07-20,2026-07-27,13131,Grady County,Georgia,GA,quiet,4.8e-05,2870,154,501+,0.04,0.000144,2941,153,501+,0.04,0.006594,0.008063,0,0,0,,,
2026-07-20,2026-07-27,01107,Pickens County,Alabama,AL,quiet,4.8e-05,2871,65,501+,0.04,0.000118,3018,66,501+,0.03,0.006551,0.006414,0,0,0,,0.9426,2024-25
2026-07-20,2026-07-27,19029,Cass County,Iowa,IA,quiet,4.8e-05,2872,91,501+,0.04,0.000194,2767,90,501+,0.06,0.006539,0.011435,0,0,0,,0.85648148,2024-25
2026-07-20,2026-07-27,54025,Greenbrier County,West Virginia,WV,quiet,4.7e-05,2873,30,501+,0.04,0.000158,2885,30,501+,0.05,0.006535,0.008991,0,0,0,,,
2026-07-20,2026-07-27,18075,Jay County,Indiana,IN,quiet,4.7e-05,2874,82,501+,0.04,0.000277,2483,67,501+,0.08,0.006524,0.017165,0,0,0,,0.8964,2024-25
2026-07-20,2026-07-27,19009,Audubon County,Iowa,IA,quiet,4.7e-05,2875,92,501+,0.04,0.000284,2458,67,501+,0.08,0.006512,0.017695,0,0,0,,0.83116883,2024-25
2026-07-20,2026-07-27,55037,Florence County,Wisconsin,WI,quiet,4.7e-05,2876,70,501+,0.04,0.000244,2599,68,501+,0.07,0.006486,0.014875,0,0,0,,0.76,2024-25
2026-07-20,2026-07-27,51036,Charles City County,Virginia,VA,quiet,4.7e-05,2877,116,501+,0.04,0.000134,2965,120,501+,0.04,0.006485,0.007446,0,0,0,,0.645,2024-25
2026-07-20,2026-07-27,19117,Lucas County,Iowa,IA,quiet,4.7e-05,2878,93,501+,0.04,0.000197,2761,89,501+,0.06,0.006473,0.011602,0,0,0,,0.85555556,2024-25
2026-07-20,2026-07-27,27001,Aitkin County,Minnesota,MN,quiet,4.7e-05,2879,86,501+,0.04,0.000192,2772,87,501+,0.06,0.006466,0.011284,0,0,0,,0.784,2024-25
2026-07-20,2026-07-27,22081,Red River Parish,Louisiana,LA,quiet,4.7e-05,2880,61,501+,0.04,0.000218,2677,49,501+,0.06,0.006455,0.013043,0,0,0,,0.9796,2024-25
2026-07-20,2026-07-27,32009,Esmeralda County,Nevada,NV,quiet,4.7e-05,2881,17,501+,0.04,0.000115,3027,17,501+,0.03,0.006451,0.006267,0,0,0,,0.667,2024-25
2026-07-20,2026-07-27,21087,Green County,Kentucky,KY,quiet,4.7e-05,2882,72,501+,0.04,0.000132,2975,95,501+,0.04,0.006426,0.007292,0,0,0,,0.962,2024-25
2026-07-20,2026-07-27,19095,Iowa County,Iowa,IA,quiet,4.7e-05,2883,94,501+,0.04,0.000239,2613,81,501+,0.07,0.006426,0.014519,0,0,0,,0.91573034,2024-25
2026-07-20,2026-07-27,39031,Coshocton County,Ohio,OH,quiet,4.7e-05,2884,81,501+,0.04,0.000465,1960,68,501+,0.13,0.006405,0.030966,0,0,0,,0.934,2024-25
2026-07-20,2026-07-27,37041,Chowan County,North Carolina,NC,quiet,4.6e-05,2885,99,501+,0.04,0.000162,2873,97,501+,0.05,0.006374,0.009287,0,0,0,,0.93706294,2024-25
2026-07-20,2026-07-27,47069,Hardeman County,Tennessee,TN,quiet,4.6e-05,2886,84,501+,0.04,0.000118,3017,90,501+,0.03,0.006368,0.006444,0,0,0,,0.991,2024-25
2026-07-20,2026-07-27,20005,Atchison County,Kansas,KS,quiet,4.6e-05,2887,102,501+,0.04,0.000169,2860,102,501+,0.05,0.006359,0.009708,0,0,0,,0.9991,2024-25
2026-07-20,2026-07-27,13293,Upson County,Georgia,GA,quiet,4.6e-05,2888,155,501+,0.04,0.000182,2809,141,501+,0.05,0.006353,0.010603,0,0,0,,,
2026-07-20,2026-07-27,19043,Clayton County,Iowa,IA,quiet,4.6e-05,2889,95,501+,0.04,0.000137,2958,96,501+,0.04,0.00635,0.007645,0,0,0,,0.81451613,2024-25
2026-07-20,2026-07-27,21157,Marshall County,Kentucky,KY,quiet,4.6e-05,2890,73,501+,0.04,0.000157,2892,81,501+,0.05,0.006318,0.008918,0,0,0,,0.898,2024-25
2026-07-20,2026-07-27,30055,McCone County,Montana,MT,quiet,4.6e-05,2891,49,501+,0.04,0.000121,3006,52,501+,0.04,0.006307,0.006634,0,0,0,,,
2026-07-20,2026-07-27,17083,Jersey County,Illinois,IL,quiet,4.6e-05,2892,84,501+,0.04,0.000131,2976,88,501+,0.04,0.006294,0.007284,0,0,0,,0.983,2024-25
2026-07-20,2026-07-27,38005,Benson County,North Dakota,ND,quiet,4.6e-05,2893,47,501+,0.04,0.000231,2650,44,501+,0.07,0.006263,0.013928,0,0,0,,1.0,2024-25
2026-07-20,2026-07-27,54103,Wetzel County,West Virginia,WV,quiet,4.5e-05,2894,31,501+,0.04,0.000153,2908,32,501+,0.04,0.006232,0.008688,0,0,0,,,
2026-07-20,2026-07-27,05079,Lincoln County,Arkansas,AR,quiet,4.5e-05,2895,72,501+,0.04,0.000192,2775,65,501+,0.06,0.006217,0.011277,0,0,0,,,
2026-07-20,2026-07-27,35021,Harding County,New Mexico,NM,quiet,4.5e-05,2896,31,501+,0.04,0.000116,3024,32,501+,0.03,0.006205,0.00631,0,0,0,,1.0,2024-25
2026-07-20,2026-07-27,21177,Muhlenberg County,Kentucky,KY,quiet,4.5e-05,2897,74,501+,0.04,0.000176,2830,74,501+,0.05,0.006197,0.01021,0,0,0,,0.917,2024-25
2026-07-20,2026-07-27,18119,Owen County,Indiana,IN,quiet,4.5e-05,2898,83,501+,0.04,0.00017,2850,84,501+,0.05,0.006182,0.009832,0,0,0,,0.9613,2024-25
2026-07-20,2026-07-27,21173,Montgomery County,Kentucky,KY,quiet,4.5e-05,2899,75,501+,0.04,0.000273,2494,52,501+,0.08,0.006178,0.016874,0,0,0,,0.968,2024-25
2026-07-20,2026-07-27,18031,Decatur County,Indiana,IN,quiet,4.5e-05,2900,84,501+,0.04,0.000169,2857,85,501+,0.05,0.006171,0.009767,0,0,0,,0.9247,2024-25
2026-07-20,2026-07-27,46125,Turner County,South Dakota,SD,quiet,4.5e-05,2901,65,501+,0.04,0.000235,2628,61,501+,0.07,0.006154,0.014225,0,0,0,,0.86,2024-25
2026-07-20,2026-07-27,13187,Lumpkin County,Georgia,GA,quiet,4.5e-05,2902,156,501+,0.04,0.000209,2716,127,501+,0.06,0.006113,0.012446,0,0,0,,,
2026-07-20,2026-07-27,01041,Crenshaw County,Alabama,AL,quiet,4.5e-05,2903,66,501+,0.04,0.000206,2723,61,501+,0.06,0.006109,0.012246,0,0,0,,0.9527,2024-25
2026-07-20,2026-07-27,38007,Billings County,North Dakota,ND,quiet,4.5e-05,2904,48,501+,0.04,0.000136,2962,50,501+,0.04,0.006106,0.007594,0,0,0,,0.6667,2024-25
2026-07-20,2026-07-27,37015,Bertie County,North Carolina,NC,quiet,4.5e-05,2905,100,501+,0.04,0.000143,2945,98,501+,0.04,0.006091,0.00803,0,0,0,,1.0,2024-25
2026-07-20,2026-07-27,22031,De Soto Parish,Louisiana,LA,quiet,4.5e-05,2906,62,501+,0.04,0.000189,2784,54,501+,0.05,0.00609,0.011052,0,0,0,,0.9169,2024-25
2026-07-20,2026-07-27,05103,Ouachita County,Arkansas,AR,quiet,4.4e-05,2907,73,501+,0.04,0.00017,2851,69,501+,0.05,0.006055,0.009831,0,0,0,,,
2026-07-20,2026-07-27,21085,Grayson County,Kentucky,KY,quiet,4.4e-05,2908,76,501+,0.04,0.000146,2932,86,501+,0.04,0.006028,0.008232,0,0,0,,0.968,2024-25
2026-07-20,2026-07-27,28143,Tunica County,Mississippi,MS,quiet,4.4e-05,2909,70,501+,0.04,0.000133,2969,71,501+,0.04,0.006019,0.007384,0,0,0,,0.9928,2024-25
2026-07-20,2026-07-27,28007,Attala County,Mississippi,MS,quiet,4.4e-05,2910,71,501+,0.04,0.000108,3051,79,501+,0.03,0.005999,0.005774,0,0,0,,0.9908,2024-25
2026-07-20,2026-07-27,47073,Hawkins County,Tennessee,TN,quiet,4.4e-05,2911,85,501+,0.04,0.000346,2268,59,501+,0.1,0.005982,0.022174,0,0,0,,0.956,2024-25
2026-07-20,2026-07-27,13165,Jenkins County,Georgia,GA,quiet,4.4e-05,2912,157,501+,0.04,0.000121,3007,158,501+,0.04,0.005973,0.006621,0,0,0,,,
2026-07-20,2026-07-27,21231,Wayne County,Kentucky,KY,quiet,4.4e-05,2913,77,501+,0.04,0.000132,2973,94,501+,0.04,0.00597,0.007341,0,0,0,,0.967,2024-25
2026-07-20,2026-07-27,20203,Wichita County,Kansas,KS,quiet,4.4e-05,2914,103,501+,0.04,0.000122,3001,104,501+,0.04,0.005968,0.006695,0,0,0,,1.0,2024-25
2026-07-20,2026-07-27,08057,Jackson County,Colorado,CO,quiet,4.4e-05,2915,60,501+,0.04,0.000186,2798,58,501+,0.05,0.005958,0.010843,0,0,0,,0.875,2024-25
2026-07-20,2026-07-27,18007,Benton County,Indiana,IN,quiet,4.4e-05,2916,85,501+,0.04,0.000174,2838,82,501+,0.05,0.00594,0.01008,0,0,0,,0.9906,2024-25
2026-07-20,2026-07-27,17153,Pulaski County,Illinois,IL,quiet,4.4e-05,2917,85,501+,0.04,0.000179,2823,80,501+,0.05,0.005939,0.010389,0,0,0,,0.854,2024-25
2026-07-20,2026-07-27,55001,Adams County,Wisconsin,WI,quiet,4.3e-05,2918,71,501+,0.04,0.000182,2807,70,501+,0.05,0.005887,0.010631,0,0,0,,0.79,2024-25
2026-07-20,2026-07-27,13093,Dooly County,Georgia,GA,quiet,4.3e-05,2919,158,501+,0.04,0.000143,2946,155,501+,0.04,0.005807,0.007999,0,0,0,,,
2026-07-20,2026-07-27,26129,Ogemaw County,Michigan,MI,quiet,4.3e-05,2920,75,501+,0.04,0.000174,2836,78,501+,0.05,0.0058,0.010097,0,0,0,,0.85507246,2024-25
2026-07-20,2026-07-27,30045,Judith Basin County,Montana,MT,quiet,4.3e-05,2921,50,501+,0.04,0.000119,3014,53,501+,0.03,0.005795,0.006501,0,0,0,,,
2026-07-20,2026-07-27,17147,Piatt County,Illinois,IL,quiet,4.3e-05,2922,86,501+,0.04,0.000134,2966,87,501+,0.04,0.005793,0.007439,0,0,0,,0.983,2024-25
2026-07-20,2026-07-27,21189,Owsley County,Kentucky,KY,quiet,4.3e-05,2923,78,501+,0.04,0.000172,2842,75,501+,0.05,0.005792,0.009956,0,0,0,,0.869,2024-25
2026-07-20,2026-07-27,26051,Gladwin County,Michigan,MI,quiet,4.2e-05,2924,76,501+,0.04,0.000247,2584,71,501+,0.07,0.005746,0.015064,0,0,0,,0.88764045,2024-25
2026-07-20,2026-07-27,51678,Lexington City,Virginia,VA,quiet,4.2e-05,2925,117,501+,0.04,0.000151,2916,116,501+,0.04,0.00573,0.00852,0,0,0,,0.962,2024-25
2026-07-20,2026-07-27,30103,Treasure County,Montana,MT,quiet,4.2e-05,2926,51,501+,0.04,0.000115,3028,54,501+,0.03,0.005694,0.006253,0,0,0,,,
2026-07-20,2026-07-27,35011,De Baca County,New Mexico,NM,quiet,4.2e-05,2927,32,501+,0.04,8.1e-05,3083,33,501+,0.02,0.005693,0.004126,0,0,0,,0.9333,2024-25
2026-07-20,2026-07-27,20195,Trego County,Kansas,KS,quiet,4.2e-05,2928,104,501+,0.04,6.9e-05,3105,105,501+,0.02,0.005686,0.003471,0,0,0,,0.9802,2024-25
2026-07-20,2026-07-27,54095,Tyler County,West Virginia,WV,quiet,4.2e-05,2929,32,501+,0.04,9.3e-05,3064,44,501+,0.03,0.005685,0.004849,0,0,0,,,
2026-07-20,2026-07-27,26007,Alpena County,Michigan,MI,quiet,4.2e-05,2930,77,501+,0.04,0.000197,2760,76,501+,0.06,0.005674,0.011615,0,0,0,,0.87943262,2024-25
2026-07-20,2026-07-27,18147,Spencer County,Indiana,IN,quiet,4.2e-05,2931,86,501+,0.04,0.000185,2800,80,501+,0.05,0.005672,0.010812,0,0,0,,0.9074,2024-25
2026-07-20,2026-07-27,30025,Fallon County,Montana,MT,quiet,4.2e-05,2932,52,501+,0.04,0.000239,2614,44,501+,0.07,0.005644,0.014505,0,0,0,,,
2026-07-20,2026-07-27,21081,Grant County,Kentucky,KY,quiet,4.2e-05,2933,79,501+,0.04,0.000157,2890,80,501+,0.05,0.005631,0.008922,0,0,0,,0.956,2024-25
2026-07-20,2026-07-27,21089,Greenup County,Kentucky,KY,quiet,4.1e-05,2934,80,501+,0.04,0.000205,2730,64,501+,0.06,0.005607,0.012158,0,0,0,,0.93663912,2024-25
2026-07-20,2026-07-27,17045,Edgar County,Illinois,IL,quiet,4.1e-05,2935,87,501+,0.04,0.00012,3011,96,501+,0.03,0.005606,0.00653,0,0,0,,0.982,2024-25
2026-07-20,2026-07-27,36041,Hamilton County,New York,NY,quiet,4.1e-05,2936,61,501+,0.04,0.000119,3015,61,501+,0.03,0.005596,0.006494,0,0,0,,1.0,2024-25
2026-07-20,2026-07-27,18055,Greene County,Indiana,IN,quiet,4.1e-05,2937,87,501+,0.04,0.000111,3038,89,501+,0.03,0.005583,0.006008,0,0,0,,0.9538,2024-25
2026-07-20,2026-07-27,54015,Clay County,West Virginia,WV,quiet,4.1e-05,2938,33,501+,0.04,0.000155,2898,31,501+,0.04,0.00558,0.008794,0,0,0,,,
2026-07-20,2026-07-27,17067,Hancock County,Illinois,IL,quiet,4.1e-05,2939,88,501+,0.04,0.000126,2994,92,501+,0.04,0.00556,0.006936,0,0,0,,0.982,2024-25
2026-07-20,2026-07-27,48433,Stonewall County,Texas,TX,quiet,4.1e-05,2940,241,501+,0.04,0.000186,2797,242,501+,0.05,0.00556,0.010854,0,0,0,,1.0,2024-25
2026-07-20,2026-07-27,31167,Stanton County,Nebraska,NE,quiet,4.1e-05,2941,83,501+,0.04,0.000128,2991,82,501+,0.04,0.005556,0.007036,0,0,0,,1.0,2024-25
2026-07-20,2026-07-27,17189,Washington County,Illinois,IL,quiet,4.1e-05,2942,89,501+,0.04,0.00013,2983,89,501+,0.04,0.005554,0.007166,0,0,0,,0.989,2024-25
2026-07-20,2026-07-27,19023,Butler County,Iowa,IA,quiet,4.1e-05,2943,96,501+,0.04,0.000133,2968,98,501+,0.04,0.005541,0.007413,0,0,0,,0.92771084,2024-25
2026-07-20,2026-07-27,46071,Jackson County,South Dakota,SD,quiet,4.1e-05,2944,66,501+,0.04,0.000149,2919,64,501+,0.04,0.005513,0.008408,0,0,0,,1.0,2024-25
2026-07-20,2026-07-27,21229,Washington County,Kentucky,KY,quiet,4.1e-05,2945,81,501+,0.04,0.000145,2937,88,501+,0.04,0.005507,0.00818,0,0,0,,0.993,2024-25
2026-07-20,2026-07-27,17145,Perry County,Illinois,IL,quiet,4.1e-05,2946,90,501+,0.04,0.000121,3008,95,501+,0.04,0.005495,0.006619,0,0,0,,0.989,2024-25
2026-07-20,2026-07-27,48101,Cottle County,Texas,TX,quiet,4.1e-05,2947,242,501+,0.04,0.000116,3023,249,501+,0.03,0.005479,0.00633,0,0,0,,1.0,2024-25
2026-07-20,2026-07-27,54001,Barbour County,West Virginia,WV,quiet,4e-05,2948,34,501+,0.04,0.000147,2928,34,501+,0.04,0.00546,0.008302,0,0,0,,,
2026-07-20,2026-07-27,47007,Bledsoe County,Tennessee,TN,quiet,4e-05,2949,86,501+,0.04,0.000263,2524,73,501+,0.08,0.005457,0.016214,0,0,0,,0.944,2024-25
2026-07-20,2026-07-27,54051,Marshall County,West Virginia,WV,quiet,4e-05,2950,35,501+,0.04,0.000181,2811,29,501+,0.05,0.005448,0.010545,0,0,0,,,
2026-07-20,2026-07-27,54035,Jackson County,West Virginia,WV,quiet,4e-05,2951,36,501+,0.04,0.000146,2930,35,501+,0.04,0.005438,0.008249,0,0,0,,,
2026-07-20,2026-07-27,18041,Fayette County,Indiana,IN,quiet,4e-05,2952,88,501+,0.04,0.00018,2816,81,501+,0.05,0.005432,0.010458,0,0,0,,0.9605,2024-25
2026-07-20,2026-07-27,28055,Issaquena County,Mississippi,MS,quiet,4e-05,2953,72,501+,0.04,0.000124,2998,73,501+,0.04,0.00543,0.006821,0,0,0,,1.0,2024-25
2026-07-20,2026-07-27,48269,King County,Texas,TX,quiet,4e-05,2954,243,501+,0.04,0.000102,3057,250,501+,0.03,0.005407,0.005413,0,0,0,,1.0,2024-25
2026-07-20,2026-07-27,17047,Edwards County,Illinois,IL,quiet,4e-05,2955,91,501+,0.04,0.000129,2986,90,501+,0.04,0.005375,0.007134,0,0,0,,0.982,2024-25
2026-07-20,2026-07-27,48507,Zavala County,Texas,TX,quiet,4e-05,2956,244,501+,0.04,0.00015,2917,245,501+,0.04,0.005373,0.008491,0,0,0,,1.0,2024-25
2026-07-20,2026-07-27,51197,Wythe County,Virginia,VA,quiet,4e-05,2957,118,501+,0.04,0.000133,2970,121,501+,0.04,0.005348,0.00735,0,0,0,,0.897,2024-25
2026-07-20,2026-07-27,33007,Coos County,New Hampshire,NH,quiet,3.9e-05,2958,10,501+,0.04,0.000116,3025,10,501+,0.03,0.005315,0.006301,0,0,0,,0.944,2024-25
2026-07-20,2026-07-27,48301,Loving County,Texas,TX,quiet,3.9e-05,2959,245,501+,0.04,0.000195,2766,240,501+,0.06,0.005307,0.011465,0,0,0,,,
2026-07-20,2026-07-27,28135,Tallahatchie County,Mississippi,MS,quiet,3.9e-05,2960,73,501+,0.04,0.00011,3042,76,501+,0.03,0.005272,0.005934,0,0,0,,1.0,2024-25
2026-07-20,2026-07-27,30079,Prairie County,Montana,MT,quiet,3.9e-05,2961,53,501+,0.04,0.000146,2935,49,501+,0.04,0.005266,0.008211,0,0,0,,,
2026-07-20,2026-07-27,41055,Sherman County,Oregon,OR,quiet,3.9e-05,2962,36,501+,0.04,0.000149,2920,36,501+,0.04,0.005249,0.008395,0,0,0,,0.911,2024-25
2026-07-20,2026-07-27,28105,Oktibbeha County,Mississippi,MS,quiet,3.9e-05,2963,74,501+,0.04,0.000213,2701,55,501+,0.06,0.005243,0.012693,0,0,0,,0.9934,2024-25
2026-07-20,2026-07-27,21091,Hancock County,Kentucky,KY,quiet,3.9e-05,2964,82,501+,0.04,0.000157,2893,82,501+,0.05,0.005238,0.008912,0,0,0,,0.905,2024-25
2026-07-20,2026-07-27,17025,Clay County,Illinois,IL,quiet,3.9e-05,2965,92,501+,0.04,0.000111,3040,97,501+,0.03,0.005231,0.005979,0,0,0,,0.979,2024-25
2026-07-20,2026-07-27,54067,Nicholas County,West Virginia,WV,quiet,3.9e-05,2966,37,501+,0.04,0.000205,2731,24,501+,0.06,0.005224,0.012136,0,0,0,,,
2026-07-20,2026-07-27,21003,Allen County,Kentucky,KY,quiet,3.9e-05,2967,83,501+,0.04,0.000139,2956,91,501+,0.04,0.005216,0.007749,0,0,0,,0.963,2024-25
2026-07-20,2026-07-27,28079,Leake County,Mississippi,MS,quiet,3.9e-05,2968,75,501+,0.04,0.000146,2929,69,501+,0.04,0.005214,0.00825,0,0,0,,0.9963,2024-25
2026-07-20,2026-07-27,17071,Henderson County,Illinois,IL,quiet,3.9e-05,2969,93,501+,0.04,0.000261,2533,68,501+,0.08,0.005213,0.016066,0,0,0,,0.966,2024-25
2026-07-20,2026-07-27,48173,Glasscock County,Texas,TX,quiet,3.9e-05,2970,246,501+,0.03,0.000127,2993,247,501+,0.04,0.005197,0.006976,0,0,0,,1.0,2024-25
2026-07-20,2026-07-27,51185,Tazewell County,Virginia,VA,quiet,3.8e-05,2971,119,501+,0.03,0.000207,2720,103,501+,0.06,0.00514,0.012317,0,0,0,,0.858,2024-25
2026-07-20,2026-07-27,20163,Rooks County,Kansas,KS,quiet,3.8e-05,2972,105,501+,0.03,0.00013,2982,103,501+,0.04,0.005137,0.007176,0,0,0,,1.0,2024-25
2026-07-20,2026-07-27,21137,Lincoln County,Kentucky,KY,quiet,3.8e-05,2973,84,501+,0.03,0.000405,2096,36,501+,0.12,0.005132,0.026512,0,0,0,,0.91,2024-25
2026-07-20,2026-07-27,39079,Jackson County,Ohio,OH,quiet,3.8e-05,2974,82,501+,0.03,0.000185,2799,81,501+,0.05,0.005122,0.010826,0,0,0,,0.919,2024-25
2026-07-20,2026-07-27,31027,Cedar County,Nebraska,NE,quiet,3.8e-05,2975,84,501+,0.03,7.9e-05,3085,86,501+,0.02,0.00508,0.004017,0,0,0,,0.864,2024-25
2026-07-20,2026-07-27,21197,Powell County,Kentucky,KY,quiet,3.8e-05,2976,85,501+,0.03,0.000179,2820,72,501+,0.05,0.005071,0.010409,0,0,0,,0.933,2024-25
2026-07-20,2026-07-27,30069,Petroleum County,Montana,MT,quiet,3.8e-05,2977,54,501+,0.03,6.8e-05,3107,56,501+,0.02,0.005053,0.003417,0,0,0,,,
2026-07-20,2026-07-27,19011,Benton County,Iowa,IA,quiet,3.8e-05,2978,97,501+,0.03,0.000156,2896,95,501+,0.05,0.005053,0.008851,0,0,0,,0.90974729,2024-25
2026-07-20,2026-07-27,21095,Harlan County,Kentucky,KY,quiet,3.8e-05,2979,86,501+,0.03,0.000184,2804,70,501+,0.05,0.005043,0.010749,0,0,0,,0.81896552,2024-25
2026-07-20,2026-07-27,54023,Grant County,West Virginia,WV,quiet,3.8e-05,2980,38,501+,0.03,8.4e-05,3078,48,501+,0.02,0.00504,0.004317,0,0,0,,,
2026-07-20,2026-07-27,18025,Crawford County,Indiana,IN,quiet,3.8e-05,2981,89,501+,0.03,7.6e-05,3092,92,501+,0.02,0.005035,0.003886,0,0,0,,0.9524,2024-25
2026-07-20,2026-07-27,17129,Menard County,Illinois,IL,quiet,3.8e-05,2982,94,501+,0.03,0.000145,2938,86,501+,0.04,0.005031,0.008165,0,0,0,,0.954,2024-25
2026-07-20,2026-07-27,21013,Bell County,Kentucky,KY,quiet,3.7e-05,2983,87,501+,0.03,0.000132,2971,92,501+,0.04,0.004991,0.007346,0,0,0,,0.868,2024-25
2026-07-20,2026-07-27,27121,Pope County,Minnesota,MN,quiet,3.7e-05,2984,87,501+,0.03,0.00025,2568,84,501+,0.07,0.004977,0.01527,0,0,0,,0.889,2024-25
2026-07-20,2026-07-27,05075,Lawrence County,Arkansas,AR,quiet,3.7e-05,2985,74,501+,0.03,0.00017,2856,70,501+,0.05,0.004965,0.009777,0,0,0,,,
2026-07-20,2026-07-27,47171,Unicoi County,Tennessee,TN,quiet,3.7e-05,2986,87,501+,0.03,0.000108,3046,92,501+,0.03,0.004922,0.005829,0,0,0,,0.987,2024-25
2026-07-20,2026-07-27,22127,Winn Parish,Louisiana,LA,quiet,3.7e-05,2987,63,501+,0.03,0.000108,3050,63,501+,0.03,0.004904,0.005779,0,0,0,,0.9914,2024-25
2026-07-20,2026-07-27,54071,Pendleton County,West Virginia,WV,quiet,3.7e-05,2988,39,501+,0.03,0.000148,2924,33,501+,0.04,0.004898,0.008349,0,0,0,,,
2026-07-20,2026-07-27,21195,Pike County,Kentucky,KY,quiet,3.6e-05,2989,88,501+,0.03,0.000154,2906,83,501+,0.04,0.004865,0.008723,0,0,0,,0.96,2024-25
2026-07-20,2026-07-27,17191,Wayne County,Illinois,IL,quiet,3.6e-05,2990,95,501+,0.03,0.000173,2840,83,501+,0.05,0.004865,0.010011,0,0,0,,0.981,2024-25
2026-07-20,2026-07-27,54099,Wayne County,West Virginia,WV,quiet,3.6e-05,2991,40,501+,0.03,0.000231,2645,22,501+,0.07,0.004863,0.013968,0,0,0,,,
2026-07-20,2026-07-27,21237,Wolfe County,Kentucky,KY,quiet,3.6e-05,2992,89,501+,0.03,0.000187,2791,68,501+,0.05,0.00486,0.010965,0,0,0,,0.929,2024-25
2026-07-20,2026-07-27,47173,Union County,Tennessee,TN,quiet,3.6e-05,2993,88,501+,0.03,0.000113,3035,91,501+,0.03,0.00486,0.006086,0,0,0,,0.938,2024-25
2026-07-20,2026-07-27,19121,Madison County,Iowa,IA,quiet,3.6e-05,2994,98,501+,0.03,0.000105,3052,99,501+,0.03,0.004803,0.005645,0,0,0,,0.88780488,2024-25
2026-07-20,2026-07-27,18139,Rush County,Indiana,IN,quiet,3.6e-05,2995,90,501+,0.03,9e-05,3068,91,501+,0.03,0.004786,0.004693,0,0,0,,0.9344,2024-25
2026-07-20,2026-07-27,55051,Iron County,Wisconsin,WI,quiet,3.6e-05,2996,72,501+,0.03,0.000116,3026,72,501+,0.03,0.004763,0.006278,0,0,0,,0.83,2024-25
2026-07-20,2026-07-27,47087,Jackson County,Tennessee,TN,quiet,3.5e-05,2997,89,501+,0.03,0.000164,2871,86,501+,0.05,0.004699,0.009374,0,0,0,,0.908,2024-25
2026-07-20,2026-07-27,51077,Grayson County,Virginia,VA,quiet,3.5e-05,2998,120,501+,0.03,0.000166,2866,112,501+,0.05,0.00465,0.009559,0,0,0,,0.959,2024-25
2026-07-20,2026-07-27,54101,Webster County,West Virginia,WV,quiet,3.5e-05,2999,41,501+,0.03,0.000129,2988,40,501+,0.04,0.004642,0.0071,0,0,0,,,
2026-07-20,2026-07-27,17023,Clark County,Illinois,IL,quiet,3.5e-05,3000,96,501+,0.03,8.2e-05,3080,98,501+,0.02,0.004637,0.004196,0,0,0,,0.986,2024-25
2026-07-20,2026-07-27,21171,Monroe County,Kentucky,KY,quiet,3.5e-05,3001,90,501+,0.03,0.000145,2940,89,501+,0.04,0.004627,0.008133,0,0,0,,0.852,2024-25
2026-07-20,2026-07-27,54087,Roane County,West Virginia,WV,quiet,3.5e-05,3002,42,501+,0.03,9e-05,3070,45,501+,0.03,0.004624,0.004675,0,0,0,,,
2026-07-20,2026-07-27,28151,Washington County,Mississippi,MS,quiet,3.5e-05,3003,76,501+,0.03,0.000108,3047,77,501+,0.03,0.00461,0.005823,0,0,0,,0.9919,2024-25
2026-07-20,2026-07-27,28017,Chickasaw County,Mississippi,MS,quiet,3.5e-05,3004,77,501+,0.03,0.00013,2980,72,501+,0.04,0.004606,0.007207,0,0,0,,0.9957,2024-25
2026-07-20,2026-07-27,13191,McIntosh County,Georgia,GA,quiet,3.5e-05,3005,159,501+,0.03,0.000142,2950,156,501+,0.04,0.004591,0.007953,0,0,0,,,
2026-07-20,2026-07-27,08079,Mineral County,Colorado,CO,quiet,3.4e-05,3006,61,501+,0.03,8.6e-05,3074,63,501+,0.03,0.004569,0.00447,0,0,0,,1.0,2024-25
2026-07-20,2026-07-27,31149,Rock County,Nebraska,NE,quiet,3.4e-05,3007,85,501+,0.03,6.7e-05,3111,90,501+,0.02,0.00455,0.00331,0,0,0,,0.941176471,2019-20
2026-07-20,2026-07-27,29115,Linn County,Missouri,MO,quiet,3.4e-05,3008,110,501+,0.03,0.000197,2758,107,501+,0.06,0.004538,0.011644,0,0,0,,0.916,2024-25
2026-07-20,2026-07-27,51750,Radford City,Virginia,VA,quiet,3.4e-05,3009,121,501+,0.03,0.000128,2990,123,501+,0.04,0.004529,0.007073,0,0,0,,0.959,2024-25
2026-07-20,2026-07-27,08017,Cheyenne County,Colorado,CO,quiet,3.4e-05,3010,62,501+,0.03,0.000156,2895,60,501+,0.05,0.004512,0.008893,0,0,0,,0.8182,2024-25
2026-07-20,2026-07-27,08025,Crowley County,Colorado,CO,quiet,3.4e-05,3011,63,501+,0.03,0.000117,3022,62,501+,0.03,0.004497,0.006343,0,0,0,,0.8824,2024-25
2026-07-20,2026-07-27,29085,Hickory County,Missouri,MO,quiet,3.4e-05,3012,111,501+,0.03,0.000303,2398,87,501+,0.09,0.004494,0.019082,0,0,0,,0.891,2024-25
2026-07-20,2026-07-27,47025,Claiborne County,Tennessee,TN,quiet,3.3e-05,3013,90,501+,0.03,0.000302,2401,69,501+,0.09,0.004383,0.018997,0,0,0,,0.929,2024-25
2026-07-20,2026-07-27,21169,Metcalfe County,Kentucky,KY,quiet,3.3e-05,3014,91,501+,0.03,0.000112,3036,103,501+,0.03,0.004376,0.00606,0,0,0,,0.99,2024-25
2026-07-20,2026-07-27,35033,Mora County,New Mexico,NM,quiet,3.3e-05,3015,33,501+,0.03,0.000126,2996,31,501+,0.04,0.004372,0.006906,0,0,0,,1.0,2024-25
2026-07-20,2026-07-27,54075,Pocahontas County,West Virginia,WV,quiet,3.3e-05,3016,43,501+,0.03,0.000129,2984,38,501+,0.04,0.004366,0.007157,0,0,0,,,
2026-07-20,2026-07-27,51035,Carroll County,Virginia,VA,quiet,3.3e-05,3017,122,501+,0.03,0.000147,2927,117,501+,0.04,0.004333,0.008307,0,0,0,,0.94,2024-25
2026-07-20,2026-07-27,05021,Clay County,Arkansas,AR,quiet,3.3e-05,3018,75,501+,0.03,0.000135,2963,74,501+,0.04,0.004313,0.007524,0,0,0,,,
2026-07-20,2026-07-27,39175,Wyandot County,Ohio,OH,quiet,3.3e-05,3019,83,501+,0.03,0.000165,2868,82,501+,0.05,0.004284,0.009491,0,0,0,,0.941,2024-25
2026-07-20,2026-07-27,21201,Robertson County,Kentucky,KY,quiet,3.2e-05,3020,92,501+,0.03,7e-05,3104,115,501+,0.02,0.004275,0.003517,0,0,0,,0.952,2024-25
2026-07-20,2026-07-27,29147,Nodaway County,Missouri,MO,quiet,3.2e-05,3021,112,501+,0.03,0.000177,2829,112,501+,0.05,0.004254,0.01025,0,0,0,,0.962,2024-25
2026-07-20,2026-07-27,21011,Bath County,Kentucky,KY,quiet,3.2e-05,3022,93,501+,0.03,0.000114,3031,101,501+,0.03,0.004249,0.006176,0,0,0,,0.858,2024-25
2026-07-20,2026-07-27,48345,Motley County,Texas,TX,quiet,3.2e-05,3023,247,501+,0.03,0.000171,2849,243,501+,0.05,0.004245,0.009877,0,0,0,,1.0,2024-25
2026-07-20,2026-07-27,26131,Ontonagon County,Michigan,MI,quiet,3.2e-05,3024,78,501+,0.03,0.000146,2931,80,501+,0.04,0.00423,0.008247,0,0,0,,0.82142857,2024-25
2026-07-20,2026-07-27,48443,Terrell County,Texas,TX,quiet,3.2e-05,3025,248,501+,0.03,7.8e-05,3087,251,501+,0.02,0.004229,0.003982,0,0,0,,1.0,2024-25
2026-07-20,2026-07-27,51167,Russell County,Virginia,VA,quiet,3.2e-05,3026,123,501+,0.03,0.00013,2979,122,501+,0.04,0.004206,0.007209,0,0,0,,0.938,2024-25
2026-07-20,2026-07-27,28011,Bolivar County,Mississippi,MS,quiet,3.2e-05,3027,78,501+,0.03,6.8e-05,3109,82,501+,0.02,0.004173,0.003367,0,0,0,,0.9975,2024-25
2026-07-20,2026-07-27,21025,Breathitt County,Kentucky,KY,quiet,3.2e-05,3028,94,501+,0.03,0.000122,3002,98,501+,0.04,0.004162,0.006679,0,0,0,,0.943,2024-25
2026-07-20,2026-07-27,48155,Foard County,Texas,TX,quiet,3.1e-05,3029,249,501+,0.03,7.6e-05,3093,253,501+,0.02,0.004112,0.003876,0,0,0,,1.0,2024-25
2026-07-20,2026-07-27,26141,Presque Isle County,Michigan,MI,quiet,3.1e-05,3030,79,501+,0.03,0.000164,2872,79,501+,0.05,0.004085,0.009374,0,0,0,,0.91566265,2024-25
2026-07-20,2026-07-27,31171,Thomas County,Nebraska,NE,quiet,3.1e-05,3031,86,501+,0.03,7.2e-05,3102,89,501+,0.02,0.004084,0.003625,0,0,0,,1.0,2019-20
2026-07-20,2026-07-27,21053,Clinton County,Kentucky,KY,quiet,3.1e-05,3032,95,501+,0.03,0.000177,2828,73,501+,0.05,0.004063,0.010269,0,0,0,,0.89,2024-25
2026-07-20,2026-07-27,39105,Meigs County,Ohio,OH,quiet,3.1e-05,3033,84,501+,0.03,8.6e-05,3075,88,501+,0.02,0.004027,0.004447,0,0,0,,0.979,2024-25
2026-07-20,2026-07-27,21045,Casey County,Kentucky,KY,quiet,3.1e-05,3034,96,501+,0.03,0.000222,2669,58,501+,0.06,0.004014,0.013324,0,0,0,,0.901,2024-25
2026-07-20,2026-07-27,39121,Noble County,Ohio,OH,quiet,3e-05,3035,85,501+,0.03,0.00011,3044,86,501+,0.03,0.003988,0.005927,0,0,0,,0.941,2024-25
2026-07-20,2026-07-27,26083,Keweenaw County,Michigan,MI,quiet,3e-05,3036,80,501+,0.03,4.5e-05,3125,83,501+,0.01,0.003984,0.00208,0,0,0,,,
2026-07-20,2026-07-27,48045,Briscoe County,Texas,TX,quiet,3e-05,3037,250,501+,0.03,0.000137,2960,246,501+,0.04,0.00398,0.007616,0,0,0,,1.0,2024-25
2026-07-20,2026-07-27,19107,Keokuk County,Iowa,IA,quiet,3e-05,3038,99,501+,0.03,0.0002,2747,88,501+,0.06,0.003975,0.011813,0,0,0,,0.76119403,2024-25
2026-07-20,2026-07-27,22041,Franklin Parish,Louisiana,LA,quiet,3e-05,3039,64,501+,0.03,9.1e-05,3066,64,501+,0.03,0.003968,0.004782,0,0,0,,0.886,2024-25
2026-07-20,2026-07-27,31165,Sioux County,Nebraska,NE,quiet,3e-05,3040,87,501+,0.03,7.7e-05,3091,87,501+,0.02,0.003951,0.003901,0,0,0,,1.0,2024-25
2026-07-20,2026-07-27,36049,Lewis County,New York,NY,quiet,3e-05,3041,62,501+,0.03,0.000117,3019,62,501+,0.03,0.003946,0.00638,0,0,0,,0.996163658,2024-25
2026-07-20,2026-07-27,17159,Richland County,Illinois,IL,quiet,3e-05,3042,97,501+,0.03,0.000126,2995,93,501+,0.04,0.003937,0.006909,0,0,0,,0.988,2024-25
2026-07-20,2026-07-27,28107,Panola County,Mississippi,MS,quiet,3e-05,3043,79,501+,0.03,9e-05,3069,80,501+,0.03,0.003929,0.004675,0,0,0,,0.9936,2024-25
2026-07-20,2026-07-27,39131,Pike County,Ohio,OH,quiet,3e-05,3044,86,501+,0.03,0.000142,2947,83,501+,0.04,0.003921,0.007988,0,0,0,,0.949,2024-25
2026-07-20,2026-07-27,30107,Wheatland County,Montana,MT,quiet,3e-05,3045,55,501+,0.03,0.000143,2943,50,501+,0.04,0.003911,0.008044,0,0,0,,,
2026-07-20,2026-07-27,18009,Blackford County,Indiana,IN,quiet,3e-05,3046,91,501+,0.03,0.000103,3056,90,501+,0.03,0.003909,0.00546,0,0,0,,0.93,2024-25
2026-07-20,2026-07-27,21063,Elliott County,Kentucky,KY,quiet,3e-05,3047,97,501+,0.03,9.5e-05,3059,107,501+,0.03,0.003891,0.004999,0,0,0,,0.929,2024-25
2026-07-20,2026-07-27,38047,Logan County,North Dakota,ND,quiet,3e-05,3048,49,501+,0.03,0.000261,2532,42,501+,0.08,0.003877,0.016076,0,0,0,,0.7,2024-25
2026-07-20,2026-07-27,21153,Magoffin County,Kentucky,KY,quiet,3e-05,3049,98,501+,0.03,8.5e-05,3077,111,501+,0.02,0.003855,0.004382,0,0,0,,0.891,2024-25
2026-07-20,2026-07-27,21121,Knox County,Kentucky,KY,quiet,2.9e-05,3050,99,501+,0.03,6.7e-05,3110,117,501+,0.02,0.003829,0.00333,0,0,0,,0.892,2024-25
2026-07-20,2026-07-27,21235,Whitley County,Kentucky,KY,quiet,2.9e-05,3051,100,501+,0.03,0.000122,3004,99,501+,0.04,0.003824,0.006661,0,0,0,,0.853,2024-25
2026-07-20,2026-07-27,18175,Washington County,Indiana,IN,quiet,2.9e-05,3052,92,501+,0.03,0.000172,2843,83,501+,0.05,0.003806,0.009936,0,0,0,,0.9234,2024-25
2026-07-20,2026-07-27,47133,Overton County,Tennessee,TN,quiet,2.9e-05,3053,91,501+,0.03,7.4e-05,3097,94,501+,0.02,0.003796,0.003718,0,0,0,,0.944,2024-25
2026-07-20,2026-07-27,31071,Garfield County,Nebraska,NE,quiet,2.9e-05,3054,88,501+,0.03,4.3e-05,3127,92,501+,0.01,0.00377,0.002012,0,0,0,,1.0,2024-25
2026-07-20,2026-07-27,31139,Pierce County,Nebraska,NE,quiet,2.9e-05,3055,89,501+,0.03,0.000108,3049,85,501+,0.03,0.003716,0.005788,0,0,0,,0.901098901,2024-25
2026-07-20,2026-07-27,28153,Wayne County,Mississippi,MS,quiet,2.8e-05,3056,80,501+,0.03,0.000115,3029,74,501+,0.03,0.003696,0.006217,0,0,0,,0.9932,2024-25
2026-07-20,2026-07-27,17059,Gallatin County,Illinois,IL,quiet,2.8e-05,3057,98,501+,0.03,0.000161,2875,85,501+,0.05,0.003676,0.009217,0,0,0,,0.979,2024-25
2026-07-20,2026-07-27,31011,Boone County,Nebraska,NE,quiet,2.8e-05,3058,90,501+,0.03,0.000141,2951,81,501+,0.04,0.003656,0.007874,0,0,0,,0.984615385,2024-25
2026-07-20,2026-07-27,26069,Iosco County,Michigan,MI,quiet,2.8e-05,3059,81,501+,0.03,0.000192,2776,77,501+,0.06,0.003642,0.011249,0,0,0,,0.90140845,2024-25
2026-07-20,2026-07-27,21193,Perry County,Kentucky,KY,quiet,2.8e-05,3060,101,501+,0.03,0.000159,2880,77,501+,0.05,0.003631,0.009096,0,0,0,,0.776,2024-25
2026-07-20,2026-07-27,51173,Smyth County,Virginia,VA,quiet,2.8e-05,3061,124,501+,0.03,0.000117,3020,124,501+,0.03,0.003631,0.006358,0,0,0,,0.961,2024-25
2026-07-20,2026-07-27,29209,Stone County,Missouri,MO,quiet,2.8e-05,3062,113,501+,0.03,0.000195,2765,108,501+,0.06,0.003628,0.011501,0,0,0,,0.876,2024-25
2026-07-20,2026-07-27,48377,Presidio County,Texas,TX,quiet,2.8e-05,3063,251,501+,0.03,0.00029,2438,227,501+,0.08,0.003584,0.01809,0,0,0,,1.0,2024-25
2026-07-20,2026-07-27,21139,Livingston County,Kentucky,KY,quiet,2.8e-05,3064,102,501+,0.02,9.3e-05,3063,109,501+,0.03,0.003561,0.004856,0,0,0,,0.924,2024-25
2026-07-20,2026-07-27,38039,Griggs County,North Dakota,ND,quiet,2.8e-05,3065,50,501+,0.02,0.000168,2862,47,501+,0.05,0.00356,0.009672,0,0,0,,0.8857,2024-25
2026-07-20,2026-07-27,21205,Rowan County,Kentucky,KY,quiet,2.7e-05,3066,103,501+,0.02,0.000158,2886,79,501+,0.05,0.003549,0.008984,0,0,0,,0.899,2024-25
2026-07-20,2026-07-27,29205,Shelby County,Missouri,MO,quiet,2.7e-05,3067,114,501+,0.02,0.000145,2939,114,501+,0.04,0.00354,0.00816,0,0,0,,0.901,2024-25
2026-07-20,2026-07-27,54013,Calhoun County,West Virginia,WV,quiet,2.7e-05,3068,44,501+,0.02,0.000145,2936,36,501+,0.04,0.003538,0.008184,0,0,0,,,
2026-07-20,2026-07-27,38029,Emmons County,North Dakota,ND,quiet,2.7e-05,3069,51,501+,0.02,0.000143,2944,49,501+,0.04,0.003494,0.008038,0,0,0,,0.8621,2024-25
2026-07-20,2026-07-27,47049,Fentress County,Tennessee,TN,quiet,2.7e-05,3070,92,501+,0.02,0.00013,2981,88,501+,0.04,0.003487,0.007189,0,0,0,,0.895,2024-25
2026-07-20,2026-07-27,21181,Nicholas County,Kentucky,KY,quiet,2.7e-05,3071,104,501+,0.02,0.000103,3055,106,501+,0.03,0.003469,0.005491,0,0,0,,0.962,2024-25
2026-07-20,2026-07-27,39163,Vinton County,Ohio,OH,quiet,2.7e-05,3072,87,501+,0.02,8.9e-05,3071,87,501+,0.03,0.00343,0.004634,0,0,0,,0.902,2024-25
2026-07-20,2026-07-27,28117,Prentiss County,Mississippi,MS,quiet,2.6e-05,3073,81,501+,0.02,0.000141,2952,70,501+,0.04,0.0034,0.007865,0,0,0,,0.9961,2024-25
2026-07-20,2026-07-27,17061,Greene County,Illinois,IL,quiet,2.6e-05,3074,99,501+,0.02,6.3e-05,3114,99,501+,0.02,0.00338,0.003102,0,0,0,,0.986,2024-25
2026-07-20,2026-07-27,47151,Scott County,Tennessee,TN,quiet,2.6e-05,3075,93,501+,0.02,7.4e-05,3096,93,501+,0.02,0.003373,0.003755,0,0,0,,0.973,2024-25
2026-07-20,2026-07-27,54005,Boone County,West Virginia,WV,quiet,2.6e-05,3076,45,501+,0.02,7.6e-05,3095,54,501+,0.02,0.003372,0.003859,0,0,0,,,
2026-07-20,2026-07-27,31117,McPherson County,Nebraska,NE,quiet,2.6e-05,3077,91,501+,0.02,7.4e-05,3100,88,501+,0.02,0.003361,0.003712,0,0,0,,1.0,2024-25
2026-07-20,2026-07-27,21069,Fleming County,Kentucky,KY,quiet,2.6e-05,3078,105,501+,0.02,0.00012,3012,100,501+,0.03,0.003345,0.006525,0,0,0,,0.902,2024-25
2026-07-20,2026-07-27,01059,Franklin County,Alabama,AL,quiet,2.6e-05,3079,67,501+,0.02,0.000114,3030,67,501+,0.03,0.003336,0.006204,0,0,0,,0.9939,2024-25
2026-07-20,2026-07-27,21131,Leslie County,Kentucky,KY,quiet,2.6e-05,3080,106,501+,0.02,0.000103,3054,105,501+,0.03,0.003321,0.005506,0,0,0,,0.89622642,2024-25
2026-07-20,2026-07-27,21023,Bracken County,Kentucky,KY,quiet,2.5e-05,3081,107,501+,0.02,0.000122,3000,97,501+,0.04,0.003258,0.006696,0,0,0,,0.856,2024-25
2026-07-20,2026-07-27,54091,Taylor County,West Virginia,WV,quiet,2.5e-05,3082,46,501+,0.02,7.8e-05,3088,52,501+,0.02,0.003255,0.00398,0,0,0,,,
2026-07-20,2026-07-27,54053,Mason County,West Virginia,WV,quiet,2.5e-05,3083,47,501+,0.02,8.4e-05,3079,49,501+,0.02,0.003248,0.004307,0,0,0,,,
2026-07-20,2026-07-27,21203,Rockcastle County,Kentucky,KY,quiet,2.5e-05,3084,108,501+,0.02,0.000111,3041,104,501+,0.03,0.003228,0.005977,0,0,0,,0.798,2024-25
2026-07-20,2026-07-27,51169,Scott County,Virginia,VA,quiet,2.5e-05,3085,125,501+,0.02,7.4e-05,3098,129,501+,0.02,0.003208,0.003717,0,0,0,,0.954,2024-25
2026-07-20,2026-07-27,26001,Alcona County,Michigan,MI,quiet,2.5e-05,3086,82,501+,0.02,0.00011,3043,81,501+,0.03,0.003159,0.005929,0,0,0,,0.92156863,2024-25
2026-07-20,2026-07-27,31057,Dundy County,Nebraska,NE,quiet,2.5e-05,3087,92,501+,0.02,6.4e-05,3113,91,501+,0.02,0.003151,0.003157,0,0,0,,0.909090909,2024-25
2026-07-20,2026-07-27,21115,Johnson County,Kentucky,KY,quiet,2.4e-05,3088,109,501+,0.02,6.9e-05,3106,116,501+,0.02,0.003104,0.003463,0,0,0,,0.875,2024-25
2026-07-20,2026-07-27,17065,Hamilton County,Illinois,IL,quiet,2.4e-05,3089,100,501+,0.02,4.4e-05,3126,102,501+,0.01,0.003103,0.002066,0,0,0,,0.989,2024-25
2026-07-20,2026-07-27,21109,Jackson County,Kentucky,KY,quiet,2.4e-05,3090,110,501+,0.02,0.000113,3033,102,501+,0.03,0.003097,0.006142,0,0,0,,0.97887324,2024-25
2026-07-20,2026-07-27,54017,Doddridge County,West Virginia,WV,quiet,2.4e-05,3091,48,501+,0.02,8.8e-05,3072,46,501+,0.03,0.003088,0.004602,0,0,0,,,
2026-07-20,2026-07-27,48263,Kent County,Texas,TX,quiet,2.4e-05,3092,252,501+,0.02,0.000119,3013,248,501+,0.03,0.003045,0.006511,0,0,0,,1.0,2024-25
2026-07-20,2026-07-27,54109,Wyoming County,West Virginia,WV,quiet,2.4e-05,3093,49,501+,0.02,0.000105,3053,43,501+,0.03,0.003045,0.005598,0,0,0,,,
2026-07-20,2026-07-27,21135,Lewis County,Kentucky,KY,quiet,2.4e-05,3094,111,501+,0.02,8.1e-05,3081,112,501+,0.02,0.003026,0.004146,0,0,0,,0.951,2024-25
2026-07-20,2026-07-27,21071,Floyd County,Kentucky,KY,quiet,2.4e-05,3095,112,501+,0.02,0.000128,2989,96,501+,0.04,0.003023,0.007083,0,0,0,,0.947,2024-25
2026-07-20,2026-07-27,21043,Carter County,Kentucky,KY,quiet,2.4e-05,3096,113,501+,0.02,7.9e-05,3086,113,501+,0.02,0.003,0.004008,0,0,0,,0.912,2024-25
2026-07-20,2026-07-27,47057,Grainger County,Tennessee,TN,quiet,2.4e-05,3097,94,501+,0.02,0.000121,3010,89,501+,0.04,0.00299,0.006593,0,0,0,,0.987,2024-25
2026-07-20,2026-07-27,54097,Upshur County,West Virginia,WV,quiet,2.4e-05,3098,50,501+,0.02,0.000127,2992,41,501+,0.04,0.002988,0.006995,0,0,0,,,
2026-07-20,2026-07-27,54105,Wirt County,West Virginia,WV,quiet,2.3e-05,3099,51,501+,0.02,7.6e-05,3094,53,501+,0.02,0.002961,0.003864,0,0,0,,,
2026-07-20,2026-07-27,51147,Prince Edward County,Virginia,VA,quiet,2.3e-05,3100,126,501+,0.02,6.5e-05,3112,130,501+,0.02,0.002956,0.003202,0,0,0,,1.0,2024-25
2026-07-20,2026-07-27,54043,Lincoln County,West Virginia,WV,quiet,2.3e-05,3101,52,501+,0.02,6.1e-05,3116,55,501+,0.02,0.002917,0.002991,0,0,0,,,
2026-07-20,2026-07-27,21065,Estill County,Kentucky,KY,quiet,2.3e-05,3102,114,501+,0.02,9.2e-05,3065,110,501+,0.03,0.002876,0.004813,0,0,0,,0.951,2024-25
2026-07-20,2026-07-27,48327,Menard County,Texas,TX,quiet,2.2e-05,3103,253,501+,0.02,7.8e-05,3089,252,501+,0.02,0.002804,0.003969,0,0,0,,1.0,2024-25
2026-07-20,2026-07-27,51017,Bath County,Virginia,VA,quiet,2.2e-05,3104,127,501+,0.02,0.000109,3045,125,501+,0.03,0.002796,0.005892,0,0,0,,0.896,2024-25
2026-07-20,2026-07-27,39001,Adams County,Ohio,OH,quiet,2.2e-05,3105,88,501+,0.02,0.000121,3009,84,501+,0.04,0.002763,0.006617,0,0,0,,0.969,2024-25
2026-07-20,2026-07-27,38083,Sheridan County,North Dakota,ND,quiet,2.2e-05,3106,52,501+,0.02,7.8e-05,3090,52,501+,0.02,0.002758,0.003963,0,0,0,,0.5714,2024-25
2026-07-20,2026-07-27,51720,Norton City,Virginia,VA,quiet,2.2e-05,3107,128,501+,0.02,9.8e-05,3058,126,501+,0.03,0.002743,0.005173,0,0,0,,1.0,2022-23
2026-07-20,2026-07-27,54045,Logan County,West Virginia,WV,quiet,2.2e-05,3108,53,501+,0.02,8e-05,3084,51,501+,0.02,0.002725,0.004121,0,0,0,,,
2026-07-20,2026-07-27,08061,Kiowa County,Colorado,CO,quiet,2.2e-05,3109,64,501+,0.02,5.8e-05,3118,64,501+,0.02,0.002707,0.002846,0,0,0,,1.0,2024-25
2026-07-20,2026-07-27,21133,Letcher County,Kentucky,KY,quiet,2.2e-05,3110,115,501+,0.02,9.4e-05,3060,108,501+,0.03,0.002699,0.004956,0,0,0,,0.921,2024-25
2026-07-20,2026-07-27,54085,Ritchie County,West Virginia,WV,quiet,2.1e-05,3111,54,501+,0.02,8.1e-05,3082,50,501+,0.02,0.002663,0.004133,0,0,0,,,
2026-07-20,2026-07-27,54059,Mingo County,West Virginia,WV,quiet,2.1e-05,3112,55,501+,0.02,8.6e-05,3076,47,501+,0.02,0.002648,0.004447,0,0,0,,,
2026-07-20,2026-07-27,21061,Edmonson County,Kentucky,KY,quiet,2.1e-05,3113,116,501+,0.02,7.3e-05,3101,114,501+,0.02,0.002635,0.003683,0,0,0,,0.944,2024-25
2026-07-20,2026-07-27,21187,Owen County,Kentucky,KY,quiet,2.1e-05,3114,117,501+,0.02,5.9e-05,3117,118,501+,0.02,0.002578,0.002865,0,0,0,,0.992,2024-25
2026-07-20,2026-07-27,51690,Martinsville City,Virginia,VA,quiet,2e-05,3115,129,501+,0.02,6.2e-05,3115,131,501+,0.02,0.0025,0.003019,0,0,0,,0.991,2024-25
2026-07-20,2026-07-27,17193,White County,Illinois,IL,quiet,2e-05,3116,101,501+,0.02,5.1e-05,3121,100,501+,0.01,0.002488,0.002427,0,0,0,,0.988,2024-25
2026-07-20,2026-07-27,21119,Knott County,Kentucky,KY,quiet,2e-05,3117,118,501+,0.02,0.000146,2934,87,501+,0.04,0.002446,0.008227,0,0,0,,0.811,2024-25
2026-07-20,2026-07-27,21165,Menifee County,Kentucky,KY,quiet,2e-05,3118,119,501+,0.02,5.2e-05,3120,120,501+,0.02,0.002429,0.002469,0,0,0,,1.0,2023-24
2026-07-20,2026-07-27,51045,Craig County,Virginia,VA,quiet,1.9e-05,3119,130,501+,0.02,0.000159,2881,113,501+,0.05,0.002333,0.009095,0,0,0,,1.0,2024-25
2026-07-20,2026-07-27,51091,Highland County,Virginia,VA,quiet,1.9e-05,3120,131,501+,0.02,8.7e-05,3073,128,501+,0.03,0.002332,0.004489,0,0,0,,1.0,2024-25
2026-07-20,2026-07-27,47137,Pickett County,Tennessee,TN,quiet,1.9e-05,3121,95,501+,0.02,3.4e-05,3129,95,501+,0.01,0.002324,0.001536,0,0,0,,1.0,2023-24
2026-07-20,2026-07-27,29227,Worth County,Missouri,MO,quiet,1.9e-05,3122,115,501+,0.02,3.9e-05,3128,115,501+,0.01,0.002312,0.001776,0,0,0,,1.0,2024-25
2026-07-20,2026-07-27,28031,Covington County,Mississippi,MS,quiet,1.8e-05,3123,82,501+,0.02,6.8e-05,3108,81,501+,0.02,0.002175,0.003371,0,0,0,,0.9915,2024-25
2026-07-20,2026-07-27,30051,Liberty County,Montana,MT,quiet,1.7e-05,3124,56,501+,0.01,7.4e-05,3099,55,501+,0.02,0.002011,0.003717,0,0,0,,,
2026-07-20,2026-07-27,51027,Buchanan County,Virginia,VA,quiet,1.6e-05,3125,132,501+,0.01,5e-05,3122,132,501+,0.01,0.001988,0.00237,0,0,0,,0.982,2024-25
2026-07-20,2026-07-27,31009,Blaine County,Nebraska,NE,quiet,1.5e-05,3126,93,501+,0.01,3.2e-05,3130,93,501+,0.01,0.001841,0.001428,0,0,0,,1.0,2019-20
2026-07-20,2026-07-27,26119,Montmorency County,Michigan,MI,quiet,1.5e-05,3127,83,501+,0.01,7.1e-05,3103,82,501+,0.02,0.001741,0.003561,0,0,0,,0.89583333,2024-25
2026-07-20,2026-07-27,21127,Lawrence County,Kentucky,KY,quiet,1.4e-05,3128,120,501+,0.01,5.7e-05,3119,119,501+,0.02,0.00167,0.002786,0,0,0,,0.848,2024-25
2026-07-20,2026-07-27,51051,Dickenson County,Virginia,VA,quiet,1.3e-05,3129,133,501+,0.01,3.2e-05,3131,133,501+,0.01,0.001602,0.001409,0,0,0,,0.991,2024-25
2026-07-20,2026-07-27,17069,Hardin County,Illinois,IL,quiet,1.3e-05,3130,102,501+,0.01,4.8e-05,3123,101,501+,0.01,0.001587,0.002284,0,0,0,,1.0,2024-25
2026-07-20,2026-07-27,38087,Slope County,North Dakota,ND,quiet,1.3e-05,3131,53,501+,0.01,4.6e-05,3124,53,501+,0.01,0.001556,0.002152,0,0,0,,1.0,2021-22
2026-07-20,2026-07-27,04013,Maricopa County,Arizona,AZ,active,,,,,,,,,,,,,4,9,25,0,0.882,2024-25
2026-07-20,2026-07-27,04019,Pima County,Arizona,AZ,active,,,,,,,,,,,,,1,1,4,0,0.935,2024-25
2026-07-20,2026-07-27,10001,Kent County,Delaware,DE,active,,,,,,,,,,,,,4,4,4,0,,
2026-07-20,2026-07-27,42011,Berks County,Pennsylvania,PA,active,,,,,,,,,,,,,1,2,4,0,0.945,2024-25
2026-07-20,2026-07-27,42029,Chester County,Pennsylvania,PA,active,,,,,,,,,,,,,4,10,11,0,0.945,2024-25
2026-07-20,2026-07-27,42063,Indiana County,Pennsylvania,PA,active,,,,,,,,,,,,,1,1,1,0,0.93,2024-25
2026-07-20,2026-07-27,42071,Lancaster County,Pennsylvania,PA,active,,,,,,,,,,,,,11,30,80,0,0.885,2024-25
2026-07-20,2026-07-27,42087,Mifflin County,Pennsylvania,PA,active,,,,,,,,,,,,,1,1,1,0,0.923,2024-25
2026-07-20,2026-07-27,42109,Snyder County,Pennsylvania,PA,active,,,,,,,,,,,,,1,1,1,0,0.881,2024-25
2026-07-20,2026-07-27,42133,York County,Pennsylvania,PA,active,,,,,,,,,,,,,1,2,3,0,0.936,2024-25
2026-07-20,2026-07-27,48339,Montgomery County,Texas,TX,active,,,,,,,,,,,,,3,3,3,0,0.926693,2024-25
2026-07-20,2026-07-27,49035,Salt Lake County,Utah,UT,active,,,,,,,,,,,,,1,4,66,0,0.925512,2024-25
2026-07-20,2026-07-27,53011,Clark County,Washington,WA,active,,,,,,,,,,,,,1,1,9,0,0.868,2024-25
