forecast_origin_week,target_week_start,fips,county,state,state_abbr,status,prob_case_next_week,national_rank_next_week,state_rank_next_week,tier_next_week,relative_risk_next_week,prob_case_next_4_weeks,national_rank_next_4_weeks,state_rank_next_4_weeks,tier_next_4_weeks,relative_risk_next_4_weeks,model_score_next_week,model_score_next_4_weeks,cases_this_week,cases_last_4_weeks,cumulative_cases_since_2025,weeks_since_last_case,kindergarten_mmr_coverage,mmr_school_year
2026-07-27,2026-08-03,49049,Utah County,Utah,UT,quiet,0.19013,1,1,Top 50,141.82,0.212972,3,2,Top 50,53.47,0.984269,0.977459,0,2,116,2,0.881637,2024-25
2026-07-27,2026-08-03,04013,Maricopa County,Arizona,AZ,quiet,0.171939,2,1,Top 50,128.25,0.272041,1,1,Top 50,68.31,0.982123,0.984296,0,9,25,1,0.882,2024-25
2026-07-27,2026-08-03,49035,Salt Lake County,Utah,UT,quiet,0.170628,3,2,Top 50,127.27,0.248971,2,1,Top 50,62.51,0.98195,0.982036,0,3,66,1,0.925512,2024-25
2026-07-27,2026-08-03,04019,Pima County,Arizona,AZ,quiet,0.162155,4,2,Top 50,120.95,0.211504,4,2,Top 50,53.11,0.980767,0.977237,0,1,4,1,0.935,2024-25
2026-07-27,2026-08-03,48201,Harris County,Texas,TX,quiet,0.137641,5,1,Top 50,102.67,0.160665,6,2,Top 50,40.34,0.976514,0.9669,0,2,12,1,0.909543,2024-25
2026-07-27,2026-08-03,48339,Montgomery County,Texas,TX,quiet,0.132112,6,2,Top 50,98.54,0.162005,5,1,Top 50,40.68,0.975335,0.96726,0,3,3,1,0.926693,2024-25
2026-07-27,2026-08-03,42011,Berks County,Pennsylvania,PA,quiet,0.128429,7,1,Top 50,95.8,0.119823,8,1,Top 50,30.09,0.974493,0.95192,0,2,4,1,0.945,2024-25
2026-07-27,2026-08-03,06059,Orange County,California,CA,quiet,0.093529,8,1,Top 50,69.76,0.159134,7,1,Top 50,39.96,0.963226,0.966481,0,1,6,1,0.97842,2024-25
2026-07-27,2026-08-03,06037,Los Angeles County,California,CA,quiet,0.091658,9,2,Top 50,68.37,0.085413,11,2,Top 50,21.45,0.962381,0.927944,0,1,12,3,0.97352,2024-25
2026-07-27,2026-08-03,42087,Mifflin County,Pennsylvania,PA,quiet,0.077568,10,2,Top 50,57.86,0.05348,27,5,Top 50,13.43,0.954732,0.878899,0,1,1,1,0.923,2024-25
2026-07-27,2026-08-03,42109,Snyder County,Pennsylvania,PA,quiet,0.056409,11,3,Top 50,42.08,0.051823,31,6,Top 50,13.01,0.936281,0.874806,0,1,1,1,0.881,2024-25
2026-07-27,2026-08-03,42075,Lebanon County,Pennsylvania,PA,quiet,0.045305,12,4,Top 50,33.79,0.088994,9,2,Top 50,22.35,0.920039,0.931303,0,0,20,6,0.932,2024-25
2026-07-27,2026-08-03,56039,Teton County,Wyoming,WY,quiet,0.03477,13,1,Top 50,25.94,0.059093,21,1,Top 50,14.84,0.895757,0.891169,0,4,5,2,0.95,2022-23
2026-07-27,2026-08-03,42077,Lehigh County,Pennsylvania,PA,quiet,0.032983,14,5,Top 50,24.6,0.044487,49,9,Top 50,11.17,0.89023,0.853353,0,0,0,,0.956,2024-25
2026-07-27,2026-08-03,49011,Davis County,Utah,UT,quiet,0.028582,15,3,Top 50,21.32,0.045652,47,4,Top 50,11.46,0.873976,0.857177,0,0,15,17,0.922021,2024-25
2026-07-27,2026-08-03,10005,Sussex County,Delaware,DE,quiet,0.027733,16,1,Top 50,20.69,0.039154,60,2,51–150,9.83,0.870313,0.833283,0,0,0,,,
2026-07-27,2026-08-03,42045,Delaware County,Pennsylvania,PA,quiet,0.027464,17,6,Top 50,20.49,0.047681,39,7,Top 50,11.97,0.869109,0.863434,0,0,0,,0.943,2024-25
2026-07-27,2026-08-03,04005,Coconino County,Arizona,AZ,quiet,0.026219,18,3,Top 50,19.56,0.050517,35,4,Top 50,12.68,0.863258,0.871404,0,0,5,14,0.852,2024-25
2026-07-27,2026-08-03,04025,Yavapai County,Arizona,AZ,quiet,0.025894,19,4,Top 50,19.31,0.059144,20,3,Top 50,14.85,0.861649,0.891271,0,1,1,2,0.753,2024-25
2026-07-27,2026-08-03,42043,Dauphin County,Pennsylvania,PA,quiet,0.025526,20,7,Top 50,19.04,0.054964,24,4,Top 50,13.8,0.859782,0.882372,0,0,2,8,0.868,2024-25
2026-07-27,2026-08-03,10003,New Castle County,Delaware,DE,quiet,0.023952,21,2,Top 50,17.87,0.056228,23,1,Top 50,14.12,0.851242,0.885194,0,0,0,,,
2026-07-27,2026-08-03,48157,Fort Bend County,Texas,TX,quiet,0.023738,22,3,Top 50,17.71,0.036301,67,11,51–150,9.11,0.850002,0.82044,0,0,1,69,0.952298,2024-25
2026-07-27,2026-08-03,36061,New York County,New York,NY,quiet,0.023677,23,1,Top 50,17.66,0.087888,10,1,Top 50,22.07,0.84965,0.930294,0,0,26,12,0.988831838,2024-25
2026-07-27,2026-08-03,42091,Montgomery County,Pennsylvania,PA,quiet,0.021046,24,8,Top 50,15.7,0.057145,22,3,Top 50,14.35,0.832611,0.887168,0,0,4,22,0.953,2024-25
2026-07-27,2026-08-03,06071,San Bernardino County,California,CA,quiet,0.020158,25,3,Top 50,15.04,0.014392,211,16,151–500,3.61,0.826009,0.607758,0,0,0,,0.93729,2024-25
2026-07-27,2026-08-03,12011,Broward County,Florida,FL,quiet,0.020157,26,1,Top 50,15.04,0.071928,12,1,Top 50,18.06,0.826001,0.912355,0,0,7,14,0.822,2024-25
2026-07-27,2026-08-03,41051,Multnomah County,Oregon,OR,quiet,0.019875,27,1,Top 50,14.83,0.060219,18,1,Top 50,15.12,0.823808,0.893372,0,0,1,57,0.918,2024-25
2026-07-27,2026-08-03,13121,Fulton County,Georgia,GA,quiet,0.018829,28,1,Top 50,14.04,0.069893,13,1,Top 50,17.55,0.815167,0.909493,0,0,13,10,,
2026-07-27,2026-08-03,12057,Hillsborough County,Florida,FL,quiet,0.018029,29,2,Top 50,13.45,0.065435,15,2,Top 50,16.43,0.808009,0.90263,0,0,3,14,0.86,2024-25
2026-07-27,2026-08-03,48381,Randall County,Texas,TX,quiet,0.017467,30,4,Top 50,13.03,0.028075,93,12,51–150,7.05,0.802648,0.771427,0,1,4,2,0.92928,2024-25
2026-07-27,2026-08-03,17031,Cook County,Illinois,IL,quiet,0.01643,31,1,Top 50,12.26,0.054823,25,1,Top 50,13.77,0.791994,0.882049,0,0,8,43,0.948,2024-25
2026-07-27,2026-08-03,06073,San Diego County,California,CA,quiet,0.016011,32,4,Top 50,11.94,0.051975,30,3,Top 50,13.05,0.787375,0.875192,0,0,1,50,0.93706,2024-25
2026-07-27,2026-08-03,53033,King County,Washington,WA,quiet,0.01584,33,1,Top 50,11.81,0.063799,17,1,Top 50,16.02,0.785434,0.899882,0,0,10,16,0.924,2024-25
2026-07-27,2026-08-03,08031,Denver County,Colorado,CO,quiet,0.015626,34,1,Top 50,11.66,0.038272,64,4,51–150,9.61,0.782956,0.829492,0,0,4,60,0.8688,2024-25
2026-07-27,2026-08-03,12103,Pinellas County,Florida,FL,quiet,0.0145,35,3,Top 50,10.82,0.034416,72,8,51–150,8.64,0.768985,0.810962,0,0,6,21,0.873,2024-25
2026-07-27,2026-08-03,42017,Bucks County,Pennsylvania,PA,quiet,0.014321,36,9,Top 50,10.68,0.047167,43,8,Top 50,11.84,0.76661,0.861895,0,0,1,70,0.943,2024-25
2026-07-27,2026-08-03,08069,Larimer County,Colorado,CO,quiet,0.014282,37,2,Top 50,10.65,0.032696,76,7,51–150,8.21,0.766082,0.801505,0,0,1,4,0.9047,2024-25
2026-07-27,2026-08-03,12095,Orange County,Florida,FL,quiet,0.013745,38,4,Top 50,10.25,0.034625,71,7,51–150,8.69,0.758615,0.812058,0,0,3,10,0.854,2024-25
2026-07-27,2026-08-03,06013,Contra Costa County,California,CA,quiet,0.013503,39,5,Top 50,10.07,0.043501,51,5,51–150,10.92,0.755113,0.849974,0,0,1,31,0.97928,2024-25
2026-07-27,2026-08-03,34003,Bergen County,New Jersey,NJ,quiet,0.013346,40,1,Top 50,9.95,0.04685,44,2,Top 50,11.76,0.752781,0.86093,0,0,4,47,0.949,2024-25
2026-07-27,2026-08-03,32003,Clark County,Nevada,NV,quiet,0.01328,41,1,Top 50,9.91,0.059418,19,1,Top 50,14.92,0.751793,0.891812,0,0,1,38,0.906,2024-25
2026-07-27,2026-08-03,45013,Beaufort County,South Carolina,SC,quiet,0.013248,42,1,Top 50,9.88,0.025255,111,3,51–150,6.34,0.751309,0.748811,0,0,1,7,0.952,2024-25
2026-07-27,2026-08-03,41005,Clackamas County,Oregon,OR,quiet,0.01323,43,2,Top 50,9.87,0.044965,48,2,Top 50,11.29,0.751034,0.854943,0,0,2,22,0.899,2024-25
2026-07-27,2026-08-03,48453,Travis County,Texas,TX,quiet,0.013023,44,5,Top 50,9.71,0.065893,14,3,Top 50,16.54,0.747861,0.903376,0,0,3,10,0.867026,2024-25
2026-07-27,2026-08-03,08005,Arapahoe County,Colorado,CO,quiet,0.012829,45,3,Top 50,9.57,0.044339,50,3,Top 50,11.13,0.744814,0.852855,0,0,6,24,0.8671,2024-25
2026-07-27,2026-08-03,39049,Franklin County,Ohio,OH,quiet,0.012749,46,1,Top 50,9.51,0.050401,36,1,Top 50,12.66,0.743534,0.871096,0,0,14,20,0.896,2024-25
2026-07-27,2026-08-03,53061,Snohomish County,Washington,WA,quiet,0.012663,47,2,Top 50,9.45,0.046782,45,3,Top 50,11.75,0.74214,0.860721,0,0,16,22,0.922,2024-25
2026-07-27,2026-08-03,06081,San Mateo County,California,CA,quiet,0.012614,48,6,Top 50,9.41,0.039278,58,7,51–150,9.86,0.741353,0.833804,0,0,3,26,0.97567,2024-25
2026-07-27,2026-08-03,53063,Spokane County,Washington,WA,quiet,0.012385,49,3,Top 50,9.24,0.04744,41,2,Top 50,11.91,0.737562,0.862715,0,0,2,18,0.868,2024-25
2026-07-27,2026-08-03,27053,Hennepin County,Minnesota,MN,quiet,0.012302,50,1,Top 50,9.18,0.035756,68,1,51–150,8.98,0.73616,0.817789,0,0,2,66,0.844,2024-25
2026-07-27,2026-08-03,06067,Sacramento County,California,CA,quiet,0.012255,51,7,51–150,9.14,0.048291,38,4,Top 50,12.13,0.735368,0.86522,0,0,13,13,0.96313,2024-25
2026-07-27,2026-08-03,42101,Philadelphia County,Pennsylvania,PA,quiet,0.012182,52,10,51–150,9.09,0.017514,161,15,151–500,4.4,0.734113,0.660506,0,0,2,68,0.947,2024-25
2026-07-27,2026-08-03,48491,Williamson County,Texas,TX,quiet,0.011876,53,6,51–150,8.86,0.045876,46,7,Top 50,11.52,0.728755,0.857892,0,0,8,51,0.930762,2024-25
2026-07-27,2026-08-03,12099,Palm Beach County,Florida,FL,quiet,0.011747,54,5,51–150,8.76,0.050911,34,5,Top 50,12.78,0.72644,0.872447,0,0,3,12,0.898,2024-25
2026-07-27,2026-08-03,49051,Wasatch County,Utah,UT,quiet,0.011339,55,4,51–150,8.46,0.064329,16,3,Top 50,16.15,0.718851,0.900787,0,0,12,9,0.88785,2024-25
2026-07-27,2026-08-03,08001,Adams County,Colorado,CO,quiet,0.011246,56,4,51–150,8.39,0.047612,40,2,Top 50,11.95,0.717053,0.863228,0,0,9,21,0.9163,2024-25
2026-07-27,2026-08-03,08077,Mesa County,Colorado,CO,quiet,0.011161,57,5,51–150,8.33,0.048717,37,1,Top 50,12.23,0.715413,0.866443,0,0,11,41,0.8567,2024-25
2026-07-27,2026-08-03,48439,Tarrant County,Texas,TX,quiet,0.01097,58,7,51–150,8.18,0.040923,55,9,51–150,10.28,0.711636,0.840452,0,0,4,61,0.936354,2024-25
2026-07-27,2026-08-03,42041,Cumberland County,Pennsylvania,PA,quiet,0.010782,59,11,51–150,8.04,0.014792,203,21,151–500,3.71,0.707824,0.615303,0,0,2,32,0.951,2024-25
2026-07-27,2026-08-03,37021,Buncombe County,North Carolina,NC,quiet,0.010757,60,1,51–150,8.02,0.027267,96,2,51–150,6.85,0.7073,0.765332,0,0,7,24,0.89162562,2024-25
2026-07-27,2026-08-03,08123,Weld County,Colorado,CO,quiet,0.010605,61,6,51–150,7.91,0.034665,70,5,51–150,8.7,0.704144,0.812262,0,0,6,15,0.9292,2024-25
2026-07-27,2026-08-03,12086,Miami-Dade County,Florida,FL,quiet,0.010425,62,6,51–150,7.78,0.052719,28,3,Top 50,13.24,0.700306,0.87705,0,0,2,26,0.91,2024-25
2026-07-27,2026-08-03,48029,Bexar County,Texas,TX,quiet,0.010389,63,8,51–150,7.75,0.051998,29,4,Top 50,13.06,0.699532,0.87525,0,0,3,20,0.947451,2024-25
2026-07-27,2026-08-03,37119,Mecklenburg County,North Carolina,NC,quiet,0.010291,64,2,51–150,7.68,0.042966,52,1,51–150,10.79,0.697391,0.848084,0,0,3,26,0.92045455,2024-25
2026-07-27,2026-08-03,12071,Lee County,Florida,FL,quiet,0.010231,65,7,51–150,7.63,0.031471,80,10,51–150,7.9,0.696069,0.794244,0,0,3,20,0.924,2024-25
2026-07-27,2026-08-03,06065,Riverside County,California,CA,quiet,0.01018,66,8,51–150,7.59,0.039659,57,6,51–150,9.96,0.694934,0.835386,0,0,6,13,0.95327,2024-25
2026-07-27,2026-08-03,34017,Hudson County,New Jersey,NJ,quiet,0.010132,67,2,51–150,7.56,0.054205,26,1,Top 50,13.61,0.69387,0.880618,0,0,3,14,0.937,2024-25
2026-07-27,2026-08-03,53053,Pierce County,Washington,WA,quiet,0.010081,68,4,51–150,7.52,0.041574,53,4,51–150,10.44,0.692718,0.842956,0,0,0,,0.902,2024-25
2026-07-27,2026-08-03,48085,Collin County,Texas,TX,quiet,0.010049,69,9,51–150,7.5,0.047349,42,6,Top 50,11.89,0.691996,0.862442,0,0,4,60,0.930423,2024-25
2026-07-27,2026-08-03,49057,Weber County,Utah,UT,quiet,0.009805,70,5,51–150,7.31,0.040368,56,5,51–150,10.14,0.686348,0.838262,0,0,2,27,0.919953,2024-25
2026-07-27,2026-08-03,12081,Manatee County,Florida,FL,quiet,0.009621,71,8,51–150,7.18,0.029139,90,12,51–150,7.32,0.68199,0.779042,0,0,3,25,0.898,2024-25
2026-07-27,2026-08-03,04015,Mohave County,Arizona,AZ,quiet,0.009432,72,5,51–150,7.04,0.034917,69,5,51–150,8.77,0.677366,0.813566,0,0,285,12,0.784,2024-25
2026-07-27,2026-08-03,06001,Alameda County,California,CA,quiet,0.009407,73,9,51–150,7.02,0.029657,88,10,51–150,7.45,0.676751,0.782589,0,0,0,,0.97051,2024-25
2026-07-27,2026-08-03,38035,Grand Forks County,North Dakota,ND,quiet,0.009211,74,1,51–150,6.87,0.023708,119,2,51–150,5.95,0.671802,0.734646,0,0,14,11,0.9199,2024-25
2026-07-27,2026-08-03,42065,Jefferson County,Pennsylvania,PA,quiet,0.009113,75,12,51–150,6.8,0.016961,171,17,151–500,4.26,0.66927,0.652101,0,0,0,,0.937,2024-25
2026-07-27,2026-08-03,39035,Cuyahoga County,Ohio,OH,quiet,0.008952,76,2,51–150,6.68,0.033516,74,2,51–150,8.42,0.665037,0.806114,0,0,5,29,0.864,2024-25
2026-07-27,2026-08-03,49045,Tooele County,Utah,UT,quiet,0.008785,77,6,51–150,6.55,0.039205,59,6,51–150,9.84,0.660532,0.833499,0,0,19,12,0.932956,2024-25
2026-07-27,2026-08-03,42049,Erie County,Pennsylvania,PA,quiet,0.008656,78,13,51–150,6.46,0.025607,108,10,51–150,6.43,0.656984,0.751847,0,0,8,64,0.941,2024-25
2026-07-27,2026-08-03,26081,Kent County,Michigan,MI,quiet,0.008654,79,1,51–150,6.45,0.02329,120,3,51–150,5.85,0.656924,0.730576,0,0,4,53,0.92520807,2024-25
2026-07-27,2026-08-03,26125,Oakland County,Michigan,MI,quiet,0.008386,80,2,51–150,6.26,0.030694,87,2,51–150,7.71,0.649334,0.789393,0,0,2,32,0.87781856,2024-25
2026-07-27,2026-08-03,24005,Baltimore County,Maryland,MD,quiet,0.008363,81,1,51–150,6.24,0.031804,79,1,51–150,7.99,0.648647,0.796264,0,0,0,,0.9766,2024-25
2026-07-27,2026-08-03,12021,Collier County,Florida,FL,quiet,0.008122,82,9,51–150,6.06,0.038427,63,6,51–150,9.65,0.641508,0.830169,0,0,93,22,0.863,2024-25
2026-07-27,2026-08-03,41047,Marion County,Oregon,OR,quiet,0.007895,83,3,51–150,5.89,0.021302,134,4,51–150,5.35,0.634521,0.70959,0,0,0,,0.916,2024-25
2026-07-27,2026-08-03,06111,Ventura County,California,CA,quiet,0.007749,84,10,51–150,5.78,0.027488,95,11,51–150,6.9,0.629892,0.767029,0,0,0,,0.96377,2024-25
2026-07-27,2026-08-03,06085,Santa Clara County,California,CA,quiet,0.007667,85,11,51–150,5.72,0.039061,62,8,51–150,9.81,0.627234,0.832891,0,0,3,7,0.99021,2024-25
2026-07-27,2026-08-03,35001,Bernalillo County,New Mexico,NM,quiet,0.007536,86,1,51–150,5.62,0.026074,104,1,51–150,6.55,0.622912,0.755775,0,0,0,,0.9371,2024-25
2026-07-27,2026-08-03,06075,San Francisco County,California,CA,quiet,0.007389,87,12,51–150,5.51,0.026095,103,12,51–150,6.55,0.617969,0.755949,0,0,1,15,0.98097,2024-25
2026-07-27,2026-08-03,12117,Seminole County,Florida,FL,quiet,0.00726,88,10,51–150,5.42,0.028714,91,13,51–150,7.21,0.613532,0.776057,0,0,0,,0.9,2024-25
2026-07-27,2026-08-03,42095,Northampton County,Pennsylvania,PA,quiet,0.007119,89,14,51–150,5.31,0.024214,117,11,51–150,6.08,0.608565,0.739432,0,0,0,,0.949,2024-25
2026-07-27,2026-08-03,34023,Middlesex County,New Jersey,NJ,quiet,0.007119,90,3,51–150,5.31,0.036679,66,3,51–150,9.21,0.608551,0.822241,0,0,0,,0.951,2024-25
2026-07-27,2026-08-03,24033,Prince George's County,Maryland,MD,quiet,0.007116,91,2,51–150,5.31,0.028168,92,2,51–150,7.07,0.608426,0.772111,0,0,2,72,0.9469,2024-25
2026-07-27,2026-08-03,08013,Boulder County,Colorado,CO,quiet,0.007104,92,7,51–150,5.3,0.023268,121,8,51–150,5.84,0.608008,0.730357,0,0,1,59,0.9055,2024-25
2026-07-27,2026-08-03,12105,Polk County,Florida,FL,quiet,0.006997,93,11,51–150,5.22,0.031142,82,11,51–150,7.82,0.604166,0.792216,0,0,1,8,0.925,2024-25
2026-07-27,2026-08-03,48113,Dallas County,Texas,TX,quiet,0.006955,94,10,51–150,5.19,0.021661,130,15,51–150,5.44,0.602629,0.71359,0,0,1,57,0.90148,2024-25
2026-07-27,2026-08-03,12009,Brevard County,Florida,FL,quiet,0.006727,95,12,51–150,5.02,0.015738,191,18,151–500,3.95,0.594065,0.63215,0,0,0,,0.909,2024-25
2026-07-27,2026-08-03,34007,Camden County,New Jersey,NJ,quiet,0.006705,96,4,51–150,5.0,0.025478,109,6,51–150,6.4,0.593227,0.750743,0,0,0,,0.949,2024-25
2026-07-27,2026-08-03,36071,Orange County,New York,NY,quiet,0.006685,97,2,51–150,4.99,0.027768,94,3,51–150,6.97,0.592454,0.769142,0,0,4,61,0.969172839,2024-25
2026-07-27,2026-08-03,06061,Placer County,California,CA,quiet,0.006633,98,13,51–150,4.95,0.030795,85,9,51–150,7.73,0.590438,0.790032,0,0,9,18,0.96144,2024-25
2026-07-27,2026-08-03,16001,Ada County,Idaho,ID,quiet,0.006532,99,1,51–150,4.87,0.026127,102,2,51–150,6.56,0.586466,0.756214,0,0,0,,0.83,2024-25
2026-07-27,2026-08-03,11001,District of Columbia,District of Columbia,DC,quiet,0.006527,100,1,51–150,4.87,0.021152,135,1,51–150,5.31,0.586276,0.707898,0,0,2,6,0.927,2024-25
2026-07-27,2026-08-03,08041,El Paso County,Colorado,CO,quiet,0.006493,101,8,51–150,4.84,0.033296,75,6,51–150,8.36,0.584949,0.804896,0,0,4,59,0.7652,2024-25
2026-07-27,2026-08-03,41067,Washington County,Oregon,OR,quiet,0.00646,102,4,51–150,4.82,0.025728,107,3,51–150,6.46,0.583611,0.752874,0,0,0,,0.947,2024-25
2026-07-27,2026-08-03,16019,Bonneville County,Idaho,ID,quiet,0.006444,103,2,51–150,4.81,0.018366,154,4,151–500,4.61,0.582991,0.672771,0,0,5,46,0.88,2024-25
2026-07-27,2026-08-03,48209,Hays County,Texas,TX,quiet,0.006435,104,11,51–150,4.8,0.022661,123,14,51–150,5.69,0.582606,0.724231,0,0,1,62,0.946269,2024-25
2026-07-27,2026-08-03,35013,Doña Ana County,New Mexico,NM,quiet,0.006428,105,2,51–150,4.79,0.019049,150,2,51–150,4.78,0.582339,0.682051,0,0,5,20,0.9784,2024-25
2026-07-27,2026-08-03,12097,Osceola County,Florida,FL,quiet,0.006388,106,13,51–150,4.76,0.032171,78,9,51–150,8.08,0.580694,0.79845,0,0,1,20,0.863,2024-25
2026-07-27,2026-08-03,30031,Gallatin County,Montana,MT,quiet,0.006331,107,1,51–150,4.72,0.024836,115,1,51–150,6.24,0.578395,0.745112,0,0,23,34,,
2026-07-27,2026-08-03,38017,Cass County,North Dakota,ND,quiet,0.006322,108,2,51–150,4.72,0.030939,83,1,51–150,7.77,0.577995,0.790942,0,0,8,11,0.9285,2024-25
2026-07-27,2026-08-03,42055,Franklin County,Pennsylvania,PA,quiet,0.006276,109,15,51–150,4.68,0.021589,131,12,51–150,5.42,0.576098,0.712803,0,0,0,,0.933,2024-25
2026-07-27,2026-08-03,42119,Union County,Pennsylvania,PA,quiet,0.006245,110,16,51–150,4.66,0.008364,328,35,151–500,2.1,0.574804,0.453021,0,0,0,,0.94,2024-25
2026-07-27,2026-08-03,34029,Ocean County,New Jersey,NJ,quiet,0.006228,111,5,51–150,4.65,0.031237,81,4,51–150,7.84,0.574123,0.792806,0,0,1,55,0.843,2024-25
2026-07-27,2026-08-03,26099,Macomb County,Michigan,MI,quiet,0.006217,112,3,51–150,4.64,0.032665,77,1,51–150,8.2,0.573668,0.801326,0,0,4,12,0.87265999,2024-25
2026-07-27,2026-08-03,51013,Arlington County,Virginia,VA,quiet,0.006167,113,1,51–150,4.6,0.016914,173,2,151–500,4.25,0.571547,0.651364,0,0,0,,0.922,2024-25
2026-07-27,2026-08-03,34021,Mercer County,New Jersey,NJ,quiet,0.006155,114,6,51–150,4.59,0.022565,125,8,51–150,5.67,0.571019,0.723245,0,0,0,,0.953,2024-25
2026-07-27,2026-08-03,48121,Denton County,Texas,TX,quiet,0.006075,115,12,51–150,4.53,0.041317,54,8,51–150,10.37,0.567601,0.841977,0,0,2,62,0.917152,2024-25
2026-07-27,2026-08-03,06087,Santa Cruz County,California,CA,quiet,0.00607,116,14,51–150,4.53,0.018941,152,13,151–500,4.76,0.567413,0.680617,0,0,0,,0.91092,2024-25
2026-07-27,2026-08-03,24003,Anne Arundel County,Maryland,MD,quiet,0.00607,117,3,51–150,4.53,0.025132,112,3,51–150,6.31,0.567397,0.74774,0,0,0,,0.9665,2024-25
2026-07-27,2026-08-03,48375,Potter County,Texas,TX,quiet,0.006069,118,13,51–150,4.53,0.005371,438,32,151–500,1.35,0.567376,0.332407,0,0,1,67,0.959596,2024-25
2026-07-27,2026-08-03,08083,Montezuma County,Colorado,CO,quiet,0.006052,119,9,51–150,4.51,0.020167,140,9,51–150,5.06,0.566622,0.696274,0,0,4,32,0.8378,2024-25
2026-07-27,2026-08-03,42093,Montour County,Pennsylvania,PA,quiet,0.005951,120,17,51–150,4.44,0.009362,299,31,151–500,2.35,0.562232,0.485349,0,0,0,,0.974,2024-25
2026-07-27,2026-08-03,24031,Montgomery County,Maryland,MD,quiet,0.005932,121,4,51–150,4.42,0.024043,118,4,51–150,6.04,0.561374,0.737834,0,0,0,,0.9727,2024-25
2026-07-27,2026-08-03,49005,Cache County,Utah,UT,quiet,0.005926,122,7,51–150,4.42,0.01738,162,8,151–500,4.36,0.561095,0.658508,0,0,0,,0.931456,2024-25
2026-07-27,2026-08-03,40109,Oklahoma County,Oklahoma,OK,quiet,0.005852,123,1,51–150,4.36,0.033936,73,1,51–150,8.52,0.557795,0.808404,0,0,18,26,0.865,2024-25
2026-07-27,2026-08-03,42067,Juniata County,Pennsylvania,PA,quiet,0.005817,124,18,51–150,4.34,0.010991,263,24,151–500,2.76,0.556232,0.531516,0,0,0,,0.934,2024-25
2026-07-27,2026-08-03,48141,El Paso County,Texas,TX,quiet,0.005807,125,14,51–150,4.33,0.02025,139,16,51–150,5.08,0.555777,0.697278,0,0,85,18,0.977753,2024-25
2026-07-27,2026-08-03,25025,Suffolk County,Massachusetts,MA,quiet,0.005784,126,1,51–150,4.31,0.019664,144,1,51–150,4.94,0.554726,0.690019,0,0,1,22,0.941,2024-25
2026-07-27,2026-08-03,09190,Western Connecticut Planning Region,Connecticut,CT,quiet,0.005762,127,1,51–150,4.3,0.014556,208,2,151–500,3.65,0.553723,0.61087,0,0,0,,0.983,2024-25
2026-07-27,2026-08-03,48167,Galveston County,Texas,TX,quiet,0.005749,128,15,51–150,4.29,0.051763,32,5,Top 50,13.0,0.553157,0.874654,0,0,0,,0.940071,2024-25
2026-07-27,2026-08-03,16081,Teton County,Idaho,ID,quiet,0.00572,129,3,51–150,4.27,0.025998,106,3,51–150,6.53,0.551816,0.755146,0,1,1,3,0.67,2024-25
2026-07-27,2026-08-03,45045,Greenville County,South Carolina,SC,quiet,0.005709,130,2,51–150,4.26,0.02681,98,1,51–150,6.73,0.551291,0.76175,0,0,8,19,0.942,2024-25
2026-07-27,2026-08-03,36081,Queens County,New York,NY,quiet,0.005678,131,3,51–150,4.24,0.030722,86,2,51–150,7.71,0.549886,0.789571,0,0,0,,0.975836608,2024-25
2026-07-27,2026-08-03,06113,Yolo County,California,CA,quiet,0.005662,132,15,51–150,4.22,0.0162,184,15,151–500,4.07,0.549132,0.639926,0,0,1,60,0.97685,2024-25
2026-07-27,2026-08-03,13067,Cobb County,Georgia,GA,quiet,0.005642,133,2,51–150,4.21,0.021387,133,2,51–150,5.37,0.548169,0.710547,0,0,0,,,
2026-07-27,2026-08-03,42089,Monroe County,Pennsylvania,PA,quiet,0.005641,134,19,51–150,4.21,0.019174,147,13,51–150,4.81,0.548162,0.683695,0,0,0,,0.878,2024-25
2026-07-27,2026-08-03,16017,Bonner County,Idaho,ID,quiet,0.005623,135,4,51–150,4.19,0.016668,179,5,151–500,4.18,0.547303,0.647493,0,0,1,49,0.64,2024-25
2026-07-27,2026-08-03,42003,Allegheny County,Pennsylvania,PA,quiet,0.005607,136,20,51–150,4.18,0.014982,200,20,151–500,3.76,0.546541,0.618781,0,0,0,,0.941,2024-25
2026-07-27,2026-08-03,12031,Duval County,Florida,FL,quiet,0.005587,137,14,51–150,4.17,0.051007,33,4,Top 50,12.81,0.54562,0.872701,0,0,7,25,0.899,2024-25
2026-07-27,2026-08-03,04003,Cochise County,Arizona,AZ,quiet,0.00556,138,6,51–150,4.15,0.014092,215,6,151–500,3.54,0.544322,0.601915,0,0,0,,0.923,2024-25
2026-07-27,2026-08-03,53073,Whatcom County,Washington,WA,quiet,0.005559,139,5,51–150,4.15,0.014701,206,9,151–500,3.69,0.544283,0.613602,0,0,2,57,0.86,2024-25
2026-07-27,2026-08-03,21067,Fayette County,Kentucky,KY,quiet,0.005436,140,1,51–150,4.06,0.025086,113,2,51–150,6.3,0.538377,0.747331,0,0,6,55,0.935,2024-25
2026-07-27,2026-08-03,34025,Monmouth County,New Jersey,NJ,quiet,0.005436,141,7,51–150,4.05,0.015942,188,15,151–500,4.0,0.538358,0.635623,0,0,0,,0.888,2024-25
2026-07-27,2026-08-03,32031,Washoe County,Nevada,NV,quiet,0.005364,142,2,51–150,4.0,0.029373,89,2,51–150,7.38,0.534829,0.780656,0,0,1,31,0.855,2024-25
2026-07-27,2026-08-03,48303,Lubbock County,Texas,TX,quiet,0.005259,143,16,51–150,3.92,0.024877,114,13,51–150,6.25,0.529585,0.745481,0,0,53,20,0.913411,2024-25
2026-07-27,2026-08-03,42107,Schuylkill County,Pennsylvania,PA,quiet,0.005233,144,21,51–150,3.9,0.005949,414,45,151–500,1.49,0.52827,0.358905,0,0,0,,0.954,2024-25
2026-07-27,2026-08-03,51059,Fairfax County,Virginia,VA,quiet,0.005183,145,2,51–150,3.87,0.017373,163,1,151–500,4.36,0.525747,0.658398,0,0,0,,0.91,2024-25
2026-07-27,2026-08-03,42027,Centre County,Pennsylvania,PA,quiet,0.005182,146,22,51–150,3.87,0.01626,182,18,151–500,4.08,0.525674,0.640908,0,0,0,,0.944,2024-25
2026-07-27,2026-08-03,46013,Brown County,South Dakota,SD,quiet,0.00514,147,1,51–150,3.83,0.014298,214,2,151–500,3.59,0.523496,0.605933,0,0,1,20,0.95,2024-25
2026-07-27,2026-08-03,25017,Middlesex County,Massachusetts,MA,quiet,0.005098,148,2,51–150,3.8,0.01122,255,4,151–500,2.82,0.521359,0.537443,0,0,0,,0.981,2024-25
2026-07-27,2026-08-03,34027,Morris County,New Jersey,NJ,quiet,0.005093,149,8,51–150,3.8,0.020672,136,9,51–150,5.19,0.521093,0.702333,0,0,0,,0.941,2024-25
2026-07-27,2026-08-03,45083,Spartanburg County,South Carolina,SC,quiet,0.005081,150,3,51–150,3.79,0.026488,100,2,51–150,6.65,0.52045,0.759166,0,0,940,19,0.9,2024-25
2026-07-27,2026-08-03,42081,Lycoming County,Pennsylvania,PA,quiet,0.005043,151,23,151–500,3.76,0.015127,199,19,151–500,3.8,0.518473,0.621426,0,0,0,,0.952,2024-25
2026-07-27,2026-08-03,12111,St. Lucie County,Florida,FL,quiet,0.005038,152,15,151–500,3.76,0.021561,132,15,51–150,5.41,0.518214,0.712493,0,0,0,,0.88,2024-25
2026-07-27,2026-08-03,34001,Atlantic County,New Jersey,NJ,quiet,0.005009,153,9,151–500,3.74,0.018216,155,13,151–500,4.57,0.516672,0.670662,0,0,0,,0.889,2024-25
2026-07-27,2026-08-03,21111,Jefferson County,Kentucky,KY,quiet,0.004993,154,2,151–500,3.72,0.037063,65,1,51–150,9.31,0.5158,0.824041,0,0,2,52,0.649,2024-25
2026-07-27,2026-08-03,42001,Adams County,Pennsylvania,PA,quiet,0.004948,155,24,151–500,3.69,0.005029,457,46,151–500,1.26,0.513403,0.315883,0,0,0,,0.929,2024-25
2026-07-27,2026-08-03,08067,La Plata County,Colorado,CO,quiet,0.004929,156,10,151–500,3.68,0.01233,237,10,151–500,3.1,0.512387,0.564396,0,0,0,,0.8987,2024-25
2026-07-27,2026-08-03,48039,Brazoria County,Texas,TX,quiet,0.00489,157,17,151–500,3.65,0.039071,61,10,51–150,9.81,0.510288,0.832931,0,0,1,67,0.962127,2024-25
2026-07-27,2026-08-03,16055,Kootenai County,Idaho,ID,quiet,0.004793,158,5,151–500,3.58,0.030837,84,1,51–150,7.74,0.504925,0.790303,0,0,2,20,0.7,2024-25
2026-07-27,2026-08-03,34035,Somerset County,New Jersey,NJ,quiet,0.004733,159,10,151–500,3.53,0.020575,138,10,51–150,5.17,0.501592,0.701176,0,0,0,,0.949,2024-25
2026-07-27,2026-08-03,13089,DeKalb County,Georgia,GA,quiet,0.004725,160,3,151–500,3.52,0.015613,193,4,151–500,3.92,0.501155,0.630009,0,0,0,,,
2026-07-27,2026-08-03,26163,Wayne County,Michigan,MI,quiet,0.004703,161,4,151–500,3.51,0.011633,243,6,151–500,2.92,0.499893,0.547809,0,0,0,,0.8994,2023-24
2026-07-27,2026-08-03,48027,Bell County,Texas,TX,quiet,0.004694,162,18,151–500,3.5,0.017323,166,18,151–500,4.35,0.499404,0.657649,0,0,1,58,0.951261,2024-25
2026-07-27,2026-08-03,46103,Pennington County,South Dakota,SD,quiet,0.004691,163,2,151–500,3.5,0.015595,194,1,151–500,3.92,0.499228,0.629688,0,0,2,60,0.92,2024-25
2026-07-27,2026-08-03,49043,Summit County,Utah,UT,quiet,0.004688,164,8,151–500,3.5,0.026061,105,7,51–150,6.54,0.49903,0.755668,0,0,5,17,0.892788,2024-25
2026-07-27,2026-08-03,25005,Bristol County,Massachusetts,MA,quiet,0.004669,165,3,151–500,3.48,0.013449,223,3,151–500,3.38,0.497974,0.588901,0,0,0,,0.976,2024-25
2026-07-27,2026-08-03,24510,Baltimore City,Maryland,MD,quiet,0.004595,166,5,151–500,3.43,0.022548,126,6,51–150,5.66,0.49371,0.723068,0,0,3,14,0.9472,2024-25
2026-07-27,2026-08-03,12127,Volusia County,Florida,FL,quiet,0.00458,167,16,151–500,3.42,0.008837,316,24,151–500,2.22,0.492843,0.468759,0,0,0,,0.886,2024-25
2026-07-27,2026-08-03,53035,Kitsap County,Washington,WA,quiet,0.004537,168,6,151–500,3.38,0.015997,187,6,151–500,4.02,0.490319,0.636546,0,0,0,,0.91,2024-25
2026-07-27,2026-08-03,53067,Thurston County,Washington,WA,quiet,0.004524,169,7,151–500,3.37,0.015166,197,8,151–500,3.81,0.489546,0.622114,0,0,0,,0.926,2024-25
2026-07-27,2026-08-03,17043,DuPage County,Illinois,IL,quiet,0.004488,170,2,151–500,3.35,0.021873,129,2,51–150,5.49,0.48743,0.715906,0,0,0,,0.959,2024-25
2026-07-27,2026-08-03,49021,Iron County,Utah,UT,quiet,0.004478,171,9,151–500,3.34,0.013098,230,11,151–500,3.29,0.486868,0.581473,0,0,0,,0.824029,2024-25
2026-07-27,2026-08-03,34031,Passaic County,New Jersey,NJ,quiet,0.004344,172,11,151–500,3.24,0.025404,110,7,51–150,6.38,0.47878,0.750107,0,0,1,52,0.947,2024-25
2026-07-27,2026-08-03,37183,Wake County,North Carolina,NC,quiet,0.004321,173,3,151–500,3.22,0.026719,99,3,51–150,6.71,0.477355,0.761028,0,0,0,,0.94103792,2024-25
2026-07-27,2026-08-03,42111,Somerset County,Pennsylvania,PA,quiet,0.00431,174,25,151–500,3.21,0.013164,228,22,151–500,3.31,0.476695,0.582888,0,0,0,,0.923,2024-25
2026-07-27,2026-08-03,42079,Luzerne County,Pennsylvania,PA,quiet,0.004308,175,26,151–500,3.21,0.018831,153,14,151–500,4.73,0.476574,0.679143,0,0,0,,0.939,2024-25
2026-07-27,2026-08-03,45063,Lexington County,South Carolina,SC,quiet,0.004295,176,4,151–500,3.2,0.017649,160,4,151–500,4.43,0.475743,0.662507,0,0,0,,0.948,2024-25
2026-07-27,2026-08-03,02020,Anchorage Municipality,Alaska,AK,quiet,0.004293,177,1,151–500,3.2,0.027204,97,1,51–150,6.83,0.47563,0.764842,0,0,3,41,,
2026-07-27,2026-08-03,34005,Burlington County,New Jersey,NJ,quiet,0.00427,178,12,151–500,3.18,0.026205,101,5,51–150,6.58,0.474207,0.756862,0,0,0,,0.933,2024-25
2026-07-27,2026-08-03,12101,Pasco County,Florida,FL,quiet,0.004265,179,17,151–500,3.18,0.019068,149,16,51–150,4.79,0.473923,0.682303,0,0,3,19,0.919,2024-25
2026-07-27,2026-08-03,08059,Jefferson County,Colorado,CO,quiet,0.004261,180,11,151–500,3.18,0.01013,280,12,151–500,2.54,0.473691,0.508043,0,0,0,,0.917,2024-25
2026-07-27,2026-08-03,12069,Lake County,Florida,FL,quiet,0.004235,181,18,151–500,3.16,0.022426,127,14,51–150,5.63,0.472033,0.721801,0,0,0,,0.86,2024-25
2026-07-27,2026-08-03,49053,Washington County,Utah,UT,quiet,0.004173,182,10,151–500,3.11,0.017312,167,10,151–500,4.35,0.468124,0.657482,0,0,0,,0.791591,2024-25
2026-07-27,2026-08-03,42005,Armstrong County,Pennsylvania,PA,quiet,0.004049,183,27,151–500,3.02,0.00988,284,26,151–500,2.48,0.460163,0.500838,0,0,0,,0.951,2024-25
2026-07-27,2026-08-03,08037,Eagle County,Colorado,CO,quiet,0.004033,184,12,151–500,3.01,0.009154,307,13,151–500,2.3,0.459081,0.478865,0,0,0,,0.9036,2024-25
2026-07-27,2026-08-03,56013,Fremont County,Wyoming,WY,quiet,0.004017,185,2,151–500,3.0,0.013641,219,2,151–500,3.43,0.458081,0.592872,0,0,6,13,0.91,2022-23
2026-07-27,2026-08-03,34013,Essex County,New Jersey,NJ,quiet,0.00401,186,13,151–500,2.99,0.016309,181,14,151–500,4.09,0.457582,0.641708,0,0,0,,0.924,2024-25
2026-07-27,2026-08-03,24025,Harford County,Maryland,MD,quiet,0.004003,187,6,151–500,2.99,0.014735,205,8,151–500,3.7,0.45711,0.614239,0,0,0,,0.9687,2024-25
2026-07-27,2026-08-03,49003,Box Elder County,Utah,UT,quiet,0.00396,188,11,151–500,2.95,0.017337,165,9,151–500,4.35,0.454272,0.657851,0,0,0,,0.901408,2024-25
2026-07-27,2026-08-03,26161,Washtenaw County,Michigan,MI,quiet,0.003927,189,5,151–500,2.93,0.011731,241,5,151–500,2.95,0.452086,0.550208,0,0,7,18,0.9151798,2024-25
2026-07-27,2026-08-03,53005,Benton County,Washington,WA,quiet,0.003874,190,8,151–500,2.89,0.01108,259,13,151–500,2.78,0.448539,0.533838,0,0,0,,0.931,2024-25
2026-07-27,2026-08-03,16027,Canyon County,Idaho,ID,quiet,0.003851,191,6,151–500,2.87,0.013622,221,6,151–500,3.42,0.446937,0.59249,0,0,6,22,0.79,2024-25
2026-07-27,2026-08-03,40027,Cleveland County,Oklahoma,OK,quiet,0.003815,192,2,151–500,2.85,0.019657,145,2,51–150,4.94,0.444479,0.689927,0,0,0,,0.9278,2024-25
2026-07-27,2026-08-03,22051,Jefferson Parish,Louisiana,LA,quiet,0.00381,193,1,151–500,2.84,0.01718,170,1,151–500,4.31,0.444096,0.655467,0,0,0,,0.9614,2024-25
2026-07-27,2026-08-03,42061,Huntingdon County,Pennsylvania,PA,quiet,0.003779,194,28,151–500,2.82,0.008972,311,32,151–500,2.25,0.442014,0.473092,0,0,0,,0.926,2024-25
2026-07-27,2026-08-03,37081,Guilford County,North Carolina,NC,quiet,0.003774,195,4,151–500,2.82,0.024712,116,4,51–150,6.2,0.441644,0.743996,0,0,1,57,0.92960699,2024-25
2026-07-27,2026-08-03,42039,Crawford County,Pennsylvania,PA,quiet,0.003759,196,29,151–500,2.8,0.007414,359,39,151–500,1.86,0.440567,0.418921,0,0,0,,0.924,2024-25
2026-07-27,2026-08-03,06097,Sonoma County,California,CA,quiet,0.003709,197,16,151–500,2.77,0.016236,183,14,151–500,4.08,0.437106,0.64052,0,0,0,,0.96058,2024-25
2026-07-27,2026-08-03,39153,Summit County,Ohio,OH,quiet,0.003687,198,3,151–500,2.75,0.008694,320,5,151–500,2.18,0.435533,0.464093,0,0,0,,0.86,2024-25
2026-07-27,2026-08-03,46099,Minnehaha County,South Dakota,SD,quiet,0.003658,199,3,151–500,2.73,0.011339,252,3,151–500,2.85,0.433498,0.540479,0,0,0,,0.9,2024-25
2026-07-27,2026-08-03,47037,Davidson County,Tennessee,TN,quiet,0.003641,200,1,151–500,2.72,0.013798,217,1,151–500,3.46,0.432242,0.596056,0,0,0,,0.956,2024-25
2026-07-27,2026-08-03,45079,Richland County,South Carolina,SC,quiet,0.003635,201,5,151–500,2.71,0.01558,195,6,151–500,3.91,0.431827,0.629426,0,0,0,,0.913,2024-25
2026-07-27,2026-08-03,42025,Carbon County,Pennsylvania,PA,quiet,0.003623,202,30,151–500,2.7,0.008208,336,36,151–500,2.06,0.430998,0.447655,0,0,0,,0.955,2024-25
2026-07-27,2026-08-03,39113,Montgomery County,Ohio,OH,quiet,0.003621,203,4,151–500,2.7,0.010172,279,4,151–500,2.55,0.43084,0.509231,0,0,0,,0.846,2024-25
2026-07-27,2026-08-03,56025,Natrona County,Wyoming,WY,quiet,0.003613,204,3,151–500,2.69,0.01128,254,4,151–500,2.83,0.43024,0.538967,0,0,1,56,0.94,2022-23
2026-07-27,2026-08-03,24041,Talbot County,Maryland,MD,quiet,0.003604,205,7,151–500,2.69,0.009584,294,12,151–500,2.41,0.429559,0.492075,0,0,0,,0.9752,2024-25
2026-07-27,2026-08-03,27037,Dakota County,Minnesota,MN,quiet,0.003585,206,2,151–500,2.67,0.020115,141,2,51–150,5.05,0.428201,0.695631,0,0,1,60,0.865,2024-25
2026-07-27,2026-08-03,56029,Park County,Wyoming,WY,quiet,0.003569,207,4,151–500,2.66,0.012011,240,3,151–500,3.02,0.427048,0.556935,0,0,1,32,0.9,2022-23
2026-07-27,2026-08-03,30063,Missoula County,Montana,MT,quiet,0.003566,208,2,151–500,2.66,0.022301,128,2,51–150,5.6,0.426812,0.720488,0,0,0,,,
2026-07-27,2026-08-03,29189,St. Louis County,Missouri,MO,quiet,0.00356,209,1,151–500,2.66,0.017889,157,2,151–500,4.49,0.426405,0.666007,0,0,0,,0.91,2024-25
2026-07-27,2026-08-03,44007,Providence County,Rhode Island,RI,quiet,0.003509,210,1,151–500,2.62,0.017268,168,1,151–500,4.34,0.422613,0.656816,0,0,3,14,0.95,2024-25
2026-07-27,2026-08-03,35043,Sandoval County,New Mexico,NM,quiet,0.003503,211,3,151–500,2.61,0.017724,159,3,151–500,4.45,0.422238,0.663606,0,0,6,62,0.9603,2024-25
2026-07-27,2026-08-03,55009,Brown County,Wisconsin,WI,quiet,0.003478,212,1,151–500,2.59,0.014365,212,1,151–500,3.61,0.420374,0.607237,0,0,0,,0.85,2024-25
2026-07-27,2026-08-03,42035,Clinton County,Pennsylvania,PA,quiet,0.00337,213,31,151–500,2.51,0.008679,321,34,151–500,2.18,0.412231,0.463589,0,0,0,,0.931,2024-25
2026-07-27,2026-08-03,06077,San Joaquin County,California,CA,quiet,0.003358,214,17,151–500,2.5,0.013522,222,17,151–500,3.4,0.411252,0.590426,0,0,0,,0.95974,2024-25
2026-07-27,2026-08-03,25013,Hampden County,Massachusetts,MA,quiet,0.003336,215,4,151–500,2.49,0.016692,178,2,151–500,4.19,0.409562,0.647886,0,0,0,,0.938,2024-25
2026-07-27,2026-08-03,24015,Cecil County,Maryland,MD,quiet,0.003328,216,8,151–500,2.48,0.022657,124,5,51–150,5.69,0.409004,0.724198,0,0,0,,0.951,2024-25
2026-07-27,2026-08-03,06017,El Dorado County,California,CA,quiet,0.00332,217,18,151–500,2.48,0.013357,225,18,151–500,3.35,0.408352,0.586979,0,0,0,,0.7664,2024-25
2026-07-27,2026-08-03,53025,Grant County,Washington,WA,quiet,0.003317,218,9,151–500,2.47,0.0106,272,14,151–500,2.66,0.40811,0.521103,0,0,2,19,0.897,2024-25
2026-07-27,2026-08-03,25021,Norfolk County,Massachusetts,MA,quiet,0.003312,219,5,151–500,2.47,0.008871,314,6,151–500,2.23,0.407733,0.469868,0,0,0,,0.978,2024-25
2026-07-27,2026-08-03,34015,Gloucester County,New Jersey,NJ,quiet,0.003311,220,14,151–500,2.47,0.019924,143,11,51–150,5.0,0.407668,0.693281,0,0,0,,0.948,2024-25
2026-07-27,2026-08-03,36029,Erie County,New York,NY,quiet,0.003311,221,4,151–500,2.47,0.013152,229,7,151–500,3.3,0.407652,0.582632,0,0,2,7,0.978772607,2024-25
2026-07-27,2026-08-03,13135,Gwinnett County,Georgia,GA,quiet,0.00331,222,4,151–500,2.47,0.01908,148,3,51–150,4.79,0.407601,0.682456,0,0,0,,,
2026-07-27,2026-08-03,42013,Blair County,Pennsylvania,PA,quiet,0.003277,223,32,151–500,2.44,0.011326,253,23,151–500,2.84,0.404987,0.540152,0,0,0,,0.92,2024-25
2026-07-27,2026-08-03,38105,Williams County,North Dakota,ND,quiet,0.003268,224,3,151–500,2.44,0.019179,146,3,51–150,4.82,0.404316,0.683763,0,0,19,25,0.805,2024-25
2026-07-27,2026-08-03,35029,Luna County,New Mexico,NM,quiet,0.003261,225,4,151–500,2.43,0.009842,285,6,151–500,2.47,0.403742,0.499745,0,0,26,9,0.9798,2024-25
2026-07-27,2026-08-03,36087,Rockland County,New York,NY,quiet,0.003239,226,5,151–500,2.42,0.012954,231,8,151–500,3.25,0.402062,0.578362,0,0,25,20,0.982818561,2024-25
2026-07-27,2026-08-03,12083,Marion County,Florida,FL,quiet,0.003225,227,19,151–500,2.41,0.010303,276,22,151–500,2.59,0.400961,0.512925,0,0,0,,0.908,2024-25
2026-07-27,2026-08-03,12091,Okaloosa County,Florida,FL,quiet,0.003219,228,20,151–500,2.4,0.012867,232,20,151–500,3.23,0.40049,0.576461,0,0,1,37,0.9,2024-25
2026-07-27,2026-08-03,41053,Polk County,Oregon,OR,quiet,0.003215,229,5,151–500,2.4,0.010324,275,9,151–500,2.59,0.400174,0.513516,0,0,0,,0.9,2024-25
2026-07-27,2026-08-03,24043,Washington County,Maryland,MD,quiet,0.003209,230,9,151–500,2.39,0.014506,209,9,151–500,3.64,0.399625,0.609931,0,0,0,,0.9674,2024-25
2026-07-27,2026-08-03,42015,Bradford County,Pennsylvania,PA,quiet,0.003197,231,33,151–500,2.38,0.007026,369,40,151–500,1.76,0.398668,0.403969,0,0,0,,0.894,2024-25
2026-07-27,2026-08-03,48259,Kendall County,Texas,TX,quiet,0.003128,232,19,151–500,2.33,0.015424,196,20,151–500,3.87,0.393147,0.626704,0,0,1,20,0.912237,2024-25
2026-07-27,2026-08-03,27123,Ramsey County,Minnesota,MN,quiet,0.003116,233,3,151–500,2.32,0.009041,309,5,151–500,2.27,0.39215,0.475299,0,0,0,,0.886,2024-25
2026-07-27,2026-08-03,24045,Wicomico County,Maryland,MD,quiet,0.003091,234,10,151–500,2.31,0.020016,142,7,51–150,5.03,0.390154,0.69442,0,0,0,,0.9691,2024-25
2026-07-27,2026-08-03,53015,Cowlitz County,Washington,WA,quiet,0.003075,235,10,151–500,2.29,0.013299,226,10,151–500,3.34,0.388831,0.585771,0,0,0,,0.906,2024-25
2026-07-27,2026-08-03,36119,Westchester County,New York,NY,quiet,0.003038,236,6,151–500,2.27,0.013688,218,6,151–500,3.44,0.385807,0.593825,0,0,0,,0.993751589,2024-25
2026-07-27,2026-08-03,55079,Milwaukee County,Wisconsin,WI,quiet,0.00302,237,2,151–500,2.25,0.011192,257,2,151–500,2.81,0.384319,0.536738,0,0,0,,0.7,2024-25
2026-07-27,2026-08-03,37133,Onslow County,North Carolina,NC,quiet,0.002978,238,5,151–500,2.22,0.011698,242,8,151–500,2.94,0.380793,0.549404,0,0,0,,0.84225221,2024-25
2026-07-27,2026-08-03,51510,Alexandria City,Virginia,VA,quiet,0.002957,239,3,151–500,2.21,0.011213,256,4,151–500,2.82,0.379003,0.537278,0,0,0,,0.852,2024-25
2026-07-27,2026-08-03,26139,Ottawa County,Michigan,MI,quiet,0.002955,240,6,151–500,2.2,0.01154,247,7,151–500,2.9,0.378829,0.545508,0,0,4,10,0.93063584,2024-25
2026-07-27,2026-08-03,53057,Skagit County,Washington,WA,quiet,0.002954,241,11,151–500,2.2,0.01155,246,12,151–500,2.9,0.378791,0.545749,0,0,0,,0.898,2024-25
2026-07-27,2026-08-03,17197,Will County,Illinois,IL,quiet,0.00294,242,3,151–500,2.19,0.01161,245,5,151–500,2.92,0.377535,0.547236,0,0,0,,0.963,2024-25
2026-07-27,2026-08-03,17097,Lake County,Illinois,IL,quiet,0.002934,243,4,151–500,2.19,0.015791,189,3,151–500,3.96,0.377046,0.633057,0,0,0,,0.955,2024-25
2026-07-27,2026-08-03,54003,Berkeley County,West Virginia,WV,quiet,0.002868,244,1,151–500,2.14,0.013636,220,1,151–500,3.42,0.371353,0.592766,0,0,0,,,
2026-07-27,2026-08-03,42125,Washington County,Pennsylvania,PA,quiet,0.002842,245,34,151–500,2.12,0.009968,282,25,151–500,2.5,0.369106,0.503409,0,0,0,,0.956,2024-25
2026-07-27,2026-08-03,06095,Solano County,California,CA,quiet,0.002835,246,19,151–500,2.11,0.01105,260,20,151–500,2.77,0.368525,0.533073,0,0,0,,0.98515,2024-25
2026-07-27,2026-08-03,53077,Yakima County,Washington,WA,quiet,0.002794,247,12,151–500,2.08,0.012084,238,11,151–500,3.03,0.364977,0.558664,0,0,0,,0.962,2024-25
2026-07-27,2026-08-03,31055,Douglas County,Nebraska,NE,quiet,0.002763,248,1,151–500,2.06,0.016777,176,2,151–500,4.21,0.362162,0.64923,0,0,0,,0.980565174,2024-25
2026-07-27,2026-08-03,20091,Johnson County,Kansas,KS,quiet,0.002745,249,1,151–500,2.05,0.006784,381,3,151–500,1.7,0.360562,0.394313,0,0,0,,0.9515,2024-25
2026-07-27,2026-08-03,35045,San Juan County,New Mexico,NM,quiet,0.002731,250,5,151–500,2.04,0.011049,261,4,151–500,2.77,0.359386,0.53304,0,0,1,60,0.9548,2024-25
2026-07-27,2026-08-03,42069,Lackawanna County,Pennsylvania,PA,quiet,0.002706,251,35,151–500,2.02,0.009651,291,27,151–500,2.42,0.357123,0.494084,0,0,0,,0.967,2024-25
2026-07-27,2026-08-03,04009,Graham County,Arizona,AZ,quiet,0.002656,252,7,151–500,1.98,0.011618,244,8,151–500,2.92,0.352523,0.547426,0,0,0,,0.873,2024-25
2026-07-27,2026-08-03,42033,Clearfield County,Pennsylvania,PA,quiet,0.00265,253,36,151–500,1.98,0.006987,370,41,151–500,1.75,0.351988,0.402447,0,0,0,,0.93,2024-25
2026-07-27,2026-08-03,42103,Pike County,Pennsylvania,PA,quiet,0.002647,254,37,151–500,1.97,0.00685,375,42,151–500,1.72,0.35171,0.396977,0,0,0,,0.883,2024-25
2026-07-27,2026-08-03,36047,Kings County,New York,NY,quiet,0.002625,255,7,151–500,1.96,0.016774,177,4,151–500,4.21,0.349696,0.649171,0,0,0,,0.976940499,2024-25
2026-07-27,2026-08-03,34039,Union County,New Jersey,NJ,quiet,0.002617,256,15,151–500,1.95,0.018997,151,12,151–500,4.77,0.348966,0.681367,0,0,0,,0.948,2024-25
2026-07-27,2026-08-03,42129,Westmoreland County,Pennsylvania,PA,quiet,0.002616,257,38,151–500,1.95,0.017186,169,16,151–500,4.32,0.348936,0.655558,0,0,0,,0.921,2024-25
2026-07-27,2026-08-03,23019,Penobscot County,Maine,ME,quiet,0.002615,258,1,151–500,1.95,0.011438,251,1,151–500,2.87,0.348843,0.542971,0,0,5,23,0.9744,2024-25
2026-07-27,2026-08-03,53065,Stevens County,Washington,WA,quiet,0.002609,259,13,151–500,1.95,0.015776,190,7,151–500,3.96,0.348259,0.632812,0,0,3,24,0.764,2024-25
2026-07-27,2026-08-03,37063,Durham County,North Carolina,NC,quiet,0.002598,260,6,151–500,1.94,0.00926,302,11,151–500,2.33,0.347238,0.482188,0,0,0,,0.88014687,2024-25
2026-07-27,2026-08-03,45091,York County,South Carolina,SC,quiet,0.002597,261,6,151–500,1.94,0.016157,186,5,151–500,4.06,0.347133,0.639206,0,0,0,,0.936,2024-25
2026-07-27,2026-08-03,12109,St. Johns County,Florida,FL,quiet,0.002583,262,21,151–500,1.93,0.016862,174,17,151–500,4.23,0.345804,0.650559,0,0,3,22,0.906,2024-25
2026-07-27,2026-08-03,51153,Prince William County,Virginia,VA,quiet,0.002566,263,4,151–500,1.91,0.014632,207,3,151–500,3.67,0.344289,0.61231,0,0,0,,0.95,2024-25
2026-07-27,2026-08-03,08029,Delta County,Colorado,CO,quiet,0.002559,264,13,151–500,1.91,0.008327,331,14,151–500,2.09,0.343574,0.451768,0,0,1,9,0.8,2024-25
2026-07-27,2026-08-03,48329,Midland County,Texas,TX,quiet,0.002545,265,20,151–500,1.9,0.017966,156,17,151–500,4.51,0.342328,0.667119,0,0,7,51,0.944486,2024-25
2026-07-27,2026-08-03,17089,Kane County,Illinois,IL,quiet,0.002538,266,5,151–500,1.89,0.012049,239,4,151–500,3.03,0.341583,0.557826,0,0,0,,0.956,2024-25
2026-07-27,2026-08-03,12019,Clay County,Florida,FL,quiet,0.002496,267,22,151–500,1.86,0.011024,262,21,151–500,2.77,0.337688,0.532378,0,0,0,,0.936,2024-25
2026-07-27,2026-08-03,36103,Suffolk County,New York,NY,quiet,0.002476,268,8,151–500,1.85,0.014926,201,5,151–500,3.75,0.335739,0.617771,0,0,1,72,0.996453355,2024-25
2026-07-27,2026-08-03,24027,Howard County,Maryland,MD,quiet,0.002455,269,11,151–500,1.83,0.009748,288,11,151–500,2.45,0.333692,0.496982,0,0,1,73,0.9663,2024-25
2026-07-27,2026-08-03,26121,Muskegon County,Michigan,MI,quiet,0.002435,270,7,151–500,1.82,0.016925,172,4,151–500,4.25,0.331827,0.651543,0,0,3,40,0.92170257,2024-25
2026-07-27,2026-08-03,04007,Gila County,Arizona,AZ,quiet,0.002423,271,8,151–500,1.81,0.009081,308,9,151–500,2.28,0.330621,0.476584,0,0,0,,0.854,2024-25
2026-07-27,2026-08-03,36059,Nassau County,New York,NY,quiet,0.002412,272,9,151–500,1.8,0.006471,394,12,151–500,1.62,0.329552,0.381419,0,0,0,,0.986670581,2024-25
2026-07-27,2026-08-03,53037,Kittitas County,Washington,WA,quiet,0.00238,273,14,151–500,1.78,0.017731,158,5,151–500,4.45,0.326484,0.663704,0,0,7,13,0.905,2024-25
2026-07-27,2026-08-03,06089,Shasta County,California,CA,quiet,0.002345,274,20,151–500,1.75,0.012816,234,19,151–500,3.22,0.322957,0.575357,0,0,10,18,0.94368,2024-25
2026-07-27,2026-08-03,06079,San Luis Obispo County,California,CA,quiet,0.002336,275,21,151–500,1.74,0.008301,333,21,151–500,2.08,0.32214,0.45087,0,0,1,32,0.97299,2024-25
2026-07-27,2026-08-03,37179,Union County,North Carolina,NC,quiet,0.002306,276,7,151–500,1.72,0.015163,198,5,151–500,3.81,0.319114,0.622066,0,0,2,20,0.88569496,2024-25
2026-07-27,2026-08-03,37025,Cabarrus County,North Carolina,NC,quiet,0.002299,277,8,151–500,1.71,0.014756,204,6,151–500,3.71,0.318417,0.614628,0,0,2,27,0.92197659,2024-25
2026-07-27,2026-08-03,34033,Salem County,New Jersey,NJ,quiet,0.002277,278,16,151–500,1.7,0.006972,371,19,151–500,1.75,0.316172,0.401856,0,0,0,,0.948,2024-25
2026-07-27,2026-08-03,37071,Gaston County,North Carolina,NC,quiet,0.002276,279,9,151–500,1.7,0.009458,297,10,151–500,2.37,0.316132,0.488268,0,0,0,,0.90848953,2024-25
2026-07-27,2026-08-03,36027,Dutchess County,New York,NY,quiet,0.002252,280,10,151–500,1.68,0.005112,449,16,151–500,1.28,0.313668,0.319944,0,0,0,,0.988996531,2024-25
2026-07-27,2026-08-03,09110,Capitol Planning Region,Connecticut,CT,quiet,0.002243,281,2,151–500,1.67,0.017338,164,1,151–500,4.35,0.312714,0.657877,0,0,0,,0.987,2024-25
2026-07-27,2026-08-03,41039,Lane County,Oregon,OR,quiet,0.002219,282,6,151–500,1.65,0.01007,281,10,151–500,2.53,0.310273,0.506339,0,0,0,,0.916,2024-25
2026-07-27,2026-08-03,04017,Navajo County,Arizona,AZ,quiet,0.002215,283,9,151–500,1.65,0.013287,227,7,151–500,3.34,0.309861,0.585511,0,0,4,59,0.8,2024-25
2026-07-27,2026-08-03,30111,Yellowstone County,Montana,MT,quiet,0.002206,284,3,151–500,1.65,0.00881,318,4,151–500,2.21,0.308997,0.467874,0,0,4,54,,
2026-07-27,2026-08-03,56021,Laramie County,Wyoming,WY,quiet,0.002192,285,5,151–500,1.63,0.006948,372,5,151–500,1.74,0.307525,0.4009,0,0,0,,0.86,2022-23
2026-07-27,2026-08-03,45019,Charleston County,South Carolina,SC,quiet,0.002184,286,7,151–500,1.63,0.008016,341,11,151–500,2.01,0.306683,0.440921,0,0,0,,0.92,2024-25
2026-07-27,2026-08-03,06083,Santa Barbara County,California,CA,quiet,0.002177,287,22,151–500,1.62,0.007533,356,24,151–500,1.89,0.305974,0.423413,0,0,0,,0.98478,2024-25
2026-07-27,2026-08-03,06041,Marin County,California,CA,quiet,0.002175,288,23,151–500,1.62,0.00504,454,30,151–500,1.27,0.305736,0.316392,0,0,0,,0.99034,2024-25
2026-07-27,2026-08-03,48397,Rockwall County,Texas,TX,quiet,0.002156,289,21,151–500,1.61,0.01482,202,21,151–500,3.72,0.303847,0.615812,0,0,8,22,0.909091,2024-25
2026-07-27,2026-08-03,24021,Frederick County,Maryland,MD,quiet,0.002131,290,12,151–500,1.59,0.012847,233,10,151–500,3.23,0.301242,0.576019,0,0,0,,0.9611,2024-25
2026-07-27,2026-08-03,48071,Chambers County,Texas,TX,quiet,0.002127,291,22,151–500,1.59,0.010934,265,23,151–500,2.75,0.300763,0.530031,0,0,0,,0.9388,2024-25
2026-07-27,2026-08-03,25009,Essex County,Massachusetts,MA,quiet,0.002126,292,6,151–500,1.59,0.011149,258,5,151–500,2.8,0.300647,0.535635,0,0,0,,0.965,2024-25
2026-07-27,2026-08-03,48291,Liberty County,Texas,TX,quiet,0.002106,293,23,151–500,1.57,0.005005,462,34,151–500,1.26,0.298562,0.314662,0,0,0,,0.966112,2024-25
2026-07-27,2026-08-03,55025,Dane County,Wisconsin,WI,quiet,0.002092,294,3,151–500,1.56,0.010708,269,3,151–500,2.69,0.297129,0.524014,0,0,1,27,0.9,2024-25
2026-07-27,2026-08-03,08014,Broomfield County,Colorado,CO,quiet,0.002089,295,14,151–500,1.56,0.0072,364,16,151–500,1.81,0.29679,0.410769,0,0,4,19,0.9257,2024-25
2026-07-27,2026-08-03,39095,Lucas County,Ohio,OH,quiet,0.002085,296,5,151–500,1.56,0.00852,326,6,151–500,2.14,0.296336,0.458313,0,0,0,,0.842,2024-25
2026-07-27,2026-08-03,06099,Stanislaus County,California,CA,quiet,0.002078,297,24,151–500,1.55,0.007861,347,23,151–500,1.97,0.295625,0.435407,0,0,0,,0.95648,2024-25
2026-07-27,2026-08-03,06055,Napa County,California,CA,quiet,0.002076,298,25,151–500,1.55,0.007372,361,26,151–500,1.85,0.295432,0.417358,0,0,1,27,0.97352,2024-25
2026-07-27,2026-08-03,47157,Shelby County,Tennessee,TN,quiet,0.002054,299,2,151–500,1.53,0.009,310,3,151–500,2.26,0.29308,0.473996,0,0,0,,0.946,2024-25
2026-07-27,2026-08-03,19103,Johnson County,Iowa,IA,quiet,0.002051,300,1,151–500,1.53,0.006346,398,2,151–500,1.59,0.292728,0.376162,0,0,0,,0.87209302,2024-25
2026-07-27,2026-08-03,13051,Chatham County,Georgia,GA,quiet,0.002043,301,5,151–500,1.52,0.006046,409,6,151–500,1.52,0.291907,0.363188,0,0,0,,,
2026-07-27,2026-08-03,36093,Schenectady County,New York,NY,quiet,0.002041,302,11,151–500,1.52,0.005194,447,15,151–500,1.3,0.291657,0.323907,0,0,0,,0.970369545,2024-25
2026-07-27,2026-08-03,37067,Forsyth County,North Carolina,NC,quiet,0.002028,303,10,151–500,1.51,0.012697,236,7,151–500,3.19,0.290255,0.572707,0,0,0,,0.92799446,2024-25
2026-07-27,2026-08-03,29095,Jackson County,Missouri,MO,quiet,0.002027,304,2,151–500,1.51,0.020666,137,1,51–150,5.19,0.290188,0.702253,0,0,1,21,0.895,2024-25
2026-07-27,2026-08-03,36085,Richmond County,New York,NY,quiet,0.002024,305,12,151–500,1.51,0.010791,267,9,151–500,2.71,0.289766,0.52625,0,0,0,,0.993020085,2024-25
2026-07-27,2026-08-03,20045,Douglas County,Kansas,KS,quiet,0.002011,306,2,151–500,1.5,0.009766,287,2,151–500,2.45,0.288439,0.497516,0,0,0,,0.9262,2024-25
2026-07-27,2026-08-03,31109,Lancaster County,Nebraska,NE,quiet,0.00201,307,2,151–500,1.5,0.016841,175,1,151–500,4.23,0.288346,0.650224,0,0,1,26,0.894271872,2024-25
2026-07-27,2026-08-03,48091,Comal County,Texas,TX,quiet,0.002006,308,24,151–500,1.5,0.016573,180,19,151–500,4.16,0.287885,0.645984,0,0,0,,0.916326,2024-25
2026-07-27,2026-08-03,51710,Norfolk City,Virginia,VA,quiet,0.001998,309,5,151–500,1.49,0.006791,380,5,151–500,1.71,0.287021,0.39458,0,0,0,,0.898,2024-25
2026-07-27,2026-08-03,16043,Fremont County,Idaho,ID,quiet,0.001987,310,7,151–500,1.48,0.005572,426,11,151–500,1.4,0.285752,0.341811,0,0,0,,0.8,2024-25
2026-07-27,2026-08-03,06053,Monterey County,California,CA,quiet,0.001984,311,26,151–500,1.48,0.00753,357,25,151–500,1.89,0.285464,0.423293,0,0,0,,0.98187,2024-25
2026-07-27,2026-08-03,41017,Deschutes County,Oregon,OR,quiet,0.001975,312,7,151–500,1.47,0.016164,185,5,151–500,4.06,0.284534,0.63933,0,0,0,,0.9,2024-25
2026-07-27,2026-08-03,15003,Honolulu County,Hawaii,HI,quiet,0.001971,313,1,151–500,1.47,0.023263,122,1,51–150,5.84,0.284005,0.730308,0,0,3,21,0.8282,2024-25
2026-07-27,2026-08-03,56037,Sweetwater County,Wyoming,WY,quiet,0.001943,314,6,151–500,1.45,0.006039,411,6,151–500,1.52,0.280929,0.362895,0,0,0,,0.96,2022-23
2026-07-27,2026-08-03,42021,Cambria County,Pennsylvania,PA,quiet,0.001929,315,39,151–500,1.44,0.009524,295,29,151–500,2.39,0.27944,0.490283,0,0,0,,0.954,2024-25
2026-07-27,2026-08-03,39085,Lake County,Ohio,OH,quiet,0.001927,316,6,151–500,1.44,0.004342,503,16,501+,1.09,0.279178,0.280654,0,0,0,,0.895,2024-25
2026-07-27,2026-08-03,40143,Tulsa County,Oklahoma,OK,quiet,0.001922,317,3,151–500,1.43,0.013429,224,3,151–500,3.37,0.278677,0.588481,0,0,0,,0.9058,2024-25
2026-07-27,2026-08-03,41043,Linn County,Oregon,OR,quiet,0.001902,318,8,151–500,1.42,0.015708,192,6,151–500,3.94,0.276435,0.631639,0,0,2,28,0.892,2024-25
2026-07-27,2026-08-03,18089,Lake County,Indiana,IN,quiet,0.001901,319,1,151–500,1.42,0.00857,325,1,151–500,2.15,0.27633,0.459962,0,0,2,39,0.8605,2024-25
2026-07-27,2026-08-03,39093,Lorain County,Ohio,OH,quiet,0.001893,320,7,151–500,1.41,0.007885,344,7,151–500,1.98,0.275411,0.436278,0,0,0,,0.919,2024-25
2026-07-27,2026-08-03,26065,Ingham County,Michigan,MI,quiet,0.001893,321,8,151–500,1.41,0.008741,319,8,151–500,2.19,0.2754,0.465641,0,0,1,67,0.90624,2024-25
2026-07-27,2026-08-03,18003,Allen County,Indiana,IN,quiet,0.001891,322,2,151–500,1.41,0.007544,355,3,151–500,1.89,0.275216,0.423795,0,0,8,66,0.8966,2024-25
2026-07-27,2026-08-03,33011,Hillsborough County,New Hampshire,NH,quiet,0.001872,323,1,151–500,1.4,0.010662,270,1,151–500,2.68,0.273049,0.52278,0,0,0,,0.929,2024-25
2026-07-27,2026-08-03,48355,Nueces County,Texas,TX,quiet,0.001865,324,25,151–500,1.39,0.009727,289,24,151–500,2.44,0.272317,0.496361,0,0,0,,0.965746,2024-25
2026-07-27,2026-08-03,36079,Putnam County,New York,NY,quiet,0.00186,325,13,151–500,1.39,0.008116,338,11,151–500,2.04,0.271713,0.444467,0,0,1,60,0.997033415,2024-25
2026-07-27,2026-08-03,16065,Madison County,Idaho,ID,quiet,0.001855,326,8,151–500,1.38,0.009814,286,7,151–500,2.46,0.271149,0.498909,0,0,3,29,0.84,2024-25
2026-07-27,2026-08-03,08035,Douglas County,Colorado,CO,quiet,0.001851,327,15,151–500,1.38,0.008026,340,15,151–500,2.02,0.270691,0.441308,0,0,0,,0.91,2024-25
2026-07-27,2026-08-03,41009,Columbia County,Oregon,OR,quiet,0.001849,328,9,151–500,1.38,0.01433,213,7,151–500,3.6,0.270523,0.606558,0,0,0,,0.861,2024-25
2026-07-27,2026-08-03,39089,Licking County,Ohio,OH,quiet,0.001843,329,8,151–500,1.37,0.010986,264,3,151–500,2.76,0.269776,0.531391,0,0,0,,0.906,2024-25
2026-07-27,2026-08-03,39055,Geauga County,Ohio,OH,quiet,0.001832,330,9,151–500,1.37,0.004378,499,15,151–500,1.1,0.268542,0.282576,0,0,0,,0.896,2024-25
2026-07-27,2026-08-03,42117,Tioga County,Pennsylvania,PA,quiet,0.001823,331,40,151–500,1.36,0.009617,292,28,151–500,2.41,0.26749,0.493082,0,0,0,,0.951,2024-25
2026-07-27,2026-08-03,48187,Guadalupe County,Texas,TX,quiet,0.00179,332,26,151–500,1.34,0.007866,346,26,151–500,1.98,0.263785,0.435585,0,0,0,,0.959032,2024-25
2026-07-27,2026-08-03,41029,Jackson County,Oregon,OR,quiet,0.001783,333,10,151–500,1.33,0.006064,407,12,151–500,1.52,0.262971,0.364008,0,0,0,,0.853,2024-25
2026-07-27,2026-08-03,51107,Loudoun County,Virginia,VA,quiet,0.001766,334,6,151–500,1.32,0.00645,396,7,151–500,1.62,0.260929,0.38055,0,0,0,,0.941,2024-25
2026-07-27,2026-08-03,37097,Iredell County,North Carolina,NC,quiet,0.001762,335,11,151–500,1.31,0.009171,305,12,151–500,2.3,0.260465,0.479413,0,0,0,,0.91495857,2024-25
2026-07-27,2026-08-03,29047,Clay County,Missouri,MO,quiet,0.001754,336,3,151–500,1.31,0.008353,329,4,151–500,2.1,0.259579,0.45265,0,0,0,,0.899,2024-25
2026-07-27,2026-08-03,39155,Trumbull County,Ohio,OH,quiet,0.001747,337,10,151–500,1.3,0.005837,419,11,151–500,1.47,0.258805,0.353934,0,0,0,,0.918,2024-25
2026-07-27,2026-08-03,05119,Pulaski County,Arkansas,AR,quiet,0.001746,338,1,151–500,1.3,0.00662,389,2,151–500,1.66,0.25859,0.387606,0,0,0,,,
2026-07-27,2026-08-03,32007,Elko County,Nevada,NV,quiet,0.001745,339,3,151–500,1.3,0.004376,500,3,151–500,1.1,0.258517,0.28246,0,0,0,,0.921,2024-25
2026-07-27,2026-08-03,19153,Polk County,Iowa,IA,quiet,0.001736,340,2,151–500,1.29,0.010748,268,1,151–500,2.7,0.257455,0.52511,0,0,0,,0.88672253,2024-25
2026-07-27,2026-08-03,26005,Allegan County,Michigan,MI,quiet,0.001706,341,9,151–500,1.27,0.008652,322,9,151–500,2.17,0.25393,0.462691,0,0,1,60,0.90327494,2024-25
2026-07-27,2026-08-03,22033,East Baton Rouge Parish,Louisiana,LA,quiet,0.001699,342,2,151–500,1.27,0.009603,293,2,151–500,2.41,0.253159,0.492669,0,0,0,,0.8827,2024-25
2026-07-27,2026-08-03,09170,South Central Connecticut Planning Region,Connecticut,CT,quiet,0.001697,343,3,151–500,1.27,0.008874,313,3,151–500,2.23,0.252863,0.469962,0,0,1,33,0.987,2024-25
2026-07-27,2026-08-03,48135,Ector County,Texas,TX,quiet,0.00169,344,27,151–500,1.26,0.011515,248,22,151–500,2.89,0.252082,0.544888,0,0,12,61,0.936454,2024-25
2026-07-27,2026-08-03,24047,Worcester County,Maryland,MD,quiet,0.001687,345,13,151–500,1.26,0.008065,339,14,151–500,2.02,0.251647,0.442662,0,0,0,,0.9714,2024-25
2026-07-27,2026-08-03,38099,Walsh County,North Dakota,ND,quiet,0.001669,346,4,151–500,1.24,0.007148,367,4,151–500,1.79,0.249542,0.408749,0,0,1,23,0.9573,2024-25
2026-07-27,2026-08-03,42051,Fayette County,Pennsylvania,PA,quiet,0.001664,347,41,151–500,1.24,0.009498,296,30,151–500,2.38,0.248916,0.4895,0,0,0,,0.925,2024-25
2026-07-27,2026-08-03,27027,Clay County,Minnesota,MN,quiet,0.001663,348,4,151–500,1.24,0.00425,513,10,501+,1.07,0.248906,0.275718,0,0,0,,0.874,2024-25
2026-07-27,2026-08-03,15009,Maui County,Hawaii,HI,quiet,0.001663,349,2,151–500,1.24,0.0039,548,3,501+,0.98,0.248889,0.256466,0,0,0,,0.6943,2024-25
2026-07-27,2026-08-03,35035,Otero County,New Mexico,NM,quiet,0.001647,350,6,151–500,1.23,0.007886,343,7,151–500,1.98,0.246948,0.436293,0,0,0,,0.9654,2024-25
2026-07-27,2026-08-03,16083,Twin Falls County,Idaho,ID,quiet,0.001633,351,9,151–500,1.22,0.006831,377,8,151–500,1.72,0.245226,0.396224,0,0,0,,0.82,2024-25
2026-07-27,2026-08-03,48473,Waller County,Texas,TX,quiet,0.001628,352,28,151–500,1.21,0.007694,352,28,151–500,1.93,0.244663,0.429331,0,0,0,,0.957949,2024-25
2026-07-27,2026-08-03,12113,Santa Rosa County,Florida,FL,quiet,0.00162,353,23,151–500,1.21,0.01401,216,19,151–500,3.52,0.243695,0.600313,0,0,0,,0.91,2024-25
2026-07-27,2026-08-03,37001,Alamance County,North Carolina,NC,quiet,0.001618,354,12,151–500,1.21,0.004859,466,16,151–500,1.22,0.243433,0.307401,0,0,0,,0.95137217,2024-25
2026-07-27,2026-08-03,53021,Franklin County,Washington,WA,quiet,0.001613,355,15,151–500,1.2,0.003863,550,21,501+,0.97,0.24287,0.254417,0,0,0,,0.941,2024-25
2026-07-27,2026-08-03,36067,Onondaga County,New York,NY,quiet,0.00161,356,14,151–500,1.2,0.005971,412,13,151–500,1.5,0.24246,0.359898,0,0,0,,0.996162152,2024-25
2026-07-27,2026-08-03,48181,Grayson County,Texas,TX,quiet,0.001605,357,29,151–500,1.2,0.005648,423,31,151–500,1.42,0.241821,0.345333,0,0,0,,0.931014,2024-25
2026-07-27,2026-08-03,47093,Knox County,Tennessee,TN,quiet,0.001598,358,3,151–500,1.19,0.009228,303,2,151–500,2.32,0.241019,0.481186,0,0,0,,0.942,2024-25
2026-07-27,2026-08-03,27003,Anoka County,Minnesota,MN,quiet,0.001597,359,5,151–500,1.19,0.00945,298,4,151–500,2.37,0.240857,0.488015,0,0,0,,0.864,2024-25
2026-07-27,2026-08-03,02170,Matanuska-Susitna Borough,Alaska,AK,quiet,0.001578,360,2,151–500,1.18,0.006815,378,3,151–500,1.71,0.23856,0.395581,0,0,0,,,
2026-07-27,2026-08-03,27111,Otter Tail County,Minnesota,MN,quiet,0.001575,361,6,151–500,1.18,0.005203,444,6,151–500,1.31,0.238279,0.32435,0,0,0,,0.818,2024-25
2026-07-27,2026-08-03,45049,Hampton County,South Carolina,SC,quiet,0.001574,362,8,151–500,1.17,0.014492,210,7,151–500,3.64,0.238085,0.609658,0,0,1,8,0.981,2024-25
2026-07-27,2026-08-03,06029,Kern County,California,CA,quiet,0.001564,363,27,151–500,1.17,0.00606,408,28,151–500,1.52,0.236897,0.363827,0,0,0,,0.89325,2024-25
2026-07-27,2026-08-03,06007,Butte County,California,CA,quiet,0.001563,364,28,151–500,1.17,0.006577,390,27,151–500,1.65,0.236731,0.385849,0,0,0,,0.96591,2024-25
2026-07-27,2026-08-03,12001,Alachua County,Florida,FL,quiet,0.001563,365,24,151–500,1.17,0.007763,350,26,151–500,1.95,0.236725,0.431858,0,0,2,25,0.919,2024-25
2026-07-27,2026-08-03,38053,McKenzie County,North Dakota,ND,quiet,0.001556,366,5,151–500,1.16,0.005542,431,7,151–500,1.39,0.235847,0.340423,0,0,0,,0.7,2024-25
2026-07-27,2026-08-03,42123,Warren County,Pennsylvania,PA,quiet,0.001549,367,42,151–500,1.16,0.003497,590,51,501+,0.88,0.234978,0.233387,0,0,0,,0.964,2024-25
2026-07-27,2026-08-03,42037,Columbia County,Pennsylvania,PA,quiet,0.001545,368,43,151–500,1.15,0.004943,463,47,151–500,1.24,0.234524,0.311621,0,0,0,,0.965,2024-25
2026-07-27,2026-08-03,02090,Fairbanks North Star Borough,Alaska,AK,quiet,0.001545,369,3,151–500,1.15,0.007436,358,2,151–500,1.87,0.234513,0.419773,0,0,0,,,
2026-07-27,2026-08-03,18097,Marion County,Indiana,IN,quiet,0.001536,370,3,151–500,1.15,0.007977,342,2,151–500,2.0,0.23349,0.439557,0,0,0,,0.8923,2024-25
2026-07-27,2026-08-03,17167,Sangamon County,Illinois,IL,quiet,0.001518,371,6,151–500,1.13,0.005649,422,6,151–500,1.42,0.231155,0.345381,0,0,0,,0.978,2024-25
2026-07-27,2026-08-03,49019,Grand County,Utah,UT,quiet,0.001514,372,12,151–500,1.13,0.004256,512,17,501+,1.07,0.230676,0.276054,0,0,0,,0.815534,2022-23
2026-07-27,2026-08-03,12033,Escambia County,Florida,FL,quiet,0.001512,373,25,151–500,1.13,0.009692,290,23,151–500,2.43,0.230504,0.495314,0,0,5,24,0.889,2024-25
2026-07-27,2026-08-03,45015,Berkeley County,South Carolina,SC,quiet,0.001508,374,9,151–500,1.12,0.00863,323,10,151–500,2.17,0.229952,0.461983,0,0,0,,0.935,2024-25
2026-07-27,2026-08-03,51810,Virginia Beach City,Virginia,VA,quiet,0.001506,375,7,151–500,1.12,0.006503,393,6,151–500,1.63,0.22975,0.382766,0,0,0,,0.908,2024-25
2026-07-27,2026-08-03,22071,Orleans Parish,Louisiana,LA,quiet,0.001501,376,3,151–500,1.12,0.005306,439,4,151–500,1.33,0.229073,0.32928,0,0,3,14,0.9161,2024-25
2026-07-27,2026-08-03,36009,Cattaraugus County,New York,NY,quiet,0.001491,377,15,151–500,1.11,0.001918,883,28,501+,0.48,0.227815,0.132797,0,0,0,,0.997177264,2024-25
2026-07-27,2026-08-03,41071,Yamhill County,Oregon,OR,quiet,0.001486,378,11,151–500,1.11,0.012742,235,8,151–500,3.2,0.227203,0.573702,0,0,0,,0.889,2024-25
2026-07-27,2026-08-03,48471,Walker County,Texas,TX,quiet,0.001471,379,30,151–500,1.1,0.003539,586,51,501+,0.89,0.225265,0.235873,0,0,0,,0.9399,2024-25
2026-07-27,2026-08-03,24035,Queen Anne's County,Maryland,MD,quiet,0.001462,380,14,151–500,1.09,0.007195,365,15,151–500,1.81,0.22424,0.41055,0,0,0,,0.9649,2024-25
2026-07-27,2026-08-03,06019,Fresno County,California,CA,quiet,0.001462,381,29,151–500,1.09,0.00824,335,22,151–500,2.07,0.224238,0.448784,0,0,2,71,0.974,2024-25
2026-07-27,2026-08-03,34009,Cape May County,New Jersey,NJ,quiet,0.001458,382,17,151–500,1.09,0.010263,278,16,151–500,2.58,0.223669,0.511799,0,0,0,,0.893,2024-25
2026-07-27,2026-08-03,01003,Baldwin County,Alabama,AL,quiet,0.001455,383,1,151–500,1.09,0.006697,385,1,151–500,1.68,0.223354,0.390783,0,0,0,,0.9332,2024-25
2026-07-27,2026-08-03,12115,Sarasota County,Florida,FL,quiet,0.001442,384,26,151–500,1.08,0.007709,351,27,151–500,1.94,0.221655,0.429883,0,0,0,,0.799,2024-25
2026-07-27,2026-08-03,30029,Flathead County,Montana,MT,quiet,0.001437,385,4,151–500,1.07,0.007633,354,5,151–500,1.92,0.221037,0.42711,0,0,2,61,,
2026-07-27,2026-08-03,35049,Santa Fe County,New Mexico,NM,quiet,0.001435,386,7,151–500,1.07,0.010902,266,5,151–500,2.74,0.220825,0.529197,0,0,5,51,0.9233,2024-25
2026-07-27,2026-08-03,42085,Mercer County,Pennsylvania,PA,quiet,0.001435,387,44,151–500,1.07,0.007878,345,38,151–500,1.98,0.220824,0.436017,0,0,0,,0.927,2024-25
2026-07-27,2026-08-03,55059,Kenosha County,Wisconsin,WI,quiet,0.001427,388,4,151–500,1.06,0.00465,480,9,151–500,1.17,0.219805,0.296752,0,0,0,,0.74,2024-25
2026-07-27,2026-08-03,45035,Dorchester County,South Carolina,SC,quiet,0.001427,389,10,151–500,1.06,0.004294,508,15,501+,1.08,0.219695,0.278079,0,0,0,,0.951,2024-25
2026-07-27,2026-08-03,04027,Yuma County,Arizona,AZ,quiet,0.001412,390,10,151–500,1.05,0.007395,360,10,151–500,1.86,0.217877,0.418216,0,0,0,,0.945,2024-25
2026-07-27,2026-08-03,36063,Niagara County,New York,NY,quiet,0.0014,391,16,151–500,1.04,0.004218,515,18,501+,1.06,0.216314,0.274002,0,0,0,,0.980207944,2024-25
2026-07-27,2026-08-03,53029,Island County,Washington,WA,quiet,0.001396,392,16,151–500,1.04,0.008438,327,15,151–500,2.12,0.215813,0.455535,0,0,0,,0.918,2024-25
2026-07-27,2026-08-03,16051,Jefferson County,Idaho,ID,quiet,0.001396,393,10,151–500,1.04,0.00395,536,13,501+,0.99,0.215723,0.259259,0,0,0,,0.85,2024-25
2026-07-27,2026-08-03,13057,Cherokee County,Georgia,GA,quiet,0.001392,394,6,151–500,1.04,0.006913,374,5,151–500,1.74,0.215248,0.399481,0,0,0,,,
2026-07-27,2026-08-03,49023,Juab County,Utah,UT,quiet,0.00139,395,13,151–500,1.04,0.004442,491,16,151–500,1.12,0.215035,0.285952,0,0,0,,0.783784,2024-25
2026-07-27,2026-08-03,45057,Lancaster County,South Carolina,SC,quiet,0.001389,396,11,151–500,1.04,0.005305,440,12,151–500,1.33,0.214871,0.329264,0,0,0,,0.942,2024-25
2026-07-27,2026-08-03,45007,Anderson County,South Carolina,SC,quiet,0.001381,397,12,151–500,1.03,0.009927,283,8,151–500,2.49,0.213861,0.50222,0,0,0,,0.951,2024-25
2026-07-27,2026-08-03,36111,Ulster County,New York,NY,quiet,0.001364,398,17,151–500,1.02,0.003393,604,22,501+,0.85,0.211594,0.227299,0,0,0,,0.997631694,2024-25
2026-07-27,2026-08-03,42127,Wayne County,Pennsylvania,PA,quiet,0.001363,399,45,151–500,1.02,0.006512,392,43,151–500,1.63,0.211472,0.38313,0,0,0,,0.875,2024-25
2026-07-27,2026-08-03,25027,Worcester County,Massachusetts,MA,quiet,0.001362,400,7,151–500,1.02,0.008281,334,7,151–500,2.08,0.211451,0.450195,0,0,0,,0.966,2024-25
2026-07-27,2026-08-03,48061,Cameron County,Texas,TX,quiet,0.001346,401,31,151–500,1.0,0.002902,670,61,501+,0.73,0.209251,0.197361,0,0,0,,0.981665,2024-25
2026-07-27,2026-08-03,45077,Pickens County,South Carolina,SC,quiet,0.001345,402,13,151–500,1.0,0.003232,624,20,501+,0.81,0.209183,0.217658,0,0,6,19,0.945,2024-25
2026-07-27,2026-08-03,22019,Calcasieu Parish,Louisiana,LA,quiet,0.001344,403,4,151–500,1.0,0.008826,317,3,151–500,2.22,0.20899,0.468399,0,0,0,,0.9006,2024-25
2026-07-27,2026-08-03,42019,Butler County,Pennsylvania,PA,quiet,0.001329,404,46,151–500,0.99,0.00635,397,44,151–500,1.59,0.207133,0.37635,0,0,0,,0.943,2024-25
2026-07-27,2026-08-03,41007,Clatsop County,Oregon,OR,quiet,0.001326,405,12,151–500,0.99,0.00501,461,13,151–500,1.26,0.206652,0.314926,0,0,0,,0.905,2024-25
2026-07-27,2026-08-03,49037,San Juan County,Utah,UT,quiet,0.00132,406,14,151–500,0.98,0.008898,312,12,151–500,2.23,0.205879,0.470738,0,0,3,25,0.885135,2024-25
2026-07-27,2026-08-03,41003,Benton County,Oregon,OR,quiet,0.00132,407,13,151–500,0.98,0.00328,617,14,501+,0.82,0.205877,0.220547,0,0,0,,0.942,2024-25
2026-07-27,2026-08-03,08085,Montrose County,Colorado,CO,quiet,0.001306,408,16,151–500,0.97,0.004635,481,20,151–500,1.16,0.20411,0.29598,0,0,0,,0.8564,2024-25
2026-07-27,2026-08-03,55127,Walworth County,Wisconsin,WI,quiet,0.001291,409,5,151–500,0.96,0.006632,387,5,151–500,1.67,0.202039,0.388121,0,0,0,,0.84,2024-25
2026-07-27,2026-08-03,48325,Medina County,Texas,TX,quiet,0.001279,410,32,151–500,0.95,0.004942,464,35,151–500,1.24,0.200548,0.311563,0,0,0,,0.966535,2024-25
2026-07-27,2026-08-03,16005,Bannock County,Idaho,ID,quiet,0.001278,411,11,151–500,0.95,0.005861,418,10,151–500,1.47,0.20042,0.354984,0,0,0,,0.9,2024-25
2026-07-27,2026-08-03,36001,Albany County,New York,NY,quiet,0.001277,412,18,151–500,0.95,0.003839,551,20,501+,0.96,0.200161,0.253061,0,0,0,,0.985144202,2024-25
2026-07-27,2026-08-03,32023,Nye County,Nevada,NV,quiet,0.001268,413,4,151–500,0.95,0.003339,610,6,501+,0.84,0.199072,0.224065,0,0,0,,0.825,2024-25
2026-07-27,2026-08-03,56035,Sublette County,Wyoming,WY,quiet,0.001267,414,7,151–500,0.94,0.003393,605,9,501+,0.85,0.198866,0.227282,0,0,0,,0.92,2022-23
2026-07-27,2026-08-03,55035,Eau Claire County,Wisconsin,WI,quiet,0.001255,415,6,151–500,0.94,0.004825,470,8,151–500,1.21,0.197243,0.305712,0,0,0,,0.86,2024-25
2026-07-27,2026-08-03,49039,Sanpete County,Utah,UT,quiet,0.001254,416,15,151–500,0.94,0.004533,485,15,151–500,1.14,0.19722,0.290696,0,0,0,,0.881443,2024-25
2026-07-27,2026-08-03,06107,Tulare County,California,CA,quiet,0.001253,417,30,151–500,0.93,0.005566,427,29,151–500,1.4,0.197006,0.341539,0,0,2,53,0.97501,2024-25
2026-07-27,2026-08-03,06115,Yuba County,California,CA,quiet,0.001253,418,31,151–500,0.93,0.002322,780,39,501+,0.58,0.196962,0.160028,0,0,0,,0.96114,2024-25
2026-07-27,2026-08-03,53071,Walla Walla County,Washington,WA,quiet,0.001252,419,17,151–500,0.93,0.006451,395,17,151–500,1.62,0.196878,0.380574,0,0,7,10,0.927,2024-25
2026-07-27,2026-08-03,49013,Duchesne County,Utah,UT,quiet,0.001244,420,16,151–500,0.93,0.005757,420,13,151–500,1.45,0.195826,0.350284,0,0,0,,0.895317,2024-25
2026-07-27,2026-08-03,56023,Lincoln County,Wyoming,WY,quiet,0.001241,421,8,151–500,0.93,0.004507,488,7,151–500,1.13,0.195362,0.289359,0,0,0,,0.92,2022-23
2026-07-27,2026-08-03,24037,St. Mary's County,Maryland,MD,quiet,0.00124,422,15,151–500,0.93,0.006343,399,16,151–500,1.59,0.195333,0.376045,0,0,0,,0.9756,2024-25
2026-07-27,2026-08-03,49047,Uintah County,Utah,UT,quiet,0.00124,423,17,151–500,0.93,0.003386,606,18,501+,0.85,0.195298,0.226837,0,0,0,,0.881974,2024-25
2026-07-27,2026-08-03,48041,Brazos County,Texas,TX,quiet,0.001231,424,33,151–500,0.92,0.004282,510,45,501+,1.08,0.194134,0.277416,0,0,0,,0.979899,2024-25
2026-07-27,2026-08-03,48257,Kaufman County,Texas,TX,quiet,0.001217,425,34,151–500,0.91,0.004394,497,42,151–500,1.1,0.192185,0.283422,0,0,0,,0.944037,2024-25
2026-07-27,2026-08-03,06057,Nevada County,California,CA,quiet,0.001215,426,32,151–500,0.91,0.003936,538,33,501+,0.99,0.191961,0.258504,0,0,0,,0.87337,2024-25
2026-07-27,2026-08-03,04023,Santa Cruz County,Arizona,AZ,quiet,0.001211,427,11,151–500,0.9,0.004036,530,12,501+,1.01,0.191383,0.264077,0,0,0,,0.982,2024-25
2026-07-27,2026-08-03,53017,Douglas County,Washington,WA,quiet,0.001207,428,18,151–500,0.9,0.003783,559,22,501+,0.95,0.190795,0.249867,0,0,0,,0.939,2024-25
2026-07-27,2026-08-03,36055,Monroe County,New York,NY,quiet,0.001201,429,19,151–500,0.9,0.004756,475,17,151–500,1.19,0.19007,0.302208,0,0,0,,0.994257747,2024-25
2026-07-27,2026-08-03,42131,Wyoming County,Pennsylvania,PA,quiet,0.001199,430,47,151–500,0.89,0.00211,840,56,501+,0.53,0.189699,0.145887,0,0,0,,0.973,2024-25
2026-07-27,2026-08-03,55117,Sheboygan County,Wisconsin,WI,quiet,0.001198,431,7,151–500,0.89,0.00555,429,6,151–500,1.39,0.189645,0.340779,0,0,0,,0.87,2024-25
2026-07-27,2026-08-03,24011,Caroline County,Maryland,MD,quiet,0.001197,432,16,151–500,0.89,0.003102,643,20,501+,0.78,0.189441,0.209748,0,0,0,,0.9852,2024-25
2026-07-27,2026-08-03,17143,Peoria County,Illinois,IL,quiet,0.001195,433,7,151–500,0.89,0.002991,656,11,501+,0.75,0.189125,0.20289,0,0,0,,0.966,2024-25
2026-07-27,2026-08-03,39061,Hamilton County,Ohio,OH,quiet,0.001191,434,11,151–500,0.89,0.005932,415,10,151–500,1.49,0.188627,0.358158,0,0,0,,0.771,2024-25
2026-07-27,2026-08-03,30049,Lewis and Clark County,Montana,MT,quiet,0.00119,435,5,151–500,0.89,0.009291,300,3,151–500,2.33,0.188502,0.483151,0,0,7,19,,
2026-07-27,2026-08-03,26087,Lapeer County,Michigan,MI,quiet,0.001186,436,10,151–500,0.88,0.005099,452,12,151–500,1.28,0.187977,0.319317,0,0,0,,0.82070707,2024-25
2026-07-27,2026-08-03,37045,Cleveland County,North Carolina,NC,quiet,0.001186,437,13,151–500,0.88,0.004016,532,18,501+,1.01,0.187957,0.262922,0,0,0,,0.94117647,2024-25
2026-07-27,2026-08-03,46093,Meade County,South Dakota,SD,quiet,0.001185,438,4,151–500,0.88,0.006163,404,5,151–500,1.55,0.187771,0.368329,0,0,2,59,0.9,2024-25
2026-07-27,2026-08-03,41059,Umatilla County,Oregon,OR,quiet,0.001181,439,14,151–500,0.88,0.002346,775,17,501+,0.59,0.187294,0.161633,0,0,0,,0.935,2024-25
2026-07-27,2026-08-03,27163,Washington County,Minnesota,MN,quiet,0.00117,440,7,151–500,0.87,0.004694,476,8,151–500,1.18,0.185823,0.299021,0,0,1,60,0.911,2024-25
2026-07-27,2026-08-03,53007,Chelan County,Washington,WA,quiet,0.001168,441,19,151–500,0.87,0.005455,435,18,151–500,1.37,0.185457,0.336358,0,0,0,,0.924,2024-25
2026-07-27,2026-08-03,35025,Lea County,New Mexico,NM,quiet,0.001163,442,8,151–500,0.87,0.003737,562,10,501+,0.94,0.184749,0.247282,0,0,67,60,0.9666,2024-25
2026-07-27,2026-08-03,21117,Kenton County,Kentucky,KY,quiet,0.00116,443,3,151–500,0.87,0.007207,363,3,151–500,1.81,0.184447,0.41102,0,0,0,,0.95,2024-25
2026-07-27,2026-08-03,47165,Sumner County,Tennessee,TN,quiet,0.001157,444,4,151–500,0.86,0.003474,594,9,501+,0.87,0.183986,0.232053,0,0,0,,0.931,2024-25
2026-07-27,2026-08-03,06103,Tehama County,California,CA,quiet,0.001157,445,33,151–500,0.86,0.002121,837,40,501+,0.53,0.183981,0.14658,0,0,0,,0.97516,2024-25
2026-07-27,2026-08-03,23005,Cumberland County,Maine,ME,quiet,0.001156,446,2,151–500,0.86,0.005104,451,3,151–500,1.28,0.183901,0.319523,0,0,0,,0.9771,2024-25
2026-07-27,2026-08-03,01073,Jefferson County,Alabama,AL,quiet,0.001155,447,2,151–500,0.86,0.005403,436,2,151–500,1.36,0.183659,0.333901,0,0,0,,0.9643,2024-25
2026-07-27,2026-08-03,12053,Hernando County,Florida,FL,quiet,0.001154,448,27,151–500,0.86,0.004089,526,31,501+,1.03,0.183554,0.26697,0,0,0,,0.89,2024-25
2026-07-27,2026-08-03,42073,Lawrence County,Pennsylvania,PA,quiet,0.001145,449,48,151–500,0.85,0.008863,315,33,151–500,2.23,0.182343,0.469608,0,0,0,,0.942,2024-25
2026-07-27,2026-08-03,27109,Olmsted County,Minnesota,MN,quiet,0.001143,450,8,151–500,0.85,0.011448,250,3,151–500,2.87,0.182115,0.543224,0,0,1,41,0.933,2024-25
2026-07-27,2026-08-03,05007,Benton County,Arkansas,AR,quiet,0.001141,451,2,151–500,0.85,0.011508,249,1,151–500,2.89,0.181831,0.544719,0,0,1,58,,
2026-07-27,2026-08-03,24001,Allegany County,Maryland,MD,quiet,0.00114,452,17,151–500,0.85,0.004451,490,19,151–500,1.12,0.181697,0.286394,0,0,0,,0.9505,2024-25
2026-07-27,2026-08-03,23003,Aroostook County,Maine,ME,quiet,0.001139,453,3,151–500,0.85,0.003114,638,4,501+,0.78,0.181525,0.210456,0,0,0,,0.9724,2024-25
2026-07-27,2026-08-03,37135,Orange County,North Carolina,NC,quiet,0.001136,454,14,151–500,0.85,0.003918,544,19,501+,0.98,0.181026,0.257513,0,0,0,,0.96588694,2024-25
2026-07-27,2026-08-03,18039,Elkhart County,Indiana,IN,quiet,0.001126,455,4,151–500,0.84,0.003031,651,9,501+,0.76,0.179719,0.205391,0,0,0,,0.8985,2024-25
2026-07-27,2026-08-03,20173,Sedgwick County,Kansas,KS,quiet,0.001124,456,3,151–500,0.84,0.010481,274,1,151–500,2.63,0.179497,0.517869,0,0,0,,0.9253,2024-25
2026-07-27,2026-08-03,36065,Oneida County,New York,NY,quiet,0.001122,457,20,151–500,0.84,0.005197,446,14,151–500,1.3,0.179107,0.324084,0,0,0,,0.976227591,2024-25
2026-07-27,2026-08-03,39099,Mahoning County,Ohio,OH,quiet,0.00112,458,12,151–500,0.84,0.002291,788,32,501+,0.58,0.178855,0.157962,0,0,0,,0.884,2024-25
2026-07-27,2026-08-03,48165,Gaines County,Texas,TX,quiet,0.001101,459,35,151–500,0.82,0.003574,580,50,501+,0.9,0.176239,0.237893,0,0,414,56,0.772563,2024-25
2026-07-27,2026-08-03,23001,Androscoggin County,Maine,ME,quiet,0.001094,460,4,151–500,0.82,0.006636,386,2,151–500,1.67,0.175308,0.388283,0,0,0,,0.9685,2024-25
2026-07-27,2026-08-03,45003,Aiken County,South Carolina,SC,quiet,0.001094,461,14,151–500,0.82,0.00921,304,9,151–500,2.31,0.175301,0.480639,0,0,0,,0.927,2024-25
2026-07-27,2026-08-03,45029,Colleton County,South Carolina,SC,quiet,0.001094,462,15,151–500,0.82,0.003738,561,16,501+,0.94,0.175232,0.247334,0,0,0,,0.966,2024-25
2026-07-27,2026-08-03,29019,Boone County,Missouri,MO,quiet,0.001093,463,4,151–500,0.82,0.007049,368,5,151–500,1.77,0.175056,0.404888,0,0,0,,0.949,2024-25
2026-07-27,2026-08-03,08045,Garfield County,Colorado,CO,quiet,0.001092,464,17,151–500,0.81,0.006044,410,19,151–500,1.52,0.174936,0.363124,0,0,0,,0.9386,2024-25
2026-07-27,2026-08-03,24017,Charles County,Maryland,MD,quiet,0.001091,465,18,151–500,0.81,0.009159,306,13,151–500,2.3,0.174864,0.479038,0,0,0,,0.974,2024-25
2026-07-27,2026-08-03,09120,Greater Bridgeport Planning Region,Connecticut,CT,quiet,0.001087,466,4,151–500,0.81,0.005242,442,4,151–500,1.32,0.174306,0.326248,0,0,0,,0.962,2024-25
2026-07-27,2026-08-03,15001,Hawaii County,Hawaii,HI,quiet,0.001087,467,3,151–500,0.81,0.006723,384,2,151–500,1.69,0.174264,0.391852,0,0,0,,0.7611,2024-25
2026-07-27,2026-08-03,40017,Canadian County,Oklahoma,OK,quiet,0.001084,468,4,151–500,0.81,0.005864,417,4,151–500,1.47,0.173802,0.35514,0,0,0,,0.8681,2024-25
2026-07-27,2026-08-03,48021,Bastrop County,Texas,TX,quiet,0.001081,469,36,151–500,0.81,0.004203,516,46,501+,1.06,0.173428,0.273163,0,0,0,,0.95461,2024-25
2026-07-27,2026-08-03,29077,Greene County,Missouri,MO,quiet,0.001078,470,5,151–500,0.8,0.010295,277,3,151–500,2.58,0.173047,0.512703,0,0,0,,0.873,2024-25
2026-07-27,2026-08-03,12005,Bay County,Florida,FL,quiet,0.001076,471,28,151–500,0.8,0.005015,460,28,151–500,1.26,0.172757,0.315185,0,0,0,,0.853,2024-25
2026-07-27,2026-08-03,29510,St. Louis City,Missouri,MO,quiet,0.001068,472,6,151–500,0.8,0.006214,401,6,151–500,1.56,0.171602,0.370507,0,0,0,,0.74,2024-25
2026-07-27,2026-08-03,42121,Venango County,Pennsylvania,PA,quiet,0.001063,473,49,151–500,0.79,0.003791,557,48,501+,0.95,0.17095,0.250359,0,0,0,,0.941,2024-25
2026-07-27,2026-08-03,16011,Bingham County,Idaho,ID,quiet,0.001063,474,12,151–500,0.79,0.004052,528,12,501+,1.02,0.170944,0.264913,0,0,0,,0.82,2024-25
2026-07-27,2026-08-03,04011,Greenlee County,Arizona,AZ,quiet,0.001063,475,12,151–500,0.79,0.005112,450,11,151–500,1.28,0.170842,0.319943,0,0,0,,0.806,2024-25
2026-07-27,2026-08-03,29169,Pulaski County,Missouri,MO,quiet,0.001056,476,7,151–500,0.79,0.002854,678,11,501+,0.72,0.169867,0.194354,0,0,0,,0.906,2024-25
2026-07-27,2026-08-03,30013,Cascade County,Montana,MT,quiet,0.001054,477,6,151–500,0.79,0.005034,456,6,151–500,1.26,0.169678,0.316102,0,0,1,54,,
2026-07-27,2026-08-03,53041,Lewis County,Washington,WA,quiet,0.001054,478,20,151–500,0.79,0.006533,391,16,151–500,1.64,0.169564,0.384005,0,0,0,,0.892,2024-25
2026-07-27,2026-08-03,33013,Merrimack County,New Hampshire,NH,quiet,0.001038,479,2,151–500,0.77,0.005531,433,2,151–500,1.39,0.167304,0.339928,0,0,0,,0.917,2024-25
2026-07-27,2026-08-03,16041,Franklin County,Idaho,ID,quiet,0.001033,480,13,151–500,0.77,0.002375,769,18,501+,0.6,0.166617,0.163575,0,0,0,,0.84,2024-25
2026-07-27,2026-08-03,37049,Craven County,North Carolina,NC,quiet,0.001031,481,15,151–500,0.77,0.005877,416,14,151–500,1.48,0.166389,0.355687,0,0,0,,0.92741165,2024-25
2026-07-27,2026-08-03,12073,Leon County,Florida,FL,quiet,0.00103,482,29,151–500,0.77,0.008581,324,25,151–500,2.15,0.166203,0.46033,0,0,2,57,0.938,2024-25
2026-07-27,2026-08-03,45051,Horry County,South Carolina,SC,quiet,0.001022,483,16,151–500,0.76,0.002607,722,21,501+,0.65,0.165019,0.17867,0,0,0,,0.908,2024-25
2026-07-27,2026-08-03,53045,Mason County,Washington,WA,quiet,0.001014,484,21,151–500,0.76,0.005214,443,19,151–500,1.31,0.163967,0.324904,0,0,0,,0.902,2024-25
2026-07-27,2026-08-03,41019,Douglas County,Oregon,OR,quiet,0.001012,485,15,151–500,0.76,0.006108,405,11,151–500,1.53,0.163694,0.365932,0,0,0,,0.892,2024-25
2026-07-27,2026-08-03,48231,Hunt County,Texas,TX,quiet,0.001009,486,37,151–500,0.75,0.003794,556,48,501+,0.95,0.163187,0.250534,0,0,0,,0.934137,2024-25
2026-07-27,2026-08-03,26115,Monroe County,Michigan,MI,quiet,0.001005,487,11,151–500,0.75,0.004118,523,14,501+,1.03,0.162635,0.268575,0,0,1,17,0.89901904,2024-25
2026-07-27,2026-08-03,18141,St. Joseph County,Indiana,IN,quiet,0.001001,488,5,151–500,0.75,0.004526,486,5,151–500,1.14,0.161983,0.290326,0,0,0,,0.9367,2024-25
2026-07-27,2026-08-03,46029,Codington County,South Dakota,SD,quiet,0.000997,489,5,151–500,0.74,0.002351,774,10,501+,0.59,0.161405,0.161971,0,0,0,,0.9,2024-25
2026-07-27,2026-08-03,38101,Ward County,North Dakota,ND,quiet,0.000995,490,6,151–500,0.74,0.006174,402,6,151–500,1.55,0.161169,0.368774,0,0,0,,0.9195,2024-25
2026-07-27,2026-08-03,20177,Shawnee County,Kansas,KS,quiet,0.000978,491,4,151–500,0.73,0.005536,432,4,151–500,1.39,0.158764,0.340139,0,0,0,,0.9497,2024-25
2026-07-27,2026-08-03,05143,Washington County,Arkansas,AR,quiet,0.000977,492,3,151–500,0.73,0.003213,626,5,501+,0.81,0.158537,0.216517,0,0,0,,,
2026-07-27,2026-08-03,08105,Rio Grande County,Colorado,CO,quiet,0.000972,493,18,151–500,0.72,0.006942,373,17,151–500,1.74,0.157817,0.400645,0,0,0,,0.9417,2024-25
2026-07-27,2026-08-03,51700,Newport News City,Virginia,VA,quiet,0.000971,494,8,151–500,0.72,0.00276,693,14,501+,0.69,0.157687,0.188448,0,0,0,,0.875,2024-25
2026-07-27,2026-08-03,21093,Hardin County,Kentucky,KY,quiet,0.000965,495,4,151–500,0.72,0.002699,708,10,501+,0.68,0.15687,0.184564,0,0,0,,0.805,2024-25
2026-07-27,2026-08-03,39119,Muskingum County,Ohio,OH,quiet,0.000963,496,13,151–500,0.72,0.005175,448,14,151–500,1.3,0.156579,0.322977,0,0,3,48,0.972,2024-25
2026-07-27,2026-08-03,39133,Portage County,Ohio,OH,quiet,0.00096,497,14,151–500,0.72,0.002528,739,30,501+,0.63,0.156153,0.173534,0,0,0,,0.897,2024-25
2026-07-27,2026-08-03,04001,Apache County,Arizona,AZ,quiet,0.000959,498,13,151–500,0.72,0.00272,704,14,501+,0.68,0.155922,0.185903,0,0,0,,0.878,2024-25
2026-07-27,2026-08-03,18085,Kosciusko County,Indiana,IN,quiet,0.000958,499,6,151–500,0.71,0.005592,424,4,151–500,1.4,0.15583,0.342721,0,0,0,,0.8777,2024-25
2026-07-27,2026-08-03,36069,Ontario County,New York,NY,quiet,0.00095,500,21,151–500,0.71,0.009263,301,10,151–500,2.33,0.154725,0.482265,0,0,1,61,0.999203876,2024-25
2026-07-27,2026-08-03,37101,Johnston County,North Carolina,NC,quiet,0.000949,501,16,501+,0.71,0.004852,467,17,151–500,1.22,0.154505,0.307037,0,0,1,24,0.93714093,2024-25
2026-07-27,2026-08-03,53027,Grays Harbor County,Washington,WA,quiet,0.000948,502,22,501+,0.71,0.004408,495,20,151–500,1.11,0.154336,0.28417,0,0,0,,0.9,2024-25
2026-07-27,2026-08-03,19049,Dallas County,Iowa,IA,quiet,0.000946,503,3,501+,0.71,0.003957,535,5,501+,0.99,0.154025,0.259664,0,0,0,,0.93498049,2024-25
2026-07-27,2026-08-03,29097,Jasper County,Missouri,MO,quiet,0.000944,504,8,501+,0.7,0.004169,518,8,501+,1.05,0.153721,0.271312,0,0,0,,0.919,2024-25
2026-07-27,2026-08-03,48099,Coryell County,Texas,TX,quiet,0.000943,505,38,501+,0.7,0.0036,577,49,501+,0.9,0.153606,0.23942,0,0,0,,0.942966,2024-25
2026-07-27,2026-08-03,06047,Merced County,California,CA,quiet,0.00094,506,34,501+,0.7,0.00152,1023,47,501+,0.38,0.153263,0.105074,0,0,0,,0.97941,2024-25
2026-07-27,2026-08-03,37129,New Hanover County,North Carolina,NC,quiet,0.000939,507,17,501+,0.7,0.003453,597,21,501+,0.87,0.15301,0.230831,0,0,0,,0.92860684,2024-25
2026-07-27,2026-08-03,25023,Plymouth County,Massachusetts,MA,quiet,0.000938,508,8,501+,0.7,0.004322,504,8,501+,1.09,0.152842,0.279573,0,0,0,,0.962,2024-25
2026-07-27,2026-08-03,33017,Strafford County,New Hampshire,NH,quiet,0.000935,509,3,501+,0.7,0.002862,677,4,501+,0.72,0.152401,0.194848,0,0,0,,0.932,2024-25
2026-07-27,2026-08-03,48245,Jefferson County,Texas,TX,quiet,0.00093,510,39,501+,0.69,0.004142,521,47,501+,1.04,0.151793,0.26988,0,0,0,,0.95067,2024-25
2026-07-27,2026-08-03,39151,Stark County,Ohio,OH,quiet,0.000928,511,15,501+,0.69,0.006806,379,9,151–500,1.71,0.151491,0.395205,0,0,0,,0.897,2024-25
2026-07-27,2026-08-03,55133,Waukesha County,Wisconsin,WI,quiet,0.000928,512,8,501+,0.69,0.007853,348,4,151–500,1.97,0.151366,0.435115,0,0,1,28,0.88,2024-25
2026-07-27,2026-08-03,27139,Scott County,Minnesota,MN,quiet,0.000925,513,9,501+,0.69,0.003228,625,13,501+,0.81,0.150956,0.217385,0,0,0,,0.848,2024-25
2026-07-27,2026-08-03,46011,Brookings County,South Dakota,SD,quiet,0.000917,514,6,501+,0.68,0.006172,403,4,151–500,1.55,0.149809,0.368685,0,0,3,9,0.9,2024-25
2026-07-27,2026-08-03,35015,Eddy County,New Mexico,NM,quiet,0.000917,515,9,501+,0.68,0.004295,507,8,501+,1.08,0.149773,0.27815,0,0,3,66,0.9539,2024-25
2026-07-27,2026-08-03,28047,Harrison County,Mississippi,MS,quiet,0.000915,516,1,501+,0.68,0.003591,578,1,501+,0.9,0.149468,0.238866,0,0,0,,0.9776,2024-25
2026-07-27,2026-08-03,06031,Kings County,California,CA,quiet,0.000913,517,35,501+,0.68,0.001905,888,42,501+,0.48,0.149193,0.13187,0,0,0,,0.97917,2024-25
2026-07-27,2026-08-03,34011,Cumberland County,New Jersey,NJ,quiet,0.00091,518,18,501+,0.68,0.00835,330,17,151–500,2.1,0.148849,0.452558,0,0,0,,0.954,2024-25
2026-07-27,2026-08-03,27141,Sherburne County,Minnesota,MN,quiet,0.000909,519,10,501+,0.68,0.002121,836,20,501+,0.53,0.148695,0.146618,0,0,0,,0.822,2024-25
2026-07-27,2026-08-03,38057,Mercer County,North Dakota,ND,quiet,0.000909,520,7,501+,0.68,0.002083,848,14,501+,0.52,0.148588,0.14406,0,0,0,,0.8198,2024-25
2026-07-27,2026-08-03,12131,Walton County,Florida,FL,quiet,0.0009,521,30,501+,0.67,0.004849,468,29,151–500,1.22,0.147369,0.306907,0,0,0,,0.885,2024-25
2026-07-27,2026-08-03,53009,Clallam County,Washington,WA,quiet,0.000899,522,23,501+,0.67,0.002763,692,24,501+,0.69,0.147132,0.188644,0,0,0,,0.779,2024-25
2026-07-27,2026-08-03,27137,St. Louis County,Minnesota,MN,quiet,0.000895,523,11,501+,0.67,0.005039,455,7,151–500,1.27,0.146553,0.316346,0,0,0,,0.907,2024-25
2026-07-27,2026-08-03,19193,Woodbury County,Iowa,IA,quiet,0.000894,524,4,501+,0.67,0.003974,533,4,501+,1.0,0.14643,0.260626,0,0,0,,0.90069444,2024-25
2026-07-27,2026-08-03,48369,Parmer County,Texas,TX,quiet,0.000886,525,40,501+,0.66,0.001941,874,85,501+,0.49,0.145215,0.134339,0,0,5,64,0.972414,2024-25
2026-07-27,2026-08-03,30081,Ravalli County,Montana,MT,quiet,0.000881,526,7,501+,0.66,0.003436,599,7,501+,0.86,0.144546,0.229804,0,0,0,,,
2026-07-27,2026-08-03,26077,Kalamazoo County,Michigan,MI,quiet,0.000874,527,12,501+,0.65,0.003754,560,16,501+,0.94,0.143515,0.248226,0,0,0,,0.91347939,2024-25
2026-07-27,2026-08-03,56041,Uinta County,Wyoming,WY,quiet,0.000865,528,9,501+,0.65,0.002956,662,10,501+,0.74,0.142095,0.200763,0,0,0,,0.92,2022-23
2026-07-27,2026-08-03,22103,St. Tammany Parish,Louisiana,LA,quiet,0.000851,529,5,501+,0.63,0.004266,511,5,501+,1.07,0.140046,0.276554,0,0,0,,0.8768,2024-25
2026-07-27,2026-08-03,01097,Mobile County,Alabama,AL,quiet,0.000849,530,3,501+,0.63,0.004847,469,3,151–500,1.22,0.139685,0.306819,0,0,0,,0.9469,2024-25
2026-07-27,2026-08-03,48451,Tom Green County,Texas,TX,quiet,0.000849,531,41,501+,0.63,0.004792,473,37,151–500,1.2,0.139638,0.304034,0,0,0,,0.958136,2024-25
2026-07-27,2026-08-03,27145,Stearns County,Minnesota,MN,quiet,0.000848,532,12,501+,0.63,0.004634,482,9,151–500,1.16,0.139486,0.295973,0,0,0,,0.777,2024-25
2026-07-27,2026-08-03,37109,Lincoln County,North Carolina,NC,quiet,0.000845,533,18,501+,0.63,0.006623,388,13,151–500,1.66,0.139153,0.387753,0,0,1,25,0.88762984,2024-25
2026-07-27,2026-08-03,46019,Butte County,South Dakota,SD,quiet,0.000842,534,7,501+,0.63,0.002238,802,11,501+,0.56,0.138632,0.154473,0,0,4,31,0.97,2024-25
2026-07-27,2026-08-03,48189,Hale County,Texas,TX,quiet,0.000841,535,42,501+,0.63,0.001487,1039,112,501+,0.37,0.138578,0.102735,0,0,5,68,0.97619,2024-25
2026-07-27,2026-08-03,08101,Pueblo County,Colorado,CO,quiet,0.000836,536,19,501+,0.62,0.006261,400,18,151–500,1.57,0.137765,0.37253,0,0,1,69,0.8713,2024-25
2026-07-27,2026-08-03,08015,Chaffee County,Colorado,CO,quiet,0.000834,537,20,501+,0.62,0.001668,960,28,501+,0.42,0.137452,0.115476,0,0,0,,0.8261,2024-25
2026-07-27,2026-08-03,31153,Sarpy County,Nebraska,NE,quiet,0.000831,538,3,501+,0.62,0.003347,609,3,501+,0.84,0.137078,0.224547,0,0,0,,0.953096539,2024-25
2026-07-27,2026-08-03,05045,Faulkner County,Arkansas,AR,quiet,0.000826,539,4,501+,0.62,0.003676,569,4,501+,0.92,0.136323,0.243806,0,0,6,61,,
2026-07-27,2026-08-03,38015,Burleigh County,North Dakota,ND,quiet,0.000826,540,8,501+,0.62,0.006743,383,5,151–500,1.69,0.136222,0.392641,0,0,0,,0.8857,2024-25
2026-07-27,2026-08-03,47149,Rutherford County,Tennessee,TN,quiet,0.000824,541,5,501+,0.61,0.004347,502,6,501+,1.09,0.135932,0.280929,0,0,0,,0.962,2024-25
2026-07-27,2026-08-03,26055,Grand Traverse County,Michigan,MI,quiet,0.00082,542,13,501+,0.61,0.007688,353,10,151–500,1.93,0.135314,0.429115,0,0,4,56,0.88840453,2024-25
2026-07-27,2026-08-03,47179,Washington County,Tennessee,TN,quiet,0.000817,543,6,501+,0.61,0.003577,579,7,501+,0.9,0.134846,0.238077,0,0,0,,0.941,2024-25
2026-07-27,2026-08-03,02122,Kenai Peninsula Borough,Alaska,AK,quiet,0.000816,544,4,501+,0.61,0.003548,583,5,501+,0.89,0.134787,0.236377,0,0,1,79,,
2026-07-27,2026-08-03,51041,Chesterfield County,Virginia,VA,quiet,0.000816,545,9,501+,0.61,0.004164,519,8,501+,1.05,0.134714,0.271075,0,0,0,,0.866,2024-25
2026-07-27,2026-08-03,35017,Grant County,New Mexico,NM,quiet,0.000814,546,10,501+,0.61,0.003946,537,9,501+,0.99,0.134471,0.259055,0,0,0,,0.8711,2024-25
2026-07-27,2026-08-03,39057,Greene County,Ohio,OH,quiet,0.000814,547,16,501+,0.61,0.003922,542,17,501+,0.98,0.134381,0.257703,0,0,0,,0.909,2024-25
2026-07-27,2026-08-03,37051,Cumberland County,North Carolina,NC,quiet,0.000808,548,19,501+,0.6,0.005583,425,15,151–500,1.4,0.133542,0.342331,0,0,0,,0.92202999,2024-25
2026-07-27,2026-08-03,34041,Warren County,New Jersey,NJ,quiet,0.000807,549,19,501+,0.6,0.006772,382,20,151–500,1.7,0.133366,0.393832,0,0,0,,0.928,2024-25
2026-07-27,2026-08-03,42115,Susquehanna County,Pennsylvania,PA,quiet,0.000803,550,50,501+,0.6,0.002508,744,54,501+,0.63,0.132731,0.172258,0,0,0,,0.923,2024-25
2026-07-27,2026-08-03,55021,Columbia County,Wisconsin,WI,quiet,0.000802,551,9,501+,0.6,0.003558,581,11,501+,0.89,0.132614,0.236966,0,0,0,,0.84,2024-25
2026-07-27,2026-08-03,40131,Rogers County,Oklahoma,OK,quiet,0.000799,552,5,501+,0.6,0.003071,645,8,501+,0.77,0.132197,0.207876,0,0,0,,0.8755,2024-25
2026-07-27,2026-08-03,37089,Henderson County,North Carolina,NC,quiet,0.000799,553,20,501+,0.6,0.001693,955,42,501+,0.43,0.132105,0.117234,0,0,0,,0.90790791,2024-25
2026-07-27,2026-08-03,16057,Latah County,Idaho,ID,quiet,0.000797,554,14,501+,0.59,0.005962,413,9,151–500,1.5,0.131912,0.359494,0,0,0,,0.78,2024-25
2026-07-27,2026-08-03,54037,Jefferson County,West Virginia,WV,quiet,0.000797,555,2,501+,0.59,0.004064,527,2,501+,1.02,0.131874,0.265579,0,0,0,,,
2026-07-27,2026-08-03,19013,Black Hawk County,Iowa,IA,quiet,0.000796,556,5,501+,0.59,0.004805,471,3,151–500,1.21,0.13176,0.304676,0,0,0,,0.90699166,2024-25
2026-07-27,2026-08-03,02185,North Slope Borough,Alaska,AK,quiet,0.000792,557,5,501+,0.59,0.003923,541,4,501+,0.99,0.13115,0.257798,0,0,0,,,
2026-07-27,2026-08-03,29213,Taney County,Missouri,MO,quiet,0.000789,558,9,501+,0.59,0.003806,554,10,501+,0.96,0.130696,0.25121,0,0,1,67,0.835,2024-25
2026-07-27,2026-08-03,48139,Ellis County,Texas,TX,quiet,0.000788,559,43,501+,0.59,0.004686,478,38,151–500,1.18,0.130507,0.298633,0,0,0,,0.930262,2024-25
2026-07-27,2026-08-03,47011,Bradley County,Tennessee,TN,quiet,0.000785,560,7,501+,0.59,0.005465,434,4,151–500,1.37,0.130065,0.33682,0,0,0,,0.9,2024-25
2026-07-27,2026-08-03,51087,Henrico County,Virginia,VA,quiet,0.000777,561,10,501+,0.58,0.003152,635,11,501+,0.79,0.12885,0.212814,0,0,0,,0.927,2024-25
2026-07-27,2026-08-03,39045,Fairfield County,Ohio,OH,quiet,0.000776,562,17,501+,0.58,0.005543,430,12,151–500,1.39,0.128705,0.340484,0,0,0,,0.931,2024-25
2026-07-27,2026-08-03,56033,Sheridan County,Wyoming,WY,quiet,0.000776,563,10,501+,0.58,0.001811,923,14,501+,0.45,0.128602,0.125383,0,0,0,,0.9,2022-23
2026-07-27,2026-08-03,15007,Kauai County,Hawaii,HI,quiet,0.000774,564,4,501+,0.58,0.003457,596,4,501+,0.87,0.128408,0.23107,0,0,0,,0.6616,2024-25
2026-07-27,2026-08-03,49029,Morgan County,Utah,UT,quiet,0.000773,565,18,501+,0.58,0.002373,770,19,501+,0.6,0.128224,0.163418,0,0,0,,0.867816,2024-25
2026-07-27,2026-08-03,27005,Becker County,Minnesota,MN,quiet,0.000772,566,13,501+,0.58,0.003314,612,12,501+,0.83,0.128065,0.222594,0,0,0,,0.905,2024-25
2026-07-27,2026-08-03,35009,Curry County,New Mexico,NM,quiet,0.00077,567,11,501+,0.57,0.001597,994,15,501+,0.4,0.127673,0.110459,0,0,1,64,0.9784,2024-25
2026-07-27,2026-08-03,51760,Richmond City,Virginia,VA,quiet,0.000767,568,11,501+,0.57,0.00254,736,16,501+,0.64,0.127216,0.17433,0,0,0,,0.896,2024-25
2026-07-27,2026-08-03,19113,Linn County,Iowa,IA,quiet,0.000756,569,6,501+,0.56,0.003839,552,6,501+,0.96,0.125624,0.253036,0,0,0,,0.90505195,2024-25
2026-07-27,2026-08-03,24013,Carroll County,Maryland,MD,quiet,0.000753,570,19,501+,0.56,0.005029,458,17,151–500,1.26,0.125144,0.315847,0,0,0,,0.9681,2024-25
2026-07-27,2026-08-03,13077,Coweta County,Georgia,GA,quiet,0.000753,571,7,501+,0.56,0.003062,646,8,501+,0.77,0.12509,0.207278,0,0,0,,,
2026-07-27,2026-08-03,39017,Butler County,Ohio,OH,quiet,0.000752,572,18,501+,0.56,0.003627,572,19,501+,0.91,0.124924,0.240973,0,0,0,,0.921,2024-25
2026-07-27,2026-08-03,47065,Hamilton County,Tennessee,TN,quiet,0.00075,573,8,501+,0.56,0.004399,496,5,151–500,1.1,0.124726,0.283678,0,0,0,,0.92,2024-25
2026-07-27,2026-08-03,37069,Franklin County,North Carolina,NC,quiet,0.000748,574,21,501+,0.56,0.003406,603,22,501+,0.86,0.124369,0.228042,0,0,0,,0.94047619,2024-25
2026-07-27,2026-08-03,26091,Lenawee County,Michigan,MI,quiet,0.000746,575,14,501+,0.56,0.003482,591,17,501+,0.87,0.124005,0.232525,0,0,0,,0.87826087,2024-25
2026-07-27,2026-08-03,38067,Pembina County,North Dakota,ND,quiet,0.000746,576,9,501+,0.56,0.004916,465,8,151–500,1.23,0.123985,0.310278,0,0,23,21,0.9565,2024-25
2026-07-27,2026-08-03,26103,Marquette County,Michigan,MI,quiet,0.000745,577,15,501+,0.56,0.004659,479,13,151–500,1.17,0.123927,0.297216,0,0,2,60,0.92822967,2024-25
2026-07-27,2026-08-03,27119,Polk County,Minnesota,MN,quiet,0.000739,578,14,501+,0.55,0.00241,760,16,501+,0.61,0.123022,0.165824,0,0,0,,0.855,2024-25
2026-07-27,2026-08-03,49027,Millard County,Utah,UT,quiet,0.000736,579,19,501+,0.55,0.004767,474,14,151–500,1.2,0.122518,0.302745,0,0,0,,0.91623,2024-25
2026-07-27,2026-08-03,36075,Oswego County,New York,NY,quiet,0.000736,580,22,501+,0.55,0.00354,585,21,501+,0.89,0.122462,0.235899,0,0,0,,0.999161242,2024-25
2026-07-27,2026-08-03,47001,Anderson County,Tennessee,TN,quiet,0.000734,581,9,501+,0.55,0.002182,816,15,501+,0.55,0.122119,0.150688,0,0,0,,0.959,2024-25
2026-07-27,2026-08-03,17201,Winnebago County,Illinois,IL,quiet,0.000733,582,8,501+,0.55,0.003678,568,9,501+,0.92,0.121951,0.24389,0,0,0,,0.955,2024-25
2026-07-27,2026-08-03,42083,McKean County,Pennsylvania,PA,quiet,0.000727,583,51,501+,0.54,0.002733,699,52,501+,0.69,0.121155,0.186713,0,0,0,,0.938,2024-25
2026-07-27,2026-08-03,26049,Genesee County,Michigan,MI,quiet,0.000726,584,16,501+,0.54,0.002852,679,21,501+,0.72,0.120864,0.194228,0,0,0,,0.89990162,2024-25
2026-07-27,2026-08-03,01089,Madison County,Alabama,AL,quiet,0.00072,585,4,501+,0.54,0.003233,622,4,501+,0.81,0.120045,0.217729,0,0,0,,0.9527,2024-25
2026-07-27,2026-08-03,48423,Smith County,Texas,TX,quiet,0.00072,586,44,501+,0.54,0.004438,492,39,151–500,1.11,0.119993,0.285753,0,0,0,,0.929083,2024-25
2026-07-27,2026-08-03,26147,St. Clair County,Michigan,MI,quiet,0.00072,587,17,501+,0.54,0.003233,623,19,501+,0.81,0.119962,0.217697,0,0,0,,0.86947063,2024-25
2026-07-27,2026-08-03,50007,Chittenden County,Vermont,VT,quiet,0.00072,588,1,501+,0.54,0.003026,652,1,501+,0.76,0.119933,0.205055,0,0,0,,0.95,2024-25
2026-07-27,2026-08-03,49041,Sevier County,Utah,UT,quiet,0.000712,589,20,501+,0.53,0.001645,970,20,501+,0.41,0.118828,0.113829,0,0,0,,0.851351,2024-25
2026-07-27,2026-08-03,08065,Lake County,Colorado,CO,quiet,0.000711,590,21,501+,0.53,0.010598,273,11,151–500,2.66,0.118556,0.521048,0,0,6,10,0.875,2024-25
2026-07-27,2026-08-03,47125,Montgomery County,Tennessee,TN,quiet,0.00071,591,10,501+,0.53,0.003547,584,8,501+,0.89,0.118486,0.236295,0,0,0,,0.948,2024-25
2026-07-27,2026-08-03,29165,Platte County,Missouri,MO,quiet,0.000708,592,10,501+,0.53,0.005694,421,7,151–500,1.43,0.118162,0.347435,0,0,0,,0.931,2024-25
2026-07-27,2026-08-03,39083,Knox County,Ohio,OH,quiet,0.000708,593,19,501+,0.53,0.007187,366,8,151–500,1.8,0.118095,0.410256,0,0,14,68,0.841,2024-25
2026-07-27,2026-08-03,39129,Pickaway County,Ohio,OH,quiet,0.000704,594,20,501+,0.53,0.003187,628,22,501+,0.8,0.117563,0.214909,0,0,0,,0.937,2024-25
2026-07-27,2026-08-03,38097,Traill County,North Dakota,ND,quiet,0.000704,595,10,501+,0.53,0.003334,611,10,501+,0.84,0.117528,0.22377,0,0,1,21,0.9535,2024-25
2026-07-27,2026-08-03,39043,Erie County,Ohio,OH,quiet,0.000703,596,21,501+,0.52,0.00258,728,28,501+,0.65,0.117348,0.17691,0,0,0,,0.835,2024-25
2026-07-27,2026-08-03,51179,Stafford County,Virginia,VA,quiet,0.000703,597,12,501+,0.52,0.003256,621,10,501+,0.82,0.117279,0.21906,0,0,0,,0.91,2024-25
2026-07-27,2026-08-03,18127,Porter County,Indiana,IN,quiet,0.000701,598,7,501+,0.52,0.002899,671,10,501+,0.73,0.116967,0.197198,0,0,0,,0.9055,2024-25
2026-07-27,2026-08-03,41011,Coos County,Oregon,OR,quiet,0.0007,599,16,501+,0.52,0.00254,735,16,501+,0.64,0.116954,0.174348,0,0,0,,0.915,2024-25
2026-07-27,2026-08-03,21015,Boone County,Kentucky,KY,quiet,0.000698,600,5,501+,0.52,0.0045,489,5,151–500,1.13,0.116603,0.288999,0,0,0,,0.928,2024-25
2026-07-27,2026-08-03,13117,Forsyth County,Georgia,GA,quiet,0.000696,601,8,501+,0.52,0.002716,706,11,501+,0.68,0.116227,0.18564,0,0,0,,,
2026-07-27,2026-08-03,49015,Emery County,Utah,UT,quiet,0.000695,602,21,501+,0.52,0.000835,1436,25,501+,0.21,0.116175,0.055887,0,0,0,,0.9,2024-25
2026-07-27,2026-08-03,27061,Itasca County,Minnesota,MN,quiet,0.000691,603,15,501+,0.52,0.003922,543,11,501+,0.98,0.115405,0.257696,0,0,0,,0.897,2024-25
2026-07-27,2026-08-03,09140,Naugatuck Valley Planning Region,Connecticut,CT,quiet,0.000684,604,5,501+,0.51,0.002831,682,5,501+,0.71,0.114387,0.192952,0,0,0,,0.987,2024-25
2026-07-27,2026-08-03,48265,Kerr County,Texas,TX,quiet,0.000684,605,45,501+,0.51,0.004283,509,44,501+,1.08,0.114335,0.277496,0,0,0,,0.929032,2024-25
2026-07-27,2026-08-03,40125,Pottawatomie County,Oklahoma,OK,quiet,0.000684,606,6,501+,0.51,0.002946,664,9,501+,0.74,0.114316,0.200149,0,0,0,,0.9097,2024-25
2026-07-27,2026-08-03,37035,Catawba County,North Carolina,NC,quiet,0.000683,607,22,501+,0.51,0.01064,271,9,151–500,2.67,0.114149,0.522196,0,0,0,,0.91818684,2024-25
2026-07-27,2026-08-03,32019,Lyon County,Nevada,NV,quiet,0.000681,608,5,501+,0.51,0.00335,608,5,501+,0.84,0.113898,0.224727,0,0,0,,0.917,2024-25
2026-07-27,2026-08-03,40037,Creek County,Oklahoma,OK,quiet,0.000679,609,7,501+,0.51,0.002081,849,13,501+,0.52,0.113666,0.143883,0,0,0,,0.878,2024-25
2026-07-27,2026-08-03,40051,Grady County,Oklahoma,OK,quiet,0.000679,610,8,501+,0.51,0.004102,525,5,501+,1.03,0.11352,0.267672,0,0,0,,0.8885,2024-25
2026-07-27,2026-08-03,17111,McHenry County,Illinois,IL,quiet,0.000676,611,9,501+,0.5,0.004295,506,8,501+,1.08,0.11307,0.278158,0,0,0,,0.957,2024-25
2026-07-27,2026-08-03,05125,Saline County,Arkansas,AR,quiet,0.000675,612,5,501+,0.5,0.003789,558,3,501+,0.95,0.112914,0.250262,0,0,1,68,,
2026-07-27,2026-08-03,48251,Johnson County,Texas,TX,quiet,0.000672,613,46,501+,0.5,0.002718,705,65,501+,0.68,0.112531,0.185803,0,0,0,,0.927747,2024-25
2026-07-27,2026-08-03,17113,McLean County,Illinois,IL,quiet,0.00067,614,10,501+,0.5,0.003614,575,10,501+,0.91,0.112157,0.240231,0,0,0,,0.971,2024-25
2026-07-27,2026-08-03,40031,Comanche County,Oklahoma,OK,quiet,0.000665,615,9,501+,0.5,0.0038,555,6,501+,0.95,0.111362,0.250873,0,0,0,,0.8545,2024-25
2026-07-27,2026-08-03,55087,Outagamie County,Wisconsin,WI,quiet,0.000662,616,10,501+,0.49,0.005372,437,7,151–500,1.35,0.110918,0.332427,0,0,0,,0.88,2024-25
2026-07-27,2026-08-03,16079,Shoshone County,Idaho,ID,quiet,0.000658,617,15,501+,0.49,0.002168,820,21,501+,0.54,0.110358,0.149804,0,0,0,,0.7,2024-25
2026-07-27,2026-08-03,22055,Lafayette Parish,Louisiana,LA,quiet,0.000658,618,6,501+,0.49,0.003434,600,6,501+,0.86,0.110335,0.229667,0,0,0,,0.8902,2024-25
2026-07-27,2026-08-03,42007,Beaver County,Pennsylvania,PA,quiet,0.000656,619,52,501+,0.49,0.00815,337,37,151–500,2.05,0.11003,0.445631,0,0,0,,0.915,2024-25
2026-07-27,2026-08-03,48367,Parker County,Texas,TX,quiet,0.000655,620,47,501+,0.49,0.004316,505,43,501+,1.08,0.109762,0.279258,0,0,0,,0.898144,2024-25
2026-07-27,2026-08-03,55093,Pierce County,Wisconsin,WI,quiet,0.000654,621,11,501+,0.49,0.001993,861,22,501+,0.5,0.109691,0.137939,0,0,0,,0.83,2024-25
2026-07-27,2026-08-03,29099,Jefferson County,Missouri,MO,quiet,0.000654,622,11,501+,0.49,0.001457,1053,25,501+,0.37,0.109626,0.100562,0,0,0,,0.941,2024-25
2026-07-27,2026-08-03,28033,DeSoto County,Mississippi,MS,quiet,0.000654,623,2,501+,0.49,0.003119,636,2,501+,0.78,0.10958,0.210783,0,0,0,,0.9718,2024-25
2026-07-27,2026-08-03,06023,Humboldt County,California,CA,quiet,0.000648,624,36,501+,0.48,0.003925,540,34,501+,0.99,0.108763,0.257863,0,0,0,,0.93358,2024-25
2026-07-27,2026-08-03,39103,Medina County,Ohio,OH,quiet,0.000646,625,22,501+,0.48,0.002146,827,37,501+,0.54,0.108438,0.148276,0,0,0,,0.917,2024-25
2026-07-27,2026-08-03,36045,Jefferson County,New York,NY,quiet,0.000644,626,23,501+,0.48,0.004016,531,19,501+,1.01,0.10803,0.262946,0,0,0,,0.994304515,2024-25
2026-07-27,2026-08-03,48215,Hidalgo County,Texas,TX,quiet,0.000643,627,48,501+,0.48,0.001551,1007,103,501+,0.39,0.107833,0.107231,0,0,0,,0.968848,2024-25
2026-07-27,2026-08-03,37057,Davidson County,North Carolina,NC,quiet,0.000638,628,23,501+,0.48,0.00239,764,33,501+,0.6,0.1071,0.16456,0,0,0,,0.96441281,2024-25
2026-07-27,2026-08-03,48019,Bandera County,Texas,TX,quiet,0.000635,629,49,501+,0.47,0.008313,332,25,151–500,2.09,0.106713,0.451272,0,0,5,20,0.934783,2024-25
2026-07-27,2026-08-03,13153,Houston County,Georgia,GA,quiet,0.000635,630,9,501+,0.47,0.00296,660,9,501+,0.74,0.106695,0.200993,0,0,0,,,
2026-07-27,2026-08-03,48183,Gregg County,Texas,TX,quiet,0.000633,631,50,501+,0.47,0.001796,929,90,501+,0.45,0.106377,0.124386,0,0,0,,0.952659,2024-25
2026-07-27,2026-08-03,39169,Wayne County,Ohio,OH,quiet,0.00063,632,23,501+,0.47,0.003907,547,18,501+,0.98,0.105799,0.256876,0,0,0,,0.87,2024-25
2026-07-27,2026-08-03,45041,Florence County,South Carolina,SC,quiet,0.00063,633,17,501+,0.47,0.00363,571,17,501+,0.91,0.105778,0.241154,0,0,0,,0.969,2024-25
2026-07-27,2026-08-03,13113,Fayette County,Georgia,GA,quiet,0.000629,634,10,501+,0.47,0.002793,687,10,501+,0.7,0.105627,0.190541,0,0,0,,,
2026-07-27,2026-08-03,48309,McLennan County,Texas,TX,quiet,0.000627,635,51,501+,0.47,0.002941,665,59,501+,0.74,0.105422,0.199816,0,0,9,58,0.952818,2024-25
2026-07-27,2026-08-03,48111,Dallam County,Texas,TX,quiet,0.000621,636,52,501+,0.46,0.002114,839,82,501+,0.53,0.104477,0.146112,0,0,7,71,0.965909,2024-25
2026-07-27,2026-08-03,12089,Nassau County,Florida,FL,quiet,0.00062,637,31,501+,0.46,0.003515,588,32,501+,0.88,0.104236,0.234463,0,0,0,,0.918,2024-25
2026-07-27,2026-08-03,48361,Orange County,Texas,TX,quiet,0.00062,638,53,501+,0.46,0.005202,445,33,151–500,1.31,0.104192,0.324316,0,0,0,,0.915966,2024-25
2026-07-27,2026-08-03,24029,Kent County,Maryland,MD,quiet,0.000619,639,20,501+,0.46,0.004692,477,18,151–500,1.18,0.104105,0.298912,0,0,0,,0.8839,2024-25
2026-07-27,2026-08-03,18019,Clark County,Indiana,IN,quiet,0.000619,640,8,501+,0.46,0.003934,539,6,501+,0.99,0.104103,0.258375,0,0,0,,0.8931,2024-25
2026-07-27,2026-08-03,12015,Charlotte County,Florida,FL,quiet,0.000617,641,32,501+,0.46,0.004201,517,30,501+,1.05,0.103721,0.273052,0,0,0,,0.892,2024-25
2026-07-27,2026-08-03,48409,San Patricio County,Texas,TX,quiet,0.000617,642,54,501+,0.46,0.002306,782,77,501+,0.58,0.103711,0.159021,0,0,0,,0.971429,2024-25
2026-07-27,2026-08-03,51001,Accomack County,Virginia,VA,quiet,0.000616,643,13,501+,0.46,0.001898,892,24,501+,0.48,0.103628,0.131408,0,0,0,,0.786,2024-25
2026-07-27,2026-08-03,29091,Howell County,Missouri,MO,quiet,0.000615,644,12,501+,0.46,0.00214,829,15,501+,0.54,0.103527,0.147882,0,0,0,,0.839,2024-25
2026-07-27,2026-08-03,20081,Haskell County,Kansas,KS,quiet,0.000614,645,5,501+,0.46,0.002389,766,8,501+,0.6,0.10335,0.164464,0,0,19,55,0.7821,2024-25
2026-07-27,2026-08-03,18057,Hamilton County,Indiana,IN,quiet,0.00061,646,9,501+,0.45,0.003549,582,8,501+,0.89,0.102647,0.236462,0,0,0,,0.9437,2024-25
2026-07-27,2026-08-03,42031,Clarion County,Pennsylvania,PA,quiet,0.000609,647,53,501+,0.45,0.003529,587,50,501+,0.89,0.102484,0.235265,0,0,0,,0.943,2024-25
2026-07-27,2026-08-03,54061,Monongalia County,West Virginia,WV,quiet,0.000608,648,3,501+,0.45,0.003108,640,3,501+,0.78,0.1024,0.210143,0,0,0,,,
2026-07-27,2026-08-03,16049,Idaho County,Idaho,ID,quiet,0.000608,649,16,501+,0.45,0.002257,797,20,501+,0.57,0.102361,0.15575,0,0,0,,0.54,2024-25
2026-07-27,2026-08-03,29145,Newton County,Missouri,MO,quiet,0.000608,650,13,501+,0.45,0.002096,843,16,501+,0.53,0.102292,0.144946,0,0,0,,0.893,2024-25
2026-07-27,2026-08-03,48499,Wood County,Texas,TX,quiet,0.000606,651,55,501+,0.45,0.002673,712,68,501+,0.67,0.102038,0.182917,0,0,0,,0.925581,2024-25
2026-07-27,2026-08-03,39157,Tuscarawas County,Ohio,OH,quiet,0.000605,652,24,501+,0.45,0.003045,648,24,501+,0.76,0.101844,0.206242,0,0,0,,0.925,2024-25
2026-07-27,2026-08-03,26159,Van Buren County,Michigan,MI,quiet,0.000603,653,18,501+,0.45,0.003036,650,20,501+,0.76,0.101488,0.205694,0,0,0,,0.94326923,2024-25
2026-07-27,2026-08-03,01103,Morgan County,Alabama,AL,quiet,0.000602,654,5,501+,0.45,0.002771,689,6,501+,0.7,0.101366,0.189113,0,0,0,,0.9612,2024-25
2026-07-27,2026-08-03,22063,Livingston Parish,Louisiana,LA,quiet,0.000602,655,7,501+,0.45,0.002893,673,7,501+,0.73,0.101354,0.196848,0,0,0,,0.8987,2024-25
2026-07-27,2026-08-03,48147,Fannin County,Texas,TX,quiet,0.000601,656,56,501+,0.45,0.002381,768,75,501+,0.6,0.101235,0.163917,0,0,4,54,0.917379,2024-25
2026-07-27,2026-08-03,48015,Austin County,Texas,TX,quiet,0.0006,657,57,501+,0.45,0.007789,349,27,151–500,1.96,0.101112,0.432808,0,0,0,,0.947761,2024-25
2026-07-27,2026-08-03,01125,Tuscaloosa County,Alabama,AL,quiet,0.000596,658,6,501+,0.44,0.003097,644,5,501+,0.78,0.100469,0.209437,0,0,0,,0.9272,2024-25
2026-07-27,2026-08-03,48221,Hood County,Texas,TX,quiet,0.000596,659,58,501+,0.44,0.004428,493,40,151–500,1.11,0.100426,0.28522,0,0,0,,0.914063,2024-25
2026-07-27,2026-08-03,37031,Carteret County,North Carolina,NC,quiet,0.000595,660,24,501+,0.44,0.002676,711,27,501+,0.67,0.100187,0.18312,0,0,0,,0.94867257,2024-25
2026-07-27,2026-08-03,37019,Brunswick County,North Carolina,NC,quiet,0.000588,661,25,501+,0.44,0.001862,903,40,501+,0.47,0.099112,0.12897,0,0,0,,0.92928453,2024-25
2026-07-27,2026-08-03,23027,Waldo County,Maine,ME,quiet,0.000588,662,5,501+,0.44,0.001922,879,6,501+,0.48,0.099061,0.13307,0,0,0,,0.9712,2024-25
2026-07-27,2026-08-03,21145,McCracken County,Kentucky,KY,quiet,0.000588,663,6,501+,0.44,0.002291,787,12,501+,0.58,0.09905,0.158,0,0,0,,0.898,2024-25
2026-07-27,2026-08-03,49025,Kane County,Utah,UT,quiet,0.000586,664,22,501+,0.44,0.001521,1022,22,501+,0.38,0.098836,0.105112,0,0,0,,0.831683,2024-25
2026-07-27,2026-08-03,06039,Madera County,California,CA,quiet,0.000586,665,37,501+,0.44,0.004119,522,32,501+,1.03,0.098787,0.268588,0,0,0,,0.97727,2024-25
2026-07-27,2026-08-03,48069,Castro County,Texas,TX,quiet,0.000582,666,59,501+,0.43,0.001551,1008,104,501+,0.39,0.098094,0.107225,0,0,0,,0.963303,2024-25
2026-07-27,2026-08-03,46129,Walworth County,South Dakota,SD,quiet,0.000581,667,8,501+,0.43,0.002414,758,9,501+,0.61,0.098027,0.166144,0,0,0,,0.91,2024-25
2026-07-27,2026-08-03,42059,Greene County,Pennsylvania,PA,quiet,0.000578,668,54,501+,0.43,0.002613,721,53,501+,0.66,0.09748,0.179025,0,0,0,,0.923,2024-25
2026-07-27,2026-08-03,06101,Sutter County,California,CA,quiet,0.000578,669,38,501+,0.43,0.002826,683,38,501+,0.71,0.097476,0.192591,0,0,0,,0.77217,2024-25
2026-07-27,2026-08-03,08097,Pitkin County,Colorado,CO,quiet,0.000573,670,22,501+,0.43,0.001727,950,27,501+,0.43,0.096679,0.119559,0,0,0,,0.88,2024-25
2026-07-27,2026-08-03,18099,Marshall County,Indiana,IN,quiet,0.000572,671,10,501+,0.43,0.002332,779,15,501+,0.59,0.096591,0.160719,0,0,0,,0.8797,2024-25
2026-07-27,2026-08-03,39003,Allen County,Ohio,OH,quiet,0.000572,672,25,501+,0.43,0.003306,614,20,501+,0.83,0.0965,0.222059,0,0,1,72,0.857,2024-25
2026-07-27,2026-08-03,54033,Harrison County,West Virginia,WV,quiet,0.000571,673,4,501+,0.43,0.002793,688,4,501+,0.7,0.096431,0.190523,0,0,0,,,
2026-07-27,2026-08-03,53001,Adams County,Washington,WA,quiet,0.000569,674,24,501+,0.42,0.002617,720,25,501+,0.66,0.096127,0.179315,0,0,0,,0.954,2024-25
2026-07-27,2026-08-03,06027,Inyo County,California,CA,quiet,0.000569,675,39,501+,0.42,0.002875,674,37,501+,0.72,0.096019,0.195694,0,0,0,,0.98157,2024-25
2026-07-27,2026-08-03,18163,Vanderburgh County,Indiana,IN,quiet,0.000567,676,11,501+,0.42,0.001958,869,16,501+,0.49,0.09576,0.135559,0,0,0,,0.9377,2024-25
2026-07-27,2026-08-03,45043,Georgetown County,South Carolina,SC,quiet,0.000565,677,18,501+,0.42,0.002098,841,22,501+,0.53,0.095351,0.145032,0,0,0,,0.958,2024-25
2026-07-27,2026-08-03,45085,Sumter County,South Carolina,SC,quiet,0.000563,678,19,501+,0.42,0.004384,498,13,151–500,1.1,0.095165,0.282877,0,0,3,35,0.962,2024-25
2026-07-27,2026-08-03,39173,Wood County,Ohio,OH,quiet,0.000563,679,26,501+,0.42,0.003277,618,21,501+,0.82,0.095162,0.220368,0,0,0,,0.929,2024-25
2026-07-27,2026-08-03,51550,Chesapeake City,Virginia,VA,quiet,0.000563,680,14,501+,0.42,0.002768,690,13,501+,0.69,0.095053,0.188926,0,0,0,,0.893,2024-25
2026-07-27,2026-08-03,37161,Rutherford County,North Carolina,NC,quiet,0.000562,681,26,501+,0.42,0.002354,773,34,501+,0.59,0.094957,0.162196,0,0,1,79,0.92896936,2024-25
2026-07-27,2026-08-03,13139,Hall County,Georgia,GA,quiet,0.000562,682,11,501+,0.42,0.00119,1180,25,501+,0.3,0.094872,0.081516,0,0,0,,,
2026-07-27,2026-08-03,23031,York County,Maine,ME,quiet,0.000561,683,6,501+,0.42,0.002544,734,5,501+,0.64,0.094761,0.174579,0,0,0,,0.9792,2024-25
2026-07-27,2026-08-03,08051,Gunnison County,Colorado,CO,quiet,0.00056,684,23,501+,0.42,0.001387,1087,31,501+,0.35,0.094524,0.09562,0,0,0,,0.8456,2024-25
2026-07-27,2026-08-03,47009,Blount County,Tennessee,TN,quiet,0.000558,685,11,501+,0.42,0.002548,733,10,501+,0.64,0.094343,0.174878,0,0,0,,0.939,2024-25
2026-07-27,2026-08-03,51177,Spotsylvania County,Virginia,VA,quiet,0.000558,686,15,501+,0.42,0.002725,701,15,501+,0.68,0.094252,0.186218,0,0,0,,0.887,2024-25
2026-07-27,2026-08-03,09180,Southeastern Connecticut Planning Region,Connecticut,CT,quiet,0.000558,687,6,501+,0.42,0.001989,863,7,501+,0.5,0.094247,0.137628,0,0,0,,0.983,2024-25
2026-07-27,2026-08-03,45053,Jasper County,South Carolina,SC,quiet,0.000557,688,20,501+,0.42,0.003431,601,19,501+,0.86,0.094187,0.229546,0,0,0,,0.825,2024-25
2026-07-27,2026-08-03,19163,Scott County,Iowa,IA,quiet,0.000555,689,7,501+,0.41,0.002641,717,7,501+,0.66,0.093732,0.180825,0,0,0,,0.88769004,2024-25
2026-07-27,2026-08-03,55139,Winnebago County,Wisconsin,WI,quiet,0.000552,690,12,501+,0.41,0.001877,898,25,501+,0.47,0.093351,0.129961,0,0,0,,0.85,2024-25
2026-07-27,2026-08-03,48013,Atascosa County,Texas,TX,quiet,0.000552,691,60,501+,0.41,0.002339,776,76,501+,0.59,0.093277,0.161145,0,0,1,66,0.96142,2024-25
2026-07-27,2026-08-03,53051,Pend Oreille County,Washington,WA,quiet,0.000552,692,25,501+,0.41,0.001945,873,27,501+,0.49,0.093267,0.134631,0,0,0,,0.74,2024-25
2026-07-27,2026-08-03,48277,Lamar County,Texas,TX,quiet,0.000551,693,61,501+,0.41,0.002199,813,78,501+,0.55,0.093096,0.151865,0,0,28,55,0.942529,2024-25
2026-07-27,2026-08-03,53059,Skamania County,Washington,WA,quiet,0.00055,694,26,501+,0.41,0.003174,630,23,501+,0.8,0.092901,0.214118,0,0,0,,0.838,2024-25
2026-07-27,2026-08-03,08117,Summit County,Colorado,CO,quiet,0.000549,695,24,501+,0.41,0.003294,615,22,501+,0.83,0.092894,0.221394,0,0,0,,0.9476,2024-25
2026-07-27,2026-08-03,20069,Gray County,Kansas,KS,quiet,0.000548,696,6,501+,0.41,0.002521,741,7,501+,0.63,0.092671,0.17311,0,0,29,54,0.9039,2024-25
2026-07-27,2026-08-03,06069,San Benito County,California,CA,quiet,0.000547,697,40,501+,0.41,0.00163,974,45,501+,0.41,0.092556,0.112824,0,0,0,,0.98852,2024-25
2026-07-27,2026-08-03,28059,Jackson County,Mississippi,MS,quiet,0.000545,698,3,501+,0.41,0.002439,754,4,501+,0.61,0.092129,0.167722,0,0,0,,0.9638,2024-25
2026-07-27,2026-08-03,21037,Campbell County,Kentucky,KY,quiet,0.000544,699,7,501+,0.41,0.002949,663,9,501+,0.74,0.091979,0.200283,0,0,0,,0.961,2024-25
2026-07-27,2026-08-03,48205,Hartley County,Texas,TX,quiet,0.000544,700,62,501+,0.41,0.001445,1062,114,501+,0.36,0.091937,0.099759,0,0,0,,0.766667,2024-25
2026-07-27,2026-08-03,36083,Rensselaer County,New York,NY,quiet,0.000543,701,24,501+,0.4,0.002536,738,24,501+,0.64,0.091785,0.174098,0,0,0,,0.999149023,2024-25
2026-07-27,2026-08-03,42057,Fulton County,Pennsylvania,PA,quiet,0.000542,702,55,501+,0.4,0.00373,563,49,501+,0.94,0.091722,0.246859,0,0,0,,0.879,2024-25
2026-07-27,2026-08-03,48203,Harrison County,Texas,TX,quiet,0.000541,703,63,501+,0.4,0.001283,1136,126,501+,0.32,0.09146,0.088153,0,0,1,62,0.929988,2024-25
2026-07-27,2026-08-03,08109,Saguache County,Colorado,CO,quiet,0.000537,704,25,501+,0.4,0.003112,639,23,501+,0.78,0.090916,0.210353,0,0,1,17,0.8116,2024-25
2026-07-27,2026-08-03,16053,Jerome County,Idaho,ID,quiet,0.000536,705,17,501+,0.4,0.001108,1222,27,501+,0.28,0.090766,0.075602,0,0,0,,0.89,2024-25
2026-07-27,2026-08-03,51067,Franklin County,Virginia,VA,quiet,0.000536,706,16,501+,0.4,0.002925,668,12,501+,0.73,0.090745,0.198824,0,0,0,,0.902,2024-25
2026-07-27,2026-08-03,36053,Madison County,New York,NY,quiet,0.000536,707,25,501+,0.4,0.00221,809,27,501+,0.56,0.090653,0.152623,0,0,0,,0.997110221,2024-25
2026-07-27,2026-08-03,51650,Hampton City,Virginia,VA,quiet,0.000536,708,17,501+,0.4,0.001937,875,23,501+,0.49,0.090616,0.134105,0,0,0,,0.926,2024-25
2026-07-27,2026-08-03,37191,Wayne County,North Carolina,NC,quiet,0.000534,709,27,501+,0.4,0.00175,945,41,501+,0.44,0.090446,0.121156,0,0,0,,0.94853801,2024-25
2026-07-27,2026-08-03,48497,Wise County,Texas,TX,quiet,0.000534,710,64,501+,0.4,0.002129,832,81,501+,0.53,0.090409,0.147141,0,0,0,,0.906791,2024-25
2026-07-27,2026-08-03,26111,Midland County,Michigan,MI,quiet,0.000534,711,19,501+,0.4,0.003449,598,18,501+,0.87,0.090329,0.230555,0,0,0,,0.88180884,2024-25
2026-07-27,2026-08-03,20097,Kiowa County,Kansas,KS,quiet,0.000533,712,7,501+,0.4,0.003682,567,6,501+,0.92,0.090254,0.244151,0,0,6,69,0.6,2024-25
2026-07-27,2026-08-03,12087,Monroe County,Florida,FL,quiet,0.000533,713,33,501+,0.4,0.002211,808,34,501+,0.56,0.09023,0.152687,0,0,0,,0.92,2024-25
2026-07-27,2026-08-03,37141,Pender County,North Carolina,NC,quiet,0.000532,714,28,501+,0.4,0.003001,654,26,501+,0.75,0.090092,0.203529,0,0,0,,0.9286754,2024-25
2026-07-27,2026-08-03,05085,Lonoke County,Arkansas,AR,quiet,0.000532,715,6,501+,0.4,0.00157,1000,8,501+,0.39,0.090027,0.108602,0,0,0,,,
2026-07-27,2026-08-03,23011,Kennebec County,Maine,ME,quiet,0.000531,716,7,501+,0.4,0.001863,902,7,501+,0.47,0.089919,0.12903,0,0,0,,0.9881,2024-25
2026-07-27,2026-08-03,13029,Bryan County,Georgia,GA,quiet,0.000531,717,12,501+,0.4,0.003287,616,7,501+,0.83,0.089918,0.220975,0,0,1,23,,
2026-07-27,2026-08-03,38089,Stark County,North Dakota,ND,quiet,0.000528,718,11,501+,0.39,0.00296,661,11,501+,0.74,0.089407,0.200983,0,0,0,,0.8727,2024-25
2026-07-27,2026-08-03,16009,Benewah County,Idaho,ID,quiet,0.000528,719,18,501+,0.39,0.001422,1074,24,501+,0.36,0.089386,0.09813,0,0,0,,0.7,2024-25
2026-07-27,2026-08-03,13223,Paulding County,Georgia,GA,quiet,0.000527,720,13,501+,0.39,0.001019,1274,32,501+,0.26,0.089289,0.069158,0,0,0,,,
2026-07-27,2026-08-03,30067,Park County,Montana,MT,quiet,0.000527,721,8,501+,0.39,0.002451,751,8,501+,0.62,0.089288,0.168548,0,0,0,,,
2026-07-27,2026-08-03,13297,Walton County,Georgia,GA,quiet,0.000527,722,14,501+,0.39,0.002095,844,13,501+,0.53,0.089243,0.144824,0,0,0,,,
2026-07-27,2026-08-03,20209,Wyandotte County,Kansas,KS,quiet,0.000526,723,8,501+,0.39,0.001965,866,12,501+,0.49,0.089141,0.136006,0,0,0,,0.8286,2024-25
2026-07-27,2026-08-03,16031,Cassia County,Idaho,ID,quiet,0.000524,724,19,501+,0.39,0.002282,793,19,501+,0.57,0.088671,0.157364,0,0,0,,0.82,2024-25
2026-07-27,2026-08-03,39029,Columbiana County,Ohio,OH,quiet,0.000523,725,27,501+,0.39,0.001532,1018,47,501+,0.38,0.088581,0.105896,0,0,0,,0.888,2024-25
2026-07-27,2026-08-03,17073,Henry County,Illinois,IL,quiet,0.000522,726,11,501+,0.39,0.001495,1032,19,501+,0.38,0.088354,0.103258,0,0,0,,0.972,2024-25
2026-07-27,2026-08-03,39077,Huron County,Ohio,OH,quiet,0.000521,727,28,501+,0.39,0.002246,800,35,501+,0.56,0.088246,0.155014,0,0,0,,0.861,2024-25
2026-07-27,2026-08-03,39143,Sandusky County,Ohio,OH,quiet,0.000521,728,29,501+,0.39,0.003038,649,25,501+,0.76,0.088237,0.205837,0,0,0,,0.864,2024-25
2026-07-27,2026-08-03,55019,Clark County,Wisconsin,WI,quiet,0.000519,729,13,501+,0.39,0.002127,833,19,501+,0.53,0.08785,0.14705,0,0,0,,0.78,2024-25
2026-07-27,2026-08-03,17119,Madison County,Illinois,IL,quiet,0.000518,730,12,501+,0.39,0.002253,799,14,501+,0.57,0.087787,0.155488,0,0,0,,0.974,2024-25
2026-07-27,2026-08-03,48485,Wichita County,Texas,TX,quiet,0.000518,731,65,501+,0.39,0.002963,659,58,501+,0.74,0.087775,0.201201,0,0,0,,0.961702,2024-25
2026-07-27,2026-08-03,20103,Leavenworth County,Kansas,KS,quiet,0.000512,732,9,501+,0.38,0.003917,546,5,501+,0.98,0.08685,0.257439,0,0,0,,0.9627,2024-25
2026-07-27,2026-08-03,31019,Buffalo County,Nebraska,NE,quiet,0.000512,733,4,501+,0.38,0.002141,828,6,501+,0.54,0.086699,0.147967,0,0,0,,0.975641026,2024-25
2026-07-27,2026-08-03,45021,Cherokee County,South Carolina,SC,quiet,0.000511,734,21,501+,0.38,0.004351,501,14,501+,1.09,0.086665,0.281114,0,0,36,19,0.932,2024-25
2026-07-27,2026-08-03,37111,McDowell County,North Carolina,NC,quiet,0.00051,735,29,501+,0.38,0.003108,641,25,501+,0.78,0.086409,0.210117,0,0,0,,0.9747191,2024-25
2026-07-27,2026-08-03,55007,Bayfield County,Wisconsin,WI,quiet,0.000501,736,14,501+,0.37,0.001228,1163,33,501+,0.31,0.084958,0.084248,0,0,0,,0.49,2024-25
2026-07-27,2026-08-03,30017,Custer County,Montana,MT,quiet,0.000499,737,9,501+,0.37,0.000886,1388,15,501+,0.22,0.08471,0.059556,0,0,0,,,
2026-07-27,2026-08-03,26117,Montcalm County,Michigan,MI,quiet,0.000499,738,20,501+,0.37,0.003966,534,15,501+,1.0,0.084621,0.260165,0,0,4,66,0.90909091,2024-25
2026-07-27,2026-08-03,13245,Richmond County,Georgia,GA,quiet,0.000498,739,15,501+,0.37,0.001234,1159,22,501+,0.31,0.084491,0.084644,0,0,0,,,
2026-07-27,2026-08-03,20189,Stevens County,Kansas,KS,quiet,0.000498,740,10,501+,0.37,0.00145,1060,16,501+,0.36,0.084404,0.100084,0,0,10,54,0.8665,2024-25
2026-07-27,2026-08-03,19061,Dubuque County,Iowa,IA,quiet,0.000497,741,8,501+,0.37,0.002575,729,9,501+,0.65,0.084327,0.176596,0,0,0,,0.9237013,2024-25
2026-07-27,2026-08-03,37085,Harnett County,North Carolina,NC,quiet,0.000494,742,30,501+,0.37,0.002489,748,31,501+,0.62,0.083813,0.171013,0,0,0,,0.90358467,2024-25
2026-07-27,2026-08-03,48493,Wilson County,Texas,TX,quiet,0.000489,743,66,501+,0.37,0.003258,620,54,501+,0.82,0.083056,0.219181,0,0,0,,0.934921,2024-25
2026-07-27,2026-08-03,39025,Clermont County,Ohio,OH,quiet,0.000488,744,30,501+,0.36,0.001837,914,40,501+,0.46,0.0829,0.127245,0,0,0,,0.943,2024-25
2026-07-27,2026-08-03,47105,Loudon County,Tennessee,TN,quiet,0.000488,745,12,501+,0.36,0.002403,762,13,501+,0.6,0.082859,0.165415,0,0,0,,0.931,2024-25
2026-07-27,2026-08-03,48501,Yoakum County,Texas,TX,quiet,0.000488,746,67,501+,0.36,0.002932,667,60,501+,0.74,0.082826,0.199236,0,0,20,64,0.946154,2024-25
2026-07-27,2026-08-03,05051,Garland County,Arkansas,AR,quiet,0.000487,747,7,501+,0.36,0.003054,647,6,501+,0.77,0.082702,0.206821,0,0,0,,,
2026-07-27,2026-08-03,48441,Taylor County,Texas,TX,quiet,0.000487,748,68,501+,0.36,0.00268,710,67,501+,0.67,0.082685,0.183381,0,0,0,,0.96213,2024-25
2026-07-27,2026-08-03,18043,Floyd County,Indiana,IN,quiet,0.000486,749,12,501+,0.36,0.002505,746,14,501+,0.63,0.082549,0.17204,0,0,0,,0.9267,2024-25
2026-07-27,2026-08-03,06009,Calaveras County,California,CA,quiet,0.000486,750,41,501+,0.36,0.003384,607,35,501+,0.85,0.082499,0.226715,0,0,0,,0.94862,2024-25
2026-07-27,2026-08-03,29183,St. Charles County,Missouri,MO,quiet,0.000486,751,14,501+,0.36,0.004108,524,9,501+,1.03,0.082437,0.268035,0,0,0,,0.947,2024-25
2026-07-27,2026-08-03,50027,Windsor County,Vermont,VT,quiet,0.000485,752,2,501+,0.36,0.002811,685,2,501+,0.71,0.082271,0.191642,0,0,0,,0.95,2024-25
2026-07-27,2026-08-03,37087,Haywood County,North Carolina,NC,quiet,0.000483,753,31,501+,0.36,0.003208,627,24,501+,0.81,0.082081,0.216213,0,0,0,,0.92261905,2024-25
2026-07-27,2026-08-03,21227,Warren County,Kentucky,KY,quiet,0.000483,754,8,501+,0.36,0.00203,855,14,501+,0.51,0.082009,0.140468,0,0,0,,0.886,2024-25
2026-07-27,2026-08-03,42105,Potter County,Pennsylvania,PA,quiet,0.000483,755,56,501+,0.36,0.001416,1079,57,501+,0.36,0.081947,0.097663,0,0,0,,0.926,2024-25
2026-07-27,2026-08-03,48479,Webb County,Texas,TX,quiet,0.000482,756,69,501+,0.36,0.001386,1088,118,501+,0.35,0.081851,0.095518,0,0,0,,0.994189,2024-25
2026-07-27,2026-08-03,49007,Carbon County,Utah,UT,quiet,0.000482,757,23,501+,0.36,0.001174,1193,23,501+,0.29,0.081813,0.08036,0,0,0,,0.875486,2024-25
2026-07-27,2026-08-03,36007,Broome County,New York,NY,quiet,0.000481,758,26,501+,0.36,0.002305,783,26,501+,0.58,0.081621,0.158932,0,0,0,,0.997556971,2024-25
2026-07-27,2026-08-03,55063,La Crosse County,Wisconsin,WI,quiet,0.000481,759,15,501+,0.36,0.002036,853,21,501+,0.51,0.081595,0.140838,0,0,0,,0.86,2024-25
2026-07-27,2026-08-03,35061,Valencia County,New Mexico,NM,quiet,0.000479,760,12,501+,0.36,0.00236,771,12,501+,0.59,0.081417,0.162565,0,0,0,,0.9514,2024-25
2026-07-27,2026-08-03,40113,Osage County,Oklahoma,OK,quiet,0.000479,761,10,501+,0.36,0.001473,1045,17,501+,0.37,0.081315,0.101745,0,0,0,,0.8452,2024-25
2026-07-27,2026-08-03,48427,Starr County,Texas,TX,quiet,0.000478,762,70,501+,0.36,0.000933,1350,153,501+,0.23,0.081246,0.063006,0,0,0,,0.945777,2024-25
2026-07-27,2026-08-03,33015,Rockingham County,New Hampshire,NH,quiet,0.000478,763,4,501+,0.36,0.004237,514,3,501+,1.06,0.081209,0.275017,0,0,0,,0.937,2024-25
2026-07-27,2026-08-03,25011,Franklin County,Massachusetts,MA,quiet,0.000478,764,9,501+,0.36,0.00203,856,9,501+,0.51,0.081102,0.14045,0,0,0,,0.915,2024-25
2026-07-27,2026-08-03,36013,Chautauqua County,New York,NY,quiet,0.000477,765,27,501+,0.36,0.001185,1183,42,501+,0.3,0.080937,0.081123,0,0,0,,0.991643575,2024-25
2026-07-27,2026-08-03,34037,Sussex County,New Jersey,NJ,quiet,0.000476,766,20,501+,0.35,0.003625,573,21,501+,0.91,0.08076,0.240822,0,0,0,,0.909,2024-25
2026-07-27,2026-08-03,54077,Preston County,West Virginia,WV,quiet,0.000474,767,5,501+,0.35,0.001662,963,8,501+,0.42,0.080545,0.115048,0,0,0,,,
2026-07-27,2026-08-03,06109,Tuolumne County,California,CA,quiet,0.000474,768,42,501+,0.35,0.003186,629,36,501+,0.8,0.080443,0.21487,0,0,2,71,0.90047,2024-25
2026-07-27,2026-08-03,22079,Rapides Parish,Louisiana,LA,quiet,0.000473,769,8,501+,0.35,0.002515,742,8,501+,0.63,0.080415,0.172692,0,0,0,,0.9383,2024-25
2026-07-27,2026-08-03,46083,Lincoln County,South Dakota,SD,quiet,0.000472,770,9,501+,0.35,0.002825,684,8,501+,0.71,0.080124,0.192562,0,0,8,57,0.93,2024-25
2026-07-27,2026-08-03,32510,Carson City,Nevada,NV,quiet,0.000471,771,6,501+,0.35,0.003726,564,4,501+,0.94,0.079941,0.246673,0,0,0,,0.955,2024-25
2026-07-27,2026-08-03,46109,Roberts County,South Dakota,SD,quiet,0.00047,772,10,501+,0.35,0.0035,589,6,501+,0.88,0.079843,0.233551,0,0,0,,0.93,2024-25
2026-07-27,2026-08-03,45071,Newberry County,South Carolina,SC,quiet,0.00047,773,22,501+,0.35,0.001848,911,24,501+,0.46,0.079835,0.127999,0,0,0,,0.975,2024-25
2026-07-27,2026-08-03,36005,Bronx County,New York,NY,quiet,0.000469,774,28,501+,0.35,0.001789,931,30,501+,0.45,0.079736,0.123912,0,0,0,,0.971303005,2024-25
2026-07-27,2026-08-03,21113,Jessamine County,Kentucky,KY,quiet,0.000469,775,9,501+,0.35,0.003003,653,7,501+,0.75,0.079712,0.203644,0,0,4,26,0.879,2024-25
2026-07-27,2026-08-03,48195,Hansford County,Texas,TX,quiet,0.000468,776,71,501+,0.35,0.001214,1170,130,501+,0.3,0.079513,0.083249,0,0,0,,0.963415,2024-25
2026-07-27,2026-08-03,05069,Jefferson County,Arkansas,AR,quiet,0.000468,777,8,501+,0.35,0.0017,954,7,501+,0.43,0.079503,0.117678,0,0,0,,,
2026-07-27,2026-08-03,09160,Northwest Hills Planning Region,Connecticut,CT,quiet,0.000466,778,7,501+,0.35,0.002087,845,6,501+,0.52,0.079225,0.144348,0,0,0,,0.955,2024-25
2026-07-27,2026-08-03,27049,Goodhue County,Minnesota,MN,quiet,0.000464,779,16,501+,0.35,0.002768,691,15,501+,0.69,0.078906,0.188922,0,0,0,,0.923,2024-25
2026-07-27,2026-08-03,53069,Wahkiakum County,Washington,WA,quiet,0.000462,780,27,501+,0.34,0.001462,1050,28,501+,0.37,0.078553,0.100942,0,0,0,,0.955,2024-25
2026-07-27,2026-08-03,12061,Indian River County,Florida,FL,quiet,0.000462,781,34,501+,0.34,0.001631,973,36,501+,0.41,0.078535,0.112856,0,0,0,,0.912,2024-25
2026-07-27,2026-08-03,39081,Jefferson County,Ohio,OH,quiet,0.000461,782,31,501+,0.34,0.002151,823,36,501+,0.54,0.078433,0.148636,0,0,0,,0.927,2024-25
2026-07-27,2026-08-03,55105,Rock County,Wisconsin,WI,quiet,0.000461,783,16,501+,0.34,0.002992,655,13,501+,0.75,0.078297,0.202971,0,0,0,,0.88,2024-25
2026-07-27,2026-08-03,48407,San Jacinto County,Texas,TX,quiet,0.000461,784,72,501+,0.34,0.00297,658,57,501+,0.75,0.078274,0.201602,0,0,0,,0.96,2024-25
2026-07-27,2026-08-03,29021,Buchanan County,Missouri,MO,quiet,0.000459,785,15,501+,0.34,0.001766,938,22,501+,0.44,0.078102,0.122297,0,0,0,,0.965,2024-25
2026-07-27,2026-08-03,34019,Hunterdon County,New Jersey,NJ,quiet,0.000459,786,21,501+,0.34,0.007299,362,18,151–500,1.83,0.078101,0.414581,0,0,0,,0.924,2024-25
2026-07-27,2026-08-03,20015,Butler County,Kansas,KS,quiet,0.000459,787,11,501+,0.34,0.002124,835,11,501+,0.53,0.078086,0.146793,0,0,0,,0.8959,2024-25
2026-07-27,2026-08-03,21029,Bullitt County,Kentucky,KY,quiet,0.000457,788,10,501+,0.34,0.002581,727,11,501+,0.65,0.077747,0.177008,0,0,0,,0.91991992,2024-25
2026-07-27,2026-08-03,44003,Kent County,Rhode Island,RI,quiet,0.000457,789,2,501+,0.34,0.004618,484,2,151–500,1.16,0.077737,0.295112,0,0,0,,0.965,2024-25
2026-07-27,2026-08-03,48037,Bowie County,Texas,TX,quiet,0.000457,790,73,501+,0.34,0.001506,1027,108,501+,0.38,0.077717,0.104068,0,0,0,,0.925647,2024-25
2026-07-27,2026-08-03,17163,St. Clair County,Illinois,IL,quiet,0.000457,791,13,501+,0.34,0.001467,1049,21,501+,0.37,0.07765,0.101328,0,0,0,,0.98,2024-25
2026-07-27,2026-08-03,22005,Ascension Parish,Louisiana,LA,quiet,0.000457,792,9,501+,0.34,0.001905,887,13,501+,0.48,0.077628,0.131886,0,0,0,,0.9552,2024-25
2026-07-27,2026-08-03,13063,Clayton County,Georgia,GA,quiet,0.000456,793,16,501+,0.34,0.002072,850,14,501+,0.52,0.077512,0.143294,0,0,0,,,
2026-07-27,2026-08-03,39165,Warren County,Ohio,OH,quiet,0.000456,794,32,501+,0.34,0.002702,707,27,501+,0.68,0.077468,0.184778,0,0,0,,0.918,2024-25
2026-07-27,2026-08-03,35023,Hidalgo County,New Mexico,NM,quiet,0.000456,795,13,501+,0.34,0.003638,570,11,501+,0.91,0.077468,0.241579,0,0,2,22,0.9643,2024-25
2026-07-27,2026-08-03,26075,Jackson County,Michigan,MI,quiet,0.000453,796,21,501+,0.34,0.005551,428,11,151–500,1.39,0.077065,0.340855,0,0,0,,0.91856492,2024-25
2026-07-27,2026-08-03,48469,Victoria County,Texas,TX,quiet,0.000453,797,74,501+,0.34,0.001811,922,89,501+,0.45,0.077054,0.12541,0,0,0,,0.97942,2024-25
2026-07-27,2026-08-03,13047,Catoosa County,Georgia,GA,quiet,0.000453,798,17,501+,0.34,0.001966,865,15,501+,0.49,0.077006,0.13605,0,0,0,,,
2026-07-27,2026-08-03,16013,Blaine County,Idaho,ID,quiet,0.000453,799,20,501+,0.34,0.002589,724,17,501+,0.65,0.076998,0.177526,0,0,0,,0.73,2024-25
2026-07-27,2026-08-03,26061,Houghton County,Michigan,MI,quiet,0.00045,800,22,501+,0.34,0.001274,1139,33,501+,0.32,0.076565,0.087569,0,0,0,,0.73989899,2024-25
2026-07-27,2026-08-03,27169,Winona County,Minnesota,MN,quiet,0.000449,801,17,501+,0.34,0.002919,669,14,501+,0.73,0.076445,0.198418,0,0,0,,0.903,2024-25
2026-07-27,2026-08-03,39041,Delaware County,Ohio,OH,quiet,0.000449,802,33,501+,0.34,0.00317,631,23,501+,0.8,0.076384,0.213891,0,0,0,,0.925,2024-25
2026-07-27,2026-08-03,29037,Cass County,Missouri,MO,quiet,0.000448,803,16,501+,0.33,0.002839,680,12,501+,0.71,0.076171,0.193438,0,0,0,,0.898,2024-25
2026-07-27,2026-08-03,48199,Hardin County,Texas,TX,quiet,0.000447,804,75,501+,0.33,0.006101,406,30,151–500,1.53,0.075981,0.365589,0,0,0,,0.918546,2024-25
2026-07-27,2026-08-03,06093,Siskiyou County,California,CA,quiet,0.000444,805,43,501+,0.33,0.005022,459,31,151–500,1.26,0.07557,0.315534,0,0,0,,0.9687,2024-25
2026-07-27,2026-08-03,51680,Lynchburg City,Virginia,VA,quiet,0.000443,806,18,501+,0.33,0.00147,1047,33,501+,0.37,0.075366,0.101523,0,0,0,,0.715,2024-25
2026-07-27,2026-08-03,21073,Franklin County,Kentucky,KY,quiet,0.000443,807,11,501+,0.33,0.002978,657,8,501+,0.75,0.07534,0.202125,0,0,1,74,0.944,2024-25
2026-07-27,2026-08-03,48097,Cooke County,Texas,TX,quiet,0.000443,808,76,501+,0.33,0.003406,602,53,501+,0.86,0.075298,0.228062,0,0,0,,0.915464,2024-25
2026-07-27,2026-08-03,37157,Rockingham County,North Carolina,NC,quiet,0.000442,809,32,501+,0.33,0.002232,805,35,501+,0.56,0.075267,0.154039,0,0,0,,0.96205357,2024-25
2026-07-27,2026-08-03,17161,Rock Island County,Illinois,IL,quiet,0.000442,810,14,501+,0.33,0.002228,806,15,501+,0.56,0.075213,0.153778,0,0,0,,0.968,2024-25
2026-07-27,2026-08-03,29159,Pettis County,Missouri,MO,quiet,0.000442,811,17,501+,0.33,0.001454,1056,26,501+,0.37,0.075114,0.100403,0,0,0,,0.824,2024-25
2026-07-27,2026-08-03,48219,Hockley County,Texas,TX,quiet,0.000439,812,77,501+,0.33,0.001736,948,95,501+,0.44,0.074706,0.120188,0,0,7,51,0.945338,2024-25
2026-07-27,2026-08-03,18027,Daviess County,Indiana,IN,quiet,0.000439,813,13,501+,0.33,0.002898,672,11,501+,0.73,0.074684,0.197144,0,0,0,,0.9103,2024-25
2026-07-27,2026-08-03,55115,Shawano County,Wisconsin,WI,quiet,0.000438,814,17,501+,0.33,0.004632,483,10,151–500,1.16,0.074496,0.295871,0,0,0,,0.86,2024-25
2026-07-27,2026-08-03,48467,Van Zandt County,Texas,TX,quiet,0.000438,815,78,501+,0.33,0.002506,745,73,501+,0.63,0.074496,0.172095,0,0,0,,0.92068,2024-25
2026-07-27,2026-08-03,29187,St. Francois County,Missouri,MO,quiet,0.000438,816,18,501+,0.33,0.001355,1103,27,501+,0.34,0.074452,0.093316,0,0,0,,0.953,2024-25
2026-07-27,2026-08-03,33005,Cheshire County,New Hampshire,NH,quiet,0.000436,817,5,501+,0.33,0.001779,934,6,501+,0.45,0.074243,0.123181,0,0,0,,0.905,2024-25
2026-07-27,2026-08-03,16069,Nez Perce County,Idaho,ID,quiet,0.000436,818,21,501+,0.33,0.002805,686,16,501+,0.7,0.074204,0.191321,0,0,0,,0.86,2024-25
2026-07-27,2026-08-03,46101,Moody County,South Dakota,SD,quiet,0.000436,819,11,501+,0.33,0.001581,998,14,501+,0.4,0.074173,0.109349,0,0,0,,0.89,2024-25
2026-07-27,2026-08-03,55027,Dodge County,Wisconsin,WI,quiet,0.000435,820,18,501+,0.32,0.001891,895,24,501+,0.47,0.074092,0.130925,0,0,0,,0.82,2024-25
2026-07-27,2026-08-03,37147,Pitt County,North Carolina,NC,quiet,0.000435,821,33,501+,0.32,0.002639,718,29,501+,0.66,0.074044,0.180694,0,0,0,,0.95289684,2024-25
2026-07-27,2026-08-03,06045,Mendocino County,California,CA,quiet,0.000435,822,44,501+,0.32,0.001776,935,43,501+,0.45,0.073986,0.122976,0,0,0,,0.96403,2024-25
2026-07-27,2026-08-03,51019,Bedford County,Virginia,VA,quiet,0.000434,823,19,501+,0.32,0.002254,798,17,501+,0.57,0.073827,0.155533,0,0,0,,0.897,2024-25
2026-07-27,2026-08-03,17037,DeKalb County,Illinois,IL,quiet,0.000432,824,15,501+,0.32,0.004522,487,7,151–500,1.14,0.073534,0.290154,0,0,0,,0.968,2024-25
2026-07-27,2026-08-03,36117,Wayne County,New York,NY,quiet,0.000432,825,29,501+,0.32,0.001376,1091,38,501+,0.35,0.073522,0.094837,0,0,0,,0.998175381,2024-25
2026-07-27,2026-08-03,30047,Lake County,Montana,MT,quiet,0.000431,826,10,501+,0.32,0.000998,1292,14,501+,0.25,0.073304,0.067637,0,0,0,,,
2026-07-27,2026-08-03,40119,Payne County,Oklahoma,OK,quiet,0.000429,827,11,501+,0.32,0.002874,675,10,501+,0.72,0.073071,0.195619,0,0,0,,0.8409,2024-25
2026-07-27,2026-08-03,35055,Taos County,New Mexico,NM,quiet,0.000429,828,14,501+,0.32,0.001363,1098,17,501+,0.34,0.072958,0.093883,0,0,0,,0.8944,2024-25
2026-07-27,2026-08-03,30093,Silver Bow County,Montana,MT,quiet,0.000427,829,11,501+,0.32,0.001656,967,11,501+,0.42,0.072619,0.114645,0,0,0,,,
2026-07-27,2026-08-03,42047,Elk County,Pennsylvania,PA,quiet,0.000426,830,57,501+,0.32,0.002241,801,55,501+,0.56,0.072482,0.154634,0,0,0,,0.948,2024-25
2026-07-27,2026-08-03,24019,Dorchester County,Maryland,MD,quiet,0.000424,831,21,501+,0.32,0.002868,676,21,501+,0.72,0.072196,0.195238,0,0,0,,0.9717,2024-25
2026-07-27,2026-08-03,01101,Montgomery County,Alabama,AL,quiet,0.000423,832,7,501+,0.32,0.001361,1099,13,501+,0.34,0.072043,0.093781,0,0,0,,0.9495,2024-25
2026-07-27,2026-08-03,06011,Colusa County,California,CA,quiet,0.000422,833,45,501+,0.32,0.001539,1013,46,501+,0.39,0.071906,0.106386,0,0,0,,0.96181,2024-25
2026-07-27,2026-08-03,37159,Rowan County,North Carolina,NC,quiet,0.000422,834,34,501+,0.31,0.003479,592,20,501+,0.87,0.071885,0.232371,0,0,0,,0.89567605,2024-25
2026-07-27,2026-08-03,51061,Fauquier County,Virginia,VA,quiet,0.000422,835,20,501+,0.31,0.001854,908,26,501+,0.47,0.07186,0.128361,0,0,0,,0.922,2024-25
2026-07-27,2026-08-03,17199,Williamson County,Illinois,IL,quiet,0.000421,836,16,501+,0.31,0.002654,716,12,501+,0.67,0.071766,0.181707,0,0,4,64,0.973,2024-25
2026-07-27,2026-08-03,51069,Frederick County,Virginia,VA,quiet,0.000419,837,21,501+,0.31,0.002096,842,21,501+,0.53,0.071309,0.144952,0,0,0,,0.911,2024-25
2026-07-27,2026-08-03,48117,Deaf Smith County,Texas,TX,quiet,0.000413,838,79,501+,0.31,0.000657,1628,182,501+,0.17,0.070426,0.043096,0,0,0,,0.993333,2024-25
2026-07-27,2026-08-03,45059,Laurens County,South Carolina,SC,quiet,0.000413,839,23,501+,0.31,0.001624,977,25,501+,0.41,0.070366,0.112353,0,0,0,,0.96,2024-25
2026-07-27,2026-08-03,01115,St. Clair County,Alabama,AL,quiet,0.000413,840,8,501+,0.31,0.00184,913,10,501+,0.46,0.070329,0.12743,0,0,0,,0.9274,2024-25
2026-07-27,2026-08-03,55141,Wood County,Wisconsin,WI,quiet,0.000413,841,19,501+,0.31,0.00205,851,20,501+,0.51,0.070287,0.141821,0,0,0,,0.49,2024-25
2026-07-27,2026-08-03,40081,Lincoln County,Oklahoma,OK,quiet,0.000413,842,12,501+,0.31,0.001611,986,15,501+,0.4,0.070285,0.111436,0,0,0,,0.8301,2024-25
2026-07-27,2026-08-03,12085,Martin County,Florida,FL,quiet,0.000413,843,35,501+,0.31,0.00274,698,33,501+,0.69,0.070283,0.187145,0,0,0,,0.885,2024-25
2026-07-27,2026-08-03,41035,Klamath County,Oregon,OR,quiet,0.000412,844,17,501+,0.31,0.001929,877,18,501+,0.48,0.070256,0.133546,0,0,0,,0.873,2024-25
2026-07-27,2026-08-03,48065,Carson County,Texas,TX,quiet,0.000412,845,80,501+,0.31,0.002161,821,79,501+,0.54,0.070243,0.149334,0,0,1,63,0.91954,2024-25
2026-07-27,2026-08-03,55071,Manitowoc County,Wisconsin,WI,quiet,0.000412,846,20,501+,0.31,0.00239,765,17,501+,0.6,0.070169,0.164509,0,0,0,,0.88,2024-25
2026-07-27,2026-08-03,36011,Cayuga County,New York,NY,quiet,0.000411,847,30,501+,0.31,0.001057,1251,43,501+,0.27,0.070056,0.071895,0,0,0,,0.994836971,2024-25
2026-07-27,2026-08-03,22015,Bossier Parish,Louisiana,LA,quiet,0.000411,848,10,501+,0.31,0.002284,791,10,501+,0.57,0.070023,0.157548,0,0,0,,0.9475,2024-25
2026-07-27,2026-08-03,51187,Warren County,Virginia,VA,quiet,0.00041,849,22,501+,0.31,0.002187,815,19,501+,0.55,0.069875,0.151053,0,0,0,,0.739,2024-25
2026-07-27,2026-08-03,47155,Sevier County,Tennessee,TN,quiet,0.00041,850,13,501+,0.31,0.002493,747,11,501+,0.63,0.069829,0.17131,0,0,0,,0.968,2024-25
2026-07-27,2026-08-03,17001,Adams County,Illinois,IL,quiet,0.00041,851,17,501+,0.31,0.001914,885,17,501+,0.48,0.069805,0.132527,0,0,0,,0.985,2024-25
2026-07-27,2026-08-03,21219,Todd County,Kentucky,KY,quiet,0.000409,852,12,501+,0.31,0.005061,453,4,151–500,1.27,0.069747,0.31742,0,0,1,56,0.9453125,2024-25
2026-07-27,2026-08-03,38071,Ramsey County,North Dakota,ND,quiet,0.000409,853,12,501+,0.3,0.001151,1201,19,501+,0.29,0.069625,0.078716,0,0,0,,0.9825,2024-25
2026-07-27,2026-08-03,48185,Grimes County,Texas,TX,quiet,0.000408,854,81,501+,0.3,0.002837,681,62,501+,0.71,0.06957,0.193302,0,0,0,,0.933333,2024-25
2026-07-27,2026-08-03,08007,Archuleta County,Colorado,CO,quiet,0.000408,855,26,501+,0.3,0.002632,719,24,501+,0.66,0.069538,0.180283,0,0,1,68,0.8148,2024-25
2026-07-27,2026-08-03,48171,Gillespie County,Texas,TX,quiet,0.000408,856,82,501+,0.3,0.002748,695,63,501+,0.69,0.069524,0.187706,0,0,0,,0.911765,2024-25
2026-07-27,2026-08-03,53013,Columbia County,Washington,WA,quiet,0.000408,857,28,501+,0.3,0.002234,803,26,501+,0.56,0.069519,0.154218,0,0,0,,0.852,2024-25
2026-07-27,2026-08-03,37171,Surry County,North Carolina,NC,quiet,0.000407,858,35,501+,0.3,0.003272,619,23,501+,0.82,0.069355,0.220077,0,0,0,,0.94634146,2024-25
2026-07-27,2026-08-03,04012,La Paz County,Arizona,AZ,quiet,0.000406,859,14,501+,0.3,0.003311,613,13,501+,0.83,0.069247,0.222414,0,0,0,,0.9,2024-25
2026-07-27,2026-08-03,39139,Richland County,Ohio,OH,quiet,0.000405,860,34,501+,0.3,0.001627,975,44,501+,0.41,0.069055,0.112578,0,0,0,,0.852,2024-25
2026-07-27,2026-08-03,48035,Bosque County,Texas,TX,quiet,0.000405,861,83,501+,0.3,0.002693,709,66,501+,0.68,0.069032,0.18419,0,0,0,,0.92973,2024-25
2026-07-27,2026-08-03,40145,Wagoner County,Oklahoma,OK,quiet,0.000405,862,13,501+,0.3,0.001298,1128,19,501+,0.33,0.068929,0.089277,0,0,0,,0.8696,2024-25
2026-07-27,2026-08-03,39075,Holmes County,Ohio,OH,quiet,0.000404,863,35,501+,0.3,0.005288,441,13,151–500,1.33,0.068862,0.328441,0,0,1,69,0.593,2024-25
2026-07-27,2026-08-03,32005,Douglas County,Nevada,NV,quiet,0.000404,864,7,501+,0.3,0.001847,912,7,501+,0.46,0.068803,0.127928,0,0,0,,0.875,2024-25
2026-07-27,2026-08-03,05131,Sebastian County,Arkansas,AR,quiet,0.000404,865,9,501+,0.3,0.001364,1097,9,501+,0.34,0.068766,0.093992,0,0,0,,,
2026-07-27,2026-08-03,20175,Seward County,Kansas,KS,quiet,0.000403,866,12,501+,0.3,0.001106,1224,20,501+,0.28,0.068652,0.075469,0,0,0,,0.9739,2024-25
2026-07-27,2026-08-03,48373,Polk County,Texas,TX,quiet,0.000402,867,84,501+,0.3,0.004796,472,36,151–500,1.2,0.068434,0.304235,0,0,0,,0.939638,2024-25
2026-07-27,2026-08-03,12023,Columbia County,Florida,FL,quiet,0.000402,868,36,501+,0.3,0.001418,1078,39,501+,0.36,0.068432,0.097828,0,0,0,,0.929,2024-25
2026-07-27,2026-08-03,13151,Henry County,Georgia,GA,quiet,0.000401,869,18,501+,0.3,0.001285,1135,20,501+,0.32,0.068317,0.088292,0,0,0,,,
2026-07-27,2026-08-03,48389,Reeves County,Texas,TX,quiet,0.000401,870,85,501+,0.3,0.003108,642,56,501+,0.78,0.068307,0.21009,0,0,2,61,0.986047,2024-25
2026-07-27,2026-08-03,55081,Monroe County,Wisconsin,WI,quiet,0.000401,871,21,501+,0.3,0.001758,942,26,501+,0.44,0.068297,0.12171,0,0,0,,0.84,2024-25
2026-07-27,2026-08-03,26093,Livingston County,Michigan,MI,quiet,0.0004,872,23,501+,0.3,0.001081,1238,37,501+,0.27,0.068238,0.073662,0,0,0,,0.84727273,2024-25
2026-07-27,2026-08-03,51740,Portsmouth City,Virginia,VA,quiet,0.0004,873,23,501+,0.3,0.000994,1296,40,501+,0.25,0.068161,0.067395,0,0,0,,0.816,2024-25
2026-07-27,2026-08-03,18087,LaGrange County,Indiana,IN,quiet,0.000399,874,14,501+,0.3,0.002724,702,12,501+,0.68,0.068052,0.186173,0,0,0,,0.7686,2024-25
2026-07-27,2026-08-03,48149,Fayette County,Texas,TX,quiet,0.000396,875,86,501+,0.3,0.002666,714,69,501+,0.67,0.067551,0.182473,0,0,0,,0.957806,2024-25
2026-07-27,2026-08-03,38061,Mountrail County,North Dakota,ND,quiet,0.000396,876,13,501+,0.3,0.002132,831,13,501+,0.54,0.067406,0.147361,0,0,0,,0.8721,2024-25
2026-07-27,2026-08-03,48213,Henderson County,Texas,TX,quiet,0.000395,877,87,501+,0.29,0.001683,958,96,501+,0.42,0.067334,0.116542,0,0,0,,0.927676,2024-25
2026-07-27,2026-08-03,41041,Lincoln County,Oregon,OR,quiet,0.000395,878,18,501+,0.29,0.001225,1165,23,501+,0.31,0.067324,0.084023,0,0,0,,0.932,2024-25
2026-07-27,2026-08-03,20061,Geary County,Kansas,KS,quiet,0.000395,879,13,501+,0.29,0.001269,1143,18,501+,0.32,0.067323,0.08718,0,0,0,,0.6656,2024-25
2026-07-27,2026-08-03,48053,Burnet County,Texas,TX,quiet,0.000394,880,88,501+,0.29,0.003155,634,55,501+,0.79,0.067221,0.21299,0,0,0,,0.881002,2024-25
2026-07-27,2026-08-03,01117,Shelby County,Alabama,AL,quiet,0.000393,881,9,501+,0.29,0.001865,901,9,501+,0.47,0.067055,0.129177,0,0,0,,0.9547,2024-25
2026-07-27,2026-08-03,02110,Juneau City and Borough,Alaska,AK,quiet,0.000393,882,6,501+,0.29,0.002125,834,6,501+,0.53,0.067013,0.146862,0,0,0,,,
2026-07-27,2026-08-03,48077,Clay County,Texas,TX,quiet,0.000393,883,89,501+,0.29,0.001602,991,100,501+,0.4,0.066974,0.110811,0,0,0,,0.891892,2024-25
2026-07-27,2026-08-03,36121,Wyoming County,New York,NY,quiet,0.000392,884,31,501+,0.29,0.001318,1118,41,501+,0.33,0.066887,0.090721,0,0,0,,0.991894861,2024-25
2026-07-27,2026-08-03,01015,Calhoun County,Alabama,AL,quiet,0.000392,885,10,501+,0.29,0.00226,795,8,501+,0.57,0.066865,0.155954,0,0,0,,0.9435,2024-25
2026-07-27,2026-08-03,22017,Caddo Parish,Louisiana,LA,quiet,0.000392,886,11,501+,0.29,0.002333,778,9,501+,0.59,0.066783,0.160809,0,0,0,,0.9369,2024-25
2026-07-27,2026-08-03,47177,Warren County,Tennessee,TN,quiet,0.00039,887,14,501+,0.29,0.000755,1510,38,501+,0.19,0.066465,0.050143,0,0,0,,0.906,2024-25
2026-07-27,2026-08-03,48477,Washington County,Texas,TX,quiet,0.00039,888,90,501+,0.29,0.006838,376,29,151–500,1.72,0.066421,0.39649,0,0,0,,0.953333,2024-25
2026-07-27,2026-08-03,41065,Wasco County,Oregon,OR,quiet,0.000389,889,19,501+,0.29,0.001568,1001,20,501+,0.39,0.066356,0.10842,0,0,0,,0.911,2024-25
2026-07-27,2026-08-03,18091,LaPorte County,Indiana,IN,quiet,0.000389,890,15,501+,0.29,0.003607,576,7,501+,0.91,0.066253,0.239796,0,0,0,,0.8926,2024-25
2026-07-27,2026-08-03,27017,Carlton County,Minnesota,MN,quiet,0.000388,891,18,501+,0.29,0.001306,1124,28,501+,0.33,0.066068,0.089849,0,0,0,,0.923,2024-25
2026-07-27,2026-08-03,47021,Cheatham County,Tennessee,TN,quiet,0.000388,892,15,501+,0.29,0.002291,786,14,501+,0.58,0.066059,0.158016,0,0,0,,0.965,2024-25
2026-07-27,2026-08-03,39091,Logan County,Ohio,OH,quiet,0.000388,893,36,501+,0.29,0.001859,905,39,501+,0.47,0.066059,0.128753,0,0,0,,0.842,2024-25
2026-07-27,2026-08-03,47141,Putnam County,Tennessee,TN,quiet,0.000387,894,16,501+,0.29,0.001399,1082,23,501+,0.35,0.065891,0.096484,0,0,0,,0.927,2024-25
2026-07-27,2026-08-03,28049,Hinds County,Mississippi,MS,quiet,0.000386,895,4,501+,0.29,0.001616,982,6,501+,0.41,0.065758,0.111829,0,0,0,,0.9751,2024-25
2026-07-27,2026-08-03,29101,Johnson County,Missouri,MO,quiet,0.000384,896,19,501+,0.29,0.002746,696,13,501+,0.69,0.065436,0.187538,0,0,0,,0.902,2024-25
2026-07-27,2026-08-03,24009,Calvert County,Maryland,MD,quiet,0.000382,897,22,501+,0.28,0.002726,700,22,501+,0.68,0.065103,0.186299,0,0,0,,0.968,2024-25
2026-07-27,2026-08-03,01083,Limestone County,Alabama,AL,quiet,0.000381,898,11,501+,0.28,0.001254,1149,15,501+,0.31,0.064913,0.086129,0,0,0,,0.9474,2024-25
2026-07-27,2026-08-03,13097,Douglas County,Georgia,GA,quiet,0.00038,899,19,501+,0.28,0.001184,1184,26,501+,0.3,0.06481,0.08105,0,0,0,,,
2026-07-27,2026-08-03,55111,Sauk County,Wisconsin,WI,quiet,0.000379,900,22,501+,0.28,0.003163,632,12,501+,0.79,0.064625,0.213482,0,0,0,,0.83,2024-25
2026-07-27,2026-08-03,39059,Guernsey County,Ohio,OH,quiet,0.000379,901,37,501+,0.28,0.001811,921,41,501+,0.45,0.06459,0.125423,0,0,0,,0.951,2024-25
2026-07-27,2026-08-03,54039,Kanawha County,West Virginia,WV,quiet,0.000378,902,6,501+,0.28,0.001852,910,6,501+,0.47,0.064536,0.128254,0,0,0,,,
2026-07-27,2026-08-03,45055,Kershaw County,South Carolina,SC,quiet,0.000378,903,24,501+,0.28,0.001134,1209,31,501+,0.28,0.0644,0.077486,0,0,0,,0.951,2024-25
2026-07-27,2026-08-03,21049,Clark County,Kentucky,KY,quiet,0.000377,904,13,501+,0.28,0.001084,1236,20,501+,0.27,0.064362,0.073896,0,0,0,,0.982,2024-25
2026-07-27,2026-08-03,41057,Tillamook County,Oregon,OR,quiet,0.000377,905,20,501+,0.28,0.001124,1214,24,501+,0.28,0.06421,0.076784,0,0,0,,0.865,2024-25
2026-07-27,2026-08-03,31141,Platte County,Nebraska,NE,quiet,0.000376,906,5,501+,0.28,0.002554,731,4,501+,0.64,0.064138,0.175261,0,0,1,30,0.978308026,2024-25
2026-07-27,2026-08-03,29071,Franklin County,Missouri,MO,quiet,0.000375,907,20,501+,0.28,0.001949,872,18,501+,0.49,0.063933,0.134949,0,0,0,,0.914,2024-25
2026-07-27,2026-08-03,48003,Andrews County,Texas,TX,quiet,0.000372,908,91,501+,0.28,0.002553,732,72,501+,0.64,0.063394,0.175188,0,0,3,66,0.954704,2024-25
2026-07-27,2026-08-03,08049,Grand County,Colorado,CO,quiet,0.00037,909,27,501+,0.28,0.004143,520,21,501+,1.04,0.06312,0.26994,0,0,0,,0.84,2024-25
2026-07-27,2026-08-03,56005,Campbell County,Wyoming,WY,quiet,0.000369,910,11,501+,0.27,0.001613,985,16,501+,0.41,0.062863,0.111634,0,0,0,,0.94,2022-23
2026-07-27,2026-08-03,17115,Macon County,Illinois,IL,quiet,0.000368,911,18,501+,0.27,0.001685,957,18,501+,0.42,0.062836,0.116666,0,0,0,,0.97,2024-25
2026-07-27,2026-08-03,56031,Platte County,Wyoming,WY,quiet,0.000368,912,12,501+,0.27,0.00095,1336,17,501+,0.24,0.062712,0.064229,0,0,0,,0.8,2022-23
2026-07-27,2026-08-03,38025,Dunn County,North Dakota,ND,quiet,0.000368,913,14,501+,0.27,0.003917,545,9,501+,0.98,0.062676,0.257443,0,0,1,13,0.8125,2024-25
2026-07-27,2026-08-03,56007,Carbon County,Wyoming,WY,quiet,0.000367,914,13,501+,0.27,0.004037,529,8,501+,1.01,0.062585,0.26409,0,0,7,48,0.94,2022-23
2026-07-27,2026-08-03,51165,Rockingham County,Virginia,VA,quiet,0.000366,915,24,501+,0.27,0.003701,566,9,501+,0.93,0.062478,0.245237,0,0,0,,0.891,2024-25
2026-07-27,2026-08-03,47189,Wilson County,Tennessee,TN,quiet,0.000366,916,17,501+,0.27,0.002488,749,12,501+,0.62,0.062473,0.170964,0,0,0,,0.934,2024-25
2026-07-27,2026-08-03,48051,Burleson County,Texas,TX,quiet,0.000366,917,92,501+,0.27,0.001751,944,94,501+,0.44,0.062451,0.121223,0,0,0,,0.961905,2024-25
2026-07-27,2026-08-03,48401,Rusk County,Texas,TX,quiet,0.000366,918,93,501+,0.27,0.002584,726,70,501+,0.65,0.062381,0.177163,0,0,0,,0.918182,2024-25
2026-07-27,2026-08-03,53049,Pacific County,Washington,WA,quiet,0.000364,919,29,501+,0.27,0.001106,1225,32,501+,0.28,0.062061,0.075442,0,0,0,,0.574,2024-25
2026-07-27,2026-08-03,17099,LaSalle County,Illinois,IL,quiet,0.000362,920,19,501+,0.27,0.002176,817,16,501+,0.55,0.061792,0.150282,0,0,0,,0.97,2024-25
2026-07-27,2026-08-03,30099,Teton County,Montana,MT,quiet,0.000361,921,12,501+,0.27,0.000576,1749,22,501+,0.14,0.061618,0.0373,0,0,0,,,
2026-07-27,2026-08-03,48341,Moore County,Texas,TX,quiet,0.000361,922,94,501+,0.27,0.002406,761,74,501+,0.6,0.061573,0.165618,0,0,0,,0.965699,2024-25
2026-07-27,2026-08-03,20035,Cowley County,Kansas,KS,quiet,0.00036,923,14,501+,0.27,0.001206,1174,19,501+,0.3,0.061362,0.082633,0,0,0,,0.9597,2024-25
2026-07-27,2026-08-03,48055,Caldwell County,Texas,TX,quiet,0.000359,924,95,501+,0.27,0.001759,940,93,501+,0.44,0.061193,0.121817,0,0,0,,0.972477,2024-25
2026-07-27,2026-08-03,28045,Hancock County,Mississippi,MS,quiet,0.000359,925,5,501+,0.27,0.002138,830,5,501+,0.54,0.061172,0.147744,0,0,0,,0.98,2024-25
2026-07-27,2026-08-03,17019,Champaign County,Illinois,IL,quiet,0.000358,926,20,501+,0.27,0.001439,1064,22,501+,0.36,0.061039,0.099309,0,0,0,,0.96,2024-25
2026-07-27,2026-08-03,55033,Dunn County,Wisconsin,WI,quiet,0.000357,927,23,501+,0.27,0.000998,1291,37,501+,0.25,0.060838,0.06765,0,0,0,,0.85,2024-25
2026-07-27,2026-08-03,49033,Rich County,Utah,UT,quiet,0.000357,928,24,501+,0.27,0.000852,1419,24,501+,0.21,0.060813,0.057141,0,0,0,,,
2026-07-27,2026-08-03,33001,Belknap County,New Hampshire,NH,quiet,0.000357,929,6,501+,0.27,0.002146,825,5,501+,0.54,0.060811,0.148309,0,0,0,,0.935,2024-25
2026-07-27,2026-08-03,22109,Terrebonne Parish,Louisiana,LA,quiet,0.000355,930,12,501+,0.26,0.001992,862,11,501+,0.5,0.060585,0.137864,0,0,0,,0.8969,2024-25
2026-07-27,2026-08-03,48049,Brown County,Texas,TX,quiet,0.000355,931,96,501+,0.26,0.001156,1200,132,501+,0.29,0.060572,0.079053,0,0,1,69,0.96,2024-25
2026-07-27,2026-08-03,48459,Upshur County,Texas,TX,quiet,0.000355,932,97,501+,0.26,0.002087,846,83,501+,0.52,0.060513,0.144322,0,0,5,65,0.896907,2024-25
2026-07-27,2026-08-03,37149,Polk County,North Carolina,NC,quiet,0.000355,933,36,501+,0.26,0.002446,752,32,501+,0.61,0.060504,0.168235,0,0,5,23,0.83928571,2024-25
2026-07-27,2026-08-03,27171,Wright County,Minnesota,MN,quiet,0.000354,934,19,501+,0.26,0.001614,984,23,501+,0.41,0.060408,0.111668,0,0,0,,0.852,2024-25
2026-07-27,2026-08-03,56009,Converse County,Wyoming,WY,quiet,0.000353,935,14,501+,0.26,0.001726,951,15,501+,0.43,0.060213,0.119534,0,0,0,,0.93,2022-23
2026-07-27,2026-08-03,47113,Madison County,Tennessee,TN,quiet,0.000353,936,18,501+,0.26,0.001822,918,17,501+,0.46,0.060183,0.126196,0,0,0,,0.957,2024-25
2026-07-27,2026-08-03,40083,Logan County,Oklahoma,OK,quiet,0.000353,937,14,501+,0.26,0.003715,565,7,501+,0.93,0.060158,0.246038,0,0,0,,0.8969,2024-25
2026-07-27,2026-08-03,19155,Pottawattamie County,Iowa,IA,quiet,0.00035,938,9,501+,0.26,0.002201,811,11,501+,0.55,0.059748,0.151962,0,0,0,,0.86940639,2024-25
2026-07-27,2026-08-03,35041,Roosevelt County,New Mexico,NM,quiet,0.00035,939,15,501+,0.26,0.000949,1337,18,501+,0.24,0.059731,0.064152,0,0,0,,0.964,2024-25
2026-07-27,2026-08-03,39123,Ottawa County,Ohio,OH,quiet,0.00035,940,38,501+,0.26,0.001626,976,45,501+,0.41,0.059681,0.112538,0,0,1,20,0.87,2024-25
2026-07-27,2026-08-03,48255,Karnes County,Texas,TX,quiet,0.000349,941,98,501+,0.26,0.000816,1452,168,501+,0.2,0.059576,0.054535,0,0,0,,0.981366,2024-25
2026-07-27,2026-08-03,46077,Kingsbury County,South Dakota,SD,quiet,0.000349,942,12,501+,0.26,0.001296,1129,15,501+,0.33,0.059553,0.08909,0,0,0,,0.92,2024-25
2026-07-27,2026-08-03,27131,Rice County,Minnesota,MN,quiet,0.000349,943,20,501+,0.26,0.002169,819,19,501+,0.54,0.059541,0.149826,0,0,0,,0.851,2024-25
2026-07-27,2026-08-03,38077,Richland County,North Dakota,ND,quiet,0.000348,944,15,501+,0.26,0.001953,870,15,501+,0.49,0.059443,0.135163,0,0,0,,0.9333,2024-25
2026-07-27,2026-08-03,37151,Randolph County,North Carolina,NC,quiet,0.000347,945,37,501+,0.26,0.001966,864,36,501+,0.49,0.05919,0.136063,0,0,0,,0.94973545,2024-25
2026-07-27,2026-08-03,16015,Boise County,Idaho,ID,quiet,0.000346,946,22,501+,0.26,0.000663,1620,37,501+,0.17,0.058986,0.043546,0,0,0,,0.45,2024-25
2026-07-27,2026-08-03,46057,Hamlin County,South Dakota,SD,quiet,0.000345,947,13,501+,0.26,0.000699,1573,31,501+,0.18,0.058843,0.04613,0,0,0,,0.85,2024-25
2026-07-27,2026-08-03,54049,Marion County,West Virginia,WV,quiet,0.000345,948,7,501+,0.26,0.001758,941,7,501+,0.44,0.058823,0.121763,0,0,0,,,
2026-07-27,2026-08-03,48197,Hardeman County,Texas,TX,quiet,0.000344,949,99,501+,0.26,0.001075,1240,136,501+,0.27,0.058725,0.073217,0,0,1,65,0.972222,2024-25
2026-07-27,2026-08-03,51770,Roanoke City,Virginia,VA,quiet,0.000344,950,25,501+,0.26,0.000946,1339,43,501+,0.24,0.058703,0.063947,0,0,0,,0.93,2024-25
2026-07-27,2026-08-03,48279,Lamb County,Texas,TX,quiet,0.000343,951,100,501+,0.26,0.000921,1359,154,501+,0.23,0.058574,0.062114,0,0,1,71,0.925466,2024-25
2026-07-27,2026-08-03,45073,Oconee County,South Carolina,SC,quiet,0.000343,952,25,501+,0.26,0.00129,1132,29,501+,0.32,0.058529,0.088681,0,0,0,,0.943,2024-25
2026-07-27,2026-08-03,42113,Sullivan County,Pennsylvania,PA,quiet,0.000343,953,58,501+,0.26,0.000578,1746,58,501+,0.15,0.058524,0.037424,0,0,0,,0.941,2024-25
2026-07-27,2026-08-03,51800,Suffolk City,Virginia,VA,quiet,0.000343,954,26,501+,0.26,0.001533,1017,30,501+,0.39,0.058469,0.106,0,0,0,,0.936,2024-25
2026-07-27,2026-08-03,18063,Hendricks County,Indiana,IN,quiet,0.000343,955,16,501+,0.26,0.002513,743,13,501+,0.63,0.058468,0.172554,0,0,0,,0.916,2024-25
2026-07-27,2026-08-03,36089,St. Lawrence County,New York,NY,quiet,0.000342,956,32,501+,0.25,0.001667,961,31,501+,0.42,0.058274,0.11539,0,0,0,,0.998705987,2024-25
2026-07-27,2026-08-03,26017,Bay County,Michigan,MI,quiet,0.000341,957,24,501+,0.25,0.001457,1054,28,501+,0.37,0.058097,0.100552,0,0,0,,0.90241228,2024-25
2026-07-27,2026-08-03,12055,Highlands County,Florida,FL,quiet,0.00034,958,37,501+,0.25,0.001735,949,35,501+,0.44,0.057928,0.120148,0,0,0,,0.898,2024-25
2026-07-27,2026-08-03,01081,Lee County,Alabama,AL,quiet,0.000338,959,12,501+,0.25,0.002382,767,7,501+,0.6,0.057744,0.164025,0,0,0,,0.9702,2024-25
2026-07-27,2026-08-03,48317,Martin County,Texas,TX,quiet,0.000337,960,101,501+,0.25,0.001921,881,86,501+,0.48,0.057524,0.133031,0,0,3,74,0.929577,2024-25
2026-07-27,2026-08-03,47163,Sullivan County,Tennessee,TN,quiet,0.000336,961,19,501+,0.25,0.001657,966,20,501+,0.42,0.057396,0.114672,0,0,0,,0.949,2024-25
2026-07-27,2026-08-03,16073,Owyhee County,Idaho,ID,quiet,0.000336,962,23,501+,0.25,0.001744,947,23,501+,0.44,0.057259,0.120758,0,0,0,,0.8,2024-25
2026-07-27,2026-08-03,21239,Woodford County,Kentucky,KY,quiet,0.000336,963,14,501+,0.25,0.003622,574,6,501+,0.91,0.057247,0.240699,0,0,3,56,0.925,2024-25
2026-07-27,2026-08-03,13045,Carroll County,Georgia,GA,quiet,0.000335,964,20,501+,0.25,0.001358,1100,19,501+,0.34,0.057211,0.093561,0,0,0,,,
2026-07-27,2026-08-03,45005,Allendale County,South Carolina,SC,quiet,0.000334,965,26,501+,0.25,0.003472,595,18,501+,0.87,0.057048,0.231934,0,0,0,,0.98,2024-25
2026-07-27,2026-08-03,39023,Clark County,Ohio,OH,quiet,0.000334,966,39,501+,0.25,0.001887,896,38,501+,0.47,0.057032,0.130656,0,0,0,,0.905,2024-25
2026-07-27,2026-08-03,46047,Fall River County,South Dakota,SD,quiet,0.000334,967,14,501+,0.25,0.001293,1131,16,501+,0.32,0.056986,0.088932,0,0,0,,0.81,2024-25
2026-07-27,2026-08-03,32017,Lincoln County,Nevada,NV,quiet,0.000334,968,8,501+,0.25,0.001389,1084,10,501+,0.35,0.056971,0.095761,0,0,0,,0.696,2024-25
2026-07-27,2026-08-03,46051,Grant County,South Dakota,SD,quiet,0.000333,969,15,501+,0.25,0.001692,956,13,501+,0.42,0.056846,0.117142,0,0,6,25,0.91,2024-25
2026-07-27,2026-08-03,08043,Fremont County,Colorado,CO,quiet,0.000333,970,28,501+,0.25,0.001767,937,26,501+,0.44,0.056843,0.1224,0,0,0,,0.8731,2024-25
2026-07-27,2026-08-03,45023,Chester County,South Carolina,SC,quiet,0.000333,971,27,501+,0.25,0.002027,858,23,501+,0.51,0.056731,0.140256,0,0,0,,0.965,2024-25
2026-07-27,2026-08-03,39005,Ashland County,Ohio,OH,quiet,0.000332,972,40,501+,0.25,0.002749,694,26,501+,0.69,0.056671,0.187727,0,0,0,,0.897,2024-25
2026-07-27,2026-08-03,22057,Lafourche Parish,Louisiana,LA,quiet,0.000331,973,13,501+,0.25,0.001922,880,12,501+,0.48,0.05655,0.133054,0,0,0,,0.9205,2024-25
2026-07-27,2026-08-03,39027,Clinton County,Ohio,OH,quiet,0.000331,974,41,501+,0.25,0.001133,1211,51,501+,0.28,0.056535,0.077388,0,0,0,,0.833,2024-25
2026-07-27,2026-08-03,39013,Belmont County,Ohio,OH,quiet,0.000331,975,42,501+,0.25,0.001577,999,46,501+,0.4,0.056419,0.109057,0,0,0,,0.932,2024-25
2026-07-27,2026-08-03,37121,Mitchell County,North Carolina,NC,quiet,0.00033,976,38,501+,0.25,0.00082,1451,55,501+,0.21,0.056314,0.054791,0,0,0,,0.90909091,2024-25
2026-07-27,2026-08-03,37059,Davie County,North Carolina,NC,quiet,0.000328,977,39,501+,0.25,0.002672,713,28,501+,0.67,0.056041,0.182842,0,0,0,,0.96097561,2024-25
2026-07-27,2026-08-03,36091,Saratoga County,New York,NY,quiet,0.000326,978,33,501+,0.24,0.003162,633,23,501+,0.79,0.055643,0.213423,0,0,0,,0.998858863,2024-25
2026-07-27,2026-08-03,56045,Weston County,Wyoming,WY,quiet,0.000326,979,15,501+,0.24,0.001894,893,13,501+,0.48,0.05564,0.131177,0,0,0,,0.63,2022-23
2026-07-27,2026-08-03,26021,Berrien County,Michigan,MI,quiet,0.000326,980,25,501+,0.24,0.001225,1164,35,501+,0.31,0.055534,0.084031,0,0,0,,0.90217391,2024-25
2026-07-27,2026-08-03,48017,Bailey County,Texas,TX,quiet,0.000325,981,102,501+,0.24,0.001389,1086,117,501+,0.35,0.055525,0.095728,0,0,2,66,0.962617,2024-25
2026-07-27,2026-08-03,13213,Murray County,Georgia,GA,quiet,0.000325,982,21,501+,0.24,0.000893,1380,36,501+,0.22,0.055456,0.060098,0,0,0,,,
2026-07-27,2026-08-03,20149,Pottawatomie County,Kansas,KS,quiet,0.000324,983,15,501+,0.24,0.002356,772,9,501+,0.59,0.055327,0.162285,0,0,0,,0.8904,2024-25
2026-07-27,2026-08-03,20169,Saline County,Kansas,KS,quiet,0.000324,984,16,501+,0.24,0.000984,1304,23,501+,0.25,0.055284,0.066657,0,0,0,,0.942,2024-25
2026-07-27,2026-08-03,17093,Kendall County,Illinois,IL,quiet,0.000324,985,21,501+,0.24,0.002288,790,13,501+,0.57,0.055262,0.157772,0,0,0,,0.963,2024-25
2026-07-27,2026-08-03,13295,Walker County,Georgia,GA,quiet,0.000323,986,22,501+,0.24,0.000656,1629,42,501+,0.16,0.055174,0.043015,0,0,0,,,
2026-07-27,2026-08-03,54055,Mercer County,West Virginia,WV,quiet,0.000322,987,8,501+,0.24,0.000705,1563,12,501+,0.18,0.05495,0.046503,0,0,0,,,
2026-07-27,2026-08-03,23009,Hancock County,Maine,ME,quiet,0.000322,988,8,501+,0.24,0.001679,959,8,501+,0.42,0.054944,0.116247,0,0,0,,0.9832,2024-25
2026-07-27,2026-08-03,50003,Bennington County,Vermont,VT,quiet,0.000322,989,3,501+,0.24,0.001287,1134,6,501+,0.32,0.05494,0.088493,0,0,0,,0.9,2024-25
2026-07-27,2026-08-03,32001,Churchill County,Nevada,NV,quiet,0.000322,990,9,501+,0.24,0.001827,916,8,501+,0.46,0.054903,0.126508,0,0,0,,0.929,2024-25
2026-07-27,2026-08-03,51775,Salem City,Virginia,VA,quiet,0.000322,991,27,501+,0.24,0.001306,1125,34,501+,0.33,0.054872,0.089839,0,0,0,,0.879,2024-25
2026-07-27,2026-08-03,23025,Somerset County,Maine,ME,quiet,0.000321,992,9,501+,0.24,0.000922,1358,11,501+,0.23,0.054843,0.062171,0,0,0,,0.9879,2024-25
2026-07-27,2026-08-03,31161,Sheridan County,Nebraska,NE,quiet,0.000321,993,6,501+,0.24,0.002292,785,5,501+,0.58,0.05483,0.158044,0,0,1,61,0.87804878,2024-25
2026-07-27,2026-08-03,48023,Baylor County,Texas,TX,quiet,0.000321,994,103,501+,0.24,0.00162,978,97,501+,0.41,0.05482,0.112068,0,0,0,,0.975,2024-25
2026-07-27,2026-08-03,55043,Grant County,Wisconsin,WI,quiet,0.000321,995,24,501+,0.24,0.00193,876,23,501+,0.48,0.054782,0.133622,0,0,0,,0.82,2024-25
2026-07-27,2026-08-03,48161,Freestone County,Texas,TX,quiet,0.000321,996,104,501+,0.24,0.000888,1386,157,501+,0.22,0.054741,0.059725,0,0,0,,0.946429,2024-25
2026-07-27,2026-08-03,28109,Pearl River County,Mississippi,MS,quiet,0.000321,997,6,501+,0.24,0.001495,1031,7,501+,0.38,0.05472,0.103278,0,0,0,,0.9722,2024-25
2026-07-27,2026-08-03,28089,Madison County,Mississippi,MS,quiet,0.000321,998,7,501+,0.24,0.002456,750,3,501+,0.62,0.054697,0.168872,0,0,0,,0.9683,2024-25
2026-07-27,2026-08-03,55083,Oconto County,Wisconsin,WI,quiet,0.00032,999,25,501+,0.24,0.002441,753,15,501+,0.61,0.054538,0.167857,0,0,36,47,0.83,2024-25
2026-07-27,2026-08-03,21211,Shelby County,Kentucky,KY,quiet,0.000318,1000,15,501+,0.24,0.002201,810,13,501+,0.55,0.054221,0.152001,0,0,0,,0.923,2024-25
2026-07-27,2026-08-03,51085,Hanover County,Virginia,VA,quiet,0.000317,1001,28,501+,0.24,0.002193,814,18,501+,0.55,0.054134,0.151447,0,0,0,,0.949,2024-25
2026-07-27,2026-08-03,48395,Robertson County,Texas,TX,quiet,0.000317,1002,105,501+,0.24,0.00131,1121,124,501+,0.33,0.054067,0.090137,0,0,0,,0.968182,2024-25
2026-07-27,2026-08-03,25003,Berkshire County,Massachusetts,MA,quiet,0.000317,1003,10,501+,0.24,0.000955,1330,11,501+,0.24,0.054039,0.064577,0,0,0,,0.918,2024-25
2026-07-27,2026-08-03,27099,Mower County,Minnesota,MN,quiet,0.000317,1004,21,501+,0.24,0.001852,909,22,501+,0.47,0.054037,0.128274,0,0,0,,0.943,2024-25
2026-07-27,2026-08-03,36109,Tompkins County,New York,NY,quiet,0.000316,1005,34,501+,0.24,0.000986,1302,44,501+,0.25,0.053977,0.066811,0,0,0,,0.998040898,2024-25
2026-07-27,2026-08-03,27067,Kandiyohi County,Minnesota,MN,quiet,0.000316,1006,22,501+,0.24,0.001233,1160,30,501+,0.31,0.05396,0.084595,0,0,0,,0.848,2024-25
2026-07-27,2026-08-03,51015,Augusta County,Virginia,VA,quiet,0.000316,1007,29,501+,0.24,0.002117,838,20,501+,0.53,0.053877,0.146364,0,0,0,,0.931,2024-25
2026-07-27,2026-08-03,13015,Bartow County,Georgia,GA,quiet,0.000316,1008,23,501+,0.24,0.002416,756,12,501+,0.61,0.053842,0.166259,0,0,0,,,
2026-07-27,2026-08-03,31053,Dodge County,Nebraska,NE,quiet,0.000316,1009,7,501+,0.24,0.001114,1219,9,501+,0.28,0.053828,0.076006,0,0,0,,0.943277311,2024-25
2026-07-27,2026-08-03,46025,Clark County,South Dakota,SD,quiet,0.000315,1010,16,501+,0.24,0.001045,1258,21,501+,0.26,0.053756,0.071055,0,0,0,,0.63,2024-25
2026-07-27,2026-08-03,39145,Scioto County,Ohio,OH,quiet,0.000314,1011,43,501+,0.23,0.002538,737,29,501+,0.64,0.053562,0.174207,0,0,0,,0.971,2024-25
2026-07-27,2026-08-03,22115,Vernon Parish,Louisiana,LA,quiet,0.000312,1012,14,501+,0.23,0.00104,1261,19,501+,0.26,0.053237,0.070709,0,0,0,,0.9048,2024-25
2026-07-27,2026-08-03,20067,Grant County,Kansas,KS,quiet,0.000312,1013,17,501+,0.23,0.000851,1420,28,501+,0.21,0.053229,0.057064,0,0,0,,0.9278,2024-25
2026-07-27,2026-08-03,12035,Flagler County,Florida,FL,quiet,0.000312,1014,38,501+,0.23,0.001525,1020,38,501+,0.38,0.053224,0.105404,0,0,0,,0.887,2024-25
2026-07-27,2026-08-03,48295,Lipscomb County,Texas,TX,quiet,0.000311,1015,106,501+,0.23,0.001339,1108,122,501+,0.34,0.053122,0.092166,0,0,0,,0.72093,2024-25
2026-07-27,2026-08-03,56003,Big Horn County,Wyoming,WY,quiet,0.000311,1016,16,501+,0.23,0.002085,847,12,501+,0.52,0.053025,0.144189,0,0,0,,0.89,2022-23
2026-07-27,2026-08-03,26041,Delta County,Michigan,MI,quiet,0.00031,1017,26,501+,0.23,0.001328,1112,31,501+,0.33,0.052936,0.091395,0,0,0,,0.90332326,2024-25
2026-07-27,2026-08-03,16025,Camas County,Idaho,ID,quiet,0.00031,1018,24,501+,0.23,0.001238,1157,25,501+,0.31,0.052905,0.084987,0,0,0,,0.4,2024-25
2026-07-27,2026-08-03,48283,La Salle County,Texas,TX,quiet,0.00031,1019,107,501+,0.23,0.001501,1029,109,501+,0.38,0.05285,0.103734,0,0,0,,0.971014,2024-25
2026-07-27,2026-08-03,29225,Webster County,Missouri,MO,quiet,0.000309,1020,21,501+,0.23,0.001513,1025,24,501+,0.38,0.052791,0.10457,0,0,0,,0.933,2024-25
2026-07-27,2026-08-03,40139,Texas County,Oklahoma,OK,quiet,0.000308,1021,15,501+,0.23,0.000847,1424,30,501+,0.21,0.052624,0.05678,0,0,0,,0.9559,2024-25
2026-07-27,2026-08-03,13013,Barrow County,Georgia,GA,quiet,0.000308,1022,24,501+,0.23,0.001439,1065,18,501+,0.36,0.052561,0.099302,0,0,0,,,
2026-07-27,2026-08-03,48399,Runnels County,Texas,TX,quiet,0.000308,1023,108,501+,0.23,0.000482,1922,198,501+,0.12,0.052561,0.030646,0,0,0,,0.981013,2024-25
2026-07-27,2026-08-03,48281,Lampasas County,Texas,TX,quiet,0.000308,1024,109,501+,0.23,0.001858,906,88,501+,0.47,0.052527,0.128674,0,0,0,,0.956175,2024-25
2026-07-27,2026-08-03,48365,Panola County,Texas,TX,quiet,0.000308,1025,110,501+,0.23,0.001057,1250,138,501+,0.27,0.052517,0.071932,0,0,0,,0.93617,2024-25
2026-07-27,2026-08-03,46081,Lawrence County,South Dakota,SD,quiet,0.000306,1026,17,501+,0.23,0.002035,854,12,501+,0.51,0.052149,0.140807,0,0,0,,0.93,2024-25
2026-07-27,2026-08-03,08119,Teller County,Colorado,CO,quiet,0.000305,1027,29,501+,0.23,0.001427,1070,30,501+,0.36,0.052013,0.098436,0,0,0,,0.7811,2024-25
2026-07-27,2026-08-03,08087,Morgan County,Colorado,CO,quiet,0.000305,1028,30,501+,0.23,0.001015,1276,33,501+,0.25,0.051997,0.068932,0,0,0,,0.9203,2024-25
2026-07-27,2026-08-03,18145,Shelby County,Indiana,IN,quiet,0.000304,1029,17,501+,0.23,0.00166,965,18,501+,0.42,0.05192,0.114934,0,0,0,,0.9725,2024-25
2026-07-27,2026-08-03,47043,Dickson County,Tennessee,TN,quiet,0.000304,1030,20,501+,0.23,0.001762,939,19,501+,0.44,0.051839,0.122009,0,0,0,,0.964,2024-25
2026-07-27,2026-08-03,48031,Blanco County,Texas,TX,quiet,0.000304,1031,111,501+,0.23,0.002745,697,64,501+,0.69,0.05178,0.187472,0,0,0,,0.860465,2024-25
2026-07-27,2026-08-03,50001,Addison County,Vermont,VT,quiet,0.000303,1032,4,501+,0.23,0.001169,1195,8,501+,0.29,0.051707,0.08,0,0,0,,0.94,2024-25
2026-07-27,2026-08-03,39063,Hancock County,Ohio,OH,quiet,0.000303,1033,44,501+,0.23,0.001421,1076,48,501+,0.36,0.05166,0.098053,0,0,0,,0.864,2024-25
2026-07-27,2026-08-03,55031,Douglas County,Wisconsin,WI,quiet,0.000303,1034,26,501+,0.23,0.001493,1034,30,501+,0.37,0.051657,0.10315,0,0,0,,0.93,2024-25
2026-07-27,2026-08-03,36051,Livingston County,New York,NY,quiet,0.000302,1035,35,501+,0.23,0.001662,964,32,501+,0.42,0.051456,0.115047,0,0,0,,0.998913489,2024-25
2026-07-27,2026-08-03,27013,Blue Earth County,Minnesota,MN,quiet,0.000301,1036,23,501+,0.22,0.002315,781,17,501+,0.58,0.051358,0.159582,0,0,0,,0.897,2024-25
2026-07-27,2026-08-03,27073,Lac qui Parle County,Minnesota,MN,quiet,0.000301,1037,24,501+,0.22,0.000696,1578,50,501+,0.17,0.051288,0.045902,0,0,0,,0.84,2024-25
2026-07-27,2026-08-03,46023,Charles Mix County,South Dakota,SD,quiet,0.0003,1038,18,501+,0.22,0.000914,1367,24,501+,0.23,0.051218,0.061592,0,0,0,,0.81,2024-25
2026-07-27,2026-08-03,29043,Christian County,Missouri,MO,quiet,0.0003,1039,22,501+,0.22,0.001812,920,21,501+,0.46,0.051148,0.125498,0,0,0,,0.815,2024-25
2026-07-27,2026-08-03,41031,Jefferson County,Oregon,OR,quiet,0.0003,1040,21,501+,0.22,0.001367,1093,21,501+,0.34,0.051147,0.094217,0,0,0,,0.941,2024-25
2026-07-27,2026-08-03,51095,James City County,Virginia,VA,quiet,0.0003,1041,30,501+,0.22,0.001618,980,28,501+,0.41,0.051131,0.111939,0,0,0,,0.861,2024-25
2026-07-27,2026-08-03,21059,Daviess County,Kentucky,KY,quiet,0.000299,1042,16,501+,0.22,0.002021,859,15,501+,0.51,0.051055,0.139864,0,0,0,,0.902,2024-25
2026-07-27,2026-08-03,31033,Cheyenne County,Nebraska,NE,quiet,0.000299,1043,8,501+,0.22,0.00096,1326,15,501+,0.24,0.05094,0.064947,0,0,0,,0.957142857,2024-25
2026-07-27,2026-08-03,01077,Lauderdale County,Alabama,AL,quiet,0.000298,1044,13,501+,0.22,0.00127,1142,14,501+,0.32,0.050766,0.08724,0,0,0,,0.9609,2024-25
2026-07-27,2026-08-03,35027,Lincoln County,New Mexico,NM,quiet,0.000297,1045,16,501+,0.22,0.001962,868,13,501+,0.49,0.05074,0.135806,0,0,0,,0.9307,2024-25
2026-07-27,2026-08-03,25015,Hampshire County,Massachusetts,MA,quiet,0.000297,1046,11,501+,0.22,0.000677,1600,14,501+,0.17,0.050735,0.044515,0,0,0,,0.957,2024-25
2026-07-27,2026-08-03,53043,Lincoln County,Washington,WA,quiet,0.000297,1047,30,501+,0.22,0.001313,1119,30,501+,0.33,0.050694,0.090333,0,0,0,,0.823,2024-25
2026-07-27,2026-08-03,51161,Roanoke County,Virginia,VA,quiet,0.000297,1048,31,501+,0.22,0.001807,925,27,501+,0.45,0.050665,0.125147,0,0,0,,0.913,2024-25
2026-07-27,2026-08-03,26023,Branch County,Michigan,MI,quiet,0.000296,1049,27,501+,0.22,0.000939,1346,41,501+,0.24,0.050567,0.063421,0,0,0,,0.9217759,2024-25
2026-07-27,2026-08-03,18135,Randolph County,Indiana,IN,quiet,0.000296,1050,18,501+,0.22,0.00064,1653,44,501+,0.16,0.050468,0.041881,0,0,0,,0.8746,2024-25
2026-07-27,2026-08-03,36057,Montgomery County,New York,NY,quiet,0.000296,1051,36,501+,0.22,0.002414,759,25,501+,0.61,0.050462,0.166099,0,0,0,,0.994313504,2024-25
2026-07-27,2026-08-03,19051,Davis County,Iowa,IA,quiet,0.000296,1052,10,501+,0.22,0.002589,725,8,501+,0.65,0.050422,0.177513,0,0,0,,0.89830508,2024-25
2026-07-27,2026-08-03,46045,Edmunds County,South Dakota,SD,quiet,0.000296,1053,19,501+,0.22,0.003116,637,7,501+,0.78,0.050408,0.2106,0,0,1,5,0.77,2024-25
2026-07-27,2026-08-03,27021,Cass County,Minnesota,MN,quiet,0.000295,1054,25,501+,0.22,0.001116,1216,35,501+,0.28,0.050353,0.076158,0,0,0,,0.825,2024-25
2026-07-27,2026-08-03,55005,Barron County,Wisconsin,WI,quiet,0.000295,1055,27,501+,0.22,0.001288,1133,31,501+,0.32,0.050232,0.088566,0,0,0,,0.85,2024-25
2026-07-27,2026-08-03,01055,Etowah County,Alabama,AL,quiet,0.000294,1056,14,501+,0.22,0.001232,1161,16,501+,0.31,0.050226,0.084528,0,0,0,,0.9409,2024-25
2026-07-27,2026-08-03,17029,Coles County,Illinois,IL,quiet,0.000294,1057,22,501+,0.22,0.000978,1309,27,501+,0.25,0.050192,0.066224,0,0,0,,0.957,2024-25
2026-07-27,2026-08-03,21047,Christian County,Kentucky,KY,quiet,0.000293,1058,17,501+,0.22,0.001027,1268,21,501+,0.26,0.049951,0.069775,0,0,0,,0.925,2024-25
2026-07-27,2026-08-03,35005,Chaves County,New Mexico,NM,quiet,0.000292,1059,17,501+,0.22,0.000787,1477,20,501+,0.2,0.049831,0.052418,0,0,1,68,0.9814,2024-25
2026-07-27,2026-08-03,48143,Erath County,Texas,TX,quiet,0.000291,1060,112,501+,0.22,0.001322,1116,123,501+,0.33,0.049666,0.090992,0,0,1,71,0.949425,2024-25
2026-07-27,2026-08-03,16045,Gem County,Idaho,ID,quiet,0.000291,1061,25,501+,0.22,0.003834,553,15,501+,0.96,0.049586,0.252802,0,0,0,,0.71,2024-25
2026-07-27,2026-08-03,06033,Lake County,California,CA,quiet,0.00029,1062,46,501+,0.22,0.001703,953,44,501+,0.43,0.049427,0.117916,0,0,0,,0.97759,2024-25
2026-07-27,2026-08-03,49001,Beaver County,Utah,UT,quiet,0.000288,1063,25,501+,0.21,0.001636,971,21,501+,0.41,0.049024,0.11323,0,0,0,,0.891089,2023-24
2026-07-27,2026-08-03,48001,Anderson County,Texas,TX,quiet,0.000287,1064,113,501+,0.21,0.001426,1072,115,501+,0.36,0.049003,0.098379,0,0,0,,0.947858,2024-25
2026-07-27,2026-08-03,27041,Douglas County,Minnesota,MN,quiet,0.000286,1065,26,501+,0.21,0.001458,1052,25,501+,0.37,0.048764,0.100627,0,0,0,,0.884,2024-25
2026-07-27,2026-08-03,48475,Ward County,Texas,TX,quiet,0.000286,1066,114,501+,0.21,0.001455,1055,113,501+,0.37,0.048734,0.100442,0,0,0,,0.933735,2024-25
2026-07-27,2026-08-03,50021,Rutland County,Vermont,VT,quiet,0.000285,1067,5,501+,0.21,0.001271,1141,7,501+,0.32,0.048637,0.087299,0,0,0,,0.93,2024-25
2026-07-27,2026-08-03,41033,Josephine County,Oregon,OR,quiet,0.000285,1068,22,501+,0.21,0.001654,968,19,501+,0.42,0.048609,0.114454,0,0,0,,0.775,2024-25
2026-07-27,2026-08-03,13137,Habersham County,Georgia,GA,quiet,0.000285,1069,25,501+,0.21,0.001,1287,33,501+,0.25,0.048605,0.067833,0,0,0,,,
2026-07-27,2026-08-03,56001,Albany County,Wyoming,WY,quiet,0.000284,1070,17,501+,0.21,0.000824,1448,20,501+,0.21,0.048462,0.055117,0,0,0,,0.94,2022-23
2026-07-27,2026-08-03,28073,Lamar County,Mississippi,MS,quiet,0.000284,1071,8,501+,0.21,0.00113,1212,8,501+,0.28,0.048458,0.077158,0,0,0,,0.9879,2024-25
2026-07-27,2026-08-03,40043,Dewey County,Oklahoma,OK,quiet,0.000284,1072,16,501+,0.21,0.001295,1130,20,501+,0.33,0.048417,0.089059,0,0,0,,0.5161,2024-25
2026-07-27,2026-08-03,33009,Grafton County,New Hampshire,NH,quiet,0.000283,1073,7,501+,0.21,0.001492,1035,7,501+,0.37,0.048289,0.103103,0,0,0,,0.911,2024-25
2026-07-27,2026-08-03,09150,Northeastern Connecticut Planning Region,Connecticut,CT,quiet,0.000283,1074,8,501+,0.21,0.0016,992,8,501+,0.4,0.048234,0.110694,0,0,0,,0.975,2024-25
2026-07-27,2026-08-03,19033,Cerro Gordo County,Iowa,IA,quiet,0.000283,1075,11,501+,0.21,0.001541,1011,12,501+,0.39,0.04823,0.106526,0,0,0,,0.9168357,2024-25
2026-07-27,2026-08-03,48357,Ochiltree County,Texas,TX,quiet,0.000282,1076,115,501+,0.21,0.000697,1575,178,501+,0.18,0.048068,0.04598,0,0,0,,0.979167,2024-25
2026-07-27,2026-08-03,36107,Tioga County,New York,NY,quiet,0.000281,1077,37,501+,0.21,0.001525,1019,35,501+,0.38,0.047856,0.105407,0,0,0,,0.997923694,2024-25
2026-07-27,2026-08-03,16035,Clearwater County,Idaho,ID,quiet,0.00028,1078,26,501+,0.21,0.000758,1508,34,501+,0.19,0.047749,0.050356,0,0,0,,0.77,2024-25
2026-07-27,2026-08-03,37127,Nash County,North Carolina,NC,quiet,0.00028,1079,40,501+,0.21,0.002606,723,30,501+,0.65,0.047709,0.178619,0,0,1,26,0.95996276,2024-25
2026-07-27,2026-08-03,20193,Thomas County,Kansas,KS,quiet,0.000279,1080,18,501+,0.21,0.00055,1799,57,501+,0.14,0.047612,0.035458,0,0,0,,0.8324,2024-25
2026-07-27,2026-08-03,20019,Chautauqua County,Kansas,KS,quiet,0.000279,1081,19,501+,0.21,0.000661,1623,39,501+,0.17,0.047508,0.043406,0,0,0,,0.6935,2024-25
2026-07-27,2026-08-03,22011,Beauregard Parish,Louisiana,LA,quiet,0.000279,1082,15,501+,0.21,0.001389,1085,17,501+,0.35,0.047502,0.095743,0,0,0,,0.8971,2024-25
2026-07-27,2026-08-03,48313,Madison County,Texas,TX,quiet,0.000278,1083,116,501+,0.21,0.001383,1090,119,501+,0.35,0.047391,0.095319,0,0,0,,0.965714,2024-25
2026-07-27,2026-08-03,36015,Chemung County,New York,NY,quiet,0.000277,1084,38,501+,0.21,0.001583,997,34,501+,0.4,0.047197,0.109479,0,0,0,,0.997523633,2024-25
2026-07-27,2026-08-03,51199,York County,Virginia,VA,quiet,0.000276,1085,32,501+,0.21,0.001482,1042,31,501+,0.37,0.047096,0.102386,0,0,0,,0.934,2024-25
2026-07-27,2026-08-03,48079,Cochran County,Texas,TX,quiet,0.000275,1086,117,501+,0.21,0.001543,1010,105,501+,0.39,0.046959,0.106654,0,0,14,66,0.926829,2024-25
2026-07-27,2026-08-03,37023,Burke County,North Carolina,NC,quiet,0.000275,1087,41,501+,0.21,0.001372,1092,46,501+,0.34,0.046935,0.094524,0,0,1,21,0.95911602,2024-25
2026-07-27,2026-08-03,48089,Colorado County,Texas,TX,quiet,0.000275,1088,118,501+,0.21,0.003478,593,52,501+,0.87,0.04693,0.232272,0,0,0,,0.974545,2024-25
2026-07-27,2026-08-03,36101,Steuben County,New York,NY,quiet,0.000275,1089,39,501+,0.21,0.001792,930,29,501+,0.45,0.046927,0.124121,0,0,0,,0.998200815,2024-25
2026-07-27,2026-08-03,36115,Washington County,New York,NY,quiet,0.000275,1090,40,501+,0.2,0.001326,1113,40,501+,0.33,0.046845,0.091224,0,0,0,,0.998498723,2024-25
2026-07-27,2026-08-03,36021,Columbia County,New York,NY,quiet,0.000275,1091,41,501+,0.2,0.00077,1497,50,501+,0.19,0.046834,0.051202,0,0,0,,0.992281204,2024-25
2026-07-27,2026-08-03,48217,Hill County,Texas,TX,quiet,0.000274,1092,119,501+,0.2,0.001489,1037,111,501+,0.37,0.046722,0.102869,0,0,0,,0.892857,2024-25
2026-07-27,2026-08-03,29113,Lincoln County,Missouri,MO,quiet,0.000274,1093,23,501+,0.2,0.001994,860,17,501+,0.5,0.046701,0.138004,0,0,0,,0.936,2024-25
2026-07-27,2026-08-03,54069,Ohio County,West Virginia,WV,quiet,0.000274,1094,9,501+,0.2,0.001866,900,5,501+,0.47,0.046622,0.129191,0,0,0,,,
2026-07-27,2026-08-03,29027,Callaway County,Missouri,MO,quiet,0.000273,1095,24,501+,0.2,0.000898,1379,36,501+,0.23,0.046614,0.060442,0,0,0,,0.905,2024-25
2026-07-27,2026-08-03,06051,Mono County,California,CA,quiet,0.000273,1096,47,501+,0.2,0.000745,1518,52,501+,0.19,0.046555,0.049435,0,0,0,,0.99,2024-25
2026-07-27,2026-08-03,47107,McMinn County,Tennessee,TN,quiet,0.000273,1097,21,501+,0.2,0.001535,1015,21,501+,0.39,0.046481,0.106084,0,0,0,,0.932,2024-25
2026-07-27,2026-08-03,08107,Routt County,Colorado,CO,quiet,0.000272,1098,31,501+,0.2,0.00177,936,25,501+,0.44,0.046429,0.122559,0,0,0,,0.9426,2024-25
2026-07-27,2026-08-03,40087,McClain County,Oklahoma,OK,quiet,0.000272,1099,17,501+,0.2,0.002259,796,12,501+,0.57,0.046391,0.155886,0,0,0,,0.8845,2024-25
2026-07-27,2026-08-03,48285,Lavaca County,Texas,TX,quiet,0.000272,1100,120,501+,0.2,0.00069,1587,179,501+,0.17,0.046368,0.045484,0,0,0,,0.95389,2024-25
2026-07-27,2026-08-03,55101,Racine County,Wisconsin,WI,quiet,0.000272,1101,28,501+,0.2,0.001537,1014,28,501+,0.39,0.046306,0.106239,0,0,0,,0.81,2024-25
2026-07-27,2026-08-03,55089,Ozaukee County,Wisconsin,WI,quiet,0.000271,1102,29,501+,0.2,0.002658,715,14,501+,0.67,0.046237,0.181931,0,0,0,,0.89,2024-25
2026-07-27,2026-08-03,51630,Fredericksburg City,Virginia,VA,quiet,0.000271,1103,33,501+,0.2,0.000814,1453,47,501+,0.2,0.046176,0.054379,0,0,0,,0.898,2024-25
2026-07-27,2026-08-03,26003,Alger County,Michigan,MI,quiet,0.00027,1104,28,501+,0.2,0.000597,1706,54,501+,0.15,0.046079,0.038826,0,0,0,,0.98275862,2024-25
2026-07-27,2026-08-03,13103,Effingham County,Georgia,GA,quiet,0.00027,1105,26,501+,0.2,0.001602,990,16,501+,0.4,0.04606,0.110865,0,0,0,,,
2026-07-27,2026-08-03,16059,Lemhi County,Idaho,ID,quiet,0.000269,1106,27,501+,0.2,0.000531,1839,40,501+,0.13,0.045907,0.034074,0,0,0,,0.76,2024-25
2026-07-27,2026-08-03,50023,Washington County,Vermont,VT,quiet,0.000268,1107,6,501+,0.2,0.002419,755,4,501+,0.61,0.045586,0.166452,0,0,1,24,0.93,2024-25
2026-07-27,2026-08-03,31151,Saline County,Nebraska,NE,quiet,0.000267,1108,9,501+,0.2,0.001092,1233,10,501+,0.27,0.045582,0.07447,0,0,0,,0.969849246,2024-25
2026-07-27,2026-08-03,51003,Albemarle County,Virginia,VA,quiet,0.000267,1109,34,501+,0.2,0.001962,867,22,501+,0.49,0.045495,0.135807,0,0,0,,0.893,2024-25
2026-07-27,2026-08-03,40047,Garfield County,Oklahoma,OK,quiet,0.000267,1110,18,501+,0.2,0.002338,777,11,501+,0.59,0.045484,0.161135,0,0,0,,0.9351,2024-25
2026-07-27,2026-08-03,16037,Custer County,Idaho,ID,quiet,0.000267,1111,28,501+,0.2,0.001202,1176,26,501+,0.3,0.045461,0.082352,0,0,0,,0.66,2024-25
2026-07-27,2026-08-03,48415,Scurry County,Texas,TX,quiet,0.000267,1112,121,501+,0.2,0.001867,899,87,501+,0.47,0.045449,0.129308,0,0,1,62,0.972527,2024-25
2026-07-27,2026-08-03,16067,Minidoka County,Idaho,ID,quiet,0.000267,1113,29,501+,0.2,0.001899,890,22,501+,0.48,0.045417,0.131493,0,0,0,,0.92,2024-25
2026-07-27,2026-08-03,09130,Lower Connecticut River Valley Planning Region,Connecticut,CT,quiet,0.000266,1114,9,501+,0.2,0.00145,1059,9,501+,0.36,0.045394,0.100102,0,0,0,,0.982,2024-25
2026-07-27,2026-08-03,27069,Kittson County,Minnesota,MN,quiet,0.000266,1115,27,501+,0.2,0.001324,1115,27,501+,0.33,0.045323,0.091114,0,0,0,,0.712,2024-25
2026-07-27,2026-08-03,36037,Genesee County,New York,NY,quiet,0.000265,1116,42,501+,0.2,0.00135,1105,39,501+,0.34,0.0451,0.092991,0,0,0,,0.997660514,2024-25
2026-07-27,2026-08-03,48321,Matagorda County,Texas,TX,quiet,0.000265,1117,122,501+,0.2,0.000996,1294,149,501+,0.25,0.045098,0.067507,0,0,0,,0.969697,2024-25
2026-07-27,2026-08-03,05145,White County,Arkansas,AR,quiet,0.000265,1118,10,501+,0.2,0.001006,1282,10,501+,0.25,0.045084,0.068241,0,0,0,,,
2026-07-27,2026-08-03,39149,Shelby County,Ohio,OH,quiet,0.000264,1119,45,501+,0.2,0.000933,1352,56,501+,0.23,0.044911,0.06297,0,0,0,,0.776,2024-25
2026-07-27,2026-08-03,28121,Rankin County,Mississippi,MS,quiet,0.000263,1120,9,501+,0.2,0.000953,1334,10,501+,0.24,0.044875,0.06439,0,0,0,,0.9703,2024-25
2026-07-27,2026-08-03,18105,Monroe County,Indiana,IN,quiet,0.000263,1121,19,501+,0.2,0.000954,1332,34,501+,0.24,0.044873,0.064456,0,0,0,,0.9212,2024-25
2026-07-27,2026-08-03,30043,Jefferson County,Montana,MT,quiet,0.000263,1122,13,501+,0.2,0.00182,919,9,501+,0.46,0.04482,0.126034,0,0,0,,,
2026-07-27,2026-08-03,13247,Rockdale County,Georgia,GA,quiet,0.000262,1123,27,501+,0.2,0.001082,1237,29,501+,0.27,0.044702,0.073743,0,0,0,,,
2026-07-27,2026-08-03,55109,St. Croix County,Wisconsin,WI,quiet,0.000262,1124,30,501+,0.2,0.001533,1016,29,501+,0.39,0.044664,0.106003,0,0,0,,0.77,2024-25
2026-07-27,2026-08-03,36105,Sullivan County,New York,NY,quiet,0.000262,1125,43,501+,0.2,0.001616,981,33,501+,0.41,0.044656,0.111837,0,0,0,,0.984604647,2024-25
2026-07-27,2026-08-03,27081,Lincoln County,Minnesota,MN,quiet,0.000262,1126,28,501+,0.2,0.001114,1218,36,501+,0.28,0.04461,0.076045,0,0,0,,0.862,2024-25
2026-07-27,2026-08-03,16021,Boundary County,Idaho,ID,quiet,0.000261,1127,30,501+,0.19,0.003891,549,14,501+,0.98,0.044533,0.255976,0,0,6,38,0.68,2024-25
2026-07-27,2026-08-03,37155,Robeson County,North Carolina,NC,quiet,0.000261,1128,42,501+,0.19,0.001168,1196,49,501+,0.29,0.044529,0.079958,0,0,0,,0.95244134,2024-25
2026-07-27,2026-08-03,22099,St. Martin Parish,Louisiana,LA,quiet,0.000261,1129,16,501+,0.19,0.001029,1264,20,501+,0.26,0.04449,0.069875,0,0,0,,0.9273,2024-25
2026-07-27,2026-08-03,27025,Chisago County,Minnesota,MN,quiet,0.000261,1130,29,501+,0.19,0.001181,1187,31,501+,0.3,0.044443,0.080829,0,0,0,,0.884,2024-25
2026-07-27,2026-08-03,47047,Fayette County,Tennessee,TN,quiet,0.000261,1131,22,501+,0.19,0.001803,926,18,501+,0.45,0.044398,0.124847,0,0,0,,0.938,2024-25
2026-07-27,2026-08-03,48371,Pecos County,Texas,TX,quiet,0.00026,1132,123,501+,0.19,0.001411,1081,116,501+,0.35,0.044205,0.097332,0,0,0,,0.799699,2024-25
2026-07-27,2026-08-03,01031,Coffee County,Alabama,AL,quiet,0.000259,1133,15,501+,0.19,0.001365,1096,12,501+,0.34,0.044159,0.09403,0,0,0,,0.9535,2024-25
2026-07-27,2026-08-03,18065,Henry County,Indiana,IN,quiet,0.000259,1134,20,501+,0.19,0.001422,1075,20,501+,0.36,0.044108,0.09809,0,0,0,,0.885,2024-25
2026-07-27,2026-08-03,55017,Chippewa County,Wisconsin,WI,quiet,0.000258,1135,31,501+,0.19,0.001192,1178,34,501+,0.3,0.043945,0.081622,0,0,0,,0.71,2024-25
2026-07-27,2026-08-03,18167,Vigo County,Indiana,IN,quiet,0.000258,1136,21,501+,0.19,0.001269,1144,23,501+,0.32,0.043866,0.087148,0,0,0,,0.9713,2024-25
2026-07-27,2026-08-03,46079,Lake County,South Dakota,SD,quiet,0.000257,1137,20,501+,0.19,0.00115,1202,19,501+,0.29,0.043805,0.07864,0,0,0,,0.83,2024-25
2026-07-27,2026-08-03,20137,Norton County,Kansas,KS,quiet,0.000257,1138,20,501+,0.19,0.00092,1360,25,501+,0.23,0.043756,0.062032,0,0,0,,0.8419,2024-25
2026-07-27,2026-08-03,38003,Barnes County,North Dakota,ND,quiet,0.000257,1139,16,501+,0.19,0.002937,666,12,501+,0.74,0.04375,0.199571,0,0,0,,0.9205,2024-25
2026-07-27,2026-08-03,26151,Sanilac County,Michigan,MI,quiet,0.000256,1140,29,501+,0.19,0.001338,1109,30,501+,0.34,0.0436,0.092108,0,0,0,,0.88917526,2024-25
2026-07-27,2026-08-03,31043,Dakota County,Nebraska,NE,quiet,0.000256,1141,10,501+,0.19,0.001877,897,7,501+,0.47,0.043598,0.129977,0,0,0,,0.954545455,2024-25
2026-07-27,2026-08-03,47063,Hamblen County,Tennessee,TN,quiet,0.000256,1142,23,501+,0.19,0.000945,1341,29,501+,0.24,0.043527,0.063829,0,0,0,,0.925,2024-25
2026-07-27,2026-08-03,53047,Okanogan County,Washington,WA,quiet,0.000255,1143,31,501+,0.19,0.001263,1147,31,501+,0.32,0.043491,0.08674,0,0,0,,0.892,2024-25
2026-07-27,2026-08-03,22105,Tangipahoa Parish,Louisiana,LA,quiet,0.000255,1144,17,501+,0.19,0.001552,1005,15,501+,0.39,0.04348,0.107279,0,0,0,,0.9189,2024-25
2026-07-27,2026-08-03,16077,Power County,Idaho,ID,quiet,0.000255,1145,31,501+,0.19,0.001099,1228,28,501+,0.28,0.043414,0.074976,0,0,0,,0.86,2024-25
2026-07-27,2026-08-03,21151,Madison County,Kentucky,KY,quiet,0.000254,1146,18,501+,0.19,0.00186,904,16,501+,0.47,0.043304,0.128811,0,0,0,,0.921,2024-25
2026-07-27,2026-08-03,36019,Clinton County,New York,NY,quiet,0.000254,1147,44,501+,0.19,0.000948,1338,46,501+,0.24,0.043298,0.06404,0,0,0,,0.998558131,2024-25
2026-07-27,2026-08-03,41013,Crook County,Oregon,OR,quiet,0.000254,1148,23,501+,0.19,0.001301,1127,22,501+,0.33,0.043234,0.089441,0,0,0,,0.872,2024-25
2026-07-27,2026-08-03,26165,Wexford County,Michigan,MI,quiet,0.000253,1149,30,501+,0.19,0.000761,1503,46,501+,0.19,0.04316,0.05055,0,0,0,,0.856,2024-25
2026-07-27,2026-08-03,48287,Lee County,Texas,TX,quiet,0.000253,1150,124,501+,0.19,0.001267,1146,127,501+,0.32,0.043079,0.087014,0,0,0,,0.94686,2024-25
2026-07-27,2026-08-03,36017,Chenango County,New York,NY,quiet,0.000252,1151,45,501+,0.19,0.000775,1491,49,501+,0.19,0.042966,0.051583,0,0,0,,0.998822159,2024-25
2026-07-27,2026-08-03,37105,Lee County,North Carolina,NC,quiet,0.000252,1152,43,501+,0.19,0.000704,1567,60,501+,0.18,0.042926,0.046424,0,0,0,,0.93621868,2024-25
2026-07-27,2026-08-03,13217,Newton County,Georgia,GA,quiet,0.000252,1153,28,501+,0.19,0.001221,1167,23,501+,0.31,0.042918,0.08376,0,0,0,,,
2026-07-27,2026-08-03,18095,Madison County,Indiana,IN,quiet,0.000252,1154,22,501+,0.19,0.001329,1110,21,501+,0.33,0.04289,0.091491,0,0,0,,0.922,2024-25
2026-07-27,2026-08-03,16029,Caribou County,Idaho,ID,quiet,0.000251,1155,32,501+,0.19,0.001061,1246,30,501+,0.27,0.04279,0.072204,0,0,0,,0.83,2024-25
2026-07-27,2026-08-03,47101,Lewis County,Tennessee,TN,quiet,0.000251,1156,24,501+,0.19,0.000573,1754,44,501+,0.14,0.042666,0.037096,0,0,0,,0.872,2024-25
2026-07-27,2026-08-03,08125,Yuma County,Colorado,CO,quiet,0.00025,1157,32,501+,0.19,0.000779,1489,36,501+,0.2,0.042557,0.051849,0,0,0,,0.9587,2024-25
2026-07-27,2026-08-03,48323,Maverick County,Texas,TX,quiet,0.00025,1158,125,501+,0.19,0.001021,1271,141,501+,0.26,0.042552,0.069364,0,0,0,,0.939425,2024-25
2026-07-27,2026-08-03,48463,Uvalde County,Texas,TX,quiet,0.00025,1159,126,501+,0.19,0.000962,1324,152,501+,0.24,0.042508,0.065047,0,0,0,,0.942257,2024-25
2026-07-27,2026-08-03,48487,Wilbarger County,Texas,TX,quiet,0.000249,1160,127,501+,0.19,0.000827,1443,166,501+,0.21,0.042399,0.055286,0,0,0,,0.97931,2024-25
2026-07-27,2026-08-03,48455,Trinity County,Texas,TX,quiet,0.000249,1161,128,501+,0.19,0.001589,996,101,501+,0.4,0.042384,0.109913,0,0,0,,0.916667,2024-25
2026-07-27,2026-08-03,36039,Greene County,New York,NY,quiet,0.000249,1162,46,501+,0.19,0.001458,1051,36,501+,0.37,0.042319,0.100651,0,0,0,,0.998623609,2024-25
2026-07-27,2026-08-03,51149,Prince George County,Virginia,VA,quiet,0.000248,1163,35,501+,0.19,0.000839,1431,46,501+,0.21,0.04227,0.056171,0,0,0,,0.922,2024-25
2026-07-27,2026-08-03,48359,Oldham County,Texas,TX,quiet,0.000248,1164,129,501+,0.19,0.000578,1743,187,501+,0.15,0.042269,0.037448,0,0,0,,0.842105,2024-25
2026-07-27,2026-08-03,50015,Lamoille County,Vermont,VT,quiet,0.000248,1165,7,501+,0.19,0.002528,740,3,501+,0.63,0.04225,0.173525,0,0,1,72,0.91,2024-25
2026-07-27,2026-08-03,55039,Fond du Lac County,Wisconsin,WI,quiet,0.000248,1166,32,501+,0.18,0.001555,1003,27,501+,0.39,0.042139,0.107489,0,0,0,,0.83,2024-25
2026-07-27,2026-08-03,26107,Mecosta County,Michigan,MI,quiet,0.000247,1167,31,501+,0.18,0.001467,1048,27,501+,0.37,0.042082,0.101329,0,0,0,,0.91252485,2024-25
2026-07-27,2026-08-03,55045,Green County,Wisconsin,WI,quiet,0.000246,1168,33,501+,0.18,0.001141,1205,35,501+,0.29,0.041924,0.078007,0,0,0,,0.89,2024-25
2026-07-27,2026-08-03,54065,Morgan County,West Virginia,WV,quiet,0.000245,1169,10,501+,0.18,0.000691,1586,14,501+,0.17,0.041782,0.045502,0,0,0,,,
2026-07-27,2026-08-03,13313,Whitfield County,Georgia,GA,quiet,0.000245,1170,29,501+,0.18,0.000641,1648,43,501+,0.16,0.041759,0.041967,0,0,0,,,
2026-07-27,2026-08-03,01043,Cullman County,Alabama,AL,quiet,0.000245,1171,16,501+,0.18,0.001808,924,11,501+,0.45,0.041756,0.125241,0,0,0,,0.938,2024-25
2026-07-27,2026-08-03,31111,Lincoln County,Nebraska,NE,quiet,0.000245,1172,11,501+,0.18,0.001043,1260,12,501+,0.26,0.041723,0.070913,0,0,0,,0.945054945,2024-25
2026-07-27,2026-08-03,27007,Beltrami County,Minnesota,MN,quiet,0.000245,1173,30,501+,0.18,0.002041,852,21,501+,0.51,0.041705,0.141214,0,0,0,,0.87,2024-25
2026-07-27,2026-08-03,20155,Reno County,Kansas,KS,quiet,0.000245,1174,21,501+,0.18,0.002289,789,10,501+,0.57,0.041699,0.157893,0,0,0,,0.916,2024-25
2026-07-27,2026-08-03,48163,Frio County,Texas,TX,quiet,0.000244,1175,130,501+,0.18,0.002564,730,71,501+,0.64,0.041612,0.175893,0,0,2,20,0.983333,2024-25
2026-07-27,2026-08-03,48159,Franklin County,Texas,TX,quiet,0.000244,1176,131,501+,0.18,0.001541,1012,106,501+,0.39,0.041554,0.106521,0,0,0,,0.940678,2024-25
2026-07-27,2026-08-03,45001,Abbeville County,South Carolina,SC,quiet,0.000244,1177,28,501+,0.18,0.001356,1101,27,501+,0.34,0.041509,0.0934,0,0,0,,0.942,2024-25
2026-07-27,2026-08-03,48229,Hudspeth County,Texas,TX,quiet,0.000243,1178,132,501+,0.18,0.004423,494,41,151–500,1.11,0.041421,0.284967,0,0,136,16,0.9375,2024-25
2026-07-27,2026-08-03,30071,Phillips County,Montana,MT,quiet,0.000243,1179,14,501+,0.18,0.000459,1982,28,501+,0.12,0.041411,0.029036,0,0,0,,,
2026-07-27,2026-08-03,37125,Moore County,North Carolina,NC,quiet,0.000243,1180,44,501+,0.18,0.001424,1073,45,501+,0.36,0.041356,0.098225,0,0,0,,0.94683346,2024-25
2026-07-27,2026-08-03,40073,Kingfisher County,Oklahoma,OK,quiet,0.000243,1181,19,501+,0.18,0.001635,972,14,501+,0.41,0.041336,0.11312,0,0,0,,0.8592,2024-25
2026-07-27,2026-08-03,48177,Gonzales County,Texas,TX,quiet,0.000242,1182,133,501+,0.18,0.001607,988,98,501+,0.4,0.041135,0.111201,0,0,0,,0.975207,2024-25
2026-07-27,2026-08-03,46067,Hutchinson County,South Dakota,SD,quiet,0.000241,1183,21,501+,0.18,0.000879,1396,26,501+,0.22,0.041088,0.0591,0,0,0,,0.63,2024-25
2026-07-27,2026-08-03,29161,Phelps County,Missouri,MO,quiet,0.000241,1184,25,501+,0.18,0.001828,915,20,501+,0.46,0.041045,0.126614,0,0,0,,0.947,2024-25
2026-07-27,2026-08-03,35031,McKinley County,New Mexico,NM,quiet,0.000241,1185,18,501+,0.18,0.000747,1515,22,501+,0.19,0.041015,0.049515,0,0,0,,0.9057,2024-25
2026-07-27,2026-08-03,17041,Douglas County,Illinois,IL,quiet,0.000241,1186,23,501+,0.18,0.000807,1460,29,501+,0.2,0.040924,0.053884,0,0,0,,0.979,2024-25
2026-07-27,2026-08-03,47187,Williamson County,Tennessee,TN,quiet,0.00024,1187,25,501+,0.18,0.002146,826,16,501+,0.54,0.040907,0.1483,0,0,0,,0.912,2024-25
2026-07-27,2026-08-03,12075,Levy County,Florida,FL,quiet,0.00024,1188,39,501+,0.18,0.00139,1083,40,501+,0.35,0.040899,0.095856,0,0,0,,0.954,2024-25
2026-07-27,2026-08-03,51840,Winchester City,Virginia,VA,quiet,0.00024,1189,36,501+,0.18,0.000692,1585,53,501+,0.17,0.040878,0.045571,0,0,0,,0.935,2024-25
2026-07-27,2026-08-03,26025,Calhoun County,Michigan,MI,quiet,0.00024,1190,32,501+,0.18,0.001312,1120,32,501+,0.33,0.040817,0.090223,0,0,0,,0.90742001,2024-25
2026-07-27,2026-08-03,22073,Ouachita Parish,Louisiana,LA,quiet,0.00024,1191,18,501+,0.18,0.001496,1030,16,501+,0.38,0.040766,0.103322,0,0,0,,0.8409,2024-25
2026-07-27,2026-08-03,55097,Portage County,Wisconsin,WI,quiet,0.000239,1192,34,501+,0.18,0.001133,1210,36,501+,0.28,0.040633,0.077407,0,0,0,,0.87,2024-25
2026-07-27,2026-08-03,29229,Wright County,Missouri,MO,quiet,0.000238,1193,26,501+,0.18,0.00086,1407,37,501+,0.22,0.040491,0.057732,0,0,0,,0.773,2024-25
2026-07-27,2026-08-03,19045,Clinton County,Iowa,IA,quiet,0.000237,1194,12,501+,0.18,0.001033,1263,14,501+,0.26,0.040362,0.070206,0,0,0,,0.85464098,2024-25
2026-07-27,2026-08-03,40149,Washita County,Oklahoma,OK,quiet,0.000237,1195,20,501+,0.18,0.00088,1395,29,501+,0.22,0.040281,0.059149,0,0,0,,0.8916,2024-25
2026-07-27,2026-08-03,45047,Greenwood County,South Carolina,SC,quiet,0.000237,1196,29,501+,0.18,0.001175,1192,30,501+,0.3,0.040242,0.080451,0,0,0,,0.963,2024-25
2026-07-27,2026-08-03,50017,Orange County,Vermont,VT,quiet,0.000237,1197,8,501+,0.18,0.000601,1701,10,501+,0.15,0.040234,0.039114,0,0,0,,0.95,2024-25
2026-07-27,2026-08-03,48007,Aransas County,Texas,TX,quiet,0.000235,1198,134,501+,0.18,0.001019,1273,142,501+,0.26,0.040015,0.069159,0,0,0,,0.972678,2024-25
2026-07-27,2026-08-03,13179,Liberty County,Georgia,GA,quiet,0.000235,1199,30,501+,0.18,0.001033,1262,31,501+,0.26,0.03992,0.070232,0,0,0,,,
2026-07-27,2026-08-03,28081,Lee County,Mississippi,MS,quiet,0.000235,1200,10,501+,0.18,0.000705,1562,13,501+,0.18,0.039914,0.046541,0,0,0,,0.9725,2024-25
2026-07-27,2026-08-03,46039,Deuel County,South Dakota,SD,quiet,0.000234,1201,22,501+,0.17,0.001027,1269,22,501+,0.26,0.039789,0.06977,0,0,0,,0.89,2024-25
2026-07-27,2026-08-03,31047,Dawson County,Nebraska,NE,quiet,0.000234,1202,12,501+,0.17,0.001015,1277,13,501+,0.25,0.039774,0.068899,0,0,0,,0.976253298,2024-25
2026-07-27,2026-08-03,38073,Ransom County,North Dakota,ND,quiet,0.000234,1203,17,501+,0.17,0.00131,1122,17,501+,0.33,0.039746,0.09011,0,0,6,17,0.95,2024-25
2026-07-27,2026-08-03,12017,Citrus County,Florida,FL,quiet,0.000233,1204,40,501+,0.17,0.001043,1259,41,501+,0.26,0.039664,0.070937,0,0,0,,0.908,2024-25
2026-07-27,2026-08-03,51121,Montgomery County,Virginia,VA,quiet,0.000233,1205,37,501+,0.17,0.000703,1569,51,501+,0.18,0.039657,0.046358,0,0,0,,0.879,2024-25
2026-07-27,2026-08-03,17179,Tazewell County,Illinois,IL,quiet,0.000233,1206,24,501+,0.17,0.001198,1177,25,501+,0.3,0.039655,0.082067,0,0,0,,0.947,2024-25
2026-07-27,2026-08-03,45081,Saluda County,South Carolina,SC,quiet,0.000233,1207,30,501+,0.17,0.001472,1046,26,501+,0.37,0.03964,0.101643,0,0,2,12,0.97,2024-25
2026-07-27,2026-08-03,41027,Hood River County,Oregon,OR,quiet,0.000232,1208,24,501+,0.17,0.002723,703,15,501+,0.68,0.039403,0.186087,0,0,0,,0.911,2024-25
2026-07-27,2026-08-03,01069,Houston County,Alabama,AL,quiet,0.000231,1209,17,501+,0.17,0.00119,1181,18,501+,0.3,0.039246,0.081476,0,0,0,,0.9509,2024-25
2026-07-27,2026-08-03,40053,Grant County,Oklahoma,OK,quiet,0.00023,1210,21,501+,0.17,0.001027,1266,23,501+,0.26,0.039178,0.069797,0,0,0,,0.9483,2024-25
2026-07-27,2026-08-03,06025,Imperial County,California,CA,quiet,0.00023,1211,48,501+,0.17,0.001908,886,41,501+,0.48,0.039156,0.1321,0,0,0,,0.99098,2024-25
2026-07-27,2026-08-03,40121,Pittsburg County,Oklahoma,OK,quiet,0.00023,1212,22,501+,0.17,0.001119,1215,22,501+,0.28,0.039153,0.076422,0,0,0,,0.8946,2024-25
2026-07-27,2026-08-03,16007,Bear Lake County,Idaho,ID,quiet,0.00023,1213,33,501+,0.17,0.000612,1689,38,501+,0.15,0.039088,0.03987,0,0,0,,0.86,2024-25
2026-07-27,2026-08-03,26045,Eaton County,Michigan,MI,quiet,0.00023,1214,33,501+,0.17,0.002224,807,22,501+,0.56,0.039054,0.153506,0,0,0,,0.92349138,2024-25
2026-07-27,2026-08-03,55131,Washington County,Wisconsin,WI,quiet,0.00023,1215,35,501+,0.17,0.000976,1311,38,501+,0.24,0.039047,0.066058,0,0,0,,0.85,2024-25
2026-07-27,2026-08-03,27009,Benton County,Minnesota,MN,quiet,0.000229,1216,31,501+,0.17,0.001241,1155,29,501+,0.31,0.039003,0.085155,0,0,0,,0.9,2024-25
2026-07-27,2026-08-03,51031,Campbell County,Virginia,VA,quiet,0.000229,1217,38,501+,0.17,0.001231,1162,35,501+,0.31,0.038977,0.084468,0,0,0,,0.89,2024-25
2026-07-27,2026-08-03,23029,Washington County,Maine,ME,quiet,0.000229,1218,10,501+,0.17,0.001217,1168,9,501+,0.31,0.038891,0.083454,0,0,0,,0.9738,2024-25
2026-07-27,2026-08-03,20023,Cheyenne County,Kansas,KS,quiet,0.000228,1219,22,501+,0.17,0.000761,1504,31,501+,0.19,0.038834,0.050544,0,0,0,,0.8193,2024-25
2026-07-27,2026-08-03,56017,Hot Springs County,Wyoming,WY,quiet,0.000228,1220,18,501+,0.17,0.00061,1691,22,501+,0.15,0.038825,0.039726,0,0,0,,0.95,2022-23
2026-07-27,2026-08-03,48289,Leon County,Texas,TX,quiet,0.000228,1221,135,501+,0.17,0.002029,857,84,501+,0.51,0.038787,0.140359,0,0,0,,0.951923,2024-25
2026-07-27,2026-08-03,38081,Sargent County,North Dakota,ND,quiet,0.000228,1222,18,501+,0.17,0.001238,1158,18,501+,0.31,0.038726,0.084942,0,0,0,,0.8478,2024-25
2026-07-27,2026-08-03,40071,Kay County,Oklahoma,OK,quiet,0.000228,1223,23,501+,0.17,0.000727,1537,37,501+,0.18,0.038721,0.048081,0,0,0,,0.9417,2024-25
2026-07-27,2026-08-03,40137,Stephens County,Oklahoma,OK,quiet,0.000227,1224,24,501+,0.17,0.001268,1145,21,501+,0.32,0.038542,0.087122,0,0,0,,0.9123,2024-25
2026-07-27,2026-08-03,38045,LaMoure County,North Dakota,ND,quiet,0.000226,1225,19,501+,0.17,0.00081,1457,23,501+,0.2,0.038439,0.05412,0,0,0,,0.8889,2024-25
2026-07-27,2026-08-03,27083,Lyon County,Minnesota,MN,quiet,0.000226,1226,32,501+,0.17,0.000908,1372,39,501+,0.23,0.038423,0.061133,0,0,0,,0.871,2024-25
2026-07-27,2026-08-03,28035,Forrest County,Mississippi,MS,quiet,0.000226,1227,11,501+,0.17,0.001086,1235,9,501+,0.27,0.038347,0.074004,0,0,0,,0.9705,2024-25
2026-07-27,2026-08-03,13285,Troup County,Georgia,GA,quiet,0.000225,1228,31,501+,0.17,0.000583,1734,52,501+,0.15,0.038309,0.037829,0,0,0,,,
2026-07-27,2026-08-03,48179,Gray County,Texas,TX,quiet,0.000225,1229,136,501+,0.17,0.000999,1289,146,501+,0.25,0.038308,0.067747,0,0,0,,0.971698,2024-25
2026-07-27,2026-08-03,22089,St. Charles Parish,Louisiana,LA,quiet,0.000225,1230,19,501+,0.17,0.001825,917,14,501+,0.46,0.038251,0.12637,0,0,0,,0.9542,2024-25
2026-07-27,2026-08-03,37055,Dare County,North Carolina,NC,quiet,0.000225,1231,45,501+,0.17,0.0019,889,38,501+,0.48,0.038246,0.131567,0,0,0,,0.95348837,2024-25
2026-07-27,2026-08-03,48005,Angelina County,Texas,TX,quiet,0.000224,1232,137,501+,0.17,0.001053,1253,139,501+,0.26,0.038083,0.071664,0,0,0,,0.938662,2024-25
2026-07-27,2026-08-03,16039,Elmore County,Idaho,ID,quiet,0.000224,1233,34,501+,0.17,0.00094,1344,31,501+,0.24,0.038008,0.063461,0,0,0,,0.86,2024-25
2026-07-27,2026-08-03,47167,Tipton County,Tennessee,TN,quiet,0.000224,1234,26,501+,0.17,0.000869,1403,32,501+,0.22,0.038004,0.058318,0,0,0,,0.953,2024-25
2026-07-27,2026-08-03,26157,Tuscola County,Michigan,MI,quiet,0.000223,1235,34,501+,0.17,0.001923,878,24,501+,0.48,0.037872,0.133169,0,0,0,,0.90662139,2024-25
2026-07-27,2026-08-03,16047,Gooding County,Idaho,ID,quiet,0.000222,1236,35,501+,0.17,0.001062,1245,29,501+,0.27,0.037784,0.072273,0,0,0,,0.72,2024-25
2026-07-27,2026-08-03,44009,Washington County,Rhode Island,RI,quiet,0.000222,1237,3,501+,0.17,0.001254,1150,4,501+,0.31,0.037774,0.08612,0,0,0,,0.939,2024-25
2026-07-27,2026-08-03,05127,Scott County,Arkansas,AR,quiet,0.000222,1238,11,501+,0.17,0.000383,2159,27,501+,0.1,0.037715,0.023728,0,0,0,,,
2026-07-27,2026-08-03,02130,Ketchikan Gateway Borough,Alaska,AK,quiet,0.000222,1239,7,501+,0.17,0.000652,1635,9,501+,0.16,0.037645,0.042752,0,0,0,,,
2026-07-27,2026-08-03,37167,Stanly County,North Carolina,NC,quiet,0.000221,1240,46,501+,0.16,0.001915,884,37,501+,0.48,0.037577,0.132564,0,0,0,,0.93632417,2024-25
2026-07-27,2026-08-03,48059,Callahan County,Texas,TX,quiet,0.000221,1241,138,501+,0.16,0.00216,822,80,501+,0.54,0.037525,0.149264,0,0,0,,0.914634,2024-25
2026-07-27,2026-08-03,48233,Hutchinson County,Texas,TX,quiet,0.000221,1242,139,501+,0.16,0.001302,1126,125,501+,0.33,0.03747,0.089517,0,0,0,,0.952381,2024-25
2026-07-27,2026-08-03,39067,Harrison County,Ohio,OH,quiet,0.00022,1243,46,501+,0.16,0.000983,1306,54,501+,0.25,0.037422,0.066619,0,0,0,,,
2026-07-27,2026-08-03,08091,Ouray County,Colorado,CO,quiet,0.00022,1244,33,501+,0.16,0.000671,1611,38,501+,0.17,0.037293,0.044098,0,0,0,,0.8846,2024-25
2026-07-27,2026-08-03,47031,Coffee County,Tennessee,TN,quiet,0.000219,1245,27,501+,0.16,0.000757,1509,37,501+,0.19,0.037281,0.05025,0,0,0,,0.956,2024-25
2026-07-27,2026-08-03,20121,Miami County,Kansas,KS,quiet,0.000219,1246,23,501+,0.16,0.001012,1278,22,501+,0.25,0.037276,0.068691,0,0,0,,0.8672,2024-25
2026-07-27,2026-08-03,48057,Calhoun County,Texas,TX,quiet,0.000219,1247,140,501+,0.16,0.000963,1322,151,501+,0.24,0.037223,0.065139,0,0,0,,0.971888,2024-25
2026-07-27,2026-08-03,27019,Carver County,Minnesota,MN,quiet,0.000219,1248,33,501+,0.16,0.002174,818,18,501+,0.55,0.037172,0.150161,0,0,0,,0.858,2024-25
2026-07-27,2026-08-03,41001,Baker County,Oregon,OR,quiet,0.000218,1249,25,501+,0.16,0.000877,1398,25,501+,0.22,0.0371,0.058935,0,0,0,,0.819,2024-25
2026-07-27,2026-08-03,30053,Lincoln County,Montana,MT,quiet,0.000218,1250,15,501+,0.16,0.001002,1285,13,501+,0.25,0.037007,0.067967,0,0,0,,,
2026-07-27,2026-08-03,53039,Klickitat County,Washington,WA,quiet,0.000217,1251,32,501+,0.16,0.001418,1077,29,501+,0.36,0.036895,0.097848,0,0,0,,0.874,2024-25
2026-07-27,2026-08-03,20113,McPherson County,Kansas,KS,quiet,0.000217,1252,24,501+,0.16,0.001055,1252,21,501+,0.26,0.036778,0.071766,0,0,0,,0.8899,2024-25
2026-07-27,2026-08-03,38021,Dickey County,North Dakota,ND,quiet,0.000216,1253,20,501+,0.16,0.001025,1270,20,501+,0.26,0.036767,0.069598,0,0,0,,0.7174,2024-25
2026-07-27,2026-08-03,51790,Staunton City,Virginia,VA,quiet,0.000216,1254,39,501+,0.16,0.000933,1351,44,501+,0.23,0.036753,0.06298,0,0,0,,0.967,2024-25
2026-07-27,2026-08-03,55049,Iowa County,Wisconsin,WI,quiet,0.000216,1255,36,501+,0.16,0.000955,1331,39,501+,0.24,0.036747,0.064536,0,0,0,,0.53,2024-25
2026-07-27,2026-08-03,19167,Sioux County,Iowa,IA,quiet,0.000216,1256,13,501+,0.16,0.001273,1140,13,501+,0.32,0.036733,0.087495,0,0,0,,0.82097649,2024-25
2026-07-27,2026-08-03,17141,Ogle County,Illinois,IL,quiet,0.000216,1257,25,501+,0.16,0.001215,1169,24,501+,0.31,0.036639,0.083296,0,0,0,,0.952,2024-25
2026-07-27,2026-08-03,32013,Humboldt County,Nevada,NV,quiet,0.000216,1258,10,501+,0.16,0.000727,1536,11,501+,0.18,0.036632,0.048137,0,0,0,,0.848,2024-25
2026-07-27,2026-08-03,29201,Scott County,Missouri,MO,quiet,0.000215,1259,27,501+,0.16,0.000695,1580,48,501+,0.17,0.036563,0.045839,0,0,0,,0.947,2024-25
2026-07-27,2026-08-03,18053,Grant County,Indiana,IN,quiet,0.000215,1260,23,501+,0.16,0.00075,1512,41,501+,0.19,0.036506,0.049735,0,0,0,,0.9022,2024-25
2026-07-27,2026-08-03,18133,Putnam County,Indiana,IN,quiet,0.000215,1261,24,501+,0.16,0.00106,1247,28,501+,0.27,0.036436,0.072179,0,0,1,55,0.9098,2024-25
2026-07-27,2026-08-03,48093,Comanche County,Texas,TX,quiet,0.000214,1262,141,501+,0.16,0.001051,1254,140,501+,0.26,0.036271,0.071472,0,0,0,,0.969512,2024-25
2026-07-27,2026-08-03,37027,Caldwell County,North Carolina,NC,quiet,0.000214,1263,47,501+,0.16,0.001443,1063,44,501+,0.36,0.036251,0.099565,0,0,0,,0.96386946,2024-25
2026-07-27,2026-08-03,26015,Barry County,Michigan,MI,quiet,0.000214,1264,35,501+,0.16,0.001951,871,23,501+,0.49,0.03625,0.13508,0,0,0,,0.89162562,2024-25
2026-07-27,2026-08-03,20095,Kingman County,Kansas,KS,quiet,0.000213,1265,25,501+,0.16,0.001431,1069,17,501+,0.36,0.036247,0.098766,0,0,0,,0.5769,2024-25
2026-07-27,2026-08-03,55055,Jefferson County,Wisconsin,WI,quiet,0.000213,1266,37,501+,0.16,0.002403,763,16,501+,0.6,0.036181,0.165412,0,0,0,,0.84,2024-25
2026-07-27,2026-08-03,39039,Defiance County,Ohio,OH,quiet,0.000213,1267,47,501+,0.16,0.001202,1175,50,501+,0.3,0.036158,0.082405,0,0,1,68,0.903,2024-25
2026-07-27,2026-08-03,31069,Garden County,Nebraska,NE,quiet,0.000213,1268,13,501+,0.16,0.000248,2604,75,501+,0.06,0.036119,0.014568,0,0,0,,0.636363636,2024-25
2026-07-27,2026-08-03,27173,Yellow Medicine County,Minnesota,MN,quiet,0.000212,1269,34,501+,0.16,0.000465,1965,67,501+,0.12,0.036022,0.029468,0,0,0,,0.957,2024-25
2026-07-27,2026-08-03,05005,Baxter County,Arkansas,AR,quiet,0.000212,1270,12,501+,0.16,0.00092,1361,12,501+,0.23,0.03599,0.062017,0,0,0,,,
2026-07-27,2026-08-03,18067,Howard County,Indiana,IN,quiet,0.000211,1271,25,501+,0.16,0.001018,1275,30,501+,0.26,0.035893,0.069087,0,0,0,,0.8882,2024-25
2026-07-27,2026-08-03,01033,Colbert County,Alabama,AL,quiet,0.000211,1272,18,501+,0.16,0.000825,1446,21,501+,0.21,0.035873,0.055199,0,0,0,,0.9597,2024-25
2026-07-27,2026-08-03,18157,Tippecanoe County,Indiana,IN,quiet,0.000211,1273,26,501+,0.16,0.001049,1255,29,501+,0.26,0.035818,0.071356,0,0,0,,0.952,2024-25
2026-07-27,2026-08-03,51047,Culpeper County,Virginia,VA,quiet,0.000211,1274,40,501+,0.16,0.0016,993,29,501+,0.4,0.035765,0.110673,0,0,0,,0.947,2024-25
2026-07-27,2026-08-03,48009,Archer County,Texas,TX,quiet,0.00021,1275,142,501+,0.16,0.001519,1024,107,501+,0.38,0.035701,0.105013,0,0,0,,0.94964,2024-25
2026-07-27,2026-08-03,20055,Finney County,Kansas,KS,quiet,0.00021,1276,26,501+,0.16,0.000651,1636,41,501+,0.16,0.035678,0.042689,0,0,0,,0.9851,2024-25
2026-07-27,2026-08-03,30007,Broadwater County,Montana,MT,quiet,0.00021,1277,16,501+,0.16,0.001757,943,10,501+,0.44,0.035677,0.121638,0,0,0,,,
2026-07-27,2026-08-03,05031,Craighead County,Arkansas,AR,quiet,0.00021,1278,13,501+,0.16,0.000972,1316,11,501+,0.24,0.0356,0.065758,0,0,0,,,
2026-07-27,2026-08-03,48067,Cass County,Texas,TX,quiet,0.000209,1279,143,501+,0.16,0.001115,1217,133,501+,0.28,0.035425,0.076108,0,0,0,,0.956012,2024-25
2026-07-27,2026-08-03,48193,Hamilton County,Texas,TX,quiet,0.000209,1280,144,501+,0.16,0.000859,1408,161,501+,0.22,0.035422,0.057633,0,0,0,,0.895833,2024-25
2026-07-27,2026-08-03,05059,Hot Spring County,Arkansas,AR,quiet,0.000209,1281,14,501+,0.16,0.00052,1855,23,501+,0.13,0.035406,0.03333,0,0,0,,,
2026-07-27,2026-08-03,48227,Howard County,Texas,TX,quiet,0.000209,1282,145,501+,0.16,0.001007,1281,144,501+,0.25,0.035388,0.068311,0,0,0,,0.953964,2024-25
2026-07-27,2026-08-03,13127,Glynn County,Georgia,GA,quiet,0.000208,1283,32,501+,0.16,0.001206,1173,24,501+,0.3,0.035333,0.082657,0,0,0,,,
2026-07-27,2026-08-03,13185,Lowndes County,Georgia,GA,quiet,0.000208,1284,33,501+,0.16,0.001503,1028,17,501+,0.38,0.035295,0.103826,0,0,0,,,
2026-07-27,2026-08-03,27105,Nobles County,Minnesota,MN,quiet,0.000208,1285,35,501+,0.15,0.001097,1230,37,501+,0.28,0.035249,0.074807,0,0,0,,0.858,2024-25
2026-07-27,2026-08-03,48347,Nacogdoches County,Texas,TX,quiet,0.000208,1286,146,501+,0.15,0.000835,1435,164,501+,0.21,0.035216,0.055899,0,0,0,,0.946475,2024-25
2026-07-27,2026-08-03,54079,Putnam County,West Virginia,WV,quiet,0.000207,1287,11,501+,0.15,0.001048,1256,10,501+,0.26,0.035184,0.071261,0,0,0,,,
2026-07-27,2026-08-03,51685,Manassas Park City,Virginia,VA,quiet,0.000207,1288,41,501+,0.15,0.001103,1226,38,501+,0.28,0.035155,0.075254,0,0,0,,0.958,2024-25
2026-07-27,2026-08-03,26127,Oceana County,Michigan,MI,quiet,0.000207,1289,36,501+,0.15,0.001006,1283,38,501+,0.25,0.035135,0.068229,0,0,0,,0.88541667,2024-25
2026-07-27,2026-08-03,40153,Woodward County,Oklahoma,OK,quiet,0.000207,1290,25,501+,0.15,0.001415,1080,18,501+,0.36,0.035122,0.097635,0,0,0,,0.7798,2024-25
2026-07-27,2026-08-03,30041,Hill County,Montana,MT,quiet,0.000207,1291,17,501+,0.15,0.001348,1106,12,501+,0.34,0.035091,0.092851,0,0,4,60,,
2026-07-27,2026-08-03,37113,Macon County,North Carolina,NC,quiet,0.000206,1292,48,501+,0.15,0.001279,1137,47,501+,0.32,0.035034,0.087893,0,0,0,,0.86319218,2024-25
2026-07-27,2026-08-03,13157,Jackson County,Georgia,GA,quiet,0.000206,1293,34,501+,0.15,0.001159,1198,27,501+,0.29,0.034987,0.079246,0,0,0,,,
2026-07-27,2026-08-03,40111,Okmulgee County,Oklahoma,OK,quiet,0.000206,1294,26,501+,0.15,0.000729,1533,36,501+,0.18,0.034966,0.048233,0,0,0,,0.9286,2024-25
2026-07-27,2026-08-03,26145,Saginaw County,Michigan,MI,quiet,0.000206,1295,37,501+,0.15,0.000907,1374,43,501+,0.23,0.034901,0.0611,0,0,0,,0.92585551,2024-25
2026-07-27,2026-08-03,47059,Greene County,Tennessee,TN,quiet,0.000206,1296,28,501+,0.15,0.001137,1208,25,501+,0.29,0.034893,0.077667,0,0,0,,0.955,2024-25
2026-07-27,2026-08-03,47153,Sequatchie County,Tennessee,TN,quiet,0.000206,1297,29,501+,0.15,0.00049,1904,51,501+,0.12,0.034882,0.031217,0,0,0,,0.979,2024-25
2026-07-27,2026-08-03,55041,Forest County,Wisconsin,WI,quiet,0.000206,1298,38,501+,0.15,0.001276,1138,32,501+,0.32,0.034877,0.08765,0,0,0,,0.9,2024-25
2026-07-27,2026-08-03,28023,Clarke County,Mississippi,MS,quiet,0.000206,1299,12,501+,0.15,0.000483,1920,23,501+,0.12,0.034871,0.030717,0,0,0,,0.9834,2024-25
2026-07-27,2026-08-03,37099,Jackson County,North Carolina,NC,quiet,0.000205,1300,49,501+,0.15,0.00118,1188,48,501+,0.3,0.03484,0.080807,0,0,0,,0.92913386,2024-25
2026-07-27,2026-08-03,47089,Jefferson County,Tennessee,TN,quiet,0.000205,1301,30,501+,0.15,0.001522,1021,22,501+,0.38,0.034763,0.105164,0,0,0,,0.952,2024-25
2026-07-27,2026-08-03,20007,Barber County,Kansas,KS,quiet,0.000205,1302,27,501+,0.15,0.000719,1547,34,501+,0.18,0.034738,0.047558,0,0,0,,0.7668,2024-25
2026-07-27,2026-08-03,36077,Otsego County,New York,NY,quiet,0.000203,1303,47,501+,0.15,0.000908,1373,47,501+,0.23,0.034513,0.061133,0,0,0,,0.998883241,2024-25
2026-07-27,2026-08-03,30087,Rosebud County,Montana,MT,quiet,0.000203,1304,18,501+,0.15,0.000614,1687,20,501+,0.15,0.034453,0.040031,0,0,0,,,
2026-07-27,2026-08-03,50025,Windham County,Vermont,VT,quiet,0.000202,1305,9,501+,0.15,0.00132,1117,5,501+,0.33,0.034312,0.090853,0,0,0,,0.91,2024-25
2026-07-27,2026-08-03,29109,Lawrence County,Missouri,MO,quiet,0.000202,1306,28,501+,0.15,0.000595,1712,53,501+,0.15,0.034304,0.038635,0,0,0,,0.858,2024-25
2026-07-27,2026-08-03,16003,Adams County,Idaho,ID,quiet,0.000202,1307,36,501+,0.15,0.000893,1382,33,501+,0.22,0.034287,0.060081,0,0,0,,0.6,2024-25
2026-07-27,2026-08-03,19099,Jasper County,Iowa,IA,quiet,0.000202,1308,14,501+,0.15,0.000953,1333,15,501+,0.24,0.034273,0.064409,0,0,0,,0.90196078,2024-25
2026-07-27,2026-08-03,13073,Columbia County,Georgia,GA,quiet,0.000201,1309,35,501+,0.15,0.000944,1342,34,501+,0.24,0.034096,0.063788,0,0,0,,,
2026-07-27,2026-08-03,06063,Plumas County,California,CA,quiet,0.000201,1310,49,501+,0.15,0.001047,1257,48,501+,0.26,0.034037,0.071203,0,0,0,,0.95431,2024-25
2026-07-27,2026-08-03,48249,Jim Wells County,Texas,TX,quiet,0.0002,1311,147,501+,0.15,0.001095,1231,135,501+,0.27,0.033993,0.074665,0,0,0,,0.968553,2024-25
2026-07-27,2026-08-03,06005,Amador County,California,CA,quiet,0.0002,1312,50,501+,0.15,0.000995,1295,49,501+,0.25,0.033938,0.067462,0,0,0,,0.9532,2024-25
2026-07-27,2026-08-03,08075,Logan County,Colorado,CO,quiet,0.0002,1313,34,501+,0.15,0.000627,1670,39,501+,0.16,0.033896,0.040964,0,0,0,,0.9375,2024-25
2026-07-27,2026-08-03,05133,Sevier County,Arkansas,AR,quiet,0.0002,1314,15,501+,0.15,0.000746,1516,16,501+,0.19,0.033838,0.049504,0,0,0,,,
2026-07-27,2026-08-03,39109,Miami County,Ohio,OH,quiet,0.000199,1315,48,501+,0.15,0.0011,1227,52,501+,0.28,0.033746,0.075001,0,0,0,,0.892,2024-25
2026-07-27,2026-08-03,18001,Adams County,Indiana,IN,quiet,0.000199,1316,27,501+,0.15,0.000879,1397,36,501+,0.22,0.033676,0.059081,0,0,0,,0.9156,2024-25
2026-07-27,2026-08-03,01009,Blount County,Alabama,AL,quiet,0.000199,1317,19,501+,0.15,0.00121,1172,17,501+,0.3,0.03367,0.082959,0,0,0,,0.9717,2024-25
2026-07-27,2026-08-03,36113,Warren County,New York,NY,quiet,0.000198,1318,48,501+,0.15,0.001447,1061,37,501+,0.36,0.033622,0.099853,0,0,0,,0.998389224,2024-25
2026-07-27,2026-08-03,26079,Kalkaska County,Michigan,MI,quiet,0.000198,1319,38,501+,0.15,0.000539,1825,56,501+,0.14,0.033595,0.034687,0,0,0,,0.88757396,2024-25
2026-07-27,2026-08-03,48073,Cherokee County,Texas,TX,quiet,0.000198,1320,148,501+,0.15,0.000832,1438,165,501+,0.21,0.03357,0.055711,0,0,0,,0.977901,2024-25
2026-07-27,2026-08-03,19181,Warren County,Iowa,IA,quiet,0.000198,1321,15,501+,0.15,0.002233,804,10,501+,0.56,0.033545,0.154143,0,0,0,,0.86950732,2024-25
2026-07-27,2026-08-03,28123,Scott County,Mississippi,MS,quiet,0.000198,1322,13,501+,0.15,0.000787,1476,12,501+,0.2,0.033517,0.052428,0,0,0,,0.9772,2024-25
2026-07-27,2026-08-03,01049,DeKalb County,Alabama,AL,quiet,0.000198,1323,20,501+,0.15,0.00076,1505,26,501+,0.19,0.033495,0.050519,0,0,0,,0.9273,2024-25
2026-07-27,2026-08-03,51683,Manassas City,Virginia,VA,quiet,0.000197,1324,42,501+,0.15,0.001177,1190,36,501+,0.3,0.03347,0.080592,0,0,0,,0.955,2024-25
2026-07-27,2026-08-03,18081,Johnson County,Indiana,IN,quiet,0.000197,1325,28,501+,0.15,0.001325,1114,22,501+,0.33,0.033468,0.091196,0,0,0,,0.9409,2024-25
2026-07-27,2026-08-03,05033,Crawford County,Arkansas,AR,quiet,0.000197,1326,16,501+,0.15,0.000579,1740,22,501+,0.15,0.033464,0.037535,0,0,0,,,
2026-07-27,2026-08-03,27089,Marshall County,Minnesota,MN,quiet,0.000197,1327,36,501+,0.15,0.000775,1493,47,501+,0.19,0.033405,0.051552,0,0,0,,0.921,2024-25
2026-07-27,2026-08-03,56015,Goshen County,Wyoming,WY,quiet,0.000197,1328,19,501+,0.15,0.000858,1412,19,501+,0.22,0.03339,0.057543,0,0,0,,0.93,2022-23
2026-07-27,2026-08-03,48305,Lynn County,Texas,TX,quiet,0.000197,1329,149,501+,0.15,0.000858,1413,162,501+,0.22,0.033377,0.057521,0,0,2,74,0.913043,2024-25
2026-07-27,2026-08-03,37107,Lenoir County,North Carolina,NC,quiet,0.000196,1330,50,501+,0.15,0.001111,1220,50,501+,0.28,0.033243,0.07582,0,0,0,,0.9521045,2024-25
2026-07-27,2026-08-03,55015,Calumet County,Wisconsin,WI,quiet,0.000196,1331,39,501+,0.15,0.000641,1650,48,501+,0.16,0.033223,0.041927,0,0,0,,0.85,2024-25
2026-07-27,2026-08-03,39097,Madison County,Ohio,OH,quiet,0.000196,1332,49,501+,0.15,0.002299,784,31,501+,0.58,0.033178,0.158552,0,0,0,,0.938,2024-25
2026-07-27,2026-08-03,47185,White County,Tennessee,TN,quiet,0.000195,1333,31,501+,0.15,0.000404,2108,59,501+,0.1,0.033113,0.025178,0,0,0,,0.89,2024-25
2026-07-27,2026-08-03,21033,Caldwell County,Kentucky,KY,quiet,0.000195,1334,19,501+,0.15,0.000596,1709,28,501+,0.15,0.033106,0.038756,0,0,0,,0.928,2024-25
2026-07-27,2026-08-03,31095,Jefferson County,Nebraska,NE,quiet,0.000195,1335,14,501+,0.15,0.000454,1991,36,501+,0.11,0.033105,0.028691,0,0,0,,0.972972973,2024-25
2026-07-27,2026-08-03,48445,Terry County,Texas,TX,quiet,0.000195,1336,150,501+,0.15,0.001263,1148,128,501+,0.32,0.033083,0.086734,0,0,60,64,0.930769,2024-25
2026-07-27,2026-08-03,36023,Cortland County,New York,NY,quiet,0.000195,1337,49,501+,0.15,0.000986,1303,45,501+,0.25,0.033071,0.066771,0,0,0,,0.99913159,2024-25
2026-07-27,2026-08-03,18173,Warrick County,Indiana,IN,quiet,0.000195,1338,29,501+,0.15,0.001245,1153,24,501+,0.31,0.033033,0.085447,0,0,0,,0.9477,2024-25
2026-07-27,2026-08-03,18113,Noble County,Indiana,IN,quiet,0.000195,1339,30,501+,0.15,0.001005,1284,31,501+,0.25,0.032988,0.068149,0,0,0,,0.9147,2024-25
2026-07-27,2026-08-03,13085,Dawson County,Georgia,GA,quiet,0.000195,1340,36,501+,0.15,0.001067,1244,30,501+,0.27,0.032973,0.072647,0,0,0,,,
2026-07-27,2026-08-03,47119,Maury County,Tennessee,TN,quiet,0.000194,1341,32,501+,0.15,0.00102,1272,27,501+,0.26,0.032935,0.069263,0,0,0,,0.892,2024-25
2026-07-27,2026-08-03,48387,Red River County,Texas,TX,quiet,0.000194,1342,151,501+,0.14,0.001008,1279,143,501+,0.25,0.032932,0.068386,0,0,0,,0.966102,2024-25
2026-07-27,2026-08-03,06015,Del Norte County,California,CA,quiet,0.000194,1343,51,501+,0.14,0.000334,2299,56,501+,0.08,0.032888,0.0204,0,0,0,,0.93075,2024-25
2026-07-27,2026-08-03,27107,Norman County,Minnesota,MN,quiet,0.000194,1344,37,501+,0.14,0.001557,1002,24,501+,0.39,0.032823,0.107636,0,0,0,,0.914,2024-25
2026-07-27,2026-08-03,29051,Cole County,Missouri,MO,quiet,0.000194,1345,29,501+,0.14,0.001341,1107,28,501+,0.34,0.032781,0.09234,0,0,0,,0.948,2024-25
2026-07-27,2026-08-03,50011,Franklin County,Vermont,VT,quiet,0.000193,1346,10,501+,0.14,0.001148,1203,9,501+,0.29,0.032737,0.078512,0,0,0,,0.95,2024-25
2026-07-27,2026-08-03,12051,Hendry County,Florida,FL,quiet,0.000193,1347,41,501+,0.14,0.000943,1343,44,501+,0.24,0.03269,0.063705,0,0,0,,0.912,2024-25
2026-07-27,2026-08-03,06021,Glenn County,California,CA,quiet,0.000193,1348,52,501+,0.14,0.000551,1796,53,501+,0.14,0.032626,0.035493,0,0,0,,0.84473,2024-25
2026-07-27,2026-08-03,39159,Union County,Ohio,OH,quiet,0.000192,1349,50,501+,0.14,0.002277,794,34,501+,0.57,0.032603,0.157065,0,0,0,,0.89,2024-25
2026-07-27,2026-08-03,40003,Alfalfa County,Oklahoma,OK,quiet,0.000192,1350,27,501+,0.14,0.000785,1478,33,501+,0.2,0.032509,0.052257,0,0,0,,0.9,2024-25
2026-07-27,2026-08-03,29015,Benton County,Missouri,MO,quiet,0.000192,1351,30,501+,0.14,0.000805,1461,39,501+,0.2,0.032479,0.05376,0,0,0,,0.806,2024-25
2026-07-27,2026-08-03,17091,Kankakee County,Illinois,IL,quiet,0.000192,1352,26,501+,0.14,0.001329,1111,23,501+,0.33,0.032435,0.091478,0,0,0,,0.947,2024-25
2026-07-27,2026-08-03,18023,Clinton County,Indiana,IN,quiet,0.000191,1353,31,501+,0.14,0.000551,1795,48,501+,0.14,0.032425,0.035495,0,0,0,,0.9247,2024-25
2026-07-27,2026-08-03,48225,Houston County,Texas,TX,quiet,0.000191,1354,152,501+,0.14,0.000998,1290,147,501+,0.25,0.032392,0.06769,0,0,0,,0.923858,2024-25
2026-07-27,2026-08-03,51600,Fairfax City,Virginia,VA,quiet,0.000191,1355,43,501+,0.14,0.001856,907,25,501+,0.47,0.032372,0.128513,0,0,0,,0.91,2024-25
2026-07-27,2026-08-03,46061,Hanson County,South Dakota,SD,quiet,0.000191,1356,23,501+,0.14,0.000694,1581,32,501+,0.17,0.03229,0.045764,0,0,0,,0.77,2024-25
2026-07-27,2026-08-03,26037,Clinton County,Michigan,MI,quiet,0.000191,1357,39,501+,0.14,0.001553,1004,26,501+,0.39,0.032285,0.107407,0,0,0,,0.91732283,2024-25
2026-07-27,2026-08-03,46049,Faulk County,South Dakota,SD,quiet,0.000191,1358,24,501+,0.14,0.000258,2563,55,501+,0.06,0.032268,0.015238,0,0,0,,0.56,2024-25
2026-07-27,2026-08-03,48103,Crane County,Texas,TX,quiet,0.000191,1359,153,501+,0.14,0.001354,1104,121,501+,0.34,0.032267,0.093268,0,0,0,,0.976744,2024-25
2026-07-27,2026-08-03,27057,Hubbard County,Minnesota,MN,quiet,0.00019,1360,38,501+,0.14,0.000841,1429,42,501+,0.21,0.032256,0.056338,0,0,0,,0.83,2024-25
2026-07-27,2026-08-03,55073,Marathon County,Wisconsin,WI,quiet,0.00019,1361,40,501+,0.14,0.002151,824,18,501+,0.54,0.032155,0.148622,0,0,0,,0.87,2024-25
2026-07-27,2026-08-03,20057,Ford County,Kansas,KS,quiet,0.00019,1362,28,501+,0.14,0.001801,927,13,501+,0.45,0.032116,0.124746,0,0,0,,0.842,2024-25
2026-07-27,2026-08-03,48495,Winkler County,Texas,TX,quiet,0.000189,1363,154,501+,0.14,0.000563,1767,189,501+,0.14,0.032066,0.036375,0,0,0,,0.991803,2024-25
2026-07-27,2026-08-03,22113,Vermilion Parish,Louisiana,LA,quiet,0.000189,1364,20,501+,0.14,0.001191,1179,18,501+,0.3,0.032051,0.081571,0,0,0,,0.9199,2024-25
2026-07-27,2026-08-03,12125,Union County,Florida,FL,quiet,0.000189,1365,42,501+,0.14,0.000758,1507,47,501+,0.19,0.032001,0.050373,0,0,0,,0.935,2024-25
2026-07-27,2026-08-03,37037,Chatham County,North Carolina,NC,quiet,0.000189,1366,51,501+,0.14,0.001891,894,39,501+,0.47,0.03198,0.130958,0,0,0,,0.95244565,2024-25
2026-07-27,2026-08-03,26009,Antrim County,Michigan,MI,quiet,0.000189,1367,40,501+,0.14,0.000918,1363,42,501+,0.23,0.031917,0.061872,0,0,0,,0.87745098,2024-25
2026-07-27,2026-08-03,37175,Transylvania County,North Carolina,NC,quiet,0.000188,1368,52,501+,0.14,0.000641,1651,64,501+,0.16,0.031889,0.04192,0,0,0,,0.84532374,2024-25
2026-07-27,2026-08-03,19147,Palo Alto County,Iowa,IA,quiet,0.000188,1369,16,501+,0.14,0.00036,2228,59,501+,0.09,0.031874,0.022135,0,0,0,,0.94444444,2024-25
2026-07-27,2026-08-03,29211,Sullivan County,Missouri,MO,quiet,0.000188,1370,31,501+,0.14,0.000423,2053,76,501+,0.11,0.031868,0.026495,0,0,0,,0.959,2024-25
2026-07-27,2026-08-03,20027,Clay County,Kansas,KS,quiet,0.000188,1371,29,501+,0.14,0.000619,1677,44,501+,0.16,0.031865,0.040358,0,0,0,,0.9543,2024-25
2026-07-27,2026-08-03,37061,Duplin County,North Carolina,NC,quiet,0.000188,1372,53,501+,0.14,0.000674,1605,62,501+,0.17,0.031863,0.044288,0,0,0,,0.97982346,2024-25
2026-07-27,2026-08-03,37169,Stokes County,North Carolina,NC,quiet,0.000188,1373,54,501+,0.14,0.001495,1033,43,501+,0.38,0.031862,0.103248,0,0,0,,0.96192893,2024-25
2026-07-27,2026-08-03,31119,Madison County,Nebraska,NE,quiet,0.000188,1374,15,501+,0.14,0.001074,1241,11,501+,0.27,0.031836,0.073123,0,0,0,,0.96925859,2024-25
2026-07-27,2026-08-03,29199,Scotland County,Missouri,MO,quiet,0.000186,1375,32,501+,0.14,0.001716,952,23,501+,0.43,0.031558,0.118784,0,0,0,,0.941,2024-25
2026-07-27,2026-08-03,26067,Ionia County,Michigan,MI,quiet,0.000186,1376,41,501+,0.14,0.001,1288,39,501+,0.25,0.031497,0.067799,0,0,0,,0.9088359,2024-25
2026-07-27,2026-08-03,46115,Spink County,South Dakota,SD,quiet,0.000186,1377,25,501+,0.14,0.000628,1668,38,501+,0.16,0.031448,0.040999,0,0,0,,0.85,2024-25
2026-07-27,2026-08-03,01095,Marshall County,Alabama,AL,quiet,0.000186,1378,21,501+,0.14,0.000785,1479,24,501+,0.2,0.031436,0.052256,0,0,0,,0.9666,2024-25
2026-07-27,2026-08-03,48123,DeWitt County,Texas,TX,quiet,0.000186,1379,155,501+,0.14,0.000823,1449,167,501+,0.21,0.031434,0.055055,0,0,0,,0.951872,2024-25
2026-07-27,2026-08-03,22097,St. Landry Parish,Louisiana,LA,quiet,0.000186,1380,21,501+,0.14,0.000858,1410,23,501+,0.22,0.031426,0.057546,0,0,0,,0.9384,2024-25
2026-07-27,2026-08-03,27113,Pennington County,Minnesota,MN,quiet,0.000185,1381,39,501+,0.14,0.000866,1405,41,501+,0.22,0.031296,0.058148,0,0,0,,0.953,2024-25
2026-07-27,2026-08-03,39171,Williams County,Ohio,OH,quiet,0.000185,1382,51,501+,0.14,0.000717,1549,61,501+,0.18,0.031264,0.047398,0,0,0,,0.878,2024-25
2026-07-27,2026-08-03,48145,Falls County,Texas,TX,quiet,0.000185,1383,156,501+,0.14,0.000856,1416,163,501+,0.22,0.031261,0.057439,0,0,0,,0.955056,2024-25
2026-07-27,2026-08-03,49017,Garfield County,Utah,UT,quiet,0.000185,1384,26,501+,0.14,0.000585,1730,26,501+,0.15,0.03126,0.037937,0,0,0,,,
2026-07-27,2026-08-03,48421,Sherman County,Texas,TX,quiet,0.000185,1385,157,501+,0.14,0.000607,1696,185,501+,0.15,0.031259,0.039497,0,0,0,,0.925926,2024-25
2026-07-27,2026-08-03,22009,Avoyelles Parish,Louisiana,LA,quiet,0.000185,1386,22,501+,0.14,0.000544,1818,32,501+,0.14,0.031235,0.035053,0,0,0,,0.9515,2024-25
2026-07-27,2026-08-03,25019,Nantucket County,Massachusetts,MA,quiet,0.000185,1387,12,501+,0.14,0.001427,1071,10,501+,0.36,0.031232,0.098427,0,0,0,,0.91,2024-25
2026-07-27,2026-08-03,56043,Washakie County,Wyoming,WY,quiet,0.000184,1388,20,501+,0.14,0.000898,1378,18,501+,0.23,0.031204,0.060453,0,0,0,,0.9,2022-23
2026-07-27,2026-08-03,18059,Hancock County,Indiana,IN,quiet,0.000184,1389,32,501+,0.14,0.001489,1038,19,501+,0.37,0.031149,0.102841,0,0,0,,0.9358,2024-25
2026-07-27,2026-08-03,20037,Crawford County,Kansas,KS,quiet,0.000184,1390,30,501+,0.14,0.000884,1389,27,501+,0.22,0.031116,0.059423,0,0,0,,0.9328,2024-25
2026-07-27,2026-08-03,39117,Morrow County,Ohio,OH,quiet,0.000184,1391,52,501+,0.14,0.002284,792,33,501+,0.57,0.031064,0.157495,0,0,0,,0.879,2024-25
2026-07-27,2026-08-03,22077,Pointe Coupee Parish,Louisiana,LA,quiet,0.000184,1392,23,501+,0.14,0.000553,1789,30,501+,0.14,0.031059,0.035628,0,0,0,,0.98,2024-25
2026-07-27,2026-08-03,48331,Milam County,Texas,TX,quiet,0.000183,1393,158,501+,0.14,0.001177,1189,131,501+,0.3,0.03101,0.080602,0,0,0,,0.931271,2024-25
2026-07-27,2026-08-03,48363,Palo Pinto County,Texas,TX,quiet,0.000183,1394,159,501+,0.14,0.000612,1688,184,501+,0.15,0.030996,0.039883,0,0,0,,0.927673,2024-25
2026-07-27,2026-08-03,23023,Sagadahoc County,Maine,ME,quiet,0.000183,1395,11,501+,0.14,0.000743,1521,13,501+,0.19,0.030941,0.049253,0,0,0,,0.987,2024-25
2026-07-27,2026-08-03,40013,Bryan County,Oklahoma,OK,quiet,0.000183,1396,28,501+,0.14,0.001547,1009,16,501+,0.39,0.030924,0.106966,0,0,0,,0.9126,2024-25
2026-07-27,2026-08-03,40127,Pushmataha County,Oklahoma,OK,quiet,0.000183,1397,29,501+,0.14,0.000476,1940,49,501+,0.12,0.030898,0.030217,0,0,0,,0.8169,2024-25
2026-07-27,2026-08-03,40019,Carter County,Oklahoma,OK,quiet,0.000182,1398,30,501+,0.14,0.000737,1524,35,501+,0.19,0.030853,0.048841,0,0,0,,0.8903,2024-25
2026-07-27,2026-08-03,48417,Shackelford County,Texas,TX,quiet,0.000182,1399,160,501+,0.14,0.001788,932,91,501+,0.45,0.030806,0.12379,0,0,1,65,0.902439,2024-25
2026-07-27,2026-08-03,22043,Grant Parish,Louisiana,LA,quiet,0.000182,1400,24,501+,0.14,0.000543,1821,33,501+,0.14,0.030777,0.034926,0,0,0,,0.9,2024-25
2026-07-27,2026-08-03,35006,Cibola County,New Mexico,NM,quiet,0.000182,1401,19,501+,0.14,0.001482,1043,16,501+,0.37,0.030771,0.102349,0,0,0,,0.9235,2024-25
2026-07-27,2026-08-03,39101,Marion County,Ohio,OH,quiet,0.000182,1402,53,501+,0.14,0.000977,1310,55,501+,0.25,0.030771,0.06615,0,0,0,,0.931,2024-25
2026-07-27,2026-08-03,05113,Polk County,Arkansas,AR,quiet,0.000182,1403,17,501+,0.14,0.00066,1624,18,501+,0.17,0.030729,0.043325,0,0,0,,,
2026-07-27,2026-08-03,26027,Cass County,Michigan,MI,quiet,0.000181,1404,42,501+,0.14,0.001609,987,25,501+,0.4,0.030662,0.111326,0,0,0,,0.93643032,2024-25
2026-07-27,2026-08-03,01071,Jackson County,Alabama,AL,quiet,0.000181,1405,22,501+,0.13,0.000808,1458,22,501+,0.2,0.030583,0.053931,0,0,0,,0.9354,2024-25
2026-07-27,2026-08-03,39147,Seneca County,Ohio,OH,quiet,0.000181,1406,54,501+,0.13,0.001798,928,42,501+,0.45,0.030568,0.12455,0,0,0,,0.857,2024-25
2026-07-27,2026-08-03,27135,Roseau County,Minnesota,MN,quiet,0.00018,1407,40,501+,0.13,0.00084,1430,43,501+,0.21,0.030516,0.056254,0,0,0,,0.823,2024-25
2026-07-27,2026-08-03,18035,Delaware County,Indiana,IN,quiet,0.00018,1408,33,501+,0.13,0.000798,1468,40,501+,0.2,0.030501,0.05323,0,0,0,,0.907,2024-25
2026-07-27,2026-08-03,36035,Fulton County,New York,NY,quiet,0.00018,1409,50,501+,0.13,0.000577,1748,54,501+,0.14,0.030477,0.037377,0,0,0,,0.998032059,2024-25
2026-07-27,2026-08-03,48293,Limestone County,Texas,TX,quiet,0.00018,1410,161,501+,0.13,0.000973,1314,150,501+,0.24,0.030355,0.065846,0,0,0,,0.921569,2024-25
2026-07-27,2026-08-03,31067,Gage County,Nebraska,NE,quiet,0.000179,1411,16,501+,0.13,0.000609,1693,23,501+,0.15,0.030331,0.03964,0,0,0,,0.936585366,2024-25
2026-07-27,2026-08-03,42023,Cameron County,Pennsylvania,PA,quiet,0.000179,1412,59,501+,0.13,0.000352,2253,59,501+,0.09,0.0303,0.021571,0,0,0,,0.806,2024-25
2026-07-27,2026-08-03,16063,Lincoln County,Idaho,ID,quiet,0.000179,1413,37,501+,0.13,0.000929,1355,32,501+,0.23,0.030286,0.062702,0,0,0,,0.88,2024-25
2026-07-27,2026-08-03,40015,Caddo County,Oklahoma,OK,quiet,0.000178,1414,31,501+,0.13,0.000964,1320,25,501+,0.24,0.03013,0.065217,0,0,0,,0.8093,2024-25
2026-07-27,2026-08-03,48437,Swisher County,Texas,TX,quiet,0.000178,1415,162,501+,0.13,0.000906,1375,156,501+,0.23,0.030121,0.061029,0,0,0,,0.940476,2024-25
2026-07-27,2026-08-03,54011,Cabell County,West Virginia,WV,quiet,0.000178,1416,12,501+,0.13,0.000699,1574,13,501+,0.18,0.030098,0.046082,0,0,0,,,
2026-07-27,2026-08-03,48239,Jackson County,Texas,TX,quiet,0.000178,1417,163,501+,0.13,0.000997,1293,148,501+,0.25,0.030068,0.067605,0,0,0,,0.953307,2024-25
2026-07-27,2026-08-03,16071,Oneida County,Idaho,ID,quiet,0.000178,1418,38,501+,0.13,0.000512,1868,41,501+,0.13,0.030011,0.032763,0,0,0,,0.85,2024-25
2026-07-27,2026-08-03,02240,Southeast Fairbanks Census Area,Alaska,AK,quiet,0.000178,1419,8,501+,0.13,0.000485,1916,12,501+,0.12,0.030008,0.030841,0,0,0,,,
2026-07-27,2026-08-03,40055,Greer County,Oklahoma,OK,quiet,0.000177,1420,32,501+,0.13,0.000429,2042,56,501+,0.11,0.029993,0.026948,0,0,0,,0.9804,2024-25
2026-07-27,2026-08-03,55013,Burnett County,Wisconsin,WI,quiet,0.000177,1421,41,501+,0.13,0.000593,1713,49,501+,0.15,0.029986,0.038544,0,0,0,,0.66,2024-25
2026-07-27,2026-08-03,48457,Tyler County,Texas,TX,quiet,0.000177,1422,164,501+,0.13,0.000704,1565,176,501+,0.18,0.029986,0.04646,0,0,0,,0.90566,2024-25
2026-07-27,2026-08-03,51029,Buckingham County,Virginia,VA,quiet,0.000177,1423,44,501+,0.13,0.000667,1618,56,501+,0.17,0.029968,0.043789,0,0,0,,0.979,2024-25
2026-07-27,2026-08-03,01121,Talladega County,Alabama,AL,quiet,0.000177,1424,23,501+,0.13,0.000529,1840,32,501+,0.13,0.029962,0.03394,0,0,0,,0.9651,2024-25
2026-07-27,2026-08-03,27149,Stevens County,Minnesota,MN,quiet,0.000177,1425,41,501+,0.13,0.000429,2041,70,501+,0.11,0.029961,0.026951,0,0,0,,0.864,2024-25
2026-07-27,2026-08-03,29203,Shannon County,Missouri,MO,quiet,0.000177,1426,33,501+,0.13,0.00079,1473,41,501+,0.2,0.029931,0.052661,0,0,0,,0.875,2024-25
2026-07-27,2026-08-03,29039,Cedar County,Missouri,MO,quiet,0.000177,1427,34,501+,0.13,0.00114,1206,29,501+,0.29,0.029907,0.077925,0,0,5,56,0.744,2024-25
2026-07-27,2026-08-03,29029,Camden County,Missouri,MO,quiet,0.000177,1428,35,501+,0.13,0.000963,1323,33,501+,0.24,0.029838,0.065108,0,0,0,,0.907,2024-25
2026-07-27,2026-08-03,48505,Zapata County,Texas,TX,quiet,0.000176,1429,165,501+,0.13,0.000297,2434,222,501+,0.07,0.029736,0.017868,0,0,0,,0.984293,2024-25
2026-07-27,2026-08-03,16087,Washington County,Idaho,ID,quiet,0.000176,1430,39,501+,0.13,0.0007,1571,35,501+,0.18,0.029722,0.046191,0,0,0,,0.79,2024-25
2026-07-27,2026-08-03,17095,Knox County,Illinois,IL,quiet,0.000176,1431,27,501+,0.13,0.000641,1649,32,501+,0.16,0.029713,0.041936,0,0,0,,0.945,2024-25
2026-07-27,2026-08-03,47161,Stewart County,Tennessee,TN,quiet,0.000175,1432,33,501+,0.13,0.00058,1739,43,501+,0.15,0.029577,0.037604,0,0,0,,0.925,2024-25
2026-07-27,2026-08-03,08039,Elbert County,Colorado,CO,quiet,0.000175,1433,35,501+,0.13,0.001366,1094,32,501+,0.34,0.029544,0.094137,0,0,0,,0.795,2024-25
2026-07-27,2026-08-03,48241,Jasper County,Texas,TX,quiet,0.000175,1434,166,501+,0.13,0.000544,1817,193,501+,0.14,0.029533,0.035057,0,0,0,,0.905914,2024-25
2026-07-27,2026-08-03,30089,Sanders County,Montana,MT,quiet,0.000174,1435,19,501+,0.13,0.000802,1467,17,501+,0.2,0.029412,0.053496,0,0,0,,,
2026-07-27,2026-08-03,27161,Waseca County,Minnesota,MN,quiet,0.000174,1436,42,501+,0.13,0.000705,1561,49,501+,0.18,0.029385,0.046547,0,0,0,,0.891,2024-25
2026-07-27,2026-08-03,41061,Union County,Oregon,OR,quiet,0.000174,1437,26,501+,0.13,0.000477,1938,28,501+,0.12,0.029367,0.030312,0,0,0,,0.906,2024-25
2026-07-27,2026-08-03,28071,Lafayette County,Mississippi,MS,quiet,0.000174,1438,14,501+,0.13,0.000516,1861,20,501+,0.13,0.029342,0.033065,0,0,0,,0.9801,2024-25
2026-07-27,2026-08-03,39051,Fulton County,Ohio,OH,quiet,0.000174,1439,55,501+,0.13,0.000836,1433,59,501+,0.21,0.02934,0.055948,0,0,0,,0.882,2024-25
2026-07-27,2026-08-03,05035,Crittenden County,Arkansas,AR,quiet,0.000173,1440,18,501+,0.13,0.000838,1432,14,501+,0.21,0.029258,0.056142,0,0,0,,,
2026-07-27,2026-08-03,08003,Alamosa County,Colorado,CO,quiet,0.000173,1441,36,501+,0.13,0.001666,962,29,501+,0.42,0.029255,0.115328,0,0,0,,0.8,2024-25
2026-07-27,2026-08-03,27147,Steele County,Minnesota,MN,quiet,0.000173,1442,43,501+,0.13,0.001128,1213,34,501+,0.28,0.029215,0.077017,0,0,0,,0.883,2024-25
2026-07-27,2026-08-03,48043,Brewster County,Texas,TX,quiet,0.000173,1443,167,501+,0.13,0.001109,1221,134,501+,0.28,0.029188,0.075657,0,0,1,62,0.839506,2024-25
2026-07-27,2026-08-03,37077,Granville County,North Carolina,NC,quiet,0.000173,1444,55,501+,0.13,0.000911,1370,53,501+,0.23,0.029175,0.061408,0,0,0,,0.97540984,2024-25
2026-07-27,2026-08-03,31073,Gosper County,Nebraska,NE,quiet,0.000173,1445,17,501+,0.13,0.000514,1864,31,501+,0.13,0.029158,0.032906,0,0,0,,0.666666667,2024-25
2026-07-27,2026-08-03,05055,Greene County,Arkansas,AR,quiet,0.000173,1446,19,501+,0.13,0.000629,1665,20,501+,0.16,0.029142,0.041072,0,0,0,,,
2026-07-27,2026-08-03,22047,Iberville Parish,Louisiana,LA,quiet,0.000172,1447,25,501+,0.13,0.000521,1854,34,501+,0.13,0.0291,0.033361,0,0,0,,0.9557,2024-25
2026-07-27,2026-08-03,30085,Roosevelt County,Montana,MT,quiet,0.000172,1448,20,501+,0.13,0.000685,1592,19,501+,0.17,0.029083,0.045082,0,0,0,,,
2026-07-27,2026-08-03,48465,Val Verde County,Texas,TX,quiet,0.000172,1449,168,501+,0.13,0.001,1286,145,501+,0.25,0.029076,0.067847,0,0,0,,0.910334,2024-25
2026-07-27,2026-08-03,29171,Putnam County,Missouri,MO,quiet,0.000172,1450,36,501+,0.13,0.000936,1348,34,501+,0.24,0.029007,0.063213,0,0,0,,0.913,2024-25
2026-07-27,2026-08-03,13035,Butts County,Georgia,GA,quiet,0.000172,1451,37,501+,0.13,0.000474,1946,61,501+,0.12,0.028995,0.030057,0,0,0,,,
2026-07-27,2026-08-03,51113,Madison County,Virginia,VA,quiet,0.000171,1452,45,501+,0.13,0.000677,1599,54,501+,0.17,0.028955,0.044528,0,0,0,,0.888,2024-25
2026-07-27,2026-08-03,21141,Logan County,Kentucky,KY,quiet,0.000171,1453,20,501+,0.13,0.001433,1068,17,501+,0.36,0.028909,0.0989,0,0,0,,0.622,2024-25
2026-07-27,2026-08-03,36003,Allegany County,New York,NY,quiet,0.000171,1454,51,501+,0.13,0.000854,1418,48,501+,0.21,0.028872,0.057291,0,0,0,,0.995199499,2024-25
2026-07-27,2026-08-03,31079,Hall County,Nebraska,NE,quiet,0.00017,1455,18,501+,0.13,0.000961,1325,14,501+,0.24,0.028688,0.064962,0,0,0,,0.96326062,2024-25
2026-07-27,2026-08-03,48273,Kleberg County,Texas,TX,quiet,0.00017,1456,169,501+,0.13,0.000683,1595,180,501+,0.17,0.028639,0.044958,0,0,0,,0.961538,2024-25
2026-07-27,2026-08-03,51143,Pittsylvania County,Virginia,VA,quiet,0.00017,1457,46,501+,0.13,0.000474,1945,68,501+,0.12,0.028621,0.03007,0,0,0,,0.89,2024-25
2026-07-27,2026-08-03,19111,Lee County,Iowa,IA,quiet,0.000169,1458,17,501+,0.13,0.000551,1797,30,501+,0.14,0.028608,0.035488,0,0,0,,0.90555556,2024-25
2026-07-27,2026-08-03,19139,Muscatine County,Iowa,IA,quiet,0.000169,1459,18,501+,0.13,0.000692,1583,21,501+,0.17,0.02857,0.045631,0,0,0,,0.89800443,2024-25
2026-07-27,2026-08-03,26029,Charlevoix County,Michigan,MI,quiet,0.000169,1460,43,501+,0.13,0.000735,1528,47,501+,0.18,0.028548,0.048673,0,0,0,,0.87671233,2024-25
2026-07-27,2026-08-03,20115,Marion County,Kansas,KS,quiet,0.000169,1461,31,501+,0.13,0.000478,1935,65,501+,0.12,0.0285,0.030331,0,0,0,,0.8283,2024-25
2026-07-27,2026-08-03,23017,Oxford County,Maine,ME,quiet,0.000169,1462,12,501+,0.13,0.000826,1445,12,501+,0.21,0.028476,0.055232,0,0,0,,0.9765,2024-25
2026-07-27,2026-08-03,17007,Boone County,Illinois,IL,quiet,0.000169,1463,28,501+,0.13,0.001483,1041,20,501+,0.37,0.028465,0.102419,0,0,0,,0.969,2024-25
2026-07-27,2026-08-03,31065,Furnas County,Nebraska,NE,quiet,0.000169,1464,19,501+,0.13,0.000587,1726,24,501+,0.15,0.028444,0.038062,0,0,0,,0.949367089,2024-25
2026-07-27,2026-08-03,20147,Phillips County,Kansas,KS,quiet,0.000168,1465,32,501+,0.13,0.000404,2107,75,501+,0.1,0.02831,0.025207,0,0,0,,0.8244,2024-25
2026-07-27,2026-08-03,54029,Hancock County,West Virginia,WV,quiet,0.000168,1466,13,501+,0.13,0.001484,1040,9,501+,0.37,0.028299,0.102535,0,0,0,,,
2026-07-27,2026-08-03,38093,Stutsman County,North Dakota,ND,quiet,0.000167,1467,21,501+,0.12,0.000991,1297,21,501+,0.25,0.028235,0.067198,0,0,0,,0.9163,2024-25
2026-07-27,2026-08-03,46005,Beadle County,South Dakota,SD,quiet,0.000167,1468,26,501+,0.12,0.000725,1538,30,501+,0.18,0.028221,0.047976,0,0,0,,0.88,2024-25
2026-07-27,2026-08-03,47139,Polk County,Tennessee,TN,quiet,0.000167,1469,34,501+,0.12,0.000783,1481,35,501+,0.2,0.028158,0.05216,0,0,0,,0.919,2024-25
2026-07-27,2026-08-03,30065,Musselshell County,Montana,MT,quiet,0.000167,1470,21,501+,0.12,0.000391,2140,35,501+,0.1,0.028136,0.024289,0,0,0,,,
2026-07-27,2026-08-03,26123,Newaygo County,Michigan,MI,quiet,0.000167,1471,44,501+,0.12,0.001452,1058,29,501+,0.36,0.028123,0.100228,0,0,0,,0.875,2024-25
2026-07-27,2026-08-03,27153,Todd County,Minnesota,MN,quiet,0.000166,1472,44,501+,0.12,0.000788,1475,45,501+,0.2,0.028034,0.052482,0,0,0,,0.786,2024-25
2026-07-27,2026-08-03,48119,Delta County,Texas,TX,quiet,0.000166,1473,170,501+,0.12,0.000677,1598,181,501+,0.17,0.028028,0.044548,0,0,0,,0.942857,2024-25
2026-07-27,2026-08-03,41049,Morrow County,Oregon,OR,quiet,0.000166,1474,27,501+,0.12,0.000668,1614,26,501+,0.17,0.028024,0.043894,0,0,0,,0.933,2024-25
2026-07-27,2026-08-03,29215,Texas County,Missouri,MO,quiet,0.000166,1475,37,501+,0.12,0.002199,812,14,501+,0.55,0.027996,0.151874,0,0,0,,0.822,2024-25
2026-07-27,2026-08-03,22023,Cameron Parish,Louisiana,LA,quiet,0.000166,1476,26,501+,0.12,0.000939,1345,21,501+,0.24,0.027958,0.063428,0,0,0,,0.9036,2024-25
2026-07-27,2026-08-03,21185,Oldham County,Kentucky,KY,quiet,0.000166,1477,21,501+,0.12,0.001156,1199,18,501+,0.29,0.027941,0.079064,0,0,0,,0.949,2024-25
2026-07-27,2026-08-03,25001,Barnstable County,Massachusetts,MA,quiet,0.000165,1478,13,501+,0.12,0.000912,1369,12,501+,0.23,0.027872,0.061453,0,0,0,,0.952,2024-25
2026-07-27,2026-08-03,20171,Scott County,Kansas,KS,quiet,0.000165,1479,33,501+,0.12,0.000332,2303,83,501+,0.08,0.027847,0.020264,0,0,0,,1.0,2024-25
2026-07-27,2026-08-03,01051,Elmore County,Alabama,AL,quiet,0.000165,1480,24,501+,0.12,0.000761,1502,25,501+,0.19,0.027818,0.050558,0,0,0,,0.9288,2024-25
2026-07-27,2026-08-03,51820,Waynesboro City,Virginia,VA,quiet,0.000165,1481,47,501+,0.12,0.000783,1482,48,501+,0.2,0.027792,0.052145,0,0,0,,0.946,2024-25
2026-07-27,2026-08-03,48391,Refugio County,Texas,TX,quiet,0.000165,1482,171,501+,0.12,0.0007,1572,177,501+,0.18,0.027775,0.046172,0,0,0,,0.967742,2024-25
2026-07-27,2026-08-03,20001,Allen County,Kansas,KS,quiet,0.000164,1483,34,501+,0.12,0.000802,1465,30,501+,0.2,0.027727,0.053537,0,0,0,,0.8688,2024-25
2026-07-27,2026-08-03,22059,LaSalle Parish,Louisiana,LA,quiet,0.000164,1484,27,501+,0.12,0.000452,1997,37,501+,0.11,0.02772,0.028549,0,0,0,,0.9263,2024-25
2026-07-27,2026-08-03,30005,Blaine County,Montana,MT,quiet,0.000164,1485,22,501+,0.12,0.000437,2026,30,501+,0.11,0.027587,0.027504,0,0,0,,,
2026-07-27,2026-08-03,48449,Titus County,Texas,TX,quiet,0.000163,1486,172,501+,0.12,0.000731,1532,172,501+,0.18,0.027491,0.04839,0,0,0,,0.978678,2024-25
2026-07-27,2026-08-03,29007,Audrain County,Missouri,MO,quiet,0.000163,1487,38,501+,0.12,0.000706,1559,47,501+,0.18,0.027489,0.046625,0,0,0,,0.967,2024-25
2026-07-27,2026-08-03,16075,Payette County,Idaho,ID,quiet,0.000163,1488,40,501+,0.12,0.000605,1697,39,501+,0.15,0.027476,0.039347,0,0,0,,0.85,2024-25
2026-07-27,2026-08-03,35039,Rio Arriba County,New Mexico,NM,quiet,0.000163,1489,20,501+,0.12,0.001615,983,14,501+,0.41,0.027475,0.111726,0,0,0,,0.9361,2024-25
2026-07-27,2026-08-03,20031,Coffey County,Kansas,KS,quiet,0.000163,1490,35,501+,0.12,0.00051,1871,59,501+,0.13,0.027441,0.032621,0,0,0,,0.9204,2024-25
2026-07-27,2026-08-03,28083,Leflore County,Mississippi,MS,quiet,0.000163,1491,15,501+,0.12,0.000409,2096,30,501+,0.1,0.027398,0.025569,0,0,0,,0.9803,2024-25
2026-07-27,2026-08-03,20133,Neosho County,Kansas,KS,quiet,0.000162,1492,36,501+,0.12,0.00098,1308,24,501+,0.25,0.027277,0.066345,0,0,0,,0.8044,2024-25
2026-07-27,2026-08-03,17063,Grundy County,Illinois,IL,quiet,0.000161,1493,29,501+,0.12,0.000651,1639,30,501+,0.16,0.027219,0.042628,0,0,0,,0.924,2024-25
2026-07-27,2026-08-03,31093,Howard County,Nebraska,NE,quiet,0.000161,1494,20,501+,0.12,0.000276,2504,69,501+,0.07,0.027184,0.016424,0,0,0,,0.945054945,2024-25
2026-07-27,2026-08-03,32011,Eureka County,Nevada,NV,quiet,0.000161,1495,11,501+,0.12,0.000508,1872,14,501+,0.13,0.027172,0.03249,0,0,0,,0.75,2024-25
2026-07-27,2026-08-03,22045,Iberia Parish,Louisiana,LA,quiet,0.000161,1496,28,501+,0.12,0.000654,1632,27,501+,0.16,0.027156,0.042868,0,0,0,,0.9367,2024-25
2026-07-27,2026-08-03,48237,Jack County,Texas,TX,quiet,0.000161,1497,173,501+,0.12,0.000554,1782,190,501+,0.14,0.027154,0.035761,0,0,0,,0.835294,2024-25
2026-07-27,2026-08-03,37131,Northampton County,North Carolina,NC,quiet,0.000161,1498,56,501+,0.12,0.000513,1867,74,501+,0.13,0.027142,0.032803,0,0,0,,0.98351648,2024-25
2026-07-27,2026-08-03,13129,Gordon County,Georgia,GA,quiet,0.000161,1499,38,501+,0.12,0.000521,1852,55,501+,0.13,0.027123,0.033407,0,0,0,,,
2026-07-27,2026-08-03,47003,Bedford County,Tennessee,TN,quiet,0.000161,1500,35,501+,0.12,0.000893,1381,31,501+,0.22,0.027106,0.060092,0,0,0,,0.971,2024-25
2026-07-27,2026-08-03,08121,Washington County,Colorado,CO,quiet,0.000161,1501,37,501+,0.12,0.000546,1811,41,501+,0.14,0.02707,0.03516,0,0,0,,0.9259,2024-25
2026-07-27,2026-08-03,29123,Madison County,Missouri,MO,quiet,0.00016,1502,39,501+,0.12,0.000769,1499,42,501+,0.19,0.026981,0.051128,0,0,0,,0.967,2024-25
2026-07-27,2026-08-03,29137,Monroe County,Missouri,MO,quiet,0.00016,1503,40,501+,0.12,0.000736,1527,44,501+,0.18,0.02698,0.04878,0,0,0,,0.923,2024-25
2026-07-27,2026-08-03,27063,Jackson County,Minnesota,MN,quiet,0.00016,1504,45,501+,0.12,0.000433,2031,69,501+,0.11,0.026979,0.027188,0,0,0,,0.888,2024-25
2026-07-27,2026-08-03,37195,Wilson County,North Carolina,NC,quiet,0.00016,1505,57,501+,0.12,0.000971,1317,51,501+,0.24,0.026962,0.065741,0,0,0,,0.91975309,2024-25
2026-07-27,2026-08-03,48151,Fisher County,Texas,TX,quiet,0.00016,1506,174,501+,0.12,0.000733,1531,171,501+,0.18,0.026962,0.048537,0,0,0,,0.926829,2024-25
2026-07-27,2026-08-03,46135,Yankton County,South Dakota,SD,quiet,0.00016,1507,27,501+,0.12,0.000973,1315,23,501+,0.24,0.026937,0.065841,0,0,0,,0.97,2024-25
2026-07-27,2026-08-03,20161,Riley County,Kansas,KS,quiet,0.00016,1508,37,501+,0.12,0.000553,1785,56,501+,0.14,0.026905,0.035698,0,0,0,,0.853,2024-25
2026-07-27,2026-08-03,48353,Nolan County,Texas,TX,quiet,0.000159,1509,175,501+,0.12,0.000361,2221,216,501+,0.09,0.026843,0.022187,0,0,0,,0.972222,2024-25
2026-07-27,2026-08-03,19189,Winnebago County,Iowa,IA,quiet,0.000159,1510,19,501+,0.12,0.000882,1390,17,501+,0.22,0.026834,0.059294,0,0,0,,0.88622754,2024-25
2026-07-27,2026-08-03,05115,Pope County,Arkansas,AR,quiet,0.000159,1511,20,501+,0.12,0.000724,1539,17,501+,0.18,0.02678,0.047922,0,0,0,,,
2026-07-27,2026-08-03,47035,Cumberland County,Tennessee,TN,quiet,0.000159,1512,36,501+,0.12,0.000472,1947,53,501+,0.12,0.026729,0.029953,0,0,0,,0.952,2024-25
2026-07-27,2026-08-03,22001,Acadia Parish,Louisiana,LA,quiet,0.000159,1513,29,501+,0.12,0.000738,1523,24,501+,0.19,0.026723,0.048913,0,0,0,,0.8769,2024-25
2026-07-27,2026-08-03,37115,Madison County,North Carolina,NC,quiet,0.000159,1514,58,501+,0.12,0.000964,1321,52,501+,0.24,0.026701,0.065196,0,0,0,,0.87407407,2024-25
2026-07-27,2026-08-03,12129,Wakulla County,Florida,FL,quiet,0.000158,1515,43,501+,0.12,0.000728,1534,49,501+,0.18,0.026692,0.048213,0,0,0,,0.863,2024-25
2026-07-27,2026-08-03,29217,Vernon County,Missouri,MO,quiet,0.000158,1516,41,501+,0.12,0.000622,1674,51,501+,0.16,0.026678,0.040582,0,0,0,,0.891,2024-25
2026-07-27,2026-08-03,01021,Chilton County,Alabama,AL,quiet,0.000158,1517,25,501+,0.12,0.000789,1474,23,501+,0.2,0.026664,0.052604,0,0,0,,0.954,2024-25
2026-07-27,2026-08-03,13115,Floyd County,Georgia,GA,quiet,0.000158,1518,39,501+,0.12,0.000554,1784,54,501+,0.14,0.026659,0.035727,0,0,0,,,
2026-07-27,2026-08-03,27047,Freeborn County,Minnesota,MN,quiet,0.000158,1519,46,501+,0.12,0.000617,1679,53,501+,0.15,0.026653,0.040202,0,0,0,,0.851,2024-25
2026-07-27,2026-08-03,47123,Monroe County,Tennessee,TN,quiet,0.000158,1520,37,501+,0.12,0.001107,1223,26,501+,0.28,0.026603,0.075533,0,0,0,,0.952,2024-25
2026-07-27,2026-08-03,13311,White County,Georgia,GA,quiet,0.000158,1521,40,501+,0.12,0.00093,1354,35,501+,0.23,0.026596,0.062739,0,0,0,,,
2026-07-27,2026-08-03,08113,San Miguel County,Colorado,CO,quiet,0.000158,1522,38,501+,0.12,0.000857,1414,35,501+,0.22,0.026584,0.057502,0,0,0,,0.863,2024-25
2026-07-27,2026-08-03,26105,Mason County,Michigan,MI,quiet,0.000158,1523,45,501+,0.12,0.000723,1543,48,501+,0.18,0.026568,0.047793,0,0,0,,0.88888889,2024-25
2026-07-27,2026-08-03,39167,Washington County,Ohio,OH,quiet,0.000157,1524,56,501+,0.12,0.001028,1265,53,501+,0.26,0.026446,0.069821,0,0,0,,0.933,2024-25
2026-07-27,2026-08-03,27029,Clearwater County,Minnesota,MN,quiet,0.000157,1525,47,501+,0.12,0.001355,1102,26,501+,0.34,0.026418,0.09335,0,0,0,,0.681,2024-25
2026-07-27,2026-08-03,36025,Delaware County,New York,NY,quiet,0.000157,1526,52,501+,0.12,0.000472,1948,56,501+,0.12,0.026395,0.029953,0,0,0,,0.998476765,2024-25
2026-07-27,2026-08-03,45025,Chesterfield County,South Carolina,SC,quiet,0.000157,1527,31,501+,0.12,0.000655,1630,36,501+,0.16,0.026386,0.042964,0,0,0,,0.973,2024-25
2026-07-27,2026-08-03,40079,Le Flore County,Oklahoma,OK,quiet,0.000156,1528,33,501+,0.12,0.000627,1669,39,501+,0.16,0.026331,0.040967,0,0,0,,0.9076,2024-25
2026-07-27,2026-08-03,31037,Colfax County,Nebraska,NE,quiet,0.000156,1529,21,501+,0.12,0.000527,1843,30,501+,0.13,0.026317,0.033853,0,0,0,,0.984771574,2024-25
2026-07-27,2026-08-03,13163,Jefferson County,Georgia,GA,quiet,0.000156,1530,41,501+,0.12,0.000313,2368,95,501+,0.08,0.026312,0.018973,0,0,0,,,
2026-07-27,2026-08-03,12121,Suwannee County,Florida,FL,quiet,0.000156,1531,44,501+,0.12,0.000745,1519,48,501+,0.19,0.026274,0.049435,0,0,0,,0.893,2024-25
2026-07-27,2026-08-03,22121,West Baton Rouge Parish,Louisiana,LA,quiet,0.000156,1532,30,501+,0.12,0.000627,1671,28,501+,0.16,0.026245,0.040957,0,0,0,,0.9308,2024-25
2026-07-27,2026-08-03,48379,Rains County,Texas,TX,quiet,0.000156,1533,176,501+,0.12,0.001786,933,92,501+,0.45,0.026222,0.123719,0,0,1,47,0.967742,2024-25
2026-07-27,2026-08-03,19171,Tama County,Iowa,IA,quiet,0.000155,1534,20,501+,0.12,0.000542,1823,33,501+,0.14,0.02609,0.034848,0,0,0,,0.98170732,2024-25
2026-07-27,2026-08-03,31013,Box Butte County,Nebraska,NE,quiet,0.000155,1535,22,501+,0.12,0.00151,1026,8,501+,0.38,0.026072,0.104321,0,0,0,,0.894308943,2024-25
2026-07-27,2026-08-03,31145,Red Willow County,Nebraska,NE,quiet,0.000155,1536,23,501+,0.12,0.000482,1924,32,501+,0.12,0.02605,0.030611,0,0,0,,0.976923077,2024-25
2026-07-27,2026-08-03,28113,Pike County,Mississippi,MS,quiet,0.000155,1537,16,501+,0.12,0.000694,1582,14,501+,0.17,0.026014,0.045727,0,0,0,,0.9808,2024-25
2026-07-27,2026-08-03,26135,Oscoda County,Michigan,MI,quiet,0.000154,1538,46,501+,0.12,0.0005,1886,57,501+,0.13,0.026004,0.031878,0,0,0,,0.7761194,2024-25
2026-07-27,2026-08-03,40099,Murray County,Oklahoma,OK,quiet,0.000154,1539,34,501+,0.12,0.000924,1357,27,501+,0.23,0.025988,0.062348,0,0,0,,0.7943,2024-25
2026-07-27,2026-08-03,01045,Dale County,Alabama,AL,quiet,0.000154,1540,26,501+,0.12,0.000361,2220,38,501+,0.09,0.025983,0.022193,0,0,0,,0.9649,2024-25
2026-07-27,2026-08-03,20145,Pawnee County,Kansas,KS,quiet,0.000154,1541,38,501+,0.12,0.000711,1551,35,501+,0.18,0.02598,0.046977,0,0,7,60,0.7693,2024-25
2026-07-27,2026-08-03,26073,Isabella County,Michigan,MI,quiet,0.000154,1542,47,501+,0.12,0.000678,1597,51,501+,0.17,0.025955,0.044582,0,0,0,,0.91631799,2024-25
2026-07-27,2026-08-03,16061,Lewis County,Idaho,ID,quiet,0.000154,1543,41,501+,0.11,0.000376,2182,43,501+,0.09,0.025931,0.023278,0,0,0,,0.78,2024-25
2026-07-27,2026-08-03,39141,Ross County,Ohio,OH,quiet,0.000154,1544,57,501+,0.11,0.001745,946,43,501+,0.44,0.025918,0.12082,0,0,0,,0.897,2024-25
2026-07-27,2026-08-03,46085,Lyman County,South Dakota,SD,quiet,0.000154,1545,28,501+,0.11,0.000582,1736,40,501+,0.15,0.025888,0.03772,0,0,0,,0.98,2024-25
2026-07-27,2026-08-03,08081,Moffat County,Colorado,CO,quiet,0.000154,1546,39,501+,0.11,0.000486,1913,43,501+,0.12,0.025876,0.030936,0,0,0,,0.9512,2024-25
2026-07-27,2026-08-03,05139,Union County,Arkansas,AR,quiet,0.000154,1547,21,501+,0.11,0.000835,1434,15,501+,0.21,0.025862,0.055922,0,0,0,,,
2026-07-27,2026-08-03,28029,Copiah County,Mississippi,MS,quiet,0.000154,1548,17,501+,0.11,0.00033,2316,37,501+,0.08,0.025855,0.020097,0,0,0,,0.9835,2024-25
2026-07-27,2026-08-03,29121,Macon County,Missouri,MO,quiet,0.000153,1549,42,501+,0.11,0.001068,1243,31,501+,0.27,0.025808,0.072724,0,0,0,,0.888,2024-25
2026-07-27,2026-08-03,29219,Warren County,Missouri,MO,quiet,0.000153,1550,43,501+,0.11,0.001089,1234,30,501+,0.27,0.025775,0.074217,0,0,0,,0.921,2024-25
2026-07-27,2026-08-03,17105,Livingston County,Illinois,IL,quiet,0.000153,1551,30,501+,0.11,0.000588,1724,35,501+,0.15,0.025715,0.038136,0,0,0,,0.963,2024-25
2026-07-27,2026-08-03,20165,Rush County,Kansas,KS,quiet,0.000153,1552,39,501+,0.11,0.000813,1456,29,501+,0.2,0.025685,0.054313,0,0,0,,0.9556,2024-25
2026-07-27,2026-08-03,47147,Robertson County,Tennessee,TN,quiet,0.000152,1553,38,501+,0.11,0.001185,1182,24,501+,0.3,0.025603,0.081183,0,0,0,,0.961,2024-25
2026-07-27,2026-08-03,22101,St. Mary Parish,Louisiana,LA,quiet,0.000152,1554,31,501+,0.11,0.000666,1619,26,501+,0.17,0.025598,0.043707,0,0,0,,0.9105,2024-25
2026-07-27,2026-08-03,13221,Oglethorpe County,Georgia,GA,quiet,0.000152,1555,42,501+,0.11,0.000591,1718,49,501+,0.15,0.025589,0.038398,0,0,0,,,
2026-07-27,2026-08-03,27165,Watonwan County,Minnesota,MN,quiet,0.000152,1556,48,501+,0.11,0.001176,1191,32,501+,0.3,0.025576,0.080514,0,0,0,,0.95,2024-25
2026-07-27,2026-08-03,23021,Piscataquis County,Maine,ME,quiet,0.000152,1557,13,501+,0.11,0.000989,1301,10,501+,0.25,0.025564,0.067047,0,0,0,,0.9167,2024-25
2026-07-27,2026-08-03,48211,Hemphill County,Texas,TX,quiet,0.000152,1558,177,501+,0.11,0.000868,1404,160,501+,0.22,0.025555,0.058281,0,0,0,,0.958333,2024-25
2026-07-27,2026-08-03,20075,Hamilton County,Kansas,KS,quiet,0.000152,1559,40,501+,0.11,0.000485,1915,63,501+,0.12,0.025551,0.030853,0,0,0,,0.9286,2024-25
2026-07-27,2026-08-03,48107,Crosby County,Texas,TX,quiet,0.000152,1560,178,501+,0.11,0.000753,1511,169,501+,0.19,0.025535,0.049985,0,0,0,,0.958333,2024-25
2026-07-27,2026-08-03,39127,Perry County,Ohio,OH,quiet,0.000152,1561,58,501+,0.11,0.001386,1089,49,501+,0.35,0.025533,0.095511,0,0,0,,0.915,2024-25
2026-07-27,2026-08-03,37181,Vance County,North Carolina,NC,quiet,0.000151,1562,59,501+,0.11,0.000585,1732,68,501+,0.15,0.025484,0.037912,0,0,0,,0.92307692,2024-25
2026-07-27,2026-08-03,38041,Hettinger County,North Dakota,ND,quiet,0.000151,1563,22,501+,0.11,0.000397,2122,32,501+,0.1,0.025455,0.024713,0,0,0,,0.8974,2024-25
2026-07-27,2026-08-03,26033,Chippewa County,Michigan,MI,quiet,0.000151,1564,48,501+,0.11,0.000779,1488,45,501+,0.2,0.025454,0.051851,0,0,0,,0.91372549,2024-25
2026-07-27,2026-08-03,18151,Steuben County,Indiana,IN,quiet,0.000151,1565,34,501+,0.11,0.000632,1662,45,501+,0.16,0.025445,0.041273,0,0,0,,0.8816,2024-25
2026-07-27,2026-08-03,02063,Chugach Census Area,Alaska,AK,quiet,0.000151,1566,9,501+,0.11,0.00083,1441,7,501+,0.21,0.025414,0.055547,0,0,0,,,
2026-07-27,2026-08-03,46107,Potter County,South Dakota,SD,quiet,0.000151,1567,29,501+,0.11,0.00085,1422,27,501+,0.21,0.025371,0.056948,0,0,0,,0.88,2024-25
2026-07-27,2026-08-03,47085,Humphreys County,Tennessee,TN,quiet,0.000151,1568,39,501+,0.11,0.000522,1848,49,501+,0.13,0.02535,0.033477,0,0,0,,0.94,2024-25
2026-07-27,2026-08-03,19127,Marshall County,Iowa,IA,quiet,0.000151,1569,21,501+,0.11,0.000889,1385,16,501+,0.22,0.025315,0.059827,0,0,0,,0.89738431,2024-25
2026-07-27,2026-08-03,20053,Ellsworth County,Kansas,KS,quiet,0.00015,1570,41,501+,0.11,0.000607,1695,46,501+,0.15,0.02523,0.039503,0,0,0,,0.9391,2024-25
2026-07-27,2026-08-03,20079,Harvey County,Kansas,KS,quiet,0.00015,1571,42,501+,0.11,0.001651,969,14,501+,0.41,0.025182,0.114263,0,0,0,,0.9214,2024-25
2026-07-27,2026-08-03,55075,Marinette County,Wisconsin,WI,quiet,0.00015,1572,42,501+,0.11,0.000946,1340,40,501+,0.24,0.025151,0.063904,0,0,0,,0.88,2024-25
2026-07-27,2026-08-03,30083,Richland County,Montana,MT,quiet,0.000149,1573,23,501+,0.11,0.000858,1411,16,501+,0.22,0.025136,0.057543,0,0,0,,,
2026-07-27,2026-08-03,17027,Clinton County,Illinois,IL,quiet,0.000149,1574,31,501+,0.11,0.001171,1194,26,501+,0.29,0.025117,0.08012,0,0,0,,0.977,2024-25
2026-07-27,2026-08-03,51171,Shenandoah County,Virginia,VA,quiet,0.000149,1575,48,501+,0.11,0.000697,1577,52,501+,0.17,0.025098,0.045924,0,0,0,,0.933,2024-25
2026-07-27,2026-08-03,19057,Des Moines County,Iowa,IA,quiet,0.000149,1576,22,501+,0.11,0.000735,1529,19,501+,0.18,0.025067,0.048673,0,0,0,,0.87437186,2024-25
2026-07-27,2026-08-03,37145,Person County,North Carolina,NC,quiet,0.000149,1577,60,501+,0.11,0.000674,1604,61,501+,0.17,0.025058,0.044312,0,0,0,,0.96181384,2024-25
2026-07-27,2026-08-03,48133,Eastland County,Texas,TX,quiet,0.000149,1578,179,501+,0.11,0.000918,1362,155,501+,0.23,0.025029,0.061924,0,0,2,65,0.903226,2024-25
2026-07-27,2026-08-03,51137,Orange County,Virginia,VA,quiet,0.000149,1579,49,501+,0.11,0.001475,1044,32,501+,0.37,0.025027,0.101876,0,0,0,,0.89,2024-25
2026-07-27,2026-08-03,46043,Douglas County,South Dakota,SD,quiet,0.000149,1580,30,501+,0.11,0.000882,1391,25,501+,0.22,0.024988,0.059262,0,0,0,,0.72,2024-25
2026-07-27,2026-08-03,54057,Mineral County,West Virginia,WV,quiet,0.000148,1581,14,501+,0.11,0.000797,1469,11,501+,0.2,0.0249,0.053142,0,0,0,,,
2026-07-27,2026-08-03,27023,Chippewa County,Minnesota,MN,quiet,0.000148,1582,49,501+,0.11,0.00049,1907,64,501+,0.12,0.024884,0.031181,0,0,0,,0.881,2024-25
2026-07-27,2026-08-03,48115,Dawson County,Texas,TX,quiet,0.000148,1583,180,501+,0.11,0.001366,1095,120,501+,0.34,0.02487,0.094134,0,0,26,65,0.875,2024-25
2026-07-27,2026-08-03,40045,Ellis County,Oklahoma,OK,quiet,0.000148,1584,35,501+,0.11,0.00078,1486,34,501+,0.2,0.024857,0.051906,0,0,0,,0.8913,2024-25
2026-07-27,2026-08-03,20111,Lyon County,Kansas,KS,quiet,0.000148,1585,43,501+,0.11,0.000476,1941,66,501+,0.12,0.024843,0.030209,0,0,0,,0.9128,2024-25
2026-07-27,2026-08-03,48483,Wheeler County,Texas,TX,quiet,0.000148,1586,181,501+,0.11,0.000449,2003,202,501+,0.11,0.024827,0.028297,0,0,0,,0.945455,2024-25
2026-07-27,2026-08-03,48419,Shelby County,Texas,TX,quiet,0.000148,1587,182,501+,0.11,0.000471,1949,199,501+,0.12,0.024792,0.029848,0,0,0,,0.938053,2024-25
2026-07-27,2026-08-03,24039,Somerset County,Maryland,MD,quiet,0.000147,1588,23,501+,0.11,0.000718,1548,24,501+,0.18,0.02479,0.047447,0,0,0,,0.9744,2024-25
2026-07-27,2026-08-03,47135,Perry County,Tennessee,TN,quiet,0.000147,1589,40,501+,0.11,0.000371,2192,62,501+,0.09,0.024771,0.022915,0,0,0,,0.956,2024-25
2026-07-27,2026-08-03,44005,Newport County,Rhode Island,RI,quiet,0.000147,1590,4,501+,0.11,0.001212,1171,5,501+,0.3,0.024766,0.083055,0,0,0,,0.94,2024-25
2026-07-27,2026-08-03,20021,Cherokee County,Kansas,KS,quiet,0.000147,1591,44,501+,0.11,0.000888,1387,26,501+,0.22,0.024699,0.059711,0,0,0,,0.9589,2024-25
2026-07-27,2026-08-03,51131,Northampton County,Virginia,VA,quiet,0.000147,1592,50,501+,0.11,0.000745,1520,50,501+,0.19,0.024656,0.049424,0,0,0,,0.904,2024-25
2026-07-27,2026-08-03,40093,Major County,Oklahoma,OK,quiet,0.000147,1593,36,501+,0.11,0.000635,1658,38,501+,0.16,0.024621,0.041504,0,0,0,,0.913,2024-25
2026-07-27,2026-08-03,46111,Sanborn County,South Dakota,SD,quiet,0.000147,1594,31,501+,0.11,0.000847,1425,28,501+,0.21,0.02462,0.056743,0,0,0,,0.76,2024-25
2026-07-27,2026-08-03,40005,Atoka County,Oklahoma,OK,quiet,0.000146,1595,37,501+,0.11,0.000447,2009,55,501+,0.11,0.024585,0.028154,0,0,0,,0.8633,2024-25
2026-07-27,2026-08-03,48461,Upton County,Texas,TX,quiet,0.000146,1596,183,501+,0.11,0.000418,2069,208,501+,0.1,0.024576,0.026175,0,0,0,,0.981481,2024-25
2026-07-27,2026-08-03,19067,Floyd County,Iowa,IA,quiet,0.000146,1597,23,501+,0.11,0.000672,1610,22,501+,0.17,0.024575,0.044133,0,0,0,,0.85882353,2024-25
2026-07-27,2026-08-03,05091,Miller County,Arkansas,AR,quiet,0.000146,1598,22,501+,0.11,0.000658,1627,19,501+,0.17,0.024554,0.043158,0,0,0,,,
2026-07-27,2026-08-03,17107,Logan County,Illinois,IL,quiet,0.000146,1599,32,501+,0.11,0.000545,1814,38,501+,0.14,0.024547,0.035097,0,0,0,,0.946,2024-25
2026-07-27,2026-08-03,45009,Bamberg County,South Carolina,SC,quiet,0.000146,1600,32,501+,0.11,0.000892,1383,33,501+,0.22,0.02454,0.060037,0,0,0,,0.977,2024-25
2026-07-27,2026-08-03,48299,Llano County,Texas,TX,quiet,0.000146,1601,184,501+,0.11,0.001605,989,99,501+,0.4,0.024508,0.111066,0,0,0,,0.895522,2024-25
2026-07-27,2026-08-03,45037,Edgefield County,South Carolina,SC,quiet,0.000146,1602,33,501+,0.11,0.000737,1526,35,501+,0.18,0.024499,0.048799,0,0,0,,0.962,2024-25
2026-07-27,2026-08-03,13039,Camden County,Georgia,GA,quiet,0.000146,1603,43,501+,0.11,0.001094,1232,28,501+,0.27,0.02446,0.074604,0,0,0,,,
2026-07-27,2026-08-03,24023,Garrett County,Maryland,MD,quiet,0.000146,1604,24,501+,0.11,0.000936,1347,23,501+,0.24,0.024457,0.06322,0,0,0,,0.9465,2024-25
2026-07-27,2026-08-03,18177,Wayne County,Indiana,IN,quiet,0.000145,1605,35,501+,0.11,0.00057,1757,47,501+,0.14,0.024437,0.036901,0,0,0,,0.8952,2024-25
2026-07-27,2026-08-03,12003,Baker County,Florida,FL,quiet,0.000145,1606,45,501+,0.11,0.001619,979,37,501+,0.41,0.024425,0.111992,0,0,0,,0.954,2024-25
2026-07-27,2026-08-03,46053,Gregory County,South Dakota,SD,quiet,0.000145,1607,32,501+,0.11,0.000635,1657,37,501+,0.16,0.024406,0.041529,0,0,0,,0.87,2024-25
2026-07-27,2026-08-03,05063,Independence County,Arkansas,AR,quiet,0.000145,1608,23,501+,0.11,0.000913,1368,13,501+,0.23,0.02436,0.06152,0,0,0,,,
2026-07-27,2026-08-03,27059,Isanti County,Minnesota,MN,quiet,0.000145,1609,50,501+,0.11,0.000506,1876,63,501+,0.13,0.024351,0.032346,0,0,0,,0.843,2024-25
2026-07-27,2026-08-03,55107,Rusk County,Wisconsin,WI,quiet,0.000145,1610,43,501+,0.11,0.000361,2218,63,501+,0.09,0.024329,0.022231,0,0,0,,0.86,2024-25
2026-07-27,2026-08-03,46091,Marshall County,South Dakota,SD,quiet,0.000145,1611,33,501+,0.11,0.001224,1166,17,501+,0.31,0.024283,0.08393,0,0,0,,0.73,2024-25
2026-07-27,2026-08-03,40089,McCurtain County,Oklahoma,OK,quiet,0.000144,1612,38,501+,0.11,0.000541,1824,43,501+,0.14,0.024168,0.034847,0,0,0,,0.8326,2024-25
2026-07-27,2026-08-03,32033,White Pine County,Nevada,NV,quiet,0.000144,1613,12,501+,0.11,0.001453,1057,9,501+,0.36,0.024147,0.100291,0,0,0,,0.854,2024-25
2026-07-27,2026-08-03,36073,Orleans County,New York,NY,quiet,0.000144,1614,53,501+,0.11,0.000739,1522,51,501+,0.19,0.024147,0.048971,0,0,0,,0.998669683,2024-25
2026-07-27,2026-08-03,46117,Stanley County,South Dakota,SD,quiet,0.000144,1615,34,501+,0.11,0.000676,1601,34,501+,0.17,0.0241,0.044479,0,0,0,,0.83,2024-25
2026-07-27,2026-08-03,40007,Beaver County,Oklahoma,OK,quiet,0.000143,1616,39,501+,0.11,0.000379,2170,61,501+,0.1,0.024045,0.023476,0,0,0,,0.8519,2024-25
2026-07-27,2026-08-03,27035,Crow Wing County,Minnesota,MN,quiet,0.000143,1617,51,501+,0.11,0.000882,1393,40,501+,0.22,0.023993,0.059256,0,0,0,,0.798,2024-25
2026-07-27,2026-08-03,48429,Stephens County,Texas,TX,quiet,0.000142,1618,185,501+,0.11,0.000636,1656,183,501+,0.16,0.023922,0.04159,0,0,0,,0.918367,2024-25
2026-07-27,2026-08-03,20093,Kearny County,Kansas,KS,quiet,0.000142,1619,45,501+,0.11,0.000505,1880,60,501+,0.13,0.023918,0.032246,0,0,0,,0.9333,2024-25
2026-07-27,2026-08-03,47061,Grundy County,Tennessee,TN,quiet,0.000142,1620,41,501+,0.11,0.000524,1846,48,501+,0.13,0.023911,0.0336,0,0,0,,0.809,2024-25
2026-07-27,2026-08-03,06035,Lassen County,California,CA,quiet,0.000142,1621,53,501+,0.11,0.000891,1384,50,501+,0.22,0.023903,0.059927,0,0,0,,0.95103,2024-25
2026-07-27,2026-08-03,05015,Carroll County,Arkansas,AR,quiet,0.000142,1622,24,501+,0.11,0.000307,2396,31,501+,0.08,0.023817,0.018541,0,0,0,,,
2026-07-27,2026-08-03,27085,McLeod County,Minnesota,MN,quiet,0.000141,1623,52,501+,0.11,0.000774,1494,48,501+,0.19,0.023721,0.051506,0,0,0,,0.887,2024-25
2026-07-27,2026-08-03,29005,Atchison County,Missouri,MO,quiet,0.000141,1624,44,501+,0.11,0.00049,1905,63,501+,0.12,0.023714,0.031194,0,0,0,,0.913,2024-25
2026-07-27,2026-08-03,48129,Donley County,Texas,TX,quiet,0.000141,1625,186,501+,0.11,0.000749,1513,170,501+,0.19,0.023713,0.049667,0,0,0,,0.909091,2024-25
2026-07-27,2026-08-03,20123,Mitchell County,Kansas,KS,quiet,0.000141,1626,46,501+,0.11,0.000312,2376,85,501+,0.08,0.023651,0.018897,0,0,0,,0.8649,2024-25
2026-07-27,2026-08-03,29023,Butler County,Missouri,MO,quiet,0.000141,1627,45,501+,0.11,0.000574,1751,55,501+,0.14,0.023623,0.037156,0,0,0,,0.861,2024-25
2026-07-27,2026-08-03,20153,Rawlins County,Kansas,KS,quiet,0.000141,1628,47,501+,0.1,0.000351,2254,80,501+,0.09,0.023595,0.021562,0,0,0,,0.6733,2024-25
2026-07-27,2026-08-03,48425,Somervell County,Texas,TX,quiet,0.000141,1629,187,501+,0.1,0.00087,1402,159,501+,0.22,0.023581,0.05842,0,0,0,,0.895105,2024-25
2026-07-27,2026-08-03,13147,Hart County,Georgia,GA,quiet,0.00014,1630,44,501+,0.1,0.000814,1455,38,501+,0.2,0.02357,0.054348,0,0,0,,,
2026-07-27,2026-08-03,40117,Pawnee County,Oklahoma,OK,quiet,0.00014,1631,40,501+,0.1,0.000934,1349,26,501+,0.23,0.023569,0.063013,0,0,0,,0.8742,2024-25
2026-07-27,2026-08-03,46073,Jerauld County,South Dakota,SD,quiet,0.00014,1632,35,501+,0.1,0.000397,2125,45,501+,0.1,0.023566,0.024689,0,0,0,,0.74,2024-25
2026-07-27,2026-08-03,27103,Nicollet County,Minnesota,MN,quiet,0.00014,1633,53,501+,0.1,0.000556,1775,59,501+,0.14,0.023564,0.035894,0,0,0,,0.926,2024-25
2026-07-27,2026-08-03,46031,Corson County,South Dakota,SD,quiet,0.00014,1634,36,501+,0.1,0.000689,1589,33,501+,0.17,0.023542,0.045405,0,0,0,,0.87,2024-25
2026-07-27,2026-08-03,55077,Marquette County,Wisconsin,WI,quiet,0.00014,1635,44,501+,0.1,0.000438,2022,57,501+,0.11,0.023541,0.027573,0,0,0,,0.76,2024-25
2026-07-27,2026-08-03,51157,Rappahannock County,Virginia,VA,quiet,0.00014,1636,51,501+,0.1,0.001139,1207,37,501+,0.29,0.023537,0.077808,0,0,0,,0.703,2024-25
2026-07-27,2026-08-03,20185,Stafford County,Kansas,KS,quiet,0.00014,1637,48,501+,0.1,0.000737,1525,32,501+,0.19,0.023528,0.048832,0,0,0,,0.8889,2024-25
2026-07-27,2026-08-03,21209,Scott County,Kentucky,KY,quiet,0.00014,1638,22,501+,0.1,0.001099,1229,19,501+,0.28,0.023517,0.074924,0,0,0,,0.917,2024-25
2026-07-27,2026-08-03,40147,Washington County,Oklahoma,OK,quiet,0.00014,1639,41,501+,0.1,0.000581,1738,41,501+,0.15,0.023509,0.037623,0,0,0,,0.8876,2024-25
2026-07-27,2026-08-03,47013,Campbell County,Tennessee,TN,quiet,0.00014,1640,42,501+,0.1,0.000517,1860,50,501+,0.13,0.0235,0.033114,0,0,0,,0.968,2024-25
2026-07-27,2026-08-03,47117,Marshall County,Tennessee,TN,quiet,0.00014,1641,43,501+,0.1,0.000616,1684,41,501+,0.15,0.023493,0.040126,0,0,0,,0.918,2024-25
2026-07-27,2026-08-03,30101,Toole County,Montana,MT,quiet,0.00014,1642,24,501+,0.1,0.000498,1894,25,501+,0.12,0.023457,0.031745,0,0,0,,,
2026-07-27,2026-08-03,06105,Trinity County,California,CA,quiet,0.00014,1643,54,501+,0.1,0.000759,1506,51,501+,0.19,0.023433,0.050413,0,0,0,,0.9037,2024-25
2026-07-27,2026-08-03,18033,DeKalb County,Indiana,IN,quiet,0.000139,1644,36,501+,0.1,0.000959,1327,33,501+,0.24,0.023368,0.064881,0,0,0,,0.9181,2024-25
2026-07-27,2026-08-03,13105,Elbert County,Georgia,GA,quiet,0.000139,1645,45,501+,0.1,0.00043,2037,69,501+,0.11,0.023329,0.027003,0,0,0,,,
2026-07-27,2026-08-03,26059,Hillsdale County,Michigan,MI,quiet,0.000139,1646,49,501+,0.1,0.000706,1558,50,501+,0.18,0.023274,0.046627,0,0,0,,0.88717949,2024-25
2026-07-27,2026-08-03,13053,Chattahoochee County,Georgia,GA,quiet,0.000138,1647,46,501+,0.1,0.000823,1450,37,501+,0.21,0.023225,0.055005,0,0,0,,,
2026-07-27,2026-08-03,47051,Franklin County,Tennessee,TN,quiet,0.000138,1648,44,501+,0.1,0.000774,1496,36,501+,0.19,0.023211,0.051492,0,0,0,,0.952,2024-25
2026-07-27,2026-08-03,56027,Niobrara County,Wyoming,WY,quiet,0.000138,1649,21,501+,0.1,0.002416,757,11,501+,0.61,0.02314,0.166228,0,0,1,55,0.57,2022-23
2026-07-27,2026-08-03,28085,Lincoln County,Mississippi,MS,quiet,0.000138,1650,18,501+,0.1,0.000824,1447,11,501+,0.21,0.023109,0.055129,0,0,0,,0.9444,2024-25
2026-07-27,2026-08-03,47081,Hickman County,Tennessee,TN,quiet,0.000138,1651,45,501+,0.1,0.000951,1335,28,501+,0.24,0.023105,0.06429,0,0,0,,0.958,2024-25
2026-07-27,2026-08-03,37003,Alexander County,North Carolina,NC,quiet,0.000138,1652,61,501+,0.1,0.000803,1464,56,501+,0.2,0.023068,0.053574,0,0,0,,0.94136808,2024-25
2026-07-27,2026-08-03,12063,Jackson County,Florida,FL,quiet,0.000138,1653,46,501+,0.1,0.000704,1564,50,501+,0.18,0.023063,0.046492,0,0,0,,0.922,2024-25
2026-07-27,2026-08-03,45031,Darlington County,South Carolina,SC,quiet,0.000137,1654,34,501+,0.1,0.000851,1421,34,501+,0.21,0.022919,0.057022,0,0,0,,0.976,2024-25
2026-07-27,2026-08-03,08047,Gilpin County,Colorado,CO,quiet,0.000137,1655,40,501+,0.1,0.000959,1328,34,501+,0.24,0.022913,0.064829,0,0,0,,0.96,2024-25
2026-07-27,2026-08-03,19035,Cherokee County,Iowa,IA,quiet,0.000136,1656,24,501+,0.1,0.000445,2013,43,501+,0.11,0.022858,0.028072,0,0,0,,0.859375,2024-25
2026-07-27,2026-08-03,51117,Mecklenburg County,Virginia,VA,quiet,0.000136,1657,52,501+,0.1,0.000418,2070,74,501+,0.1,0.022798,0.026146,0,0,0,,0.911,2024-25
2026-07-27,2026-08-03,20167,Russell County,Kansas,KS,quiet,0.000136,1658,49,501+,0.1,0.000311,2380,86,501+,0.08,0.022772,0.01881,0,0,0,,0.9249,2024-25
2026-07-27,2026-08-03,48153,Floyd County,Texas,TX,quiet,0.000136,1659,188,501+,0.1,0.000419,2065,207,501+,0.11,0.022769,0.026247,0,0,0,,0.96875,2024-25
2026-07-27,2026-08-03,18011,Boone County,Indiana,IN,quiet,0.000136,1660,37,501+,0.1,0.001183,1185,26,501+,0.3,0.022757,0.080982,0,0,0,,0.9622,2024-25
2026-07-27,2026-08-03,51181,Surry County,Virginia,VA,quiet,0.000136,1661,53,501+,0.1,0.000334,2298,82,501+,0.08,0.022751,0.020404,0,0,0,,0.918,2024-25
2026-07-27,2026-08-03,48481,Wharton County,Texas,TX,quiet,0.000136,1662,189,501+,0.1,0.001251,1151,129,501+,0.31,0.022733,0.085893,0,0,0,,0.984293,2024-25
2026-07-27,2026-08-03,01061,Geneva County,Alabama,AL,quiet,0.000136,1663,27,501+,0.1,0.00047,1954,33,501+,0.12,0.022732,0.029777,0,0,0,,0.9817,2024-25
2026-07-27,2026-08-03,48349,Navarro County,Texas,TX,quiet,0.000135,1664,190,501+,0.1,0.000721,1544,173,501+,0.18,0.022636,0.047688,0,0,0,,0.962585,2024-25
2026-07-27,2026-08-03,46065,Hughes County,South Dakota,SD,quiet,0.000135,1665,37,501+,0.1,0.001069,1242,20,501+,0.27,0.022633,0.07276,0,0,0,,0.94,2024-25
2026-07-27,2026-08-03,30009,Carbon County,Montana,MT,quiet,0.000135,1666,25,501+,0.1,0.000728,1535,18,501+,0.18,0.022579,0.048208,0,0,0,,,
2026-07-27,2026-08-03,21009,Barren County,Kentucky,KY,quiet,0.000135,1667,23,501+,0.1,0.000814,1454,22,501+,0.2,0.022578,0.05437,0,0,0,,0.932,2024-25
2026-07-27,2026-08-03,48337,Montague County,Texas,TX,quiet,0.000135,1668,191,501+,0.1,0.001491,1036,110,501+,0.37,0.022545,0.102997,0,0,0,,0.87,2024-25
2026-07-27,2026-08-03,20135,Ness County,Kansas,KS,quiet,0.000134,1669,50,501+,0.1,0.000502,1884,61,501+,0.13,0.022516,0.03205,0,0,0,,0.7356,2024-25
2026-07-27,2026-08-03,13215,Muscogee County,Georgia,GA,quiet,0.000134,1670,47,501+,0.1,0.000558,1773,53,501+,0.14,0.022461,0.035989,0,0,0,,,
2026-07-27,2026-08-03,18037,Dubois County,Indiana,IN,quiet,0.000134,1671,38,501+,0.1,0.000984,1305,32,501+,0.25,0.022402,0.066638,0,0,0,,0.9423,2024-25
2026-07-27,2026-08-03,19091,Humboldt County,Iowa,IA,quiet,0.000134,1672,25,501+,0.1,0.000318,2357,70,501+,0.08,0.022398,0.019273,0,0,0,,0.72093023,2024-25
2026-07-27,2026-08-03,08071,Las Animas County,Colorado,CO,quiet,0.000134,1673,41,501+,0.1,0.000353,2242,47,501+,0.09,0.022379,0.021691,0,0,0,,0.8182,2024-25
2026-07-27,2026-08-03,55085,Oneida County,Wisconsin,WI,quiet,0.000133,1674,45,501+,0.1,0.000774,1495,44,501+,0.19,0.022348,0.051496,0,0,0,,0.91,2024-25
2026-07-27,2026-08-03,48503,Young County,Texas,TX,quiet,0.000133,1675,192,501+,0.1,0.001551,1006,102,501+,0.39,0.022326,0.107247,0,0,0,,0.909548,2024-25
2026-07-27,2026-08-03,20047,Edwards County,Kansas,KS,quiet,0.000133,1676,51,501+,0.1,0.000707,1556,36,501+,0.18,0.0223,0.046662,0,0,0,,0.8794,2024-25
2026-07-27,2026-08-03,37199,Yancey County,North Carolina,NC,quiet,0.000133,1677,62,501+,0.1,0.000708,1554,59,501+,0.18,0.022277,0.04676,0,0,0,,0.92592593,2024-25
2026-07-27,2026-08-03,17123,Marshall County,Illinois,IL,quiet,0.000133,1678,33,501+,0.1,0.000484,1917,40,501+,0.12,0.022219,0.030777,0,0,0,,0.984,2024-25
2026-07-27,2026-08-03,18149,Starke County,Indiana,IN,quiet,0.000133,1679,39,501+,0.1,0.00038,2165,62,501+,0.1,0.022217,0.023548,0,0,0,,0.827,2024-25
2026-07-27,2026-08-03,39053,Gallia County,Ohio,OH,quiet,0.000133,1680,59,501+,0.1,0.000676,1602,63,501+,0.17,0.022198,0.044439,0,0,0,,0.965,2024-25
2026-07-27,2026-08-03,35059,Union County,New Mexico,NM,quiet,0.000132,1681,21,501+,0.1,0.000502,1883,25,501+,0.13,0.022127,0.032057,0,0,0,,0.9063,2024-25
2026-07-27,2026-08-03,19187,Webster County,Iowa,IA,quiet,0.000132,1682,26,501+,0.1,0.000709,1553,20,501+,0.18,0.022018,0.046837,0,0,0,,0.85494505,2024-25
2026-07-27,2026-08-03,31005,Arthur County,Nebraska,NE,quiet,0.000131,1683,24,501+,0.1,0.000271,2524,73,501+,0.07,0.021999,0.016088,0,0,0,,0.8333,2021-22
2026-07-27,2026-08-03,31115,Loup County,Nebraska,NE,quiet,0.000131,1684,25,501+,0.1,0.000205,2739,79,501+,0.05,0.021976,0.011771,0,0,0,,0.6,2024-25
2026-07-27,2026-08-03,26113,Missaukee County,Michigan,MI,quiet,0.000131,1685,50,501+,0.1,0.000956,1329,40,501+,0.24,0.021967,0.064647,0,0,0,,0.88953488,2024-25
2026-07-27,2026-08-03,47099,Lawrence County,Tennessee,TN,quiet,0.000131,1686,46,501+,0.1,0.000489,1908,52,501+,0.12,0.021867,0.03117,0,0,0,,0.914,2024-25
2026-07-27,2026-08-03,48489,Willacy County,Texas,TX,quiet,0.00013,1687,193,501+,0.1,0.000872,1401,158,501+,0.22,0.021838,0.058566,0,0,0,,0.973451,2024-25
2026-07-27,2026-08-03,40077,Latimer County,Oklahoma,OK,quiet,0.00013,1688,42,501+,0.1,0.000458,1984,52,501+,0.11,0.021835,0.028941,0,0,0,,0.9487,2024-25
2026-07-27,2026-08-03,18123,Perry County,Indiana,IN,quiet,0.00013,1689,40,501+,0.1,0.000495,1897,51,501+,0.12,0.021808,0.031534,0,0,0,,0.9327,2024-25
2026-07-27,2026-08-03,27127,Redwood County,Minnesota,MN,quiet,0.00013,1690,54,501+,0.1,0.000528,1842,62,501+,0.13,0.021797,0.033867,0,0,0,,0.843,2024-25
2026-07-27,2026-08-03,51075,Goochland County,Virginia,VA,quiet,0.00013,1691,54,501+,0.1,0.000673,1607,55,501+,0.17,0.021772,0.044262,0,0,0,,0.97,2024-25
2026-07-27,2026-08-03,53075,Whitman County,Washington,WA,quiet,0.00013,1692,33,501+,0.1,0.000518,1859,35,501+,0.13,0.021743,0.033161,0,0,0,,0.908,2024-25
2026-07-27,2026-08-03,40141,Tillman County,Oklahoma,OK,quiet,0.00013,1693,43,501+,0.1,0.0003,2422,70,501+,0.08,0.021701,0.018074,0,0,0,,0.8889,2024-25
2026-07-27,2026-08-03,30027,Fergus County,Montana,MT,quiet,0.00013,1694,26,501+,0.1,0.000457,1988,29,501+,0.11,0.021679,0.028859,0,0,0,,,
2026-07-27,2026-08-03,30095,Stillwater County,Montana,MT,quiet,0.000129,1695,27,501+,0.1,0.000521,1851,24,501+,0.13,0.021653,0.03341,0,0,0,,,
2026-07-27,2026-08-03,28041,Greene County,Mississippi,MS,quiet,0.000129,1696,19,501+,0.1,0.000328,2325,38,501+,0.08,0.021645,0.019961,0,0,0,,0.9853,2024-25
2026-07-27,2026-08-03,44001,Bristol County,Rhode Island,RI,quiet,0.000129,1697,5,501+,0.1,0.001438,1066,3,501+,0.36,0.021607,0.099262,0,0,0,,0.968,2024-25
2026-07-27,2026-08-03,19083,Hardin County,Iowa,IA,quiet,0.000129,1698,27,501+,0.1,0.000516,1862,36,501+,0.13,0.021601,0.033013,0,0,0,,0.87214612,2024-25
2026-07-27,2026-08-03,54041,Lewis County,West Virginia,WV,quiet,0.000129,1699,15,501+,0.1,0.000401,2112,20,501+,0.1,0.021595,0.025004,0,0,0,,,
2026-07-27,2026-08-03,45027,Clarendon County,South Carolina,SC,quiet,0.000128,1700,35,501+,0.1,0.000407,2102,40,501+,0.1,0.021481,0.02543,0,0,0,,0.984,2024-25
2026-07-27,2026-08-03,08019,Clear Creek County,Colorado,CO,quiet,0.000128,1701,42,501+,0.1,0.000369,2200,45,501+,0.09,0.021448,0.022759,0,0,0,,0.7551,2024-25
2026-07-27,2026-08-03,31105,Kimball County,Nebraska,NE,quiet,0.000128,1702,26,501+,0.1,0.000371,2191,49,501+,0.09,0.021444,0.022919,0,0,0,,0.961538462,2024-25
2026-07-27,2026-08-03,20039,Decatur County,Kansas,KS,quiet,0.000128,1703,52,501+,0.1,0.000567,1760,53,501+,0.14,0.021424,0.036656,0,0,0,,0.6002,2024-25
2026-07-27,2026-08-03,28127,Simpson County,Mississippi,MS,quiet,0.000128,1704,20,501+,0.1,0.000556,1776,17,501+,0.14,0.0214,0.03589,0,0,0,,0.9716,2024-25
2026-07-27,2026-08-03,05101,Newton County,Arkansas,AR,quiet,0.000128,1705,25,501+,0.1,0.000306,2400,32,501+,0.08,0.021384,0.018463,0,0,0,,,
2026-07-27,2026-08-03,47083,Houston County,Tennessee,TN,quiet,0.000127,1706,47,501+,0.09,0.000593,1714,42,501+,0.15,0.021245,0.038504,0,0,0,,0.977,2024-25
2026-07-27,2026-08-03,13019,Berrien County,Georgia,GA,quiet,0.000127,1707,48,501+,0.09,0.000454,1992,66,501+,0.11,0.021242,0.028661,0,0,0,,,
2026-07-27,2026-08-03,18109,Morgan County,Indiana,IN,quiet,0.000127,1708,41,501+,0.09,0.000807,1459,37,501+,0.2,0.021238,0.053895,0,0,0,,0.8789,2024-25
2026-07-27,2026-08-03,17117,Macoupin County,Illinois,IL,quiet,0.000127,1709,34,501+,0.09,0.00042,2061,51,501+,0.11,0.021217,0.026297,0,0,0,,0.979,2024-25
2026-07-27,2026-08-03,31157,Scotts Bluff County,Nebraska,NE,quiet,0.000127,1710,27,501+,0.09,0.000831,1440,17,501+,0.21,0.021177,0.055604,0,0,0,,0.901960784,2024-25
2026-07-27,2026-08-03,46102,Oglala Lakota County,South Dakota,SD,quiet,0.000127,1711,38,501+,0.09,0.000453,1993,42,501+,0.11,0.021161,0.028612,0,0,0,,0.88,2024-25
2026-07-27,2026-08-03,17195,Whiteside County,Illinois,IL,quiet,0.000127,1712,35,501+,0.09,0.000588,1723,34,501+,0.15,0.021159,0.038157,0,0,0,,0.966,2024-25
2026-07-27,2026-08-03,41025,Harney County,Oregon,OR,quiet,0.000126,1713,28,501+,0.09,0.000347,2265,31,501+,0.09,0.021125,0.021243,0,0,0,,0.899,2024-25
2026-07-27,2026-08-03,26019,Benzie County,Michigan,MI,quiet,0.000126,1714,51,501+,0.09,0.00049,1906,58,501+,0.12,0.021111,0.031183,0,0,0,,0.7751938,2024-25
2026-07-27,2026-08-03,45087,Union County,South Carolina,SC,quiet,0.000126,1715,36,501+,0.09,0.001059,1248,32,501+,0.27,0.021109,0.072055,0,0,0,,0.964,2024-25
2026-07-27,2026-08-03,29167,Polk County,Missouri,MO,quiet,0.000126,1716,46,501+,0.09,0.000974,1312,32,501+,0.24,0.021073,0.065901,0,0,0,,0.873,2024-25
2026-07-27,2026-08-03,27151,Swift County,Minnesota,MN,quiet,0.000126,1717,55,501+,0.09,0.000553,1787,60,501+,0.14,0.02107,0.03566,0,0,0,,0.88,2024-25
2026-07-27,2026-08-03,35028,Los Alamos County,New Mexico,NM,quiet,0.000126,1718,22,501+,0.09,0.000662,1622,23,501+,0.17,0.021026,0.043422,0,0,0,,0.9828,2024-25
2026-07-27,2026-08-03,26149,St. Joseph County,Michigan,MI,quiet,0.000126,1719,52,501+,0.09,0.00071,1552,49,501+,0.18,0.021021,0.046867,0,0,0,,0.89435601,2024-25
2026-07-27,2026-08-03,21223,Trimble County,Kentucky,KY,quiet,0.000125,1720,24,501+,0.09,0.000224,2670,64,501+,0.06,0.02097,0.012997,0,0,0,,0.956,2024-25
2026-07-27,2026-08-03,48223,Hopkins County,Texas,TX,quiet,0.000125,1721,194,501+,0.09,0.000706,1560,175,501+,0.18,0.02095,0.046595,0,0,0,,0.967672,2024-25
2026-07-27,2026-08-03,31025,Cass County,Nebraska,NE,quiet,0.000125,1722,28,501+,0.09,0.000882,1392,16,501+,0.22,0.020935,0.059259,0,0,0,,0.924686192,2024-25
2026-07-27,2026-08-03,36043,Herkimer County,New York,NY,quiet,0.000125,1723,54,501+,0.09,0.000593,1715,52,501+,0.15,0.02092,0.038481,0,0,0,,0.997743775,2024-25
2026-07-27,2026-08-03,26155,Shiawassee County,Michigan,MI,quiet,0.000125,1724,53,501+,0.09,0.001181,1186,36,501+,0.3,0.020912,0.080861,0,0,0,,0.8968254,2024-25
2026-07-27,2026-08-03,38023,Divide County,North Dakota,ND,quiet,0.000125,1725,23,501+,0.09,0.000632,1661,27,501+,0.16,0.020895,0.041299,0,0,0,,0.9118,2024-25
2026-07-27,2026-08-03,29065,Dent County,Missouri,MO,quiet,0.000125,1726,47,501+,0.09,0.000762,1501,43,501+,0.19,0.020866,0.050652,0,0,0,,0.879,2024-25
2026-07-27,2026-08-03,40097,Mayes County,Oklahoma,OK,quiet,0.000125,1727,44,501+,0.09,0.000596,1710,40,501+,0.15,0.020864,0.038711,0,0,0,,0.9002,2024-25
2026-07-27,2026-08-03,27117,Pipestone County,Minnesota,MN,quiet,0.000125,1728,56,501+,0.09,0.000779,1487,46,501+,0.2,0.020857,0.051861,0,0,0,,0.898,2024-25
2026-07-27,2026-08-03,13177,Lee County,Georgia,GA,quiet,0.000125,1729,49,501+,0.09,0.000616,1680,46,501+,0.15,0.020853,0.040186,0,0,0,,,
2026-07-27,2026-08-03,49055,Wayne County,Utah,UT,quiet,0.000125,1730,27,501+,0.09,0.000444,2014,27,501+,0.11,0.02084,0.02801,0,0,0,,,
2026-07-27,2026-08-03,29031,Cape Girardeau County,Missouri,MO,quiet,0.000125,1731,48,501+,0.09,0.000901,1377,35,501+,0.23,0.020802,0.060649,0,0,0,,0.9,2024-25
2026-07-27,2026-08-03,30073,Pondera County,Montana,MT,quiet,0.000124,1732,28,501+,0.09,0.000341,2282,37,501+,0.09,0.020791,0.020833,0,0,0,,,
2026-07-27,2026-08-03,47103,Lincoln County,Tennessee,TN,quiet,0.000124,1733,48,501+,0.09,0.000697,1576,39,501+,0.17,0.020739,0.045926,0,0,0,,0.925,2024-25
2026-07-27,2026-08-03,20107,Linn County,Kansas,KS,quiet,0.000124,1734,53,501+,0.09,0.000406,2106,74,501+,0.1,0.020725,0.025327,0,0,0,,0.8659,2024-25
2026-07-27,2026-08-03,48351,Newton County,Texas,TX,quiet,0.000124,1735,195,501+,0.09,0.000707,1557,174,501+,0.18,0.020706,0.046651,0,0,0,,0.929204,2024-25
2026-07-27,2026-08-03,39021,Champaign County,Ohio,OH,quiet,0.000124,1736,60,501+,0.09,0.000931,1353,57,501+,0.23,0.020701,0.062809,0,0,0,,0.917,2024-25
2026-07-27,2026-08-03,46087,McCook County,South Dakota,SD,quiet,0.000124,1737,39,501+,0.09,0.001165,1197,18,501+,0.29,0.020664,0.079698,0,0,0,,0.78,2024-25
2026-07-27,2026-08-03,18005,Bartholomew County,Indiana,IN,quiet,0.000124,1738,42,501+,0.09,0.000802,1466,39,501+,0.2,0.020658,0.053501,0,0,0,,0.9109,2024-25
2026-07-27,2026-08-03,51083,Halifax County,Virginia,VA,quiet,0.000124,1739,55,501+,0.09,0.000991,1298,41,501+,0.25,0.020631,0.067135,0,0,0,,0.809,2024-25
2026-07-27,2026-08-03,54009,Brooke County,West Virginia,WV,quiet,0.000123,1740,16,501+,0.09,0.000558,1771,15,501+,0.14,0.020579,0.036012,0,0,0,,,
2026-07-27,2026-08-03,46007,Bennett County,South Dakota,SD,quiet,0.000123,1741,40,501+,0.09,0.000231,2647,58,501+,0.06,0.020539,0.013474,0,0,0,,0.78,2024-25
2026-07-27,2026-08-03,20131,Nemaha County,Kansas,KS,quiet,0.000122,1742,54,501+,0.09,0.000595,1711,50,501+,0.15,0.020451,0.038637,0,0,0,,0.948,2024-25
2026-07-27,2026-08-03,12093,Okeechobee County,Florida,FL,quiet,0.000122,1743,47,501+,0.09,0.00052,1857,55,501+,0.13,0.02045,0.033302,0,0,0,,0.938,2024-25
2026-07-27,2026-08-03,31121,Merrick County,Nebraska,NE,quiet,0.000122,1744,29,501+,0.09,0.000578,1742,25,501+,0.15,0.020428,0.037449,0,0,0,,0.973333333,2024-25
2026-07-27,2026-08-03,20199,Wallace County,Kansas,KS,quiet,0.000122,1745,55,501+,0.09,0.000253,2583,91,501+,0.06,0.020414,0.014917,0,0,0,,0.7856,2024-25
2026-07-27,2026-08-03,20127,Morris County,Kansas,KS,quiet,0.000122,1746,56,501+,0.09,0.000671,1612,38,501+,0.17,0.020391,0.044054,0,0,0,,0.8752,2024-25
2026-07-27,2026-08-03,27033,Cottonwood County,Minnesota,MN,quiet,0.000122,1747,57,501+,0.09,0.000449,2001,68,501+,0.11,0.020381,0.028302,0,0,0,,0.962,2024-25
2026-07-27,2026-08-03,27091,Martin County,Minnesota,MN,quiet,0.000122,1748,58,501+,0.09,0.00037,2194,78,501+,0.09,0.020314,0.022873,0,0,0,,0.822,2024-25
2026-07-27,2026-08-03,20085,Jackson County,Kansas,KS,quiet,0.000121,1749,57,501+,0.09,0.000644,1644,42,501+,0.16,0.020257,0.042169,0,0,0,,0.843,2024-25
2026-07-27,2026-08-03,51660,Harrisonburg City,Virginia,VA,quiet,0.000121,1750,56,501+,0.09,0.001007,1280,39,501+,0.25,0.020257,0.068333,0,0,0,,0.884,2024-25
2026-07-27,2026-08-03,29177,Ray County,Missouri,MO,quiet,0.000121,1751,49,501+,0.09,0.000667,1615,49,501+,0.17,0.020208,0.043822,0,0,0,,0.952,2024-25
2026-07-27,2026-08-03,48297,Live Oak County,Texas,TX,quiet,0.000121,1752,196,501+,0.09,0.000282,2487,224,501+,0.07,0.02018,0.016885,0,0,0,,0.984962,2024-25
2026-07-27,2026-08-03,19151,Pocahontas County,Iowa,IA,quiet,0.000121,1753,28,501+,0.09,0.000442,2018,44,501+,0.11,0.020163,0.027805,0,0,0,,0.8358209,2024-25
2026-07-27,2026-08-03,02150,Kodiak Island Borough,Alaska,AK,quiet,0.000121,1754,10,501+,0.09,0.000805,1462,8,501+,0.2,0.020146,0.053756,0,0,0,,,
2026-07-27,2026-08-03,08063,Kit Carson County,Colorado,CO,quiet,0.000121,1755,43,501+,0.09,0.000692,1584,37,501+,0.17,0.020143,0.045587,0,0,0,,0.8947,2024-25
2026-07-27,2026-08-03,26043,Dickinson County,Michigan,MI,quiet,0.000121,1756,54,501+,0.09,0.000672,1609,52,501+,0.17,0.020142,0.044177,0,0,0,,0.91891892,2024-25
2026-07-27,2026-08-03,30001,Beaverhead County,Montana,MT,quiet,0.000121,1757,29,501+,0.09,0.000578,1744,21,501+,0.15,0.020142,0.037448,0,0,0,,,
2026-07-27,2026-08-03,55103,Richland County,Wisconsin,WI,quiet,0.00012,1758,46,501+,0.09,0.000781,1484,43,501+,0.2,0.020095,0.052029,0,0,0,,0.72,2024-25
2026-07-27,2026-08-03,31133,Pawnee County,Nebraska,NE,quiet,0.00012,1759,30,501+,0.09,0.000435,2028,40,501+,0.11,0.020064,0.027366,0,0,0,,0.956521739,2024-25
2026-07-27,2026-08-03,21105,Hickman County,Kentucky,KY,quiet,0.00012,1760,25,501+,0.09,0.000498,1891,32,501+,0.13,0.020003,0.031768,0,0,0,,0.933,2024-25
2026-07-27,2026-08-03,26047,Emmet County,Michigan,MI,quiet,0.00012,1761,55,501+,0.09,0.001242,1154,34,501+,0.31,0.019967,0.085264,0,0,0,,0.91290323,2024-25
2026-07-27,2026-08-03,20125,Montgomery County,Kansas,KS,quiet,0.000119,1762,58,501+,0.09,0.00042,2063,73,501+,0.11,0.019927,0.02627,0,0,0,,0.9522,2024-25
2026-07-27,2026-08-03,31169,Thayer County,Nebraska,NE,quiet,0.000119,1763,31,501+,0.09,0.00033,2312,53,501+,0.08,0.019927,0.020127,0,0,0,,0.962962963,2024-25
2026-07-27,2026-08-03,22003,Allen Parish,Louisiana,LA,quiet,0.000119,1764,32,501+,0.09,0.000285,2479,43,501+,0.07,0.019927,0.017027,0,0,0,,0.9346,2024-25
2026-07-27,2026-08-03,20051,Ellis County,Kansas,KS,quiet,0.000119,1765,59,501+,0.09,0.000446,2011,69,501+,0.11,0.019923,0.028111,0,0,0,,0.9228,2024-25
2026-07-27,2026-08-03,18107,Montgomery County,Indiana,IN,quiet,0.000119,1766,43,501+,0.09,0.00048,1928,52,501+,0.12,0.019914,0.030532,0,0,0,,0.925,2024-25
2026-07-27,2026-08-03,51023,Botetourt County,Virginia,VA,quiet,0.000119,1767,57,501+,0.09,0.000532,1834,62,501+,0.13,0.019855,0.034166,0,0,0,,0.928,2024-25
2026-07-27,2026-08-03,26133,Osceola County,Michigan,MI,quiet,0.000119,1768,56,501+,0.09,0.000637,1655,53,501+,0.16,0.019853,0.041627,0,0,7,52,0.888,2024-25
2026-07-27,2026-08-03,18121,Parke County,Indiana,IN,quiet,0.000119,1769,44,501+,0.09,0.000368,2202,65,501+,0.09,0.019848,0.022673,0,0,0,,0.9713,2024-25
2026-07-27,2026-08-03,18049,Fulton County,Indiana,IN,quiet,0.000119,1770,45,501+,0.09,0.000682,1596,42,501+,0.17,0.019792,0.044908,0,0,0,,0.9401,2024-25
2026-07-27,2026-08-03,12047,Hamilton County,Florida,FL,quiet,0.000119,1771,48,501+,0.09,0.000394,2126,59,501+,0.1,0.019773,0.024524,0,0,0,,0.97,2024-25
2026-07-27,2026-08-03,22123,West Carroll Parish,Louisiana,LA,quiet,0.000119,1772,33,501+,0.09,0.000333,2302,38,501+,0.08,0.019765,0.020277,0,0,0,,0.7778,2024-25
2026-07-27,2026-08-03,31107,Knox County,Nebraska,NE,quiet,0.000118,1773,32,501+,0.09,0.000573,1755,26,501+,0.14,0.019727,0.03706,0,0,0,,0.907563025,2024-25
2026-07-27,2026-08-03,22025,Catahoula Parish,Louisiana,LA,quiet,0.000118,1774,34,501+,0.09,0.000175,2831,56,501+,0.04,0.019712,0.009836,0,0,0,,0.9459,2024-25
2026-07-27,2026-08-03,12041,Gilchrist County,Florida,FL,quiet,0.000118,1775,49,501+,0.09,0.00099,1299,43,501+,0.25,0.019668,0.067096,0,0,0,,0.921,2024-25
2026-07-27,2026-08-03,13023,Bleckley County,Georgia,GA,quiet,0.000118,1776,50,501+,0.09,0.00034,2286,85,501+,0.09,0.019659,0.020808,0,0,0,,,
2026-07-27,2026-08-03,19025,Calhoun County,Iowa,IA,quiet,0.000118,1777,29,501+,0.09,0.00036,2226,58,501+,0.09,0.019658,0.022161,0,0,0,,0.84883721,2024-25
2026-07-27,2026-08-03,29053,Cooper County,Missouri,MO,quiet,0.000117,1778,50,501+,0.09,0.000623,1673,50,501+,0.16,0.019587,0.040634,0,0,0,,0.932,2024-25
2026-07-27,2026-08-03,21107,Hopkins County,Kentucky,KY,quiet,0.000117,1779,26,501+,0.09,0.000746,1517,23,501+,0.19,0.019586,0.049484,0,0,0,,0.911,2024-25
2026-07-27,2026-08-03,40101,Muskogee County,Oklahoma,OK,quiet,0.000117,1780,45,501+,0.09,0.000523,1847,44,501+,0.13,0.019585,0.033566,0,0,0,,0.8816,2024-25
2026-07-27,2026-08-03,37103,Jones County,North Carolina,NC,quiet,0.000117,1781,63,501+,0.09,0.000567,1759,69,501+,0.14,0.019584,0.036662,0,0,0,,0.95652174,2024-25
2026-07-27,2026-08-03,13079,Crawford County,Georgia,GA,quiet,0.000117,1782,51,501+,0.09,0.000403,2110,74,501+,0.1,0.019576,0.025097,0,0,0,,,
2026-07-27,2026-08-03,18093,Lawrence County,Indiana,IN,quiet,0.000117,1783,46,501+,0.09,0.000805,1463,38,501+,0.2,0.019562,0.05372,0,0,0,,0.9104,2024-25
2026-07-27,2026-08-03,48315,Marion County,Texas,TX,quiet,0.000117,1784,197,501+,0.09,0.000506,1877,196,501+,0.13,0.019519,0.032337,0,0,0,,0.985915,2024-25
2026-07-27,2026-08-03,38013,Burke County,North Dakota,ND,quiet,0.000117,1785,24,501+,0.09,0.000669,1613,25,501+,0.17,0.019513,0.043942,0,0,1,61,0.8333,2024-25
2026-07-27,2026-08-03,13101,Echols County,Georgia,GA,quiet,0.000117,1786,52,501+,0.09,0.001251,1152,21,501+,0.31,0.019499,0.085888,0,0,0,,,
2026-07-27,2026-08-03,36095,Schoharie County,New York,NY,quiet,0.000117,1787,55,501+,0.09,0.000423,2052,57,501+,0.11,0.019486,0.026496,0,0,0,,0.999021073,2024-25
2026-07-27,2026-08-03,08103,Rio Blanco County,Colorado,CO,quiet,0.000117,1788,44,501+,0.09,0.000498,1890,42,501+,0.13,0.019448,0.031777,0,0,0,,0.8814,2024-25
2026-07-27,2026-08-03,21041,Carroll County,Kentucky,KY,quiet,0.000117,1789,27,501+,0.09,0.000382,2163,39,501+,0.1,0.01944,0.023665,0,0,0,,0.964,2024-25
2026-07-27,2026-08-03,21007,Ballard County,Kentucky,KY,quiet,0.000116,1790,28,501+,0.09,0.000367,2205,41,501+,0.09,0.01938,0.022602,0,0,0,,0.901,2024-25
2026-07-27,2026-08-03,47121,Meigs County,Tennessee,TN,quiet,0.000116,1791,49,501+,0.09,0.000794,1471,34,501+,0.2,0.01936,0.052966,0,0,0,,0.94,2024-25
2026-07-27,2026-08-03,28091,Marion County,Mississippi,MS,quiet,0.000116,1792,21,501+,0.09,0.000506,1875,22,501+,0.13,0.019358,0.032357,0,0,0,,0.979,2024-25
2026-07-27,2026-08-03,46059,Hand County,South Dakota,SD,quiet,0.000116,1793,41,501+,0.09,0.000346,2267,46,501+,0.09,0.01934,0.021208,0,0,0,,0.83,2024-25
2026-07-27,2026-08-03,13123,Gilmer County,Georgia,GA,quiet,0.000116,1794,53,501+,0.09,0.000615,1685,47,501+,0.15,0.019339,0.040088,0,0,0,,,
2026-07-27,2026-08-03,51109,Louisa County,Virginia,VA,quiet,0.000116,1795,58,501+,0.09,0.000916,1364,45,501+,0.23,0.019295,0.061746,0,0,0,,0.908,2024-25
2026-07-27,2026-08-03,13159,Jasper County,Georgia,GA,quiet,0.000116,1796,54,501+,0.09,0.000492,1899,58,501+,0.12,0.01929,0.031347,0,0,0,,,
2026-07-27,2026-08-03,28019,Choctaw County,Mississippi,MS,quiet,0.000116,1797,22,501+,0.09,0.000582,1737,16,501+,0.15,0.019247,0.037691,0,0,0,,0.9646,2024-25
2026-07-27,2026-08-03,05009,Boone County,Arkansas,AR,quiet,0.000115,1798,26,501+,0.09,0.000437,2024,25,501+,0.11,0.019212,0.027518,0,0,0,,,
2026-07-27,2026-08-03,39087,Lawrence County,Ohio,OH,quiet,0.000115,1799,61,501+,0.09,0.000353,2247,75,501+,0.09,0.019204,0.021661,0,0,0,,0.96,2024-25
2026-07-27,2026-08-03,21125,Laurel County,Kentucky,KY,quiet,0.000115,1800,29,501+,0.09,0.000592,1717,29,501+,0.15,0.019195,0.038432,0,0,0,,0.946,2024-25
2026-07-27,2026-08-03,40059,Harper County,Oklahoma,OK,quiet,0.000115,1801,46,501+,0.09,0.000463,1969,51,501+,0.12,0.019184,0.029334,0,0,0,,0.963,2024-25
2026-07-27,2026-08-03,31021,Burt County,Nebraska,NE,quiet,0.000115,1802,33,501+,0.09,0.000394,2127,46,501+,0.1,0.019143,0.024503,0,0,0,,0.973684211,2024-25
2026-07-27,2026-08-03,51079,Greene County,Virginia,VA,quiet,0.000115,1803,59,501+,0.09,0.000643,1646,57,501+,0.16,0.019132,0.042061,0,0,0,,0.889,2024-25
2026-07-27,2026-08-03,17183,Vermilion County,Illinois,IL,quiet,0.000115,1804,36,501+,0.09,0.000439,2021,47,501+,0.11,0.01908,0.027652,0,0,0,,0.957,2024-25
2026-07-27,2026-08-03,20029,Cloud County,Kansas,KS,quiet,0.000114,1805,60,501+,0.09,0.000345,2271,82,501+,0.09,0.019067,0.021116,0,0,0,,0.9373,2024-25
2026-07-27,2026-08-03,18021,Clay County,Indiana,IN,quiet,0.000114,1806,47,501+,0.09,0.00035,2258,68,501+,0.09,0.019043,0.021474,0,0,0,,0.9317,2024-25
2026-07-27,2026-08-03,19125,Marion County,Iowa,IA,quiet,0.000114,1807,30,501+,0.09,0.000491,1901,38,501+,0.12,0.019001,0.031299,0,0,0,,0.86976744,2024-25
2026-07-27,2026-08-03,45075,Orangeburg County,South Carolina,SC,quiet,0.000114,1808,37,501+,0.09,0.001309,1123,28,501+,0.33,0.018991,0.090013,0,0,0,,0.956,2024-25
2026-07-27,2026-08-03,37047,Columbus County,North Carolina,NC,quiet,0.000114,1809,64,501+,0.08,0.000783,1483,57,501+,0.2,0.018953,0.052129,0,0,0,,0.95117845,2024-25
2026-07-27,2026-08-03,31137,Phelps County,Nebraska,NE,quiet,0.000114,1810,34,501+,0.08,0.00043,2038,41,501+,0.11,0.018951,0.026996,0,0,0,,0.961783439,2024-25
2026-07-27,2026-08-03,31045,Dawes County,Nebraska,NE,quiet,0.000114,1811,35,501+,0.08,0.000792,1472,18,501+,0.2,0.018944,0.052795,0,0,0,,0.942028986,2024-25
2026-07-27,2026-08-03,20077,Harper County,Kansas,KS,quiet,0.000114,1812,61,501+,0.08,0.000359,2232,77,501+,0.09,0.01893,0.022052,0,0,0,,0.7782,2024-25
2026-07-27,2026-08-03,17005,Bond County,Illinois,IL,quiet,0.000114,1813,37,501+,0.08,0.000218,2692,82,501+,0.05,0.01893,0.012621,0,0,0,,0.985,2024-25
2026-07-27,2026-08-03,21055,Crittenden County,Kentucky,KY,quiet,0.000114,1814,30,501+,0.08,0.000397,2123,38,501+,0.1,0.018921,0.024702,0,0,0,,0.929,2024-25
2026-07-27,2026-08-03,31113,Logan County,Nebraska,NE,quiet,0.000114,1815,36,501+,0.08,0.000469,1957,34,501+,0.12,0.018903,0.029738,0,0,0,,0.857142857,2024-25
2026-07-27,2026-08-03,21179,Nelson County,Kentucky,KY,quiet,0.000113,1816,31,501+,0.08,0.000685,1593,25,501+,0.17,0.018876,0.045062,0,0,0,,0.952,2024-25
2026-07-27,2026-08-03,19133,Monona County,Iowa,IA,quiet,0.000113,1817,31,501+,0.08,0.000218,2694,87,501+,0.05,0.018799,0.012593,0,0,0,,0.84946237,2024-25
2026-07-27,2026-08-03,29179,Reynolds County,Missouri,MO,quiet,0.000113,1818,51,501+,0.08,0.000459,1980,70,501+,0.12,0.018789,0.029057,0,0,0,,0.911,2024-25
2026-07-27,2026-08-03,55113,Sawyer County,Wisconsin,WI,quiet,0.000113,1819,47,501+,0.08,0.000542,1822,51,501+,0.14,0.018786,0.034909,0,0,0,,0.82,2024-25
2026-07-27,2026-08-03,40123,Pontotoc County,Oklahoma,OK,quiet,0.000113,1820,47,501+,0.08,0.000967,1318,24,501+,0.24,0.01878,0.065435,0,0,0,,0.9313,2024-25
2026-07-27,2026-08-03,23015,Lincoln County,Maine,ME,quiet,0.000113,1821,14,501+,0.08,0.000491,1903,16,501+,0.12,0.018778,0.031242,0,0,0,,0.9674,2024-25
2026-07-27,2026-08-03,29093,Iron County,Missouri,MO,quiet,0.000113,1822,52,501+,0.08,0.00047,1951,67,501+,0.12,0.018752,0.029821,0,0,0,,0.959,2024-25
2026-07-27,2026-08-03,20197,Wabaunsee County,Kansas,KS,quiet,0.000112,1823,62,501+,0.08,0.000573,1753,52,501+,0.14,0.018717,0.037101,0,0,0,,0.7585,2024-25
2026-07-27,2026-08-03,29185,St. Clair County,Missouri,MO,quiet,0.000112,1824,53,501+,0.08,0.000795,1470,40,501+,0.2,0.018697,0.053025,0,0,0,,0.881,2024-25
2026-07-27,2026-08-03,31001,Adams County,Nebraska,NE,quiet,0.000112,1825,37,501+,0.08,0.000448,2005,39,501+,0.11,0.018697,0.028281,0,0,0,,0.957627119,2024-25
2026-07-27,2026-08-03,37153,Richmond County,North Carolina,NC,quiet,0.000112,1826,65,501+,0.08,0.000367,2203,83,501+,0.09,0.018662,0.022663,0,0,0,,0.97429306,2024-25
2026-07-27,2026-08-03,13251,Screven County,Georgia,GA,quiet,0.000112,1827,55,501+,0.08,0.000348,2263,82,501+,0.09,0.018653,0.021326,0,0,0,,,
2026-07-27,2026-08-03,20201,Washington County,Kansas,KS,quiet,0.000112,1828,63,501+,0.08,0.000488,1910,62,501+,0.12,0.018646,0.031048,0,0,0,,0.9708,2024-25
2026-07-27,2026-08-03,51520,Bristol City,Virginia,VA,quiet,0.000112,1829,60,501+,0.08,0.000498,1893,65,501+,0.12,0.01864,0.031754,0,0,0,,0.811,2024-25
2026-07-27,2026-08-03,01067,Henry County,Alabama,AL,quiet,0.000112,1830,28,501+,0.08,0.00028,2492,49,501+,0.07,0.018635,0.016748,0,0,0,,0.9581,2024-25
2026-07-27,2026-08-03,32021,Mineral County,Nevada,NV,quiet,0.000112,1831,13,501+,0.08,0.000646,1642,12,501+,0.16,0.018625,0.042279,0,0,0,,0.973,2024-25
2026-07-27,2026-08-03,36033,Franklin County,New York,NY,quiet,0.000112,1832,56,501+,0.08,0.000588,1722,53,501+,0.15,0.018617,0.038177,0,0,0,,0.999504985,2024-25
2026-07-27,2026-08-03,40151,Woods County,Oklahoma,OK,quiet,0.000112,1833,48,501+,0.08,0.000309,2390,69,501+,0.08,0.018608,0.018654,0,0,0,,0.8505,2024-25
2026-07-27,2026-08-03,37017,Bladen County,North Carolina,NC,quiet,0.000112,1834,66,501+,0.08,0.00072,1545,58,501+,0.18,0.018608,0.047634,0,0,0,,0.96694215,2024-25
2026-07-27,2026-08-03,18129,Posey County,Indiana,IN,quiet,0.000112,1835,48,501+,0.08,0.000435,2029,55,501+,0.11,0.018605,0.02732,0,0,0,,0.8851,2024-25
2026-07-27,2026-08-03,19073,Greene County,Iowa,IA,quiet,0.000112,1836,32,501+,0.08,0.000379,2169,50,501+,0.1,0.018598,0.023483,0,0,0,,0.83,2024-25
2026-07-27,2026-08-03,28115,Pontotoc County,Mississippi,MS,quiet,0.000112,1837,23,501+,0.08,0.000429,2045,28,501+,0.11,0.018582,0.026896,0,0,0,,0.9534,2024-25
2026-07-27,2026-08-03,31017,Brown County,Nebraska,NE,quiet,0.000112,1838,38,501+,0.08,0.00036,2229,50,501+,0.09,0.018581,0.022131,0,0,0,,0.935483871,2024-25
2026-07-27,2026-08-03,45089,Williamsburg County,South Carolina,SC,quiet,0.000112,1839,38,501+,0.08,0.000462,1972,39,501+,0.12,0.018571,0.029249,0,0,0,,0.974,2024-25
2026-07-27,2026-08-03,38103,Wells County,North Dakota,ND,quiet,0.000112,1840,25,501+,0.08,0.000295,2439,38,501+,0.07,0.018567,0.017734,0,0,0,,0.7826,2024-25
2026-07-27,2026-08-03,13227,Pickens County,Georgia,GA,quiet,0.000112,1841,56,501+,0.08,0.00063,1663,44,501+,0.16,0.018567,0.041183,0,0,0,,,
2026-07-27,2026-08-03,06043,Mariposa County,California,CA,quiet,0.000111,1842,55,501+,0.08,0.000409,2097,55,501+,0.1,0.018541,0.025562,0,0,0,,0.98361,2024-25
2026-07-27,2026-08-03,26153,Schoolcraft County,Michigan,MI,quiet,0.000111,1843,57,501+,0.08,0.000208,2723,72,501+,0.05,0.018538,0.011996,0,0,0,,0.95081967,2024-25
2026-07-27,2026-08-03,37177,Tyrrell County,North Carolina,NC,quiet,0.000111,1844,67,501+,0.08,0.000549,1801,71,501+,0.14,0.018537,0.035363,0,0,0,,0.88,2024-25
2026-07-27,2026-08-03,01123,Tallapoosa County,Alabama,AL,quiet,0.000111,1845,29,501+,0.08,0.000344,2275,42,501+,0.09,0.018503,0.021033,0,0,0,,0.9727,2024-25
2026-07-27,2026-08-03,51049,Cumberland County,Virginia,VA,quiet,0.000111,1846,61,501+,0.08,0.000462,1973,69,501+,0.12,0.018498,0.029244,0,0,0,,0.981,2024-25
2026-07-27,2026-08-03,41063,Wallowa County,Oregon,OR,quiet,0.000111,1847,29,501+,0.08,0.00037,2198,30,501+,0.09,0.018492,0.022831,0,0,0,,0.857,2024-25
2026-07-27,2026-08-03,29049,Clinton County,Missouri,MO,quiet,0.000111,1848,54,501+,0.08,0.000719,1546,45,501+,0.18,0.018447,0.047568,0,0,0,,0.884,2024-25
2026-07-27,2026-08-03,40063,Hughes County,Oklahoma,OK,quiet,0.000111,1849,49,501+,0.08,0.000329,2319,67,501+,0.08,0.018408,0.020043,0,0,0,,0.8986,2024-25
2026-07-27,2026-08-03,46089,McPherson County,South Dakota,SD,quiet,0.000111,1850,42,501+,0.08,0.00066,1626,35,501+,0.17,0.018407,0.043266,0,0,0,,0.86,2024-25
2026-07-27,2026-08-03,29143,New Madrid County,Missouri,MO,quiet,0.000111,1851,55,501+,0.08,0.001918,882,19,501+,0.48,0.01838,0.132824,0,0,1,64,0.963,2024-25
2026-07-27,2026-08-03,18029,Dearborn County,Indiana,IN,quiet,0.00011,1852,49,501+,0.08,0.000624,1672,46,501+,0.16,0.018366,0.040753,0,0,0,,0.9232,2024-25
2026-07-27,2026-08-03,19177,Van Buren County,Iowa,IA,quiet,0.00011,1853,33,501+,0.08,0.000651,1637,25,501+,0.16,0.018325,0.042651,0,0,0,,0.90163934,2024-25
2026-07-27,2026-08-03,47175,Van Buren County,Tennessee,TN,quiet,0.00011,1854,50,501+,0.08,0.000306,2398,72,501+,0.08,0.018312,0.018501,0,0,0,,0.943,2024-25
2026-07-27,2026-08-03,12039,Gadsden County,Florida,FL,quiet,0.00011,1855,50,501+,0.08,0.000775,1492,46,501+,0.19,0.018282,0.051579,0,0,0,,0.798,2024-25
2026-07-27,2026-08-03,48411,San Saba County,Texas,TX,quiet,0.00011,1856,198,501+,0.08,0.000552,1792,192,501+,0.14,0.01826,0.035558,0,0,0,,0.923077,2024-25
2026-07-27,2026-08-03,37173,Swain County,North Carolina,NC,quiet,0.00011,1857,68,501+,0.08,0.000417,2072,81,501+,0.1,0.018224,0.026092,0,0,0,,0.97484277,2024-25
2026-07-27,2026-08-03,01129,Washington County,Alabama,AL,quiet,0.00011,1858,30,501+,0.08,0.000551,1793,30,501+,0.14,0.018218,0.035509,0,0,0,,0.9275,2024-25
2026-07-27,2026-08-03,05073,Lafayette County,Arkansas,AR,quiet,0.00011,1859,27,501+,0.08,0.000227,2662,52,501+,0.06,0.018213,0.013185,0,0,0,,,
2026-07-27,2026-08-03,55003,Ashland County,Wisconsin,WI,quiet,0.000109,1860,48,501+,0.08,0.000488,1909,54,501+,0.12,0.0182,0.031086,0,0,0,,0.9,2024-25
2026-07-27,2026-08-03,26057,Gratiot County,Michigan,MI,quiet,0.000109,1861,58,501+,0.08,0.000873,1400,44,501+,0.22,0.01819,0.058676,0,0,0,,0.91954023,2024-25
2026-07-27,2026-08-03,17017,Cass County,Illinois,IL,quiet,0.000109,1862,38,501+,0.08,0.000394,2129,56,501+,0.1,0.018165,0.024468,0,0,0,,0.979,2024-25
2026-07-27,2026-08-03,47145,Roane County,Tennessee,TN,quiet,0.000109,1863,51,501+,0.08,0.000859,1409,33,501+,0.22,0.018137,0.057593,0,0,0,,0.966,2024-25
2026-07-27,2026-08-03,50005,Caledonia County,Vermont,VT,quiet,0.000109,1864,11,501+,0.08,0.000384,2153,11,501+,0.1,0.018125,0.02383,0,0,0,,0.92,2024-25
2026-07-27,2026-08-03,41023,Grant County,Oregon,OR,quiet,0.000109,1865,30,501+,0.08,0.00061,1692,27,501+,0.15,0.018107,0.039711,0,0,0,,0.814,2024-25
2026-07-27,2026-08-03,31147,Richardson County,Nebraska,NE,quiet,0.000109,1866,39,501+,0.08,0.00036,2230,51,501+,0.09,0.018093,0.022122,0,0,0,,0.95959596,2024-25
2026-07-27,2026-08-03,18069,Huntington County,Indiana,IN,quiet,0.000109,1867,50,501+,0.08,0.001081,1239,27,501+,0.27,0.018083,0.073633,0,0,0,,0.9454,2024-25
2026-07-27,2026-08-03,17055,Franklin County,Illinois,IL,quiet,0.000109,1868,39,501+,0.08,0.000416,2074,52,501+,0.1,0.018073,0.02603,0,0,0,,0.967,2024-25
2026-07-27,2026-08-03,13207,Monroe County,Georgia,GA,quiet,0.000109,1869,57,501+,0.08,0.000462,1974,63,501+,0.12,0.018073,0.029229,0,0,0,,,
2026-07-27,2026-08-03,20003,Anderson County,Kansas,KS,quiet,0.000109,1870,64,501+,0.08,0.000635,1659,43,501+,0.16,0.018064,0.041475,0,0,0,,0.7222,2024-25
2026-07-27,2026-08-03,12107,Putnam County,Florida,FL,quiet,0.000109,1871,51,501+,0.08,0.000578,1741,53,501+,0.15,0.01806,0.037462,0,0,0,,0.901,2024-25
2026-07-27,2026-08-03,31075,Grant County,Nebraska,NE,quiet,0.000109,1872,40,501+,0.08,0.000281,2491,67,501+,0.07,0.018059,0.016797,0,0,0,,0.785714286,2024-25
2026-07-27,2026-08-03,37197,Yadkin County,North Carolina,NC,quiet,0.000108,1873,69,501+,0.08,0.000534,1830,73,501+,0.13,0.017994,0.034344,0,0,0,,0.95174263,2024-25
2026-07-27,2026-08-03,13125,Glascock County,Georgia,GA,quiet,0.000108,1874,58,501+,0.08,0.000724,1540,40,501+,0.18,0.017993,0.047911,0,0,0,,,
2026-07-27,2026-08-03,01001,Autauga County,Alabama,AL,quiet,0.000108,1875,31,501+,0.08,0.000915,1366,20,501+,0.23,0.017993,0.061677,0,0,0,,0.936,2024-25
2026-07-27,2026-08-03,40029,Coal County,Oklahoma,OK,quiet,0.000108,1876,50,501+,0.08,0.000469,1958,50,501+,0.12,0.017992,0.029722,0,0,0,,0.7143,2024-25
2026-07-27,2026-08-03,20139,Osage County,Kansas,KS,quiet,0.000108,1877,65,501+,0.08,0.000615,1686,45,501+,0.15,0.017988,0.040073,0,0,0,,0.7842,2024-25
2026-07-27,2026-08-03,05029,Conway County,Arkansas,AR,quiet,0.000108,1878,28,501+,0.08,0.00033,2314,30,501+,0.08,0.017976,0.020123,0,0,0,,,
2026-07-27,2026-08-03,45011,Barnwell County,South Carolina,SC,quiet,0.000108,1879,39,501+,0.08,0.000521,1853,38,501+,0.13,0.017969,0.033363,0,0,0,,0.946,2024-25
2026-07-27,2026-08-03,48435,Sutton County,Texas,TX,quiet,0.000108,1880,199,501+,0.08,0.000384,2155,211,501+,0.1,0.017943,0.02382,0,0,0,,0.944444,2024-25
2026-07-27,2026-08-03,18061,Harrison County,Indiana,IN,quiet,0.000108,1881,51,501+,0.08,0.001241,1156,25,501+,0.31,0.017935,0.085144,0,0,0,,0.8588,2024-25
2026-07-27,2026-08-03,37029,Camden County,North Carolina,NC,quiet,0.000108,1882,70,501+,0.08,0.000849,1423,54,501+,0.21,0.017933,0.056893,0,0,0,,0.96183206,2024-25
2026-07-27,2026-08-03,29139,Montgomery County,Missouri,MO,quiet,0.000108,1883,56,501+,0.08,0.000441,2019,72,501+,0.11,0.017926,0.027752,0,0,0,,0.959,2024-25
2026-07-27,2026-08-03,19157,Poweshiek County,Iowa,IA,quiet,0.000108,1884,34,501+,0.08,0.000383,2157,48,501+,0.1,0.017925,0.02374,0,0,0,,0.87700535,2024-25
2026-07-27,2026-08-03,30061,Mineral County,Montana,MT,quiet,0.000108,1885,30,501+,0.08,0.000429,2044,31,501+,0.11,0.017923,0.026923,0,0,0,,,
2026-07-27,2026-08-03,55053,Jackson County,Wisconsin,WI,quiet,0.000108,1886,49,501+,0.08,0.000647,1641,46,501+,0.16,0.0179,0.042382,0,0,0,,0.79,2024-25
2026-07-27,2026-08-03,19087,Henry County,Iowa,IA,quiet,0.000108,1887,35,501+,0.08,0.00047,1952,39,501+,0.12,0.017898,0.029793,0,0,0,,0.90865385,2024-25
2026-07-27,2026-08-03,08033,Dolores County,Colorado,CO,quiet,0.000107,1888,45,501+,0.08,0.000215,2701,52,501+,0.05,0.017856,0.012446,0,0,0,,0.7778,2024-25
2026-07-27,2026-08-03,55047,Green Lake County,Wisconsin,WI,quiet,0.000107,1889,50,501+,0.08,0.000833,1437,42,501+,0.21,0.017828,0.055763,0,0,0,,0.86,2024-25
2026-07-27,2026-08-03,51540,Charlottesville City,Virginia,VA,quiet,0.000107,1890,62,501+,0.08,0.000506,1878,63,501+,0.13,0.017824,0.032304,0,0,0,,0.867,2024-25
2026-07-27,2026-08-03,20129,Morton County,Kansas,KS,quiet,0.000107,1891,66,501+,0.08,0.001589,995,15,501+,0.4,0.017816,0.109928,0,0,0,,0.5667,2024-25
2026-07-27,2026-08-03,20119,Meade County,Kansas,KS,quiet,0.000107,1892,67,501+,0.08,0.000654,1633,40,501+,0.16,0.017815,0.042857,0,0,0,,0.8128,2024-25
2026-07-27,2026-08-03,18077,Jefferson County,Indiana,IN,quiet,0.000107,1893,52,501+,0.08,0.000522,1850,50,501+,0.13,0.017815,0.033473,0,0,0,,0.8738,2024-25
2026-07-27,2026-08-03,51009,Amherst County,Virginia,VA,quiet,0.000107,1894,63,501+,0.08,0.000487,1911,66,501+,0.12,0.017805,0.031007,0,0,0,,0.816,2024-25
2026-07-27,2026-08-03,27159,Wadena County,Minnesota,MN,quiet,0.000107,1895,59,501+,0.08,0.000576,1750,58,501+,0.14,0.01779,0.037298,0,0,0,,0.67,2024-25
2026-07-27,2026-08-03,39071,Highland County,Ohio,OH,quiet,0.000107,1896,62,501+,0.08,0.000854,1417,58,501+,0.21,0.017761,0.057298,0,0,0,,0.942,2024-25
2026-07-27,2026-08-03,20151,Pratt County,Kansas,KS,quiet,0.000107,1897,68,501+,0.08,0.000577,1747,51,501+,0.14,0.017759,0.037403,0,0,0,,0.8915,2024-25
2026-07-27,2026-08-03,02013,Aleutians East Borough,Alaska,AK,quiet,0.000107,1898,11,501+,0.08,0.000418,2071,14,501+,0.1,0.017727,0.026136,0,0,0,,,
2026-07-27,2026-08-03,12133,Washington County,Florida,FL,quiet,0.000107,1899,52,501+,0.08,0.00066,1625,51,501+,0.17,0.017724,0.043272,0,0,0,,0.881,2024-25
2026-07-27,2026-08-03,38037,Grant County,North Dakota,ND,quiet,0.000107,1900,26,501+,0.08,0.000558,1772,29,501+,0.14,0.017707,0.035991,0,0,0,,0.5909,2024-25
2026-07-27,2026-08-03,20205,Wilson County,Kansas,KS,quiet,0.000106,1901,69,501+,0.08,0.000257,2566,90,501+,0.06,0.017674,0.015159,0,0,0,,0.9221,2024-25
2026-07-27,2026-08-03,33019,Sullivan County,New Hampshire,NH,quiet,0.000106,1902,8,501+,0.08,0.000515,1863,8,501+,0.13,0.017637,0.032946,0,0,0,,0.906,2024-25
2026-07-27,2026-08-03,13031,Bulloch County,Georgia,GA,quiet,0.000106,1903,59,501+,0.08,0.000497,1895,57,501+,0.12,0.01762,0.031667,0,0,0,,,
2026-07-27,2026-08-03,46035,Davison County,South Dakota,SD,quiet,0.000106,1904,43,501+,0.08,0.000641,1652,36,501+,0.16,0.0176,0.041906,0,0,0,,0.93,2024-25
2026-07-27,2026-08-03,13183,Long County,Georgia,GA,quiet,0.000106,1905,60,501+,0.08,0.000469,1956,62,501+,0.12,0.017596,0.029743,0,0,0,,,
2026-07-27,2026-08-03,48191,Hall County,Texas,TX,quiet,0.000106,1906,200,501+,0.08,0.000231,2644,231,501+,0.06,0.017565,0.0135,0,0,0,,0.777778,2024-25
2026-07-27,2026-08-03,40085,Love County,Oklahoma,OK,quiet,0.000106,1907,51,501+,0.08,0.000915,1365,28,501+,0.23,0.017557,0.061701,0,0,0,,0.6842,2024-25
2026-07-27,2026-08-03,51065,Fluvanna County,Virginia,VA,quiet,0.000106,1908,64,501+,0.08,0.000563,1766,60,501+,0.14,0.017549,0.036381,0,0,0,,0.904,2021-22
2026-07-27,2026-08-03,48343,Morris County,Texas,TX,quiet,0.000106,1909,201,501+,0.08,0.000422,2056,204,501+,0.11,0.017539,0.026416,0,0,0,,0.96748,2024-25
2026-07-27,2026-08-03,16033,Clark County,Idaho,ID,quiet,0.000106,1910,42,501+,0.08,0.000325,2331,44,501+,0.08,0.017538,0.019754,0,0,0,,0.5,2024-25
2026-07-27,2026-08-03,18051,Gibson County,Indiana,IN,quiet,0.000106,1911,53,501+,0.08,0.000475,1943,53,501+,0.12,0.017524,0.030176,0,0,0,,0.9446,2024-25
2026-07-27,2026-08-03,22069,Natchitoches Parish,Louisiana,LA,quiet,0.000105,1912,35,501+,0.08,0.000561,1770,29,501+,0.14,0.017504,0.036198,0,0,0,,0.9606,2024-25
2026-07-27,2026-08-03,05039,Dallas County,Arkansas,AR,quiet,0.000105,1913,29,501+,0.08,0.000466,1964,24,501+,0.12,0.017499,0.029491,0,0,0,,,
2026-07-27,2026-08-03,47159,Smith County,Tennessee,TN,quiet,0.000105,1914,52,501+,0.08,0.000929,1356,30,501+,0.23,0.017499,0.062689,0,0,0,,0.933,2024-25
2026-07-27,2026-08-03,55099,Price County,Wisconsin,WI,quiet,0.000105,1915,51,501+,0.08,0.000387,2147,60,501+,0.1,0.017471,0.023992,0,0,0,,0.5,2024-25
2026-07-27,2026-08-03,47033,Crockett County,Tennessee,TN,quiet,0.000105,1916,53,501+,0.08,0.000339,2289,68,501+,0.09,0.017462,0.020734,0,0,0,,0.984,2024-25
2026-07-27,2026-08-03,55095,Polk County,Wisconsin,WI,quiet,0.000105,1917,52,501+,0.08,0.000874,1399,41,501+,0.22,0.01746,0.058688,0,0,0,,0.84,2024-25
2026-07-27,2026-08-03,01075,Lamar County,Alabama,AL,quiet,0.000105,1918,32,501+,0.08,0.000251,2593,55,501+,0.06,0.01745,0.014768,0,0,0,,0.9636,2024-25
2026-07-27,2026-08-03,18083,Knox County,Indiana,IN,quiet,0.000105,1919,54,501+,0.08,0.000443,2015,54,501+,0.11,0.01745,0.02788,0,0,0,,0.9632,2024-25
2026-07-27,2026-08-03,01133,Winston County,Alabama,AL,quiet,0.000105,1920,33,501+,0.08,0.000554,1783,29,501+,0.14,0.017436,0.035745,0,0,0,,0.9231,2024-25
2026-07-27,2026-08-03,21137,Lincoln County,Kentucky,KY,quiet,0.000105,1921,32,501+,0.08,0.000235,2636,59,501+,0.06,0.017431,0.013726,0,0,0,,0.91,2024-25
2026-07-27,2026-08-03,12079,Madison County,Florida,FL,quiet,0.000105,1922,53,501+,0.08,0.00063,1664,52,501+,0.16,0.017422,0.041159,0,0,0,,0.93,2024-25
2026-07-27,2026-08-03,17187,Warren County,Illinois,IL,quiet,0.000105,1923,40,501+,0.08,0.000589,1721,33,501+,0.15,0.017396,0.038203,0,0,0,,0.979,2024-25
2026-07-27,2026-08-03,55069,Lincoln County,Wisconsin,WI,quiet,0.000105,1924,53,501+,0.08,0.000319,2352,65,501+,0.08,0.017392,0.01937,0,0,0,,0.85,2024-25
2026-07-27,2026-08-03,13289,Twiggs County,Georgia,GA,quiet,0.000105,1925,61,501+,0.08,0.000378,2177,75,501+,0.09,0.01738,0.023368,0,0,0,,,
2026-07-27,2026-08-03,55135,Waupaca County,Wisconsin,WI,quiet,0.000105,1926,54,501+,0.08,0.000547,1804,50,501+,0.14,0.017352,0.035247,0,0,0,,0.83,2024-25
2026-07-27,2026-08-03,17057,Fulton County,Illinois,IL,quiet,0.000105,1927,41,501+,0.08,0.000376,2183,60,501+,0.09,0.017349,0.02325,0,0,0,,0.975,2024-25
2026-07-27,2026-08-03,36099,Seneca County,New York,NY,quiet,0.000105,1928,57,501+,0.08,0.000553,1786,55,501+,0.14,0.017346,0.035677,0,0,0,,0.983611413,2024-25
2026-07-27,2026-08-03,29061,Daviess County,Missouri,MO,quiet,0.000104,1929,57,501+,0.08,0.000715,1550,46,501+,0.18,0.017335,0.047273,0,0,0,,0.744,2024-25
2026-07-27,2026-08-03,19123,Mahaska County,Iowa,IA,quiet,0.000104,1930,36,501+,0.08,0.0005,1885,37,501+,0.13,0.017308,0.031907,0,0,0,,0.92094862,2024-25
2026-07-27,2026-08-03,22049,Jackson Parish,Louisiana,LA,quiet,0.000104,1931,36,501+,0.08,0.000222,2677,49,501+,0.06,0.017307,0.01288,0,0,0,,0.9604,2024-25
2026-07-27,2026-08-03,27011,Big Stone County,Minnesota,MN,quiet,0.000104,1932,60,501+,0.08,0.001144,1204,33,501+,0.29,0.0173,0.078174,0,0,0,,0.923,2024-25
2026-07-27,2026-08-03,31131,Otoe County,Nebraska,NE,quiet,0.000104,1933,41,501+,0.08,0.000663,1621,21,501+,0.17,0.017299,0.043523,0,0,0,,0.944,2024-25
2026-07-27,2026-08-03,13233,Polk County,Georgia,GA,quiet,0.000104,1934,62,501+,0.08,0.000327,2327,89,501+,0.08,0.017269,0.019918,0,0,0,,,
2026-07-27,2026-08-03,12043,Glades County,Florida,FL,quiet,0.000104,1935,54,501+,0.08,0.000465,1966,56,501+,0.12,0.017266,0.029459,0,0,0,,0.94,2024-25
2026-07-27,2026-08-03,48083,Coleman County,Texas,TX,quiet,0.000104,1936,202,501+,0.08,0.000462,1971,200,501+,0.12,0.017265,0.029265,0,0,0,,0.942857,2024-25
2026-07-27,2026-08-03,55123,Vernon County,Wisconsin,WI,quiet,0.000104,1937,55,501+,0.08,0.000654,1634,45,501+,0.16,0.017237,0.042856,0,0,0,,0.71,2024-25
2026-07-27,2026-08-03,20159,Rice County,Kansas,KS,quiet,0.000104,1938,70,501+,0.08,0.000599,1704,48,501+,0.15,0.017236,0.038964,0,0,0,,0.8749,2024-25
2026-07-27,2026-08-03,54027,Hampshire County,West Virginia,WV,quiet,0.000104,1939,17,501+,0.08,0.000499,1887,17,501+,0.13,0.017223,0.031869,0,0,0,,,
2026-07-27,2026-08-03,48105,Crockett County,Texas,TX,quiet,0.000104,1940,203,501+,0.08,0.000368,2201,215,501+,0.09,0.017219,0.022675,0,0,0,,1.0,2024-25
2026-07-27,2026-08-03,29087,Holt County,Missouri,MO,quiet,0.000104,1941,58,501+,0.08,0.000281,2490,99,501+,0.07,0.017175,0.016818,0,0,0,,0.872,2024-25
2026-07-27,2026-08-03,39107,Mercer County,Ohio,OH,quiet,0.000103,1942,63,501+,0.08,0.000565,1763,66,501+,0.14,0.017163,0.036531,0,0,0,,0.891,2024-25
2026-07-27,2026-08-03,35047,San Miguel County,New Mexico,NM,quiet,0.000103,1943,23,501+,0.08,0.000603,1698,24,501+,0.15,0.017132,0.039246,0,0,0,,0.9091,2024-25
2026-07-27,2026-08-03,29207,Stoddard County,Missouri,MO,quiet,0.000103,1944,59,501+,0.08,0.000286,2474,97,501+,0.07,0.01713,0.017139,0,0,0,,0.915,2024-25
2026-07-27,2026-08-03,12119,Sumter County,Florida,FL,quiet,0.000103,1945,55,501+,0.08,0.001027,1267,42,501+,0.26,0.017113,0.069791,0,0,0,,0.906,2024-25
2026-07-27,2026-08-03,48127,Dimmit County,Texas,TX,quiet,0.000103,1946,204,501+,0.08,0.000308,2391,220,501+,0.08,0.017089,0.018629,0,0,0,,0.992,2024-25
2026-07-27,2026-08-03,48175,Goliad County,Texas,TX,quiet,0.000103,1947,205,501+,0.08,0.000568,1758,188,501+,0.14,0.017078,0.036711,0,0,0,,0.967213,2024-25
2026-07-27,2026-08-03,01039,Covington County,Alabama,AL,quiet,0.000103,1948,34,501+,0.08,0.000966,1319,19,501+,0.24,0.017068,0.065324,0,0,0,,0.9626,2024-25
2026-07-27,2026-08-03,38055,McLean County,North Dakota,ND,quiet,0.000103,1949,27,501+,0.08,0.000479,1930,30,501+,0.12,0.017051,0.030436,0,0,0,,0.8242,2024-25
2026-07-27,2026-08-03,29067,Douglas County,Missouri,MO,quiet,0.000103,1950,60,501+,0.08,0.000461,1975,69,501+,0.12,0.017047,0.029197,0,0,0,,0.754,2024-25
2026-07-27,2026-08-03,40011,Blaine County,Oklahoma,OK,quiet,0.000103,1951,52,501+,0.08,0.000452,1998,53,501+,0.11,0.017031,0.028507,0,0,0,,0.9286,2024-25
2026-07-27,2026-08-03,39065,Hardin County,Ohio,OH,quiet,0.000103,1952,64,501+,0.08,0.000321,2343,77,501+,0.08,0.017025,0.019501,0,0,0,,0.889,2024-25
2026-07-27,2026-08-03,19173,Taylor County,Iowa,IA,quiet,0.000103,1953,37,501+,0.08,0.000667,1617,23,501+,0.17,0.01702,0.043798,0,0,0,,0.81707317,2024-25
2026-07-27,2026-08-03,19041,Clay County,Iowa,IA,quiet,0.000103,1954,38,501+,0.08,0.000342,2281,63,501+,0.09,0.016996,0.02095,0,0,0,,0.875,2024-25
2026-07-27,2026-08-03,48405,San Augustine County,Texas,TX,quiet,0.000102,1955,206,501+,0.08,0.000453,1995,201,501+,0.11,0.01699,0.028584,0,0,0,,0.898551,2024-25
2026-07-27,2026-08-03,56019,Johnson County,Wyoming,WY,quiet,0.000102,1956,22,501+,0.08,0.000784,1480,21,501+,0.2,0.016985,0.052207,0,0,0,,0.96,2022-23
2026-07-27,2026-08-03,46123,Tripp County,South Dakota,SD,quiet,0.000102,1957,44,501+,0.08,0.000301,2420,51,501+,0.08,0.016978,0.01811,0,0,0,,0.84,2024-25
2026-07-27,2026-08-03,17011,Bureau County,Illinois,IL,quiet,0.000102,1958,42,501+,0.08,0.000431,2034,48,501+,0.11,0.01694,0.027087,0,0,0,,0.955,2024-25
2026-07-27,2026-08-03,19053,Decatur County,Iowa,IA,quiet,0.000102,1959,39,501+,0.08,0.000227,2661,84,501+,0.06,0.016899,0.013192,0,0,0,,0.84615385,2024-25
2026-07-27,2026-08-03,29055,Crawford County,Missouri,MO,quiet,0.000102,1960,61,501+,0.08,0.000329,2321,86,501+,0.08,0.016882,0.02002,0,0,0,,0.913,2024-25
2026-07-27,2026-08-03,48319,Mason County,Texas,TX,quiet,0.000102,1961,207,501+,0.08,0.000537,1826,195,501+,0.13,0.016881,0.034538,0,0,0,,0.923077,2024-25
2026-07-27,2026-08-03,48169,Garza County,Texas,TX,quiet,0.000102,1962,208,501+,0.08,0.001057,1249,137,501+,0.27,0.016873,0.071944,0,0,2,69,0.864865,2024-25
2026-07-27,2026-08-03,05109,Pike County,Arkansas,AR,quiet,0.000102,1963,30,501+,0.08,0.000259,2561,47,501+,0.06,0.016871,0.015289,0,0,0,,,
2026-07-27,2026-08-03,19141,O'Brien County,Iowa,IA,quiet,0.000102,1964,40,501+,0.08,0.000365,2209,54,501+,0.09,0.016864,0.02252,0,0,0,,0.87443946,2024-25
2026-07-27,2026-08-03,27155,Traverse County,Minnesota,MN,quiet,0.000102,1965,61,501+,0.08,0.000989,1300,38,501+,0.25,0.016861,0.067049,0,0,0,,1.0,2024-25
2026-07-27,2026-08-03,37093,Hoke County,North Carolina,NC,quiet,0.000102,1966,71,501+,0.08,0.000628,1667,66,501+,0.16,0.01686,0.041037,0,0,0,,0.91101056,2024-25
2026-07-27,2026-08-03,01127,Walker County,Alabama,AL,quiet,0.000102,1967,35,501+,0.08,0.000531,1837,31,501+,0.13,0.016843,0.034119,0,0,0,,0.9651,2024-25
2026-07-27,2026-08-03,19105,Jones County,Iowa,IA,quiet,0.000102,1968,41,501+,0.08,0.000343,2278,61,501+,0.09,0.016823,0.020972,0,0,0,,0.94387755,2024-25
2026-07-27,2026-08-03,40103,Noble County,Oklahoma,OK,quiet,0.000101,1969,53,501+,0.08,0.000831,1439,32,501+,0.21,0.01682,0.055642,0,0,0,,0.9296,2024-25
2026-07-27,2026-08-03,53003,Asotin County,Washington,WA,quiet,0.000101,1970,34,501+,0.08,0.000504,1881,36,501+,0.13,0.01682,0.032188,0,0,0,,0.884,2024-25
2026-07-27,2026-08-03,39047,Fayette County,Ohio,OH,quiet,0.000101,1971,65,501+,0.08,0.000342,2280,76,501+,0.09,0.016812,0.020951,0,0,0,,0.934,2024-25
2026-07-27,2026-08-03,17051,Fayette County,Illinois,IL,quiet,0.000101,1972,43,501+,0.08,0.000386,2148,57,501+,0.1,0.016804,0.023965,0,0,0,,0.961,2024-25
2026-07-27,2026-08-03,19021,Buena Vista County,Iowa,IA,quiet,0.000101,1973,42,501+,0.08,0.000361,2219,57,501+,0.09,0.016799,0.022223,0,0,0,,0.80758017,2024-25
2026-07-27,2026-08-03,27087,Mahnomen County,Minnesota,MN,quiet,0.000101,1974,62,501+,0.08,0.000578,1745,57,501+,0.15,0.016789,0.037425,0,0,0,,0.931,2024-25
2026-07-27,2026-08-03,37193,Wilkes County,North Carolina,NC,quiet,0.000101,1975,72,501+,0.08,0.000456,1989,79,501+,0.11,0.016775,0.028828,0,0,0,,0.95524691,2024-25
2026-07-27,2026-08-03,38059,Morton County,North Dakota,ND,quiet,0.000101,1976,28,501+,0.08,0.001436,1067,16,501+,0.36,0.016754,0.099131,0,0,0,,0.8794,2024-25
2026-07-27,2026-08-03,18017,Cass County,Indiana,IN,quiet,0.000101,1977,55,501+,0.08,0.000393,2134,60,501+,0.1,0.016754,0.024414,0,0,0,,0.9486,2024-25
2026-07-27,2026-08-03,29141,Morgan County,Missouri,MO,quiet,0.000101,1978,62,501+,0.08,0.000293,2444,95,501+,0.07,0.016745,0.017594,0,0,0,,0.856,2024-25
2026-07-27,2026-08-03,46037,Day County,South Dakota,SD,quiet,0.000101,1979,45,501+,0.08,0.000827,1444,29,501+,0.21,0.016741,0.055283,0,0,0,,0.99,2024-25
2026-07-27,2026-08-03,27071,Koochiching County,Minnesota,MN,quiet,0.000101,1980,63,501+,0.08,0.000616,1682,54,501+,0.15,0.016729,0.040177,0,0,0,,0.86,2024-25
2026-07-27,2026-08-03,19195,Worth County,Iowa,IA,quiet,0.000101,1981,43,501+,0.08,0.000376,2185,53,501+,0.09,0.016719,0.02324,0,0,0,,0.86666667,2024-25
2026-07-27,2026-08-03,47019,Carter County,Tennessee,TN,quiet,0.000101,1982,54,501+,0.08,0.000618,1678,40,501+,0.16,0.016697,0.040272,0,0,0,,0.946,2024-25
2026-07-27,2026-08-03,21101,Henderson County,Kentucky,KY,quiet,0.000101,1983,33,501+,0.08,0.00041,2092,36,501+,0.1,0.016695,0.02558,0,0,0,,0.923,2024-25
2026-07-27,2026-08-03,31143,Polk County,Nebraska,NE,quiet,0.000101,1984,42,501+,0.08,0.000672,1608,20,501+,0.17,0.016686,0.044192,0,0,0,,0.928571429,2024-25
2026-07-27,2026-08-03,22087,St. Bernard Parish,Louisiana,LA,quiet,0.000101,1985,37,501+,0.08,0.000495,1896,35,501+,0.12,0.016679,0.031592,0,0,0,,0.9516,2024-25
2026-07-27,2026-08-03,31101,Keith County,Nebraska,NE,quiet,0.0001,1986,43,501+,0.07,0.000383,2161,48,501+,0.1,0.016643,0.023726,0,0,0,,0.931034483,2024-25
2026-07-27,2026-08-03,27043,Faribault County,Minnesota,MN,quiet,0.0001,1987,64,501+,0.07,0.000597,1708,55,501+,0.15,0.016643,0.03876,0,0,0,,0.883,2024-25
2026-07-27,2026-08-03,53031,Jefferson County,Washington,WA,quiet,0.0001,1988,35,501+,0.07,0.000567,1761,34,501+,0.14,0.016636,0.036627,0,0,0,,0.819,2024-25
2026-07-27,2026-08-03,12013,Calhoun County,Florida,FL,quiet,0.0001,1989,56,501+,0.07,0.000265,2546,65,501+,0.07,0.016625,0.015695,0,0,0,,0.98,2024-25
2026-07-27,2026-08-03,40129,Roger Mills County,Oklahoma,OK,quiet,0.0001,1990,54,501+,0.07,0.00052,1856,45,501+,0.13,0.016621,0.033318,0,0,0,,0.9286,2024-25
2026-07-27,2026-08-03,27015,Brown County,Minnesota,MN,quiet,0.0001,1991,65,501+,0.07,0.000683,1594,52,501+,0.17,0.016607,0.044973,0,0,0,,0.918,2024-25
2026-07-27,2026-08-03,28087,Lowndes County,Mississippi,MS,quiet,0.0001,1992,24,501+,0.07,0.000255,2579,47,501+,0.06,0.016593,0.015031,0,0,0,,0.9804,2024-25
2026-07-27,2026-08-03,13225,Peach County,Georgia,GA,quiet,0.0001,1993,63,501+,0.07,0.000586,1729,51,501+,0.15,0.016586,0.037987,0,0,0,,,
2026-07-27,2026-08-03,31173,Thurston County,Nebraska,NE,quiet,0.0001,1994,44,501+,0.07,0.000551,1794,27,501+,0.14,0.016553,0.035506,0,0,0,,0.903225806,2024-25
2026-07-27,2026-08-03,02220,Sitka City and Borough,Alaska,AK,quiet,0.0001,1995,12,501+,0.07,0.000374,2186,18,501+,0.09,0.016542,0.023104,0,0,0,,,
2026-07-27,2026-08-03,17173,Shelby County,Illinois,IL,quiet,0.0001,1996,44,501+,0.07,0.000534,1832,39,501+,0.13,0.01653,0.034303,0,0,0,,0.963,2024-25
2026-07-27,2026-08-03,37007,Anson County,North Carolina,NC,quiet,0.0001,1997,73,501+,0.07,0.000463,1970,78,501+,0.12,0.016516,0.029329,0,0,0,,0.95330739,2024-25
2026-07-27,2026-08-03,29009,Barry County,Missouri,MO,quiet,0.0001,1998,63,501+,0.07,0.000442,2017,71,501+,0.11,0.016511,0.027818,0,0,0,,0.92,2024-25
2026-07-27,2026-08-03,55078,Menominee County,Wisconsin,WI,quiet,0.0001,1999,56,501+,0.07,0.000644,1645,47,501+,0.16,0.016505,0.042159,0,0,0,,0.8,2024-25
2026-07-27,2026-08-03,22095,St. John the Baptist Parish,Louisiana,LA,quiet,0.0001,2000,38,501+,0.07,0.000704,1566,25,501+,0.18,0.016504,0.046432,0,0,0,,0.9369,2024-25
2026-07-27,2026-08-03,47077,Henderson County,Tennessee,TN,quiet,0.0001,2001,55,501+,0.07,0.000528,1841,47,501+,0.13,0.016496,0.033915,0,0,0,,0.93,2024-25
2026-07-27,2026-08-03,31087,Hitchcock County,Nebraska,NE,quiet,0.0001,2002,45,501+,0.07,0.000547,1807,28,501+,0.14,0.016479,0.035225,0,0,0,,0.904761905,2024-25
2026-07-27,2026-08-03,27143,Sibley County,Minnesota,MN,quiet,9.9e-05,2003,66,501+,0.07,0.00039,2143,74,501+,0.1,0.016447,0.024248,0,0,0,,0.808,2024-25
2026-07-27,2026-08-03,18071,Jackson County,Indiana,IN,quiet,9.9e-05,2004,56,501+,0.07,0.000647,1640,43,501+,0.16,0.016438,0.042398,0,0,0,,0.9877,2024-25
2026-07-27,2026-08-03,08099,Prowers County,Colorado,CO,quiet,9.9e-05,2005,46,501+,0.07,0.000338,2293,48,501+,0.08,0.016435,0.020647,0,0,0,,0.9701,2024-25
2026-07-27,2026-08-03,48275,Knox County,Texas,TX,quiet,9.9e-05,2006,209,501+,0.07,0.000371,2189,212,501+,0.09,0.01641,0.022941,0,0,0,,0.92,2024-25
2026-07-27,2026-08-03,51093,Isle of Wight County,Virginia,VA,quiet,9.9e-05,2007,65,501+,0.07,0.000565,1762,59,501+,0.14,0.016405,0.036531,0,0,0,,0.802,2024-25
2026-07-27,2026-08-03,02066,Copper River Census Area,Alaska,AK,quiet,9.9e-05,2008,13,501+,0.07,0.000491,1902,11,501+,0.12,0.016388,0.031243,0,0,0,,,
2026-07-27,2026-08-03,38049,McHenry County,North Dakota,ND,quiet,9.9e-05,2009,29,501+,0.07,0.00025,2596,41,501+,0.06,0.016357,0.01469,0,0,0,,0.7619,2024-25
2026-07-27,2026-08-03,48047,Brooks County,Texas,TX,quiet,9.9e-05,2010,210,501+,0.07,0.000483,1921,197,501+,0.12,0.016342,0.030682,0,0,0,,1.0,2024-25
2026-07-27,2026-08-03,13197,Marion County,Georgia,GA,quiet,9.9e-05,2011,64,501+,0.07,0.000358,2233,79,501+,0.09,0.016337,0.022044,0,0,0,,,
2026-07-27,2026-08-03,29149,Oregon County,Missouri,MO,quiet,9.9e-05,2012,64,501+,0.07,0.000609,1694,52,501+,0.15,0.016327,0.039639,0,0,0,,0.858,2024-25
2026-07-27,2026-08-03,13119,Franklin County,Georgia,GA,quiet,9.8e-05,2013,65,501+,0.07,0.000587,1725,50,501+,0.15,0.016287,0.038066,0,0,0,,,
2026-07-27,2026-08-03,08093,Park County,Colorado,CO,quiet,9.8e-05,2014,47,501+,0.07,0.000363,2213,46,501+,0.09,0.016286,0.022328,0,0,0,,0.8588,2024-25
2026-07-27,2026-08-03,37013,Beaufort County,North Carolina,NC,quiet,9.8e-05,2015,74,501+,0.07,0.00043,2040,80,501+,0.11,0.016283,0.026966,0,0,0,,0.95343681,2024-25
2026-07-27,2026-08-03,51007,Amelia County,Virginia,VA,quiet,9.8e-05,2016,66,501+,0.07,0.000296,2436,90,501+,0.07,0.01628,0.017788,0,0,0,,0.886,2024-25
2026-07-27,2026-08-03,27079,Le Sueur County,Minnesota,MN,quiet,9.8e-05,2017,67,501+,0.07,0.00038,2164,76,501+,0.1,0.016259,0.023551,0,0,0,,0.873,2024-25
2026-07-27,2026-08-03,27167,Wilkin County,Minnesota,MN,quiet,9.8e-05,2018,68,501+,0.07,0.000589,1720,56,501+,0.15,0.016259,0.038237,0,0,0,,0.942,2024-25
2026-07-27,2026-08-03,32027,Pershing County,Nevada,NV,quiet,9.8e-05,2019,14,501+,0.07,0.000532,1835,13,501+,0.13,0.016246,0.034143,0,0,0,,0.78,2024-25
2026-07-27,2026-08-03,27039,Dodge County,Minnesota,MN,quiet,9.8e-05,2020,69,501+,0.07,0.000829,1442,44,501+,0.21,0.01624,0.055448,0,0,0,,0.891,2024-25
2026-07-27,2026-08-03,18153,Sullivan County,Indiana,IN,quiet,9.8e-05,2021,57,501+,0.07,0.0004,2115,57,501+,0.1,0.016211,0.024905,0,0,0,,0.8446,2024-25
2026-07-27,2026-08-03,21163,Meade County,Kentucky,KY,quiet,9.8e-05,2022,34,501+,0.07,0.000703,1568,24,501+,0.18,0.01619,0.046388,0,0,0,,0.946,2024-25
2026-07-27,2026-08-03,26063,Huron County,Michigan,MI,quiet,9.8e-05,2023,59,501+,0.07,0.000413,2083,60,501+,0.1,0.016187,0.02579,0,0,0,,0.88996764,2024-25
2026-07-27,2026-08-03,31127,Nemaha County,Nebraska,NE,quiet,9.8e-05,2024,46,501+,0.07,0.000317,2361,57,501+,0.08,0.016186,0.01921,0,0,0,,0.884615385,2024-25
2026-07-27,2026-08-03,21103,Henry County,Kentucky,KY,quiet,9.8e-05,2025,35,501+,0.07,0.000347,2266,43,501+,0.09,0.016169,0.021236,0,0,0,,0.955,2024-25
2026-07-27,2026-08-03,28001,Adams County,Mississippi,MS,quiet,9.7e-05,2026,25,501+,0.07,0.000446,2012,27,501+,0.11,0.01612,0.02809,0,0,0,,0.9821,2024-25
2026-07-27,2026-08-03,28037,Franklin County,Mississippi,MS,quiet,9.7e-05,2027,26,501+,0.07,0.000296,2438,45,501+,0.07,0.0161,0.017766,0,0,0,,0.9691,2024-25
2026-07-27,2026-08-03,51011,Appomattox County,Virginia,VA,quiet,9.7e-05,2028,67,501+,0.07,0.000482,1923,67,501+,0.12,0.016082,0.030622,0,0,0,,0.93,2024-25
2026-07-27,2026-08-03,20043,Doniphan County,Kansas,KS,quiet,9.7e-05,2029,71,501+,0.07,0.000422,2057,72,501+,0.11,0.01606,0.026411,0,0,0,,0.939,2024-25
2026-07-27,2026-08-03,47053,Gibson County,Tennessee,TN,quiet,9.7e-05,2030,56,501+,0.07,0.000546,1808,46,501+,0.14,0.016056,0.035199,0,0,0,,0.925,2024-25
2026-07-27,2026-08-03,31123,Morrill County,Nebraska,NE,quiet,9.7e-05,2031,47,501+,0.07,0.000276,2503,68,501+,0.07,0.016019,0.016429,0,0,0,,0.844444444,2024-25
2026-07-27,2026-08-03,51053,Dinwiddie County,Virginia,VA,quiet,9.7e-05,2032,68,501+,0.07,0.000502,1882,64,501+,0.13,0.015987,0.032064,0,0,0,,0.886,2024-25
2026-07-27,2026-08-03,20099,Labette County,Kansas,KS,quiet,9.7e-05,2033,72,501+,0.07,0.000562,1768,54,501+,0.14,0.015983,0.036291,0,0,0,,0.9336,2024-25
2026-07-27,2026-08-03,30077,Powell County,Montana,MT,quiet,9.7e-05,2034,31,501+,0.07,0.00036,2222,36,501+,0.09,0.015978,0.022178,0,0,0,,,
2026-07-27,2026-08-03,31185,York County,Nebraska,NE,quiet,9.7e-05,2035,48,501+,0.07,0.000531,1836,29,501+,0.13,0.015964,0.034137,0,0,0,,0.964028777,2024-25
2026-07-27,2026-08-03,21175,Morgan County,Kentucky,KY,quiet,9.6e-05,2036,36,501+,0.07,0.000184,2805,72,501+,0.05,0.015922,0.010418,0,0,0,,0.95,2024-25
2026-07-27,2026-08-03,13055,Chattooga County,Georgia,GA,quiet,9.6e-05,2037,66,501+,0.07,0.00043,2036,68,501+,0.11,0.015871,0.027027,0,0,0,,,
2026-07-27,2026-08-03,19079,Hamilton County,Iowa,IA,quiet,9.6e-05,2038,44,501+,0.07,0.000537,1827,34,501+,0.13,0.015869,0.034525,0,0,0,,0.85514019,2024-25
2026-07-27,2026-08-03,40023,Choctaw County,Oklahoma,OK,quiet,9.6e-05,2039,55,501+,0.07,0.000378,2174,62,501+,0.09,0.015868,0.023405,0,0,0,,0.8553,2024-25
2026-07-27,2026-08-03,37139,Pasquotank County,North Carolina,NC,quiet,9.6e-05,2040,75,501+,0.07,0.000493,1898,76,501+,0.12,0.015862,0.031396,0,0,0,,0.91330645,2024-25
2026-07-27,2026-08-03,30003,Big Horn County,Montana,MT,quiet,9.6e-05,2041,32,501+,0.07,0.00047,1953,27,501+,0.12,0.015846,0.029779,0,0,0,,,
2026-07-27,2026-08-03,46033,Custer County,South Dakota,SD,quiet,9.6e-05,2042,46,501+,0.07,0.0004,2117,44,501+,0.1,0.015824,0.024882,0,0,0,,0.88,2024-25
2026-07-27,2026-08-03,31035,Clay County,Nebraska,NE,quiet,9.6e-05,2043,49,501+,0.07,0.000339,2291,52,501+,0.09,0.015819,0.020712,0,0,0,,0.916666667,2024-25
2026-07-27,2026-08-03,26109,Menominee County,Michigan,MI,quiet,9.5e-05,2044,60,501+,0.07,0.000586,1728,55,501+,0.15,0.015775,0.037999,0,0,0,,0.8700565,2024-25
2026-07-27,2026-08-03,28131,Stone County,Mississippi,MS,quiet,9.5e-05,2045,27,501+,0.07,0.000409,2099,31,501+,0.1,0.015759,0.025519,0,0,0,,0.9808,2024-25
2026-07-27,2026-08-03,37065,Edgecombe County,North Carolina,NC,quiet,9.5e-05,2046,76,501+,0.07,0.000536,1828,72,501+,0.13,0.015758,0.034463,0,0,0,,0.95429616,2024-25
2026-07-27,2026-08-03,27051,Grant County,Minnesota,MN,quiet,9.5e-05,2047,70,501+,0.07,0.000341,2284,79,501+,0.09,0.015737,0.020819,0,0,0,,0.914,2024-25
2026-07-27,2026-08-03,28097,Montgomery County,Mississippi,MS,quiet,9.5e-05,2048,28,501+,0.07,0.000306,2401,42,501+,0.08,0.015732,0.018462,0,0,0,,0.9722,2024-25
2026-07-27,2026-08-03,51089,Henry County,Virginia,VA,quiet,9.5e-05,2049,69,501+,0.07,0.000319,2354,88,501+,0.08,0.015709,0.019327,0,0,0,,0.918,2024-25
2026-07-27,2026-08-03,48335,Mitchell County,Texas,TX,quiet,9.5e-05,2050,211,501+,0.07,0.000371,2193,214,501+,0.09,0.0157,0.022876,0,0,0,,0.84,2024-25
2026-07-27,2026-08-03,46027,Clay County,South Dakota,SD,quiet,9.5e-05,2051,47,501+,0.07,0.000498,1889,41,501+,0.13,0.015691,0.031799,0,0,0,,0.93,2024-25
2026-07-27,2026-08-03,13083,Dade County,Georgia,GA,quiet,9.5e-05,2052,67,501+,0.07,0.000621,1676,45,501+,0.16,0.01565,0.040516,0,0,0,,,
2026-07-27,2026-08-03,19179,Wapello County,Iowa,IA,quiet,9.5e-05,2053,45,501+,0.07,0.000252,2585,80,501+,0.06,0.015649,0.014874,0,0,0,,0.85044643,2024-25
2026-07-27,2026-08-03,47075,Haywood County,Tennessee,TN,quiet,9.5e-05,2054,57,501+,0.07,0.000464,1967,55,501+,0.12,0.015648,0.029405,0,0,0,,0.955,2024-25
2026-07-27,2026-08-03,28147,Walthall County,Mississippi,MS,quiet,9.5e-05,2055,29,501+,0.07,0.000418,2068,29,501+,0.11,0.015636,0.026188,0,0,0,,0.9697,2024-25
2026-07-27,2026-08-03,20071,Greeley County,Kansas,KS,quiet,9.5e-05,2056,73,501+,0.07,0.000602,1699,47,501+,0.15,0.015636,0.039139,0,0,0,,0.8947,2024-25
2026-07-27,2026-08-03,39137,Putnam County,Ohio,OH,quiet,9.5e-05,2057,66,501+,0.07,0.000401,2113,73,501+,0.1,0.015628,0.024982,0,0,0,,0.937,2024-25
2026-07-27,2026-08-03,39015,Brown County,Ohio,OH,quiet,9.5e-05,2058,67,501+,0.07,0.000602,1700,64,501+,0.15,0.015623,0.039118,0,0,0,,0.952,2024-25
2026-07-27,2026-08-03,51043,Clarke County,Virginia,VA,quiet,9.4e-05,2059,70,501+,0.07,0.000634,1660,58,501+,0.16,0.015603,0.04147,0,0,0,,0.923,2024-25
2026-07-27,2026-08-03,29117,Livingston County,Missouri,MO,quiet,9.4e-05,2060,65,501+,0.07,0.000318,2356,88,501+,0.08,0.015603,0.019287,0,0,0,,0.925,2024-25
2026-07-27,2026-08-03,47095,Lake County,Tennessee,TN,quiet,9.4e-05,2061,58,501+,0.07,0.000251,2591,78,501+,0.06,0.015583,0.01479,0,0,0,,0.922,2024-25
2026-07-27,2026-08-03,01093,Marion County,Alabama,AL,quiet,9.4e-05,2062,36,501+,0.07,0.000379,2173,37,501+,0.1,0.015582,0.023431,0,0,0,,0.9332,2024-25
2026-07-27,2026-08-03,48095,Concho County,Texas,TX,quiet,9.4e-05,2063,212,501+,0.07,0.000188,2790,236,501+,0.05,0.015548,0.010695,0,0,0,,1.0,2024-25
2026-07-27,2026-08-03,48011,Armstrong County,Texas,TX,quiet,9.4e-05,2064,213,501+,0.07,0.00026,2555,227,501+,0.07,0.015545,0.01537,0,0,0,,0.923077,2024-25
2026-07-27,2026-08-03,19115,Louisa County,Iowa,IA,quiet,9.4e-05,2065,46,501+,0.07,0.000655,1631,24,501+,0.16,0.015542,0.042932,0,0,0,,0.93103448,2024-25
2026-07-27,2026-08-03,13271,Telfair County,Georgia,GA,quiet,9.4e-05,2066,68,501+,0.07,0.000338,2292,86,501+,0.08,0.015528,0.020663,0,0,0,,,
2026-07-27,2026-08-03,29059,Dallas County,Missouri,MO,quiet,9.4e-05,2067,66,501+,0.07,0.000423,2050,74,501+,0.11,0.015506,0.026526,0,0,0,,0.844,2024-25
2026-07-27,2026-08-03,40105,Nowata County,Oklahoma,OK,quiet,9.4e-05,2068,56,501+,0.07,0.000508,1874,48,501+,0.13,0.015498,0.032465,0,0,0,,0.8667,2024-25
2026-07-27,2026-08-03,13169,Jones County,Georgia,GA,quiet,9.4e-05,2069,69,501+,0.07,0.000326,2329,90,501+,0.08,0.015485,0.019833,0,0,0,,,
2026-07-27,2026-08-03,27157,Wabasha County,Minnesota,MN,quiet,9.4e-05,2070,71,501+,0.07,0.000696,1579,51,501+,0.17,0.015467,0.045853,0,0,0,,0.87,2024-25
2026-07-27,2026-08-03,29135,Moniteau County,Missouri,MO,quiet,9.4e-05,2071,67,501+,0.07,0.000844,1427,38,501+,0.21,0.015445,0.056514,0,0,0,,0.94,2024-25
2026-07-27,2026-08-03,21221,Trigg County,Kentucky,KY,quiet,9.3e-05,2072,37,501+,0.07,0.000534,1831,31,501+,0.13,0.015441,0.034316,0,0,0,,0.888,2024-25
2026-07-27,2026-08-03,28061,Jasper County,Mississippi,MS,quiet,9.3e-05,2073,30,501+,0.07,0.000466,1962,25,501+,0.12,0.015431,0.02955,0,0,0,,0.9672,2024-25
2026-07-27,2026-08-03,38063,Nelson County,North Dakota,ND,quiet,9.3e-05,2074,30,501+,0.07,0.000651,1638,26,501+,0.16,0.015419,0.042632,0,0,0,,0.9429,2024-25
2026-07-27,2026-08-03,51073,Gloucester County,Virginia,VA,quiet,9.3e-05,2075,71,501+,0.07,0.000781,1485,49,501+,0.2,0.015406,0.051986,0,0,0,,0.782,2024-25
2026-07-27,2026-08-03,46015,Brule County,South Dakota,SD,quiet,9.3e-05,2076,48,501+,0.07,0.000346,2268,47,501+,0.09,0.015401,0.021203,0,0,0,,0.82,2024-25
2026-07-27,2026-08-03,20105,Lincoln County,Kansas,KS,quiet,9.3e-05,2077,74,501+,0.07,0.000247,2606,92,501+,0.06,0.01537,0.014553,0,0,0,,0.7057,2024-25
2026-07-27,2026-08-03,19165,Shelby County,Iowa,IA,quiet,9.3e-05,2078,47,501+,0.07,0.000394,2128,46,501+,0.1,0.015355,0.024485,0,0,0,,0.86075949,2024-25
2026-07-27,2026-08-03,29151,Osage County,Missouri,MO,quiet,9.3e-05,2079,68,501+,0.07,0.000543,1819,60,501+,0.14,0.015347,0.034988,0,0,0,,0.919,2024-25
2026-07-27,2026-08-03,13249,Schley County,Georgia,GA,quiet,9.3e-05,2080,70,501+,0.07,0.000414,2080,72,501+,0.1,0.015344,0.025858,0,0,0,,,
2026-07-27,2026-08-03,19145,Page County,Iowa,IA,quiet,9.3e-05,2081,48,501+,0.07,0.00034,2288,64,501+,0.09,0.015298,0.020784,0,0,0,,0.94610778,2024-25
2026-07-27,2026-08-03,16085,Valley County,Idaho,ID,quiet,9.3e-05,2082,43,501+,0.07,0.000688,1590,36,501+,0.17,0.015296,0.045327,0,0,0,,0.8,2024-25
2026-07-27,2026-08-03,31179,Wayne County,Nebraska,NE,quiet,9.3e-05,2083,50,501+,0.07,0.000457,1986,35,501+,0.11,0.015284,0.028912,0,0,0,,0.962264151,2024-25
2026-07-27,2026-08-03,18015,Carroll County,Indiana,IN,quiet,9.3e-05,2084,58,501+,0.07,0.000908,1371,35,501+,0.23,0.01528,0.061146,0,0,0,,0.9225,2024-25
2026-07-27,2026-08-03,30109,Wibaux County,Montana,MT,quiet,9.3e-05,2085,33,501+,0.07,0.000282,2488,39,501+,0.07,0.015278,0.01683,0,0,0,,,
2026-07-27,2026-08-03,29175,Randolph County,Missouri,MO,quiet,9.3e-05,2086,69,501+,0.07,0.000545,1816,59,501+,0.14,0.015272,0.035067,0,0,0,,0.947,2024-25
2026-07-27,2026-08-03,40065,Jackson County,Oklahoma,OK,quiet,9.2e-05,2087,57,501+,0.07,0.000359,2231,66,501+,0.09,0.015251,0.022071,0,0,0,,0.9585,2024-25
2026-07-27,2026-08-03,30097,Sweet Grass County,Montana,MT,quiet,9.2e-05,2088,34,501+,0.07,0.000477,1939,26,501+,0.12,0.01525,0.030285,0,0,0,,,
2026-07-27,2026-08-03,01027,Clay County,Alabama,AL,quiet,9.2e-05,2089,37,501+,0.07,0.000316,2363,45,501+,0.08,0.015239,0.019165,0,0,0,,0.933,2024-25
2026-07-27,2026-08-03,20059,Franklin County,Kansas,KS,quiet,9.2e-05,2090,75,501+,0.07,0.000483,1919,64,501+,0.12,0.015239,0.030738,0,0,0,,0.9019,2024-25
2026-07-27,2026-08-03,20083,Hodgeman County,Kansas,KS,quiet,9.2e-05,2091,76,501+,0.07,0.000599,1705,49,501+,0.15,0.015238,0.038921,0,0,0,,0.9,2024-25
2026-07-27,2026-08-03,19047,Crawford County,Iowa,IA,quiet,9.2e-05,2092,49,501+,0.07,0.000376,2181,52,501+,0.09,0.015236,0.023282,0,0,0,,0.94468085,2024-25
2026-07-27,2026-08-03,37053,Currituck County,North Carolina,NC,quiet,9.2e-05,2093,77,501+,0.07,0.000628,1666,65,501+,0.16,0.015221,0.041042,0,0,0,,0.94153846,2024-25
2026-07-27,2026-08-03,19085,Harrison County,Iowa,IA,quiet,9.2e-05,2094,50,501+,0.07,0.000564,1765,28,501+,0.14,0.01521,0.036428,0,0,0,,0.74834437,2024-25
2026-07-27,2026-08-03,19003,Adams County,Iowa,IA,quiet,9.2e-05,2095,51,501+,0.07,0.000379,2172,51,501+,0.1,0.015208,0.02347,0,0,0,,0.83333333,2024-25
2026-07-27,2026-08-03,21167,Mercer County,Kentucky,KY,quiet,9.2e-05,2096,38,501+,0.07,0.000675,1603,26,501+,0.17,0.0152,0.04437,0,0,0,,0.935,2024-25
2026-07-27,2026-08-03,47015,Cannon County,Tennessee,TN,quiet,9.2e-05,2097,59,501+,0.07,0.000467,1961,54,501+,0.12,0.015197,0.029618,0,0,0,,0.921,2024-25
2026-07-27,2026-08-03,28093,Marshall County,Mississippi,MS,quiet,9.2e-05,2098,31,501+,0.07,0.000524,1845,19,501+,0.13,0.015165,0.033609,0,0,0,,0.9619,2024-25
2026-07-27,2026-08-03,13091,Dodge County,Georgia,GA,quiet,9.2e-05,2099,71,501+,0.07,0.000351,2255,81,501+,0.09,0.015164,0.021534,0,0,0,,,
2026-07-27,2026-08-03,13155,Irwin County,Georgia,GA,quiet,9.2e-05,2100,72,501+,0.07,0.000289,2456,98,501+,0.07,0.015134,0.017331,0,0,0,,,
2026-07-27,2026-08-03,27095,Mille Lacs County,Minnesota,MN,quiet,9.2e-05,2101,72,501+,0.07,0.000377,2180,77,501+,0.09,0.015129,0.0233,0,0,0,,0.851,2024-25
2026-07-27,2026-08-03,46105,Perkins County,South Dakota,SD,quiet,9.2e-05,2102,49,501+,0.07,0.000284,2484,52,501+,0.07,0.015118,0.016978,0,0,0,,0.96,2024-25
2026-07-27,2026-08-03,17087,Johnson County,Illinois,IL,quiet,9.2e-05,2103,45,501+,0.07,0.000407,2103,54,501+,0.1,0.015117,0.025426,0,0,0,,0.978,2024-25
2026-07-27,2026-08-03,37163,Sampson County,North Carolina,NC,quiet,9.2e-05,2104,78,501+,0.07,0.000645,1643,63,501+,0.16,0.015117,0.042234,0,0,0,,0.93985849,2024-25
2026-07-27,2026-08-03,22031,De Soto Parish,Louisiana,LA,quiet,9.2e-05,2105,39,501+,0.07,0.000332,2305,39,501+,0.08,0.015106,0.020243,0,0,0,,0.9169,2024-25
2026-07-27,2026-08-03,12029,Dixie County,Florida,FL,quiet,9.1e-05,2106,57,501+,0.07,0.000546,1810,54,501+,0.14,0.015097,0.035161,0,0,0,,0.936,2024-25
2026-07-27,2026-08-03,17181,Union County,Illinois,IL,quiet,9.1e-05,2107,46,501+,0.07,0.000365,2207,61,501+,0.09,0.015095,0.022527,0,0,0,,0.97,2024-25
2026-07-27,2026-08-03,48383,Reagan County,Texas,TX,quiet,9.1e-05,2108,214,501+,0.07,0.000371,2190,213,501+,0.09,0.015079,0.022931,0,0,0,,0.984615,2024-25
2026-07-27,2026-08-03,37009,Ashe County,North Carolina,NC,quiet,9.1e-05,2109,79,501+,0.07,0.000479,1931,77,501+,0.12,0.015039,0.030415,0,0,0,,0.97122302,2024-25
2026-07-27,2026-08-03,19027,Carroll County,Iowa,IA,quiet,9.1e-05,2110,52,501+,0.07,0.000303,2415,73,501+,0.08,0.015032,0.018242,0,0,0,,0.90136054,2024-25
2026-07-27,2026-08-03,51099,King George County,Virginia,VA,quiet,9.1e-05,2111,72,501+,0.07,0.000321,2344,86,501+,0.08,0.015009,0.019497,0,0,0,,0.898,2024-25
2026-07-27,2026-08-03,13181,Lincoln County,Georgia,GA,quiet,9.1e-05,2112,73,501+,0.07,0.000457,1987,65,501+,0.11,0.014989,0.028899,0,0,0,,,
2026-07-27,2026-08-03,38009,Bottineau County,North Dakota,ND,quiet,9.1e-05,2113,31,501+,0.07,0.00069,1588,24,501+,0.17,0.014985,0.045478,0,0,0,,0.918,2024-25
2026-07-27,2026-08-03,06049,Modoc County,California,CA,quiet,9.1e-05,2114,56,501+,0.07,0.000409,2095,54,501+,0.1,0.014974,0.02557,0,0,0,,0.99,2024-25
2026-07-27,2026-08-03,42053,Forest County,Pennsylvania,PA,quiet,9.1e-05,2115,60,501+,0.07,0.000309,2386,60,501+,0.08,0.01497,0.018677,0,0,0,,1.0,2024-25
2026-07-27,2026-08-03,28101,Newton County,Mississippi,MS,quiet,9.1e-05,2116,32,501+,0.07,0.000397,2124,32,501+,0.1,0.014965,0.024702,0,0,0,,0.9722,2024-25
2026-07-27,2026-08-03,53019,Ferry County,Washington,WA,quiet,9.1e-05,2117,36,501+,0.07,0.000667,1616,33,501+,0.17,0.014959,0.043817,0,0,0,,0.825,2024-25
2026-07-27,2026-08-03,29129,Mercer County,Missouri,MO,quiet,9.1e-05,2118,70,501+,0.07,0.000284,2481,98,501+,0.07,0.014948,0.017006,0,0,0,,1.0,2024-25
2026-07-27,2026-08-03,28057,Itawamba County,Mississippi,MS,quiet,9.1e-05,2119,33,501+,0.07,0.000458,1985,26,501+,0.11,0.014946,0.028928,0,0,0,,0.9638,2024-25
2026-07-27,2026-08-03,40041,Delaware County,Oklahoma,OK,quiet,9.1e-05,2120,58,501+,0.07,0.000546,1812,42,501+,0.14,0.014938,0.035146,0,0,0,,0.914,2024-25
2026-07-27,2026-08-03,46063,Harding County,South Dakota,SD,quiet,9.1e-05,2121,50,501+,0.07,0.000252,2588,56,501+,0.06,0.014935,0.014846,0,0,0,,0.95,2024-25
2026-07-27,2026-08-03,12067,Lafayette County,Florida,FL,quiet,9e-05,2122,58,501+,0.07,0.000415,2076,58,501+,0.1,0.014921,0.025927,0,0,0,,0.918,2024-25
2026-07-27,2026-08-03,27115,Pine County,Minnesota,MN,quiet,9e-05,2123,73,501+,0.07,0.000391,2142,73,501+,0.1,0.014913,0.024275,0,0,0,,0.844,2024-25
2026-07-27,2026-08-03,54051,Marshall County,West Virginia,WV,quiet,9e-05,2124,18,501+,0.07,0.000356,2236,21,501+,0.09,0.014912,0.0219,0,0,0,,,
2026-07-27,2026-08-03,12007,Bradford County,Florida,FL,quiet,9e-05,2125,59,501+,0.07,0.000448,2006,57,501+,0.11,0.014905,0.02826,0,0,0,,0.949,2024-25
2026-07-27,2026-08-03,30091,Sheridan County,Montana,MT,quiet,9e-05,2126,35,501+,0.07,0.000394,2130,34,501+,0.1,0.014888,0.024464,0,0,0,,,
2026-07-27,2026-08-03,30035,Glacier County,Montana,MT,quiet,9e-05,2127,36,501+,0.07,0.000413,2081,32,501+,0.1,0.014886,0.025794,0,0,0,,,
2026-07-27,2026-08-03,38019,Cavalier County,North Dakota,ND,quiet,9e-05,2128,32,501+,0.07,0.00098,1307,22,501+,0.25,0.014844,0.066383,0,0,0,,0.9565,2024-25
2026-07-27,2026-08-03,31099,Kearney County,Nebraska,NE,quiet,9e-05,2129,51,501+,0.07,0.000305,2405,58,501+,0.08,0.014831,0.018415,0,0,0,,0.977272727,2024-25
2026-07-27,2026-08-03,48333,Mills County,Texas,TX,quiet,9e-05,2130,215,501+,0.07,0.000308,2393,221,501+,0.08,0.014813,0.018591,0,0,0,,1.0,2024-25
2026-07-27,2026-08-03,35053,Socorro County,New Mexico,NM,quiet,9e-05,2131,24,501+,0.07,0.000269,2529,29,501+,0.07,0.014794,0.015957,0,0,0,,0.8778,2024-25
2026-07-27,2026-08-03,02195,Petersburg Borough,Alaska,AK,quiet,9e-05,2132,14,501+,0.07,0.00048,1927,13,501+,0.12,0.014782,0.030535,0,0,0,,,
2026-07-27,2026-08-03,48087,Collingsworth County,Texas,TX,quiet,8.9e-05,2133,216,501+,0.07,0.000393,2132,210,501+,0.1,0.014749,0.024448,0,0,0,,0.878049,2024-25
2026-07-27,2026-08-03,35007,Colfax County,New Mexico,NM,quiet,8.9e-05,2134,25,501+,0.07,0.000313,2372,28,501+,0.08,0.014716,0.018937,0,0,0,,0.9,2024-25
2026-07-27,2026-08-03,37117,Martin County,North Carolina,NC,quiet,8.9e-05,2135,80,501+,0.07,0.000221,2681,93,501+,0.06,0.014714,0.012834,0,0,0,,0.97607656,2024-25
2026-07-27,2026-08-03,48235,Irion County,Texas,TX,quiet,8.9e-05,2136,217,501+,0.07,0.000601,1702,186,501+,0.15,0.014713,0.039077,0,0,0,,0.652174,2024-25
2026-07-27,2026-08-03,20009,Barton County,Kansas,KS,quiet,8.9e-05,2137,77,501+,0.07,0.000555,1780,55,501+,0.14,0.014635,0.0358,0,0,0,,0.9415,2024-25
2026-07-27,2026-08-03,25007,Dukes County,Massachusetts,MA,quiet,8.9e-05,2138,14,501+,0.07,0.000856,1415,13,501+,0.22,0.014584,0.057444,0,0,0,,0.951,2024-25
2026-07-27,2026-08-03,17177,Stephenson County,Illinois,IL,quiet,8.8e-05,2139,47,501+,0.07,0.000843,1428,28,501+,0.21,0.014579,0.056459,0,0,0,,0.963,2024-25
2026-07-27,2026-08-03,19101,Jefferson County,Iowa,IA,quiet,8.8e-05,2140,53,501+,0.07,0.000201,2756,95,501+,0.05,0.014575,0.011495,0,0,0,,0.86486486,2024-25
2026-07-27,2026-08-03,30015,Chouteau County,Montana,MT,quiet,8.8e-05,2141,37,501+,0.07,0.0004,2114,33,501+,0.1,0.014556,0.024936,0,0,0,,,
2026-07-27,2026-08-03,18183,Whitley County,Indiana,IN,quiet,8.8e-05,2142,59,501+,0.07,0.001898,891,17,501+,0.48,0.014555,0.131411,0,0,0,,0.9045,2024-25
2026-07-27,2026-08-03,31007,Banner County,Nebraska,NE,quiet,8.8e-05,2143,52,501+,0.07,0.000406,2105,44,501+,0.1,0.014542,0.025342,0,0,0,,0.5714,2024-25
2026-07-27,2026-08-03,29111,Lewis County,Missouri,MO,quiet,8.8e-05,2144,71,501+,0.07,0.000175,2829,110,501+,0.04,0.014541,0.009857,0,0,0,,0.875,2024-25
2026-07-27,2026-08-03,29105,Laclede County,Missouri,MO,quiet,8.8e-05,2145,72,501+,0.07,0.000565,1764,56,501+,0.14,0.014531,0.036493,0,0,0,,0.909,2024-25
2026-07-27,2026-08-03,20041,Dickinson County,Kansas,KS,quiet,8.8e-05,2146,78,501+,0.07,0.000724,1541,33,501+,0.18,0.014514,0.047883,0,0,0,,0.8912,2024-25
2026-07-27,2026-08-03,31175,Valley County,Nebraska,NE,quiet,8.8e-05,2147,53,501+,0.07,0.000388,2145,47,501+,0.1,0.014512,0.024105,0,0,0,,0.896551724,2024-25
2026-07-27,2026-08-03,39011,Auglaize County,Ohio,OH,quiet,8.8e-05,2148,68,501+,0.07,0.000479,1932,68,501+,0.12,0.014502,0.030404,0,0,0,,0.835,2024-25
2026-07-27,2026-08-03,01113,Russell County,Alabama,AL,quiet,8.8e-05,2149,38,501+,0.07,0.00026,2556,54,501+,0.07,0.014499,0.015357,0,0,0,,0.9461,2024-25
2026-07-27,2026-08-03,20191,Sumner County,Kansas,KS,quiet,8.8e-05,2150,79,501+,0.07,0.000548,1803,58,501+,0.14,0.014499,0.035273,0,0,0,,0.9322,2024-25
2026-07-27,2026-08-03,05147,Woodruff County,Arkansas,AR,quiet,8.8e-05,2151,31,501+,0.07,0.000253,2582,49,501+,0.06,0.014489,0.014932,0,0,0,,,
2026-07-27,2026-08-03,35057,Torrance County,New Mexico,NM,quiet,8.8e-05,2152,26,501+,0.07,0.000864,1406,19,501+,0.22,0.014481,0.058,0,0,0,,0.9091,2024-25
2026-07-27,2026-08-03,31085,Hayes County,Nebraska,NE,quiet,8.8e-05,2153,54,501+,0.07,0.000181,2816,81,501+,0.05,0.014472,0.010237,0,0,0,,0.375,2024-25
2026-07-27,2026-08-03,40035,Craig County,Oklahoma,OK,quiet,8.8e-05,2154,59,501+,0.07,0.000387,2146,58,501+,0.1,0.014424,0.024044,0,0,0,,0.8908,2024-25
2026-07-27,2026-08-03,19109,Kossuth County,Iowa,IA,quiet,8.7e-05,2155,54,501+,0.07,0.000393,2135,47,501+,0.1,0.014352,0.02441,0,0,0,,0.88068182,2024-25
2026-07-27,2026-08-03,29153,Ozark County,Missouri,MO,quiet,8.7e-05,2156,73,501+,0.06,0.000513,1866,61,501+,0.13,0.014345,0.032805,0,0,0,,0.729,2024-25
2026-07-27,2026-08-03,13237,Putnam County,Georgia,GA,quiet,8.7e-05,2157,74,501+,0.06,0.00041,2093,73,501+,0.1,0.014299,0.025579,0,0,0,,,
2026-07-27,2026-08-03,54081,Raleigh County,West Virginia,WV,quiet,8.7e-05,2158,19,501+,0.06,0.000492,1900,18,501+,0.12,0.014298,0.031319,0,0,0,,,
2026-07-27,2026-08-03,05093,Mississippi County,Arkansas,AR,quiet,8.7e-05,2159,32,501+,0.06,0.000298,2428,35,501+,0.07,0.014284,0.017948,0,0,0,,,
2026-07-27,2026-08-03,19161,Sac County,Iowa,IA,quiet,8.7e-05,2160,55,501+,0.06,0.000313,2370,71,501+,0.08,0.014275,0.018955,0,0,0,,0.93457944,2024-25
2026-07-27,2026-08-03,29223,Wayne County,Missouri,MO,quiet,8.7e-05,2161,74,501+,0.06,0.000219,2687,106,501+,0.06,0.014274,0.012691,0,0,0,,0.911,2024-25
2026-07-27,2026-08-03,13143,Haralson County,Georgia,GA,quiet,8.7e-05,2162,75,501+,0.06,0.000478,1934,59,501+,0.12,0.014273,0.030333,0,0,0,,,
2026-07-27,2026-08-03,13255,Spalding County,Georgia,GA,quiet,8.7e-05,2163,76,501+,0.06,0.000288,2464,101,501+,0.07,0.014272,0.01727,0,0,0,,,
2026-07-27,2026-08-03,21077,Gallatin County,Kentucky,KY,quiet,8.7e-05,2164,39,501+,0.06,0.000298,2430,46,501+,0.07,0.014246,0.017924,0,0,0,,0.945,2024-25
2026-07-27,2026-08-03,19169,Story County,Iowa,IA,quiet,8.7e-05,2165,56,501+,0.06,0.000547,1805,31,501+,0.14,0.01424,0.035231,0,0,0,,0.89221557,2024-25
2026-07-27,2026-08-03,38079,Rolette County,North Dakota,ND,quiet,8.6e-05,2166,33,501+,0.06,0.000597,1707,28,501+,0.15,0.014232,0.038816,0,0,0,,0.9824,2024-25
2026-07-27,2026-08-03,21021,Boyle County,Kentucky,KY,quiet,8.6e-05,2167,40,501+,0.06,0.000552,1790,30,501+,0.14,0.014222,0.035623,0,0,0,,0.931,2024-25
2026-07-27,2026-08-03,46075,Jones County,South Dakota,SD,quiet,8.6e-05,2168,51,501+,0.06,0.000265,2541,54,501+,0.07,0.014212,0.015749,0,0,0,,1.0,2024-25
2026-07-27,2026-08-03,47071,Hardin County,Tennessee,TN,quiet,8.6e-05,2169,60,501+,0.06,0.000416,2075,58,501+,0.1,0.014199,0.026009,0,0,0,,0.949,2024-25
2026-07-27,2026-08-03,51111,Lunenburg County,Virginia,VA,quiet,8.6e-05,2170,73,501+,0.06,0.000399,2118,76,501+,0.1,0.014178,0.024834,0,0,0,,0.931,2024-25
2026-07-27,2026-08-03,45061,Lee County,South Carolina,SC,quiet,8.6e-05,2171,40,501+,0.06,0.000328,2324,42,501+,0.08,0.014158,0.019984,0,0,0,,0.96,2024-25
2026-07-27,2026-08-03,48307,McCulloch County,Texas,TX,quiet,8.6e-05,2172,218,501+,0.06,0.00042,2062,206,501+,0.11,0.014145,0.026284,0,0,0,,0.939759,2024-25
2026-07-27,2026-08-03,13205,Mitchell County,Georgia,GA,quiet,8.6e-05,2173,77,501+,0.06,0.000142,2950,145,501+,0.04,0.01413,0.007756,0,0,0,,,
2026-07-27,2026-08-03,27065,Kanabec County,Minnesota,MN,quiet,8.6e-05,2174,74,501+,0.06,0.00031,2385,82,501+,0.08,0.014128,0.018721,0,0,0,,0.853,2024-25
2026-07-27,2026-08-03,23007,Franklin County,Maine,ME,quiet,8.6e-05,2175,15,501+,0.06,0.000724,1542,15,501+,0.18,0.014121,0.047875,0,0,0,,0.9657,2024-25
2026-07-27,2026-08-03,08027,Custer County,Colorado,CO,quiet,8.6e-05,2176,48,501+,0.06,0.00055,1800,40,501+,0.14,0.014113,0.03542,0,0,0,,0.8947,2024-25
2026-07-27,2026-08-03,22053,Jefferson Davis Parish,Louisiana,LA,quiet,8.6e-05,2177,40,501+,0.06,0.000454,1990,36,501+,0.11,0.014107,0.028707,0,0,0,,0.9211,2024-25
2026-07-27,2026-08-03,31083,Harlan County,Nebraska,NE,quiet,8.6e-05,2178,55,501+,0.06,0.000453,1994,37,501+,0.11,0.014099,0.028601,0,0,0,,0.956521739,2024-25
2026-07-27,2026-08-03,48403,Sabine County,Texas,TX,quiet,8.6e-05,2179,219,501+,0.06,0.000543,1820,194,501+,0.14,0.014089,0.034977,0,0,0,,0.893939,2024-25
2026-07-27,2026-08-03,55067,Langlade County,Wisconsin,WI,quiet,8.6e-05,2180,57,501+,0.06,0.000438,2023,58,501+,0.11,0.014076,0.027543,0,0,0,,0.86,2024-25
2026-07-27,2026-08-03,02282,Yakutat City and Borough,Alaska,AK,quiet,8.6e-05,2181,15,501+,0.06,0.000238,2623,23,501+,0.06,0.014068,0.013927,0,0,0,,,
2026-07-27,2026-08-03,20089,Jewell County,Kansas,KS,quiet,8.6e-05,2182,80,501+,0.06,0.000182,2811,99,501+,0.05,0.014067,0.010306,0,0,0,,0.7942,2024-25
2026-07-27,2026-08-03,29083,Henry County,Missouri,MO,quiet,8.6e-05,2183,75,501+,0.06,0.000434,2030,73,501+,0.11,0.014067,0.02729,0,0,0,,0.912,2024-25
2026-07-27,2026-08-03,13107,Emanuel County,Georgia,GA,quiet,8.5e-05,2184,78,501+,0.06,0.000297,2435,97,501+,0.07,0.014045,0.017837,0,0,0,,,
2026-07-27,2026-08-03,31181,Webster County,Nebraska,NE,quiet,8.5e-05,2185,56,501+,0.06,0.000319,2353,55,501+,0.08,0.014024,0.019344,0,0,0,,1.0,2024-25
2026-07-27,2026-08-03,13037,Calhoun County,Georgia,GA,quiet,8.5e-05,2186,79,501+,0.06,0.000333,2300,87,501+,0.08,0.014021,0.020324,0,0,0,,,
2026-07-27,2026-08-03,08021,Conejos County,Colorado,CO,quiet,8.5e-05,2187,49,501+,0.06,0.00046,1979,44,501+,0.12,0.014016,0.02912,0,0,0,,0.9059,2024-25
2026-07-27,2026-08-03,13219,Oconee County,Georgia,GA,quiet,8.5e-05,2188,80,501+,0.06,0.000475,1944,60,501+,0.12,0.014001,0.030159,0,0,0,,,
2026-07-27,2026-08-03,51590,Danville City,Virginia,VA,quiet,8.5e-05,2189,74,501+,0.06,0.000291,2451,93,501+,0.07,0.013974,0.017441,0,0,0,,0.912,2024-25
2026-07-27,2026-08-03,01099,Monroe County,Alabama,AL,quiet,8.5e-05,2190,39,501+,0.06,0.00036,2224,39,501+,0.09,0.013953,0.022168,0,0,0,,0.9615,2024-25
2026-07-27,2026-08-03,51135,Nottoway County,Virginia,VA,quiet,8.5e-05,2191,75,501+,0.06,0.000562,1769,61,501+,0.14,0.013937,0.036271,0,0,0,,0.944,2024-25
2026-07-27,2026-08-03,18079,Jennings County,Indiana,IN,quiet,8.5e-05,2192,60,501+,0.06,0.000423,2054,56,501+,0.11,0.013926,0.026486,0,0,0,,0.9146,2024-25
2026-07-27,2026-08-03,19185,Wayne County,Iowa,IA,quiet,8.5e-05,2193,57,501+,0.06,0.000599,1703,26,501+,0.15,0.013909,0.038973,0,0,0,,0.83823529,2024-25
2026-07-27,2026-08-03,46095,Mellette County,South Dakota,SD,quiet,8.4e-05,2194,52,501+,0.06,0.000319,2351,48,501+,0.08,0.013858,0.019376,0,0,0,,0.94,2024-25
2026-07-27,2026-08-03,31061,Franklin County,Nebraska,NE,quiet,8.4e-05,2195,57,501+,0.06,0.000304,2409,60,501+,0.08,0.013857,0.018359,0,0,0,,0.941176471,2022-23
2026-07-27,2026-08-03,22117,Washington Parish,Louisiana,LA,quiet,8.4e-05,2196,41,501+,0.06,0.000313,2367,41,501+,0.08,0.013853,0.018977,0,0,0,,0.9402,2024-25
2026-07-27,2026-08-03,18115,Ohio County,Indiana,IN,quiet,8.4e-05,2197,61,501+,0.06,0.000354,2240,66,501+,0.09,0.013836,0.021753,0,0,0,,0.8529,2024-25
2026-07-27,2026-08-03,13201,Miller County,Georgia,GA,quiet,8.4e-05,2198,81,501+,0.06,0.00031,2383,96,501+,0.08,0.013831,0.01873,0,0,0,,,
2026-07-27,2026-08-03,12049,Hardee County,Florida,FL,quiet,8.4e-05,2199,60,501+,0.06,0.000313,2369,60,501+,0.08,0.01383,0.018971,0,0,0,,0.954,2024-25
2026-07-27,2026-08-03,47131,Obion County,Tennessee,TN,quiet,8.4e-05,2200,61,501+,0.06,0.000464,1968,56,501+,0.12,0.013823,0.02937,0,0,0,,0.954,2024-25
2026-07-27,2026-08-03,17009,Brown County,Illinois,IL,quiet,8.4e-05,2201,48,501+,0.06,0.000402,2111,55,501+,0.1,0.013802,0.025026,0,0,0,,0.977,2024-25
2026-07-27,2026-08-03,40049,Garvin County,Oklahoma,OK,quiet,8.4e-05,2202,60,501+,0.06,0.000846,1426,31,501+,0.21,0.0138,0.056716,0,0,0,,0.8661,2024-25
2026-07-27,2026-08-03,40091,McIntosh County,Oklahoma,OK,quiet,8.4e-05,2203,61,501+,0.06,0.000512,1869,46,501+,0.13,0.0138,0.032745,0,0,0,,0.9213,2024-25
2026-07-27,2026-08-03,55119,Taylor County,Wisconsin,WI,quiet,8.4e-05,2204,58,501+,0.06,0.000383,2158,61,501+,0.1,0.013785,0.023733,0,0,0,,0.84,2024-25
2026-07-27,2026-08-03,05053,Grant County,Arkansas,AR,quiet,8.4e-05,2205,33,501+,0.06,0.000584,1733,21,501+,0.15,0.013776,0.037862,0,0,0,,,
2026-07-27,2026-08-03,21019,Boyd County,Kentucky,KY,quiet,8.4e-05,2206,41,501+,0.06,0.000409,2098,37,501+,0.1,0.013775,0.025532,0,0,0,,0.917,2024-25
2026-07-27,2026-08-03,40107,Okfuskee County,Oklahoma,OK,quiet,8.4e-05,2207,62,501+,0.06,0.000376,2184,63,501+,0.09,0.013771,0.023241,0,0,0,,0.8678,2024-25
2026-07-27,2026-08-03,40021,Cherokee County,Oklahoma,OK,quiet,8.4e-05,2208,63,501+,0.06,0.000384,2154,60,501+,0.1,0.013753,0.023822,0,0,0,,0.8854,2024-25
2026-07-27,2026-08-03,05097,Montgomery County,Arkansas,AR,quiet,8.4e-05,2209,34,501+,0.06,0.000259,2558,46,501+,0.07,0.013752,0.015334,0,0,0,,,
2026-07-27,2026-08-03,13009,Baldwin County,Georgia,GA,quiet,8.4e-05,2210,82,501+,0.06,0.000277,2499,104,501+,0.07,0.013744,0.016507,0,0,0,,,
2026-07-27,2026-08-03,31051,Dixon County,Nebraska,NE,quiet,8.4e-05,2211,58,501+,0.06,0.000325,2334,54,501+,0.08,0.013736,0.019732,0,0,0,,0.979591837,2024-25
2026-07-27,2026-08-03,30011,Carter County,Montana,MT,quiet,8.4e-05,2212,38,501+,0.06,0.000141,2954,45,501+,0.04,0.01373,0.007682,0,0,0,,,
2026-07-27,2026-08-03,29155,Pemiscot County,Missouri,MO,quiet,8.4e-05,2213,76,501+,0.06,0.000511,1870,62,501+,0.13,0.013729,0.032716,0,0,0,,0.681,2024-25
2026-07-27,2026-08-03,47073,Hawkins County,Tennessee,TN,quiet,8.3e-05,2214,62,501+,0.06,0.000449,2002,57,501+,0.11,0.013722,0.0283,0,0,0,,0.956,2024-25
2026-07-27,2026-08-03,05105,Perry County,Arkansas,AR,quiet,8.3e-05,2215,35,501+,0.06,0.000231,2645,51,501+,0.06,0.013721,0.013499,0,0,0,,,
2026-07-27,2026-08-03,13049,Charlton County,Georgia,GA,quiet,8.3e-05,2216,83,501+,0.06,0.000447,2007,67,501+,0.11,0.013707,0.028196,0,0,0,,,
2026-07-27,2026-08-03,39069,Henry County,Ohio,OH,quiet,8.3e-05,2217,69,501+,0.06,0.000481,1926,67,501+,0.12,0.013688,0.030601,0,0,0,,0.872,2024-25
2026-07-27,2026-08-03,02016,Aleutians West Census Area,Alaska,AK,quiet,8.3e-05,2218,16,501+,0.06,0.000522,1849,10,501+,0.13,0.013686,0.033474,0,0,0,,,
2026-07-27,2026-08-03,17049,Effingham County,Illinois,IL,quiet,8.3e-05,2219,49,501+,0.06,0.000545,1813,37,501+,0.14,0.013683,0.035116,0,0,0,,0.965,2024-25
2026-07-27,2026-08-03,39115,Morgan County,Ohio,OH,quiet,8.3e-05,2220,70,501+,0.06,0.000365,2210,74,501+,0.09,0.013681,0.022488,0,0,0,,0.971,2024-25
2026-07-27,2026-08-03,02275,Wrangell City and Borough,Alaska,AK,quiet,8.3e-05,2221,17,501+,0.06,0.000267,2534,20,501+,0.07,0.013681,0.015858,0,0,0,,,
2026-07-27,2026-08-03,05061,Howard County,Arkansas,AR,quiet,8.3e-05,2222,36,501+,0.06,0.000294,2442,36,501+,0.07,0.013672,0.017678,0,0,0,,,
2026-07-27,2026-08-03,20073,Greenwood County,Kansas,KS,quiet,8.3e-05,2223,81,501+,0.06,0.000459,1983,68,501+,0.12,0.013661,0.029032,0,0,0,,0.9092,2024-25
2026-07-27,2026-08-03,05001,Arkansas County,Arkansas,AR,quiet,8.3e-05,2224,37,501+,0.06,0.0003,2421,34,501+,0.08,0.013651,0.018083,0,0,0,,,
2026-07-27,2026-08-03,37083,Halifax County,North Carolina,NC,quiet,8.3e-05,2225,81,501+,0.06,0.000505,1879,75,501+,0.13,0.01365,0.032277,0,0,0,,0.94789579,2024-25
2026-07-27,2026-08-03,17075,Iroquois County,Illinois,IL,quiet,8.3e-05,2226,50,501+,0.06,0.000332,2309,66,501+,0.08,0.013649,0.020214,0,0,0,,0.971,2024-25
2026-07-27,2026-08-03,21183,Ohio County,Kentucky,KY,quiet,8.3e-05,2227,42,501+,0.06,0.000276,2505,53,501+,0.07,0.013644,0.016421,0,0,0,,0.789,2024-25
2026-07-27,2026-08-03,17077,Jackson County,Illinois,IL,quiet,8.3e-05,2228,51,501+,0.06,0.000643,1647,31,501+,0.16,0.013629,0.042055,0,0,0,,0.967,2024-25
2026-07-27,2026-08-03,37011,Avery County,North Carolina,NC,quiet,8.3e-05,2229,82,501+,0.06,0.000337,2296,85,501+,0.08,0.013588,0.020548,0,0,0,,0.8951049,2024-25
2026-07-27,2026-08-03,41037,Lake County,Oregon,OR,quiet,8.3e-05,2230,31,501+,0.06,0.000306,2403,32,501+,0.08,0.013584,0.018454,0,0,0,,0.795,2024-25
2026-07-27,2026-08-03,54107,Wood County,West Virginia,WV,quiet,8.3e-05,2231,20,501+,0.06,0.00055,1798,16,501+,0.14,0.013573,0.035476,0,0,0,,,
2026-07-27,2026-08-03,40025,Cimarron County,Oklahoma,OK,quiet,8.3e-05,2232,64,501+,0.06,0.000508,1873,47,501+,0.13,0.013569,0.032484,0,0,0,,0.5,2024-25
2026-07-27,2026-08-03,29197,Schuyler County,Missouri,MO,quiet,8.3e-05,2233,77,501+,0.06,0.000583,1735,54,501+,0.15,0.013552,0.037771,0,0,0,,0.977,2024-25
2026-07-27,2026-08-03,13273,Terrell County,Georgia,GA,quiet,8.3e-05,2234,84,501+,0.06,0.000373,2187,76,501+,0.09,0.013551,0.02307,0,0,0,,,
2026-07-27,2026-08-03,37043,Clay County,North Carolina,NC,quiet,8.2e-05,2235,83,501+,0.06,0.000592,1716,67,501+,0.15,0.013535,0.038473,0,0,0,,0.87619048,2024-25
2026-07-27,2026-08-03,55029,Door County,Wisconsin,WI,quiet,8.2e-05,2236,59,501+,0.06,0.000191,2783,71,501+,0.05,0.013503,0.010846,0,0,0,,0.81,2024-25
2026-07-27,2026-08-03,41069,Wheeler County,Oregon,OR,quiet,8.2e-05,2237,32,501+,0.06,0.000228,2655,34,501+,0.06,0.013497,0.013277,0,0,0,,0.615,2024-25
2026-07-27,2026-08-03,21213,Simpson County,Kentucky,KY,quiet,8.2e-05,2238,43,501+,0.06,0.000621,1675,27,501+,0.16,0.013496,0.040535,0,0,0,,0.937,2024-25
2026-07-27,2026-08-03,17081,Jefferson County,Illinois,IL,quiet,8.2e-05,2239,52,501+,0.06,0.000459,1981,44,501+,0.12,0.013489,0.029045,0,0,0,,0.972,2024-25
2026-07-27,2026-08-03,05081,Little River County,Arkansas,AR,quiet,8.2e-05,2240,38,501+,0.06,0.000305,2407,33,501+,0.08,0.013452,0.018375,0,0,0,,,
2026-07-27,2026-08-03,21017,Bourbon County,Kentucky,KY,quiet,8.2e-05,2241,44,501+,0.06,0.000378,2178,40,501+,0.09,0.013428,0.02336,0,0,0,,0.90295359,2024-25
2026-07-27,2026-08-03,19143,Osceola County,Iowa,IA,quiet,8.2e-05,2242,58,501+,0.06,0.000247,2608,82,501+,0.06,0.013401,0.014496,0,0,0,,0.98,2024-25
2026-07-27,2026-08-03,17127,Massac County,Illinois,IL,quiet,8.2e-05,2243,53,501+,0.06,0.00031,2384,71,501+,0.08,0.0134,0.018728,0,0,0,,0.889,2024-25
2026-07-27,2026-08-03,12065,Jefferson County,Florida,FL,quiet,8.2e-05,2244,61,501+,0.06,0.00028,2493,63,501+,0.07,0.013387,0.016743,0,0,0,,0.978,2024-25
2026-07-27,2026-08-03,18041,Fayette County,Indiana,IN,quiet,8.2e-05,2245,62,501+,0.06,0.000176,2827,87,501+,0.04,0.013385,0.009886,0,0,0,,0.9605,2024-25
2026-07-27,2026-08-03,22013,Bienville Parish,Louisiana,LA,quiet,8.1e-05,2246,42,501+,0.06,0.000168,2855,58,501+,0.04,0.013361,0.009395,0,0,0,,0.9658,2024-25
2026-07-27,2026-08-03,28043,Grenada County,Mississippi,MS,quiet,8.1e-05,2247,34,501+,0.06,0.000248,2601,48,501+,0.06,0.01335,0.014611,0,0,0,,0.9626,2024-25
2026-07-27,2026-08-03,05121,Randolph County,Arkansas,AR,quiet,8.1e-05,2248,39,501+,0.06,0.000267,2535,43,501+,0.07,0.01335,0.015855,0,0,0,,,
2026-07-27,2026-08-03,37073,Gates County,North Carolina,NC,quiet,8.1e-05,2249,84,501+,0.06,0.000297,2432,88,501+,0.07,0.013346,0.017886,0,0,0,,0.97029703,2024-25
2026-07-27,2026-08-03,40061,Haskell County,Oklahoma,OK,quiet,8.1e-05,2250,65,501+,0.06,0.000386,2150,59,501+,0.1,0.013336,0.023936,0,0,0,,0.9182,2024-25
2026-07-27,2026-08-03,17191,Wayne County,Illinois,IL,quiet,8.1e-05,2251,54,501+,0.06,0.000385,2151,58,501+,0.1,0.013333,0.023884,0,0,0,,0.981,2024-25
2026-07-27,2026-08-03,12059,Holmes County,Florida,FL,quiet,8.1e-05,2252,62,501+,0.06,0.000901,1376,45,501+,0.23,0.01333,0.060657,0,0,0,,0.936,2024-25
2026-07-27,2026-08-03,05013,Calhoun County,Arkansas,AR,quiet,8.1e-05,2253,40,501+,0.06,0.000273,2511,41,501+,0.07,0.013323,0.016281,0,0,0,,,
2026-07-27,2026-08-03,28075,Lauderdale County,Mississippi,MS,quiet,8.1e-05,2254,35,501+,0.06,0.000235,2634,50,501+,0.06,0.013288,0.013751,0,0,0,,0.9922,2024-25
2026-07-27,2026-08-03,17015,Carroll County,Illinois,IL,quiet,8.1e-05,2255,55,501+,0.06,0.000477,1937,41,501+,0.12,0.013285,0.030326,0,0,0,,0.961,2024-25
2026-07-27,2026-08-03,08009,Baca County,Colorado,CO,quiet,8.1e-05,2256,50,501+,0.06,0.000263,2548,51,501+,0.07,0.013283,0.015551,0,0,0,,0.907,2024-25
2026-07-27,2026-08-03,36031,Essex County,New York,NY,quiet,8.1e-05,2257,58,501+,0.06,0.000292,2446,60,501+,0.07,0.013279,0.017542,0,0,0,,0.994341091,2024-25
2026-07-27,2026-08-03,13319,Wilkinson County,Georgia,GA,quiet,8.1e-05,2258,85,501+,0.06,0.000317,2360,92,501+,0.08,0.013276,0.019247,0,0,0,,,
2026-07-27,2026-08-03,28077,Lawrence County,Mississippi,MS,quiet,8.1e-05,2259,36,501+,0.06,0.000302,2416,43,501+,0.08,0.013269,0.018226,0,0,0,,0.9841,2024-25
2026-07-27,2026-08-03,39135,Preble County,Ohio,OH,quiet,8.1e-05,2260,71,501+,0.06,0.000778,1490,60,501+,0.2,0.013264,0.051784,0,0,0,,0.894,2024-25
2026-07-27,2026-08-03,55121,Trempealeau County,Wisconsin,WI,quiet,8.1e-05,2261,60,501+,0.06,0.000518,1858,53,501+,0.13,0.013244,0.033203,0,0,0,,0.86,2024-25
2026-07-27,2026-08-03,20025,Clark County,Kansas,KS,quiet,8.1e-05,2262,82,501+,0.06,0.000257,2565,89,501+,0.06,0.013236,0.015173,0,0,0,,0.6696,2024-25
2026-07-27,2026-08-03,38095,Towner County,North Dakota,ND,quiet,8.1e-05,2263,34,501+,0.06,0.000329,2320,37,501+,0.08,0.01323,0.020037,0,0,0,,0.9412,2024-25
2026-07-27,2026-08-03,19135,Monroe County,Iowa,IA,quiet,8.1e-05,2264,59,501+,0.06,0.000364,2211,55,501+,0.09,0.013219,0.022438,0,0,0,,0.87209302,2024-25
2026-07-27,2026-08-03,38069,Pierce County,North Dakota,ND,quiet,8.1e-05,2265,35,501+,0.06,0.000352,2252,36,501+,0.09,0.013217,0.021599,0,0,0,,0.9167,2024-25
2026-07-27,2026-08-03,17025,Clay County,Illinois,IL,quiet,8.1e-05,2266,56,501+,0.06,0.000249,2599,80,501+,0.06,0.013212,0.014653,0,0,0,,0.979,2024-25
2026-07-27,2026-08-03,40069,Johnston County,Oklahoma,OK,quiet,8e-05,2267,66,501+,0.06,0.000391,2139,57,501+,0.1,0.013197,0.024308,0,0,0,,0.8919,2024-25
2026-07-27,2026-08-03,17121,Marion County,Illinois,IL,quiet,8e-05,2268,57,501+,0.06,0.000385,2152,59,501+,0.1,0.013153,0.02386,0,0,0,,0.974,2024-25
2026-07-27,2026-08-03,31063,Frontier County,Nebraska,NE,quiet,8e-05,2269,59,501+,0.06,0.000451,1999,38,501+,0.11,0.013135,0.028492,0,0,0,,0.897959184,2024-25
2026-07-27,2026-08-03,18025,Crawford County,Indiana,IN,quiet,8e-05,2270,63,501+,0.06,0.000138,2965,91,501+,0.03,0.013107,0.007508,0,0,0,,0.9524,2024-25
2026-07-27,2026-08-03,17169,Schuyler County,Illinois,IL,quiet,8e-05,2271,58,501+,0.06,0.0003,2425,73,501+,0.08,0.013103,0.018034,0,0,0,,0.987,2024-25
2026-07-27,2026-08-03,21217,Taylor County,Kentucky,KY,quiet,8e-05,2272,45,501+,0.06,0.000312,2375,44,501+,0.08,0.013102,0.018906,0,0,0,,0.832,2024-25
2026-07-27,2026-08-03,13167,Johnson County,Georgia,GA,quiet,8e-05,2273,86,501+,0.06,0.000205,2742,125,501+,0.05,0.01309,0.011745,0,0,0,,,
2026-07-27,2026-08-03,21191,Pendleton County,Kentucky,KY,quiet,8e-05,2274,46,501+,0.06,0.000289,2457,50,501+,0.07,0.013086,0.01733,0,0,0,,0.956,2024-25
2026-07-27,2026-08-03,17165,Saline County,Illinois,IL,quiet,8e-05,2275,59,501+,0.06,0.000324,2339,68,501+,0.08,0.013082,0.019661,0,0,0,,0.97,2024-25
2026-07-27,2026-08-03,28141,Tishomingo County,Mississippi,MS,quiet,8e-05,2276,37,501+,0.06,0.000513,1865,21,501+,0.13,0.013059,0.032839,0,0,0,,0.9583,2024-25
2026-07-27,2026-08-03,40135,Sequoyah County,Oklahoma,OK,quiet,8e-05,2277,67,501+,0.06,0.000373,2188,64,501+,0.09,0.013044,0.023042,0,0,0,,0.8521,2024-25
2026-07-27,2026-08-03,46041,Dewey County,South Dakota,SD,quiet,8e-05,2278,53,501+,0.06,0.000315,2365,49,501+,0.08,0.013043,0.019067,0,0,0,,0.94,2024-25
2026-07-27,2026-08-03,26031,Cheboygan County,Michigan,MI,quiet,7.9e-05,2279,61,501+,0.06,0.000356,2237,63,501+,0.09,0.013029,0.021882,0,0,0,,0.875,2024-25
2026-07-27,2026-08-03,13173,Lanier County,Georgia,GA,quiet,7.9e-05,2280,87,501+,0.06,0.000218,2691,120,501+,0.05,0.013027,0.012641,0,0,0,,,
2026-07-27,2026-08-03,19081,Hancock County,Iowa,IA,quiet,7.9e-05,2281,60,501+,0.06,0.000587,1727,27,501+,0.15,0.013026,0.038051,0,0,0,,0.92125984,2024-25
2026-07-27,2026-08-03,13021,Bibb County,Georgia,GA,quiet,7.9e-05,2282,88,501+,0.06,0.000318,2359,91,501+,0.08,0.013009,0.01926,0,0,0,,,
2026-07-27,2026-08-03,19069,Franklin County,Iowa,IA,quiet,7.9e-05,2283,61,501+,0.06,0.000446,2010,42,501+,0.11,0.013004,0.02812,0,0,0,,0.94897959,2024-25
2026-07-27,2026-08-03,01041,Crenshaw County,Alabama,AL,quiet,7.9e-05,2284,40,501+,0.06,0.000351,2257,41,501+,0.09,0.013001,0.02152,0,0,0,,0.9527,2024-25
2026-07-27,2026-08-03,06091,Sierra County,California,CA,quiet,7.9e-05,2285,57,501+,0.06,0.000194,2777,57,501+,0.05,0.013001,0.011043,0,0,0,,0.94828,2024-25
2026-07-27,2026-08-03,29057,Dade County,Missouri,MO,quiet,7.9e-05,2286,78,501+,0.06,0.000423,2051,75,501+,0.11,0.012993,0.026512,0,0,0,,0.907,2024-25
2026-07-27,2026-08-03,46121,Todd County,South Dakota,SD,quiet,7.9e-05,2287,54,501+,0.06,0.000243,2615,57,501+,0.06,0.012992,0.014249,0,0,0,,0.86,2024-25
2026-07-27,2026-08-03,37095,Hyde County,North Carolina,NC,quiet,7.9e-05,2288,85,501+,0.06,0.00026,2553,90,501+,0.07,0.012988,0.015409,0,0,0,,0.92307692,2024-25
2026-07-27,2026-08-03,40009,Beckham County,Oklahoma,OK,quiet,7.9e-05,2289,68,501+,0.06,0.000361,2217,65,501+,0.09,0.012973,0.022234,0,0,0,,0.9331,2024-25
2026-07-27,2026-08-03,20117,Marshall County,Kansas,KS,quiet,7.9e-05,2290,83,501+,0.06,0.000353,2246,79,501+,0.09,0.012969,0.021674,0,0,0,,0.8843,2024-25
2026-07-27,2026-08-03,29075,Gentry County,Missouri,MO,quiet,7.9e-05,2291,79,501+,0.06,0.000309,2387,90,501+,0.08,0.012969,0.018665,0,0,0,,0.983,2024-25
2026-07-27,2026-08-03,05135,Sharp County,Arkansas,AR,quiet,7.9e-05,2292,41,501+,0.06,0.000262,2552,45,501+,0.07,0.012963,0.015516,0,0,0,,,
2026-07-27,2026-08-03,50019,Orleans County,Vermont,VT,quiet,7.9e-05,2293,12,501+,0.06,0.000307,2397,12,501+,0.08,0.012958,0.018506,0,0,0,,0.92,2024-25
2026-07-27,2026-08-03,20141,Osborne County,Kansas,KS,quiet,7.9e-05,2294,84,501+,0.06,0.000211,2716,97,501+,0.05,0.012949,0.012177,0,0,0,,0.695,2024-25
2026-07-27,2026-08-03,13321,Worth County,Georgia,GA,quiet,7.9e-05,2295,89,501+,0.06,0.000357,2235,80,501+,0.09,0.01294,0.021926,0,0,0,,,
2026-07-27,2026-08-03,22107,Tensas Parish,Louisiana,LA,quiet,7.9e-05,2296,43,501+,0.06,0.000186,2796,55,501+,0.05,0.012903,0.010576,0,0,0,,0.8636,2024-25
2026-07-27,2026-08-03,17103,Lee County,Illinois,IL,quiet,7.9e-05,2297,60,501+,0.06,0.00047,1950,42,501+,0.12,0.012903,0.029832,0,0,0,,0.967,2024-25
2026-07-27,2026-08-03,51127,New Kent County,Virginia,VA,quiet,7.9e-05,2298,76,501+,0.06,0.00035,2259,79,501+,0.09,0.012897,0.021453,0,0,0,,0.922,2024-25
2026-07-27,2026-08-03,37033,Caswell County,North Carolina,NC,quiet,7.9e-05,2299,86,501+,0.06,0.000554,1781,70,501+,0.14,0.012887,0.035765,0,0,0,,0.95266272,2024-25
2026-07-27,2026-08-03,02100,Haines Borough,Alaska,AK,quiet,7.9e-05,2300,18,501+,0.06,0.000393,2133,17,501+,0.1,0.012876,0.024446,0,0,0,,,
2026-07-27,2026-08-03,01109,Pike County,Alabama,AL,quiet,7.8e-05,2301,41,501+,0.06,0.000585,1731,28,501+,0.15,0.012858,0.037915,0,0,0,,0.9665,2024-25
2026-07-27,2026-08-03,13257,Stephens County,Georgia,GA,quiet,7.8e-05,2302,90,501+,0.06,0.000256,2573,108,501+,0.06,0.01284,0.015091,0,0,0,,,
2026-07-27,2026-08-03,17137,Morgan County,Illinois,IL,quiet,7.8e-05,2303,61,501+,0.06,0.000352,2251,63,501+,0.09,0.012772,0.021613,0,0,0,,0.978,2024-25
2026-07-27,2026-08-03,29069,Dunklin County,Missouri,MO,quiet,7.8e-05,2304,80,501+,0.06,0.000265,2542,102,501+,0.07,0.012766,0.015737,0,0,0,,0.961,2024-25
2026-07-27,2026-08-03,17157,Randolph County,Illinois,IL,quiet,7.8e-05,2305,62,501+,0.06,0.000452,1996,45,501+,0.11,0.012763,0.028571,0,0,0,,0.968,2024-25
2026-07-27,2026-08-03,48131,Duval County,Texas,TX,quiet,7.8e-05,2306,220,501+,0.06,0.000552,1791,191,501+,0.14,0.012753,0.035561,0,0,0,,0.967742,2024-25
2026-07-27,2026-08-03,05117,Prairie County,Arkansas,AR,quiet,7.8e-05,2307,42,501+,0.06,0.000174,2832,64,501+,0.04,0.01275,0.00981,0,0,0,,,
2026-07-27,2026-08-03,40075,Kiowa County,Oklahoma,OK,quiet,7.8e-05,2308,69,501+,0.06,0.00032,2348,68,501+,0.08,0.012747,0.019412,0,0,0,,0.9277,2024-25
2026-07-27,2026-08-03,13011,Banks County,Georgia,GA,quiet,7.8e-05,2309,91,501+,0.06,0.000707,1555,41,501+,0.18,0.012731,0.046673,0,0,0,,,
2026-07-27,2026-08-03,26101,Manistee County,Michigan,MI,quiet,7.8e-05,2310,62,501+,0.06,0.000448,2004,59,501+,0.11,0.012721,0.028285,0,0,0,,0.85755814,2024-25
2026-07-27,2026-08-03,19007,Appanoose County,Iowa,IA,quiet,7.7e-05,2311,62,501+,0.06,0.000332,2307,65,501+,0.08,0.012684,0.020227,0,0,0,,0.83333333,2024-25
2026-07-27,2026-08-03,29125,Maries County,Missouri,MO,quiet,7.7e-05,2312,81,501+,0.06,0.000343,2276,83,501+,0.09,0.012676,0.020987,0,0,0,,0.899,2024-25
2026-07-27,2026-08-03,21035,Calloway County,Kentucky,KY,quiet,7.7e-05,2313,47,501+,0.06,0.000437,2025,34,501+,0.11,0.012674,0.027518,0,0,0,,0.961,2024-25
2026-07-27,2026-08-03,20207,Woodson County,Kansas,KS,quiet,7.7e-05,2314,85,501+,0.06,0.000674,1606,37,501+,0.17,0.012652,0.04427,0,0,0,,0.9571,2024-25
2026-07-27,2026-08-03,45039,Fairfield County,South Carolina,SC,quiet,7.7e-05,2315,41,501+,0.06,0.000573,1752,37,501+,0.14,0.012645,0.037114,0,0,0,,0.894,2024-25
2026-07-27,2026-08-03,51620,Franklin City,Virginia,VA,quiet,7.7e-05,2316,77,501+,0.06,0.000144,2942,122,501+,0.04,0.01263,0.00789,0,0,0,,0.759,2024-25
2026-07-27,2026-08-03,47181,Wayne County,Tennessee,TN,quiet,7.7e-05,2317,63,501+,0.06,0.000353,2241,65,501+,0.09,0.012619,0.0217,0,0,0,,0.928,2024-25
2026-07-27,2026-08-03,26035,Clare County,Michigan,MI,quiet,7.7e-05,2318,63,501+,0.06,0.000288,2467,67,501+,0.07,0.012604,0.017227,0,0,0,,0.89666667,2024-25
2026-07-27,2026-08-03,20183,Smith County,Kansas,KS,quiet,7.7e-05,2319,86,501+,0.06,0.000232,2641,94,501+,0.06,0.012599,0.013536,0,0,0,,0.8289,2024-25
2026-07-27,2026-08-03,39033,Crawford County,Ohio,OH,quiet,7.7e-05,2320,72,501+,0.06,0.000424,2048,69,501+,0.11,0.012575,0.026549,0,0,0,,0.92,2024-25
2026-07-27,2026-08-03,13071,Colquitt County,Georgia,GA,quiet,7.7e-05,2321,92,501+,0.06,0.000258,2562,106,501+,0.06,0.012573,0.015258,0,0,0,,,
2026-07-27,2026-08-03,29033,Carroll County,Missouri,MO,quiet,7.7e-05,2322,82,501+,0.06,0.000224,2669,105,501+,0.06,0.012571,0.013006,0,0,0,,0.946,2024-25
2026-07-27,2026-08-03,27093,Meeker County,Minnesota,MN,quiet,7.7e-05,2323,75,501+,0.06,0.000325,2330,81,501+,0.08,0.012568,0.019779,0,0,0,,0.833,2024-25
2026-07-27,2026-08-03,13231,Pike County,Georgia,GA,quiet,7.7e-05,2324,93,501+,0.06,0.000768,1500,39,501+,0.19,0.012545,0.051035,0,0,0,,,
2026-07-27,2026-08-03,41045,Malheur County,Oregon,OR,quiet,7.7e-05,2325,33,501+,0.06,0.000436,2027,29,501+,0.11,0.012542,0.02742,0,0,0,,0.921,2024-25
2026-07-27,2026-08-03,28129,Smith County,Mississippi,MS,quiet,7.7e-05,2326,38,501+,0.06,0.000366,2206,35,501+,0.09,0.012527,0.022585,0,0,0,,0.9855,2024-25
2026-07-27,2026-08-03,37075,Graham County,North Carolina,NC,quiet,7.6e-05,2327,87,501+,0.06,0.000295,2440,89,501+,0.07,0.012522,0.017724,0,0,0,,0.93589744,2024-25
2026-07-27,2026-08-03,13003,Atkinson County,Georgia,GA,quiet,7.6e-05,2328,94,501+,0.06,0.000344,2272,83,501+,0.09,0.012496,0.021084,0,0,0,,,
2026-07-27,2026-08-03,17155,Putnam County,Illinois,IL,quiet,7.6e-05,2329,63,501+,0.06,0.000313,2373,69,501+,0.08,0.012493,0.018925,0,0,0,,0.973,2024-25
2026-07-27,2026-08-03,28137,Tate County,Mississippi,MS,quiet,7.6e-05,2330,39,501+,0.06,0.000201,2754,57,501+,0.05,0.012488,0.011524,0,0,0,,0.9598,2024-25
2026-07-27,2026-08-03,28067,Jones County,Mississippi,MS,quiet,7.6e-05,2331,40,501+,0.06,0.000638,1654,15,501+,0.16,0.01248,0.041758,0,0,0,,0.9667,2024-25
2026-07-27,2026-08-03,38011,Bowman County,North Dakota,ND,quiet,7.6e-05,2332,36,501+,0.06,0.000378,2176,34,501+,0.09,0.012478,0.023375,0,0,0,,0.8936,2024-25
2026-07-27,2026-08-03,48207,Haskell County,Texas,TX,quiet,7.6e-05,2333,221,501+,0.06,0.000274,2507,225,501+,0.07,0.012472,0.016322,0,0,0,,0.9375,2024-25
2026-07-27,2026-08-03,17149,Pike County,Illinois,IL,quiet,7.6e-05,2334,64,501+,0.06,0.00036,2223,62,501+,0.09,0.01246,0.022176,0,0,0,,0.924,2024-25
2026-07-27,2026-08-03,21085,Grayson County,Kentucky,KY,quiet,7.6e-05,2335,48,501+,0.06,0.000276,2500,52,501+,0.07,0.012456,0.016483,0,0,0,,0.968,2024-25
2026-07-27,2026-08-03,18103,Miami County,Indiana,IN,quiet,7.6e-05,2336,64,501+,0.06,0.000379,2167,63,501+,0.1,0.012446,0.023493,0,0,0,,0.8327,2024-25
2026-07-27,2026-08-03,27125,Red Lake County,Minnesota,MN,quiet,7.6e-05,2337,76,501+,0.06,0.000486,1914,66,501+,0.12,0.012439,0.030916,0,0,0,,0.915,2024-25
2026-07-27,2026-08-03,51735,Poquoson City,Virginia,VA,quiet,7.6e-05,2338,78,501+,0.06,0.000274,2508,95,501+,0.07,0.012399,0.01632,0,0,0,,0.777,2022-23
2026-07-27,2026-08-03,30105,Valley County,Montana,MT,quiet,7.6e-05,2339,39,501+,0.06,0.000271,2521,40,501+,0.07,0.012385,0.016147,0,0,0,,,
2026-07-27,2026-08-03,27101,Murray County,Minnesota,MN,quiet,7.6e-05,2340,77,501+,0.06,0.000389,2144,75,501+,0.1,0.012369,0.024147,0,0,0,,0.924,2024-25
2026-07-27,2026-08-03,41015,Curry County,Oregon,OR,quiet,7.6e-05,2341,34,501+,0.06,0.000246,2609,33,501+,0.06,0.012366,0.014465,0,0,0,,0.878,2024-25
2026-07-27,2026-08-03,47079,Henry County,Tennessee,TN,quiet,7.6e-05,2342,64,501+,0.06,0.000391,2138,60,501+,0.1,0.012366,0.024323,0,0,0,,0.94,2024-25
2026-07-27,2026-08-03,54063,Monroe County,West Virginia,WV,quiet,7.5e-05,2343,21,501+,0.06,0.00023,2649,28,501+,0.06,0.012332,0.013392,0,0,0,,,
2026-07-27,2026-08-03,46097,Miner County,South Dakota,SD,quiet,7.5e-05,2344,55,501+,0.06,0.000305,2406,50,501+,0.08,0.012309,0.018403,0,0,0,,0.87,2024-25
2026-07-27,2026-08-03,39037,Darke County,Ohio,OH,quiet,7.5e-05,2345,73,501+,0.06,0.000688,1591,62,501+,0.17,0.012305,0.04531,0,0,0,,0.925,2024-25
2026-07-27,2026-08-03,39073,Hocking County,Ohio,OH,quiet,7.5e-05,2346,74,501+,0.06,0.000289,2460,79,501+,0.07,0.012301,0.017321,0,0,0,,0.915,2024-25
2026-07-27,2026-08-03,40033,Cotton County,Oklahoma,OK,quiet,7.5e-05,2347,70,501+,0.06,0.000182,2815,77,501+,0.05,0.012278,0.010263,0,0,0,,0.873,2024-25
2026-07-27,2026-08-03,08095,Phillips County,Colorado,CO,quiet,7.5e-05,2348,51,501+,0.06,0.000182,2813,56,501+,0.05,0.012259,0.010292,0,0,0,,0.9804,2024-25
2026-07-27,2026-08-03,01047,Dallas County,Alabama,AL,quiet,7.5e-05,2349,42,501+,0.06,0.000357,2234,40,501+,0.09,0.012254,0.021971,0,0,0,,0.9474,2024-25
2026-07-27,2026-08-03,37165,Scotland County,North Carolina,NC,quiet,7.5e-05,2350,88,501+,0.06,0.000321,2346,87,501+,0.08,0.012254,0.019462,0,0,0,,0.89318182,2024-25
2026-07-27,2026-08-03,13235,Pulaski County,Georgia,GA,quiet,7.5e-05,2351,95,501+,0.06,0.000165,2865,133,501+,0.04,0.01225,0.009228,0,0,0,,,
2026-07-27,2026-08-03,47029,Cocke County,Tennessee,TN,quiet,7.5e-05,2352,65,501+,0.06,0.00034,2287,67,501+,0.09,0.012245,0.020806,0,0,0,,0.945,2024-25
2026-07-27,2026-08-03,39125,Paulding County,Ohio,OH,quiet,7.5e-05,2353,75,501+,0.06,0.000573,1756,65,501+,0.14,0.012233,0.037051,0,0,0,,0.895,2024-25
2026-07-27,2026-08-03,38047,Logan County,North Dakota,ND,quiet,7.5e-05,2354,37,501+,0.06,0.000169,2854,48,501+,0.04,0.012231,0.009444,0,0,0,,0.7,2024-25
2026-07-27,2026-08-03,19159,Ringgold County,Iowa,IA,quiet,7.5e-05,2355,63,501+,0.06,0.00016,2884,98,501+,0.04,0.012217,0.008888,0,0,0,,0.98275862,2024-25
2026-07-27,2026-08-03,12027,DeSoto County,Florida,FL,quiet,7.5e-05,2356,63,501+,0.06,0.000306,2404,61,501+,0.08,0.01221,0.018446,0,0,0,,0.911,2024-25
2026-07-27,2026-08-03,13027,Brooks County,Georgia,GA,quiet,7.5e-05,2357,96,501+,0.06,0.000344,2274,84,501+,0.09,0.012209,0.021038,0,0,0,,,
2026-07-27,2026-08-03,29079,Grundy County,Missouri,MO,quiet,7.5e-05,2358,83,501+,0.06,0.000324,2335,87,501+,0.08,0.012203,0.019704,0,0,0,,0.91,2024-25
2026-07-27,2026-08-03,54031,Hardy County,West Virginia,WV,quiet,7.5e-05,2359,22,501+,0.06,0.000343,2277,22,501+,0.09,0.012199,0.020972,0,0,0,,,
2026-07-27,2026-08-03,29163,Pike County,Missouri,MO,quiet,7.5e-05,2360,84,501+,0.06,0.000408,2101,78,501+,0.1,0.012185,0.025451,0,0,0,,0.942,2024-25
2026-07-27,2026-08-03,13145,Harris County,Georgia,GA,quiet,7.4e-05,2361,97,501+,0.06,0.000611,1690,48,501+,0.15,0.012177,0.039823,0,0,0,,,
2026-07-27,2026-08-03,02050,Bethel Census Area,Alaska,AK,quiet,7.4e-05,2362,19,501+,0.06,0.00041,2091,15,501+,0.1,0.012149,0.02562,0,0,0,,,
2026-07-27,2026-08-03,27031,Cook County,Minnesota,MN,quiet,7.4e-05,2363,78,501+,0.06,0.000163,2870,87,501+,0.04,0.012148,0.009104,0,0,0,,0.719,2024-25
2026-07-27,2026-08-03,38001,Adams County,North Dakota,ND,quiet,7.4e-05,2364,38,501+,0.06,0.000259,2559,40,501+,0.07,0.012127,0.015321,0,0,0,,0.875,2024-25
2026-07-27,2026-08-03,13161,Jeff Davis County,Georgia,GA,quiet,7.4e-05,2365,98,501+,0.06,0.000362,2216,78,501+,0.09,0.012121,0.022292,0,0,0,,,
2026-07-27,2026-08-03,18143,Scott County,Indiana,IN,quiet,7.4e-05,2366,65,501+,0.06,0.000152,2908,89,501+,0.04,0.012108,0.008382,0,0,0,,0.8479,2024-25
2026-07-27,2026-08-03,19043,Clayton County,Iowa,IA,quiet,7.4e-05,2367,64,501+,0.06,0.000255,2578,79,501+,0.06,0.012102,0.015056,0,0,0,,0.81451613,2024-25
2026-07-27,2026-08-03,05017,Chicot County,Arkansas,AR,quiet,7.4e-05,2368,43,501+,0.06,0.000203,2749,57,501+,0.05,0.012094,0.011613,0,0,0,,,
2026-07-27,2026-08-03,02198,Prince of Wales-Hyder Census Area,Alaska,AK,quiet,7.4e-05,2369,20,501+,0.06,0.00027,2526,19,501+,0.07,0.01208,0.016034,0,0,0,,,
2026-07-27,2026-08-03,22085,Sabine Parish,Louisiana,LA,quiet,7.4e-05,2370,44,501+,0.06,0.000284,2482,44,501+,0.07,0.012078,0.017003,0,0,0,,0.9579,2024-25
2026-07-27,2026-08-03,05021,Clay County,Arkansas,AR,quiet,7.4e-05,2371,44,501+,0.06,0.000122,3008,74,501+,0.03,0.012075,0.006561,0,0,0,,,
2026-07-27,2026-08-03,08011,Bent County,Colorado,CO,quiet,7.4e-05,2372,52,501+,0.06,0.000182,2809,55,501+,0.05,0.01207,0.010317,0,0,0,,0.9565,2024-25
2026-07-27,2026-08-03,39031,Coshocton County,Ohio,OH,quiet,7.4e-05,2373,76,501+,0.06,0.00041,2094,72,501+,0.1,0.012066,0.025573,0,0,0,,0.934,2024-25
2026-07-27,2026-08-03,29103,Knox County,Missouri,MO,quiet,7.4e-05,2374,85,501+,0.06,0.000236,2633,103,501+,0.06,0.012061,0.013771,0,0,0,,0.975,2024-25
2026-07-27,2026-08-03,38051,McIntosh County,North Dakota,ND,quiet,7.4e-05,2375,39,501+,0.06,0.000162,2873,49,501+,0.04,0.012057,0.009054,0,0,0,,0.8571,2024-25
2026-07-27,2026-08-03,46009,Bon Homme County,South Dakota,SD,quiet,7.4e-05,2376,56,501+,0.05,0.000229,2653,59,501+,0.06,0.012041,0.013328,0,0,0,,0.86,2024-25
2026-07-27,2026-08-03,19015,Boone County,Iowa,IA,quiet,7.4e-05,2377,65,501+,0.05,0.000556,1778,29,501+,0.14,0.012032,0.035856,0,0,0,,0.93877551,2024-25
2026-07-27,2026-08-03,28005,Amite County,Mississippi,MS,quiet,7.4e-05,2378,41,501+,0.05,0.000352,2250,36,501+,0.09,0.012029,0.021623,0,0,0,,0.9619,2024-25
2026-07-27,2026-08-03,19075,Grundy County,Iowa,IA,quiet,7.3e-05,2379,66,501+,0.05,0.000221,2680,86,501+,0.06,0.01197,0.012835,0,0,0,,0.95348837,2024-25
2026-07-27,2026-08-03,55129,Washburn County,Wisconsin,WI,quiet,7.3e-05,2380,61,501+,0.05,0.000379,2171,62,501+,0.1,0.011966,0.023475,0,0,0,,0.77,2024-25
2026-07-27,2026-08-03,48247,Jim Hogg County,Texas,TX,quiet,7.3e-05,2381,222,501+,0.05,0.000427,2046,203,501+,0.11,0.011965,0.026821,0,0,0,,0.943396,2024-25
2026-07-27,2026-08-03,20065,Graham County,Kansas,KS,quiet,7.3e-05,2382,87,501+,0.05,0.00015,2913,102,501+,0.04,0.011952,0.008278,0,0,0,,0.9788,2024-25
2026-07-27,2026-08-03,51033,Caroline County,Virginia,VA,quiet,7.3e-05,2383,79,501+,0.05,0.000353,2245,78,501+,0.09,0.011928,0.021681,0,0,0,,0.893,2024-25
2026-07-27,2026-08-03,48081,Coke County,Texas,TX,quiet,7.3e-05,2384,223,501+,0.05,0.000247,2607,229,501+,0.06,0.011922,0.014536,0,0,0,,0.911765,2024-25
2026-07-27,2026-08-03,51610,Falls Church City,Virginia,VA,quiet,7.3e-05,2385,80,501+,0.05,0.000973,1313,42,501+,0.24,0.011922,0.065863,0,0,0,,0.961,2024-25
2026-07-27,2026-08-03,47041,DeKalb County,Tennessee,TN,quiet,7.3e-05,2386,66,501+,0.05,0.000332,2304,69,501+,0.08,0.011907,0.020261,0,0,0,,0.925,2024-25
2026-07-27,2026-08-03,13211,Morgan County,Georgia,GA,quiet,7.3e-05,2387,99,501+,0.05,0.000461,1976,64,501+,0.12,0.011886,0.029169,0,0,0,,,
2026-07-27,2026-08-03,22037,East Feliciana Parish,Louisiana,LA,quiet,7.3e-05,2388,45,501+,0.05,0.00031,2381,42,501+,0.08,0.011871,0.018758,0,0,0,,0.93,2024-25
2026-07-27,2026-08-03,51730,Petersburg City,Virginia,VA,quiet,7.3e-05,2389,81,501+,0.05,0.000303,2413,89,501+,0.08,0.011855,0.018277,0,0,0,,0.877,2024-25
2026-07-27,2026-08-03,20013,Brown County,Kansas,KS,quiet,7.3e-05,2390,88,501+,0.05,0.000353,2244,78,501+,0.09,0.011839,0.021685,0,0,0,,0.9828,2024-25
2026-07-27,2026-08-03,17021,Christian County,Illinois,IL,quiet,7.2e-05,2391,65,501+,0.05,0.00045,2000,46,501+,0.11,0.011822,0.028366,0,0,0,,0.947,2024-25
2026-07-27,2026-08-03,13267,Tattnall County,Georgia,GA,quiet,7.2e-05,2392,100,501+,0.05,0.000227,2658,115,501+,0.06,0.011819,0.013237,0,0,0,,,
2026-07-27,2026-08-03,51063,Floyd County,Virginia,VA,quiet,7.2e-05,2393,82,501+,0.05,0.000419,2066,73,501+,0.11,0.011815,0.026232,0,0,0,,0.873,2024-25
2026-07-27,2026-08-03,39161,Van Wert County,Ohio,OH,quiet,7.2e-05,2394,77,501+,0.05,0.000308,2392,78,501+,0.08,0.011803,0.018612,0,0,0,,0.786,2024-25
2026-07-27,2026-08-03,28161,Yalobusha County,Mississippi,MS,quiet,7.2e-05,2395,42,501+,0.05,0.000369,2199,34,501+,0.09,0.011801,0.022779,0,0,0,,0.963,2024-25
2026-07-27,2026-08-03,28159,Winston County,Mississippi,MS,quiet,7.2e-05,2396,43,501+,0.05,0.000478,1936,24,501+,0.12,0.011795,0.030327,0,0,0,,0.9643,2024-25
2026-07-27,2026-08-03,13269,Taylor County,Georgia,GA,quiet,7.2e-05,2397,101,501+,0.05,0.000133,2978,149,501+,0.03,0.011769,0.007212,0,0,0,,,
2026-07-27,2026-08-03,21233,Webster County,Kentucky,KY,quiet,7.2e-05,2398,49,501+,0.05,0.000256,2569,55,501+,0.06,0.011766,0.015127,0,0,0,,0.934,2024-25
2026-07-27,2026-08-03,47129,Morgan County,Tennessee,TN,quiet,7.2e-05,2399,67,501+,0.05,0.000556,1777,45,501+,0.14,0.011748,0.035874,0,0,0,,0.971,2024-25
2026-07-27,2026-08-03,21025,Breathitt County,Kentucky,KY,quiet,7.2e-05,2400,50,501+,0.05,0.000131,2982,94,501+,0.03,0.011743,0.007106,0,0,0,,0.943,2024-25
2026-07-27,2026-08-03,19009,Audubon County,Iowa,IA,quiet,7.2e-05,2401,67,501+,0.05,0.000205,2738,92,501+,0.05,0.011734,0.011779,0,0,0,,0.83116883,2024-25
2026-07-27,2026-08-03,13275,Thomas County,Georgia,GA,quiet,7.2e-05,2402,102,501+,0.05,0.00033,2317,88,501+,0.08,0.011706,0.020067,0,0,0,,,
2026-07-27,2026-08-03,19097,Jackson County,Iowa,IA,quiet,7.2e-05,2403,68,501+,0.05,0.00033,2315,67,501+,0.08,0.011669,0.020113,0,0,0,,0.87804878,2024-25
2026-07-27,2026-08-03,22081,Red River Parish,Louisiana,LA,quiet,7.1e-05,2404,46,501+,0.05,0.000174,2834,57,501+,0.04,0.011638,0.009776,0,0,0,,0.9796,2024-25
2026-07-27,2026-08-03,20181,Sherman County,Kansas,KS,quiet,7.1e-05,2405,89,501+,0.05,0.000466,1963,67,501+,0.12,0.011631,0.029525,0,0,0,,0.9265,2024-25
2026-07-27,2026-08-03,20017,Chase County,Kansas,KS,quiet,7.1e-05,2406,90,501+,0.05,0.000377,2179,76,501+,0.09,0.011629,0.023316,0,0,0,,0.9132,2024-25
2026-07-27,2026-08-03,31029,Chase County,Nebraska,NE,quiet,7.1e-05,2407,60,501+,0.05,0.00042,2060,42,501+,0.11,0.011626,0.026303,0,0,0,,0.94,2024-25
2026-07-27,2026-08-03,39111,Monroe County,Ohio,OH,quiet,7.1e-05,2408,78,501+,0.05,0.000255,2576,80,501+,0.06,0.011589,0.015075,0,0,0,,0.975,2024-25
2026-07-27,2026-08-03,48063,Camp County,Texas,TX,quiet,7.1e-05,2409,224,501+,0.05,0.000421,2058,205,501+,0.11,0.011544,0.026384,0,0,0,,0.931973,2024-25
2026-07-27,2026-08-03,29035,Carter County,Missouri,MO,quiet,7.1e-05,2410,86,501+,0.05,0.000479,1929,65,501+,0.12,0.011541,0.030465,0,0,0,,0.859,2024-25
2026-07-27,2026-08-03,47143,Rhea County,Tennessee,TN,quiet,7.1e-05,2411,68,501+,0.05,0.000259,2557,76,501+,0.07,0.011538,0.015346,0,0,0,,0.957,2024-25
2026-07-27,2026-08-03,17185,Wabash County,Illinois,IL,quiet,7.1e-05,2412,66,501+,0.05,0.000166,2861,92,501+,0.04,0.011535,0.009297,0,0,0,,0.985,2024-25
2026-07-27,2026-08-03,01029,Cleburne County,Alabama,AL,quiet,7.1e-05,2413,43,501+,0.05,0.000591,1719,27,501+,0.15,0.011528,0.038346,0,0,0,,0.9144,2024-25
2026-07-27,2026-08-03,47055,Giles County,Tennessee,TN,quiet,7.1e-05,2414,69,501+,0.05,0.000355,2238,64,501+,0.09,0.011513,0.021786,0,0,0,,0.933,2024-25
2026-07-27,2026-08-03,29041,Chariton County,Missouri,MO,quiet,7.1e-05,2415,87,501+,0.05,0.000468,1959,68,501+,0.12,0.011497,0.029671,0,0,0,,0.942,2024-25
2026-07-27,2026-08-03,50009,Essex County,Vermont,VT,quiet,7e-05,2416,13,501+,0.05,0.000206,2734,14,501+,0.05,0.011483,0.011814,0,0,0,,,
2026-07-27,2026-08-03,13059,Clarke County,Georgia,GA,quiet,7e-05,2417,103,501+,0.05,0.000286,2473,102,501+,0.07,0.01148,0.017142,0,0,0,,,
2026-07-27,2026-08-03,31125,Nance County,Nebraska,NE,quiet,7e-05,2418,61,501+,0.05,0.000318,2355,56,501+,0.08,0.011477,0.019307,0,0,0,,0.955223881,2024-25
2026-07-27,2026-08-03,19063,Emmet County,Iowa,IA,quiet,7e-05,2419,69,501+,0.05,0.000307,2395,72,501+,0.08,0.011459,0.018543,0,0,0,,0.86585366,2024-25
2026-07-27,2026-08-03,21109,Jackson County,Kentucky,KY,quiet,7e-05,2420,51,501+,0.05,0.000159,2887,80,501+,0.04,0.011448,0.008848,0,0,0,,0.97887324,2024-25
2026-07-27,2026-08-03,51071,Giles County,Virginia,VA,quiet,7e-05,2421,83,501+,0.05,0.000224,2668,102,501+,0.06,0.011445,0.013016,0,0,0,,0.876,2024-25
2026-07-27,2026-08-03,19031,Cedar County,Iowa,IA,quiet,7e-05,2422,70,501+,0.05,0.000325,2333,68,501+,0.08,0.011434,0.019734,0,0,0,,0.92964824,2024-25
2026-07-27,2026-08-03,01005,Barbour County,Alabama,AL,quiet,7e-05,2423,44,501+,0.05,0.000298,2429,48,501+,0.07,0.011419,0.017946,0,0,0,,0.9833,2024-25
2026-07-27,2026-08-03,05023,Cleburne County,Arkansas,AR,quiet,7e-05,2424,45,501+,0.05,0.000262,2549,44,501+,0.07,0.0114,0.015531,0,0,0,,,
2026-07-27,2026-08-03,05083,Logan County,Arkansas,AR,quiet,7e-05,2425,46,501+,0.05,0.000398,2119,26,501+,0.1,0.011377,0.024797,0,0,0,,,
2026-07-27,2026-08-03,31049,Deuel County,Nebraska,NE,quiet,7e-05,2426,62,501+,0.05,0.000191,2782,80,501+,0.05,0.01137,0.010863,0,0,0,,0.857142857,2024-25
2026-07-27,2026-08-03,31031,Cherry County,Nebraska,NE,quiet,7e-05,2427,63,501+,0.05,0.000237,2626,77,501+,0.06,0.011354,0.013883,0,0,0,,0.898550725,2024-25
2026-07-27,2026-08-03,48033,Borden County,Texas,TX,quiet,7e-05,2428,225,501+,0.05,0.000414,2079,209,501+,0.1,0.011335,0.025862,0,0,1,68,0.882353,2024-25
2026-07-27,2026-08-03,28003,Alcorn County,Mississippi,MS,quiet,7e-05,2429,44,501+,0.05,0.000189,2789,59,501+,0.05,0.011334,0.010709,0,0,0,,0.9864,2024-25
2026-07-27,2026-08-03,48507,Zavala County,Texas,TX,quiet,7e-05,2430,226,501+,0.05,0.000112,3033,241,501+,0.03,0.011332,0.005965,0,0,0,,1.0,2024-25
2026-07-27,2026-08-03,47115,Marion County,Tennessee,TN,quiet,6.9e-05,2431,70,501+,0.05,0.000276,2502,74,501+,0.07,0.011324,0.016449,0,0,0,,0.953,2024-25
2026-07-27,2026-08-03,51057,Essex County,Virginia,VA,quiet,6.9e-05,2432,84,501+,0.05,0.000324,2338,84,501+,0.08,0.011304,0.019666,0,0,0,,0.87,2024-25
2026-07-27,2026-08-03,53055,San Juan County,Washington,WA,quiet,6.9e-05,2433,37,501+,0.05,0.000271,2523,37,501+,0.07,0.011301,0.016113,0,0,0,,0.888,2024-25
2026-07-27,2026-08-03,27097,Morrison County,Minnesota,MN,quiet,6.9e-05,2434,79,501+,0.05,0.000486,1912,65,501+,0.12,0.011292,0.030936,0,0,0,,0.897,2024-25
2026-07-27,2026-08-03,40067,Jefferson County,Oklahoma,OK,quiet,6.9e-05,2435,71,501+,0.05,0.000447,2008,54,501+,0.11,0.011286,0.028186,0,0,0,,0.8462,2024-25
2026-07-27,2026-08-03,21005,Anderson County,Kentucky,KY,quiet,6.9e-05,2436,52,501+,0.05,0.000362,2214,42,501+,0.09,0.011277,0.022321,0,0,0,,0.852,2024-25
2026-07-27,2026-08-03,13261,Sumter County,Georgia,GA,quiet,6.9e-05,2437,104,501+,0.05,0.000133,2975,148,501+,0.03,0.011275,0.007227,0,0,0,,,
2026-07-27,2026-08-03,01011,Bullock County,Alabama,AL,quiet,6.9e-05,2438,45,501+,0.05,0.000186,2797,60,501+,0.05,0.011274,0.010568,0,0,0,,0.9487,2024-25
2026-07-27,2026-08-03,51155,Pulaski County,Virginia,VA,quiet,6.9e-05,2439,85,501+,0.05,0.00042,2059,72,501+,0.11,0.011267,0.026323,0,0,0,,0.933,2024-25
2026-07-27,2026-08-03,31077,Greeley County,Nebraska,NE,quiet,6.9e-05,2440,64,501+,0.05,0.000289,2455,62,501+,0.07,0.011265,0.017335,0,0,0,,0.891891892,2024-25
2026-07-27,2026-08-03,19129,Mills County,Iowa,IA,quiet,6.9e-05,2441,71,501+,0.05,0.000291,2450,75,501+,0.07,0.011251,0.017453,0,0,0,,0.88023952,2024-25
2026-07-27,2026-08-03,05095,Monroe County,Arkansas,AR,quiet,6.9e-05,2442,47,501+,0.05,0.000211,2715,54,501+,0.05,0.011249,0.012184,0,0,0,,,
2026-07-27,2026-08-03,05099,Nevada County,Arkansas,AR,quiet,6.9e-05,2443,48,501+,0.05,0.000196,2770,59,501+,0.05,0.011242,0.011177,0,0,0,,,
2026-07-27,2026-08-03,17059,Gallatin County,Illinois,IL,quiet,6.9e-05,2444,67,501+,0.05,0.000117,3025,99,501+,0.03,0.011242,0.006261,0,0,0,,0.979,2024-25
2026-07-27,2026-08-03,48385,Real County,Texas,TX,quiet,6.9e-05,2445,227,501+,0.05,0.00036,2225,217,501+,0.09,0.01124,0.022167,0,0,0,,0.944444,2024-25
2026-07-27,2026-08-03,05025,Cleveland County,Arkansas,AR,quiet,6.9e-05,2446,49,501+,0.05,0.000341,2285,28,501+,0.09,0.011227,0.020817,0,0,0,,,
2026-07-27,2026-08-03,16023,Butte County,Idaho,ID,quiet,6.9e-05,2447,44,501+,0.05,0.000482,1925,42,501+,0.12,0.011223,0.030608,0,0,0,,0.75,2024-25
2026-07-27,2026-08-03,47039,Decatur County,Tennessee,TN,quiet,6.9e-05,2448,71,501+,0.05,0.00037,2197,63,501+,0.09,0.011213,0.022841,0,0,0,,0.881,2024-25
2026-07-27,2026-08-03,21129,Lee County,Kentucky,KY,quiet,6.9e-05,2449,53,501+,0.05,7.8e-05,3107,118,501+,0.02,0.011191,0.003931,0,0,0,,0.908,2024-25
2026-07-27,2026-08-03,05077,Lee County,Arkansas,AR,quiet,6.9e-05,2450,50,501+,0.05,0.000167,2859,67,501+,0.04,0.011187,0.009346,0,0,0,,,
2026-07-27,2026-08-03,27075,Lake County,Minnesota,MN,quiet,6.9e-05,2451,80,501+,0.05,0.000414,2077,71,501+,0.1,0.011181,0.025909,0,0,0,,0.84,2024-25
2026-07-27,2026-08-03,45017,Calhoun County,South Carolina,SC,quiet,6.9e-05,2452,42,501+,0.05,0.000351,2256,41,501+,0.09,0.011178,0.021522,0,0,0,,0.957,2024-25
2026-07-27,2026-08-03,40115,Ottawa County,Oklahoma,OK,quiet,6.9e-05,2453,72,501+,0.05,0.000273,2512,72,501+,0.07,0.011164,0.016275,0,0,0,,0.8612,2024-25
2026-07-27,2026-08-03,19071,Fremont County,Iowa,IA,quiet,6.8e-05,2454,72,501+,0.05,0.000173,2838,97,501+,0.04,0.011144,0.009701,0,0,0,,0.8,2024-25
2026-07-27,2026-08-03,20109,Logan County,Kansas,KS,quiet,6.8e-05,2455,91,501+,0.05,0.000274,2509,87,501+,0.07,0.011142,0.016298,0,0,0,,0.8257,2024-25
2026-07-27,2026-08-03,31159,Seward County,Nebraska,NE,quiet,6.8e-05,2456,65,501+,0.05,0.000413,2085,43,501+,0.1,0.011134,0.025789,0,0,0,,0.970149254,2024-25
2026-07-27,2026-08-03,21039,Carlisle County,Kentucky,KY,quiet,6.8e-05,2457,54,501+,0.05,0.000274,2506,54,501+,0.07,0.011128,0.016341,0,0,0,,0.865,2024-25
2026-07-27,2026-08-03,55065,Lafayette County,Wisconsin,WI,quiet,6.8e-05,2458,62,501+,0.05,0.000442,2016,55,501+,0.11,0.011121,0.027826,0,0,0,,0.87,2024-25
2026-07-27,2026-08-03,28125,Sharkey County,Mississippi,MS,quiet,6.8e-05,2459,45,501+,0.05,0.000148,2925,67,501+,0.04,0.01112,0.008158,0,0,0,,1.0,2024-25
2026-07-27,2026-08-03,21083,Graves County,Kentucky,KY,quiet,6.8e-05,2460,55,501+,0.05,0.000411,2090,35,501+,0.1,0.011112,0.025654,0,0,0,,0.914,2024-25
2026-07-27,2026-08-03,13075,Cook County,Georgia,GA,quiet,6.8e-05,2461,105,501+,0.05,0.000254,2581,109,501+,0.06,0.011085,0.014994,0,0,0,,,
2026-07-27,2026-08-03,29119,McDonald County,Missouri,MO,quiet,6.8e-05,2462,88,501+,0.05,0.000312,2378,89,501+,0.08,0.01108,0.018887,0,0,0,,0.91,2024-25
2026-07-27,2026-08-03,56011,Crook County,Wyoming,WY,quiet,6.8e-05,2463,23,501+,0.05,0.000251,2590,23,501+,0.06,0.011076,0.014797,0,0,0,,0.91,2022-23
2026-07-27,2026-08-03,20063,Gove County,Kansas,KS,quiet,6.8e-05,2464,92,501+,0.05,0.000315,2366,84,501+,0.08,0.011075,0.019057,0,0,0,,0.8037,2024-25
2026-07-27,2026-08-03,22061,Lincoln Parish,Louisiana,LA,quiet,6.8e-05,2465,47,501+,0.05,0.000545,1815,31,501+,0.14,0.011072,0.035079,0,0,0,,0.9378,2024-25
2026-07-27,2026-08-03,55125,Vilas County,Wisconsin,WI,quiet,6.8e-05,2466,63,501+,0.05,0.00044,2020,56,501+,0.11,0.011061,0.027723,0,0,0,,0.78,2024-25
2026-07-27,2026-08-03,31183,Wheeler County,Nebraska,NE,quiet,6.8e-05,2467,66,501+,0.05,0.000125,2997,85,501+,0.03,0.01106,0.006749,0,0,0,,0.9375,2024-25
2026-07-27,2026-08-03,47091,Johnson County,Tennessee,TN,quiet,6.8e-05,2468,72,501+,0.05,0.000214,2709,82,501+,0.05,0.011054,0.012335,0,0,0,,0.884,2024-25
2026-07-27,2026-08-03,13069,Coffee County,Georgia,GA,quiet,6.8e-05,2469,106,501+,0.05,0.000205,2736,124,501+,0.05,0.011046,0.011797,0,0,0,,,
2026-07-27,2026-08-03,17085,Jo Daviess County,Illinois,IL,quiet,6.8e-05,2470,68,501+,0.05,0.000298,2431,74,501+,0.07,0.011018,0.017915,0,0,0,,0.962,2024-25
2026-07-27,2026-08-03,28051,Holmes County,Mississippi,MS,quiet,6.7e-05,2471,46,501+,0.05,0.000265,2544,46,501+,0.07,0.01098,0.01571,0,0,0,,0.9771,2024-25
2026-07-27,2026-08-03,51035,Carroll County,Virginia,VA,quiet,6.7e-05,2472,86,501+,0.05,0.000176,2828,113,501+,0.04,0.01098,0.009882,0,0,0,,0.94,2024-25
2026-07-27,2026-08-03,18181,White County,Indiana,IN,quiet,6.7e-05,2473,66,501+,0.05,0.0004,2116,58,501+,0.1,0.010978,0.024884,0,0,0,,0.9655,2024-25
2026-07-27,2026-08-03,17175,Stark County,Illinois,IL,quiet,6.7e-05,2474,69,501+,0.05,0.000202,2752,85,501+,0.05,0.010975,0.011559,0,0,0,,0.981,2024-25
2026-07-27,2026-08-03,01017,Chambers County,Alabama,AL,quiet,6.7e-05,2475,46,501+,0.05,0.000386,2149,36,501+,0.1,0.010958,0.023945,0,0,0,,0.9705,2024-25
2026-07-27,2026-08-03,19197,Wright County,Iowa,IA,quiet,6.7e-05,2476,73,501+,0.05,0.000232,2643,83,501+,0.06,0.010954,0.013511,0,0,0,,0.94117647,2024-25
2026-07-27,2026-08-03,22007,Assumption Parish,Louisiana,LA,quiet,6.7e-05,2477,48,501+,0.05,0.000235,2637,48,501+,0.06,0.010953,0.013714,0,0,0,,0.9602,2024-25
2026-07-27,2026-08-03,13241,Rabun County,Georgia,GA,quiet,6.7e-05,2478,107,501+,0.05,0.000315,2364,94,501+,0.08,0.010943,0.019105,0,0,0,,,
2026-07-27,2026-08-03,17039,De Witt County,Illinois,IL,quiet,6.7e-05,2479,70,501+,0.05,0.000174,2833,91,501+,0.04,0.010938,0.009776,0,0,0,,0.978,2024-25
2026-07-27,2026-08-03,31023,Butler County,Nebraska,NE,quiet,6.7e-05,2480,67,501+,0.05,0.000616,1683,22,501+,0.15,0.010938,0.040158,0,0,0,,0.93442623,2024-25
2026-07-27,2026-08-03,17033,Crawford County,Illinois,IL,quiet,6.7e-05,2481,71,501+,0.05,0.000426,2047,50,501+,0.11,0.01093,0.026744,0,0,0,,0.976,2024-25
2026-07-27,2026-08-03,05071,Johnson County,Arkansas,AR,quiet,6.7e-05,2482,51,501+,0.05,0.000283,2485,38,501+,0.07,0.010919,0.016923,0,0,0,,,
2026-07-27,2026-08-03,29107,Lafayette County,Missouri,MO,quiet,6.7e-05,2483,89,501+,0.05,0.000557,1774,57,501+,0.14,0.010917,0.035967,0,0,0,,0.857,2024-25
2026-07-27,2026-08-03,47067,Hancock County,Tennessee,TN,quiet,6.7e-05,2484,73,501+,0.05,0.000327,2326,70,501+,0.08,0.010914,0.019929,0,0,0,,0.797,2024-25
2026-07-27,2026-08-03,13133,Greene County,Georgia,GA,quiet,6.7e-05,2485,108,501+,0.05,0.000416,2073,71,501+,0.1,0.010903,0.026041,0,0,0,,,
2026-07-27,2026-08-03,13301,Warren County,Georgia,GA,quiet,6.7e-05,2486,109,501+,0.05,0.000266,2536,105,501+,0.07,0.010894,0.015816,0,0,0,,,
2026-07-27,2026-08-03,28063,Jefferson County,Mississippi,MS,quiet,6.7e-05,2487,47,501+,0.05,0.000218,2688,54,501+,0.05,0.010882,0.012646,0,0,0,,1.0,2024-25
2026-07-27,2026-08-03,40095,Marshall County,Oklahoma,OK,quiet,6.7e-05,2488,73,501+,0.05,0.0002,2761,76,501+,0.05,0.010838,0.011438,0,0,0,,0.9161,2024-25
2026-07-27,2026-08-03,20143,Ottawa County,Kansas,KS,quiet,6.7e-05,2489,93,501+,0.05,0.000269,2528,88,501+,0.07,0.010828,0.015998,0,0,0,,0.9183,2024-25
2026-07-27,2026-08-03,12123,Taylor County,Florida,FL,quiet,6.6e-05,2490,64,501+,0.05,0.000197,2767,67,501+,0.05,0.010812,0.011236,0,0,0,,0.971,2024-25
2026-07-27,2026-08-03,48413,Schleicher County,Texas,TX,quiet,6.6e-05,2491,228,501+,0.05,0.000185,2803,237,501+,0.05,0.010808,0.010457,0,0,0,,1.0,2024-25
2026-07-27,2026-08-03,26137,Otsego County,Michigan,MI,quiet,6.6e-05,2492,64,501+,0.05,0.000367,2204,62,501+,0.09,0.010787,0.022651,0,0,0,,0.82954545,2024-25
2026-07-27,2026-08-03,01065,Hale County,Alabama,AL,quiet,6.6e-05,2493,47,501+,0.05,0.000324,2337,44,501+,0.08,0.010781,0.019672,0,0,0,,0.963,2024-25
2026-07-27,2026-08-03,38085,Sioux County,North Dakota,ND,quiet,6.6e-05,2494,40,501+,0.05,0.00036,2227,35,501+,0.09,0.010781,0.022155,0,0,0,,0.875,2024-25
2026-07-27,2026-08-03,08023,Costilla County,Colorado,CO,quiet,6.6e-05,2495,53,501+,0.05,0.000277,2498,50,501+,0.07,0.010771,0.016529,0,0,0,,0.9722,2024-25
2026-07-27,2026-08-03,51037,Charlotte County,Virginia,VA,quiet,6.6e-05,2496,87,501+,0.05,0.000321,2347,87,501+,0.08,0.010767,0.019461,0,0,0,,0.764,2024-25
2026-07-27,2026-08-03,37079,Greene County,North Carolina,NC,quiet,6.6e-05,2497,89,501+,0.05,0.000323,2340,86,501+,0.08,0.010762,0.019621,0,0,0,,0.99502488,2024-25
2026-07-27,2026-08-03,55023,Crawford County,Wisconsin,WI,quiet,6.6e-05,2498,64,501+,0.05,0.000412,2086,59,501+,0.1,0.010749,0.025732,0,0,0,,0.77,2024-25
2026-07-27,2026-08-03,28153,Wayne County,Mississippi,MS,quiet,6.6e-05,2499,48,501+,0.05,0.000171,2845,63,501+,0.04,0.010715,0.009602,0,0,0,,0.9932,2024-25
2026-07-27,2026-08-03,02060,Bristol Bay Borough,Alaska,AK,quiet,6.6e-05,2500,21,501+,0.05,0.000249,2598,21,501+,0.06,0.010698,0.014662,0,0,0,,,
2026-07-27,2026-08-03,21031,Butler County,Kentucky,KY,quiet,6.6e-05,2501,56,501+,0.05,0.000242,2617,57,501+,0.06,0.010675,0.014217,0,0,0,,0.902,2024-25
2026-07-27,2026-08-03,19077,Guthrie County,Iowa,IA,quiet,6.6e-05,2502,74,501+,0.05,0.000414,2078,45,501+,0.1,0.010674,0.025868,0,0,0,,0.8375,2024-25
2026-07-27,2026-08-03,29221,Washington County,Missouri,MO,quiet,6.6e-05,2503,90,501+,0.05,0.000547,1806,58,501+,0.14,0.010661,0.03523,0,0,0,,0.9,2024-25
2026-07-27,2026-08-03,28013,Calhoun County,Mississippi,MS,quiet,6.6e-05,2504,49,501+,0.05,0.000223,2675,52,501+,0.06,0.010657,0.01293,0,0,0,,0.9879,2024-25
2026-07-27,2026-08-03,36097,Schuyler County,New York,NY,quiet,6.5e-05,2505,59,501+,0.05,0.000329,2318,59,501+,0.08,0.010642,0.020049,0,0,0,,0.995266901,2024-25
2026-07-27,2026-08-03,13001,Appling County,Georgia,GA,quiet,6.5e-05,2506,110,501+,0.05,0.000285,2477,103,501+,0.07,0.010632,0.017043,0,0,0,,,
2026-07-27,2026-08-03,13281,Towns County,Georgia,GA,quiet,6.5e-05,2507,111,501+,0.05,0.000214,2708,122,501+,0.05,0.010617,0.012337,0,0,0,,,
2026-07-27,2026-08-03,17079,Jasper County,Illinois,IL,quiet,6.5e-05,2508,72,501+,0.05,0.000254,2580,79,501+,0.06,0.010602,0.015014,0,0,0,,0.967,2024-25
2026-07-27,2026-08-03,20157,Republic County,Kansas,KS,quiet,6.5e-05,2509,94,501+,0.05,0.000222,2678,96,501+,0.06,0.010588,0.012854,0,0,0,,0.8242,2024-25
2026-07-27,2026-08-03,19183,Washington County,Iowa,IA,quiet,6.5e-05,2510,75,501+,0.05,0.000321,2345,69,501+,0.08,0.010585,0.019481,0,0,0,,0.7993311,2024-25
2026-07-27,2026-08-03,21097,Harrison County,Kentucky,KY,quiet,6.5e-05,2511,57,501+,0.05,0.000172,2839,74,501+,0.04,0.010574,0.00967,0,0,0,,0.917,2024-25
2026-07-27,2026-08-03,48267,Kimble County,Texas,TX,quiet,6.5e-05,2512,229,501+,0.05,0.000324,2336,219,501+,0.08,0.010559,0.019695,0,0,0,,0.930233,2024-25
2026-07-27,2026-08-03,28095,Monroe County,Mississippi,MS,quiet,6.5e-05,2513,50,501+,0.05,0.00031,2382,40,501+,0.08,0.010558,0.018734,0,0,0,,0.9863,2024-25
2026-07-27,2026-08-03,23013,Knox County,Maine,ME,quiet,6.5e-05,2514,16,501+,0.05,0.000735,1530,14,501+,0.18,0.010549,0.048655,0,0,0,,0.9527,2024-25
2026-07-27,2026-08-03,05141,Van Buren County,Arkansas,AR,quiet,6.5e-05,2515,52,501+,0.05,0.000279,2495,39,501+,0.07,0.010547,0.016626,0,0,0,,,
2026-07-27,2026-08-03,51159,Richmond County,Virginia,VA,quiet,6.5e-05,2516,88,501+,0.05,0.000213,2712,104,501+,0.05,0.010541,0.01227,0,0,0,,0.908,2024-25
2026-07-27,2026-08-03,13279,Toombs County,Georgia,GA,quiet,6.5e-05,2517,112,501+,0.05,0.00012,3020,154,501+,0.03,0.010532,0.006411,0,0,0,,,
2026-07-27,2026-08-03,20049,Elk County,Kansas,KS,quiet,6.5e-05,2518,95,501+,0.05,0.000432,2032,70,501+,0.11,0.010526,0.027149,0,0,0,,0.8661,2024-25
2026-07-27,2026-08-03,29001,Adair County,Missouri,MO,quiet,6.5e-05,2519,91,501+,0.05,0.000341,2283,84,501+,0.09,0.010524,0.020826,0,0,0,,0.944,2024-25
2026-07-27,2026-08-03,21079,Garrard County,Kentucky,KY,quiet,6.5e-05,2520,58,501+,0.05,0.000297,2433,47,501+,0.07,0.010507,0.017884,0,0,0,,0.852,2024-25
2026-07-27,2026-08-03,13193,Macon County,Georgia,GA,quiet,6.5e-05,2521,113,501+,0.05,0.000175,2830,128,501+,0.04,0.010506,0.009839,0,0,0,,,
2026-07-27,2026-08-03,01007,Bibb County,Alabama,AL,quiet,6.5e-05,2522,48,501+,0.05,0.000279,2494,50,501+,0.07,0.010496,0.016641,0,0,0,,0.9592,2024-25
2026-07-27,2026-08-03,26007,Alpena County,Michigan,MI,quiet,6.5e-05,2523,65,501+,0.05,0.000162,2874,78,501+,0.04,0.010492,0.009023,0,0,0,,0.87943262,2024-25
2026-07-27,2026-08-03,48447,Throckmorton County,Texas,TX,quiet,6.5e-05,2524,230,501+,0.05,0.000171,2843,238,501+,0.04,0.01049,0.009612,0,0,0,,0.928571,2024-25
2026-07-27,2026-08-03,26143,Roscommon County,Michigan,MI,quiet,6.4e-05,2525,66,501+,0.05,0.000215,2702,71,501+,0.05,0.010473,0.012435,0,0,0,,0.89393939,2024-25
2026-07-27,2026-08-03,20011,Bourbon County,Kansas,KS,quiet,6.4e-05,2526,96,501+,0.05,0.000429,2043,71,501+,0.11,0.010459,0.026932,0,0,0,,0.9463,2024-25
2026-07-27,2026-08-03,38027,Eddy County,North Dakota,ND,quiet,6.4e-05,2527,41,501+,0.05,0.000222,2679,44,501+,0.06,0.010448,0.012853,0,0,0,,0.931,2024-25
2026-07-27,2026-08-03,13025,Brantley County,Georgia,GA,quiet,6.4e-05,2528,114,501+,0.05,0.000422,2055,70,501+,0.11,0.010443,0.02644,0,0,0,,,
2026-07-27,2026-08-03,17151,Pope County,Illinois,IL,quiet,6.4e-05,2529,73,501+,0.05,0.000176,2826,90,501+,0.04,0.01044,0.00992,0,0,0,,0.864,2024-25
2026-07-27,2026-08-03,51163,Rockbridge County,Virginia,VA,quiet,6.4e-05,2530,89,501+,0.05,0.000321,2342,85,501+,0.08,0.010437,0.019508,0,0,0,,0.919,2024-25
2026-07-27,2026-08-03,13195,Madison County,Georgia,GA,quiet,6.4e-05,2531,115,501+,0.05,0.000239,2621,113,501+,0.06,0.010435,0.014007,0,0,0,,,
2026-07-27,2026-08-03,17035,Cumberland County,Illinois,IL,quiet,6.4e-05,2532,74,501+,0.05,0.000266,2538,78,501+,0.07,0.010417,0.015791,0,0,0,,0.975,2024-25
2026-07-27,2026-08-03,12077,Liberty County,Florida,FL,quiet,6.4e-05,2533,65,501+,0.05,0.000287,2472,62,501+,0.07,0.010404,0.017163,0,0,0,,0.936,2024-25
2026-07-27,2026-08-03,46055,Haakon County,South Dakota,SD,quiet,6.4e-05,2534,57,501+,0.05,0.000183,2808,62,501+,0.05,0.010399,0.01033,0,0,0,,0.9,2024-25
2026-07-27,2026-08-03,28015,Carroll County,Mississippi,MS,quiet,6.4e-05,2535,51,501+,0.05,0.000135,2971,70,501+,0.03,0.010398,0.007348,0,0,0,,0.9839,2024-25
2026-07-27,2026-08-03,18073,Jasper County,Indiana,IN,quiet,6.3e-05,2536,67,501+,0.05,0.000262,2550,81,501+,0.07,0.010299,0.015528,0,0,0,,0.8437,2024-25
2026-07-27,2026-08-03,01025,Clarke County,Alabama,AL,quiet,6.3e-05,2537,49,501+,0.05,0.000278,2496,51,501+,0.07,0.010292,0.016608,0,0,0,,0.9478,2024-25
2026-07-27,2026-08-03,13109,Evans County,Georgia,GA,quiet,6.3e-05,2538,116,501+,0.05,0.00016,2882,134,501+,0.04,0.010289,0.008902,0,0,0,,,
2026-07-27,2026-08-03,37005,Alleghany County,North Carolina,NC,quiet,6.3e-05,2539,90,501+,0.05,0.000215,2703,94,501+,0.05,0.010279,0.012428,0,0,0,,0.95384615,2024-25
2026-07-27,2026-08-03,21147,McCreary County,Kentucky,KY,quiet,6.3e-05,2540,59,501+,0.05,0.000129,2991,95,501+,0.03,0.010276,0.006975,0,0,0,,0.957,2024-25
2026-07-27,2026-08-03,26011,Arenac County,Michigan,MI,quiet,6.3e-05,2541,67,501+,0.05,0.000248,2603,70,501+,0.06,0.010273,0.014569,0,0,0,,0.91414141,2024-25
2026-07-27,2026-08-03,05075,Lawrence County,Arkansas,AR,quiet,6.3e-05,2542,53,501+,0.05,0.000166,2864,68,501+,0.04,0.010255,0.009253,0,0,0,,,
2026-07-27,2026-08-03,55137,Waushara County,Wisconsin,WI,quiet,6.3e-05,2543,65,501+,0.05,0.000536,1829,52,501+,0.13,0.01025,0.034424,0,0,0,,0.8,2024-25
2026-07-27,2026-08-03,48311,McMullen County,Texas,TX,quiet,6.3e-05,2544,231,501+,0.05,0.000237,2627,230,501+,0.06,0.010244,0.013882,0,0,0,,0.9375,2024-25
2026-07-27,2026-08-03,29013,Bates County,Missouri,MO,quiet,6.3e-05,2545,92,501+,0.05,0.00035,2260,82,501+,0.09,0.010233,0.021435,0,0,0,,0.869,2024-25
2026-07-27,2026-08-03,13149,Heard County,Georgia,GA,quiet,6.3e-05,2546,117,501+,0.05,0.000499,1888,56,501+,0.13,0.010228,0.031811,0,0,0,,,
2026-07-27,2026-08-03,26013,Baraga County,Michigan,MI,quiet,6.3e-05,2547,68,501+,0.05,0.000307,2394,64,501+,0.08,0.010222,0.018552,0,0,0,,0.87058824,2024-25
2026-07-27,2026-08-03,18101,Martin County,Indiana,IN,quiet,6.3e-05,2548,68,501+,0.05,0.000318,2358,71,501+,0.08,0.010209,0.019273,0,0,0,,0.8681,2024-25
2026-07-27,2026-08-03,08115,Sedgwick County,Colorado,CO,quiet,6.3e-05,2549,54,501+,0.05,0.00019,2784,54,501+,0.05,0.010206,0.010832,0,0,0,,0.75,2024-25
2026-07-27,2026-08-03,37039,Cherokee County,North Carolina,NC,quiet,6.3e-05,2550,91,501+,0.05,0.000195,2775,97,501+,0.05,0.01019,0.011111,0,0,0,,0.86666667,2024-25
2026-07-27,2026-08-03,01023,Choctaw County,Alabama,AL,quiet,6.3e-05,2551,50,501+,0.05,0.000419,2067,34,501+,0.11,0.010187,0.026218,0,0,0,,0.8977,2024-25
2026-07-27,2026-08-03,31163,Sherman County,Nebraska,NE,quiet,6.3e-05,2552,68,501+,0.05,0.000284,2483,66,501+,0.07,0.010179,0.016996,0,0,0,,0.923076923,2024-25
2026-07-27,2026-08-03,51005,Alleghany County,Virginia,VA,quiet,6.3e-05,2553,90,501+,0.05,0.000291,2449,92,501+,0.07,0.010166,0.017454,0,0,0,,0.878,2024-25
2026-07-27,2026-08-03,05137,Stone County,Arkansas,AR,quiet,6.3e-05,2554,54,501+,0.05,0.000196,2768,58,501+,0.05,0.010165,0.01122,0,0,0,,,
2026-07-27,2026-08-03,55057,Juneau County,Wisconsin,WI,quiet,6.3e-05,2555,66,501+,0.05,0.000286,2476,66,501+,0.07,0.010145,0.017113,0,0,0,,0.72,2024-25
2026-07-27,2026-08-03,35019,Guadalupe County,New Mexico,NM,quiet,6.3e-05,2556,27,501+,0.05,0.000413,2082,26,501+,0.1,0.010145,0.025792,0,0,0,,0.9697,2024-25
2026-07-27,2026-08-03,05087,Madison County,Arkansas,AR,quiet,6.2e-05,2557,55,501+,0.05,0.000274,2510,40,501+,0.07,0.010128,0.016287,0,0,0,,,
2026-07-27,2026-08-03,21027,Breckinridge County,Kentucky,KY,quiet,6.2e-05,2558,60,501+,0.05,0.000205,2737,68,501+,0.05,0.010116,0.011793,0,0,0,,0.89237668,2024-25
2026-07-27,2026-08-03,28039,George County,Mississippi,MS,quiet,6.2e-05,2559,52,501+,0.05,0.000553,1788,18,501+,0.14,0.010116,0.035655,0,0,0,,0.9597,2024-25
2026-07-27,2026-08-03,26095,Luce County,Michigan,MI,quiet,6.2e-05,2560,69,501+,0.05,0.000294,2443,66,501+,0.07,0.010106,0.017668,0,0,0,,0.91891892,2024-25
2026-07-27,2026-08-03,18161,Union County,Indiana,IN,quiet,6.2e-05,2561,69,501+,0.05,0.000196,2772,86,501+,0.05,0.010096,0.011169,0,0,0,,0.9802,2024-25
2026-07-27,2026-08-03,20033,Comanche County,Kansas,KS,quiet,6.2e-05,2562,97,501+,0.05,0.000225,2666,95,501+,0.06,0.010086,0.013101,0,0,0,,0.9444,2024-25
2026-07-27,2026-08-03,21119,Knott County,Kentucky,KY,quiet,6.2e-05,2563,61,501+,0.05,0.000144,2943,84,501+,0.04,0.010077,0.007886,0,0,0,,0.811,2024-25
2026-07-27,2026-08-03,13253,Seminole County,Georgia,GA,quiet,6.2e-05,2564,118,501+,0.05,0.000178,2822,127,501+,0.04,0.010075,0.010067,0,0,0,,,
2026-07-27,2026-08-03,17139,Moultrie County,Illinois,IL,quiet,6.2e-05,2565,75,501+,0.05,0.000431,2035,49,501+,0.11,0.010071,0.027071,0,0,0,,0.956,2024-25
2026-07-27,2026-08-03,46003,Aurora County,South Dakota,SD,quiet,6.2e-05,2566,58,501+,0.05,0.00043,2039,43,501+,0.11,0.010064,0.026986,0,0,0,,0.89,2024-25
2026-07-27,2026-08-03,02290,Yukon-Koyukuk Census Area,Alaska,AK,quiet,6.2e-05,2567,22,501+,0.05,0.000393,2131,16,501+,0.1,0.010062,0.024458,0,0,0,,,
2026-07-27,2026-08-03,05089,Marion County,Arkansas,AR,quiet,6.2e-05,2568,56,501+,0.05,0.000331,2310,29,501+,0.08,0.010051,0.020167,0,0,0,,,
2026-07-27,2026-08-03,22119,Webster Parish,Louisiana,LA,quiet,6.2e-05,2569,49,501+,0.05,0.000201,2755,53,501+,0.05,0.010049,0.011521,0,0,0,,0.9084,2024-25
2026-07-27,2026-08-03,13005,Bacon County,Georgia,GA,quiet,6.2e-05,2570,119,501+,0.05,0.000316,2362,93,501+,0.08,0.010038,0.019172,0,0,0,,,
2026-07-27,2026-08-03,18169,Wabash County,Indiana,IN,quiet,6.2e-05,2571,70,501+,0.05,0.000268,2530,77,501+,0.07,0.010025,0.015915,0,0,0,,0.8921,2024-25
2026-07-27,2026-08-03,13303,Washington County,Georgia,GA,quiet,6.2e-05,2572,120,501+,0.05,0.00024,2620,112,501+,0.06,0.010007,0.014038,0,0,0,,,
2026-07-27,2026-08-03,01057,Fayette County,Alabama,AL,quiet,6.2e-05,2573,51,501+,0.05,0.000265,2545,53,501+,0.07,0.009991,0.015702,0,0,0,,0.9365,2024-25
2026-07-27,2026-08-03,05043,Drew County,Arkansas,AR,quiet,6.2e-05,2574,57,501+,0.05,0.000269,2527,42,501+,0.07,0.009966,0.016017,0,0,0,,,
2026-07-27,2026-08-03,27001,Aitkin County,Minnesota,MN,quiet,6.1e-05,2575,81,501+,0.05,0.000171,2851,86,501+,0.04,0.009958,0.009562,0,0,0,,0.784,2024-25
2026-07-27,2026-08-03,47023,Chester County,Tennessee,TN,quiet,6.1e-05,2576,74,501+,0.05,0.000208,2724,83,501+,0.05,0.009957,0.011973,0,0,0,,0.92,2024-25
2026-07-27,2026-08-03,53023,Garfield County,Washington,WA,quiet,6.1e-05,2577,38,501+,0.05,0.000139,2961,38,501+,0.03,0.009956,0.007561,0,0,0,,1.0,2024-25
2026-07-27,2026-08-03,21087,Green County,Kentucky,KY,quiet,6.1e-05,2578,62,501+,0.05,0.000137,2967,92,501+,0.03,0.009942,0.007461,0,0,0,,0.962,2024-25
2026-07-27,2026-08-03,13065,Clinch County,Georgia,GA,quiet,6.1e-05,2579,121,501+,0.05,0.000166,2862,132,501+,0.04,0.009925,0.009259,0,0,0,,,
2026-07-27,2026-08-03,29173,Ralls County,Missouri,MO,quiet,6.1e-05,2580,93,501+,0.05,0.000288,2466,96,501+,0.07,0.00992,0.017263,0,0,0,,0.974,2024-25
2026-07-27,2026-08-03,27121,Pope County,Minnesota,MN,quiet,6.1e-05,2581,82,501+,0.05,0.000339,2290,80,501+,0.09,0.009905,0.020722,0,0,0,,0.889,2024-25
2026-07-27,2026-08-03,17133,Monroe County,Illinois,IL,quiet,6.1e-05,2582,76,501+,0.05,0.000208,2726,84,501+,0.05,0.009903,0.011968,0,0,0,,0.984,2024-25
2026-07-27,2026-08-03,18147,Spencer County,Indiana,IN,quiet,6.1e-05,2583,71,501+,0.05,0.00037,2196,64,501+,0.09,0.009901,0.022853,0,0,0,,0.9074,2024-25
2026-07-27,2026-08-03,05011,Bradley County,Arkansas,AR,quiet,6.1e-05,2584,58,501+,0.05,0.000214,2705,53,501+,0.05,0.0099,0.012382,0,0,0,,,
2026-07-27,2026-08-03,13095,Dougherty County,Georgia,GA,quiet,6.1e-05,2585,122,501+,0.05,0.000171,2849,131,501+,0.04,0.009899,0.009571,0,0,0,,,
2026-07-27,2026-08-03,17003,Alexander County,Illinois,IL,quiet,6.1e-05,2586,77,501+,0.05,0.000149,2923,93,501+,0.04,0.009886,0.008188,0,0,0,,0.933,2024-25
2026-07-27,2026-08-03,28155,Webster County,Mississippi,MS,quiet,6.1e-05,2587,53,501+,0.05,0.000228,2654,51,501+,0.06,0.009884,0.013294,0,0,0,,0.9925,2024-25
2026-07-27,2026-08-03,31089,Holt County,Nebraska,NE,quiet,6.1e-05,2588,69,501+,0.05,0.000304,2408,59,501+,0.08,0.009883,0.018363,0,0,0,,0.951086957,2024-25
2026-07-27,2026-08-03,20101,Lane County,Kansas,KS,quiet,6.1e-05,2589,98,501+,0.05,0.00012,3019,104,501+,0.03,0.009876,0.006416,0,0,0,,1.0,2024-25
2026-07-27,2026-08-03,17045,Edgar County,Illinois,IL,quiet,6.1e-05,2590,78,501+,0.05,0.000196,2771,87,501+,0.05,0.009874,0.011177,0,0,0,,0.982,2024-25
2026-07-27,2026-08-03,17125,Mason County,Illinois,IL,quiet,6.1e-05,2591,79,501+,0.05,0.000347,2264,64,501+,0.09,0.009874,0.021269,0,0,0,,0.968,2024-25
2026-07-27,2026-08-03,27129,Renville County,Minnesota,MN,quiet,6.1e-05,2592,83,501+,0.05,0.000408,2100,72,501+,0.1,0.00987,0.025471,0,0,0,,0.923,2024-25
2026-07-27,2026-08-03,47183,Weakley County,Tennessee,TN,quiet,6.1e-05,2593,75,501+,0.05,0.000345,2269,66,501+,0.09,0.009852,0.021144,0,0,0,,0.963,2024-25
2026-07-27,2026-08-03,22027,Claiborne Parish,Louisiana,LA,quiet,6.1e-05,2594,50,501+,0.05,0.000103,3061,64,501+,0.03,0.009845,0.005409,0,0,0,,0.9044,2024-25
2026-07-27,2026-08-03,29127,Marion County,Missouri,MO,quiet,6.1e-05,2595,94,501+,0.05,0.000212,2713,107,501+,0.05,0.009832,0.01225,0,0,0,,0.942,2024-25
2026-07-27,2026-08-03,28157,Wilkinson County,Mississippi,MS,quiet,6.1e-05,2596,54,501+,0.05,0.000183,2806,60,501+,0.05,0.009829,0.010387,0,0,0,,1.0,2024-25
2026-07-27,2026-08-03,39019,Carroll County,Ohio,OH,quiet,6.1e-05,2597,79,501+,0.05,0.000411,2088,71,501+,0.1,0.009824,0.025678,0,0,0,,0.901,2024-25
2026-07-27,2026-08-03,28149,Warren County,Mississippi,MS,quiet,6.1e-05,2598,55,501+,0.05,0.000325,2332,39,501+,0.08,0.009823,0.019752,0,0,0,,0.9865,2024-25
2026-07-27,2026-08-03,17135,Montgomery County,Illinois,IL,quiet,6.1e-05,2599,80,501+,0.05,0.000411,2089,53,501+,0.1,0.009815,0.025655,0,0,0,,0.975,2024-25
2026-07-27,2026-08-03,27133,Rock County,Minnesota,MN,quiet,6.1e-05,2600,84,501+,0.05,0.000287,2469,84,501+,0.07,0.009812,0.017204,0,0,0,,0.871,2024-25
2026-07-27,2026-08-03,05079,Lincoln County,Arkansas,AR,quiet,6.1e-05,2601,59,501+,0.05,0.000156,2894,71,501+,0.04,0.009805,0.008643,0,0,0,,,
2026-07-27,2026-08-03,26051,Gladwin County,Michigan,MI,quiet,6.1e-05,2602,70,501+,0.05,0.0003,2424,65,501+,0.08,0.009794,0.018043,0,0,0,,0.88764045,2024-25
2026-07-27,2026-08-03,19005,Allamakee County,Iowa,IA,quiet,6e-05,2603,76,501+,0.05,0.000546,1809,32,501+,0.14,0.009789,0.035177,0,0,0,,0.88780488,2024-25
2026-07-27,2026-08-03,29089,Howard County,Missouri,MO,quiet,6e-05,2604,95,501+,0.05,0.000266,2539,101,501+,0.07,0.009785,0.015789,0,0,0,,0.991,2024-25
2026-07-27,2026-08-03,51101,King William County,Virginia,VA,quiet,6e-05,2605,91,501+,0.05,0.000423,2049,71,501+,0.11,0.009774,0.026539,0,0,0,,0.915,2024-25
2026-07-27,2026-08-03,36123,Yates County,New York,NY,quiet,6e-05,2606,60,501+,0.04,0.000382,2162,58,501+,0.1,0.009755,0.023665,0,0,0,,1.0,2024-25
2026-07-27,2026-08-03,29073,Gasconade County,Missouri,MO,quiet,6e-05,2607,96,501+,0.04,0.000335,2297,85,501+,0.08,0.009704,0.020465,0,0,0,,0.942,2024-25
2026-07-27,2026-08-03,26097,Mackinac County,Michigan,MI,quiet,6e-05,2608,71,501+,0.04,0.000392,2137,61,501+,0.1,0.009703,0.024333,0,0,0,,0.91666667,2024-25
2026-07-27,2026-08-03,13007,Baker County,Georgia,GA,quiet,6e-05,2609,123,501+,0.04,0.000171,2846,130,501+,0.04,0.009673,0.009581,0,0,0,,,
2026-07-27,2026-08-03,51145,Powhatan County,Virginia,VA,quiet,6e-05,2610,92,501+,0.04,0.000338,2294,81,501+,0.08,0.009663,0.020612,0,0,0,,0.89,2024-25
2026-07-27,2026-08-03,26071,Iron County,Michigan,MI,quiet,6e-05,2611,72,501+,0.04,0.000256,2571,69,501+,0.06,0.00965,0.015102,0,0,0,,0.87155963,2024-25
2026-07-27,2026-08-03,18047,Franklin County,Indiana,IN,quiet,6e-05,2612,72,501+,0.04,0.000392,2136,61,501+,0.1,0.009649,0.024382,0,0,0,,0.8062,2024-25
2026-07-27,2026-08-03,21013,Bell County,Kentucky,KY,quiet,6e-05,2613,63,501+,0.04,0.000107,3049,104,501+,0.03,0.009645,0.005639,0,0,0,,0.868,2024-25
2026-07-27,2026-08-03,54067,Nicholas County,West Virginia,WV,quiet,6e-05,2614,23,501+,0.04,0.000478,1933,19,501+,0.12,0.009643,0.030396,0,0,0,,,
2026-07-27,2026-08-03,46127,Union County,South Dakota,SD,quiet,6e-05,2615,59,501+,0.04,0.000616,1681,39,501+,0.15,0.009639,0.040179,0,0,0,,0.94,2024-25
2026-07-27,2026-08-03,17053,Ford County,Illinois,IL,quiet,5.9e-05,2616,81,501+,0.04,0.000467,1960,43,501+,0.12,0.009621,0.029623,0,0,0,,0.968,2024-25
2026-07-27,2026-08-03,40133,Seminole County,Oklahoma,OK,quiet,5.9e-05,2617,74,501+,0.04,0.000289,2462,71,501+,0.07,0.009611,0.017314,0,0,0,,0.8199,2024-25
2026-07-27,2026-08-03,31129,Nuckolls County,Nebraska,NE,quiet,5.9e-05,2618,70,501+,0.04,0.000284,2480,65,501+,0.07,0.009606,0.017013,0,0,0,,0.917647059,2024-25
2026-07-27,2026-08-03,17203,Woodford County,Illinois,IL,quiet,5.9e-05,2619,82,501+,0.04,0.000555,1779,36,501+,0.14,0.009577,0.035819,0,0,0,,0.955,2024-25
2026-07-27,2026-08-03,33003,Carroll County,New Hampshire,NH,quiet,5.9e-05,2620,9,501+,0.04,0.000337,2295,9,501+,0.08,0.009574,0.020609,0,0,0,,0.904,2024-25
2026-07-27,2026-08-03,51570,Colonial Heights City,Virginia,VA,quiet,5.9e-05,2621,93,501+,0.04,0.000355,2239,77,501+,0.09,0.009569,0.021784,0,0,0,,0.938,2024-25
2026-07-27,2026-08-03,18119,Owen County,Indiana,IN,quiet,5.9e-05,2622,73,501+,0.04,0.000287,2471,76,501+,0.07,0.009564,0.017171,0,0,0,,0.9613,2024-25
2026-07-27,2026-08-03,51119,Middlesex County,Virginia,VA,quiet,5.9e-05,2623,94,501+,0.04,0.000295,2441,91,501+,0.07,0.009561,0.017699,0,0,0,,0.968,2024-25
2026-07-27,2026-08-03,54019,Fayette County,West Virginia,WV,quiet,5.9e-05,2624,24,501+,0.04,0.000256,2568,25,501+,0.06,0.009559,0.015144,0,0,0,,,
2026-07-27,2026-08-03,18165,Vermillion County,Indiana,IN,quiet,5.9e-05,2625,74,501+,0.04,0.000221,2682,83,501+,0.06,0.009497,0.012824,0,0,0,,0.9739,2024-25
2026-07-27,2026-08-03,47111,Macon County,Tennessee,TN,quiet,5.9e-05,2626,76,501+,0.04,0.000303,2414,73,501+,0.08,0.009497,0.018267,0,0,0,,0.983,2024-25
2026-07-27,2026-08-03,51193,Westmoreland County,Virginia,VA,quiet,5.9e-05,2627,95,501+,0.04,0.000288,2465,94,501+,0.07,0.009496,0.017266,0,0,0,,0.934,2024-25
2026-07-27,2026-08-03,21051,Clay County,Kentucky,KY,quiet,5.9e-05,2628,64,501+,0.04,0.000117,3024,100,501+,0.03,0.009487,0.006261,0,0,0,,0.904,2024-25
2026-07-27,2026-08-03,13189,McDuffie County,Georgia,GA,quiet,5.9e-05,2629,124,501+,0.04,0.00013,2989,150,501+,0.03,0.009473,0.00701,0,0,0,,,
2026-07-27,2026-08-03,26129,Ogemaw County,Michigan,MI,quiet,5.9e-05,2630,73,501+,0.04,0.000189,2786,76,501+,0.05,0.009467,0.010769,0,0,0,,0.85507246,2024-25
2026-07-27,2026-08-03,22075,Plaquemines Parish,Louisiana,LA,quiet,5.9e-05,2631,51,501+,0.04,0.000881,1394,22,501+,0.22,0.009466,0.059201,0,0,0,,0.943,2024-25
2026-07-27,2026-08-03,18055,Greene County,Indiana,IN,quiet,5.9e-05,2632,75,501+,0.04,0.000204,2743,84,501+,0.05,0.009462,0.011719,0,0,0,,0.9538,2024-25
2026-07-27,2026-08-03,47045,Dyer County,Tennessee,TN,quiet,5.9e-05,2633,77,501+,0.04,0.00032,2350,71,501+,0.08,0.009454,0.019388,0,0,0,,0.968,2024-25
2026-07-27,2026-08-03,21057,Cumberland County,Kentucky,KY,quiet,5.8e-05,2634,65,501+,0.04,0.000149,2918,81,501+,0.04,0.009449,0.008232,0,0,0,,0.865,2024-25
2026-07-27,2026-08-03,31091,Hooker County,Nebraska,NE,quiet,5.8e-05,2635,71,501+,0.04,0.000119,3021,86,501+,0.03,0.009432,0.006392,0,0,0,,1.0,2021-22
2026-07-27,2026-08-03,48137,Edwards County,Texas,TX,quiet,5.8e-05,2636,232,501+,0.04,0.000156,2893,239,501+,0.04,0.009415,0.008645,0,0,0,,0.933333,2024-25
2026-07-27,2026-08-03,28021,Claiborne County,Mississippi,MS,quiet,5.8e-05,2637,56,501+,0.04,6.4e-05,3119,82,501+,0.02,0.009402,0.003117,0,0,0,,1.0,2024-25
2026-07-27,2026-08-03,31097,Johnson County,Nebraska,NE,quiet,5.8e-05,2638,72,501+,0.04,0.000469,1955,33,501+,0.12,0.009395,0.029763,0,0,0,,0.974358974,2024-25
2026-07-27,2026-08-03,28119,Quitman County,Mississippi,MS,quiet,5.8e-05,2639,57,501+,0.04,0.000154,2903,66,501+,0.04,0.009391,0.008514,0,0,0,,1.0,2024-25
2026-07-27,2026-08-03,38031,Foster County,North Dakota,ND,quiet,5.8e-05,2640,42,501+,0.04,0.000411,2087,31,501+,0.1,0.00938,0.025683,0,0,0,,0.9216,2024-25
2026-07-27,2026-08-03,19119,Lyon County,Iowa,IA,quiet,5.8e-05,2641,77,501+,0.04,0.00046,1978,41,501+,0.12,0.009356,0.029121,0,0,0,,0.9068323,2024-25
2026-07-27,2026-08-03,29025,Caldwell County,Missouri,MO,quiet,5.8e-05,2642,97,501+,0.04,0.0003,2423,92,501+,0.08,0.009345,0.018067,0,0,0,,0.951,2024-25
2026-07-27,2026-08-03,28111,Perry County,Mississippi,MS,quiet,5.8e-05,2643,58,501+,0.04,0.000379,2168,33,501+,0.1,0.009317,0.023483,0,0,0,,0.9924,2024-25
2026-07-27,2026-08-03,31015,Boyd County,Nebraska,NE,quiet,5.8e-05,2644,73,501+,0.04,0.000131,2984,84,501+,0.03,0.009293,0.007075,0,0,0,,0.818181818,2024-25
2026-07-27,2026-08-03,22029,Concordia Parish,Louisiana,LA,quiet,5.7e-05,2645,52,501+,0.04,0.000206,2733,52,501+,0.05,0.009263,0.011865,0,0,0,,0.875,2024-25
2026-07-27,2026-08-03,21159,Martin County,Kentucky,KY,quiet,5.7e-05,2646,66,501+,0.04,0.000232,2642,60,501+,0.06,0.009263,0.013526,0,0,0,,0.931,2024-25
2026-07-27,2026-08-03,54099,Wayne County,West Virginia,WV,quiet,5.7e-05,2647,25,501+,0.04,0.000223,2673,30,501+,0.06,0.009254,0.012948,0,0,0,,,
2026-07-27,2026-08-03,37189,Watauga County,North Carolina,NC,quiet,5.7e-05,2648,92,501+,0.04,0.000353,2243,84,501+,0.09,0.009252,0.021686,0,0,0,,0.89634146,2024-25
2026-07-27,2026-08-03,51175,Southampton County,Virginia,VA,quiet,5.7e-05,2649,96,501+,0.04,0.000329,2322,83,501+,0.08,0.009244,0.020007,0,0,0,,0.957,2024-25
2026-07-27,2026-08-03,13317,Wilkes County,Georgia,GA,quiet,5.7e-05,2650,125,501+,0.04,0.000157,2892,135,501+,0.04,0.009235,0.008735,0,0,0,,,
2026-07-27,2026-08-03,54103,Wetzel County,West Virginia,WV,quiet,5.7e-05,2651,26,501+,0.04,0.000311,2379,24,501+,0.08,0.009234,0.018817,0,0,0,,,
2026-07-27,2026-08-03,17013,Calhoun County,Illinois,IL,quiet,5.7e-05,2652,83,501+,0.04,0.000273,2515,76,501+,0.07,0.009226,0.016226,0,0,0,,0.982,2024-25
2026-07-27,2026-08-03,47097,Lauderdale County,Tennessee,TN,quiet,5.7e-05,2653,78,501+,0.04,0.00015,2914,90,501+,0.04,0.009223,0.008278,0,0,0,,0.988,2022-23
2026-07-27,2026-08-03,13033,Burke County,Georgia,GA,quiet,5.7e-05,2654,126,501+,0.04,0.000289,2458,99,501+,0.07,0.009185,0.017324,0,0,0,,,
2026-07-27,2026-08-03,31003,Antelope County,Nebraska,NE,quiet,5.7e-05,2655,74,501+,0.04,0.000398,2121,45,501+,0.1,0.009183,0.02478,0,0,0,,0.875,2024-25
2026-07-27,2026-08-03,37123,Montgomery County,North Carolina,NC,quiet,5.7e-05,2656,93,501+,0.04,0.000159,2890,98,501+,0.04,0.009166,0.008811,0,0,0,,0.98742138,2024-25
2026-07-27,2026-08-03,19149,Plymouth County,Iowa,IA,quiet,5.7e-05,2657,78,501+,0.04,0.000461,1977,40,501+,0.12,0.00914,0.029143,0,0,0,,0.88178914,2024-25
2026-07-27,2026-08-03,18179,Wells County,Indiana,IN,quiet,5.7e-05,2658,76,501+,0.04,0.000265,2543,80,501+,0.07,0.009125,0.015717,0,0,0,,0.8895,2024-25
2026-07-27,2026-08-03,21001,Adair County,Kentucky,KY,quiet,5.6e-05,2659,67,501+,0.04,0.000256,2574,56,501+,0.06,0.009107,0.015087,0,0,0,,0.929,2024-25
2026-07-27,2026-08-03,21149,McLean County,Kentucky,KY,quiet,5.6e-05,2660,68,501+,0.04,0.000304,2410,45,501+,0.08,0.009097,0.018349,0,0,0,,0.96875,2024-25
2026-07-27,2026-08-03,21155,Marion County,Kentucky,KY,quiet,5.6e-05,2661,69,501+,0.04,0.000165,2867,77,501+,0.04,0.00906,0.009202,0,0,0,,0.944,2024-25
2026-07-27,2026-08-03,40039,Custer County,Oklahoma,OK,quiet,5.6e-05,2662,75,501+,0.04,0.000259,2560,73,501+,0.06,0.009042,0.015298,0,0,0,,0.9008,2024-25
2026-07-27,2026-08-03,55037,Florence County,Wisconsin,WI,quiet,5.6e-05,2663,67,501+,0.04,0.000251,2592,68,501+,0.06,0.009035,0.014773,0,0,0,,0.76,2024-25
2026-07-27,2026-08-03,51191,Washington County,Virginia,VA,quiet,5.6e-05,2664,97,501+,0.04,0.000432,2033,70,501+,0.11,0.009025,0.027132,0,0,0,,0.892,2024-25
2026-07-27,2026-08-03,38029,Emmons County,North Dakota,ND,quiet,5.6e-05,2665,43,501+,0.04,0.000187,2794,47,501+,0.05,0.00902,0.010611,0,0,0,,0.8621,2024-25
2026-07-27,2026-08-03,13277,Tift County,Georgia,GA,quiet,5.6e-05,2666,127,501+,0.04,0.000218,2689,119,501+,0.05,0.009006,0.012644,0,0,0,,,
2026-07-27,2026-08-03,22067,Morehouse Parish,Louisiana,LA,quiet,5.6e-05,2667,53,501+,0.04,0.000107,3051,62,501+,0.03,0.009004,0.005633,0,0,0,,0.9859,2024-25
2026-07-27,2026-08-03,13199,Meriwether County,Georgia,GA,quiet,5.6e-05,2668,128,501+,0.04,0.000214,2707,121,501+,0.05,0.009,0.012353,0,0,0,,,
2026-07-27,2026-08-03,28145,Union County,Mississippi,MS,quiet,5.6e-05,2669,59,501+,0.04,0.000301,2419,44,501+,0.08,0.008957,0.018122,0,0,0,,0.9745,2024-25
2026-07-27,2026-08-03,30021,Dawson County,Montana,MT,quiet,5.5e-05,2670,40,501+,0.04,0.000548,1802,23,501+,0.14,0.008943,0.035279,0,0,0,,,
2026-07-27,2026-08-03,19059,Dickinson County,Iowa,IA,quiet,5.5e-05,2671,79,501+,0.04,0.000217,2695,88,501+,0.05,0.008927,0.012532,0,0,0,,0.84615385,2024-25
2026-07-27,2026-08-03,12045,Gulf County,Florida,FL,quiet,5.5e-05,2672,66,501+,0.04,0.000266,2537,64,501+,0.07,0.008913,0.015813,0,0,0,,0.945,2024-25
2026-07-27,2026-08-03,29017,Bollinger County,Missouri,MO,quiet,5.5e-05,2673,98,501+,0.04,0.000189,2787,109,501+,0.05,0.008901,0.010744,0,0,0,,0.908,2024-25
2026-07-27,2026-08-03,18155,Switzerland County,Indiana,IN,quiet,5.5e-05,2674,77,501+,0.04,0.000313,2374,72,501+,0.08,0.008894,0.018911,0,0,0,,0.9554,2024-25
2026-07-27,2026-08-03,51185,Tazewell County,Virginia,VA,quiet,5.5e-05,2675,98,501+,0.04,0.000197,2766,106,501+,0.05,0.00889,0.011279,0,0,0,,0.858,2024-25
2026-07-27,2026-08-03,28009,Benton County,Mississippi,MS,quiet,5.5e-05,2676,60,501+,0.04,0.000306,2399,41,501+,0.08,0.008885,0.018466,0,0,0,,0.9878,2024-25
2026-07-27,2026-08-03,21023,Bracken County,Kentucky,KY,quiet,5.5e-05,2677,70,501+,0.04,0.00012,3016,99,501+,0.03,0.008878,0.006437,0,0,0,,0.856,2024-25
2026-07-27,2026-08-03,19029,Cass County,Iowa,IA,quiet,5.5e-05,2678,80,501+,0.04,0.000201,2757,96,501+,0.05,0.008869,0.011493,0,0,0,,0.85648148,2024-25
2026-07-27,2026-08-03,13209,Montgomery County,Georgia,GA,quiet,5.5e-05,2679,129,501+,0.04,0.000153,2907,138,501+,0.04,0.008837,0.008431,0,0,0,,,
2026-07-27,2026-08-03,18117,Orange County,Indiana,IN,quiet,5.5e-05,2680,78,501+,0.04,0.000198,2765,85,501+,0.05,0.008825,0.011289,0,0,0,,0.9135,2024-25
2026-07-27,2026-08-03,48025,Bee County,Texas,TX,quiet,5.5e-05,2681,233,501+,0.04,0.000256,2570,228,501+,0.06,0.008825,0.015111,0,0,0,,0.96732,2024-25
2026-07-27,2026-08-03,18159,Tipton County,Indiana,IN,quiet,5.5e-05,2682,79,501+,0.04,0.000525,1844,49,501+,0.13,0.008822,0.033712,0,0,0,,0.8768,2024-25
2026-07-27,2026-08-03,05123,St. Francis County,Arkansas,AR,quiet,5.5e-05,2683,60,501+,0.04,0.000208,2725,56,501+,0.05,0.008801,0.01197,0,0,0,,,
2026-07-27,2026-08-03,17083,Jersey County,Illinois,IL,quiet,5.5e-05,2684,84,501+,0.04,0.000272,2516,77,501+,0.07,0.008799,0.016211,0,0,0,,0.983,2024-25
2026-07-27,2026-08-03,05027,Columbia County,Arkansas,AR,quiet,5.5e-05,2685,61,501+,0.04,0.000186,2799,62,501+,0.05,0.008798,0.010549,0,0,0,,,
2026-07-27,2026-08-03,17171,Scott County,Illinois,IL,quiet,5.5e-05,2686,85,501+,0.04,0.000312,2377,70,501+,0.08,0.008797,0.018896,0,0,0,,0.977,2024-25
2026-07-27,2026-08-03,19191,Winneshiek County,Iowa,IA,quiet,5.5e-05,2687,81,501+,0.04,0.000353,2248,60,501+,0.09,0.008793,0.021645,0,0,0,,0.91949153,2024-25
2026-07-27,2026-08-03,17147,Piatt County,Illinois,IL,quiet,5.5e-05,2688,86,501+,0.04,0.000186,2798,89,501+,0.05,0.00879,0.010561,0,0,0,,0.983,2024-25
2026-07-27,2026-08-03,51105,Lee County,Virginia,VA,quiet,5.4e-05,2689,99,501+,0.04,0.000264,2547,96,501+,0.07,0.008769,0.015673,0,0,0,,0.954,2024-25
2026-07-27,2026-08-03,05049,Fulton County,Arkansas,AR,quiet,5.4e-05,2690,62,501+,0.04,0.00017,2853,66,501+,0.04,0.008769,0.009509,0,0,0,,,
2026-07-27,2026-08-03,19055,Delaware County,Iowa,IA,quiet,5.4e-05,2691,82,501+,0.04,0.000747,1514,18,501+,0.19,0.008762,0.049546,0,0,0,,0.88372093,2024-25
2026-07-27,2026-08-03,31039,Cuming County,Nebraska,NE,quiet,5.4e-05,2692,75,501+,0.04,0.000701,1570,19,501+,0.18,0.008741,0.046254,0,0,0,,0.95890411,2024-25
2026-07-27,2026-08-03,05057,Hempstead County,Arkansas,AR,quiet,5.4e-05,2693,63,501+,0.04,0.000173,2836,65,501+,0.04,0.008736,0.009727,0,0,0,,,
2026-07-27,2026-08-03,26039,Crawford County,Michigan,MI,quiet,5.4e-05,2694,74,501+,0.04,0.000282,2489,68,501+,0.07,0.008722,0.016822,0,0,0,,0.92561983,2024-25
2026-07-27,2026-08-03,38005,Benson County,North Dakota,ND,quiet,5.4e-05,2695,44,501+,0.04,0.000191,2781,46,501+,0.05,0.008717,0.010875,0,0,0,,1.0,2024-25
2026-07-27,2026-08-03,26053,Gogebic County,Michigan,MI,quiet,5.4e-05,2696,75,501+,0.04,0.000204,2746,74,501+,0.05,0.008713,0.011678,0,0,0,,0.86138614,2024-25
2026-07-27,2026-08-03,19093,Ida County,Iowa,IA,quiet,5.4e-05,2697,83,501+,0.04,0.000213,2711,90,501+,0.05,0.008711,0.012302,0,0,0,,0.88405797,2024-25
2026-07-27,2026-08-03,45033,Dillon County,South Carolina,SC,quiet,5.4e-05,2698,43,501+,0.04,0.0001,3071,46,501+,0.03,0.008697,0.005204,0,0,0,,0.984,2024-25
2026-07-27,2026-08-03,31041,Custer County,Nebraska,NE,quiet,5.4e-05,2699,76,501+,0.04,0.000272,2517,72,501+,0.07,0.008672,0.01621,0,0,0,,0.9,2024-25
2026-07-27,2026-08-03,18171,Warren County,Indiana,IN,quiet,5.4e-05,2700,80,501+,0.04,0.000398,2120,59,501+,0.1,0.008651,0.024796,0,0,0,,0.9367,2024-25
2026-07-27,2026-08-03,28105,Oktibbeha County,Mississippi,MS,quiet,5.4e-05,2701,61,501+,0.04,0.000236,2630,49,501+,0.06,0.008642,0.013807,0,0,0,,0.9934,2024-25
2026-07-27,2026-08-03,05019,Clark County,Arkansas,AR,quiet,5.4e-05,2702,64,501+,0.04,0.00029,2453,37,501+,0.07,0.008639,0.01738,0,0,0,,,
2026-07-27,2026-08-03,19065,Fayette County,Iowa,IA,quiet,5.4e-05,2703,84,501+,0.04,0.000248,2602,81,501+,0.06,0.008638,0.014595,0,0,0,,0.81871345,2024-25
2026-07-27,2026-08-03,45069,Marlboro County,South Carolina,SC,quiet,5.4e-05,2704,44,501+,0.04,0.000271,2522,43,501+,0.07,0.008624,0.01613,0,0,0,,0.963,2024-25
2026-07-27,2026-08-03,32015,Lander County,Nevada,NV,quiet,5.4e-05,2705,15,501+,0.04,0.000208,2727,16,501+,0.05,0.008622,0.011963,0,0,0,,1.0,2024-25
2026-07-27,2026-08-03,19001,Adair County,Iowa,IA,quiet,5.4e-05,2706,85,501+,0.04,0.000205,2740,93,501+,0.05,0.008619,0.011763,0,0,0,,0.9,2024-25
2026-07-27,2026-08-03,35037,Quay County,New Mexico,NM,quiet,5.3e-05,2707,28,501+,0.04,0.000154,2900,30,501+,0.04,0.008601,0.008542,0,0,0,,0.9362,2024-25
2026-07-27,2026-08-03,51021,Bland County,Virginia,VA,quiet,5.3e-05,2708,100,501+,0.04,0.000188,2792,108,501+,0.05,0.0086,0.010682,0,0,0,,0.898,2024-25
2026-07-27,2026-08-03,21095,Harlan County,Kentucky,KY,quiet,5.3e-05,2709,71,501+,0.04,0.000105,3055,105,501+,0.03,0.008597,0.005507,0,0,0,,0.81896552,2024-25
2026-07-27,2026-08-03,13187,Lumpkin County,Georgia,GA,quiet,5.3e-05,2710,130,501+,0.04,0.000289,2459,100,501+,0.07,0.008588,0.017322,0,0,0,,,
2026-07-27,2026-08-03,02180,Nome Census Area,Alaska,AK,quiet,5.3e-05,2711,23,501+,0.04,0.000249,2600,22,501+,0.06,0.008588,0.01464,0,0,0,,,
2026-07-27,2026-08-03,51197,Wythe County,Virginia,VA,quiet,5.3e-05,2712,101,501+,0.04,0.000184,2804,109,501+,0.05,0.008586,0.010451,0,0,0,,0.897,2024-25
2026-07-27,2026-08-03,02158,Kusilvak Census Area,Alaska,AK,quiet,5.3e-05,2713,24,501+,0.04,0.000159,2889,26,501+,0.04,0.008567,0.00883,0,0,0,,,
2026-07-27,2026-08-03,19095,Iowa County,Iowa,IA,quiet,5.3e-05,2714,86,501+,0.04,0.00033,2313,66,501+,0.08,0.008562,0.020125,0,0,0,,0.91573034,2024-25
2026-07-27,2026-08-03,08053,Hinsdale County,Colorado,CO,quiet,5.3e-05,2715,55,501+,0.04,0.000151,2909,59,501+,0.04,0.008549,0.008352,0,0,0,,0.8,2024-25
2026-07-27,2026-08-03,51141,Patrick County,Virginia,VA,quiet,5.3e-05,2716,102,501+,0.04,0.000345,2270,80,501+,0.09,0.008546,0.021137,0,0,0,,0.952,2024-25
2026-07-27,2026-08-03,13305,Wayne County,Georgia,GA,quiet,5.3e-05,2717,131,501+,0.04,0.000172,2842,129,501+,0.04,0.008542,0.009629,0,0,0,,,
2026-07-27,2026-08-03,28099,Neshoba County,Mississippi,MS,quiet,5.3e-05,2718,62,501+,0.04,0.000221,2683,53,501+,0.06,0.008521,0.012808,0,0,0,,0.9917,2024-25
2026-07-27,2026-08-03,19107,Keokuk County,Iowa,IA,quiet,5.3e-05,2719,87,501+,0.04,0.000208,2729,91,501+,0.05,0.008516,0.011942,0,0,0,,0.76119403,2024-25
2026-07-27,2026-08-03,21003,Allen County,Kentucky,KY,quiet,5.3e-05,2720,72,501+,0.04,0.00016,2885,78,501+,0.04,0.0085,0.008874,0,0,0,,0.963,2024-25
2026-07-27,2026-08-03,37143,Perquimans County,North Carolina,NC,quiet,5.3e-05,2721,94,501+,0.04,0.00037,2195,82,501+,0.09,0.008477,0.022863,0,0,0,,0.91304348,2024-25
2026-07-27,2026-08-03,18031,Decatur County,Indiana,IN,quiet,5.3e-05,2722,81,501+,0.04,0.000301,2417,73,501+,0.08,0.008455,0.018163,0,0,0,,0.9247,2024-25
2026-07-27,2026-08-03,51580,Covington City,Virginia,VA,quiet,5.3e-05,2723,103,501+,0.04,0.00015,2916,116,501+,0.04,0.008452,0.008271,0,0,0,,0.987,2024-25
2026-07-27,2026-08-03,47133,Overton County,Tennessee,TN,quiet,5.3e-05,2724,79,501+,0.04,0.000154,2904,89,501+,0.04,0.008448,0.008494,0,0,0,,0.944,2024-25
2026-07-27,2026-08-03,21045,Casey County,Kentucky,KY,quiet,5.3e-05,2725,73,501+,0.04,0.000223,2672,65,501+,0.06,0.008445,0.012961,0,0,0,,0.901,2024-25
2026-07-27,2026-08-03,01013,Butler County,Alabama,AL,quiet,5.3e-05,2726,52,501+,0.04,0.000309,2388,46,501+,0.08,0.008441,0.01866,0,0,0,,0.9304,2024-25
2026-07-27,2026-08-03,08073,Lincoln County,Colorado,CO,quiet,5.2e-05,2727,56,501+,0.04,0.000304,2411,49,501+,0.08,0.008432,0.018349,0,0,0,,0.8644,2024-25
2026-07-27,2026-08-03,01087,Macon County,Alabama,AL,quiet,5.2e-05,2728,53,501+,0.04,0.000333,2301,43,501+,0.08,0.008431,0.020302,0,0,0,,0.9394,2024-25
2026-07-27,2026-08-03,18137,Ripley County,Indiana,IN,quiet,5.2e-05,2729,82,501+,0.04,0.000349,2261,69,501+,0.09,0.008428,0.021416,0,0,0,,0.9076,2024-25
2026-07-27,2026-08-03,31177,Washington County,Nebraska,NE,quiet,5.2e-05,2730,77,501+,0.04,0.000273,2513,70,501+,0.07,0.008428,0.016242,0,0,0,,0.936651584,2024-25
2026-07-27,2026-08-03,54073,Pleasants County,West Virginia,WV,quiet,5.2e-05,2731,27,501+,0.04,0.000326,2328,23,501+,0.08,0.00842,0.019861,0,0,0,,,
2026-07-27,2026-08-03,21123,Larue County,Kentucky,KY,quiet,5.2e-05,2732,74,501+,0.04,0.000168,2856,75,501+,0.04,0.008419,0.009388,0,0,0,,0.93,2024-25
2026-07-27,2026-08-03,06003,Alpine County,California,CA,quiet,5.2e-05,2733,58,501+,0.04,0.000138,2963,58,501+,0.03,0.008417,0.007534,0,0,0,,,
2026-07-27,2026-08-03,40001,Adair County,Oklahoma,OK,quiet,5.2e-05,2734,76,501+,0.04,0.000252,2586,74,501+,0.06,0.008393,0.014864,0,0,0,,0.8638,2024-25
2026-07-27,2026-08-03,54025,Greenbrier County,West Virginia,WV,quiet,5.2e-05,2735,28,501+,0.04,0.000167,2858,38,501+,0.04,0.008382,0.009364,0,0,0,,,
2026-07-27,2026-08-03,19019,Buchanan County,Iowa,IA,quiet,5.2e-05,2736,88,501+,0.04,0.000364,2212,56,501+,0.09,0.008373,0.022428,0,0,0,,0.82592593,2024-25
2026-07-27,2026-08-03,01053,Escambia County,Alabama,AL,quiet,5.2e-05,2737,54,501+,0.04,0.000407,2104,35,501+,0.1,0.008368,0.025379,0,0,0,,0.9656,2024-25
2026-07-27,2026-08-03,17067,Hancock County,Illinois,IL,quiet,5.2e-05,2738,87,501+,0.04,0.00019,2785,88,501+,0.05,0.008363,0.010782,0,0,0,,0.982,2024-25
2026-07-27,2026-08-03,18131,Pulaski County,Indiana,IN,quiet,5.2e-05,2739,83,501+,0.04,0.000256,2575,82,501+,0.06,0.008358,0.015086,0,0,0,,0.8889,2024-25
2026-07-27,2026-08-03,30033,Garfield County,Montana,MT,quiet,5.2e-05,2740,41,501+,0.04,0.000111,3039,51,501+,0.03,0.008355,0.005879,0,0,0,,,
2026-07-27,2026-08-03,21075,Fulton County,Kentucky,KY,quiet,5.2e-05,2741,75,501+,0.04,0.000229,2650,61,501+,0.06,0.008328,0.01336,0,0,0,,0.984,2024-25
2026-07-27,2026-08-03,13175,Laurens County,Georgia,GA,quiet,5.2e-05,2742,132,501+,0.04,0.000211,2714,123,501+,0.05,0.008312,0.012184,0,0,0,,,
2026-07-27,2026-08-03,01079,Lawrence County,Alabama,AL,quiet,5.2e-05,2743,55,501+,0.04,0.000251,2594,56,501+,0.06,0.008308,0.014756,0,0,0,,0.941,2024-25
2026-07-27,2026-08-03,29131,Miller County,Missouri,MO,quiet,5.2e-05,2744,99,501+,0.04,0.000483,1918,64,501+,0.12,0.008305,0.030743,0,0,0,,0.898,2024-25
2026-07-27,2026-08-03,48393,Roberts County,Texas,TX,quiet,5.2e-05,2745,234,501+,0.04,0.000227,2659,233,501+,0.06,0.008298,0.013216,0,0,0,,1.0,2024-25
2026-07-27,2026-08-03,39009,Athens County,Ohio,OH,quiet,5.1e-05,2746,80,501+,0.04,0.000419,2064,70,501+,0.11,0.008265,0.026263,0,0,0,,0.939,2024-25
2026-07-27,2026-08-03,51670,Hopewell City,Virginia,VA,quiet,5.1e-05,2747,104,501+,0.04,0.000147,2931,119,501+,0.04,0.008256,0.008071,0,0,0,,0.72,2024-25
2026-07-27,2026-08-03,20187,Stanton County,Kansas,KS,quiet,5.1e-05,2748,99,501+,0.04,0.000132,2980,103,501+,0.03,0.008248,0.007145,0,0,0,,0.7895,2024-25
2026-07-27,2026-08-03,21195,Pike County,Kentucky,KY,quiet,5.1e-05,2749,76,501+,0.04,0.000196,2769,70,501+,0.05,0.008242,0.011184,0,0,0,,0.96,2024-25
2026-07-27,2026-08-03,51133,Northumberland County,Virginia,VA,quiet,5.1e-05,2750,105,501+,0.04,0.000237,2628,98,501+,0.06,0.008237,0.013864,0,0,0,,0.904,2024-25
2026-07-27,2026-08-03,22065,Madison Parish,Louisiana,LA,quiet,5.1e-05,2751,54,501+,0.04,0.000199,2762,54,501+,0.05,0.008213,0.011394,0,0,0,,0.8864,2024-25
2026-07-27,2026-08-03,47173,Union County,Tennessee,TN,quiet,5.1e-05,2752,80,501+,0.04,0.000256,2567,77,501+,0.06,0.008198,0.015144,0,0,0,,0.938,2024-25
2026-07-27,2026-08-03,49031,Piute County,Utah,UT,quiet,5.1e-05,2753,28,501+,0.04,0.00015,2917,29,501+,0.04,0.008192,0.008269,0,0,0,,,
2026-07-27,2026-08-03,54035,Jackson County,West Virginia,WV,quiet,5.1e-05,2754,29,501+,0.04,0.000183,2807,35,501+,0.05,0.008178,0.010383,0,0,0,,,
2026-07-27,2026-08-03,29081,Harrison County,Missouri,MO,quiet,5.1e-05,2755,100,501+,0.04,0.000163,2872,111,501+,0.04,0.008176,0.009084,0,0,0,,0.88,2024-25
2026-07-27,2026-08-03,29186,Ste. Genevieve County,Missouri,MO,quiet,5.1e-05,2756,101,501+,0.04,0.000362,2215,81,501+,0.09,0.008158,0.022311,0,0,0,,0.87,2024-25
2026-07-27,2026-08-03,51139,Page County,Virginia,VA,quiet,5.1e-05,2757,106,501+,0.04,0.000236,2631,99,501+,0.06,0.008144,0.013802,0,0,0,,0.966,2024-25
2026-07-27,2026-08-03,21237,Wolfe County,Kentucky,KY,quiet,5.1e-05,2758,77,501+,0.04,0.000145,2940,83,501+,0.04,0.008143,0.007952,0,0,0,,0.929,2024-25
2026-07-27,2026-08-03,54015,Clay County,West Virginia,WV,quiet,5.1e-05,2759,30,501+,0.04,0.000137,2969,45,501+,0.03,0.008131,0.007456,0,0,0,,,
2026-07-27,2026-08-03,29133,Mississippi County,Missouri,MO,quiet,5.1e-05,2760,102,501+,0.04,0.000161,2879,112,501+,0.04,0.008115,0.008986,0,0,0,,0.936,2024-25
2026-07-27,2026-08-03,21157,Marshall County,Kentucky,KY,quiet,5e-05,2761,78,501+,0.04,0.000292,2445,49,501+,0.07,0.008095,0.017554,0,0,0,,0.898,2024-25
2026-07-27,2026-08-03,19137,Montgomery County,Iowa,IA,quiet,5e-05,2762,89,501+,0.04,0.00026,2554,78,501+,0.07,0.008084,0.015401,0,0,0,,0.94047619,2024-25
2026-07-27,2026-08-03,21063,Elliott County,Kentucky,KY,quiet,5e-05,2763,79,501+,0.04,0.000102,3064,107,501+,0.03,0.008064,0.005368,0,0,0,,0.929,2024-25
2026-07-27,2026-08-03,05149,Yell County,Arkansas,AR,quiet,5e-05,2764,65,501+,0.04,0.000193,2779,61,501+,0.05,0.008048,0.011012,0,0,0,,,
2026-07-27,2026-08-03,21225,Union County,Kentucky,KY,quiet,5e-05,2765,80,501+,0.04,0.000289,2463,51,501+,0.07,0.008038,0.017308,0,0,0,,0.815,2024-25
2026-07-27,2026-08-03,54101,Webster County,West Virginia,WV,quiet,5e-05,2766,31,501+,0.04,8.6e-05,3098,55,501+,0.02,0.008009,0.004423,0,0,0,,,
2026-07-27,2026-08-03,19011,Benton County,Iowa,IA,quiet,5e-05,2767,90,501+,0.04,0.000343,2279,62,501+,0.09,0.007979,0.020961,0,0,0,,0.90974729,2024-25
2026-07-27,2026-08-03,47017,Carroll County,Tennessee,TN,quiet,5e-05,2768,81,501+,0.04,0.000226,2663,79,501+,0.06,0.007978,0.013133,0,0,0,,0.923,2024-25
2026-07-27,2026-08-03,05041,Desha County,Arkansas,AR,quiet,5e-05,2769,66,501+,0.04,0.000255,2577,48,501+,0.06,0.007968,0.015063,0,0,0,,,
2026-07-27,2026-08-03,48109,Culberson County,Texas,TX,quiet,5e-05,2770,235,501+,0.04,0.000267,2532,226,501+,0.07,0.007966,0.015879,0,0,0,,1.0,2024-25
2026-07-27,2026-08-03,18075,Jay County,Indiana,IN,quiet,4.9e-05,2771,84,501+,0.04,0.000266,2540,79,501+,0.07,0.007925,0.015764,0,0,0,,0.8964,2024-25
2026-07-27,2026-08-03,22125,West Feliciana Parish,Louisiana,LA,quiet,4.9e-05,2772,55,501+,0.04,0.000329,2323,40,501+,0.08,0.007915,0.020005,0,0,0,,0.9708,2024-25
2026-07-27,2026-08-03,47025,Claiborne County,Tennessee,TN,quiet,4.9e-05,2773,82,501+,0.04,0.000378,2175,61,501+,0.09,0.007915,0.023384,0,0,0,,0.929,2024-25
2026-07-27,2026-08-03,28103,Noxubee County,Mississippi,MS,quiet,4.9e-05,2774,63,501+,0.04,0.000176,2825,61,501+,0.04,0.007913,0.009932,0,0,0,,0.9561,2024-25
2026-07-27,2026-08-03,28053,Humphreys County,Mississippi,MS,quiet,4.9e-05,2775,64,501+,0.04,0.00014,2959,69,501+,0.04,0.007905,0.007639,0,0,0,,1.0,2024-25
2026-07-27,2026-08-03,18175,Washington County,Indiana,IN,quiet,4.9e-05,2776,85,501+,0.04,0.000267,2533,78,501+,0.07,0.007903,0.015861,0,0,0,,0.9234,2024-25
2026-07-27,2026-08-03,01131,Wilcox County,Alabama,AL,quiet,4.9e-05,2777,56,501+,0.04,0.00017,2852,62,501+,0.04,0.007896,0.009535,0,0,0,,0.8571,2024-25
2026-07-27,2026-08-03,18045,Fountain County,Indiana,IN,quiet,4.9e-05,2778,86,501+,0.04,0.000352,2249,67,501+,0.09,0.007887,0.021629,0,0,0,,0.8793,2024-25
2026-07-27,2026-08-03,29045,Clark County,Missouri,MO,quiet,4.9e-05,2779,103,501+,0.04,0.00038,2166,80,501+,0.1,0.007882,0.02351,0,0,0,,0.96,2024-25
2026-07-27,2026-08-03,39079,Jackson County,Ohio,OH,quiet,4.9e-05,2780,81,501+,0.04,0.000214,2706,81,501+,0.05,0.007877,0.012363,0,0,0,,0.919,2024-25
2026-07-27,2026-08-03,41055,Sherman County,Oregon,OR,quiet,4.9e-05,2781,35,501+,0.04,0.000113,3032,36,501+,0.03,0.007866,0.005989,0,0,0,,0.911,2024-25
2026-07-27,2026-08-03,20087,Jefferson County,Kansas,KS,quiet,4.9e-05,2782,100,501+,0.04,0.000349,2262,81,501+,0.09,0.007862,0.021407,0,0,0,,0.9465,2024-25
2026-07-27,2026-08-03,05047,Franklin County,Arkansas,AR,quiet,4.9e-05,2783,67,501+,0.04,0.000195,2774,60,501+,0.05,0.007828,0.011123,0,0,0,,,
2026-07-27,2026-08-03,13043,Candler County,Georgia,GA,quiet,4.9e-05,2784,133,501+,0.04,0.000145,2936,142,501+,0.04,0.007827,0.007983,0,0,0,,,
2026-07-27,2026-08-03,17047,Edwards County,Illinois,IL,quiet,4.9e-05,2785,88,501+,0.04,0.000216,2699,83,501+,0.05,0.007825,0.012493,0,0,0,,0.982,2024-25
2026-07-27,2026-08-03,51103,Lancaster County,Virginia,VA,quiet,4.9e-05,2786,107,501+,0.04,0.000243,2613,97,501+,0.06,0.00782,0.014261,0,0,0,,0.903,2024-25
2026-07-27,2026-08-03,31103,Keya Paha County,Nebraska,NE,quiet,4.9e-05,2787,78,501+,0.04,0.000237,2625,76,501+,0.06,0.007804,0.013894,0,0,0,,0.75,2024-25
2026-07-27,2026-08-03,05003,Ashley County,Arkansas,AR,quiet,4.9e-05,2788,68,501+,0.04,0.000209,2722,55,501+,0.05,0.007804,0.012043,0,0,0,,,
2026-07-27,2026-08-03,27055,Houston County,Minnesota,MN,quiet,4.9e-05,2789,85,501+,0.04,0.00029,2452,83,501+,0.07,0.007789,0.017422,0,0,0,,0.77,2024-25
2026-07-27,2026-08-03,22083,Richland Parish,Louisiana,LA,quiet,4.9e-05,2790,56,501+,0.04,0.000239,2622,47,501+,0.06,0.007778,0.013975,0,0,0,,0.8865,2024-25
2026-07-27,2026-08-03,36049,Lewis County,New York,NY,quiet,4.9e-05,2791,61,501+,0.04,0.000215,2704,61,501+,0.05,0.007774,0.012418,0,0,0,,0.996163658,2024-25
2026-07-27,2026-08-03,18125,Pike County,Indiana,IN,quiet,4.8e-05,2792,87,501+,0.04,0.000292,2447,74,501+,0.07,0.007753,0.017505,0,0,0,,0.9624,2024-25
2026-07-27,2026-08-03,47169,Trousdale County,Tennessee,TN,quiet,4.8e-05,2793,83,501+,0.04,0.000272,2519,75,501+,0.07,0.007737,0.016165,0,0,0,,0.961,2024-25
2026-07-27,2026-08-03,02105,Hoonah-Angoon Census Area,Alaska,AK,quiet,4.8e-05,2794,25,501+,0.04,0.000155,2898,27,501+,0.04,0.007737,0.008583,0,0,0,,,
2026-07-27,2026-08-03,27045,Fillmore County,Minnesota,MN,quiet,4.8e-05,2795,86,501+,0.04,0.000531,1838,61,501+,0.13,0.007727,0.034074,0,0,0,,0.916,2024-25
2026-07-27,2026-08-03,13243,Randolph County,Georgia,GA,quiet,4.8e-05,2796,134,501+,0.04,0.000142,2953,146,501+,0.04,0.007722,0.007743,0,0,0,,,
2026-07-27,2026-08-03,31059,Fillmore County,Nebraska,NE,quiet,4.8e-05,2797,79,501+,0.04,0.000287,2468,63,501+,0.07,0.007721,0.017207,0,0,0,,0.947368421,2024-25
2026-07-27,2026-08-03,28139,Tippah County,Mississippi,MS,quiet,4.8e-05,2798,65,501+,0.04,0.000171,2844,62,501+,0.04,0.007711,0.009609,0,0,0,,0.993,2024-25
2026-07-27,2026-08-03,51115,Mathews County,Virginia,VA,quiet,4.8e-05,2799,108,501+,0.04,0.000178,2823,112,501+,0.04,0.007707,0.010011,0,0,0,,0.978,2024-25
2026-07-27,2026-08-03,22111,Union Parish,Louisiana,LA,quiet,4.8e-05,2800,57,501+,0.04,0.000277,2497,45,501+,0.07,0.007694,0.016531,0,0,0,,0.8772,2024-25
2026-07-27,2026-08-03,49009,Daggett County,Utah,UT,quiet,4.8e-05,2801,29,501+,0.04,0.000167,2860,28,501+,0.04,0.007672,0.009328,0,0,0,,,
2026-07-27,2026-08-03,48301,Loving County,Texas,TX,quiet,4.8e-05,2802,236,501+,0.04,0.000137,2968,240,501+,0.03,0.00767,0.00746,0,0,0,,,
2026-07-27,2026-08-03,17101,Lawrence County,Illinois,IL,quiet,4.8e-05,2803,89,501+,0.04,0.000136,2970,95,501+,0.03,0.007669,0.007428,0,0,0,,0.989,2024-25
2026-07-27,2026-08-03,30107,Wheatland County,Montana,MT,quiet,4.8e-05,2804,42,501+,0.04,6.3e-05,3121,56,501+,0.02,0.00765,0.003086,0,0,0,,,
2026-07-27,2026-08-03,51125,Nelson County,Virginia,VA,quiet,4.8e-05,2805,109,501+,0.04,0.000404,2109,75,501+,0.1,0.007642,0.025162,0,0,0,,0.854,2024-25
2026-07-27,2026-08-03,46071,Jackson County,South Dakota,SD,quiet,4.8e-05,2806,60,501+,0.04,0.000147,2927,65,501+,0.04,0.007627,0.008099,0,0,0,,1.0,2024-25
2026-07-27,2026-08-03,37185,Warren County,North Carolina,NC,quiet,4.8e-05,2807,95,501+,0.04,0.000204,2744,95,501+,0.05,0.00761,0.011718,0,0,0,,0.98701299,2024-25
2026-07-27,2026-08-03,21173,Montgomery County,Kentucky,KY,quiet,4.8e-05,2808,81,501+,0.04,0.000209,2721,67,501+,0.05,0.007608,0.012062,0,0,0,,0.968,2024-25
2026-07-27,2026-08-03,30075,Powder River County,Montana,MT,quiet,4.8e-05,2809,43,501+,0.04,0.000162,2877,44,501+,0.04,0.007605,0.008996,0,0,0,,,
2026-07-27,2026-08-03,28065,Jefferson Davis County,Mississippi,MS,quiet,4.7e-05,2810,66,501+,0.04,0.000204,2745,56,501+,0.05,0.007589,0.01169,0,0,0,,0.9889,2024-25
2026-07-27,2026-08-03,51830,Williamsburg City,Virginia,VA,quiet,4.7e-05,2811,110,501+,0.04,0.000213,2710,103,501+,0.05,0.007585,0.012311,0,0,0,,0.892,2024-25
2026-07-27,2026-08-03,21091,Hancock County,Kentucky,KY,quiet,4.7e-05,2812,82,501+,0.04,0.000203,2747,69,501+,0.05,0.007581,0.011658,0,0,0,,0.905,2024-25
2026-07-27,2026-08-03,29115,Linn County,Missouri,MO,quiet,4.7e-05,2813,104,501+,0.04,0.000194,2778,108,501+,0.05,0.007578,0.011036,0,0,0,,0.916,2024-25
2026-07-27,2026-08-03,01107,Pickens County,Alabama,AL,quiet,4.7e-05,2814,57,501+,0.04,0.000163,2871,63,501+,0.04,0.007557,0.009091,0,0,0,,0.9426,2024-25
2026-07-27,2026-08-03,38043,Kidder County,North Dakota,ND,quiet,4.7e-05,2815,45,501+,0.04,0.000384,2156,33,501+,0.1,0.00755,0.023815,0,0,0,,0.88,2024-25
2026-07-27,2026-08-03,47049,Fentress County,Tennessee,TN,quiet,4.7e-05,2816,84,501+,0.04,0.000226,2664,80,501+,0.06,0.007549,0.013128,0,0,0,,0.895,2024-25
2026-07-27,2026-08-03,05037,Cross County,Arkansas,AR,quiet,4.7e-05,2817,69,501+,0.04,0.000159,2888,70,501+,0.04,0.007549,0.008833,0,0,0,,,
2026-07-27,2026-08-03,21229,Washington County,Kentucky,KY,quiet,4.7e-05,2818,83,501+,0.04,0.000236,2632,58,501+,0.06,0.007544,0.013773,0,0,0,,0.993,2024-25
2026-07-27,2026-08-03,54083,Randolph County,West Virginia,WV,quiet,4.7e-05,2819,32,501+,0.04,0.000211,2717,31,501+,0.05,0.007539,0.012171,0,0,0,,,
2026-07-27,2026-08-03,29011,Barton County,Missouri,MO,quiet,4.7e-05,2820,105,501+,0.04,0.000413,2084,77,501+,0.1,0.007531,0.02579,0,0,0,,0.933,2024-25
2026-07-27,2026-08-03,37187,Washington County,North Carolina,NC,quiet,4.7e-05,2821,96,501+,0.04,9e-05,3089,100,501+,0.02,0.007529,0.00465,0,0,0,,1.0,2024-25
2026-07-27,2026-08-03,19023,Butler County,Iowa,IA,quiet,4.7e-05,2822,91,501+,0.04,0.000217,2696,89,501+,0.05,0.007514,0.012523,0,0,0,,0.92771084,2024-25
2026-07-27,2026-08-03,48125,Dickens County,Texas,TX,quiet,4.7e-05,2823,237,501+,0.04,0.00022,2685,234,501+,0.06,0.007507,0.01273,0,0,0,,0.888889,2024-25
2026-07-27,2026-08-03,17129,Menard County,Illinois,IL,quiet,4.7e-05,2824,90,501+,0.04,0.000286,2475,75,501+,0.07,0.007501,0.017136,0,0,0,,0.954,2024-25
2026-07-27,2026-08-03,13283,Treutlen County,Georgia,GA,quiet,4.7e-05,2825,135,501+,0.03,0.000144,2941,144,501+,0.04,0.007478,0.007896,0,0,0,,,
2026-07-27,2026-08-03,31117,McPherson County,Nebraska,NE,quiet,4.7e-05,2826,80,501+,0.03,9.4e-05,3079,90,501+,0.02,0.007474,0.004839,0,0,0,,1.0,2024-25
2026-07-27,2026-08-03,46069,Hyde County,South Dakota,SD,quiet,4.7e-05,2827,61,501+,0.03,0.000276,2501,53,501+,0.07,0.007458,0.016479,0,0,0,,0.89,2024-25
2026-07-27,2026-08-03,35003,Catron County,New Mexico,NM,quiet,4.7e-05,2828,29,501+,0.03,0.000769,1498,21,501+,0.19,0.007436,0.051164,0,0,0,,0.5,2024-25
2026-07-27,2026-08-03,55091,Pepin County,Wisconsin,WI,quiet,4.6e-05,2829,68,501+,0.03,0.000253,2584,67,501+,0.06,0.007416,0.014914,0,0,0,,0.83,2024-25
2026-07-27,2026-08-03,51081,Greensville County,Virginia,VA,quiet,4.6e-05,2830,111,501+,0.03,7.8e-05,3106,130,501+,0.02,0.007411,0.00395,0,0,0,,0.985,2024-25
2026-07-27,2026-08-03,17131,Mercer County,Illinois,IL,quiet,4.6e-05,2831,91,501+,0.03,0.000332,2306,65,501+,0.08,0.007389,0.020229,0,0,0,,0.971,2024-25
2026-07-27,2026-08-03,01085,Lowndes County,Alabama,AL,quiet,4.6e-05,2832,58,501+,0.03,0.000208,2730,57,501+,0.05,0.007383,0.011936,0,0,0,,0.9099,2024-25
2026-07-27,2026-08-03,31155,Saunders County,Nebraska,NE,quiet,4.6e-05,2833,81,501+,0.03,0.000285,2478,64,501+,0.07,0.007376,0.017033,0,0,0,,0.951871658,2024-25
2026-07-27,2026-08-03,21171,Monroe County,Kentucky,KY,quiet,4.6e-05,2834,84,501+,0.03,0.000102,3065,108,501+,0.03,0.007351,0.00536,0,0,0,,0.852,2024-25
2026-07-27,2026-08-03,29181,Ripley County,Missouri,MO,quiet,4.6e-05,2835,106,501+,0.03,0.000475,1942,66,501+,0.12,0.007345,0.030183,0,0,0,,0.876,2024-25
2026-07-27,2026-08-03,28079,Leake County,Mississippi,MS,quiet,4.6e-05,2836,67,501+,0.03,0.000166,2863,64,501+,0.04,0.007321,0.009258,0,0,0,,0.9963,2024-25
2026-07-27,2026-08-03,30023,Deer Lodge County,Montana,MT,quiet,4.6e-05,2837,44,501+,0.03,0.000248,2605,41,501+,0.06,0.007317,0.01456,0,0,0,,,
2026-07-27,2026-08-03,13111,Fannin County,Georgia,GA,quiet,4.6e-05,2838,136,501+,0.03,0.000252,2587,110,501+,0.06,0.007306,0.014856,0,0,0,,,
2026-07-27,2026-08-03,18013,Brown County,Indiana,IN,quiet,4.6e-05,2839,88,501+,0.03,0.000322,2341,70,501+,0.08,0.007289,0.019552,0,0,0,,0.913,2024-25
2026-07-27,2026-08-03,30057,Madison County,Montana,MT,quiet,4.6e-05,2840,45,501+,0.03,0.000313,2371,38,501+,0.08,0.007289,0.018942,0,0,0,,,
2026-07-27,2026-08-03,48433,Stonewall County,Texas,TX,quiet,4.6e-05,2841,238,501+,0.03,0.000112,3035,242,501+,0.03,0.007268,0.005959,0,0,0,,1.0,2024-25
2026-07-27,2026-08-03,01105,Perry County,Alabama,AL,quiet,4.5e-05,2842,59,501+,0.03,0.000108,3047,65,501+,0.03,0.007259,0.005728,0,0,0,,0.9512,2024-25
2026-07-27,2026-08-03,51195,Wise County,Virginia,VA,quiet,4.5e-05,2843,112,501+,0.03,0.00018,2818,110,501+,0.05,0.007258,0.010158,0,0,0,,0.932,2024-25
2026-07-27,2026-08-03,21143,Lyon County,Kentucky,KY,quiet,4.5e-05,2844,85,501+,0.03,0.00021,2720,66,501+,0.05,0.007258,0.012066,0,0,0,,0.96,2024-25
2026-07-27,2026-08-03,31135,Perkins County,Nebraska,NE,quiet,4.5e-05,2845,82,501+,0.03,0.00029,2454,61,501+,0.07,0.007253,0.017362,0,0,0,,0.958333333,2024-25
2026-07-27,2026-08-03,28069,Kemper County,Mississippi,MS,quiet,4.5e-05,2846,68,501+,0.03,0.000198,2764,58,501+,0.05,0.00725,0.011321,0,0,0,,0.987,2024-25
2026-07-27,2026-08-03,47005,Benton County,Tennessee,TN,quiet,4.5e-05,2847,85,501+,0.03,0.000182,2810,85,501+,0.05,0.007244,0.010314,0,0,0,,0.946,2024-25
2026-07-27,2026-08-03,47127,Moore County,Tennessee,TN,quiet,4.5e-05,2848,86,501+,0.03,0.000182,2814,86,501+,0.05,0.007218,0.010268,0,0,0,,0.917,2024-25
2026-07-27,2026-08-03,19017,Bremer County,Iowa,IA,quiet,4.5e-05,2849,92,501+,0.03,0.000534,1833,35,501+,0.13,0.007195,0.034283,0,0,0,,0.88202247,2024-25
2026-07-27,2026-08-03,21089,Greenup County,Kentucky,KY,quiet,4.5e-05,2850,86,501+,0.03,0.000296,2437,48,501+,0.07,0.007177,0.017777,0,0,0,,0.93663912,2024-25
2026-07-27,2026-08-03,29063,DeKalb County,Missouri,MO,quiet,4.5e-05,2851,107,501+,0.03,0.000391,2141,79,501+,0.1,0.007174,0.024286,0,0,0,,0.974,2024-25
2026-07-27,2026-08-03,20195,Trego County,Kansas,KS,quiet,4.5e-05,2852,101,501+,0.03,0.000171,2848,101,501+,0.04,0.007161,0.009575,0,0,0,,0.9802,2024-25
2026-07-27,2026-08-03,13299,Ware County,Georgia,GA,quiet,4.5e-05,2853,137,501+,0.03,0.000147,2929,140,501+,0.04,0.00712,0.00809,0,0,0,,,
2026-07-27,2026-08-03,50013,Grand Isle County,Vermont,VT,quiet,4.5e-05,2854,14,501+,0.03,0.000257,2564,13,501+,0.06,0.007116,0.015211,0,0,0,,,
2026-07-27,2026-08-03,47087,Jackson County,Tennessee,TN,quiet,4.5e-05,2855,87,501+,0.03,0.000134,2974,91,501+,0.03,0.007098,0.007248,0,0,0,,0.908,2024-25
2026-07-27,2026-08-03,21193,Perry County,Kentucky,KY,quiet,4.5e-05,2856,87,501+,0.03,0.000125,2998,96,501+,0.03,0.007094,0.006746,0,0,0,,0.776,2024-25
2026-07-27,2026-08-03,30037,Golden Valley County,Montana,MT,quiet,4.4e-05,2857,46,501+,0.03,0.000131,2985,46,501+,0.03,0.007075,0.007074,0,0,0,,,
2026-07-27,2026-08-03,13265,Taliaferro County,Georgia,GA,quiet,4.4e-05,2858,138,501+,0.03,9e-05,3090,158,501+,0.02,0.007071,0.004643,0,0,0,,,
2026-07-27,2026-08-03,51640,Galax City,Virginia,VA,quiet,4.4e-05,2859,113,501+,0.03,0.000206,2735,105,501+,0.05,0.007058,0.011808,0,0,0,,0.892,2024-25
2026-07-27,2026-08-03,29157,Perry County,Missouri,MO,quiet,4.4e-05,2860,108,501+,0.03,0.000233,2640,104,501+,0.06,0.007036,0.013576,0,0,0,,0.882,2024-25
2026-07-27,2026-08-03,21207,Russell County,Kentucky,KY,quiet,4.4e-05,2861,88,501+,0.03,0.000142,2951,88,501+,0.04,0.007023,0.007754,0,0,0,,0.96,2024-25
2026-07-27,2026-08-03,13131,Grady County,Georgia,GA,quiet,4.4e-05,2862,139,501+,0.03,0.000122,3007,152,501+,0.03,0.00702,0.006564,0,0,0,,,
2026-07-27,2026-08-03,05103,Ouachita County,Arkansas,AR,quiet,4.4e-05,2863,70,501+,0.03,0.000233,2638,50,501+,0.06,0.007017,0.013622,0,0,0,,,
2026-07-27,2026-08-03,19121,Madison County,Iowa,IA,quiet,4.4e-05,2864,93,501+,0.03,0.00013,2988,99,501+,0.03,0.007007,0.007037,0,0,0,,0.88780488,2024-25
2026-07-27,2026-08-03,21053,Clinton County,Kentucky,KY,quiet,4.4e-05,2865,89,501+,0.03,0.000165,2866,76,501+,0.04,0.006978,0.009206,0,0,0,,0.89,2024-25
2026-07-27,2026-08-03,54071,Pendleton County,West Virginia,WV,quiet,4.4e-05,2866,33,501+,0.03,0.000147,2932,42,501+,0.04,0.006975,0.008058,0,0,0,,,
2026-07-27,2026-08-03,12037,Franklin County,Florida,FL,quiet,4.4e-05,2867,67,501+,0.03,0.000238,2624,66,501+,0.06,0.006967,0.013918,0,0,0,,0.912,2024-25
2026-07-27,2026-08-03,17189,Washington County,Illinois,IL,quiet,4.4e-05,2868,92,501+,0.03,0.000309,2389,72,501+,0.08,0.006958,0.018655,0,0,0,,0.989,2024-25
2026-07-27,2026-08-03,28025,Clay County,Mississippi,MS,quiet,4.4e-05,2869,69,501+,0.03,0.000216,2700,55,501+,0.05,0.006939,0.012469,0,0,0,,0.9788,2024-25
2026-07-27,2026-08-03,35051,Sierra County,New Mexico,NM,quiet,4.4e-05,2870,30,501+,0.03,0.00032,2349,27,501+,0.08,0.006935,0.019389,0,0,0,,0.9024,2024-25
2026-07-27,2026-08-03,41021,Gilliam County,Oregon,OR,quiet,4.4e-05,2871,36,501+,0.03,0.000155,2899,35,501+,0.04,0.006932,0.008562,0,0,0,,0.923,2024-25
2026-07-27,2026-08-03,55061,Kewaunee County,Wisconsin,WI,quiet,4.3e-05,2872,69,501+,0.03,0.000243,2614,69,501+,0.06,0.006924,0.014255,0,0,0,,0.9,2024-25
2026-07-27,2026-08-03,51025,Brunswick County,Virginia,VA,quiet,4.3e-05,2873,114,501+,0.03,0.000122,3010,124,501+,0.03,0.006924,0.006522,0,0,0,,0.929,2024-25
2026-07-27,2026-08-03,48253,Jones County,Texas,TX,quiet,4.3e-05,2874,239,501+,0.03,0.000283,2486,223,501+,0.07,0.006923,0.016917,0,0,0,,0.966102,2024-25
2026-07-27,2026-08-03,38039,Griggs County,North Dakota,ND,quiet,4.3e-05,2875,46,501+,0.03,0.000272,2518,39,501+,0.07,0.006876,0.01618,0,0,0,,0.8857,2024-25
2026-07-27,2026-08-03,21187,Owen County,Kentucky,KY,quiet,4.3e-05,2876,90,501+,0.03,8.7e-05,3096,115,501+,0.02,0.006869,0.004433,0,0,0,,0.992,2024-25
2026-07-27,2026-08-03,13017,Ben Hill County,Georgia,GA,quiet,4.3e-05,2877,140,501+,0.03,0.000147,2930,141,501+,0.04,0.00686,0.008079,0,0,0,,,
2026-07-27,2026-08-03,13291,Union County,Georgia,GA,quiet,4.3e-05,2878,141,501+,0.03,0.00022,2684,117,501+,0.06,0.00685,0.012762,0,0,0,,,
2026-07-27,2026-08-03,21081,Grant County,Kentucky,KY,quiet,4.3e-05,2879,91,501+,0.03,0.000186,2800,71,501+,0.05,0.006843,0.010545,0,0,0,,0.956,2024-25
2026-07-27,2026-08-03,37015,Bertie County,North Carolina,NC,quiet,4.3e-05,2880,97,501+,0.03,0.000153,2905,99,501+,0.04,0.00684,0.008473,0,0,0,,1.0,2024-25
2026-07-27,2026-08-03,01111,Randolph County,Alabama,AL,quiet,4.3e-05,2881,60,501+,0.03,0.000306,2402,47,501+,0.08,0.006837,0.018458,0,0,0,,0.9667,2024-25
2026-07-27,2026-08-03,22039,Evangeline Parish,Louisiana,LA,quiet,4.3e-05,2882,58,501+,0.03,0.000218,2693,50,501+,0.05,0.006824,0.012595,0,0,0,,0.9275,2024-25
2026-07-27,2026-08-03,55011,Buffalo County,Wisconsin,WI,quiet,4.3e-05,2883,70,501+,0.03,0.000344,2273,64,501+,0.09,0.006821,0.02104,0,0,0,,0.89,2024-25
2026-07-27,2026-08-03,37091,Hertford County,North Carolina,NC,quiet,4.3e-05,2884,98,501+,0.03,0.000237,2629,91,501+,0.06,0.006795,0.013861,0,0,0,,0.97530864,2024-25
2026-07-27,2026-08-03,20005,Atchison County,Kansas,KS,quiet,4.3e-05,2885,102,501+,0.03,0.000171,2847,100,501+,0.04,0.006765,0.009577,0,0,0,,0.9991,2024-25
2026-07-27,2026-08-03,29195,Saline County,Missouri,MO,quiet,4.3e-05,2886,109,501+,0.03,0.000299,2426,93,501+,0.08,0.006763,0.018022,0,0,0,,0.941,2024-25
2026-07-27,2026-08-03,48377,Presidio County,Texas,TX,quiet,4.2e-05,2887,240,501+,0.03,0.000229,2651,232,501+,0.06,0.006754,0.01336,0,0,0,,1.0,2024-25
2026-07-27,2026-08-03,19175,Union County,Iowa,IA,quiet,4.2e-05,2888,94,501+,0.03,0.000292,2448,74,501+,0.07,0.006748,0.0175,0,0,0,,0.96062992,2024-25
2026-07-27,2026-08-03,13099,Early County,Georgia,GA,quiet,4.2e-05,2889,142,501+,0.03,0.000219,2686,118,501+,0.06,0.006724,0.012698,0,0,0,,,
2026-07-27,2026-08-03,47027,Clay County,Tennessee,TN,quiet,4.2e-05,2890,88,501+,0.03,0.000187,2795,84,501+,0.05,0.006716,0.01059,0,0,0,,0.937,2024-25
2026-07-27,2026-08-03,01037,Coosa County,Alabama,AL,quiet,4.2e-05,2891,61,501+,0.03,9.3e-05,3080,67,501+,0.02,0.006707,0.004793,0,0,0,,1.0,2024-25
2026-07-27,2026-08-03,30019,Daniels County,Montana,MT,quiet,4.2e-05,2892,47,501+,0.03,0.000112,3037,50,501+,0.03,0.006701,0.005911,0,0,0,,,
2026-07-27,2026-08-03,21131,Leslie County,Kentucky,KY,quiet,4.2e-05,2893,92,501+,0.03,0.000123,3006,98,501+,0.03,0.006697,0.006588,0,0,0,,0.89622642,2024-25
2026-07-27,2026-08-03,19039,Clarke County,Iowa,IA,quiet,4.2e-05,2894,95,501+,0.03,0.000226,2665,85,501+,0.06,0.006679,0.013127,0,0,0,,0.92741935,2024-25
2026-07-27,2026-08-03,28143,Tunica County,Mississippi,MS,quiet,4.2e-05,2895,70,501+,0.03,0.000134,2972,71,501+,0.03,0.006674,0.007304,0,0,0,,0.9928,2024-25
2026-07-27,2026-08-03,51595,Emporia City,Virginia,VA,quiet,4.2e-05,2896,115,501+,0.03,0.000149,2919,117,501+,0.04,0.006658,0.008201,0,0,0,,,
2026-07-27,2026-08-03,38075,Renville County,North Dakota,ND,quiet,4.2e-05,2897,47,501+,0.03,0.000241,2619,43,501+,0.06,0.006639,0.014122,0,0,0,,0.9167,2024-25
2026-07-27,2026-08-03,01119,Sumter County,Alabama,AL,quiet,4.2e-05,2898,62,501+,0.03,0.000202,2751,58,501+,0.05,0.006628,0.011599,0,0,0,,1.0,2024-25
2026-07-27,2026-08-03,21215,Spencer County,Kentucky,KY,quiet,4.2e-05,2899,93,501+,0.03,0.000498,1892,33,501+,0.13,0.006624,0.031766,0,0,0,,0.94017094,2024-25
2026-07-27,2026-08-03,54007,Braxton County,West Virginia,WV,quiet,4.2e-05,2900,34,501+,0.03,0.00025,2595,27,501+,0.06,0.006603,0.014694,0,0,0,,,
2026-07-27,2026-08-03,21189,Owsley County,Kentucky,KY,quiet,4.2e-05,2901,94,501+,0.03,0.000142,2952,89,501+,0.04,0.0066,0.007749,0,0,0,,0.869,2024-25
2026-07-27,2026-08-03,28163,Yazoo County,Mississippi,MS,quiet,4.1e-05,2902,71,501+,0.03,0.000144,2944,68,501+,0.04,0.006586,0.007876,0,0,0,,0.9884,2024-25
2026-07-27,2026-08-03,01063,Greene County,Alabama,AL,quiet,4.1e-05,2903,63,501+,0.03,0.000117,3028,64,501+,0.03,0.006568,0.006226,0,0,0,,0.85,2024-25
2026-07-27,2026-08-03,47171,Unicoi County,Tennessee,TN,quiet,4.1e-05,2904,89,501+,0.03,0.000131,2981,92,501+,0.03,0.006562,0.007121,0,0,0,,0.987,2024-25
2026-07-27,2026-08-03,28133,Sunflower County,Mississippi,MS,quiet,4.1e-05,2905,72,501+,0.03,0.00016,2881,65,501+,0.04,0.006554,0.00892,0,0,0,,0.9872,2024-25
2026-07-27,2026-08-03,13307,Webster County,Georgia,GA,quiet,4.1e-05,2906,143,501+,0.03,0.000103,3062,156,501+,0.03,0.006537,0.005382,0,0,0,,,
2026-07-27,2026-08-03,13061,Clay County,Georgia,GA,quiet,4.1e-05,2907,144,501+,0.03,0.000227,2660,116,501+,0.06,0.006523,0.013193,0,0,0,,,
2026-07-27,2026-08-03,28027,Coahoma County,Mississippi,MS,quiet,4.1e-05,2908,73,501+,0.03,0.0001,3070,78,501+,0.03,0.006519,0.005205,0,0,0,,0.9965,2024-25
2026-07-27,2026-08-03,02164,Lake and Peninsula Borough,Alaska,AK,quiet,4.1e-05,2909,26,501+,0.03,0.000149,2920,28,501+,0.04,0.006504,0.0082,0,0,0,,,
2026-07-27,2026-08-03,39175,Wyandot County,Ohio,OH,quiet,4.1e-05,2910,82,501+,0.03,0.000205,2741,82,501+,0.05,0.006502,0.011762,0,0,0,,0.941,2024-25
2026-07-27,2026-08-03,20179,Sheridan County,Kansas,KS,quiet,4.1e-05,2911,103,501+,0.03,0.000245,2611,93,501+,0.06,0.006492,0.014381,0,0,0,,0.8597,2024-25
2026-07-27,2026-08-03,46119,Sully County,South Dakota,SD,quiet,4.1e-05,2912,62,501+,0.03,0.000161,2878,64,501+,0.04,0.006489,0.008989,0,0,0,,0.83,2024-25
2026-07-27,2026-08-03,30103,Treasure County,Montana,MT,quiet,4.1e-05,2913,48,501+,0.03,9.2e-05,3082,54,501+,0.02,0.006487,0.004762,0,0,0,,,
2026-07-27,2026-08-03,13315,Wilcox County,Georgia,GA,quiet,4.1e-05,2914,145,501+,0.03,0.000145,2939,143,501+,0.04,0.006478,0.007964,0,0,0,,,
2026-07-27,2026-08-03,13087,Decatur County,Georgia,GA,quiet,4.1e-05,2915,146,501+,0.03,0.00014,2956,147,501+,0.04,0.00647,0.007652,0,0,0,,,
2026-07-27,2026-08-03,13171,Lamar County,Georgia,GA,quiet,4.1e-05,2916,147,501+,0.03,0.000256,2572,107,501+,0.06,0.00646,0.015095,0,0,0,,,
2026-07-27,2026-08-03,20203,Wichita County,Kansas,KS,quiet,4.1e-05,2917,104,501+,0.03,8.6e-05,3099,105,501+,0.02,0.006451,0.004384,0,0,0,,1.0,2024-25
2026-07-27,2026-08-03,30025,Fallon County,Montana,MT,quiet,4.1e-05,2918,49,501+,0.03,0.00018,2819,43,501+,0.05,0.00645,0.010151,0,0,0,,,
2026-07-27,2026-08-03,54087,Roane County,West Virginia,WV,quiet,4.1e-05,2919,35,501+,0.03,0.000181,2817,36,501+,0.05,0.006434,0.010218,0,0,0,,,
2026-07-27,2026-08-03,38091,Steele County,North Dakota,ND,quiet,4e-05,2920,48,501+,0.03,0.000156,2895,51,501+,0.04,0.006417,0.008642,0,0,0,,1.0,2024-25
2026-07-27,2026-08-03,21133,Letcher County,Kentucky,KY,quiet,4e-05,2921,95,501+,0.03,9.2e-05,3084,113,501+,0.02,0.006401,0.004731,0,0,0,,0.921,2024-25
2026-07-27,2026-08-03,51530,Buena Vista City,Virginia,VA,quiet,4e-05,2922,116,501+,0.03,0.000231,2646,100,501+,0.06,0.006378,0.013483,0,0,0,,0.929,2024-25
2026-07-27,2026-08-03,21169,Metcalfe County,Kentucky,KY,quiet,4e-05,2923,96,501+,0.03,0.000117,3027,101,501+,0.03,0.006369,0.006247,0,0,0,,0.99,2024-25
2026-07-27,2026-08-03,46017,Buffalo County,South Dakota,SD,quiet,4e-05,2924,63,501+,0.03,7.9e-05,3105,66,501+,0.02,0.006365,0.003975,0,0,0,,,
2026-07-27,2026-08-03,51183,Sussex County,Virginia,VA,quiet,4e-05,2925,117,501+,0.03,0.000179,2821,111,501+,0.04,0.006361,0.010075,0,0,0,,0.75,2024-25
2026-07-27,2026-08-03,54091,Taylor County,West Virginia,WV,quiet,4e-05,2926,36,501+,0.03,0.000186,2802,34,501+,0.05,0.00636,0.010529,0,0,0,,,
2026-07-27,2026-08-03,29003,Andrew County,Missouri,MO,quiet,4e-05,2927,110,501+,0.03,0.000301,2418,91,501+,0.08,0.006346,0.018124,0,0,0,,0.948,2024-25
2026-07-27,2026-08-03,13081,Crisp County,Georgia,GA,quiet,4e-05,2928,148,501+,0.03,0.000153,2906,137,501+,0.04,0.006336,0.008437,0,0,0,,,
2026-07-27,2026-08-03,40057,Harmon County,Oklahoma,OK,quiet,4e-05,2929,77,501+,0.03,0.000207,2731,75,501+,0.05,0.006333,0.011915,0,0,0,,0.8889,2024-25
2026-07-27,2026-08-03,51097,King and Queen County,Virginia,VA,quiet,4e-05,2930,118,501+,0.03,0.000189,2788,107,501+,0.05,0.006323,0.010738,0,0,0,,0.907,2024-25
2026-07-27,2026-08-03,21203,Rockcastle County,Kentucky,KY,quiet,4e-05,2931,97,501+,0.03,0.000173,2837,73,501+,0.04,0.006307,0.009712,0,0,0,,0.798,2024-25
2026-07-27,2026-08-03,02188,Northwest Arctic Borough,Alaska,AK,quiet,4e-05,2932,27,501+,0.03,0.000216,2698,25,501+,0.05,0.006297,0.012504,0,0,0,,,
2026-07-27,2026-08-03,28055,Issaquena County,Mississippi,MS,quiet,4e-05,2933,74,501+,0.03,0.000101,3067,76,501+,0.03,0.006282,0.005277,0,0,0,,1.0,2024-25
2026-07-27,2026-08-03,39163,Vinton County,Ohio,OH,quiet,4e-05,2934,83,501+,0.03,0.000151,2910,84,501+,0.04,0.006261,0.008342,0,0,0,,0.902,2024-25
2026-07-27,2026-08-03,55051,Iron County,Wisconsin,WI,quiet,4e-05,2935,71,501+,0.03,0.000119,3022,72,501+,0.03,0.006257,0.00638,0,0,0,,0.83,2024-25
2026-07-27,2026-08-03,47007,Bledsoe County,Tennessee,TN,quiet,3.9e-05,2936,90,501+,0.03,0.000223,2676,81,501+,0.06,0.006249,0.012918,0,0,0,,0.944,2024-25
2026-07-27,2026-08-03,32009,Esmeralda County,Nevada,NV,quiet,3.9e-05,2937,16,501+,0.03,0.000112,3036,17,501+,0.03,0.006249,0.005946,0,0,0,,0.667,2024-25
2026-07-27,2026-08-03,08089,Otero County,Colorado,CO,quiet,3.9e-05,2938,57,501+,0.03,0.000207,2732,53,501+,0.05,0.006249,0.011904,0,0,0,,0.932,2024-25
2026-07-27,2026-08-03,29085,Hickory County,Missouri,MO,quiet,3.9e-05,2939,111,501+,0.03,0.000299,2427,94,501+,0.07,0.006234,0.017968,0,0,0,,0.891,2024-25
2026-07-27,2026-08-03,30079,Prairie County,Montana,MT,quiet,3.9e-05,2940,50,501+,0.03,0.000121,3012,49,501+,0.03,0.006225,0.00648,0,0,0,,,
2026-07-27,2026-08-03,20163,Rooks County,Kansas,KS,quiet,3.9e-05,2941,105,501+,0.03,0.000199,2763,98,501+,0.05,0.006207,0.011373,0,0,0,,1.0,2024-25
2026-07-27,2026-08-03,39121,Noble County,Ohio,OH,quiet,3.9e-05,2942,84,501+,0.03,0.000124,3002,87,501+,0.03,0.006191,0.006694,0,0,0,,0.941,2024-25
2026-07-27,2026-08-03,13287,Turner County,Georgia,GA,quiet,3.9e-05,2943,149,501+,0.03,0.000127,2995,151,501+,0.03,0.006185,0.006839,0,0,0,,,
2026-07-27,2026-08-03,30039,Granite County,Montana,MT,quiet,3.9e-05,2944,51,501+,0.03,0.000246,2610,42,501+,0.06,0.006176,0.01446,0,0,0,,,
2026-07-27,2026-08-03,01091,Marengo County,Alabama,AL,quiet,3.9e-05,2945,64,501+,0.03,0.000182,2812,61,501+,0.05,0.006148,0.010296,0,0,0,,0.9469,2024-25
2026-07-27,2026-08-03,05065,Izard County,Arkansas,AR,quiet,3.9e-05,2946,71,501+,0.03,0.000137,2966,73,501+,0.03,0.006125,0.007468,0,0,0,,,
2026-07-27,2026-08-03,28017,Chickasaw County,Mississippi,MS,quiet,3.9e-05,2947,75,501+,0.03,0.000117,3026,75,501+,0.03,0.006119,0.006254,0,0,0,,0.9957,2024-25
2026-07-27,2026-08-03,48075,Childress County,Texas,TX,quiet,3.9e-05,2948,241,501+,0.03,0.000332,2308,218,501+,0.08,0.006109,0.020218,0,0,0,,0.84127,2024-25
2026-07-27,2026-08-03,01019,Cherokee County,Alabama,AL,quiet,3.8e-05,2949,65,501+,0.03,0.000268,2531,52,501+,0.07,0.00609,0.015891,0,0,0,,0.9479,2024-25
2026-07-27,2026-08-03,21153,Magoffin County,Kentucky,KY,quiet,3.8e-05,2950,98,501+,0.03,7.4e-05,3109,119,501+,0.02,0.006083,0.003728,0,0,0,,0.891,2024-25
2026-07-27,2026-08-03,21011,Bath County,Kentucky,KY,quiet,3.8e-05,2951,99,501+,0.03,0.000123,3004,97,501+,0.03,0.006081,0.006633,0,0,0,,0.858,2024-25
2026-07-27,2026-08-03,54095,Tyler County,West Virginia,WV,quiet,3.8e-05,2952,37,501+,0.03,0.000223,2671,29,501+,0.06,0.00608,0.012968,0,0,0,,,
2026-07-27,2026-08-03,05111,Poinsett County,Arkansas,AR,quiet,3.8e-05,2953,72,501+,0.03,0.000162,2875,69,501+,0.04,0.006067,0.009003,0,0,0,,,
2026-07-27,2026-08-03,13293,Upson County,Georgia,GA,quiet,3.8e-05,2954,150,501+,0.03,0.000151,2911,139,501+,0.04,0.006061,0.008315,0,0,0,,,
2026-07-27,2026-08-03,17109,McDonough County,Illinois,IL,quiet,3.8e-05,2955,93,501+,0.03,0.000243,2612,81,501+,0.06,0.00606,0.01429,0,0,0,,0.956,2024-25
2026-07-27,2026-08-03,17159,Richland County,Illinois,IL,quiet,3.8e-05,2956,94,501+,0.03,0.000201,2758,86,501+,0.05,0.006051,0.011483,0,0,0,,0.988,2024-25
2026-07-27,2026-08-03,13239,Quitman County,Georgia,GA,quiet,3.8e-05,2957,151,501+,0.03,0.000121,3011,153,501+,0.03,0.006048,0.006482,0,0,0,,,
2026-07-27,2026-08-03,54075,Pocahontas County,West Virginia,WV,quiet,3.8e-05,2958,38,501+,0.03,0.000111,3041,48,501+,0.03,0.00604,0.005873,0,0,0,,,
2026-07-27,2026-08-03,27077,Lake of the Woods County,Minnesota,MN,quiet,3.8e-05,2959,87,501+,0.03,0.000225,2667,85,501+,0.06,0.006037,0.013079,0,0,0,,0.914,2024-25
2026-07-27,2026-08-03,28151,Washington County,Mississippi,MS,quiet,3.8e-05,2960,76,501+,0.03,8.7e-05,3094,80,501+,0.02,0.00603,0.004458,0,0,0,,0.9919,2024-25
2026-07-27,2026-08-03,35021,Harding County,New Mexico,NM,quiet,3.8e-05,2961,31,501+,0.03,0.000124,3003,32,501+,0.03,0.00603,0.006644,0,0,0,,1.0,2024-25
2026-07-27,2026-08-03,54005,Boone County,West Virginia,WV,quiet,3.8e-05,2962,39,501+,0.03,0.00014,2958,44,501+,0.04,0.005982,0.007642,0,0,0,,,
2026-07-27,2026-08-03,22093,St. James Parish,Louisiana,LA,quiet,3.8e-05,2963,59,501+,0.03,0.000242,2616,46,501+,0.06,0.005966,0.014218,0,0,0,,0.966,2024-25
2026-07-27,2026-08-03,17145,Perry County,Illinois,IL,quiet,3.8e-05,2964,95,501+,0.03,0.00012,3017,97,501+,0.03,0.005963,0.006426,0,0,0,,0.989,2024-25
2026-07-27,2026-08-03,47109,McNairy County,Tennessee,TN,quiet,3.8e-05,2965,91,501+,0.03,0.000179,2820,87,501+,0.04,0.005941,0.010096,0,0,0,,0.925,2024-25
2026-07-27,2026-08-03,02070,Dillingham Census Area,Alaska,AK,quiet,3.8e-05,2966,28,501+,0.03,0.000218,2690,24,501+,0.05,0.005926,0.012642,0,0,0,,,
2026-07-27,2026-08-03,21069,Fleming County,Kentucky,KY,quiet,3.8e-05,2967,100,501+,0.03,0.00014,2955,90,501+,0.04,0.005926,0.007654,0,0,0,,0.902,2024-25
2026-07-27,2026-08-03,39001,Adams County,Ohio,OH,quiet,3.7e-05,2968,85,501+,0.03,0.000146,2934,85,501+,0.04,0.005924,0.008022,0,0,0,,0.969,2024-25
2026-07-27,2026-08-03,19089,Howard County,Iowa,IA,quiet,3.7e-05,2969,96,501+,0.03,0.000383,2160,49,501+,0.1,0.005906,0.023728,0,0,0,,0.90853659,2024-25
2026-07-27,2026-08-03,54093,Tucker County,West Virginia,WV,quiet,3.7e-05,2970,40,501+,0.03,0.000161,2880,39,501+,0.04,0.005884,0.008971,0,0,0,,,
2026-07-27,2026-08-03,21161,Mason County,Kentucky,KY,quiet,3.7e-05,2971,101,501+,0.03,0.000159,2886,79,501+,0.04,0.005872,0.008853,0,0,0,,0.865,2024-25
2026-07-27,2026-08-03,54023,Grant County,West Virginia,WV,quiet,3.7e-05,2972,41,501+,0.03,0.000252,2589,26,501+,0.06,0.005865,0.014836,0,0,0,,,
2026-07-27,2026-08-03,26089,Leelanau County,Michigan,MI,quiet,3.7e-05,2973,76,501+,0.03,0.000194,2776,75,501+,0.05,0.005858,0.011081,0,0,0,,0.88198758,2024-25
2026-07-27,2026-08-03,29209,Stone County,Missouri,MO,quiet,3.7e-05,2974,112,501+,0.03,0.000271,2520,100,501+,0.07,0.005853,0.01615,0,0,0,,0.876,2024-25
2026-07-27,2026-08-03,37137,Pamlico County,North Carolina,NC,quiet,3.7e-05,2975,99,501+,0.03,0.000201,2753,96,501+,0.05,0.005845,0.011527,0,0,0,,0.95967742,2024-25
2026-07-27,2026-08-03,13229,Pierce County,Georgia,GA,quiet,3.7e-05,2976,152,501+,0.03,0.000365,2208,77,501+,0.09,0.005837,0.022521,0,0,0,,,
2026-07-27,2026-08-03,54089,Summers County,West Virginia,WV,quiet,3.7e-05,2977,42,501+,0.03,0.000145,2937,43,501+,0.04,0.005836,0.007973,0,0,0,,,
2026-07-27,2026-08-03,21099,Hart County,Kentucky,KY,quiet,3.7e-05,2978,102,501+,0.03,0.000228,2657,63,501+,0.06,0.005818,0.013263,0,0,0,,0.863,2024-25
2026-07-27,2026-08-03,22021,Caldwell Parish,Louisiana,LA,quiet,3.7e-05,2979,60,501+,0.03,0.000149,2921,60,501+,0.04,0.005809,0.008196,0,0,0,,0.9184,2024-25
2026-07-27,2026-08-03,54013,Calhoun County,West Virginia,WV,quiet,3.7e-05,2980,43,501+,0.03,0.00016,2883,40,501+,0.04,0.00577,0.008893,0,0,0,,,
2026-07-27,2026-08-03,28007,Attala County,Mississippi,MS,quiet,3.7e-05,2981,77,501+,0.03,0.0001,3069,77,501+,0.03,0.005769,0.005208,0,0,0,,0.9908,2024-25
2026-07-27,2026-08-03,38065,Oliver County,North Dakota,ND,quiet,3.6e-05,2982,49,501+,0.03,0.000121,3014,52,501+,0.03,0.005713,0.006472,0,0,0,,0.9286,2024-25
2026-07-27,2026-08-03,54021,Gilmer County,West Virginia,WV,quiet,3.6e-05,2983,44,501+,0.03,0.0002,2760,33,501+,0.05,0.005688,0.011442,0,0,0,,,
2026-07-27,2026-08-03,22091,St. Helena Parish,Louisiana,LA,quiet,3.6e-05,2984,61,501+,0.03,0.000151,2912,59,501+,0.04,0.005673,0.008304,0,0,0,,1.0,2024-25
2026-07-27,2026-08-03,13309,Wheeler County,Georgia,GA,quiet,3.6e-05,2985,153,501+,0.03,0.000249,2597,111,501+,0.06,0.00565,0.014664,0,0,0,,,
2026-07-27,2026-08-03,19037,Chickasaw County,Iowa,IA,quiet,3.6e-05,2986,97,501+,0.03,0.000262,2551,77,501+,0.07,0.005597,0.015524,0,0,0,,0.91176471,2024-25
2026-07-27,2026-08-03,21197,Powell County,Kentucky,KY,quiet,3.6e-05,2987,103,501+,0.03,0.000149,2922,82,501+,0.04,0.005596,0.008189,0,0,0,,0.933,2024-25
2026-07-27,2026-08-03,19131,Mitchell County,Iowa,IA,quiet,3.5e-05,2988,98,501+,0.03,0.000287,2470,76,501+,0.07,0.005579,0.017197,0,0,0,,0.88888889,2024-25
2026-07-27,2026-08-03,28135,Tallahatchie County,Mississippi,MS,quiet,3.5e-05,2989,78,501+,0.03,0.000125,2999,74,501+,0.03,0.005577,0.00674,0,0,0,,1.0,2024-25
2026-07-27,2026-08-03,30069,Petroleum County,Montana,MT,quiet,3.5e-05,2990,52,501+,0.03,8.1e-05,3104,55,501+,0.02,0.005561,0.004087,0,0,0,,,
2026-07-27,2026-08-03,21199,Pulaski County,Kentucky,KY,quiet,3.5e-05,2991,104,501+,0.03,0.000228,2656,62,501+,0.06,0.005548,0.01327,0,0,0,,0.949,2024-25
2026-07-27,2026-08-03,51173,Smyth County,Virginia,VA,quiet,3.5e-05,2992,119,501+,0.03,0.000156,2896,115,501+,0.04,0.005547,0.008628,0,0,0,,0.961,2024-25
2026-07-27,2026-08-03,48261,Kenedy County,Texas,TX,quiet,3.5e-05,2993,242,501+,0.03,0.000104,3058,246,501+,0.03,0.005537,0.00544,0,0,0,,0.923077,2024-25
2026-07-27,2026-08-03,55001,Adams County,Wisconsin,WI,quiet,3.5e-05,2994,72,501+,0.03,0.000231,2648,70,501+,0.06,0.005527,0.013462,0,0,0,,0.79,2024-25
2026-07-27,2026-08-03,18111,Newton County,Indiana,IN,quiet,3.5e-05,2995,89,501+,0.03,0.000289,2461,75,501+,0.07,0.005522,0.017318,0,0,0,,0.9247,2024-25
2026-07-27,2026-08-03,47151,Scott County,Tennessee,TN,quiet,3.5e-05,2996,92,501+,0.03,0.000158,2891,88,501+,0.04,0.005497,0.008757,0,0,0,,0.973,2024-25
2026-07-27,2026-08-03,38033,Golden Valley County,North Dakota,ND,quiet,3.5e-05,2997,50,501+,0.03,0.000162,2876,50,501+,0.04,0.005473,0.008997,0,0,0,,0.92,2024-25
2026-07-27,2026-08-03,46137,Ziebach County,South Dakota,SD,quiet,3.5e-05,2998,64,501+,0.03,0.000195,2773,61,501+,0.05,0.00545,0.011148,0,0,0,,1.0,2024-25
2026-07-27,2026-08-03,15005,Kalawao County,Hawaii,HI,quiet,3.4e-05,2999,5,501+,0.03,0.000188,2791,5,501+,0.05,0.005422,0.010683,0,0,0,,,
2026-07-27,2026-08-03,46021,Campbell County,South Dakota,SD,quiet,3.4e-05,3000,65,501+,0.03,0.000165,2868,63,501+,0.04,0.005416,0.009192,0,0,0,,0.93,2024-25
2026-07-27,2026-08-03,51077,Grayson County,Virginia,VA,quiet,3.4e-05,3001,120,501+,0.03,0.000146,2935,121,501+,0.04,0.005406,0.008013,0,0,0,,0.959,2024-25
2026-07-27,2026-08-03,28117,Prentiss County,Mississippi,MS,quiet,3.4e-05,3002,79,501+,0.03,0.000127,2994,73,501+,0.03,0.005397,0.006842,0,0,0,,0.9961,2024-25
2026-07-27,2026-08-03,22127,Winn Parish,Louisiana,LA,quiet,3.4e-05,3003,62,501+,0.03,0.000128,2993,61,501+,0.03,0.00539,0.006928,0,0,0,,0.9914,2024-25
2026-07-27,2026-08-03,33007,Coos County,New Hampshire,NH,quiet,3.4e-05,3004,10,501+,0.03,0.000143,2948,10,501+,0.04,0.005381,0.007809,0,0,0,,0.944,2024-25
2026-07-27,2026-08-03,21061,Edmonson County,Kentucky,KY,quiet,3.4e-05,3005,105,501+,0.03,0.000104,3059,106,501+,0.03,0.005368,0.005436,0,0,0,,0.944,2024-25
2026-07-27,2026-08-03,51147,Prince Edward County,Virginia,VA,quiet,3.4e-05,3006,121,501+,0.03,7e-05,3114,132,501+,0.02,0.005359,0.003473,0,0,0,,1.0,2024-25
2026-07-27,2026-08-03,51169,Scott County,Virginia,VA,quiet,3.4e-05,3007,122,501+,0.03,0.000125,3001,123,501+,0.03,0.005354,0.006719,0,0,0,,0.954,2024-25
2026-07-27,2026-08-03,45065,McCormick County,South Carolina,SC,quiet,3.4e-05,3008,45,501+,0.03,0.000143,2946,44,501+,0.04,0.005353,0.007864,0,0,0,,0.964,2024-25
2026-07-27,2026-08-03,13263,Talbot County,Georgia,GA,quiet,3.4e-05,3009,154,501+,0.03,0.000154,2902,136,501+,0.04,0.005343,0.008517,0,0,0,,,
2026-07-27,2026-08-03,51036,Charles City County,Virginia,VA,quiet,3.4e-05,3010,123,501+,0.03,0.000229,2652,101,501+,0.06,0.005315,0.013343,0,0,0,,0.645,2024-25
2026-07-27,2026-08-03,31081,Hamilton County,Nebraska,NE,quiet,3.4e-05,3011,83,501+,0.03,0.00027,2525,74,501+,0.07,0.005313,0.016065,0,0,0,,0.876106195,2024-25
2026-07-27,2026-08-03,51167,Russell County,Virginia,VA,quiet,3.4e-05,3012,124,501+,0.03,0.000173,2835,114,501+,0.04,0.005307,0.009744,0,0,0,,0.938,2024-25
2026-07-27,2026-08-03,45067,Marion County,South Carolina,SC,quiet,3.4e-05,3013,46,501+,0.03,0.000138,2964,45,501+,0.03,0.005303,0.007516,0,0,0,,0.986,2024-25
2026-07-27,2026-08-03,47057,Grainger County,Tennessee,TN,quiet,3.4e-05,3014,93,501+,0.03,0.000131,2983,93,501+,0.03,0.005298,0.00708,0,0,0,,0.987,2024-25
2026-07-27,2026-08-03,05067,Jackson County,Arkansas,AR,quiet,3.4e-05,3015,73,501+,0.03,0.000186,2801,63,501+,0.05,0.005292,0.010542,0,0,0,,,
2026-07-27,2026-08-03,26085,Lake County,Michigan,MI,quiet,3.4e-05,3016,77,501+,0.03,0.000208,2728,73,501+,0.05,0.005288,0.011953,0,0,0,,0.90909091,2024-25
2026-07-27,2026-08-03,54001,Barbour County,West Virginia,WV,quiet,3.4e-05,3017,45,501+,0.03,0.000211,2718,32,501+,0.05,0.005278,0.012157,0,0,0,,,
2026-07-27,2026-08-03,05107,Phillips County,Arkansas,AR,quiet,3.3e-05,3018,74,501+,0.02,0.000114,3029,75,501+,0.03,0.005251,0.006075,0,0,0,,,
2026-07-27,2026-08-03,17071,Henderson County,Illinois,IL,quiet,3.3e-05,3019,96,501+,0.02,0.00033,2311,67,501+,0.08,0.005217,0.020128,0,0,0,,0.966,2024-25
2026-07-27,2026-08-03,29147,Nodaway County,Missouri,MO,quiet,3.3e-05,3020,113,501+,0.02,0.00013,2987,113,501+,0.03,0.005199,0.007057,0,0,0,,0.962,2024-25
2026-07-27,2026-08-03,54047,McDowell County,West Virginia,WV,quiet,3.3e-05,3021,46,501+,0.02,9.6e-05,3075,50,501+,0.02,0.005198,0.004981,0,0,0,,,
2026-07-27,2026-08-03,19117,Lucas County,Iowa,IA,quiet,3.3e-05,3022,99,501+,0.02,0.000203,2748,94,501+,0.05,0.005177,0.011638,0,0,0,,0.85555556,2024-25
2026-07-27,2026-08-03,17153,Pulaski County,Illinois,IL,quiet,3.3e-05,3023,97,501+,0.02,0.00012,3018,98,501+,0.03,0.005162,0.006418,0,0,0,,0.854,2024-25
2026-07-27,2026-08-03,22041,Franklin Parish,Louisiana,LA,quiet,3.3e-05,3024,63,501+,0.02,0.00021,2719,51,501+,0.05,0.005147,0.012076,0,0,0,,0.886,2024-25
2026-07-27,2026-08-03,18139,Rush County,Indiana,IN,quiet,3.3e-05,3025,90,501+,0.02,0.000172,2841,88,501+,0.04,0.005136,0.009635,0,0,0,,0.9344,2024-25
2026-07-27,2026-08-03,31149,Rock County,Nebraska,NE,quiet,3.3e-05,3026,84,501+,0.02,0.000111,3040,88,501+,0.03,0.005117,0.005878,0,0,0,,0.941176471,2019-20
2026-07-27,2026-08-03,21205,Rowan County,Kentucky,KY,quiet,3.3e-05,3027,106,501+,0.02,0.000144,2945,85,501+,0.04,0.005111,0.007874,0,0,0,,0.899,2024-25
2026-07-27,2026-08-03,01035,Conecuh County,Alabama,AL,quiet,3.2e-05,3028,66,501+,0.02,0.000188,2793,59,501+,0.05,0.005091,0.010674,0,0,0,,0.9302,2024-25
2026-07-27,2026-08-03,21201,Robertson County,Kentucky,KY,quiet,3.2e-05,3029,107,501+,0.02,8.6e-05,3097,116,501+,0.02,0.005077,0.004426,0,0,0,,0.952,2024-25
2026-07-27,2026-08-03,48271,Kinney County,Texas,TX,quiet,3.2e-05,3030,243,501+,0.02,0.000109,3045,244,501+,0.03,0.005076,0.005741,0,0,0,,0.90625,2024-25
2026-07-27,2026-08-03,29227,Worth County,Missouri,MO,quiet,3.2e-05,3031,114,501+,0.02,4.8e-05,3131,115,501+,0.01,0.005074,0.002282,0,0,0,,1.0,2024-25
2026-07-27,2026-08-03,48173,Glasscock County,Texas,TX,quiet,3.2e-05,3032,244,501+,0.02,0.00011,3042,243,501+,0.03,0.00507,0.005834,0,0,0,,1.0,2024-25
2026-07-27,2026-08-03,21071,Floyd County,Kentucky,KY,quiet,3.2e-05,3033,108,501+,0.02,0.000143,2947,86,501+,0.04,0.005044,0.00786,0,0,0,,0.947,2024-25
2026-07-27,2026-08-03,13141,Hancock County,Georgia,GA,quiet,3.2e-05,3034,155,501+,0.02,0.000103,3063,157,501+,0.03,0.005036,0.005374,0,0,0,,,
2026-07-27,2026-08-03,17023,Clark County,Illinois,IL,quiet,3.2e-05,3035,98,501+,0.02,0.000149,2924,94,501+,0.04,0.005007,0.008181,0,0,0,,0.986,2024-25
2026-07-27,2026-08-03,54109,Wyoming County,West Virginia,WV,quiet,3.2e-05,3036,47,501+,0.02,0.000172,2840,37,501+,0.04,0.00498,0.009645,0,0,0,,,
2026-07-27,2026-08-03,51720,Norton City,Virginia,VA,quiet,3.2e-05,3037,125,501+,0.02,0.000105,3053,126,501+,0.03,0.004966,0.005539,0,0,0,,1.0,2022-23
2026-07-27,2026-08-03,08055,Huerfano County,Colorado,CO,quiet,3.2e-05,3038,58,501+,0.02,0.000164,2869,58,501+,0.04,0.004959,0.009156,0,0,0,,0.9184,2024-25
2026-07-27,2026-08-03,08057,Jackson County,Colorado,CO,quiet,3.2e-05,3039,59,501+,0.02,0.000121,3013,60,501+,0.03,0.004956,0.006477,0,0,0,,0.875,2024-25
2026-07-27,2026-08-03,01059,Franklin County,Alabama,AL,quiet,3.2e-05,3040,67,501+,0.02,0.0001,3068,66,501+,0.03,0.004953,0.005251,0,0,0,,0.9939,2024-25
2026-07-27,2026-08-03,28031,Covington County,Mississippi,MS,quiet,3.2e-05,3041,80,501+,0.02,0.000133,2977,72,501+,0.03,0.00495,0.007221,0,0,0,,0.9915,2024-25
2026-07-27,2026-08-03,21121,Knox County,Kentucky,KY,quiet,3.1e-05,3042,109,501+,0.02,8.9e-05,3092,114,501+,0.02,0.004915,0.004601,0,0,0,,0.892,2024-25
2026-07-27,2026-08-03,48345,Motley County,Texas,TX,quiet,3.1e-05,3043,245,501+,0.02,7e-05,3113,249,501+,0.02,0.004893,0.003499,0,0,0,,1.0,2024-25
2026-07-27,2026-08-03,31011,Boone County,Nebraska,NE,quiet,3.1e-05,3044,85,501+,0.02,0.000273,2514,71,501+,0.07,0.00489,0.016241,0,0,0,,0.984615385,2024-25
2026-07-27,2026-08-03,02068,Denali Borough,Alaska,AK,quiet,3.1e-05,3045,29,501+,0.02,8.3e-05,3101,30,501+,0.02,0.004866,0.004235,0,0,0,,,
2026-07-27,2026-08-03,22035,East Carroll Parish,Louisiana,LA,quiet,3.1e-05,3046,64,501+,0.02,0.000104,3056,63,501+,0.03,0.004845,0.005476,0,0,0,,,
2026-07-27,2026-08-03,48443,Terrell County,Texas,TX,quiet,3.1e-05,3047,246,501+,0.02,6.3e-05,3122,251,501+,0.02,0.004841,0.003077,0,0,0,,1.0,2024-25
2026-07-27,2026-08-03,36041,Hamilton County,New York,NY,quiet,3.1e-05,3048,62,501+,0.02,0.00014,2957,62,501+,0.04,0.00481,0.007651,0,0,0,,1.0,2024-25
2026-07-27,2026-08-03,30055,McCone County,Montana,MT,quiet,3e-05,3049,53,501+,0.02,0.00013,2986,47,501+,0.03,0.004741,0.007064,0,0,0,,,
2026-07-27,2026-08-03,38083,Sheridan County,North Dakota,ND,quiet,3e-05,3050,51,501+,0.02,0.0002,2759,45,501+,0.05,0.004722,0.01146,0,0,0,,0.5714,2024-25
2026-07-27,2026-08-03,47069,Hardeman County,Tennessee,TN,quiet,3e-05,3051,94,501+,0.02,0.000105,3054,94,501+,0.03,0.004717,0.00551,0,0,0,,0.991,2024-25
2026-07-27,2026-08-03,38007,Billings County,North Dakota,ND,quiet,3e-05,3052,52,501+,0.02,0.000241,2618,42,501+,0.06,0.004697,0.014155,0,0,0,,0.6667,2024-25
2026-07-27,2026-08-03,21231,Wayne County,Kentucky,KY,quiet,3e-05,3053,110,501+,0.02,0.000133,2976,93,501+,0.03,0.004692,0.007222,0,0,0,,0.967,2024-25
2026-07-27,2026-08-03,46125,Turner County,South Dakota,SD,quiet,3e-05,3054,66,501+,0.02,0.000216,2697,60,501+,0.05,0.004687,0.012509,0,0,0,,0.86,2024-25
2026-07-27,2026-08-03,39105,Meigs County,Ohio,OH,quiet,3e-05,3055,86,501+,0.02,0.000171,2850,83,501+,0.04,0.004673,0.009566,0,0,0,,0.979,2024-25
2026-07-27,2026-08-03,05129,Searcy County,Arkansas,AR,quiet,3e-05,3056,75,501+,0.02,0.000156,2897,72,501+,0.04,0.004663,0.00862,0,0,0,,,
2026-07-27,2026-08-03,26141,Presque Isle County,Michigan,MI,quiet,3e-05,3057,78,501+,0.02,0.000177,2824,77,501+,0.04,0.00466,0.009946,0,0,0,,0.91566265,2024-25
2026-07-27,2026-08-03,54097,Upshur County,West Virginia,WV,quiet,3e-05,3058,48,501+,0.02,0.00015,2915,41,501+,0.04,0.00465,0.008275,0,0,0,,,
2026-07-27,2026-08-03,48155,Foard County,Texas,TX,quiet,3e-05,3059,247,501+,0.02,5.3e-05,3129,252,501+,0.01,0.004632,0.002539,0,0,0,,1.0,2024-25
2026-07-27,2026-08-03,26069,Iosco County,Michigan,MI,quiet,3e-05,3060,79,501+,0.02,0.000154,2901,79,501+,0.04,0.004628,0.008524,0,0,0,,0.90140845,2024-25
2026-07-27,2026-08-03,21177,Muhlenberg County,Kentucky,KY,quiet,3e-05,3061,111,501+,0.02,0.000142,2949,87,501+,0.04,0.004623,0.007786,0,0,0,,0.917,2024-25
2026-07-27,2026-08-03,54017,Doddridge County,West Virginia,WV,quiet,3e-05,3062,49,501+,0.02,0.000125,3000,47,501+,0.03,0.004618,0.006728,0,0,0,,,
2026-07-27,2026-08-03,17065,Hamilton County,Illinois,IL,quiet,3e-05,3063,99,501+,0.02,5.9e-05,3125,102,501+,0.01,0.004601,0.002847,0,0,0,,0.989,2024-25
2026-07-27,2026-08-03,31167,Stanton County,Nebraska,NE,quiet,2.9e-05,3064,86,501+,0.02,0.000119,3023,87,501+,0.03,0.004586,0.006372,0,0,0,,1.0,2024-25
2026-07-27,2026-08-03,21235,Whitley County,Kentucky,KY,quiet,2.9e-05,3065,112,501+,0.02,0.000139,2960,91,501+,0.03,0.004569,0.007599,0,0,0,,0.853,2024-25
2026-07-27,2026-08-03,31139,Pierce County,Nebraska,NE,quiet,2.9e-05,3066,87,501+,0.02,0.000233,2639,78,501+,0.06,0.004551,0.013618,0,0,0,,0.901098901,2024-25
2026-07-27,2026-08-03,54059,Mingo County,West Virginia,WV,quiet,2.9e-05,3067,50,501+,0.02,0.00013,2990,46,501+,0.03,0.004549,0.007009,0,0,0,,,
2026-07-27,2026-08-03,30051,Liberty County,Montana,MT,quiet,2.9e-05,3068,54,501+,0.02,0.000107,3050,53,501+,0.03,0.004519,0.005639,0,0,0,,,
2026-07-27,2026-08-03,48431,Sterling County,Texas,TX,quiet,2.9e-05,3069,248,501+,0.02,0.000106,3052,245,501+,0.03,0.004514,0.005572,0,0,0,,1.0,2024-25
2026-07-27,2026-08-03,39131,Pike County,Ohio,OH,quiet,2.9e-05,3070,87,501+,0.02,0.000145,2938,86,501+,0.04,0.004502,0.00797,0,0,0,,0.949,2024-25
2026-07-27,2026-08-03,02230,Skagway Municipality,Alaska,AK,quiet,2.9e-05,3071,30,501+,0.02,0.000123,3005,29,501+,0.03,0.004498,0.006591,0,0,0,,,
2026-07-27,2026-08-03,13093,Dooly County,Georgia,GA,quiet,2.9e-05,3072,156,501+,0.02,0.000193,2780,126,501+,0.05,0.004479,0.01097,0,0,0,,,
2026-07-27,2026-08-03,26131,Ontonagon County,Michigan,MI,quiet,2.8e-05,3073,80,501+,0.02,0.000148,2926,80,501+,0.04,0.004426,0.008135,0,0,0,,0.82142857,2024-25
2026-07-27,2026-08-03,48263,Kent County,Texas,TX,quiet,2.8e-05,3074,249,501+,0.02,9.5e-05,3076,247,501+,0.02,0.004425,0.004947,0,0,0,,1.0,2024-25
2026-07-27,2026-08-03,21139,Livingston County,Kentucky,KY,quiet,2.8e-05,3075,113,501+,0.02,9.7e-05,3074,110,501+,0.02,0.00441,0.005042,0,0,0,,0.924,2024-25
2026-07-27,2026-08-03,21065,Estill County,Kentucky,KY,quiet,2.8e-05,3076,114,501+,0.02,0.000113,3031,102,501+,0.03,0.004381,0.00599,0,0,0,,0.951,2024-25
2026-07-27,2026-08-03,13165,Jenkins County,Georgia,GA,quiet,2.8e-05,3077,157,501+,0.02,9e-05,3091,159,501+,0.02,0.004333,0.004622,0,0,0,,,
2026-07-27,2026-08-03,21181,Nicholas County,Kentucky,KY,quiet,2.8e-05,3078,115,501+,0.02,0.000108,3048,103,501+,0.03,0.004328,0.005728,0,0,0,,0.962,2024-25
2026-07-27,2026-08-03,13259,Stewart County,Georgia,GA,quiet,2.8e-05,3079,158,501+,0.02,0.000235,2635,114,501+,0.06,0.004311,0.013747,0,0,0,,,
2026-07-27,2026-08-03,48045,Briscoe County,Texas,TX,quiet,2.8e-05,3080,250,501+,0.02,3.2e-05,3133,254,501+,0.01,0.004308,0.001442,0,0,0,,1.0,2024-25
2026-07-27,2026-08-03,37041,Chowan County,North Carolina,NC,quiet,2.8e-05,3081,100,501+,0.02,0.000223,2674,92,501+,0.06,0.004295,0.012931,0,0,0,,0.93706294,2024-25
2026-07-27,2026-08-03,54053,Mason County,West Virginia,WV,quiet,2.8e-05,3082,51,501+,0.02,9.2e-05,3083,51,501+,0.02,0.004285,0.004742,0,0,0,,,
2026-07-27,2026-08-03,18007,Benton County,Indiana,IN,quiet,2.8e-05,3083,91,501+,0.02,0.000138,2962,90,501+,0.03,0.004285,0.007552,0,0,0,,0.9906,2024-25
2026-07-27,2026-08-03,31057,Dundy County,Nebraska,NE,quiet,2.8e-05,3084,88,501+,0.02,0.000132,2979,83,501+,0.03,0.004276,0.007158,0,0,0,,0.909090909,2024-25
2026-07-27,2026-08-03,13191,McIntosh County,Georgia,GA,quiet,2.7e-05,3085,159,501+,0.02,0.000114,3030,155,501+,0.03,0.004268,0.006037,0,0,0,,,
2026-07-27,2026-08-03,28107,Panola County,Mississippi,MS,quiet,2.7e-05,3086,81,501+,0.02,9.1e-05,3085,79,501+,0.02,0.004239,0.004715,0,0,0,,0.9936,2024-25
2026-07-27,2026-08-03,28011,Bolivar County,Mississippi,MS,quiet,2.7e-05,3087,82,501+,0.02,6.6e-05,3117,81,501+,0.02,0.004174,0.003257,0,0,0,,0.9975,2024-25
2026-07-27,2026-08-03,08017,Cheyenne County,Colorado,CO,quiet,2.7e-05,3088,60,501+,0.02,0.000168,2857,57,501+,0.04,0.004161,0.009379,0,0,0,,0.8182,2024-25
2026-07-27,2026-08-03,54085,Ritchie County,West Virginia,WV,quiet,2.6e-05,3089,52,501+,0.02,0.000109,3046,49,501+,0.03,0.004106,0.00574,0,0,0,,,
2026-07-27,2026-08-03,54105,Wirt County,West Virginia,WV,quiet,2.6e-05,3090,53,501+,0.02,8.7e-05,3093,54,501+,0.02,0.004069,0.004464,0,0,0,,,
2026-07-27,2026-08-03,08025,Crowley County,Colorado,CO,quiet,2.6e-05,3091,61,501+,0.02,0.000112,3034,62,501+,0.03,0.004058,0.005962,0,0,0,,0.8824,2024-25
2026-07-27,2026-08-03,51017,Bath County,Virginia,VA,quiet,2.6e-05,3092,126,501+,0.02,8.7e-05,3095,129,501+,0.02,0.004058,0.004455,0,0,0,,0.896,2024-25
2026-07-27,2026-08-03,17193,White County,Illinois,IL,quiet,2.6e-05,3093,100,501+,0.02,7.5e-05,3108,100,501+,0.02,0.003982,0.003757,0,0,0,,0.988,2024-25
2026-07-27,2026-08-03,48269,King County,Texas,TX,quiet,2.6e-05,3094,251,501+,0.02,8.1e-05,3103,248,501+,0.02,0.003948,0.004102,0,0,0,,1.0,2024-25
2026-07-27,2026-08-03,35011,De Baca County,New Mexico,NM,quiet,2.5e-05,3095,32,501+,0.02,8.5e-05,3100,33,501+,0.02,0.003863,0.004328,0,0,0,,0.9333,2024-25
2026-07-27,2026-08-03,31165,Sioux County,Nebraska,NE,quiet,2.5e-05,3096,89,501+,0.02,6.3e-05,3120,91,501+,0.02,0.003853,0.003116,0,0,0,,1.0,2024-25
2026-07-27,2026-08-03,30045,Judith Basin County,Montana,MT,quiet,2.5e-05,3097,55,501+,0.02,0.000109,3043,52,501+,0.03,0.003846,0.005771,0,0,0,,,
2026-07-27,2026-08-03,08111,San Juan County,Colorado,CO,quiet,2.5e-05,3098,62,501+,0.02,0.00012,3015,61,501+,0.03,0.003835,0.006441,0,0,0,,0.8333,2024-25
2026-07-27,2026-08-03,51027,Buchanan County,Virginia,VA,quiet,2.5e-05,3099,127,501+,0.02,0.000104,3057,127,501+,0.03,0.003806,0.005473,0,0,0,,0.982,2024-25
2026-07-27,2026-08-03,29205,Shelby County,Missouri,MO,quiet,2.4e-05,3100,115,501+,0.02,9.7e-05,3072,114,501+,0.02,0.003756,0.00505,0,0,0,,0.901,2024-25
2026-07-27,2026-08-03,18009,Blackford County,Indiana,IN,quiet,2.4e-05,3101,92,501+,0.02,0.000104,3060,92,501+,0.03,0.003631,0.005433,0,0,0,,0.93,2024-25
2026-07-27,2026-08-03,08061,Kiowa County,Colorado,CO,quiet,2.3e-05,3102,63,501+,0.02,6.7e-05,3115,63,501+,0.02,0.003617,0.003318,0,0,0,,1.0,2024-25
2026-07-27,2026-08-03,51045,Craig County,Virginia,VA,quiet,2.3e-05,3103,128,501+,0.02,0.000146,2933,120,501+,0.04,0.0036,0.008039,0,0,0,,1.0,2024-25
2026-07-27,2026-08-03,48243,Jeff Davis County,Texas,TX,quiet,2.3e-05,3104,252,501+,0.02,0.000203,2750,235,501+,0.05,0.003581,0.011611,0,0,0,,0.875,2024-25
2026-07-27,2026-08-03,54043,Lincoln County,West Virginia,WV,quiet,2.3e-05,3105,54,501+,0.02,9.1e-05,3086,52,501+,0.02,0.003551,0.004689,0,0,0,,,
2026-07-27,2026-08-03,31171,Thomas County,Nebraska,NE,quiet,2.3e-05,3106,90,501+,0.02,0.000102,3066,89,501+,0.03,0.003506,0.005351,0,0,0,,1.0,2019-20
2026-07-27,2026-08-03,21115,Johnson County,Kentucky,KY,quiet,2.2e-05,3107,116,501+,0.02,9.3e-05,3081,112,501+,0.02,0.003426,0.004788,0,0,0,,0.875,2024-25
2026-07-27,2026-08-03,30059,Meagher County,Montana,MT,quiet,2.2e-05,3108,56,501+,0.02,0.000128,2992,48,501+,0.03,0.003423,0.006934,0,0,0,,,
2026-07-27,2026-08-03,47137,Pickett County,Tennessee,TN,quiet,2.2e-05,3109,95,501+,0.02,5.7e-05,3126,95,501+,0.01,0.003366,0.002774,0,0,0,,1.0,2023-24
2026-07-27,2026-08-03,48101,Cottle County,Texas,TX,quiet,2.2e-05,3110,253,501+,0.02,6.4e-05,3118,250,501+,0.02,0.003362,0.003141,0,0,0,,1.0,2024-25
2026-07-27,2026-08-03,17069,Hardin County,Illinois,IL,quiet,2.2e-05,3111,101,501+,0.02,7.2e-05,3111,101,501+,0.02,0.003328,0.003593,0,0,0,,1.0,2024-25
2026-07-27,2026-08-03,21135,Lewis County,Kentucky,KY,quiet,2.2e-05,3112,117,501+,0.02,9.5e-05,3078,111,501+,0.02,0.003321,0.00492,0,0,0,,0.951,2024-25
2026-07-27,2026-08-03,26001,Alcona County,Michigan,MI,quiet,2.2e-05,3113,81,501+,0.02,0.000111,3038,81,501+,0.03,0.00332,0.005884,0,0,0,,0.92156863,2024-25
2026-07-27,2026-08-03,35033,Mora County,New Mexico,NM,quiet,2.2e-05,3114,33,501+,0.02,0.000126,2996,31,501+,0.03,0.003312,0.006809,0,0,0,,1.0,2024-25
2026-07-27,2026-08-03,31027,Cedar County,Nebraska,NE,quiet,2.1e-05,3115,91,501+,0.02,0.000134,2973,82,501+,0.03,0.003226,0.007249,0,0,0,,0.864,2024-25
2026-07-27,2026-08-03,32029,Storey County,Nevada,NV,quiet,2.1e-05,3116,17,501+,0.02,0.000304,2412,15,501+,0.08,0.003204,0.018307,0,0,0,,0.966,2024-25
2026-07-27,2026-08-03,54045,Logan County,West Virginia,WV,quiet,2.1e-05,3117,55,501+,0.02,9.1e-05,3088,53,501+,0.02,0.003158,0.004682,0,0,0,,,
2026-07-27,2026-08-03,21043,Carter County,Kentucky,KY,quiet,2e-05,3118,118,501+,0.02,9.7e-05,3073,109,501+,0.02,0.003127,0.005044,0,0,0,,0.912,2024-25
2026-07-27,2026-08-03,51091,Highland County,Virginia,VA,quiet,2e-05,3119,129,501+,0.01,9.1e-05,3087,128,501+,0.02,0.003061,0.004685,0,0,0,,1.0,2024-25
2026-07-27,2026-08-03,51678,Lexington City,Virginia,VA,quiet,2e-05,3120,130,501+,0.01,0.000147,2928,118,501+,0.04,0.00303,0.008098,0,0,0,,0.962,2024-25
2026-07-27,2026-08-03,51690,Martinsville City,Virginia,VA,quiet,2e-05,3121,131,501+,0.01,5.2e-05,3130,133,501+,0.01,0.002998,0.00246,0,0,0,,0.991,2024-25
2026-07-27,2026-08-03,21165,Menifee County,Kentucky,KY,quiet,2e-05,3122,119,501+,0.01,7.1e-05,3112,120,501+,0.02,0.002987,0.003543,0,0,0,,1.0,2023-24
2026-07-27,2026-08-03,17061,Greene County,Illinois,IL,quiet,1.9e-05,3123,102,501+,0.01,0.000122,3009,96,501+,0.03,0.002844,0.006547,0,0,0,,0.986,2024-25
2026-07-27,2026-08-03,51750,Radford City,Virginia,VA,quiet,1.9e-05,3124,132,501+,0.01,0.000109,3044,125,501+,0.03,0.002817,0.005746,0,0,0,,0.959,2024-25
2026-07-27,2026-08-03,31071,Garfield County,Nebraska,NE,quiet,1.8e-05,3125,92,501+,0.01,6e-05,3124,92,501+,0.02,0.002667,0.002929,0,0,0,,1.0,2024-25
2026-07-27,2026-08-03,26083,Keweenaw County,Michigan,MI,quiet,1.8e-05,3126,82,501+,0.01,5.5e-05,3128,83,501+,0.01,0.002658,0.002655,0,0,0,,,
2026-07-27,2026-08-03,08079,Mineral County,Colorado,CO,quiet,1.7e-05,3127,64,501+,0.01,6.6e-05,3116,64,501+,0.02,0.002518,0.003259,0,0,0,,1.0,2024-25
2026-07-27,2026-08-03,26119,Montmorency County,Michigan,MI,quiet,1.6e-05,3128,83,501+,0.01,6.1e-05,3123,82,501+,0.02,0.002359,0.00299,0,0,0,,0.89583333,2024-25
2026-07-27,2026-08-03,31009,Blaine County,Nebraska,NE,quiet,1.6e-05,3129,93,501+,0.01,5.7e-05,3127,93,501+,0.01,0.002343,0.002757,0,0,0,,1.0,2019-20
2026-07-27,2026-08-03,21127,Lawrence County,Kentucky,KY,quiet,1.6e-05,3130,120,501+,0.01,8.1e-05,3102,117,501+,0.02,0.002337,0.004137,0,0,0,,0.848,2024-25
2026-07-27,2026-08-03,48327,Menard County,Texas,TX,quiet,1.5e-05,3131,254,501+,0.01,3.6e-05,3132,253,501+,0.01,0.002209,0.001638,0,0,0,,1.0,2024-25
2026-07-27,2026-08-03,38087,Slope County,North Dakota,ND,quiet,1.4e-05,3132,53,501+,0.01,9.5e-05,3077,53,501+,0.02,0.002075,0.004941,0,0,0,,1.0,2021-22
2026-07-27,2026-08-03,51051,Dickenson County,Virginia,VA,quiet,1.1e-05,3133,133,501+,0.01,7.4e-05,3110,131,501+,0.02,0.001561,0.003698,0,0,0,,0.991,2024-25
2026-07-27,2026-08-03,04021,Pinal County,Arizona,AZ,active,,,,,,,,,,,,,1,9,18,0,0.899,2024-25
2026-07-27,2026-08-03,10001,Kent County,Delaware,DE,active,,,,,,,,,,,,,4,8,8,0,,
2026-07-27,2026-08-03,39007,Ashtabula County,Ohio,OH,active,,,,,,,,,,,,,1,3,19,0,0.935,2024-25
2026-07-27,2026-08-03,42009,Bedford County,Pennsylvania,PA,active,,,,,,,,,,,,,1,1,1,0,0.953,2024-25
2026-07-27,2026-08-03,42029,Chester County,Pennsylvania,PA,active,,,,,,,,,,,,,8,16,19,0,0.945,2024-25
2026-07-27,2026-08-03,42063,Indiana County,Pennsylvania,PA,active,,,,,,,,,,,,,2,3,3,0,0.93,2024-25
2026-07-27,2026-08-03,42071,Lancaster County,Pennsylvania,PA,active,,,,,,,,,,,,,19,47,99,0,0.885,2024-25
2026-07-27,2026-08-03,42097,Northumberland County,Pennsylvania,PA,active,,,,,,,,,,,,,1,1,7,0,0.932,2024-25
2026-07-27,2026-08-03,42099,Perry County,Pennsylvania,PA,active,,,,,,,,,,,,,1,1,1,0,0.919,2024-25
2026-07-27,2026-08-03,42133,York County,Pennsylvania,PA,active,,,,,,,,,,,,,4,5,7,0,0.936,2024-25
2026-07-27,2026-08-03,53011,Clark County,Washington,WA,active,,,,,,,,,,,,,7,8,16,0,0.868,2024-25
