forecast_origin_week,target_week_start,fips,county,state,state_abbr,status,prob_case_next_week,national_rank_next_week,state_rank_next_week,tier_next_week,relative_risk_next_week,prob_case_next_4_weeks,national_rank_next_4_weeks,state_rank_next_4_weeks,tier_next_4_weeks,relative_risk_next_4_weeks,model_score_next_week,model_score_next_4_weeks,cases_this_week,cases_last_4_weeks,cumulative_cases_since_2025,weeks_since_last_case,kindergarten_mmr_coverage,mmr_school_year
2026-05-18,2026-05-25,49045,Tooele County,Utah,UT,quiet,0.167223,1,1,Top 50,111.88,0.373576,1,1,Top 50,72.96,0.986014,0.987807,0,1,19,2,0.968,2022-23
2026-05-18,2026-05-25,38035,Grand Forks County,North Dakota,ND,quiet,0.156458,2,1,Top 50,104.68,0.293252,2,1,Top 50,57.27,0.984883,0.982396,0,1,14,1,0.9341,2023-24
2026-05-18,2026-05-25,38017,Cass County,North Dakota,ND,quiet,0.124462,3,2,Top 50,83.27,0.281083,3,2,Top 50,54.9,0.980396,0.981308,0,1,8,1,0.9271,2023-24
2026-05-18,2026-05-25,36061,New York County,New York,NY,quiet,0.120341,4,1,Top 50,80.51,0.24868,4,1,Top 50,48.57,0.979649,0.977896,0,2,26,2,0.99160897,2022-23
2026-05-18,2026-05-25,12095,Orange County,Florida,FL,quiet,0.111652,5,1,Top 50,74.7,0.234469,5,1,Top 50,45.79,0.9779,0.976106,0,2,2,1,0.873,2022-23
2026-05-18,2026-05-25,12011,Broward County,Florida,FL,quiet,0.096232,6,2,Top 50,64.38,0.181158,7,2,Top 50,35.38,0.974042,0.966936,0,0,7,4,0.919,2022-23
2026-05-18,2026-05-25,06059,Orange County,California,CA,quiet,0.094061,7,1,Top 50,62.93,0.187083,6,1,Top 50,36.54,0.9734,0.968208,0,1,5,3,0.97374,2023-24
2026-05-18,2026-05-25,49011,Davis County,Utah,UT,quiet,0.084258,8,2,Top 50,56.37,0.154437,12,3,Top 50,30.16,0.970106,0.960026,0,0,15,7,0.964,2022-23
2026-05-18,2026-05-25,06067,Sacramento County,California,CA,quiet,0.080415,9,2,Top 50,53.8,0.169143,9,2,Top 50,33.04,0.968605,0.964092,0,1,13,3,0.96436,2023-24
2026-05-18,2026-05-25,04015,Mohave County,Arizona,AZ,quiet,0.069588,10,1,Top 50,46.56,0.174992,8,1,Top 50,34.18,0.963519,0.965524,0,3,285,2,0.76,2023-24
2026-05-18,2026-05-25,12057,Hillsborough County,Florida,FL,quiet,0.061396,11,3,Top 50,41.08,0.136338,17,4,Top 50,26.63,0.958536,0.953862,0,0,3,4,0.911,2022-23
2026-05-18,2026-05-25,53033,King County,Washington,WA,quiet,0.060904,12,1,Top 50,40.75,0.143012,15,1,Top 50,27.93,0.958196,0.95631,0,0,10,6,0.92208376,2023-24
2026-05-18,2026-05-25,06065,Riverside County,California,CA,quiet,0.058327,13,3,Top 50,39.02,0.146489,14,3,Top 50,28.61,0.956326,0.9575,0,2,6,3,0.9585,2023-24
2026-05-18,2026-05-25,53037,Kittitas County,Washington,WA,quiet,0.056083,14,2,Top 50,37.52,0.078084,35,3,Top 50,15.25,0.954566,0.915993,0,2,7,3,0.90339426,2023-24
2026-05-18,2026-05-25,49043,Summit County,Utah,UT,quiet,0.051738,15,3,Top 50,34.61,0.138076,16,4,Top 50,26.97,0.950745,0.954521,0,0,5,7,0.961,2022-23
2026-05-18,2026-05-25,04021,Pinal County,Arizona,AZ,quiet,0.050149,16,2,Top 50,33.55,0.157429,11,2,Top 50,30.75,0.949193,0.960913,0,1,4,3,0.89,2023-24
2026-05-18,2026-05-25,48201,Harris County,Texas,TX,quiet,0.048379,17,1,Top 50,32.37,0.128405,18,1,Top 50,25.08,0.94735,0.950635,0,1,10,3,0.94137416,2023-24
2026-05-18,2026-05-25,26099,Macomb County,Michigan,MI,quiet,0.040059,18,1,Top 50,26.8,0.10291,21,1,Top 50,20.1,0.936656,0.937076,0,1,4,2,0.8707,2023-24
2026-05-18,2026-05-25,08123,Weld County,Colorado,CO,quiet,0.03891,19,1,Top 50,26.03,0.062314,40,2,Top 50,12.17,0.934846,0.894718,0,0,6,5,0.9349,2023-24
2026-05-18,2026-05-25,12099,Palm Beach County,Florida,FL,quiet,0.038104,20,4,Top 50,25.49,0.149741,13,3,Top 50,29.25,0.933515,0.958565,0,1,2,3,0.906,2022-23
2026-05-18,2026-05-25,17031,Cook County,Illinois,IL,quiet,0.033115,21,1,Top 50,22.15,0.090383,26,1,Top 50,17.65,0.923954,0.927789,0,0,8,33,,
2026-05-18,2026-05-25,12097,Osceola County,Florida,FL,quiet,0.033061,22,5,Top 50,22.12,0.078999,32,7,Top 50,15.43,0.923837,0.916987,0,0,1,10,0.869,2022-23
2026-05-18,2026-05-25,42071,Lancaster County,Pennsylvania,PA,quiet,0.031688,23,1,Top 50,21.2,0.048657,60,3,51–150,9.5,0.920714,0.866552,0,0,9,12,0.90451421,2023-24
2026-05-18,2026-05-25,32003,Clark County,Nevada,NV,quiet,0.031588,24,1,Top 50,21.13,0.091294,25,1,Top 50,17.83,0.920477,0.928544,0,0,1,28,0.93,2022-23
2026-05-18,2026-05-25,34017,Hudson County,New Jersey,NJ,quiet,0.028723,25,1,Top 50,19.22,0.092331,24,1,Top 50,18.03,0.913044,0.929388,0,0,3,4,0.939,2023-24
2026-05-18,2026-05-25,49035,Salt Lake County,Utah,UT,quiet,0.028226,26,4,Top 50,18.88,0.158068,10,2,Top 50,30.87,0.911615,0.961098,0,0,62,6,0.967,2022-23
2026-05-18,2026-05-25,53061,Snohomish County,Washington,WA,quiet,0.02737,27,3,Top 50,18.31,0.081557,28,2,Top 50,15.93,0.909044,0.919658,0,0,16,12,0.92387111,2023-24
2026-05-18,2026-05-25,49057,Weber County,Utah,UT,quiet,0.027085,28,5,Top 50,18.12,0.126163,19,5,Top 50,24.64,0.908157,0.949653,0,0,2,17,0.965,2022-23
2026-05-18,2026-05-25,06013,Contra Costa County,California,CA,quiet,0.025989,29,4,Top 50,17.39,0.060037,44,7,Top 50,11.73,0.904577,0.890818,0,0,1,21,0.97856,2023-24
2026-05-18,2026-05-25,42075,Lebanon County,Pennsylvania,PA,quiet,0.024846,30,2,Top 50,16.62,0.053356,53,2,51–150,10.42,0.900541,0.877678,0,11,11,2,0.91672649,2023-24
2026-05-18,2026-05-25,08005,Arapahoe County,Colorado,CO,quiet,0.023532,31,2,Top 50,15.74,0.058293,49,4,Top 50,11.39,0.895472,0.887647,0,0,6,14,0.8738,2023-24
2026-05-18,2026-05-25,53063,Spokane County,Washington,WA,quiet,0.023383,32,4,Top 50,15.64,0.071643,37,4,Top 50,13.99,0.894866,0.908337,0,0,2,8,0.86362039,2023-24
2026-05-18,2026-05-25,48141,El Paso County,Texas,TX,quiet,0.021581,33,2,Top 50,14.44,0.038528,86,8,51–150,7.52,0.886942,0.834806,0,0,85,8,0.9637031,2023-24
2026-05-18,2026-05-25,12031,Duval County,Florida,FL,quiet,0.020713,34,6,Top 50,13.86,0.078329,34,8,Top 50,15.3,0.882695,0.916261,0,0,7,15,0.889,2022-23
2026-05-18,2026-05-25,06081,San Mateo County,California,CA,quiet,0.020532,35,5,Top 50,13.74,0.060672,43,6,Top 50,11.85,0.88177,0.891932,0,0,3,16,0.9854,2023-24
2026-05-18,2026-05-25,04005,Coconino County,Arizona,AZ,quiet,0.019535,36,3,Top 50,13.07,0.101851,22,4,Top 50,19.89,0.876401,0.936374,0,0,5,4,0.868,2023-24
2026-05-18,2026-05-25,48113,Dallas County,Texas,TX,quiet,0.019258,37,3,Top 50,12.88,0.03939,80,5,51–150,7.69,0.874828,0.838045,0,0,1,47,0.94260409,2023-24
2026-05-18,2026-05-25,38105,Williams County,North Dakota,ND,quiet,0.019021,38,3,Top 50,12.73,0.061012,42,3,Top 50,11.92,0.873446,0.892521,0,0,19,15,0.8346,2023-24
2026-05-18,2026-05-25,04019,Pima County,Arizona,AZ,quiet,0.018754,39,4,Top 50,12.55,0.118619,20,3,Top 50,23.17,0.871854,0.946087,0,0,3,14,0.928,2023-24
2026-05-18,2026-05-25,06001,Alameda County,California,CA,quiet,0.018601,40,6,Top 50,12.44,0.044572,67,8,51–150,8.71,0.870921,0.855241,0,0,0,,0.96359,2023-24
2026-05-18,2026-05-25,08001,Adams County,Colorado,CO,quiet,0.018535,41,3,Top 50,12.4,0.058545,48,3,Top 50,11.43,0.870518,0.888117,0,0,9,11,0.9203,2023-24
2026-05-18,2026-05-25,53025,Grant County,Washington,WA,quiet,0.018288,42,5,Top 50,12.24,0.041604,74,8,51–150,8.13,0.86898,0.845835,0,0,2,9,0.91015089,2023-24
2026-05-18,2026-05-25,53005,Benton County,Washington,WA,quiet,0.017855,43,6,Top 50,11.95,0.054124,52,6,51–150,10.57,0.866192,0.879334,0,0,0,,0.94438223,2023-24
2026-05-18,2026-05-25,41005,Clackamas County,Oregon,OR,quiet,0.017586,44,1,Top 50,11.77,0.053145,54,2,51–150,10.38,0.864402,0.877217,0,0,2,12,0.91,2023-24
2026-05-18,2026-05-25,41051,Multnomah County,Oregon,OR,quiet,0.017572,45,2,Top 50,11.76,0.078909,33,1,Top 50,15.41,0.864307,0.916891,0,0,1,47,0.926,2023-24
2026-05-18,2026-05-25,08031,Denver County,Colorado,CO,quiet,0.017462,46,4,Top 50,11.68,0.079183,31,1,Top 50,15.47,0.86356,0.917184,0,0,4,50,0.8902,2023-24
2026-05-18,2026-05-25,53021,Franklin County,Washington,WA,quiet,0.017172,47,7,Top 50,11.49,0.045749,64,7,51–150,8.94,0.861548,0.858677,0,0,0,,0.94777699,2023-24
2026-05-18,2026-05-25,53011,Clark County,Washington,WA,quiet,0.017114,48,8,Top 50,11.45,0.034944,104,10,51–150,6.82,0.861142,0.819939,0,0,8,15,0.89903755,2023-24
2026-05-18,2026-05-25,06085,Santa Clara County,California,CA,quiet,0.016693,49,7,Top 50,11.17,0.067052,39,5,Top 50,13.1,0.858102,0.902064,0,0,2,12,0.98631,2023-24
2026-05-18,2026-05-25,48029,Bexar County,Texas,TX,quiet,0.016625,50,4,Top 50,11.12,0.079825,30,2,Top 50,15.59,0.857596,0.917867,0,0,3,10,0.94400158,2023-24
2026-05-18,2026-05-25,48439,Tarrant County,Texas,TX,quiet,0.016402,51,5,51–150,10.97,0.038688,84,6,51–150,7.56,0.855926,0.835417,0,0,4,51,0.91521398,2023-24
2026-05-18,2026-05-25,56013,Fremont County,Wyoming,WY,quiet,0.016256,52,1,51–150,10.88,0.014058,256,1,151–500,2.75,0.854806,0.636058,0,1,6,3,0.91,2022-23
2026-05-18,2026-05-25,48157,Fort Bend County,Texas,TX,quiet,0.016227,53,6,51–150,10.86,0.022918,158,15,151–500,4.48,0.854585,0.744552,0,0,1,59,0.95671422,2023-24
2026-05-18,2026-05-25,53053,Pierce County,Washington,WA,quiet,0.01541,54,9,51–150,10.31,0.059357,46,5,Top 50,11.59,0.84798,0.889601,0,0,0,,0.91577956,2023-24
2026-05-18,2026-05-25,12071,Lee County,Florida,FL,quiet,0.015016,55,7,51–150,10.05,0.037176,92,15,51–150,7.26,0.844577,0.829479,0,0,3,10,0.916,2022-23
2026-05-18,2026-05-25,32031,Washoe County,Nevada,NV,quiet,0.014872,56,2,51–150,9.95,0.055143,51,2,51–150,10.77,0.84329,0.88147,0,0,1,21,0.95,2022-23
2026-05-18,2026-05-25,12117,Seminole County,Florida,FL,quiet,0.0148,57,8,51–150,9.9,0.055681,50,9,Top 50,10.87,0.842648,0.882568,0,0,0,,0.902,2022-23
2026-05-18,2026-05-25,08077,Mesa County,Colorado,CO,quiet,0.014772,58,5,51–150,9.88,0.046241,63,5,51–150,9.03,0.842397,0.86007,0,0,11,31,0.857,2023-24
2026-05-18,2026-05-25,53077,Yakima County,Washington,WA,quiet,0.014238,59,10,51–150,9.53,0.021608,167,14,151–500,4.22,0.8374,0.732616,0,0,0,,0.96408007,2023-24
2026-05-18,2026-05-25,39049,Franklin County,Ohio,OH,quiet,0.014206,60,1,51–150,9.5,0.050171,57,1,51–150,9.8,0.837086,0.870335,0,0,14,10,,
2026-05-18,2026-05-25,12103,Pinellas County,Florida,FL,quiet,0.014124,61,9,51–150,9.45,0.090323,27,5,Top 50,17.64,0.836292,0.927739,0,0,6,11,0.893,2022-23
2026-05-18,2026-05-25,40109,Oklahoma County,Oklahoma,OK,quiet,0.013938,62,1,51–150,9.32,0.033816,107,1,51–150,6.6,0.834454,0.814726,0,0,18,16,0.8763,2023-24
2026-05-18,2026-05-25,48085,Collin County,Texas,TX,quiet,0.013814,63,7,51–150,9.24,0.061926,41,3,Top 50,12.09,0.83321,0.894072,0,0,4,50,0.93311441,2023-24
2026-05-18,2026-05-25,06111,Ventura County,California,CA,quiet,0.013725,64,8,51–150,9.18,0.036404,97,10,51–150,7.11,0.832298,0.826288,0,0,0,,0.96631,2023-24
2026-05-18,2026-05-25,12021,Collier County,Florida,FL,quiet,0.013723,65,10,51–150,9.18,0.051355,56,10,51–150,10.03,0.832276,0.873158,0,0,107,6,0.881,2022-23
2026-05-18,2026-05-25,06073,San Diego County,California,CA,quiet,0.013554,66,9,51–150,9.07,0.101393,23,4,Top 50,19.8,0.830526,0.936066,0,0,1,40,0.9483,2023-24
2026-05-18,2026-05-25,34003,Bergen County,New Jersey,NJ,quiet,0.013507,67,2,51–150,9.04,0.074465,36,2,Top 50,14.54,0.830035,0.911841,0,0,4,37,0.954,2023-24
2026-05-18,2026-05-25,41059,Umatilla County,Oregon,OR,quiet,0.013385,68,3,51–150,8.95,0.016886,220,7,151–500,3.3,0.828738,0.679089,0,0,0,,0.937,2023-24
2026-05-18,2026-05-25,27053,Hennepin County,Minnesota,MN,quiet,0.013368,69,1,51–150,8.94,0.03573,100,2,51–150,6.98,0.828555,0.823413,0,0,2,56,0.841,2023-24
2026-05-18,2026-05-25,48121,Denton County,Texas,TX,quiet,0.012575,70,8,51–150,8.41,0.035444,102,10,51–150,6.92,0.819631,0.822165,0,0,2,52,0.91687871,2023-24
2026-05-18,2026-05-25,12081,Manatee County,Florida,FL,quiet,0.012451,71,11,51–150,8.33,0.037955,90,14,51–150,7.41,0.818156,0.832589,0,0,3,15,0.924,2022-23
2026-05-18,2026-05-25,37119,Mecklenburg County,North Carolina,NC,quiet,0.011994,72,1,51–150,8.02,0.050127,58,2,51–150,9.79,0.812489,0.870229,0,0,3,16,0.92578226,2022-23
2026-05-18,2026-05-25,12086,Miami-Dade County,Florida,FL,quiet,0.011789,73,12,51–150,7.89,0.080205,29,6,Top 50,15.66,0.809831,0.918266,0,0,2,16,0.909,2022-23
2026-05-18,2026-05-25,16019,Bonneville County,Idaho,ID,quiet,0.011696,74,1,51–150,7.82,0.049141,59,1,51–150,9.6,0.808599,0.867785,0,0,5,36,,
2026-05-18,2026-05-25,49053,Washington County,Utah,UT,quiet,0.011615,75,6,51–150,7.77,0.018631,201,8,151–500,3.64,0.807518,0.701086,0,0,0,,0.895,2022-23
2026-05-18,2026-05-25,45063,Lexington County,South Carolina,SC,quiet,0.011522,76,1,51–150,7.71,0.031659,110,2,51–150,6.18,0.80626,0.803926,0,0,0,,0.948,2023-24
2026-05-18,2026-05-25,12109,St. Johns County,Florida,FL,quiet,0.011319,77,13,51–150,7.57,0.038879,82,13,51–150,7.59,0.803443,0.836141,0,0,3,12,0.908,2022-23
2026-05-18,2026-05-25,02020,Anchorage Municipality,Alaska,AK,quiet,0.011311,78,1,51–150,7.57,0.032882,108,1,51–150,6.42,0.803328,0.810192,0,0,3,31,,
2026-05-18,2026-05-25,35001,Bernalillo County,New Mexico,NM,quiet,0.011283,79,1,51–150,7.55,0.044498,68,1,51–150,8.69,0.802939,0.855018,0,0,0,,0.94,2018-19
2026-05-18,2026-05-25,27037,Dakota County,Minnesota,MN,quiet,0.011219,80,2,51–150,7.51,0.047531,61,1,51–150,9.28,0.802028,0.863602,0,0,1,50,0.884,2023-24
2026-05-18,2026-05-25,12105,Polk County,Florida,FL,quiet,0.011205,81,14,51–150,7.5,0.044946,66,11,51–150,8.78,0.801838,0.85635,0,0,0,,0.932,2022-23
2026-05-18,2026-05-25,16001,Ada County,Idaho,ID,quiet,0.011191,82,2,51–150,7.49,0.041474,76,2,51–150,8.1,0.801628,0.845396,0,0,0,,,
2026-05-18,2026-05-25,37021,Buncombe County,North Carolina,NC,quiet,0.010637,83,2,51–150,7.12,0.05202,55,1,51–150,10.16,0.793388,0.874694,0,0,7,14,0.92812219,2022-23
2026-05-18,2026-05-25,26163,Wayne County,Michigan,MI,quiet,0.010433,84,2,51–150,6.98,0.019229,194,5,151–500,3.76,0.790195,0.707968,0,0,0,,0.8994,2023-24
2026-05-18,2026-05-25,35013,Doña Ana County,New Mexico,NM,quiet,0.010207,85,2,51–150,6.83,0.025396,139,2,51–150,4.96,0.786513,0.764566,0,0,5,10,0.885,2018-19
2026-05-18,2026-05-25,49005,Cache County,Utah,UT,quiet,0.0102,86,7,51–150,6.82,0.034933,105,6,51–150,6.82,0.786399,0.819892,0,0,0,,0.964,2022-23
2026-05-18,2026-05-25,34031,Passaic County,New Jersey,NJ,quiet,0.010189,87,3,51–150,6.82,0.036723,96,3,51–150,7.17,0.786223,0.827619,0,0,1,42,0.953,2023-24
2026-05-18,2026-05-25,26125,Oakland County,Michigan,MI,quiet,0.010176,88,3,51–150,6.81,0.042472,73,3,51–150,8.3,0.785996,0.848701,0,0,2,22,0.8826,2023-24
2026-05-18,2026-05-25,48491,Williamson County,Texas,TX,quiet,0.010135,89,9,51–150,6.78,0.0287,120,12,51–150,5.61,0.785327,0.787017,0,0,8,41,0.94866744,2023-24
2026-05-18,2026-05-25,29095,Jackson County,Missouri,MO,quiet,0.00989,90,1,51–150,6.62,0.036934,94,1,51–150,7.21,0.781141,0.828491,0,0,1,11,0.897,2023-24
2026-05-18,2026-05-25,26081,Kent County,Michigan,MI,quiet,0.009878,91,4,51–150,6.61,0.044036,69,2,51–150,8.6,0.780935,0.853621,0,0,4,43,0.9315,2023-24
2026-05-18,2026-05-25,48339,Montgomery County,Texas,TX,quiet,0.009858,92,10,51–150,6.6,0.042766,71,4,51–150,8.35,0.780594,0.849652,0,0,0,,0.93924761,2023-24
2026-05-18,2026-05-25,44007,Providence County,Rhode Island,RI,quiet,0.009797,93,1,51–150,6.55,0.041342,77,1,51–150,8.07,0.779521,0.84495,0,0,3,4,0.951,2023-24
2026-05-18,2026-05-25,04025,Yavapai County,Arizona,AZ,quiet,0.009782,94,5,51–150,6.54,0.0152,241,7,151–500,2.97,0.779253,0.654698,0,0,0,,0.752,2023-24
2026-05-18,2026-05-25,11001,District of Columbia,District of Columbia,DC,quiet,0.009672,95,1,51–150,6.47,0.069946,38,1,Top 50,13.66,0.777306,0.906106,0,0,1,49,0.92,2023-24
2026-05-18,2026-05-25,34013,Essex County,New Jersey,NJ,quiet,0.009655,96,4,51–150,6.46,0.028303,123,5,51–150,5.53,0.777,0.78454,0,0,0,,0.935,2023-24
2026-05-18,2026-05-25,37183,Wake County,North Carolina,NC,quiet,0.009625,97,3,51–150,6.44,0.040798,78,3,51–150,7.97,0.776458,0.843081,0,0,0,,0.94528992,2022-23
2026-05-18,2026-05-25,22051,Jefferson Parish,Louisiana,LA,quiet,0.009516,98,1,51–150,6.37,0.025404,138,1,51–150,4.96,0.774458,0.764625,0,0,0,,0.921,2021-22
2026-05-18,2026-05-25,31055,Douglas County,Nebraska,NE,quiet,0.009416,99,1,51–150,6.3,0.024797,145,2,51–150,4.84,0.772599,0.760005,0,0,0,,,
2026-05-18,2026-05-25,34023,Middlesex County,New Jersey,NJ,quiet,0.009397,100,5,51–150,6.29,0.035702,101,4,51–150,6.97,0.772252,0.823291,0,0,0,,0.956,2023-24
2026-05-18,2026-05-25,12101,Pasco County,Florida,FL,quiet,0.009275,101,15,51–150,6.21,0.025878,134,17,51–150,5.05,0.769938,0.768116,0,0,3,9,0.93,2022-23
2026-05-18,2026-05-25,30031,Gallatin County,Montana,MT,quiet,0.009214,102,1,51–150,6.16,0.059021,47,1,Top 50,11.53,0.768763,0.888991,0,0,23,24,,
2026-05-18,2026-05-25,08041,El Paso County,Colorado,CO,quiet,0.009171,103,6,51–150,6.14,0.038356,88,6,51–150,7.49,0.767923,0.834146,0,0,4,49,0.7925,2023-24
2026-05-18,2026-05-25,15003,Honolulu County,Hawaii,HI,quiet,0.009082,104,1,51–150,6.08,0.046827,62,1,51–150,9.15,0.766177,0.861696,0,0,3,11,0.8619,2022-23
2026-05-18,2026-05-25,53065,Stevens County,Washington,WA,quiet,0.009067,105,11,51–150,6.07,0.037388,91,9,51–150,7.3,0.765872,0.830336,0,0,3,14,0.76923077,2023-24
2026-05-18,2026-05-25,41067,Washington County,Oregon,OR,quiet,0.009041,106,4,51–150,6.05,0.036084,99,3,51–150,7.05,0.76537,0.824935,0,0,0,,0.953,2023-24
2026-05-18,2026-05-25,48167,Galveston County,Texas,TX,quiet,0.008858,107,11,51–150,5.93,0.030077,113,11,51–150,5.87,0.761665,0.795217,0,0,0,,0.95019808,2023-24
2026-05-18,2026-05-25,08013,Boulder County,Colorado,CO,quiet,0.008691,108,7,51–150,5.81,0.036964,93,7,51–150,7.22,0.758174,0.828613,0,0,1,49,0.915,2023-24
2026-05-18,2026-05-25,42101,Philadelphia County,Pennsylvania,PA,quiet,0.008633,109,3,51–150,5.78,0.059472,45,1,Top 50,11.62,0.756946,0.889809,0,0,2,58,0.94455407,2023-24
2026-05-18,2026-05-25,21067,Fayette County,Kentucky,KY,quiet,0.008517,110,1,51–150,5.7,0.042694,72,1,51–150,8.34,0.754436,0.84942,0,0,6,45,0.932,2022-23
2026-05-18,2026-05-25,12111,St. Lucie County,Florida,FL,quiet,0.00851,111,16,51–150,5.69,0.030619,112,16,51–150,5.98,0.754282,0.798278,0,0,0,,0.913,2022-23
2026-05-18,2026-05-25,06113,Yolo County,California,CA,quiet,0.008491,112,10,51–150,5.68,0.028552,122,12,51–150,5.58,0.753873,0.786101,0,0,1,50,0.96614,2023-24
2026-05-18,2026-05-25,17043,DuPage County,Illinois,IL,quiet,0.008382,113,2,51–150,5.61,0.035244,103,2,51–150,6.88,0.751456,0.821279,0,0,0,,,
2026-05-18,2026-05-25,36081,Queens County,New York,NY,quiet,0.008267,114,2,51–150,5.53,0.044954,65,2,51–150,8.78,0.748856,0.856372,0,0,0,,0.99065873,2022-23
2026-05-18,2026-05-25,47037,Davidson County,Tennessee,TN,quiet,0.008104,115,1,51–150,5.42,0.033823,106,1,51–150,6.61,0.745087,0.814761,0,0,0,,0.948,2023-24
2026-05-18,2026-05-25,06071,San Bernardino County,California,CA,quiet,0.008033,116,11,51–150,5.37,0.021801,164,18,151–500,4.26,0.743421,0.734442,0,0,0,,0.93548,2023-24
2026-05-18,2026-05-25,45079,Richland County,South Carolina,SC,quiet,0.007885,117,2,51–150,5.28,0.02943,117,3,51–150,5.75,0.739849,0.791439,0,0,0,,0.913,2023-24
2026-05-18,2026-05-25,06089,Shasta County,California,CA,quiet,0.007812,118,12,51–150,5.23,0.023223,156,15,151–500,4.54,0.738037,0.747188,0,0,10,8,0.95062,2023-24
2026-05-18,2026-05-25,34039,Union County,New Jersey,NJ,quiet,0.007747,119,6,51–150,5.18,0.020293,182,7,151–500,3.96,0.736429,0.719511,0,0,0,,0.927,2023-24
2026-05-18,2026-05-25,06061,Placer County,California,CA,quiet,0.007714,120,13,51–150,5.16,0.020978,174,20,151–500,4.1,0.735599,0.726484,0,0,9,8,0.963,2023-24
2026-05-18,2026-05-25,40027,Cleveland County,Oklahoma,OK,quiet,0.007711,121,2,51–150,5.16,0.02658,128,2,51–150,5.19,0.735521,0.773107,0,0,0,,0.9336,2023-24
2026-05-18,2026-05-25,26121,Muskegon County,Michigan,MI,quiet,0.0077,122,5,51–150,5.15,0.031468,111,4,51–150,6.15,0.735232,0.802911,0,0,3,30,0.9253,2023-24
2026-05-18,2026-05-25,25025,Suffolk County,Massachusetts,MA,quiet,0.007653,123,1,51–150,5.12,0.036829,95,1,51–150,7.19,0.734032,0.828058,0,0,1,12,0.938,2023-24
2026-05-18,2026-05-25,42091,Montgomery County,Pennsylvania,PA,quiet,0.00759,124,4,51–150,5.08,0.02709,127,5,51–150,5.29,0.732417,0.776609,0,0,4,12,0.95207475,2023-24
2026-05-18,2026-05-25,36087,Rockland County,New York,NY,quiet,0.007514,125,3,51–150,5.03,0.038773,83,3,51–150,7.57,0.73043,0.83574,0,0,25,10,0.98049007,2022-23
2026-05-18,2026-05-25,06097,Sonoma County,California,CA,quiet,0.007352,126,14,51–150,4.92,0.02251,161,16,151–500,4.4,0.726116,0.740948,0,0,0,,0.94952,2023-24
2026-05-18,2026-05-25,06077,San Joaquin County,California,CA,quiet,0.007339,127,15,51–150,4.91,0.016112,230,22,151–500,3.15,0.725767,0.66832,0,0,0,,0.96326,2023-24
2026-05-18,2026-05-25,17097,Lake County,Illinois,IL,quiet,0.007316,128,3,51–150,4.89,0.029724,115,3,51–150,5.81,0.725143,0.793169,0,0,0,,,
2026-05-18,2026-05-25,42077,Lehigh County,Pennsylvania,PA,quiet,0.007275,129,5,51–150,4.87,0.019753,187,9,151–500,3.86,0.724014,0.713761,0,0,0,,0.95916139,2023-24
2026-05-18,2026-05-25,24033,Prince George's County,Maryland,MD,quiet,0.007215,130,1,51–150,4.83,0.042913,70,1,51–150,8.38,0.722368,0.850121,0,0,2,62,0.9907,2023-24
2026-05-18,2026-05-25,48039,Brazoria County,Texas,TX,quiet,0.006996,131,12,51–150,4.68,0.02794,124,13,51–150,5.46,0.716117,0.782224,0,0,1,57,0.96729636,2023-24
2026-05-18,2026-05-25,17197,Will County,Illinois,IL,quiet,0.006851,132,4,51–150,4.58,0.028724,119,4,51–150,5.61,0.711849,0.787167,0,0,0,,,
2026-05-18,2026-05-25,33011,Hillsborough County,New Hampshire,NH,quiet,0.006814,133,1,51–150,4.56,0.021918,163,1,151–500,4.28,0.710727,0.735535,0,0,0,,,
2026-05-18,2026-05-25,53067,Thurston County,Washington,WA,quiet,0.006782,134,12,51–150,4.54,0.024375,152,13,151–500,4.76,0.709762,0.756691,0,0,0,,0.92864157,2023-24
2026-05-18,2026-05-25,27119,Polk County,Minnesota,MN,quiet,0.006736,135,3,51–150,4.51,0.008574,354,15,151–500,1.67,0.708353,0.511139,0,0,0,,0.888,2023-24
2026-05-18,2026-05-25,37179,Union County,North Carolina,NC,quiet,0.006663,136,4,51–150,4.46,0.019682,188,6,151–500,3.84,0.706091,0.712997,0,0,2,10,0.93186955,2022-23
2026-05-18,2026-05-25,41047,Marion County,Oregon,OR,quiet,0.006569,137,5,51–150,4.4,0.024173,154,5,151–500,4.72,0.703148,0.75508,0,0,0,,0.93,2023-24
2026-05-18,2026-05-25,31109,Lancaster County,Nebraska,NE,quiet,0.006568,138,2,51–150,4.39,0.029507,116,1,51–150,5.76,0.703116,0.791898,0,0,1,16,,
2026-05-18,2026-05-25,10003,New Castle County,Delaware,DE,quiet,0.006567,139,1,51–150,4.39,0.020041,184,1,151–500,3.91,0.703081,0.71686,0,0,0,,,
2026-05-18,2026-05-25,49003,Box Elder County,Utah,UT,quiet,0.00653,140,8,51–150,4.37,0.028876,118,7,51–150,5.64,0.701882,0.788101,0,0,0,,0.95,2022-23
2026-05-18,2026-05-25,16055,Kootenai County,Idaho,ID,quiet,0.006463,141,3,51–150,4.32,0.038311,89,3,51–150,7.48,0.699728,0.833974,0,0,2,10,,
2026-05-18,2026-05-25,38025,Dunn County,North Dakota,ND,quiet,0.006439,142,4,51–150,4.31,0.024674,148,4,51–150,4.82,0.698933,0.75905,0,1,1,3,0.8628,2023-24
2026-05-18,2026-05-25,12083,Marion County,Florida,FL,quiet,0.006409,143,17,51–150,4.29,0.018234,206,22,151–500,3.56,0.69797,0.696343,0,0,0,,0.908,2022-23
2026-05-18,2026-05-25,42029,Chester County,Pennsylvania,PA,quiet,0.006346,144,6,51–150,4.25,0.02295,157,7,151–500,4.48,0.695886,0.74483,0,0,1,13,0.94699367,2023-24
2026-05-18,2026-05-25,46103,Pennington County,South Dakota,SD,quiet,0.006286,145,1,51–150,4.21,0.026134,131,1,51–150,5.1,0.69386,0.769963,0,0,2,50,0.95,2023-24
2026-05-18,2026-05-25,06041,Marin County,California,CA,quiet,0.006261,146,16,51–150,4.19,0.017059,216,21,151–500,3.33,0.693017,0.681405,0,0,0,,0.9889,2023-24
2026-05-18,2026-05-25,53073,Whatcom County,Washington,WA,quiet,0.006229,147,13,51–150,4.17,0.025983,132,12,51–150,5.07,0.691912,0.768878,0,0,2,47,0.86805846,2023-24
2026-05-18,2026-05-25,13135,Gwinnett County,Georgia,GA,quiet,0.006155,148,1,51–150,4.12,0.017709,211,3,151–500,3.46,0.689353,0.689831,0,0,0,,,
2026-05-18,2026-05-25,36085,Richmond County,New York,NY,quiet,0.006089,149,4,51–150,4.07,0.020616,177,7,151–500,4.03,0.68707,0.722837,0,0,0,,0.98994595,2022-23
2026-05-18,2026-05-25,06095,Solano County,California,CA,quiet,0.006082,150,17,51–150,4.07,0.022401,162,17,151–500,4.38,0.686808,0.739962,0,0,0,,0.98162,2023-24
2026-05-18,2026-05-25,04003,Cochise County,Arizona,AZ,quiet,0.006079,151,6,151–500,4.07,0.016323,226,6,151–500,3.19,0.686693,0.671328,0,0,0,,0.891,2023-24
2026-05-18,2026-05-25,53035,Kitsap County,Washington,WA,quiet,0.00607,152,14,151–500,4.06,0.029746,114,11,51–150,5.81,0.686395,0.793301,0,0,0,,0.91782407,2023-24
2026-05-18,2026-05-25,27163,Washington County,Minnesota,MN,quiet,0.006044,153,4,151–500,4.04,0.011451,288,8,151–500,2.24,0.685466,0.585366,0,0,1,50,0.925,2023-24
2026-05-18,2026-05-25,36119,Westchester County,New York,NY,quiet,0.006026,154,5,151–500,4.03,0.038466,87,4,51–150,7.51,0.684806,0.834568,0,0,0,,0.99177454,2022-23
2026-05-18,2026-05-25,37067,Forsyth County,North Carolina,NC,quiet,0.006002,155,5,151–500,4.02,0.021178,172,5,151–500,4.14,0.683932,0.728462,0,0,0,,0.94729311,2022-23
2026-05-18,2026-05-25,36103,Suffolk County,New York,NY,quiet,0.005972,156,6,151–500,4.0,0.024596,149,6,51–150,4.8,0.682866,0.758439,0,0,1,62,0.99442316,2022-23
2026-05-18,2026-05-25,38099,Walsh County,North Dakota,ND,quiet,0.00591,157,5,151–500,3.95,0.016205,228,6,151–500,3.17,0.680586,0.66965,0,0,1,13,0.9583,2023-24
2026-05-18,2026-05-25,16069,Nez Perce County,Idaho,ID,quiet,0.005877,158,4,151–500,3.93,0.015033,244,6,151–500,2.94,0.679392,0.652094,0,0,0,,,
2026-05-18,2026-05-25,12069,Lake County,Florida,FL,quiet,0.005761,159,18,151–500,3.85,0.041565,75,12,51–150,8.12,0.675035,0.845704,0,0,0,,0.886,2022-23
2026-05-18,2026-05-25,27003,Anoka County,Minnesota,MN,quiet,0.00576,160,5,151–500,3.85,0.025963,133,3,51–150,5.07,0.674989,0.768734,0,0,0,,0.876,2023-24
2026-05-18,2026-05-25,48303,Lubbock County,Texas,TX,quiet,0.00575,161,13,151–500,3.85,0.03863,85,7,51–150,7.54,0.674617,0.835196,0,0,53,10,0.92254274,2023-24
2026-05-18,2026-05-25,27123,Ramsey County,Minnesota,MN,quiet,0.005696,162,6,151–500,3.81,0.021537,168,4,151–500,4.21,0.672525,0.731932,0,0,0,,0.872,2023-24
2026-05-18,2026-05-25,49021,Iron County,Utah,UT,quiet,0.005654,163,9,151–500,3.78,0.015634,235,11,151–500,3.05,0.670887,0.661302,0,0,0,,0.856,2022-23
2026-05-18,2026-05-25,06019,Fresno County,California,CA,quiet,0.005638,164,18,151–500,3.77,0.028644,121,11,51–150,5.59,0.670278,0.78667,0,0,2,61,0.97461,2023-24
2026-05-18,2026-05-25,36071,Orange County,New York,NY,quiet,0.005562,165,7,151–500,3.72,0.027227,126,5,51–150,5.32,0.667254,0.777534,0,0,4,51,0.98948148,2022-23
2026-05-18,2026-05-25,37025,Cabarrus County,North Carolina,NC,quiet,0.005551,166,6,151–500,3.71,0.019294,193,8,151–500,3.77,0.666837,0.708706,0,0,2,17,0.93958464,2022-23
2026-05-18,2026-05-25,08059,Jefferson County,Colorado,CO,quiet,0.005347,167,8,151–500,3.58,0.020429,181,9,151–500,3.99,0.658477,0.720918,0,0,0,,0.9147,2023-24
2026-05-18,2026-05-25,34015,Gloucester County,New Jersey,NJ,quiet,0.005323,168,7,151–500,3.56,0.007577,382,15,151–500,1.48,0.657454,0.479119,0,0,0,,0.949,2023-24
2026-05-18,2026-05-25,39035,Cuyahoga County,Ohio,OH,quiet,0.005269,169,2,151–500,3.52,0.020873,175,2,151–500,4.08,0.655143,0.725438,0,0,5,19,,
2026-05-18,2026-05-25,26005,Allegan County,Michigan,MI,quiet,0.005244,170,6,151–500,3.51,0.011682,286,9,151–500,2.28,0.654063,0.590394,0,0,1,50,0.9235,2023-24
2026-05-18,2026-05-25,48259,Kendall County,Texas,TX,quiet,0.005131,171,14,151–500,3.43,0.015278,240,17,151–500,2.98,0.649118,0.655912,0,0,1,10,0.91130012,2023-24
2026-05-18,2026-05-25,06087,Santa Cruz County,California,CA,quiet,0.00509,172,19,151–500,3.41,0.024747,147,14,51–150,4.83,0.647311,0.759618,0,0,0,,0.91768,2023-24
2026-05-18,2026-05-25,12019,Clay County,Florida,FL,quiet,0.005055,173,19,151–500,3.38,0.013675,261,25,151–500,2.67,0.645744,0.629365,0,0,0,,0.936,2022-23
2026-05-18,2026-05-25,06075,San Francisco County,California,CA,quiet,0.005043,174,20,151–500,3.37,0.040197,79,9,51–150,7.85,0.645203,0.84097,0,0,1,5,0.98366,2023-24
2026-05-18,2026-05-25,56037,Sweetwater County,Wyoming,WY,quiet,0.004994,175,2,151–500,3.34,0.008883,345,4,151–500,1.73,0.642952,0.520289,0,0,0,,0.96,2022-23
2026-05-18,2026-05-25,15001,Hawaii County,Hawaii,HI,quiet,0.004989,176,2,151–500,3.34,0.010247,312,2,151–500,2.0,0.642711,0.557101,0,0,0,,0.8066,2022-23
2026-05-18,2026-05-25,26065,Ingham County,Michigan,MI,quiet,0.004956,177,7,151–500,3.32,0.014847,250,8,151–500,2.9,0.641212,0.649142,0,0,1,57,0.9131,2023-24
2026-05-18,2026-05-25,08083,Montezuma County,Colorado,CO,quiet,0.004933,178,9,151–500,3.3,0.016139,229,10,151–500,3.15,0.64013,0.668705,0,0,4,22,0.8769,2023-24
2026-05-18,2026-05-25,42017,Bucks County,Pennsylvania,PA,quiet,0.004899,179,7,151–500,3.28,0.03933,81,4,51–150,7.68,0.638549,0.837823,0,0,1,60,0.94589494,2023-24
2026-05-18,2026-05-25,06017,El Dorado County,California,CA,quiet,0.004847,180,21,151–500,3.24,0.016002,232,23,151–500,3.13,0.636087,0.666722,0,0,0,,0.8029,2023-24
2026-05-18,2026-05-25,24005,Baltimore County,Maryland,MD,quiet,0.004834,181,2,151–500,3.23,0.025776,135,2,51–150,5.03,0.635427,0.767376,0,0,0,,0.9901,2023-24
2026-05-18,2026-05-25,41017,Deschutes County,Oregon,OR,quiet,0.004817,182,6,151–500,3.22,0.012902,269,8,151–500,2.52,0.634625,0.615136,0,0,0,,0.912,2023-24
2026-05-18,2026-05-25,25017,Middlesex County,Massachusetts,MA,quiet,0.004812,183,2,151–500,3.22,0.012815,272,3,151–500,2.5,0.63437,0.613471,0,0,0,,0.978,2023-24
2026-05-18,2026-05-25,27007,Beltrami County,Minnesota,MN,quiet,0.004775,184,7,151–500,3.19,0.019662,189,5,151–500,3.84,0.632618,0.712774,0,0,0,,0.855,2023-24
2026-05-18,2026-05-25,13089,DeKalb County,Georgia,GA,quiet,0.004763,185,2,151–500,3.19,0.023856,155,1,151–500,4.66,0.631996,0.752496,0,0,0,,,
2026-05-18,2026-05-25,18097,Marion County,Indiana,IN,quiet,0.004749,186,1,151–500,3.18,0.017423,214,2,151–500,3.4,0.631344,0.686186,0,0,0,,,
2026-05-18,2026-05-25,42045,Delaware County,Pennsylvania,PA,quiet,0.004698,187,8,151–500,3.14,0.024502,151,6,151–500,4.79,0.628841,0.757703,0,0,0,,0.94176398,2023-24
2026-05-18,2026-05-25,06079,San Luis Obispo County,California,CA,quiet,0.004671,188,22,151–500,3.12,0.025426,137,13,51–150,4.97,0.627468,0.764789,0,0,1,22,0.96451,2023-24
2026-05-18,2026-05-25,35045,San Juan County,New Mexico,NM,quiet,0.004659,189,3,151–500,3.12,0.024871,144,3,51–150,4.86,0.626862,0.760582,0,0,1,50,0.95,2018-19
2026-05-18,2026-05-25,13067,Cobb County,Georgia,GA,quiet,0.004645,190,3,151–500,3.11,0.020612,178,2,151–500,4.03,0.626149,0.722793,0,0,0,,,
2026-05-18,2026-05-25,51059,Fairfax County,Virginia,VA,quiet,0.004631,191,1,151–500,3.1,0.010553,303,1,151–500,2.06,0.625485,0.564631,0,0,0,,0.83,2023-24
2026-05-18,2026-05-25,27145,Stearns County,Minnesota,MN,quiet,0.004624,192,8,151–500,3.09,0.010392,307,9,151–500,2.03,0.625129,0.560692,0,0,0,,0.801,2023-24
2026-05-18,2026-05-25,27061,Itasca County,Minnesota,MN,quiet,0.004596,193,9,151–500,3.07,0.017845,209,6,151–500,3.49,0.623669,0.691548,0,0,0,,0.869,2023-24
2026-05-18,2026-05-25,12001,Alachua County,Florida,FL,quiet,0.004581,194,20,151–500,3.06,0.016924,218,24,151–500,3.31,0.622916,0.679604,0,0,2,15,0.922,2022-23
2026-05-18,2026-05-25,38015,Burleigh County,North Dakota,ND,quiet,0.004572,195,6,151–500,3.06,0.015751,234,7,151–500,3.08,0.622466,0.663056,0,0,0,,0.8867,2023-24
2026-05-18,2026-05-25,12033,Escambia County,Florida,FL,quiet,0.004565,196,21,151–500,3.05,0.017716,210,23,151–500,3.46,0.622126,0.689931,0,0,5,14,0.913,2022-23
2026-05-18,2026-05-25,42041,Cumberland County,Pennsylvania,PA,quiet,0.004562,197,9,151–500,3.05,0.0212,170,8,151–500,4.14,0.62196,0.728671,0,0,2,22,0.95275591,2023-24
2026-05-18,2026-05-25,24031,Montgomery County,Maryland,MD,quiet,0.00456,198,3,151–500,3.05,0.008459,359,6,151–500,1.65,0.621857,0.507626,0,0,0,,0.9859,2023-24
2026-05-18,2026-05-25,53017,Douglas County,Washington,WA,quiet,0.00456,199,15,151–500,3.05,0.00743,390,20,151–500,1.45,0.621824,0.474088,0,0,0,,0.94594595,2023-24
2026-05-18,2026-05-25,27027,Clay County,Minnesota,MN,quiet,0.004488,200,10,151–500,3.0,0.017548,213,7,151–500,3.43,0.618102,0.687788,0,0,0,,0.863,2023-24
2026-05-18,2026-05-25,12073,Leon County,Florida,FL,quiet,0.004478,201,22,151–500,3.0,0.025429,136,18,51–150,4.97,0.617595,0.76481,0,0,2,47,0.953,2022-23
2026-05-18,2026-05-25,48329,Midland County,Texas,TX,quiet,0.004468,202,15,151–500,2.99,0.02288,159,16,151–500,4.47,0.617047,0.74422,0,0,7,41,0.94766355,2023-24
2026-05-18,2026-05-25,35049,Santa Fe County,New Mexico,NM,quiet,0.004468,203,4,151–500,2.99,0.016511,223,6,151–500,3.22,0.617041,0.673955,0,0,5,41,0.93,2018-19
2026-05-18,2026-05-25,42011,Berks County,Pennsylvania,PA,quiet,0.004464,204,10,151–500,2.99,0.013794,257,10,151–500,2.69,0.616844,0.631482,0,0,0,,0.95060976,2023-24
2026-05-18,2026-05-25,25009,Essex County,Massachusetts,MA,quiet,0.004443,205,3,151–500,2.97,0.008928,344,5,151–500,1.74,0.615745,0.52161,0,0,0,,0.97,2023-24
2026-05-18,2026-05-25,34005,Burlington County,New Jersey,NJ,quiet,0.00444,206,8,151–500,2.97,0.015036,243,12,151–500,2.94,0.615537,0.652133,0,0,0,,0.934,2023-24
2026-05-18,2026-05-25,55079,Milwaukee County,Wisconsin,WI,quiet,0.004345,207,1,151–500,2.91,0.011584,287,3,151–500,2.26,0.610445,0.588277,0,0,0,,0.724,2023-24
2026-05-18,2026-05-25,22071,Orleans Parish,Louisiana,LA,quiet,0.004336,208,2,151–500,2.9,0.016902,219,2,151–500,3.3,0.609959,0.679307,0,0,3,4,0.873,2021-22
2026-05-18,2026-05-25,53015,Cowlitz County,Washington,WA,quiet,0.004267,209,16,151–500,2.85,0.015358,239,15,151–500,3.0,0.606118,0.657138,0,0,0,,0.93703397,2023-24
2026-05-18,2026-05-25,16027,Canyon County,Idaho,ID,quiet,0.004232,210,5,151–500,2.83,0.01818,207,5,151–500,3.55,0.604174,0.69568,0,0,6,12,,
2026-05-18,2026-05-25,16057,Latah County,Idaho,ID,quiet,0.004197,211,6,151–500,2.81,0.022767,160,4,151–500,4.45,0.602167,0.743228,0,0,0,,,
2026-05-18,2026-05-25,13051,Chatham County,Georgia,GA,quiet,0.004175,212,4,151–500,2.79,0.010567,301,4,151–500,2.06,0.600914,0.564981,0,0,0,,,
2026-05-18,2026-05-25,12091,Okaloosa County,Florida,FL,quiet,0.004163,213,23,151–500,2.79,0.011897,284,26,151–500,2.32,0.600232,0.594961,0,0,1,27,0.901,2022-23
2026-05-18,2026-05-25,18089,Lake County,Indiana,IN,quiet,0.004163,214,2,151–500,2.78,0.020635,176,1,151–500,4.03,0.600207,0.723035,0,0,2,29,,
2026-05-18,2026-05-25,01003,Baldwin County,Alabama,AL,quiet,0.004156,215,1,151–500,2.78,0.012265,281,1,151–500,2.4,0.599803,0.602585,0,0,0,,0.9257,2022-23
2026-05-18,2026-05-25,41043,Linn County,Oregon,OR,quiet,0.004139,216,7,151–500,2.77,0.019163,195,6,151–500,3.74,0.598826,0.707227,0,0,2,18,0.892,2023-24
2026-05-18,2026-05-25,27005,Becker County,Minnesota,MN,quiet,0.004122,217,11,151–500,2.76,0.009595,326,12,151–500,1.87,0.597868,0.540203,0,0,0,,0.858,2023-24
2026-05-18,2026-05-25,51153,Prince William County,Virginia,VA,quiet,0.004111,218,2,151–500,2.75,0.009408,328,2,151–500,1.84,0.597237,0.535142,0,0,0,,0.935,2023-24
2026-05-18,2026-05-25,06053,Monterey County,California,CA,quiet,0.004095,219,23,151–500,2.74,0.011115,294,26,151–500,2.17,0.596258,0.577842,0,0,0,,0.9859,2023-24
2026-05-18,2026-05-25,37081,Guilford County,North Carolina,NC,quiet,0.003992,220,7,151–500,2.67,0.019503,190,7,151–500,3.81,0.590162,0.711025,0,0,1,47,0.93623737,2022-23
2026-05-18,2026-05-25,16017,Bonner County,Idaho,ID,quiet,0.003973,221,7,151–500,2.66,0.008366,361,10,151–500,1.63,0.588985,0.504775,0,0,1,39,,
2026-05-18,2026-05-25,25021,Norfolk County,Massachusetts,MA,quiet,0.003957,222,4,151–500,2.65,0.007304,395,6,151–500,1.43,0.588023,0.469669,0,0,0,,0.977,2023-24
2026-05-18,2026-05-25,34021,Mercer County,New Jersey,NJ,quiet,0.003955,223,9,151–500,2.65,0.016969,217,10,151–500,3.31,0.587893,0.680211,0,0,0,,0.937,2023-24
2026-05-18,2026-05-25,48027,Bell County,Texas,TX,quiet,0.003936,224,16,151–500,2.63,0.036132,98,9,51–150,7.06,0.586731,0.82514,0,0,1,48,0.95879486,2023-24
2026-05-18,2026-05-25,29189,St. Louis County,Missouri,MO,quiet,0.00392,225,2,151–500,2.62,0.018959,198,2,151–500,3.7,0.585765,0.7049,0,0,0,,0.919,2023-24
2026-05-18,2026-05-25,35043,Sandoval County,New Mexico,NM,quiet,0.0039,226,5,151–500,2.61,0.021676,165,4,151–500,4.23,0.584482,0.733259,0,0,6,52,,
2026-05-18,2026-05-25,17089,Kane County,Illinois,IL,quiet,0.003898,227,5,151–500,2.61,0.014861,249,5,151–500,2.9,0.584376,0.649352,0,0,0,,,
2026-05-18,2026-05-25,48135,Ector County,Texas,TX,quiet,0.003893,228,17,151–500,2.6,0.027319,125,14,51–150,5.34,0.584096,0.778148,0,0,12,51,0.9127864,2023-24
2026-05-18,2026-05-25,30111,Yellowstone County,Montana,MT,quiet,0.003838,229,2,151–500,2.57,0.024557,150,4,51–150,4.8,0.580612,0.75813,0,0,4,44,,
2026-05-18,2026-05-25,08037,Eagle County,Colorado,CO,quiet,0.003832,230,10,151–500,2.56,0.012853,271,12,151–500,2.51,0.580242,0.614193,0,0,0,,0.9165,2023-24
2026-05-18,2026-05-25,48209,Hays County,Texas,TX,quiet,0.00383,231,18,151–500,2.56,0.010813,298,23,151–500,2.11,0.580088,0.570828,0,0,1,52,0.9507405,2023-24
2026-05-18,2026-05-25,08069,Larimer County,Colorado,CO,quiet,0.003818,232,11,151–500,2.55,0.026436,130,8,51–150,5.16,0.579351,0.772098,0,0,0,,0.8771,2023-24
2026-05-18,2026-05-25,06083,Santa Barbara County,California,CA,quiet,0.003799,233,24,151–500,2.54,0.012569,274,24,151–500,2.45,0.578109,0.608664,0,0,0,,0.98202,2023-24
2026-05-18,2026-05-25,45091,York County,South Carolina,SC,quiet,0.003795,234,3,151–500,2.54,0.019104,196,6,151–500,3.73,0.577903,0.706562,0,0,0,,0.944,2023-24
2026-05-18,2026-05-25,47157,Shelby County,Tennessee,TN,quiet,0.003793,235,2,151–500,2.54,0.010222,314,4,151–500,2.0,0.577778,0.556486,0,0,0,,0.968,2023-24
2026-05-18,2026-05-25,49037,San Juan County,Utah,UT,quiet,0.003783,236,10,151–500,2.53,0.016404,225,10,151–500,3.2,0.577115,0.672467,0,0,3,15,0.967,2022-23
2026-05-18,2026-05-25,05119,Pulaski County,Arkansas,AR,quiet,0.003743,237,1,151–500,2.5,0.015446,238,2,151–500,3.02,0.574513,0.658481,0,0,0,,,
2026-05-18,2026-05-25,41039,Lane County,Oregon,OR,quiet,0.003738,238,8,151–500,2.5,0.025217,141,4,51–150,4.93,0.574165,0.763219,0,0,0,,0.92,2023-24
2026-05-18,2026-05-25,30013,Cascade County,Montana,MT,quiet,0.003721,239,3,151–500,2.49,0.020597,179,5,151–500,4.02,0.57305,0.722647,0,0,1,44,,
2026-05-18,2026-05-25,51510,Alexandria City,Virginia,VA,quiet,0.003691,240,3,151–500,2.47,0.009144,334,4,151–500,1.79,0.571077,0.527787,0,0,0,,0.941,2023-24
2026-05-18,2026-05-25,34007,Camden County,New Jersey,NJ,quiet,0.003682,241,10,151–500,2.46,0.018071,208,9,151–500,3.53,0.570486,0.694349,0,0,0,,0.95,2023-24
2026-05-18,2026-05-25,30049,Lewis and Clark County,Montana,MT,quiet,0.00368,242,4,151–500,2.46,0.026557,129,2,51–150,5.19,0.570347,0.772951,0,0,7,9,,
2026-05-18,2026-05-25,53057,Skagit County,Washington,WA,quiet,0.003626,243,17,151–500,2.43,0.014586,253,16,151–500,2.85,0.566731,0.644903,0,0,0,,0.9070632,2023-24
2026-05-18,2026-05-25,35029,Luna County,New Mexico,NM,quiet,0.003584,244,6,151–500,2.4,0.016605,221,5,151–500,3.24,0.563923,0.675254,0,0,25,9,0.95,2018-19
2026-05-18,2026-05-25,15009,Maui County,Hawaii,HI,quiet,0.003554,245,3,151–500,2.38,0.006208,440,3,151–500,1.21,0.561824,0.428062,0,0,0,,0.7548,2022-23
2026-05-18,2026-05-25,37063,Durham County,North Carolina,NC,quiet,0.003537,246,8,151–500,2.37,0.024769,146,4,51–150,4.84,0.560649,0.759794,0,0,0,,0.86964079,2022-23
2026-05-18,2026-05-25,38067,Pembina County,North Dakota,ND,quiet,0.00351,247,7,151–500,2.35,0.017144,215,5,151–500,3.35,0.55879,0.68253,0,0,23,11,0.9367,2023-24
2026-05-18,2026-05-25,53007,Chelan County,Washington,WA,quiet,0.003506,248,18,151–500,2.35,0.006787,419,21,151–500,1.33,0.558485,0.450799,0,0,0,,0.93818985,2023-24
2026-05-18,2026-05-25,36027,Dutchess County,New York,NY,quiet,0.003465,249,8,151–500,2.32,0.011777,285,9,151–500,2.3,0.555625,0.59242,0,0,0,,0.99011111,2022-23
2026-05-18,2026-05-25,45045,Greenville County,South Carolina,SC,quiet,0.003444,250,4,151–500,2.3,0.032091,109,1,51–150,6.27,0.554097,0.806182,0,0,8,9,0.93,2023-24
2026-05-18,2026-05-25,25027,Worcester County,Massachusetts,MA,quiet,0.003421,251,5,151–500,2.29,0.006931,413,7,151–500,1.35,0.552448,0.45619,0,0,0,,0.959,2023-24
2026-05-18,2026-05-25,39061,Hamilton County,Ohio,OH,quiet,0.003409,252,3,151–500,2.28,0.012273,280,4,151–500,2.4,0.551584,0.602746,0,0,0,,,
2026-05-18,2026-05-25,21111,Jefferson County,Kentucky,KY,quiet,0.003406,253,2,151–500,2.28,0.020524,180,2,151–500,4.01,0.551349,0.721896,0,0,2,42,0.828,2022-23
2026-05-18,2026-05-25,32007,Elko County,Nevada,NV,quiet,0.0034,254,3,151–500,2.27,0.006969,412,4,151–500,1.36,0.550912,0.457567,0,0,0,,0.94,2022-23
2026-05-18,2026-05-25,20045,Douglas County,Kansas,KS,quiet,0.00335,255,1,151–500,2.24,0.015194,242,2,151–500,2.97,0.547277,0.654598,0,0,0,,0.93,2023-24
2026-05-18,2026-05-25,04017,Navajo County,Arizona,AZ,quiet,0.003347,256,7,151–500,2.24,0.018479,205,5,151–500,3.61,0.547049,0.699286,0,0,4,49,0.797,2023-24
2026-05-18,2026-05-25,19153,Polk County,Iowa,IA,quiet,0.003323,257,1,151–500,2.22,0.018798,200,1,151–500,3.67,0.54529,0.703042,0,0,0,,0.88844937,2023-24
2026-05-18,2026-05-25,42043,Dauphin County,Pennsylvania,PA,quiet,0.003309,258,11,151–500,2.21,0.00991,320,15,151–500,1.94,0.54424,0.548513,0,0,0,,0.87908187,2023-24
2026-05-18,2026-05-25,45013,Beaufort County,South Carolina,SC,quiet,0.003296,259,5,151–500,2.21,0.014615,252,7,151–500,2.85,0.543239,0.645392,0,0,0,,0.951,2023-24
2026-05-18,2026-05-25,53029,Island County,Washington,WA,quiet,0.003277,260,19,151–500,2.19,0.010638,299,17,151–500,2.08,0.54185,0.566687,0,0,0,,0.92329149,2023-24
2026-05-18,2026-05-25,36047,Kings County,New York,NY,quiet,0.003239,261,9,151–500,2.17,0.020275,183,8,151–500,3.96,0.538901,0.719324,0,0,0,,0.98480251,2022-23
2026-05-18,2026-05-25,37071,Gaston County,North Carolina,NC,quiet,0.003223,262,9,151–500,2.16,0.01243,275,11,151–500,2.43,0.53767,0.605907,0,0,0,,0.91987791,2022-23
2026-05-18,2026-05-25,24510,Baltimore City,Maryland,MD,quiet,0.003222,263,4,151–500,2.16,0.024986,143,3,51–150,4.88,0.537587,0.761462,0,0,3,4,0.9888,2023-24
2026-05-18,2026-05-25,48355,Nueces County,Texas,TX,quiet,0.003136,264,19,151–500,2.1,0.014914,247,18,151–500,2.91,0.530931,0.650202,0,0,0,,0.96532258,2023-24
2026-05-18,2026-05-25,35025,Lea County,New Mexico,NM,quiet,0.003113,265,7,151–500,2.08,0.014988,245,7,151–500,2.93,0.52908,0.651381,0,0,67,50,0.95,2018-19
2026-05-18,2026-05-25,47149,Rutherford County,Tennessee,TN,quiet,0.00311,266,3,151–500,2.08,0.010342,309,3,151–500,2.02,0.52886,0.55946,0,0,0,,0.952,2023-24
2026-05-18,2026-05-25,47093,Knox County,Tennessee,TN,quiet,0.00306,267,4,151–500,2.05,0.008628,350,6,151–500,1.69,0.524796,0.512765,0,0,0,,0.955,2023-24
2026-05-18,2026-05-25,51107,Loudoun County,Virginia,VA,quiet,0.003045,268,4,151–500,2.04,0.008119,369,8,151–500,1.59,0.523595,0.496998,0,0,0,,0.929,2023-24
2026-05-18,2026-05-25,25013,Hampden County,Massachusetts,MA,quiet,0.00301,269,6,151–500,2.01,0.019396,191,2,151–500,3.79,0.520706,0.709843,0,0,0,,0.926,2023-24
2026-05-18,2026-05-25,40143,Tulsa County,Oklahoma,OK,quiet,0.003006,270,3,151–500,2.01,0.024369,153,3,151–500,4.76,0.520414,0.756642,0,0,0,,0.8905,2023-24
2026-05-18,2026-05-25,08035,Douglas County,Colorado,CO,quiet,0.002996,271,12,151–500,2.0,0.015624,236,11,151–500,3.05,0.519531,0.66116,0,0,0,,0.9198,2023-24
2026-05-18,2026-05-25,02090,Fairbanks North Star Borough,Alaska,AK,quiet,0.002989,272,2,151–500,2.0,0.008529,356,2,151–500,1.67,0.518967,0.509763,0,0,0,,,
2026-05-18,2026-05-25,55009,Brown County,Wisconsin,WI,quiet,0.002957,273,2,151–500,1.98,0.018589,202,1,151–500,3.63,0.51626,0.700594,0,0,0,,0.792,2023-24
2026-05-18,2026-05-25,48325,Medina County,Texas,TX,quiet,0.002949,274,20,151–500,1.97,0.00708,409,27,151–500,1.38,0.515614,0.461634,0,0,0,,0.94915254,2023-24
2026-05-18,2026-05-25,24021,Frederick County,Maryland,MD,quiet,0.002861,275,5,151–500,1.91,0.008078,370,7,151–500,1.58,0.508103,0.495683,0,0,0,,0.9931,2023-24
2026-05-18,2026-05-25,12127,Volusia County,Florida,FL,quiet,0.002836,276,24,151–500,1.9,0.018576,204,21,151–500,3.63,0.505915,0.700432,0,0,0,,0.889,2022-23
2026-05-18,2026-05-25,51087,Henrico County,Virginia,VA,quiet,0.002816,277,5,151–500,1.88,0.008617,351,5,151–500,1.68,0.504134,0.512435,0,0,0,,0.936,2023-24
2026-05-18,2026-05-25,06107,Tulare County,California,CA,quiet,0.0028,278,25,151–500,1.87,0.012414,276,25,151–500,2.42,0.502729,0.605591,0,0,2,43,0.97778,2023-24
2026-05-18,2026-05-25,30063,Missoula County,Montana,MT,quiet,0.002778,279,5,151–500,1.86,0.025246,140,3,51–150,4.93,0.500718,0.763436,0,0,0,,,
2026-05-18,2026-05-25,49039,Sanpete County,Utah,UT,quiet,0.002757,280,11,151–500,1.84,0.013298,266,13,151–500,2.6,0.498806,0.622559,0,0,0,,0.934,2022-23
2026-05-18,2026-05-25,34027,Morris County,New Jersey,NJ,quiet,0.002716,281,11,151–500,1.82,0.016484,224,11,151–500,3.22,0.495146,0.673576,0,0,0,,0.941,2023-24
2026-05-18,2026-05-25,08101,Pueblo County,Colorado,CO,quiet,0.002712,282,13,151–500,1.81,0.011367,289,13,151–500,2.22,0.494762,0.583498,0,0,1,59,0.871,2023-24
2026-05-18,2026-05-25,12009,Brevard County,Florida,FL,quiet,0.00271,283,25,151–500,1.81,0.019049,197,20,151–500,3.72,0.494595,0.705927,0,0,0,,0.881,2022-23
2026-05-18,2026-05-25,56039,Teton County,Wyoming,WY,quiet,0.002672,284,3,151–500,1.79,0.008312,363,6,151–500,1.62,0.491015,0.503094,0,0,0,,0.95,2022-23
2026-05-18,2026-05-25,38073,Ransom County,North Dakota,ND,quiet,0.002668,285,8,151–500,1.79,0.008956,341,9,151–500,1.75,0.490698,0.522419,0,0,6,7,0.9592,2023-24
2026-05-18,2026-05-25,27139,Scott County,Minnesota,MN,quiet,0.002662,286,12,151–500,1.78,0.009581,327,13,151–500,1.87,0.490104,0.539842,0,0,0,,0.864,2023-24
2026-05-18,2026-05-25,12113,Santa Rosa County,Florida,FL,quiet,0.002655,287,26,151–500,1.78,0.019801,185,19,151–500,3.87,0.489409,0.71428,0,0,0,,0.919,2022-23
2026-05-18,2026-05-25,41071,Yamhill County,Oregon,OR,quiet,0.002654,288,9,151–500,1.78,0.00632,439,12,151–500,1.23,0.489355,0.432606,0,0,0,,0.891,2023-24
2026-05-18,2026-05-25,09120,Greater Bridgeport Planning Region,Connecticut,CT,quiet,0.002628,289,1,151–500,1.76,0.010211,315,4,151–500,1.99,0.486891,0.556204,0,0,0,,,
2026-05-18,2026-05-25,08067,La Plata County,Colorado,CO,quiet,0.002623,290,14,151–500,1.76,0.011356,290,14,151–500,2.22,0.48645,0.583268,0,0,0,,0.8773,2023-24
2026-05-18,2026-05-25,34029,Ocean County,New Jersey,NJ,quiet,0.002614,291,12,151–500,1.75,0.021148,173,6,151–500,4.13,0.485581,0.72816,0,0,1,45,0.861,2023-24
2026-05-18,2026-05-25,48219,Hockley County,Texas,TX,quiet,0.002594,292,21,151–500,1.74,0.01125,292,21,151–500,2.2,0.483652,0.580895,0,0,7,41,0.94389439,2023-24
2026-05-18,2026-05-25,26055,Grand Traverse County,Michigan,MI,quiet,0.00258,293,8,151–500,1.73,0.016028,231,7,151–500,3.13,0.482359,0.667104,0,0,4,46,0.866,2023-24
2026-05-18,2026-05-25,09110,Capitol Planning Region,Connecticut,CT,quiet,0.002567,294,2,151–500,1.72,0.01301,267,2,151–500,2.54,0.481083,0.61718,0,0,0,,,
2026-05-18,2026-05-25,49047,Uintah County,Utah,UT,quiet,0.002561,295,12,151–500,1.71,0.017557,212,9,151–500,3.43,0.48044,0.687904,0,0,0,,0.947,2022-23
2026-05-18,2026-05-25,41053,Polk County,Oregon,OR,quiet,0.002538,296,10,151–500,1.7,0.008178,366,11,151–500,1.6,0.478205,0.498897,0,0,0,,0.906,2023-24
2026-05-18,2026-05-25,09190,Western Connecticut Planning Region,Connecticut,CT,quiet,0.002521,297,3,151–500,1.69,0.012894,270,3,151–500,2.52,0.476598,0.614986,0,0,0,,,
2026-05-18,2026-05-25,27021,Cass County,Minnesota,MN,quiet,0.002503,298,13,151–500,1.67,0.006892,417,19,151–500,1.35,0.474797,0.454735,0,0,0,,0.841,2023-24
2026-05-18,2026-05-25,49013,Duchesne County,Utah,UT,quiet,0.002501,299,13,151–500,1.67,0.014317,254,12,151–500,2.8,0.474539,0.640456,0,0,0,,0.936,2022-23
2026-05-18,2026-05-25,04009,Graham County,Arizona,AZ,quiet,0.002495,300,8,151–500,1.67,0.009133,336,9,151–500,1.78,0.473945,0.527477,0,0,0,,0.913,2023-24
2026-05-18,2026-05-25,46099,Minnehaha County,South Dakota,SD,quiet,0.002485,301,2,151–500,1.66,0.008731,349,4,151–500,1.71,0.473032,0.515829,0,0,0,,0.91,2023-24
2026-05-18,2026-05-25,29077,Greene County,Missouri,MO,quiet,0.002464,302,3,151–500,1.65,0.012922,268,3,151–500,2.52,0.470874,0.615503,0,0,0,,0.901,2023-24
2026-05-18,2026-05-25,42133,York County,Pennsylvania,PA,quiet,0.002407,303,12,151–500,1.61,0.013678,260,11,151–500,2.67,0.465058,0.629424,0,0,0,,0.94921403,2023-24
2026-05-18,2026-05-25,18003,Allen County,Indiana,IN,quiet,0.002406,304,3,151–500,1.61,0.007443,388,5,151–500,1.45,0.464952,0.474524,0,0,8,56,,
2026-05-18,2026-05-25,48187,Guadalupe County,Texas,TX,quiet,0.002403,305,22,151–500,1.61,0.007557,384,26,151–500,1.48,0.464656,0.478454,0,0,0,,0.97149788,2023-24
2026-05-18,2026-05-25,51041,Chesterfield County,Virginia,VA,quiet,0.002394,306,6,151–500,1.6,0.00454,529,10,501+,0.89,0.463739,0.351373,0,0,0,,0.837,2023-24
2026-05-18,2026-05-25,27109,Olmsted County,Minnesota,MN,quiet,0.002393,307,14,151–500,1.6,0.00983,323,11,151–500,1.92,0.46361,0.546436,0,0,1,31,0.925,2023-24
2026-05-18,2026-05-25,45083,Spartanburg County,South Carolina,SC,quiet,0.002391,308,6,151–500,1.6,0.025194,142,4,51–150,4.92,0.46344,0.763044,0,0,940,9,0.912,2023-24
2026-05-18,2026-05-25,26161,Washtenaw County,Michigan,MI,quiet,0.002386,309,9,151–500,1.6,0.018583,203,6,151–500,3.63,0.46287,0.700522,0,0,7,8,0.9088,2023-24
2026-05-18,2026-05-25,42095,Northampton County,Pennsylvania,PA,quiet,0.00236,310,13,151–500,1.58,0.011099,295,13,151–500,2.17,0.460155,0.577475,0,0,0,,0.95149606,2023-24
2026-05-18,2026-05-25,27137,St. Louis County,Minnesota,MN,quiet,0.002359,311,15,151–500,1.58,0.007242,398,18,151–500,1.41,0.460071,0.467475,0,0,0,,0.895,2023-24
2026-05-18,2026-05-25,22033,East Baton Rouge Parish,Louisiana,LA,quiet,0.002351,312,3,151–500,1.57,0.011155,293,3,151–500,2.18,0.459248,0.57874,0,0,0,,0.878,2021-22
2026-05-18,2026-05-25,56025,Natrona County,Wyoming,WY,quiet,0.002348,313,4,151–500,1.57,0.012404,277,2,151–500,2.42,0.458914,0.605382,0,0,1,46,0.94,2022-23
2026-05-18,2026-05-25,20091,Johnson County,Kansas,KS,quiet,0.002347,314,2,151–500,1.57,0.013791,258,3,151–500,2.69,0.458845,0.631421,0,0,0,,0.95,2023-24
2026-05-18,2026-05-25,29510,St. Louis City,Missouri,MO,quiet,0.002347,315,4,151–500,1.57,0.007621,380,6,151–500,1.49,0.458796,0.480616,0,0,0,,0.745,2023-24
2026-05-18,2026-05-25,56041,Uinta County,Wyoming,WY,quiet,0.002346,316,5,151–500,1.57,0.007362,391,7,151–500,1.44,0.458762,0.471703,0,0,0,,0.92,2022-23
2026-05-18,2026-05-25,01073,Jefferson County,Alabama,AL,quiet,0.002331,317,2,151–500,1.56,0.008596,353,3,151–500,1.68,0.457169,0.511805,0,0,0,,0.9557,2022-23
2026-05-18,2026-05-25,24003,Anne Arundel County,Maryland,MD,quiet,0.002306,318,6,151–500,1.54,0.019792,186,5,151–500,3.87,0.45441,0.714188,0,0,0,,0.9934,2023-24
2026-05-18,2026-05-25,04007,Gila County,Arizona,AZ,quiet,0.002302,319,9,151–500,1.54,0.006006,449,11,151–500,1.17,0.454025,0.41973,0,0,0,,0.799,2023-24
2026-05-18,2026-05-25,24027,Howard County,Maryland,MD,quiet,0.002291,320,7,151–500,1.53,0.021639,166,4,151–500,4.23,0.45284,0.732911,0,0,1,63,0.9926,2023-24
2026-05-18,2026-05-25,39093,Lorain County,Ohio,OH,quiet,0.002255,321,4,151–500,1.51,0.00963,324,7,151–500,1.88,0.448907,0.541154,0,0,0,,,
2026-05-18,2026-05-25,48397,Rockwall County,Texas,TX,quiet,0.002249,322,23,151–500,1.5,0.012594,273,19,151–500,2.46,0.448289,0.609161,0,0,8,12,0.91472868,2023-24
2026-05-18,2026-05-25,09170,South Central Connecticut Planning Region,Connecticut,CT,quiet,0.002244,323,4,151–500,1.5,0.016535,222,1,151–500,3.23,0.447742,0.674295,0,0,1,23,,
2026-05-18,2026-05-25,06099,Stanislaus County,California,CA,quiet,0.00224,324,26,151–500,1.5,0.021212,169,19,151–500,4.14,0.447305,0.728794,0,0,0,,0.96631,2023-24
2026-05-18,2026-05-25,06055,Napa County,California,CA,quiet,0.002225,325,27,151–500,1.49,0.007575,383,28,151–500,1.48,0.445608,0.479055,0,0,1,17,0.9899,2023-24
2026-05-18,2026-05-25,51710,Norfolk City,Virginia,VA,quiet,0.00221,326,7,151–500,1.48,0.008414,360,6,151–500,1.64,0.443943,0.506241,0,0,0,,0.847,2023-24
2026-05-18,2026-05-25,53045,Mason County,Washington,WA,quiet,0.002205,327,20,151–500,1.48,0.004948,502,24,501+,0.97,0.443413,0.371887,0,0,0,,0.87883212,2023-24
2026-05-18,2026-05-25,56021,Laramie County,Wyoming,WY,quiet,0.002205,328,6,151–500,1.47,0.008477,358,5,151–500,1.66,0.443378,0.508195,0,0,0,,0.86,2022-23
2026-05-18,2026-05-25,25005,Bristol County,Massachusetts,MA,quiet,0.002187,329,7,151–500,1.46,0.009838,322,4,151–500,1.92,0.441451,0.546646,0,0,0,,0.974,2023-24
2026-05-18,2026-05-25,27029,Clearwater County,Minnesota,MN,quiet,0.002186,330,16,151–500,1.46,0.009285,331,14,151–500,1.81,0.441317,0.53175,0,0,0,,0.701,2023-24
2026-05-18,2026-05-25,27111,Otter Tail County,Minnesota,MN,quiet,0.002169,331,17,151–500,1.45,0.007925,372,17,151–500,1.55,0.439353,0.490747,0,0,0,,0.826,2023-24
2026-05-18,2026-05-25,20173,Sedgwick County,Kansas,KS,quiet,0.002144,332,3,151–500,1.43,0.018825,199,1,151–500,3.68,0.436546,0.703351,0,0,0,,0.91,2023-24
2026-05-18,2026-05-25,39095,Lucas County,Ohio,OH,quiet,0.002142,333,5,151–500,1.43,0.01058,300,5,151–500,2.07,0.436324,0.565282,0,0,0,,,
2026-05-18,2026-05-25,06115,Yuba County,California,CA,quiet,0.002142,334,28,151–500,1.43,0.007222,400,29,151–500,1.41,0.436298,0.466754,0,0,0,,0.91649,2023-24
2026-05-18,2026-05-25,42055,Franklin County,Pennsylvania,PA,quiet,0.002134,335,14,151–500,1.43,0.006028,447,17,151–500,1.18,0.435415,0.420636,0,0,0,,0.9250326,2023-24
2026-05-18,2026-05-25,38071,Ramsey County,North Dakota,ND,quiet,0.002125,336,9,151–500,1.42,0.005005,497,14,151–500,0.98,0.434384,0.374657,0,0,0,,0.9651,2023-24
2026-05-18,2026-05-25,49027,Millard County,Utah,UT,quiet,0.002125,337,14,151–500,1.42,0.007441,389,15,151–500,1.45,0.434312,0.474465,0,0,0,,0.937,2022-23
2026-05-18,2026-05-25,39153,Summit County,Ohio,OH,quiet,0.002087,338,6,151–500,1.4,0.009134,335,8,151–500,1.78,0.429923,0.527517,0,0,0,,,
2026-05-18,2026-05-25,29047,Clay County,Missouri,MO,quiet,0.002083,339,5,151–500,1.39,0.011974,283,4,151–500,2.34,0.429446,0.596583,0,0,0,,0.914,2023-24
2026-05-18,2026-05-25,51013,Arlington County,Virginia,VA,quiet,0.002079,340,8,151–500,1.39,0.009349,329,3,151–500,1.83,0.428955,0.533514,0,0,0,,0.929,2023-24
2026-05-18,2026-05-25,51810,Virginia Beach City,Virginia,VA,quiet,0.002078,341,9,151–500,1.39,0.008158,367,7,151–500,1.59,0.428944,0.49826,0,0,0,,0.904,2023-24
2026-05-18,2026-05-25,48013,Atascosa County,Texas,TX,quiet,0.002071,342,24,151–500,1.39,0.005442,470,35,151–500,1.06,0.428054,0.395124,0,0,1,56,0.98509934,2023-24
2026-05-18,2026-05-25,53013,Columbia County,Washington,WA,quiet,0.002067,343,21,151–500,1.38,0.007798,374,19,151–500,1.52,0.427628,0.48655,0,0,0,,0.80851064,2023-24
2026-05-18,2026-05-25,41019,Douglas County,Oregon,OR,quiet,0.002058,344,11,151–500,1.38,0.008251,364,10,151–500,1.61,0.426516,0.501191,0,0,0,,0.875,2023-24
2026-05-18,2026-05-25,38101,Ward County,North Dakota,ND,quiet,0.002043,345,10,151–500,1.37,0.015622,237,8,151–500,3.05,0.424717,0.661128,0,0,0,,0.9267,2023-24
2026-05-18,2026-05-25,06007,Butte County,California,CA,quiet,0.002036,346,29,151–500,1.36,0.008936,343,27,151–500,1.75,0.423886,0.521833,0,0,0,,0.96918,2023-24
2026-05-18,2026-05-25,39151,Stark County,Ohio,OH,quiet,0.002029,347,7,151–500,1.36,0.010075,318,6,151–500,1.97,0.423098,0.552775,0,0,0,,,
2026-05-18,2026-05-25,16043,Fremont County,Idaho,ID,quiet,0.002021,348,8,151–500,1.35,0.003911,577,15,501+,0.76,0.422137,0.317144,0,0,0,,,
2026-05-18,2026-05-25,18039,Elkhart County,Indiana,IN,quiet,0.002015,349,4,151–500,1.35,0.010066,319,4,151–500,1.97,0.421397,0.55254,0,0,0,,,
2026-05-18,2026-05-25,38053,McKenzie County,North Dakota,ND,quiet,0.002015,350,11,151–500,1.35,0.008877,346,10,151–500,1.73,0.421375,0.520117,0,0,0,,0.8008,2023-24
2026-05-18,2026-05-25,18141,St. Joseph County,Indiana,IN,quiet,0.002015,351,5,151–500,1.35,0.014691,251,3,151–500,2.87,0.421368,0.646615,0,0,0,,,
2026-05-18,2026-05-25,48091,Comal County,Texas,TX,quiet,0.002014,352,25,151–500,1.35,0.012386,278,20,151–500,2.42,0.421224,0.605021,0,0,0,,0.92261002,2023-24
2026-05-18,2026-05-25,08045,Garfield County,Colorado,CO,quiet,0.002011,353,15,151–500,1.35,0.00714,402,16,151–500,1.39,0.420856,0.46382,0,0,0,,0.9165,2023-24
2026-05-18,2026-05-25,16013,Blaine County,Idaho,ID,quiet,0.001993,354,9,151–500,1.33,0.008608,352,9,151–500,1.68,0.418729,0.51215,0,0,0,,,
2026-05-18,2026-05-25,10005,Sussex County,Delaware,DE,quiet,0.001978,355,2,151–500,1.32,0.009337,330,2,151–500,1.82,0.416892,0.533193,0,0,0,,,
2026-05-18,2026-05-25,37109,Lincoln County,North Carolina,NC,quiet,0.001968,356,10,151–500,1.32,0.007171,401,16,151–500,1.4,0.415661,0.46491,0,0,1,15,0.91627469,2022-23
2026-05-18,2026-05-25,55127,Walworth County,Wisconsin,WI,quiet,0.001954,357,3,151–500,1.31,0.004209,549,7,501+,0.82,0.413972,0.333785,0,0,0,,0.732,2023-24
2026-05-18,2026-05-25,53043,Lincoln County,Washington,WA,quiet,0.001951,358,22,151–500,1.31,0.003179,665,27,501+,0.62,0.413632,0.272756,0,0,0,,0.89949749,2023-24
2026-05-18,2026-05-25,23005,Cumberland County,Maine,ME,quiet,0.001934,359,1,151–500,1.29,0.005513,466,3,151–500,1.08,0.411454,0.398341,0,0,0,,0.9582,2023-24
2026-05-18,2026-05-25,26115,Monroe County,Michigan,MI,quiet,0.001925,360,10,151–500,1.29,0.007333,392,10,151–500,1.43,0.410294,0.470697,0,0,1,7,0.9177,2023-24
2026-05-18,2026-05-25,36079,Putnam County,New York,NY,quiet,0.001911,361,10,151–500,1.28,0.006346,435,12,151–500,1.24,0.40856,0.433632,0,0,1,50,0.99338235,2022-23
2026-05-18,2026-05-25,21117,Kenton County,Kentucky,KY,quiet,0.001909,362,3,151–500,1.28,0.01043,306,3,151–500,2.04,0.40829,0.56163,0,0,0,,0.97,2022-23
2026-05-18,2026-05-25,27113,Pennington County,Minnesota,MN,quiet,0.001908,363,18,151–500,1.28,0.006696,425,21,151–500,1.31,0.40821,0.447332,0,0,0,,0.932,2023-24
2026-05-18,2026-05-25,04027,Yuma County,Arizona,AZ,quiet,0.001906,364,10,151–500,1.27,0.010555,302,8,151–500,2.06,0.407908,0.564678,0,0,0,,0.954,2023-24
2026-05-18,2026-05-25,06093,Siskiyou County,California,CA,quiet,0.001896,365,30,151–500,1.27,0.004684,513,35,501+,0.91,0.406677,0.358769,0,0,0,,0.9636,2023-24
2026-05-18,2026-05-25,34001,Atlantic County,New Jersey,NJ,quiet,0.001877,366,13,151–500,1.26,0.013693,259,14,151–500,2.67,0.404327,0.629698,0,0,0,,0.922,2023-24
2026-05-18,2026-05-25,48389,Reeves County,Texas,TX,quiet,0.001873,367,26,151–500,1.25,0.008138,368,25,151–500,1.59,0.403696,0.49761,0,0,2,51,0.94923858,2023-24
2026-05-18,2026-05-25,34035,Somerset County,New Jersey,NJ,quiet,0.001866,368,14,151–500,1.25,0.01936,192,8,151–500,3.78,0.402892,0.709441,0,0,0,,0.952,2023-24
2026-05-18,2026-05-25,23019,Penobscot County,Maine,ME,quiet,0.00186,369,2,151–500,1.24,0.01218,282,1,151–500,2.38,0.402093,0.600853,0,0,5,13,0.9858,2023-24
2026-05-18,2026-05-25,05007,Benton County,Arkansas,AR,quiet,0.001857,370,2,151–500,1.24,0.016209,227,1,151–500,3.17,0.401729,0.669706,0,0,1,48,,
2026-05-18,2026-05-25,42125,Washington County,Pennsylvania,PA,quiet,0.001857,371,15,151–500,1.24,0.004277,543,19,501+,0.84,0.401704,0.337482,0,0,0,,0.95047706,2023-24
2026-05-18,2026-05-25,41049,Morrow County,Oregon,OR,quiet,0.001856,372,12,151–500,1.24,0.0035,622,16,501+,0.68,0.401591,0.292913,0,0,0,,0.899,2023-24
2026-05-18,2026-05-25,12115,Sarasota County,Florida,FL,quiet,0.001839,373,27,151–500,1.23,0.010239,313,27,151–500,2.0,0.399345,0.556917,0,0,0,,0.848,2022-23
2026-05-18,2026-05-25,02122,Kenai Peninsula Borough,Alaska,AK,quiet,0.00179,374,3,151–500,1.2,0.00691,416,3,151–500,1.35,0.392962,0.455411,0,0,1,69,,
2026-05-18,2026-05-25,48451,Tom Green County,Texas,TX,quiet,0.001787,375,27,151–500,1.2,0.006742,421,28,151–500,1.32,0.392495,0.449069,0,0,0,,0.96938065,2023-24
2026-05-18,2026-05-25,45019,Charleston County,South Carolina,SC,quiet,0.001776,376,7,151–500,1.19,0.006707,423,12,151–500,1.31,0.391127,0.447758,0,0,0,,0.935,2023-24
2026-05-18,2026-05-25,34041,Warren County,New Jersey,NJ,quiet,0.001774,377,15,151–500,1.19,0.002295,833,16,501+,0.45,0.390829,0.21143,0,0,0,,0.915,2023-24
2026-05-18,2026-05-25,55025,Dane County,Wisconsin,WI,quiet,0.001762,378,4,151–500,1.18,0.014944,246,2,151–500,2.92,0.389173,0.650684,0,0,1,17,0.757,2023-24
2026-05-18,2026-05-25,30029,Flathead County,Montana,MT,quiet,0.001757,379,6,151–500,1.18,0.015954,233,6,151–500,3.12,0.388471,0.666027,0,0,2,51,,
2026-05-18,2026-05-25,30081,Ravalli County,Montana,MT,quiet,0.001753,380,7,151–500,1.17,0.010189,316,7,151–500,1.99,0.387993,0.555644,0,0,0,,,
2026-05-18,2026-05-25,17201,Winnebago County,Illinois,IL,quiet,0.001747,381,6,151–500,1.17,0.013477,265,6,151–500,2.63,0.387187,0.625816,0,0,0,,,
2026-05-18,2026-05-25,36111,Ulster County,New York,NY,quiet,0.001716,382,11,151–500,1.15,0.006326,437,13,151–500,1.24,0.383016,0.432849,0,0,0,,0.99046154,2022-23
2026-05-18,2026-05-25,45015,Berkeley County,South Carolina,SC,quiet,0.001712,383,8,151–500,1.15,0.009624,325,9,151–500,1.88,0.382412,0.540986,0,0,0,,0.93,2023-24
2026-05-18,2026-05-25,04023,Santa Cruz County,Arizona,AZ,quiet,0.001709,384,11,151–500,1.14,0.004051,558,13,501+,0.79,0.382006,0.325096,0,0,0,,0.964,2023-24
2026-05-18,2026-05-25,06057,Nevada County,California,CA,quiet,0.001709,385,31,151–500,1.14,0.004119,554,36,501+,0.8,0.381957,0.328835,0,0,0,,0.88695,2023-24
2026-05-18,2026-05-25,02170,Matanuska-Susitna Borough,Alaska,AK,quiet,0.001706,386,4,151–500,1.14,0.006372,434,4,151–500,1.24,0.381582,0.434708,0,0,0,,,
2026-05-18,2026-05-25,45007,Anderson County,South Carolina,SC,quiet,0.001703,387,9,151–500,1.14,0.021198,171,5,151–500,4.14,0.381193,0.72865,0,0,0,,0.953,2023-24
2026-05-18,2026-05-25,49019,Grand County,Utah,UT,quiet,0.001701,388,15,151–500,1.14,0.009052,338,14,151–500,1.77,0.380898,0.525172,0,0,0,,0.938,2022-23
2026-05-18,2026-05-25,45077,Pickens County,South Carolina,SC,quiet,0.0017,389,10,151–500,1.14,0.005196,480,16,151–500,1.01,0.380748,0.38376,0,0,6,9,0.954,2023-24
2026-05-18,2026-05-25,55133,Waukesha County,Wisconsin,WI,quiet,0.001684,390,5,151–500,1.13,0.009042,339,4,151–500,1.77,0.37847,0.524873,0,0,1,18,0.795,2023-24
2026-05-18,2026-05-25,37051,Cumberland County,North Carolina,NC,quiet,0.001678,391,11,151–500,1.12,0.011343,291,12,151–500,2.22,0.377763,0.582972,0,0,0,,0.90652681,2022-23
2026-05-18,2026-05-25,21015,Boone County,Kentucky,KY,quiet,0.001663,392,4,151–500,1.11,0.004623,519,8,501+,0.9,0.375541,0.355682,0,0,0,,0.955,2022-23
2026-05-18,2026-05-25,16005,Bannock County,Idaho,ID,quiet,0.00166,393,10,151–500,1.11,0.004678,515,13,501+,0.91,0.375146,0.358443,0,0,0,,,
2026-05-18,2026-05-25,46013,Brown County,South Dakota,SD,quiet,0.001655,394,3,151–500,1.11,0.010307,311,2,151–500,2.01,0.374514,0.558603,0,0,1,10,0.96,2023-24
2026-05-18,2026-05-25,04011,Greenlee County,Arizona,AZ,quiet,0.001652,395,12,151–500,1.11,0.006167,444,10,151–500,1.2,0.374002,0.426389,0,0,0,,0.842,2023-24
2026-05-18,2026-05-25,29183,St. Charles County,Missouri,MO,quiet,0.001648,396,6,151–500,1.1,0.007111,405,7,151–500,1.39,0.373426,0.462761,0,0,0,,0.944,2023-24
2026-05-18,2026-05-25,47065,Hamilton County,Tennessee,TN,quiet,0.001642,397,5,151–500,1.1,0.00894,342,5,151–500,1.75,0.372617,0.521954,0,0,0,,0.922,2023-24
2026-05-18,2026-05-25,18063,Hendricks County,Indiana,IN,quiet,0.00164,398,6,151–500,1.1,0.003929,573,9,501+,0.77,0.372347,0.318161,0,0,0,,,
2026-05-18,2026-05-25,42003,Allegheny County,Pennsylvania,PA,quiet,0.001638,399,16,151–500,1.1,0.010433,305,14,151–500,2.04,0.372036,0.561717,0,0,0,,0.94368726,2023-24
2026-05-18,2026-05-25,39173,Wood County,Ohio,OH,quiet,0.001635,400,8,151–500,1.09,0.003774,596,14,501+,0.74,0.371683,0.30927,0,0,0,,,
2026-05-18,2026-05-25,38077,Richland County,North Dakota,ND,quiet,0.001635,401,12,151–500,1.09,0.004269,545,15,501+,0.83,0.371622,0.337059,0,0,0,,0.9521,2023-24
2026-05-18,2026-05-25,44003,Kent County,Rhode Island,RI,quiet,0.001618,402,2,151–500,1.08,0.007305,394,2,151–500,1.43,0.369217,0.469712,0,0,0,,0.92,2023-24
2026-05-18,2026-05-25,39113,Montgomery County,Ohio,OH,quiet,0.001618,403,9,151–500,1.08,0.007761,375,9,151–500,1.52,0.369204,0.485338,0,0,0,,,
2026-05-18,2026-05-25,45003,Aiken County,South Carolina,SC,quiet,0.001605,404,11,151–500,1.07,0.010121,317,8,151–500,1.98,0.367318,0.553947,0,0,0,,0.928,2023-24
2026-05-18,2026-05-25,32023,Nye County,Nevada,NV,quiet,0.001592,405,4,151–500,1.06,0.004838,506,7,501+,0.94,0.365414,0.366489,0,0,0,,0.94,2022-23
2026-05-18,2026-05-25,17111,McHenry County,Illinois,IL,quiet,0.00159,406,7,151–500,1.06,0.008335,362,7,151–500,1.63,0.365137,0.503802,0,0,0,,,
2026-05-18,2026-05-25,42129,Westmoreland County,Pennsylvania,PA,quiet,0.001583,407,17,151–500,1.06,0.007685,379,16,151–500,1.5,0.364156,0.482776,0,0,0,,0.92406919,2023-24
2026-05-18,2026-05-25,37097,Iredell County,North Carolina,NC,quiet,0.001578,408,12,151–500,1.06,0.013531,263,10,151–500,2.64,0.363412,0.626797,0,0,0,,0.91877104,2022-23
2026-05-18,2026-05-25,51177,Spotsylvania County,Virginia,VA,quiet,0.001569,409,10,151–500,1.05,0.002377,815,20,501+,0.46,0.36205,0.217563,0,0,0,,0.892,2023-24
2026-05-18,2026-05-25,26087,Lapeer County,Michigan,MI,quiet,0.001562,410,11,151–500,1.04,0.003018,686,20,501+,0.59,0.361028,0.262317,0,0,0,,0.8346,2023-24
2026-05-18,2026-05-25,08014,Broomfield County,Colorado,CO,quiet,0.001559,411,16,151–500,1.04,0.006321,438,18,151–500,1.23,0.360673,0.432654,0,0,4,9,0.9124,2023-24
2026-05-18,2026-05-25,56005,Campbell County,Wyoming,WY,quiet,0.001555,412,7,151–500,1.04,0.005712,460,8,151–500,1.12,0.360088,0.407159,0,0,0,,0.94,2022-23
2026-05-18,2026-05-25,46109,Roberts County,South Dakota,SD,quiet,0.001545,413,4,151–500,1.03,0.008742,347,3,151–500,1.71,0.358577,0.516157,0,0,0,,0.9,2023-24
2026-05-18,2026-05-25,54003,Berkeley County,West Virginia,WV,quiet,0.001539,414,1,151–500,1.03,0.007091,407,1,151–500,1.38,0.357652,0.462031,0,0,0,,,
2026-05-18,2026-05-25,06103,Tehama County,California,CA,quiet,0.001533,415,32,151–500,1.03,0.004712,511,34,501+,0.92,0.356777,0.360198,0,0,0,,0.97026,2023-24
2026-05-18,2026-05-25,35015,Eddy County,New Mexico,NM,quiet,0.001529,416,8,151–500,1.02,0.006055,446,8,151–500,1.18,0.356243,0.421775,0,0,3,56,0.95,2018-19
2026-05-18,2026-05-25,13029,Bryan County,Georgia,GA,quiet,0.001525,417,5,151–500,1.02,0.010532,304,5,151–500,2.06,0.35566,0.564114,0,0,1,13,,
2026-05-18,2026-05-25,06101,Sutter County,California,CA,quiet,0.001508,418,33,151–500,1.01,0.003354,641,41,501+,0.66,0.353016,0.283896,0,0,0,,0.7583,2023-24
2026-05-18,2026-05-25,49023,Juab County,Utah,UT,quiet,0.001506,419,16,151–500,1.01,0.003919,575,19,501+,0.77,0.352704,0.317633,0,0,0,,0.925,2022-23
2026-05-18,2026-05-25,33015,Rockingham County,New Hampshire,NH,quiet,0.001499,420,2,151–500,1.0,0.00706,410,2,151–500,1.38,0.351663,0.460918,0,0,0,,,
2026-05-18,2026-05-25,06029,Kern County,California,CA,quiet,0.001498,421,34,151–500,1.0,0.003329,645,43,501+,0.65,0.351521,0.282334,0,0,0,,0.90718,2023-24
2026-05-18,2026-05-25,38005,Benson County,North Dakota,ND,quiet,0.001498,422,13,151–500,1.0,0.003496,623,20,501+,0.68,0.351457,0.292673,0,0,0,,0.9504,2023-24
2026-05-18,2026-05-25,34025,Monmouth County,New Jersey,NJ,quiet,0.001493,423,16,151–500,1.0,0.014906,248,13,151–500,2.91,0.350737,0.650082,0,0,0,,0.902,2023-24
2026-05-18,2026-05-25,32510,Carson City,Nevada,NV,quiet,0.001489,424,5,151–500,1.0,0.005554,465,5,151–500,1.08,0.350232,0.400181,0,0,0,,0.93,2022-23
2026-05-18,2026-05-25,27107,Norman County,Minnesota,MN,quiet,0.001487,425,19,151–500,0.99,0.010311,310,10,151–500,2.01,0.349873,0.558704,0,0,0,,0.9,2023-24
2026-05-18,2026-05-25,16011,Bingham County,Idaho,ID,quiet,0.001486,426,11,151–500,0.99,0.009182,333,8,151–500,1.79,0.349731,0.52886,0,0,0,,,
2026-05-18,2026-05-25,01089,Madison County,Alabama,AL,quiet,0.001485,427,3,151–500,0.99,0.008517,357,4,151–500,1.66,0.349619,0.509417,0,0,0,,0.9385,2022-23
2026-05-18,2026-05-25,36059,Nassau County,New York,NY,quiet,0.001477,428,12,151–500,0.99,0.007127,404,11,151–500,1.39,0.348264,0.463326,0,0,0,,0.9943212,2022-23
2026-05-18,2026-05-25,39089,Licking County,Ohio,OH,quiet,0.001462,429,10,151–500,0.98,0.013487,264,3,151–500,2.63,0.346047,0.626005,0,0,0,,,
2026-05-18,2026-05-25,53003,Asotin County,Washington,WA,quiet,0.001442,430,23,151–500,0.96,0.002403,808,29,501+,0.47,0.342872,0.219429,0,0,0,,0.92016807,2023-24
2026-05-18,2026-05-25,56001,Albany County,Wyoming,WY,quiet,0.001439,431,8,151–500,0.96,0.00257,763,14,501+,0.5,0.342435,0.231516,0,0,0,,0.94,2022-23
2026-05-18,2026-05-25,38097,Traill County,North Dakota,ND,quiet,0.001434,432,14,151–500,0.96,0.005156,482,13,151–500,1.01,0.341751,0.381868,0,0,1,11,0.9659,2023-24
2026-05-18,2026-05-25,16083,Twin Falls County,Idaho,ID,quiet,0.001424,433,12,151–500,0.95,0.010855,296,7,151–500,2.12,0.340124,0.571832,0,0,0,,,
2026-05-18,2026-05-25,25023,Plymouth County,Massachusetts,MA,quiet,0.00141,434,8,151–500,0.94,0.004329,539,8,501+,0.85,0.337901,0.340271,0,0,0,,0.957,2023-24
2026-05-18,2026-05-25,24043,Washington County,Maryland,MD,quiet,0.001405,435,8,151–500,0.94,0.004628,517,8,501+,0.9,0.337103,0.355921,0,0,0,,0.9893,2023-24
2026-05-18,2026-05-25,49007,Carbon County,Utah,UT,quiet,0.001399,436,17,151–500,0.94,0.004621,520,17,501+,0.9,0.336178,0.355548,0,0,0,,0.957,2022-23
2026-05-18,2026-05-25,08109,Saguache County,Colorado,CO,quiet,0.001392,437,17,151–500,0.93,0.004298,541,20,501+,0.84,0.335097,0.3386,0,0,1,7,0.9589,2023-24
2026-05-18,2026-05-25,37001,Alamance County,North Carolina,NC,quiet,0.001384,438,13,151–500,0.93,0.00643,433,18,151–500,1.26,0.333763,0.436983,0,0,0,,0.96282528,2022-23
2026-05-18,2026-05-25,09140,Naugatuck Valley Planning Region,Connecticut,CT,quiet,0.001378,439,5,151–500,0.92,0.003916,576,5,501+,0.76,0.332775,0.317463,0,0,0,,,
2026-05-18,2026-05-25,56019,Johnson County,Wyoming,WY,quiet,0.001371,440,9,151–500,0.92,0.002698,741,13,501+,0.53,0.331634,0.240596,0,0,0,,0.96,2022-23
2026-05-18,2026-05-25,31153,Sarpy County,Nebraska,NE,quiet,0.00137,441,3,151–500,0.92,0.004885,505,4,501+,0.95,0.331493,0.368815,0,0,0,,,
2026-05-18,2026-05-25,16029,Caribou County,Idaho,ID,quiet,0.001365,442,13,151–500,0.91,0.0027,740,21,501+,0.53,0.330801,0.24069,0,0,0,,,
2026-05-18,2026-05-25,19103,Johnson County,Iowa,IA,quiet,0.001364,443,2,151–500,0.91,0.006983,411,3,151–500,1.36,0.330633,0.458077,0,0,0,,0.85397039,2023-24
2026-05-18,2026-05-25,48165,Gaines County,Texas,TX,quiet,0.001363,444,28,151–500,0.91,0.003533,619,49,501+,0.69,0.330333,0.294922,0,0,414,46,0.81967213,2023-24
2026-05-18,2026-05-25,06047,Merced County,California,CA,quiet,0.001361,445,35,151–500,0.91,0.004791,508,33,501+,0.94,0.330053,0.364132,0,0,0,,0.97513,2023-24
2026-05-18,2026-05-25,49025,Kane County,Utah,UT,quiet,0.001356,446,18,151–500,0.91,0.001863,947,22,501+,0.36,0.329273,0.177887,0,0,0,,0.88,2022-23
2026-05-18,2026-05-25,48139,Ellis County,Texas,TX,quiet,0.001352,447,29,151–500,0.9,0.006171,442,30,151–500,1.21,0.328592,0.426572,0,0,0,,0.93659479,2023-24
2026-05-18,2026-05-25,56029,Park County,Wyoming,WY,quiet,0.001348,448,10,151–500,0.9,0.005604,463,9,151–500,1.09,0.327913,0.402401,0,0,1,22,0.9,2022-23
2026-05-18,2026-05-25,41029,Jackson County,Oregon,OR,quiet,0.001345,449,13,151–500,0.9,0.00854,355,9,151–500,1.67,0.327472,0.510099,0,0,0,,0.874,2023-24
2026-05-18,2026-05-25,24017,Charles County,Maryland,MD,quiet,0.001341,450,9,151–500,0.9,0.003762,597,10,501+,0.73,0.326835,0.308523,0,0,0,,0.9951,2023-24
2026-05-18,2026-05-25,18057,Hamilton County,Indiana,IN,quiet,0.001335,451,7,151–500,0.89,0.006592,430,7,151–500,1.29,0.325912,0.443343,0,0,0,,,
2026-05-18,2026-05-25,45035,Dorchester County,South Carolina,SC,quiet,0.001335,452,12,151–500,0.89,0.007294,397,11,151–500,1.42,0.32579,0.469293,0,0,0,,0.947,2023-24
2026-05-18,2026-05-25,53001,Adams County,Washington,WA,quiet,0.001327,453,24,151–500,0.89,0.009036,340,18,151–500,1.76,0.324574,0.524722,0,0,0,,0.91714286,2023-24
2026-05-18,2026-05-25,45081,Saluda County,South Carolina,SC,quiet,0.001319,454,13,151–500,0.88,0.007556,385,10,151–500,1.48,0.323288,0.478427,0,0,1,5,0.947,2023-24
2026-05-18,2026-05-25,51179,Stafford County,Virginia,VA,quiet,0.001311,455,11,151–500,0.88,0.004659,516,9,501+,0.91,0.321867,0.357491,0,0,0,,0.907,2023-24
2026-05-18,2026-05-25,26159,Van Buren County,Michigan,MI,quiet,0.001308,456,12,151–500,0.88,0.005027,495,15,151–500,0.98,0.321435,0.375707,0,0,0,,0.9122,2023-24
2026-05-18,2026-05-25,46029,Codington County,South Dakota,SD,quiet,0.001306,457,5,151–500,0.87,0.001646,1029,14,501+,0.32,0.32107,0.159983,0,0,0,,0.86,2023-24
2026-05-18,2026-05-25,28033,DeSoto County,Mississippi,MS,quiet,0.001293,458,1,151–500,0.87,0.003922,574,1,501+,0.77,0.318953,0.317817,0,0,0,,,
2026-05-18,2026-05-25,37035,Catawba County,North Carolina,NC,quiet,0.001286,459,14,151–500,0.86,0.013619,262,9,151–500,2.66,0.317718,0.628376,0,0,0,,0.95066414,2022-23
2026-05-18,2026-05-25,42049,Erie County,Pennsylvania,PA,quiet,0.001284,460,18,151–500,0.86,0.012351,279,12,151–500,2.41,0.317477,0.60433,0,0,8,54,0.94883041,2023-24
2026-05-18,2026-05-25,01097,Mobile County,Alabama,AL,quiet,0.001276,461,4,151–500,0.85,0.008737,348,2,151–500,1.71,0.316082,0.515998,0,0,0,,0.9245,2022-23
2026-05-18,2026-05-25,51700,Newport News City,Virginia,VA,quiet,0.001276,462,12,151–500,0.85,0.003436,630,11,501+,0.67,0.316024,0.289,0,0,0,,0.825,2023-24
2026-05-18,2026-05-25,27135,Roseau County,Minnesota,MN,quiet,0.001273,463,20,151–500,0.85,0.003165,666,33,501+,0.62,0.315583,0.271875,0,0,0,,0.809,2023-24
2026-05-18,2026-05-25,42089,Monroe County,Pennsylvania,PA,quiet,0.001268,464,19,151–500,0.85,0.003696,600,20,501+,0.72,0.314654,0.30469,0,0,0,,0.91116595,2023-24
2026-05-18,2026-05-25,39045,Fairfield County,Ohio,OH,quiet,0.001266,465,11,151–500,0.85,0.004737,510,11,501+,0.93,0.314372,0.361436,0,0,0,,,
2026-05-18,2026-05-25,56009,Converse County,Wyoming,WY,quiet,0.001263,466,11,151–500,0.85,0.002378,814,15,501+,0.46,0.313918,0.217619,0,0,0,,0.93,2022-23
2026-05-18,2026-05-25,37135,Orange County,North Carolina,NC,quiet,0.001263,467,15,151–500,0.84,0.006919,415,17,151–500,1.35,0.313799,0.455713,0,0,0,,0.95387454,2022-23
2026-05-18,2026-05-25,37101,Johnston County,North Carolina,NC,quiet,0.00126,468,16,151–500,0.84,0.007889,373,14,151–500,1.54,0.313323,0.489578,0,0,1,14,0.94841408,2022-23
2026-05-18,2026-05-25,37133,Onslow County,North Carolina,NC,quiet,0.001259,469,17,151–500,0.84,0.005486,469,19,151–500,1.07,0.313132,0.397114,0,0,0,,0.91405924,2022-23
2026-05-18,2026-05-25,18019,Clark County,Indiana,IN,quiet,0.001256,470,8,151–500,0.84,0.006928,414,6,151–500,1.35,0.312631,0.456068,0,0,0,,,
2026-05-18,2026-05-25,42079,Luzerne County,Pennsylvania,PA,quiet,0.001252,471,20,151–500,0.84,0.004981,498,18,151–500,0.97,0.311925,0.37351,0,0,0,,0.95238095,2023-24
2026-05-18,2026-05-25,56035,Sublette County,Wyoming,WY,quiet,0.001249,472,12,151–500,0.84,0.002148,867,18,501+,0.42,0.311494,0.200289,0,0,0,,0.92,2022-23
2026-05-18,2026-05-25,26075,Jackson County,Michigan,MI,quiet,0.001246,473,13,151–500,0.83,0.00569,461,12,151–500,1.11,0.310897,0.406178,0,0,0,,0.9211,2023-24
2026-05-18,2026-05-25,39085,Lake County,Ohio,OH,quiet,0.001243,474,12,151–500,0.83,0.004304,540,12,501+,0.84,0.310455,0.338914,0,0,0,,,
2026-05-18,2026-05-25,50007,Chittenden County,Vermont,VT,quiet,0.001233,475,1,151–500,0.82,0.00753,386,1,151–500,1.47,0.308661,0.477528,0,0,0,,0.95,2023-24
2026-05-18,2026-05-25,47125,Montgomery County,Tennessee,TN,quiet,0.00123,476,6,151–500,0.82,0.014167,255,2,151–500,2.77,0.308165,0.637925,0,0,0,,0.944,2023-24
2026-05-18,2026-05-25,48061,Cameron County,Texas,TX,quiet,0.001227,477,30,151–500,0.82,0.005805,457,33,151–500,1.13,0.307608,0.411173,0,0,0,,0.98452454,2023-24
2026-05-18,2026-05-25,41001,Baker County,Oregon,OR,quiet,0.001227,478,14,151–500,0.82,0.003871,583,15,501+,0.76,0.307601,0.314854,0,0,0,,0.84,2023-24
2026-05-18,2026-05-25,38093,Stutsman County,North Dakota,ND,quiet,0.001211,479,15,151–500,0.81,0.007094,406,11,151–500,1.39,0.30486,0.462163,0,0,0,,0.946,2023-24
2026-05-18,2026-05-25,08105,Rio Grande County,Colorado,CO,quiet,0.00121,480,18,151–500,0.81,0.007087,408,17,151–500,1.38,0.304716,0.461881,0,0,0,,0.875,2023-24
2026-05-18,2026-05-25,48257,Kaufman County,Texas,TX,quiet,0.001207,481,31,151–500,0.81,0.010852,297,22,151–500,2.12,0.304141,0.571758,0,0,0,,0.94898785,2023-24
2026-05-18,2026-05-25,41003,Benton County,Oregon,OR,quiet,0.001206,482,15,151–500,0.81,0.003305,651,18,501+,0.65,0.304,0.280817,0,0,0,,0.941,2023-24
2026-05-18,2026-05-25,18173,Warrick County,Indiana,IN,quiet,0.001203,483,9,151–500,0.8,0.002982,690,11,501+,0.58,0.303487,0.259913,0,0,0,,,
2026-05-18,2026-05-25,55087,Outagamie County,Wisconsin,WI,quiet,0.001201,484,6,151–500,0.8,0.006776,420,5,151–500,1.32,0.303162,0.450392,0,0,0,,0.787,2023-24
2026-05-18,2026-05-25,36005,Bronx County,New York,NY,quiet,0.001197,485,13,151–500,0.8,0.003966,569,14,501+,0.77,0.302407,0.320308,0,0,0,,0.99012676,2022-23
2026-05-18,2026-05-25,48215,Hidalgo County,Texas,TX,quiet,0.00119,486,32,151–500,0.8,0.001714,1001,100,501+,0.33,0.301297,0.165615,0,0,0,,0.96740341,2023-24
2026-05-18,2026-05-25,47165,Sumner County,Tennessee,TN,quiet,0.001187,487,7,151–500,0.79,0.00656,432,8,151–500,1.28,0.300617,0.442097,0,0,0,,0.95,2023-24
2026-05-18,2026-05-25,53051,Pend Oreille County,Washington,WA,quiet,0.001179,488,25,151–500,0.79,0.002882,712,28,501+,0.56,0.299264,0.253196,0,0,0,,0.8,2023-24
2026-05-18,2026-05-25,48021,Bastrop County,Texas,TX,quiet,0.001178,489,33,151–500,0.79,0.00292,707,63,501+,0.57,0.299052,0.255762,0,0,0,,0.94946619,2023-24
2026-05-18,2026-05-25,56007,Carbon County,Wyoming,WY,quiet,0.001174,490,13,151–500,0.79,0.010375,308,3,151–500,2.03,0.298395,0.560295,0,0,7,38,0.94,2022-23
2026-05-18,2026-05-25,22005,Ascension Parish,Louisiana,LA,quiet,0.001166,491,4,151–500,0.78,0.002763,731,7,501+,0.54,0.297049,0.245074,0,0,0,,0.975,2021-22
2026-05-18,2026-05-25,20177,Shawnee County,Kansas,KS,quiet,0.001164,492,4,151–500,0.78,0.00668,426,4,151–500,1.3,0.296622,0.446729,0,0,0,,0.93,2023-24
2026-05-18,2026-05-25,08117,Summit County,Colorado,CO,quiet,0.001163,493,19,151–500,0.78,0.009235,332,15,151–500,1.8,0.296449,0.530351,0,0,0,,0.9344,2023-24
2026-05-18,2026-05-25,40017,Canadian County,Oklahoma,OK,quiet,0.00116,494,4,151–500,0.78,0.006061,445,4,151–500,1.18,0.295896,0.422005,0,0,0,,0.8944,2023-24
2026-05-18,2026-05-25,12119,Sumter County,Florida,FL,quiet,0.001152,495,28,151–500,0.77,0.003469,625,32,501+,0.68,0.294511,0.290978,0,0,0,,0.922,2022-23
2026-05-18,2026-05-25,27087,Mahnomen County,Minnesota,MN,quiet,0.001149,496,21,151–500,0.77,0.004097,556,25,501+,0.8,0.294014,0.327659,0,0,0,,0.875,2023-24
2026-05-18,2026-05-25,42027,Centre County,Pennsylvania,PA,quiet,0.001146,497,21,151–500,0.77,0.00312,676,21,501+,0.61,0.293481,0.268963,0,0,0,,0.95164609,2023-24
2026-05-18,2026-05-25,19155,Pottawattamie County,Iowa,IA,quiet,0.00114,498,3,151–500,0.76,0.003213,661,8,501+,0.63,0.292348,0.274964,0,0,0,,0.8989899,2023-24
2026-05-18,2026-05-25,35061,Valencia County,New Mexico,NM,quiet,0.001136,499,9,151–500,0.76,0.003332,644,12,501+,0.65,0.291525,0.282532,0,0,0,,,
2026-05-18,2026-05-25,05143,Washington County,Arkansas,AR,quiet,0.001126,500,3,151–500,0.75,0.00671,422,3,151–500,1.31,0.289795,0.447851,0,0,0,,,
2026-05-18,2026-05-25,12053,Hernando County,Florida,FL,quiet,0.00112,501,29,501+,0.75,0.004099,555,29,501+,0.8,0.288666,0.327757,0,0,0,,0.903,2022-23
2026-05-18,2026-05-25,01125,Tuscaloosa County,Alabama,AL,quiet,0.001118,502,5,501+,0.75,0.005218,478,5,151–500,1.02,0.288301,0.384802,0,0,0,,0.9273,2022-23
2026-05-18,2026-05-25,16031,Cassia County,Idaho,ID,quiet,0.001115,503,14,501+,0.75,0.002471,787,23,501+,0.48,0.287828,0.224389,0,0,0,,,
2026-05-18,2026-05-25,04001,Apache County,Arizona,AZ,quiet,0.001108,504,13,501+,0.74,0.002555,770,14,501+,0.5,0.286417,0.230472,0,0,0,,0.9,2023-24
2026-05-18,2026-05-25,06023,Humboldt County,California,CA,quiet,0.001107,505,36,501+,0.74,0.005027,496,32,151–500,0.98,0.286306,0.375702,0,0,0,,0.92801,2023-24
2026-05-18,2026-05-25,38089,Stark County,North Dakota,ND,quiet,0.001103,506,16,501+,0.74,0.003967,568,16,501+,0.77,0.285495,0.320365,0,0,0,,0.9168,2023-24
2026-05-18,2026-05-25,42107,Schuylkill County,Pennsylvania,PA,quiet,0.001099,507,22,501+,0.74,0.003114,678,22,501+,0.61,0.284768,0.268599,0,0,0,,0.95269771,2023-24
2026-05-18,2026-05-25,48041,Brazos County,Texas,TX,quiet,0.001092,508,34,501+,0.73,0.003355,640,52,501+,0.66,0.283488,0.283954,0,0,0,,0.9644581,2023-24
2026-05-18,2026-05-25,49001,Beaver County,Utah,UT,quiet,0.001084,509,19,501+,0.72,0.003693,601,20,501+,0.72,0.281985,0.304478,0,0,0,,0.975,2022-23
2026-05-18,2026-05-25,06027,Inyo County,California,CA,quiet,0.001077,510,37,501+,0.72,0.003642,605,39,501+,0.71,0.280718,0.301473,0,0,0,,0.95556,2023-24
2026-05-18,2026-05-25,39017,Butler County,Ohio,OH,quiet,0.001076,511,13,501+,0.72,0.007727,376,10,151–500,1.51,0.280476,0.484186,0,0,0,,,
2026-05-18,2026-05-25,38061,Mountrail County,North Dakota,ND,quiet,0.001069,512,17,501+,0.72,0.006597,429,12,151–500,1.29,0.279218,0.44353,0,0,0,,0.8624,2023-24
2026-05-18,2026-05-25,19193,Woodbury County,Iowa,IA,quiet,0.001051,513,4,501+,0.7,0.002951,703,9,501+,0.58,0.275786,0.25786,0,0,0,,0.88529205,2023-24
2026-05-18,2026-05-25,06039,Madera County,California,CA,quiet,0.001048,514,38,501+,0.7,0.005737,459,31,151–500,1.12,0.275344,0.408232,0,0,0,,0.9824,2023-24
2026-05-18,2026-05-25,35023,Hidalgo County,New Mexico,NM,quiet,0.001033,515,10,501+,0.69,0.004339,537,10,501+,0.85,0.272509,0.340822,0,0,2,12,0.94,2018-19
2026-05-18,2026-05-25,49015,Emery County,Utah,UT,quiet,0.001032,516,20,501+,0.69,0.003479,624,21,501+,0.68,0.272185,0.291598,0,0,0,,0.949,2022-23
2026-05-18,2026-05-25,30083,Richland County,Montana,MT,quiet,0.00103,517,8,501+,0.69,0.001963,915,13,501+,0.38,0.271917,0.185855,0,0,0,,,
2026-05-18,2026-05-25,12131,Walton County,Florida,FL,quiet,0.001028,518,30,501+,0.69,0.003612,610,31,501+,0.71,0.271579,0.299689,0,0,0,,0.904,2022-23
2026-05-18,2026-05-25,17167,Sangamon County,Illinois,IL,quiet,0.001023,519,8,501+,0.68,0.007702,378,8,151–500,1.5,0.270458,0.48337,0,0,0,,,
2026-05-18,2026-05-25,36067,Onondaga County,New York,NY,quiet,0.001017,520,14,501+,0.68,0.007134,403,10,151–500,1.39,0.269389,0.463585,0,0,0,,0.99680124,2022-23
2026-05-18,2026-05-25,38021,Dickey County,North Dakota,ND,quiet,0.001016,521,18,501+,0.68,0.003162,667,21,501+,0.62,0.269128,0.271671,0,0,0,,0.7759,2023-24
2026-05-18,2026-05-25,06063,Plumas County,California,CA,quiet,0.001012,522,39,501+,0.68,0.003456,628,40,501+,0.68,0.268455,0.290212,0,0,0,,0.92593,2023-24
2026-05-18,2026-05-25,23001,Androscoggin County,Maine,ME,quiet,0.001007,523,3,501+,0.67,0.007602,381,2,151–500,1.48,0.267528,0.479966,0,0,0,,0.9813,2023-24
2026-05-18,2026-05-25,54037,Jefferson County,West Virginia,WV,quiet,0.001004,524,2,501+,0.67,0.004338,538,2,501+,0.85,0.266801,0.340741,0,0,0,,,
2026-05-18,2026-05-25,49017,Garfield County,Utah,UT,quiet,0.001003,525,21,501+,0.67,0.003985,566,18,501+,0.78,0.266681,0.321372,0,0,0,,0.934,2022-23
2026-05-18,2026-05-25,21093,Hardin County,Kentucky,KY,quiet,0.001001,526,5,501+,0.67,0.002278,840,13,501+,0.44,0.266353,0.210148,0,0,0,,0.891,2022-23
2026-05-18,2026-05-25,55117,Sheboygan County,Wisconsin,WI,quiet,0.001,527,7,501+,0.67,0.004678,514,6,501+,0.91,0.266147,0.358462,0,0,0,,0.798,2023-24
2026-05-18,2026-05-25,12089,Nassau County,Florida,FL,quiet,0.000999,528,31,501+,0.67,0.003409,635,33,501+,0.67,0.26596,0.287272,0,0,0,,0.898,2022-23
2026-05-18,2026-05-25,49041,Sevier County,Utah,UT,quiet,0.000999,529,22,501+,0.67,0.005145,484,16,151–500,1.0,0.265815,0.38134,0,0,0,,0.96,2022-23
2026-05-18,2026-05-25,24025,Harford County,Maryland,MD,quiet,0.000997,530,10,501+,0.67,0.003898,580,9,501+,0.76,0.265576,0.31643,0,0,0,,0.9965,2023-24
2026-05-18,2026-05-25,45085,Sumter County,South Carolina,SC,quiet,0.000995,531,14,501+,0.67,0.005872,454,14,151–500,1.15,0.265178,0.414057,0,0,3,25,0.959,2023-24
2026-05-18,2026-05-25,29165,Platte County,Missouri,MO,quiet,0.000994,532,7,501+,0.67,0.009098,337,5,151–500,1.78,0.265012,0.526484,0,0,0,,0.948,2023-24
2026-05-18,2026-05-25,32033,White Pine County,Nevada,NV,quiet,0.000994,533,6,501+,0.67,0.007227,399,3,151–500,1.41,0.264988,0.46692,0,0,0,,0.94,2022-23
2026-05-18,2026-05-25,19113,Linn County,Iowa,IA,quiet,0.000985,534,5,501+,0.66,0.003908,578,7,501+,0.76,0.263114,0.317018,0,0,0,,0.87967537,2023-24
2026-05-18,2026-05-25,17093,Kendall County,Illinois,IL,quiet,0.000982,535,9,501+,0.66,0.005061,491,10,151–500,0.99,0.26253,0.377341,0,0,0,,,
2026-05-18,2026-05-25,20103,Leavenworth County,Kansas,KS,quiet,0.000981,536,5,501+,0.66,0.005974,452,5,151–500,1.17,0.262374,0.418387,0,0,0,,0.92,2023-24
2026-05-18,2026-05-25,19049,Dallas County,Iowa,IA,quiet,0.000981,537,6,501+,0.66,0.005125,488,4,151–500,1.0,0.262369,0.380392,0,0,0,,0.9280303,2023-24
2026-05-18,2026-05-25,29145,Newton County,Missouri,MO,quiet,0.000977,538,8,501+,0.65,0.00305,683,12,501+,0.6,0.26159,0.264415,0,0,0,,0.922,2023-24
2026-05-18,2026-05-25,06109,Tuolumne County,California,CA,quiet,0.000976,539,40,501+,0.65,0.006185,441,30,151–500,1.21,0.261424,0.42714,0,0,2,61,0.93077,2023-24
2026-05-18,2026-05-25,51650,Hampton City,Virginia,VA,quiet,0.000975,540,13,501+,0.65,0.003268,656,12,501+,0.64,0.261237,0.278494,0,0,0,,0.951,2023-24
2026-05-18,2026-05-25,33013,Merrimack County,New Hampshire,NH,quiet,0.000973,541,3,501+,0.65,0.006705,424,3,151–500,1.31,0.260779,0.447694,0,0,0,,,
2026-05-18,2026-05-25,37045,Cleveland County,North Carolina,NC,quiet,0.000972,542,18,501+,0.65,0.007311,393,15,151–500,1.43,0.260586,0.469919,0,0,0,,0.94704325,2022-23
2026-05-18,2026-05-25,15007,Kauai County,Hawaii,HI,quiet,0.000963,543,4,501+,0.64,0.002076,886,4,501+,0.41,0.258731,0.19472,0,0,0,,0.8163,2022-23
2026-05-18,2026-05-25,48071,Chambers County,Texas,TX,quiet,0.000961,544,35,501+,0.64,0.004289,542,41,501+,0.84,0.258336,0.338128,0,0,0,,0.94293478,2023-24
2026-05-18,2026-05-25,05125,Saline County,Arkansas,AR,quiet,0.000959,545,4,501+,0.64,0.003148,670,6,501+,0.61,0.257973,0.270765,0,0,1,58,,
2026-05-18,2026-05-25,37161,Rutherford County,North Carolina,NC,quiet,0.000956,546,19,501+,0.64,0.008032,371,13,151–500,1.57,0.257514,0.494207,0,0,1,69,0.93969144,2022-23
2026-05-18,2026-05-25,22089,St. Charles Parish,Louisiana,LA,quiet,0.000955,547,5,501+,0.64,0.002,905,9,501+,0.39,0.257304,0.188763,0,0,0,,0.95,2021-22
2026-05-18,2026-05-25,12015,Charlotte County,Florida,FL,quiet,0.000947,548,32,501+,0.63,0.003782,594,30,501+,0.74,0.255637,0.309736,0,0,0,,0.902,2022-23
2026-05-18,2026-05-25,46051,Grant County,South Dakota,SD,quiet,0.000947,549,6,501+,0.63,0.006661,428,5,151–500,1.3,0.255553,0.446009,0,0,6,15,0.92,2023-24
2026-05-18,2026-05-25,26077,Kalamazoo County,Michigan,MI,quiet,0.000941,550,14,501+,0.63,0.005351,472,13,151–500,1.05,0.25444,0.390967,0,0,0,,0.9187,2023-24
2026-05-18,2026-05-25,17037,DeKalb County,Illinois,IL,quiet,0.000941,551,10,501+,0.63,0.006169,443,9,151–500,1.2,0.254436,0.426487,0,0,0,,,
2026-05-18,2026-05-25,36029,Erie County,New York,NY,quiet,0.000939,552,15,501+,0.63,0.002303,831,20,501+,0.45,0.254137,0.21204,0,0,0,,0.99489355,2022-23
2026-05-18,2026-05-25,08091,Ouray County,Colorado,CO,quiet,0.000938,553,20,501+,0.63,0.002207,856,27,501+,0.43,0.253872,0.204787,0,0,0,,0.8333,2023-24
2026-05-18,2026-05-25,16065,Madison County,Idaho,ID,quiet,0.000938,554,15,501+,0.63,0.007487,387,11,151–500,1.46,0.253847,0.476047,0,0,3,19,,
2026-05-18,2026-05-25,19045,Clinton County,Iowa,IA,quiet,0.000936,555,7,501+,0.63,0.004215,548,6,501+,0.82,0.253335,0.334093,0,0,0,,0.85551948,2023-24
2026-05-18,2026-05-25,06069,San Benito County,California,CA,quiet,0.000933,556,41,501+,0.62,0.002788,726,44,501+,0.54,0.252776,0.246763,0,0,0,,0.98469,2023-24
2026-05-18,2026-05-25,02185,North Slope Borough,Alaska,AK,quiet,0.000928,557,5,501+,0.62,0.005141,486,5,151–500,1.0,0.251796,0.381171,0,0,0,,,
2026-05-18,2026-05-25,27155,Traverse County,Minnesota,MN,quiet,0.000928,558,22,501+,0.62,0.00455,526,23,501+,0.89,0.251761,0.351928,0,0,0,,0.951,2023-24
2026-05-18,2026-05-25,27009,Benton County,Minnesota,MN,quiet,0.000927,559,23,501+,0.62,0.001961,916,42,501+,0.38,0.251583,0.185731,0,0,0,,0.915,2023-24
2026-05-18,2026-05-25,30047,Lake County,Montana,MT,quiet,0.000926,560,9,501+,0.62,0.002552,771,10,501+,0.5,0.251405,0.230237,0,0,0,,,
2026-05-18,2026-05-25,41009,Columbia County,Oregon,OR,quiet,0.00092,561,16,501+,0.62,0.005629,462,13,151–500,1.1,0.250156,0.403486,0,0,0,,0.855,2023-24
2026-05-18,2026-05-25,22063,Livingston Parish,Louisiana,LA,quiet,0.000919,562,6,501+,0.61,0.003678,604,5,501+,0.72,0.250006,0.303593,0,0,0,,0.933,2021-22
2026-05-18,2026-05-25,38057,Mercer County,North Dakota,ND,quiet,0.000914,563,19,501+,0.61,0.002292,835,25,501+,0.45,0.249074,0.211246,0,0,0,,0.866,2023-24
2026-05-18,2026-05-25,29101,Johnson County,Missouri,MO,quiet,0.000913,564,9,501+,0.61,0.004808,507,10,501+,0.94,0.24887,0.365014,0,0,0,,0.927,2023-24
2026-05-18,2026-05-25,37171,Surry County,North Carolina,NC,quiet,0.000913,565,20,501+,0.61,0.002709,737,29,501+,0.53,0.248861,0.241334,0,0,0,,0.9887218,2022-23
2026-05-18,2026-05-25,32001,Churchill County,Nevada,NV,quiet,0.000913,566,7,501+,0.61,0.002431,797,10,501+,0.47,0.248681,0.221508,0,0,0,,0.9,2022-23
2026-05-18,2026-05-25,51550,Chesapeake City,Virginia,VA,quiet,0.00091,567,14,501+,0.61,0.002751,733,14,501+,0.54,0.248215,0.244265,0,0,0,,0.911,2023-24
2026-05-18,2026-05-25,48473,Waller County,Texas,TX,quiet,0.000907,568,36,501+,0.61,0.00354,618,48,501+,0.69,0.247468,0.295317,0,0,0,,0.96069869,2023-24
2026-05-18,2026-05-25,53041,Lewis County,Washington,WA,quiet,0.000904,569,26,501+,0.61,0.004584,524,25,501+,0.9,0.247005,0.353673,0,0,0,,0.8887574,2023-24
2026-05-18,2026-05-25,48245,Jefferson County,Texas,TX,quiet,0.000904,570,37,501+,0.6,0.003457,627,51,501+,0.68,0.246847,0.290256,0,0,0,,0.95752655,2023-24
2026-05-18,2026-05-25,26021,Berrien County,Michigan,MI,quiet,0.000903,571,15,501+,0.6,0.002199,858,27,501+,0.43,0.246836,0.204173,0,0,0,,0.9126,2023-24
2026-05-18,2026-05-25,02110,Juneau City and Borough,Alaska,AK,quiet,0.000897,572,6,501+,0.6,0.00342,633,7,501+,0.67,0.245417,0.287957,0,0,0,,,
2026-05-18,2026-05-25,35035,Otero County,New Mexico,NM,quiet,0.000894,573,11,501+,0.6,0.006024,448,9,151–500,1.18,0.244813,0.420498,0,0,0,,0.85,2018-19
2026-05-18,2026-05-25,16025,Camas County,Idaho,ID,quiet,0.000886,574,16,501+,0.59,0.001217,1215,30,501+,0.24,0.243161,0.122516,0,0,0,,,
2026-05-18,2026-05-25,38059,Morton County,North Dakota,ND,quiet,0.000883,575,20,501+,0.59,0.003867,584,18,501+,0.76,0.242701,0.314627,0,0,0,,0.8744,2023-24
2026-05-18,2026-05-25,32019,Lyon County,Nevada,NV,quiet,0.000881,576,8,501+,0.59,0.005041,493,6,151–500,0.98,0.242182,0.376416,0,0,0,,0.94,2022-23
2026-05-18,2026-05-25,37037,Chatham County,North Carolina,NC,quiet,0.000874,577,21,501+,0.58,0.002626,757,31,501+,0.51,0.240684,0.235503,0,0,0,,0.96085859,2022-23
2026-05-18,2026-05-25,47009,Blount County,Tennessee,TN,quiet,0.000874,578,8,501+,0.58,0.0047,512,10,501+,0.92,0.240655,0.359554,0,0,0,,0.94,2023-24
2026-05-18,2026-05-25,28047,Harrison County,Mississippi,MS,quiet,0.000871,579,2,501+,0.58,0.003735,598,2,501+,0.73,0.240121,0.306962,0,0,0,,,
2026-05-18,2026-05-25,12051,Hendry County,Florida,FL,quiet,0.000857,580,33,501+,0.57,0.00285,716,36,501+,0.56,0.237188,0.251009,0,0,0,,0.925,2022-23
2026-05-18,2026-05-25,13057,Cherokee County,Georgia,GA,quiet,0.000855,581,6,501+,0.57,0.005169,481,6,151–500,1.01,0.236836,0.38248,0,0,0,,,
2026-05-18,2026-05-25,27125,Red Lake County,Minnesota,MN,quiet,0.000852,582,24,501+,0.57,0.006825,418,20,151–500,1.33,0.236161,0.452216,0,0,0,,0.9,2023-24
2026-05-18,2026-05-25,16081,Teton County,Idaho,ID,quiet,0.000852,583,17,501+,0.57,0.005152,483,12,151–500,1.01,0.23612,0.381709,0,0,0,,,
2026-05-18,2026-05-25,45057,Lancaster County,South Carolina,SC,quiet,0.000847,584,15,501+,0.57,0.005254,476,15,151–500,1.03,0.235064,0.386475,0,0,0,,0.947,2023-24
2026-05-18,2026-05-25,32013,Humboldt County,Nevada,NV,quiet,0.000846,585,9,501+,0.57,0.002716,736,9,501+,0.53,0.234863,0.241783,0,0,0,,0.92,2022-23
2026-05-18,2026-05-25,06009,Calaveras County,California,CA,quiet,0.000841,586,42,501+,0.56,0.004081,557,37,501+,0.8,0.23375,0.326771,0,0,0,,0.93852,2023-24
2026-05-18,2026-05-25,37089,Henderson County,North Carolina,NC,quiet,0.000839,587,22,501+,0.56,0.00343,632,26,501+,0.67,0.233423,0.288588,0,0,0,,0.91552063,2022-23
2026-05-18,2026-05-25,12035,Flagler County,Florida,FL,quiet,0.000838,588,34,501+,0.56,0.002599,761,38,501+,0.51,0.23312,0.233618,0,0,0,,0.899,2022-23
2026-05-18,2026-05-25,12087,Monroe County,Florida,FL,quiet,0.000835,589,35,501+,0.56,0.00301,688,35,501+,0.59,0.232562,0.261735,0,0,0,,0.921,2022-23
2026-05-18,2026-05-25,37019,Brunswick County,North Carolina,NC,quiet,0.000827,590,23,501+,0.55,0.00111,1286,48,501+,0.22,0.230902,0.112614,0,0,0,,0.95267857,2022-23
2026-05-18,2026-05-25,53047,Okanogan County,Washington,WA,quiet,0.000826,591,27,501+,0.55,0.005199,479,22,151–500,1.02,0.230537,0.383886,0,0,0,,0.88689408,2023-24
2026-05-18,2026-05-25,55105,Rock County,Wisconsin,WI,quiet,0.000821,592,8,501+,0.55,0.002705,739,14,501+,0.53,0.229631,0.241023,0,0,0,,0.728,2023-24
2026-05-18,2026-05-25,45041,Florence County,South Carolina,SC,quiet,0.000818,593,16,501+,0.55,0.003792,592,17,501+,0.74,0.228897,0.310315,0,0,0,,0.97,2023-24
2026-05-18,2026-05-25,22103,St. Tammany Parish,Louisiana,LA,quiet,0.000817,594,7,501+,0.55,0.004502,530,4,501+,0.88,0.228677,0.349424,0,0,0,,0.91,2021-22
2026-05-18,2026-05-25,16021,Boundary County,Idaho,ID,quiet,0.000814,595,18,501+,0.54,0.004375,534,14,501+,0.85,0.227949,0.342709,0,0,6,28,,
2026-05-18,2026-05-25,16045,Gem County,Idaho,ID,quiet,0.000809,596,19,501+,0.54,0.002774,728,20,501+,0.54,0.227057,0.245832,0,0,0,,,
2026-05-18,2026-05-25,29097,Jasper County,Missouri,MO,quiet,0.000805,597,10,501+,0.54,0.002963,699,13,501+,0.58,0.226198,0.258658,0,0,0,,0.915,2023-24
2026-05-18,2026-05-25,38003,Barnes County,North Dakota,ND,quiet,0.000805,598,21,501+,0.54,0.003962,570,17,501+,0.77,0.226159,0.320066,0,0,0,,0.9524,2023-24
2026-05-18,2026-05-25,18091,LaPorte County,Indiana,IN,quiet,0.000805,599,10,501+,0.54,0.005499,468,8,151–500,1.07,0.226064,0.397705,0,0,0,,,
2026-05-18,2026-05-25,27057,Hubbard County,Minnesota,MN,quiet,0.000804,600,25,501+,0.54,0.003594,611,29,501+,0.7,0.225916,0.298595,0,0,0,,0.848,2023-24
2026-05-18,2026-05-25,08043,Fremont County,Colorado,CO,quiet,0.000804,601,21,501+,0.54,0.002955,702,24,501+,0.58,0.225845,0.25813,0,0,0,,0.8915,2023-24
2026-05-18,2026-05-25,13053,Chattahoochee County,Georgia,GA,quiet,0.000802,602,7,501+,0.54,0.001248,1191,27,501+,0.24,0.22536,0.125256,0,0,0,,,
2026-05-18,2026-05-25,37149,Polk County,North Carolina,NC,quiet,0.0008,603,24,501+,0.54,0.002294,834,34,501+,0.45,0.225082,0.21134,0,0,5,13,0.91875,2022-23
2026-05-18,2026-05-25,27171,Wright County,Minnesota,MN,quiet,0.0008,604,26,501+,0.54,0.003241,658,31,501+,0.63,0.224999,0.276775,0,0,0,,0.849,2023-24
2026-05-18,2026-05-25,17099,LaSalle County,Illinois,IL,quiet,0.000795,605,11,501+,0.53,0.002488,781,17,501+,0.49,0.223872,0.22563,0,0,0,,,
2026-05-18,2026-05-25,37111,McDowell County,North Carolina,NC,quiet,0.000785,606,25,501+,0.53,0.004446,532,21,501+,0.87,0.221846,0.346482,0,0,0,,0.95389049,2022-23
2026-05-18,2026-05-25,27103,Nicollet County,Minnesota,MN,quiet,0.000785,607,27,501+,0.53,0.001964,914,41,501+,0.38,0.221833,0.185955,0,0,0,,0.92,2023-24
2026-05-18,2026-05-25,53009,Clallam County,Washington,WA,quiet,0.000784,608,28,501+,0.52,0.004417,533,26,501+,0.86,0.221621,0.344966,0,0,0,,0.82758621,2023-24
2026-05-18,2026-05-25,48291,Liberty County,Texas,TX,quiet,0.00078,609,38,501+,0.52,0.002981,691,59,501+,0.58,0.220591,0.25986,0,0,0,,0.96466877,2023-24
2026-05-18,2026-05-25,51760,Richmond City,Virginia,VA,quiet,0.000777,610,15,501+,0.52,0.001688,1009,23,501+,0.33,0.220013,0.163526,0,0,0,,0.898,2023-24
2026-05-18,2026-05-25,45021,Cherokee County,South Carolina,SC,quiet,0.000775,611,17,501+,0.52,0.00634,436,13,151–500,1.24,0.219595,0.433395,0,0,36,9,0.951,2023-24
2026-05-18,2026-05-25,26091,Lenawee County,Michigan,MI,quiet,0.000772,612,16,501+,0.52,0.002269,841,26,501+,0.44,0.218912,0.209483,0,0,0,,0.896,2023-24
2026-05-18,2026-05-25,17027,Clinton County,Illinois,IL,quiet,0.000769,613,12,501+,0.51,0.001681,1017,23,501+,0.33,0.218218,0.162887,0,0,0,,,
2026-05-18,2026-05-25,21037,Campbell County,Kentucky,KY,quiet,0.000766,614,6,501+,0.51,0.005094,489,6,151–500,0.99,0.217599,0.378939,0,0,0,,0.952,2022-23
2026-05-18,2026-05-25,16051,Jefferson County,Idaho,ID,quiet,0.000766,615,20,501+,0.51,0.003296,654,18,501+,0.64,0.217531,0.280257,0,0,0,,,
2026-05-18,2026-05-25,08049,Grand County,Colorado,CO,quiet,0.000765,616,22,501+,0.51,0.003803,591,21,501+,0.74,0.217275,0.310929,0,0,0,,0.8,2023-24
2026-05-18,2026-05-25,48479,Webb County,Texas,TX,quiet,0.000761,617,39,501+,0.51,0.001382,1137,119,501+,0.27,0.216391,0.137285,0,0,0,,0.9913508,2023-24
2026-05-18,2026-05-25,16041,Franklin County,Idaho,ID,quiet,0.000758,618,21,501+,0.51,0.00358,615,16,501+,0.7,0.21585,0.297738,0,0,0,,,
2026-05-18,2026-05-25,06025,Imperial County,California,CA,quiet,0.000756,619,43,501+,0.51,0.003336,643,42,501+,0.65,0.215468,0.28277,0,0,0,,0.9787,2023-24
2026-05-18,2026-05-25,56003,Big Horn County,Wyoming,WY,quiet,0.000752,620,14,501+,0.5,0.002834,718,12,501+,0.55,0.21448,0.249927,0,0,0,,0.89,2022-23
2026-05-18,2026-05-25,55039,Fond du Lac County,Wisconsin,WI,quiet,0.000748,621,9,501+,0.5,0.002108,880,20,501+,0.41,0.213584,0.197196,0,0,0,,0.8,2023-24
2026-05-18,2026-05-25,39165,Warren County,Ohio,OH,quiet,0.000745,622,14,501+,0.5,0.002488,782,21,501+,0.49,0.212898,0.225614,0,0,0,,,
2026-05-18,2026-05-25,48231,Hunt County,Texas,TX,quiet,0.000742,623,40,501+,0.5,0.005133,487,37,151–500,1.0,0.212328,0.380798,0,0,0,,0.94235589,2023-24
2026-05-18,2026-05-25,08097,Pitkin County,Colorado,CO,quiet,0.000741,624,23,501+,0.5,0.003059,681,23,501+,0.6,0.211946,0.264983,0,0,0,,0.9278,2023-24
2026-05-18,2026-05-25,38063,Nelson County,North Dakota,ND,quiet,0.00074,625,22,501+,0.49,0.002893,710,23,501+,0.57,0.2117,0.253949,0,0,0,,0.9546,2023-24
2026-05-18,2026-05-25,17113,McLean County,Illinois,IL,quiet,0.000739,626,13,501+,0.49,0.002163,865,19,501+,0.42,0.211495,0.201424,0,0,0,,,
2026-05-18,2026-05-25,26037,Clinton County,Michigan,MI,quiet,0.000738,627,17,501+,0.49,0.002563,768,24,501+,0.5,0.211286,0.231035,0,0,0,,0.9268,2023-24
2026-05-18,2026-05-25,38055,McLean County,North Dakota,ND,quiet,0.000737,628,23,501+,0.49,0.001739,987,26,501+,0.34,0.211163,0.167719,0,0,0,,0.8679,2023-24
2026-05-18,2026-05-25,38009,Bottineau County,North Dakota,ND,quiet,0.000734,629,24,501+,0.49,0.003057,682,22,501+,0.6,0.210489,0.264827,0,0,0,,0.8767,2023-24
2026-05-18,2026-05-25,51161,Roanoke County,Virginia,VA,quiet,0.000729,630,16,501+,0.49,0.001715,1000,22,501+,0.33,0.209236,0.165733,0,0,0,,0.94,2023-24
2026-05-18,2026-05-25,08029,Delta County,Colorado,CO,quiet,0.000728,631,24,501+,0.49,0.001949,921,29,501+,0.38,0.209113,0.184744,0,0,0,,0.8021,2023-24
2026-05-18,2026-05-25,19013,Black Hawk County,Iowa,IA,quiet,0.000727,632,8,501+,0.49,0.004542,528,5,501+,0.89,0.208901,0.35149,0,0,0,,0.90243902,2023-24
2026-05-18,2026-05-25,48367,Parker County,Texas,TX,quiet,0.000722,633,41,501+,0.48,0.004342,536,40,501+,0.85,0.20782,0.340978,0,0,0,,0.91765873,2023-24
2026-05-18,2026-05-25,27089,Marshall County,Minnesota,MN,quiet,0.000721,634,28,501+,0.48,0.001426,1114,49,501+,0.28,0.20756,0.141144,0,0,0,,0.882,2023-24
2026-05-18,2026-05-25,24015,Cecil County,Maryland,MD,quiet,0.000721,635,11,501+,0.48,0.001704,1006,13,501+,0.33,0.20753,0.164808,0,0,0,,0.996,2023-24
2026-05-18,2026-05-25,08085,Montrose County,Colorado,CO,quiet,0.000721,636,25,501+,0.48,0.003436,631,22,501+,0.67,0.207437,0.288998,0,0,0,,0.8802,2023-24
2026-05-18,2026-05-25,47189,Wilson County,Tennessee,TN,quiet,0.000719,637,9,501+,0.48,0.003388,638,13,501+,0.66,0.207049,0.286009,0,0,0,,0.948,2023-24
2026-05-18,2026-05-25,39057,Greene County,Ohio,OH,quiet,0.000717,638,15,501+,0.48,0.003062,680,16,501+,0.6,0.206543,0.265171,0,0,0,,,
2026-05-18,2026-05-25,23031,York County,Maine,ME,quiet,0.000717,639,4,501+,0.48,0.003851,588,4,501+,0.75,0.206502,0.313718,0,0,0,,0.9883,2023-24
2026-05-18,2026-05-25,37059,Davie County,North Carolina,NC,quiet,0.000714,640,26,501+,0.48,0.003806,590,23,501+,0.74,0.206,0.311099,0,0,0,,0.93953488,2022-23
2026-05-18,2026-05-25,27019,Carver County,Minnesota,MN,quiet,0.000712,641,29,501+,0.48,0.00214,872,39,501+,0.42,0.205386,0.199663,0,0,0,,0.902,2023-24
2026-05-18,2026-05-25,20069,Gray County,Kansas,KS,quiet,0.00071,642,6,501+,0.47,0.003855,587,8,501+,0.75,0.204915,0.31396,0,0,29,44,0.66,2023-24
2026-05-18,2026-05-25,34037,Sussex County,New Jersey,NJ,quiet,0.000709,643,17,501+,0.47,0.001404,1128,19,501+,0.27,0.204813,0.139194,0,0,0,,0.896,2023-24
2026-05-18,2026-05-25,19163,Scott County,Iowa,IA,quiet,0.000708,644,9,501+,0.47,0.002435,796,10,501+,0.48,0.204564,0.221759,0,0,0,,0.89341847,2023-24
2026-05-18,2026-05-25,28049,Hinds County,Mississippi,MS,quiet,0.000707,645,3,501+,0.47,0.002343,823,5,501+,0.46,0.204321,0.215039,0,0,0,,,
2026-05-18,2026-05-25,27067,Kandiyohi County,Minnesota,MN,quiet,0.000705,646,30,501+,0.47,0.003299,652,30,501+,0.64,0.203903,0.280428,0,0,0,,0.89,2023-24
2026-05-18,2026-05-25,37129,New Hanover County,North Carolina,NC,quiet,0.000701,647,27,501+,0.47,0.003517,620,25,501+,0.69,0.20298,0.293902,0,0,0,,0.94449584,2022-23
2026-05-18,2026-05-25,53027,Grays Harbor County,Washington,WA,quiet,0.000701,648,29,501+,0.47,0.004974,500,23,151–500,0.97,0.202842,0.373143,0,0,0,,0.87533875,2023-24
2026-05-18,2026-05-25,47107,McMinn County,Tennessee,TN,quiet,0.000699,649,10,501+,0.47,0.001752,976,22,501+,0.34,0.202467,0.16882,0,0,0,,0.956,2023-24
2026-05-18,2026-05-25,28089,Madison County,Mississippi,MS,quiet,0.000699,650,4,501+,0.47,0.002569,765,4,501+,0.5,0.202401,0.231481,0,0,0,,,
2026-05-18,2026-05-25,12005,Bay County,Florida,FL,quiet,0.000693,651,36,501+,0.46,0.004146,553,28,501+,0.81,0.201035,0.330326,0,0,0,,0.868,2022-23
2026-05-18,2026-05-25,20067,Grant County,Kansas,KS,quiet,0.000692,652,7,501+,0.46,0.002823,722,11,501+,0.55,0.2008,0.249194,0,0,0,,0.99,2023-24
2026-05-18,2026-05-25,40051,Grady County,Oklahoma,OK,quiet,0.000689,653,5,501+,0.46,0.003582,614,6,501+,0.7,0.200064,0.297864,0,0,0,,0.9128,2023-24
2026-05-18,2026-05-25,46117,Stanley County,South Dakota,SD,quiet,0.000687,654,7,501+,0.46,0.002643,754,12,501+,0.52,0.199812,0.236679,0,0,0,,0.95,2023-24
2026-05-18,2026-05-25,35009,Curry County,New Mexico,NM,quiet,0.000687,655,12,501+,0.46,0.001899,940,14,501+,0.37,0.199662,0.180731,0,0,1,54,0.94,2018-19
2026-05-18,2026-05-25,24037,St. Mary's County,Maryland,MD,quiet,0.000687,656,12,501+,0.46,0.002761,732,11,501+,0.54,0.199639,0.244952,0,0,0,,0.9868,2023-24
2026-05-18,2026-05-25,48381,Randall County,Texas,TX,quiet,0.000684,657,42,501+,0.46,0.005315,473,36,151–500,1.04,0.198904,0.389329,0,0,3,52,0.93947368,2023-24
2026-05-18,2026-05-25,45051,Horry County,South Carolina,SC,quiet,0.000682,658,18,501+,0.46,0.002615,758,20,501+,0.51,0.198569,0.234735,0,0,0,,0.909,2023-24
2026-05-18,2026-05-25,39133,Portage County,Ohio,OH,quiet,0.00068,659,16,501+,0.45,0.002021,897,28,501+,0.39,0.198096,0.190442,0,0,0,,,
2026-05-18,2026-05-25,50027,Windsor County,Vermont,VT,quiet,0.000677,660,2,501+,0.45,0.003323,646,2,501+,0.65,0.197401,0.281956,0,0,0,,0.93,2023-24
2026-05-18,2026-05-25,48181,Grayson County,Texas,TX,quiet,0.000676,661,43,501+,0.45,0.005576,464,34,151–500,1.09,0.197263,0.401127,0,0,0,,0.93368421,2023-24
2026-05-18,2026-05-25,47179,Washington County,Tennessee,TN,quiet,0.000676,662,11,501+,0.45,0.00657,431,7,151–500,1.28,0.197246,0.442478,0,0,0,,0.959,2023-24
2026-05-18,2026-05-25,42025,Carbon County,Pennsylvania,PA,quiet,0.000675,663,23,501+,0.45,0.001866,945,29,501+,0.36,0.196992,0.178124,0,0,0,,0.92918455,2023-24
2026-05-18,2026-05-25,51069,Frederick County,Virginia,VA,quiet,0.000675,664,17,501+,0.45,0.002418,802,19,501+,0.47,0.196985,0.220537,0,0,0,,0.871,2023-24
2026-05-18,2026-05-25,12055,Highlands County,Florida,FL,quiet,0.000675,665,37,501+,0.45,0.00172,996,43,501+,0.34,0.196934,0.166165,0,0,0,,0.896,2022-23
2026-05-18,2026-05-25,27167,Wilkin County,Minnesota,MN,quiet,0.000675,666,31,501+,0.45,0.005503,467,22,151–500,1.07,0.196859,0.397898,0,0,0,,0.974,2023-24
2026-05-18,2026-05-25,40031,Comanche County,Oklahoma,OK,quiet,0.000675,667,6,501+,0.45,0.003264,657,8,501+,0.64,0.196834,0.278212,0,0,0,,0.8773,2023-24
2026-05-18,2026-05-25,05051,Garland County,Arkansas,AR,quiet,0.000671,668,5,501+,0.45,0.003706,599,4,501+,0.72,0.196093,0.305269,0,0,0,,,
2026-05-18,2026-05-25,55131,Washington County,Wisconsin,WI,quiet,0.000668,669,10,501+,0.45,0.00149,1084,31,501+,0.29,0.195334,0.146653,0,0,0,,0.785,2023-24
2026-05-18,2026-05-25,42001,Adams County,Pennsylvania,PA,quiet,0.000667,670,24,501+,0.45,0.002098,881,25,501+,0.41,0.195129,0.196452,0,0,0,,0.9410609,2023-24
2026-05-18,2026-05-25,26027,Cass County,Michigan,MI,quiet,0.000667,671,18,501+,0.45,0.00281,724,22,501+,0.55,0.195028,0.248293,0,0,0,,0.9115,2023-24
2026-05-18,2026-05-25,28059,Jackson County,Mississippi,MS,quiet,0.000666,672,5,501+,0.45,0.002284,837,6,501+,0.45,0.194897,0.210591,0,0,0,,,
2026-05-18,2026-05-25,27069,Kittson County,Minnesota,MN,quiet,0.000665,673,32,501+,0.45,0.001778,968,43,501+,0.35,0.194684,0.170899,0,0,0,,0.906,2023-24
2026-05-18,2026-05-25,10001,Kent County,Delaware,DE,quiet,0.000665,674,3,501+,0.44,0.002891,711,3,501+,0.56,0.194589,0.253806,0,0,0,,,
2026-05-18,2026-05-25,06031,Kings County,California,CA,quiet,0.000665,675,44,501+,0.44,0.00378,595,38,501+,0.74,0.19454,0.3096,0,0,0,,0.98119,2023-24
2026-05-18,2026-05-25,18157,Tippecanoe County,Indiana,IN,quiet,0.000658,676,11,501+,0.44,0.001184,1239,26,501+,0.23,0.192982,0.11946,0,0,0,,,
2026-05-18,2026-05-25,22105,Tangipahoa Parish,Louisiana,LA,quiet,0.000656,677,8,501+,0.44,0.001643,1030,10,501+,0.32,0.192427,0.159747,0,0,0,,0.956,2021-22
2026-05-18,2026-05-25,26103,Marquette County,Michigan,MI,quiet,0.000655,678,19,501+,0.44,0.005249,477,14,151–500,1.03,0.192329,0.386242,0,0,2,50,0.9097,2023-24
2026-05-18,2026-05-25,29051,Cole County,Missouri,MO,quiet,0.000653,679,11,501+,0.44,0.001544,1062,26,501+,0.3,0.191741,0.151323,0,0,0,,0.94,2023-24
2026-05-18,2026-05-25,22019,Calcasieu Parish,Louisiana,LA,quiet,0.000648,680,9,501+,0.43,0.003635,606,6,501+,0.71,0.190574,0.30105,0,0,0,,0.912,2021-22
2026-05-18,2026-05-25,34019,Hunterdon County,New Jersey,NJ,quiet,0.000648,681,18,501+,0.43,0.001827,957,17,501+,0.36,0.190498,0.174929,0,0,0,,0.928,2023-24
2026-05-18,2026-05-25,50001,Addison County,Vermont,VT,quiet,0.000646,682,3,501+,0.43,0.001151,1253,7,501+,0.22,0.190026,0.116444,0,0,0,,0.95,2023-24
2026-05-18,2026-05-25,29037,Cass County,Missouri,MO,quiet,0.000643,683,12,501+,0.43,0.002203,857,18,501+,0.43,0.189286,0.204531,0,0,0,,0.901,2023-24
2026-05-18,2026-05-25,55035,Eau Claire County,Wisconsin,WI,quiet,0.000636,684,11,501+,0.43,0.00233,826,19,501+,0.46,0.18778,0.214061,0,0,0,,0.746,2023-24
2026-05-18,2026-05-25,46093,Meade County,South Dakota,SD,quiet,0.000636,685,8,501+,0.43,0.00492,504,7,501+,0.96,0.187721,0.370507,0,0,2,49,0.95,2023-24
2026-05-18,2026-05-25,48251,Johnson County,Texas,TX,quiet,0.000634,686,44,501+,0.42,0.003205,662,54,501+,0.63,0.187233,0.274427,0,0,0,,0.93745233,2023-24
2026-05-18,2026-05-25,16053,Jerome County,Idaho,ID,quiet,0.000632,687,22,501+,0.42,0.003269,655,19,501+,0.64,0.186881,0.278551,0,0,0,,,
2026-05-18,2026-05-25,22023,Cameron Parish,Louisiana,LA,quiet,0.000631,688,10,501+,0.42,0.001438,1109,14,501+,0.28,0.186597,0.142156,0,0,0,,0.855,2021-22
2026-05-18,2026-05-25,29019,Boone County,Missouri,MO,quiet,0.000631,689,13,501+,0.42,0.005932,453,8,151–500,1.16,0.186517,0.416623,0,0,0,,0.939,2023-24
2026-05-18,2026-05-25,27013,Blue Earth County,Minnesota,MN,quiet,0.000631,690,33,501+,0.42,0.003688,603,28,501+,0.72,0.186477,0.304186,0,0,0,,0.91,2023-24
2026-05-18,2026-05-25,47187,Williamson County,Tennessee,TN,quiet,0.000631,691,12,501+,0.42,0.002127,876,18,501+,0.42,0.186433,0.19872,0,0,0,,0.927,2023-24
2026-05-18,2026-05-25,09180,Southeastern Connecticut Planning Region,Connecticut,CT,quiet,0.00063,692,6,501+,0.42,0.002728,734,6,501+,0.53,0.186237,0.24262,0,0,0,,,
2026-05-18,2026-05-25,48053,Burnet County,Texas,TX,quiet,0.000628,693,45,501+,0.42,0.003045,684,58,501+,0.59,0.185712,0.264046,0,0,0,,0.9137931,2023-24
2026-05-18,2026-05-25,22055,Lafayette Parish,Louisiana,LA,quiet,0.000627,694,11,501+,0.42,0.002691,743,8,501+,0.53,0.185469,0.240062,0,0,0,,0.908,2021-22
2026-05-18,2026-05-25,08015,Chaffee County,Colorado,CO,quiet,0.000622,695,26,501+,0.42,0.002297,832,26,501+,0.45,0.184457,0.211576,0,0,0,,0.7917,2023-24
2026-05-18,2026-05-25,26111,Midland County,Michigan,MI,quiet,0.000621,696,20,501+,0.42,0.003593,612,18,501+,0.7,0.184131,0.298508,0,0,0,,0.8947,2023-24
2026-05-18,2026-05-25,55055,Jefferson County,Wisconsin,WI,quiet,0.00062,697,12,501+,0.41,0.002512,776,16,501+,0.49,0.183785,0.227404,0,0,0,,0.796,2023-24
2026-05-18,2026-05-25,22075,Plaquemines Parish,Louisiana,LA,quiet,0.000619,698,12,501+,0.41,0.001231,1202,16,501+,0.24,0.183582,0.123755,0,0,0,,0.976,2021-22
2026-05-18,2026-05-25,48099,Coryell County,Texas,TX,quiet,0.000618,699,46,501+,0.41,0.002501,778,70,501+,0.49,0.183454,0.22656,0,0,0,,0.95212766,2023-24
2026-05-18,2026-05-25,33017,Strafford County,New Hampshire,NH,quiet,0.000616,700,4,501+,0.41,0.003616,609,4,501+,0.71,0.182814,0.299927,0,0,0,,,
2026-05-18,2026-05-25,27085,McLeod County,Minnesota,MN,quiet,0.000615,701,34,501+,0.41,0.002,903,40,501+,0.39,0.18267,0.188777,0,0,0,,0.89,2023-24
2026-05-18,2026-05-25,48445,Terry County,Texas,TX,quiet,0.000614,702,47,501+,0.41,0.005847,455,32,151–500,1.14,0.182475,0.413,0,0,60,54,0.95522388,2023-24
2026-05-18,2026-05-25,56033,Sheridan County,Wyoming,WY,quiet,0.00061,703,15,501+,0.41,0.002372,818,16,501+,0.46,0.181599,0.217185,0,0,0,,0.9,2022-23
2026-05-18,2026-05-25,48221,Hood County,Texas,TX,quiet,0.000609,704,48,501+,0.41,0.00382,589,47,501+,0.75,0.181319,0.311934,0,0,0,,0.90865385,2023-24
2026-05-18,2026-05-25,46081,Lawrence County,South Dakota,SD,quiet,0.000609,705,9,501+,0.41,0.004625,518,8,501+,0.9,0.181258,0.355755,0,0,0,,0.92,2023-24
2026-05-18,2026-05-25,40131,Rogers County,Oklahoma,OK,quiet,0.000605,706,7,501+,0.4,0.002958,701,9,501+,0.58,0.180306,0.25831,0,0,0,,0.9111,2023-24
2026-05-18,2026-05-25,13047,Catoosa County,Georgia,GA,quiet,0.000603,707,8,501+,0.4,0.002149,866,15,501+,0.42,0.17985,0.200406,0,0,0,,,
2026-05-18,2026-05-25,26049,Genesee County,Michigan,MI,quiet,0.000602,708,21,501+,0.4,0.004149,552,17,501+,0.81,0.179583,0.330531,0,0,0,,0.8968,2023-24
2026-05-18,2026-05-25,55021,Columbia County,Wisconsin,WI,quiet,0.000601,709,13,501+,0.4,0.004042,559,8,501+,0.79,0.179337,0.324563,0,0,0,,0.767,2023-24
2026-05-18,2026-05-25,20015,Butler County,Kansas,KS,quiet,0.0006,710,8,501+,0.4,0.002209,855,12,501+,0.43,0.179061,0.204935,0,0,0,,0.88,2023-24
2026-05-18,2026-05-25,12085,Martin County,Florida,FL,quiet,0.0006,711,38,501+,0.4,0.002187,859,40,501+,0.43,0.179055,0.203296,0,0,0,,0.903,2022-23
2026-05-18,2026-05-25,48019,Bandera County,Texas,TX,quiet,0.000599,712,49,501+,0.4,0.002974,695,61,501+,0.58,0.178852,0.259357,0,0,5,10,0.95428571,2023-24
2026-05-18,2026-05-25,35017,Grant County,New Mexico,NM,quiet,0.000599,713,13,501+,0.4,0.003359,639,11,501+,0.66,0.178772,0.284174,0,0,0,,0.95,2018-19
2026-05-18,2026-05-25,13015,Bartow County,Georgia,GA,quiet,0.000598,714,9,501+,0.4,0.002806,725,9,501+,0.55,0.178596,0.248031,0,0,0,,,
2026-05-18,2026-05-25,20209,Wyandotte County,Kansas,KS,quiet,0.000595,715,9,501+,0.4,0.001914,933,16,501+,0.37,0.17793,0.18194,0,0,0,,0.75,2023-24
2026-05-18,2026-05-25,20189,Stevens County,Kansas,KS,quiet,0.000594,716,10,501+,0.4,0.005089,490,7,151–500,0.99,0.177581,0.378681,0,0,10,44,0.83,2023-24
2026-05-18,2026-05-25,27017,Carlton County,Minnesota,MN,quiet,0.000587,717,35,501+,0.39,0.003133,672,34,501+,0.61,0.175795,0.269815,0,0,0,,0.92,2023-24
2026-05-18,2026-05-25,55059,Kenosha County,Wisconsin,WI,quiet,0.000586,718,14,501+,0.39,0.003623,608,9,501+,0.71,0.175589,0.300304,0,0,0,,0.694,2023-24
2026-05-18,2026-05-25,55027,Dodge County,Wisconsin,WI,quiet,0.000585,719,15,501+,0.39,0.001641,1031,28,501+,0.32,0.175295,0.159586,0,0,0,,0.748,2023-24
2026-05-18,2026-05-25,36069,Ontario County,New York,NY,quiet,0.000584,720,16,501+,0.39,0.002769,729,18,501+,0.54,0.175198,0.245453,0,0,1,51,0.97,2022-23
2026-05-18,2026-05-25,18081,Johnson County,Indiana,IN,quiet,0.00058,721,12,501+,0.39,0.001482,1090,22,501+,0.29,0.174096,0.145961,0,0,0,,,
2026-05-18,2026-05-25,27025,Chisago County,Minnesota,MN,quiet,0.000578,722,36,501+,0.39,0.002164,863,38,501+,0.42,0.173773,0.201497,0,0,0,,0.889,2023-24
2026-05-18,2026-05-25,48265,Kerr County,Texas,TX,quiet,0.000577,723,50,501+,0.39,0.006664,427,29,151–500,1.3,0.173489,0.446099,0,0,0,,0.93213573,2023-24
2026-05-18,2026-05-25,48229,Hudspeth County,Texas,TX,quiet,0.000577,724,51,501+,0.39,0.009886,321,24,151–500,1.93,0.173324,0.547912,0,0,136,6,0.92105263,2023-24
2026-05-18,2026-05-25,05045,Faulkner County,Arkansas,AR,quiet,0.000576,725,6,501+,0.39,0.003439,629,5,501+,0.67,0.173226,0.289129,0,0,6,51,,
2026-05-18,2026-05-25,42007,Beaver County,Pennsylvania,PA,quiet,0.000573,726,25,501+,0.38,0.00242,801,23,501+,0.47,0.17247,0.220683,0,0,0,,0.91075157,2023-24
2026-05-18,2026-05-25,55073,Marathon County,Wisconsin,WI,quiet,0.000572,727,16,501+,0.38,0.002397,809,18,501+,0.47,0.172064,0.21904,0,0,0,,0.803,2023-24
2026-05-18,2026-05-25,27049,Goodhue County,Minnesota,MN,quiet,0.000571,728,37,501+,0.38,0.004027,562,26,501+,0.79,0.17202,0.323726,0,0,0,,0.918,2023-24
2026-05-18,2026-05-25,13101,Echols County,Georgia,GA,quiet,0.000569,729,10,501+,0.38,0.002705,738,10,501+,0.53,0.171532,0.241063,0,0,0,,,
2026-05-18,2026-05-25,48423,Smith County,Texas,TX,quiet,0.000569,730,52,501+,0.38,0.004186,550,44,501+,0.82,0.171329,0.332553,0,0,0,,0.93259592,2023-24
2026-05-18,2026-05-25,06051,Mono County,California,CA,quiet,0.000569,731,45,501+,0.38,0.001465,1096,50,501+,0.29,0.171311,0.144501,0,0,0,,0.98137,2023-24
2026-05-18,2026-05-25,31161,Sheridan County,Nebraska,NE,quiet,0.000568,732,4,501+,0.38,0.007296,396,3,151–500,1.42,0.171058,0.46937,0,0,1,51,,
2026-05-18,2026-05-25,26117,Montcalm County,Michigan,MI,quiet,0.000565,733,22,501+,0.38,0.005993,451,11,151–500,1.17,0.170323,0.419179,0,0,4,56,0.9281,2023-24
2026-05-18,2026-05-25,12061,Indian River County,Florida,FL,quiet,0.000558,734,39,501+,0.37,0.003203,663,34,501+,0.63,0.168685,0.27433,0,0,0,,0.927,2022-23
2026-05-18,2026-05-25,48309,McLennan County,Texas,TX,quiet,0.000558,735,53,501+,0.37,0.006003,450,31,151–500,1.17,0.168616,0.419615,0,0,9,48,0.9652813,2023-24
2026-05-18,2026-05-25,06033,Lake County,California,CA,quiet,0.000557,736,46,501+,0.37,0.001827,956,48,501+,0.36,0.168376,0.174941,0,0,0,,0.95323,2023-24
2026-05-18,2026-05-25,48199,Hardin County,Texas,TX,quiet,0.000555,737,54,501+,0.37,0.001533,1067,111,501+,0.3,0.167908,0.150377,0,0,0,,0.92708333,2023-24
2026-05-18,2026-05-25,17143,Peoria County,Illinois,IL,quiet,0.000553,738,14,501+,0.37,0.003871,582,13,501+,0.76,0.16736,0.314882,0,0,0,,,
2026-05-18,2026-05-25,13113,Fayette County,Georgia,GA,quiet,0.000553,739,11,501+,0.37,0.0025,779,12,501+,0.49,0.167317,0.226487,0,0,0,,,
2026-05-18,2026-05-25,32005,Douglas County,Nevada,NV,quiet,0.000549,740,10,501+,0.37,0.002163,864,11,501+,0.42,0.166526,0.201471,0,0,0,,0.93,2022-23
2026-05-18,2026-05-25,35031,McKinley County,New Mexico,NM,quiet,0.000545,741,14,501+,0.36,0.000845,1495,24,501+,0.16,0.165398,0.087474,0,0,0,,0.92,2018-19
2026-05-18,2026-05-25,47155,Sevier County,Tennessee,TN,quiet,0.000544,742,13,501+,0.36,0.002558,769,15,501+,0.5,0.165159,0.23069,0,0,0,,0.942,2023-24
2026-05-18,2026-05-25,18043,Floyd County,Indiana,IN,quiet,0.000543,743,13,501+,0.36,0.002959,700,12,501+,0.58,0.165001,0.258378,0,0,0,,,
2026-05-18,2026-05-25,39041,Delaware County,Ohio,OH,quiet,0.000542,744,17,501+,0.36,0.002407,805,23,501+,0.47,0.164626,0.219716,0,0,0,,,
2026-05-18,2026-05-25,26147,St. Clair County,Michigan,MI,quiet,0.000532,745,23,501+,0.36,0.002685,745,23,501+,0.52,0.162201,0.239638,0,0,0,,0.8724,2023-24
2026-05-18,2026-05-25,20185,Stafford County,Kansas,KS,quiet,0.000531,746,11,501+,0.36,0.00113,1270,25,501+,0.22,0.16194,0.114477,0,0,0,,0.81,2023-24
2026-05-18,2026-05-25,01117,Shelby County,Alabama,AL,quiet,0.000531,747,6,501+,0.36,0.001255,1187,18,501+,0.25,0.161827,0.125942,0,0,0,,0.9444,2022-23
2026-05-18,2026-05-25,36065,Oneida County,New York,NY,quiet,0.000529,748,17,501+,0.35,0.003908,579,15,501+,0.76,0.161459,0.317003,0,0,0,,0.89875701,2022-23
2026-05-18,2026-05-25,26045,Eaton County,Michigan,MI,quiet,0.000525,749,24,501+,0.35,0.001372,1139,36,501+,0.27,0.160309,0.1364,0,0,0,,0.9085,2023-24
2026-05-18,2026-05-25,46083,Lincoln County,South Dakota,SD,quiet,0.000525,750,10,501+,0.35,0.00386,585,9,501+,0.75,0.160232,0.314246,0,0,8,47,0.95,2023-24
2026-05-18,2026-05-25,29169,Pulaski County,Missouri,MO,quiet,0.000524,751,14,501+,0.35,0.002253,848,17,501+,0.44,0.160151,0.208311,0,0,0,,0.92,2023-24
2026-05-18,2026-05-25,48295,Lipscomb County,Texas,TX,quiet,0.000522,752,55,501+,0.35,0.002404,806,75,501+,0.47,0.159617,0.219553,0,0,0,,0.88636364,2023-24
2026-05-18,2026-05-25,26107,Mecosta County,Michigan,MI,quiet,0.000522,753,25,501+,0.35,0.002029,895,30,501+,0.4,0.159589,0.191036,0,0,0,,0.9391,2023-24
2026-05-18,2026-05-25,48459,Upshur County,Texas,TX,quiet,0.00052,754,56,501+,0.35,0.004272,544,42,501+,0.83,0.159109,0.337192,0,0,5,55,0.93303571,2023-24
2026-05-18,2026-05-25,56023,Lincoln County,Wyoming,WY,quiet,0.000519,755,16,501+,0.35,0.003018,687,11,501+,0.59,0.158892,0.262295,0,0,0,,0.92,2022-23
2026-05-18,2026-05-25,06011,Colusa County,California,CA,quiet,0.000516,756,47,501+,0.35,0.00239,812,45,501+,0.47,0.157989,0.218502,0,0,0,,0.98337,2023-24
2026-05-18,2026-05-25,26015,Barry County,Michigan,MI,quiet,0.000515,757,26,501+,0.34,0.004366,535,16,501+,0.85,0.157728,0.342253,0,0,0,,0.9134,2023-24
2026-05-18,2026-05-25,48369,Parmer County,Texas,TX,quiet,0.000513,758,57,501+,0.34,0.003991,565,46,501+,0.78,0.157201,0.321724,0,0,5,54,0.95035461,2023-24
2026-05-18,2026-05-25,01101,Montgomery County,Alabama,AL,quiet,0.000512,759,7,501+,0.34,0.003237,660,7,501+,0.63,0.157102,0.276531,0,0,0,,0.9263,2022-23
2026-05-18,2026-05-25,27131,Rice County,Minnesota,MN,quiet,0.000512,760,38,501+,0.34,0.003992,564,27,501+,0.78,0.156977,0.321777,0,0,0,,0.85,2023-24
2026-05-18,2026-05-25,18127,Porter County,Indiana,IN,quiet,0.000511,761,14,501+,0.34,0.002447,792,13,501+,0.48,0.156836,0.222693,0,0,0,,,
2026-05-18,2026-05-25,17119,Madison County,Illinois,IL,quiet,0.00051,762,15,501+,0.34,0.004554,525,11,501+,0.89,0.15661,0.352133,0,0,0,,,
2026-05-18,2026-05-25,53075,Whitman County,Washington,WA,quiet,0.000509,763,30,501+,0.34,0.001035,1328,33,501+,0.2,0.156333,0.105666,0,0,0,,0.90294118,2023-24
2026-05-18,2026-05-25,08007,Archuleta County,Colorado,CO,quiet,0.000509,764,27,501+,0.34,0.004955,501,19,501+,0.97,0.156172,0.372245,0,0,1,58,0.8207,2023-24
2026-05-18,2026-05-25,39155,Trumbull County,Ohio,OH,quiet,0.000508,765,18,501+,0.34,0.001519,1073,38,501+,0.3,0.156023,0.149146,0,0,0,,,
2026-05-18,2026-05-25,26105,Mason County,Michigan,MI,quiet,0.000508,766,27,501+,0.34,0.001366,1144,37,501+,0.27,0.155968,0.135864,0,0,0,,0.8745,2023-24
2026-05-18,2026-05-25,42051,Fayette County,Pennsylvania,PA,quiet,0.000508,767,26,501+,0.34,0.001065,1314,35,501+,0.21,0.155964,0.108453,0,0,0,,0.93301435,2023-24
2026-05-18,2026-05-25,06045,Mendocino County,California,CA,quiet,0.000508,768,48,501+,0.34,0.002143,870,47,501+,0.42,0.155896,0.199878,0,0,0,,0.94941,2023-24
2026-05-18,2026-05-25,19181,Warren County,Iowa,IA,quiet,0.000507,769,10,501+,0.34,0.00771,377,2,151–500,1.51,0.155754,0.483639,0,0,0,,0.9004329,2023-24
2026-05-18,2026-05-25,18163,Vanderburgh County,Indiana,IN,quiet,0.000505,770,15,501+,0.34,0.002146,868,15,501+,0.42,0.155167,0.20011,0,0,0,,,
2026-05-18,2026-05-25,44001,Bristol County,Rhode Island,RI,quiet,0.000502,771,3,501+,0.34,0.001704,1005,3,501+,0.33,0.154351,0.164856,0,0,0,,0.978,2023-24
2026-05-18,2026-05-25,39099,Mahoning County,Ohio,OH,quiet,0.0005,772,19,501+,0.33,0.001371,1142,39,501+,0.27,0.153943,0.13624,0,0,0,,,
2026-05-18,2026-05-25,48467,Van Zandt County,Texas,TX,quiet,0.0005,773,58,501+,0.33,0.002251,850,82,501+,0.44,0.153872,0.208156,0,0,0,,0.9265928,2023-24
2026-05-18,2026-05-25,12017,Citrus County,Florida,FL,quiet,0.000499,774,40,501+,0.33,0.001469,1094,49,501+,0.29,0.153661,0.144815,0,0,0,,0.925,2022-23
2026-05-18,2026-05-25,21227,Warren County,Kentucky,KY,quiet,0.000499,775,7,501+,0.33,0.004466,531,9,501+,0.87,0.15366,0.347551,0,0,0,,0.901,2022-23
2026-05-18,2026-05-25,17019,Champaign County,Illinois,IL,quiet,0.000498,776,16,501+,0.33,0.001522,1070,25,501+,0.3,0.153345,0.149455,0,0,0,,,
2026-05-18,2026-05-25,21113,Jessamine County,Kentucky,KY,quiet,0.000497,777,8,501+,0.33,0.005441,471,4,151–500,1.06,0.153152,0.395084,0,0,4,16,0.928,2022-23
2026-05-18,2026-05-25,42127,Wayne County,Pennsylvania,PA,quiet,0.000495,778,27,501+,0.33,0.002071,889,26,501+,0.4,0.152653,0.194321,0,0,0,,0.87016575,2023-24
2026-05-18,2026-05-25,27051,Grant County,Minnesota,MN,quiet,0.000495,779,39,501+,0.33,0.001131,1268,56,501+,0.22,0.152639,0.114644,0,0,0,,0.906,2023-24
2026-05-18,2026-05-25,16049,Idaho County,Idaho,ID,quiet,0.000494,780,23,501+,0.33,0.003402,636,17,501+,0.66,0.152329,0.286894,0,0,0,,,
2026-05-18,2026-05-25,13153,Houston County,Georgia,GA,quiet,0.000492,781,12,501+,0.33,0.003632,607,7,501+,0.71,0.151806,0.300846,0,0,0,,,
2026-05-18,2026-05-25,21073,Franklin County,Kentucky,KY,quiet,0.000491,782,9,501+,0.33,0.005036,494,7,151–500,0.98,0.151506,0.376151,0,0,1,64,0.951,2022-23
2026-05-18,2026-05-25,16067,Minidoka County,Idaho,ID,quiet,0.00049,783,24,501+,0.33,0.002496,780,22,501+,0.49,0.151347,0.226185,0,0,0,,,
2026-05-18,2026-05-25,51630,Fredericksburg City,Virginia,VA,quiet,0.000489,784,18,501+,0.33,0.001406,1125,25,501+,0.27,0.151133,0.139393,0,0,0,,0.954,2023-24
2026-05-18,2026-05-25,48501,Yoakum County,Texas,TX,quiet,0.000489,785,59,501+,0.33,0.004035,561,45,501+,0.79,0.150951,0.32416,0,0,20,54,0.925,2023-24
2026-05-18,2026-05-25,27141,Sherburne County,Minnesota,MN,quiet,0.000487,786,40,501+,0.33,0.003197,664,32,501+,0.62,0.15048,0.27394,0,0,0,,0.861,2023-24
2026-05-18,2026-05-25,13063,Clayton County,Georgia,GA,quiet,0.000487,787,13,501+,0.33,0.001733,988,21,501+,0.34,0.150476,0.167214,0,0,0,,,
2026-05-18,2026-05-25,26033,Chippewa County,Michigan,MI,quiet,0.000485,788,28,501+,0.32,0.001729,991,31,501+,0.34,0.150103,0.166926,0,0,0,,0.8822,2023-24
2026-05-18,2026-05-25,41011,Coos County,Oregon,OR,quiet,0.000485,789,17,501+,0.32,0.003238,659,19,501+,0.63,0.15004,0.276546,0,0,0,,0.913,2023-24
2026-05-18,2026-05-25,48485,Wichita County,Texas,TX,quiet,0.00048,790,60,501+,0.32,0.003071,679,57,501+,0.6,0.148788,0.265805,0,0,0,,0.96604297,2023-24
2026-05-18,2026-05-25,47001,Anderson County,Tennessee,TN,quiet,0.00048,791,14,501+,0.32,0.004618,521,11,501+,0.9,0.148679,0.355406,0,0,0,,0.963,2023-24
2026-05-18,2026-05-25,41007,Clatsop County,Oregon,OR,quiet,0.000479,792,18,501+,0.32,0.003417,634,17,501+,0.67,0.148399,0.287807,0,0,0,,0.891,2023-24
2026-05-18,2026-05-25,48375,Potter County,Texas,TX,quiet,0.000478,793,61,501+,0.32,0.004976,499,39,151–500,0.97,0.148287,0.373239,0,0,1,57,0.96321939,2023-24
2026-05-18,2026-05-25,48427,Starr County,Texas,TX,quiet,0.000476,794,62,501+,0.32,0.000954,1385,145,501+,0.19,0.147566,0.098023,0,0,0,,0.97190427,2023-24
2026-05-18,2026-05-25,29199,Scotland County,Missouri,MO,quiet,0.000474,795,15,501+,0.32,0.000998,1350,42,501+,0.19,0.147117,0.102151,0,0,0,,0.611,2023-24
2026-05-18,2026-05-25,47089,Jefferson County,Tennessee,TN,quiet,0.000471,796,15,501+,0.32,0.002429,799,17,501+,0.47,0.146344,0.221376,0,0,0,,0.943,2023-24
2026-05-18,2026-05-25,51085,Hanover County,Virginia,VA,quiet,0.000471,797,19,501+,0.32,0.001201,1229,28,501+,0.23,0.146303,0.121019,0,0,0,,0.933,2023-24
2026-05-18,2026-05-25,04012,La Paz County,Arizona,AZ,quiet,0.00047,798,14,501+,0.31,0.004609,523,12,501+,0.9,0.146126,0.354939,0,0,0,,0.952,2023-24
2026-05-18,2026-05-25,18087,LaGrange County,Indiana,IN,quiet,0.000469,799,16,501+,0.31,0.001973,912,16,501+,0.39,0.145863,0.186661,0,0,0,,,
2026-05-18,2026-05-25,50011,Franklin County,Vermont,VT,quiet,0.000465,800,4,501+,0.31,0.000913,1422,8,501+,0.18,0.144818,0.094075,0,0,0,,0.94,2023-24
2026-05-18,2026-05-25,02016,Aleutians West Census Area,Alaska,AK,quiet,0.000464,801,7,501+,0.31,0.004767,509,6,501+,0.93,0.144556,0.362959,0,0,0,,,
2026-05-18,2026-05-25,13297,Walton County,Georgia,GA,quiet,0.000463,802,14,501+,0.31,0.002422,800,13,501+,0.47,0.144128,0.220807,0,0,0,,,
2026-05-18,2026-05-25,55097,Portage County,Wisconsin,WI,quiet,0.000462,803,17,501+,0.31,0.002089,884,21,501+,0.41,0.144047,0.195737,0,0,0,,0.795,2023-24
2026-05-18,2026-05-25,26127,Oceana County,Michigan,MI,quiet,0.000462,804,29,501+,0.31,0.000974,1368,43,501+,0.19,0.143859,0.099925,0,0,0,,0.8877,2023-24
2026-05-18,2026-05-25,48305,Lynn County,Texas,TX,quiet,0.00046,805,63,501+,0.31,0.001902,938,92,501+,0.37,0.143529,0.181015,0,0,2,64,0.92156863,2023-24
2026-05-18,2026-05-25,27149,Stevens County,Minnesota,MN,quiet,0.00046,806,41,501+,0.31,0.001746,981,44,501+,0.34,0.143321,0.168309,0,0,0,,0.913,2023-24
2026-05-18,2026-05-25,24045,Wicomico County,Maryland,MD,quiet,0.000459,807,13,501+,0.31,0.001686,1012,14,501+,0.33,0.143167,0.163325,0,0,0,,0.9914,2023-24
2026-05-18,2026-05-25,23021,Piscataquis County,Maine,ME,quiet,0.000457,808,5,501+,0.31,0.001449,1105,7,501+,0.28,0.142606,0.143114,0,0,0,,0.9317,2023-24
2026-05-18,2026-05-25,27153,Todd County,Minnesota,MN,quiet,0.000456,809,42,501+,0.31,0.002507,777,35,501+,0.49,0.142354,0.227035,0,0,0,,0.948,2023-24
2026-05-18,2026-05-25,48493,Wilson County,Texas,TX,quiet,0.000454,810,64,501+,0.3,0.002444,794,74,501+,0.48,0.141959,0.222455,0,0,0,,0.97171381,2023-24
2026-05-18,2026-05-25,48361,Orange County,Texas,TX,quiet,0.00045,811,65,501+,0.3,0.00281,723,65,501+,0.55,0.140843,0.248296,0,0,0,,0.91140434,2023-24
2026-05-18,2026-05-25,55019,Clark County,Wisconsin,WI,quiet,0.000449,812,18,501+,0.3,0.001111,1284,36,501+,0.22,0.140494,0.112747,0,0,0,,0.458,2023-24
2026-05-18,2026-05-25,49029,Morgan County,Utah,UT,quiet,0.000449,813,23,501+,0.3,0.001119,1278,24,501+,0.22,0.140468,0.113518,0,0,0,,0.949,2022-23
2026-05-18,2026-05-25,30093,Silver Bow County,Montana,MT,quiet,0.000449,814,10,501+,0.3,0.00397,567,8,501+,0.78,0.140399,0.320488,0,0,0,,,
2026-05-18,2026-05-25,39103,Medina County,Ohio,OH,quiet,0.000448,815,20,501+,0.3,0.001582,1048,35,501+,0.31,0.140326,0.154576,0,0,0,,,
2026-05-18,2026-05-25,39123,Ottawa County,Ohio,OH,quiet,0.000447,816,21,501+,0.3,0.001982,907,29,501+,0.39,0.139964,0.187386,0,0,1,10,,
2026-05-18,2026-05-25,26047,Emmet County,Michigan,MI,quiet,0.000446,817,30,501+,0.3,0.00284,717,21,501+,0.55,0.139756,0.250346,0,0,0,,0.8571,2023-24
2026-05-18,2026-05-25,27173,Yellow Medicine County,Minnesota,MN,quiet,0.000444,818,43,501+,0.3,0.002378,813,37,501+,0.46,0.13921,0.21764,0,0,0,,0.951,2023-24
2026-05-18,2026-05-25,42061,Huntingdon County,Pennsylvania,PA,quiet,0.000443,819,28,501+,0.3,0.00228,839,24,501+,0.45,0.138958,0.210351,0,0,0,,0.94626866,2023-24
2026-05-18,2026-05-25,53023,Garfield County,Washington,WA,quiet,0.000442,820,31,501+,0.3,0.000871,1460,34,501+,0.17,0.138595,0.090044,0,0,0,,0.88235294,2023-24
2026-05-18,2026-05-25,42097,Northumberland County,Pennsylvania,PA,quiet,0.000441,821,29,501+,0.3,0.001112,1283,34,501+,0.22,0.138413,0.112874,0,0,0,,0.9232387,2023-24
2026-05-18,2026-05-25,56043,Washakie County,Wyoming,WY,quiet,0.000441,822,17,501+,0.29,0.002247,851,17,501+,0.44,0.13825,0.207865,0,0,0,,0.9,2022-23
2026-05-18,2026-05-25,12003,Baker County,Florida,FL,quiet,0.00044,823,41,501+,0.29,0.002652,753,37,501+,0.52,0.138194,0.237345,0,0,0,,0.953,2022-23
2026-05-18,2026-05-25,12093,Okeechobee County,Florida,FL,quiet,0.000439,824,42,501+,0.29,0.00191,935,42,501+,0.37,0.137744,0.181624,0,0,0,,0.974,2022-23
2026-05-18,2026-05-25,40079,Le Flore County,Oklahoma,OK,quiet,0.000438,825,8,501+,0.29,0.001197,1231,25,501+,0.23,0.137484,0.120697,0,0,0,,0.9387,2023-24
2026-05-18,2026-05-25,30041,Hill County,Montana,MT,quiet,0.000435,826,11,501+,0.29,0.002627,756,9,501+,0.51,0.136858,0.235565,0,0,4,50,,
2026-05-18,2026-05-25,55089,Ozaukee County,Wisconsin,WI,quiet,0.000434,827,19,501+,0.29,0.002938,704,12,501+,0.57,0.136393,0.256946,0,0,0,,0.804,2023-24
2026-05-18,2026-05-25,51149,Prince George County,Virginia,VA,quiet,0.000433,828,20,501+,0.29,0.001227,1205,27,501+,0.24,0.136332,0.123378,0,0,0,,0.914,2023-24
2026-05-18,2026-05-25,37055,Dare County,North Carolina,NC,quiet,0.000431,829,28,501+,0.29,0.00226,844,35,501+,0.44,0.135702,0.208832,0,0,0,,0.95184136,2022-23
2026-05-18,2026-05-25,26003,Alger County,Michigan,MI,quiet,0.000429,830,31,501+,0.29,0.002064,891,29,501+,0.4,0.135214,0.193815,0,0,0,,0.9459,2023-24
2026-05-18,2026-05-25,55139,Winnebago County,Wisconsin,WI,quiet,0.000429,831,20,501+,0.29,0.001792,961,26,501+,0.35,0.135139,0.172055,0,0,0,,0.778,2023-24
2026-05-18,2026-05-25,39003,Allen County,Ohio,OH,quiet,0.000427,832,22,501+,0.29,0.002964,698,18,501+,0.58,0.134516,0.258673,0,0,1,62,,
2026-05-18,2026-05-25,27099,Mower County,Minnesota,MN,quiet,0.000427,833,44,501+,0.29,0.004163,551,24,501+,0.81,0.134482,0.331261,0,0,0,,0.951,2023-24
2026-05-18,2026-05-25,37151,Randolph County,North Carolina,NC,quiet,0.000426,834,29,501+,0.29,0.00179,962,43,501+,0.35,0.134383,0.171894,0,0,0,,0.95754717,2022-23
2026-05-18,2026-05-25,47011,Bradley County,Tennessee,TN,quiet,0.000425,835,16,501+,0.28,0.00455,527,12,501+,0.89,0.134158,0.35189,0,0,0,,0.928,2023-24
2026-05-18,2026-05-25,26157,Tuscola County,Michigan,MI,quiet,0.000425,836,32,501+,0.28,0.00312,674,19,501+,0.61,0.134025,0.268983,0,0,0,,0.8941,2023-24
2026-05-18,2026-05-25,37085,Harnett County,North Carolina,NC,quiet,0.000424,837,30,501+,0.28,0.003693,602,24,501+,0.72,0.133839,0.304472,0,0,0,,0.92931776,2022-23
2026-05-18,2026-05-25,17161,Rock Island County,Illinois,IL,quiet,0.000424,838,17,501+,0.28,0.002454,791,18,501+,0.48,0.133684,0.223195,0,0,0,,,
2026-05-18,2026-05-25,48151,Fisher County,Texas,TX,quiet,0.000423,839,66,501+,0.28,0.001066,1313,141,501+,0.21,0.133535,0.108588,0,0,0,,0.95454546,2023-24
2026-05-18,2026-05-25,47167,Tipton County,Tennessee,TN,quiet,0.000423,840,17,501+,0.28,0.001749,978,23,501+,0.34,0.13352,0.168543,0,0,0,,0.953,2023-24
2026-05-18,2026-05-25,19057,Des Moines County,Iowa,IA,quiet,0.00042,841,11,501+,0.28,0.001081,1303,17,501+,0.21,0.132695,0.109968,0,0,0,,0.8895966,2023-24
2026-05-18,2026-05-25,45071,Newberry County,South Carolina,SC,quiet,0.000418,842,19,501+,0.28,0.002929,706,18,501+,0.57,0.131989,0.256351,0,0,0,,0.975,2023-24
2026-05-18,2026-05-25,24013,Carroll County,Maryland,MD,quiet,0.000417,843,14,501+,0.28,0.001931,927,12,501+,0.38,0.131857,0.183326,0,0,0,,0.9892,2023-24
2026-05-18,2026-05-25,37141,Pender County,North Carolina,NC,quiet,0.000412,844,31,501+,0.28,0.00304,685,27,501+,0.59,0.130509,0.263713,0,0,0,,0.93850267,2022-23
2026-05-18,2026-05-25,42069,Lackawanna County,Pennsylvania,PA,quiet,0.000409,845,30,501+,0.27,0.00195,920,27,501+,0.38,0.129672,0.184796,0,0,0,,0.96264368,2023-24
2026-05-18,2026-05-25,55063,La Crosse County,Wisconsin,WI,quiet,0.000408,846,21,501+,0.27,0.003458,626,10,501+,0.68,0.129289,0.29035,0,0,0,,0.771,2023-24
2026-05-18,2026-05-25,42081,Lycoming County,Pennsylvania,PA,quiet,0.000407,847,31,501+,0.27,0.001611,1040,30,501+,0.31,0.129202,0.156992,0,0,0,,0.96006797,2023-24
2026-05-18,2026-05-25,13077,Coweta County,Georgia,GA,quiet,0.000404,848,15,501+,0.27,0.002972,696,8,501+,0.58,0.128361,0.259212,0,0,0,,,
2026-05-18,2026-05-25,27169,Winona County,Minnesota,MN,quiet,0.000404,849,45,501+,0.27,0.008221,365,16,151–500,1.61,0.128293,0.50024,0,0,0,,0.913,2023-24
2026-05-18,2026-05-25,37069,Franklin County,North Carolina,NC,quiet,0.000403,850,32,501+,0.27,0.002655,750,30,501+,0.52,0.128046,0.23757,0,0,0,,0.94354839,2022-23
2026-05-18,2026-05-25,37147,Pitt County,North Carolina,NC,quiet,0.000402,851,33,501+,0.27,0.002546,772,32,501+,0.5,0.12771,0.229822,0,0,0,,0.94676346,2022-23
2026-05-18,2026-05-25,13183,Long County,Georgia,GA,quiet,0.000402,852,16,501+,0.27,0.000787,1544,45,501+,0.15,0.127628,0.08184,0,0,0,,,
2026-05-18,2026-05-25,37159,Rowan County,North Carolina,NC,quiet,0.000399,853,34,501+,0.27,0.005295,475,20,151–500,1.03,0.126943,0.388375,0,0,0,,0.89403085,2022-23
2026-05-18,2026-05-25,54039,Kanawha County,West Virginia,WV,quiet,0.000398,854,3,501+,0.27,0.001282,1178,4,501+,0.25,0.126627,0.12831,0,0,0,,,
2026-05-18,2026-05-25,51061,Fauquier County,Virginia,VA,quiet,0.000398,855,21,501+,0.27,0.001136,1266,29,501+,0.22,0.126595,0.115029,0,0,0,,0.907,2023-24
2026-05-18,2026-05-25,51019,Bedford County,Virginia,VA,quiet,0.000398,856,22,501+,0.27,0.002854,715,13,501+,0.56,0.12658,0.251275,0,0,0,,0.895,2023-24
2026-05-18,2026-05-25,20081,Haskell County,Kansas,KS,quiet,0.000397,857,12,501+,0.27,0.003116,677,9,501+,0.61,0.126487,0.268735,0,0,19,45,0.58,2023-24
2026-05-18,2026-05-25,37031,Carteret County,North Carolina,NC,quiet,0.000395,858,35,501+,0.26,0.001768,970,44,501+,0.35,0.125784,0.170092,0,0,0,,0.96116505,2022-23
2026-05-18,2026-05-25,29021,Buchanan County,Missouri,MO,quiet,0.000394,859,16,501+,0.26,0.002519,775,16,501+,0.49,0.125612,0.227907,0,0,0,,0.957,2023-24
2026-05-18,2026-05-25,30099,Teton County,Montana,MT,quiet,0.000394,860,12,501+,0.26,0.001386,1136,17,501+,0.27,0.125517,0.137591,0,0,0,,,
2026-05-18,2026-05-25,27147,Steele County,Minnesota,MN,quiet,0.000393,861,46,501+,0.26,0.001399,1131,51,501+,0.27,0.125267,0.138781,0,0,0,,0.922,2023-24
2026-05-18,2026-05-25,40119,Payne County,Oklahoma,OK,quiet,0.000392,862,9,501+,0.26,0.002109,879,11,501+,0.41,0.125067,0.197256,0,0,0,,0.9196,2023-24
2026-05-18,2026-05-25,20155,Reno County,Kansas,KS,quiet,0.000392,863,13,501+,0.26,0.002984,689,10,501+,0.58,0.125028,0.260052,0,0,0,,0.89,2023-24
2026-05-18,2026-05-25,08063,Kit Carson County,Colorado,CO,quiet,0.000391,864,28,501+,0.26,0.001392,1134,34,501+,0.27,0.124826,0.138139,0,0,0,,0.9273,2023-24
2026-05-18,2026-05-25,25015,Hampshire County,Massachusetts,MA,quiet,0.000391,865,9,501+,0.26,0.001508,1075,10,501+,0.29,0.124786,0.14824,0,0,0,,0.966,2023-24
2026-05-18,2026-05-25,48183,Gregg County,Texas,TX,quiet,0.000389,866,67,501+,0.26,0.002145,869,84,501+,0.42,0.124277,0.200094,0,0,0,,0.94589552,2023-24
2026-05-18,2026-05-25,27035,Crow Wing County,Minnesota,MN,quiet,0.000389,867,47,501+,0.26,0.002477,786,36,501+,0.48,0.124078,0.224839,0,0,0,,0.797,2023-24
2026-05-18,2026-05-25,36055,Monroe County,New York,NY,quiet,0.000388,868,18,501+,0.26,0.002826,719,17,501+,0.55,0.123795,0.24938,0,0,0,,0.99669672,2022-23
2026-05-18,2026-05-25,45073,Oconee County,South Carolina,SC,quiet,0.000388,869,20,501+,0.26,0.001354,1149,27,501+,0.26,0.123729,0.134762,0,0,0,,0.95,2023-24
2026-05-18,2026-05-25,51131,Northampton County,Virginia,VA,quiet,0.000387,870,23,501+,0.26,0.000492,1918,60,501+,0.1,0.123564,0.052092,0,0,0,,0.931,2023-24
2026-05-18,2026-05-25,40047,Garfield County,Oklahoma,OK,quiet,0.000386,871,10,501+,0.26,0.00332,647,7,501+,0.65,0.123417,0.281766,0,0,0,,0.9557,2023-24
2026-05-18,2026-05-25,48409,San Patricio County,Texas,TX,quiet,0.000386,872,68,501+,0.26,0.001671,1022,104,501+,0.33,0.123386,0.162047,0,0,0,,0.97601919,2023-24
2026-05-18,2026-05-25,47021,Cheatham County,Tennessee,TN,quiet,0.000385,873,18,501+,0.26,0.00493,503,9,501+,0.96,0.123157,0.371027,0,0,0,,0.938,2023-24
2026-05-18,2026-05-25,48317,Martin County,Texas,TX,quiet,0.000385,874,69,501+,0.26,0.003154,669,55,501+,0.62,0.123152,0.271166,0,0,3,64,0.96590909,2023-24
2026-05-18,2026-05-25,41013,Crook County,Oregon,OR,quiet,0.000385,875,19,501+,0.26,0.001436,1110,23,501+,0.28,0.122891,0.14194,0,0,0,,0.895,2023-24
2026-05-18,2026-05-25,31033,Cheyenne County,Nebraska,NE,quiet,0.000384,876,5,501+,0.26,0.001959,917,7,501+,0.38,0.122644,0.185546,0,0,0,,,
2026-05-18,2026-05-25,08047,Gilpin County,Colorado,CO,quiet,0.000384,877,29,501+,0.26,0.001763,973,32,501+,0.34,0.12261,0.169657,0,0,0,,0.7778,2023-24
2026-05-18,2026-05-25,48407,San Jacinto County,Texas,TX,quiet,0.000383,878,70,501+,0.26,0.00312,675,56,501+,0.61,0.122422,0.268965,0,0,0,,0.95435685,2023-24
2026-05-18,2026-05-25,39025,Clermont County,Ohio,OH,quiet,0.000383,879,23,501+,0.26,0.002768,730,20,501+,0.54,0.122369,0.245389,0,0,0,,,
2026-05-18,2026-05-25,13245,Richmond County,Georgia,GA,quiet,0.000383,880,17,501+,0.26,0.00211,878,17,501+,0.41,0.122361,0.197352,0,0,0,,,
2026-05-18,2026-05-25,32017,Lincoln County,Nevada,NV,quiet,0.000381,881,11,501+,0.25,0.003148,671,8,501+,0.61,0.12179,0.270765,0,0,0,,0.96,2022-23
2026-05-18,2026-05-25,16059,Lemhi County,Idaho,ID,quiet,0.00038,882,25,501+,0.25,0.001789,963,26,501+,0.35,0.121548,0.171837,0,0,0,,,
2026-05-18,2026-05-25,51770,Roanoke City,Virginia,VA,quiet,0.00038,883,24,501+,0.25,0.000965,1375,34,501+,0.19,0.121528,0.09909,0,0,0,,0.909,2023-24
2026-05-18,2026-05-25,36093,Schenectady County,New York,NY,quiet,0.000379,884,19,501+,0.25,0.003541,617,16,501+,0.69,0.121388,0.295376,0,0,0,,0.99326316,2022-23
2026-05-18,2026-05-25,51015,Augusta County,Virginia,VA,quiet,0.000379,885,25,501+,0.25,0.002687,744,15,501+,0.52,0.121272,0.239826,0,0,0,,0.937,2023-24
2026-05-18,2026-05-25,33001,Belknap County,New Hampshire,NH,quiet,0.000376,886,5,501+,0.25,0.001022,1337,5,501+,0.2,0.120509,0.104468,0,0,0,,,
2026-05-18,2026-05-25,45059,Laurens County,South Carolina,SC,quiet,0.000375,887,21,501+,0.25,0.002781,727,19,501+,0.54,0.120278,0.246336,0,0,0,,0.952,2023-24
2026-05-18,2026-05-25,13039,Camden County,Georgia,GA,quiet,0.000373,888,18,501+,0.25,0.002364,821,14,501+,0.46,0.119712,0.216587,0,0,0,,,
2026-05-18,2026-05-25,38043,Kidder County,North Dakota,ND,quiet,0.000373,889,25,501+,0.25,0.001047,1322,28,501+,0.2,0.119701,0.106818,0,0,0,,0.8667,2023-24
2026-05-18,2026-05-25,18085,Kosciusko County,Indiana,IN,quiet,0.000372,890,17,501+,0.25,0.003791,593,10,501+,0.74,0.119368,0.310247,0,0,0,,,
2026-05-18,2026-05-25,51137,Orange County,Virginia,VA,quiet,0.000371,891,26,501+,0.25,0.001067,1311,32,501+,0.21,0.119111,0.108693,0,0,0,,0.917,2023-24
2026-05-18,2026-05-25,20113,McPherson County,Kansas,KS,quiet,0.00037,892,14,501+,0.25,0.001732,989,17,501+,0.34,0.118761,0.167099,0,0,0,,0.93,2023-24
2026-05-18,2026-05-25,25001,Barnstable County,Massachusetts,MA,quiet,0.000369,893,10,501+,0.25,0.000922,1416,11,501+,0.18,0.118423,0.094941,0,0,0,,0.939,2023-24
2026-05-18,2026-05-25,12023,Columbia County,Florida,FL,quiet,0.000368,894,43,501+,0.25,0.001508,1076,47,501+,0.29,0.118398,0.148212,0,0,0,,0.946,2022-23
2026-05-18,2026-05-25,13139,Hall County,Georgia,GA,quiet,0.000368,895,19,501+,0.25,0.00214,871,16,501+,0.42,0.118146,0.199696,0,0,0,,,
2026-05-18,2026-05-25,38081,Sargent County,North Dakota,ND,quiet,0.000367,896,26,501+,0.25,0.001027,1336,29,501+,0.2,0.117877,0.10494,0,0,0,,0.9091,2023-24
2026-05-18,2026-05-25,51067,Franklin County,Virginia,VA,quiet,0.000367,897,27,501+,0.25,0.00243,798,18,501+,0.47,0.117873,0.221459,0,0,0,,0.924,2023-24
2026-05-18,2026-05-25,16075,Payette County,Idaho,ID,quiet,0.000366,898,26,501+,0.25,0.000993,1353,36,501+,0.19,0.117833,0.101697,0,0,0,,,
2026-05-18,2026-05-25,48249,Jim Wells County,Texas,TX,quiet,0.000366,899,71,501+,0.24,0.0013,1169,126,501+,0.25,0.117696,0.129968,0,0,0,,0.97435897,2023-24
2026-05-18,2026-05-25,47043,Dickson County,Tennessee,TN,quiet,0.000366,900,19,501+,0.24,0.002671,746,14,501+,0.52,0.117568,0.238658,0,0,0,,0.954,2023-24
2026-05-18,2026-05-25,49033,Rich County,Utah,UT,quiet,0.000364,901,24,501+,0.24,0.001142,1259,23,501+,0.22,0.117233,0.115659,0,0,0,,0.965,2022-23
2026-05-18,2026-05-25,36001,Albany County,New York,NY,quiet,0.000364,902,20,501+,0.24,0.001408,1122,25,501+,0.28,0.117132,0.139537,0,0,0,,0.99575221,2022-23
2026-05-18,2026-05-25,39039,Defiance County,Ohio,OH,quiet,0.000363,903,24,501+,0.24,0.001221,1213,43,501+,0.24,0.11697,0.122813,0,0,1,58,,
2026-05-18,2026-05-25,51113,Madison County,Virginia,VA,quiet,0.000363,904,28,501+,0.24,0.000731,1603,42,501+,0.14,0.116793,0.076343,0,0,0,,0.869,2023-24
2026-05-18,2026-05-25,48171,Gillespie County,Texas,TX,quiet,0.000362,905,72,501+,0.24,0.001943,925,89,501+,0.38,0.116681,0.18427,0,0,0,,0.94214876,2023-24
2026-05-18,2026-05-25,41061,Union County,Oregon,OR,quiet,0.000361,906,20,501+,0.24,0.001652,1028,21,501+,0.32,0.11632,0.160444,0,0,0,,0.898,2023-24
2026-05-18,2026-05-25,48195,Hansford County,Texas,TX,quiet,0.00036,907,73,501+,0.24,0.004243,546,43,501+,0.83,0.116008,0.335656,0,0,0,,0.97368421,2023-24
2026-05-18,2026-05-25,29179,Reynolds County,Missouri,MO,quiet,0.000359,908,17,501+,0.24,0.001432,1111,30,501+,0.28,0.115729,0.141663,0,0,0,,0.86,2023-24
2026-05-18,2026-05-25,01055,Etowah County,Alabama,AL,quiet,0.000358,909,8,501+,0.24,0.001788,964,12,501+,0.35,0.115504,0.171786,0,0,0,,0.9539,2022-23
2026-05-18,2026-05-25,22095,St. John the Baptist Parish,Louisiana,LA,quiet,0.000358,910,13,501+,0.24,0.000887,1443,20,501+,0.17,0.115467,0.091536,0,0,0,,0.982,2021-22
2026-05-18,2026-05-25,25007,Dukes County,Massachusetts,MA,quiet,0.000358,911,11,501+,0.24,0.00055,1833,14,501+,0.11,0.115428,0.058045,0,0,0,,0.958,2023-24
2026-05-18,2026-05-25,41045,Malheur County,Oregon,OR,quiet,0.000358,912,21,501+,0.24,0.000755,1575,29,501+,0.15,0.115351,0.078742,0,0,0,,0.962,2023-24
2026-05-18,2026-05-25,17007,Boone County,Illinois,IL,quiet,0.000357,913,18,501+,0.24,0.00288,713,15,501+,0.56,0.115193,0.25307,0,0,0,,,
2026-05-18,2026-05-25,41033,Josephine County,Oregon,OR,quiet,0.000356,914,22,501+,0.24,0.000992,1355,27,501+,0.19,0.11494,0.101653,0,0,0,,0.787,2023-24
2026-05-18,2026-05-25,17163,St. Clair County,Illinois,IL,quiet,0.000356,915,19,501+,0.24,0.001236,1198,27,501+,0.24,0.114929,0.124185,0,0,0,,,
2026-05-18,2026-05-25,13117,Forsyth County,Georgia,GA,quiet,0.000356,916,20,501+,0.24,0.001685,1014,24,501+,0.33,0.114816,0.163236,0,0,0,,,
2026-05-18,2026-05-25,22073,Ouachita Parish,Louisiana,LA,quiet,0.000354,917,14,501+,0.24,0.001115,1281,17,501+,0.22,0.114428,0.113161,0,0,0,,0.825,2021-22
2026-05-18,2026-05-25,51800,Suffolk City,Virginia,VA,quiet,0.000354,918,29,501+,0.24,0.002653,752,16,501+,0.52,0.114407,0.237399,0,0,0,,0.925,2023-24
2026-05-18,2026-05-25,09160,Northwest Hills Planning Region,Connecticut,CT,quiet,0.000352,919,7,501+,0.24,0.001538,1064,8,501+,0.3,0.113681,0.150766,0,0,0,,,
2026-05-18,2026-05-25,17199,Williamson County,Illinois,IL,quiet,0.000352,920,20,501+,0.24,0.003937,571,12,501+,0.77,0.113664,0.318627,0,0,4,54,,
2026-05-18,2026-05-25,09130,Lower Connecticut River Valley Planning Region,Connecticut,CT,quiet,0.00035,921,8,501+,0.23,0.001763,972,7,501+,0.34,0.113189,0.169696,0,0,0,,,
2026-05-18,2026-05-25,26067,Ionia County,Michigan,MI,quiet,0.000349,922,33,501+,0.23,0.001409,1121,35,501+,0.28,0.112887,0.139618,0,0,0,,0.9028,2023-24
2026-05-18,2026-05-25,55141,Wood County,Wisconsin,WI,quiet,0.000349,923,22,501+,0.23,0.00174,985,27,501+,0.34,0.112771,0.167787,0,0,0,,0.783,2023-24
2026-05-18,2026-05-25,48015,Austin County,Texas,TX,quiet,0.000348,924,74,501+,0.23,0.001719,997,98,501+,0.34,0.112586,0.166062,0,0,0,,0.94540943,2023-24
2026-05-18,2026-05-25,20145,Pawnee County,Kansas,KS,quiet,0.000348,925,15,501+,0.23,0.001141,1260,24,501+,0.22,0.11246,0.115528,0,0,7,50,0.93,2023-24
2026-05-18,2026-05-25,50021,Rutland County,Vermont,VT,quiet,0.000347,926,5,501+,0.23,0.001657,1027,5,501+,0.32,0.112441,0.160905,0,0,0,,0.92,2023-24
2026-05-18,2026-05-25,36009,Cattaraugus County,New York,NY,quiet,0.000347,927,21,501+,0.23,0.002234,852,21,501+,0.44,0.112365,0.206841,0,0,0,,0.70641667,2022-23
2026-05-18,2026-05-25,33009,Grafton County,New Hampshire,NH,quiet,0.000347,928,6,501+,0.23,0.000988,1359,6,501+,0.19,0.112183,0.101266,0,0,0,,,
2026-05-18,2026-05-25,48023,Baylor County,Texas,TX,quiet,0.000346,929,75,501+,0.23,0.002,902,87,501+,0.39,0.111882,0.18881,0,0,0,,0.92307692,2023-24
2026-05-18,2026-05-25,46091,Marshall County,South Dakota,SD,quiet,0.000344,930,11,501+,0.23,0.002654,751,11,501+,0.52,0.111569,0.237492,0,0,0,,0.72,2023-24
2026-05-18,2026-05-25,31111,Lincoln County,Nebraska,NE,quiet,0.000344,931,6,501+,0.23,0.003886,581,5,501+,0.76,0.111544,0.315704,0,0,0,,,
2026-05-18,2026-05-25,44005,Newport County,Rhode Island,RI,quiet,0.000344,932,4,501+,0.23,0.000561,1814,5,501+,0.11,0.111444,0.059232,0,0,0,,0.937,2023-24
2026-05-18,2026-05-25,48481,Wharton County,Texas,TX,quiet,0.000343,933,76,501+,0.23,0.000889,1440,155,501+,0.17,0.111233,0.091764,0,0,0,,0.96947935,2023-24
2026-05-18,2026-05-25,22109,Terrebonne Parish,Louisiana,LA,quiet,0.000343,934,15,501+,0.23,0.001045,1323,18,501+,0.2,0.111143,0.106566,0,0,0,,0.911,2021-22
2026-05-18,2026-05-25,21219,Todd County,Kentucky,KY,quiet,0.000342,935,10,501+,0.23,0.005299,474,5,151–500,1.03,0.110877,0.388566,0,0,1,46,0.944,2022-23
2026-05-18,2026-05-25,42103,Pike County,Pennsylvania,PA,quiet,0.000342,936,32,501+,0.23,0.001439,1108,33,501+,0.28,0.110848,0.142267,0,0,0,,0.86820084,2023-24
2026-05-18,2026-05-25,08107,Routt County,Colorado,CO,quiet,0.000341,937,30,501+,0.23,0.002899,709,25,501+,0.57,0.110624,0.254336,0,0,0,,0.9364,2023-24
2026-05-18,2026-05-25,48203,Harrison County,Texas,TX,quiet,0.00034,938,77,501+,0.23,0.00173,990,96,501+,0.34,0.110172,0.166994,0,0,1,52,0.9402439,2023-24
2026-05-18,2026-05-25,34009,Cape May County,New Jersey,NJ,quiet,0.000339,939,19,501+,0.23,0.001679,1018,18,501+,0.33,0.110152,0.162703,0,0,0,,0.918,2023-24
2026-05-18,2026-05-25,25011,Franklin County,Massachusetts,MA,quiet,0.000339,940,12,501+,0.23,0.001742,983,9,501+,0.34,0.11005,0.168007,0,0,0,,0.925,2023-24
2026-05-18,2026-05-25,40013,Bryan County,Oklahoma,OK,quiet,0.000339,941,11,501+,0.23,0.001497,1080,20,501+,0.29,0.109913,0.147304,0,0,0,,0.8727,2023-24
2026-05-18,2026-05-25,01031,Coffee County,Alabama,AL,quiet,0.000339,942,9,501+,0.23,0.001078,1305,21,501+,0.21,0.109896,0.109707,0,0,0,,0.9612,2022-23
2026-05-18,2026-05-25,36075,Oswego County,New York,NY,quiet,0.000337,943,22,501+,0.23,0.002316,829,19,501+,0.45,0.109426,0.212999,0,0,0,,0.99859184,2022-23
2026-05-18,2026-05-25,40113,Osage County,Oklahoma,OK,quiet,0.000337,944,12,501+,0.23,0.001405,1126,22,501+,0.27,0.109384,0.139279,0,0,0,,0.8828,2023-24
2026-05-18,2026-05-25,48463,Uvalde County,Texas,TX,quiet,0.000337,945,78,501+,0.23,0.001718,999,99,501+,0.34,0.109362,0.165979,0,0,0,,0.94632768,2023-24
2026-05-18,2026-05-25,48031,Blanco County,Texas,TX,quiet,0.000336,946,79,501+,0.23,0.002252,849,81,501+,0.44,0.109271,0.208223,0,0,0,,0.86206897,2023-24
2026-05-18,2026-05-25,02063,Chugach Census Area,Alaska,AK,quiet,0.000336,947,8,501+,0.22,0.001331,1157,8,501+,0.26,0.109012,0.132717,0,0,0,,,
2026-05-18,2026-05-25,29099,Jefferson County,Missouri,MO,quiet,0.000334,948,18,501+,0.22,0.002,904,20,501+,0.39,0.108628,0.188768,0,0,0,,0.926,2023-24
2026-05-18,2026-05-25,34011,Cumberland County,New Jersey,NJ,quiet,0.000334,949,20,501+,0.22,0.001188,1234,20,501+,0.23,0.108581,0.119826,0,0,0,,0.933,2023-24
2026-05-18,2026-05-25,16009,Benewah County,Idaho,ID,quiet,0.000334,950,27,501+,0.22,0.001505,1078,27,501+,0.29,0.108542,0.147935,0,0,0,,,
2026-05-18,2026-05-25,13151,Henry County,Georgia,GA,quiet,0.000332,951,21,501+,0.22,0.001029,1334,34,501+,0.2,0.107881,0.105108,0,0,0,,,
2026-05-18,2026-05-25,27083,Lyon County,Minnesota,MN,quiet,0.000331,952,48,501+,0.22,0.001743,982,45,501+,0.34,0.107691,0.16801,0,0,0,,0.932,2023-24
2026-05-18,2026-05-25,41027,Hood River County,Oregon,OR,quiet,0.00033,953,23,501+,0.22,0.001249,1190,25,501+,0.24,0.107287,0.125355,0,0,0,,0.893,2023-24
2026-05-18,2026-05-25,26057,Gratiot County,Michigan,MI,quiet,0.00033,954,34,501+,0.22,0.000967,1373,44,501+,0.19,0.107283,0.099243,0,0,0,,0.9157,2023-24
2026-05-18,2026-05-25,05005,Baxter County,Arkansas,AR,quiet,0.000329,955,7,501+,0.22,0.001018,1343,13,501+,0.2,0.107233,0.104101,0,0,0,,,
2026-05-18,2026-05-25,06005,Amador County,California,CA,quiet,0.000328,956,49,501+,0.22,0.002284,836,46,501+,0.45,0.10688,0.210613,0,0,0,,0.96269,2023-24
2026-05-18,2026-05-25,37087,Haywood County,North Carolina,NC,quiet,0.000328,957,36,501+,0.22,0.00183,955,42,501+,0.36,0.106755,0.175153,0,0,0,,0.92295345,2022-23
2026-05-18,2026-05-25,48373,Polk County,Texas,TX,quiet,0.000327,958,80,501+,0.22,0.001067,1310,140,501+,0.21,0.106598,0.108707,0,0,0,,0.93374741,2023-24
2026-05-18,2026-05-25,48087,Collingsworth County,Texas,TX,quiet,0.000327,959,81,501+,0.22,0.001687,1011,101,501+,0.33,0.106506,0.163385,0,0,0,,0.95348837,2023-24
2026-05-18,2026-05-25,56031,Platte County,Wyoming,WY,quiet,0.000326,960,18,501+,0.22,0.001866,946,19,501+,0.36,0.106208,0.178104,0,0,0,,0.8,2022-23
2026-05-18,2026-05-25,22079,Rapides Parish,Louisiana,LA,quiet,0.000325,961,16,501+,0.22,0.00148,1091,13,501+,0.29,0.106069,0.145827,0,0,0,,0.929,2021-22
2026-05-18,2026-05-25,21059,Daviess County,Kentucky,KY,quiet,0.000325,962,11,501+,0.22,0.001618,1037,17,501+,0.32,0.105969,0.1576,0,0,0,,0.922,2022-23
2026-05-18,2026-05-25,17179,Tazewell County,Illinois,IL,quiet,0.000324,963,21,501+,0.22,0.001803,958,22,501+,0.35,0.105688,0.172997,0,0,0,,,
2026-05-18,2026-05-25,16077,Power County,Idaho,ID,quiet,0.000323,964,28,501+,0.22,0.001172,1244,31,501+,0.23,0.105529,0.118382,0,0,0,,,
2026-05-18,2026-05-25,12075,Levy County,Florida,FL,quiet,0.000323,965,44,501+,0.22,0.002458,789,39,501+,0.48,0.105469,0.223501,0,0,0,,0.957,2022-23
2026-05-18,2026-05-25,48497,Wise County,Texas,TX,quiet,0.000322,966,82,501+,0.22,0.001604,1043,107,501+,0.31,0.105118,0.156464,0,0,0,,0.88609272,2023-24
2026-05-18,2026-05-25,26151,Sanilac County,Michigan,MI,quiet,0.000322,967,35,501+,0.22,0.002395,811,25,501+,0.47,0.105029,0.218881,0,0,0,,0.906,2023-24
2026-05-18,2026-05-25,19061,Dubuque County,Iowa,IA,quiet,0.000321,968,12,501+,0.21,0.001674,1020,13,501+,0.33,0.104786,0.162333,0,0,0,,0.8920033,2023-24
2026-05-18,2026-05-25,41035,Klamath County,Oregon,OR,quiet,0.000318,969,24,501+,0.21,0.004027,563,14,501+,0.79,0.104008,0.32371,0,0,0,,0.93,2023-24
2026-05-18,2026-05-25,36053,Madison County,New York,NY,quiet,0.000318,970,23,501+,0.21,0.001663,1023,23,501+,0.32,0.103988,0.161365,0,0,0,,0.9969,2022-23
2026-05-18,2026-05-25,13045,Carroll County,Georgia,GA,quiet,0.000318,971,22,501+,0.21,0.000948,1392,38,501+,0.19,0.103952,0.097412,0,0,0,,,
2026-05-18,2026-05-25,47119,Maury County,Tennessee,TN,quiet,0.000317,972,20,501+,0.21,0.001473,1093,25,501+,0.29,0.103687,0.1452,0,0,0,,0.913,2023-24
2026-05-18,2026-05-25,31095,Jefferson County,Nebraska,NE,quiet,0.000316,973,7,501+,0.21,0.000932,1406,20,501+,0.18,0.103231,0.095888,0,0,0,,,
2026-05-18,2026-05-25,19051,Davis County,Iowa,IA,quiet,0.000315,974,13,501+,0.21,0.000936,1402,19,501+,0.18,0.103182,0.096286,0,0,0,,0.94520548,2023-24
2026-05-18,2026-05-25,19111,Lee County,Iowa,IA,quiet,0.000315,975,14,501+,0.21,0.000566,1806,31,501+,0.11,0.102971,0.059706,0,0,0,,0.93188011,2023-24
2026-05-18,2026-05-25,20001,Allen County,Kansas,KS,quiet,0.000314,976,16,501+,0.21,0.000816,1520,39,501+,0.16,0.102797,0.084658,0,0,0,,0.93,2023-24
2026-05-18,2026-05-25,12107,Putnam County,Florida,FL,quiet,0.000312,977,45,501+,0.21,0.001429,1113,50,501+,0.28,0.10205,0.141355,0,0,0,,0.913,2022-23
2026-05-18,2026-05-25,51600,Fairfax City,Virginia,VA,quiet,0.000311,978,30,501+,0.21,0.00102,1340,33,501+,0.2,0.101929,0.104286,0,0,0,,0.822,2022-23
2026-05-18,2026-05-25,48003,Andrews County,Texas,TX,quiet,0.000311,979,83,501+,0.21,0.003508,621,50,501+,0.69,0.101892,0.29339,0,0,3,56,0.97682119,2023-24
2026-05-18,2026-05-25,36045,Jefferson County,New York,NY,quiet,0.00031,980,24,501+,0.21,0.001331,1156,26,501+,0.26,0.101684,0.132757,0,0,0,,0.99811321,2022-23
2026-05-18,2026-05-25,37023,Burke County,North Carolina,NC,quiet,0.00031,981,37,501+,0.21,0.002015,898,38,501+,0.39,0.101576,0.189985,0,0,1,11,0.94313305,2022-23
2026-05-18,2026-05-25,48213,Henderson County,Texas,TX,quiet,0.00031,982,84,501+,0.21,0.00259,762,68,501+,0.51,0.101576,0.232948,0,0,0,,0.94170854,2023-24
2026-05-18,2026-05-25,55015,Calumet County,Wisconsin,WI,quiet,0.000309,983,23,501+,0.21,0.00195,919,23,501+,0.38,0.101173,0.184826,0,0,0,,0.81,2023-24
2026-05-18,2026-05-25,01103,Morgan County,Alabama,AL,quiet,0.000308,984,10,501+,0.21,0.002566,766,10,501+,0.5,0.101137,0.231272,0,0,0,,0.9342,2022-23
2026-05-18,2026-05-25,46037,Day County,South Dakota,SD,quiet,0.000308,985,12,501+,0.21,0.002265,843,13,501+,0.44,0.100994,0.209221,0,0,0,,0.98,2023-24
2026-05-18,2026-05-25,36013,Chautauqua County,New York,NY,quiet,0.000308,986,25,501+,0.21,0.001124,1275,29,501+,0.22,0.100991,0.113936,0,0,0,,0.86869892,2022-23
2026-05-18,2026-05-25,01043,Cullman County,Alabama,AL,quiet,0.000308,987,11,501+,0.21,0.001537,1065,15,501+,0.3,0.100979,0.150723,0,0,0,,0.9148,2022-23
2026-05-18,2026-05-25,55115,Shawano County,Wisconsin,WI,quiet,0.000306,988,24,501+,0.2,0.003128,673,11,501+,0.61,0.100507,0.269474,0,0,0,,0.71,2023-24
2026-05-18,2026-05-25,02220,Sitka City and Borough,Alaska,AK,quiet,0.000305,989,9,501+,0.2,0.000592,1767,15,501+,0.12,0.100191,0.062356,0,0,0,,,
2026-05-18,2026-05-25,13225,Peach County,Georgia,GA,quiet,0.000305,990,23,501+,0.2,0.001403,1129,26,501+,0.27,0.100131,0.139086,0,0,0,,,
2026-05-18,2026-05-25,48341,Moore County,Texas,TX,quiet,0.000305,991,85,501+,0.2,0.002454,790,72,501+,0.48,0.100037,0.223208,0,0,0,,0.97389034,2023-24
2026-05-18,2026-05-25,12039,Gadsden County,Florida,FL,quiet,0.000305,992,46,501+,0.2,0.001617,1038,45,501+,0.32,0.100018,0.157492,0,0,0,,0.934,2022-23
2026-05-18,2026-05-25,08051,Gunnison County,Colorado,CO,quiet,0.000304,993,31,501+,0.2,0.000937,1401,41,501+,0.18,0.099984,0.096353,0,0,0,,0.8865,2023-24
2026-05-18,2026-05-25,51075,Goochland County,Virginia,VA,quiet,0.000304,994,31,501+,0.2,0.000669,1678,47,501+,0.13,0.099851,0.07013,0,0,0,,0.928,2023-24
2026-05-18,2026-05-25,48365,Panola County,Texas,TX,quiet,0.000304,995,86,501+,0.2,0.000695,1639,182,501+,0.14,0.09981,0.072744,0,0,0,,0.94092827,2023-24
2026-05-18,2026-05-25,48465,Val Verde County,Texas,TX,quiet,0.000303,996,87,501+,0.2,0.002719,735,66,501+,0.53,0.099548,0.241997,0,0,0,,0.92659054,2023-24
2026-05-18,2026-05-25,44009,Washington County,Rhode Island,RI,quiet,0.000301,997,5,501+,0.2,0.001452,1102,4,501+,0.28,0.098892,0.143335,0,0,0,,0.971,2023-24
2026-05-18,2026-05-25,08103,Rio Blanco County,Colorado,CO,quiet,0.0003,998,32,501+,0.2,0.001945,924,30,501+,0.38,0.098785,0.184422,0,0,0,,0.878,2023-24
2026-05-18,2026-05-25,39043,Erie County,Ohio,OH,quiet,0.0003,999,25,501+,0.2,0.001948,922,30,501+,0.38,0.098648,0.184694,0,0,0,,,
2026-05-18,2026-05-25,48001,Anderson County,Texas,TX,quiet,0.0003,1000,88,501+,0.2,0.000831,1505,168,501+,0.16,0.098542,0.086133,0,0,0,,0.95691203,2023-24
2026-05-18,2026-05-25,32021,Mineral County,Nevada,NV,quiet,0.000299,1001,12,501+,0.2,0.001681,1016,12,501+,0.33,0.098434,0.16294,0,0,0,,0.93,2022-23
2026-05-18,2026-05-25,06035,Lassen County,California,CA,quiet,0.000299,1002,50,501+,0.2,0.00152,1072,49,501+,0.3,0.098363,0.149271,0,0,0,,0.95798,2023-24
2026-05-18,2026-05-25,21047,Christian County,Kentucky,KY,quiet,0.000299,1003,12,501+,0.2,0.001207,1224,19,501+,0.24,0.098312,0.121603,0,0,0,,0.924,2022-23
2026-05-18,2026-05-25,01081,Lee County,Alabama,AL,quiet,0.000299,1004,12,501+,0.2,0.003563,616,6,501+,0.7,0.098309,0.296725,0,0,0,,0.9466,2022-23
2026-05-18,2026-05-25,37115,Madison County,North Carolina,NC,quiet,0.000298,1005,38,501+,0.2,0.000964,1376,53,501+,0.19,0.098161,0.098989,0,0,0,,0.88700565,2022-23
2026-05-18,2026-05-25,41041,Lincoln County,Oregon,OR,quiet,0.000298,1006,25,501+,0.2,0.001628,1034,22,501+,0.32,0.098049,0.158429,0,0,0,,0.917,2023-24
2026-05-18,2026-05-25,42013,Blair County,Pennsylvania,PA,quiet,0.000297,1007,33,501+,0.2,0.001474,1092,31,501+,0.29,0.097916,0.145281,0,0,0,,0.94191919,2023-24
2026-05-18,2026-05-25,38045,LaMoure County,North Dakota,ND,quiet,0.000297,1008,27,501+,0.2,0.000266,2390,40,501+,0.05,0.097772,0.028369,0,0,0,,0.8,2023-24
2026-05-18,2026-05-25,46019,Butte County,South Dakota,SD,quiet,0.000297,1009,13,501+,0.2,0.00332,648,10,501+,0.65,0.097752,0.281764,0,0,4,21,0.96,2023-24
2026-05-18,2026-05-25,39083,Knox County,Ohio,OH,quiet,0.000297,1010,26,501+,0.2,0.002166,862,27,501+,0.42,0.097741,0.201666,0,0,14,58,,
2026-05-18,2026-05-25,18095,Madison County,Indiana,IN,quiet,0.000296,1011,18,501+,0.2,0.001183,1240,27,501+,0.23,0.09741,0.119371,0,0,0,,,
2026-05-18,2026-05-25,48441,Taylor County,Texas,TX,quiet,0.000294,1012,89,501+,0.2,0.00155,1060,110,501+,0.3,0.096994,0.151867,0,0,0,,0.96384872,2023-24
2026-05-18,2026-05-25,48359,Oldham County,Texas,TX,quiet,0.000294,1013,90,501+,0.2,0.00257,764,69,501+,0.5,0.096866,0.231515,0,0,0,,0.84,2023-24
2026-05-18,2026-05-25,48059,Callahan County,Texas,TX,quiet,0.000294,1014,91,501+,0.2,0.002967,697,62,501+,0.58,0.096837,0.258929,0,0,0,,0.94054054,2023-24
2026-05-18,2026-05-25,26155,Shiawassee County,Michigan,MI,quiet,0.000293,1015,36,501+,0.2,0.000905,1429,46,501+,0.18,0.09656,0.093338,0,0,0,,0.9142,2023-24
2026-05-18,2026-05-25,46011,Brookings County,South Dakota,SD,quiet,0.000293,1016,14,501+,0.2,0.005741,458,6,151–500,1.12,0.096455,0.408404,0,0,1,13,0.9,2023-24
2026-05-18,2026-05-25,42073,Lawrence County,Pennsylvania,PA,quiet,0.000292,1017,34,501+,0.2,0.001889,941,28,501+,0.37,0.096324,0.179981,0,0,0,,0.94561598,2023-24
2026-05-18,2026-05-25,09150,Northeastern Connecticut Planning Region,Connecticut,CT,quiet,0.00029,1018,9,501+,0.19,0.001064,1315,9,501+,0.21,0.095777,0.108361,0,0,0,,,
2026-05-18,2026-05-25,51840,Winchester City,Virginia,VA,quiet,0.00029,1019,32,501+,0.19,0.000758,1574,40,501+,0.15,0.095759,0.078968,0,0,0,,0.95,2023-24
2026-05-18,2026-05-25,32011,Eureka County,Nevada,NV,quiet,0.00029,1020,13,501+,0.19,0.00065,1702,15,501+,0.13,0.095759,0.068278,0,0,0,,1.0,2022-23
2026-05-18,2026-05-25,13013,Barrow County,Georgia,GA,quiet,0.00029,1021,24,501+,0.19,0.001702,1007,23,501+,0.33,0.095699,0.164669,0,0,0,,,
2026-05-18,2026-05-25,48477,Washington County,Texas,TX,quiet,0.000289,1022,92,501+,0.19,0.000662,1686,187,501+,0.13,0.095333,0.069468,0,0,0,,0.96756757,2023-24
2026-05-18,2026-05-25,37027,Caldwell County,North Carolina,NC,quiet,0.000288,1023,39,501+,0.19,0.002932,705,28,501+,0.57,0.09507,0.256565,0,0,0,,0.95588235,2022-23
2026-05-18,2026-05-25,26017,Bay County,Michigan,MI,quiet,0.000287,1024,37,501+,0.19,0.001242,1195,39,501+,0.24,0.094891,0.124746,0,0,0,,0.9173,2023-24
2026-05-18,2026-05-25,51187,Warren County,Virginia,VA,quiet,0.000286,1025,33,501+,0.19,0.001281,1179,26,501+,0.25,0.094594,0.128251,0,0,0,,0.677,2023-24
2026-05-18,2026-05-25,26025,Calhoun County,Michigan,MI,quiet,0.000286,1026,38,501+,0.19,0.001488,1087,34,501+,0.29,0.094568,0.146458,0,0,0,,0.9065,2023-24
2026-05-18,2026-05-25,22015,Bossier Parish,Louisiana,LA,quiet,0.000286,1027,17,501+,0.19,0.001577,1051,12,501+,0.31,0.094372,0.154169,0,0,0,,0.944,2021-22
2026-05-18,2026-05-25,13127,Glynn County,Georgia,GA,quiet,0.000285,1028,25,501+,0.19,0.002564,767,11,501+,0.5,0.094228,0.231119,0,0,0,,,
2026-05-18,2026-05-25,50015,Lamoille County,Vermont,VT,quiet,0.000285,1029,6,501+,0.19,0.002073,887,3,501+,0.4,0.094154,0.194539,0,0,1,62,0.87,2023-24
2026-05-18,2026-05-25,27129,Renville County,Minnesota,MN,quiet,0.000285,1030,49,501+,0.19,0.000945,1394,59,501+,0.18,0.094098,0.097179,0,0,0,,0.911,2023-24
2026-05-18,2026-05-25,48097,Cooke County,Texas,TX,quiet,0.000284,1031,93,501+,0.19,0.002319,828,80,501+,0.45,0.0939,0.213246,0,0,0,,0.92307692,2023-24
2026-05-18,2026-05-25,38019,Cavalier County,North Dakota,ND,quiet,0.000283,1032,28,501+,0.19,0.00094,1399,31,501+,0.18,0.09372,0.096625,0,0,0,,0.9667,2023-24
2026-05-18,2026-05-25,38023,Divide County,North Dakota,ND,quiet,0.000283,1033,29,501+,0.19,0.002409,804,24,501+,0.47,0.093579,0.219872,0,0,0,,0.9286,2023-24
2026-05-18,2026-05-25,56027,Niobrara County,Wyoming,WY,quiet,0.000283,1034,19,501+,0.19,0.004613,522,10,501+,0.9,0.093478,0.355165,0,0,1,45,0.57,2022-23
2026-05-18,2026-05-25,48035,Bosque County,Texas,TX,quiet,0.000282,1035,94,501+,0.19,0.002977,693,60,501+,0.58,0.093386,0.25957,0,0,0,,0.92631579,2023-24
2026-05-18,2026-05-25,16007,Bear Lake County,Idaho,ID,quiet,0.000282,1036,29,501+,0.19,0.001841,953,25,501+,0.36,0.093352,0.176101,0,0,0,,,
2026-05-18,2026-05-25,08121,Washington County,Colorado,CO,quiet,0.000282,1037,33,501+,0.19,0.001135,1267,39,501+,0.22,0.093302,0.114951,0,0,0,,0.8409,2023-24
2026-05-18,2026-05-25,40153,Woodward County,Oklahoma,OK,quiet,0.000281,1038,13,501+,0.19,0.001106,1287,27,501+,0.22,0.093,0.11233,0,0,0,,0.8205,2023-24
2026-05-18,2026-05-25,51165,Rockingham County,Virginia,VA,quiet,0.00028,1039,34,501+,0.19,0.002282,838,21,501+,0.45,0.092825,0.210442,0,0,0,,0.907,2023-24
2026-05-18,2026-05-25,51065,Fluvanna County,Virginia,VA,quiet,0.00028,1040,35,501+,0.19,0.000878,1451,35,501+,0.17,0.092752,0.090668,0,0,0,,0.904,2021-22
2026-05-18,2026-05-25,02240,Southeast Fairbanks Census Area,Alaska,AK,quiet,0.000279,1041,10,501+,0.19,0.000785,1547,13,501+,0.15,0.092566,0.081642,0,0,0,,,
2026-05-18,2026-05-25,51740,Portsmouth City,Virginia,VA,quiet,0.000279,1042,36,501+,0.19,0.000426,2036,64,501+,0.08,0.092397,0.04529,0,0,0,,0.695,2023-24
2026-05-18,2026-05-25,13021,Bibb County,Georgia,GA,quiet,0.000279,1043,26,501+,0.19,0.000856,1478,40,501+,0.17,0.092281,0.088624,0,0,0,,,
2026-05-18,2026-05-25,19183,Washington County,Iowa,IA,quiet,0.000278,1044,15,501+,0.19,0.000809,1526,22,501+,0.16,0.09205,0.084048,0,0,0,,0.82840237,2023-24
2026-05-18,2026-05-25,26093,Livingston County,Michigan,MI,quiet,0.000278,1045,39,501+,0.19,0.000866,1463,49,501+,0.17,0.091995,0.089586,0,0,0,,0.8743,2023-24
2026-05-18,2026-05-25,37057,Davidson County,North Carolina,NC,quiet,0.000278,1046,40,501+,0.19,0.00226,845,36,501+,0.44,0.091989,0.208812,0,0,0,,0.96149675,2022-23
2026-05-18,2026-05-25,51073,Gloucester County,Virginia,VA,quiet,0.000277,1047,37,501+,0.19,0.000848,1486,37,501+,0.17,0.091887,0.087767,0,0,0,,0.91,2023-24
2026-05-18,2026-05-25,19167,Sioux County,Iowa,IA,quiet,0.000276,1048,16,501+,0.18,0.001922,930,12,501+,0.38,0.091554,0.182587,0,0,0,,0.86988848,2023-24
2026-05-18,2026-05-25,36105,Sullivan County,New York,NY,quiet,0.000276,1049,26,501+,0.18,0.001748,980,22,501+,0.34,0.091493,0.168441,0,0,0,,0.98724242,2022-23
2026-05-18,2026-05-25,55071,Manitowoc County,Wisconsin,WI,quiet,0.000276,1050,25,501+,0.18,0.001877,943,25,501+,0.37,0.091478,0.178976,0,0,0,,0.803,2023-24
2026-05-18,2026-05-25,31019,Buffalo County,Nebraska,NE,quiet,0.000276,1051,8,501+,0.18,0.00174,984,8,501+,0.34,0.09139,0.167813,0,0,0,,,
2026-05-18,2026-05-25,20097,Kiowa County,Kansas,KS,quiet,0.000275,1052,17,501+,0.18,0.002185,860,13,501+,0.43,0.091359,0.203166,0,0,6,59,0.92,2022-23
2026-05-18,2026-05-25,21211,Shelby County,Kentucky,KY,quiet,0.000275,1053,13,501+,0.18,0.002138,874,15,501+,0.42,0.091294,0.199549,0,0,0,,0.919,2022-23
2026-05-18,2026-05-25,30071,Phillips County,Montana,MT,quiet,0.000275,1054,13,501+,0.18,0.00076,1567,30,501+,0.15,0.091257,0.079206,0,0,0,,,
2026-05-18,2026-05-25,51683,Manassas City,Virginia,VA,quiet,0.000274,1055,38,501+,0.18,0.000594,1765,51,501+,0.12,0.091071,0.062533,0,0,0,,0.971,2023-24
2026-05-18,2026-05-25,01115,St. Clair County,Alabama,AL,quiet,0.000274,1056,13,501+,0.18,0.002661,748,8,501+,0.52,0.091027,0.237966,0,0,0,,0.9364,2022-23
2026-05-18,2026-05-25,22017,Caddo Parish,Louisiana,LA,quiet,0.000274,1057,18,501+,0.18,0.001638,1032,11,501+,0.32,0.090865,0.159322,0,0,0,,0.934,2021-22
2026-05-18,2026-05-25,48017,Bailey County,Texas,TX,quiet,0.000273,1058,95,501+,0.18,0.001762,974,94,501+,0.34,0.090748,0.169599,0,0,2,56,0.9893617,2023-24
2026-05-18,2026-05-25,26149,St. Joseph County,Michigan,MI,quiet,0.000273,1059,40,501+,0.18,0.001105,1289,40,501+,0.22,0.090729,0.112221,0,0,0,,0.8742,2023-24
2026-05-18,2026-05-25,18037,Dubois County,Indiana,IN,quiet,0.000273,1060,19,501+,0.18,0.000847,1487,32,501+,0.17,0.090574,0.087659,0,0,0,,,
2026-05-18,2026-05-25,56011,Crook County,Wyoming,WY,quiet,0.000273,1061,20,501+,0.18,0.000534,1850,23,501+,0.1,0.090518,0.056445,0,0,0,,0.91,2022-23
2026-05-18,2026-05-25,42021,Cambria County,Pennsylvania,PA,quiet,0.000272,1062,35,501+,0.18,0.001465,1097,32,501+,0.29,0.090291,0.144487,0,0,0,,0.95711974,2023-24
2026-05-18,2026-05-25,39081,Jefferson County,Ohio,OH,quiet,0.000272,1063,27,501+,0.18,0.000705,1627,53,501+,0.14,0.090226,0.073757,0,0,0,,,
2026-05-18,2026-05-25,47113,Madison County,Tennessee,TN,quiet,0.000271,1064,21,501+,0.18,0.001365,1145,26,501+,0.27,0.089995,0.135723,0,0,0,,0.955,2023-24
2026-05-18,2026-05-25,55043,Grant County,Wisconsin,WI,quiet,0.000271,1065,26,501+,0.18,0.002015,899,22,501+,0.39,0.08993,0.189927,0,0,0,,0.583,2023-24
2026-05-18,2026-05-25,30043,Jefferson County,Montana,MT,quiet,0.00027,1066,14,501+,0.18,0.001342,1154,18,501+,0.26,0.089777,0.133717,0,0,0,,,
2026-05-18,2026-05-25,40083,Logan County,Oklahoma,OK,quiet,0.000268,1067,14,501+,0.18,0.003929,572,5,501+,0.77,0.089246,0.318207,0,0,0,,0.8383,2023-24
2026-05-18,2026-05-25,13217,Newton County,Georgia,GA,quiet,0.000268,1068,27,501+,0.18,0.00171,1003,22,501+,0.33,0.089173,0.165325,0,0,0,,,
2026-05-18,2026-05-25,16039,Elmore County,Idaho,ID,quiet,0.000268,1069,30,501+,0.18,0.00237,819,24,501+,0.46,0.089156,0.217007,0,0,0,,,
2026-05-18,2026-05-25,13213,Murray County,Georgia,GA,quiet,0.000268,1070,28,501+,0.18,0.00095,1388,37,501+,0.19,0.089104,0.097659,0,0,0,,,
2026-05-18,2026-05-25,08075,Logan County,Colorado,CO,quiet,0.000268,1071,34,501+,0.18,0.001156,1251,38,501+,0.23,0.089069,0.116923,0,0,0,,0.9426,2023-24
2026-05-18,2026-05-25,27041,Douglas County,Minnesota,MN,quiet,0.000268,1072,50,501+,0.18,0.000845,1493,64,501+,0.17,0.089,0.087532,0,0,0,,0.877,2023-24
2026-05-18,2026-05-25,51157,Rappahannock County,Virginia,VA,quiet,0.000267,1073,39,501+,0.18,0.000863,1467,36,501+,0.17,0.088881,0.089266,0,0,0,,0.89,2023-24
2026-05-18,2026-05-25,30009,Carbon County,Montana,MT,quiet,0.000266,1074,15,501+,0.18,0.00129,1173,22,501+,0.25,0.088393,0.129102,0,0,0,,,
2026-05-18,2026-05-25,17091,Kankakee County,Illinois,IL,quiet,0.000264,1075,22,501+,0.18,0.001846,951,21,501+,0.36,0.087954,0.176511,0,0,0,,,
2026-05-18,2026-05-25,51079,Greene County,Virginia,VA,quiet,0.000264,1076,40,501+,0.18,0.000828,1508,38,501+,0.16,0.087886,0.085903,0,0,0,,0.957,2023-24
2026-05-18,2026-05-25,38079,Rolette County,North Dakota,ND,quiet,0.000263,1077,30,501+,0.18,0.001222,1210,27,501+,0.24,0.087717,0.122927,0,0,0,,0.9688,2023-24
2026-05-18,2026-05-25,17141,Ogle County,Illinois,IL,quiet,0.000263,1078,23,501+,0.18,0.003306,650,14,501+,0.65,0.087499,0.280892,0,0,0,,,
2026-05-18,2026-05-25,30091,Sheridan County,Montana,MT,quiet,0.000261,1079,16,501+,0.17,0.000978,1365,25,501+,0.19,0.087155,0.100285,0,0,0,,,
2026-05-18,2026-05-25,51121,Montgomery County,Virginia,VA,quiet,0.000261,1080,41,501+,0.17,0.000417,2046,65,501+,0.08,0.087116,0.044378,0,0,0,,0.887,2023-24
2026-05-18,2026-05-25,48499,Wood County,Texas,TX,quiet,0.000261,1081,96,501+,0.17,0.002605,759,67,501+,0.51,0.087065,0.234035,0,0,0,,0.93877551,2023-24
2026-05-18,2026-05-25,56017,Hot Springs County,Wyoming,WY,quiet,0.000261,1082,21,501+,0.17,0.001169,1247,22,501+,0.23,0.087056,0.118111,0,0,0,,0.95,2022-23
2026-05-18,2026-05-25,31141,Platte County,Nebraska,NE,quiet,0.00026,1083,9,501+,0.17,0.003393,637,6,501+,0.66,0.086839,0.286286,0,0,1,20,,
2026-05-18,2026-05-25,50025,Windham County,Vermont,VT,quiet,0.00026,1084,7,501+,0.17,0.001213,1219,6,501+,0.24,0.086791,0.12209,0,0,0,,0.9,2023-24
2026-05-18,2026-05-25,48277,Lamar County,Texas,TX,quiet,0.00026,1085,97,501+,0.17,0.002079,885,85,501+,0.41,0.086728,0.194989,0,0,28,45,0.96835443,2023-24
2026-05-18,2026-05-25,12059,Holmes County,Florida,FL,quiet,0.00026,1086,47,501+,0.17,0.001534,1066,46,501+,0.3,0.086676,0.150451,0,0,0,,0.974,2022-23
2026-05-18,2026-05-25,28109,Pearl River County,Mississippi,MS,quiet,0.00026,1087,6,501+,0.17,0.001973,911,7,501+,0.39,0.086656,0.186672,0,0,0,,,
2026-05-18,2026-05-25,40043,Dewey County,Oklahoma,OK,quiet,0.000259,1088,15,501+,0.17,0.001835,954,14,501+,0.36,0.086528,0.175551,0,0,0,,0.75,2023-24
2026-05-18,2026-05-25,22099,St. Martin Parish,Louisiana,LA,quiet,0.000259,1089,19,501+,0.17,0.00071,1624,23,501+,0.14,0.086403,0.074211,0,0,0,,0.938,2021-22
2026-05-18,2026-05-25,46079,Lake County,South Dakota,SD,quiet,0.000259,1090,15,501+,0.17,0.000506,1891,45,501+,0.1,0.086403,0.053604,0,0,0,,0.8,2023-24
2026-05-18,2026-05-25,37113,Macon County,North Carolina,NC,quiet,0.000259,1091,41,501+,0.17,0.002255,847,37,501+,0.44,0.086273,0.208462,0,0,0,,0.9378882,2022-23
2026-05-18,2026-05-25,25019,Nantucket County,Massachusetts,MA,quiet,0.000258,1092,13,501+,0.17,0.000645,1709,13,501+,0.13,0.086197,0.067696,0,0,0,,0.933,2023-24
2026-05-18,2026-05-25,46075,Jones County,South Dakota,SD,quiet,0.000258,1093,16,501+,0.17,0.000703,1630,28,501+,0.14,0.086077,0.073557,0,0,0,,0.6,2023-24
2026-05-18,2026-05-25,37049,Craven County,North Carolina,NC,quiet,0.000258,1094,42,501+,0.17,0.004216,547,22,501+,0.82,0.086045,0.334167,0,0,0,,0.95221239,2022-23
2026-05-18,2026-05-25,42037,Columbia County,Pennsylvania,PA,quiet,0.000258,1095,36,501+,0.17,0.000735,1601,42,501+,0.14,0.085979,0.076696,0,0,0,,0.96448864,2023-24
2026-05-18,2026-05-25,51095,James City County,Virginia,VA,quiet,0.000257,1096,42,501+,0.17,0.00149,1083,24,501+,0.29,0.085948,0.146661,0,0,0,,0.882,2023-24
2026-05-18,2026-05-25,30001,Beaverhead County,Montana,MT,quiet,0.000257,1097,17,501+,0.17,0.001849,950,15,501+,0.36,0.08591,0.176716,0,0,0,,,
2026-05-18,2026-05-25,29071,Franklin County,Missouri,MO,quiet,0.000257,1098,19,501+,0.17,0.001658,1026,24,501+,0.32,0.085805,0.160999,0,0,0,,0.901,2023-24
2026-05-18,2026-05-25,51790,Staunton City,Virginia,VA,quiet,0.000257,1099,43,501+,0.17,0.000637,1716,49,501+,0.12,0.085728,0.06697,0,0,0,,0.933,2023-24
2026-05-18,2026-05-25,22011,Beauregard Parish,Louisiana,LA,quiet,0.000257,1100,20,501+,0.17,0.000726,1609,21,501+,0.14,0.085674,0.075828,0,0,0,,0.926,2021-22
2026-05-18,2026-05-25,30067,Park County,Montana,MT,quiet,0.000256,1101,18,501+,0.17,0.002266,842,11,501+,0.44,0.085643,0.209304,0,0,0,,,
2026-05-18,2026-05-25,51003,Albemarle County,Virginia,VA,quiet,0.000256,1102,44,501+,0.17,0.00244,795,17,501+,0.48,0.085637,0.222179,0,0,0,,0.909,2023-24
2026-05-18,2026-05-25,37125,Moore County,North Carolina,NC,quiet,0.000256,1103,43,501+,0.17,0.001979,908,40,501+,0.39,0.085558,0.187125,0,0,0,,0.94765625,2022-23
2026-05-18,2026-05-25,08003,Alamosa County,Colorado,CO,quiet,0.000256,1104,35,501+,0.17,0.001739,986,33,501+,0.34,0.085514,0.167723,0,0,0,,0.8477,2023-24
2026-05-18,2026-05-25,39171,Williams County,Ohio,OH,quiet,0.000255,1105,28,501+,0.17,0.000672,1674,57,501+,0.13,0.085312,0.070392,0,0,0,,,
2026-05-18,2026-05-25,13247,Rockdale County,Georgia,GA,quiet,0.000255,1106,29,501+,0.17,0.001911,934,19,501+,0.37,0.085299,0.181686,0,0,0,,,
2026-05-18,2026-05-25,39159,Union County,Ohio,OH,quiet,0.000255,1107,29,501+,0.17,0.001778,967,32,501+,0.35,0.085271,0.170921,0,0,0,,,
2026-05-18,2026-05-25,48051,Burleson County,Texas,TX,quiet,0.000255,1108,98,501+,0.17,0.000784,1549,173,501+,0.15,0.085132,0.081595,0,0,0,,0.97572816,2023-24
2026-05-18,2026-05-25,29211,Sullivan County,Missouri,MO,quiet,0.000255,1109,20,501+,0.17,0.001495,1081,27,501+,0.29,0.085105,0.147078,0,0,0,,0.932,2023-24
2026-05-18,2026-05-25,48153,Floyd County,Texas,TX,quiet,0.000254,1110,99,501+,0.17,0.001407,1123,117,501+,0.27,0.085005,0.13943,0,0,0,,0.95121951,2023-24
2026-05-18,2026-05-25,27039,Dodge County,Minnesota,MN,quiet,0.000254,1111,51,501+,0.17,0.001394,1133,52,501+,0.27,0.084971,0.138281,0,0,0,,0.884,2023-24
2026-05-18,2026-05-25,05131,Sebastian County,Arkansas,AR,quiet,0.000254,1112,8,501+,0.17,0.001718,998,7,501+,0.34,0.084943,0.165984,0,0,0,,,
2026-05-18,2026-05-25,18011,Boone County,Indiana,IN,quiet,0.000253,1113,20,501+,0.17,0.001462,1099,23,501+,0.29,0.084572,0.144221,0,0,0,,,
2026-05-18,2026-05-25,48217,Hill County,Texas,TX,quiet,0.000252,1114,100,501+,0.17,0.000949,1390,147,501+,0.19,0.084423,0.097498,0,0,0,,0.89356436,2023-24
2026-05-18,2026-05-25,36091,Saratoga County,New York,NY,quiet,0.000252,1115,27,501+,0.17,0.001589,1047,24,501+,0.31,0.084417,0.155133,0,0,0,,0.99390566,2022-23
2026-05-18,2026-05-25,55111,Sauk County,Wisconsin,WI,quiet,0.000252,1116,27,501+,0.17,0.002414,803,17,501+,0.47,0.084377,0.220239,0,0,0,,0.716,2023-24
2026-05-18,2026-05-25,47047,Fayette County,Tennessee,TN,quiet,0.000252,1117,22,501+,0.17,0.002096,882,20,501+,0.41,0.084278,0.196277,0,0,0,,0.983,2023-24
2026-05-18,2026-05-25,48055,Caldwell County,Texas,TX,quiet,0.000251,1118,101,501+,0.17,0.001319,1160,125,501+,0.26,0.084096,0.131659,0,0,0,,0.96901893,2023-24
2026-05-18,2026-05-25,29159,Pettis County,Missouri,MO,quiet,0.000251,1119,21,501+,0.17,0.001724,993,23,501+,0.34,0.084012,0.166483,0,0,0,,0.852,2023-24
2026-05-18,2026-05-25,26123,Newaygo County,Michigan,MI,quiet,0.000251,1120,41,501+,0.17,0.001722,995,32,501+,0.34,0.083837,0.166313,0,0,0,,0.8504,2023-24
2026-05-18,2026-05-25,01069,Houston County,Alabama,AL,quiet,0.00025,1121,14,501+,0.17,0.001595,1046,13,501+,0.31,0.08375,0.155669,0,0,0,,0.9373,2022-23
2026-05-18,2026-05-25,42067,Juniata County,Pennsylvania,PA,quiet,0.00025,1122,37,501+,0.17,0.00078,1551,41,501+,0.15,0.083671,0.081138,0,0,0,,0.87692308,2023-24
2026-05-18,2026-05-25,39143,Sandusky County,Ohio,OH,quiet,0.00025,1123,30,501+,0.17,0.002376,816,24,501+,0.46,0.083587,0.217466,0,0,0,,,
2026-05-18,2026-05-25,55005,Barron County,Wisconsin,WI,quiet,0.000249,1124,28,501+,0.17,0.001633,1033,29,501+,0.32,0.083485,0.158903,0,0,0,,0.684,2023-24
2026-05-18,2026-05-25,31151,Saline County,Nebraska,NE,quiet,0.000249,1125,10,501+,0.17,0.001174,1243,14,501+,0.23,0.083447,0.118542,0,0,0,,,
2026-05-18,2026-05-25,29215,Texas County,Missouri,MO,quiet,0.000249,1126,22,501+,0.17,0.002068,890,19,501+,0.4,0.083351,0.194135,0,0,0,,0.825,2023-24
2026-05-18,2026-05-25,21239,Woodford County,Kentucky,KY,quiet,0.000248,1127,14,501+,0.17,0.003316,649,10,501+,0.65,0.083208,0.281516,0,0,3,46,0.935,2022-23
2026-05-18,2026-05-25,30087,Rosebud County,Montana,MT,quiet,0.000248,1128,19,501+,0.17,0.001308,1162,19,501+,0.26,0.083137,0.13065,0,0,0,,,
2026-05-18,2026-05-25,48415,Scurry County,Texas,TX,quiet,0.000248,1129,102,501+,0.17,0.002341,824,78,501+,0.46,0.083125,0.214898,0,0,1,52,0.97790055,2023-24
2026-05-18,2026-05-25,48379,Rains County,Texas,TX,quiet,0.000247,1130,103,501+,0.17,0.001483,1089,113,501+,0.29,0.082799,0.146109,0,0,1,37,0.90384615,2023-24
2026-05-18,2026-05-25,13097,Douglas County,Georgia,GA,quiet,0.000247,1131,30,501+,0.16,0.001908,937,20,501+,0.37,0.082632,0.181446,0,0,0,,,
2026-05-18,2026-05-25,55101,Racine County,Wisconsin,WI,quiet,0.000247,1132,29,501+,0.16,0.00122,1214,35,501+,0.24,0.082609,0.122754,0,0,0,,0.738,2023-24
2026-05-18,2026-05-25,23029,Washington County,Maine,ME,quiet,0.000246,1133,6,501+,0.16,0.002978,692,5,501+,0.58,0.08257,0.259607,0,0,0,,0.9535,2023-24
2026-05-18,2026-05-25,42093,Montour County,Pennsylvania,PA,quiet,0.000246,1134,38,501+,0.16,0.000845,1491,40,501+,0.17,0.082515,0.087551,0,0,0,,0.98895028,2023-24
2026-05-18,2026-05-25,48083,Coleman County,Texas,TX,quiet,0.000245,1135,104,501+,0.16,0.000888,1441,156,501+,0.17,0.082297,0.091719,0,0,0,,0.8974359,2023-24
2026-05-18,2026-05-25,48093,Comanche County,Texas,TX,quiet,0.000245,1136,105,501+,0.16,0.001095,1299,138,501+,0.21,0.08225,0.111237,0,0,0,,0.97315436,2023-24
2026-05-18,2026-05-25,01015,Calhoun County,Alabama,AL,quiet,0.000245,1137,15,501+,0.16,0.001379,1138,16,501+,0.27,0.082127,0.136939,0,0,0,,0.9411,2022-23
2026-05-18,2026-05-25,18099,Marshall County,Indiana,IN,quiet,0.000244,1138,21,501+,0.16,0.001079,1304,28,501+,0.21,0.081963,0.109819,0,0,0,,,
2026-05-18,2026-05-25,27023,Chippewa County,Minnesota,MN,quiet,0.000244,1139,52,501+,0.16,0.00079,1541,66,501+,0.15,0.081851,0.082152,0,0,0,,0.897,2023-24
2026-05-18,2026-05-25,48089,Colorado County,Texas,TX,quiet,0.000244,1140,106,501+,0.16,0.00142,1118,116,501+,0.28,0.081697,0.140559,0,0,0,,0.95634921,2023-24
2026-05-18,2026-05-25,30017,Custer County,Montana,MT,quiet,0.000243,1141,20,501+,0.16,0.001304,1166,21,501+,0.25,0.081616,0.130321,0,0,0,,,
2026-05-18,2026-05-25,19033,Cerro Gordo County,Iowa,IA,quiet,0.000243,1142,17,501+,0.16,0.001923,929,11,501+,0.38,0.08151,0.182693,0,0,0,,0.85462555,2023-24
2026-05-18,2026-05-25,31053,Dodge County,Nebraska,NE,quiet,0.000242,1143,11,501+,0.16,0.001148,1257,15,501+,0.22,0.081324,0.116176,0,0,0,,,
2026-05-18,2026-05-25,55083,Oconto County,Wisconsin,WI,quiet,0.000242,1144,30,501+,0.16,0.002824,721,13,501+,0.55,0.081118,0.249259,0,0,36,37,0.794,2023-24
2026-05-18,2026-05-25,33005,Cheshire County,New Hampshire,NH,quiet,0.000241,1145,7,501+,0.16,0.000966,1374,7,501+,0.19,0.081044,0.099136,0,0,0,,,
2026-05-18,2026-05-25,27047,Freeborn County,Minnesota,MN,quiet,0.000241,1146,53,501+,0.16,0.001545,1061,46,501+,0.3,0.080859,0.151409,0,0,0,,0.878,2023-24
2026-05-18,2026-05-25,48417,Shackelford County,Texas,TX,quiet,0.000241,1147,107,501+,0.16,0.005044,492,38,151–500,0.99,0.080845,0.376533,0,0,1,55,0.83333333,2023-24
2026-05-18,2026-05-25,26073,Isabella County,Michigan,MI,quiet,0.000241,1148,42,501+,0.16,0.00099,1356,42,501+,0.19,0.080803,0.101444,0,0,0,,0.9155,2023-24
2026-05-18,2026-05-25,38027,Eddy County,North Dakota,ND,quiet,0.000239,1149,31,501+,0.16,0.000678,1666,33,501+,0.13,0.080293,0.071023,0,0,0,,0.9655,2023-24
2026-05-18,2026-05-25,40145,Wagoner County,Oklahoma,OK,quiet,0.000239,1150,16,501+,0.16,0.002212,854,10,501+,0.43,0.080235,0.205153,0,0,0,,0.8801,2023-24
2026-05-18,2026-05-25,17115,Macon County,Illinois,IL,quiet,0.000239,1151,24,501+,0.16,0.00101,1345,31,501+,0.2,0.08021,0.103325,0,0,0,,,
2026-05-18,2026-05-25,45055,Kershaw County,South Carolina,SC,quiet,0.000238,1152,22,501+,0.16,0.002478,785,21,501+,0.48,0.080064,0.224929,0,0,0,,0.94,2023-24
2026-05-18,2026-05-25,29203,Shannon County,Missouri,MO,quiet,0.000238,1153,23,501+,0.16,0.00197,913,21,501+,0.38,0.079902,0.186395,0,0,0,,0.846,2023-24
2026-05-18,2026-05-25,47123,Monroe County,Tennessee,TN,quiet,0.000237,1154,23,501+,0.16,0.001202,1227,29,501+,0.23,0.079609,0.121157,0,0,0,,0.944,2023-24
2026-05-18,2026-05-25,24041,Talbot County,Maryland,MD,quiet,0.000237,1155,15,501+,0.16,0.000746,1588,15,501+,0.15,0.079608,0.077806,0,0,0,,1.0,2023-24
2026-05-18,2026-05-25,30053,Lincoln County,Montana,MT,quiet,0.000237,1156,21,501+,0.16,0.001851,949,14,501+,0.36,0.079553,0.176896,0,0,0,,,
2026-05-18,2026-05-25,05035,Crittenden County,Arkansas,AR,quiet,0.000235,1157,9,501+,0.16,0.00055,1831,22,501+,0.11,0.079187,0.058134,0,0,0,,,
2026-05-18,2026-05-25,21145,McCracken County,Kentucky,KY,quiet,0.000235,1158,15,501+,0.16,0.002366,820,12,501+,0.46,0.079031,0.216742,0,0,0,,0.862,2022-23
2026-05-18,2026-05-25,20057,Ford County,Kansas,KS,quiet,0.000235,1159,18,501+,0.16,0.005833,456,6,151–500,1.14,0.078981,0.412371,0,0,0,,0.87,2023-24
2026-05-18,2026-05-25,16079,Shoshone County,Idaho,ID,quiet,0.000234,1160,31,501+,0.16,0.001307,1164,28,501+,0.26,0.07892,0.130566,0,0,0,,,
2026-05-18,2026-05-25,40121,Pittsburg County,Oklahoma,OK,quiet,0.000234,1161,17,501+,0.16,0.001205,1225,24,501+,0.24,0.078711,0.121389,0,0,0,,0.9025,2023-24
2026-05-18,2026-05-25,17073,Henry County,Illinois,IL,quiet,0.000233,1162,25,501+,0.16,0.002052,893,20,501+,0.4,0.078584,0.192883,0,0,0,,,
2026-05-18,2026-05-25,12043,Glades County,Florida,FL,quiet,0.000232,1163,48,501+,0.16,0.00112,1277,53,501+,0.22,0.0783,0.113608,0,0,0,,0.986,2022-23
2026-05-18,2026-05-25,25003,Berkshire County,Massachusetts,MA,quiet,0.000232,1164,14,501+,0.16,0.000746,1589,12,501+,0.15,0.078152,0.077774,0,0,0,,0.928,2023-24
2026-05-18,2026-05-25,48043,Brewster County,Texas,TX,quiet,0.000232,1165,108,501+,0.16,0.003298,653,53,501+,0.64,0.078108,0.280346,0,0,1,52,0.94736842,2023-24
2026-05-18,2026-05-25,26109,Menominee County,Michigan,MI,quiet,0.000232,1166,43,501+,0.16,0.000727,1607,54,501+,0.14,0.078072,0.075915,0,0,0,,0.868,2023-24
2026-05-18,2026-05-25,02100,Haines Borough,Alaska,AK,quiet,0.000231,1167,11,501+,0.15,0.000436,2013,20,501+,0.09,0.077971,0.046349,0,0,0,,,
2026-05-18,2026-05-25,39129,Pickaway County,Ohio,OH,quiet,0.000231,1168,31,501+,0.15,0.001928,928,31,501+,0.38,0.077871,0.183059,0,0,0,,,
2026-05-18,2026-05-25,48193,Hamilton County,Texas,TX,quiet,0.000231,1169,109,501+,0.15,0.000854,1482,164,501+,0.17,0.077861,0.088391,0,0,0,,0.97701149,2023-24
2026-05-18,2026-05-25,48227,Howard County,Texas,TX,quiet,0.000231,1170,110,501+,0.15,0.00086,1471,160,501+,0.17,0.077858,0.088979,0,0,0,,0.97349398,2023-24
2026-05-18,2026-05-25,13157,Jackson County,Georgia,GA,quiet,0.000231,1171,31,501+,0.15,0.001406,1124,25,501+,0.27,0.077842,0.139399,0,0,0,,,
2026-05-18,2026-05-25,48159,Franklin County,Texas,TX,quiet,0.00023,1172,111,501+,0.15,0.002395,810,76,501+,0.47,0.077446,0.218895,0,0,0,,0.95238095,2023-24
2026-05-18,2026-05-25,42085,Mercer County,Pennsylvania,PA,quiet,0.000229,1173,39,501+,0.15,0.000923,1414,38,501+,0.18,0.077373,0.095018,0,0,0,,0.93416031,2023-24
2026-05-18,2026-05-25,26061,Houghton County,Michigan,MI,quiet,0.000229,1174,44,501+,0.15,0.001002,1348,41,501+,0.2,0.077365,0.102555,0,0,0,,0.8453,2023-24
2026-05-18,2026-05-25,48469,Victoria County,Texas,TX,quiet,0.000229,1175,112,501+,0.15,0.001268,1183,130,501+,0.25,0.077339,0.127101,0,0,0,,0.97912714,2023-24
2026-05-18,2026-05-25,45075,Orangeburg County,South Carolina,SC,quiet,0.000229,1176,23,501+,0.15,0.001884,942,24,501+,0.37,0.077283,0.179531,0,0,0,,0.962,2023-24
2026-05-18,2026-05-25,48395,Robertson County,Texas,TX,quiet,0.000229,1177,113,501+,0.15,0.000497,1911,205,501+,0.1,0.07724,0.052631,0,0,0,,0.97584541,2023-24
2026-05-18,2026-05-25,42019,Butler County,Pennsylvania,PA,quiet,0.000229,1178,40,501+,0.15,0.000926,1412,37,501+,0.18,0.077113,0.0953,0,0,0,,0.94104683,2023-24
2026-05-18,2026-05-25,20031,Coffey County,Kansas,KS,quiet,0.000229,1179,19,501+,0.15,0.001031,1332,28,501+,0.2,0.077078,0.105324,0,0,0,,0.88,2023-24
2026-05-18,2026-05-25,40081,Lincoln County,Oklahoma,OK,quiet,0.000228,1180,18,501+,0.15,0.001467,1095,21,501+,0.29,0.076805,0.144643,0,0,0,,0.8714,2023-24
2026-05-18,2026-05-25,31025,Cass County,Nebraska,NE,quiet,0.000227,1181,12,501+,0.15,0.001727,992,9,501+,0.34,0.076669,0.166743,0,0,0,,,
2026-05-18,2026-05-25,48149,Fayette County,Texas,TX,quiet,0.000227,1182,114,501+,0.15,0.000953,1386,146,501+,0.19,0.076614,0.097886,0,0,0,,0.96969697,2023-24
2026-05-18,2026-05-25,28045,Hancock County,Mississippi,MS,quiet,0.000226,1183,7,501+,0.15,0.002873,714,3,501+,0.56,0.076255,0.252558,0,0,0,,,
2026-05-18,2026-05-25,50023,Washington County,Vermont,VT,quiet,0.000226,1184,8,501+,0.15,0.001686,1013,4,501+,0.33,0.076139,0.163318,0,0,1,14,0.9,2023-24
2026-05-18,2026-05-25,48333,Mills County,Texas,TX,quiet,0.000225,1185,115,501+,0.15,0.001405,1127,118,501+,0.27,0.076083,0.139246,0,0,0,,0.9375,2023-24
2026-05-18,2026-05-25,20053,Ellsworth County,Kansas,KS,quiet,0.000225,1186,20,501+,0.15,0.001288,1175,21,501+,0.25,0.075973,0.128917,0,0,0,,0.89,2023-24
2026-05-18,2026-05-25,55135,Waupaca County,Wisconsin,WI,quiet,0.000225,1187,31,501+,0.15,0.000831,1504,40,501+,0.16,0.075965,0.086175,0,0,0,,0.728,2023-24
2026-05-18,2026-05-25,39157,Tuscarawas County,Ohio,OH,quiet,0.000224,1188,32,501+,0.15,0.003337,642,15,501+,0.65,0.075781,0.282802,0,0,0,,,
2026-05-18,2026-05-25,01009,Blount County,Alabama,AL,quiet,0.000223,1189,16,501+,0.15,0.00213,875,11,501+,0.42,0.07535,0.198922,0,0,0,,0.97,2022-23
2026-05-18,2026-05-25,12027,DeSoto County,Florida,FL,quiet,0.000223,1190,49,501+,0.15,0.00139,1135,51,501+,0.27,0.075341,0.137967,0,0,0,,0.96,2022-23
2026-05-18,2026-05-25,48109,Culberson County,Texas,TX,quiet,0.000222,1191,116,501+,0.15,0.000833,1501,167,501+,0.16,0.075158,0.086334,0,0,0,,0.96153846,2023-24
2026-05-18,2026-05-25,22115,Vernon Parish,Louisiana,LA,quiet,0.000221,1192,21,501+,0.15,0.000907,1428,19,501+,0.18,0.074877,0.09351,0,0,0,,0.922,2021-22
2026-05-18,2026-05-25,17001,Adams County,Illinois,IL,quiet,0.000221,1193,26,501+,0.15,0.002659,749,16,501+,0.52,0.074705,0.237858,0,0,0,,,
2026-05-18,2026-05-25,55031,Douglas County,Wisconsin,WI,quiet,0.00022,1194,32,501+,0.15,0.001424,1115,32,501+,0.28,0.074543,0.140957,0,0,0,,0.645,2023-24
2026-05-18,2026-05-25,29213,Taney County,Missouri,MO,quiet,0.00022,1195,24,501+,0.15,0.004035,560,11,501+,0.79,0.074377,0.324163,0,0,1,57,0.825,2023-24
2026-05-18,2026-05-25,55081,Monroe County,Wisconsin,WI,quiet,0.00022,1196,33,501+,0.15,0.00125,1189,34,501+,0.24,0.074294,0.125464,0,0,0,,0.588,2023-24
2026-05-18,2026-05-25,42063,Indiana County,Pennsylvania,PA,quiet,0.000219,1197,41,501+,0.15,0.000943,1397,36,501+,0.18,0.074158,0.096944,0,0,0,,0.91236307,2023-24
2026-05-18,2026-05-25,31157,Scotts Bluff County,Nebraska,NE,quiet,0.000219,1198,13,501+,0.15,0.000951,1387,18,501+,0.19,0.074094,0.097742,0,0,0,,,
2026-05-18,2026-05-25,35006,Cibola County,New Mexico,NM,quiet,0.000219,1199,15,501+,0.15,0.001575,1053,17,501+,0.31,0.074002,0.15393,0,0,0,,0.85,2018-19
2026-05-18,2026-05-25,36113,Warren County,New York,NY,quiet,0.000219,1200,28,501+,0.15,0.000949,1389,31,501+,0.19,0.073987,0.097514,0,0,0,,0.99883333,2022-23
2026-05-18,2026-05-25,16015,Boise County,Idaho,ID,quiet,0.000218,1201,32,501+,0.15,0.000766,1565,38,501+,0.15,0.073739,0.079736,0,0,0,,,
2026-05-18,2026-05-25,48115,Dawson County,Texas,TX,quiet,0.000217,1202,117,501+,0.14,0.001557,1058,109,501+,0.3,0.073406,0.152448,0,0,26,55,0.8807947,2023-24
2026-05-18,2026-05-25,39139,Richland County,Ohio,OH,quiet,0.000216,1203,33,501+,0.14,0.001241,1196,41,501+,0.24,0.07318,0.124698,0,0,0,,,
2026-05-18,2026-05-25,16073,Owyhee County,Idaho,ID,quiet,0.000216,1204,33,501+,0.14,0.001052,1319,35,501+,0.21,0.073088,0.107255,0,0,0,,,
2026-05-18,2026-05-25,22091,St. Helena Parish,Louisiana,LA,quiet,0.000215,1205,22,501+,0.14,0.000391,2110,35,501+,0.08,0.073011,0.041589,0,0,0,,0.9,2021-22
2026-05-18,2026-05-25,30007,Broadwater County,Montana,MT,quiet,0.000215,1206,22,501+,0.14,0.00214,873,12,501+,0.42,0.072961,0.199648,0,0,0,,,
2026-05-18,2026-05-25,36095,Schoharie County,New York,NY,quiet,0.000215,1207,29,501+,0.14,0.000579,1785,42,501+,0.11,0.072902,0.061038,0,0,0,,0.91755556,2022-23
2026-05-18,2026-05-25,46129,Walworth County,South Dakota,SD,quiet,0.000215,1208,17,501+,0.14,0.001609,1042,15,501+,0.31,0.072856,0.156872,0,0,0,,0.9,2023-24
2026-05-18,2026-05-25,46023,Charles Mix County,South Dakota,SD,quiet,0.000214,1209,18,501+,0.14,0.001037,1327,20,501+,0.2,0.072461,0.105892,0,0,0,,0.82,2023-24
2026-05-18,2026-05-25,46031,Corson County,South Dakota,SD,quiet,0.000214,1210,19,501+,0.14,0.001322,1159,17,501+,0.26,0.072421,0.131965,0,0,0,,0.93,2023-24
2026-05-18,2026-05-25,20119,Meade County,Kansas,KS,quiet,0.000213,1211,21,501+,0.14,0.001154,1252,23,501+,0.23,0.072114,0.11671,0,0,0,,0.74,2023-24
2026-05-18,2026-05-25,26101,Manistee County,Michigan,MI,quiet,0.000213,1212,45,501+,0.14,0.000813,1523,50,501+,0.16,0.072113,0.084404,0,0,0,,0.836,2023-24
2026-05-18,2026-05-25,39029,Columbiana County,Ohio,OH,quiet,0.000211,1213,34,501+,0.14,0.000984,1361,47,501+,0.19,0.07177,0.100897,0,0,0,,,
2026-05-18,2026-05-25,42039,Crawford County,Pennsylvania,PA,quiet,0.000211,1214,42,501+,0.14,0.000609,1751,43,501+,0.12,0.071637,0.064077,0,0,0,,0.93474427,2023-24
2026-05-18,2026-05-25,30003,Big Horn County,Montana,MT,quiet,0.000211,1215,23,501+,0.14,0.000805,1531,29,501+,0.16,0.071544,0.083617,0,0,0,,,
2026-05-18,2026-05-25,54033,Harrison County,West Virginia,WV,quiet,0.000209,1216,4,501+,0.14,0.001505,1077,3,501+,0.29,0.07108,0.147995,0,0,0,,,
2026-05-18,2026-05-25,46005,Beadle County,South Dakota,SD,quiet,0.000209,1217,20,501+,0.14,0.000818,1518,24,501+,0.16,0.071064,0.084872,0,0,0,,0.85,2023-24
2026-05-18,2026-05-25,47105,Loudon County,Tennessee,TN,quiet,0.000209,1218,24,501+,0.14,0.002487,783,16,501+,0.49,0.071016,0.225559,0,0,0,,0.951,2023-24
2026-05-18,2026-05-25,31013,Box Butte County,Nebraska,NE,quiet,0.000209,1219,14,501+,0.14,0.001255,1186,11,501+,0.25,0.070925,0.125944,0,0,0,,,
2026-05-18,2026-05-25,38037,Grant County,North Dakota,ND,quiet,0.000209,1220,32,501+,0.14,0.001021,1339,30,501+,0.2,0.070901,0.10436,0,0,0,,0.7419,2023-24
2026-05-18,2026-05-25,20055,Finney County,Kansas,KS,quiet,0.000209,1221,22,501+,0.14,0.001569,1054,19,501+,0.31,0.070861,0.153494,0,0,0,,0.98,2023-24
2026-05-18,2026-05-25,24047,Worcester County,Maryland,MD,quiet,0.000208,1222,16,501+,0.14,0.000739,1595,16,501+,0.14,0.070772,0.077136,0,0,0,,0.998,2023-24
2026-05-18,2026-05-25,39063,Hancock County,Ohio,OH,quiet,0.000208,1223,35,501+,0.14,0.001531,1068,37,501+,0.3,0.070765,0.150233,0,0,0,,,
2026-05-18,2026-05-25,24001,Allegany County,Maryland,MD,quiet,0.000208,1224,17,501+,0.14,0.000675,1671,17,501+,0.13,0.07071,0.070788,0,0,0,,0.993,2023-24
2026-05-18,2026-05-25,56045,Weston County,Wyoming,WY,quiet,0.000208,1225,22,501+,0.14,0.001701,1008,20,501+,0.33,0.07055,0.164538,0,0,0,,0.63,2022-23
2026-05-18,2026-05-25,37099,Jackson County,North Carolina,NC,quiet,0.000207,1226,44,501+,0.14,0.001953,918,41,501+,0.38,0.070413,0.185087,0,0,0,,0.94680851,2022-23
2026-05-18,2026-05-25,51049,Cumberland County,Virginia,VA,quiet,0.000206,1227,45,501+,0.14,0.00065,1703,48,501+,0.13,0.070119,0.068271,0,0,0,,0.932,2023-24
2026-05-18,2026-05-25,05113,Polk County,Arkansas,AR,quiet,0.000206,1228,10,501+,0.14,0.000433,2018,26,501+,0.08,0.0701,0.046025,0,0,0,,,
2026-05-18,2026-05-25,13049,Charlton County,Georgia,GA,quiet,0.000206,1229,32,501+,0.14,0.001244,1193,28,501+,0.24,0.070075,0.124906,0,0,0,,,
2026-05-18,2026-05-25,13179,Liberty County,Georgia,GA,quiet,0.000206,1230,33,501+,0.14,0.001937,926,18,501+,0.38,0.07005,0.183785,0,0,0,,,
2026-05-18,2026-05-25,48421,Sherman County,Texas,TX,quiet,0.000206,1231,118,501+,0.14,0.000898,1433,151,501+,0.18,0.069977,0.092656,0,0,0,,0.96226415,2023-24
2026-05-18,2026-05-25,27015,Brown County,Minnesota,MN,quiet,0.000206,1232,54,501+,0.14,0.001416,1119,50,501+,0.28,0.069899,0.140277,0,0,0,,0.928,2023-24
2026-05-18,2026-05-25,48449,Titus County,Texas,TX,quiet,0.000205,1233,119,501+,0.14,0.001749,977,95,501+,0.34,0.069868,0.168562,0,0,0,,0.95051546,2023-24
2026-05-18,2026-05-25,20023,Cheyenne County,Kansas,KS,quiet,0.000205,1234,23,501+,0.14,0.00103,1333,29,501+,0.2,0.069765,0.105171,0,0,0,,0.93,2023-24
2026-05-18,2026-05-25,19139,Muscatine County,Iowa,IA,quiet,0.000205,1235,18,501+,0.14,0.001226,1206,16,501+,0.24,0.069603,0.123292,0,0,0,,0.91699605,2023-24
2026-05-18,2026-05-25,13103,Effingham County,Georgia,GA,quiet,0.000204,1236,34,501+,0.14,0.001228,1204,29,501+,0.24,0.069524,0.1235,0,0,0,,,
2026-05-18,2026-05-25,28099,Neshoba County,Mississippi,MS,quiet,0.000204,1237,8,501+,0.14,0.000448,1990,20,501+,0.09,0.069485,0.047535,0,0,0,,,
2026-05-18,2026-05-25,06105,Trinity County,California,CA,quiet,0.000204,1238,51,501+,0.14,0.000743,1593,52,501+,0.15,0.069454,0.077514,0,0,0,,0.87586,2023-24
2026-05-18,2026-05-25,27095,Mille Lacs County,Minnesota,MN,quiet,0.000204,1239,55,501+,0.14,0.000999,1349,57,501+,0.2,0.069276,0.102246,0,0,0,,0.744,2023-24
2026-05-18,2026-05-25,23011,Kennebec County,Maine,ME,quiet,0.000203,1240,7,501+,0.14,0.001275,1182,8,501+,0.25,0.069126,0.12769,0,0,0,,0.9753,2023-24
2026-05-18,2026-05-25,21029,Bullitt County,Kentucky,KY,quiet,0.000203,1241,16,501+,0.14,0.003159,668,11,501+,0.62,0.069036,0.271478,0,0,0,,0.947,2022-23
2026-05-18,2026-05-25,32015,Lander County,Nevada,NV,quiet,0.000203,1242,14,501+,0.14,0.00142,1117,13,501+,0.28,0.069027,0.140626,0,0,0,,0.99,2022-23
2026-05-18,2026-05-25,48289,Leon County,Texas,TX,quiet,0.000203,1243,120,501+,0.14,0.001443,1107,114,501+,0.28,0.069024,0.142575,0,0,0,,0.94761905,2023-24
2026-05-18,2026-05-25,05073,Lafayette County,Arkansas,AR,quiet,0.000202,1244,11,501+,0.13,0.000288,2343,43,501+,0.06,0.06869,0.030731,0,0,0,,,
2026-05-18,2026-05-25,28081,Lee County,Mississippi,MS,quiet,0.000201,1245,9,501+,0.13,0.001198,1230,8,501+,0.23,0.068379,0.120778,0,0,0,,,
2026-05-18,2026-05-25,39007,Ashtabula County,Ohio,OH,quiet,0.000201,1246,36,501+,0.13,0.002825,720,19,501+,0.55,0.068361,0.249295,0,0,16,58,,
2026-05-18,2026-05-25,54061,Monongalia County,West Virginia,WV,quiet,0.0002,1247,5,501+,0.13,0.000502,1898,11,501+,0.1,0.068194,0.053157,0,0,0,,,
2026-05-18,2026-05-25,30057,Madison County,Montana,MT,quiet,0.0002,1248,24,501+,0.13,0.000677,1667,33,501+,0.13,0.068093,0.07097,0,0,0,,,
2026-05-18,2026-05-25,45023,Chester County,South Carolina,SC,quiet,0.0002,1249,24,501+,0.13,0.001873,944,25,501+,0.37,0.068071,0.178679,0,0,0,,0.952,2023-24
2026-05-18,2026-05-25,48119,Delta County,Texas,TX,quiet,0.000199,1250,121,501+,0.13,0.001278,1180,128,501+,0.25,0.067937,0.127948,0,0,0,,0.93846154,2023-24
2026-05-18,2026-05-25,26113,Missaukee County,Michigan,MI,quiet,0.000198,1251,46,501+,0.13,0.000897,1436,47,501+,0.18,0.067549,0.092532,0,0,0,,0.8642,2023-24
2026-05-18,2026-05-25,05091,Miller County,Arkansas,AR,quiet,0.000198,1252,12,501+,0.13,0.001141,1261,10,501+,0.22,0.067486,0.115493,0,0,0,,,
2026-05-18,2026-05-25,13313,Whitfield County,Georgia,GA,quiet,0.000198,1253,35,501+,0.13,0.001129,1271,32,501+,0.22,0.067403,0.114392,0,0,0,,,
2026-05-18,2026-05-25,40037,Creek County,Oklahoma,OK,quiet,0.000197,1254,19,501+,0.13,0.001508,1074,19,501+,0.29,0.067176,0.14825,0,0,0,,0.8257,2023-24
2026-05-18,2026-05-25,18027,Daviess County,Indiana,IN,quiet,0.000197,1255,22,501+,0.13,0.001776,969,18,501+,0.35,0.067169,0.170792,0,0,0,,,
2026-05-18,2026-05-25,17063,Grundy County,Illinois,IL,quiet,0.000197,1256,27,501+,0.13,0.001171,1246,28,501+,0.23,0.067058,0.118276,0,0,0,,,
2026-05-18,2026-05-25,13073,Columbia County,Georgia,GA,quiet,0.000195,1257,36,501+,0.13,0.000798,1536,44,501+,0.16,0.066719,0.08288,0,0,0,,,
2026-05-18,2026-05-25,32027,Pershing County,Nevada,NV,quiet,0.000195,1258,15,501+,0.13,0.001303,1167,14,501+,0.25,0.066666,0.130228,0,0,0,,0.97,2022-23
2026-05-18,2026-05-25,17157,Randolph County,Illinois,IL,quiet,0.000195,1259,28,501+,0.13,0.000726,1608,35,501+,0.14,0.066663,0.07586,0,0,0,,,
2026-05-18,2026-05-25,18105,Monroe County,Indiana,IN,quiet,0.000195,1260,23,501+,0.13,0.000566,1804,47,501+,0.11,0.066592,0.059754,0,0,0,,,
2026-05-18,2026-05-25,29143,New Madrid County,Missouri,MO,quiet,0.000194,1261,25,501+,0.13,0.005144,485,9,151–500,1.0,0.066393,0.381327,0,0,1,54,0.982,2023-24
2026-05-18,2026-05-25,55007,Bayfield County,Wisconsin,WI,quiet,0.000194,1262,34,501+,0.13,0.002604,760,15,501+,0.51,0.066339,0.233917,0,0,0,,0.672,2023-24
2026-05-18,2026-05-25,48189,Hale County,Texas,TX,quiet,0.000194,1263,122,501+,0.13,0.001921,931,90,501+,0.38,0.066283,0.182474,0,0,5,58,0.98328691,2023-24
2026-05-18,2026-05-25,48279,Lamb County,Texas,TX,quiet,0.000194,1264,123,501+,0.13,0.002335,825,79,501+,0.46,0.066209,0.214422,0,0,1,61,0.97368421,2023-24
2026-05-18,2026-05-25,23009,Hancock County,Maine,ME,quiet,0.000194,1265,8,501+,0.13,0.000928,1408,9,501+,0.18,0.06619,0.095559,0,0,0,,0.978,2023-24
2026-05-18,2026-05-25,01077,Lauderdale County,Alabama,AL,quiet,0.000193,1266,17,501+,0.13,0.000774,1558,28,501+,0.15,0.066,0.080532,0,0,0,,0.9441,2022-23
2026-05-18,2026-05-25,01083,Limestone County,Alabama,AL,quiet,0.000193,1267,18,501+,0.13,0.002633,755,9,501+,0.51,0.065997,0.235988,0,0,0,,0.9435,2022-23
2026-05-18,2026-05-25,45001,Abbeville County,South Carolina,SC,quiet,0.000193,1268,25,501+,0.13,0.001948,923,23,501+,0.38,0.06599,0.184687,0,0,0,,0.936,2023-24
2026-05-18,2026-05-25,51775,Salem City,Virginia,VA,quiet,0.000193,1269,46,501+,0.13,0.000754,1580,41,501+,0.15,0.065937,0.078585,0,0,0,,0.907,2023-24
2026-05-18,2026-05-25,48067,Cass County,Texas,TX,quiet,0.000193,1270,124,501+,0.13,0.000926,1411,149,501+,0.18,0.065916,0.095321,0,0,0,,0.95505618,2023-24
2026-05-18,2026-05-25,39075,Holmes County,Ohio,OH,quiet,0.000193,1271,37,501+,0.13,0.001054,1317,46,501+,0.21,0.065897,0.107427,0,0,1,59,,
2026-05-18,2026-05-25,48185,Grimes County,Texas,TX,quiet,0.000192,1272,125,501+,0.13,0.000574,1790,196,501+,0.11,0.065655,0.060568,0,0,0,,0.94328358,2023-24
2026-05-18,2026-05-25,48129,Donley County,Texas,TX,quiet,0.000192,1273,126,501+,0.13,0.001186,1238,133,501+,0.23,0.065514,0.119607,0,0,0,,0.97727273,2023-24
2026-05-18,2026-05-25,26145,Saginaw County,Michigan,MI,quiet,0.000192,1274,47,501+,0.13,0.000601,1756,56,501+,0.12,0.065473,0.063327,0,0,0,,0.9305,2023-24
2026-05-18,2026-05-25,05085,Lonoke County,Arkansas,AR,quiet,0.000191,1275,13,501+,0.13,0.001209,1222,9,501+,0.24,0.065455,0.121759,0,0,0,,,
2026-05-18,2026-05-25,08087,Morgan County,Colorado,CO,quiet,0.000191,1276,36,501+,0.13,0.000898,1434,42,501+,0.18,0.065403,0.092605,0,0,0,,0.9268,2023-24
2026-05-18,2026-05-25,31131,Otoe County,Nebraska,NE,quiet,0.000191,1277,15,501+,0.13,0.001233,1200,12,501+,0.24,0.0654,0.123956,0,0,0,,,
2026-05-18,2026-05-25,22087,St. Bernard Parish,Louisiana,LA,quiet,0.00019,1278,23,501+,0.13,0.000553,1828,27,501+,0.11,0.065053,0.058439,0,0,0,,0.928,2021-22
2026-05-18,2026-05-25,08119,Teller County,Colorado,CO,quiet,0.00019,1279,37,501+,0.13,0.002004,900,28,501+,0.39,0.06494,0.189124,0,0,0,,0.7829,2023-24
2026-05-18,2026-05-25,48037,Bowie County,Texas,TX,quiet,0.000189,1280,127,501+,0.13,0.001355,1148,121,501+,0.26,0.064791,0.134858,0,0,0,,0.95076675,2023-24
2026-05-18,2026-05-25,12133,Washington County,Florida,FL,quiet,0.000189,1281,50,501+,0.13,0.002034,894,41,501+,0.4,0.06477,0.191482,0,0,0,,0.921,2022-23
2026-05-18,2026-05-25,48069,Castro County,Texas,TX,quiet,0.000189,1282,128,501+,0.13,0.002911,708,64,501+,0.57,0.064737,0.255161,0,0,0,,0.99009901,2023-24
2026-05-18,2026-05-25,48419,Shelby County,Texas,TX,quiet,0.000189,1283,129,501+,0.13,0.00049,1921,207,501+,0.1,0.064643,0.051902,0,0,0,,0.94334278,2023-24
2026-05-18,2026-05-25,40045,Ellis County,Oklahoma,OK,quiet,0.000188,1284,20,501+,0.13,0.001398,1132,23,501+,0.27,0.064468,0.138651,0,0,0,,0.8929,2023-24
2026-05-18,2026-05-25,24035,Queen Anne's County,Maryland,MD,quiet,0.000188,1285,18,501+,0.13,0.000557,1822,18,501+,0.11,0.064342,0.058775,0,0,0,,0.9953,2023-24
2026-05-18,2026-05-25,26089,Leelanau County,Michigan,MI,quiet,0.000188,1286,48,501+,0.13,0.000481,1934,58,501+,0.09,0.064293,0.05098,0,0,0,,0.92,2023-24
2026-05-18,2026-05-25,47177,Warren County,Tennessee,TN,quiet,0.000188,1287,25,501+,0.13,0.001019,1342,32,501+,0.2,0.064254,0.104179,0,0,0,,0.954,2023-24
2026-05-18,2026-05-25,36083,Rensselaer County,New York,NY,quiet,0.000188,1288,30,501+,0.13,0.001102,1292,30,501+,0.22,0.064246,0.11195,0,0,0,,0.99707692,2022-23
2026-05-18,2026-05-25,06021,Glenn County,California,CA,quiet,0.000187,1289,52,501+,0.13,0.000475,1944,55,501+,0.09,0.064105,0.050404,0,0,0,,0.80806,2023-24
2026-05-18,2026-05-25,27165,Watonwan County,Minnesota,MN,quiet,0.000187,1290,56,501+,0.13,0.001166,1248,54,501+,0.23,0.063985,0.117847,0,0,0,,0.94,2023-24
2026-05-18,2026-05-25,46057,Hamlin County,South Dakota,SD,quiet,0.000187,1291,21,501+,0.12,0.00137,1143,16,501+,0.27,0.063905,0.136179,0,0,0,,0.82,2023-24
2026-05-18,2026-05-25,34033,Salem County,New Jersey,NJ,quiet,0.000186,1292,21,501+,0.12,0.000776,1554,21,501+,0.15,0.063818,0.080784,0,0,0,,0.954,2023-24
2026-05-18,2026-05-25,21179,Nelson County,Kentucky,KY,quiet,0.000186,1293,17,501+,0.12,0.00113,1269,21,501+,0.22,0.063698,0.11453,0,0,0,,0.91,2022-23
2026-05-18,2026-05-25,28121,Rankin County,Mississippi,MS,quiet,0.000186,1294,10,501+,0.12,0.000676,1670,13,501+,0.13,0.063561,0.070827,0,0,0,,,
2026-05-18,2026-05-25,47121,Meigs County,Tennessee,TN,quiet,0.000185,1295,26,501+,0.12,0.000729,1605,41,501+,0.14,0.063455,0.076165,0,0,0,,0.944,2023-24
2026-05-18,2026-05-25,55045,Green County,Wisconsin,WI,quiet,0.000185,1296,35,501+,0.12,0.001564,1056,30,501+,0.31,0.063422,0.153027,0,0,0,,0.767,2023-24
2026-05-18,2026-05-25,31043,Dakota County,Nebraska,NE,quiet,0.000185,1297,16,501+,0.12,0.000941,1398,19,501+,0.18,0.063292,0.096733,0,0,0,,,
2026-05-18,2026-05-25,31113,Logan County,Nebraska,NE,quiet,0.000185,1298,17,501+,0.12,0.001095,1298,16,501+,0.21,0.063259,0.111269,0,0,0,,,
2026-05-18,2026-05-25,26029,Charlevoix County,Michigan,MI,quiet,0.000185,1299,49,501+,0.12,0.000737,1599,52,501+,0.14,0.063254,0.07689,0,0,0,,0.9076,2023-24
2026-05-18,2026-05-25,16071,Oneida County,Idaho,ID,quiet,0.000184,1300,34,501+,0.12,0.000872,1459,37,501+,0.17,0.063145,0.090131,0,0,0,,,
2026-05-18,2026-05-25,27117,Pipestone County,Minnesota,MN,quiet,0.000184,1301,57,501+,0.12,0.001138,1265,55,501+,0.22,0.063007,0.115216,0,0,0,,0.922,2023-24
2026-05-18,2026-05-25,26023,Branch County,Michigan,MI,quiet,0.000183,1302,50,501+,0.12,0.001522,1071,33,501+,0.3,0.06288,0.149436,0,0,0,,0.8852,2023-24
2026-05-18,2026-05-25,37155,Robeson County,North Carolina,NC,quiet,0.000182,1303,45,501+,0.12,0.002004,901,39,501+,0.39,0.0625,0.189118,0,0,0,,0.9564981,2022-23
2026-05-18,2026-05-25,40125,Pottawatomie County,Oklahoma,OK,quiet,0.000182,1304,21,501+,0.12,0.002056,892,12,501+,0.4,0.062469,0.193157,0,0,0,,0.9133,2023-24
2026-05-18,2026-05-25,20075,Hamilton County,Kansas,KS,quiet,0.000181,1305,24,501+,0.12,0.000922,1417,31,501+,0.18,0.062236,0.094898,0,0,0,,0.96,2023-24
2026-05-18,2026-05-25,21209,Scott County,Kentucky,KY,quiet,0.000181,1306,18,501+,0.12,0.001068,1309,22,501+,0.21,0.062061,0.108792,0,0,0,,0.926,2022-23
2026-05-18,2026-05-25,48077,Clay County,Texas,TX,quiet,0.000181,1307,130,501+,0.12,0.002358,822,77,501+,0.46,0.062048,0.216104,0,0,0,,0.91176471,2023-24
2026-05-18,2026-05-25,35028,Los Alamos County,New Mexico,NM,quiet,0.000181,1308,16,501+,0.12,0.001242,1194,19,501+,0.24,0.062001,0.124765,0,0,0,,,
2026-05-18,2026-05-25,01021,Chilton County,Alabama,AL,quiet,0.00018,1309,19,501+,0.12,0.001054,1318,22,501+,0.21,0.061903,0.107405,0,0,0,,0.9291,2022-23
2026-05-18,2026-05-25,20019,Chautauqua County,Kansas,KS,quiet,0.00018,1310,25,501+,0.12,0.000713,1620,46,501+,0.14,0.061782,0.074504,0,0,0,,0.73,2023-24
2026-05-18,2026-05-25,23027,Waldo County,Maine,ME,quiet,0.00018,1311,9,501+,0.12,0.000819,1517,11,501+,0.16,0.061712,0.084967,0,0,0,,0.9607,2023-24
2026-05-18,2026-05-25,51199,York County,Virginia,VA,quiet,0.000179,1312,47,501+,0.12,0.000827,1510,39,501+,0.16,0.061635,0.085712,0,0,0,,0.928,2023-24
2026-05-18,2026-05-25,23025,Somerset County,Maine,ME,quiet,0.000179,1313,10,501+,0.12,0.000276,2368,16,501+,0.05,0.061621,0.029482,0,0,0,,0.9857,2023-24
2026-05-18,2026-05-25,31079,Hall County,Nebraska,NE,quiet,0.000179,1314,18,501+,0.12,0.001451,1103,10,501+,0.28,0.06162,0.143276,0,0,0,,,
2026-05-18,2026-05-25,22097,St. Landry Parish,Louisiana,LA,quiet,0.000179,1315,24,501+,0.12,0.000528,1858,28,501+,0.1,0.061565,0.055862,0,0,0,,0.896,2021-22
2026-05-18,2026-05-25,39055,Geauga County,Ohio,OH,quiet,0.000179,1316,38,501+,0.12,0.002322,827,25,501+,0.45,0.061513,0.21346,0,0,0,,,
2026-05-18,2026-05-25,48223,Hopkins County,Texas,TX,quiet,0.000179,1317,131,501+,0.12,0.00073,1604,179,501+,0.14,0.061476,0.076257,0,0,0,,0.95022624,2023-24
2026-05-18,2026-05-25,13031,Bulloch County,Georgia,GA,quiet,0.000177,1318,37,501+,0.12,0.001139,1263,31,501+,0.22,0.060974,0.115382,0,0,0,,,
2026-05-18,2026-05-25,48471,Walker County,Texas,TX,quiet,0.000177,1319,132,501+,0.12,0.000767,1562,175,501+,0.15,0.060732,0.079911,0,0,0,,0.91233766,2023-24
2026-05-18,2026-05-25,13223,Paulding County,Georgia,GA,quiet,0.000177,1320,38,501+,0.12,0.0008,1535,43,501+,0.16,0.060728,0.083093,0,0,0,,,
2026-05-18,2026-05-25,41031,Jefferson County,Oregon,OR,quiet,0.000177,1321,26,501+,0.12,0.002521,774,20,501+,0.49,0.060726,0.228017,0,0,0,,0.929,2023-24
2026-05-18,2026-05-25,55033,Dunn County,Wisconsin,WI,quiet,0.000176,1322,36,501+,0.12,0.000591,1768,44,501+,0.12,0.060577,0.062216,0,0,0,,0.759,2023-24
2026-05-18,2026-05-25,55041,Forest County,Wisconsin,WI,quiet,0.000176,1323,37,501+,0.12,0.001902,939,24,501+,0.37,0.060469,0.180987,0,0,0,,0.778,2023-24
2026-05-18,2026-05-25,18145,Shelby County,Indiana,IN,quiet,0.000175,1324,24,501+,0.12,0.002376,817,14,501+,0.46,0.060301,0.217436,0,0,0,,,
2026-05-18,2026-05-25,51001,Accomack County,Virginia,VA,quiet,0.000175,1325,48,501+,0.12,0.000315,2272,78,501+,0.06,0.060291,0.033555,0,0,0,,0.885,2023-24
2026-05-18,2026-05-25,47147,Robertson County,Tennessee,TN,quiet,0.000175,1326,27,501+,0.12,0.001783,965,21,501+,0.35,0.060209,0.171356,0,0,0,,0.951,2023-24
2026-05-18,2026-05-25,26013,Baraga County,Michigan,MI,quiet,0.000175,1327,51,501+,0.12,0.000876,1453,48,501+,0.17,0.060174,0.090478,0,0,0,,0.9125,2023-24
2026-05-18,2026-05-25,37191,Wayne County,North Carolina,NC,quiet,0.000175,1328,46,501+,0.12,0.001402,1130,46,501+,0.27,0.060165,0.138995,0,0,0,,0.95899054,2022-23
2026-05-18,2026-05-25,51047,Culpeper County,Virginia,VA,quiet,0.000175,1329,49,501+,0.12,0.001127,1272,30,501+,0.22,0.060089,0.11423,0,0,0,,0.904,2023-24
2026-05-18,2026-05-25,48205,Hartley County,Texas,TX,quiet,0.000174,1330,133,501+,0.12,0.001346,1153,124,501+,0.26,0.059994,0.134086,0,0,0,,0.83333333,2023-24
2026-05-18,2026-05-25,28073,Lamar County,Mississippi,MS,quiet,0.000174,1331,11,501+,0.12,0.000792,1540,11,501+,0.15,0.059972,0.082351,0,0,0,,,
2026-05-18,2026-05-25,12125,Union County,Florida,FL,quiet,0.000173,1332,51,501+,0.12,0.000635,1720,57,501+,0.12,0.059596,0.0667,0,0,0,,0.961,2022-23
2026-05-18,2026-05-25,48285,Lavaca County,Texas,TX,quiet,0.000172,1333,134,501+,0.12,0.000436,2011,218,501+,0.09,0.059264,0.046354,0,0,0,,0.92463768,2023-24
2026-05-18,2026-05-25,08071,Las Animas County,Colorado,CO,quiet,0.000172,1334,38,501+,0.11,0.000315,2270,52,501+,0.06,0.05918,0.033642,0,0,0,,0.882,2023-24
2026-05-18,2026-05-25,35027,Lincoln County,New Mexico,NM,quiet,0.000172,1335,17,501+,0.11,0.00186,948,15,501+,0.36,0.059086,0.177629,0,0,0,,,
2026-05-18,2026-05-25,53059,Skamania County,Washington,WA,quiet,0.000171,1336,32,501+,0.11,0.001556,1059,30,501+,0.3,0.058972,0.15232,0,0,0,,0.85263158,2023-24
2026-05-18,2026-05-25,46111,Sanborn County,South Dakota,SD,quiet,0.000171,1337,22,501+,0.11,0.000342,2212,48,501+,0.07,0.058824,0.036509,0,0,0,,0.66,2023-24
2026-05-18,2026-05-25,51610,Falls Church City,Virginia,VA,quiet,0.000171,1338,50,501+,0.11,0.000586,1774,52,501+,0.11,0.05875,0.061709,0,0,0,,0.938,2023-24
2026-05-18,2026-05-25,22057,Lafourche Parish,Louisiana,LA,quiet,0.00017,1339,25,501+,0.11,0.001311,1161,15,501+,0.26,0.058719,0.130949,0,0,0,,0.933,2021-22
2026-05-18,2026-05-25,48111,Dallam County,Texas,TX,quiet,0.00017,1340,135,501+,0.11,0.002485,784,71,501+,0.49,0.05871,0.225436,0,0,7,61,0.95266272,2023-24
2026-05-18,2026-05-25,47141,Putnam County,Tennessee,TN,quiet,0.00017,1341,28,501+,0.11,0.00212,877,19,501+,0.41,0.058672,0.198119,0,0,0,,0.939,2023-24
2026-05-18,2026-05-25,46053,Gregory County,South Dakota,SD,quiet,0.00017,1342,23,501+,0.11,0.000911,1425,22,501+,0.18,0.058465,0.093897,0,0,0,,0.78,2023-24
2026-05-18,2026-05-25,41063,Wallowa County,Oregon,OR,quiet,0.00017,1343,27,501+,0.11,0.000913,1423,28,501+,0.18,0.058456,0.094064,0,0,0,,0.908,2023-24
2026-05-18,2026-05-25,39097,Madison County,Ohio,OH,quiet,0.00017,1344,39,501+,0.11,0.002315,830,26,501+,0.45,0.058429,0.212937,0,0,0,,,
2026-05-18,2026-05-25,48315,Marion County,Texas,TX,quiet,0.000169,1345,136,501+,0.11,0.000759,1572,177,501+,0.15,0.058357,0.079046,0,0,0,,0.98412698,2023-24
2026-05-18,2026-05-25,40007,Beaver County,Oklahoma,OK,quiet,0.000169,1346,22,501+,0.11,0.001541,1063,18,501+,0.3,0.058286,0.151071,0,0,0,,0.8889,2023-24
2026-05-18,2026-05-25,40023,Choctaw County,Oklahoma,OK,quiet,0.000169,1347,23,501+,0.11,0.000451,1986,55,501+,0.09,0.05815,0.047829,0,0,0,,0.8271,2023-24
2026-05-18,2026-05-25,51031,Campbell County,Virginia,VA,quiet,0.000168,1348,51,501+,0.11,0.000705,1628,43,501+,0.14,0.058083,0.073753,0,0,0,,0.8,2023-24
2026-05-18,2026-05-25,46135,Yankton County,South Dakota,SD,quiet,0.000168,1349,24,501+,0.11,0.001005,1346,21,501+,0.2,0.058069,0.102868,0,0,0,,0.97,2023-24
2026-05-18,2026-05-25,18053,Grant County,Indiana,IN,quiet,0.000168,1350,25,501+,0.11,0.001289,1174,24,501+,0.25,0.058058,0.128934,0,0,0,,,
2026-05-18,2026-05-25,23023,Sagadahoc County,Maine,ME,quiet,0.000168,1351,11,501+,0.11,0.000839,1496,10,501+,0.16,0.058041,0.086949,0,0,0,,0.9866,2023-24
2026-05-18,2026-05-25,22113,Vermilion Parish,Louisiana,LA,quiet,0.000168,1352,26,501+,0.11,0.000498,1907,30,501+,0.1,0.05792,0.052768,0,0,0,,0.962,2021-22
2026-05-18,2026-05-25,48357,Ochiltree County,Texas,TX,quiet,0.000167,1353,137,501+,0.11,0.002023,896,86,501+,0.4,0.057711,0.190564,0,0,0,,0.97297297,2023-24
2026-05-18,2026-05-25,36089,St. Lawrence County,New York,NY,quiet,0.000167,1354,31,501+,0.11,0.000851,1483,33,501+,0.17,0.057704,0.088117,0,0,0,,0.99793421,2022-23
2026-05-18,2026-05-25,40149,Washita County,Oklahoma,OK,quiet,0.000167,1355,24,501+,0.11,0.000802,1533,34,501+,0.16,0.057608,0.083288,0,0,0,,0.9083,2023-24
2026-05-18,2026-05-25,26041,Delta County,Michigan,MI,quiet,0.000167,1356,52,501+,0.11,0.002073,888,28,501+,0.4,0.057563,0.194492,0,0,0,,0.9171,2023-24
2026-05-18,2026-05-25,54055,Mercer County,West Virginia,WV,quiet,0.000166,1357,6,501+,0.11,0.000956,1384,6,501+,0.19,0.057414,0.098206,0,0,0,,,
2026-05-18,2026-05-25,17081,Jefferson County,Illinois,IL,quiet,0.000166,1358,29,501+,0.11,0.001022,1338,30,501+,0.2,0.057249,0.104419,0,0,0,,,
2026-05-18,2026-05-25,55003,Ashland County,Wisconsin,WI,quiet,0.000166,1359,38,501+,0.11,0.000485,1931,47,501+,0.09,0.057245,0.051432,0,0,0,,0.737,2023-24
2026-05-18,2026-05-25,29225,Webster County,Missouri,MO,quiet,0.000166,1360,26,501+,0.11,0.001453,1101,28,501+,0.28,0.057244,0.143445,0,0,0,,0.939,2023-24
2026-05-18,2026-05-25,36007,Broome County,New York,NY,quiet,0.000166,1361,32,501+,0.11,0.00082,1515,36,501+,0.16,0.057152,0.085124,0,0,0,,0.99639744,2022-23
2026-05-18,2026-05-25,39169,Wayne County,Ohio,OH,quiet,0.000165,1362,40,501+,0.11,0.002974,694,17,501+,0.58,0.05706,0.25938,0,0,0,,,
2026-05-18,2026-05-25,37127,Nash County,North Carolina,NC,quiet,0.000165,1363,47,501+,0.11,0.002404,807,33,501+,0.47,0.05697,0.219502,0,0,1,16,0.9031171,2022-23
2026-05-18,2026-05-25,22047,Iberville Parish,Louisiana,LA,quiet,0.000165,1364,27,501+,0.11,0.000279,2360,44,501+,0.05,0.056937,0.029762,0,0,0,,0.97,2021-22
2026-05-18,2026-05-25,39051,Fulton County,Ohio,OH,quiet,0.000165,1365,41,501+,0.11,0.001621,1036,33,501+,0.32,0.056902,0.157829,0,0,0,,,
2026-05-18,2026-05-25,21049,Clark County,Kentucky,KY,quiet,0.000165,1366,19,501+,0.11,0.002259,846,14,501+,0.44,0.056812,0.208728,0,0,0,,0.976,2022-23
2026-05-18,2026-05-25,27071,Koochiching County,Minnesota,MN,quiet,0.000164,1367,58,501+,0.11,0.000994,1352,58,501+,0.19,0.056748,0.101828,0,0,0,,0.907,2023-24
2026-05-18,2026-05-25,13125,Glascock County,Georgia,GA,quiet,0.000163,1368,39,501+,0.11,0.000993,1354,35,501+,0.19,0.056359,0.101671,0,0,0,,,
2026-05-18,2026-05-25,45087,Union County,South Carolina,SC,quiet,0.000163,1369,26,501+,0.11,0.00218,861,22,501+,0.43,0.056356,0.202718,0,0,0,,0.978,2023-24
2026-05-18,2026-05-25,27059,Isanti County,Minnesota,MN,quiet,0.000163,1370,59,501+,0.11,0.001306,1165,53,501+,0.26,0.056353,0.13047,0,0,0,,0.876,2023-24
2026-05-18,2026-05-25,29109,Lawrence County,Missouri,MO,quiet,0.000163,1371,27,501+,0.11,0.000833,1500,48,501+,0.16,0.056318,0.086352,0,0,0,,0.829,2023-24
2026-05-18,2026-05-25,29043,Christian County,Missouri,MO,quiet,0.000162,1372,28,501+,0.11,0.001247,1192,32,501+,0.24,0.056026,0.125219,0,0,0,,0.788,2023-24
2026-05-18,2026-05-25,20165,Rush County,Kansas,KS,quiet,0.000162,1373,26,501+,0.11,0.001187,1237,22,501+,0.23,0.055999,0.11976,0,0,0,,0.95,2023-24
2026-05-18,2026-05-25,40003,Alfalfa County,Oklahoma,OK,quiet,0.000162,1374,25,501+,0.11,0.001051,1321,28,501+,0.21,0.055888,0.107155,0,0,0,,0.8596,2023-24
2026-05-18,2026-05-25,36051,Livingston County,New York,NY,quiet,0.000161,1375,33,501+,0.11,0.001301,1168,27,501+,0.25,0.055603,0.130039,0,0,0,,0.99675,2022-23
2026-05-18,2026-05-25,45029,Colleton County,South Carolina,SC,quiet,0.000161,1376,27,501+,0.11,0.001293,1172,28,501+,0.25,0.055529,0.129319,0,0,0,,0.963,2023-24
2026-05-18,2026-05-25,55093,Pierce County,Wisconsin,WI,quiet,0.00016,1377,39,501+,0.11,0.001371,1141,33,501+,0.27,0.055462,0.136256,0,0,0,,0.71,2023-24
2026-05-18,2026-05-25,54057,Mineral County,West Virginia,WV,quiet,0.00016,1378,7,501+,0.11,0.000455,1976,12,501+,0.09,0.055364,0.048311,0,0,0,,,
2026-05-18,2026-05-25,12049,Hardee County,Florida,FL,quiet,0.00016,1379,52,501+,0.11,0.001709,1004,44,501+,0.33,0.055295,0.165206,0,0,0,,0.962,2022-23
2026-05-18,2026-05-25,48401,Rusk County,Texas,TX,quiet,0.00016,1380,138,501+,0.11,0.001172,1245,134,501+,0.23,0.055249,0.118351,0,0,0,,0.92528736,2023-24
2026-05-18,2026-05-25,12041,Gilchrist County,Florida,FL,quiet,0.00016,1381,53,501+,0.11,0.000686,1653,55,501+,0.13,0.055247,0.071801,0,0,0,,0.912,2022-23
2026-05-18,2026-05-25,02275,Wrangell City and Borough,Alaska,AK,quiet,0.00016,1382,12,501+,0.11,0.000454,1978,18,501+,0.09,0.055189,0.048144,0,0,0,,,
2026-05-18,2026-05-25,20071,Greeley County,Kansas,KS,quiet,0.000159,1383,27,501+,0.11,0.000458,1967,68,501+,0.09,0.055171,0.048616,0,0,0,,0.84,2023-24
2026-05-18,2026-05-25,38013,Burke County,North Dakota,ND,quiet,0.000159,1384,33,501+,0.11,0.003589,613,19,501+,0.7,0.055045,0.298284,0,0,1,51,0.8182,2023-24
2026-05-18,2026-05-25,08081,Moffat County,Colorado,CO,quiet,0.000159,1385,39,501+,0.11,0.001214,1218,37,501+,0.24,0.055025,0.122208,0,0,0,,0.942,2023-24
2026-05-18,2026-05-25,40077,Latimer County,Oklahoma,OK,quiet,0.000159,1386,26,501+,0.11,0.000858,1474,32,501+,0.17,0.055009,0.088785,0,0,0,,0.9205,2023-24
2026-05-18,2026-05-25,37175,Transylvania County,North Carolina,NC,quiet,0.000159,1387,48,501+,0.11,0.00083,1506,62,501+,0.16,0.054962,0.086093,0,0,0,,0.92334495,2022-23
2026-05-18,2026-05-25,45047,Greenwood County,South Carolina,SC,quiet,0.000159,1388,28,501+,0.11,0.001623,1035,26,501+,0.32,0.054938,0.158019,0,0,0,,0.964,2023-24
2026-05-18,2026-05-25,20127,Morris County,Kansas,KS,quiet,0.000159,1389,28,501+,0.11,0.000981,1362,30,501+,0.19,0.054937,0.100579,0,0,0,,0.89,2023-24
2026-05-18,2026-05-25,24009,Calvert County,Maryland,MD,quiet,0.000158,1390,19,501+,0.11,0.000372,2158,19,501+,0.07,0.054838,0.039627,0,0,0,,0.9991,2023-24
2026-05-18,2026-05-25,12029,Dixie County,Florida,FL,quiet,0.000158,1391,54,501+,0.11,0.001223,1207,52,501+,0.24,0.054704,0.122995,0,0,0,,0.98,2022-23
2026-05-18,2026-05-25,22045,Iberia Parish,Louisiana,LA,quiet,0.000158,1392,28,501+,0.11,0.000478,1938,32,501+,0.09,0.054615,0.050634,0,0,0,,0.949,2021-22
2026-05-18,2026-05-25,17095,Knox County,Illinois,IL,quiet,0.000158,1393,30,501+,0.11,0.000581,1783,42,501+,0.11,0.05458,0.061256,0,0,0,,,
2026-05-18,2026-05-25,38033,Golden Valley County,North Dakota,ND,quiet,0.000158,1394,34,501+,0.11,0.000513,1881,36,501+,0.1,0.054547,0.054299,0,0,0,,0.875,2023-24
2026-05-18,2026-05-25,48033,Borden County,Texas,TX,quiet,0.000157,1395,139,501+,0.11,0.000826,1511,169,501+,0.16,0.054501,0.085695,0,0,1,58,0.94444444,2023-24
2026-05-18,2026-05-25,48331,Milam County,Texas,TX,quiet,0.000157,1396,140,501+,0.11,0.000537,1843,201,501+,0.1,0.054498,0.056731,0,0,0,,0.94909091,2023-24
2026-05-18,2026-05-25,16063,Lincoln County,Idaho,ID,quiet,0.000156,1397,35,501+,0.1,0.001296,1170,29,501+,0.25,0.054101,0.129639,0,0,0,,,
2026-05-18,2026-05-25,02282,Yakutat City and Borough,Alaska,AK,quiet,0.000156,1398,13,501+,0.1,0.000453,1981,19,501+,0.09,0.054057,0.048098,0,0,0,,,
2026-05-18,2026-05-25,31047,Dawson County,Nebraska,NE,quiet,0.000156,1399,19,501+,0.1,0.000778,1552,24,501+,0.15,0.053996,0.080985,0,0,0,,,
2026-05-18,2026-05-25,48073,Cherokee County,Texas,TX,quiet,0.000156,1400,141,501+,0.1,0.000395,2095,225,501+,0.08,0.05389,0.041989,0,0,0,,0.97368421,2023-24
2026-05-18,2026-05-25,20093,Kearny County,Kansas,KS,quiet,0.000155,1401,29,501+,0.1,0.000785,1548,40,501+,0.15,0.053838,0.081639,0,0,0,,0.98,2023-24
2026-05-18,2026-05-25,51007,Amelia County,Virginia,VA,quiet,0.000155,1402,52,501+,0.1,0.000415,2052,66,501+,0.08,0.05382,0.044108,0,0,0,,0.932,2023-24
2026-05-18,2026-05-25,48475,Ward County,Texas,TX,quiet,0.000155,1403,142,501+,0.1,0.001351,1150,122,501+,0.26,0.053802,0.134518,0,0,0,,0.93782383,2023-24
2026-05-18,2026-05-25,20079,Harvey County,Kansas,KS,quiet,0.000155,1404,30,501+,0.1,0.001492,1082,20,501+,0.29,0.053792,0.146874,0,0,0,,0.94,2023-24
2026-05-18,2026-05-25,16035,Clearwater County,Idaho,ID,quiet,0.000155,1405,36,501+,0.1,0.001139,1264,32,501+,0.22,0.053687,0.115296,0,0,0,,,
2026-05-18,2026-05-25,49055,Wayne County,Utah,UT,quiet,0.000154,1406,25,501+,0.1,0.000529,1857,25,501+,0.1,0.053535,0.055944,0,0,0,,0.917,2022-23
2026-05-18,2026-05-25,48239,Jackson County,Texas,TX,quiet,0.000154,1407,143,501+,0.1,0.000636,1718,191,501+,0.12,0.053532,0.066804,0,0,0,,0.98770492,2023-24
2026-05-18,2026-05-25,48211,Hemphill County,Texas,TX,quiet,0.000154,1408,144,501+,0.1,0.001597,1044,108,501+,0.31,0.053488,0.155825,0,0,0,,0.94339623,2023-24
2026-05-18,2026-05-25,29067,Douglas County,Missouri,MO,quiet,0.000154,1409,29,501+,0.1,0.000457,1971,66,501+,0.09,0.053443,0.048534,0,0,0,,0.675,2023-24
2026-05-18,2026-05-25,01109,Pike County,Alabama,AL,quiet,0.000154,1410,20,501+,0.1,0.000309,2285,42,501+,0.06,0.053393,0.033017,0,0,0,,0.9511,2022-23
2026-05-18,2026-05-25,48049,Brown County,Texas,TX,quiet,0.000154,1411,145,501+,0.1,0.001976,909,88,501+,0.39,0.053347,0.186867,0,0,1,59,0.93636364,2023-24
2026-05-18,2026-05-25,13215,Muscogee County,Georgia,GA,quiet,0.000154,1412,40,501+,0.1,0.000755,1576,46,501+,0.15,0.053337,0.078652,0,0,0,,,
2026-05-18,2026-05-25,54077,Preston County,West Virginia,WV,quiet,0.000154,1413,8,501+,0.1,0.000816,1521,7,501+,0.16,0.05327,0.084655,0,0,0,,,
2026-05-18,2026-05-25,12121,Suwannee County,Florida,FL,quiet,0.000153,1414,55,501+,0.1,0.000738,1596,54,501+,0.14,0.053205,0.076988,0,0,0,,0.928,2022-23
2026-05-18,2026-05-25,29027,Callaway County,Missouri,MO,quiet,0.000153,1415,30,501+,0.1,0.001287,1176,31,501+,0.25,0.053176,0.128799,0,0,0,,0.911,2023-24
2026-05-18,2026-05-25,36011,Cayuga County,New York,NY,quiet,0.000153,1416,34,501+,0.1,0.000845,1492,35,501+,0.17,0.053133,0.087544,0,0,0,,0.98862162,2022-23
2026-05-18,2026-05-25,36043,Herkimer County,New York,NY,quiet,0.000153,1417,35,501+,0.1,0.001188,1236,28,501+,0.23,0.053108,0.119795,0,0,0,,0.99233333,2022-23
2026-05-18,2026-05-25,12129,Wakulla County,Florida,FL,quiet,0.000153,1418,56,501+,0.1,0.00149,1085,48,501+,0.29,0.05298,0.146647,0,0,0,,0.865,2022-23
2026-05-18,2026-05-25,47145,Roane County,Tennessee,TN,quiet,0.000153,1419,29,501+,0.1,0.001525,1069,24,501+,0.3,0.052971,0.149655,0,0,0,,0.959,2023-24
2026-05-18,2026-05-25,40087,McClain County,Oklahoma,OK,quiet,0.000153,1420,27,501+,0.1,0.001613,1039,17,501+,0.31,0.052957,0.157164,0,0,0,,0.8762,2023-24
2026-05-18,2026-05-25,20137,Norton County,Kansas,KS,quiet,0.000153,1421,31,501+,0.1,0.000519,1868,62,501+,0.1,0.052955,0.054944,0,0,0,,0.99,2023-24
2026-05-18,2026-05-25,50003,Bennington County,Vermont,VT,quiet,0.000153,1422,9,501+,0.1,0.000548,1834,9,501+,0.11,0.052924,0.057833,0,0,0,,0.91,2023-24
2026-05-18,2026-05-25,08125,Yuma County,Colorado,CO,quiet,0.000153,1423,40,501+,0.1,0.001214,1217,36,501+,0.24,0.052917,0.122248,0,0,0,,0.9435,2023-24
2026-05-18,2026-05-25,39109,Miami County,Ohio,OH,quiet,0.000152,1424,42,501+,0.1,0.000959,1381,48,501+,0.19,0.052889,0.098519,0,0,0,,,
2026-05-18,2026-05-25,40103,Noble County,Oklahoma,OK,quiet,0.000152,1425,28,501+,0.1,0.000582,1781,43,501+,0.11,0.052868,0.061312,0,0,0,,0.752,2023-24
2026-05-18,2026-05-25,51171,Shenandoah County,Virginia,VA,quiet,0.000152,1426,53,501+,0.1,0.000679,1662,45,501+,0.13,0.052778,0.071097,0,0,0,,0.943,2023-24
2026-05-18,2026-05-25,18005,Bartholomew County,Indiana,IN,quiet,0.000152,1427,26,501+,0.1,0.001241,1197,25,501+,0.24,0.052594,0.124651,0,0,0,,,
2026-05-18,2026-05-25,55125,Vilas County,Wisconsin,WI,quiet,0.000151,1428,40,501+,0.1,0.000688,1648,42,501+,0.13,0.052572,0.072035,0,0,0,,0.732,2023-24
2026-05-18,2026-05-25,51145,Powhatan County,Virginia,VA,quiet,0.000151,1429,54,501+,0.1,0.000386,2121,71,501+,0.08,0.052519,0.04111,0,0,0,,0.913,2023-24
2026-05-18,2026-05-25,46033,Custer County,South Dakota,SD,quiet,0.000151,1430,25,501+,0.1,0.000585,1775,38,501+,0.11,0.052341,0.06168,0,0,0,,0.86,2023-24
2026-05-18,2026-05-25,19147,Palo Alto County,Iowa,IA,quiet,0.000151,1431,19,501+,0.1,0.000691,1645,25,501+,0.14,0.05228,0.072366,0,0,0,,0.93103448,2023-24
2026-05-18,2026-05-25,48323,Maverick County,Texas,TX,quiet,0.000151,1432,146,501+,0.1,0.001113,1282,137,501+,0.22,0.052267,0.112946,0,0,0,,0.96300103,2023-24
2026-05-18,2026-05-25,47003,Bedford County,Tennessee,TN,quiet,0.00015,1433,30,501+,0.1,0.001072,1308,31,501+,0.21,0.052246,0.109153,0,0,0,,0.968,2023-24
2026-05-18,2026-05-25,41023,Grant County,Oregon,OR,quiet,0.00015,1434,28,501+,0.1,0.001421,1116,24,501+,0.28,0.052236,0.140668,0,0,0,,0.859,2023-24
2026-05-18,2026-05-25,40071,Kay County,Oklahoma,OK,quiet,0.00015,1435,29,501+,0.1,0.000726,1610,35,501+,0.14,0.052158,0.07582,0,0,0,,0.9742,2023-24
2026-05-18,2026-05-25,38031,Foster County,North Dakota,ND,quiet,0.00015,1436,35,501+,0.1,0.000243,2453,41,501+,0.05,0.052156,0.025909,0,0,0,,0.9773,2023-24
2026-05-18,2026-05-25,30085,Roosevelt County,Montana,MT,quiet,0.00015,1437,25,501+,0.1,0.001464,1098,16,501+,0.29,0.052105,0.144394,0,0,0,,,
2026-05-18,2026-05-25,20191,Sumner County,Kansas,KS,quiet,0.00015,1438,32,501+,0.1,0.000771,1560,42,501+,0.15,0.052082,0.080224,0,0,0,,0.95,2023-24
2026-05-18,2026-05-25,45037,Edgefield County,South Carolina,SC,quiet,0.00015,1439,29,501+,0.1,0.000874,1456,32,501+,0.17,0.052057,0.090316,0,0,0,,0.966,2023-24
2026-05-18,2026-05-25,48117,Deaf Smith County,Texas,TX,quiet,0.00015,1440,147,501+,0.1,0.002227,853,83,501+,0.43,0.052053,0.206314,0,0,0,,0.98381877,2023-24
2026-05-18,2026-05-25,48103,Crane County,Texas,TX,quiet,0.00015,1441,148,501+,0.1,0.001658,1025,106,501+,0.32,0.051946,0.161003,0,0,0,,0.93181818,2022-23
2026-05-18,2026-05-25,48287,Lee County,Texas,TX,quiet,0.000149,1442,149,501+,0.1,0.000521,1864,202,501+,0.1,0.051888,0.055109,0,0,0,,0.95982143,2023-24
2026-05-18,2026-05-25,02130,Ketchikan Gateway Borough,Alaska,AK,quiet,0.000149,1443,14,501+,0.1,0.000989,1358,11,501+,0.19,0.051781,0.101327,0,0,0,,,
2026-05-18,2026-05-25,18059,Hancock County,Indiana,IN,quiet,0.000148,1444,27,501+,0.1,0.001688,1010,21,501+,0.33,0.051566,0.163486,0,0,0,,,
2026-05-18,2026-05-25,06043,Mariposa County,California,CA,quiet,0.000148,1445,53,501+,0.1,0.000546,1837,54,501+,0.11,0.051547,0.057652,0,0,0,,0.96667,2023-24
2026-05-18,2026-05-25,48431,Sterling County,Texas,TX,quiet,0.000148,1446,150,501+,0.1,0.000652,1700,190,501+,0.13,0.051495,0.068454,0,0,0,,0.76470588,2023-24
2026-05-18,2026-05-25,48009,Archer County,Texas,TX,quiet,0.000148,1447,151,501+,0.1,0.001677,1019,103,501+,0.33,0.051393,0.162566,0,0,0,,0.95384615,2023-24
2026-05-18,2026-05-25,26165,Wexford County,Michigan,MI,quiet,0.000147,1448,53,501+,0.1,0.000929,1407,45,501+,0.18,0.051219,0.095622,0,0,0,,0.8526,2023-24
2026-05-18,2026-05-25,45039,Fairfield County,South Carolina,SC,quiet,0.000147,1449,30,501+,0.1,0.00114,1262,30,501+,0.22,0.051183,0.115446,0,0,0,,0.897,2023-24
2026-05-18,2026-05-25,45043,Georgetown County,South Carolina,SC,quiet,0.000147,1450,31,501+,0.1,0.001161,1250,29,501+,0.23,0.05105,0.117335,0,0,0,,0.958,2023-24
2026-05-18,2026-05-25,46061,Hanson County,South Dakota,SD,quiet,0.000147,1451,26,501+,0.1,0.000642,1713,32,501+,0.13,0.050986,0.067413,0,0,0,,0.79,2023-24
2026-05-18,2026-05-25,20175,Seward County,Kansas,KS,quiet,0.000147,1452,33,501+,0.1,0.002093,883,14,501+,0.41,0.050986,0.196027,0,0,0,,0.94,2023-24
2026-05-18,2026-05-25,39023,Clark County,Ohio,OH,quiet,0.000146,1453,43,501+,0.1,0.001124,1273,44,501+,0.22,0.050936,0.113959,0,0,0,,,
2026-05-18,2026-05-25,17011,Bureau County,Illinois,IL,quiet,0.000146,1454,31,501+,0.1,0.000501,1901,46,501+,0.1,0.050915,0.053052,0,0,0,,,
2026-05-18,2026-05-25,01067,Henry County,Alabama,AL,quiet,0.000146,1455,21,501+,0.1,0.00027,2378,46,501+,0.05,0.050827,0.028872,0,0,0,,0.9417,2022-23
2026-05-18,2026-05-25,08039,Elbert County,Colorado,CO,quiet,0.000146,1456,41,501+,0.1,0.001764,971,31,501+,0.34,0.050825,0.169761,0,0,0,,0.7662,2023-24
2026-05-18,2026-05-25,13143,Haralson County,Georgia,GA,quiet,0.000146,1457,41,501+,0.1,0.000569,1797,62,501+,0.11,0.05073,0.060033,0,0,0,,,
2026-05-18,2026-05-25,39119,Muskingum County,Ohio,OH,quiet,0.000146,1458,44,501+,0.1,0.003859,586,13,501+,0.75,0.050616,0.314158,0,0,3,38,,
2026-05-18,2026-05-25,19187,Webster County,Iowa,IA,quiet,0.000145,1459,20,501+,0.1,0.001328,1158,15,501+,0.26,0.050543,0.132472,0,0,0,,0.90128755,2023-24
2026-05-18,2026-05-25,38095,Towner County,North Dakota,ND,quiet,0.000145,1460,36,501+,0.1,0.000456,1972,38,501+,0.09,0.050422,0.048445,0,0,0,,0.9091,2023-24
2026-05-18,2026-05-25,55109,St. Croix County,Wisconsin,WI,quiet,0.000145,1461,41,501+,0.1,0.000662,1689,43,501+,0.13,0.050323,0.069448,0,0,0,,0.695,2023-24
2026-05-18,2026-05-25,18153,Sullivan County,Indiana,IN,quiet,0.000145,1462,28,501+,0.1,0.00046,1962,50,501+,0.09,0.050298,0.048833,0,0,0,,,
2026-05-18,2026-05-25,48005,Angelina County,Texas,TX,quiet,0.000144,1463,152,501+,0.1,0.000585,1776,194,501+,0.11,0.050117,0.06161,0,0,0,,0.94070797,2023-24
2026-05-18,2026-05-25,23015,Lincoln County,Maine,ME,quiet,0.000143,1464,12,501+,0.1,0.000467,1952,13,501+,0.09,0.049914,0.04958,0,0,0,,0.9742,2023-24
2026-05-18,2026-05-25,20051,Ellis County,Kansas,KS,quiet,0.000143,1465,34,501+,0.1,0.000866,1465,34,501+,0.17,0.049868,0.089546,0,0,0,,0.93,2023-24
2026-05-18,2026-05-25,20159,Rice County,Kansas,KS,quiet,0.000143,1466,35,501+,0.1,0.000635,1721,50,501+,0.12,0.049665,0.066684,0,0,0,,0.93,2023-24
2026-05-18,2026-05-25,13185,Lowndes County,Georgia,GA,quiet,0.000142,1467,42,501+,0.1,0.00091,1426,39,501+,0.18,0.049553,0.093806,0,0,0,,,
2026-05-18,2026-05-25,48351,Newton County,Texas,TX,quiet,0.000142,1468,153,501+,0.1,0.000892,1438,154,501+,0.17,0.049525,0.092021,0,0,0,,0.85858586,2023-24
2026-05-18,2026-05-25,36063,Niagara County,New York,NY,quiet,0.000142,1469,36,501+,0.1,0.0007,1633,38,501+,0.14,0.049521,0.073237,0,0,0,,0.99675714,2022-23
2026-05-18,2026-05-25,30089,Sanders County,Montana,MT,quiet,0.000142,1470,26,501+,0.09,0.001066,1312,24,501+,0.21,0.049394,0.108603,0,0,0,,,
2026-05-18,2026-05-25,19067,Floyd County,Iowa,IA,quiet,0.000142,1471,21,501+,0.09,0.000745,1590,24,501+,0.15,0.049393,0.077712,0,0,0,,0.91907514,2023-24
2026-05-18,2026-05-25,48349,Navarro County,Texas,TX,quiet,0.000142,1472,154,501+,0.09,0.000855,1480,163,501+,0.17,0.049388,0.088526,0,0,0,,0.95879121,2023-24
2026-05-18,2026-05-25,17103,Lee County,Illinois,IL,quiet,0.000141,1473,32,501+,0.09,0.000517,1872,44,501+,0.1,0.049231,0.054731,0,0,0,,,
2026-05-18,2026-05-25,13219,Oconee County,Georgia,GA,quiet,0.000141,1474,43,501+,0.09,0.000646,1707,55,501+,0.13,0.049148,0.067855,0,0,0,,,
2026-05-18,2026-05-25,48503,Young County,Texas,TX,quiet,0.00014,1475,155,501+,0.09,0.00192,932,91,501+,0.38,0.048817,0.182437,0,0,0,,0.96938776,2023-24
2026-05-18,2026-05-25,51099,King George County,Virginia,VA,quiet,0.00014,1476,55,501+,0.09,0.000564,1810,55,501+,0.11,0.048777,0.059527,0,0,0,,0.853,2023-24
2026-05-18,2026-05-25,28035,Forrest County,Mississippi,MS,quiet,0.00014,1477,12,501+,0.09,0.000886,1444,10,501+,0.17,0.048775,0.091514,0,0,0,,,
2026-05-18,2026-05-25,02060,Bristol Bay Borough,Alaska,AK,quiet,0.000139,1478,15,501+,0.09,0.00089,1439,12,501+,0.17,0.04855,0.091869,0,0,0,,,
2026-05-18,2026-05-25,18035,Delaware County,Indiana,IN,quiet,0.000139,1479,29,501+,0.09,0.00059,1769,44,501+,0.12,0.048539,0.062135,0,0,0,,,
2026-05-18,2026-05-25,27121,Pope County,Minnesota,MN,quiet,0.000139,1480,60,501+,0.09,0.000158,2709,86,501+,0.03,0.048427,0.016871,0,0,0,,0.93,2023-24
2026-05-18,2026-05-25,21151,Madison County,Kentucky,KY,quiet,0.000138,1481,20,501+,0.09,0.001221,1211,18,501+,0.24,0.048279,0.122879,0,0,0,,0.941,2022-23
2026-05-18,2026-05-25,51685,Manassas Park City,Virginia,VA,quiet,0.000138,1482,56,501+,0.09,0.000387,2120,70,501+,0.08,0.048165,0.041194,0,0,0,,0.958,2023-24
2026-05-18,2026-05-25,18113,Noble County,Indiana,IN,quiet,0.000138,1483,30,501+,0.09,0.000681,1659,39,501+,0.13,0.048154,0.071383,0,0,0,,,
2026-05-18,2026-05-25,36035,Fulton County,New York,NY,quiet,0.000138,1484,37,501+,0.09,0.00061,1750,41,501+,0.12,0.048125,0.064209,0,0,0,,0.96943478,2022-23
2026-05-18,2026-05-25,08113,San Miguel County,Colorado,CO,quiet,0.000138,1485,42,501+,0.09,0.001372,1140,35,501+,0.27,0.04806,0.136319,0,0,0,,0.8615,2023-24
2026-05-18,2026-05-25,23017,Oxford County,Maine,ME,quiet,0.000138,1486,13,501+,0.09,0.000652,1699,12,501+,0.13,0.048001,0.06847,0,0,0,,0.9841,2023-24
2026-05-18,2026-05-25,01095,Marshall County,Alabama,AL,quiet,0.000138,1487,22,501+,0.09,0.00097,1371,25,501+,0.19,0.048,0.099519,0,0,0,,0.9351,2022-23
2026-05-18,2026-05-25,27115,Pine County,Minnesota,MN,quiet,0.000138,1488,61,501+,0.09,0.000904,1431,61,501+,0.18,0.047988,0.093178,0,0,0,,0.842,2023-24
2026-05-18,2026-05-25,48371,Pecos County,Texas,TX,quiet,0.000137,1489,156,501+,0.09,0.000894,1437,153,501+,0.17,0.047861,0.092215,0,0,0,,0.78427419,2023-24
2026-05-18,2026-05-25,55049,Iowa County,Wisconsin,WI,quiet,0.000137,1490,42,501+,0.09,0.000499,1905,46,501+,0.1,0.047766,0.052878,0,0,0,,0.786,2023-24
2026-05-18,2026-05-25,05039,Dallas County,Arkansas,AR,quiet,0.000136,1491,14,501+,0.09,0.001041,1324,11,501+,0.2,0.047596,0.106221,0,0,0,,,
2026-05-18,2026-05-25,29039,Cedar County,Missouri,MO,quiet,0.000136,1492,31,501+,0.09,0.002693,742,14,501+,0.53,0.047589,0.24024,0,0,5,46,0.922,2023-24
2026-05-18,2026-05-25,30095,Stillwater County,Montana,MT,quiet,0.000136,1493,27,501+,0.09,0.001307,1163,20,501+,0.26,0.047565,0.130621,0,0,0,,,
2026-05-18,2026-05-25,46085,Lyman County,South Dakota,SD,quiet,0.000136,1494,27,501+,0.09,0.000586,1773,37,501+,0.11,0.047437,0.061793,0,0,0,,0.89,2023-24
2026-05-18,2026-05-25,17107,Logan County,Illinois,IL,quiet,0.000136,1495,33,501+,0.09,0.000766,1564,34,501+,0.15,0.0474,0.079757,0,0,0,,,
2026-05-18,2026-05-25,46137,Ziebach County,South Dakota,SD,quiet,0.000136,1496,28,501+,0.09,0.000615,1746,34,501+,0.12,0.04736,0.06467,0,0,0,,0.95,2023-24
2026-05-18,2026-05-25,53019,Ferry County,Washington,WA,quiet,0.000135,1497,33,501+,0.09,0.001202,1228,31,501+,0.23,0.047305,0.12108,0,0,0,,0.86666667,2023-24
2026-05-18,2026-05-25,30109,Wibaux County,Montana,MT,quiet,0.000135,1498,28,501+,0.09,0.000504,1893,36,501+,0.1,0.047254,0.053407,0,0,0,,,
2026-05-18,2026-05-25,38041,Hettinger County,North Dakota,ND,quiet,0.000135,1499,37,501+,0.09,0.000618,1738,35,501+,0.12,0.047025,0.06502,0,0,0,,0.92,2023-24
2026-05-18,2026-05-25,36057,Montgomery County,New York,NY,quiet,0.000135,1500,38,501+,0.09,0.000806,1529,37,501+,0.16,0.046989,0.083665,0,0,0,,0.588,2022-23
2026-05-18,2026-05-25,16087,Washington County,Idaho,ID,quiet,0.000134,1501,37,501+,0.09,0.001093,1301,34,501+,0.21,0.046907,0.111076,0,0,0,,,
2026-05-18,2026-05-25,29029,Camden County,Missouri,MO,quiet,0.000134,1502,32,501+,0.09,0.001581,1049,25,501+,0.31,0.046731,0.154506,0,0,0,,0.928,2023-24
2026-05-18,2026-05-25,47103,Lincoln County,Tennessee,TN,quiet,0.000134,1503,31,501+,0.09,0.00096,1380,35,501+,0.19,0.046683,0.098607,0,0,0,,0.947,2023-24
2026-05-18,2026-05-25,48405,San Augustine County,Texas,TX,quiet,0.000133,1504,157,501+,0.09,0.000584,1777,195,501+,0.11,0.046521,0.061599,0,0,0,,0.92727273,2023-24
2026-05-18,2026-05-25,17195,Whiteside County,Illinois,IL,quiet,0.000133,1505,34,501+,0.09,0.001457,1100,26,501+,0.28,0.046509,0.143813,0,0,0,,,
2026-05-18,2026-05-25,38039,Griggs County,North Dakota,ND,quiet,0.000133,1506,38,501+,0.09,0.000201,2576,45,501+,0.04,0.046491,0.021445,0,0,0,,0.875,2023-24
2026-05-18,2026-05-25,40093,Major County,Oklahoma,OK,quiet,0.000133,1507,30,501+,0.09,0.000812,1524,33,501+,0.16,0.046377,0.084303,0,0,0,,0.9048,2023-24
2026-05-18,2026-05-25,48433,Stonewall County,Texas,TX,quiet,0.000132,1508,158,501+,0.09,0.000504,1894,203,501+,0.1,0.046276,0.053381,0,0,0,,0.85714286,2022-23
2026-05-18,2026-05-25,48133,Eastland County,Texas,TX,quiet,0.000132,1509,159,501+,0.09,0.001682,1015,102,501+,0.33,0.04622,0.162965,0,0,2,55,0.95628415,2023-24
2026-05-18,2026-05-25,17105,Livingston County,Illinois,IL,quiet,0.000132,1510,35,501+,0.09,0.001076,1307,29,501+,0.21,0.046158,0.109496,0,0,0,,,
2026-05-18,2026-05-25,37181,Vance County,North Carolina,NC,quiet,0.000132,1511,49,501+,0.09,0.000988,1360,52,501+,0.19,0.046136,0.101221,0,0,0,,0.95348837,2022-23
2026-05-18,2026-05-25,22121,West Baton Rouge Parish,Louisiana,LA,quiet,0.000132,1512,29,501+,0.09,0.000495,1914,31,501+,0.1,0.046116,0.052403,0,0,0,,0.933,2021-22
2026-05-18,2026-05-25,51109,Louisa County,Virginia,VA,quiet,0.000132,1513,57,501+,0.09,0.0011,1295,31,501+,0.21,0.046087,0.111761,0,0,0,,0.922,2023-24
2026-05-18,2026-05-25,20061,Geary County,Kansas,KS,quiet,0.000132,1514,36,501+,0.09,0.000516,1878,63,501+,0.1,0.046001,0.054591,0,0,0,,0.77,2023-24
2026-05-18,2026-05-25,37177,Tyrrell County,North Carolina,NC,quiet,0.000131,1515,50,501+,0.09,0.000537,1844,72,501+,0.1,0.045959,0.056726,0,0,0,,0.9047619,2022-23
2026-05-18,2026-05-25,39149,Shelby County,Ohio,OH,quiet,0.000131,1516,45,501+,0.09,0.000729,1606,52,501+,0.14,0.045901,0.076118,0,0,0,,,
2026-05-18,2026-05-25,13147,Hart County,Georgia,GA,quiet,0.000131,1517,44,501+,0.09,0.001149,1254,30,501+,0.22,0.045822,0.116277,0,0,0,,,
2026-05-18,2026-05-25,26043,Dickinson County,Michigan,MI,quiet,0.000131,1518,54,501+,0.09,0.000421,2041,61,501+,0.08,0.045712,0.044803,0,0,0,,0.883,2023-24
2026-05-18,2026-05-25,28037,Franklin County,Mississippi,MS,quiet,0.000131,1519,13,501+,0.09,0.000302,2308,36,501+,0.06,0.045682,0.032272,0,0,0,,,
2026-05-18,2026-05-25,37121,Mitchell County,North Carolina,NC,quiet,0.00013,1520,51,501+,0.09,0.000858,1475,60,501+,0.17,0.045635,0.088765,0,0,0,,0.95275591,2022-23
2026-05-18,2026-05-25,01039,Covington County,Alabama,AL,quiet,0.00013,1521,23,501+,0.09,0.00057,1795,31,501+,0.11,0.045611,0.060145,0,0,0,,0.968,2022-23
2026-05-18,2026-05-25,05063,Independence County,Arkansas,AR,quiet,0.00013,1522,15,501+,0.09,0.001232,1201,8,501+,0.24,0.045598,0.123795,0,0,0,,,
2026-05-18,2026-05-25,48335,Mitchell County,Texas,TX,quiet,0.00013,1523,160,501+,0.09,0.001259,1185,131,501+,0.25,0.045591,0.126279,0,0,0,,0.93406593,2023-24
2026-05-18,2026-05-25,51181,Surry County,Virginia,VA,quiet,0.00013,1524,58,501+,0.09,0.00039,2113,69,501+,0.08,0.045539,0.041525,0,0,0,,0.912,2023-24
2026-05-18,2026-05-25,35059,Union County,New Mexico,NM,quiet,0.00013,1525,18,501+,0.09,0.001223,1208,20,501+,0.24,0.045465,0.122995,0,0,0,,,
2026-05-18,2026-05-25,38069,Pierce County,North Dakota,ND,quiet,0.00013,1526,39,501+,0.09,0.000778,1553,32,501+,0.15,0.045352,0.080952,0,0,0,,0.9268,2023-24
2026-05-18,2026-05-25,12013,Calhoun County,Florida,FL,quiet,0.000129,1527,57,501+,0.09,0.000547,1835,58,501+,0.11,0.045245,0.057812,0,0,0,,0.953,2022-23
2026-05-18,2026-05-25,12079,Madison County,Florida,FL,quiet,0.000129,1528,58,501+,0.09,0.000489,1923,60,501+,0.1,0.045092,0.051774,0,0,0,,0.96,2022-23
2026-05-18,2026-05-25,38085,Sioux County,North Dakota,ND,quiet,0.000128,1529,40,501+,0.09,0.000668,1681,34,501+,0.13,0.044971,0.070016,0,0,0,,0.9452,2023-24
2026-05-18,2026-05-25,02158,Kusilvak Census Area,Alaska,AK,quiet,0.000128,1530,16,501+,0.09,0.000207,2555,28,501+,0.04,0.044949,0.02205,0,0,0,,,
2026-05-18,2026-05-25,23003,Aroostook County,Maine,ME,quiet,0.000128,1531,14,501+,0.09,0.001577,1052,6,501+,0.31,0.044936,0.154133,0,0,0,,0.9859,2023-24
2026-05-18,2026-05-25,47081,Hickman County,Tennessee,TN,quiet,0.000128,1532,32,501+,0.09,0.000737,1598,39,501+,0.14,0.04481,0.076898,0,0,0,,0.947,2023-24
2026-05-18,2026-05-25,21105,Hickman County,Kentucky,KY,quiet,0.000128,1533,21,501+,0.09,0.000662,1688,25,501+,0.13,0.044786,0.069449,0,0,0,,0.982,2022-23
2026-05-18,2026-05-25,51043,Clarke County,Virginia,VA,quiet,0.000128,1534,59,501+,0.09,0.00053,1853,57,501+,0.1,0.0447,0.056082,0,0,0,,0.929,2023-24
2026-05-18,2026-05-25,48177,Gonzales County,Texas,TX,quiet,0.000128,1535,161,501+,0.09,0.00166,1024,105,501+,0.32,0.044693,0.161121,0,0,0,,0.96108949,2023-24
2026-05-18,2026-05-25,29217,Vernon County,Missouri,MO,quiet,0.000128,1536,33,501+,0.09,0.000809,1527,49,501+,0.16,0.044677,0.084038,0,0,0,,0.899,2023-24
2026-05-18,2026-05-25,47015,Cannon County,Tennessee,TN,quiet,0.000128,1537,33,501+,0.09,0.000535,1848,47,501+,0.1,0.044673,0.05658,0,0,0,,0.941,2023-24
2026-05-18,2026-05-25,40049,Garvin County,Oklahoma,OK,quiet,0.000127,1538,31,501+,0.09,0.000518,1871,44,501+,0.1,0.044633,0.054818,0,0,0,,0.8878,2023-24
2026-05-18,2026-05-25,36037,Genesee County,New York,NY,quiet,0.000127,1539,39,501+,0.09,0.000848,1485,34,501+,0.17,0.044631,0.087841,0,0,0,,0.99906452,2022-23
2026-05-18,2026-05-25,27151,Swift County,Minnesota,MN,quiet,0.000127,1540,62,501+,0.09,0.001502,1079,47,501+,0.29,0.044617,0.147706,0,0,0,,0.894,2023-24
2026-05-18,2026-05-25,31029,Chase County,Nebraska,NE,quiet,0.000127,1541,20,501+,0.08,0.000713,1621,30,501+,0.14,0.044489,0.074497,0,0,0,,,
2026-05-18,2026-05-25,26031,Cheboygan County,Michigan,MI,quiet,0.000127,1542,55,501+,0.08,0.000345,2208,63,501+,0.07,0.044479,0.036753,0,0,0,,0.9286,2023-24
2026-05-18,2026-05-25,46063,Harding County,South Dakota,SD,quiet,0.000127,1543,29,501+,0.08,0.000613,1747,35,501+,0.12,0.044478,0.064542,0,0,0,,0.79,2023-24
2026-05-18,2026-05-25,48161,Freestone County,Texas,TX,quiet,0.000127,1544,162,501+,0.08,0.000324,2252,231,501+,0.06,0.044457,0.034593,0,0,0,,0.92511013,2023-24
2026-05-18,2026-05-25,26133,Osceola County,Michigan,MI,quiet,0.000127,1545,56,501+,0.08,0.000587,1771,57,501+,0.11,0.044447,0.061886,0,0,7,42,0.8623,2023-24
2026-05-18,2026-05-25,05115,Pope County,Arkansas,AR,quiet,0.000126,1546,16,501+,0.08,0.001034,1331,12,501+,0.2,0.044281,0.105603,0,0,0,,,
2026-05-18,2026-05-25,02150,Kodiak Island Borough,Alaska,AK,quiet,0.000126,1547,17,501+,0.08,0.001016,1344,10,501+,0.2,0.044116,0.103867,0,0,0,,,
2026-05-18,2026-05-25,48123,DeWitt County,Texas,TX,quiet,0.000125,1548,163,501+,0.08,0.000478,1937,210,501+,0.09,0.043946,0.050636,0,0,0,,0.97252747,2023-24
2026-05-18,2026-05-25,18107,Montgomery County,Indiana,IN,quiet,0.000125,1549,31,501+,0.08,0.000797,1537,34,501+,0.16,0.043923,0.082867,0,0,0,,,
2026-05-18,2026-05-25,42111,Somerset County,Pennsylvania,PA,quiet,0.000125,1550,43,501+,0.08,0.000566,1808,44,501+,0.11,0.043914,0.059672,0,0,0,,0.9351585,2023-24
2026-05-18,2026-05-25,37139,Pasquotank County,North Carolina,NC,quiet,0.000125,1551,52,501+,0.08,0.000476,1941,75,501+,0.09,0.043908,0.050473,0,0,0,,0.95982143,2022-23
2026-05-18,2026-05-25,48299,Llano County,Texas,TX,quiet,0.000125,1552,164,501+,0.08,0.000384,2126,227,501+,0.07,0.043802,0.040832,0,0,0,,0.90839695,2023-24
2026-05-18,2026-05-25,37003,Alexander County,North Carolina,NC,quiet,0.000125,1553,53,501+,0.08,0.000989,1357,51,501+,0.19,0.043716,0.101354,0,0,0,,0.96296296,2022-23
2026-05-18,2026-05-25,21007,Ballard County,Kentucky,KY,quiet,0.000125,1554,22,501+,0.08,0.000305,2299,41,501+,0.06,0.043683,0.032576,0,0,0,,0.974,2022-23
2026-05-18,2026-05-25,27073,Lac qui Parle County,Minnesota,MN,quiet,0.000125,1555,63,501+,0.08,0.000392,2105,76,501+,0.08,0.043676,0.041681,0,0,0,,0.855,2023-24
2026-05-18,2026-05-25,29119,McDonald County,Missouri,MO,quiet,0.000124,1556,34,501+,0.08,0.001211,1220,34,501+,0.24,0.043646,0.121935,0,0,0,,0.951,2023-24
2026-05-18,2026-05-25,18065,Henry County,Indiana,IN,quiet,0.000124,1557,32,501+,0.08,0.001909,936,17,501+,0.37,0.043633,0.181573,0,0,0,,,
2026-05-18,2026-05-25,48079,Cochran County,Texas,TX,quiet,0.000124,1558,165,501+,0.08,0.001429,1112,115,501+,0.28,0.043601,0.141379,0,0,14,56,0.95238095,2023-24
2026-05-18,2026-05-25,20153,Rawlins County,Kansas,KS,quiet,0.000124,1559,37,501+,0.08,0.000324,2251,87,501+,0.06,0.043457,0.034609,0,0,0,,0.57,2023-24
2026-05-18,2026-05-25,48347,Nacogdoches County,Texas,TX,quiet,0.000124,1560,166,501+,0.08,0.000801,1534,171,501+,0.16,0.043402,0.0832,0,0,0,,0.96531792,2023-24
2026-05-18,2026-05-25,08019,Clear Creek County,Colorado,CO,quiet,0.000124,1561,43,501+,0.08,0.000458,1968,48,501+,0.09,0.0434,0.048602,0,0,0,,0.8298,2023-24
2026-05-18,2026-05-25,28111,Perry County,Mississippi,MS,quiet,0.000124,1562,14,501+,0.08,0.000458,1970,18,501+,0.09,0.043337,0.048571,0,0,0,,,
2026-05-18,2026-05-25,31051,Dixon County,Nebraska,NE,quiet,0.000123,1563,21,501+,0.08,0.000441,1996,45,501+,0.09,0.04332,0.046855,0,0,0,,,
2026-05-18,2026-05-25,40111,Okmulgee County,Oklahoma,OK,quiet,0.000123,1564,32,501+,0.08,0.000511,1887,45,501+,0.1,0.043259,0.054063,0,0,0,,0.8911,2023-24
2026-05-18,2026-05-25,21185,Oldham County,Kentucky,KY,quiet,0.000123,1565,23,501+,0.08,0.001054,1316,23,501+,0.21,0.043234,0.107444,0,0,0,,0.978,2022-23
2026-05-18,2026-05-25,36019,Clinton County,New York,NY,quiet,0.000123,1566,40,501+,0.08,0.00088,1448,32,501+,0.17,0.043161,0.090908,0,0,0,,0.99794737,2022-23
2026-05-18,2026-05-25,48311,McMullen County,Texas,TX,quiet,0.000123,1567,167,501+,0.08,0.000657,1691,189,501+,0.13,0.043158,0.068906,0,0,0,,0.95454546,2023-24
2026-05-18,2026-05-25,45017,Calhoun County,South Carolina,SC,quiet,0.000123,1568,32,501+,0.08,0.000393,2102,38,501+,0.08,0.043158,0.041815,0,0,0,,0.924,2023-24
2026-05-18,2026-05-25,48435,Sutton County,Texas,TX,quiet,0.000123,1569,168,501+,0.08,0.000856,1479,162,501+,0.17,0.043155,0.088594,0,0,0,,0.9787234,2023-24
2026-05-18,2026-05-25,28039,George County,Mississippi,MS,quiet,0.000123,1570,15,501+,0.08,0.000233,2483,48,501+,0.05,0.043003,0.024879,0,0,0,,,
2026-05-18,2026-05-25,36115,Washington County,New York,NY,quiet,0.000122,1571,41,501+,0.08,0.000408,2066,49,501+,0.08,0.042842,0.043438,0,0,0,,0.99834286,2022-23
2026-05-18,2026-05-25,36077,Otsego County,New York,NY,quiet,0.000122,1572,42,501+,0.08,0.000253,2426,54,501+,0.05,0.042797,0.027019,0,0,0,,0.99677143,2022-23
2026-05-18,2026-05-25,02198,Prince of Wales-Hyder Census Area,Alaska,AK,quiet,0.000122,1573,18,501+,0.08,0.000394,2097,21,501+,0.08,0.042757,0.041968,0,0,0,,,
2026-05-18,2026-05-25,37005,Alleghany County,North Carolina,NC,quiet,0.000122,1574,54,501+,0.08,0.000155,2722,96,501+,0.03,0.04271,0.016518,0,0,0,,0.95652174,2022-23
2026-05-18,2026-05-25,13085,Dawson County,Georgia,GA,quiet,0.000122,1575,45,501+,0.08,0.000803,1532,42,501+,0.16,0.042665,0.083376,0,0,0,,,
2026-05-18,2026-05-25,27011,Big Stone County,Minnesota,MN,quiet,0.000121,1576,64,501+,0.08,0.00026,2401,83,501+,0.05,0.04264,0.027802,0,0,0,,0.866,2023-24
2026-05-18,2026-05-25,46025,Clark County,South Dakota,SD,quiet,0.000121,1577,30,501+,0.08,0.000692,1643,29,501+,0.14,0.042474,0.072457,0,0,0,,0.69,2023-24
2026-05-18,2026-05-25,13255,Spalding County,Georgia,GA,quiet,0.000121,1578,46,501+,0.08,0.000306,2298,101,501+,0.06,0.042429,0.032626,0,0,0,,,
2026-05-18,2026-05-25,20205,Wilson County,Kansas,KS,quiet,0.000121,1579,38,501+,0.08,0.000578,1786,55,501+,0.11,0.042332,0.060952,0,0,0,,0.93,2023-24
2026-05-18,2026-05-25,47085,Humphreys County,Tennessee,TN,quiet,0.00012,1580,34,501+,0.08,0.000416,2047,50,501+,0.08,0.042233,0.044284,0,0,0,,0.968,2023-24
2026-05-18,2026-05-25,40139,Texas County,Oklahoma,OK,quiet,0.00012,1581,33,501+,0.08,0.001749,979,16,501+,0.34,0.042145,0.168531,0,0,0,,0.9179,2023-24
2026-05-18,2026-05-25,13267,Tattnall County,Georgia,GA,quiet,0.00012,1582,47,501+,0.08,0.000494,1915,70,501+,0.1,0.042043,0.052378,0,0,0,,,
2026-05-18,2026-05-25,20059,Franklin County,Kansas,KS,quiet,0.00012,1583,39,501+,0.08,0.000634,1722,51,501+,0.12,0.042037,0.066661,0,0,0,,0.93,2023-24
2026-05-18,2026-05-25,48457,Tyler County,Texas,TX,quiet,0.000119,1584,169,501+,0.08,0.000428,2032,221,501+,0.08,0.041925,0.045454,0,0,0,,0.89201878,2023-24
2026-05-18,2026-05-25,48307,McCulloch County,Texas,TX,quiet,0.000119,1585,170,501+,0.08,0.000679,1663,184,501+,0.13,0.041843,0.071094,0,0,0,,0.93975904,2023-24
2026-05-18,2026-05-25,22117,Washington Parish,Louisiana,LA,quiet,0.000119,1586,30,501+,0.08,0.000512,1885,29,501+,0.1,0.041747,0.05417,0,0,0,,0.967,2021-22
2026-05-18,2026-05-25,31119,Madison County,Nebraska,NE,quiet,0.000119,1587,22,501+,0.08,0.000958,1383,17,501+,0.19,0.041735,0.098387,0,0,0,,,
2026-05-18,2026-05-25,30015,Chouteau County,Montana,MT,quiet,0.000119,1588,29,501+,0.08,0.000539,1839,35,501+,0.11,0.041716,0.057009,0,0,0,,,
2026-05-18,2026-05-25,55067,Langlade County,Wisconsin,WI,quiet,0.000118,1589,43,501+,0.08,0.00038,2133,54,501+,0.07,0.041598,0.0405,0,0,0,,0.781,2023-24
2026-05-18,2026-05-25,01029,Cleburne County,Alabama,AL,quiet,0.000118,1590,24,501+,0.08,0.00102,1341,23,501+,0.2,0.041497,0.104233,0,0,0,,0.9524,2022-23
2026-05-18,2026-05-25,29031,Cape Girardeau County,Missouri,MO,quiet,0.000118,1591,35,501+,0.08,0.001235,1199,33,501+,0.24,0.041444,0.124084,0,0,0,,0.906,2023-24
2026-05-18,2026-05-25,26079,Kalkaska County,Michigan,MI,quiet,0.000118,1592,57,501+,0.08,0.000736,1600,53,501+,0.14,0.041348,0.076861,0,0,0,,0.8978,2023-24
2026-05-18,2026-05-25,27077,Lake of the Woods County,Minnesota,MN,quiet,0.000117,1593,65,501+,0.08,0.000532,1852,72,501+,0.1,0.041283,0.0562,0,0,0,,0.786,2023-24
2026-05-18,2026-05-25,20149,Pottawatomie County,Kansas,KS,quiet,0.000117,1594,40,501+,0.08,0.001989,906,15,501+,0.39,0.041264,0.187924,0,0,0,,0.91,2023-24
2026-05-18,2026-05-25,47163,Sullivan County,Tennessee,TN,quiet,0.000117,1595,35,501+,0.08,0.000861,1469,38,501+,0.17,0.041234,0.089074,0,0,0,,0.955,2023-24
2026-05-18,2026-05-25,54069,Ohio County,West Virginia,WV,quiet,0.000117,1596,9,501+,0.08,0.000742,1594,9,501+,0.14,0.041228,0.077384,0,0,0,,,
2026-05-18,2026-05-25,31045,Dawes County,Nebraska,NE,quiet,0.000117,1597,23,501+,0.08,0.001216,1216,13,501+,0.24,0.041226,0.122379,0,0,0,,,
2026-05-18,2026-05-25,26059,Hillsdale County,Michigan,MI,quiet,0.000117,1598,58,501+,0.08,0.000681,1658,55,501+,0.13,0.041156,0.071389,0,0,0,,0.8966,2023-24
2026-05-18,2026-05-25,27157,Wabasha County,Minnesota,MN,quiet,0.000117,1599,66,501+,0.08,0.001487,1088,48,501+,0.29,0.041084,0.146396,0,0,0,,0.908,2023-24
2026-05-18,2026-05-25,28149,Warren County,Mississippi,MS,quiet,0.000117,1600,16,501+,0.08,0.001144,1258,9,501+,0.22,0.041051,0.115844,0,0,0,,,
2026-05-18,2026-05-25,28113,Pike County,Mississippi,MS,quiet,0.000116,1601,17,501+,0.08,0.000441,1999,22,501+,0.09,0.040955,0.046809,0,0,0,,,
2026-05-18,2026-05-25,13285,Troup County,Georgia,GA,quiet,0.000116,1602,48,501+,0.08,0.000521,1862,65,501+,0.1,0.040949,0.055156,0,0,0,,,
2026-05-18,2026-05-25,28077,Lawrence County,Mississippi,MS,quiet,0.000116,1603,18,501+,0.08,0.000288,2342,41,501+,0.06,0.04091,0.030759,0,0,0,,,
2026-05-18,2026-05-25,19099,Jasper County,Iowa,IA,quiet,0.000116,1604,22,501+,0.08,0.001039,1326,18,501+,0.2,0.040907,0.106032,0,0,0,,0.88684211,2023-24
2026-05-18,2026-05-25,27159,Wadena County,Minnesota,MN,quiet,0.000116,1605,67,501+,0.08,0.000922,1415,60,501+,0.18,0.040887,0.094954,0,0,0,,0.755,2023-24
2026-05-18,2026-05-25,28093,Marshall County,Mississippi,MS,quiet,0.000116,1606,19,501+,0.08,0.000455,1974,19,501+,0.09,0.040864,0.048326,0,0,0,,,
2026-05-18,2026-05-25,53039,Klickitat County,Washington,WA,quiet,0.000116,1607,34,501+,0.08,0.001163,1249,32,501+,0.23,0.040835,0.11752,0,0,0,,0.86259542,2023-24
2026-05-18,2026-05-25,20115,Marion County,Kansas,KS,quiet,0.000116,1608,41,501+,0.08,0.000546,1836,60,501+,0.11,0.040834,0.057676,0,0,0,,0.81,2023-24
2026-05-18,2026-05-25,22069,Natchitoches Parish,Louisiana,LA,quiet,0.000116,1609,31,501+,0.08,0.000649,1705,24,501+,0.13,0.04082,0.068179,0,0,0,,0.919,2021-22
2026-05-18,2026-05-25,48281,Lampasas County,Texas,TX,quiet,0.000116,1610,171,501+,0.08,0.001119,1279,136,501+,0.22,0.040742,0.113488,0,0,0,,0.94444444,2023-24
2026-05-18,2026-05-25,29201,Scott County,Missouri,MO,quiet,0.000116,1611,36,501+,0.08,0.001209,1221,35,501+,0.24,0.040719,0.121762,0,0,0,,0.938,2023-24
2026-05-18,2026-05-25,20193,Thomas County,Kansas,KS,quiet,0.000115,1612,42,501+,0.08,0.000578,1787,56,501+,0.11,0.040622,0.06093,0,0,0,,0.89,2023-24
2026-05-18,2026-05-25,18111,Newton County,Indiana,IN,quiet,0.000115,1613,33,501+,0.08,0.000438,2008,51,501+,0.09,0.040582,0.046551,0,0,0,,,
2026-05-18,2026-05-25,18067,Howard County,Indiana,IN,quiet,0.000115,1614,34,501+,0.08,0.000687,1650,37,501+,0.13,0.040507,0.071979,0,0,0,,,
2026-05-18,2026-05-25,48283,La Salle County,Texas,TX,quiet,0.000115,1615,172,501+,0.08,0.00135,1151,123,501+,0.26,0.04047,0.134448,0,0,0,,1.0,2023-24
2026-05-18,2026-05-25,48007,Aransas County,Texas,TX,quiet,0.000115,1616,173,501+,0.08,0.000403,2078,224,501+,0.08,0.040403,0.042899,0,0,0,,0.97674419,2023-24
2026-05-18,2026-05-25,30077,Powell County,Montana,MT,quiet,0.000115,1617,30,501+,0.08,0.001197,1232,23,501+,0.23,0.040317,0.120667,0,0,0,,,
2026-05-18,2026-05-25,18071,Jackson County,Indiana,IN,quiet,0.000114,1618,35,501+,0.08,0.00171,1002,20,501+,0.33,0.040179,0.165353,0,0,0,,,
2026-05-18,2026-05-25,30021,Dawson County,Montana,MT,quiet,0.000114,1619,31,501+,0.08,0.00038,2132,39,501+,0.07,0.0401,0.040508,0,0,0,,,
2026-05-18,2026-05-25,20047,Edwards County,Kansas,KS,quiet,0.000113,1620,43,501+,0.08,0.00076,1569,43,501+,0.15,0.039978,0.079142,0,0,0,,0.92,2023-24
2026-05-18,2026-05-25,37189,Watauga County,North Carolina,NC,quiet,0.000113,1621,55,501+,0.08,0.000536,1846,73,501+,0.1,0.039873,0.056689,0,0,0,,0.92670157,2022-23
2026-05-18,2026-05-25,19035,Cherokee County,Iowa,IA,quiet,0.000113,1622,23,501+,0.08,0.000432,2019,41,501+,0.08,0.039736,0.04593,0,0,0,,0.91946309,2023-24
2026-05-18,2026-05-25,28129,Smith County,Mississippi,MS,quiet,0.000113,1623,20,501+,0.08,0.000288,2341,40,501+,0.06,0.039706,0.030785,0,0,0,,,
2026-05-18,2026-05-25,50019,Orleans County,Vermont,VT,quiet,0.000113,1624,10,501+,0.08,0.000327,2243,12,501+,0.06,0.039686,0.034898,0,0,0,,0.91,2023-24
2026-05-18,2026-05-25,29113,Lincoln County,Missouri,MO,quiet,0.000113,1625,37,501+,0.08,0.001444,1106,29,501+,0.28,0.039655,0.142656,0,0,0,,0.928,2023-24
2026-05-18,2026-05-25,18167,Vigo County,Indiana,IN,quiet,0.000112,1626,36,501+,0.08,0.000974,1369,29,501+,0.19,0.039533,0.099886,0,0,0,,,
2026-05-18,2026-05-25,48321,Matagorda County,Texas,TX,quiet,0.000112,1627,174,501+,0.08,0.000489,1922,208,501+,0.1,0.039516,0.051818,0,0,0,,0.97131931,2023-24
2026-05-18,2026-05-25,05139,Union County,Arkansas,AR,quiet,0.000112,1628,17,501+,0.07,0.000619,1737,21,501+,0.12,0.039471,0.065111,0,0,0,,,
2026-05-18,2026-05-25,30061,Mineral County,Montana,MT,quiet,0.000112,1629,32,501+,0.07,0.000904,1430,26,501+,0.18,0.039407,0.093231,0,0,0,,,
2026-05-18,2026-05-25,48403,Sabine County,Texas,TX,quiet,0.000112,1630,175,501+,0.07,0.000499,1904,204,501+,0.1,0.039407,0.052896,0,0,0,,0.94029851,2023-24
2026-05-18,2026-05-25,22021,Caldwell Parish,Louisiana,LA,quiet,0.000112,1631,32,501+,0.07,0.000294,2334,41,501+,0.06,0.03936,0.031327,0,0,0,,0.929,2021-22
2026-05-18,2026-05-25,51820,Waynesboro City,Virginia,VA,quiet,0.000112,1632,60,501+,0.07,0.0007,1632,44,501+,0.14,0.039351,0.073258,0,0,0,,0.937,2023-24
2026-05-18,2026-05-25,39147,Seneca County,Ohio,OH,quiet,0.000112,1633,46,501+,0.07,0.00161,1041,34,501+,0.31,0.03935,0.156924,0,0,0,,,
2026-05-18,2026-05-25,20043,Doniphan County,Kansas,KS,quiet,0.000112,1634,44,501+,0.07,0.000582,1779,54,501+,0.11,0.039346,0.061366,0,0,0,,0.8,2023-24
2026-05-18,2026-05-25,51133,Northumberland County,Virginia,VA,quiet,0.000112,1635,61,501+,0.07,0.000311,2280,79,501+,0.06,0.039343,0.03323,0,0,0,,0.878,2023-24
2026-05-18,2026-05-25,31037,Colfax County,Nebraska,NE,quiet,0.000111,1636,24,501+,0.07,0.000785,1545,23,501+,0.15,0.039262,0.081691,0,0,0,,,
2026-05-18,2026-05-25,01123,Tallapoosa County,Alabama,AL,quiet,0.000111,1637,25,501+,0.07,0.000243,2456,48,501+,0.05,0.039239,0.025897,0,0,0,,0.9629,2022-23
2026-05-18,2026-05-25,01033,Colbert County,Alabama,AL,quiet,0.000111,1638,26,501+,0.07,0.001223,1209,19,501+,0.24,0.039179,0.122977,0,0,0,,0.9359,2022-23
2026-05-18,2026-05-25,20109,Logan County,Kansas,KS,quiet,0.000111,1639,45,501+,0.07,0.000353,2196,82,501+,0.07,0.039177,0.037645,0,0,0,,0.84,2023-24
2026-05-18,2026-05-25,40101,Muskogee County,Oklahoma,OK,quiet,0.000111,1640,34,501+,0.07,0.000626,1728,42,501+,0.12,0.039173,0.065843,0,0,0,,0.8836,2023-24
2026-05-18,2026-05-25,13177,Lee County,Georgia,GA,quiet,0.000111,1641,49,501+,0.07,0.000657,1693,53,501+,0.13,0.039137,0.068901,0,0,0,,,
2026-05-18,2026-05-25,16085,Valley County,Idaho,ID,quiet,0.000111,1642,38,501+,0.07,0.000182,2642,44,501+,0.04,0.039135,0.019442,0,0,0,,,
2026-05-18,2026-05-25,47139,Polk County,Tennessee,TN,quiet,0.000111,1643,36,501+,0.07,0.001175,1242,30,501+,0.23,0.039119,0.118655,0,0,0,,0.92,2023-24
2026-05-18,2026-05-25,55085,Oneida County,Wisconsin,WI,quiet,0.000111,1644,44,501+,0.07,0.00097,1372,38,501+,0.19,0.039109,0.0995,0,0,0,,0.749,2023-24
2026-05-18,2026-05-25,46095,Mellette County,South Dakota,SD,quiet,0.000111,1645,31,501+,0.07,0.000521,1861,42,501+,0.1,0.039035,0.055161,0,0,0,,0.94,2023-24
2026-05-18,2026-05-25,54049,Marion County,West Virginia,WV,quiet,0.00011,1646,10,501+,0.07,0.001094,1300,5,501+,0.21,0.038956,0.111216,0,0,0,,,
2026-05-18,2026-05-25,19173,Taylor County,Iowa,IA,quiet,0.00011,1647,24,501+,0.07,0.001416,1120,14,501+,0.28,0.038929,0.140231,0,0,0,,0.88311688,2023-24
2026-05-18,2026-05-25,40005,Atoka County,Oklahoma,OK,quiet,0.00011,1648,35,501+,0.07,0.000501,1902,48,501+,0.1,0.038909,0.053018,0,0,0,,0.8235,2023-24
2026-05-18,2026-05-25,30065,Musselshell County,Montana,MT,quiet,0.00011,1649,33,501+,0.07,0.00086,1473,27,501+,0.17,0.038874,0.088958,0,0,0,,,
2026-05-18,2026-05-25,46043,Douglas County,South Dakota,SD,quiet,0.00011,1650,32,501+,0.07,0.000516,1876,43,501+,0.1,0.0388,0.054642,0,0,0,,0.78,2023-24
2026-05-18,2026-05-25,35053,Socorro County,New Mexico,NM,quiet,0.00011,1651,19,501+,0.07,0.000452,1982,27,501+,0.09,0.03879,0.048026,0,0,0,,0.92,2018-19
2026-05-18,2026-05-25,20021,Cherokee County,Kansas,KS,quiet,0.00011,1652,46,501+,0.07,0.000774,1555,41,501+,0.15,0.038746,0.080611,0,0,0,,0.94,2023-24
2026-05-18,2026-05-25,39069,Henry County,Ohio,OH,quiet,0.00011,1653,47,501+,0.07,0.000691,1646,54,501+,0.13,0.038668,0.072298,0,0,0,,,
2026-05-18,2026-05-25,16047,Gooding County,Idaho,ID,quiet,0.00011,1654,39,501+,0.07,0.0011,1297,33,501+,0.21,0.038644,0.11173,0,0,0,,,
2026-05-18,2026-05-25,48429,Stephens County,Texas,TX,quiet,0.00011,1655,176,501+,0.07,0.000872,1458,157,501+,0.17,0.038638,0.090158,0,0,0,,0.85714286,2023-24
2026-05-18,2026-05-25,27143,Sibley County,Minnesota,MN,quiet,0.000109,1656,68,501+,0.07,0.000781,1550,67,501+,0.15,0.038597,0.081269,0,0,0,,0.839,2023-24
2026-05-18,2026-05-25,12063,Jackson County,Florida,FL,quiet,0.000109,1657,59,501+,0.07,0.000515,1879,59,501+,0.1,0.038556,0.05453,0,0,0,,0.935,2022-23
2026-05-18,2026-05-25,17123,Marshall County,Illinois,IL,quiet,0.000109,1658,36,501+,0.07,0.000625,1731,38,501+,0.12,0.038548,0.065743,0,0,0,,,
2026-05-18,2026-05-25,01017,Chambers County,Alabama,AL,quiet,0.000109,1659,27,501+,0.07,0.000936,1403,26,501+,0.18,0.038546,0.096283,0,0,0,,0.9312,2022-23
2026-05-18,2026-05-25,46003,Aurora County,South Dakota,SD,quiet,0.000109,1660,33,501+,0.07,0.000744,1592,27,501+,0.15,0.038514,0.077571,0,0,0,,0.94,2023-24
2026-05-18,2026-05-25,48495,Winkler County,Texas,TX,quiet,0.000109,1661,177,501+,0.07,0.001724,994,97,501+,0.34,0.038486,0.16645,0,0,0,,0.99186992,2023-24
2026-05-18,2026-05-25,39013,Belmont County,Ohio,OH,quiet,0.000109,1662,48,501+,0.07,0.000599,1757,58,501+,0.12,0.038477,0.063121,0,0,0,,,
2026-05-18,2026-05-25,40055,Greer County,Oklahoma,OK,quiet,0.000109,1663,36,501+,0.07,0.000462,1960,53,501+,0.09,0.038449,0.049061,0,0,0,,0.8654,2023-24
2026-05-18,2026-05-25,36017,Chenango County,New York,NY,quiet,0.000109,1664,43,501+,0.07,0.00053,1855,44,501+,0.1,0.038395,0.056003,0,0,0,,0.999375,2022-23
2026-05-18,2026-05-25,48207,Haskell County,Texas,TX,quiet,0.000109,1665,178,501+,0.07,0.000463,1959,212,501+,0.09,0.038366,0.049141,0,0,0,,0.94,2023-24
2026-05-18,2026-05-25,36021,Columbia County,New York,NY,quiet,0.000109,1666,44,501+,0.07,0.000577,1788,43,501+,0.11,0.03836,0.060845,0,0,0,,0.98933333,2022-23
2026-05-18,2026-05-25,01001,Autauga County,Alabama,AL,quiet,0.000108,1667,28,501+,0.07,0.001569,1055,14,501+,0.31,0.03826,0.153478,0,0,0,,0.9123,2022-23
2026-05-18,2026-05-25,51011,Appomattox County,Virginia,VA,quiet,0.000108,1668,62,501+,0.07,0.000565,1809,54,501+,0.11,0.03823,0.059612,0,0,0,,0.918,2023-24
2026-05-18,2026-05-25,29123,Madison County,Missouri,MO,quiet,0.000108,1669,38,501+,0.07,0.000688,1649,54,501+,0.13,0.038011,0.071998,0,0,0,,0.97,2023-24
2026-05-18,2026-05-25,48233,Hutchinson County,Texas,TX,quiet,0.000108,1670,179,501+,0.07,0.000476,1942,211,501+,0.09,0.038001,0.050455,0,0,0,,0.95726496,2023-24
2026-05-18,2026-05-25,12123,Taylor County,Florida,FL,quiet,0.000108,1671,60,501+,0.07,0.000232,2487,65,501+,0.05,0.037993,0.024746,0,0,0,,0.976,2022-23
2026-05-18,2026-05-25,48411,San Saba County,Texas,TX,quiet,0.000108,1672,180,501+,0.07,0.000566,1803,198,501+,0.11,0.037989,0.059756,0,0,0,,0.97468354,2023-24
2026-05-18,2026-05-25,51540,Charlottesville City,Virginia,VA,quiet,0.000107,1673,63,501+,0.07,0.000467,1953,61,501+,0.09,0.03791,0.04956,0,0,0,,0.926,2023-24
2026-05-18,2026-05-25,51119,Middlesex County,Virginia,VA,quiet,0.000107,1674,64,501+,0.07,0.000245,2441,85,501+,0.05,0.037898,0.026162,0,0,0,,0.89,2023-24
2026-05-18,2026-05-25,20169,Saline County,Kansas,KS,quiet,0.000107,1675,47,501+,0.07,0.00111,1285,27,501+,0.22,0.037868,0.112621,0,0,0,,0.95,2023-24
2026-05-18,2026-05-25,54081,Raleigh County,West Virginia,WV,quiet,0.000107,1676,11,501+,0.07,0.000748,1586,8,501+,0.15,0.037842,0.07797,0,0,0,,,
2026-05-18,2026-05-25,39137,Putnam County,Ohio,OH,quiet,0.000107,1677,49,501+,0.07,0.000682,1655,55,501+,0.13,0.037839,0.071457,0,0,0,,,
2026-05-18,2026-05-25,48163,Frio County,Texas,TX,quiet,0.000107,1678,181,501+,0.07,0.002447,793,73,501+,0.48,0.037831,0.222679,0,0,2,10,0.98477157,2023-24
2026-05-18,2026-05-25,48297,Live Oak County,Texas,TX,quiet,0.000107,1679,182,501+,0.07,0.001275,1181,129,501+,0.25,0.037755,0.127762,0,0,0,,0.96062992,2023-24
2026-05-18,2026-05-25,37167,Stanly County,North Carolina,NC,quiet,0.000107,1680,56,501+,0.07,0.001449,1104,45,501+,0.28,0.037745,0.143147,0,0,0,,0.93098385,2022-23
2026-05-18,2026-05-25,51111,Lunenburg County,Virginia,VA,quiet,0.000107,1681,65,501+,0.07,0.000294,2329,81,501+,0.06,0.037737,0.031404,0,0,0,,0.964,2023-24
2026-05-18,2026-05-25,01049,DeKalb County,Alabama,AL,quiet,0.000107,1682,29,501+,0.07,0.001283,1177,17,501+,0.25,0.037704,0.12841,0,0,0,,0.9396,2022-23
2026-05-18,2026-05-25,17177,Stephenson County,Illinois,IL,quiet,0.000107,1683,37,501+,0.07,0.000915,1421,33,501+,0.18,0.037686,0.094282,0,0,0,,,
2026-05-18,2026-05-25,06049,Modoc County,California,CA,quiet,0.000107,1684,54,501+,0.07,0.000839,1497,51,501+,0.16,0.037684,0.086894,0,0,0,,0.99,2023-24
2026-05-18,2026-05-25,36109,Tompkins County,New York,NY,quiet,0.000107,1685,45,501+,0.07,0.000253,2423,53,501+,0.05,0.037624,0.027054,0,0,0,,0.99663636,2022-23
2026-05-18,2026-05-25,56015,Goshen County,Wyoming,WY,quiet,0.000106,1686,23,501+,0.07,0.001208,1223,21,501+,0.24,0.037614,0.121693,0,0,0,,0.93,2022-23
2026-05-18,2026-05-25,51115,Mathews County,Virginia,VA,quiet,0.000106,1687,66,501+,0.07,0.000178,2653,103,501+,0.03,0.037613,0.01896,0,0,0,,0.92,2023-24
2026-05-18,2026-05-25,02050,Bethel Census Area,Alaska,AK,quiet,0.000106,1688,19,501+,0.07,0.000634,1723,14,501+,0.12,0.037485,0.066645,0,0,0,,,
2026-05-18,2026-05-25,50013,Grand Isle County,Vermont,VT,quiet,0.000106,1689,11,501+,0.07,0.000513,1883,10,501+,0.1,0.037455,0.054249,0,0,0,,,
2026-05-18,2026-05-25,20037,Crawford County,Kansas,KS,quiet,0.000106,1690,48,501+,0.07,0.001124,1274,26,501+,0.22,0.037453,0.113943,0,0,0,,0.93,2023-24
2026-05-18,2026-05-25,17077,Jackson County,Illinois,IL,quiet,0.000106,1691,38,501+,0.07,0.001596,1045,24,501+,0.31,0.037392,0.155724,0,0,0,,,
2026-05-18,2026-05-25,42099,Perry County,Pennsylvania,PA,quiet,0.000106,1692,44,501+,0.07,0.000434,2015,48,501+,0.08,0.037324,0.046092,0,0,0,,0.96577017,2023-24
2026-05-18,2026-05-25,35051,Sierra County,New Mexico,NM,quiet,0.000105,1693,20,501+,0.07,0.000362,2180,29,501+,0.07,0.037275,0.038587,0,0,0,,0.94,2018-19
2026-05-18,2026-05-25,22009,Avoyelles Parish,Louisiana,LA,quiet,0.000105,1694,33,501+,0.07,0.000573,1793,26,501+,0.11,0.037243,0.060392,0,0,0,,0.972,2021-22
2026-05-18,2026-05-25,27105,Nobles County,Minnesota,MN,quiet,0.000105,1695,69,501+,0.07,0.000696,1636,68,501+,0.14,0.037191,0.072825,0,0,0,,0.895,2023-24
2026-05-18,2026-05-25,27031,Cook County,Minnesota,MN,quiet,0.000105,1696,70,501+,0.07,0.000316,2268,81,501+,0.06,0.037155,0.033761,0,0,0,,0.894,2023-24
2026-05-18,2026-05-25,48337,Montague County,Texas,TX,quiet,0.000105,1697,183,501+,0.07,0.001802,959,93,501+,0.35,0.037115,0.172913,0,0,0,,0.85201794,2023-24
2026-05-18,2026-05-25,40011,Blaine County,Oklahoma,OK,quiet,0.000105,1698,37,501+,0.07,0.000455,1975,54,501+,0.09,0.037097,0.048316,0,0,0,,0.8539,2023-24
2026-05-18,2026-05-25,20121,Miami County,Kansas,KS,quiet,0.000105,1699,49,501+,0.07,0.00158,1050,18,501+,0.31,0.037087,0.154374,0,0,0,,0.89,2023-24
2026-05-18,2026-05-25,20135,Ness County,Kansas,KS,quiet,0.000105,1700,50,501+,0.07,0.000715,1617,45,501+,0.14,0.037038,0.074698,0,0,0,,0.89,2023-24
2026-05-18,2026-05-25,47063,Hamblen County,Tennessee,TN,quiet,0.000105,1701,37,501+,0.07,0.000975,1367,33,501+,0.19,0.036973,0.099973,0,0,0,,0.929,2023-24
2026-05-18,2026-05-25,05031,Craighead County,Arkansas,AR,quiet,0.000104,1702,18,501+,0.07,0.000872,1457,15,501+,0.17,0.036889,0.090177,0,0,0,,,
2026-05-18,2026-05-25,37157,Rockingham County,North Carolina,NC,quiet,0.000104,1703,57,501+,0.07,0.000948,1393,54,501+,0.19,0.036883,0.097409,0,0,0,,0.96215596,2022-23
2026-05-18,2026-05-25,40097,Mayes County,Oklahoma,OK,quiet,0.000104,1704,38,501+,0.07,0.000924,1413,30,501+,0.18,0.036877,0.095141,0,0,0,,0.9313,2023-24
2026-05-18,2026-05-25,35005,Chaves County,New Mexico,NM,quiet,0.000104,1705,21,501+,0.07,0.001671,1021,16,501+,0.33,0.036838,0.162053,0,0,1,58,0.95,2018-19
2026-05-18,2026-05-25,46071,Jackson County,South Dakota,SD,quiet,0.000104,1706,34,501+,0.07,0.000507,1889,44,501+,0.1,0.036824,0.053722,0,0,0,,0.98,2023-24
2026-05-18,2026-05-25,27161,Waseca County,Minnesota,MN,quiet,0.000104,1707,71,501+,0.07,0.000617,1740,70,501+,0.12,0.036816,0.064892,0,0,0,,0.934,2023-24
2026-05-18,2026-05-25,39091,Logan County,Ohio,OH,quiet,0.000104,1708,50,501+,0.07,0.002466,788,22,501+,0.48,0.036811,0.224029,0,0,0,,,
2026-05-18,2026-05-25,48057,Calhoun County,Texas,TX,quiet,0.000104,1709,184,501+,0.07,0.000301,2315,234,501+,0.06,0.036796,0.032108,0,0,0,,0.98717949,2023-24
2026-05-18,2026-05-25,29187,St. Francois County,Missouri,MO,quiet,0.000104,1710,39,501+,0.07,0.001844,952,22,501+,0.36,0.036779,0.176281,0,0,0,,0.929,2023-24
2026-05-18,2026-05-25,51163,Rockbridge County,Virginia,VA,quiet,0.000104,1711,67,501+,0.07,0.00038,2134,73,501+,0.07,0.036751,0.040494,0,0,0,,0.964,2023-24
2026-05-18,2026-05-25,01061,Geneva County,Alabama,AL,quiet,0.000104,1712,30,501+,0.07,0.00032,2262,41,501+,0.06,0.036668,0.03411,0,0,0,,0.9785,2022-23
2026-05-18,2026-05-25,06015,Del Norte County,California,CA,quiet,0.000103,1713,55,501+,0.07,0.000615,1745,53,501+,0.12,0.036571,0.064672,0,0,0,,0.91964,2023-24
2026-05-18,2026-05-25,13207,Monroe County,Georgia,GA,quiet,0.000103,1714,50,501+,0.07,0.000596,1762,60,501+,0.12,0.036569,0.062744,0,0,0,,,
2026-05-18,2026-05-25,02195,Petersburg Borough,Alaska,AK,quiet,0.000103,1715,20,501+,0.07,0.001093,1302,9,501+,0.21,0.036565,0.111072,0,0,0,,,
2026-05-18,2026-05-25,12067,Lafayette County,Florida,FL,quiet,0.000103,1716,61,501+,0.07,0.000441,1998,61,501+,0.09,0.036564,0.046816,0,0,0,,0.911,2022-23
2026-05-18,2026-05-25,17009,Brown County,Illinois,IL,quiet,0.000103,1717,39,501+,0.07,0.000404,2074,55,501+,0.08,0.036529,0.043009,0,0,0,,,
2026-05-18,2026-05-25,40137,Stephens County,Oklahoma,OK,quiet,0.000103,1718,39,501+,0.07,0.001975,910,13,501+,0.39,0.036504,0.186798,0,0,0,,0.928,2023-24
2026-05-18,2026-05-25,48143,Erath County,Texas,TX,quiet,0.000103,1719,185,501+,0.07,0.001489,1086,112,501+,0.29,0.036492,0.146562,0,0,1,61,0.93939394,2023-24
2026-05-18,2026-05-25,40073,Kingfisher County,Oklahoma,OK,quiet,0.000103,1720,40,501+,0.07,0.001793,960,15,501+,0.35,0.03646,0.172135,0,0,0,,0.8669,2023-24
2026-05-18,2026-05-25,19079,Hamilton County,Iowa,IA,quiet,0.000103,1721,25,501+,0.07,0.000517,1873,34,501+,0.1,0.036399,0.05473,0,0,0,,0.7173913,2023-24
2026-05-18,2026-05-25,28071,Lafayette County,Mississippi,MS,quiet,0.000103,1722,21,501+,0.07,0.000595,1763,15,501+,0.12,0.036353,0.062723,0,0,0,,,
2026-05-18,2026-05-25,31001,Adams County,Nebraska,NE,quiet,0.000103,1723,25,501+,0.07,0.000638,1715,34,501+,0.12,0.03632,0.067008,0,0,0,,,
2026-05-18,2026-05-25,29175,Randolph County,Missouri,MO,quiet,0.000103,1724,40,501+,0.07,0.000377,2150,71,501+,0.07,0.036289,0.040095,0,0,0,,0.911,2023-24
2026-05-18,2026-05-25,48387,Red River County,Texas,TX,quiet,0.000102,1725,186,501+,0.07,0.000769,1561,174,501+,0.15,0.036261,0.080074,0,0,0,,0.91056911,2023-24
2026-05-18,2026-05-25,02066,Copper River Census Area,Alaska,AK,quiet,0.000102,1726,21,501+,0.07,0.000564,1811,16,501+,0.11,0.03624,0.059499,0,0,0,,,
2026-05-18,2026-05-25,48169,Garza County,Texas,TX,quiet,0.000102,1727,187,501+,0.07,0.000835,1499,166,501+,0.16,0.036219,0.086501,0,0,2,59,0.97142857,2023-24
2026-05-18,2026-05-25,51053,Dinwiddie County,Virginia,VA,quiet,0.000102,1728,68,501+,0.07,0.0005,1903,59,501+,0.1,0.036104,0.052988,0,0,0,,0.915,2023-24
2026-05-18,2026-05-25,12007,Bradford County,Florida,FL,quiet,0.000102,1729,62,501+,0.07,0.000651,1701,56,501+,0.13,0.036071,0.068333,0,0,0,,0.937,2022-23
2026-05-18,2026-05-25,22039,Evangeline Parish,Louisiana,LA,quiet,0.000102,1730,34,501+,0.07,0.000211,2539,46,501+,0.04,0.036054,0.022512,0,0,0,,0.923,2021-22
2026-05-18,2026-05-25,48275,Knox County,Texas,TX,quiet,0.000102,1731,188,501+,0.07,0.00071,1625,181,501+,0.14,0.036001,0.074208,0,0,0,,0.94594595,2023-24
2026-05-18,2026-05-25,55113,Sawyer County,Wisconsin,WI,quiet,0.000102,1732,45,501+,0.07,0.001102,1293,37,501+,0.22,0.035954,0.111924,0,0,0,,0.739,2023-24
2026-05-18,2026-05-25,48273,Kleberg County,Texas,TX,quiet,0.000102,1733,189,501+,0.07,0.000979,1364,143,501+,0.19,0.035935,0.100375,0,0,0,,0.96564886,2023-24
2026-05-18,2026-05-25,18051,Gibson County,Indiana,IN,quiet,0.000101,1734,37,501+,0.07,0.000754,1578,36,501+,0.15,0.035906,0.078644,0,0,0,,,
2026-05-18,2026-05-25,20085,Jackson County,Kansas,KS,quiet,0.000101,1735,51,501+,0.07,0.000697,1634,47,501+,0.14,0.035877,0.072971,0,0,0,,0.94,2023-24
2026-05-18,2026-05-25,51033,Caroline County,Virginia,VA,quiet,0.000101,1736,69,501+,0.07,0.000676,1668,46,501+,0.13,0.035747,0.070885,0,0,0,,0.896,2023-24
2026-05-18,2026-05-25,51021,Bland County,Virginia,VA,quiet,0.000101,1737,70,501+,0.07,0.00022,2512,91,501+,0.04,0.035729,0.023513,0,0,0,,0.943,2023-24
2026-05-18,2026-05-25,29221,Washington County,Missouri,MO,quiet,0.000101,1738,41,501+,0.07,0.000738,1597,51,501+,0.14,0.035728,0.076974,0,0,0,,0.901,2023-24
2026-05-18,2026-05-25,28067,Jones County,Mississippi,MS,quiet,0.000101,1739,22,501+,0.07,0.00043,2025,23,501+,0.08,0.035651,0.045654,0,0,0,,,
2026-05-18,2026-05-25,48461,Upton County,Texas,TX,quiet,0.000101,1740,190,501+,0.07,0.001077,1306,139,501+,0.21,0.035592,0.109568,0,0,0,,0.94736842,2023-24
2026-05-18,2026-05-25,24029,Kent County,Maryland,MD,quiet,0.0001,1741,20,501+,0.07,0.000224,2502,20,501+,0.04,0.035573,0.023928,0,0,0,,0.953,2023-24
2026-05-18,2026-05-25,47031,Coffee County,Tennessee,TN,quiet,0.0001,1742,38,501+,0.07,0.001252,1188,28,501+,0.24,0.035454,0.125643,0,0,0,,0.967,2023-24
2026-05-18,2026-05-25,30005,Blaine County,Montana,MT,quiet,0.0001,1743,34,501+,0.07,0.00081,1525,28,501+,0.16,0.035435,0.084102,0,0,0,,,
2026-05-18,2026-05-25,29089,Howard County,Missouri,MO,quiet,0.0001,1744,42,501+,0.07,0.000703,1631,52,501+,0.14,0.035404,0.073526,0,0,0,,0.952,2023-24
2026-05-18,2026-05-25,17155,Putnam County,Illinois,IL,quiet,0.0001,1745,40,501+,0.07,0.000338,2221,62,501+,0.07,0.035394,0.036028,0,0,0,,,
2026-05-18,2026-05-25,13159,Jasper County,Georgia,GA,quiet,0.0001,1746,51,501+,0.07,0.000471,1951,73,501+,0.09,0.035316,0.049915,0,0,0,,,
2026-05-18,2026-05-25,18093,Lawrence County,Indiana,IN,quiet,0.0001,1747,38,501+,0.07,0.000433,2017,52,501+,0.08,0.035315,0.046048,0,0,0,,,
2026-05-18,2026-05-25,47117,Marshall County,Tennessee,TN,quiet,0.0001,1748,39,501+,0.07,0.000961,1379,34,501+,0.19,0.0353,0.098706,0,0,0,,0.933,2023-24
2026-05-18,2026-05-25,20013,Brown County,Kansas,KS,quiet,0.0001,1749,52,501+,0.07,0.000379,2141,77,501+,0.07,0.035295,0.040308,0,0,0,,0.97,2023-24
2026-05-18,2026-05-25,28023,Clarke County,Mississippi,MS,quiet,9.9e-05,1750,23,501+,0.07,0.000671,1675,14,501+,0.13,0.035196,0.070357,0,0,0,,,
2026-05-18,2026-05-25,53069,Wahkiakum County,Washington,WA,quiet,9.9e-05,1751,35,501+,0.07,0.000414,2053,36,501+,0.08,0.035088,0.043998,0,0,0,,0.90625,2023-24
2026-05-18,2026-05-25,22101,St. Mary Parish,Louisiana,LA,quiet,9.9e-05,1752,35,501+,0.07,0.000611,1749,25,501+,0.12,0.035017,0.064337,0,0,0,,0.925,2021-22
2026-05-18,2026-05-25,29185,St. Clair County,Missouri,MO,quiet,9.9e-05,1753,43,501+,0.07,0.0011,1296,38,501+,0.21,0.035001,0.111741,0,0,0,,0.754,2023-24
2026-05-18,2026-05-25,41065,Wasco County,Oregon,OR,quiet,9.8e-05,1754,29,501+,0.07,0.001035,1329,26,501+,0.2,0.034873,0.105652,0,0,0,,0.899,2023-24
2026-05-18,2026-05-25,40025,Cimarron County,Oklahoma,OK,quiet,9.8e-05,1755,41,501+,0.07,0.000498,1909,50,501+,0.1,0.03483,0.052701,0,0,0,,0.8065,2023-24
2026-05-18,2026-05-25,31005,Arthur County,Nebraska,NE,quiet,9.8e-05,1756,26,501+,0.07,0.000428,2030,46,501+,0.08,0.034826,0.045461,0,0,0,,,
2026-05-18,2026-05-25,46073,Jerauld County,South Dakota,SD,quiet,9.8e-05,1757,35,501+,0.07,0.000602,1754,36,501+,0.12,0.034819,0.063353,0,0,0,,0.81,2023-24
2026-05-18,2026-05-25,19127,Marshall County,Iowa,IA,quiet,9.8e-05,1758,26,501+,0.07,0.000857,1477,20,501+,0.17,0.034806,0.08863,0,0,0,,0.88434164,2023-24
2026-05-18,2026-05-25,46127,Union County,South Dakota,SD,quiet,9.8e-05,1759,36,501+,0.07,0.000673,1673,31,501+,0.13,0.034794,0.070513,0,0,0,,0.95,2023-24
2026-05-18,2026-05-25,20049,Elk County,Kansas,KS,quiet,9.8e-05,1760,53,501+,0.07,0.000387,2118,74,501+,0.08,0.034775,0.041212,0,0,0,,0.86,2023-24
2026-05-18,2026-05-25,48363,Palo Pinto County,Texas,TX,quiet,9.8e-05,1761,191,501+,0.07,0.000861,1470,159,501+,0.17,0.03477,0.089064,0,0,0,,0.93982808,2023-24
2026-05-18,2026-05-25,22053,Jefferson Davis Parish,Louisiana,LA,quiet,9.8e-05,1762,36,501+,0.07,0.000187,2623,52,501+,0.04,0.034768,0.019975,0,0,0,,0.932,2021-22
2026-05-18,2026-05-25,31087,Hitchcock County,Nebraska,NE,quiet,9.8e-05,1763,27,501+,0.07,0.000692,1642,32,501+,0.14,0.034765,0.072463,0,0,0,,,
2026-05-18,2026-05-25,26153,Schoolcraft County,Michigan,MI,quiet,9.8e-05,1764,59,501+,0.07,0.000371,2164,62,501+,0.07,0.034698,0.039469,0,0,0,,0.9194,2023-24
2026-05-18,2026-05-25,51097,King and Queen County,Virginia,VA,quiet,9.8e-05,1765,71,501+,0.07,0.000226,2497,89,501+,0.04,0.03467,0.024165,0,0,0,,0.953,2023-24
2026-05-18,2026-05-25,33019,Sullivan County,New Hampshire,NH,quiet,9.8e-05,1766,8,501+,0.07,0.000411,2059,8,501+,0.08,0.034613,0.043729,0,0,0,,,
2026-05-18,2026-05-25,39077,Huron County,Ohio,OH,quiet,9.8e-05,1767,51,501+,0.07,0.00136,1147,40,501+,0.27,0.034613,0.135307,0,0,0,,,
2026-05-18,2026-05-25,42033,Clearfield County,Pennsylvania,PA,quiet,9.7e-05,1768,45,501+,0.07,0.00053,1854,45,501+,0.1,0.034563,0.056071,0,0,0,,0.93284493,2023-24
2026-05-18,2026-05-25,31107,Knox County,Nebraska,NE,quiet,9.7e-05,1769,28,501+,0.07,0.000805,1530,22,501+,0.16,0.034512,0.083649,0,0,0,,,
2026-05-18,2026-05-25,20133,Neosho County,Kansas,KS,quiet,9.7e-05,1770,54,501+,0.07,0.000828,1509,36,501+,0.16,0.034498,0.085833,0,0,0,,0.91,2023-24
2026-05-18,2026-05-25,08033,Dolores County,Colorado,CO,quiet,9.7e-05,1771,44,501+,0.06,0.000372,2160,51,501+,0.07,0.034417,0.03962,0,0,0,,0.5625,2023-24
2026-05-18,2026-05-25,21213,Simpson County,Kentucky,KY,quiet,9.7e-05,1772,24,501+,0.06,0.000656,1696,27,501+,0.13,0.034368,0.06882,0,0,0,,0.954,2022-23
2026-05-18,2026-05-25,35039,Rio Arriba County,New Mexico,NM,quiet,9.7e-05,1773,22,501+,0.06,0.002665,747,13,501+,0.52,0.034276,0.23822,0,0,0,,0.93,2018-19
2026-05-18,2026-05-25,05133,Sevier County,Arkansas,AR,quiet,9.7e-05,1774,19,501+,0.06,0.000887,1442,14,501+,0.17,0.034231,0.091621,0,0,0,,,
2026-05-18,2026-05-25,29149,Oregon County,Missouri,MO,quiet,9.6e-05,1775,44,501+,0.06,0.000911,1424,44,501+,0.18,0.034113,0.093921,0,0,0,,0.9,2023-24
2026-05-18,2026-05-25,21141,Logan County,Kentucky,KY,quiet,9.6e-05,1776,25,501+,0.06,0.000625,1729,29,501+,0.12,0.034042,0.065754,0,0,0,,0.748,2022-23
2026-05-18,2026-05-25,48483,Wheeler County,Texas,TX,quiet,9.6e-05,1777,192,501+,0.06,0.000719,1613,180,501+,0.14,0.034033,0.075109,0,0,0,,0.96296296,2023-24
2026-05-18,2026-05-25,46007,Bennett County,South Dakota,SD,quiet,9.6e-05,1778,37,501+,0.06,0.000337,2223,49,501+,0.07,0.034029,0.035979,0,0,0,,0.73,2023-24
2026-05-18,2026-05-25,13251,Screven County,Georgia,GA,quiet,9.6e-05,1779,52,501+,0.06,0.000236,2478,115,501+,0.05,0.033992,0.025203,0,0,0,,,
2026-05-18,2026-05-25,48319,Mason County,Texas,TX,quiet,9.6e-05,1780,193,501+,0.06,0.000945,1395,148,501+,0.18,0.033977,0.097128,0,0,0,,0.89090909,2023-24
2026-05-18,2026-05-25,51125,Nelson County,Virginia,VA,quiet,9.6e-05,1781,72,501+,0.06,0.000432,2020,63,501+,0.08,0.033977,0.045876,0,0,0,,0.924,2023-24
2026-05-18,2026-05-25,13071,Colquitt County,Georgia,GA,quiet,9.5e-05,1782,53,501+,0.06,0.000556,1824,64,501+,0.11,0.033877,0.058667,0,0,0,,,
2026-05-18,2026-05-25,18023,Clinton County,Indiana,IN,quiet,9.5e-05,1783,39,501+,0.06,0.000678,1665,40,501+,0.13,0.033874,0.07103,0,0,0,,,
2026-05-18,2026-05-25,19189,Winnebago County,Iowa,IA,quiet,9.5e-05,1784,27,501+,0.06,0.000788,1542,23,501+,0.15,0.033855,0.081941,0,0,0,,0.91503268,2023-24
2026-05-18,2026-05-25,48437,Swisher County,Texas,TX,quiet,9.5e-05,1785,194,501+,0.06,0.001296,1171,127,501+,0.25,0.03385,0.129591,0,0,0,,0.95604396,2023-24
2026-05-18,2026-05-25,35055,Taos County,New Mexico,NM,quiet,9.5e-05,1786,23,501+,0.06,0.000868,1462,22,501+,0.17,0.033806,0.0897,0,0,0,,0.85,2018-19
2026-05-18,2026-05-25,51830,Williamsburg City,Virginia,VA,quiet,9.5e-05,1787,73,501+,0.06,0.000243,2454,86,501+,0.05,0.033725,0.025909,0,0,0,,0.893,2023-24
2026-05-18,2026-05-25,48147,Fannin County,Texas,TX,quiet,9.5e-05,1788,195,501+,0.06,0.001148,1256,135,501+,0.22,0.033721,0.11621,0,0,4,44,0.94148936,2023-24
2026-05-18,2026-05-25,36107,Tioga County,New York,NY,quiet,9.5e-05,1789,46,501+,0.06,0.000696,1637,39,501+,0.14,0.03368,0.072807,0,0,0,,0.99430769,2022-23
2026-05-18,2026-05-25,48293,Limestone County,Texas,TX,quiet,9.5e-05,1790,196,501+,0.06,0.000561,1815,199,501+,0.11,0.033653,0.059165,0,0,0,,0.92561984,2023-24
2026-05-18,2026-05-25,37105,Lee County,North Carolina,NC,quiet,9.5e-05,1791,58,501+,0.06,0.000927,1410,56,501+,0.18,0.033568,0.095434,0,0,0,,0.94865526,2022-23
2026-05-18,2026-05-25,17015,Carroll County,Illinois,IL,quiet,9.4e-05,1792,41,501+,0.06,0.000497,1910,47,501+,0.1,0.033538,0.052638,0,0,0,,,
2026-05-18,2026-05-25,21101,Henderson County,Kentucky,KY,quiet,9.4e-05,1793,26,501+,0.06,0.000656,1694,26,501+,0.13,0.033481,0.068878,0,0,0,,0.941,2022-23
2026-05-18,2026-05-25,48425,Somervell County,Texas,TX,quiet,9.4e-05,1794,197,501+,0.06,0.001052,1320,142,501+,0.21,0.033455,0.107244,0,0,0,,0.93103448,2023-24
2026-05-18,2026-05-25,22043,Grant Parish,Louisiana,LA,quiet,9.4e-05,1795,37,501+,0.06,0.000307,2293,40,501+,0.06,0.03345,0.032749,0,0,0,,0.977,2021-22
2026-05-18,2026-05-25,13221,Oglethorpe County,Georgia,GA,quiet,9.4e-05,1796,54,501+,0.06,0.000625,1730,56,501+,0.12,0.033401,0.06575,0,0,0,,,
2026-05-18,2026-05-25,48175,Goliad County,Texas,TX,quiet,9.4e-05,1797,198,501+,0.06,0.000658,1690,188,501+,0.13,0.0334,0.069034,0,0,0,,0.93243243,2023-24
2026-05-18,2026-05-25,38065,Oliver County,North Dakota,ND,quiet,9.4e-05,1798,41,501+,0.06,0.000361,2186,39,501+,0.07,0.03338,0.038413,0,0,0,,0.9091,2023-24
2026-05-18,2026-05-25,26019,Benzie County,Michigan,MI,quiet,9.4e-05,1799,60,501+,0.06,0.001263,1184,38,501+,0.25,0.033376,0.126664,0,0,0,,0.88,2023-24
2026-05-18,2026-05-25,51127,New Kent County,Virginia,VA,quiet,9.4e-05,1800,74,501+,0.06,0.000236,2477,88,501+,0.05,0.033362,0.025204,0,0,0,,0.913,2023-24
2026-05-18,2026-05-25,51029,Buckingham County,Virginia,VA,quiet,9.4e-05,1801,75,501+,0.06,0.000354,2193,74,501+,0.07,0.033352,0.037727,0,0,0,,0.863,2023-24
2026-05-18,2026-05-25,51680,Lynchburg City,Virginia,VA,quiet,9.4e-05,1802,76,501+,0.06,0.000325,2250,76,501+,0.06,0.033339,0.034613,0,0,0,,0.522,2023-24
2026-05-18,2026-05-25,19091,Humboldt County,Iowa,IA,quiet,9.4e-05,1803,28,501+,0.06,0.000377,2149,49,501+,0.07,0.033283,0.040116,0,0,0,,0.74615385,2023-24
2026-05-18,2026-05-25,13059,Clarke County,Georgia,GA,quiet,9.4e-05,1804,55,501+,0.06,0.000346,2204,90,501+,0.07,0.033275,0.036916,0,0,0,,,
2026-05-18,2026-05-25,48107,Crosby County,Texas,TX,quiet,9.4e-05,1805,199,501+,0.06,0.000971,1370,144,501+,0.19,0.033273,0.099658,0,0,0,,0.96363636,2023-24
2026-05-18,2026-05-25,41057,Tillamook County,Oregon,OR,quiet,9.4e-05,1806,30,501+,0.06,0.000704,1629,30,501+,0.14,0.033271,0.073622,0,0,0,,0.902,2023-24
2026-05-18,2026-05-25,40059,Harper County,Oklahoma,OK,quiet,9.4e-05,1807,42,501+,0.06,0.00043,2024,56,501+,0.08,0.033234,0.045672,0,0,0,,0.9722,2023-24
2026-05-18,2026-05-25,29083,Henry County,Missouri,MO,quiet,9.4e-05,1808,45,501+,0.06,0.000315,2271,79,501+,0.06,0.03321,0.033591,0,0,0,,0.844,2023-24
2026-05-18,2026-05-25,48377,Presidio County,Texas,TX,quiet,9.3e-05,1809,200,501+,0.06,0.00054,1838,200,501+,0.11,0.033163,0.057101,0,0,0,,0.90740741,2023-24
2026-05-18,2026-05-25,17041,Douglas County,Illinois,IL,quiet,9.3e-05,1810,42,501+,0.06,0.000663,1685,37,501+,0.13,0.033156,0.069518,0,0,0,,,
2026-05-18,2026-05-25,51083,Halifax County,Virginia,VA,quiet,9.3e-05,1811,77,501+,0.06,0.000595,1764,50,501+,0.12,0.033122,0.06272,0,0,0,,0.833,2023-24
2026-05-18,2026-05-25,20099,Labette County,Kansas,KS,quiet,9.3e-05,1812,55,501+,0.06,0.000514,1880,64,501+,0.1,0.033103,0.05436,0,0,0,,0.95,2023-24
2026-05-18,2026-05-25,48241,Jasper County,Texas,TX,quiet,9.3e-05,1813,201,501+,0.06,0.000459,1966,213,501+,0.09,0.033097,0.048701,0,0,0,,0.89757412,2023-24
2026-05-18,2026-05-25,38011,Bowman County,North Dakota,ND,quiet,9.3e-05,1814,42,501+,0.06,0.000474,1946,37,501+,0.09,0.033032,0.050251,0,0,0,,0.9412,2023-24
2026-05-18,2026-05-25,37199,Yancey County,North Carolina,NC,quiet,9.3e-05,1815,59,501+,0.06,0.000648,1706,67,501+,0.13,0.033023,0.067999,0,0,0,,0.99333333,2022-23
2026-05-18,2026-05-25,27101,Murray County,Minnesota,MN,quiet,9.3e-05,1816,72,501+,0.06,0.000846,1488,63,501+,0.17,0.032939,0.087636,0,0,0,,0.969,2023-24
2026-05-18,2026-05-25,36039,Greene County,New York,NY,quiet,9.3e-05,1817,47,501+,0.06,0.000485,1930,46,501+,0.09,0.032935,0.051443,0,0,0,,0.99704167,2022-23
2026-05-18,2026-05-25,29161,Phelps County,Missouri,MO,quiet,9.3e-05,1818,46,501+,0.06,0.001149,1255,36,501+,0.22,0.032923,0.116265,0,0,0,,0.936,2023-24
2026-05-18,2026-05-25,55017,Chippewa County,Wisconsin,WI,quiet,9.3e-05,1819,46,501+,0.06,0.000866,1466,39,501+,0.17,0.032893,0.089511,0,0,0,,0.768,2023-24
2026-05-18,2026-05-25,05069,Jefferson County,Arkansas,AR,quiet,9.2e-05,1820,20,501+,0.06,0.000807,1528,18,501+,0.16,0.032817,0.083819,0,0,0,,,
2026-05-18,2026-05-25,20007,Barber County,Kansas,KS,quiet,9.2e-05,1821,56,501+,0.06,0.000551,1830,59,501+,0.11,0.032758,0.058214,0,0,0,,0.81,2023-24
2026-05-18,2026-05-25,21167,Mercer County,Kentucky,KY,quiet,9.2e-05,1822,27,501+,0.06,0.001204,1226,20,501+,0.24,0.032645,0.121333,0,0,0,,0.935,2022-23
2026-05-18,2026-05-25,13133,Greene County,Georgia,GA,quiet,9.2e-05,1823,56,501+,0.06,0.000497,1912,68,501+,0.1,0.032612,0.052593,0,0,0,,,
2026-05-18,2026-05-25,13119,Franklin County,Georgia,GA,quiet,9.2e-05,1824,57,501+,0.06,0.000496,1913,69,501+,0.1,0.03256,0.052584,0,0,0,,,
2026-05-18,2026-05-25,29063,DeKalb County,Missouri,MO,quiet,9.2e-05,1825,47,501+,0.06,0.000378,2144,70,501+,0.07,0.032529,0.040266,0,0,0,,0.948,2023-24
2026-05-18,2026-05-25,08093,Park County,Colorado,CO,quiet,9.1e-05,1826,45,501+,0.06,0.00076,1568,43,501+,0.15,0.032487,0.079175,0,0,0,,0.8706,2023-24
2026-05-18,2026-05-25,48235,Irion County,Texas,TX,quiet,9.1e-05,1827,202,501+,0.06,0.000441,2001,217,501+,0.09,0.032475,0.046802,0,0,0,,0.92,2023-24
2026-05-18,2026-05-25,48345,Motley County,Texas,TX,quiet,9.1e-05,1828,203,501+,0.06,0.000339,2218,230,501+,0.07,0.032429,0.036129,0,0,0,,0.93333333,2023-24
2026-05-18,2026-05-25,05101,Newton County,Arkansas,AR,quiet,9.1e-05,1829,21,501+,0.06,0.000678,1664,20,501+,0.13,0.032386,0.07107,0,0,0,,,
2026-05-18,2026-05-25,47051,Franklin County,Tennessee,TN,quiet,9.1e-05,1830,40,501+,0.06,0.000934,1404,37,501+,0.18,0.032374,0.096137,0,0,0,,0.958,2023-24
2026-05-18,2026-05-25,40151,Woods County,Oklahoma,OK,quiet,9.1e-05,1831,43,501+,0.06,0.000504,1895,46,501+,0.1,0.032358,0.053332,0,0,0,,0.9485,2023-24
2026-05-18,2026-05-25,48391,Refugio County,Texas,TX,quiet,9.1e-05,1832,204,501+,0.06,0.00082,1516,170,501+,0.16,0.032347,0.085046,0,0,0,,0.96341463,2023-24
2026-05-18,2026-05-25,48011,Armstrong County,Texas,TX,quiet,9.1e-05,1833,205,501+,0.06,0.000306,2295,232,501+,0.06,0.03219,0.032704,0,0,0,,0.96,2023-24
2026-05-18,2026-05-25,36015,Chemung County,New York,NY,quiet,9e-05,1834,48,501+,0.06,0.000418,2045,48,501+,0.08,0.032141,0.044489,0,0,0,,0.997625,2022-23
2026-05-18,2026-05-25,28085,Lincoln County,Mississippi,MS,quiet,9e-05,1835,24,501+,0.06,0.000345,2207,31,501+,0.07,0.03213,0.036809,0,0,0,,,
2026-05-18,2026-05-25,28051,Holmes County,Mississippi,MS,quiet,9e-05,1836,25,501+,0.06,0.000167,2683,67,501+,0.03,0.032054,0.017757,0,0,0,,,
2026-05-18,2026-05-25,17169,Schuyler County,Illinois,IL,quiet,9e-05,1837,43,501+,0.06,0.000625,1732,39,501+,0.12,0.032037,0.065695,0,0,0,,,
2026-05-18,2026-05-25,28057,Itawamba County,Mississippi,MS,quiet,9e-05,1838,26,501+,0.06,0.000394,2096,26,501+,0.08,0.032027,0.041976,0,0,0,,,
2026-05-18,2026-05-25,40041,Delaware County,Oklahoma,OK,quiet,9e-05,1839,44,501+,0.06,0.000697,1635,37,501+,0.14,0.031991,0.072955,0,0,0,,0.9267,2023-24
2026-05-18,2026-05-25,20083,Hodgeman County,Kansas,KS,quiet,8.9e-05,1840,57,501+,0.06,0.000567,1800,57,501+,0.11,0.031823,0.059845,0,0,0,,0.8,2023-24
2026-05-18,2026-05-25,20095,Kingman County,Kansas,KS,quiet,8.9e-05,1841,58,501+,0.06,0.000759,1571,44,501+,0.15,0.031818,0.0791,0,0,0,,0.73,2023-24
2026-05-18,2026-05-25,40019,Carter County,Oklahoma,OK,quiet,8.9e-05,1842,45,501+,0.06,0.000668,1680,38,501+,0.13,0.031814,0.070047,0,0,0,,0.8881,2023-24
2026-05-18,2026-05-25,16023,Butte County,Idaho,ID,quiet,8.9e-05,1843,40,501+,0.06,0.000635,1719,41,501+,0.12,0.031736,0.066704,0,0,0,,,
2026-05-18,2026-05-25,18133,Putnam County,Indiana,IN,quiet,8.9e-05,1844,40,501+,0.06,0.001761,975,19,501+,0.34,0.031733,0.169544,0,0,1,45,,
2026-05-18,2026-05-25,48063,Camp County,Texas,TX,quiet,8.9e-05,1845,206,501+,0.06,0.000866,1464,158,501+,0.17,0.031657,0.08957,0,0,0,,0.95428571,2023-24
2026-05-18,2026-05-25,12065,Jefferson County,Florida,FL,quiet,8.9e-05,1846,63,501+,0.06,0.000399,2091,62,501+,0.08,0.031621,0.042411,0,0,0,,0.93,2022-23
2026-05-18,2026-05-25,48413,Schleicher County,Texas,TX,quiet,8.9e-05,1847,207,501+,0.06,0.000453,1979,214,501+,0.09,0.031603,0.048135,0,0,0,,1.0,2023-24
2026-05-18,2026-05-25,13069,Coffee County,Georgia,GA,quiet,8.9e-05,1848,58,501+,0.06,0.000323,2255,97,501+,0.06,0.031564,0.034492,0,0,0,,,
2026-05-18,2026-05-25,29053,Cooper County,Missouri,MO,quiet,8.9e-05,1849,48,501+,0.06,0.000476,1940,63,501+,0.09,0.03154,0.050499,0,0,0,,0.853,2023-24
2026-05-18,2026-05-25,51678,Lexington City,Virginia,VA,quiet,8.9e-05,1850,78,501+,0.06,0.000221,2511,90,501+,0.04,0.031507,0.023565,0,0,0,,0.942,2023-24
2026-05-18,2026-05-25,27097,Morrison County,Minnesota,MN,quiet,8.8e-05,1851,73,501+,0.06,0.00037,2165,78,501+,0.07,0.031491,0.039406,0,0,0,,0.903,2023-24
2026-05-18,2026-05-25,19025,Calhoun County,Iowa,IA,quiet,8.8e-05,1852,29,501+,0.06,0.00067,1676,26,501+,0.13,0.031463,0.070264,0,0,0,,0.90384615,2023-24
2026-05-18,2026-05-25,40067,Jefferson County,Oklahoma,OK,quiet,8.8e-05,1853,46,501+,0.06,0.001177,1241,26,501+,0.23,0.031453,0.118837,0,0,0,,0.9245,2023-24
2026-05-18,2026-05-25,17057,Fulton County,Illinois,IL,quiet,8.8e-05,1854,44,501+,0.06,0.000371,2161,60,501+,0.07,0.031415,0.039539,0,0,0,,,
2026-05-18,2026-05-25,18021,Clay County,Indiana,IN,quiet,8.8e-05,1855,41,501+,0.06,0.000195,2600,64,501+,0.04,0.031407,0.020816,0,0,0,,,
2026-05-18,2026-05-25,39005,Ashland County,Ohio,OH,quiet,8.8e-05,1856,52,501+,0.06,0.000682,1656,56,501+,0.13,0.031386,0.071427,0,0,0,,,
2026-05-18,2026-05-25,42015,Bradford County,Pennsylvania,PA,quiet,8.8e-05,1857,46,501+,0.06,0.00046,1964,47,501+,0.09,0.031369,0.048784,0,0,0,,0.89550073,2023-24
2026-05-18,2026-05-25,31137,Phelps County,Nebraska,NE,quiet,8.8e-05,1858,29,501+,0.06,0.000744,1591,26,501+,0.15,0.031351,0.077618,0,0,0,,,
2026-05-18,2026-05-25,20151,Pratt County,Kansas,KS,quiet,8.8e-05,1859,59,501+,0.06,0.000821,1514,38,501+,0.16,0.031297,0.085134,0,0,0,,0.9,2023-24
2026-05-18,2026-05-25,29057,Dade County,Missouri,MO,quiet,8.8e-05,1860,49,501+,0.06,0.001041,1325,39,501+,0.2,0.031281,0.106213,0,0,0,,0.935,2023-24
2026-05-18,2026-05-25,05033,Crawford County,Arkansas,AR,quiet,8.8e-05,1861,22,501+,0.06,0.000862,1468,16,501+,0.17,0.031166,0.089122,0,0,0,,,
2026-05-18,2026-05-25,31017,Brown County,Nebraska,NE,quiet,8.7e-05,1862,30,501+,0.06,0.000302,2313,60,501+,0.06,0.031125,0.032211,0,0,0,,,
2026-05-18,2026-05-25,18001,Adams County,Indiana,IN,quiet,8.7e-05,1863,42,501+,0.06,0.000959,1382,30,501+,0.19,0.031113,0.098498,0,0,0,,,
2026-05-18,2026-05-25,24011,Caroline County,Maryland,MD,quiet,8.7e-05,1864,21,501+,0.06,0.000217,2524,21,501+,0.04,0.0311,0.023144,0,0,0,,0.9947,2023-24
2026-05-18,2026-05-25,21075,Fulton County,Kentucky,KY,quiet,8.7e-05,1865,28,501+,0.06,0.000302,2312,42,501+,0.06,0.031034,0.032232,0,0,0,,0.953,2022-23
2026-05-18,2026-05-25,19157,Poweshiek County,Iowa,IA,quiet,8.7e-05,1866,30,501+,0.06,0.000568,1799,30,501+,0.11,0.030954,0.059924,0,0,0,,0.93010753,2023-24
2026-05-18,2026-05-25,13275,Thomas County,Georgia,GA,quiet,8.7e-05,1867,59,501+,0.06,0.000368,2167,86,501+,0.07,0.030874,0.039253,0,0,0,,,
2026-05-18,2026-05-25,20129,Morton County,Kansas,KS,quiet,8.7e-05,1868,60,501+,0.06,0.00092,1418,32,501+,0.18,0.030868,0.094726,0,0,0,,0.82,2023-24
2026-05-18,2026-05-25,37043,Clay County,North Carolina,NC,quiet,8.7e-05,1869,60,501+,0.06,0.000832,1503,61,501+,0.16,0.030845,0.086268,0,0,0,,0.9537037,2022-23
2026-05-18,2026-05-25,28065,Jefferson Davis County,Mississippi,MS,quiet,8.6e-05,1870,27,501+,0.06,0.000203,2570,55,501+,0.04,0.030722,0.021644,0,0,0,,,
2026-05-18,2026-05-25,26095,Luce County,Michigan,MI,quiet,8.6e-05,1871,61,501+,0.06,0.000433,2016,60,501+,0.08,0.030653,0.046054,0,0,0,,0.94,2023-24
2026-05-18,2026-05-25,48455,Trinity County,Texas,TX,quiet,8.6e-05,1872,208,501+,0.06,0.000479,1936,209,501+,0.09,0.03064,0.050825,0,0,0,,0.9112426,2023-24
2026-05-18,2026-05-25,31065,Furnas County,Nebraska,NE,quiet,8.6e-05,1873,31,501+,0.06,0.000506,1892,42,501+,0.1,0.03053,0.053597,0,0,0,,,
2026-05-18,2026-05-25,22059,LaSalle Parish,Louisiana,LA,quiet,8.6e-05,1874,38,501+,0.06,0.000293,2335,42,501+,0.06,0.03052,0.031232,0,0,0,,0.948,2021-22
2026-05-18,2026-05-25,31143,Polk County,Nebraska,NE,quiet,8.6e-05,1875,32,501+,0.06,0.000597,1760,35,501+,0.12,0.030489,0.062834,0,0,0,,,
2026-05-18,2026-05-25,22007,Assumption Parish,Louisiana,LA,quiet,8.5e-05,1876,39,501+,0.06,0.000195,2601,50,501+,0.04,0.030423,0.020807,0,0,0,,0.984,2021-22
2026-05-18,2026-05-25,26009,Antrim County,Michigan,MI,quiet,8.5e-05,1877,62,501+,0.06,0.000797,1538,51,501+,0.16,0.030371,0.082834,0,0,0,,0.8166,2023-24
2026-05-18,2026-05-25,01047,Dallas County,Alabama,AL,quiet,8.5e-05,1878,31,501+,0.06,0.000829,1507,27,501+,0.16,0.030322,0.08592,0,0,0,,0.9353,2022-23
2026-05-18,2026-05-25,30097,Sweet Grass County,Montana,MT,quiet,8.5e-05,1879,35,501+,0.06,0.000686,1652,32,501+,0.13,0.03021,0.071876,0,0,0,,,
2026-05-18,2026-05-25,40099,Murray County,Oklahoma,OK,quiet,8.4e-05,1880,47,501+,0.06,0.000382,2127,61,501+,0.07,0.03003,0.040656,0,0,0,,0.7943,2023-24
2026-05-18,2026-05-25,22001,Acadia Parish,Louisiana,LA,quiet,8.4e-05,1881,40,501+,0.06,0.000287,2344,43,501+,0.06,0.030022,0.030677,0,0,0,,0.902,2021-22
2026-05-18,2026-05-25,20027,Clay County,Kansas,KS,quiet,8.4e-05,1882,61,501+,0.06,0.000825,1512,37,501+,0.16,0.030014,0.085556,0,0,0,,0.88,2023-24
2026-05-18,2026-05-25,22025,Catahoula Parish,Louisiana,LA,quiet,8.4e-05,1883,41,501+,0.06,0.000717,1614,22,501+,0.14,0.030008,0.074937,0,0,0,,0.954,2021-22
2026-05-18,2026-05-25,29219,Warren County,Missouri,MO,quiet,8.4e-05,1884,50,501+,0.06,0.000845,1490,47,501+,0.17,0.029996,0.087558,0,0,0,,0.924,2023-24
2026-05-18,2026-05-25,20131,Nemaha County,Kansas,KS,quiet,8.4e-05,1885,62,501+,0.06,0.000277,2366,93,501+,0.05,0.029886,0.029526,0,0,0,,0.95,2023-24
2026-05-18,2026-05-25,29167,Polk County,Missouri,MO,quiet,8.4e-05,1886,51,501+,0.06,0.000538,1840,59,501+,0.1,0.029863,0.05681,0,0,0,,0.906,2023-24
2026-05-18,2026-05-25,48065,Carson County,Texas,TX,quiet,8.4e-05,1887,209,501+,0.06,0.001362,1146,120,501+,0.27,0.02986,0.135455,0,0,1,53,0.91666667,2023-24
2026-05-18,2026-05-25,29023,Butler County,Missouri,MO,quiet,8.4e-05,1888,52,501+,0.06,0.000883,1446,46,501+,0.17,0.029779,0.091225,0,0,0,,0.872,2023-24
2026-05-18,2026-05-25,55121,Trempealeau County,Wisconsin,WI,quiet,8.3e-05,1889,47,501+,0.06,0.00041,2061,51,501+,0.08,0.029756,0.043645,0,0,0,,0.77,2023-24
2026-05-18,2026-05-25,19047,Crawford County,Iowa,IA,quiet,8.3e-05,1890,31,501+,0.06,0.000379,2140,48,501+,0.07,0.029746,0.040324,0,0,0,,0.95780591,2023-24
2026-05-18,2026-05-25,28001,Adams County,Mississippi,MS,quiet,8.3e-05,1891,28,501+,0.06,0.000176,2661,64,501+,0.03,0.029738,0.01871,0,0,0,,,
2026-05-18,2026-05-25,01051,Elmore County,Alabama,AL,quiet,8.3e-05,1892,32,501+,0.06,0.00119,1233,20,501+,0.23,0.029683,0.120035,0,0,0,,0.9357,2022-23
2026-05-18,2026-05-25,48191,Hall County,Texas,TX,quiet,8.3e-05,1893,210,501+,0.06,0.000277,2365,236,501+,0.05,0.029595,0.029528,0,0,0,,0.70588235,2023-24
2026-05-18,2026-05-25,48247,Jim Hogg County,Texas,TX,quiet,8.3e-05,1894,211,501+,0.06,0.000416,2048,222,501+,0.08,0.029546,0.044193,0,0,0,,0.81818182,2023-24
2026-05-18,2026-05-25,37017,Bladen County,North Carolina,NC,quiet,8.3e-05,1895,61,501+,0.06,0.000404,2075,80,501+,0.08,0.029539,0.042989,0,0,0,,0.92920354,2022-23
2026-05-18,2026-05-25,46101,Moody County,South Dakota,SD,quiet,8.3e-05,1896,38,501+,0.06,0.000763,1566,25,501+,0.15,0.029532,0.07944,0,0,0,,0.89,2023-24
2026-05-18,2026-05-25,29171,Putnam County,Missouri,MO,quiet,8.3e-05,1897,53,501+,0.06,0.000228,2493,86,501+,0.04,0.029468,0.024306,0,0,0,,0.985,2023-24
2026-05-18,2026-05-25,45031,Darlington County,South Carolina,SC,quiet,8.2e-05,1898,33,501+,0.06,0.000928,1409,31,501+,0.18,0.029426,0.095486,0,0,0,,0.981,2023-24
2026-05-18,2026-05-25,37013,Beaufort County,North Carolina,NC,quiet,8.2e-05,1899,62,501+,0.06,0.000665,1683,65,501+,0.13,0.029404,0.069767,0,0,0,,0.9426087,2022-23
2026-05-18,2026-05-25,29055,Crawford County,Missouri,MO,quiet,8.2e-05,1900,54,501+,0.06,0.000963,1377,43,501+,0.19,0.029355,0.098832,0,0,0,,0.885,2023-24
2026-05-18,2026-05-25,51735,Poquoson City,Virginia,VA,quiet,8.2e-05,1901,79,501+,0.05,0.000261,2398,82,501+,0.05,0.029314,0.027898,0,0,0,,0.777,2022-23
2026-05-18,2026-05-25,48179,Gray County,Texas,TX,quiet,8.2e-05,1902,212,501+,0.05,0.000449,1988,215,501+,0.09,0.029291,0.047653,0,0,0,,0.90666667,2023-24
2026-05-18,2026-05-25,31099,Kearney County,Nebraska,NE,quiet,8.2e-05,1903,33,501+,0.05,0.000758,1573,25,501+,0.15,0.02927,0.078992,0,0,0,,,
2026-05-18,2026-05-25,22111,Union Parish,Louisiana,LA,quiet,8.2e-05,1904,42,501+,0.05,0.000162,2702,54,501+,0.03,0.029162,0.01724,0,0,0,,0.864,2021-22
2026-05-18,2026-05-25,40129,Roger Mills County,Oklahoma,OK,quiet,8.2e-05,1905,48,501+,0.05,0.00027,2379,69,501+,0.05,0.029121,0.028833,0,0,0,,0.9118,2023-24
2026-05-18,2026-05-25,01127,Walker County,Alabama,AL,quiet,8.2e-05,1906,33,501+,0.05,0.000534,1851,32,501+,0.1,0.029121,0.056425,0,0,0,,0.9605,2022-23
2026-05-18,2026-05-25,19095,Iowa County,Iowa,IA,quiet,8.2e-05,1907,32,501+,0.05,0.000477,1939,37,501+,0.09,0.029113,0.050556,0,0,0,,0.945,2023-24
2026-05-18,2026-05-25,13277,Tift County,Georgia,GA,quiet,8.1e-05,1908,60,501+,0.05,0.000207,2552,125,501+,0.04,0.029075,0.022132,0,0,0,,,
2026-05-18,2026-05-25,48237,Jack County,Texas,TX,quiet,8.1e-05,1909,213,501+,0.05,0.00086,1472,161,501+,0.17,0.029074,0.088973,0,0,0,,0.92660551,2023-24
2026-05-18,2026-05-25,47115,Marion County,Tennessee,TN,quiet,8.1e-05,1910,41,501+,0.05,0.00021,2542,70,501+,0.04,0.029054,0.022435,0,0,0,,0.965,2023-24
2026-05-18,2026-05-25,37093,Hoke County,North Carolina,NC,quiet,8.1e-05,1911,63,501+,0.05,0.00088,1449,58,501+,0.17,0.028994,0.090884,0,0,0,,0.85887709,2022-23
2026-05-18,2026-05-25,13289,Twiggs County,Georgia,GA,quiet,8.1e-05,1912,61,501+,0.05,0.000309,2286,100,501+,0.06,0.028961,0.032989,0,0,0,,,
2026-05-18,2026-05-25,13311,White County,Georgia,GA,quiet,8.1e-05,1913,62,501+,0.05,0.000713,1619,48,501+,0.14,0.028915,0.074538,0,0,0,,,
2026-05-18,2026-05-25,37107,Lenoir County,North Carolina,NC,quiet,8.1e-05,1914,64,501+,0.05,0.000998,1351,50,501+,0.19,0.028893,0.102145,0,0,0,,0.95776772,2022-23
2026-05-18,2026-05-25,27001,Aitkin County,Minnesota,MN,quiet,8.1e-05,1915,74,501+,0.05,0.000365,2172,79,501+,0.07,0.028877,0.038925,0,0,0,,0.789,2023-24
2026-05-18,2026-05-25,13149,Heard County,Georgia,GA,quiet,8.1e-05,1916,63,501+,0.05,0.000836,1498,41,501+,0.16,0.028871,0.086611,0,0,0,,,
2026-05-18,2026-05-25,17029,Coles County,Illinois,IL,quiet,8.1e-05,1917,45,501+,0.05,0.000944,1396,32,501+,0.18,0.02886,0.097028,0,0,0,,,
2026-05-18,2026-05-25,30075,Powder River County,Montana,MT,quiet,8.1e-05,1918,36,501+,0.05,0.000314,2274,42,501+,0.06,0.02882,0.033463,0,0,0,,,
2026-05-18,2026-05-25,48105,Crockett County,Texas,TX,quiet,8.1e-05,1919,214,501+,0.05,0.00085,1484,165,501+,0.17,0.028796,0.088045,0,0,0,,1.0,2023-24
2026-05-18,2026-05-25,51009,Amherst County,Virginia,VA,quiet,8.1e-05,1920,80,501+,0.05,0.0004,2086,68,501+,0.08,0.028784,0.042574,0,0,0,,0.907,2023-24
2026-05-18,2026-05-25,51057,Essex County,Virginia,VA,quiet,8e-05,1921,81,501+,0.05,0.000209,2546,94,501+,0.04,0.02871,0.02227,0,0,0,,0.931,2023-24
2026-05-18,2026-05-25,06003,Alpine County,California,CA,quiet,8e-05,1922,56,501+,0.05,0.0002,2585,57,501+,0.04,0.028643,0.021312,0,0,0,,,
2026-05-18,2026-05-25,22065,Madison Parish,Louisiana,LA,quiet,8e-05,1923,43,501+,0.05,0.000348,2201,36,501+,0.07,0.028477,0.037068,0,0,0,,0.76,2021-22
2026-05-18,2026-05-25,05147,Woodruff County,Arkansas,AR,quiet,8e-05,1924,23,501+,0.05,0.000516,1877,23,501+,0.1,0.028453,0.054612,0,0,0,,,
2026-05-18,2026-05-25,19077,Guthrie County,Iowa,IA,quiet,8e-05,1925,33,501+,0.05,0.000379,2139,47,501+,0.07,0.028422,0.040341,0,0,0,,0.86585366,2023-24
2026-05-18,2026-05-25,22067,Morehouse Parish,Louisiana,LA,quiet,7.9e-05,1926,44,501+,0.05,0.000149,2740,59,501+,0.03,0.028306,0.015832,0,0,0,,0.908,2021-22
2026-05-18,2026-05-25,18077,Jefferson County,Indiana,IN,quiet,7.9e-05,1927,43,501+,0.05,0.000604,1752,43,501+,0.12,0.028304,0.063566,0,0,0,,,
2026-05-18,2026-05-25,21225,Union County,Kentucky,KY,quiet,7.9e-05,1928,29,501+,0.05,0.000299,2321,43,501+,0.06,0.028297,0.031901,0,0,0,,0.944,2022-23
2026-05-18,2026-05-25,51580,Covington City,Virginia,VA,quiet,7.9e-05,1929,82,501+,0.05,0.000195,2599,96,501+,0.04,0.028273,0.020841,0,0,0,,0.845,2023-24
2026-05-18,2026-05-25,13161,Jeff Davis County,Georgia,GA,quiet,7.9e-05,1930,64,501+,0.05,0.000666,1682,51,501+,0.13,0.028134,0.069816,0,0,0,,,
2026-05-18,2026-05-25,19021,Buena Vista County,Iowa,IA,quiet,7.9e-05,1931,34,501+,0.05,0.000337,2225,55,501+,0.07,0.028131,0.035923,0,0,0,,0.89583333,2023-24
2026-05-18,2026-05-25,47019,Carter County,Tennessee,TN,quiet,7.9e-05,1932,42,501+,0.05,0.000555,1825,44,501+,0.11,0.028128,0.05857,0,0,0,,0.969,2023-24
2026-05-18,2026-05-25,05127,Scott County,Arkansas,AR,quiet,7.9e-05,1933,24,501+,0.05,0.000415,2049,28,501+,0.08,0.028117,0.044179,0,0,0,,,
2026-05-18,2026-05-25,01121,Talladega County,Alabama,AL,quiet,7.9e-05,1934,34,501+,0.05,0.000513,1882,33,501+,0.1,0.028105,0.054296,0,0,0,,0.928,2022-23
2026-05-18,2026-05-25,47161,Stewart County,Tennessee,TN,quiet,7.9e-05,1935,43,501+,0.05,0.000645,1708,42,501+,0.13,0.028099,0.067745,0,0,0,,0.98,2023-24
2026-05-18,2026-05-25,37047,Columbus County,North Carolina,NC,quiet,7.9e-05,1936,65,501+,0.05,0.001103,1290,49,501+,0.22,0.028073,0.112033,0,0,0,,0.93243243,2022-23
2026-05-18,2026-05-25,46041,Dewey County,South Dakota,SD,quiet,7.9e-05,1937,39,501+,0.05,0.000277,2364,50,501+,0.05,0.028066,0.02956,0,0,0,,0.92,2023-24
2026-05-18,2026-05-25,51175,Southampton County,Virginia,VA,quiet,7.8e-05,1938,83,501+,0.05,0.000402,2082,67,501+,0.08,0.028049,0.042767,0,0,0,,0.954,2023-24
2026-05-18,2026-05-25,29163,Pike County,Missouri,MO,quiet,7.8e-05,1939,55,501+,0.05,0.000329,2242,75,501+,0.06,0.027955,0.03504,0,0,0,,0.924,2023-24
2026-05-18,2026-05-25,28041,Greene County,Mississippi,MS,quiet,7.8e-05,1940,29,501+,0.05,0.00041,2062,24,501+,0.08,0.027953,0.043635,0,0,0,,,
2026-05-18,2026-05-25,29035,Carter County,Missouri,MO,quiet,7.8e-05,1941,56,501+,0.05,0.001122,1276,37,501+,0.22,0.027938,0.113734,0,0,0,,0.89,2023-24
2026-05-18,2026-05-25,13231,Pike County,Georgia,GA,quiet,7.8e-05,1942,65,501+,0.05,0.000354,2191,89,501+,0.07,0.027937,0.037764,0,0,0,,,
2026-05-18,2026-05-25,55029,Door County,Wisconsin,WI,quiet,7.8e-05,1943,48,501+,0.05,0.000373,2157,55,501+,0.07,0.027932,0.03969,0,0,0,,0.746,2023-24
2026-05-18,2026-05-25,36033,Franklin County,New York,NY,quiet,7.8e-05,1944,49,501+,0.05,0.000669,1679,40,501+,0.13,0.027901,0.070094,0,0,0,,0.9640625,2022-23
2026-05-18,2026-05-25,42117,Tioga County,Pennsylvania,PA,quiet,7.8e-05,1945,47,501+,0.05,0.000196,2597,54,501+,0.04,0.027871,0.020858,0,0,0,,0.93367347,2023-24
2026-05-18,2026-05-25,55078,Menominee County,Wisconsin,WI,quiet,7.8e-05,1946,49,501+,0.05,0.000774,1556,41,501+,0.15,0.027869,0.080591,0,0,0,,0.75,2023-24
2026-05-18,2026-05-25,42087,Mifflin County,Pennsylvania,PA,quiet,7.8e-05,1947,48,501+,0.05,0.000195,2598,55,501+,0.04,0.027863,0.020841,0,0,0,,0.96183206,2023-24
2026-05-18,2026-05-25,01133,Winston County,Alabama,AL,quiet,7.8e-05,1948,35,501+,0.05,0.000685,1654,29,501+,0.13,0.027854,0.071737,0,0,0,,0.9169,2022-23
2026-05-18,2026-05-25,40123,Pontotoc County,Oklahoma,OK,quiet,7.8e-05,1949,49,501+,0.05,0.000979,1363,29,501+,0.19,0.027851,0.100378,0,0,0,,0.9533,2023-24
2026-05-18,2026-05-25,20123,Mitchell County,Kansas,KS,quiet,7.8e-05,1950,63,501+,0.05,0.000455,1973,69,501+,0.09,0.027832,0.048345,0,0,0,,0.75,2023-24
2026-05-18,2026-05-25,21033,Caldwell County,Kentucky,KY,quiet,7.8e-05,1951,30,501+,0.05,0.000507,1890,33,501+,0.1,0.027786,0.053637,0,0,0,,0.958,2022-23
2026-05-18,2026-05-25,28157,Wilkinson County,Mississippi,MS,quiet,7.8e-05,1952,30,501+,0.05,0.000198,2590,57,501+,0.04,0.02774,0.021125,0,0,0,,,
2026-05-18,2026-05-25,29135,Moniteau County,Missouri,MO,quiet,7.7e-05,1953,57,501+,0.05,0.001035,1330,40,501+,0.2,0.027699,0.105623,0,0,0,,0.936,2023-24
2026-05-18,2026-05-25,35041,Roosevelt County,New Mexico,NM,quiet,7.7e-05,1954,24,501+,0.05,0.000855,1481,23,501+,0.17,0.027624,0.088508,0,0,0,,0.94,2018-19
2026-05-18,2026-05-25,42065,Jefferson County,Pennsylvania,PA,quiet,7.7e-05,1955,49,501+,0.05,0.000295,2328,51,501+,0.06,0.027622,0.031448,0,0,0,,0.96330275,2023-24
2026-05-18,2026-05-25,19115,Louisa County,Iowa,IA,quiet,7.7e-05,1956,35,501+,0.05,0.000389,2115,45,501+,0.08,0.027601,0.041452,0,0,0,,0.85820896,2023-24
2026-05-18,2026-05-25,01071,Jackson County,Alabama,AL,quiet,7.7e-05,1957,36,501+,0.05,0.001002,1347,24,501+,0.2,0.027591,0.102582,0,0,0,,0.94,2022-23
2026-05-18,2026-05-25,19171,Tama County,Iowa,IA,quiet,7.7e-05,1958,36,501+,0.05,0.000559,1818,32,501+,0.11,0.027584,0.058994,0,0,0,,0.92899408,2023-24
2026-05-18,2026-05-25,35057,Torrance County,New Mexico,NM,quiet,7.7e-05,1959,25,501+,0.05,0.001338,1155,18,501+,0.26,0.027523,0.13331,0,0,0,,0.94,2018-19
2026-05-18,2026-05-25,53031,Jefferson County,Washington,WA,quiet,7.7e-05,1960,36,501+,0.05,0.000656,1695,35,501+,0.13,0.027494,0.06885,0,0,0,,0.79166667,2023-24
2026-05-18,2026-05-25,46065,Hughes County,South Dakota,SD,quiet,7.7e-05,1961,40,501+,0.05,0.000882,1447,23,501+,0.17,0.027493,0.091094,0,0,0,,0.95,2023-24
2026-05-18,2026-05-25,36025,Delaware County,New York,NY,quiet,7.7e-05,1962,50,501+,0.05,0.00018,2647,58,501+,0.04,0.027464,0.019188,0,0,0,,0.9967931,2022-23
2026-05-18,2026-05-25,50017,Orange County,Vermont,VT,quiet,7.7e-05,1963,12,501+,0.05,0.000452,1984,11,501+,0.09,0.027456,0.047975,0,0,0,,0.95,2023-24
2026-05-18,2026-05-25,13187,Lumpkin County,Georgia,GA,quiet,7.7e-05,1964,66,501+,0.05,0.000346,2205,91,501+,0.07,0.027448,0.036882,0,0,0,,,
2026-05-18,2026-05-25,16037,Custer County,Idaho,ID,quiet,7.7e-05,1965,41,501+,0.05,0.000645,1711,40,501+,0.13,0.027445,0.067678,0,0,0,,,
2026-05-18,2026-05-25,29117,Livingston County,Missouri,MO,quiet,7.7e-05,1966,58,501+,0.05,0.000243,2457,84,501+,0.05,0.027392,0.025888,0,0,0,,0.915,2023-24
2026-05-18,2026-05-25,37029,Camden County,North Carolina,NC,quiet,7.7e-05,1967,66,501+,0.05,0.000437,2010,77,501+,0.09,0.02738,0.046383,0,0,0,,0.96850394,2022-23
2026-05-18,2026-05-25,22085,Sabine Parish,Louisiana,LA,quiet,7.7e-05,1968,45,501+,0.05,0.000203,2571,47,501+,0.04,0.027374,0.021621,0,0,0,,0.937,2021-22
2026-05-18,2026-05-25,19143,Osceola County,Iowa,IA,quiet,7.6e-05,1969,37,501+,0.05,0.00064,1714,27,501+,0.12,0.027357,0.067199,0,0,0,,0.93877551,2023-24
2026-05-18,2026-05-25,42119,Union County,Pennsylvania,PA,quiet,7.6e-05,1970,50,501+,0.05,0.00053,1856,46,501+,0.1,0.027303,0.055997,0,0,0,,0.91111111,2023-24
2026-05-18,2026-05-25,51193,Westmoreland County,Virginia,VA,quiet,7.6e-05,1971,84,501+,0.05,0.000194,2606,98,501+,0.04,0.027252,0.020715,0,0,0,,0.96,2023-24
2026-05-18,2026-05-25,19169,Story County,Iowa,IA,quiet,7.6e-05,1972,38,501+,0.05,0.00057,1796,29,501+,0.11,0.027247,0.060142,0,0,0,,0.93880049,2023-24
2026-05-18,2026-05-25,13271,Telfair County,Georgia,GA,quiet,7.6e-05,1973,67,501+,0.05,0.000412,2057,77,501+,0.08,0.027217,0.043845,0,0,0,,,
2026-05-18,2026-05-25,29091,Howell County,Missouri,MO,quiet,7.6e-05,1974,59,501+,0.05,0.00253,773,15,501+,0.49,0.027192,0.228655,0,0,0,,0.849,2023-24
2026-05-18,2026-05-25,29125,Maries County,Missouri,MO,quiet,7.6e-05,1975,60,501+,0.05,0.000343,2211,73,501+,0.07,0.027176,0.036595,0,0,0,,0.96,2023-24
2026-05-18,2026-05-25,22127,Winn Parish,Louisiana,LA,quiet,7.6e-05,1976,46,501+,0.05,0.000198,2587,49,501+,0.04,0.027135,0.021164,0,0,0,,0.966,2021-22
2026-05-18,2026-05-25,19151,Pocahontas County,Iowa,IA,quiet,7.6e-05,1977,39,501+,0.05,0.000833,1502,21,501+,0.16,0.027117,0.086302,0,0,0,,0.91044776,2023-24
2026-05-18,2026-05-25,13115,Floyd County,Georgia,GA,quiet,7.6e-05,1978,68,501+,0.05,0.000712,1622,49,501+,0.14,0.027109,0.074463,0,0,0,,,
2026-05-18,2026-05-25,29137,Monroe County,Missouri,MO,quiet,7.6e-05,1979,61,501+,0.05,0.000909,1427,45,501+,0.18,0.02708,0.093727,0,0,0,,0.908,2023-24
2026-05-18,2026-05-25,39027,Clinton County,Ohio,OH,quiet,7.5e-05,1980,53,501+,0.05,0.001221,1212,42,501+,0.24,0.027008,0.122867,0,0,0,,,
2026-05-18,2026-05-25,30105,Valley County,Montana,MT,quiet,7.5e-05,1981,37,501+,0.05,0.000566,1805,34,501+,0.11,0.026999,0.059735,0,0,0,,,
2026-05-18,2026-05-25,13295,Walker County,Georgia,GA,quiet,7.5e-05,1982,69,501+,0.05,0.000755,1577,47,501+,0.15,0.026988,0.078651,0,0,0,,,
2026-05-18,2026-05-25,19063,Emmet County,Iowa,IA,quiet,7.5e-05,1983,40,501+,0.05,0.000359,2188,52,501+,0.07,0.026953,0.038248,0,0,0,,0.89655172,2023-24
2026-05-18,2026-05-25,19087,Henry County,Iowa,IA,quiet,7.5e-05,1984,41,501+,0.05,0.000391,2112,44,501+,0.08,0.02695,0.04157,0,0,0,,0.89944134,2023-24
2026-05-18,2026-05-25,50009,Essex County,Vermont,VT,quiet,7.5e-05,1985,13,501+,0.05,0.000227,2494,14,501+,0.04,0.026912,0.024276,0,0,0,,,
2026-05-18,2026-05-25,46015,Brule County,South Dakota,SD,quiet,7.5e-05,1986,41,501+,0.05,0.000534,1849,41,501+,0.1,0.026898,0.056481,0,0,0,,0.93,2023-24
2026-05-18,2026-05-25,35021,Harding County,New Mexico,NM,quiet,7.5e-05,1987,26,501+,0.05,0.00031,2282,30,501+,0.06,0.026885,0.033112,0,0,0,,,
2026-05-18,2026-05-25,30073,Pondera County,Montana,MT,quiet,7.5e-05,1988,38,501+,0.05,0.000428,2033,38,501+,0.08,0.026824,0.045452,0,0,0,,,
2026-05-18,2026-05-25,42109,Snyder County,Pennsylvania,PA,quiet,7.5e-05,1989,51,501+,0.05,0.000239,2472,52,501+,0.05,0.026771,0.02552,0,0,0,,0.89053254,2023-24
2026-05-18,2026-05-25,13011,Banks County,Georgia,GA,quiet,7.5e-05,1990,70,501+,0.05,0.00043,2022,74,501+,0.08,0.02674,0.045714,0,0,0,,,
2026-05-18,2026-05-25,13123,Gilmer County,Georgia,GA,quiet,7.4e-05,1991,71,501+,0.05,0.000576,1789,61,501+,0.11,0.026614,0.060694,0,0,0,,,
2026-05-18,2026-05-25,13145,Harris County,Georgia,GA,quiet,7.4e-05,1992,72,501+,0.05,0.000691,1644,50,501+,0.14,0.026614,0.072385,0,0,0,,,
2026-05-18,2026-05-25,51135,Nottoway County,Virginia,VA,quiet,7.4e-05,1993,85,501+,0.05,0.000178,2651,102,501+,0.03,0.026575,0.018998,0,0,0,,0.833,2023-24
2026-05-18,2026-05-25,29011,Barton County,Missouri,MO,quiet,7.4e-05,1994,62,501+,0.05,0.001029,1335,41,501+,0.2,0.026566,0.105098,0,0,0,,0.983,2023-24
2026-05-18,2026-05-25,46102,Oglala Lakota County,South Dakota,SD,quiet,7.4e-05,1995,42,501+,0.05,0.001106,1288,19,501+,0.22,0.026562,0.112267,0,0,0,,0.85,2023-24
2026-05-18,2026-05-25,51093,Isle of Wight County,Virginia,VA,quiet,7.4e-05,1996,86,501+,0.05,0.00058,1784,53,501+,0.11,0.026491,0.061148,0,0,0,,0.811,2023-24
2026-05-18,2026-05-25,48127,Dimmit County,Texas,TX,quiet,7.4e-05,1997,215,501+,0.05,0.001228,1203,132,501+,0.24,0.026433,0.123516,0,0,0,,0.98214286,2023-24
2026-05-18,2026-05-25,36117,Wayne County,New York,NY,quiet,7.3e-05,1998,51,501+,0.05,0.000486,1927,45,501+,0.09,0.026302,0.051526,0,0,0,,0.9975,2022-23
2026-05-18,2026-05-25,01045,Dale County,Alabama,AL,quiet,7.3e-05,1999,37,501+,0.05,0.000215,2526,52,501+,0.04,0.026292,0.022986,0,0,0,,0.9679,2022-23
2026-05-18,2026-05-25,20073,Greenwood County,Kansas,KS,quiet,7.3e-05,2000,64,501+,0.05,0.000391,2111,73,501+,0.08,0.02628,0.041574,0,0,0,,0.86,2023-24
2026-05-18,2026-05-25,28079,Leake County,Mississippi,MS,quiet,7.3e-05,2001,31,501+,0.05,0.000271,2377,43,501+,0.05,0.026219,0.028913,0,0,0,,,
2026-05-18,2026-05-25,20161,Riley County,Kansas,KS,quiet,7.3e-05,2002,65,501+,0.05,0.000618,1739,52,501+,0.12,0.026208,0.064968,0,0,0,,0.86,2023-24
2026-05-18,2026-05-25,46115,Spink County,South Dakota,SD,quiet,7.3e-05,2003,43,501+,0.05,0.000752,1582,26,501+,0.15,0.026176,0.078405,0,0,0,,0.83,2023-24
2026-05-18,2026-05-25,20039,Decatur County,Kansas,KS,quiet,7.3e-05,2004,66,501+,0.05,0.000365,2174,80,501+,0.07,0.026172,0.038863,0,0,0,,0.74,2023-24
2026-05-18,2026-05-25,08027,Custer County,Colorado,CO,quiet,7.3e-05,2005,46,501+,0.05,0.000977,1366,40,501+,0.19,0.026142,0.100197,0,0,0,,0.8627,2023-24
2026-05-18,2026-05-25,48267,Kimble County,Texas,TX,quiet,7.3e-05,2006,216,501+,0.05,0.000431,2021,219,501+,0.08,0.026093,0.045834,0,0,0,,0.97560976,2023-24
2026-05-18,2026-05-25,17181,Union County,Illinois,IL,quiet,7.3e-05,2007,46,501+,0.05,0.000404,2076,56,501+,0.08,0.026045,0.042935,0,0,0,,,
2026-05-18,2026-05-25,28125,Sharkey County,Mississippi,MS,quiet,7.2e-05,2008,32,501+,0.05,0.000309,2287,34,501+,0.06,0.025943,0.032969,0,0,0,,,
2026-05-18,2026-05-25,31021,Burt County,Nebraska,NE,quiet,7.2e-05,2009,34,501+,0.05,0.000568,1798,38,501+,0.11,0.025893,0.059964,0,0,0,,,
2026-05-18,2026-05-25,37033,Caswell County,North Carolina,NC,quiet,7.2e-05,2010,67,501+,0.05,0.000285,2349,89,501+,0.06,0.025842,0.030444,0,0,0,,0.88659794,2022-23
2026-05-18,2026-05-25,35019,Guadalupe County,New Mexico,NM,quiet,7.2e-05,2011,27,501+,0.05,0.000613,1748,26,501+,0.12,0.025839,0.06449,0,0,0,,0.94,2018-19
2026-05-18,2026-05-25,20171,Scott County,Kansas,KS,quiet,7.2e-05,2012,67,501+,0.05,0.000333,2237,85,501+,0.07,0.025837,0.035518,0,0,0,,1.0,2023-24
2026-05-18,2026-05-25,17005,Bond County,Illinois,IL,quiet,7.2e-05,2013,47,501+,0.05,0.000403,2079,57,501+,0.08,0.025815,0.042895,0,0,0,,,
2026-05-18,2026-05-25,13201,Miller County,Georgia,GA,quiet,7.2e-05,2014,73,501+,0.05,0.000302,2311,103,501+,0.06,0.025806,0.032239,0,0,0,,,
2026-05-18,2026-05-25,18151,Steuben County,Indiana,IN,quiet,7.2e-05,2015,44,501+,0.05,0.000816,1519,33,501+,0.16,0.025797,0.084704,0,0,0,,,
2026-05-18,2026-05-25,08089,Otero County,Colorado,CO,quiet,7.2e-05,2016,47,501+,0.05,0.00048,1935,47,501+,0.09,0.025778,0.050886,0,0,0,,0.9283,2023-24
2026-05-18,2026-05-25,40053,Grant County,Oklahoma,OK,quiet,7.2e-05,2017,50,501+,0.05,0.000904,1432,31,501+,0.18,0.025778,0.093177,0,0,0,,0.9048,2023-24
2026-05-18,2026-05-25,21191,Pendleton County,Kentucky,KY,quiet,7.2e-05,2018,31,501+,0.05,0.000291,2337,44,501+,0.06,0.025767,0.031068,0,0,0,,0.971,2022-23
2026-05-18,2026-05-25,21107,Hopkins County,Kentucky,KY,quiet,7.2e-05,2019,32,501+,0.05,0.001782,966,16,501+,0.35,0.025699,0.17126,0,0,0,,0.929,2022-23
2026-05-18,2026-05-25,46047,Fall River County,South Dakota,SD,quiet,7.2e-05,2020,44,501+,0.05,0.001119,1280,18,501+,0.22,0.025677,0.113463,0,0,0,,0.81,2023-24
2026-05-18,2026-05-25,31185,York County,Nebraska,NE,quiet,7.1e-05,2021,35,501+,0.05,0.000726,1611,27,501+,0.14,0.025619,0.075816,0,0,0,,,
2026-05-18,2026-05-25,28147,Walthall County,Mississippi,MS,quiet,7.1e-05,2022,33,501+,0.05,0.000158,2713,69,501+,0.03,0.025576,0.016781,0,0,0,,,
2026-05-18,2026-05-25,30055,McCone County,Montana,MT,quiet,7.1e-05,2023,39,501+,0.05,0.000325,2249,41,501+,0.06,0.025574,0.034691,0,0,0,,,
2026-05-18,2026-05-25,51023,Botetourt County,Virginia,VA,quiet,7.1e-05,2024,87,501+,0.05,0.000381,2131,72,501+,0.07,0.025533,0.040574,0,0,0,,0.891,2023-24
2026-05-18,2026-05-25,54011,Cabell County,West Virginia,WV,quiet,7.1e-05,2025,12,501+,0.05,0.00056,1816,10,501+,0.11,0.02553,0.059097,0,0,0,,,
2026-05-18,2026-05-25,41021,Gilliam County,Oregon,OR,quiet,7.1e-05,2026,31,501+,0.05,0.000265,2392,34,501+,0.05,0.025517,0.028255,0,0,0,,0.85,2023-24
2026-05-18,2026-05-25,02013,Aleutians East Borough,Alaska,AK,quiet,7.1e-05,2027,22,501+,0.05,0.000471,1949,17,501+,0.09,0.025501,0.049964,0,0,0,,,
2026-05-18,2026-05-25,39141,Ross County,Ohio,OH,quiet,7.1e-05,2028,54,501+,0.05,0.000875,1454,50,501+,0.17,0.025475,0.09044,0,0,0,,,
2026-05-18,2026-05-25,46087,McCook County,South Dakota,SD,quiet,7.1e-05,2029,45,501+,0.05,0.000554,1827,39,501+,0.11,0.025384,0.058532,0,0,0,,0.91,2023-24
2026-05-18,2026-05-25,19015,Boone County,Iowa,IA,quiet,7.1e-05,2030,42,501+,0.05,0.000485,1932,36,501+,0.09,0.025377,0.051359,0,0,0,,0.95016611,2023-24
2026-05-18,2026-05-25,20009,Barton County,Kansas,KS,quiet,7.1e-05,2031,68,501+,0.05,0.00038,2137,76,501+,0.07,0.025361,0.040436,0,0,0,,0.9,2023-24
2026-05-18,2026-05-25,06091,Sierra County,California,CA,quiet,7.1e-05,2032,57,501+,0.05,0.000401,2083,56,501+,0.08,0.025327,0.042713,0,0,0,,0.95,2023-24
2026-05-18,2026-05-25,48393,Roberts County,Texas,TX,quiet,7.1e-05,2033,217,501+,0.05,0.000285,2353,235,501+,0.06,0.025324,0.030378,0,0,0,,1.0,2023-24
2026-05-18,2026-05-25,19081,Hancock County,Iowa,IA,quiet,7.1e-05,2034,43,501+,0.05,0.000369,2166,51,501+,0.07,0.025306,0.039301,0,0,0,,0.91428571,2023-24
2026-05-18,2026-05-25,48313,Madison County,Texas,TX,quiet,7.1e-05,2035,218,501+,0.05,0.000201,2577,242,501+,0.04,0.025289,0.021432,0,0,0,,0.99489796,2023-24
2026-05-18,2026-05-25,21163,Meade County,Kentucky,KY,quiet,7e-05,2036,33,501+,0.05,0.000774,1557,24,501+,0.15,0.025266,0.080536,0,0,0,,0.978,2022-23
2026-05-18,2026-05-25,53055,San Juan County,Washington,WA,quiet,7e-05,2037,37,501+,0.05,0.000398,2092,37,501+,0.08,0.025207,0.042363,0,0,0,,0.9009009,2023-24
2026-05-18,2026-05-25,31063,Frontier County,Nebraska,NE,quiet,7e-05,2038,36,501+,0.05,0.000709,1626,31,501+,0.14,0.025187,0.074176,0,0,0,,,
2026-05-18,2026-05-25,37169,Stokes County,North Carolina,NC,quiet,7e-05,2039,68,501+,0.05,0.001188,1235,47,501+,0.23,0.025183,0.11981,0,0,0,,0.97045455,2022-23
2026-05-18,2026-05-25,26097,Mackinac County,Michigan,MI,quiet,7e-05,2040,63,501+,0.05,0.00044,2005,59,501+,0.09,0.025123,0.04674,0,0,0,,0.878,2023-24
2026-05-18,2026-05-25,31041,Custer County,Nebraska,NE,quiet,7e-05,2041,37,501+,0.05,0.000164,2693,73,501+,0.03,0.025105,0.017494,0,0,0,,,
2026-05-18,2026-05-25,20035,Cowley County,Kansas,KS,quiet,7e-05,2042,69,501+,0.05,0.000919,1420,33,501+,0.18,0.025086,0.094626,0,0,0,,0.94,2023-24
2026-05-18,2026-05-25,28105,Oktibbeha County,Mississippi,MS,quiet,7e-05,2043,34,501+,0.05,0.000382,2128,28,501+,0.07,0.025054,0.040636,0,0,0,,,
2026-05-18,2026-05-25,17145,Perry County,Illinois,IL,quiet,7e-05,2044,48,501+,0.05,0.000194,2605,67,501+,0.04,0.025018,0.020725,0,0,0,,,
2026-05-18,2026-05-25,42083,McKean County,Pennsylvania,PA,quiet,7e-05,2045,52,501+,0.05,0.000879,1450,39,501+,0.17,0.024948,0.090842,0,0,0,,0.92620865,2023-24
2026-05-18,2026-05-25,48131,Duval County,Texas,TX,quiet,6.9e-05,2046,219,501+,0.05,0.000919,1419,150,501+,0.18,0.024905,0.094667,0,0,0,,0.9765625,2023-24
2026-05-18,2026-05-25,51139,Page County,Virginia,VA,quiet,6.9e-05,2047,88,501+,0.05,0.00021,2544,93,501+,0.04,0.024897,0.022395,0,0,0,,0.965,2023-24
2026-05-18,2026-05-25,45061,Lee County,South Carolina,SC,quiet,6.9e-05,2048,34,501+,0.05,0.000441,1997,36,501+,0.09,0.024893,0.046844,0,0,0,,0.965,2023-24
2026-05-18,2026-05-25,46069,Hyde County,South Dakota,SD,quiet,6.9e-05,2049,46,501+,0.05,0.00024,2469,54,501+,0.05,0.024873,0.025605,0,0,0,,0.9,2023-24
2026-05-18,2026-05-25,55053,Jackson County,Wisconsin,WI,quiet,6.9e-05,2050,50,501+,0.05,0.000394,2099,53,501+,0.08,0.02478,0.041898,0,0,0,,0.673,2023-24
2026-05-18,2026-05-25,31115,Loup County,Nebraska,NE,quiet,6.9e-05,2051,38,501+,0.05,0.000276,2367,63,501+,0.05,0.024747,0.029498,0,0,0,,,
2026-05-18,2026-05-25,05095,Monroe County,Arkansas,AR,quiet,6.9e-05,2052,25,501+,0.05,0.00044,2002,25,501+,0.09,0.024721,0.046775,0,0,0,,,
2026-05-18,2026-05-25,47159,Smith County,Tennessee,TN,quiet,6.9e-05,2053,44,501+,0.05,0.001349,1152,27,501+,0.26,0.024687,0.134341,0,0,0,,0.959,2023-24
2026-05-18,2026-05-25,42131,Wyoming County,Pennsylvania,PA,quiet,6.9e-05,2054,53,501+,0.05,0.000129,2788,57,501+,0.03,0.024653,0.013685,0,0,0,,0.92021277,2023-24
2026-05-18,2026-05-25,36101,Steuben County,New York,NY,quiet,6.9e-05,2055,52,501+,0.05,0.000306,2296,51,501+,0.06,0.024645,0.032701,0,0,0,,0.99835294,2022-23
2026-05-18,2026-05-25,28127,Simpson County,Mississippi,MS,quiet,6.9e-05,2056,35,501+,0.05,0.000171,2672,66,501+,0.03,0.024643,0.018182,0,0,0,,,
2026-05-18,2026-05-25,48399,Runnels County,Texas,TX,quiet,6.9e-05,2057,220,501+,0.05,0.000897,1435,152,501+,0.18,0.024594,0.092573,0,0,0,,0.93846154,2023-24
2026-05-18,2026-05-25,29121,Macon County,Missouri,MO,quiet,6.9e-05,2058,63,501+,0.05,0.000692,1641,53,501+,0.14,0.024589,0.072479,0,0,0,,0.806,2023-24
2026-05-18,2026-05-25,21021,Boyle County,Kentucky,KY,quiet,6.8e-05,2059,34,501+,0.05,0.000567,1801,31,501+,0.11,0.02454,0.059828,0,0,0,,0.927,2022-23
2026-05-18,2026-05-25,28119,Quitman County,Mississippi,MS,quiet,6.8e-05,2060,36,501+,0.05,0.000308,2289,35,501+,0.06,0.024475,0.032865,0,0,0,,,
2026-05-18,2026-05-25,01129,Washington County,Alabama,AL,quiet,6.8e-05,2061,38,501+,0.05,0.00044,2004,34,501+,0.09,0.024461,0.046748,0,0,0,,0.9153,2022-23
2026-05-18,2026-05-25,29065,Dent County,Missouri,MO,quiet,6.8e-05,2062,64,501+,0.05,0.000555,1826,58,501+,0.11,0.024457,0.058553,0,0,0,,0.915,2023-24
2026-05-18,2026-05-25,08021,Conejos County,Colorado,CO,quiet,6.8e-05,2063,48,501+,0.05,0.000747,1587,44,501+,0.15,0.024453,0.077927,0,0,0,,0.8725,2023-24
2026-05-18,2026-05-25,13249,Schley County,Georgia,GA,quiet,6.8e-05,2064,74,501+,0.05,0.000519,1869,66,501+,0.1,0.02445,0.054929,0,0,0,,,
2026-05-18,2026-05-25,28063,Jefferson County,Mississippi,MS,quiet,6.8e-05,2065,37,501+,0.05,0.000716,1615,12,501+,0.14,0.024427,0.074879,0,0,0,,,
2026-05-18,2026-05-25,19165,Shelby County,Iowa,IA,quiet,6.8e-05,2066,44,501+,0.05,0.000283,2354,61,501+,0.06,0.024417,0.03019,0,0,0,,0.88590604,2023-24
2026-05-18,2026-05-25,27043,Faribault County,Minnesota,MN,quiet,6.8e-05,2067,75,501+,0.05,0.000695,1638,69,501+,0.14,0.024413,0.072752,0,0,0,,0.914,2023-24
2026-05-18,2026-05-25,05025,Cleveland County,Arkansas,AR,quiet,6.8e-05,2068,26,501+,0.05,0.000289,2340,42,501+,0.06,0.024373,0.030845,0,0,0,,,
2026-05-18,2026-05-25,46097,Miner County,South Dakota,SD,quiet,6.8e-05,2069,47,501+,0.05,0.000231,2489,55,501+,0.05,0.024311,0.024654,0,0,0,,0.83,2023-24
2026-05-18,2026-05-25,31083,Harlan County,Nebraska,NE,quiet,6.7e-05,2070,39,501+,0.05,0.000421,2042,47,501+,0.08,0.024231,0.044751,0,0,0,,,
2026-05-18,2026-05-25,28053,Humphreys County,Mississippi,MS,quiet,6.7e-05,2071,38,501+,0.05,0.000295,2327,38,501+,0.06,0.024223,0.031452,0,0,0,,,
2026-05-18,2026-05-25,31007,Banner County,Nebraska,NE,quiet,6.7e-05,2072,40,501+,0.05,0.000179,2649,71,501+,0.03,0.024202,0.019076,0,0,0,,,
2026-05-18,2026-05-25,36031,Essex County,New York,NY,quiet,6.7e-05,2073,53,501+,0.04,0.000131,2784,59,501+,0.03,0.024155,0.013897,0,0,0,,0.99682759,2022-23
2026-05-18,2026-05-25,47053,Gibson County,Tennessee,TN,quiet,6.7e-05,2074,45,501+,0.04,0.000537,1841,45,501+,0.1,0.024154,0.056781,0,0,0,,0.935,2023-24
2026-05-18,2026-05-25,13137,Habersham County,Georgia,GA,quiet,6.7e-05,2075,75,501+,0.04,0.001103,1291,33,501+,0.22,0.024076,0.112012,0,0,0,,,
2026-05-18,2026-05-25,30037,Golden Valley County,Montana,MT,quiet,6.7e-05,2076,40,501+,0.04,0.000295,2326,44,501+,0.06,0.024071,0.031489,0,0,0,,,
2026-05-18,2026-05-25,31173,Thurston County,Nebraska,NE,quiet,6.7e-05,2077,41,501+,0.04,0.000581,1782,37,501+,0.11,0.024055,0.061286,0,0,0,,,
2026-05-18,2026-05-25,18049,Fulton County,Indiana,IN,quiet,6.7e-05,2078,45,501+,0.04,0.000624,1733,42,501+,0.12,0.02404,0.065627,0,0,0,,,
2026-05-18,2026-05-25,30011,Carter County,Montana,MT,quiet,6.7e-05,2079,41,501+,0.04,0.000473,1948,37,501+,0.09,0.02402,0.05012,0,0,0,,,
2026-05-18,2026-05-25,37195,Wilson County,North Carolina,NC,quiet,6.7e-05,2080,69,501+,0.04,0.000939,1400,55,501+,0.18,0.023975,0.096601,0,0,0,,0.94571118,2022-23
2026-05-18,2026-05-25,51101,King William County,Virginia,VA,quiet,6.7e-05,2081,89,501+,0.04,0.000559,1817,56,501+,0.11,0.023909,0.059043,0,0,0,,0.938,2023-24
2026-05-18,2026-05-25,05009,Boone County,Arkansas,AR,quiet,6.7e-05,2082,27,501+,0.04,0.000311,2279,36,501+,0.06,0.023902,0.033234,0,0,0,,,
2026-05-18,2026-05-25,55047,Green Lake County,Wisconsin,WI,quiet,6.6e-05,2083,51,501+,0.04,0.000435,2014,50,501+,0.08,0.023857,0.046217,0,0,0,,0.674,2023-24
2026-05-18,2026-05-25,27127,Redwood County,Minnesota,MN,quiet,6.6e-05,2084,76,501+,0.04,0.000814,1522,65,501+,0.16,0.023838,0.084506,0,0,0,,0.881,2023-24
2026-05-18,2026-05-25,47099,Lawrence County,Tennessee,TN,quiet,6.6e-05,2085,46,501+,0.04,0.000502,1899,49,501+,0.1,0.023833,0.053115,0,0,0,,0.924,2023-24
2026-05-18,2026-05-25,48383,Reagan County,Texas,TX,quiet,6.6e-05,2086,221,501+,0.04,0.000567,1802,197,501+,0.11,0.023804,0.05981,0,0,0,,1.0,2023-24
2026-05-18,2026-05-25,17187,Warren County,Illinois,IL,quiet,6.6e-05,2087,49,501+,0.04,0.000687,1651,36,501+,0.13,0.023781,0.071921,0,0,0,,,
2026-05-18,2026-05-25,27045,Fillmore County,Minnesota,MN,quiet,6.6e-05,2088,77,501+,0.04,0.000321,2261,80,501+,0.06,0.023756,0.034227,0,0,0,,0.811,2023-24
2026-05-18,2026-05-25,13129,Gordon County,Georgia,GA,quiet,6.6e-05,2089,76,501+,0.04,0.000596,1761,59,501+,0.12,0.023732,0.06277,0,0,0,,,
2026-05-18,2026-05-25,13005,Bacon County,Georgia,GA,quiet,6.6e-05,2090,77,501+,0.04,0.000657,1692,52,501+,0.13,0.023707,0.068902,0,0,0,,,
2026-05-18,2026-05-25,30035,Glacier County,Montana,MT,quiet,6.6e-05,2091,42,501+,0.04,0.000256,2414,45,501+,0.05,0.023682,0.027284,0,0,0,,,
2026-05-18,2026-05-25,55077,Marquette County,Wisconsin,WI,quiet,6.6e-05,2092,52,501+,0.04,0.000307,2292,56,501+,0.06,0.023643,0.032759,0,0,0,,0.658,2023-24
2026-05-18,2026-05-25,18017,Cass County,Indiana,IN,quiet,6.6e-05,2093,46,501+,0.04,0.000583,1778,45,501+,0.11,0.023641,0.061463,0,0,0,,,
2026-05-18,2026-05-25,47135,Perry County,Tennessee,TN,quiet,6.6e-05,2094,47,501+,0.04,0.000276,2369,63,501+,0.05,0.023634,0.029463,0,0,0,,0.959,2023-24
2026-05-18,2026-05-25,26085,Lake County,Michigan,MI,quiet,6.6e-05,2095,64,501+,0.04,0.000198,2592,69,501+,0.04,0.023577,0.021072,0,0,0,,0.8667,2022-23
2026-05-18,2026-05-25,47101,Lewis County,Tennessee,TN,quiet,6.5e-05,2096,48,501+,0.04,0.000557,1821,43,501+,0.11,0.023509,0.058779,0,0,0,,0.903,2023-24
2026-05-18,2026-05-25,01023,Choctaw County,Alabama,AL,quiet,6.5e-05,2097,39,501+,0.04,0.000427,2034,35,501+,0.08,0.023479,0.045406,0,0,0,,0.8929,2022-23
2026-05-18,2026-05-25,28075,Lauderdale County,Mississippi,MS,quiet,6.5e-05,2098,39,501+,0.04,0.000523,1860,16,501+,0.1,0.023452,0.055352,0,0,0,,,
2026-05-18,2026-05-25,19141,O'Brien County,Iowa,IA,quiet,6.5e-05,2099,45,501+,0.04,0.000302,2314,58,501+,0.06,0.023436,0.032206,0,0,0,,0.87439614,2023-24
2026-05-18,2026-05-25,28159,Winston County,Mississippi,MS,quiet,6.5e-05,2100,40,501+,0.04,0.000276,2370,42,501+,0.05,0.023431,0.02945,0,0,0,,,
2026-05-18,2026-05-25,05083,Logan County,Arkansas,AR,quiet,6.5e-05,2101,28,501+,0.04,0.000415,2051,29,501+,0.08,0.023324,0.044117,0,0,0,,,
2026-05-18,2026-05-25,29177,Ray County,Missouri,MO,quiet,6.5e-05,2102,65,501+,0.04,0.000662,1687,55,501+,0.13,0.02331,0.069467,0,0,0,,0.921,2023-24
2026-05-18,2026-05-25,48145,Falls County,Texas,TX,quiet,6.5e-05,2103,222,501+,0.04,0.000592,1766,193,501+,0.12,0.023262,0.062366,0,0,0,,0.91764706,2023-24
2026-05-18,2026-05-25,51037,Charlotte County,Virginia,VA,quiet,6.5e-05,2104,90,501+,0.04,0.000195,2602,97,501+,0.04,0.023251,0.020785,0,0,0,,0.908,2023-24
2026-05-18,2026-05-25,37065,Edgecombe County,North Carolina,NC,quiet,6.5e-05,2105,70,501+,0.04,0.000665,1684,66,501+,0.13,0.023232,0.069721,0,0,0,,0.92424242,2022-23
2026-05-18,2026-05-25,47039,Decatur County,Tennessee,TN,quiet,6.4e-05,2106,49,501+,0.04,0.000269,2382,64,501+,0.05,0.023149,0.028699,0,0,0,,0.922,2023-24
2026-05-18,2026-05-25,20107,Linn County,Kansas,KS,quiet,6.4e-05,2107,70,501+,0.04,0.000603,1753,53,501+,0.12,0.023137,0.063473,0,0,0,,0.86,2023-24
2026-05-18,2026-05-25,19071,Fremont County,Iowa,IA,quiet,6.4e-05,2108,46,501+,0.04,0.00029,2338,59,501+,0.06,0.023123,0.030945,0,0,0,,0.80263158,2023-24
2026-05-18,2026-05-25,37131,Northampton County,North Carolina,NC,quiet,6.4e-05,2109,71,501+,0.04,0.000787,1543,63,501+,0.15,0.023112,0.081865,0,0,0,,0.95169082,2022-23
2026-05-18,2026-05-25,47077,Henderson County,Tennessee,TN,quiet,6.4e-05,2110,50,501+,0.04,0.00052,1867,48,501+,0.1,0.023069,0.054986,0,0,0,,0.949,2023-24
2026-05-18,2026-05-25,05103,Ouachita County,Arkansas,AR,quiet,6.4e-05,2111,29,501+,0.04,0.000168,2679,65,501+,0.03,0.022996,0.017861,0,0,0,,,
2026-05-18,2026-05-25,39053,Gallia County,Ohio,OH,quiet,6.4e-05,2112,55,501+,0.04,0.000402,2081,60,501+,0.08,0.022947,0.04278,0,0,0,,,
2026-05-18,2026-05-25,54029,Hancock County,West Virginia,WV,quiet,6.4e-05,2113,13,501+,0.04,0.000336,2228,16,501+,0.07,0.022932,0.03578,0,0,0,,,
2026-05-18,2026-05-25,37077,Granville County,North Carolina,NC,quiet,6.4e-05,2114,72,501+,0.04,0.000616,1741,69,501+,0.12,0.022874,0.064842,0,0,0,,0.97538462,2022-23
2026-05-18,2026-05-25,13227,Pickens County,Georgia,GA,quiet,6.4e-05,2115,78,501+,0.04,0.000358,2189,88,501+,0.07,0.022853,0.038166,0,0,0,,,
2026-05-18,2026-05-25,19083,Hardin County,Iowa,IA,quiet,6.4e-05,2116,47,501+,0.04,0.000436,2012,40,501+,0.09,0.022853,0.04635,0,0,0,,0.85281385,2023-24
2026-05-18,2026-05-25,05141,Van Buren County,Arkansas,AR,quiet,6.3e-05,2117,30,501+,0.04,0.000241,2464,51,501+,0.05,0.022837,0.025751,0,0,0,,,
2026-05-18,2026-05-25,01093,Marion County,Alabama,AL,quiet,6.3e-05,2118,40,501+,0.04,0.000195,2604,56,501+,0.04,0.022802,0.020749,0,0,0,,0.8676,2022-23
2026-05-18,2026-05-25,05013,Calhoun County,Arkansas,AR,quiet,6.3e-05,2119,31,501+,0.04,0.000299,2316,39,501+,0.06,0.022796,0.031952,0,0,0,,,
2026-05-18,2026-05-25,19149,Plymouth County,Iowa,IA,quiet,6.3e-05,2120,48,501+,0.04,0.00062,1736,28,501+,0.12,0.02279,0.065196,0,0,0,,0.94936709,2023-24
2026-05-18,2026-05-25,36023,Cortland County,New York,NY,quiet,6.3e-05,2121,54,501+,0.04,0.000406,2072,50,501+,0.08,0.022781,0.043156,0,0,0,,0.99746154,2022-23
2026-05-18,2026-05-25,29129,Mercer County,Missouri,MO,quiet,6.3e-05,2122,66,501+,0.04,0.000785,1546,50,501+,0.15,0.022741,0.081665,0,0,0,,0.891,2023-24
2026-05-18,2026-05-25,27033,Cottonwood County,Minnesota,MN,quiet,6.3e-05,2123,78,501+,0.04,0.000378,2143,77,501+,0.07,0.022725,0.040282,0,0,0,,0.91,2023-24
2026-05-18,2026-05-25,51590,Danville City,Virginia,VA,quiet,6.3e-05,2124,91,501+,0.04,0.000438,2009,62,501+,0.09,0.022712,0.046497,0,0,0,,0.88,2023-24
2026-05-18,2026-05-25,55129,Washburn County,Wisconsin,WI,quiet,6.3e-05,2125,53,501+,0.04,0.000184,2636,65,501+,0.04,0.022706,0.019652,0,0,0,,0.704,2023-24
2026-05-18,2026-05-25,55013,Burnett County,Wisconsin,WI,quiet,6.3e-05,2126,54,501+,0.04,0.000512,1884,45,501+,0.1,0.022691,0.054224,0,0,0,,0.664,2023-24
2026-05-18,2026-05-25,02188,Northwest Arctic Borough,Alaska,AK,quiet,6.3e-05,2127,23,501+,0.04,0.000282,2356,24,501+,0.05,0.022661,0.030058,0,0,0,,,
2026-05-18,2026-05-25,31121,Merrick County,Nebraska,NE,quiet,6.3e-05,2128,42,501+,0.04,0.000845,1494,21,501+,0.17,0.022652,0.087503,0,0,0,,,
2026-05-18,2026-05-25,15005,Kalawao County,Hawaii,HI,quiet,6.3e-05,2129,5,501+,0.04,0.000189,2620,5,501+,0.04,0.02265,0.020155,0,0,0,,,
2026-05-18,2026-05-25,39117,Morrow County,Ohio,OH,quiet,6.3e-05,2130,56,501+,0.04,0.000272,2375,66,501+,0.05,0.022635,0.029019,0,0,0,,,
2026-05-18,2026-05-25,48047,Brooks County,Texas,TX,quiet,6.3e-05,2131,223,501+,0.04,0.000796,1539,172,501+,0.16,0.022624,0.082766,0,0,0,,0.98913044,2023-24
2026-05-18,2026-05-25,48489,Willacy County,Texas,TX,quiet,6.3e-05,2132,224,501+,0.04,0.000759,1570,176,501+,0.15,0.02262,0.079134,0,0,0,,0.99193548,2023-24
2026-05-18,2026-05-25,48343,Morris County,Texas,TX,quiet,6.3e-05,2133,225,501+,0.04,0.000348,2202,229,501+,0.07,0.022581,0.037062,0,0,0,,0.96153846,2023-24
2026-05-18,2026-05-25,48197,Hardeman County,Texas,TX,quiet,6.3e-05,2134,226,501+,0.04,0.000676,1669,185,501+,0.13,0.022564,0.070851,0,0,1,55,1.0,2023-24
2026-05-18,2026-05-25,13197,Marion County,Georgia,GA,quiet,6.3e-05,2135,79,501+,0.04,0.000422,2040,75,501+,0.08,0.022507,0.044832,0,0,0,,,
2026-05-18,2026-05-25,37053,Currituck County,North Carolina,NC,quiet,6.2e-05,2136,73,501+,0.04,0.000748,1585,64,501+,0.15,0.022382,0.077993,0,0,0,,0.95882353,2022-23
2026-05-18,2026-05-25,47055,Giles County,Tennessee,TN,quiet,6.2e-05,2137,51,501+,0.04,0.000381,2129,52,501+,0.07,0.022382,0.040592,0,0,0,,0.932,2023-24
2026-05-18,2026-05-25,28061,Jasper County,Mississippi,MS,quiet,6.2e-05,2138,41,501+,0.04,0.000341,2214,32,501+,0.07,0.022314,0.036318,0,0,0,,,
2026-05-18,2026-05-25,31167,Stanton County,Nebraska,NE,quiet,6.2e-05,2139,43,501+,0.04,0.000257,2406,64,501+,0.05,0.022304,0.02747,0,0,0,,,
2026-05-18,2026-05-25,20201,Washington County,Kansas,KS,quiet,6.2e-05,2140,71,501+,0.04,0.000846,1489,35,501+,0.17,0.022289,0.087588,0,0,0,,0.97,2023-24
2026-05-18,2026-05-25,39101,Marion County,Ohio,OH,quiet,6.2e-05,2141,57,501+,0.04,0.001101,1294,45,501+,0.22,0.022276,0.111836,0,0,0,,,
2026-05-18,2026-05-25,13023,Bleckley County,Georgia,GA,quiet,6.2e-05,2142,80,501+,0.04,0.000304,2305,102,501+,0.06,0.022189,0.032406,0,0,0,,,
2026-05-18,2026-05-25,38051,McIntosh County,North Dakota,ND,quiet,6.2e-05,2143,43,501+,0.04,0.000232,2486,43,501+,0.05,0.022169,0.024759,0,0,0,,0.9688,2023-24
2026-05-18,2026-05-25,19069,Franklin County,Iowa,IA,quiet,6.2e-05,2144,49,501+,0.04,0.000516,1875,35,501+,0.1,0.022166,0.054645,0,0,0,,0.925,2023-24
2026-05-18,2026-05-25,39167,Washington County,Ohio,OH,quiet,6.2e-05,2145,58,501+,0.04,0.000298,2323,65,501+,0.06,0.02215,0.0318,0,0,0,,,
2026-05-18,2026-05-25,31129,Nuckolls County,Nebraska,NE,quiet,6.1e-05,2146,44,501+,0.04,0.000348,2200,56,501+,0.07,0.022085,0.037098,0,0,0,,,
2026-05-18,2026-05-25,27063,Jackson County,Minnesota,MN,quiet,6.1e-05,2147,79,501+,0.04,0.000573,1792,71,501+,0.11,0.022076,0.060439,0,0,0,,0.896,2023-24
2026-05-18,2026-05-25,31181,Webster County,Nebraska,NE,quiet,6.1e-05,2148,45,501+,0.04,0.000558,1820,39,501+,0.11,0.022052,0.058855,0,0,0,,,
2026-05-18,2026-05-25,31039,Cuming County,Nebraska,NE,quiet,6.1e-05,2149,46,501+,0.04,0.000465,1957,43,501+,0.09,0.02205,0.049289,0,0,0,,,
2026-05-18,2026-05-25,29001,Adair County,Missouri,MO,quiet,6.1e-05,2150,67,501+,0.04,0.000491,1919,61,501+,0.1,0.02204,0.052036,0,0,0,,0.956,2023-24
2026-05-18,2026-05-25,17087,Johnson County,Illinois,IL,quiet,6.1e-05,2151,50,501+,0.04,0.000406,2071,54,501+,0.08,0.022028,0.043164,0,0,0,,,
2026-05-18,2026-05-25,50005,Caledonia County,Vermont,VT,quiet,6.1e-05,2152,14,501+,0.04,0.000303,2307,13,501+,0.06,0.022025,0.032327,0,0,0,,0.94,2023-24
2026-05-18,2026-05-25,31049,Deuel County,Nebraska,NE,quiet,6.1e-05,2153,47,501+,0.04,0.00028,2358,61,501+,0.05,0.022002,0.02986,0,0,0,,,
2026-05-18,2026-05-25,46035,Davison County,South Dakota,SD,quiet,6.1e-05,2154,48,501+,0.04,0.000553,1829,40,501+,0.11,0.021998,0.058354,0,0,0,,0.94,2023-24
2026-05-18,2026-05-25,28005,Amite County,Mississippi,MS,quiet,6.1e-05,2155,42,501+,0.04,0.000235,2480,47,501+,0.05,0.021995,0.025139,0,0,0,,,
2026-05-18,2026-05-25,39059,Guernsey County,Ohio,OH,quiet,6.1e-05,2156,59,501+,0.04,0.000933,1405,49,501+,0.18,0.021989,0.095971,0,0,0,,,
2026-05-18,2026-05-25,13065,Clinch County,Georgia,GA,quiet,6.1e-05,2157,81,501+,0.04,0.000512,1886,67,501+,0.1,0.021903,0.054145,0,0,0,,,
2026-05-18,2026-05-25,21223,Trimble County,Kentucky,KY,quiet,6.1e-05,2158,35,501+,0.04,0.000247,2435,50,501+,0.05,0.021899,0.026383,0,0,0,,0.935,2022-23
2026-05-18,2026-05-25,20111,Lyon County,Kansas,KS,quiet,6.1e-05,2159,72,501+,0.04,0.000381,2130,75,501+,0.07,0.021875,0.040588,0,0,0,,0.9,2023-24
2026-05-18,2026-05-25,31101,Keith County,Nebraska,NE,quiet,6.1e-05,2160,48,501+,0.04,0.00055,1832,41,501+,0.11,0.021868,0.058083,0,0,0,,,
2026-05-18,2026-05-25,20197,Wabaunsee County,Kansas,KS,quiet,6.1e-05,2161,73,501+,0.04,0.000694,1640,48,501+,0.14,0.021857,0.072673,0,0,0,,0.83,2023-24
2026-05-18,2026-05-25,31177,Washington County,Nebraska,NE,quiet,6.1e-05,2162,49,501+,0.04,0.000249,2433,67,501+,0.05,0.021841,0.026585,0,0,0,,,
2026-05-18,2026-05-25,05011,Bradley County,Arkansas,AR,quiet,6.1e-05,2163,32,501+,0.04,0.000198,2588,60,501+,0.04,0.021837,0.021162,0,0,0,,,
2026-05-18,2026-05-25,27079,Le Sueur County,Minnesota,MN,quiet,6.1e-05,2164,80,501+,0.04,0.000876,1452,62,501+,0.17,0.021809,0.090498,0,0,0,,0.903,2023-24
2026-05-18,2026-05-25,31035,Clay County,Nebraska,NE,quiet,6.1e-05,2165,50,501+,0.04,0.000715,1616,28,501+,0.14,0.021803,0.074722,0,0,0,,,
2026-05-18,2026-05-25,37197,Yadkin County,North Carolina,NC,quiet,6e-05,2166,74,501+,0.04,0.000407,2068,79,501+,0.08,0.021793,0.043275,0,0,0,,0.95696203,2022-23
2026-05-18,2026-05-25,40105,Nowata County,Oklahoma,OK,quiet,6e-05,2167,51,501+,0.04,0.000711,1623,36,501+,0.14,0.021778,0.074299,0,0,0,,0.9365,2023-24
2026-05-18,2026-05-25,40135,Sequoyah County,Oklahoma,OK,quiet,6e-05,2168,52,501+,0.04,0.000428,2028,57,501+,0.08,0.021774,0.045499,0,0,0,,0.8364,2023-24
2026-05-18,2026-05-25,29007,Audrain County,Missouri,MO,quiet,6e-05,2169,68,501+,0.04,0.000459,1965,65,501+,0.09,0.021748,0.048722,0,0,0,,0.863,2023-24
2026-05-18,2026-05-25,46077,Kingsbury County,South Dakota,SD,quiet,6e-05,2170,49,501+,0.04,0.00069,1647,30,501+,0.13,0.021741,0.072246,0,0,0,,0.9,2023-24
2026-05-18,2026-05-25,37075,Graham County,North Carolina,NC,quiet,6e-05,2171,75,501+,0.04,0.000365,2173,84,501+,0.07,0.021732,0.038883,0,0,0,,0.97619048,2022-23
2026-05-18,2026-05-25,05145,White County,Arkansas,AR,quiet,6e-05,2172,33,501+,0.04,0.000822,1513,17,501+,0.16,0.021723,0.085282,0,0,0,,,
2026-05-18,2026-05-25,40075,Kiowa County,Oklahoma,OK,quiet,6e-05,2173,53,501+,0.04,0.000424,2038,58,501+,0.08,0.021691,0.04502,0,0,0,,0.9381,2023-24
2026-05-18,2026-05-25,31091,Hooker County,Nebraska,NE,quiet,6e-05,2174,51,501+,0.04,0.000413,2055,49,501+,0.08,0.02169,0.043913,0,0,0,,,
2026-05-18,2026-05-25,20117,Marshall County,Kansas,KS,quiet,6e-05,2175,74,501+,0.04,0.000364,2175,81,501+,0.07,0.021686,0.038807,0,0,0,,0.93,2023-24
2026-05-18,2026-05-25,18007,Benton County,Indiana,IN,quiet,6e-05,2176,47,501+,0.04,0.000425,2037,53,501+,0.08,0.021661,0.045223,0,0,0,,,
2026-05-18,2026-05-25,51159,Richmond County,Virginia,VA,quiet,6e-05,2177,92,501+,0.04,0.000206,2557,95,501+,0.04,0.021654,0.021997,0,0,0,,0.885,2023-24
2026-05-18,2026-05-25,37163,Sampson County,North Carolina,NC,quiet,6e-05,2178,76,501+,0.04,0.000602,1755,70,501+,0.12,0.021632,0.063343,0,0,0,,0.96788991,2022-23
2026-05-18,2026-05-25,47095,Lake County,Tennessee,TN,quiet,6e-05,2179,52,501+,0.04,0.000204,2563,73,501+,0.04,0.021622,0.021813,0,0,0,,0.98,2023-24
2026-05-18,2026-05-25,55107,Rusk County,Wisconsin,WI,quiet,6e-05,2180,55,501+,0.04,0.000466,1955,48,501+,0.09,0.021619,0.049404,0,0,0,,0.665,2023-24
2026-05-18,2026-05-25,20143,Ottawa County,Kansas,KS,quiet,6e-05,2181,75,501+,0.04,0.000467,1954,66,501+,0.09,0.021617,0.049551,0,0,0,,0.92,2023-24
2026-05-18,2026-05-25,20179,Sheridan County,Kansas,KS,quiet,6e-05,2182,76,501+,0.04,0.000376,2151,78,501+,0.07,0.021612,0.040072,0,0,0,,0.96,2023-24
2026-05-18,2026-05-25,20141,Osborne County,Kansas,KS,quiet,6e-05,2183,77,501+,0.04,0.000267,2385,94,501+,0.05,0.021604,0.028452,0,0,0,,0.96,2022-23
2026-05-18,2026-05-25,08023,Costilla County,Colorado,CO,quiet,6e-05,2184,49,501+,0.04,0.000487,1925,46,501+,0.1,0.021597,0.051634,0,0,0,,0.95,2023-24
2026-05-18,2026-05-25,05041,Desha County,Arkansas,AR,quiet,6e-05,2185,34,501+,0.04,0.000217,2522,55,501+,0.04,0.021592,0.023174,0,0,0,,,
2026-05-18,2026-05-25,46027,Clay County,South Dakota,SD,quiet,6e-05,2186,50,501+,0.04,0.000452,1983,47,501+,0.09,0.021579,0.048,0,0,0,,0.94,2023-24
2026-05-18,2026-05-25,48505,Zapata County,Texas,TX,quiet,6e-05,2187,227,501+,0.04,0.000622,1734,192,501+,0.12,0.021559,0.065412,0,0,0,,0.9954955,2023-24
2026-05-18,2026-05-25,19125,Marion County,Iowa,IA,quiet,6e-05,2188,50,501+,0.04,0.000445,1992,39,501+,0.09,0.021444,0.047223,0,0,0,,0.86445013,2023-24
2026-05-18,2026-05-25,40127,Pushmataha County,Oklahoma,OK,quiet,5.9e-05,2189,54,501+,0.04,0.000645,1710,39,501+,0.13,0.02139,0.067681,0,0,0,,0.8468,2023-24
2026-05-18,2026-05-25,28141,Tishomingo County,Mississippi,MS,quiet,5.9e-05,2190,43,501+,0.04,0.000182,2641,60,501+,0.04,0.021339,0.01945,0,0,0,,,
2026-05-18,2026-05-25,31123,Morrill County,Nebraska,NE,quiet,5.9e-05,2191,52,501+,0.04,0.000354,2192,54,501+,0.07,0.021337,0.037736,0,0,0,,,
2026-05-18,2026-05-25,19109,Kossuth County,Iowa,IA,quiet,5.9e-05,2192,51,501+,0.04,0.000384,2124,46,501+,0.07,0.021328,0.040855,0,0,0,,0.91620112,2023-24
2026-05-18,2026-05-25,51620,Franklin City,Virginia,VA,quiet,5.9e-05,2193,93,501+,0.04,0.000131,2783,110,501+,0.03,0.02132,0.0139,0,0,0,,0.886,2023-24
2026-05-18,2026-05-25,08009,Baca County,Colorado,CO,quiet,5.9e-05,2194,50,501+,0.04,0.000441,2000,49,501+,0.09,0.021278,0.046808,0,0,0,,0.9048,2023-24
2026-05-18,2026-05-25,19053,Decatur County,Iowa,IA,quiet,5.9e-05,2195,52,501+,0.04,0.000453,1980,38,501+,0.09,0.021247,0.048127,0,0,0,,0.75862069,2023-24
2026-05-18,2026-05-25,13309,Wheeler County,Georgia,GA,quiet,5.9e-05,2196,82,501+,0.04,0.000323,2256,98,501+,0.06,0.021171,0.03448,0,0,0,,,
2026-05-18,2026-05-25,26011,Arenac County,Michigan,MI,quiet,5.9e-05,2197,65,501+,0.04,0.000125,2799,73,501+,0.02,0.021143,0.013277,0,0,0,,0.9086,2023-24
2026-05-18,2026-05-25,30027,Fergus County,Montana,MT,quiet,5.9e-05,2198,43,501+,0.04,0.000295,2325,43,501+,0.06,0.021109,0.031503,0,0,0,,,
2026-05-18,2026-05-25,20077,Harper County,Kansas,KS,quiet,5.9e-05,2199,78,501+,0.04,0.00046,1963,67,501+,0.09,0.021092,0.048798,0,0,0,,0.7,2023-24
2026-05-18,2026-05-25,19161,Sac County,Iowa,IA,quiet,5.8e-05,2200,53,501+,0.04,0.000412,2058,42,501+,0.08,0.021061,0.04382,0,0,0,,0.91346154,2023-24
2026-05-18,2026-05-25,20207,Woodson County,Kansas,KS,quiet,5.8e-05,2201,79,501+,0.04,0.000454,1977,70,501+,0.09,0.02106,0.048223,0,0,0,,0.92,2023-24
2026-05-18,2026-05-25,30101,Toole County,Montana,MT,quiet,5.8e-05,2202,44,501+,0.04,0.000751,1583,31,501+,0.15,0.021053,0.078293,0,0,0,,,
2026-05-18,2026-05-25,51103,Lancaster County,Virginia,VA,quiet,5.8e-05,2203,94,501+,0.04,0.000179,2648,101,501+,0.04,0.021034,0.019132,0,0,0,,0.785,2023-24
2026-05-18,2026-05-25,51570,Colonial Heights City,Virginia,VA,quiet,5.8e-05,2204,95,501+,0.04,0.000338,2222,75,501+,0.07,0.021023,0.036002,0,0,0,,0.922,2023-24
2026-05-18,2026-05-25,29181,Ripley County,Missouri,MO,quiet,5.8e-05,2205,69,501+,0.04,0.000509,1888,60,501+,0.1,0.020992,0.053898,0,0,0,,0.904,2023-24
2026-05-18,2026-05-25,31147,Richardson County,Nebraska,NE,quiet,5.8e-05,2206,53,501+,0.04,0.000443,1994,44,501+,0.09,0.020991,0.047094,0,0,0,,,
2026-05-18,2026-05-25,31105,Kimball County,Nebraska,NE,quiet,5.8e-05,2207,54,501+,0.04,0.000556,1823,40,501+,0.11,0.02099,0.058714,0,0,0,,,
2026-05-18,2026-05-25,36097,Schuyler County,New York,NY,quiet,5.8e-05,2208,55,501+,0.04,0.000188,2622,57,501+,0.04,0.020934,0.020008,0,0,0,,0.69932143,2022-23
2026-05-18,2026-05-25,31097,Johnson County,Nebraska,NE,quiet,5.8e-05,2209,55,501+,0.04,0.000582,1780,36,501+,0.11,0.020837,0.061355,0,0,0,,,
2026-05-18,2026-05-25,22037,East Feliciana Parish,Louisiana,LA,quiet,5.8e-05,2210,47,501+,0.04,0.000311,2281,39,501+,0.06,0.020831,0.033132,0,0,0,,0.944,2021-22
2026-05-18,2026-05-25,02180,Nome Census Area,Alaska,AK,quiet,5.8e-05,2211,24,501+,0.04,0.000294,2330,23,501+,0.06,0.020828,0.031369,0,0,0,,,
2026-05-18,2026-05-25,13241,Rabun County,Georgia,GA,quiet,5.8e-05,2212,83,501+,0.04,0.000206,2556,126,501+,0.04,0.020819,0.022008,0,0,0,,,
2026-05-18,2026-05-25,13155,Irwin County,Georgia,GA,quiet,5.8e-05,2213,84,501+,0.04,0.000331,2239,96,501+,0.06,0.020786,0.035259,0,0,0,,,
2026-05-18,2026-05-25,31089,Holt County,Nebraska,NE,quiet,5.8e-05,2214,56,501+,0.04,0.000339,2217,57,501+,0.07,0.020769,0.036157,0,0,0,,,
2026-05-18,2026-05-25,21005,Anderson County,Kentucky,KY,quiet,5.8e-05,2215,36,501+,0.04,0.000537,1842,32,501+,0.1,0.020769,0.056753,0,0,0,,0.958,2022-23
2026-05-18,2026-05-25,21031,Butler County,Kentucky,KY,quiet,5.7e-05,2216,37,501+,0.04,0.000114,2826,68,501+,0.02,0.020674,0.012103,0,0,0,,0.922,2022-23
2026-05-18,2026-05-25,22107,Tensas Parish,Louisiana,LA,quiet,5.7e-05,2217,48,501+,0.04,0.000315,2269,37,501+,0.06,0.020666,0.033648,0,0,0,,0.667,2021-22
2026-05-18,2026-05-25,29127,Marion County,Missouri,MO,quiet,5.7e-05,2218,70,501+,0.04,0.000305,2300,80,501+,0.06,0.020648,0.03255,0,0,0,,0.93,2023-24
2026-05-18,2026-05-25,20147,Phillips County,Kansas,KS,quiet,5.7e-05,2219,80,501+,0.04,0.00068,1660,49,501+,0.13,0.020562,0.071265,0,0,0,,0.92,2023-24
2026-05-18,2026-05-25,20199,Wallace County,Kansas,KS,quiet,5.7e-05,2220,81,501+,0.04,0.000342,2213,84,501+,0.07,0.020557,0.03645,0,0,0,,0.88,2022-23
2026-05-18,2026-05-25,31145,Red Willow County,Nebraska,NE,quiet,5.7e-05,2221,57,501+,0.04,0.00038,2135,51,501+,0.07,0.020541,0.040489,0,0,0,,,
2026-05-18,2026-05-25,29155,Pemiscot County,Missouri,MO,quiet,5.7e-05,2222,71,501+,0.04,0.000177,2655,96,501+,0.03,0.02052,0.018887,0,0,0,,0.782,2023-24
2026-05-18,2026-05-25,31023,Butler County,Nebraska,NE,quiet,5.7e-05,2223,58,501+,0.04,0.000713,1618,29,501+,0.14,0.0205,0.074568,0,0,0,,,
2026-05-18,2026-05-25,42035,Clinton County,Pennsylvania,PA,quiet,5.7e-05,2224,54,501+,0.04,0.000119,2816,59,501+,0.02,0.020498,0.012598,0,0,0,,0.96357616,2023-24
2026-05-18,2026-05-25,36003,Allegany County,New York,NY,quiet,5.7e-05,2225,56,501+,0.04,0.000464,1958,47,501+,0.09,0.020494,0.049214,0,0,0,,0.994125,2022-23
2026-05-18,2026-05-25,29009,Barry County,Missouri,MO,quiet,5.7e-05,2226,72,501+,0.04,0.000338,2220,74,501+,0.07,0.020476,0.036053,0,0,0,,0.906,2023-24
2026-05-18,2026-05-25,27065,Kanabec County,Minnesota,MN,quiet,5.7e-05,2227,81,501+,0.04,0.000278,2361,82,501+,0.05,0.020469,0.0297,0,0,0,,0.842,2023-24
2026-05-18,2026-05-25,01037,Coosa County,Alabama,AL,quiet,5.7e-05,2228,41,501+,0.04,0.000195,2603,55,501+,0.04,0.020439,0.020753,0,0,0,,0.9859,2022-23
2026-05-18,2026-05-25,27081,Lincoln County,Minnesota,MN,quiet,5.7e-05,2229,82,501+,0.04,0.000243,2452,84,501+,0.05,0.020412,0.025923,0,0,0,,0.899,2023-24
2026-05-18,2026-05-25,51670,Hopewell City,Virginia,VA,quiet,5.7e-05,2230,96,501+,0.04,0.000144,2748,107,501+,0.03,0.020392,0.015296,0,0,0,,0.885,2023-24
2026-05-18,2026-05-25,21143,Lyon County,Kentucky,KY,quiet,5.6e-05,2231,38,501+,0.04,0.000245,2442,52,501+,0.05,0.020361,0.02616,0,0,0,,0.958,2022-23
2026-05-18,2026-05-25,17165,Saline County,Illinois,IL,quiet,5.6e-05,2232,51,501+,0.04,0.000349,2199,61,501+,0.07,0.020355,0.037234,0,0,0,,,
2026-05-18,2026-05-25,19133,Monona County,Iowa,IA,quiet,5.6e-05,2233,54,501+,0.04,0.000204,2562,67,501+,0.04,0.020334,0.021818,0,0,0,,0.88235294,2023-24
2026-05-18,2026-05-25,18177,Wayne County,Indiana,IN,quiet,5.6e-05,2234,48,501+,0.04,0.000772,1559,35,501+,0.15,0.020297,0.080329,0,0,0,,,
2026-05-18,2026-05-25,31155,Saunders County,Nebraska,NE,quiet,5.6e-05,2235,59,501+,0.04,0.000391,2106,50,501+,0.08,0.020273,0.041642,0,0,0,,,
2026-05-18,2026-05-25,22049,Jackson Parish,Louisiana,LA,quiet,5.6e-05,2236,49,501+,0.04,0.000158,2711,56,501+,0.03,0.020244,0.016839,0,0,0,,0.902,2021-22
2026-05-18,2026-05-25,51143,Pittsylvania County,Virginia,VA,quiet,5.6e-05,2237,97,501+,0.04,0.000526,1859,58,501+,0.1,0.020227,0.05562,0,0,0,,0.963,2023-24
2026-05-18,2026-05-25,20105,Lincoln County,Kansas,KS,quiet,5.6e-05,2238,82,501+,0.04,0.000278,2363,92,501+,0.05,0.020216,0.029684,0,0,0,,0.81,2023-24
2026-05-18,2026-05-25,21103,Henry County,Kentucky,KY,quiet,5.6e-05,2239,39,501+,0.04,0.000368,2169,36,501+,0.07,0.020199,0.03918,0,0,0,,0.935,2022-23
2026-05-18,2026-05-25,01041,Crenshaw County,Alabama,AL,quiet,5.6e-05,2240,42,501+,0.04,0.000111,2834,66,501+,0.02,0.020184,0.011753,0,0,0,,0.9837,2022-23
2026-05-18,2026-05-25,47079,Henry County,Tennessee,TN,quiet,5.6e-05,2241,53,501+,0.04,0.000537,1845,46,501+,0.1,0.020175,0.056713,0,0,0,,0.963,2023-24
2026-05-18,2026-05-25,26137,Otsego County,Michigan,MI,quiet,5.6e-05,2242,66,501+,0.04,0.000251,2430,66,501+,0.05,0.020172,0.026825,0,0,0,,0.8905,2023-24
2026-05-18,2026-05-25,01099,Monroe County,Alabama,AL,quiet,5.6e-05,2243,43,501+,0.04,0.00029,2339,44,501+,0.06,0.020153,0.030929,0,0,0,,0.972,2022-23
2026-05-18,2026-05-25,55137,Waushara County,Wisconsin,WI,quiet,5.6e-05,2244,56,501+,0.04,0.00044,2006,49,501+,0.09,0.020147,0.046696,0,0,0,,0.717,2023-24
2026-05-18,2026-05-25,22081,Red River Parish,Louisiana,LA,quiet,5.6e-05,2245,50,501+,0.04,7.3e-05,2961,64,501+,0.01,0.020142,0.007662,0,0,0,,1.0,2021-22
2026-05-18,2026-05-25,05097,Montgomery County,Arkansas,AR,quiet,5.6e-05,2246,35,501+,0.04,0.000286,2347,44,501+,0.06,0.020139,0.030503,0,0,0,,,
2026-05-18,2026-05-25,05081,Little River County,Arkansas,AR,quiet,5.6e-05,2247,36,501+,0.04,0.000364,2176,33,501+,0.07,0.02013,0.038758,0,0,0,,,
2026-05-18,2026-05-25,55099,Price County,Wisconsin,WI,quiet,5.6e-05,2248,57,501+,0.04,0.000286,2346,58,501+,0.06,0.020071,0.030534,0,0,0,,0.698,2023-24
2026-05-18,2026-05-25,37165,Scotland County,North Carolina,NC,quiet,5.5e-05,2249,77,501+,0.04,0.000375,2155,83,501+,0.07,0.019988,0.039911,0,0,0,,0.95899054,2022-23
2026-05-18,2026-05-25,55103,Richland County,Wisconsin,WI,quiet,5.5e-05,2250,58,501+,0.04,0.0004,2090,52,501+,0.08,0.019924,0.042513,0,0,0,,0.631,2023-24
2026-05-18,2026-05-25,31067,Gage County,Nebraska,NE,quiet,5.5e-05,2251,60,501+,0.04,0.000336,2227,58,501+,0.07,0.019924,0.035797,0,0,0,,,
2026-05-18,2026-05-25,17017,Cass County,Illinois,IL,quiet,5.5e-05,2252,52,501+,0.04,0.000408,2067,53,501+,0.08,0.019915,0.043399,0,0,0,,,
2026-05-18,2026-05-25,13303,Washington County,Georgia,GA,quiet,5.5e-05,2253,85,501+,0.04,0.000222,2506,119,501+,0.04,0.019893,0.023678,0,0,0,,,
2026-05-18,2026-05-25,17127,Massac County,Illinois,IL,quiet,5.5e-05,2254,53,501+,0.04,0.000427,2035,51,501+,0.08,0.019871,0.045354,0,0,0,,,
2026-05-18,2026-05-25,28083,Leflore County,Mississippi,MS,quiet,5.5e-05,2255,44,501+,0.04,0.000299,2322,37,501+,0.06,0.019773,0.031886,0,0,0,,,
2026-05-18,2026-05-25,01111,Randolph County,Alabama,AL,quiet,5.5e-05,2256,44,501+,0.04,0.000587,1772,30,501+,0.11,0.01975,0.061844,0,0,0,,0.9248,2022-23
2026-05-18,2026-05-25,45005,Allendale County,South Carolina,SC,quiet,5.5e-05,2257,35,501+,0.04,0.000411,2060,37,501+,0.08,0.01972,0.043706,0,0,0,,0.96,2023-24
2026-05-18,2026-05-25,21083,Graves County,Kentucky,KY,quiet,5.5e-05,2258,40,501+,0.04,0.00045,1987,34,501+,0.09,0.019719,0.047729,0,0,0,,0.94,2022-23
2026-05-18,2026-05-25,05061,Howard County,Arkansas,AR,quiet,5.5e-05,2259,37,501+,0.04,0.000242,2460,50,501+,0.05,0.019699,0.025794,0,0,0,,,
2026-05-18,2026-05-25,18181,White County,Indiana,IN,quiet,5.4e-05,2260,49,501+,0.04,0.000653,1698,41,501+,0.13,0.019661,0.068482,0,0,0,,,
2026-05-18,2026-05-25,29049,Clinton County,Missouri,MO,quiet,5.4e-05,2261,73,501+,0.04,0.000486,1926,62,501+,0.1,0.019644,0.051554,0,0,0,,0.9,2023-24
2026-05-18,2026-05-25,21017,Bourbon County,Kentucky,KY,quiet,5.4e-05,2262,41,501+,0.04,0.00035,2198,37,501+,0.07,0.019643,0.03732,0,0,0,,0.849,2022-23
2026-05-18,2026-05-25,40021,Cherokee County,Oklahoma,OK,quiet,5.4e-05,2263,55,501+,0.04,0.000631,1727,41,501+,0.12,0.019607,0.066366,0,0,0,,0.9381,2023-24
2026-05-18,2026-05-25,21039,Carlisle County,Kentucky,KY,quiet,5.4e-05,2264,42,501+,0.04,0.000285,2352,45,501+,0.06,0.019569,0.030384,0,0,0,,0.857,2022-23
2026-05-18,2026-05-25,28123,Scott County,Mississippi,MS,quiet,5.4e-05,2265,45,501+,0.04,0.000336,2226,33,501+,0.07,0.019544,0.035824,0,0,0,,,
2026-05-18,2026-05-25,13273,Terrell County,Georgia,GA,quiet,5.4e-05,2266,86,501+,0.04,0.000387,2119,83,501+,0.08,0.019531,0.041208,0,0,0,,,
2026-05-18,2026-05-25,17175,Stark County,Illinois,IL,quiet,5.4e-05,2267,54,501+,0.04,0.000181,2644,69,501+,0.04,0.019496,0.019316,0,0,0,,,
2026-05-18,2026-05-25,48447,Throckmorton County,Texas,TX,quiet,5.4e-05,2268,228,501+,0.04,0.000191,2616,243,501+,0.04,0.019466,0.02036,0,0,0,,0.72727273,2023-24
2026-05-18,2026-05-25,35047,San Miguel County,New Mexico,NM,quiet,5.4e-05,2269,28,501+,0.04,0.000874,1455,21,501+,0.17,0.019391,0.090364,0,0,0,,0.89,2018-19
2026-05-18,2026-05-25,28055,Issaquena County,Mississippi,MS,quiet,5.4e-05,2270,46,501+,0.04,0.000114,2825,77,501+,0.02,0.019391,0.012112,0,0,0,,,
2026-05-18,2026-05-25,37173,Swain County,North Carolina,NC,quiet,5.4e-05,2271,78,501+,0.04,0.000423,2039,78,501+,0.08,0.019363,0.044918,0,0,0,,0.93589744,2022-23
2026-05-18,2026-05-25,12077,Liberty County,Florida,FL,quiet,5.4e-05,2272,64,501+,0.04,0.000337,2224,63,501+,0.07,0.019337,0.03595,0,0,0,,0.981,2022-23
2026-05-18,2026-05-25,19093,Ida County,Iowa,IA,quiet,5.3e-05,2273,55,501+,0.04,0.000285,2351,60,501+,0.06,0.019331,0.030386,0,0,0,,0.94202899,2023-24
2026-05-18,2026-05-25,37083,Halifax County,North Carolina,NC,quiet,5.3e-05,2274,79,501+,0.04,0.000886,1445,57,501+,0.17,0.019291,0.091479,0,0,0,,0.96545769,2022-23
2026-05-18,2026-05-25,28155,Webster County,Mississippi,MS,quiet,5.3e-05,2275,47,501+,0.04,0.000257,2405,44,501+,0.05,0.019277,0.027482,0,0,0,,,
2026-05-18,2026-05-25,13171,Lamar County,Georgia,GA,quiet,5.3e-05,2276,87,501+,0.04,0.000375,2154,85,501+,0.07,0.019206,0.039947,0,0,0,,,
2026-05-18,2026-05-25,17075,Iroquois County,Illinois,IL,quiet,5.3e-05,2277,55,501+,0.04,0.000597,1758,41,501+,0.12,0.019203,0.06288,0,0,0,,,
2026-05-18,2026-05-25,22093,St. James Parish,Louisiana,LA,quiet,5.3e-05,2278,51,501+,0.04,0.000187,2625,53,501+,0.04,0.019183,0.019914,0,0,0,,0.969,2021-22
2026-05-18,2026-05-25,05059,Hot Spring County,Arkansas,AR,quiet,5.3e-05,2279,38,501+,0.04,0.000377,2147,32,501+,0.07,0.019173,0.040159,0,0,0,,,
2026-05-18,2026-05-25,47059,Greene County,Tennessee,TN,quiet,5.3e-05,2280,54,501+,0.04,0.000948,1391,36,501+,0.19,0.019163,0.097423,0,0,0,,0.975,2023-24
2026-05-18,2026-05-25,37117,Martin County,North Carolina,NC,quiet,5.3e-05,2281,80,501+,0.04,0.00027,2380,90,501+,0.05,0.019157,0.028809,0,0,0,,0.97183099,2022-23
2026-05-18,2026-05-25,20041,Dickinson County,Kansas,KS,quiet,5.3e-05,2282,83,501+,0.04,0.000503,1896,65,501+,0.1,0.019147,0.053243,0,0,0,,0.87,2023-24
2026-05-18,2026-05-25,33003,Carroll County,New Hampshire,NH,quiet,5.3e-05,2283,9,501+,0.04,8.7e-05,2915,9,501+,0.02,0.019131,0.009221,0,0,0,,,
2026-05-18,2026-05-25,20017,Chase County,Kansas,KS,quiet,5.3e-05,2284,84,501+,0.04,0.000346,2206,83,501+,0.07,0.019105,0.036868,0,0,0,,0.74,2023-24
2026-05-18,2026-05-25,12045,Gulf County,Florida,FL,quiet,5.3e-05,2285,65,501+,0.04,0.000205,2559,66,501+,0.04,0.019074,0.021881,0,0,0,,0.947,2022-23
2026-05-18,2026-05-25,18069,Huntington County,Indiana,IN,quiet,5.3e-05,2286,50,501+,0.04,0.000574,1791,46,501+,0.11,0.019061,0.06051,0,0,0,,,
2026-05-18,2026-05-25,23007,Franklin County,Maine,ME,quiet,5.3e-05,2287,15,501+,0.04,0.000428,2026,14,501+,0.08,0.019053,0.045526,0,0,0,,0.9626,2023-24
2026-05-18,2026-05-25,05029,Conway County,Arkansas,AR,quiet,5.3e-05,2288,39,501+,0.04,0.000494,1916,24,501+,0.1,0.019044,0.052348,0,0,0,,,
2026-05-18,2026-05-25,27091,Martin County,Minnesota,MN,quiet,5.2e-05,2289,83,501+,0.04,0.000397,2094,74,501+,0.08,0.018976,0.042254,0,0,0,,0.816,2023-24
2026-05-18,2026-05-25,51155,Pulaski County,Virginia,VA,quiet,5.2e-05,2290,98,501+,0.04,0.000318,2265,77,501+,0.06,0.018955,0.033909,0,0,0,,0.791,2023-24
2026-05-18,2026-05-25,48125,Dickens County,Texas,TX,quiet,5.2e-05,2291,229,501+,0.04,0.000243,2455,239,501+,0.05,0.018946,0.025906,0,0,0,,0.90476191,2023-24
2026-05-18,2026-05-25,20181,Sherman County,Kansas,KS,quiet,5.2e-05,2292,85,501+,0.04,0.000566,1807,58,501+,0.11,0.018936,0.05968,0,0,0,,0.97,2023-24
2026-05-18,2026-05-25,30023,Deer Lodge County,Montana,MT,quiet,5.2e-05,2293,45,501+,0.04,0.000333,2235,40,501+,0.07,0.018931,0.035556,0,0,0,,,
2026-05-18,2026-05-25,22123,West Carroll Parish,Louisiana,LA,quiet,5.2e-05,2294,52,501+,0.04,0.000225,2498,45,501+,0.04,0.018921,0.024055,0,0,0,,0.824,2021-22
2026-05-18,2026-05-25,28097,Montgomery County,Mississippi,MS,quiet,5.2e-05,2295,48,501+,0.03,0.000194,2609,58,501+,0.04,0.018911,0.020648,0,0,0,,,
2026-05-18,2026-05-25,17053,Ford County,Illinois,IL,quiet,5.2e-05,2296,56,501+,0.03,0.000379,2138,58,501+,0.07,0.018899,0.04037,0,0,0,,,
2026-05-18,2026-05-25,46105,Perkins County,South Dakota,SD,quiet,5.2e-05,2297,51,501+,0.03,0.000133,2775,59,501+,0.03,0.018856,0.01414,0,0,0,,0.85,2023-24
2026-05-18,2026-05-25,27133,Rock County,Minnesota,MN,quiet,5.2e-05,2298,84,501+,0.03,0.000394,2098,75,501+,0.08,0.018852,0.041932,0,0,0,,0.92,2023-24
2026-05-18,2026-05-25,20183,Smith County,Kansas,KS,quiet,5.2e-05,2299,86,501+,0.03,0.0002,2584,98,501+,0.04,0.018847,0.021315,0,0,0,,0.81,2023-24
2026-05-18,2026-05-25,28043,Grenada County,Mississippi,MS,quiet,5.2e-05,2300,49,501+,0.03,0.000164,2696,68,501+,0.03,0.018787,0.017421,0,0,0,,,
2026-05-18,2026-05-25,20003,Anderson County,Kansas,KS,quiet,5.2e-05,2301,87,501+,0.03,0.000322,2259,88,501+,0.06,0.018772,0.034334,0,0,0,,0.82,2023-24
2026-05-18,2026-05-25,29015,Benton County,Missouri,MO,quiet,5.2e-05,2302,74,501+,0.03,0.000572,1794,57,501+,0.11,0.018745,0.060287,0,0,0,,0.843,2023-24
2026-05-18,2026-05-25,54019,Fayette County,West Virginia,WV,quiet,5.2e-05,2303,14,501+,0.03,0.000374,2156,15,501+,0.07,0.018689,0.039861,0,0,0,,,
2026-05-18,2026-05-25,16003,Adams County,Idaho,ID,quiet,5.2e-05,2304,42,501+,0.03,0.000754,1579,39,501+,0.15,0.018685,0.078642,0,0,0,,,
2026-05-18,2026-05-25,40057,Harmon County,Oklahoma,OK,quiet,5.2e-05,2305,56,501+,0.03,0.000141,2753,77,501+,0.03,0.018667,0.014969,0,0,0,,0.8889,2023-24
2026-05-18,2026-05-25,49009,Daggett County,Utah,UT,quiet,5.2e-05,2306,26,501+,0.03,0.000322,2257,26,501+,0.06,0.018655,0.034373,0,0,0,,0.937,2022-23
2026-05-18,2026-05-25,17051,Fayette County,Illinois,IL,quiet,5.2e-05,2307,57,501+,0.03,0.000517,1874,45,501+,0.1,0.018648,0.054682,0,0,0,,,
2026-05-18,2026-05-25,51730,Petersburg City,Virginia,VA,quiet,5.2e-05,2308,99,501+,0.03,0.000239,2470,87,501+,0.05,0.018639,0.025564,0,0,0,,0.824,2023-24
2026-05-18,2026-05-25,13301,Warren County,Georgia,GA,quiet,5.2e-05,2309,88,501+,0.03,0.000378,2142,84,501+,0.07,0.018632,0.040298,0,0,0,,,
2026-05-18,2026-05-25,38047,Logan County,North Dakota,ND,quiet,5.2e-05,2310,44,501+,0.03,0.000242,2462,42,501+,0.05,0.018629,0.025785,0,0,0,,0.9032,2023-24
2026-05-18,2026-05-25,46009,Bon Homme County,South Dakota,SD,quiet,5.1e-05,2311,52,501+,0.03,0.000616,1742,33,501+,0.12,0.018612,0.064823,0,0,0,,0.87,2023-24
2026-05-18,2026-05-25,19073,Greene County,Iowa,IA,quiet,5.1e-05,2312,56,501+,0.03,0.00052,1866,33,501+,0.1,0.018608,0.055021,0,0,0,,0.83636364,2023-24
2026-05-18,2026-05-25,13025,Brantley County,Georgia,GA,quiet,5.1e-05,2313,89,501+,0.03,0.000963,1378,36,501+,0.19,0.018513,0.098825,0,0,0,,,
2026-05-18,2026-05-25,13009,Baldwin County,Georgia,GA,quiet,5.1e-05,2314,90,501+,0.03,0.000285,2348,105,501+,0.06,0.018507,0.030468,0,0,0,,,
2026-05-18,2026-05-25,13003,Atkinson County,Georgia,GA,quiet,5.1e-05,2315,91,501+,0.03,0.000656,1697,54,501+,0.13,0.018505,0.068801,0,0,0,,,
2026-05-18,2026-05-25,27093,Meeker County,Minnesota,MN,quiet,5.1e-05,2316,85,501+,0.03,0.000499,1906,73,501+,0.1,0.018502,0.052833,0,0,0,,0.849,2023-24
2026-05-18,2026-05-25,38049,McHenry County,North Dakota,ND,quiet,5.1e-05,2317,45,501+,0.03,9.8e-05,2867,47,501+,0.02,0.018485,0.010359,0,0,0,,0.8594,2023-24
2026-05-18,2026-05-25,47083,Houston County,Tennessee,TN,quiet,5.1e-05,2318,55,501+,0.03,0.000285,2350,61,501+,0.06,0.018481,0.030439,0,0,0,,0.989,2023-24
2026-05-18,2026-05-25,51595,Emporia City,Virginia,VA,quiet,5.1e-05,2319,100,501+,0.03,8.4e-05,2928,124,501+,0.02,0.018463,0.008859,0,0,0,,,
2026-05-18,2026-05-25,13229,Pierce County,Georgia,GA,quiet,5.1e-05,2320,92,501+,0.03,0.000392,2104,81,501+,0.08,0.018448,0.041725,0,0,0,,,
2026-05-18,2026-05-25,18015,Carroll County,Indiana,IN,quiet,5.1e-05,2321,51,501+,0.03,0.000501,1900,48,501+,0.1,0.018425,0.053085,0,0,0,,,
2026-05-18,2026-05-25,37143,Perquimans County,North Carolina,NC,quiet,5.1e-05,2322,81,501+,0.03,0.000312,2277,88,501+,0.06,0.018395,0.033327,0,0,0,,0.96261682,2022-23
2026-05-18,2026-05-25,54031,Hardy County,West Virginia,WV,quiet,5.1e-05,2323,15,501+,0.03,0.00042,2043,13,501+,0.08,0.018366,0.044625,0,0,0,,,
2026-05-18,2026-05-25,05015,Carroll County,Arkansas,AR,quiet,5.1e-05,2324,40,501+,0.03,0.000264,2395,45,501+,0.05,0.018351,0.028134,0,0,0,,,
2026-05-18,2026-05-25,37145,Person County,North Carolina,NC,quiet,5.1e-05,2325,82,501+,0.03,0.000869,1461,59,501+,0.17,0.018344,0.089816,0,0,0,,0.98901099,2022-23
2026-05-18,2026-05-25,13169,Jones County,Georgia,GA,quiet,5.1e-05,2326,93,501+,0.03,0.000401,2084,80,501+,0.08,0.018343,0.042663,0,0,0,,,
2026-05-18,2026-05-25,48095,Concho County,Texas,TX,quiet,5.1e-05,2327,230,501+,0.03,0.000446,1991,216,501+,0.09,0.018297,0.047407,0,0,0,,1.0,2023-24
2026-05-18,2026-05-25,26039,Crawford County,Michigan,MI,quiet,5e-05,2328,67,501+,0.03,0.000219,2515,67,501+,0.04,0.018192,0.02338,0,0,0,,0.8866,2023-24
2026-05-18,2026-05-25,54083,Randolph County,West Virginia,WV,quiet,5e-05,2329,16,501+,0.03,0.0004,2088,14,501+,0.08,0.018172,0.042527,0,0,0,,,
2026-05-18,2026-05-25,19005,Allamakee County,Iowa,IA,quiet,5e-05,2330,57,501+,0.03,0.000371,2163,50,501+,0.07,0.018166,0.039493,0,0,0,,0.8952381,2023-24
2026-05-18,2026-05-25,47033,Crockett County,Tennessee,TN,quiet,5e-05,2331,56,501+,0.03,0.00034,2215,56,501+,0.07,0.018158,0.036263,0,0,0,,0.953,2023-24
2026-05-18,2026-05-25,13211,Morgan County,Georgia,GA,quiet,5e-05,2332,94,501+,0.03,0.000616,1743,57,501+,0.12,0.018155,0.064758,0,0,0,,,
2026-05-18,2026-05-25,13035,Butts County,Georgia,GA,quiet,5e-05,2333,95,501+,0.03,0.000407,2069,78,501+,0.08,0.018144,0.043269,0,0,0,,,
2026-05-18,2026-05-25,19123,Mahaska County,Iowa,IA,quiet,5e-05,2334,58,501+,0.03,0.000326,2246,56,501+,0.06,0.018138,0.034801,0,0,0,,0.89237668,2023-24
2026-05-18,2026-05-25,45025,Chesterfield County,South Carolina,SC,quiet,5e-05,2335,36,501+,0.03,0.000384,2125,39,501+,0.07,0.018136,0.040836,0,0,0,,0.971,2023-24
2026-05-18,2026-05-25,13259,Stewart County,Georgia,GA,quiet,5e-05,2336,96,501+,0.03,0.000332,2238,95,501+,0.06,0.018123,0.035421,0,0,0,,,
2026-05-18,2026-05-25,51036,Charles City County,Virginia,VA,quiet,5e-05,2337,101,501+,0.03,0.000149,2741,106,501+,0.03,0.018066,0.015825,0,0,0,,0.59,2022-23
2026-05-18,2026-05-25,40089,McCurtain County,Oklahoma,OK,quiet,5e-05,2338,57,501+,0.03,0.00039,2114,59,501+,0.08,0.018062,0.041462,0,0,0,,0.8534,2023-24
2026-05-18,2026-05-25,48487,Wilbarger County,Texas,TX,quiet,5e-05,2339,231,501+,0.03,0.00075,1584,178,501+,0.15,0.01805,0.078212,0,0,0,,0.98507463,2023-24
2026-05-18,2026-05-25,47185,White County,Tennessee,TN,quiet,5e-05,2340,57,501+,0.03,0.000363,2178,55,501+,0.07,0.018023,0.038706,0,0,0,,0.938,2023-24
2026-05-18,2026-05-25,51660,Harrisonburg City,Virginia,VA,quiet,5e-05,2341,102,501+,0.03,0.000142,2751,108,501+,0.03,0.018011,0.015107,0,0,0,,0.908,2023-24
2026-05-18,2026-05-25,51141,Patrick County,Virginia,VA,quiet,5e-05,2342,103,501+,0.03,0.000219,2516,92,501+,0.04,0.018009,0.023348,0,0,0,,0.932,2023-24
2026-05-18,2026-05-25,28091,Marion County,Mississippi,MS,quiet,5e-05,2343,50,501+,0.03,0.000225,2501,50,501+,0.04,0.017968,0.024018,0,0,0,,,
2026-05-18,2026-05-25,38091,Steele County,North Dakota,ND,quiet,5e-05,2344,46,501+,0.03,9.5e-05,2878,48,501+,0.02,0.017966,0.010038,0,0,0,,0.6667,2023-24
2026-05-18,2026-05-25,37091,Hertford County,North Carolina,NC,quiet,5e-05,2345,83,501+,0.03,0.000175,2664,95,501+,0.03,0.01796,0.018653,0,0,0,,0.9895288,2022-23
2026-05-18,2026-05-25,17135,Montgomery County,Illinois,IL,quiet,5e-05,2346,58,501+,0.03,0.000448,1989,49,501+,0.09,0.017945,0.047601,0,0,0,,,
2026-05-18,2026-05-25,02290,Yukon-Koyukuk Census Area,Alaska,AK,quiet,5e-05,2347,25,501+,0.03,0.00033,2240,22,501+,0.06,0.017936,0.03516,0,0,0,,,
2026-05-18,2026-05-25,05017,Chicot County,Arkansas,AR,quiet,4.9e-05,2348,41,501+,0.03,0.000254,2421,48,501+,0.05,0.017904,0.0271,0,0,0,,,
2026-05-18,2026-05-25,47153,Sequatchie County,Tennessee,TN,quiet,4.9e-05,2349,58,501+,0.03,0.000183,2639,77,501+,0.04,0.0179,0.019552,0,0,0,,0.988,2023-24
2026-05-18,2026-05-25,13163,Jefferson County,Georgia,GA,quiet,4.9e-05,2350,97,501+,0.03,0.000391,2109,82,501+,0.08,0.017888,0.041598,0,0,0,,,
2026-05-18,2026-05-25,21215,Spencer County,Kentucky,KY,quiet,4.9e-05,2351,43,501+,0.03,0.000275,2372,46,501+,0.05,0.017882,0.029352,0,0,0,,0.961,2022-23
2026-05-18,2026-05-25,26143,Roscommon County,Michigan,MI,quiet,4.9e-05,2352,68,501+,0.03,0.000207,2550,68,501+,0.04,0.017872,0.022135,0,0,0,,0.8621,2023-24
2026-05-18,2026-05-25,21229,Washington County,Kentucky,KY,quiet,4.9e-05,2353,44,501+,0.03,0.000306,2297,40,501+,0.06,0.017855,0.032631,0,0,0,,0.981,2022-23
2026-05-18,2026-05-25,17183,Vermilion County,Illinois,IL,quiet,4.9e-05,2354,59,501+,0.03,0.000471,1950,48,501+,0.09,0.017853,0.049944,0,0,0,,,
2026-05-18,2026-05-25,22077,Pointe Coupee Parish,Louisiana,LA,quiet,4.9e-05,2355,53,501+,0.03,0.000458,1969,33,501+,0.09,0.017846,0.048581,0,0,0,,0.917,2021-22
2026-05-18,2026-05-25,45011,Barnwell County,South Carolina,SC,quiet,4.9e-05,2356,37,501+,0.03,0.000261,2399,41,501+,0.05,0.017831,0.027891,0,0,0,,0.957,2023-24
2026-05-18,2026-05-25,31135,Perkins County,Nebraska,NE,quiet,4.9e-05,2357,61,501+,0.03,0.000361,2182,53,501+,0.07,0.017734,0.03851,0,0,0,,,
2026-05-18,2026-05-25,13237,Putnam County,Georgia,GA,quiet,4.9e-05,2358,98,501+,0.03,0.000333,2236,94,501+,0.07,0.017731,0.03552,0,0,0,,,
2026-05-18,2026-05-25,38103,Wells County,North Dakota,ND,quiet,4.9e-05,2359,47,501+,0.03,0.000204,2565,44,501+,0.04,0.017703,0.021782,0,0,0,,0.9333,2023-24
2026-05-18,2026-05-25,13299,Ware County,Georgia,GA,quiet,4.9e-05,2360,99,501+,0.03,0.000168,2678,135,501+,0.03,0.017685,0.017892,0,0,0,,,
2026-05-18,2026-05-25,55095,Polk County,Wisconsin,WI,quiet,4.9e-05,2361,59,501+,0.03,0.000211,2538,61,501+,0.04,0.017666,0.022566,0,0,0,,0.669,2023-24
2026-05-18,2026-05-25,48243,Jeff Davis County,Texas,TX,quiet,4.9e-05,2362,232,501+,0.03,0.000235,2481,240,501+,0.05,0.017635,0.025111,0,0,0,,0.94285714,2023-24
2026-05-18,2026-05-25,41015,Curry County,Oregon,OR,quiet,4.9e-05,2363,32,501+,0.03,0.00038,2136,33,501+,0.07,0.017633,0.040464,0,0,0,,0.842,2023-24
2026-05-18,2026-05-25,17151,Pope County,Illinois,IL,quiet,4.9e-05,2364,60,501+,0.03,0.000262,2397,63,501+,0.05,0.017621,0.02798,0,0,0,,,
2026-05-18,2026-05-25,29005,Atchison County,Missouri,MO,quiet,4.9e-05,2365,75,501+,0.03,0.000121,2811,102,501+,0.02,0.017617,0.012869,0,0,0,,0.963,2023-24
2026-05-18,2026-05-25,05093,Mississippi County,Arkansas,AR,quiet,4.9e-05,2366,42,501+,0.03,0.000393,2103,30,501+,0.08,0.017587,0.041786,0,0,0,,,
2026-05-18,2026-05-25,46067,Hutchinson County,South Dakota,SD,quiet,4.8e-05,2367,53,501+,0.03,0.000486,1928,46,501+,0.09,0.01756,0.051495,0,0,0,,0.64,2023-24
2026-05-18,2026-05-25,13167,Johnson County,Georgia,GA,quiet,4.8e-05,2368,100,501+,0.03,0.000183,2640,133,501+,0.04,0.01755,0.019493,0,0,0,,,
2026-05-18,2026-05-25,18183,Whitley County,Indiana,IN,quiet,4.8e-05,2369,52,501+,0.03,0.000682,1657,38,501+,0.13,0.017536,0.071406,0,0,0,,,
2026-05-18,2026-05-25,51117,Mecklenburg County,Virginia,VA,quiet,4.8e-05,2370,104,501+,0.03,0.000162,2700,105,501+,0.03,0.017533,0.017276,0,0,0,,0.914,2023-24
2026-05-18,2026-05-25,48173,Glasscock County,Texas,TX,quiet,4.8e-05,2371,233,501+,0.03,0.000679,1661,183,501+,0.13,0.017514,0.07116,0,0,0,,0.94444444,2023-24
2026-05-18,2026-05-25,51530,Buena Vista City,Virginia,VA,quiet,4.8e-05,2372,105,501+,0.03,0.000107,2838,116,501+,0.02,0.017481,0.011324,0,0,0,,0.844,2023-24
2026-05-18,2026-05-25,05105,Perry County,Arkansas,AR,quiet,4.8e-05,2373,43,501+,0.03,0.000299,2320,40,501+,0.06,0.017471,0.031905,0,0,0,,,
2026-05-18,2026-05-25,51005,Alleghany County,Virginia,VA,quiet,4.8e-05,2374,106,501+,0.03,0.000302,2309,80,501+,0.06,0.017445,0.032246,0,0,0,,0.942,2023-24
2026-05-18,2026-05-25,05109,Pike County,Arkansas,AR,quiet,4.8e-05,2375,44,501+,0.03,0.000307,2294,38,501+,0.06,0.017423,0.032735,0,0,0,,,
2026-05-18,2026-05-25,17013,Calhoun County,Illinois,IL,quiet,4.8e-05,2376,61,501+,0.03,0.000162,2701,71,501+,0.03,0.017334,0.017262,0,0,0,,,
2026-05-18,2026-05-25,19059,Dickinson County,Iowa,IA,quiet,4.8e-05,2377,59,501+,0.03,0.000212,2535,66,501+,0.04,0.017333,0.022643,0,0,0,,0.88738739,2023-24
2026-05-18,2026-05-25,29139,Montgomery County,Missouri,MO,quiet,4.8e-05,2378,76,501+,0.03,0.000394,2100,69,501+,0.08,0.017276,0.041897,0,0,0,,0.943,2023-24
2026-05-18,2026-05-25,29111,Lewis County,Missouri,MO,quiet,4.8e-05,2379,77,501+,0.03,0.000326,2247,77,501+,0.06,0.017267,0.034785,0,0,0,,0.942,2023-24
2026-05-18,2026-05-25,29223,Wayne County,Missouri,MO,quiet,4.8e-05,2380,78,501+,0.03,0.000231,2490,85,501+,0.05,0.017241,0.024649,0,0,0,,0.905,2023-24
2026-05-18,2026-05-25,29107,Lafayette County,Missouri,MO,quiet,4.7e-05,2381,79,501+,0.03,0.000634,1724,56,501+,0.12,0.017205,0.066618,0,0,0,,0.856,2023-24
2026-05-18,2026-05-25,46059,Hand County,South Dakota,SD,quiet,4.7e-05,2382,54,501+,0.03,0.000244,2449,53,501+,0.05,0.017202,0.026001,0,0,0,,0.88,2023-24
2026-05-18,2026-05-25,28087,Lowndes County,Mississippi,MS,quiet,4.7e-05,2383,51,501+,0.03,0.000256,2411,45,501+,0.05,0.017168,0.027321,0,0,0,,,
2026-05-18,2026-05-25,13243,Randolph County,Georgia,GA,quiet,4.7e-05,2384,101,501+,0.03,0.000262,2396,108,501+,0.05,0.01713,0.02799,0,0,0,,,
2026-05-18,2026-05-25,55075,Marinette County,Wisconsin,WI,quiet,4.7e-05,2385,60,501+,0.03,0.000201,2578,62,501+,0.04,0.017116,0.021431,0,0,0,,0.74,2023-24
2026-05-18,2026-05-25,20167,Russell County,Kansas,KS,quiet,4.7e-05,2386,88,501+,0.03,0.000451,1985,71,501+,0.09,0.017065,0.047833,0,0,0,,0.89,2023-24
2026-05-18,2026-05-25,35003,Catron County,New Mexico,NM,quiet,4.7e-05,2387,29,501+,0.03,0.000669,1677,25,501+,0.13,0.017057,0.070142,0,0,0,,,
2026-05-18,2026-05-25,19145,Page County,Iowa,IA,quiet,4.7e-05,2388,60,501+,0.03,0.0004,2087,43,501+,0.08,0.017045,0.042532,0,0,0,,0.925,2023-24
2026-05-18,2026-05-25,51520,Bristol City,Virginia,VA,quiet,4.7e-05,2389,107,501+,0.03,0.00025,2432,84,501+,0.05,0.017043,0.026687,0,0,0,,0.902,2023-24
2026-05-18,2026-05-25,45089,Williamsburg County,South Carolina,SC,quiet,4.7e-05,2390,38,501+,0.03,0.000643,1712,34,501+,0.13,0.017002,0.067515,0,0,0,,0.975,2023-24
2026-05-18,2026-05-25,42123,Warren County,Pennsylvania,PA,quiet,4.7e-05,2391,55,501+,0.03,0.000207,2553,53,501+,0.04,0.016983,0.022093,0,0,0,,0.97096774,2023-24
2026-05-18,2026-05-25,20163,Rooks County,Kansas,KS,quiet,4.7e-05,2392,89,501+,0.03,0.000221,2509,97,501+,0.04,0.016948,0.02361,0,0,0,,0.97,2023-24
2026-05-18,2026-05-25,46107,Potter County,South Dakota,SD,quiet,4.7e-05,2393,55,501+,0.03,0.000203,2568,56,501+,0.04,0.016906,0.021681,0,0,0,,0.89,2023-24
2026-05-18,2026-05-25,47041,DeKalb County,Tennessee,TN,quiet,4.7e-05,2394,59,501+,0.03,0.000372,2159,53,501+,0.07,0.016884,0.039626,0,0,0,,0.961,2023-24
2026-05-18,2026-05-25,01027,Clay County,Alabama,AL,quiet,4.7e-05,2395,45,501+,0.03,0.000254,2422,47,501+,0.05,0.016883,0.027075,0,0,0,,0.9844,2022-23
2026-05-18,2026-05-25,32029,Storey County,Nevada,NV,quiet,4.7e-05,2396,16,501+,0.03,0.000313,2275,16,501+,0.06,0.016868,0.033439,0,0,0,,1.0,2022-23
2026-05-18,2026-05-25,39125,Paulding County,Ohio,OH,quiet,4.6e-05,2397,60,501+,0.03,0.0004,2089,61,501+,0.08,0.016845,0.042524,0,0,0,,,
2026-05-18,2026-05-25,05121,Randolph County,Arkansas,AR,quiet,4.6e-05,2398,45,501+,0.03,0.000344,2209,34,501+,0.07,0.01684,0.036694,0,0,0,,,
2026-05-18,2026-05-25,22029,Concordia Parish,Louisiana,LA,quiet,4.6e-05,2399,54,501+,0.03,0.000115,2823,62,501+,0.02,0.016802,0.012223,0,0,0,,0.82,2021-22
2026-05-18,2026-05-25,18135,Randolph County,Indiana,IN,quiet,4.6e-05,2400,53,501+,0.03,0.000486,1929,49,501+,0.09,0.0168,0.051493,0,0,0,,,
2026-05-18,2026-05-25,42009,Bedford County,Pennsylvania,PA,quiet,4.6e-05,2401,56,501+,0.03,0.000129,2789,58,501+,0.03,0.016791,0.013653,0,0,0,,0.93361884,2023-24
2026-05-18,2026-05-25,13173,Lanier County,Georgia,GA,quiet,4.6e-05,2402,102,501+,0.03,0.000563,1813,63,501+,0.11,0.016779,0.059368,0,0,0,,,
2026-05-18,2026-05-25,40147,Washington County,Oklahoma,OK,quiet,4.6e-05,2403,58,501+,0.03,0.000502,1897,47,501+,0.1,0.016743,0.053204,0,0,0,,0.902,2023-24
2026-05-18,2026-05-25,42115,Susquehanna County,Pennsylvania,PA,quiet,4.6e-05,2404,57,501+,0.03,0.000152,2729,56,501+,0.03,0.01674,0.016199,0,0,0,,0.91685912,2023-24
2026-05-18,2026-05-25,35007,Colfax County,New Mexico,NM,quiet,4.6e-05,2405,30,501+,0.03,0.000409,2064,28,501+,0.08,0.01671,0.043497,0,0,0,,0.885,2018-19
2026-05-18,2026-05-25,13319,Wilkinson County,Georgia,GA,quiet,4.6e-05,2406,103,501+,0.03,0.000198,2589,129,501+,0.04,0.01668,0.021138,0,0,0,,,
2026-05-18,2026-05-25,55023,Crawford County,Wisconsin,WI,quiet,4.6e-05,2407,61,501+,0.03,0.000192,2613,64,501+,0.04,0.01664,0.02046,0,0,0,,0.615,2023-24
2026-05-18,2026-05-25,20025,Clark County,Kansas,KS,quiet,4.6e-05,2408,90,501+,0.03,0.000329,2241,86,501+,0.06,0.016638,0.035049,0,0,0,,0.87,2023-24
2026-05-18,2026-05-25,38007,Billings County,North Dakota,ND,quiet,4.6e-05,2409,48,501+,0.03,4.4e-05,3055,51,501+,0.01,0.016634,0.004576,0,0,0,,0.875,2023-24
2026-05-18,2026-05-25,08099,Prowers County,Colorado,CO,quiet,4.6e-05,2410,51,501+,0.03,0.000405,2073,50,501+,0.08,0.016623,0.043068,0,0,0,,0.9943,2023-24
2026-05-18,2026-05-25,21041,Carroll County,Kentucky,KY,quiet,4.6e-05,2411,45,501+,0.03,0.000334,2231,38,501+,0.07,0.016605,0.035581,0,0,0,,0.943,2022-23
2026-05-18,2026-05-25,54107,Wood County,West Virginia,WV,quiet,4.6e-05,2412,17,501+,0.03,0.000122,2808,25,501+,0.02,0.016562,0.01295,0,0,0,,,
2026-05-18,2026-05-25,13269,Taylor County,Georgia,GA,quiet,4.6e-05,2413,104,501+,0.03,0.000185,2633,132,501+,0.04,0.016534,0.019712,0,0,0,,,
2026-05-18,2026-05-25,16061,Lewis County,Idaho,ID,quiet,4.6e-05,2414,43,501+,0.03,0.00062,1735,42,501+,0.12,0.016513,0.065227,0,0,0,,,
2026-05-18,2026-05-25,31163,Sherman County,Nebraska,NE,quiet,4.5e-05,2415,62,501+,0.03,0.000176,2660,72,501+,0.03,0.016502,0.018786,0,0,0,,,
2026-05-18,2026-05-25,29105,Laclede County,Missouri,MO,quiet,4.5e-05,2416,80,501+,0.03,0.000375,2153,72,501+,0.07,0.016499,0.039956,0,0,0,,0.934,2023-24
2026-05-18,2026-05-25,47005,Benton County,Tennessee,TN,quiet,4.5e-05,2417,60,501+,0.03,0.00016,2705,81,501+,0.03,0.016491,0.017011,0,0,0,,0.964,2023-24
2026-05-18,2026-05-25,31075,Grant County,Nebraska,NE,quiet,4.5e-05,2418,63,501+,0.03,7.9e-05,2944,83,501+,0.02,0.016491,0.00831,0,0,0,,,
2026-05-18,2026-05-25,51183,Sussex County,Virginia,VA,quiet,4.5e-05,2419,108,501+,0.03,9.6e-05,2873,120,501+,0.02,0.016451,0.010131,0,0,0,,0.853,2023-24
2026-05-18,2026-05-25,51640,Galax City,Virginia,VA,quiet,4.5e-05,2420,109,501+,0.03,0.00018,2646,100,501+,0.04,0.016411,0.019226,0,0,0,,0.903,2023-24
2026-05-18,2026-05-25,54001,Barbour County,West Virginia,WV,quiet,4.5e-05,2421,18,501+,0.03,0.000126,2796,24,501+,0.02,0.016386,0.013398,0,0,0,,,
2026-05-18,2026-05-25,19137,Montgomery County,Iowa,IA,quiet,4.5e-05,2422,61,501+,0.03,0.000197,2593,70,501+,0.04,0.016384,0.021051,0,0,0,,0.93333333,2023-24
2026-05-18,2026-05-25,40029,Coal County,Oklahoma,OK,quiet,4.5e-05,2423,59,501+,0.03,0.000633,1726,40,501+,0.12,0.016374,0.066474,0,0,0,,0.7692,2023-24
2026-05-18,2026-05-25,19179,Wapello County,Iowa,IA,quiet,4.5e-05,2424,62,501+,0.03,0.000344,2210,53,501+,0.07,0.016369,0.03665,0,0,0,,0.88842975,2023-24
2026-05-18,2026-05-25,31165,Sioux County,Nebraska,NE,quiet,4.5e-05,2425,64,501+,0.03,0.000121,2810,78,501+,0.02,0.01635,0.012879,0,0,0,,,
2026-05-18,2026-05-25,05077,Lee County,Arkansas,AR,quiet,4.5e-05,2426,46,501+,0.03,0.000254,2419,47,501+,0.05,0.016303,0.027146,0,0,0,,,
2026-05-18,2026-05-25,22013,Bienville Parish,Louisiana,LA,quiet,4.5e-05,2427,55,501+,0.03,0.0002,2581,48,501+,0.04,0.016289,0.021386,0,0,0,,0.958,2021-22
2026-05-18,2026-05-25,45069,Marlboro County,South Carolina,SC,quiet,4.5e-05,2428,39,501+,0.03,0.000209,2545,42,501+,0.04,0.01626,0.022341,0,0,0,,0.973,2023-24
2026-05-18,2026-05-25,39107,Mercer County,Ohio,OH,quiet,4.5e-05,2429,61,501+,0.03,7e-05,2972,81,501+,0.01,0.016254,0.007379,0,0,0,,,
2026-05-18,2026-05-25,26069,Iosco County,Michigan,MI,quiet,4.5e-05,2430,69,501+,0.03,0.000178,2654,71,501+,0.03,0.016243,0.018947,0,0,0,,0.9055,2023-24
2026-05-18,2026-05-25,47129,Morgan County,Tennessee,TN,quiet,4.5e-05,2431,61,501+,0.03,0.000287,2345,60,501+,0.06,0.016202,0.030644,0,0,0,,0.96,2023-24
2026-05-18,2026-05-25,28031,Covington County,Mississippi,MS,quiet,4.5e-05,2432,52,501+,0.03,9.4e-05,2888,80,501+,0.02,0.016182,0.009947,0,0,0,,,
2026-05-18,2026-05-25,29195,Saline County,Missouri,MO,quiet,4.5e-05,2433,81,501+,0.03,0.000255,2415,82,501+,0.05,0.016175,0.027272,0,0,0,,0.959,2023-24
2026-05-18,2026-05-25,40141,Tillman County,Oklahoma,OK,quiet,4.5e-05,2434,60,501+,0.03,0.000294,2333,68,501+,0.06,0.016173,0.031338,0,0,0,,0.8312,2023-24
2026-05-18,2026-05-25,37193,Wilkes County,North Carolina,NC,quiet,4.5e-05,2435,84,501+,0.03,0.000358,2190,85,501+,0.07,0.016172,0.038158,0,0,0,,0.96692913,2022-23
2026-05-18,2026-05-25,46055,Haakon County,South Dakota,SD,quiet,4.4e-05,2436,56,501+,0.03,0.000201,2580,57,501+,0.04,0.016132,0.021404,0,0,0,,0.96,2023-24
2026-05-18,2026-05-25,17121,Marion County,Illinois,IL,quiet,4.4e-05,2437,62,501+,0.03,0.000616,1744,40,501+,0.12,0.01608,0.064755,0,0,0,,,
2026-05-18,2026-05-25,08017,Cheyenne County,Colorado,CO,quiet,4.4e-05,2438,52,501+,0.03,0.000237,2474,57,501+,0.05,0.016059,0.025335,0,0,0,,0.9231,2023-24
2026-05-18,2026-05-25,05047,Franklin County,Arkansas,AR,quiet,4.4e-05,2439,47,501+,0.03,0.000186,2626,61,501+,0.04,0.016021,0.019837,0,0,0,,,
2026-05-18,2026-05-25,18103,Miami County,Indiana,IN,quiet,4.4e-05,2440,54,501+,0.03,0.000319,2263,55,501+,0.06,0.016007,0.034014,0,0,0,,,
2026-05-18,2026-05-25,29041,Chariton County,Missouri,MO,quiet,4.4e-05,2441,82,501+,0.03,0.000185,2630,93,501+,0.04,0.016001,0.01977,0,0,0,,0.968,2023-24
2026-05-18,2026-05-25,40091,McIntosh County,Oklahoma,OK,quiet,4.4e-05,2442,61,501+,0.03,0.000339,2216,64,501+,0.07,0.015991,0.036182,0,0,0,,0.867,2023-24
2026-05-18,2026-05-25,54065,Morgan County,West Virginia,WV,quiet,4.4e-05,2443,19,501+,0.03,0.000222,2507,18,501+,0.04,0.015985,0.023645,0,0,0,,,
2026-05-18,2026-05-25,47071,Hardin County,Tennessee,TN,quiet,4.4e-05,2444,62,501+,0.03,0.000398,2093,51,501+,0.08,0.01597,0.042351,0,0,0,,0.947,2023-24
2026-05-18,2026-05-25,21077,Gallatin County,Kentucky,KY,quiet,4.4e-05,2445,46,501+,0.03,0.000265,2391,48,501+,0.05,0.015967,0.028311,0,0,0,,0.932,2022-23
2026-05-18,2026-05-25,20089,Jewell County,Kansas,KS,quiet,4.4e-05,2446,91,501+,0.03,0.000241,2466,95,501+,0.05,0.01596,0.025706,0,0,0,,0.96,2023-24
2026-05-18,2026-05-25,05001,Arkansas County,Arkansas,AR,quiet,4.4e-05,2447,48,501+,0.03,0.000174,2665,64,501+,0.03,0.015957,0.018515,0,0,0,,,
2026-05-18,2026-05-25,31031,Cherry County,Nebraska,NE,quiet,4.4e-05,2448,65,501+,0.03,0.000362,2181,52,501+,0.07,0.015956,0.038565,0,0,0,,,
2026-05-18,2026-05-25,18073,Jasper County,Indiana,IN,quiet,4.4e-05,2449,55,501+,0.03,0.000857,1476,31,501+,0.17,0.015946,0.08864,0,0,0,,,
2026-05-18,2026-05-25,20139,Osage County,Kansas,KS,quiet,4.4e-05,2450,92,501+,0.03,0.00043,2023,72,501+,0.08,0.015935,0.045689,0,0,0,,0.78,2023-24
2026-05-18,2026-05-25,13235,Pulaski County,Georgia,GA,quiet,4.4e-05,2451,105,501+,0.03,0.000126,2795,149,501+,0.02,0.01588,0.013415,0,0,0,,,
2026-05-18,2026-05-25,08011,Bent County,Colorado,CO,quiet,4.4e-05,2452,53,501+,0.03,0.000259,2403,54,501+,0.05,0.015841,0.027613,0,0,0,,0.8333,2023-24
2026-05-18,2026-05-25,37007,Anson County,North Carolina,NC,quiet,4.4e-05,2453,85,501+,0.03,0.000536,1847,74,501+,0.1,0.015825,0.056652,0,0,0,,0.96385542,2022-23
2026-05-18,2026-05-25,13233,Polk County,Georgia,GA,quiet,4.4e-05,2454,106,501+,0.03,0.000415,2050,76,501+,0.08,0.015821,0.044153,0,0,0,,,
2026-05-18,2026-05-25,40085,Love County,Oklahoma,OK,quiet,4.3e-05,2455,62,501+,0.03,0.000325,2248,65,501+,0.06,0.015781,0.034714,0,0,0,,0.9099,2023-24
2026-05-18,2026-05-25,41037,Lake County,Oregon,OR,quiet,4.3e-05,2456,33,501+,0.03,0.000492,1917,31,501+,0.1,0.015753,0.052132,0,0,0,,0.889,2023-24
2026-05-18,2026-05-25,02105,Hoonah-Angoon Census Area,Alaska,AK,quiet,4.3e-05,2457,26,501+,0.03,0.000168,2677,29,501+,0.03,0.015743,0.017944,0,0,0,,,
2026-05-18,2026-05-25,19195,Worth County,Iowa,IA,quiet,4.3e-05,2458,63,501+,0.03,0.00031,2284,57,501+,0.06,0.015732,0.033022,0,0,0,,0.98571429,2023-24
2026-05-18,2026-05-25,26129,Ogemaw County,Michigan,MI,quiet,4.3e-05,2459,70,501+,0.03,0.000138,2758,72,501+,0.03,0.015718,0.014704,0,0,0,,0.9028,2023-24
2026-05-18,2026-05-25,19041,Clay County,Iowa,IA,quiet,4.3e-05,2460,64,501+,0.03,0.000338,2219,54,501+,0.07,0.015694,0.036087,0,0,0,,0.92626728,2023-24
2026-05-18,2026-05-25,13037,Calhoun County,Georgia,GA,quiet,4.3e-05,2461,107,501+,0.03,0.000367,2171,87,501+,0.07,0.015655,0.039054,0,0,0,,,
2026-05-18,2026-05-25,20029,Cloud County,Kansas,KS,quiet,4.3e-05,2462,93,501+,0.03,0.000521,1863,61,501+,0.1,0.015638,0.055141,0,0,0,,0.97,2023-24
2026-05-18,2026-05-25,37009,Ashe County,North Carolina,NC,quiet,4.3e-05,2463,86,501+,0.03,0.000346,2203,87,501+,0.07,0.015606,0.036931,0,0,0,,0.9726776,2022-23
2026-05-18,2026-05-25,51063,Floyd County,Virginia,VA,quiet,4.3e-05,2464,110,501+,0.03,0.000254,2420,83,501+,0.05,0.015601,0.027134,0,0,0,,0.795,2023-24
2026-05-18,2026-05-25,39021,Champaign County,Ohio,OH,quiet,4.3e-05,2465,62,501+,0.03,0.000767,1563,51,501+,0.15,0.015588,0.079849,0,0,0,,,
2026-05-18,2026-05-25,46123,Tripp County,South Dakota,SD,quiet,4.3e-05,2466,57,501+,0.03,0.000256,2413,52,501+,0.05,0.015557,0.027293,0,0,0,,0.86,2023-24
2026-05-18,2026-05-25,28145,Union County,Mississippi,MS,quiet,4.3e-05,2467,53,501+,0.03,0.000219,2518,52,501+,0.04,0.015506,0.023323,0,0,0,,,
2026-05-18,2026-05-25,30025,Fallon County,Montana,MT,quiet,4.3e-05,2468,46,501+,0.03,0.000218,2519,46,501+,0.04,0.01547,0.023296,0,0,0,,,
2026-05-18,2026-05-25,05089,Marion County,Arkansas,AR,quiet,4.3e-05,2469,49,501+,0.03,0.000294,2332,41,501+,0.06,0.015468,0.031354,0,0,0,,,
2026-05-18,2026-05-25,21159,Martin County,Kentucky,KY,quiet,4.3e-05,2470,47,501+,0.03,0.000164,2695,64,501+,0.03,0.015445,0.017432,0,0,0,,0.854,2022-23
2026-05-18,2026-05-25,05117,Prairie County,Arkansas,AR,quiet,4.2e-05,2471,50,501+,0.03,0.000255,2417,46,501+,0.05,0.015425,0.027221,0,0,0,,,
2026-05-18,2026-05-25,31015,Boyd County,Nebraska,NE,quiet,4.2e-05,2472,66,501+,0.03,0.000191,2615,70,501+,0.04,0.015379,0.020392,0,0,0,,,
2026-05-18,2026-05-25,26135,Oscoda County,Michigan,MI,quiet,4.2e-05,2473,71,501+,0.03,0.000103,2850,75,501+,0.02,0.015366,0.010853,0,0,0,,0.8364,2023-24
2026-05-18,2026-05-25,26035,Clare County,Michigan,MI,quiet,4.2e-05,2474,72,501+,0.03,0.000267,2384,65,501+,0.05,0.015298,0.028509,0,0,0,,0.8848,2023-24
2026-05-18,2026-05-25,29079,Grundy County,Missouri,MO,quiet,4.2e-05,2475,83,501+,0.03,0.00021,2541,87,501+,0.04,0.015264,0.022459,0,0,0,,0.967,2023-24
2026-05-18,2026-05-25,13181,Lincoln County,Georgia,GA,quiet,4.2e-05,2476,108,501+,0.03,0.000334,2230,92,501+,0.07,0.01524,0.035584,0,0,0,,,
2026-05-18,2026-05-25,37061,Duplin County,North Carolina,NC,quiet,4.2e-05,2477,87,501+,0.03,0.000439,2007,76,501+,0.09,0.015231,0.046581,0,0,0,,0.9856528,2022-23
2026-05-18,2026-05-25,40107,Okfuskee County,Oklahoma,OK,quiet,4.2e-05,2478,63,501+,0.03,0.000465,1956,52,501+,0.09,0.015231,0.049378,0,0,0,,0.9323,2023-24
2026-05-18,2026-05-25,08073,Lincoln County,Colorado,CO,quiet,4.2e-05,2479,54,501+,0.03,0.000563,1812,45,501+,0.11,0.015203,0.059391,0,0,0,,0.8148,2023-24
2026-05-18,2026-05-25,24039,Somerset County,Maryland,MD,quiet,4.2e-05,2480,22,501+,0.03,0.0001,2860,23,501+,0.02,0.015201,0.010601,0,0,0,,1.0,2023-24
2026-05-18,2026-05-25,31125,Nance County,Nebraska,NE,quiet,4.2e-05,2481,67,501+,0.03,0.000278,2362,62,501+,0.05,0.015197,0.029697,0,0,0,,,
2026-05-18,2026-05-25,19027,Carroll County,Iowa,IA,quiet,4.2e-05,2482,65,501+,0.03,0.000198,2591,69,501+,0.04,0.015176,0.021076,0,0,0,,0.92026578,2023-24
2026-05-18,2026-05-25,47131,Obion County,Tennessee,TN,quiet,4.1e-05,2483,63,501+,0.03,0.000327,2244,58,501+,0.06,0.015075,0.034839,0,0,0,,0.99,2023-24
2026-05-18,2026-05-25,39145,Scioto County,Ohio,OH,quiet,4.1e-05,2484,63,501+,0.03,0.001558,1057,36,501+,0.3,0.01507,0.152516,0,0,0,,,
2026-05-18,2026-05-25,31085,Hayes County,Nebraska,NE,quiet,4.1e-05,2485,68,501+,0.03,0.000413,2054,48,501+,0.08,0.015047,0.043914,0,0,0,,,
2026-05-18,2026-05-25,48137,Edwards County,Texas,TX,quiet,4.1e-05,2486,234,501+,0.03,0.000413,2056,223,501+,0.08,0.015041,0.043881,0,0,0,,0.96428571,2023-24
2026-05-18,2026-05-25,51089,Henry County,Virginia,VA,quiet,4.1e-05,2487,111,501+,0.03,0.000194,2607,99,501+,0.04,0.015035,0.020665,0,0,0,,0.896,2023-24
2026-05-18,2026-05-25,13111,Fannin County,Georgia,GA,quiet,4.1e-05,2488,109,501+,0.03,0.00016,2704,140,501+,0.03,0.015026,0.01703,0,0,0,,,
2026-05-18,2026-05-25,20187,Stanton County,Kansas,KS,quiet,4.1e-05,2489,94,501+,0.03,0.000227,2496,96,501+,0.04,0.015004,0.024177,0,0,0,,0.52,2023-24
2026-05-18,2026-05-25,18033,DeKalb County,Indiana,IN,quiet,4.1e-05,2490,56,501+,0.03,0.00026,2402,60,501+,0.05,0.014991,0.02776,0,0,0,,,
2026-05-18,2026-05-25,19177,Van Buren County,Iowa,IA,quiet,4.1e-05,2491,66,501+,0.03,0.000244,2448,65,501+,0.05,0.01499,0.026011,0,0,0,,0.88333333,2023-24
2026-05-18,2026-05-25,37015,Bertie County,North Carolina,NC,quiet,4.1e-05,2492,88,501+,0.03,0.000266,2387,91,501+,0.05,0.014978,0.028437,0,0,0,,0.94957983,2022-23
2026-05-18,2026-05-25,13079,Crawford County,Georgia,GA,quiet,4.1e-05,2493,110,501+,0.03,0.000597,1759,58,501+,0.12,0.01497,0.062843,0,0,0,,,
2026-05-18,2026-05-25,28019,Choctaw County,Mississippi,MS,quiet,4.1e-05,2494,54,501+,0.03,0.000444,1993,21,501+,0.09,0.014901,0.047202,0,0,0,,,
2026-05-18,2026-05-25,19105,Jones County,Iowa,IA,quiet,4.1e-05,2495,67,501+,0.03,0.000266,2389,62,501+,0.05,0.014898,0.028401,0,0,0,,0.91005291,2023-24
2026-05-18,2026-05-25,17139,Moultrie County,Illinois,IL,quiet,4.1e-05,2496,63,501+,0.03,8.9e-05,2909,79,501+,0.02,0.01486,0.009435,0,0,0,,,
2026-05-18,2026-05-25,28133,Sunflower County,Mississippi,MS,quiet,4.1e-05,2497,55,501+,0.03,0.000232,2485,49,501+,0.05,0.014839,0.024811,0,0,0,,,
2026-05-18,2026-05-25,48255,Karnes County,Texas,TX,quiet,4.1e-05,2498,235,501+,0.03,0.000674,1672,186,501+,0.13,0.014836,0.070619,0,0,0,,0.97752809,2023-24
2026-05-18,2026-05-25,19175,Union County,Iowa,IA,quiet,4.1e-05,2499,68,501+,0.03,0.000163,2697,72,501+,0.03,0.014787,0.017381,0,0,0,,0.95555556,2023-24
2026-05-18,2026-05-25,05055,Greene County,Arkansas,AR,quiet,4.1e-05,2500,51,501+,0.03,0.000723,1612,19,501+,0.14,0.014783,0.075564,0,0,0,,,
2026-05-18,2026-05-25,28029,Copiah County,Mississippi,MS,quiet,4.1e-05,2501,56,501+,0.03,0.000242,2459,46,501+,0.05,0.014762,0.025829,0,0,0,,,
2026-05-18,2026-05-25,48075,Childress County,Texas,TX,quiet,4.1e-05,2502,236,501+,0.03,0.000428,2027,220,501+,0.08,0.014738,0.04552,0,0,0,,0.70491803,2023-24
2026-05-18,2026-05-25,13107,Emanuel County,Georgia,GA,quiet,4.1e-05,2503,111,501+,0.03,0.000199,2586,128,501+,0.04,0.014736,0.02121,0,0,0,,,
2026-05-18,2026-05-25,22027,Claiborne Parish,Louisiana,LA,quiet,4e-05,2504,56,501+,0.03,0.000193,2612,51,501+,0.04,0.014694,0.020554,0,0,0,,0.977,2021-22
2026-05-18,2026-05-25,47097,Lauderdale County,Tennessee,TN,quiet,4e-05,2505,64,501+,0.03,0.000208,2547,71,501+,0.04,0.014643,0.022239,0,0,0,,0.988,2022-23
2026-05-18,2026-05-25,37079,Greene County,North Carolina,NC,quiet,4e-05,2506,89,501+,0.03,0.000389,2116,82,501+,0.08,0.014632,0.04138,0,0,0,,0.9895288,2022-23
2026-05-18,2026-05-25,31093,Howard County,Nebraska,NE,quiet,4e-05,2507,69,501+,0.03,0.00065,1704,33,501+,0.13,0.014579,0.068203,0,0,0,,,
2026-05-18,2026-05-25,17085,Jo Daviess County,Illinois,IL,quiet,4e-05,2508,64,501+,0.03,0.000252,2429,64,501+,0.05,0.014564,0.026855,0,0,0,,,
2026-05-18,2026-05-25,48225,Houston County,Texas,TX,quiet,4e-05,2509,237,501+,0.03,0.00036,2187,228,501+,0.07,0.014559,0.03832,0,0,0,,0.89247312,2023-24
2026-05-18,2026-05-25,13083,Dade County,Georgia,GA,quiet,4e-05,2510,112,501+,0.03,0.000275,2371,106,501+,0.05,0.014556,0.029354,0,0,0,,,
2026-05-18,2026-05-25,28015,Carroll County,Mississippi,MS,quiet,4e-05,2511,57,501+,0.03,0.000177,2656,62,501+,0.03,0.014531,0.018887,0,0,0,,,
2026-05-18,2026-05-25,48385,Real County,Texas,TX,quiet,4e-05,2512,238,501+,0.03,0.000391,2107,226,501+,0.08,0.014514,0.041633,0,0,0,,1.0,2022-23
2026-05-18,2026-05-25,29061,Daviess County,Missouri,MO,quiet,4e-05,2513,84,501+,0.03,0.000208,2549,88,501+,0.04,0.01449,0.02215,0,0,0,,0.746,2023-24
2026-05-18,2026-05-25,13193,Macon County,Georgia,GA,quiet,4e-05,2514,113,501+,0.03,0.000232,2484,118,501+,0.05,0.014489,0.024817,0,0,0,,,
2026-05-18,2026-05-25,54071,Pendleton County,West Virginia,WV,quiet,4e-05,2515,20,501+,0.03,6.9e-05,2976,34,501+,0.01,0.014432,0.007225,0,0,0,,,
2026-05-18,2026-05-25,17137,Morgan County,Illinois,IL,quiet,4e-05,2516,65,501+,0.03,0.000519,1870,43,501+,0.1,0.014417,0.054899,0,0,0,,,
2026-05-18,2026-05-25,31171,Thomas County,Nebraska,NE,quiet,4e-05,2517,70,501+,0.03,0.000135,2770,76,501+,0.03,0.014399,0.014315,0,0,0,,,
2026-05-18,2026-05-25,53049,Pacific County,Washington,WA,quiet,3.9e-05,2518,38,501+,0.03,0.000257,2409,38,501+,0.05,0.01436,0.027384,0,0,0,,0.82513661,2023-24
2026-05-18,2026-05-25,46121,Todd County,South Dakota,SD,quiet,3.9e-05,2519,58,501+,0.03,0.000178,2650,58,501+,0.03,0.014333,0.019025,0,0,0,,0.89,2023-24
2026-05-18,2026-05-25,48263,Kent County,Texas,TX,quiet,3.9e-05,2520,239,501+,0.03,0.000186,2627,244,501+,0.04,0.014333,0.019821,0,0,0,,0.84615385,2023-24
2026-05-18,2026-05-25,18083,Knox County,Indiana,IN,quiet,3.9e-05,2521,57,501+,0.03,0.000393,2101,54,501+,0.08,0.014327,0.041859,0,0,0,,,
2026-05-18,2026-05-25,21035,Calloway County,Kentucky,KY,quiet,3.9e-05,2522,48,501+,0.03,0.000589,1770,30,501+,0.12,0.014317,0.062075,0,0,0,,0.969,2022-23
2026-05-18,2026-05-25,42005,Armstrong County,Pennsylvania,PA,quiet,3.9e-05,2523,58,501+,0.03,0.000385,2122,49,501+,0.08,0.014245,0.04102,0,0,0,,0.90610329,2023-24
2026-05-18,2026-05-25,48101,Cottle County,Texas,TX,quiet,3.9e-05,2524,240,501+,0.03,0.000174,2666,245,501+,0.03,0.014228,0.018491,0,0,0,,0.88888889,2023-24
2026-05-18,2026-05-25,02070,Dillingham Census Area,Alaska,AK,quiet,3.9e-05,2525,27,501+,0.03,0.000245,2440,26,501+,0.05,0.014193,0.026168,0,0,0,,,
2026-05-18,2026-05-25,08115,Sedgwick County,Colorado,CO,quiet,3.9e-05,2526,55,501+,0.03,0.000256,2412,55,501+,0.05,0.01413,0.027318,0,0,0,,0.8276,2023-24
2026-05-18,2026-05-25,13257,Stephens County,Georgia,GA,quiet,3.9e-05,2527,114,501+,0.03,0.000484,1933,71,501+,0.09,0.014127,0.05129,0,0,0,,,
2026-05-18,2026-05-25,45065,McCormick County,South Carolina,SC,quiet,3.9e-05,2528,40,501+,0.03,0.000159,2708,44,501+,0.03,0.014122,0.016891,0,0,0,,0.95,2023-24
2026-05-18,2026-05-25,18169,Wabash County,Indiana,IN,quiet,3.9e-05,2529,58,501+,0.03,0.000241,2467,61,501+,0.05,0.014112,0.02568,0,0,0,,,
2026-05-18,2026-05-25,37153,Richmond County,North Carolina,NC,quiet,3.9e-05,2530,90,501+,0.03,0.000391,2108,81,501+,0.08,0.014095,0.041601,0,0,0,,0.98597194,2022-23
2026-05-18,2026-05-25,39115,Morgan County,Ohio,OH,quiet,3.9e-05,2531,64,501+,0.03,0.000361,2183,63,501+,0.07,0.014077,0.038456,0,0,0,,,
2026-05-18,2026-05-25,13093,Dooly County,Georgia,GA,quiet,3.9e-05,2532,115,501+,0.03,9.5e-05,2882,153,501+,0.02,0.014058,0.010019,0,0,0,,,
2026-05-18,2026-05-25,45049,Hampton County,South Carolina,SC,quiet,3.9e-05,2533,41,501+,0.03,0.000324,2254,40,501+,0.06,0.014026,0.034528,0,0,0,,0.975,2023-24
2026-05-18,2026-05-25,47169,Trousdale County,Tennessee,TN,quiet,3.8e-05,2534,65,501+,0.03,0.000166,2687,79,501+,0.03,0.013995,0.017652,0,0,0,,0.907,2023-24
2026-05-18,2026-05-25,26001,Alcona County,Michigan,MI,quiet,3.8e-05,2535,73,501+,0.03,6.7e-05,2987,78,501+,0.01,0.013979,0.006992,0,0,0,,0.8824,2023-24
2026-05-18,2026-05-25,13239,Quitman County,Georgia,GA,quiet,3.8e-05,2536,116,501+,0.03,0.000125,2797,150,501+,0.02,0.013975,0.013321,0,0,0,,,
2026-05-18,2026-05-25,29197,Schuyler County,Missouri,MO,quiet,3.8e-05,2537,85,501+,0.03,0.000106,2841,105,501+,0.02,0.01396,0.011266,0,0,0,,1.0,2023-24
2026-05-18,2026-05-25,41055,Sherman County,Oregon,OR,quiet,3.8e-05,2538,34,501+,0.03,0.000196,2596,36,501+,0.04,0.013924,0.020932,0,0,0,,0.899,2023-24
2026-05-18,2026-05-25,37123,Montgomery County,North Carolina,NC,quiet,3.8e-05,2539,91,501+,0.03,0.000558,1819,71,501+,0.11,0.013907,0.058858,0,0,0,,0.94573643,2022-23
2026-05-18,2026-05-25,55069,Lincoln County,Wisconsin,WI,quiet,3.8e-05,2540,62,501+,0.03,0.000239,2471,59,501+,0.05,0.013886,0.025554,0,0,0,,0.772,2023-24
2026-05-18,2026-05-25,45027,Clarendon County,South Carolina,SC,quiet,3.8e-05,2541,42,501+,0.03,0.000461,1961,35,501+,0.09,0.013797,0.048922,0,0,0,,0.98,2023-24
2026-05-18,2026-05-25,19031,Cedar County,Iowa,IA,quiet,3.8e-05,2542,69,501+,0.03,9.2e-05,2899,82,501+,0.02,0.013777,0.009771,0,0,0,,0.94835681,2023-24
2026-05-18,2026-05-25,40095,Marshall County,Oklahoma,OK,quiet,3.8e-05,2543,64,501+,0.03,0.000244,2446,70,501+,0.05,0.01377,0.026072,0,0,0,,0.8622,2023-24
2026-05-18,2026-05-25,26131,Ontonagon County,Michigan,MI,quiet,3.8e-05,2544,74,501+,0.03,0.000105,2847,74,501+,0.02,0.013759,0.011076,0,0,0,,0.9,2023-24
2026-05-18,2026-05-25,54079,Putnam County,West Virginia,WV,quiet,3.8e-05,2545,21,501+,0.03,0.000177,2658,19,501+,0.03,0.013755,0.018817,0,0,0,,,
2026-05-18,2026-05-25,28009,Benton County,Mississippi,MS,quiet,3.8e-05,2546,58,501+,0.03,0.000521,1865,17,501+,0.1,0.013727,0.055064,0,0,0,,,
2026-05-18,2026-05-25,13007,Baker County,Georgia,GA,quiet,3.8e-05,2547,117,501+,0.03,0.000318,2264,99,501+,0.06,0.013719,0.033943,0,0,0,,,
2026-05-18,2026-05-25,20011,Bourbon County,Kansas,KS,quiet,3.8e-05,2548,95,501+,0.03,0.000282,2357,91,501+,0.05,0.013715,0.030053,0,0,0,,0.82,2023-24
2026-05-18,2026-05-25,18149,Starke County,Indiana,IN,quiet,3.8e-05,2549,59,501+,0.03,0.000304,2306,56,501+,0.06,0.013712,0.032399,0,0,0,,,
2026-05-18,2026-05-25,18123,Perry County,Indiana,IN,quiet,3.8e-05,2550,60,501+,0.03,0.000203,2569,63,501+,0.04,0.013673,0.021679,0,0,0,,,
2026-05-18,2026-05-25,05135,Sharp County,Arkansas,AR,quiet,3.7e-05,2551,52,501+,0.03,0.000214,2532,57,501+,0.04,0.013657,0.022823,0,0,0,,,
2026-05-18,2026-05-25,05099,Nevada County,Arkansas,AR,quiet,3.7e-05,2552,53,501+,0.03,0.000314,2273,35,501+,0.06,0.013657,0.033512,0,0,0,,,
2026-05-18,2026-05-25,01075,Lamar County,Alabama,AL,quiet,3.7e-05,2553,46,501+,0.03,0.000185,2631,57,501+,0.04,0.013641,0.019746,0,0,0,,0.9787,2022-23
2026-05-18,2026-05-25,47111,Macon County,Tennessee,TN,quiet,3.7e-05,2554,66,501+,0.03,0.000733,1602,40,501+,0.14,0.01362,0.076492,0,0,0,,0.992,2023-24
2026-05-18,2026-05-25,48353,Nolan County,Texas,TX,quiet,3.7e-05,2555,241,501+,0.03,0.00049,1920,206,501+,0.1,0.013617,0.051962,0,0,0,,0.91780822,2023-24
2026-05-18,2026-05-25,13001,Appling County,Georgia,GA,quiet,3.7e-05,2556,118,501+,0.02,0.000243,2450,113,501+,0.05,0.013588,0.025952,0,0,0,,,
2026-05-18,2026-05-25,13253,Seminole County,Georgia,GA,quiet,3.7e-05,2557,119,501+,0.02,0.000272,2374,107,501+,0.05,0.01356,0.029061,0,0,0,,,
2026-05-18,2026-05-25,51025,Brunswick County,Virginia,VA,quiet,3.7e-05,2558,112,501+,0.02,0.000107,2837,115,501+,0.02,0.013526,0.011329,0,0,0,,0.953,2023-24
2026-05-18,2026-05-25,39009,Athens County,Ohio,OH,quiet,3.7e-05,2559,65,501+,0.02,0.000367,2170,62,501+,0.07,0.013522,0.039117,0,0,0,,,
2026-05-18,2026-05-25,21161,Mason County,Kentucky,KY,quiet,3.7e-05,2560,49,501+,0.02,0.000113,2828,69,501+,0.02,0.013502,0.01203,0,0,0,,0.789,2022-23
2026-05-18,2026-05-25,39087,Lawrence County,Ohio,OH,quiet,3.7e-05,2561,66,501+,0.02,9.5e-05,2881,76,501+,0.02,0.01348,0.010024,0,0,0,,,
2026-05-18,2026-05-25,05019,Clark County,Arkansas,AR,quiet,3.7e-05,2562,54,501+,0.02,0.000145,2747,70,501+,0.03,0.013461,0.015373,0,0,0,,,
2026-05-18,2026-05-25,13175,Laurens County,Georgia,GA,quiet,3.7e-05,2563,120,501+,0.02,0.000219,2517,120,501+,0.04,0.013448,0.023326,0,0,0,,,
2026-05-18,2026-05-25,08053,Hinsdale County,Colorado,CO,quiet,3.7e-05,2564,56,501+,0.02,0.000102,2852,60,501+,0.02,0.013442,0.010808,0,0,0,,1.0,2023-24
2026-05-18,2026-05-25,55065,Lafayette County,Wisconsin,WI,quiet,3.7e-05,2565,63,501+,0.02,0.00023,2491,60,501+,0.04,0.01344,0.024504,0,0,0,,0.642,2023-24
2026-05-18,2026-05-25,54021,Gilmer County,West Virginia,WV,quiet,3.7e-05,2566,22,501+,0.02,0.000138,2763,22,501+,0.03,0.013431,0.014639,0,0,0,,,
2026-05-18,2026-05-25,19007,Appanoose County,Iowa,IA,quiet,3.7e-05,2567,70,501+,0.02,0.000116,2822,78,501+,0.02,0.013358,0.0123,0,0,0,,0.81300813,2023-24
2026-05-18,2026-05-25,01113,Russell County,Alabama,AL,quiet,3.7e-05,2568,47,501+,0.02,0.000227,2495,51,501+,0.04,0.013348,0.02427,0,0,0,,0.899,2022-23
2026-05-18,2026-05-25,42105,Potter County,Pennsylvania,PA,quiet,3.7e-05,2569,59,501+,0.02,6.9e-05,2978,65,501+,0.01,0.013316,0.007201,0,0,0,,0.92207792,2023-24
2026-05-18,2026-05-25,47027,Clay County,Tennessee,TN,quiet,3.7e-05,2570,67,501+,0.02,0.000282,2355,62,501+,0.06,0.013305,0.030104,0,0,0,,0.957,2023-24
2026-05-18,2026-05-25,51077,Grayson County,Virginia,VA,quiet,3.6e-05,2571,113,501+,0.02,0.000125,2801,111,501+,0.02,0.013282,0.013218,0,0,0,,0.926,2023-24
2026-05-18,2026-05-25,39065,Hardin County,Ohio,OH,quiet,3.6e-05,2572,67,501+,0.02,0.000153,2726,72,501+,0.03,0.013256,0.0163,0,0,0,,,
2026-05-18,2026-05-25,20203,Wichita County,Kansas,KS,quiet,3.6e-05,2573,96,501+,0.02,0.000119,2814,100,501+,0.02,0.013234,0.012678,0,0,0,,1.0,2023-24
2026-05-18,2026-05-25,51081,Greensville County,Virginia,VA,quiet,3.6e-05,2574,114,501+,0.02,9.9e-05,2865,118,501+,0.02,0.013221,0.010433,0,0,0,,0.986,2023-24
2026-05-18,2026-05-25,29069,Dunklin County,Missouri,MO,quiet,3.6e-05,2575,86,501+,0.02,0.000322,2258,78,501+,0.06,0.01321,0.034352,0,0,0,,0.971,2023-24
2026-05-18,2026-05-25,24019,Dorchester County,Maryland,MD,quiet,3.6e-05,2576,23,501+,0.02,0.000125,2800,22,501+,0.02,0.013165,0.013252,0,0,0,,1.0,2023-24
2026-05-18,2026-05-25,46039,Deuel County,South Dakota,SD,quiet,3.6e-05,2577,59,501+,0.02,0.000258,2404,51,501+,0.05,0.013155,0.027554,0,0,0,,1.0,2023-24
2026-05-18,2026-05-25,30019,Daniels County,Montana,MT,quiet,3.6e-05,2578,47,501+,0.02,0.000173,2670,47,501+,0.03,0.013118,0.018386,0,0,0,,,
2026-05-18,2026-05-25,22061,Lincoln Parish,Louisiana,LA,quiet,3.6e-05,2579,57,501+,0.02,0.000428,2029,34,501+,0.08,0.013072,0.045465,0,0,0,,0.978,2021-22
2026-05-18,2026-05-25,28131,Stone County,Mississippi,MS,quiet,3.6e-05,2580,59,501+,0.02,0.00019,2618,59,501+,0.04,0.013068,0.020273,0,0,0,,,
2026-05-18,2026-05-25,17117,Macoupin County,Illinois,IL,quiet,3.6e-05,2581,66,501+,0.02,0.000122,2809,76,501+,0.02,0.013059,0.012936,0,0,0,,,
2026-05-18,2026-05-25,22031,De Soto Parish,Louisiana,LA,quiet,3.6e-05,2582,58,501+,0.02,0.000158,2712,57,501+,0.03,0.013048,0.016802,0,0,0,,0.915,2021-22
2026-05-18,2026-05-25,22003,Allen Parish,Louisiana,LA,quiet,3.6e-05,2583,59,501+,0.02,0.00014,2756,60,501+,0.03,0.013023,0.014906,0,0,0,,0.934,2021-22
2026-05-18,2026-05-25,21175,Morgan County,Kentucky,KY,quiet,3.6e-05,2584,50,501+,0.02,0.000246,2439,51,501+,0.05,0.012995,0.026219,0,0,0,,0.939,2022-23
2026-05-18,2026-05-25,01025,Clarke County,Alabama,AL,quiet,3.6e-05,2585,48,501+,0.02,0.000279,2359,45,501+,0.05,0.01297,0.029763,0,0,0,,0.9341,2022-23
2026-05-18,2026-05-25,31117,McPherson County,Nebraska,NE,quiet,3.6e-05,2586,71,501+,0.02,5.9e-05,3006,86,501+,0.01,0.012948,0.006223,0,0,0,,,
2026-05-18,2026-05-25,02164,Lake and Peninsula Borough,Alaska,AK,quiet,3.5e-05,2587,28,501+,0.02,0.000218,2521,27,501+,0.04,0.01294,0.023281,0,0,0,,,
2026-05-18,2026-05-25,55057,Juneau County,Wisconsin,WI,quiet,3.5e-05,2588,64,501+,0.02,0.000305,2301,57,501+,0.06,0.012852,0.032522,0,0,0,,0.726,2023-24
2026-05-18,2026-05-25,41069,Wheeler County,Oregon,OR,quiet,3.5e-05,2589,35,501+,0.02,0.000246,2437,35,501+,0.05,0.012849,0.026305,0,0,0,,0.9,2023-24
2026-05-18,2026-05-25,39067,Harrison County,Ohio,OH,quiet,3.5e-05,2590,68,501+,0.02,0.000236,2476,68,501+,0.05,0.012803,0.02521,0,0,0,,,
2026-05-18,2026-05-25,47183,Weakley County,Tennessee,TN,quiet,3.5e-05,2591,68,501+,0.02,0.000215,2528,69,501+,0.04,0.012781,0.022962,0,0,0,,0.963,2023-24
2026-05-18,2026-05-25,47035,Cumberland County,Tennessee,TN,quiet,3.5e-05,2592,69,501+,0.02,0.000333,2234,57,501+,0.07,0.012735,0.035561,0,0,0,,0.962,2023-24
2026-05-18,2026-05-25,31179,Wayne County,Nebraska,NE,quiet,3.5e-05,2593,72,501+,0.02,0.000231,2488,69,501+,0.05,0.012726,0.0247,0,0,0,,,
2026-05-18,2026-05-25,21131,Leslie County,Kentucky,KY,quiet,3.5e-05,2594,51,501+,0.02,3.1e-05,3096,109,501+,0.01,0.012694,0.003244,0,0,0,,0.857,2022-23
2026-05-18,2026-05-25,13027,Brooks County,Georgia,GA,quiet,3.5e-05,2595,121,501+,0.02,0.000212,2534,124,501+,0.04,0.012689,0.022646,0,0,0,,,
2026-05-18,2026-05-25,40065,Jackson County,Oklahoma,OK,quiet,3.5e-05,2596,65,501+,0.02,0.000212,2536,73,501+,0.04,0.012671,0.022587,0,0,0,,0.9587,2023-24
2026-05-18,2026-05-25,54027,Hampshire County,West Virginia,WV,quiet,3.4e-05,2597,23,501+,0.02,0.000266,2386,17,501+,0.05,0.012549,0.02844,0,0,0,,,
2026-05-18,2026-05-25,36041,Hamilton County,New York,NY,quiet,3.4e-05,2598,57,501+,0.02,0.000113,2830,60,501+,0.02,0.012544,0.011975,0,0,0,,1.0,2022-23
2026-05-18,2026-05-25,40015,Caddo County,Oklahoma,OK,quiet,3.4e-05,2599,66,501+,0.02,0.000384,2123,60,501+,0.08,0.012529,0.040904,0,0,0,,0.7987,2023-24
2026-05-18,2026-05-25,29151,Osage County,Missouri,MO,quiet,3.4e-05,2600,87,501+,0.02,0.000132,2781,100,501+,0.03,0.012398,0.014005,0,0,0,,0.937,2023-24
2026-05-18,2026-05-25,40117,Pawnee County,Oklahoma,OK,quiet,3.4e-05,2601,67,501+,0.02,0.000498,1908,49,501+,0.1,0.012344,0.052765,0,0,0,,0.8963,2023-24
2026-05-18,2026-05-25,19055,Delaware County,Iowa,IA,quiet,3.4e-05,2602,71,501+,0.02,9.7e-05,2869,80,501+,0.02,0.012332,0.010257,0,0,0,,0.94713656,2023-24
2026-05-18,2026-05-25,45067,Marion County,South Carolina,SC,quiet,3.4e-05,2603,43,501+,0.02,0.000158,2710,45,501+,0.03,0.012328,0.016861,0,0,0,,0.989,2023-24
2026-05-18,2026-05-25,47045,Dyer County,Tennessee,TN,quiet,3.4e-05,2604,70,501+,0.02,0.000253,2424,65,501+,0.05,0.012323,0.027047,0,0,0,,0.978,2023-24
2026-05-18,2026-05-25,13019,Berrien County,Georgia,GA,quiet,3.4e-05,2605,122,501+,0.02,0.000476,1943,72,501+,0.09,0.012316,0.050428,0,0,0,,,
2026-05-18,2026-05-25,31073,Gosper County,Nebraska,NE,quiet,3.4e-05,2606,73,501+,0.02,0.000257,2407,65,501+,0.05,0.012264,0.027468,0,0,0,,,
2026-05-18,2026-05-25,29045,Clark County,Missouri,MO,quiet,3.4e-05,2607,88,501+,0.02,9.4e-05,2891,110,501+,0.02,0.01223,0.009916,0,0,0,,0.986,2023-24
2026-05-18,2026-05-25,26071,Iron County,Michigan,MI,quiet,3.3e-05,2608,75,501+,0.02,0.000307,2290,64,501+,0.06,0.012226,0.032763,0,0,0,,0.934,2023-24
2026-05-18,2026-05-25,13199,Meriwether County,Georgia,GA,quiet,3.3e-05,2609,123,501+,0.02,0.000214,2530,123,501+,0.04,0.012214,0.02285,0,0,0,,,
2026-05-18,2026-05-25,28139,Tippah County,Mississippi,MS,quiet,3.3e-05,2610,60,501+,0.02,0.000403,2077,25,501+,0.08,0.012205,0.042902,0,0,0,,,
2026-05-18,2026-05-25,13283,Treutlen County,Georgia,GA,quiet,3.3e-05,2611,124,501+,0.02,0.000163,2699,139,501+,0.03,0.012138,0.017323,0,0,0,,,
2026-05-18,2026-05-25,02068,Denali Borough,Alaska,AK,quiet,3.3e-05,2612,29,501+,0.02,0.000264,2394,25,501+,0.05,0.012101,0.028177,0,0,0,,,
2026-05-18,2026-05-25,31059,Fillmore County,Nebraska,NE,quiet,3.3e-05,2613,74,501+,0.02,0.000244,2445,68,501+,0.05,0.012077,0.026088,0,0,0,,,
2026-05-18,2026-05-25,19159,Ringgold County,Iowa,IA,quiet,3.3e-05,2614,72,501+,0.02,7.6e-05,2949,86,501+,0.01,0.012073,0.008028,0,0,0,,0.92857143,2023-24
2026-05-18,2026-05-25,40069,Johnston County,Oklahoma,OK,quiet,3.3e-05,2615,68,501+,0.02,0.000473,1947,51,501+,0.09,0.012073,0.050141,0,0,0,,0.7462,2023-24
2026-05-18,2026-05-25,27075,Lake County,Minnesota,MN,quiet,3.3e-05,2616,86,501+,0.02,9.9e-05,2864,87,501+,0.02,0.011992,0.010438,0,0,0,,0.819,2023-24
2026-05-18,2026-05-25,18061,Harrison County,Indiana,IN,quiet,3.3e-05,2617,61,501+,0.02,0.000268,2383,59,501+,0.05,0.011984,0.028614,0,0,0,,,
2026-05-18,2026-05-25,23013,Knox County,Maine,ME,quiet,3.3e-05,2618,16,501+,0.02,0.000317,2266,15,501+,0.06,0.01192,0.033836,0,0,0,,0.9458,2023-24
2026-05-18,2026-05-25,47061,Grundy County,Tennessee,TN,quiet,3.3e-05,2619,71,501+,0.02,0.000132,2778,84,501+,0.03,0.011918,0.014075,0,0,0,,0.832,2023-24
2026-05-18,2026-05-25,02230,Skagway Municipality,Alaska,AK,quiet,3.3e-05,2620,30,501+,0.02,0.000164,2692,30,501+,0.03,0.011918,0.017496,0,0,0,,,
2026-05-18,2026-05-25,18159,Tipton County,Indiana,IN,quiet,3.3e-05,2621,62,501+,0.02,9.5e-05,2883,75,501+,0.02,0.011896,0.009994,0,0,0,,,
2026-05-18,2026-05-25,22125,West Feliciana Parish,Louisiana,LA,quiet,3.3e-05,2622,60,501+,0.02,0.000161,2703,55,501+,0.03,0.011893,0.017197,0,0,0,,0.955,2021-22
2026-05-18,2026-05-25,13209,Montgomery County,Georgia,GA,quiet,3.3e-05,2623,125,501+,0.02,0.000186,2629,130,501+,0.04,0.01189,0.019785,0,0,0,,,
2026-05-18,2026-05-25,22119,Webster Parish,Louisiana,LA,quiet,3.2e-05,2624,61,501+,0.02,0.000313,2276,38,501+,0.06,0.011847,0.03341,0,0,0,,0.909,2021-22
2026-05-18,2026-05-25,13055,Chattooga County,Georgia,GA,quiet,3.2e-05,2625,126,501+,0.02,0.000246,2438,112,501+,0.05,0.011843,0.026267,0,0,0,,,
2026-05-18,2026-05-25,28151,Washington County,Mississippi,MS,quiet,3.2e-05,2626,61,501+,0.02,0.000223,2503,51,501+,0.04,0.011842,0.023825,0,0,0,,,
2026-05-18,2026-05-25,51017,Bath County,Virginia,VA,quiet,3.2e-05,2627,115,501+,0.02,0.000112,2832,113,501+,0.02,0.011838,0.011823,0,0,0,,0.976,2023-24
2026-05-18,2026-05-25,17049,Effingham County,Illinois,IL,quiet,3.2e-05,2628,67,501+,0.02,0.000121,2812,77,501+,0.02,0.011838,0.012857,0,0,0,,,
2026-05-18,2026-05-25,48081,Coke County,Texas,TX,quiet,3.2e-05,2629,242,501+,0.02,0.000221,2508,241,501+,0.04,0.011831,0.023612,0,0,0,,0.88571429,2023-24
2026-05-18,2026-05-25,46017,Buffalo County,South Dakota,SD,quiet,3.2e-05,2630,60,501+,0.02,6.6e-05,2989,62,501+,0.01,0.011828,0.006963,0,0,0,,,
2026-05-18,2026-05-25,22083,Richland Parish,Louisiana,LA,quiet,3.2e-05,2631,62,501+,0.02,0.000151,2735,58,501+,0.03,0.011803,0.01604,0,0,0,,0.861,2021-22
2026-05-18,2026-05-25,21081,Grant County,Kentucky,KY,quiet,3.2e-05,2632,52,501+,0.02,0.000225,2500,54,501+,0.04,0.011776,0.024027,0,0,0,,0.962,2022-23
2026-05-18,2026-05-25,37185,Warren County,North Carolina,NC,quiet,3.2e-05,2633,92,501+,0.02,0.000353,2195,86,501+,0.07,0.011756,0.037666,0,0,0,,0.95121951,2022-23
2026-05-18,2026-05-25,01065,Hale County,Alabama,AL,quiet,3.2e-05,2634,49,501+,0.02,0.0002,2582,54,501+,0.04,0.011751,0.021364,0,0,0,,0.8968,2022-23
2026-05-18,2026-05-25,28027,Coahoma County,Mississippi,MS,quiet,3.2e-05,2635,62,501+,0.02,9.1e-05,2902,81,501+,0.02,0.011732,0.009651,0,0,0,,,
2026-05-18,2026-05-25,08055,Huerfano County,Colorado,CO,quiet,3.2e-05,2636,57,501+,0.02,0.000241,2465,56,501+,0.05,0.011719,0.025725,0,0,0,,0.9608,2023-24
2026-05-18,2026-05-25,13279,Toombs County,Georgia,GA,quiet,3.2e-05,2637,127,501+,0.02,0.000133,2774,146,501+,0.03,0.011714,0.014153,0,0,0,,,
2026-05-18,2026-05-25,47127,Moore County,Tennessee,TN,quiet,3.2e-05,2638,72,501+,0.02,0.000152,2731,82,501+,0.03,0.0117,0.016155,0,0,0,,0.917,2023-24
2026-05-18,2026-05-25,18109,Morgan County,Indiana,IN,quiet,3.2e-05,2639,63,501+,0.02,0.000296,2324,57,501+,0.06,0.011698,0.03155,0,0,0,,,
2026-05-18,2026-05-25,27055,Houston County,Minnesota,MN,quiet,3.2e-05,2640,87,501+,0.02,0.000223,2504,85,501+,0.04,0.011697,0.023814,0,0,0,,0.83,2023-24
2026-05-18,2026-05-25,21055,Crittenden County,Kentucky,KY,quiet,3.2e-05,2641,53,501+,0.02,8.6e-05,2919,79,501+,0.02,0.011694,0.009072,0,0,0,,0.972,2022-23
2026-05-18,2026-05-25,29153,Ozark County,Missouri,MO,quiet,3.2e-05,2642,89,501+,0.02,0.000256,2410,81,501+,0.05,0.01164,0.027349,0,0,0,,0.825,2023-24
2026-05-18,2026-05-25,39047,Fayette County,Ohio,OH,quiet,3.2e-05,2643,69,501+,0.02,0.000428,2031,59,501+,0.08,0.011627,0.045461,0,0,0,,,
2026-05-18,2026-05-25,35037,Quay County,New Mexico,NM,quiet,3.2e-05,2644,31,501+,0.02,0.000223,2505,31,501+,0.04,0.01156,0.023784,0,0,0,,0.94,2018-19
2026-05-18,2026-05-25,28013,Calhoun County,Mississippi,MS,quiet,3.2e-05,2645,63,501+,0.02,0.000213,2533,53,501+,0.04,0.011558,0.022707,0,0,0,,,
2026-05-18,2026-05-25,20101,Lane County,Kansas,KS,quiet,3.2e-05,2646,97,501+,0.02,0.000129,2786,99,501+,0.03,0.011548,0.013698,0,0,0,,1.0,2023-24
2026-05-18,2026-05-25,21221,Trigg County,Kentucky,KY,quiet,3.2e-05,2647,54,501+,0.02,0.000317,2267,39,501+,0.06,0.011546,0.033774,0,0,0,,0.864,2022-23
2026-05-18,2026-05-25,31127,Nemaha County,Nebraska,NE,quiet,3.1e-05,2648,75,501+,0.02,0.000324,2253,59,501+,0.06,0.011496,0.034593,0,0,0,,,
2026-05-18,2026-05-25,19017,Bremer County,Iowa,IA,quiet,3.1e-05,2649,73,501+,0.02,0.000257,2408,63,501+,0.05,0.011472,0.027465,0,0,0,,0.74663073,2023-24
2026-05-18,2026-05-25,21137,Lincoln County,Kentucky,KY,quiet,3.1e-05,2650,55,501+,0.02,0.000274,2373,47,501+,0.05,0.011464,0.029213,0,0,0,,0.923,2022-23
2026-05-18,2026-05-25,26053,Gogebic County,Michigan,MI,quiet,3.1e-05,2651,76,501+,0.02,0.000197,2595,70,501+,0.04,0.011462,0.020963,0,0,0,,0.9623,2023-24
2026-05-18,2026-05-25,19097,Jackson County,Iowa,IA,quiet,3.1e-05,2652,74,501+,0.02,0.0001,2857,79,501+,0.02,0.011454,0.010633,0,0,0,,0.78139535,2023-24
2026-05-18,2026-05-25,13307,Webster County,Georgia,GA,quiet,3.1e-05,2653,128,501+,0.02,0.000155,2721,141,501+,0.03,0.011413,0.016536,0,0,0,,,
2026-05-18,2026-05-25,21009,Barren County,Kentucky,KY,quiet,3.1e-05,2654,56,501+,0.02,0.000636,1717,28,501+,0.12,0.011363,0.066867,0,0,0,,0.9,2022-23
2026-05-18,2026-05-25,40063,Hughes County,Oklahoma,OK,quiet,3.1e-05,2655,69,501+,0.02,0.000354,2194,63,501+,0.07,0.011337,0.037702,0,0,0,,0.913,2023-24
2026-05-18,2026-05-25,54093,Tucker County,West Virginia,WV,quiet,3.1e-05,2656,24,501+,0.02,5.5e-05,3027,42,501+,0.01,0.01133,0.005722,0,0,0,,,
2026-05-18,2026-05-25,29131,Miller County,Missouri,MO,quiet,3.1e-05,2657,90,501+,0.02,0.000193,2610,90,501+,0.04,0.011325,0.020621,0,0,0,,0.909,2023-24
2026-05-18,2026-05-25,51045,Craig County,Virginia,VA,quiet,3.1e-05,2658,116,501+,0.02,0.000105,2845,117,501+,0.02,0.011322,0.011097,0,0,0,,0.968,2023-24
2026-05-18,2026-05-25,49031,Piute County,Utah,UT,quiet,3.1e-05,2659,27,501+,0.02,7.8e-05,2945,27,501+,0.02,0.011281,0.008256,0,0,0,,0.944,2022-23
2026-05-18,2026-05-25,29093,Iron County,Missouri,MO,quiet,3.1e-05,2660,91,501+,0.02,0.000474,1945,64,501+,0.09,0.011267,0.050286,0,0,0,,0.928,2023-24
2026-05-18,2026-05-25,40061,Haskell County,Oklahoma,OK,quiet,3.1e-05,2661,70,501+,0.02,0.000299,2317,66,501+,0.06,0.011265,0.031951,0,0,0,,0.882,2023-24
2026-05-18,2026-05-25,19009,Audubon County,Iowa,IA,quiet,3.1e-05,2662,75,501+,0.02,8e-05,2939,85,501+,0.02,0.011256,0.008453,0,0,0,,0.94,2023-24
2026-05-18,2026-05-25,17173,Shelby County,Illinois,IL,quiet,3.1e-05,2663,68,501+,0.02,6.7e-05,2984,87,501+,0.01,0.011255,0.007084,0,0,0,,,
2026-05-18,2026-05-25,30039,Granite County,Montana,MT,quiet,3.1e-05,2664,48,501+,0.02,0.000156,2719,48,501+,0.03,0.011233,0.016568,0,0,0,,,
2026-05-18,2026-05-25,17033,Crawford County,Illinois,IL,quiet,3.1e-05,2665,69,501+,0.02,0.000443,1995,50,501+,0.09,0.011227,0.047044,0,0,0,,,
2026-05-18,2026-05-25,29157,Perry County,Missouri,MO,quiet,3.1e-05,2666,92,501+,0.02,0.000185,2634,94,501+,0.04,0.011223,0.019682,0,0,0,,0.883,2023-24
2026-05-18,2026-05-25,48269,King County,Texas,TX,quiet,3.1e-05,2667,243,501+,0.02,0.000154,2725,247,501+,0.03,0.011205,0.016387,0,0,0,,1.0,2023-24
2026-05-18,2026-05-25,31183,Wheeler County,Nebraska,NE,quiet,3.1e-05,2668,76,501+,0.02,9.6e-05,2870,80,501+,0.02,0.011179,0.010189,0,0,0,,,
2026-05-18,2026-05-25,19129,Mills County,Iowa,IA,quiet,3.1e-05,2669,76,501+,0.02,0.000202,2573,68,501+,0.04,0.011164,0.021528,0,0,0,,0.95212766,2023-24
2026-05-18,2026-05-25,35011,De Baca County,New Mexico,NM,quiet,3e-05,2670,32,501+,0.02,0.000113,2829,32,501+,0.02,0.011109,0.012007,0,0,0,,,
2026-05-18,2026-05-25,21217,Taylor County,Kentucky,KY,quiet,3e-05,2671,57,501+,0.02,0.00017,2674,62,501+,0.03,0.011102,0.018078,0,0,0,,0.862,2022-23
2026-05-18,2026-05-25,24023,Garrett County,Maryland,MD,quiet,3e-05,2672,24,501+,0.02,4.1e-05,3059,24,501+,0.01,0.011093,0.004222,0,0,0,,0.9882,2023-24
2026-05-18,2026-05-25,39161,Van Wert County,Ohio,OH,quiet,3e-05,2673,70,501+,0.02,0.000304,2303,64,501+,0.06,0.011093,0.032488,0,0,0,,,
2026-05-18,2026-05-25,05079,Lincoln County,Arkansas,AR,quiet,3e-05,2674,55,501+,0.02,9.4e-05,2887,74,501+,0.02,0.011088,0.009951,0,0,0,,,
2026-05-18,2026-05-25,19101,Jefferson County,Iowa,IA,quiet,3e-05,2675,77,501+,0.02,0.00016,2706,73,501+,0.03,0.011052,0.016999,0,0,0,,0.80473373,2023-24
2026-05-18,2026-05-25,55123,Vernon County,Wisconsin,WI,quiet,3e-05,2676,65,501+,0.02,9.3e-05,2895,67,501+,0.02,0.01103,0.009852,0,0,0,,0.485,2023-24
2026-05-18,2026-05-25,12047,Hamilton County,Florida,FL,quiet,3e-05,2677,66,501+,0.02,0.00024,2468,64,501+,0.05,0.011023,0.02563,0,0,0,,0.917,2022-23
2026-05-18,2026-05-25,28017,Chickasaw County,Mississippi,MS,quiet,3e-05,2678,64,501+,0.02,0.000211,2540,54,501+,0.04,0.010976,0.022492,0,0,0,,,
2026-05-18,2026-05-25,17125,Mason County,Illinois,IL,quiet,3e-05,2679,70,501+,0.02,0.000129,2787,75,501+,0.03,0.010974,0.013692,0,0,0,,,
2026-05-18,2026-05-25,01131,Wilcox County,Alabama,AL,quiet,3e-05,2680,50,501+,0.02,0.000299,2318,43,501+,0.06,0.010937,0.031929,0,0,0,,0.9254,2022-23
2026-05-18,2026-05-25,13061,Clay County,Georgia,GA,quiet,3e-05,2681,129,501+,0.02,0.000185,2632,131,501+,0.04,0.010917,0.019722,0,0,0,,,
2026-05-18,2026-05-25,05053,Grant County,Arkansas,AR,quiet,3e-05,2682,56,501+,0.02,0.000419,2044,27,501+,0.08,0.010898,0.044563,0,0,0,,,
2026-05-18,2026-05-25,38075,Renville County,North Dakota,ND,quiet,3e-05,2683,49,501+,0.02,0.000194,2608,46,501+,0.04,0.01089,0.020656,0,0,0,,0.875,2023-24
2026-05-18,2026-05-25,21183,Ohio County,Kentucky,KY,quiet,3e-05,2684,58,501+,0.02,0.000133,2776,66,501+,0.03,0.010859,0.014132,0,0,0,,0.706,2022-23
2026-05-18,2026-05-25,28153,Wayne County,Mississippi,MS,quiet,3e-05,2685,65,501+,0.02,0.000201,2579,56,501+,0.04,0.010858,0.021428,0,0,0,,,
2026-05-18,2026-05-25,05043,Drew County,Arkansas,AR,quiet,3e-05,2686,57,501+,0.02,0.000228,2492,52,501+,0.04,0.010837,0.024339,0,0,0,,,
2026-05-18,2026-05-25,05129,Searcy County,Arkansas,AR,quiet,3e-05,2687,58,501+,0.02,0.000176,2662,63,501+,0.03,0.010834,0.018708,0,0,0,,,
2026-05-18,2026-05-25,01019,Cherokee County,Alabama,AL,quiet,3e-05,2688,51,501+,0.02,0.000334,2233,39,501+,0.07,0.010829,0.035566,0,0,0,,0.9713,2022-23
2026-05-18,2026-05-25,20125,Montgomery County,Kansas,KS,quiet,3e-05,2689,98,501+,0.02,0.00031,2283,89,501+,0.06,0.010796,0.033029,0,0,0,,0.93,2023-24
2026-05-18,2026-05-25,37011,Avery County,North Carolina,NC,quiet,2.9e-05,2690,93,501+,0.02,0.000633,1725,68,501+,0.12,0.010764,0.066556,0,0,0,,0.97202797,2022-23
2026-05-18,2026-05-25,47075,Haywood County,Tennessee,TN,quiet,2.9e-05,2691,73,501+,0.02,0.000371,2162,54,501+,0.07,0.010749,0.039531,0,0,0,,0.957,2023-24
2026-05-18,2026-05-25,29059,Dallas County,Missouri,MO,quiet,2.9e-05,2692,93,501+,0.02,0.000409,2063,68,501+,0.08,0.010742,0.04352,0,0,0,,0.853,2023-24
2026-05-18,2026-05-25,48507,Zavala County,Texas,TX,quiet,2.9e-05,2693,244,501+,0.02,0.000304,2304,233,501+,0.06,0.010741,0.03242,0,0,0,,1.0,2023-24
2026-05-18,2026-05-25,29229,Wright County,Missouri,MO,quiet,2.9e-05,2694,94,501+,0.02,0.000139,2757,99,501+,0.03,0.010688,0.014796,0,0,0,,0.864,2023-24
2026-05-18,2026-05-25,37073,Gates County,North Carolina,NC,quiet,2.9e-05,2695,94,501+,0.02,0.000205,2558,93,501+,0.04,0.010687,0.021907,0,0,0,,0.97115385,2022-23
2026-05-18,2026-05-25,40035,Craig County,Oklahoma,OK,quiet,2.9e-05,2696,71,501+,0.02,0.000363,2179,62,501+,0.07,0.010654,0.038671,0,0,0,,0.9007,2023-24
2026-05-18,2026-05-25,01011,Bullock County,Alabama,AL,quiet,2.9e-05,2697,52,501+,0.02,0.000156,2718,61,501+,0.03,0.010651,0.016629,0,0,0,,0.971,2022-23
2026-05-18,2026-05-25,18115,Ohio County,Indiana,IN,quiet,2.9e-05,2698,64,501+,0.02,0.000141,2752,67,501+,0.03,0.010646,0.015042,0,0,0,,,
2026-05-18,2026-05-25,13017,Ben Hill County,Georgia,GA,quiet,2.9e-05,2699,130,501+,0.02,0.000151,2733,144,501+,0.03,0.010621,0.016084,0,0,0,,,
2026-05-18,2026-05-25,31061,Franklin County,Nebraska,NE,quiet,2.9e-05,2700,77,501+,0.02,0.000106,2843,79,501+,0.02,0.010605,0.011177,0,0,0,,,
2026-05-18,2026-05-25,47143,Rhea County,Tennessee,TN,quiet,2.9e-05,2701,74,501+,0.02,0.000241,2463,67,501+,0.05,0.010603,0.025766,0,0,0,,0.965,2023-24
2026-05-18,2026-05-25,18147,Spencer County,Indiana,IN,quiet,2.9e-05,2702,65,501+,0.02,0.000164,2694,65,501+,0.03,0.010603,0.017442,0,0,0,,,
2026-05-18,2026-05-25,01079,Lawrence County,Alabama,AL,quiet,2.9e-05,2703,53,501+,0.02,0.00015,2736,62,501+,0.03,0.010573,0.015995,0,0,0,,0.9828,2022-23
2026-05-18,2026-05-25,29186,Ste. Genevieve County,Missouri,MO,quiet,2.9e-05,2704,95,501+,0.02,7.6e-05,2950,112,501+,0.01,0.010569,0.00797,0,0,0,,0.917,2023-24
2026-05-18,2026-05-25,47067,Hancock County,Tennessee,TN,quiet,2.9e-05,2705,75,501+,0.02,0.000184,2637,76,501+,0.04,0.010537,0.019636,0,0,0,,0.941,2023-24
2026-05-18,2026-05-25,41025,Harney County,Oregon,OR,quiet,2.9e-05,2706,36,501+,0.02,0.000488,1924,32,501+,0.1,0.010536,0.051731,0,0,0,,0.891,2023-24
2026-05-18,2026-05-25,31133,Pawnee County,Nebraska,NE,quiet,2.9e-05,2707,78,501+,0.02,0.000255,2416,66,501+,0.05,0.010504,0.027238,0,0,0,,,
2026-05-18,2026-05-25,51035,Carroll County,Virginia,VA,quiet,2.9e-05,2708,117,501+,0.02,8.5e-05,2922,122,501+,0.02,0.010492,0.00896,0,0,0,,0.931,2023-24
2026-05-18,2026-05-25,51197,Wythe County,Virginia,VA,quiet,2.9e-05,2709,118,501+,0.02,0.000123,2804,112,501+,0.02,0.010469,0.013053,0,0,0,,0.939,2023-24
2026-05-18,2026-05-25,31175,Valley County,Nebraska,NE,quiet,2.9e-05,2710,79,501+,0.02,0.000124,2802,77,501+,0.02,0.010449,0.013211,0,0,0,,,
2026-05-18,2026-05-25,37103,Jones County,North Carolina,NC,quiet,2.9e-05,2711,95,501+,0.02,0.000155,2723,97,501+,0.03,0.010438,0.016493,0,0,0,,0.90666667,2022-23
2026-05-18,2026-05-25,55061,Kewaunee County,Wisconsin,WI,quiet,2.8e-05,2712,66,501+,0.02,0.0002,2583,63,501+,0.04,0.010401,0.021351,0,0,0,,0.812,2023-24
2026-05-18,2026-05-25,48261,Kenedy County,Texas,TX,quiet,2.8e-05,2713,245,501+,0.02,0.000153,2727,248,501+,0.03,0.010338,0.016266,0,0,0,,0.92857143,2023-24
2026-05-18,2026-05-25,20065,Graham County,Kansas,KS,quiet,2.8e-05,2714,99,501+,0.02,8.8e-05,2912,101,501+,0.02,0.010338,0.009327,0,0,0,,1.0,2023-24
2026-05-18,2026-05-25,19197,Wright County,Iowa,IA,quiet,2.8e-05,2715,78,501+,0.02,0.000184,2638,71,501+,0.04,0.010262,0.019631,0,0,0,,0.9025641,2023-24
2026-05-18,2026-05-25,31169,Thayer County,Nebraska,NE,quiet,2.8e-05,2716,80,501+,0.02,0.000353,2197,55,501+,0.07,0.010259,0.037575,0,0,0,,,
2026-05-18,2026-05-25,47109,McNairy County,Tennessee,TN,quiet,2.8e-05,2717,76,501+,0.02,0.000253,2425,66,501+,0.05,0.010254,0.027031,0,0,0,,0.947,2022-23
2026-05-18,2026-05-25,26063,Huron County,Michigan,MI,quiet,2.8e-05,2718,77,501+,0.02,7e-05,2973,76,501+,0.01,0.010246,0.007367,0,0,0,,0.8898,2023-24
2026-05-18,2026-05-25,21019,Boyd County,Kentucky,KY,quiet,2.8e-05,2719,59,501+,0.02,0.000406,2070,35,501+,0.08,0.010243,0.043173,0,0,0,,0.89,2022-23
2026-05-18,2026-05-25,19065,Fayette County,Iowa,IA,quiet,2.8e-05,2720,79,501+,0.02,0.000252,2428,64,501+,0.05,0.01023,0.026869,0,0,0,,0.86592179,2023-24
2026-05-18,2026-05-25,13321,Worth County,Georgia,GA,quiet,2.8e-05,2721,131,501+,0.02,0.000403,2080,79,501+,0.08,0.010226,0.042866,0,0,0,,,
2026-05-18,2026-05-25,42059,Greene County,Pennsylvania,PA,quiet,2.8e-05,2722,60,501+,0.02,0.000377,2148,50,501+,0.07,0.010218,0.040134,0,0,0,,0.97230769,2023-24
2026-05-18,2026-05-25,13315,Wilcox County,Georgia,GA,quiet,2.8e-05,2723,132,501+,0.02,0.00013,2785,147,501+,0.03,0.010205,0.013835,0,0,0,,,
2026-05-18,2026-05-25,37095,Hyde County,North Carolina,NC,quiet,2.8e-05,2724,96,501+,0.02,0.000247,2436,92,501+,0.05,0.010168,0.026345,0,0,0,,1.0,2022-23
2026-05-18,2026-05-25,13305,Wayne County,Georgia,GA,quiet,2.8e-05,2725,133,501+,0.02,0.000248,2434,111,501+,0.05,0.010155,0.026442,0,0,0,,,
2026-05-18,2026-05-25,51091,Highland County,Virginia,VA,quiet,2.8e-05,2726,119,501+,0.02,3.9e-05,3063,129,501+,0.01,0.010149,0.004096,0,0,0,,0.938,2023-24
2026-05-18,2026-05-25,20005,Atchison County,Kansas,KS,quiet,2.8e-05,2727,100,501+,0.02,0.000308,2288,90,501+,0.06,0.010144,0.032881,0,0,0,,0.87,2023-24
2026-05-18,2026-05-25,05087,Madison County,Arkansas,AR,quiet,2.8e-05,2728,59,501+,0.02,0.000201,2575,59,501+,0.04,0.010124,0.021492,0,0,0,,,
2026-05-18,2026-05-25,13189,McDuffie County,Georgia,GA,quiet,2.8e-05,2729,134,501+,0.02,0.000105,2844,151,501+,0.02,0.010113,0.011118,0,0,0,,,
2026-05-18,2026-05-25,36073,Orleans County,New York,NY,quiet,2.8e-05,2730,58,501+,0.02,0.000244,2447,55,501+,0.05,0.010103,0.026042,0,0,0,,0.99889474,2022-23
2026-05-18,2026-05-25,47175,Van Buren County,Tennessee,TN,quiet,2.8e-05,2731,77,501+,0.02,9.1e-05,2905,89,501+,0.02,0.010079,0.009612,0,0,0,,0.667,2023-24
2026-05-18,2026-05-25,39011,Auglaize County,Ohio,OH,quiet,2.7e-05,2732,71,501+,0.02,0.000127,2794,73,501+,0.02,0.010063,0.013492,0,0,0,,,
2026-05-18,2026-05-25,01087,Macon County,Alabama,AL,quiet,2.7e-05,2733,54,501+,0.02,0.000321,2260,40,501+,0.06,0.010048,0.034291,0,0,0,,0.9462,2022-23
2026-05-18,2026-05-25,20195,Trego County,Kansas,KS,quiet,2.7e-05,2734,101,501+,0.02,5.7e-05,3018,104,501+,0.01,0.010041,0.005913,0,0,0,,0.95,2023-24
2026-05-18,2026-05-25,18179,Wells County,Indiana,IN,quiet,2.7e-05,2735,66,501+,0.02,0.000146,2745,66,501+,0.03,0.010024,0.01549,0,0,0,,,
2026-05-18,2026-05-25,13043,Candler County,Georgia,GA,quiet,2.7e-05,2736,135,501+,0.02,0.000242,2458,114,501+,0.05,0.009989,0.025864,0,0,0,,,
2026-05-18,2026-05-25,51105,Lee County,Virginia,VA,quiet,2.7e-05,2737,120,501+,0.02,0.000166,2685,104,501+,0.03,0.009988,0.017711,0,0,0,,0.89,2023-24
2026-05-18,2026-05-25,17021,Christian County,Illinois,IL,quiet,2.7e-05,2738,71,501+,0.02,0.000409,2065,52,501+,0.08,0.009939,0.04348,0,0,0,,,
2026-05-18,2026-05-25,20087,Jefferson County,Kansas,KS,quiet,2.7e-05,2739,102,501+,0.02,0.000368,2168,79,501+,0.07,0.009938,0.039243,0,0,0,,0.91,2023-24
2026-05-18,2026-05-25,16033,Clark County,Idaho,ID,quiet,2.7e-05,2740,44,501+,0.02,0.000334,2229,43,501+,0.07,0.009877,0.035591,0,0,0,,,
2026-05-18,2026-05-25,55037,Florence County,Wisconsin,WI,quiet,2.7e-05,2741,67,501+,0.02,6.5e-05,2991,69,501+,0.01,0.009872,0.0068,0,0,0,,0.611,2023-24
2026-05-18,2026-05-25,05049,Fulton County,Arkansas,AR,quiet,2.7e-05,2742,60,501+,0.02,0.000307,2291,37,501+,0.06,0.00986,0.032762,0,0,0,,,
2026-05-18,2026-05-25,28115,Pontotoc County,Mississippi,MS,quiet,2.7e-05,2743,66,501+,0.02,0.000152,2732,71,501+,0.03,0.009838,0.016141,0,0,0,,,
2026-05-18,2026-05-25,36121,Wyoming County,New York,NY,quiet,2.7e-05,2744,59,501+,0.02,0.000305,2302,52,501+,0.06,0.009809,0.032507,0,0,0,,0.99705882,2022-23
2026-05-18,2026-05-25,42121,Venango County,Pennsylvania,PA,quiet,2.7e-05,2745,61,501+,0.02,9.4e-05,2893,63,501+,0.02,0.009785,0.009903,0,0,0,,0.92857143,2023-24
2026-05-18,2026-05-25,30079,Prairie County,Montana,MT,quiet,2.7e-05,2746,49,501+,0.02,9.2e-05,2900,51,501+,0.02,0.009785,0.009682,0,0,0,,,
2026-05-18,2026-05-25,21097,Harrison County,Kentucky,KY,quiet,2.7e-05,2747,60,501+,0.02,0.000264,2393,49,501+,0.05,0.009784,0.028202,0,0,0,,0.973,2022-23
2026-05-18,2026-05-25,42023,Cameron County,Pennsylvania,PA,quiet,2.7e-05,2748,62,501+,0.02,9e-05,2908,64,501+,0.02,0.009781,0.009539,0,0,0,,0.84210526,2023-24
2026-05-18,2026-05-25,13091,Dodge County,Georgia,GA,quiet,2.7e-05,2749,136,501+,0.02,0.000261,2400,109,501+,0.05,0.009769,0.027872,0,0,0,,,
2026-05-18,2026-05-25,21123,Larue County,Kentucky,KY,quiet,2.7e-05,2750,61,501+,0.02,8e-05,2941,82,501+,0.02,0.009758,0.008395,0,0,0,,0.859,2022-23
2026-05-18,2026-05-25,22041,Franklin Parish,Louisiana,LA,quiet,2.7e-05,2751,63,501+,0.02,0.000106,2840,63,501+,0.02,0.009758,0.011269,0,0,0,,0.914,2021-22
2026-05-18,2026-05-25,01119,Sumter County,Alabama,AL,quiet,2.7e-05,2752,55,501+,0.02,0.0004,2085,36,501+,0.08,0.009713,0.0426,0,0,0,,0.9885,2022-23
2026-05-18,2026-05-25,17133,Monroe County,Illinois,IL,quiet,2.6e-05,2753,72,501+,0.02,0.000169,2676,70,501+,0.03,0.009699,0.018043,0,0,0,,,
2026-05-18,2026-05-25,17185,Wabash County,Illinois,IL,quiet,2.6e-05,2754,73,501+,0.02,0.000378,2145,59,501+,0.07,0.009681,0.040207,0,0,0,,,
2026-05-18,2026-05-25,28135,Tallahatchie County,Mississippi,MS,quiet,2.6e-05,2755,67,501+,0.02,0.000175,2663,65,501+,0.03,0.009623,0.018684,0,0,0,,,
2026-05-18,2026-05-25,29025,Caldwell County,Missouri,MO,quiet,2.6e-05,2756,96,501+,0.02,0.000102,2853,106,501+,0.02,0.009612,0.010772,0,0,0,,0.863,2023-24
2026-05-18,2026-05-25,13263,Talbot County,Georgia,GA,quiet,2.6e-05,2757,137,501+,0.02,9.9e-05,2862,152,501+,0.02,0.009596,0.010519,0,0,0,,,
2026-05-18,2026-05-25,54041,Lewis County,West Virginia,WV,quiet,2.6e-05,2758,25,501+,0.02,0.00017,2675,20,501+,0.03,0.009592,0.018072,0,0,0,,,
2026-05-18,2026-05-25,47091,Johnson County,Tennessee,TN,quiet,2.6e-05,2759,78,501+,0.02,0.000193,2611,74,501+,0.04,0.009588,0.020571,0,0,0,,0.98,2023-24
2026-05-18,2026-05-25,17071,Henderson County,Illinois,IL,quiet,2.6e-05,2760,74,501+,0.02,5.9e-05,3009,89,501+,0.01,0.009584,0.006143,0,0,0,,,
2026-05-18,2026-05-25,18155,Switzerland County,Indiana,IN,quiet,2.6e-05,2761,67,501+,0.02,7.5e-05,2953,83,501+,0.01,0.009558,0.007926,0,0,0,,,
2026-05-18,2026-05-25,28011,Bolivar County,Mississippi,MS,quiet,2.6e-05,2762,68,501+,0.02,0.000136,2767,74,501+,0.03,0.009551,0.014404,0,0,0,,,
2026-05-18,2026-05-25,47181,Wayne County,Tennessee,TN,quiet,2.6e-05,2763,79,501+,0.02,0.000221,2510,68,501+,0.04,0.00955,0.023583,0,0,0,,0.963,2023-24
2026-05-18,2026-05-25,29013,Bates County,Missouri,MO,quiet,2.6e-05,2764,97,501+,0.02,0.000327,2245,76,501+,0.06,0.009548,0.034832,0,0,0,,0.843,2023-24
2026-05-18,2026-05-25,48327,Menard County,Texas,TX,quiet,2.6e-05,2765,246,501+,0.02,9.9e-05,2863,250,501+,0.02,0.009543,0.010508,0,0,0,,0.95238095,2023-24
2026-05-18,2026-05-25,40115,Ottawa County,Oklahoma,OK,quiet,2.6e-05,2766,72,501+,0.02,0.000243,2451,71,501+,0.05,0.009539,0.02595,0,0,0,,0.8523,2023-24
2026-05-18,2026-05-25,01035,Conecuh County,Alabama,AL,quiet,2.6e-05,2767,56,501+,0.02,0.00018,2645,58,501+,0.04,0.009518,0.019235,0,0,0,,0.9065,2022-23
2026-05-18,2026-05-25,28095,Monroe County,Mississippi,MS,quiet,2.6e-05,2768,69,501+,0.02,0.000361,2185,30,501+,0.07,0.009512,0.038426,0,0,0,,,
2026-05-18,2026-05-25,28137,Tate County,Mississippi,MS,quiet,2.6e-05,2769,70,501+,0.02,0.000135,2772,75,501+,0.03,0.009507,0.014304,0,0,0,,,
2026-05-18,2026-05-25,29133,Mississippi County,Missouri,MO,quiet,2.6e-05,2770,98,501+,0.02,0.000182,2643,95,501+,0.04,0.009445,0.019407,0,0,0,,0.977,2023-24
2026-05-18,2026-05-25,01005,Barbour County,Alabama,AL,quiet,2.6e-05,2771,57,501+,0.02,0.000361,2184,38,501+,0.07,0.009445,0.038436,0,0,0,,0.9459,2022-23
2026-05-18,2026-05-25,13131,Grady County,Georgia,GA,quiet,2.6e-05,2772,138,501+,0.02,0.000165,2690,137,501+,0.03,0.009442,0.017534,0,0,0,,,
2026-05-18,2026-05-25,17203,Woodford County,Illinois,IL,quiet,2.6e-05,2773,75,501+,0.02,0.000138,2759,72,501+,0.03,0.009433,0.01468,0,0,0,,,
2026-05-18,2026-05-25,45053,Jasper County,South Carolina,SC,quiet,2.6e-05,2774,44,501+,0.02,0.000149,2742,46,501+,0.03,0.00943,0.015808,0,0,0,,0.897,2023-24
2026-05-18,2026-05-25,39037,Darke County,Ohio,OH,quiet,2.6e-05,2775,72,501+,0.02,0.000115,2824,75,501+,0.02,0.009427,0.012207,0,0,0,,,
2026-05-18,2026-05-25,21027,Breckinridge County,Kentucky,KY,quiet,2.6e-05,2776,62,501+,0.02,0.000202,2574,59,501+,0.04,0.009376,0.021516,0,0,0,,0.947,2022-23
2026-05-18,2026-05-25,21147,McCreary County,Kentucky,KY,quiet,2.5e-05,2777,63,501+,0.02,0.000166,2684,63,501+,0.03,0.009319,0.017726,0,0,0,,0.919,2022-23
2026-05-18,2026-05-25,54073,Pleasants County,West Virginia,WV,quiet,2.5e-05,2778,26,501+,0.02,7.2e-05,2967,33,501+,0.01,0.009291,0.007548,0,0,0,,,
2026-05-18,2026-05-25,18143,Scott County,Indiana,IN,quiet,2.5e-05,2779,68,501+,0.02,0.000117,2820,69,501+,0.02,0.009288,0.012359,0,0,0,,,
2026-05-18,2026-05-25,17189,Washington County,Illinois,IL,quiet,2.5e-05,2780,76,501+,0.02,0.000132,2780,73,501+,0.03,0.009267,0.014023,0,0,0,,,
2026-05-18,2026-05-25,26051,Gladwin County,Michigan,MI,quiet,2.5e-05,2781,78,501+,0.02,6.9e-05,2975,77,501+,0.01,0.00925,0.0073,0,0,0,,0.8987,2023-24
2026-05-18,2026-05-25,01057,Fayette County,Alabama,AL,quiet,2.5e-05,2782,58,501+,0.02,0.000237,2475,50,501+,0.05,0.0092,0.025281,0,0,0,,0.88,2022-23
2026-05-18,2026-05-25,47023,Chester County,Tennessee,TN,quiet,2.5e-05,2783,80,501+,0.02,0.000151,2734,83,501+,0.03,0.009129,0.016076,0,0,0,,0.903,2023-24
2026-05-18,2026-05-25,13261,Sumter County,Georgia,GA,quiet,2.5e-05,2784,139,501+,0.02,0.000155,2724,142,501+,0.03,0.009117,0.016455,0,0,0,,,
2026-05-18,2026-05-25,42031,Clarion County,Pennsylvania,PA,quiet,2.5e-05,2785,63,501+,0.02,6.1e-05,3002,66,501+,0.01,0.009093,0.006361,0,0,0,,0.92890995,2023-24
2026-05-18,2026-05-25,05023,Cleburne County,Arkansas,AR,quiet,2.5e-05,2786,61,501+,0.02,0.000377,2146,31,501+,0.07,0.009087,0.0402,0,0,0,,,
2026-05-18,2026-05-25,13099,Early County,Georgia,GA,quiet,2.5e-05,2787,140,501+,0.02,0.000215,2529,122,501+,0.04,0.00908,0.022946,0,0,0,,,
2026-05-18,2026-05-25,37041,Chowan County,North Carolina,NC,quiet,2.5e-05,2788,97,501+,0.02,0.000203,2567,94,501+,0.04,0.009069,0.021691,0,0,0,,0.93835616,2022-23
2026-05-18,2026-05-25,17153,Pulaski County,Illinois,IL,quiet,2.5e-05,2789,77,501+,0.02,0.000116,2821,78,501+,0.02,0.009051,0.01234,0,0,0,,,
2026-05-18,2026-05-25,19075,Grundy County,Iowa,IA,quiet,2.5e-05,2790,80,501+,0.02,6.7e-05,2986,89,501+,0.01,0.009042,0.006993,0,0,0,,0.97191011,2023-24
2026-05-18,2026-05-25,17003,Alexander County,Illinois,IL,quiet,2.5e-05,2791,78,501+,0.02,0.000131,2782,74,501+,0.03,0.009037,0.013904,0,0,0,,,
2026-05-18,2026-05-25,21173,Montgomery County,Kentucky,KY,quiet,2.5e-05,2792,64,501+,0.02,0.000245,2443,53,501+,0.05,0.009005,0.02616,0,0,0,,0.965,2022-23
2026-05-18,2026-05-25,13109,Evans County,Georgia,GA,quiet,2.4e-05,2793,141,501+,0.02,0.000235,2482,117,501+,0.05,0.008981,0.025089,0,0,0,,,
2026-05-18,2026-05-25,17083,Jersey County,Illinois,IL,quiet,2.4e-05,2794,79,501+,0.02,6.8e-05,2982,86,501+,0.01,0.008972,0.007117,0,0,0,,,
2026-05-18,2026-05-25,21233,Webster County,Kentucky,KY,quiet,2.4e-05,2795,65,501+,0.02,0.000217,2523,56,501+,0.04,0.008948,0.023156,0,0,0,,0.972,2022-23
2026-05-18,2026-05-25,01007,Bibb County,Alabama,AL,quiet,2.4e-05,2796,59,501+,0.02,0.00017,2673,59,501+,0.03,0.008942,0.018157,0,0,0,,0.9122,2022-23
2026-05-18,2026-05-25,28163,Yazoo County,Mississippi,MS,quiet,2.4e-05,2797,71,501+,0.02,0.000178,2652,61,501+,0.03,0.008928,0.018977,0,0,0,,,
2026-05-18,2026-05-25,51750,Radford City,Virginia,VA,quiet,2.4e-05,2798,121,501+,0.02,8.5e-05,2926,123,501+,0.02,0.008876,0.008945,0,0,0,,0.962,2023-24
2026-05-18,2026-05-25,21057,Cumberland County,Kentucky,KY,quiet,2.4e-05,2799,66,501+,0.02,0.000137,2766,65,501+,0.03,0.008868,0.014528,0,0,0,,0.885,2022-23
2026-05-18,2026-05-25,36123,Yates County,New York,NY,quiet,2.4e-05,2800,60,501+,0.02,9.8e-05,2868,61,501+,0.02,0.008867,0.010359,0,0,0,,0.7489,2022-23
2026-05-18,2026-05-25,48301,Loving County,Texas,TX,quiet,2.4e-05,2801,247,501+,0.02,0.000157,2715,246,501+,0.03,0.00885,0.016697,0,0,0,,,
2026-05-18,2026-05-25,38001,Adams County,North Dakota,ND,quiet,2.4e-05,2802,50,501+,0.02,9.1e-05,2903,49,501+,0.02,0.008843,0.009651,0,0,0,,1.0,2022-23
2026-05-18,2026-05-25,18131,Pulaski County,Indiana,IN,quiet,2.4e-05,2803,69,501+,0.02,0.000239,2473,62,501+,0.05,0.008835,0.025493,0,0,0,,,
2026-05-18,2026-05-25,28069,Kemper County,Mississippi,MS,quiet,2.4e-05,2804,72,501+,0.02,0.000388,2117,27,501+,0.08,0.008821,0.041294,0,0,0,,,
2026-05-18,2026-05-25,28007,Attala County,Mississippi,MS,quiet,2.4e-05,2805,73,501+,0.02,0.000127,2793,76,501+,0.02,0.008816,0.013501,0,0,0,,,
2026-05-18,2026-05-25,39071,Highland County,Ohio,OH,quiet,2.4e-05,2806,73,501+,0.02,0.000167,2681,70,501+,0.03,0.008808,0.017775,0,0,0,,,
2026-05-18,2026-05-25,18029,Dearborn County,Indiana,IN,quiet,2.4e-05,2807,70,501+,0.02,8.9e-05,2910,77,501+,0.02,0.008792,0.009423,0,0,0,,,
2026-05-18,2026-05-25,13317,Wilkes County,Georgia,GA,quiet,2.4e-05,2808,142,501+,0.02,0.000137,2765,145,501+,0.03,0.008784,0.014557,0,0,0,,,
2026-05-18,2026-05-25,13165,Jenkins County,Georgia,GA,quiet,2.4e-05,2809,143,501+,0.02,8.5e-05,2923,156,501+,0.02,0.008773,0.008953,0,0,0,,,
2026-05-18,2026-05-25,13105,Elbert County,Georgia,GA,quiet,2.4e-05,2810,144,501+,0.02,0.000291,2336,104,501+,0.06,0.00877,0.031087,0,0,0,,,
2026-05-18,2026-05-25,19185,Wayne County,Iowa,IA,quiet,2.4e-05,2811,81,501+,0.02,0.000138,2761,75,501+,0.03,0.008705,0.014658,0,0,0,,0.8313253,2023-24
2026-05-18,2026-05-25,21155,Marion County,Kentucky,KY,quiet,2.4e-05,2812,67,501+,0.02,0.000205,2560,57,501+,0.04,0.008701,0.02184,0,0,0,,0.971,2022-23
2026-05-18,2026-05-25,18031,Decatur County,Indiana,IN,quiet,2.4e-05,2813,71,501+,0.02,0.000269,2381,58,501+,0.05,0.008679,0.028744,0,0,0,,,
2026-05-18,2026-05-25,28161,Yalobusha County,Mississippi,MS,quiet,2.4e-05,2814,74,501+,0.02,0.000149,2739,72,501+,0.03,0.008669,0.015852,0,0,0,,,
2026-05-18,2026-05-25,47013,Campbell County,Tennessee,TN,quiet,2.4e-05,2815,81,501+,0.02,8.9e-05,2911,90,501+,0.02,0.008663,0.009355,0,0,0,,0.964,2023-24
2026-05-18,2026-05-25,18171,Warren County,Indiana,IN,quiet,2.4e-05,2816,72,501+,0.02,0.000105,2846,71,501+,0.02,0.008652,0.011095,0,0,0,,,
2026-05-18,2026-05-25,01085,Lowndes County,Alabama,AL,quiet,2.3e-05,2817,60,501+,0.02,0.000364,2177,37,501+,0.07,0.008623,0.03874,0,0,0,,0.9265,2022-23
2026-05-18,2026-05-25,19019,Buchanan County,Iowa,IA,quiet,2.3e-05,2818,82,501+,0.02,9.6e-05,2872,81,501+,0.02,0.008614,0.010158,0,0,0,,0.84013605,2023-24
2026-05-18,2026-05-25,36099,Seneca County,New York,NY,quiet,2.3e-05,2819,61,501+,0.02,0.000208,2548,56,501+,0.04,0.008609,0.022207,0,0,0,,0.99881356,2022-23
2026-05-18,2026-05-25,08079,Mineral County,Colorado,CO,quiet,2.3e-05,2820,58,501+,0.02,6.2e-05,2998,61,501+,0.01,0.008576,0.006523,0,0,0,,1.0,2023-24
2026-05-18,2026-05-25,45009,Bamberg County,South Carolina,SC,quiet,2.3e-05,2821,45,501+,0.02,0.000752,1581,33,501+,0.15,0.008541,0.078431,0,0,0,,0.985,2023-24
2026-05-18,2026-05-25,21051,Clay County,Kentucky,KY,quiet,2.3e-05,2822,68,501+,0.02,0.000132,2779,67,501+,0.03,0.008529,0.014032,0,0,0,,0.833,2022-23
2026-05-18,2026-05-25,21001,Adair County,Kentucky,KY,quiet,2.3e-05,2823,69,501+,0.02,0.000177,2657,60,501+,0.03,0.008513,0.018865,0,0,0,,0.913,2022-23
2026-05-18,2026-05-25,13033,Burke County,Georgia,GA,quiet,2.3e-05,2824,145,501+,0.02,0.000202,2572,127,501+,0.04,0.008509,0.021546,0,0,0,,,
2026-05-18,2026-05-25,32009,Esmeralda County,Nevada,NV,quiet,2.3e-05,2825,17,501+,0.02,7.3e-05,2959,17,501+,0.01,0.008505,0.007704,0,0,0,,0.83,2022-23
2026-05-18,2026-05-25,48253,Jones County,Texas,TX,quiet,2.3e-05,2826,248,501+,0.02,0.000266,2388,238,501+,0.05,0.008494,0.028426,0,0,0,,0.95698925,2023-24
2026-05-18,2026-05-25,05065,Izard County,Arkansas,AR,quiet,2.3e-05,2827,62,501+,0.02,0.000207,2551,58,501+,0.04,0.008492,0.022132,0,0,0,,,
2026-05-18,2026-05-25,05003,Ashley County,Arkansas,AR,quiet,2.3e-05,2828,63,501+,0.02,0.000186,2628,62,501+,0.04,0.008478,0.019799,0,0,0,,,
2026-05-18,2026-05-25,30045,Judith Basin County,Montana,MT,quiet,2.3e-05,2829,50,501+,0.02,0.000123,2803,50,501+,0.02,0.008478,0.013076,0,0,0,,,
2026-05-18,2026-05-25,28003,Alcorn County,Mississippi,MS,quiet,2.3e-05,2830,75,501+,0.02,0.000376,2152,29,501+,0.07,0.008469,0.040005,0,0,0,,,
2026-05-18,2026-05-25,40001,Adair County,Oklahoma,OK,quiet,2.3e-05,2831,73,501+,0.02,0.000299,2319,67,501+,0.06,0.008466,0.031921,0,0,0,,0.9097,2023-24
2026-05-18,2026-05-25,22035,East Carroll Parish,Louisiana,LA,quiet,2.3e-05,2832,64,501+,0.02,0.000122,2806,61,501+,0.02,0.00846,0.012977,0,0,0,,0.906,2021-22
2026-05-18,2026-05-25,51690,Martinsville City,Virginia,VA,quiet,2.3e-05,2833,122,501+,0.02,7.3e-05,2960,125,501+,0.01,0.008453,0.007673,0,0,0,,0.922,2023-24
2026-05-18,2026-05-25,29207,Stoddard County,Missouri,MO,quiet,2.3e-05,2834,99,501+,0.02,0.000191,2617,92,501+,0.04,0.008446,0.020358,0,0,0,,0.952,2023-24
2026-05-18,2026-05-25,29073,Gasconade County,Missouri,MO,quiet,2.3e-05,2835,100,501+,0.02,9.3e-05,2898,111,501+,0.02,0.008444,0.009783,0,0,0,,0.939,2023-24
2026-05-18,2026-05-25,28143,Tunica County,Mississippi,MS,quiet,2.3e-05,2836,76,501+,0.02,9.5e-05,2879,79,501+,0.02,0.008443,0.010033,0,0,0,,,
2026-05-18,2026-05-25,29081,Harrison County,Missouri,MO,quiet,2.3e-05,2837,101,501+,0.02,0.000164,2691,98,501+,0.03,0.008429,0.017522,0,0,0,,0.901,2023-24
2026-05-18,2026-05-25,21129,Lee County,Kentucky,KY,quiet,2.3e-05,2838,70,501+,0.02,9.3e-05,2896,75,501+,0.02,0.008377,0.009838,0,0,0,,0.897,2022-23
2026-05-18,2026-05-25,35033,Mora County,New Mexico,NM,quiet,2.3e-05,2839,33,501+,0.02,9.4e-05,2890,33,501+,0.02,0.008321,0.00992,0,0,0,,,
2026-05-18,2026-05-25,51185,Tazewell County,Virginia,VA,quiet,2.3e-05,2840,123,501+,0.02,9.4e-05,2886,121,501+,0.02,0.008283,0.009964,0,0,0,,0.636,2023-24
2026-05-18,2026-05-25,40133,Seminole County,Oklahoma,OK,quiet,2.3e-05,2841,74,501+,0.02,0.000219,2514,72,501+,0.04,0.008272,0.023421,0,0,0,,0.854,2023-24
2026-05-18,2026-05-25,01063,Greene County,Alabama,AL,quiet,2.2e-05,2842,61,501+,0.02,0.000144,2749,63,501+,0.03,0.008253,0.015269,0,0,0,,0.7949,2022-23
2026-05-18,2026-05-25,29017,Bollinger County,Missouri,MO,quiet,2.2e-05,2843,102,501+,0.02,0.00044,2003,67,501+,0.09,0.008238,0.046765,0,0,0,,0.914,2023-24
2026-05-18,2026-05-25,13281,Towns County,Georgia,GA,quiet,2.2e-05,2844,146,501+,0.01,0.000173,2668,134,501+,0.03,0.008225,0.018455,0,0,0,,,
2026-05-18,2026-05-25,55001,Adams County,Wisconsin,WI,quiet,2.2e-05,2845,68,501+,0.01,0.000133,2773,66,501+,0.03,0.008225,0.014185,0,0,0,,0.664,2023-24
2026-05-18,2026-05-25,28021,Claiborne County,Mississippi,MS,quiet,2.2e-05,2846,77,501+,0.01,0.000157,2717,70,501+,0.03,0.00821,0.016664,0,0,0,,,
2026-05-18,2026-05-25,54089,Summers County,West Virginia,WV,quiet,2.2e-05,2847,27,501+,0.01,8.6e-05,2920,28,501+,0.02,0.0082,0.009023,0,0,0,,,
2026-05-18,2026-05-25,19135,Monroe County,Iowa,IA,quiet,2.2e-05,2848,83,501+,0.01,0.000137,2764,76,501+,0.03,0.008171,0.014582,0,0,0,,0.9125,2023-24
2026-05-18,2026-05-25,17109,McDonough County,Illinois,IL,quiet,2.2e-05,2849,80,501+,0.01,0.000197,2594,66,501+,0.04,0.008164,0.02103,0,0,0,,,
2026-05-18,2026-05-25,18137,Ripley County,Indiana,IN,quiet,2.2e-05,2850,73,501+,0.01,9.5e-05,2877,74,501+,0.02,0.008145,0.01004,0,0,0,,,
2026-05-18,2026-05-25,40009,Beckham County,Oklahoma,OK,quiet,2.2e-05,2851,75,501+,0.01,0.00021,2543,74,501+,0.04,0.008144,0.022418,0,0,0,,0.9192,2023-24
2026-05-18,2026-05-25,48443,Terrell County,Texas,TX,quiet,2.2e-05,2852,249,501+,0.01,6.8e-05,2979,253,501+,0.01,0.008113,0.00718,0,0,0,,1.0,2023-24
2026-05-18,2026-05-25,18079,Jennings County,Indiana,IN,quiet,2.2e-05,2853,74,501+,0.01,8.3e-05,2931,78,501+,0.02,0.008096,0.008705,0,0,0,,,
2026-05-18,2026-05-25,51191,Washington County,Virginia,VA,quiet,2.2e-05,2854,124,501+,0.01,0.00011,2835,114,501+,0.02,0.008079,0.01167,0,0,0,,0.895,2023-24
2026-05-18,2026-05-25,48271,Kinney County,Texas,TX,quiet,2.2e-05,2855,250,501+,0.01,0.000149,2738,249,501+,0.03,0.008062,0.015866,0,0,0,,0.97435897,2023-24
2026-05-18,2026-05-25,42057,Fulton County,Pennsylvania,PA,quiet,2.2e-05,2856,64,501+,0.01,5.4e-05,3029,67,501+,0.01,0.008039,0.005601,0,0,0,,0.88198758,2023-24
2026-05-18,2026-05-25,37187,Washington County,North Carolina,NC,quiet,2.2e-05,2857,98,501+,0.01,0.000148,2744,98,501+,0.03,0.00803,0.015706,0,0,0,,0.99130435,2022-23
2026-05-18,2026-05-25,18119,Owen County,Indiana,IN,quiet,2.2e-05,2858,75,501+,0.01,7.6e-05,2952,82,501+,0.01,0.007995,0.007954,0,0,0,,,
2026-05-18,2026-05-25,51147,Prince Edward County,Virginia,VA,quiet,2.2e-05,2859,125,501+,0.01,7.1e-05,2969,126,501+,0.01,0.007978,0.007466,0,0,0,,0.856,2023-24
2026-05-18,2026-05-25,18117,Orange County,Indiana,IN,quiet,2.2e-05,2860,76,501+,0.01,0.000118,2818,68,501+,0.02,0.007916,0.012484,0,0,0,,,
2026-05-18,2026-05-25,08095,Phillips County,Colorado,CO,quiet,2.2e-05,2861,59,501+,0.01,0.000312,2278,53,501+,0.06,0.007912,0.033303,0,0,0,,0.7679,2023-24
2026-05-18,2026-05-25,21149,McLean County,Kentucky,KY,quiet,2.2e-05,2862,71,501+,0.01,6.7e-05,2985,85,501+,0.01,0.007903,0.007042,0,0,0,,0.974,2022-23
2026-05-18,2026-05-25,01013,Butler County,Alabama,AL,quiet,2.1e-05,2863,62,501+,0.01,0.000211,2537,53,501+,0.04,0.007901,0.022568,0,0,0,,0.9357,2022-23
2026-05-18,2026-05-25,05107,Phillips County,Arkansas,AR,quiet,2.1e-05,2864,64,501+,0.01,0.000118,2817,72,501+,0.02,0.007894,0.012564,0,0,0,,,
2026-05-18,2026-05-25,26007,Alpena County,Michigan,MI,quiet,2.1e-05,2865,79,501+,0.01,4.8e-05,3048,79,501+,0.01,0.007869,0.004971,0,0,0,,0.9079,2023-24
2026-05-18,2026-05-25,21157,Marshall County,Kentucky,KY,quiet,2.1e-05,2866,72,501+,0.01,9.6e-05,2874,72,501+,0.02,0.007869,0.010098,0,0,0,,0.869,2022-23
2026-05-18,2026-05-25,19085,Harrison County,Iowa,IA,quiet,2.1e-05,2867,84,501+,0.01,0.000157,2716,74,501+,0.03,0.007854,0.016674,0,0,0,,0.91891892,2023-24
2026-05-18,2026-05-25,42047,Elk County,Pennsylvania,PA,quiet,2.1e-05,2868,65,501+,0.01,0.000103,2849,60,501+,0.02,0.007851,0.01087,0,0,0,,0.95604396,2023-24
2026-05-18,2026-05-25,05057,Hempstead County,Arkansas,AR,quiet,2.1e-05,2869,65,501+,0.01,0.000215,2527,56,501+,0.04,0.007848,0.022979,0,0,0,,,
2026-05-18,2026-05-25,19003,Adams County,Iowa,IA,quiet,2.1e-05,2870,85,501+,0.01,8.7e-05,2917,83,501+,0.02,0.007819,0.009134,0,0,0,,1.0,2023-24
2026-05-18,2026-05-25,18045,Fountain County,Indiana,IN,quiet,2.1e-05,2871,77,501+,0.01,9.1e-05,2904,76,501+,0.02,0.007817,0.009643,0,0,0,,,
2026-05-18,2026-05-25,17101,Lawrence County,Illinois,IL,quiet,2.1e-05,2872,81,501+,0.01,0.000214,2531,65,501+,0.04,0.007814,0.022825,0,0,0,,,
2026-05-18,2026-05-25,28103,Noxubee County,Mississippi,MS,quiet,2.1e-05,2873,78,501+,0.01,0.000138,2762,73,501+,0.03,0.007798,0.014654,0,0,0,,,
2026-05-18,2026-05-25,21053,Clinton County,Kentucky,KY,quiet,2.1e-05,2874,73,501+,0.01,8.5e-05,2927,80,501+,0.02,0.007776,0.00893,0,0,0,,0.797,2022-23
2026-05-18,2026-05-25,54007,Braxton County,West Virginia,WV,quiet,2.1e-05,2875,28,501+,0.01,0.000127,2791,23,501+,0.02,0.007683,0.013531,0,0,0,,,
2026-05-18,2026-05-25,13191,McIntosh County,Georgia,GA,quiet,2.1e-05,2876,147,501+,0.01,7.7e-05,2947,157,501+,0.02,0.007663,0.008143,0,0,0,,,
2026-05-18,2026-05-25,42113,Sullivan County,Pennsylvania,PA,quiet,2.1e-05,2877,66,501+,0.01,9.4e-05,2885,62,501+,0.02,0.00766,0.009965,0,0,0,,1.0,2023-24
2026-05-18,2026-05-25,05123,St. Francis County,Arkansas,AR,quiet,2.1e-05,2878,66,501+,0.01,0.000225,2499,53,501+,0.04,0.007646,0.02405,0,0,0,,,
2026-05-18,2026-05-25,47171,Unicoi County,Tennessee,TN,quiet,2.1e-05,2879,82,501+,0.01,0.000302,2310,59,501+,0.06,0.007641,0.032242,0,0,0,,0.964,2023-24
2026-05-18,2026-05-25,13195,Madison County,Georgia,GA,quiet,2.1e-05,2880,148,501+,0.01,0.000334,2232,93,501+,0.07,0.007637,0.035569,0,0,0,,,
2026-05-18,2026-05-25,01091,Marengo County,Alabama,AL,quiet,2.1e-05,2881,63,501+,0.01,0.000135,2771,64,501+,0.03,0.007634,0.014309,0,0,0,,0.9018,2022-23
2026-05-18,2026-05-25,29103,Knox County,Missouri,MO,quiet,2.1e-05,2882,103,501+,0.01,0.000111,2833,104,501+,0.02,0.007602,0.011817,0,0,0,,1.0,2023-24
2026-05-18,2026-05-25,39127,Perry County,Ohio,OH,quiet,2.1e-05,2883,74,501+,0.01,0.000245,2444,67,501+,0.05,0.007572,0.026106,0,0,0,,,
2026-05-18,2026-05-25,29147,Nodaway County,Missouri,MO,quiet,2.1e-05,2884,104,501+,0.01,0.000191,2614,91,501+,0.04,0.007556,0.020421,0,0,0,,0.965,2023-24
2026-05-18,2026-05-25,21125,Laurel County,Kentucky,KY,quiet,2.1e-05,2885,74,501+,0.01,0.00022,2513,55,501+,0.04,0.00755,0.023511,0,0,0,,0.932,2022-23
2026-05-18,2026-05-25,05137,Stone County,Arkansas,AR,quiet,2e-05,2886,67,501+,0.01,0.000218,2520,54,501+,0.04,0.007535,0.02329,0,0,0,,,
2026-05-18,2026-05-25,39015,Brown County,Ohio,OH,quiet,2e-05,2887,75,501+,0.01,0.000204,2564,69,501+,0.04,0.007533,0.021809,0,0,0,,,
2026-05-18,2026-05-25,13205,Mitchell County,Georgia,GA,quiet,2e-05,2888,149,501+,0.01,0.000216,2525,121,501+,0.04,0.007526,0.023011,0,0,0,,,
2026-05-18,2026-05-25,40033,Cotton County,Oklahoma,OK,quiet,2e-05,2889,76,501+,0.01,0.000173,2667,76,501+,0.03,0.007524,0.018477,0,0,0,,0.8906,2023-24
2026-05-18,2026-05-25,47069,Hardeman County,Tennessee,TN,quiet,2e-05,2890,83,501+,0.01,0.000165,2689,80,501+,0.03,0.00751,0.017574,0,0,0,,0.971,2023-24
2026-05-18,2026-05-25,12037,Franklin County,Florida,FL,quiet,2e-05,2891,67,501+,0.01,0.000145,2746,67,501+,0.03,0.007491,0.015422,0,0,0,,0.842,2022-23
2026-05-18,2026-05-25,13287,Turner County,Georgia,GA,quiet,2e-05,2892,150,501+,0.01,0.000127,2792,148,501+,0.02,0.007486,0.013504,0,0,0,,,
2026-05-18,2026-05-25,21189,Owsley County,Kentucky,KY,quiet,2e-05,2893,75,501+,0.01,0.000106,2842,70,501+,0.02,0.007458,0.011197,0,0,0,,0.981,2022-23
2026-05-18,2026-05-25,28117,Prentiss County,Mississippi,MS,quiet,2e-05,2894,79,501+,0.01,0.000176,2659,63,501+,0.03,0.007452,0.018792,0,0,0,,,
2026-05-18,2026-05-25,38029,Emmons County,North Dakota,ND,quiet,2e-05,2895,51,501+,0.01,8.1e-05,2935,50,501+,0.02,0.007451,0.008543,0,0,0,,0.8846,2023-24
2026-05-18,2026-05-25,05075,Lawrence County,Arkansas,AR,quiet,2e-05,2896,68,501+,0.01,0.000123,2805,71,501+,0.02,0.007435,0.013024,0,0,0,,,
2026-05-18,2026-05-25,29087,Holt County,Missouri,MO,quiet,2e-05,2897,105,501+,0.01,0.0001,2861,108,501+,0.02,0.007421,0.010566,0,0,0,,0.939,2023-24
2026-05-18,2026-05-25,48025,Bee County,Texas,TX,quiet,2e-05,2898,251,501+,0.01,0.000271,2376,237,501+,0.05,0.00741,0.028937,0,0,0,,0.9752322,2023-24
2026-05-18,2026-05-25,17131,Mercer County,Illinois,IL,quiet,2e-05,2899,82,501+,0.01,6.8e-05,2980,85,501+,0.01,0.007401,0.007175,0,0,0,,,
2026-05-18,2026-05-25,19191,Winneshiek County,Iowa,IA,quiet,2e-05,2900,86,501+,0.01,7.3e-05,2958,88,501+,0.01,0.007379,0.007718,0,0,0,,0.91625616,2023-24
2026-05-18,2026-05-25,18013,Brown County,Indiana,IN,quiet,2e-05,2901,78,501+,0.01,6.8e-05,2981,86,501+,0.01,0.007354,0.007138,0,0,0,,,
2026-05-18,2026-05-25,54095,Tyler County,West Virginia,WV,quiet,2e-05,2902,29,501+,0.01,3.5e-05,3074,46,501+,0.01,0.007346,0.003627,0,0,0,,,
2026-05-18,2026-05-25,05149,Yell County,Arkansas,AR,quiet,2e-05,2903,69,501+,0.01,0.00015,2737,68,501+,0.03,0.007335,0.015917,0,0,0,,,
2026-05-18,2026-05-25,21169,Metcalfe County,Kentucky,KY,quiet,2e-05,2904,76,501+,0.01,6.5e-05,2992,86,501+,0.01,0.007305,0.006781,0,0,0,,0.946,2022-23
2026-05-18,2026-05-25,29033,Carroll County,Missouri,MO,quiet,2e-05,2905,106,501+,0.01,0.000128,2790,101,501+,0.03,0.007304,0.013623,0,0,0,,0.976,2023-24
2026-05-18,2026-05-25,21099,Hart County,Kentucky,KY,quiet,2e-05,2906,77,501+,0.01,0.000171,2671,61,501+,0.03,0.007302,0.01827,0,0,0,,0.914,2022-23
2026-05-18,2026-05-25,48045,Briscoe County,Texas,TX,quiet,2e-05,2907,252,501+,0.01,7.8e-05,2946,252,501+,0.02,0.007295,0.008188,0,0,0,,0.8,2023-24
2026-05-18,2026-05-25,54013,Calhoun County,West Virginia,WV,quiet,2e-05,2908,30,501+,0.01,8e-05,2940,30,501+,0.02,0.007279,0.008441,0,0,0,,,
2026-05-18,2026-05-25,17191,Wayne County,Illinois,IL,quiet,2e-05,2909,83,501+,0.01,5.3e-05,3032,92,501+,0.01,0.007268,0.005578,0,0,0,,,
2026-05-18,2026-05-25,18129,Posey County,Indiana,IN,quiet,2e-05,2910,79,501+,0.01,9.5e-05,2875,73,501+,0.02,0.007263,0.010091,0,0,0,,,
2026-05-18,2026-05-25,29075,Gentry County,Missouri,MO,quiet,2e-05,2911,107,501+,0.01,9.4e-05,2884,109,501+,0.02,0.007251,0.009974,0,0,0,,0.975,2023-24
2026-05-18,2026-05-25,21207,Russell County,Kentucky,KY,quiet,2e-05,2912,78,501+,0.01,9.5e-05,2876,73,501+,0.02,0.007224,0.010051,0,0,0,,0.992,2022-23
2026-05-18,2026-05-25,08057,Jackson County,Colorado,CO,quiet,2e-05,2913,60,501+,0.01,0.000107,2836,59,501+,0.02,0.007224,0.011335,0,0,0,,0.8889,2023-24
2026-05-18,2026-05-25,01059,Franklin County,Alabama,AL,quiet,2e-05,2914,64,501+,0.01,0.000167,2680,60,501+,0.03,0.007209,0.017783,0,0,0,,0.9616,2022-23
2026-05-18,2026-05-25,28101,Newton County,Mississippi,MS,quiet,2e-05,2915,80,501+,0.01,0.000294,2331,39,501+,0.06,0.007195,0.031364,0,0,0,,,
2026-05-18,2026-05-25,21079,Garrard County,Kentucky,KY,quiet,1.9e-05,2916,79,501+,0.01,0.000204,2566,58,501+,0.04,0.007118,0.021735,0,0,0,,0.678,2022-23
2026-05-18,2026-05-25,05071,Johnson County,Arkansas,AR,quiet,1.9e-05,2917,70,501+,0.01,0.000253,2427,49,501+,0.05,0.007102,0.026961,0,0,0,,,
2026-05-18,2026-05-25,05067,Jackson County,Arkansas,AR,quiet,1.9e-05,2918,71,501+,0.01,0.000101,2855,73,501+,0.02,0.007076,0.010722,0,0,0,,,
2026-05-18,2026-05-25,55119,Taylor County,Wisconsin,WI,quiet,1.9e-05,2919,69,501+,0.01,8.8e-05,2913,68,501+,0.02,0.007018,0.00927,0,0,0,,0.685,2023-24
2026-05-18,2026-05-25,29173,Ralls County,Missouri,MO,quiet,1.9e-05,2920,108,501+,0.01,0.000114,2827,103,501+,0.02,0.00701,0.012041,0,0,0,,1.0,2023-24
2026-05-18,2026-05-25,31081,Hamilton County,Nebraska,NE,quiet,1.9e-05,2921,81,501+,0.01,0.000143,2750,75,501+,0.03,0.007008,0.015223,0,0,0,,,
2026-05-18,2026-05-25,54017,Doddridge County,West Virginia,WV,quiet,1.9e-05,2922,31,501+,0.01,6.1e-05,3001,38,501+,0.01,0.00699,0.006431,0,0,0,,,
2026-05-18,2026-05-25,29085,Hickory County,Missouri,MO,quiet,1.9e-05,2923,109,501+,0.01,0.000101,2854,107,501+,0.02,0.006989,0.010724,0,0,0,,0.888,2023-24
2026-05-18,2026-05-25,18125,Pike County,Indiana,IN,quiet,1.9e-05,2924,80,501+,0.01,7e-05,2974,85,501+,0.01,0.006962,0.007342,0,0,0,,,
2026-05-18,2026-05-25,21091,Hancock County,Kentucky,KY,quiet,1.9e-05,2925,80,501+,0.01,5.7e-05,3017,89,501+,0.01,0.006908,0.005923,0,0,0,,0.953,2022-23
2026-05-18,2026-05-25,20063,Gove County,Kansas,KS,quiet,1.9e-05,2926,103,501+,0.01,8e-05,2942,102,501+,0.02,0.006892,0.008394,0,0,0,,0.72,2023-24
2026-05-18,2026-05-25,19039,Clarke County,Iowa,IA,quiet,1.9e-05,2927,87,501+,0.01,0.000135,2769,77,501+,0.03,0.006878,0.014329,0,0,0,,0.90909091,2023-24
2026-05-18,2026-05-25,47029,Cocke County,Tennessee,TN,quiet,1.9e-05,2928,84,501+,0.01,0.000205,2561,72,501+,0.04,0.006854,0.02182,0,0,0,,0.982,2023-24
2026-05-18,2026-05-25,54025,Greenbrier County,West Virginia,WV,quiet,1.8e-05,2929,32,501+,0.01,0.00012,2813,26,501+,0.02,0.006811,0.012781,0,0,0,,,
2026-05-18,2026-05-25,40039,Custer County,Oklahoma,OK,quiet,1.8e-05,2930,77,501+,0.01,0.000187,2624,75,501+,0.04,0.006801,0.019974,0,0,0,,0.9075,2023-24
2026-05-18,2026-05-25,18165,Vermillion County,Indiana,IN,quiet,1.8e-05,2931,81,501+,0.01,5.3e-05,3034,89,501+,0.01,0.006797,0.005526,0,0,0,,,
2026-05-18,2026-05-25,01053,Escambia County,Alabama,AL,quiet,1.8e-05,2932,65,501+,0.01,0.000242,2461,49,501+,0.05,0.006792,0.025789,0,0,0,,0.9695,2022-23
2026-05-18,2026-05-25,47049,Fentress County,Tennessee,TN,quiet,1.8e-05,2933,85,501+,0.01,5.3e-05,3033,91,501+,0.01,0.006785,0.005542,0,0,0,,0.898,2023-24
2026-05-18,2026-05-25,13081,Crisp County,Georgia,GA,quiet,1.8e-05,2934,151,501+,0.01,0.000163,2698,138,501+,0.03,0.006778,0.017368,0,0,0,,,
2026-05-18,2026-05-25,05021,Clay County,Arkansas,AR,quiet,1.8e-05,2935,72,501+,0.01,2.4e-05,3119,75,501+,0.0,0.006773,0.002512,0,0,0,,,
2026-05-18,2026-05-25,13291,Union County,Georgia,GA,quiet,1.8e-05,2936,152,501+,0.01,0.000153,2728,143,501+,0.03,0.006747,0.016245,0,0,0,,,
2026-05-18,2026-05-25,17047,Edwards County,Illinois,IL,quiet,1.8e-05,2937,84,501+,0.01,4.5e-05,3053,98,501+,0.01,0.006728,0.00471,0,0,0,,,
2026-05-18,2026-05-25,05027,Columbia County,Arkansas,AR,quiet,1.8e-05,2938,73,501+,0.01,0.000165,2688,66,501+,0.03,0.006714,0.017615,0,0,0,,,
2026-05-18,2026-05-25,29003,Andrew County,Missouri,MO,quiet,1.8e-05,2939,110,501+,0.01,0.000207,2554,89,501+,0.04,0.006701,0.022056,0,0,0,,0.962,2023-24
2026-05-18,2026-05-25,46045,Edmunds County,South Dakota,SD,quiet,1.8e-05,2940,61,501+,0.01,0.000101,2856,60,501+,0.02,0.006663,0.01067,0,0,0,,0.72,2023-24
2026-05-18,2026-05-25,51071,Giles County,Virginia,VA,quiet,1.8e-05,2941,126,501+,0.01,5.9e-05,3007,127,501+,0.01,0.00666,0.006211,0,0,0,,0.924,2023-24
2026-05-18,2026-05-25,30107,Wheatland County,Montana,MT,quiet,1.8e-05,2942,51,501+,0.01,7.2e-05,2964,53,501+,0.01,0.006656,0.007603,0,0,0,,,
2026-05-18,2026-05-25,13087,Decatur County,Georgia,GA,quiet,1.8e-05,2943,153,501+,0.01,0.000166,2686,136,501+,0.03,0.006653,0.017653,0,0,0,,,
2026-05-18,2026-05-25,21171,Monroe County,Kentucky,KY,quiet,1.8e-05,2944,81,501+,0.01,8.4e-05,2930,81,501+,0.02,0.006635,0.008845,0,0,0,,0.921,2022-23
2026-05-18,2026-05-25,54063,Monroe County,West Virginia,WV,quiet,1.8e-05,2945,33,501+,0.01,5.6e-05,3021,39,501+,0.01,0.006626,0.005849,0,0,0,,,
2026-05-18,2026-05-25,39135,Preble County,Ohio,OH,quiet,1.8e-05,2946,76,501+,0.01,0.000117,2819,74,501+,0.02,0.006618,0.012395,0,0,0,,,
2026-05-18,2026-05-25,30069,Petroleum County,Montana,MT,quiet,1.8e-05,2947,52,501+,0.01,6.8e-05,2983,54,501+,0.01,0.006613,0.007114,0,0,0,,,
2026-05-18,2026-05-25,54009,Brooke County,West Virginia,WV,quiet,1.8e-05,2948,34,501+,0.01,0.000156,2720,21,501+,0.03,0.006612,0.016558,0,0,0,,,
2026-05-18,2026-05-25,21177,Muhlenberg County,Kentucky,KY,quiet,1.8e-05,2949,82,501+,0.01,9.1e-05,2906,77,501+,0.02,0.006599,0.009607,0,0,0,,0.915,2022-23
2026-05-18,2026-05-25,21237,Wolfe County,Kentucky,KY,quiet,1.8e-05,2950,83,501+,0.01,7.2e-05,2966,84,501+,0.01,0.006568,0.007553,0,0,0,,0.941,2022-23
2026-05-18,2026-05-25,13095,Dougherty County,Georgia,GA,quiet,1.8e-05,2951,154,501+,0.01,0.000254,2418,110,501+,0.05,0.006563,0.027152,0,0,0,,,
2026-05-18,2026-05-25,19119,Lyon County,Iowa,IA,quiet,1.8e-05,2952,88,501+,0.01,8.2e-05,2933,84,501+,0.02,0.006559,0.008672,0,0,0,,0.89595376,2023-24
2026-05-18,2026-05-25,54023,Grant County,West Virginia,WV,quiet,1.8e-05,2953,35,501+,0.01,5.5e-05,3023,40,501+,0.01,0.006549,0.005769,0,0,0,,,
2026-05-18,2026-05-25,21087,Green County,Kentucky,KY,quiet,1.8e-05,2954,84,501+,0.01,9.3e-05,2897,76,501+,0.02,0.006512,0.009817,0,0,0,,0.977,2022-23
2026-05-18,2026-05-25,29141,Morgan County,Missouri,MO,quiet,1.8e-05,2955,111,501+,0.01,0.000251,2431,83,501+,0.05,0.00648,0.026796,0,0,0,,0.902,2023-24
2026-05-18,2026-05-25,18161,Union County,Indiana,IN,quiet,1.8e-05,2956,82,501+,0.01,5.5e-05,3022,88,501+,0.01,0.006472,0.005787,0,0,0,,,
2026-05-18,2026-05-25,42053,Forest County,Pennsylvania,PA,quiet,1.8e-05,2957,67,501+,0.01,9.9e-05,2866,61,501+,0.02,0.006449,0.010421,0,0,0,,1.0,2023-24
2026-05-18,2026-05-25,19011,Benton County,Iowa,IA,quiet,1.7e-05,2958,89,501+,0.01,5.9e-05,3008,93,501+,0.01,0.006361,0.006186,0,0,0,,0.88501742,2023-24
2026-05-18,2026-05-25,18055,Greene County,Indiana,IN,quiet,1.7e-05,2959,83,501+,0.01,7.6e-05,2951,81,501+,0.01,0.006354,0.00797,0,0,0,,,
2026-05-18,2026-05-25,20157,Republic County,Kansas,KS,quiet,1.7e-05,2960,104,501+,0.01,7.5e-05,2956,103,501+,0.01,0.006352,0.007885,0,0,0,,0.95,2023-24
2026-05-18,2026-05-25,37137,Pamlico County,North Carolina,NC,quiet,1.7e-05,2961,99,501+,0.01,0.000119,2815,100,501+,0.02,0.006328,0.012634,0,0,0,,0.89041096,2022-23
2026-05-18,2026-05-25,39121,Noble County,Ohio,OH,quiet,1.7e-05,2962,77,501+,0.01,8.5e-05,2925,79,501+,0.02,0.006315,0.008946,0,0,0,,,
2026-05-18,2026-05-25,39019,Carroll County,Ohio,OH,quiet,1.7e-05,2963,78,501+,0.01,9.4e-05,2894,77,501+,0.02,0.006308,0.009892,0,0,0,,,
2026-05-18,2026-05-25,13265,Taliaferro County,Georgia,GA,quiet,1.7e-05,2964,155,501+,0.01,5.5e-05,3024,158,501+,0.01,0.006297,0.005763,0,0,0,,,
2026-05-18,2026-05-25,47017,Carroll County,Tennessee,TN,quiet,1.7e-05,2965,86,501+,0.01,0.000173,2669,78,501+,0.03,0.006266,0.018399,0,0,0,,0.973,2023-24
2026-05-18,2026-05-25,45033,Dillon County,South Carolina,SC,quiet,1.7e-05,2966,46,501+,0.01,0.000188,2621,43,501+,0.04,0.006263,0.020068,0,0,0,,0.986,2023-24
2026-05-18,2026-05-25,31003,Antelope County,Nebraska,NE,quiet,1.7e-05,2967,82,501+,0.01,6.9e-05,2977,84,501+,0.01,0.006262,0.007215,0,0,0,,,
2026-05-18,2026-05-25,18121,Parke County,Indiana,IN,quiet,1.7e-05,2968,84,501+,0.01,0.000113,2831,70,501+,0.02,0.006251,0.011956,0,0,0,,,
2026-05-18,2026-05-25,19029,Cass County,Iowa,IA,quiet,1.7e-05,2969,90,501+,0.01,4.1e-05,3058,98,501+,0.01,0.006234,0.004251,0,0,0,,0.81521739,2023-24
2026-05-18,2026-05-25,21199,Pulaski County,Kentucky,KY,quiet,1.7e-05,2970,85,501+,0.01,9.5e-05,2880,74,501+,0.02,0.006174,0.010025,0,0,0,,0.968,2022-23
2026-05-18,2026-05-25,05037,Cross County,Arkansas,AR,quiet,1.7e-05,2971,74,501+,0.01,0.000148,2743,69,501+,0.03,0.006161,0.015738,0,0,0,,,
2026-05-18,2026-05-25,01105,Perry County,Alabama,AL,quiet,1.7e-05,2972,66,501+,0.01,0.000133,2777,65,501+,0.03,0.006148,0.014081,0,0,0,,0.8718,2022-23
2026-05-18,2026-05-25,17171,Scott County,Illinois,IL,quiet,1.6e-05,2973,85,501+,0.01,8.2e-05,2932,80,501+,0.02,0.00608,0.008696,0,0,0,,,
2026-05-18,2026-05-25,19043,Clayton County,Iowa,IA,quiet,1.6e-05,2974,91,501+,0.01,5.1e-05,3038,94,501+,0.01,0.00606,0.005367,0,0,0,,0.8722467,2023-24
2026-05-18,2026-05-25,28107,Panola County,Mississippi,MS,quiet,1.6e-05,2975,81,501+,0.01,0.000107,2839,78,501+,0.02,0.006041,0.011297,0,0,0,,,
2026-05-18,2026-05-25,18101,Martin County,Indiana,IN,quiet,1.6e-05,2976,85,501+,0.01,7.3e-05,2962,84,501+,0.01,0.006039,0.007654,0,0,0,,,
2026-05-18,2026-05-25,46089,McPherson County,South Dakota,SD,quiet,1.6e-05,2977,62,501+,0.01,6.3e-05,2995,64,501+,0.01,0.006032,0.006651,0,0,0,,0.83,2023-24
2026-05-18,2026-05-25,05111,Poinsett County,Arkansas,AR,quiet,1.6e-05,2978,75,501+,0.01,0.000152,2730,67,501+,0.03,0.006031,0.016192,0,0,0,,,
2026-05-18,2026-05-25,17159,Richland County,Illinois,IL,quiet,1.6e-05,2979,86,501+,0.01,5.1e-05,3037,93,501+,0.01,0.006005,0.005376,0,0,0,,,
2026-05-18,2026-05-25,47073,Hawkins County,Tennessee,TN,quiet,1.6e-05,2980,87,501+,0.01,0.000125,2798,85,501+,0.02,0.005967,0.013299,0,0,0,,0.951,2023-24
2026-05-18,2026-05-25,13075,Cook County,Georgia,GA,quiet,1.6e-05,2981,156,501+,0.01,0.000236,2479,116,501+,0.05,0.005937,0.025192,0,0,0,,,
2026-05-18,2026-05-25,47087,Jackson County,Tennessee,TN,quiet,1.6e-05,2982,88,501+,0.01,0.000122,2807,86,501+,0.02,0.005922,0.012953,0,0,0,,0.914,2023-24
2026-05-18,2026-05-25,46125,Turner County,South Dakota,SD,quiet,1.6e-05,2983,63,501+,0.01,6.4e-05,2994,63,501+,0.01,0.005918,0.006705,0,0,0,,0.89,2023-24
2026-05-18,2026-05-25,08025,Crowley County,Colorado,CO,quiet,1.6e-05,2984,61,501+,0.01,0.000136,2768,58,501+,0.03,0.005906,0.014402,0,0,0,,0.9048,2023-24
2026-05-18,2026-05-25,48155,Foard County,Texas,TX,quiet,1.6e-05,2985,253,501+,0.01,8.4e-05,2929,251,501+,0.02,0.005861,0.008853,0,0,0,,0.66666667,2023-24
2026-05-18,2026-05-25,51167,Russell County,Virginia,VA,quiet,1.6e-05,2986,127,501+,0.01,5.5e-05,3025,128,501+,0.01,0.005858,0.005759,0,0,0,,0.973,2023-24
2026-05-18,2026-05-25,29209,Stone County,Missouri,MO,quiet,1.6e-05,2987,112,501+,0.01,0.000167,2682,97,501+,0.03,0.005835,0.017758,0,0,0,,0.804,2023-24
2026-05-18,2026-05-25,31071,Garfield County,Nebraska,NE,quiet,1.6e-05,2988,83,501+,0.01,3.7e-05,3071,89,501+,0.01,0.005788,0.003817,0,0,0,,,
2026-05-18,2026-05-25,54103,Wetzel County,West Virginia,WV,quiet,1.6e-05,2989,36,501+,0.01,7.2e-05,2963,32,501+,0.01,0.005769,0.007625,0,0,0,,,
2026-05-18,2026-05-25,54005,Boone County,West Virginia,WV,quiet,1.6e-05,2990,37,501+,0.01,3.2e-05,3090,48,501+,0.01,0.005764,0.003341,0,0,0,,,
2026-05-18,2026-05-25,31077,Greeley County,Nebraska,NE,quiet,1.6e-05,2991,84,501+,0.01,7.9e-05,2943,82,501+,0.02,0.005757,0.008332,0,0,0,,,
2026-05-18,2026-05-25,30033,Garfield County,Montana,MT,quiet,1.6e-05,2992,53,501+,0.01,8.1e-05,2937,52,501+,0.02,0.005727,0.008492,0,0,0,,,
2026-05-18,2026-05-25,18047,Franklin County,Indiana,IN,quiet,1.5e-05,2993,86,501+,0.01,7.7e-05,2948,80,501+,0.01,0.005715,0.00806,0,0,0,,,
2026-05-18,2026-05-25,19089,Howard County,Iowa,IA,quiet,1.5e-05,2994,92,501+,0.01,7.5e-05,2954,87,501+,0.01,0.005652,0.007905,0,0,0,,0.90322581,2023-24
2026-05-18,2026-05-25,39031,Coshocton County,Ohio,OH,quiet,1.5e-05,2995,79,501+,0.01,7.2e-05,2968,80,501+,0.01,0.005633,0.00753,0,0,0,,,
2026-05-18,2026-05-25,31011,Boone County,Nebraska,NE,quiet,1.5e-05,2996,85,501+,0.01,8.6e-05,2918,81,501+,0.02,0.005626,0.009117,0,0,0,,,
2026-05-18,2026-05-25,17147,Piatt County,Illinois,IL,quiet,1.5e-05,2997,87,501+,0.01,5.6e-05,3020,90,501+,0.01,0.005618,0.005858,0,0,0,,,
2026-05-18,2026-05-25,46021,Campbell County,South Dakota,SD,quiet,1.5e-05,2998,64,501+,0.01,5.7e-05,3014,65,501+,0.01,0.00558,0.006013,0,0,0,,0.83,2023-24
2026-05-18,2026-05-25,38087,Slope County,North Dakota,ND,quiet,1.5e-05,2999,52,501+,0.01,2.1e-05,3123,52,501+,0.0,0.005578,0.002175,0,0,0,,1.0,2021-22
2026-05-18,2026-05-25,26141,Presque Isle County,Michigan,MI,quiet,1.5e-05,3000,80,501+,0.01,3.7e-05,3069,80,501+,0.01,0.005564,0.00386,0,0,0,,0.9211,2023-24
2026-05-18,2026-05-25,17023,Clark County,Illinois,IL,quiet,1.5e-05,3001,88,501+,0.01,6.4e-05,2993,88,501+,0.01,0.005557,0.006755,0,0,0,,,
2026-05-18,2026-05-25,20033,Comanche County,Kansas,KS,quiet,1.5e-05,3002,105,501+,0.01,2.5e-05,3117,105,501+,0.0,0.005546,0.002596,0,0,0,,1.0,2023-24
2026-05-18,2026-05-25,54015,Clay County,West Virginia,WV,quiet,1.5e-05,3003,38,501+,0.01,4.7e-05,3050,44,501+,0.01,0.005545,0.00495,0,0,0,,,
2026-05-18,2026-05-25,47007,Bledsoe County,Tennessee,TN,quiet,1.5e-05,3004,89,501+,0.01,0.000189,2619,75,501+,0.04,0.005526,0.020179,0,0,0,,0.976,2023-24
2026-05-18,2026-05-25,31159,Seward County,Nebraska,NE,quiet,1.5e-05,3005,86,501+,0.01,0.000157,2714,74,501+,0.03,0.005523,0.016723,0,0,0,,,
2026-05-18,2026-05-25,47025,Claiborne County,Tennessee,TN,quiet,1.5e-05,3006,90,501+,0.01,0.000103,2851,87,501+,0.02,0.005512,0.010852,0,0,0,,0.921,2023-24
2026-05-18,2026-05-25,17129,Menard County,Illinois,IL,quiet,1.5e-05,3007,89,501+,0.01,4.6e-05,3051,97,501+,0.01,0.005502,0.004843,0,0,0,,,
2026-05-18,2026-05-25,21061,Edmonson County,Kentucky,KY,quiet,1.5e-05,3008,86,501+,0.01,3.5e-05,3079,101,501+,0.01,0.005383,0.003605,0,0,0,,0.944,2022-23
2026-05-18,2026-05-25,17055,Franklin County,Illinois,IL,quiet,1.4e-05,3009,90,501+,0.01,0.000184,2635,68,501+,0.04,0.005344,0.019657,0,0,0,,,
2026-05-18,2026-05-25,21011,Bath County,Kentucky,KY,quiet,1.4e-05,3010,87,501+,0.01,3.8e-05,3068,98,501+,0.01,0.005343,0.003913,0,0,0,,0.926,2022-23
2026-05-18,2026-05-25,21045,Casey County,Kentucky,KY,quiet,1.4e-05,3011,88,501+,0.01,5.4e-05,3030,90,501+,0.01,0.005342,0.005597,0,0,0,,0.864,2022-23
2026-05-18,2026-05-25,19001,Adair County,Iowa,IA,quiet,1.4e-05,3012,93,501+,0.01,6e-05,3003,91,501+,0.01,0.005304,0.006329,0,0,0,,0.8245614,2023-24
2026-05-18,2026-05-25,54101,Webster County,West Virginia,WV,quiet,1.4e-05,3013,39,501+,0.01,8.5e-05,2921,29,501+,0.02,0.005304,0.009001,0,0,0,,,
2026-05-18,2026-05-25,18175,Washington County,Indiana,IN,quiet,1.4e-05,3014,87,501+,0.01,8.1e-05,2936,79,501+,0.02,0.005252,0.008514,0,0,0,,,
2026-05-18,2026-05-25,21013,Bell County,Kentucky,KY,quiet,1.4e-05,3015,89,501+,0.01,9e-05,2907,78,501+,0.02,0.005219,0.009548,0,0,0,,0.857,2022-23
2026-05-18,2026-05-25,39175,Wyandot County,Ohio,OH,quiet,1.4e-05,3016,80,501+,0.01,5.7e-05,3016,84,501+,0.01,0.005203,0.005925,0,0,0,,,
2026-05-18,2026-05-25,18041,Fayette County,Indiana,IN,quiet,1.4e-05,3017,88,501+,0.01,0.000104,2848,72,501+,0.02,0.005194,0.01106,0,0,0,,,
2026-05-18,2026-05-25,33007,Coos County,New Hampshire,NH,quiet,1.4e-05,3018,10,501+,0.01,3.5e-05,3073,10,501+,0.01,0.005169,0.003642,0,0,0,,,
2026-05-18,2026-05-25,21063,Elliott County,Kentucky,KY,quiet,1.4e-05,3019,90,501+,0.01,4e-05,3062,96,501+,0.01,0.005142,0.004109,0,0,0,,0.867,2022-23
2026-05-18,2026-05-25,31069,Garden County,Nebraska,NE,quiet,1.4e-05,3020,87,501+,0.01,6.3e-05,2996,85,501+,0.01,0.005132,0.006645,0,0,0,,,
2026-05-18,2026-05-25,37039,Cherokee County,North Carolina,NC,quiet,1.4e-05,3021,100,501+,0.01,0.000141,2754,99,501+,0.03,0.00512,0.01496,0,0,0,,0.87083333,2022-23
2026-05-18,2026-05-25,19117,Lucas County,Iowa,IA,quiet,1.4e-05,3022,94,501+,0.01,4.3e-05,3057,97,501+,0.01,0.005117,0.004477,0,0,0,,0.89108911,2023-24
2026-05-18,2026-05-25,17059,Gallatin County,Illinois,IL,quiet,1.4e-05,3023,91,501+,0.01,5.1e-05,3039,94,501+,0.01,0.005101,0.005364,0,0,0,,,
2026-05-18,2026-05-25,17149,Pike County,Illinois,IL,quiet,1.4e-05,3024,92,501+,0.01,7.5e-05,2955,82,501+,0.01,0.005095,0.007892,0,0,0,,,
2026-05-18,2026-05-25,13293,Upson County,Georgia,GA,quiet,1.4e-05,3025,157,501+,0.01,9.2e-05,2901,155,501+,0.02,0.005093,0.009673,0,0,0,,,
2026-05-18,2026-05-25,31103,Keya Paha County,Nebraska,NE,quiet,1.4e-05,3026,88,501+,0.01,5.8e-05,3010,87,501+,0.01,0.005057,0.006091,0,0,0,,,
2026-05-18,2026-05-25,46049,Faulk County,South Dakota,SD,quiet,1.4e-05,3027,65,501+,0.01,3.5e-05,3077,66,501+,0.01,0.005047,0.003612,0,0,0,,0.56,2023-24
2026-05-18,2026-05-25,17025,Clay County,Illinois,IL,quiet,1.4e-05,3028,93,501+,0.01,5.4e-05,3031,91,501+,0.01,0.005036,0.005595,0,0,0,,,
2026-05-18,2026-05-25,08111,San Juan County,Colorado,CO,quiet,1.3e-05,3029,62,501+,0.01,3.9e-05,3064,62,501+,0.01,0.004982,0.004087,0,0,0,,1.0,2023-24
2026-05-18,2026-05-25,29115,Linn County,Missouri,MO,quiet,1.3e-05,3030,113,501+,0.01,4.6e-05,3052,113,501+,0.01,0.004977,0.00474,0,0,0,,0.931,2023-24
2026-05-18,2026-05-25,19023,Butler County,Iowa,IA,quiet,1.3e-05,3031,95,501+,0.01,5.9e-05,3005,92,501+,0.01,0.004975,0.006227,0,0,0,,0.94202899,2023-24
2026-05-18,2026-05-25,54109,Wyoming County,West Virginia,WV,quiet,1.3e-05,3032,40,501+,0.01,3.9e-05,3065,45,501+,0.01,0.004969,0.004082,0,0,0,,,
2026-05-18,2026-05-25,47173,Union County,Tennessee,TN,quiet,1.3e-05,3033,91,501+,0.01,5.2e-05,3035,92,501+,0.01,0.004951,0.005461,0,0,0,,0.863,2023-24
2026-05-18,2026-05-25,54047,McDowell County,West Virginia,WV,quiet,1.3e-05,3034,41,501+,0.01,8.8e-05,2914,27,501+,0.02,0.004927,0.009249,0,0,0,,,
2026-05-18,2026-05-25,51195,Wise County,Virginia,VA,quiet,1.3e-05,3035,128,501+,0.01,0.00014,2755,109,501+,0.03,0.004923,0.014909,0,0,0,,0.874,2023-24
2026-05-18,2026-05-25,39033,Crawford County,Ohio,OH,quiet,1.3e-05,3036,81,501+,0.01,0.00016,2707,71,501+,0.03,0.004923,0.016985,0,0,0,,,
2026-05-18,2026-05-25,47133,Overton County,Tennessee,TN,quiet,1.3e-05,3037,92,501+,0.01,2.9e-05,3103,93,501+,0.01,0.004922,0.003006,0,0,0,,0.974,2023-24
2026-05-18,2026-05-25,46119,Sully County,South Dakota,SD,quiet,1.3e-05,3038,66,501+,0.01,8.7e-05,2916,61,501+,0.02,0.004919,0.009173,0,0,0,,1.0,2023-24
2026-05-18,2026-05-25,28025,Clay County,Mississippi,MS,quiet,1.3e-05,3039,82,501+,0.01,8.2e-05,2934,82,501+,0.02,0.004888,0.008618,0,0,0,,,
2026-05-18,2026-05-25,36049,Lewis County,New York,NY,quiet,1.3e-05,3040,62,501+,0.01,5.7e-05,3015,62,501+,0.01,0.004858,0.005969,0,0,0,,0.81322727,2022-23
2026-05-18,2026-05-25,51173,Smyth County,Virginia,VA,quiet,1.3e-05,3041,129,501+,0.01,9.6e-05,2871,119,501+,0.02,0.004791,0.010167,0,0,0,,0.977,2023-24
2026-05-18,2026-05-25,17079,Jasper County,Illinois,IL,quiet,1.3e-05,3042,94,501+,0.01,7.1e-05,2970,83,501+,0.01,0.00472,0.007454,0,0,0,,,
2026-05-18,2026-05-25,21109,Jackson County,Kentucky,KY,quiet,1.3e-05,3043,91,501+,0.01,3.3e-05,3088,106,501+,0.01,0.004707,0.00336,0,0,0,,0.985,2022-23
2026-05-18,2026-05-25,19037,Chickasaw County,Iowa,IA,quiet,1.3e-05,3044,96,501+,0.01,6.6e-05,2990,90,501+,0.01,0.004666,0.006912,0,0,0,,0.88888889,2023-24
2026-05-18,2026-05-25,18075,Jay County,Indiana,IN,quiet,1.3e-05,3045,89,501+,0.01,6.2e-05,2999,87,501+,0.01,0.004641,0.00652,0,0,0,,,
2026-05-18,2026-05-25,38083,Sheridan County,North Dakota,ND,quiet,1.3e-05,3046,53,501+,0.01,2.1e-05,3124,53,501+,0.0,0.004631,0.002162,0,0,0,,0.75,2023-24
2026-05-18,2026-05-25,17061,Greene County,Illinois,IL,quiet,1.2e-05,3047,95,501+,0.01,3.5e-05,3076,99,501+,0.01,0.004603,0.003616,0,0,0,,,
2026-05-18,2026-05-25,19131,Mitchell County,Iowa,IA,quiet,1.2e-05,3048,97,501+,0.01,5e-05,3044,96,501+,0.01,0.004591,0.005241,0,0,0,,0.89430894,2023-24
2026-05-18,2026-05-25,55011,Buffalo County,Wisconsin,WI,quiet,1.2e-05,3049,70,501+,0.01,5.6e-05,3019,70,501+,0.01,0.004566,0.005884,0,0,0,,0.734,2023-24
2026-05-18,2026-05-25,17045,Edgar County,Illinois,IL,quiet,1.2e-05,3050,96,501+,0.01,7.1e-05,2971,84,501+,0.01,0.004546,0.007421,0,0,0,,,
2026-05-18,2026-05-25,31149,Rock County,Nebraska,NE,quiet,1.2e-05,3051,89,501+,0.01,2.7e-05,3113,91,501+,0.01,0.004508,0.002754,0,0,0,,,
2026-05-18,2026-05-25,21165,Menifee County,Kentucky,KY,quiet,1.2e-05,3052,92,501+,0.01,2.9e-05,3105,111,501+,0.01,0.004466,0.002979,0,0,0,,0.986,2022-23
2026-05-18,2026-05-25,21133,Letcher County,Kentucky,KY,quiet,1.2e-05,3053,93,501+,0.01,2.7e-05,3112,117,501+,0.01,0.004414,0.002813,0,0,0,,0.893,2022-23
2026-05-18,2026-05-25,55091,Pepin County,Wisconsin,WI,quiet,1.2e-05,3054,71,501+,0.01,5.1e-05,3040,71,501+,0.01,0.004406,0.005349,0,0,0,,0.665,2023-24
2026-05-18,2026-05-25,31139,Pierce County,Nebraska,NE,quiet,1.2e-05,3055,90,501+,0.01,3.2e-05,3092,90,501+,0.01,0.004396,0.003293,0,0,0,,,
2026-05-18,2026-05-25,21193,Perry County,Kentucky,KY,quiet,1.2e-05,3056,94,501+,0.01,3.4e-05,3083,103,501+,0.01,0.004386,0.003523,0,0,0,,0.743,2022-23
2026-05-18,2026-05-25,21071,Floyd County,Kentucky,KY,quiet,1.2e-05,3057,95,501+,0.01,4.1e-05,3060,95,501+,0.01,0.004365,0.00422,0,0,0,,0.946,2022-23
2026-05-18,2026-05-25,51720,Norton City,Virginia,VA,quiet,1.2e-05,3058,130,501+,0.01,3.4e-05,3081,130,501+,0.01,0.004342,0.003544,0,0,0,,1.0,2022-23
2026-05-18,2026-05-25,08061,Kiowa County,Colorado,CO,quiet,1.2e-05,3059,63,501+,0.01,3.4e-05,3084,63,501+,0.01,0.004288,0.003509,0,0,0,,1.0,2023-24
2026-05-18,2026-05-25,51027,Buchanan County,Virginia,VA,quiet,1.2e-05,3060,131,501+,0.01,1.6e-05,3131,132,501+,0.0,0.004287,0.001671,0,0,0,,0.982,2023-24
2026-05-18,2026-05-25,19121,Madison County,Iowa,IA,quiet,1.2e-05,3061,98,501+,0.01,3.2e-05,3091,99,501+,0.01,0.004272,0.003299,0,0,0,,0.89795918,2023-24
2026-05-18,2026-05-25,17035,Cumberland County,Illinois,IL,quiet,1.2e-05,3062,97,501+,0.01,8e-05,2938,81,501+,0.02,0.004262,0.008463,0,0,0,,,
2026-05-18,2026-05-25,30059,Meagher County,Montana,MT,quiet,1.1e-05,3063,54,501+,0.01,0.000138,2760,49,501+,0.03,0.00425,0.014665,0,0,0,,,
2026-05-18,2026-05-25,21187,Owen County,Kentucky,KY,quiet,1.1e-05,3064,96,501+,0.01,3.9e-05,3066,97,501+,0.01,0.004208,0.004009,0,0,0,,0.993,2022-23
2026-05-18,2026-05-25,39073,Hocking County,Ohio,OH,quiet,1.1e-05,3065,82,501+,0.01,8.5e-05,2924,78,501+,0.02,0.004153,0.00895,0,0,0,,,
2026-05-18,2026-05-25,54105,Wirt County,West Virginia,WV,quiet,1.1e-05,3066,42,501+,0.01,2.6e-05,3114,53,501+,0.01,0.004142,0.002695,0,0,0,,,
2026-05-18,2026-05-25,01107,Pickens County,Alabama,AL,quiet,1.1e-05,3067,67,501+,0.01,9.4e-05,2892,67,501+,0.02,0.004134,0.009904,0,0,0,,0.9085,2022-23
2026-05-18,2026-05-25,55051,Iron County,Wisconsin,WI,quiet,1.1e-05,3068,72,501+,0.01,3.5e-05,3078,72,501+,0.01,0.004096,0.003605,0,0,0,,0.63,2023-24
2026-05-18,2026-05-25,21003,Allen County,Kentucky,KY,quiet,1.1e-05,3069,97,501+,0.01,5.8e-05,3012,88,501+,0.01,0.004094,0.006056,0,0,0,,0.951,2022-23
2026-05-18,2026-05-25,21235,Whitley County,Kentucky,KY,quiet,1.1e-05,3070,98,501+,0.01,3e-05,3098,110,501+,0.01,0.004078,0.003141,0,0,0,,0.493,2022-23
2026-05-18,2026-05-25,17067,Hancock County,Illinois,IL,quiet,1.1e-05,3071,98,501+,0.01,4.9e-05,3047,96,501+,0.01,0.004072,0.00512,0,0,0,,,
2026-05-18,2026-05-25,21205,Rowan County,Kentucky,KY,quiet,1.1e-05,3072,99,501+,0.01,5e-05,3043,92,501+,0.01,0.004021,0.005243,0,0,0,,0.831,2022-23
2026-05-18,2026-05-25,13141,Hancock County,Georgia,GA,quiet,1.1e-05,3073,158,501+,0.01,9.4e-05,2889,154,501+,0.02,0.004013,0.009943,0,0,0,,,
2026-05-18,2026-05-25,51169,Scott County,Virginia,VA,quiet,1.1e-05,3074,132,501+,0.01,3.2e-05,3089,131,501+,0.01,0.00399,0.003353,0,0,0,,0.908,2023-24
2026-05-18,2026-05-25,17039,De Witt County,Illinois,IL,quiet,1.1e-05,3075,99,501+,0.01,5e-05,3042,95,501+,0.01,0.003966,0.005261,0,0,0,,,
2026-05-18,2026-05-25,26083,Keweenaw County,Michigan,MI,quiet,1.1e-05,3076,81,501+,0.01,1.3e-05,3135,82,501+,0.0,0.00396,0.001338,0,0,0,,,
2026-05-18,2026-05-25,18025,Crawford County,Indiana,IN,quiet,1.1e-05,3077,90,501+,0.01,3.2e-05,3094,91,501+,0.01,0.003952,0.003256,0,0,0,,,
2026-05-18,2026-05-25,31009,Blaine County,Nebraska,NE,quiet,1.1e-05,3078,91,501+,0.01,2.1e-05,3122,92,501+,0.0,0.003932,0.002191,0,0,0,,,
2026-05-18,2026-05-25,19107,Keokuk County,Iowa,IA,quiet,1.1e-05,3079,99,501+,0.01,5.1e-05,3041,95,501+,0.01,0.003921,0.005272,0,0,0,,0.79545455,2023-24
2026-05-18,2026-05-25,47057,Grainger County,Tennessee,TN,quiet,1.1e-05,3080,93,501+,0.01,0.0001,2859,88,501+,0.02,0.003891,0.010608,0,0,0,,0.987,2023-24
2026-05-18,2026-05-25,30103,Treasure County,Montana,MT,quiet,1e-05,3081,55,501+,0.01,3.8e-05,3067,55,501+,0.01,0.003848,0.00399,0,0,0,,,
2026-05-18,2026-05-25,54085,Ritchie County,West Virginia,WV,quiet,1e-05,3082,43,501+,0.01,3e-05,3099,50,501+,0.01,0.003806,0.003088,0,0,0,,,
2026-05-18,2026-05-25,21153,Magoffin County,Kentucky,KY,quiet,1e-05,3083,100,501+,0.01,3.3e-05,3087,105,501+,0.01,0.003794,0.003456,0,0,0,,0.834,2022-23
2026-05-18,2026-05-25,29205,Shelby County,Missouri,MO,quiet,1e-05,3084,114,501+,0.01,3.5e-05,3080,114,501+,0.01,0.003787,0.00358,0,0,0,,0.982,2023-24
2026-05-18,2026-05-25,54051,Marshall County,West Virginia,WV,quiet,1e-05,3085,44,501+,0.01,5.5e-05,3026,41,501+,0.01,0.003705,0.005726,0,0,0,,,
2026-05-18,2026-05-25,21089,Greenup County,Kentucky,KY,quiet,1e-05,3086,101,501+,0.01,7.2e-05,2965,83,501+,0.01,0.003701,0.007591,0,0,0,,0.926,2022-23
2026-05-18,2026-05-25,54067,Nicholas County,West Virginia,WV,quiet,1e-05,3087,45,501+,0.01,6.2e-05,3000,37,501+,0.01,0.003697,0.006481,0,0,0,,,
2026-05-18,2026-05-25,21203,Rockcastle County,Kentucky,KY,quiet,1e-05,3088,102,501+,0.01,2.8e-05,3108,113,501+,0.01,0.003612,0.00291,0,0,0,,0.9,2022-23
2026-05-18,2026-05-25,54075,Pocahontas County,West Virginia,WV,quiet,1e-05,3089,46,501+,0.01,3.4e-05,3086,47,501+,0.01,0.003582,0.00348,0,0,0,,,
2026-05-18,2026-05-25,21231,Wayne County,Kentucky,KY,quiet,9e-06,3090,103,501+,0.01,0.0001,2858,71,501+,0.02,0.003513,0.010619,0,0,0,,0.978,2022-23
2026-05-18,2026-05-25,54099,Wayne County,West Virginia,WV,quiet,9e-06,3091,47,501+,0.01,7.4e-05,2957,31,501+,0.01,0.003502,0.007741,0,0,0,,,
2026-05-18,2026-05-25,21065,Estill County,Kentucky,KY,quiet,9e-06,3092,104,501+,0.01,3.4e-05,3082,102,501+,0.01,0.003498,0.003536,0,0,0,,0.952,2022-23
2026-05-18,2026-05-25,21119,Knott County,Kentucky,KY,quiet,9e-06,3093,105,501+,0.01,3.6e-05,3072,99,501+,0.01,0.00349,0.003774,0,0,0,,0.687,2022-23
2026-05-18,2026-05-25,18139,Rush County,Indiana,IN,quiet,9e-06,3094,91,501+,0.01,3.7e-05,3070,90,501+,0.01,0.003463,0.003859,0,0,0,,,
2026-05-18,2026-05-25,21195,Pike County,Kentucky,KY,quiet,9e-06,3095,106,501+,0.01,5e-05,3045,93,501+,0.01,0.003389,0.005188,0,0,0,,0.981,2022-23
2026-05-18,2026-05-25,21085,Grayson County,Kentucky,KY,quiet,9e-06,3096,107,501+,0.01,3.5e-05,3075,100,501+,0.01,0.003359,0.003625,0,0,0,,0.983,2022-23
2026-05-18,2026-05-25,21127,Lawrence County,Kentucky,KY,quiet,9e-06,3097,108,501+,0.01,2.8e-05,3107,112,501+,0.01,0.003354,0.002927,0,0,0,,0.932,2022-23
2026-05-18,2026-05-25,39079,Jackson County,Ohio,OH,quiet,9e-06,3098,83,501+,0.01,6e-05,3004,82,501+,0.01,0.003313,0.006233,0,0,0,,,
2026-05-18,2026-05-25,17065,Hamilton County,Illinois,IL,quiet,9e-06,3099,100,501+,0.01,2.9e-05,3106,102,501+,0.01,0.003304,0.002948,0,0,0,,,
2026-05-18,2026-05-25,21023,Bracken County,Kentucky,KY,quiet,9e-06,3100,109,501+,0.01,4.3e-05,3056,94,501+,0.01,0.003301,0.004524,0,0,0,,0.878,2022-23
2026-05-18,2026-05-25,54059,Mingo County,West Virginia,WV,quiet,9e-06,3101,48,501+,0.01,4.8e-05,3049,43,501+,0.01,0.00323,0.00496,0,0,0,,,
2026-05-18,2026-05-25,47151,Scott County,Tennessee,TN,quiet,9e-06,3102,94,501+,0.01,1.9e-05,3126,94,501+,0.0,0.003203,0.001944,0,0,0,,0.961,2023-24
2026-05-18,2026-05-25,26119,Montmorency County,Michigan,MI,quiet,9e-06,3103,82,501+,0.01,1.8e-05,3128,81,501+,0.0,0.003166,0.001842,0,0,0,,0.8364,2023-24
2026-05-18,2026-05-25,54097,Upshur County,West Virginia,WV,quiet,8e-06,3104,49,501+,0.01,6.6e-05,2988,35,501+,0.01,0.003092,0.00697,0,0,0,,,
2026-05-18,2026-05-25,21025,Breathitt County,Kentucky,KY,quiet,8e-06,3105,110,501+,0.01,5.2e-05,3036,91,501+,0.01,0.003089,0.005419,0,0,0,,0.896,2022-23
2026-05-18,2026-05-25,21201,Robertson County,Kentucky,KY,quiet,8e-06,3106,111,501+,0.01,2.4e-05,3120,119,501+,0.0,0.003083,0.002473,0,0,0,,0.917,2022-23
2026-05-18,2026-05-25,21197,Powell County,Kentucky,KY,quiet,8e-06,3107,112,501+,0.01,5.8e-05,3011,87,501+,0.01,0.003035,0.006061,0,0,0,,0.981,2022-23
2026-05-18,2026-05-25,54043,Lincoln County,West Virginia,WV,quiet,8e-06,3108,50,501+,0.01,2.6e-05,3116,54,501+,0.01,0.003032,0.002641,0,0,0,,,
2026-05-18,2026-05-25,54091,Taylor County,West Virginia,WV,quiet,8e-06,3109,51,501+,0.01,3.1e-05,3097,49,501+,0.01,0.003009,0.003203,0,0,0,,,
2026-05-18,2026-05-25,17069,Hardin County,Illinois,IL,quiet,8e-06,3110,101,501+,0.01,2.9e-05,3102,101,501+,0.01,0.002993,0.003024,0,0,0,,,
2026-05-18,2026-05-25,21181,Nicholas County,Kentucky,KY,quiet,8e-06,3111,113,501+,0.01,1.9e-05,3127,120,501+,0.0,0.00299,0.001926,0,0,0,,0.98,2022-23
2026-05-18,2026-05-25,51051,Dickenson County,Virginia,VA,quiet,8e-06,3112,133,501+,0.01,1.3e-05,3134,133,501+,0.0,0.002973,0.00135,0,0,0,,0.991,2023-24
2026-05-18,2026-05-25,31057,Dundy County,Nebraska,NE,quiet,8e-06,3113,92,501+,0.01,1.7e-05,3130,93,501+,0.0,0.002937,0.001779,0,0,0,,,
2026-05-18,2026-05-25,21135,Lewis County,Kentucky,KY,quiet,8e-06,3114,114,501+,0.01,2.8e-05,3110,115,501+,0.01,0.002921,0.002892,0,0,0,,0.969,2022-23
2026-05-18,2026-05-25,21115,Johnson County,Kentucky,KY,quiet,8e-06,3115,115,501+,0.01,3.1e-05,3095,108,501+,0.01,0.002833,0.003248,0,0,0,,0.943,2022-23
2026-05-18,2026-05-25,39111,Monroe County,Ohio,OH,quiet,8e-06,3116,84,501+,0.01,5.5e-05,3028,85,501+,0.01,0.002826,0.005713,0,0,0,,,
2026-05-18,2026-05-25,21069,Fleming County,Kentucky,KY,quiet,7e-06,3117,116,501+,0.0,2.8e-05,3111,116,501+,0.01,0.00277,0.002869,0,0,0,,0.973,2022-23
2026-05-18,2026-05-25,21043,Carter County,Kentucky,KY,quiet,7e-06,3118,117,501+,0.0,3.4e-05,3085,104,501+,0.01,0.002751,0.003496,0,0,0,,0.941,2022-23
2026-05-18,2026-05-25,54045,Logan County,West Virginia,WV,quiet,7e-06,3119,52,501+,0.0,2.9e-05,3104,52,501+,0.01,0.002743,0.002985,0,0,0,,,
2026-05-18,2026-05-25,21139,Livingston County,Kentucky,KY,quiet,7e-06,3120,118,501+,0.0,2.6e-05,3115,118,501+,0.01,0.002736,0.002691,0,0,0,,0.899,2022-23
2026-05-18,2026-05-25,17193,White County,Illinois,IL,quiet,7e-06,3121,102,501+,0.0,3e-05,3101,100,501+,0.01,0.002703,0.003053,0,0,0,,,
2026-05-18,2026-05-25,31027,Cedar County,Nebraska,NE,quiet,7e-06,3122,93,501+,0.0,4.4e-05,3054,88,501+,0.01,0.002685,0.004595,0,0,0,,,
2026-05-18,2026-05-25,21095,Harlan County,Kentucky,KY,quiet,7e-06,3123,119,501+,0.0,2.8e-05,3109,114,501+,0.01,0.002674,0.002898,0,0,0,,0.696,2022-23
2026-05-18,2026-05-25,54035,Jackson County,West Virginia,WV,quiet,7e-06,3124,53,501+,0.0,6.3e-05,2997,36,501+,0.01,0.002589,0.006614,0,0,0,,,
2026-05-18,2026-05-25,39001,Adams County,Ohio,OH,quiet,7e-06,3125,85,501+,0.0,5.8e-05,3013,83,501+,0.01,0.002519,0.00602,0,0,0,,,
2026-05-18,2026-05-25,21121,Knox County,Kentucky,KY,quiet,7e-06,3126,120,501+,0.0,3.2e-05,3093,107,501+,0.01,0.002468,0.003272,0,0,0,,0.804,2022-23
2026-05-18,2026-05-25,39163,Vinton County,Ohio,OH,quiet,7e-06,3127,86,501+,0.0,4.9e-05,3046,86,501+,0.01,0.002431,0.00515,0,0,0,,,
2026-05-18,2026-05-25,54087,Roane County,West Virginia,WV,quiet,6e-06,3128,54,501+,0.0,1.8e-05,3129,55,501+,0.0,0.002382,0.001829,0,0,0,,,
2026-05-18,2026-05-25,47137,Pickett County,Tennessee,TN,quiet,6e-06,3129,95,501+,0.0,1.6e-05,3132,95,501+,0.0,0.002222,0.001611,0,0,0,,1.0,2023-24
2026-05-18,2026-05-25,30051,Liberty County,Montana,MT,quiet,6e-06,3130,56,501+,0.0,2e-05,3125,56,501+,0.0,0.002091,0.001992,0,0,0,,,
2026-05-18,2026-05-25,39105,Meigs County,Ohio,OH,quiet,6e-06,3131,87,501+,0.0,2.4e-05,3121,88,501+,0.0,0.002074,0.002456,0,0,0,,,
2026-05-18,2026-05-25,29227,Worth County,Missouri,MO,quiet,6e-06,3132,115,501+,0.0,1.5e-05,3133,115,501+,0.0,0.002059,0.00151,0,0,0,,1.0,2023-24
2026-05-18,2026-05-25,39131,Pike County,Ohio,OH,quiet,5e-06,3133,88,501+,0.0,4e-05,3061,87,501+,0.01,0.001938,0.004146,0,0,0,,,
2026-05-18,2026-05-25,54053,Mason County,West Virginia,WV,quiet,5e-06,3134,55,501+,0.0,3e-05,3100,51,501+,0.01,0.001838,0.003079,0,0,0,,,
2026-05-18,2026-05-25,18009,Blackford County,Indiana,IN,quiet,5e-06,3135,92,501+,0.0,2.5e-05,3118,92,501+,0.0,0.001792,0.002556,0,0,0,,,
2026-05-18,2026-05-25,04013,Maricopa County,Arizona,AZ,active,,,,,,,,,,,,,1,6,15,0,0.875,2023-24
2026-05-18,2026-05-25,06037,Los Angeles County,California,CA,active,,,,,,,,,,,,,1,1,10,0,0.9706,2023-24
2026-05-18,2026-05-25,08065,Lake County,Colorado,CO,active,,,,,,,,,,,,,5,5,9,0,0.7077,2023-24
2026-05-18,2026-05-25,13121,Fulton County,Georgia,GA,active,,,,,,,,,,,,,3,3,13,0,,
2026-05-18,2026-05-25,26139,Ottawa County,Michigan,MI,active,,,,,,,,,,,,,1,3,4,0,0.9426,2023-24
2026-05-18,2026-05-25,48453,Travis County,Texas,TX,active,,,,,,,,,,,,,1,1,3,0,0.89611787,2023-24
2026-05-18,2026-05-25,49049,Utah County,Utah,UT,active,,,,,,,,,,,,,1,15,110,0,0.952,2022-23
2026-05-18,2026-05-25,49051,Wasatch County,Utah,UT,active,,,,,,,,,,,,,1,2,11,0,0.93,2022-23
2026-05-18,2026-05-25,53071,Walla Walla County,Washington,WA,active,,,,,,,,,,,,,1,6,7,0,0.90851735,2023-24
