forecast_origin_week,target_week_start,fips,county,state,state_abbr,status,prob_case_next_week,national_rank_next_week,state_rank_next_week,tier_next_week,relative_risk_next_week,prob_case_next_4_weeks,national_rank_next_4_weeks,state_rank_next_4_weeks,tier_next_4_weeks,relative_risk_next_4_weeks,model_score_next_week,model_score_next_4_weeks,cases_this_week,cases_last_4_weeks,cumulative_cases_since_2025,weeks_since_last_case,kindergarten_mmr_coverage,mmr_school_year
2026-08-10,2026-08-17,42099,Perry County,Pennsylvania,PA,quiet,0.250328,1,1,Top 50,61.31,0.058599,27,5,Top 50,9.28,0.985988,0.874828,0,4,4,1,0.919,2024-25
2026-08-10,2026-08-17,42077,Lehigh County,Pennsylvania,PA,quiet,0.233198,2,2,Top 50,57.11,0.130844,2,1,Top 50,20.73,0.984356,0.963608,0,2,2,1,0.956,2024-25
2026-08-10,2026-08-17,04021,Pinal County,Arizona,AZ,quiet,0.184491,3,1,Top 50,45.18,0.123532,4,2,Top 50,19.57,0.977863,0.959959,0,1,18,2,0.899,2024-25
2026-08-10,2026-08-17,39157,Tuscarawas County,Ohio,OH,quiet,0.183762,4,1,Top 50,45.0,0.083284,13,1,Top 50,13.2,0.977737,0.925162,0,7,8,1,0.925,2024-25
2026-08-10,2026-08-17,06059,Orange County,California,CA,quiet,0.176021,5,1,Top 50,43.11,0.156164,1,1,Top 50,24.74,0.976329,0.973084,0,2,7,1,0.97842,2024-25
2026-08-10,2026-08-17,48339,Montgomery County,Texas,TX,quiet,0.160391,6,1,Top 50,39.28,0.118872,6,1,Top 50,18.83,0.973035,0.957344,0,4,4,1,0.926693,2024-25
2026-08-10,2026-08-17,48201,Harris County,Texas,TX,quiet,0.156383,7,2,Top 50,38.3,0.096208,10,2,Top 50,15.24,0.972075,0.940118,0,2,12,3,0.909543,2024-25
2026-08-10,2026-08-17,42097,Northumberland County,Pennsylvania,PA,quiet,0.154837,8,3,Top 50,37.92,0.041542,53,7,51–150,6.58,0.971691,0.801926,0,1,7,2,0.932,2024-25
2026-08-10,2026-08-17,06111,Ventura County,California,CA,quiet,0.147955,9,2,Top 50,36.23,0.104172,8,2,Top 50,16.5,0.969874,0.947196,0,1,1,1,0.96377,2024-25
2026-08-10,2026-08-17,42011,Berks County,Pennsylvania,PA,quiet,0.140408,10,4,Top 50,34.39,0.102768,9,2,Top 50,16.28,0.967662,0.946043,0,1,4,3,0.945,2024-25
2026-08-10,2026-08-17,26133,Osceola County,Michigan,MI,quiet,0.134475,11,1,Top 50,32.93,0.054487,34,1,Top 50,8.63,0.965735,0.861527,0,1,8,1,0.888,2024-25
2026-08-10,2026-08-17,39169,Wayne County,Ohio,OH,quiet,0.128442,12,2,Top 50,31.46,0.063096,19,3,Top 50,10.0,0.963581,0.887263,0,2,2,2,0.87,2024-25
2026-08-10,2026-08-17,48375,Potter County,Texas,TX,quiet,0.122732,13,3,Top 50,30.06,0.078282,14,3,Top 50,12.4,0.961335,0.917814,0,1,2,1,0.959596,2024-25
2026-08-10,2026-08-17,42009,Bedford County,Pennsylvania,PA,quiet,0.119095,14,5,Top 50,29.17,0.061102,23,4,Top 50,9.68,0.959785,0.881991,0,1,1,2,0.953,2024-25
2026-08-10,2026-08-17,39155,Trumbull County,Ohio,OH,quiet,0.113166,15,3,Top 50,27.71,0.051252,37,5,Top 50,8.12,0.957032,0.849481,0,2,2,2,0.918,2024-25
2026-08-10,2026-08-17,18121,Parke County,Indiana,IN,quiet,0.110148,16,1,Top 50,26.98,0.061255,22,1,Top 50,9.7,0.95551,0.882408,0,2,2,1,0.9713,2024-25
2026-08-10,2026-08-17,04019,Pima County,Arizona,AZ,quiet,0.108534,17,2,Top 50,26.58,0.123683,3,1,Top 50,19.6,0.95466,0.96004,0,1,4,3,0.935,2024-25
2026-08-10,2026-08-17,49049,Utah County,Utah,UT,quiet,0.101457,18,1,Top 50,24.85,0.121512,5,1,Top 50,19.25,0.950597,0.958855,0,0,116,4,0.881637,2024-25
2026-08-10,2026-08-17,42075,Lebanon County,Pennsylvania,PA,quiet,0.091061,19,6,Top 50,22.3,0.063322,18,3,Top 50,10.03,0.943431,0.887836,0,0,20,8,0.932,2024-25
2026-08-10,2026-08-17,48459,Upshur County,Texas,TX,quiet,0.090817,20,4,Top 50,22.24,0.063671,16,4,Top 50,10.09,0.943242,0.888714,0,1,6,1,0.896907,2024-25
2026-08-10,2026-08-17,48381,Randall County,Texas,TX,quiet,0.084792,21,5,Top 50,20.77,0.054608,33,5,Top 50,8.65,0.938228,0.861947,0,0,4,4,0.92928,2024-25
2026-08-10,2026-08-17,49035,Salt Lake County,Utah,UT,quiet,0.072254,22,2,Top 50,17.7,0.11232,7,2,Top 50,17.8,0.925042,0.953216,0,1,66,3,0.925512,2024-25
2026-08-10,2026-08-17,06037,Los Angeles County,California,CA,quiet,0.071672,23,3,Top 50,17.55,0.09238,12,3,Top 50,14.64,0.924316,0.936196,0,0,12,5,0.97352,2024-25
2026-08-10,2026-08-17,36061,New York County,New York,NY,quiet,0.058703,24,1,Top 50,14.38,0.093326,11,1,Top 50,14.79,0.90441,0.9372,0,0,26,14,0.988831838,2024-25
2026-08-10,2026-08-17,39049,Franklin County,Ohio,OH,quiet,0.058097,25,4,Top 50,14.23,0.066919,15,2,Top 50,10.6,0.903263,0.896412,0,0,14,22,0.896,2024-25
2026-08-10,2026-08-17,06065,Riverside County,California,CA,quiet,0.057053,26,4,Top 50,13.97,0.061484,21,4,Top 50,9.74,0.901234,0.883031,0,0,6,15,0.95327,2024-25
2026-08-10,2026-08-17,39083,Knox County,Ohio,OH,quiet,0.055152,27,5,Top 50,13.51,0.050832,40,6,Top 50,8.05,0.897346,0.847802,0,1,15,3,0.841,2024-25
2026-08-10,2026-08-17,16081,Teton County,Idaho,ID,quiet,0.055151,28,1,Top 50,13.51,0.017137,221,5,151–500,2.72,0.897344,0.506237,0,0,1,5,0.67,2024-25
2026-08-10,2026-08-17,42049,Erie County,Pennsylvania,PA,quiet,0.052328,29,7,Top 50,12.82,0.033116,83,11,51–150,5.25,0.891065,0.739476,0,0,8,66,0.941,2024-25
2026-08-10,2026-08-17,42055,Franklin County,Pennsylvania,PA,quiet,0.050384,30,8,Top 50,12.34,0.024272,151,15,151–500,3.85,0.886346,0.636661,0,0,0,,0.933,2024-25
2026-08-10,2026-08-17,42045,Delaware County,Pennsylvania,PA,quiet,0.049856,31,9,Top 50,12.21,0.042447,51,6,51–150,6.73,0.885002,0.807259,0,0,0,,0.943,2024-25
2026-08-10,2026-08-17,39035,Cuyahoga County,Ohio,OH,quiet,0.048536,32,6,Top 50,11.89,0.059248,24,4,Top 50,9.39,0.881523,0.876747,0,0,5,31,0.864,2024-25
2026-08-10,2026-08-17,10005,Sussex County,Delaware,DE,quiet,0.047086,33,1,Top 50,11.53,0.040255,58,2,51–150,6.38,0.877487,0.793945,0,0,0,,,
2026-08-10,2026-08-17,41005,Clackamas County,Oregon,OR,quiet,0.046534,34,1,Top 50,11.4,0.057334,29,1,Top 50,9.08,0.875887,0.87095,0,0,2,24,0.899,2024-25
2026-08-10,2026-08-17,24005,Baltimore County,Maryland,MD,quiet,0.045211,35,1,Top 50,11.07,0.040268,57,1,51–150,6.38,0.871902,0.794033,0,0,0,,0.9766,2024-25
2026-08-10,2026-08-17,13121,Fulton County,Georgia,GA,quiet,0.044984,36,1,Top 50,11.02,0.063467,17,1,Top 50,10.06,0.871196,0.888202,0,0,13,12,,
2026-08-10,2026-08-17,42017,Bucks County,Pennsylvania,PA,quiet,0.044848,37,10,Top 50,10.98,0.038457,60,9,51–150,6.09,0.87077,0.781962,0,0,1,72,0.943,2024-25
2026-08-10,2026-08-17,12057,Hillsborough County,Florida,FL,quiet,0.044453,38,1,Top 50,10.89,0.062181,20,1,Top 50,9.85,0.86952,0.884888,0,0,3,16,0.86,2024-25
2026-08-10,2026-08-17,42081,Lycoming County,Pennsylvania,PA,quiet,0.044135,39,11,Top 50,10.81,0.016268,239,20,151–500,2.58,0.868496,0.486272,0,0,0,,0.952,2024-25
2026-08-10,2026-08-17,10003,New Castle County,Delaware,DE,quiet,0.043248,40,2,Top 50,10.59,0.052746,36,1,Top 50,8.36,0.86557,0.855233,0,0,0,,,
2026-08-10,2026-08-17,48453,Travis County,Texas,TX,quiet,0.043062,41,6,Top 50,10.55,0.053618,35,6,Top 50,8.5,0.864943,0.85844,0,0,3,12,0.867026,2024-25
2026-08-10,2026-08-17,24510,Baltimore City,Maryland,MD,quiet,0.042955,42,2,Top 50,10.52,0.027806,123,5,51–150,4.41,0.864579,0.683826,0,0,3,16,0.9472,2024-25
2026-08-10,2026-08-17,12011,Broward County,Florida,FL,quiet,0.04239,43,2,Top 50,10.38,0.057851,28,3,Top 50,9.17,0.862631,0.872557,0,0,7,16,0.822,2024-25
2026-08-10,2026-08-17,42101,Philadelphia County,Pennsylvania,PA,quiet,0.038706,44,12,Top 50,9.48,0.041112,55,8,51–150,6.51,0.848646,0.79931,0,0,2,70,0.947,2024-25
2026-08-10,2026-08-17,06071,San Bernardino County,California,CA,quiet,0.037061,45,5,Top 50,9.08,0.045709,47,7,Top 50,7.24,0.841579,0.824786,0,0,0,,0.93729,2024-25
2026-08-10,2026-08-17,17031,Cook County,Illinois,IL,quiet,0.037045,46,1,Top 50,9.07,0.049813,42,1,Top 50,7.89,0.841508,0.843605,0,0,8,45,0.948,2024-25
2026-08-10,2026-08-17,56039,Teton County,Wyoming,WY,quiet,0.037029,47,1,Top 50,9.07,0.043449,49,1,Top 50,6.88,0.841434,0.812918,0,0,5,4,0.95,2022-23
2026-08-10,2026-08-17,49011,Davis County,Utah,UT,quiet,0.036016,48,3,Top 50,8.82,0.047782,46,3,Top 50,7.57,0.836788,0.834699,0,0,15,19,0.922021,2024-25
2026-08-10,2026-08-17,53033,King County,Washington,WA,quiet,0.035639,49,1,Top 50,8.73,0.058772,26,1,Top 50,9.31,0.835,0.875343,0,0,10,18,0.924,2024-25
2026-08-10,2026-08-17,06107,Tulare County,California,CA,quiet,0.035333,50,6,Top 50,8.65,0.032871,86,10,51–150,5.21,0.83352,0.737245,0,0,2,55,0.97501,2024-25
2026-08-10,2026-08-17,06067,Sacramento County,California,CA,quiet,0.035215,51,7,51–150,8.62,0.050913,39,6,Top 50,8.07,0.832946,0.848129,0,0,13,15,0.96313,2024-25
2026-08-10,2026-08-17,34017,Hudson County,New Jersey,NJ,quiet,0.034841,52,1,51–150,8.53,0.042512,50,1,Top 50,6.74,0.831097,0.807634,0,0,3,16,0.937,2024-25
2026-08-10,2026-08-17,06085,Santa Clara County,California,CA,quiet,0.034232,53,8,51–150,8.38,0.032396,90,12,51–150,5.13,0.828008,0.73282,0,0,3,9,0.99021,2024-25
2026-08-10,2026-08-17,32003,Clark County,Nevada,NV,quiet,0.033988,54,1,51–150,8.32,0.047843,45,1,Top 50,7.58,0.82674,0.83498,0,0,1,40,0.906,2024-25
2026-08-10,2026-08-17,12099,Palm Beach County,Florida,FL,quiet,0.03292,55,3,51–150,8.06,0.048603,44,6,Top 50,7.7,0.82101,0.838391,0,0,3,14,0.898,2024-25
2026-08-10,2026-08-17,24015,Cecil County,Maryland,MD,quiet,0.032749,56,3,51–150,8.02,0.026839,128,6,51–150,4.25,0.820061,0.671841,0,0,0,,0.951,2024-25
2026-08-10,2026-08-17,42093,Montour County,Pennsylvania,PA,quiet,0.030932,57,13,51–150,7.58,0.009334,486,40,151–500,1.48,0.809423,0.288336,0,0,0,,0.974,2024-25
2026-08-10,2026-08-17,42095,Northampton County,Pennsylvania,PA,quiet,0.030742,58,14,51–150,7.53,0.038427,61,10,51–150,6.09,0.808247,0.781754,0,0,0,,0.949,2024-25
2026-08-10,2026-08-17,48157,Fort Bend County,Texas,TX,quiet,0.030712,59,7,51–150,7.52,0.037538,63,7,51–150,5.95,0.808062,0.775428,0,0,1,71,0.952298,2024-25
2026-08-10,2026-08-17,06073,San Diego County,California,CA,quiet,0.030527,60,9,51–150,7.48,0.056222,30,5,Top 50,8.91,0.806901,0.867389,0,0,1,52,0.93706,2024-25
2026-08-10,2026-08-17,42035,Clinton County,Pennsylvania,PA,quiet,0.030355,61,15,51–150,7.43,0.013532,308,27,151–500,2.14,0.805813,0.416567,0,0,0,,0.931,2024-25
2026-08-10,2026-08-17,34003,Bergen County,New Jersey,NJ,quiet,0.030329,62,2,51–150,7.43,0.041446,54,2,51–150,6.57,0.80565,0.80135,0,0,4,49,0.949,2024-25
2026-08-10,2026-08-17,24031,Montgomery County,Maryland,MD,quiet,0.03023,63,4,51–150,7.4,0.024535,150,7,51–150,3.89,0.805018,0.640503,0,0,0,,0.9727,2024-25
2026-08-10,2026-08-17,12086,Miami-Dade County,Florida,FL,quiet,0.02918,64,4,51–150,7.15,0.035704,71,9,51–150,5.66,0.798084,0.761475,0,0,2,28,0.91,2024-25
2026-08-10,2026-08-17,48183,Gregg County,Texas,TX,quiet,0.028705,65,8,51–150,7.03,0.012657,336,28,151–500,2.01,0.794806,0.391972,0,0,0,,0.952659,2024-25
2026-08-10,2026-08-17,42091,Montgomery County,Pennsylvania,PA,quiet,0.02717,66,16,51–150,6.65,0.032531,89,12,51–150,5.15,0.783563,0.734092,0,0,4,24,0.953,2024-25
2026-08-10,2026-08-17,12095,Orange County,Florida,FL,quiet,0.026767,67,5,51–150,6.56,0.051016,38,4,Top 50,8.08,0.780431,0.848542,0,0,3,12,0.854,2024-25
2026-08-10,2026-08-17,42089,Monroe County,Pennsylvania,PA,quiet,0.026756,68,17,51–150,6.55,0.029883,107,14,51–150,4.73,0.780348,0.707505,0,0,0,,0.878,2024-25
2026-08-10,2026-08-17,41067,Washington County,Oregon,OR,quiet,0.026118,69,2,51–150,6.4,0.033316,80,3,51–150,5.28,0.775224,0.741286,0,0,0,,0.947,2024-25
2026-08-10,2026-08-17,04025,Yavapai County,Arizona,AZ,quiet,0.026085,70,3,51–150,6.39,0.055803,31,3,Top 50,8.84,0.774948,0.866009,0,0,1,4,0.753,2024-25
2026-08-10,2026-08-17,37119,Mecklenburg County,North Carolina,NC,quiet,0.026063,71,1,51–150,6.38,0.040287,56,1,51–150,6.38,0.774767,0.794153,0,0,3,28,0.92045455,2024-25
2026-08-10,2026-08-17,41051,Multnomah County,Oregon,OR,quiet,0.025723,72,3,51–150,6.3,0.054957,32,2,Top 50,8.71,0.771943,0.863153,0,0,1,59,0.918,2024-25
2026-08-10,2026-08-17,12031,Duval County,Florida,FL,quiet,0.025694,73,6,51–150,6.29,0.058947,25,2,Top 50,9.34,0.771702,0.875863,0,0,7,27,0.899,2024-25
2026-08-10,2026-08-17,48167,Galveston County,Texas,TX,quiet,0.02561,74,9,51–150,6.27,0.024817,146,15,51–150,3.93,0.770996,0.64457,0,0,0,,0.940071,2024-25
2026-08-10,2026-08-17,08069,Larimer County,Colorado,CO,quiet,0.0251,75,1,51–150,6.15,0.029543,111,6,51–150,4.68,0.766608,0.703803,0,0,1,6,0.9047,2024-25
2026-08-10,2026-08-17,34007,Camden County,New Jersey,NJ,quiet,0.025093,76,3,51–150,6.15,0.028248,118,6,51–150,4.48,0.766545,0.68909,0,0,0,,0.949,2024-25
2026-08-10,2026-08-17,34023,Middlesex County,New Jersey,NJ,quiet,0.025052,77,4,51–150,6.14,0.035355,73,3,51–150,5.6,0.766183,0.758674,0,0,0,,0.951,2024-25
2026-08-10,2026-08-17,53063,Spokane County,Washington,WA,quiet,0.024916,78,2,51–150,6.1,0.044836,48,2,Top 50,7.1,0.764987,0.820341,0,0,2,20,0.868,2024-25
2026-08-10,2026-08-17,26125,Oakland County,Michigan,MI,quiet,0.024508,79,2,51–150,6.0,0.037396,65,2,51–150,5.92,0.761332,0.774392,0,0,2,34,0.87781856,2024-25
2026-08-10,2026-08-17,39093,Lorain County,Ohio,OH,quiet,0.02408,80,7,51–150,5.9,0.023459,157,8,151–500,3.72,0.757385,0.624409,0,0,0,,0.919,2024-25
2026-08-10,2026-08-17,42119,Union County,Pennsylvania,PA,quiet,0.023768,81,18,51–150,5.82,0.01051,405,37,151–500,1.67,0.754433,0.326827,0,0,0,,0.94,2024-25
2026-08-10,2026-08-17,48029,Bexar County,Texas,TX,quiet,0.023717,82,10,51–150,5.81,0.032909,85,10,51–150,5.21,0.753945,0.73759,0,0,3,22,0.947451,2024-25
2026-08-10,2026-08-17,06081,San Mateo County,California,CA,quiet,0.023706,83,10,51–150,5.81,0.028844,114,15,51–150,4.57,0.753841,0.695989,0,0,3,28,0.97567,2024-25
2026-08-10,2026-08-17,12103,Pinellas County,Florida,FL,quiet,0.023681,84,7,51–150,5.8,0.049772,43,5,Top 50,7.89,0.753599,0.843432,0,0,6,23,0.873,2024-25
2026-08-10,2026-08-17,53061,Snohomish County,Washington,WA,quiet,0.02355,85,3,51–150,5.77,0.039776,59,3,51–150,6.3,0.752342,0.790853,0,0,16,24,0.922,2024-25
2026-08-10,2026-08-17,08077,Mesa County,Colorado,CO,quiet,0.023536,86,2,51–150,5.76,0.050449,41,1,Top 50,7.99,0.752206,0.846248,0,0,11,43,0.8567,2024-25
2026-08-10,2026-08-17,42039,Crawford County,Pennsylvania,PA,quiet,0.023375,87,19,51–150,5.72,0.015857,257,21,151–500,2.51,0.750636,0.476475,0,0,0,,0.924,2024-25
2026-08-10,2026-08-17,08031,Denver County,Colorado,CO,quiet,0.023357,88,3,51–150,5.72,0.034088,78,5,51–150,5.4,0.750455,0.748084,0,0,4,62,0.8688,2024-25
2026-08-10,2026-08-17,53015,Cowlitz County,Washington,WA,quiet,0.023141,89,4,51–150,5.67,0.01562,261,12,151–500,2.47,0.74832,0.470742,0,0,0,,0.906,2024-25
2026-08-10,2026-08-17,42079,Luzerne County,Pennsylvania,PA,quiet,0.023063,90,20,51–150,5.65,0.030715,98,13,51–150,4.87,0.747542,0.716259,0,0,0,,0.939,2024-25
2026-08-10,2026-08-17,24033,Prince George's County,Maryland,MD,quiet,0.022992,91,5,51–150,5.63,0.02977,109,3,51–150,4.72,0.746832,0.706277,0,0,2,74,0.9469,2024-25
2026-08-10,2026-08-17,06001,Alameda County,California,CA,quiet,0.022939,92,11,51–150,5.62,0.02676,129,16,51–150,4.24,0.746298,0.670835,0,0,0,,0.97051,2024-25
2026-08-10,2026-08-17,48039,Brazoria County,Texas,TX,quiet,0.022819,93,11,51–150,5.59,0.026346,134,14,51–150,4.17,0.745077,0.665472,0,0,1,69,0.962127,2024-25
2026-08-10,2026-08-17,48085,Collin County,Texas,TX,quiet,0.022738,94,12,51–150,5.57,0.037424,64,8,51–150,5.93,0.744251,0.774594,0,0,4,62,0.930423,2024-25
2026-08-10,2026-08-17,24003,Anne Arundel County,Maryland,MD,quiet,0.022527,95,6,51–150,5.52,0.037366,66,2,51–150,5.92,0.742075,0.774172,0,0,0,,0.9665,2024-25
2026-08-10,2026-08-17,24025,Harford County,Maryland,MD,quiet,0.022429,96,7,51–150,5.49,0.027832,122,4,51–150,4.41,0.74105,0.684141,0,0,0,,0.9687,2024-25
2026-08-10,2026-08-17,48439,Tarrant County,Texas,TX,quiet,0.022301,97,13,51–150,5.46,0.033292,81,9,51–150,5.27,0.7397,0.741067,0,0,4,63,0.936354,2024-25
2026-08-10,2026-08-17,48141,El Paso County,Texas,TX,quiet,0.022294,98,14,51–150,5.46,0.030099,105,11,51–150,4.77,0.739628,0.709816,0,0,85,20,0.977753,2024-25
2026-08-10,2026-08-17,26081,Kent County,Michigan,MI,quiet,0.022274,99,3,51–150,5.45,0.035787,69,3,51–150,5.67,0.739415,0.762134,0,0,4,55,0.92520807,2024-25
2026-08-10,2026-08-17,42107,Schuylkill County,Pennsylvania,PA,quiet,0.022228,100,21,51–150,5.44,0.010652,399,35,151–500,1.69,0.738934,0.331324,0,0,0,,0.954,2024-25
2026-08-10,2026-08-17,42069,Lackawanna County,Pennsylvania,PA,quiet,0.022164,101,22,51–150,5.43,0.022746,163,16,151–500,3.6,0.73825,0.613165,0,0,0,,0.967,2024-25
2026-08-10,2026-08-17,34021,Mercer County,New Jersey,NJ,quiet,0.022073,102,5,51–150,5.41,0.029486,112,4,51–150,4.67,0.737276,0.703179,0,0,0,,0.953,2024-25
2026-08-10,2026-08-17,18167,Vigo County,Indiana,IN,quiet,0.021954,103,2,51–150,5.38,0.024254,152,2,151–500,3.84,0.735998,0.636401,0,0,0,,0.9713,2024-25
2026-08-10,2026-08-17,42025,Carbon County,Pennsylvania,PA,quiet,0.021536,104,23,51–150,5.27,0.015489,265,23,151–500,2.45,0.731407,0.467523,0,0,0,,0.955,2024-25
2026-08-10,2026-08-17,04005,Coconino County,Arizona,AZ,quiet,0.021187,105,4,51–150,5.19,0.034514,76,4,51–150,5.47,0.727467,0.751722,0,0,5,16,0.852,2024-25
2026-08-10,2026-08-17,48113,Dallas County,Texas,TX,quiet,0.020957,106,15,51–150,5.13,0.023449,158,16,151–500,3.72,0.724815,0.62424,0,0,1,59,0.90148,2024-25
2026-08-10,2026-08-17,06013,Contra Costa County,California,CA,quiet,0.02093,107,12,51–150,5.13,0.036505,67,8,51–150,5.78,0.724501,0.76773,0,0,1,33,0.97928,2024-25
2026-08-10,2026-08-17,08123,Weld County,Colorado,CO,quiet,0.020922,108,4,51–150,5.12,0.035334,74,4,51–150,5.6,0.724398,0.758508,0,0,6,17,0.9292,2024-25
2026-08-10,2026-08-17,06029,Kern County,California,CA,quiet,0.020679,109,13,51–150,5.06,0.033073,84,9,51–150,5.24,0.721542,0.739086,0,2,2,1,0.89325,2024-25
2026-08-10,2026-08-17,12071,Lee County,Florida,FL,quiet,0.020537,110,8,51–150,5.03,0.035749,70,8,51–150,5.66,0.719853,0.761835,0,0,3,22,0.924,2024-25
2026-08-10,2026-08-17,49045,Tooele County,Utah,UT,quiet,0.020533,111,4,51–150,5.03,0.028967,113,5,51–150,4.59,0.719807,0.697387,0,0,19,14,0.932956,2024-25
2026-08-10,2026-08-17,08005,Arapahoe County,Colorado,CO,quiet,0.020315,112,5,51–150,4.98,0.038014,62,2,51–150,6.02,0.717166,0.778852,0,0,6,26,0.8671,2024-25
2026-08-10,2026-08-17,42085,Mercer County,Pennsylvania,PA,quiet,0.020265,113,24,51–150,4.96,0.012214,350,29,151–500,1.94,0.716553,0.379079,0,0,0,,0.927,2024-25
2026-08-10,2026-08-17,12097,Osceola County,Florida,FL,quiet,0.020211,114,9,51–150,4.95,0.034502,77,11,51–150,5.47,0.715903,0.751623,0,0,1,22,0.863,2024-25
2026-08-10,2026-08-17,42111,Somerset County,Pennsylvania,PA,quiet,0.019978,115,25,51–150,4.89,0.015219,272,24,151–500,2.41,0.713008,0.460827,0,0,0,,0.923,2024-25
2026-08-10,2026-08-17,45045,Greenville County,South Carolina,SC,quiet,0.019249,116,1,51–150,4.71,0.028662,115,3,51–150,4.54,0.703641,0.693911,0,0,8,21,0.942,2024-25
2026-08-10,2026-08-17,36081,Queens County,New York,NY,quiet,0.019062,117,2,51–150,4.67,0.030862,97,2,51–150,4.89,0.70115,0.717768,0,0,0,,0.975836608,2024-25
2026-08-10,2026-08-17,06061,Placer County,California,CA,quiet,0.019015,118,14,51–150,4.66,0.031937,92,13,51–150,5.06,0.700527,0.728445,0,0,9,20,0.96144,2024-25
2026-08-10,2026-08-17,12105,Polk County,Florida,FL,quiet,0.018685,119,10,51–150,4.58,0.035502,72,10,51–150,5.62,0.696022,0.75986,0,0,1,10,0.925,2024-25
2026-08-10,2026-08-17,12021,Collier County,Florida,FL,quiet,0.018662,120,11,51–150,4.57,0.04176,52,7,51–150,6.62,0.695715,0.803229,0,0,93,24,0.863,2024-25
2026-08-10,2026-08-17,39133,Portage County,Ohio,OH,quiet,0.01865,121,8,51–150,4.57,0.014389,285,14,151–500,2.28,0.695542,0.439558,0,0,0,,0.897,2024-25
2026-08-10,2026-08-17,48491,Williamson County,Texas,TX,quiet,0.018561,122,16,51–150,4.55,0.028032,121,13,51–150,4.44,0.694311,0.686533,0,0,8,53,0.930762,2024-25
2026-08-10,2026-08-17,34013,Essex County,New Jersey,NJ,quiet,0.018449,123,6,51–150,4.52,0.014266,288,13,151–500,2.26,0.692741,0.436338,0,0,0,,0.924,2024-25
2026-08-10,2026-08-17,42067,Juniata County,Pennsylvania,PA,quiet,0.018251,124,26,51–150,4.47,0.013444,312,28,151–500,2.13,0.689931,0.41416,0,0,0,,0.934,2024-25
2026-08-10,2026-08-17,08001,Adams County,Colorado,CO,quiet,0.018129,125,6,51–150,4.44,0.035859,68,3,51–150,5.68,0.688192,0.762703,0,0,9,23,0.9163,2024-25
2026-08-10,2026-08-17,34005,Burlington County,New Jersey,NJ,quiet,0.018108,126,7,51–150,4.43,0.026351,133,7,51–150,4.18,0.687877,0.665548,0,0,0,,0.933,2024-25
2026-08-10,2026-08-17,06075,San Francisco County,California,CA,quiet,0.018102,127,15,51–150,4.43,0.032844,87,11,51–150,5.2,0.687791,0.73699,0,0,1,17,0.98097,2024-25
2026-08-10,2026-08-17,16019,Bonneville County,Idaho,ID,quiet,0.017958,128,2,51–150,4.4,0.029791,108,3,51–150,4.72,0.685701,0.706506,0,0,5,48,0.88,2024-25
2026-08-10,2026-08-17,04015,Mohave County,Arizona,AZ,quiet,0.017875,129,5,51–150,4.38,0.031467,94,5,51–150,4.99,0.684481,0.723857,0,0,285,14,0.784,2024-25
2026-08-10,2026-08-17,38017,Cass County,North Dakota,ND,quiet,0.017761,130,1,51–150,4.35,0.032835,88,1,51–150,5.2,0.682804,0.73691,0,0,8,13,0.9285,2024-25
2026-08-10,2026-08-17,42125,Washington County,Pennsylvania,PA,quiet,0.017724,131,27,51–150,4.34,0.014889,278,25,151–500,2.36,0.682248,0.45248,0,0,0,,0.956,2024-25
2026-08-10,2026-08-17,06089,Shasta County,California,CA,quiet,0.017468,132,16,51–150,4.28,0.013704,303,26,151–500,2.17,0.678409,0.421285,0,0,10,20,0.94368,2024-25
2026-08-10,2026-08-17,36047,Kings County,New York,NY,quiet,0.017223,133,3,51–150,4.22,0.018321,205,7,151–500,2.9,0.674645,0.531835,0,0,0,,0.976940499,2024-25
2026-08-10,2026-08-17,06019,Fresno County,California,CA,quiet,0.016909,134,17,51–150,4.14,0.030262,104,14,51–150,4.79,0.6697,0.711545,0,0,2,73,0.974,2024-25
2026-08-10,2026-08-17,51059,Fairfax County,Virginia,VA,quiet,0.016887,135,1,51–150,4.14,0.013812,298,4,151–500,2.19,0.669353,0.424214,0,0,0,,0.91,2024-25
2026-08-10,2026-08-17,13089,DeKalb County,Georgia,GA,quiet,0.016817,136,2,51–150,4.12,0.019556,189,4,151–500,3.1,0.668236,0.556695,0,0,0,,,
2026-08-10,2026-08-17,18097,Marion County,Indiana,IN,quiet,0.016799,137,3,51–150,4.11,0.022031,168,3,151–500,3.49,0.667956,0.601405,0,0,0,,0.8923,2024-25
2026-08-10,2026-08-17,36029,Erie County,New York,NY,quiet,0.016605,138,4,51–150,4.07,0.019899,184,6,151–500,3.15,0.664803,0.563294,0,0,2,9,0.978772607,2024-25
2026-08-10,2026-08-17,48423,Smith County,Texas,TX,quiet,0.01634,139,17,51–150,4.0,0.018245,206,19,151–500,2.89,0.660439,0.530248,0,0,0,,0.929083,2024-25
2026-08-10,2026-08-17,16001,Ada County,Idaho,ID,quiet,0.01633,140,3,51–150,4.0,0.030391,102,2,51–150,4.82,0.660274,0.7129,0,0,0,,0.83,2024-25
2026-08-10,2026-08-17,42041,Cumberland County,Pennsylvania,PA,quiet,0.016249,141,28,51–150,3.98,0.015699,260,22,151–500,2.49,0.658914,0.472668,0,0,2,34,0.951,2024-25
2026-08-10,2026-08-17,34025,Monmouth County,New Jersey,NJ,quiet,0.016194,142,8,51–150,3.97,0.024941,143,8,51–150,3.95,0.657983,0.646339,0,0,0,,0.888,2024-25
2026-08-10,2026-08-17,36071,Orange County,New York,NY,quiet,0.016166,143,5,51–150,3.96,0.030578,100,3,51–150,4.84,0.657518,0.714843,0,0,4,63,0.969172839,2024-25
2026-08-10,2026-08-17,38035,Grand Forks County,North Dakota,ND,quiet,0.015979,144,2,51–150,3.91,0.02725,126,3,51–150,4.32,0.654321,0.677011,0,0,14,13,0.9199,2024-25
2026-08-10,2026-08-17,23019,Penobscot County,Maine,ME,quiet,0.015799,145,1,51–150,3.87,0.019517,191,1,151–500,3.09,0.651205,0.555949,0,0,5,25,0.9744,2024-25
2026-08-10,2026-08-17,39153,Summit County,Ohio,OH,quiet,0.015657,146,9,51–150,3.83,0.016968,226,12,151–500,2.69,0.6487,0.502433,0,0,0,,0.86,2024-25
2026-08-10,2026-08-17,37183,Wake County,North Carolina,NC,quiet,0.015652,147,2,51–150,3.83,0.025663,139,4,51–150,4.07,0.64862,0.656366,0,0,0,,0.94103792,2024-25
2026-08-10,2026-08-17,40109,Oklahoma County,Oklahoma,OK,quiet,0.015514,148,1,51–150,3.8,0.02522,140,1,51–150,4.0,0.646156,0.650256,0,0,18,28,0.865,2024-25
2026-08-10,2026-08-17,49043,Summit County,Utah,UT,quiet,0.015507,149,5,51–150,3.8,0.018908,199,8,151–500,3.0,0.646026,0.543871,0,0,5,19,0.892788,2024-25
2026-08-10,2026-08-17,53053,Pierce County,Washington,WA,quiet,0.015452,150,5,51–150,3.78,0.034939,75,4,51–150,5.54,0.645039,0.755275,0,0,0,,0.902,2024-25
2026-08-10,2026-08-17,13135,Gwinnett County,Georgia,GA,quiet,0.014832,151,3,151–500,3.63,0.021889,169,3,151–500,3.47,0.63358,0.599017,0,0,0,,,
2026-08-10,2026-08-17,12101,Pasco County,Florida,FL,quiet,0.014602,152,12,151–500,3.58,0.021785,171,16,151–500,3.45,0.629171,0.597247,0,0,3,21,0.919,2024-25
2026-08-10,2026-08-17,37021,Buncombe County,North Carolina,NC,quiet,0.014597,153,3,151–500,3.57,0.033183,82,2,51–150,5.26,0.629074,0.740082,0,0,7,26,0.89162562,2024-25
2026-08-10,2026-08-17,11001,District of Columbia,District of Columbia,DC,quiet,0.014595,154,1,151–500,3.57,0.027511,124,1,51–150,4.36,0.629038,0.680232,0,0,2,8,0.927,2024-25
2026-08-10,2026-08-17,48121,Denton County,Texas,TX,quiet,0.014592,155,18,151–500,3.57,0.030041,106,12,51–150,4.76,0.628971,0.709191,0,0,2,64,0.917152,2024-25
2026-08-10,2026-08-17,42103,Pike County,Pennsylvania,PA,quiet,0.014536,156,29,151–500,3.56,0.010841,388,34,151–500,1.72,0.627885,0.3373,0,0,0,,0.883,2024-25
2026-08-10,2026-08-17,35013,Doña Ana County,New Mexico,NM,quiet,0.01453,157,1,151–500,3.56,0.02724,127,1,51–150,4.32,0.627759,0.676883,0,0,5,22,0.9784,2024-25
2026-08-10,2026-08-17,39151,Stark County,Ohio,OH,quiet,0.014523,158,10,151–500,3.56,0.026694,131,7,51–150,4.23,0.627634,0.669983,0,0,0,,0.897,2024-25
2026-08-10,2026-08-17,06097,Sonoma County,California,CA,quiet,0.014389,159,18,151–500,3.52,0.018784,201,20,151–500,2.98,0.625003,0.541366,0,0,0,,0.96058,2024-25
2026-08-10,2026-08-17,41047,Marion County,Oregon,OR,quiet,0.014302,160,4,151–500,3.5,0.024705,148,4,51–150,3.91,0.623269,0.642963,0,0,0,,0.916,2024-25
2026-08-10,2026-08-17,34031,Passaic County,New Jersey,NJ,quiet,0.014291,161,9,151–500,3.5,0.021531,177,10,151–500,3.41,0.623049,0.592901,0,0,1,54,0.947,2024-25
2026-08-10,2026-08-17,38105,Williams County,North Dakota,ND,quiet,0.014205,162,3,151–500,3.48,0.031738,93,2,51–150,5.03,0.621336,0.726516,0,0,19,27,0.805,2024-25
2026-08-10,2026-08-17,36009,Cattaraugus County,New York,NY,quiet,0.014205,163,6,151–500,3.48,0.005367,896,34,501+,0.85,0.62133,0.148779,0,0,0,,0.997177264,2024-25
2026-08-10,2026-08-17,06087,Santa Cruz County,California,CA,quiet,0.014177,164,19,151–500,3.47,0.018141,209,21,151–500,2.87,0.62076,0.528045,0,0,0,,0.91092,2024-25
2026-08-10,2026-08-17,08041,El Paso County,Colorado,CO,quiet,0.014085,165,7,151–500,3.45,0.028599,116,7,51–150,4.53,0.618912,0.693185,0,0,4,61,0.7652,2024-25
2026-08-10,2026-08-17,49051,Wasatch County,Utah,UT,quiet,0.014073,166,6,151–500,3.45,0.033569,79,4,51–150,5.32,0.618661,0.743543,0,0,12,11,0.88785,2024-25
2026-08-10,2026-08-17,21067,Fayette County,Kentucky,KY,quiet,0.014065,167,1,151–500,3.44,0.025056,142,1,51–150,3.97,0.618504,0.64796,0,0,6,57,0.935,2024-25
2026-08-10,2026-08-17,39089,Licking County,Ohio,OH,quiet,0.014031,168,11,151–500,3.44,0.01818,208,11,151–500,2.88,0.617811,0.528879,0,0,0,,0.906,2024-25
2026-08-10,2026-08-17,49057,Weber County,Utah,UT,quiet,0.013973,169,7,151–500,3.42,0.02734,125,6,51–150,4.33,0.616619,0.678136,0,0,2,29,0.919953,2024-25
2026-08-10,2026-08-17,08013,Boulder County,Colorado,CO,quiet,0.013826,170,8,151–500,3.39,0.026738,130,8,51–150,4.24,0.613576,0.670547,0,0,1,61,0.9055,2024-25
2026-08-10,2026-08-17,12081,Manatee County,Florida,FL,quiet,0.013701,171,13,151–500,3.36,0.028117,119,13,51–150,4.45,0.610979,0.687545,0,0,3,27,0.898,2024-25
2026-08-10,2026-08-17,12091,Okaloosa County,Florida,FL,quiet,0.013621,172,14,151–500,3.34,0.019151,197,19,151–500,3.03,0.609285,0.54874,0,0,1,39,0.9,2024-25
2026-08-10,2026-08-17,41043,Linn County,Oregon,OR,quiet,0.013534,173,5,151–500,3.31,0.017207,220,6,151–500,2.73,0.607422,0.507792,0,0,2,30,0.892,2024-25
2026-08-10,2026-08-17,48329,Midland County,Texas,TX,quiet,0.013487,174,19,151–500,3.3,0.020314,183,18,151–500,3.22,0.606418,0.571087,0,0,7,53,0.944486,2024-25
2026-08-10,2026-08-17,34029,Ocean County,New Jersey,NJ,quiet,0.013417,175,10,151–500,3.29,0.028496,117,5,51–150,4.51,0.604913,0.691995,0,0,1,57,0.843,2024-25
2026-08-10,2026-08-17,42001,Adams County,Pennsylvania,PA,quiet,0.013382,176,30,151–500,3.28,0.008424,548,43,501+,1.33,0.604158,0.257416,0,0,0,,0.929,2024-25
2026-08-10,2026-08-17,45083,Spartanburg County,South Carolina,SC,quiet,0.01323,177,2,151–500,3.24,0.031147,95,1,51–150,4.93,0.60085,0.720664,0,0,940,21,0.9,2024-25
2026-08-10,2026-08-17,35043,Sandoval County,New Mexico,NM,quiet,0.013054,178,2,151–500,3.2,0.013821,297,5,151–500,2.19,0.596948,0.424442,0,0,6,64,0.9603,2024-25
2026-08-10,2026-08-17,17097,Lake County,Illinois,IL,quiet,0.013002,179,2,151–500,3.18,0.019888,185,3,151–500,3.15,0.595793,0.563076,0,0,0,,0.955,2024-25
2026-08-10,2026-08-17,45013,Beaufort County,South Carolina,SC,quiet,0.012987,180,3,151–500,3.18,0.030373,103,2,51–150,4.81,0.595441,0.712704,0,0,1,9,0.952,2024-25
2026-08-10,2026-08-17,16027,Canyon County,Idaho,ID,quiet,0.012839,181,4,151–500,3.14,0.017868,212,4,151–500,2.83,0.592097,0.522252,0,0,6,24,0.79,2024-25
2026-08-10,2026-08-17,06079,San Luis Obispo County,California,CA,quiet,0.012836,182,20,151–500,3.14,0.020642,180,19,151–500,3.27,0.592029,0.577122,0,0,1,34,0.97299,2024-25
2026-08-10,2026-08-17,26107,Mecosta County,Michigan,MI,quiet,0.012824,183,4,151–500,3.14,0.009827,452,22,151–500,1.56,0.591751,0.304694,0,0,0,,0.91252485,2024-25
2026-08-10,2026-08-17,35049,Santa Fe County,New Mexico,NM,quiet,0.012767,184,3,151–500,3.13,0.01124,378,7,151–500,1.78,0.590453,0.349715,0,0,5,53,0.9233,2024-25
2026-08-10,2026-08-17,24027,Howard County,Maryland,MD,quiet,0.012765,185,8,151–500,3.13,0.013975,294,11,151–500,2.21,0.590411,0.428605,0,0,1,75,0.9663,2024-25
2026-08-10,2026-08-17,06031,Kings County,California,CA,quiet,0.012741,186,21,151–500,3.12,0.016799,228,22,151–500,2.66,0.589853,0.498577,0,0,0,,0.97917,2024-25
2026-08-10,2026-08-17,32031,Washoe County,Nevada,NV,quiet,0.01255,187,2,151–500,3.07,0.02154,176,2,151–500,3.41,0.58542,0.593049,0,0,1,33,0.855,2024-25
2026-08-10,2026-08-17,12069,Lake County,Florida,FL,quiet,0.012499,188,15,151–500,3.06,0.025924,137,14,51–150,4.11,0.584232,0.65989,0,0,0,,0.86,2024-25
2026-08-10,2026-08-17,42121,Venango County,Pennsylvania,PA,quiet,0.012454,189,31,151–500,3.05,0.011102,382,32,151–500,1.76,0.583158,0.345446,0,0,0,,0.941,2024-25
2026-08-10,2026-08-17,27053,Hennepin County,Minnesota,MN,quiet,0.012304,190,1,151–500,3.01,0.030648,99,1,51–150,4.86,0.579601,0.715573,0,0,2,68,0.844,2024-25
2026-08-10,2026-08-17,39139,Richland County,Ohio,OH,quiet,0.012212,191,12,151–500,2.99,0.011091,383,20,151–500,1.76,0.577375,0.345115,0,0,0,,0.852,2024-25
2026-08-10,2026-08-17,12117,Seminole County,Florida,FL,quiet,0.012095,192,16,151–500,2.96,0.029662,110,12,51–150,4.7,0.574528,0.705106,0,0,0,,0.9,2024-25
2026-08-10,2026-08-17,39113,Montgomery County,Ohio,OH,quiet,0.012074,193,13,151–500,2.96,0.019285,195,9,151–500,3.06,0.574025,0.551396,0,0,0,,0.846,2024-25
2026-08-10,2026-08-17,24021,Frederick County,Maryland,MD,quiet,0.012061,194,9,151–500,2.95,0.019587,188,8,151–500,3.1,0.573692,0.557297,0,0,0,,0.9611,2024-25
2026-08-10,2026-08-17,09190,Western Connecticut Planning Region,Connecticut,CT,quiet,0.011864,195,1,151–500,2.91,0.021594,175,1,151–500,3.42,0.568804,0.593974,0,0,0,,0.983,2024-25
2026-08-10,2026-08-17,53025,Grant County,Washington,WA,quiet,0.011799,196,6,151–500,2.89,0.020421,181,6,151–500,3.24,0.567171,0.573068,0,0,2,21,0.897,2024-25
2026-08-10,2026-08-17,44007,Providence County,Rhode Island,RI,quiet,0.011796,197,1,151–500,2.89,0.016172,245,1,151–500,2.56,0.56711,0.484012,0,0,3,16,0.95,2024-25
2026-08-10,2026-08-17,34015,Gloucester County,New Jersey,NJ,quiet,0.011398,198,11,151–500,2.79,0.016687,229,12,151–500,2.64,0.556876,0.496014,0,0,0,,0.948,2024-25
2026-08-10,2026-08-17,21111,Jefferson County,Kentucky,KY,quiet,0.01134,199,2,151–500,2.78,0.016106,250,2,151–500,2.55,0.555353,0.482455,0,0,2,54,0.649,2024-25
2026-08-10,2026-08-17,12009,Brevard County,Florida,FL,quiet,0.011202,200,17,151–500,2.74,0.018112,210,20,151–500,2.87,0.551694,0.527445,0,0,0,,0.909,2024-25
2026-08-10,2026-08-17,42037,Columbia County,Pennsylvania,PA,quiet,0.011189,201,32,151–500,2.74,0.006918,667,46,501+,1.1,0.551363,0.204435,0,0,0,,0.965,2024-25
2026-08-10,2026-08-17,37133,Onslow County,North Carolina,NC,quiet,0.010974,202,4,151–500,2.69,0.014744,280,10,151–500,2.34,0.545537,0.448778,0,0,0,,0.84225221,2024-25
2026-08-10,2026-08-17,45079,Richland County,South Carolina,SC,quiet,0.010956,203,4,151–500,2.68,0.024899,144,4,51–150,3.94,0.54505,0.64573,0,0,0,,0.913,2024-25
2026-08-10,2026-08-17,39123,Ottawa County,Ohio,OH,quiet,0.010948,204,14,151–500,2.68,0.008903,510,29,501+,1.41,0.544827,0.273801,0,0,1,22,0.87,2024-25
2026-08-10,2026-08-17,24035,Queen Anne's County,Maryland,MD,quiet,0.01092,205,10,151–500,2.67,0.009937,443,14,151–500,1.57,0.544061,0.308306,0,0,0,,0.9649,2024-25
2026-08-10,2026-08-17,39005,Ashland County,Ohio,OH,quiet,0.010908,206,15,151–500,2.67,0.0152,273,13,151–500,2.41,0.543734,0.460349,0,0,0,,0.897,2024-25
2026-08-10,2026-08-17,06083,Santa Barbara County,California,CA,quiet,0.010848,207,22,151–500,2.66,0.014992,275,24,151–500,2.38,0.542071,0.455094,0,0,0,,0.98478,2024-25
2026-08-10,2026-08-17,30029,Flathead County,Montana,MT,quiet,0.010789,208,1,151–500,2.64,0.016804,227,3,151–500,2.66,0.540436,0.49871,0,0,2,63,,
2026-08-10,2026-08-17,42015,Bradford County,Pennsylvania,PA,quiet,0.010787,209,33,151–500,2.64,0.021116,178,17,151–500,3.35,0.540386,0.585627,0,0,0,,0.894,2024-25
2026-08-10,2026-08-17,39119,Muskingum County,Ohio,OH,quiet,0.010719,210,16,151–500,2.63,0.018227,207,10,151–500,2.89,0.538479,0.529868,0,0,3,50,0.972,2024-25
2026-08-10,2026-08-17,16017,Bonner County,Idaho,ID,quiet,0.010703,211,5,151–500,2.62,0.009889,448,10,151–500,1.57,0.538033,0.306716,0,0,1,51,0.64,2024-25
2026-08-10,2026-08-17,26055,Grand Traverse County,Michigan,MI,quiet,0.01063,212,5,151–500,2.6,0.024652,149,7,51–150,3.91,0.535983,0.642198,0,0,4,58,0.88840453,2024-25
2026-08-10,2026-08-17,37081,Guilford County,North Carolina,NC,quiet,0.010617,213,5,151–500,2.6,0.025965,136,3,51–150,4.11,0.535621,0.660437,0,0,1,59,0.92960699,2024-25
2026-08-10,2026-08-17,46103,Pennington County,South Dakota,SD,quiet,0.01058,214,1,151–500,2.59,0.016214,244,1,151–500,2.57,0.534564,0.484992,0,0,2,62,0.92,2024-25
2026-08-10,2026-08-17,06077,San Joaquin County,California,CA,quiet,0.010521,215,23,151–500,2.58,0.024116,153,17,151–500,3.82,0.532893,0.63435,0,0,0,,0.95974,2024-25
2026-08-10,2026-08-17,42073,Lawrence County,Pennsylvania,PA,quiet,0.010424,216,34,151–500,2.55,0.013568,306,26,151–500,2.15,0.530102,0.417553,0,0,0,,0.942,2024-25
2026-08-10,2026-08-17,39085,Lake County,Ohio,OH,quiet,0.010386,217,17,151–500,2.54,0.013106,324,15,151–500,2.08,0.528989,0.404757,0,0,0,,0.895,2024-25
2026-08-10,2026-08-17,31109,Lancaster County,Nebraska,NE,quiet,0.010272,218,1,151–500,2.52,0.017548,217,2,151–500,2.78,0.52566,0.515329,0,0,1,28,0.894271872,2024-25
2026-08-10,2026-08-17,12073,Leon County,Florida,FL,quiet,0.010253,219,18,151–500,2.51,0.012455,342,24,151–500,1.97,0.525129,0.386124,0,0,2,59,0.938,2024-25
2026-08-10,2026-08-17,50015,Lamoille County,Vermont,VT,quiet,0.010238,220,1,151–500,2.51,0.007425,627,2,501+,1.18,0.524683,0.222449,0,0,1,74,0.91,2024-25
2026-08-10,2026-08-17,55083,Oconto County,Wisconsin,WI,quiet,0.010199,221,1,151–500,2.5,0.014989,276,2,151–500,2.37,0.523519,0.455021,0,0,36,49,0.83,2024-25
2026-08-10,2026-08-17,29095,Jackson County,Missouri,MO,quiet,0.010156,222,1,151–500,2.49,0.017684,215,1,151–500,2.8,0.522237,0.51828,0,0,1,23,0.895,2024-25
2026-08-10,2026-08-17,36119,Westchester County,New York,NY,quiet,0.010143,223,7,151–500,2.48,0.022216,167,4,151–500,3.52,0.521872,0.604505,0,0,0,,0.993751589,2024-25
2026-08-10,2026-08-17,34027,Morris County,New Jersey,NJ,quiet,0.010125,224,12,151–500,2.48,0.022598,165,9,151–500,3.58,0.521334,0.610769,0,0,0,,0.941,2024-25
2026-08-10,2026-08-17,12033,Escambia County,Florida,FL,quiet,0.010099,225,19,151–500,2.47,0.012411,344,26,151–500,1.97,0.520562,0.384863,0,0,5,26,0.889,2024-25
2026-08-10,2026-08-17,48209,Hays County,Texas,TX,quiet,0.010051,226,20,151–500,2.46,0.017112,223,20,151–500,2.71,0.519124,0.505659,0,0,1,64,0.946269,2024-25
2026-08-10,2026-08-17,26117,Montcalm County,Michigan,MI,quiet,0.009969,227,6,151–500,2.44,0.015857,256,10,151–500,2.51,0.516642,0.476495,0,0,4,68,0.90909091,2024-25
2026-08-10,2026-08-17,26099,Macomb County,Michigan,MI,quiet,0.009961,228,7,151–500,2.44,0.028088,120,5,51–150,4.45,0.51641,0.687205,0,0,4,14,0.87265999,2024-25
2026-08-10,2026-08-17,48397,Rockwall County,Texas,TX,quiet,0.00994,229,21,151–500,2.43,0.016163,246,23,151–500,2.56,0.515774,0.483795,0,0,8,24,0.909091,2024-25
2026-08-10,2026-08-17,55009,Brown County,Wisconsin,WI,quiet,0.009931,230,2,151–500,2.43,0.025898,138,1,51–150,4.1,0.515508,0.659542,0,0,0,,0.85,2024-25
2026-08-10,2026-08-17,06113,Yolo County,California,CA,quiet,0.009918,231,24,151–500,2.43,0.023591,156,18,151–500,3.74,0.515107,0.626431,0,0,1,62,0.97685,2024-25
2026-08-10,2026-08-17,48027,Bell County,Texas,TX,quiet,0.009867,232,22,151–500,2.42,0.014602,281,24,151–500,2.31,0.513545,0.44512,0,0,1,60,0.951261,2024-25
2026-08-10,2026-08-17,42051,Fayette County,Pennsylvania,PA,quiet,0.009845,233,35,151–500,2.41,0.011186,380,30,151–500,1.77,0.512861,0.348044,0,0,0,,0.925,2024-25
2026-08-10,2026-08-17,13067,Cobb County,Georgia,GA,quiet,0.009611,234,4,151–500,2.35,0.026077,135,2,51–150,4.13,0.505622,0.661922,0,0,0,,,
2026-08-10,2026-08-17,25025,Suffolk County,Massachusetts,MA,quiet,0.009495,235,1,151–500,2.33,0.019593,187,2,151–500,3.1,0.501957,0.557419,0,0,1,24,0.941,2024-25
2026-08-10,2026-08-17,39019,Carroll County,Ohio,OH,quiet,0.009425,236,18,151–500,2.31,0.008634,531,30,501+,1.37,0.499698,0.264635,0,0,0,,0.901,2024-25
2026-08-10,2026-08-17,26121,Muskegon County,Michigan,MI,quiet,0.009423,237,8,151–500,2.31,0.031042,96,4,51–150,4.92,0.499654,0.719598,0,0,3,42,0.92170257,2024-25
2026-08-10,2026-08-17,06017,El Dorado County,California,CA,quiet,0.009422,238,25,151–500,2.31,0.016134,248,23,151–500,2.56,0.499606,0.483104,0,0,0,,0.7664,2024-25
2026-08-10,2026-08-17,53073,Whatcom County,Washington,WA,quiet,0.009422,239,7,151–500,2.31,0.018845,200,7,151–500,2.99,0.499606,0.542596,0,0,2,59,0.86,2024-25
2026-08-10,2026-08-17,34001,Atlantic County,New Jersey,NJ,quiet,0.009411,240,13,151–500,2.3,0.017678,216,11,151–500,2.8,0.499252,0.518153,0,0,0,,0.889,2024-25
2026-08-10,2026-08-17,08083,Montezuma County,Colorado,CO,quiet,0.009401,241,9,151–500,2.3,0.022353,166,9,151–500,3.54,0.498928,0.606758,0,0,4,34,0.8378,2024-25
2026-08-10,2026-08-17,46013,Brown County,South Dakota,SD,quiet,0.0094,242,2,151–500,2.3,0.015941,252,2,151–500,2.53,0.498916,0.478504,0,0,1,22,0.95,2024-25
2026-08-10,2026-08-17,24045,Wicomico County,Maryland,MD,quiet,0.009363,243,11,151–500,2.29,0.015286,269,10,151–500,2.42,0.49772,0.462494,0,0,0,,0.9691,2024-25
2026-08-10,2026-08-17,54033,Harrison County,West Virginia,WV,quiet,0.009359,244,1,151–500,2.29,0.01253,340,2,151–500,1.99,0.497601,0.388303,0,0,0,,,
2026-08-10,2026-08-17,24043,Washington County,Maryland,MD,quiet,0.00931,245,12,151–500,2.28,0.016573,234,9,151–500,2.63,0.496015,0.493392,0,0,0,,0.9674,2024-25
2026-08-10,2026-08-17,35001,Bernalillo County,New Mexico,NM,quiet,0.009296,246,4,151–500,2.28,0.026621,132,2,51–150,4.22,0.49556,0.669048,0,0,0,,0.9371,2024-25
2026-08-10,2026-08-17,18133,Putnam County,Indiana,IN,quiet,0.009264,247,4,151–500,2.27,0.012029,356,7,151–500,1.91,0.494516,0.373622,0,0,1,57,0.9098,2024-25
2026-08-10,2026-08-17,24041,Talbot County,Maryland,MD,quiet,0.009159,248,13,151–500,2.24,0.011474,372,13,151–500,1.82,0.491059,0.356906,0,0,0,,0.9752,2024-25
2026-08-10,2026-08-17,45063,Lexington County,South Carolina,SC,quiet,0.009141,249,5,151–500,2.24,0.021689,172,6,151–500,3.44,0.490486,0.595611,0,0,0,,0.948,2024-25
2026-08-10,2026-08-17,04003,Cochise County,Arizona,AZ,quiet,0.009123,250,6,151–500,2.23,0.014555,282,8,151–500,2.31,0.4899,0.443899,0,0,0,,0.923,2024-25
2026-08-10,2026-08-17,08065,Lake County,Colorado,CO,quiet,0.009105,251,10,151–500,2.23,0.017502,219,10,151–500,2.77,0.489281,0.514305,0,0,6,12,0.875,2024-25
2026-08-10,2026-08-17,42123,Warren County,Pennsylvania,PA,quiet,0.009083,252,36,151–500,2.22,0.011128,381,31,151–500,1.76,0.48855,0.346251,0,0,0,,0.964,2024-25
2026-08-10,2026-08-17,48135,Ector County,Texas,TX,quiet,0.009004,253,23,151–500,2.21,0.016232,242,22,151–500,2.57,0.485913,0.48543,0,0,12,63,0.936454,2024-25
2026-08-10,2026-08-17,30049,Lewis and Clark County,Montana,MT,quiet,0.008934,254,2,151–500,2.19,0.013419,313,6,151–500,2.13,0.483564,0.413468,0,0,7,21,,
2026-08-10,2026-08-17,30111,Yellowstone County,Montana,MT,quiet,0.00883,255,3,151–500,2.16,0.015874,255,4,151–500,2.51,0.480043,0.476888,0,0,4,56,,
2026-08-10,2026-08-17,26163,Wayne County,Michigan,MI,quiet,0.008761,256,9,151–500,2.15,0.013136,322,12,151–500,2.08,0.477672,0.405583,0,0,0,,0.8994,2023-24
2026-08-10,2026-08-17,55025,Dane County,Wisconsin,WI,quiet,0.008709,257,3,151–500,2.13,0.011876,361,3,151–500,1.88,0.475882,0.36906,0,0,1,29,0.9,2024-25
2026-08-10,2026-08-17,18063,Hendricks County,Indiana,IN,quiet,0.008692,258,5,151–500,2.13,0.016245,241,4,151–500,2.57,0.475315,0.485732,0,0,0,,0.916,2024-25
2026-08-10,2026-08-17,48303,Lubbock County,Texas,TX,quiet,0.008677,259,24,151–500,2.12,0.023181,161,17,151–500,3.67,0.474778,0.620077,0,0,53,22,0.913411,2024-25
2026-08-10,2026-08-17,49005,Cache County,Utah,UT,quiet,0.00862,260,8,151–500,2.11,0.023601,155,7,151–500,3.74,0.472791,0.626579,0,0,0,,0.931456,2024-25
2026-08-10,2026-08-17,34035,Somerset County,New Jersey,NJ,quiet,0.008605,261,14,151–500,2.11,0.012788,332,14,151–500,2.03,0.472283,0.39572,0,0,0,,0.949,2024-25
2026-08-10,2026-08-17,16055,Kootenai County,Idaho,ID,quiet,0.008571,262,6,151–500,2.1,0.030571,101,1,51–150,4.84,0.471075,0.714774,0,0,2,22,0.7,2024-25
2026-08-10,2026-08-17,12111,St. Lucie County,Florida,FL,quiet,0.0085,263,20,151–500,2.08,0.019377,193,18,151–500,3.07,0.468598,0.553206,0,0,0,,0.88,2024-25
2026-08-10,2026-08-17,12001,Alachua County,Florida,FL,quiet,0.008426,264,21,151–500,2.06,0.014149,292,22,151–500,2.24,0.465968,0.433239,0,0,2,27,0.919,2024-25
2026-08-10,2026-08-17,02020,Anchorage Municipality,Alaska,AK,quiet,0.008397,265,1,151–500,2.06,0.018653,203,1,151–500,2.96,0.464947,0.538697,0,0,3,43,,
2026-08-10,2026-08-17,30063,Missoula County,Montana,MT,quiet,0.008397,266,4,151–500,2.06,0.017049,224,2,151–500,2.7,0.464927,0.504243,0,0,0,,,
2026-08-10,2026-08-17,30031,Gallatin County,Montana,MT,quiet,0.008331,267,5,151–500,2.04,0.032196,91,1,51–150,5.1,0.462564,0.730928,0,0,23,36,,
2026-08-10,2026-08-17,12113,Santa Rosa County,Florida,FL,quiet,0.008274,268,22,151–500,2.03,0.019869,186,17,151–500,3.15,0.460494,0.562715,0,0,0,,0.91,2024-25
2026-08-10,2026-08-17,17043,DuPage County,Illinois,IL,quiet,0.008206,269,3,151–500,2.01,0.020415,182,2,151–500,3.23,0.458022,0.572969,0,0,0,,0.959,2024-25
2026-08-10,2026-08-17,39031,Coshocton County,Ohio,OH,quiet,0.008165,270,19,151–500,2.0,0.00677,682,38,501+,1.07,0.456541,0.199145,0,0,0,,0.934,2024-25
2026-08-10,2026-08-17,39003,Allen County,Ohio,OH,quiet,0.008154,271,20,151–500,2.0,0.009658,463,25,151–500,1.53,0.456126,0.299123,0,0,1,74,0.857,2024-25
2026-08-10,2026-08-17,08059,Jefferson County,Colorado,CO,quiet,0.008115,272,11,151–500,1.99,0.016999,225,11,151–500,2.69,0.454704,0.50312,0,0,0,,0.917,2024-25
2026-08-10,2026-08-17,18107,Montgomery County,Indiana,IN,quiet,0.008046,273,6,151–500,1.97,0.007166,648,25,501+,1.14,0.452143,0.213278,0,0,0,,0.925,2024-25
2026-08-10,2026-08-17,06095,Solano County,California,CA,quiet,0.008028,274,26,151–500,1.97,0.014294,287,25,151–500,2.26,0.451466,0.437077,0,0,0,,0.98515,2024-25
2026-08-10,2026-08-17,39091,Logan County,Ohio,OH,quiet,0.008016,275,21,151–500,1.96,0.011954,357,19,151–500,1.89,0.451044,0.371388,0,0,0,,0.842,2024-25
2026-08-10,2026-08-17,56029,Park County,Wyoming,WY,quiet,0.007974,276,2,151–500,1.95,0.012683,335,3,151–500,2.01,0.44946,0.392739,0,0,1,34,0.9,2022-23
2026-08-10,2026-08-17,53005,Benton County,Washington,WA,quiet,0.007973,277,8,151–500,1.95,0.014499,284,13,151–500,2.3,0.449449,0.442434,0,0,0,,0.931,2024-25
2026-08-10,2026-08-17,04007,Gila County,Arizona,AZ,quiet,0.007931,278,7,151–500,1.94,0.008666,527,10,501+,1.37,0.447845,0.265725,0,0,0,,0.854,2024-25
2026-08-10,2026-08-17,22051,Jefferson Parish,Louisiana,LA,quiet,0.007845,279,1,151–500,1.92,0.021635,173,1,151–500,3.43,0.444594,0.59468,0,0,0,,0.9614,2024-25
2026-08-10,2026-08-17,36059,Nassau County,New York,NY,quiet,0.007815,280,8,151–500,1.91,0.0059,792,29,501+,0.93,0.443472,0.167905,0,0,0,,0.986670581,2024-25
2026-08-10,2026-08-17,25013,Hampden County,Massachusetts,MA,quiet,0.007801,281,2,151–500,1.91,0.023612,154,1,151–500,3.74,0.442924,0.626756,0,0,0,,0.938,2024-25
2026-08-10,2026-08-17,42005,Armstrong County,Pennsylvania,PA,quiet,0.00777,282,37,151–500,1.9,0.004812,1011,51,501+,0.76,0.441763,0.129033,0,0,0,,0.951,2024-25
2026-08-10,2026-08-17,48473,Waller County,Texas,TX,quiet,0.007743,283,25,151–500,1.9,0.010442,408,34,151–500,1.65,0.440712,0.324633,0,0,0,,0.957949,2024-25
2026-08-10,2026-08-17,12115,Sarasota County,Florida,FL,quiet,0.007733,284,23,151–500,1.89,0.015586,262,21,151–500,2.47,0.440333,0.469889,0,0,0,,0.799,2024-25
2026-08-10,2026-08-17,22071,Orleans Parish,Louisiana,LA,quiet,0.007723,285,2,151–500,1.89,0.009441,477,3,151–500,1.5,0.439942,0.291911,0,0,3,16,0.9161,2024-25
2026-08-10,2026-08-17,37067,Forsyth County,North Carolina,NC,quiet,0.007675,286,6,151–500,1.88,0.014826,279,9,151–500,2.35,0.438083,0.450886,0,0,0,,0.92799446,2024-25
2026-08-10,2026-08-17,18003,Allen County,Indiana,IN,quiet,0.007655,287,7,151–500,1.87,0.008528,540,15,501+,1.35,0.437315,0.261002,0,0,8,68,0.8966,2024-25
2026-08-10,2026-08-17,35025,Lea County,New Mexico,NM,quiet,0.007652,288,5,151–500,1.87,0.013337,316,6,151–500,2.11,0.437203,0.411186,0,0,67,62,0.9666,2024-25
2026-08-10,2026-08-17,27123,Ramsey County,Minnesota,MN,quiet,0.007602,289,2,151–500,1.86,0.014218,290,4,151–500,2.25,0.435272,0.435072,0,0,0,,0.886,2024-25
2026-08-10,2026-08-17,26005,Allegan County,Michigan,MI,quiet,0.007583,290,10,151–500,1.86,0.019545,190,8,151–500,3.1,0.434534,0.556486,0,0,1,62,0.90327494,2024-25
2026-08-10,2026-08-17,12127,Volusia County,Florida,FL,quiet,0.007544,291,24,151–500,1.85,0.012435,343,25,151–500,1.97,0.433001,0.385564,0,0,0,,0.886,2024-25
2026-08-10,2026-08-17,42003,Allegheny County,Pennsylvania,PA,quiet,0.007498,292,38,151–500,1.84,0.007057,661,45,501+,1.12,0.431179,0.209395,0,0,0,,0.941,2024-25
2026-08-10,2026-08-17,51165,Rockingham County,Virginia,VA,quiet,0.007471,293,2,151–500,1.83,0.008469,544,10,501+,1.34,0.430128,0.258942,0,0,0,,0.891,2024-25
2026-08-10,2026-08-17,24001,Allegany County,Maryland,MD,quiet,0.007461,294,14,151–500,1.83,0.005921,788,17,501+,0.94,0.429716,0.168678,0,0,0,,0.9505,2024-25
2026-08-10,2026-08-17,51013,Arlington County,Virginia,VA,quiet,0.007458,295,3,151–500,1.83,0.014222,289,3,151–500,2.25,0.429626,0.435174,0,0,0,,0.922,2024-25
2026-08-10,2026-08-17,33011,Hillsborough County,New Hampshire,NH,quiet,0.007439,296,1,151–500,1.82,0.015229,271,1,151–500,2.41,0.428856,0.46107,0,0,0,,0.929,2024-25
2026-08-10,2026-08-17,37071,Gaston County,North Carolina,NC,quiet,0.00738,297,7,151–500,1.81,0.015316,268,8,151–500,2.43,0.426519,0.463231,0,0,0,,0.90848953,2024-25
2026-08-10,2026-08-17,49053,Washington County,Utah,UT,quiet,0.007358,298,9,151–500,1.8,0.016226,243,9,151–500,2.57,0.425649,0.485286,0,0,0,,0.791591,2024-25
2026-08-10,2026-08-17,12131,Walton County,Florida,FL,quiet,0.007349,299,25,151–500,1.8,0.01237,345,27,151–500,1.96,0.425277,0.383669,0,0,0,,0.885,2024-25
2026-08-10,2026-08-17,40027,Cleveland County,Oklahoma,OK,quiet,0.007348,300,2,151–500,1.8,0.01625,240,3,151–500,2.57,0.425243,0.485841,0,0,0,,0.9278,2024-25
2026-08-10,2026-08-17,27037,Dakota County,Minnesota,MN,quiet,0.007289,301,3,151–500,1.79,0.024763,147,2,51–150,3.92,0.422863,0.643801,0,0,1,62,0.865,2024-25
2026-08-10,2026-08-17,48259,Kendall County,Texas,TX,quiet,0.007283,302,26,151–500,1.78,0.013357,315,25,151–500,2.12,0.422617,0.411739,0,0,1,22,0.912237,2024-25
2026-08-10,2026-08-17,29189,St. Louis County,Missouri,MO,quiet,0.007253,303,2,151–500,1.78,0.016639,231,2,151–500,2.64,0.421389,0.494923,0,0,0,,0.91,2024-25
2026-08-10,2026-08-17,19153,Polk County,Iowa,IA,quiet,0.007246,304,1,151–500,1.77,0.01301,327,1,151–500,2.06,0.421108,0.402044,0,0,0,,0.88672253,2024-25
2026-08-10,2026-08-17,37063,Durham County,North Carolina,NC,quiet,0.007243,305,8,151–500,1.77,0.016013,251,6,151–500,2.54,0.421002,0.480238,0,0,0,,0.88014687,2024-25
2026-08-10,2026-08-17,09170,South Central Connecticut Planning Region,Connecticut,CT,quiet,0.007213,306,2,151–500,1.77,0.014508,283,2,151–500,2.3,0.419772,0.442671,0,0,1,35,0.987,2024-25
2026-08-10,2026-08-17,53035,Kitsap County,Washington,WA,quiet,0.0072,307,9,151–500,1.76,0.016141,247,11,151–500,2.56,0.419248,0.483274,0,0,0,,0.91,2024-25
2026-08-10,2026-08-17,12109,St. Johns County,Florida,FL,quiet,0.00718,308,26,151–500,1.76,0.024836,145,15,51–150,3.93,0.418451,0.644843,0,0,3,24,0.906,2024-25
2026-08-10,2026-08-17,21219,Todd County,Kentucky,KY,quiet,0.007144,309,3,151–500,1.75,0.010962,385,5,151–500,1.74,0.416955,0.341087,0,0,1,58,0.9453125,2024-25
2026-08-10,2026-08-17,12019,Clay County,Florida,FL,quiet,0.007139,310,27,151–500,1.75,0.013638,304,23,151–500,2.16,0.416767,0.419487,0,0,0,,0.936,2024-25
2026-08-10,2026-08-17,26165,Wexford County,Michigan,MI,quiet,0.007112,311,11,151–500,1.74,0.005641,850,41,501+,0.89,0.415647,0.158616,0,0,0,,0.856,2024-25
2026-08-10,2026-08-17,56025,Natrona County,Wyoming,WY,quiet,0.007065,312,3,151–500,1.73,0.012045,354,4,151–500,1.91,0.413695,0.374091,0,0,1,58,0.94,2022-23
2026-08-10,2026-08-17,42117,Tioga County,Pennsylvania,PA,quiet,0.007054,313,39,151–500,1.73,0.019333,194,18,151–500,3.06,0.413259,0.552354,0,0,0,,0.951,2024-25
2026-08-10,2026-08-17,05007,Benton County,Arkansas,AR,quiet,0.007033,314,1,151–500,1.72,0.009549,470,3,151–500,1.51,0.412376,0.295527,0,0,1,60,,
2026-08-10,2026-08-17,51107,Loudoun County,Virginia,VA,quiet,0.006988,315,4,151–500,1.71,0.007486,621,12,501+,1.19,0.410522,0.224618,0,0,0,,0.941,2024-25
2026-08-10,2026-08-17,45091,York County,South Carolina,SC,quiet,0.006982,316,6,151–500,1.71,0.021796,170,5,151–500,3.45,0.41028,0.597439,0,0,0,,0.936,2024-25
2026-08-10,2026-08-17,34039,Union County,New Jersey,NJ,quiet,0.006979,317,15,151–500,1.71,0.010782,390,16,151–500,1.71,0.410135,0.335448,0,0,0,,0.948,2024-25
2026-08-10,2026-08-17,36087,Rockland County,New York,NY,quiet,0.00695,318,9,151–500,1.7,0.0155,264,9,151–500,2.46,0.408933,0.46779,0,0,25,22,0.982818561,2024-25
2026-08-10,2026-08-17,36079,Putnam County,New York,NY,quiet,0.006907,319,10,151–500,1.69,0.013787,299,11,151–500,2.18,0.407137,0.423537,0,0,1,62,0.997033415,2024-25
2026-08-10,2026-08-17,53071,Walla Walla County,Washington,WA,quiet,0.006873,320,10,151–500,1.68,0.01175,367,15,151–500,1.86,0.405676,0.365266,0,0,7,12,0.927,2024-25
2026-08-10,2026-08-17,53065,Stevens County,Washington,WA,quiet,0.006869,321,11,151–500,1.68,0.023224,160,5,151–500,3.68,0.405534,0.620753,0,0,3,26,0.764,2024-25
2026-08-10,2026-08-17,41017,Deschutes County,Oregon,OR,quiet,0.006769,322,6,151–500,1.66,0.019385,192,5,151–500,3.07,0.401281,0.553372,0,0,0,,0.9,2024-25
2026-08-10,2026-08-17,40143,Tulsa County,Oklahoma,OK,quiet,0.006758,323,3,151–500,1.66,0.022873,162,2,151–500,3.62,0.400795,0.6152,0,0,0,,0.9058,2024-25
2026-08-10,2026-08-17,48291,Liberty County,Texas,TX,quiet,0.006752,324,27,151–500,1.65,0.010374,413,35,151–500,1.64,0.400552,0.322468,0,0,0,,0.966112,2024-25
2026-08-10,2026-08-17,39167,Washington County,Ohio,OH,quiet,0.00675,325,22,151–500,1.65,0.009377,480,28,151–500,1.49,0.400438,0.2898,0,0,0,,0.933,2024-25
2026-08-10,2026-08-17,55117,Sheboygan County,Wisconsin,WI,quiet,0.006702,326,4,151–500,1.64,0.010396,411,6,151–500,1.65,0.398405,0.323173,0,0,0,,0.87,2024-25
2026-08-10,2026-08-17,47065,Hamilton County,Tennessee,TN,quiet,0.0067,327,1,151–500,1.64,0.005661,845,12,501+,0.9,0.398302,0.159346,0,0,0,,0.92,2024-25
2026-08-10,2026-08-17,26139,Ottawa County,Michigan,MI,quiet,0.006696,328,12,151–500,1.64,0.025111,141,6,51–150,3.98,0.398136,0.648731,0,0,4,12,0.93063584,2024-25
2026-08-10,2026-08-17,51710,Norfolk City,Virginia,VA,quiet,0.006685,329,5,151–500,1.64,0.017127,222,1,151–500,2.71,0.397668,0.505995,0,0,0,,0.898,2024-25
2026-08-10,2026-08-17,48203,Harrison County,Texas,TX,quiet,0.006663,330,28,151–500,1.63,0.012738,333,26,151–500,2.02,0.396704,0.394293,0,0,1,64,0.929988,2024-25
2026-08-10,2026-08-17,39095,Lucas County,Ohio,OH,quiet,0.006656,331,23,151–500,1.63,0.013103,325,16,151–500,2.08,0.396408,0.40466,0,0,0,,0.842,2024-25
2026-08-10,2026-08-17,26103,Marquette County,Michigan,MI,quiet,0.006647,332,13,151–500,1.63,0.011677,369,16,151–500,1.85,0.396022,0.363063,0,0,2,62,0.92822967,2024-25
2026-08-10,2026-08-17,39059,Guernsey County,Ohio,OH,quiet,0.006631,333,24,151–500,1.62,0.0069,668,37,501+,1.09,0.39531,0.203772,0,0,0,,0.951,2024-25
2026-08-10,2026-08-17,42013,Blair County,Pennsylvania,PA,quiet,0.00663,334,40,151–500,1.62,0.003912,1236,53,501+,0.62,0.39528,0.097668,0,0,0,,0.92,2024-25
2026-08-10,2026-08-17,51087,Henrico County,Virginia,VA,quiet,0.006619,335,6,151–500,1.62,0.009356,483,9,151–500,1.48,0.394806,0.289094,0,0,0,,0.927,2024-25
2026-08-10,2026-08-17,48277,Lamar County,Texas,TX,quiet,0.006601,336,29,151–500,1.62,0.008908,509,45,501+,1.41,0.39401,0.273993,0,0,28,57,0.942529,2024-25
2026-08-10,2026-08-17,35029,Luna County,New Mexico,NM,quiet,0.0065,337,6,151–500,1.59,0.023389,159,3,151–500,3.71,0.389617,0.623311,0,0,26,11,0.9798,2024-25
2026-08-10,2026-08-17,34009,Cape May County,New Jersey,NJ,quiet,0.006484,338,16,151–500,1.59,0.010961,386,15,151–500,1.74,0.388877,0.341053,0,0,0,,0.893,2024-25
2026-08-10,2026-08-17,45007,Anderson County,South Carolina,SC,quiet,0.006472,339,7,151–500,1.58,0.01533,267,7,151–500,2.43,0.388344,0.463574,0,0,0,,0.951,2024-25
2026-08-10,2026-08-17,26111,Midland County,Michigan,MI,quiet,0.006461,340,14,151–500,1.58,0.008995,504,24,501+,1.43,0.387878,0.276948,0,0,0,,0.88180884,2024-25
2026-08-10,2026-08-17,29077,Greene County,Missouri,MO,quiet,0.006427,341,3,151–500,1.57,0.013565,307,4,151–500,2.15,0.386386,0.417483,0,0,0,,0.873,2024-25
2026-08-10,2026-08-17,37025,Cabarrus County,North Carolina,NC,quiet,0.006416,342,9,151–500,1.57,0.022726,164,5,151–500,3.6,0.385899,0.612832,0,0,2,29,0.92197659,2024-25
2026-08-10,2026-08-17,41059,Umatilla County,Oregon,OR,quiet,0.00638,343,7,151–500,1.56,0.00715,653,13,501+,1.13,0.384278,0.212679,0,0,0,,0.935,2024-25
2026-08-10,2026-08-17,16045,Gem County,Idaho,ID,quiet,0.006371,344,7,151–500,1.56,0.005063,961,19,501+,0.8,0.383891,0.137933,0,0,0,,0.71,2024-25
2026-08-10,2026-08-17,13051,Chatham County,Georgia,GA,quiet,0.006366,345,5,151–500,1.56,0.015085,274,5,151–500,2.39,0.383664,0.457457,0,0,0,,,
2026-08-10,2026-08-17,48257,Kaufman County,Texas,TX,quiet,0.006336,346,30,151–500,1.55,0.016288,237,21,151–500,2.58,0.382319,0.486756,0,0,0,,0.944037,2024-25
2026-08-10,2026-08-17,42127,Wayne County,Pennsylvania,PA,quiet,0.006324,347,41,151–500,1.55,0.019044,198,19,151–500,3.02,0.381761,0.546612,0,0,0,,0.875,2024-25
2026-08-10,2026-08-17,24047,Worcester County,Maryland,MD,quiet,0.006317,348,15,151–500,1.55,0.008614,533,15,501+,1.36,0.381478,0.26393,0,0,0,,0.9714,2024-25
2026-08-10,2026-08-17,42083,McKean County,Pennsylvania,PA,quiet,0.006305,349,42,151–500,1.54,0.010626,401,36,151–500,1.68,0.380923,0.3305,0,0,0,,0.938,2024-25
2026-08-10,2026-08-17,18165,Vermillion County,Indiana,IN,quiet,0.006267,350,8,151–500,1.53,0.006224,750,29,501+,0.99,0.379195,0.179561,0,0,0,,0.9739,2024-25
2026-08-10,2026-08-17,42007,Beaver County,Pennsylvania,PA,quiet,0.006244,351,43,151–500,1.53,0.008664,528,42,501+,1.37,0.378157,0.265659,0,0,0,,0.915,2024-25
2026-08-10,2026-08-17,41071,Yamhill County,Oregon,OR,quiet,0.006176,352,8,151–500,1.51,0.010032,432,11,151–500,1.59,0.375047,0.311395,0,0,0,,0.889,2024-25
2026-08-10,2026-08-17,53057,Skagit County,Washington,WA,quiet,0.006151,353,12,151–500,1.51,0.012571,339,14,151–500,1.99,0.373921,0.389513,0,0,0,,0.898,2024-25
2026-08-10,2026-08-17,26017,Bay County,Michigan,MI,quiet,0.006146,354,15,151–500,1.51,0.009922,446,21,151–500,1.57,0.373704,0.307824,0,0,0,,0.90241228,2024-25
2026-08-10,2026-08-17,48165,Gaines County,Texas,TX,quiet,0.006144,355,31,151–500,1.5,0.011862,362,30,151–500,1.88,0.373594,0.368644,0,0,414,58,0.772563,2024-25
2026-08-10,2026-08-17,49003,Box Elder County,Utah,UT,quiet,0.006137,356,10,151–500,1.5,0.012641,338,11,151–500,2.0,0.373267,0.391512,0,0,0,,0.901408,2024-25
2026-08-10,2026-08-17,35035,Otero County,New Mexico,NM,quiet,0.00612,357,7,151–500,1.5,0.00955,469,8,151–500,1.51,0.37252,0.295565,0,0,0,,0.9654,2024-25
2026-08-10,2026-08-17,54039,Kanawha County,West Virginia,WV,quiet,0.006101,358,2,151–500,1.49,0.005827,811,10,501+,0.92,0.371642,0.165278,0,0,0,,,
2026-08-10,2026-08-17,55105,Rock County,Wisconsin,WI,quiet,0.006065,359,5,151–500,1.49,0.007057,660,19,501+,1.12,0.369948,0.209395,0,0,0,,0.88,2024-25
2026-08-10,2026-08-17,36121,Wyoming County,New York,NY,quiet,0.006035,360,11,151–500,1.48,0.005887,795,30,501+,0.93,0.368573,0.167461,0,0,0,,0.991894861,2024-25
2026-08-10,2026-08-17,05119,Pulaski County,Arkansas,AR,quiet,0.006006,361,2,151–500,1.47,0.01315,321,2,151–500,2.08,0.367232,0.405968,0,0,0,,,
2026-08-10,2026-08-17,34033,Salem County,New Jersey,NJ,quiet,0.006001,362,17,151–500,1.47,0.006403,730,21,501+,1.01,0.367005,0.185977,0,0,0,,0.948,2024-25
2026-08-10,2026-08-17,18045,Fountain County,Indiana,IN,quiet,0.005994,363,9,151–500,1.47,0.008671,526,14,501+,1.37,0.366661,0.265897,0,0,0,,0.8793,2024-25
2026-08-10,2026-08-17,20091,Johnson County,Kansas,KS,quiet,0.005991,364,1,151–500,1.47,0.009392,478,4,151–500,1.49,0.366545,0.290304,0,0,0,,0.9515,2024-25
2026-08-10,2026-08-17,36063,Niagara County,New York,NY,quiet,0.00599,365,12,151–500,1.47,0.009707,460,18,151–500,1.54,0.36648,0.300755,0,0,0,,0.980207944,2024-25
2026-08-10,2026-08-17,21239,Woodford County,Kentucky,KY,quiet,0.005981,366,4,151–500,1.46,0.014193,291,3,151–500,2.25,0.366063,0.434401,0,0,3,58,0.925,2024-25
2026-08-10,2026-08-17,55127,Walworth County,Wisconsin,WI,quiet,0.005967,367,6,151–500,1.46,0.009123,490,9,151–500,1.45,0.365422,0.281267,0,0,0,,0.84,2024-25
2026-08-10,2026-08-17,04017,Navajo County,Arizona,AZ,quiet,0.005957,368,8,151–500,1.46,0.015792,258,7,151–500,2.5,0.364959,0.474921,0,0,4,61,0.8,2024-25
2026-08-10,2026-08-17,36103,Suffolk County,New York,NY,quiet,0.005927,369,13,151–500,1.45,0.018023,211,8,151–500,2.86,0.363534,0.525547,0,0,1,74,0.996453355,2024-25
2026-08-10,2026-08-17,26065,Ingham County,Michigan,MI,quiet,0.005897,370,16,151–500,1.44,0.01629,236,9,151–500,2.58,0.362118,0.486797,0,0,1,69,0.90624,2024-25
2026-08-10,2026-08-17,45019,Charleston County,South Carolina,SC,quiet,0.005894,371,8,151–500,1.44,0.009297,487,14,151–500,1.47,0.36199,0.287102,0,0,0,,0.92,2024-25
2026-08-10,2026-08-17,48189,Hale County,Texas,TX,quiet,0.005882,372,32,151–500,1.44,0.007112,656,65,501+,1.13,0.361409,0.211341,0,0,5,70,0.97619,2024-25
2026-08-10,2026-08-17,48309,McLennan County,Texas,TX,quiet,0.005878,373,33,151–500,1.44,0.006768,683,68,501+,1.07,0.36123,0.199069,0,0,9,60,0.952818,2024-25
2026-08-10,2026-08-17,27003,Anoka County,Minnesota,MN,quiet,0.005875,374,4,151–500,1.44,0.01228,347,5,151–500,1.95,0.361078,0.38102,0,0,0,,0.864,2024-25
2026-08-10,2026-08-17,55035,Eau Claire County,Wisconsin,WI,quiet,0.005874,375,7,151–500,1.44,0.0091,494,10,151–500,1.44,0.361037,0.280475,0,0,0,,0.86,2024-25
2026-08-10,2026-08-17,06053,Monterey County,California,CA,quiet,0.00581,376,27,151–500,1.42,0.011259,377,30,151–500,1.78,0.357996,0.350323,0,0,0,,0.98187,2024-25
2026-08-10,2026-08-17,02170,Matanuska-Susitna Borough,Alaska,AK,quiet,0.005808,377,2,151–500,1.42,0.006572,709,4,501+,1.04,0.357922,0.192048,0,0,0,,,
2026-08-10,2026-08-17,50023,Washington County,Vermont,VT,quiet,0.005797,378,2,151–500,1.42,0.005515,869,5,501+,0.87,0.357373,0.154096,0,0,1,26,0.93,2024-25
2026-08-10,2026-08-17,23005,Cumberland County,Maine,ME,quiet,0.005776,379,2,151–500,1.41,0.008503,543,3,501+,1.35,0.356388,0.260137,0,0,0,,0.9771,2024-25
2026-08-10,2026-08-17,20045,Douglas County,Kansas,KS,quiet,0.005775,380,2,151–500,1.41,0.009532,471,3,151–500,1.51,0.356322,0.29496,0,0,0,,0.9262,2024-25
2026-08-10,2026-08-17,39045,Fairfield County,Ohio,OH,quiet,0.005772,381,25,151–500,1.41,0.009974,440,23,151–500,1.58,0.356179,0.309509,0,0,0,,0.931,2024-25
2026-08-10,2026-08-17,33013,Merrimack County,New Hampshire,NH,quiet,0.005763,382,2,151–500,1.41,0.00834,554,3,501+,1.32,0.35576,0.254507,0,0,0,,0.917,2024-25
2026-08-10,2026-08-17,54003,Berkeley County,West Virginia,WV,quiet,0.005757,383,3,151–500,1.41,0.018362,204,1,151–500,2.91,0.355481,0.532693,0,0,0,,,
2026-08-10,2026-08-17,47037,Davidson County,Tennessee,TN,quiet,0.005753,384,2,151–500,1.41,0.015443,266,1,151–500,2.45,0.355266,0.466392,0,0,0,,0.956,2024-25
2026-08-10,2026-08-17,31055,Douglas County,Nebraska,NE,quiet,0.005725,385,2,151–500,1.4,0.017867,213,1,151–500,2.83,0.353943,0.522217,0,0,0,,0.980565174,2024-25
2026-08-10,2026-08-17,25005,Bristol County,Massachusetts,MA,quiet,0.005719,386,3,151–500,1.4,0.019178,196,3,151–500,3.04,0.353673,0.549274,0,0,0,,0.976,2024-25
2026-08-10,2026-08-17,39165,Warren County,Ohio,OH,quiet,0.005628,387,26,151–500,1.38,0.005926,785,44,501+,0.94,0.349265,0.168856,0,0,0,,0.918,2024-25
2026-08-10,2026-08-17,17167,Sangamon County,Illinois,IL,quiet,0.005625,388,4,151–500,1.38,0.009386,479,6,151–500,1.49,0.349088,0.290078,0,0,0,,0.978,2024-25
2026-08-10,2026-08-17,41039,Lane County,Oregon,OR,quiet,0.005624,389,9,151–500,1.38,0.016628,232,7,151–500,2.63,0.349082,0.494662,0,0,0,,0.916,2024-25
2026-08-10,2026-08-17,39099,Mahoning County,Ohio,OH,quiet,0.005616,390,27,151–500,1.38,0.007399,630,35,501+,1.17,0.348675,0.221545,0,0,0,,0.884,2024-25
2026-08-10,2026-08-17,36065,Oneida County,New York,NY,quiet,0.005606,391,14,151–500,1.37,0.012505,341,14,151–500,1.98,0.34818,0.387584,0,0,0,,0.976227591,2024-25
2026-08-10,2026-08-17,32007,Elko County,Nevada,NV,quiet,0.005596,392,3,151–500,1.37,0.007889,585,4,501+,1.25,0.347675,0.238804,0,0,0,,0.921,2024-25
2026-08-10,2026-08-17,46011,Brookings County,South Dakota,SD,quiet,0.005583,393,3,151–500,1.37,0.013316,317,4,151–500,2.11,0.347043,0.410622,0,0,3,11,0.9,2024-25
2026-08-10,2026-08-17,23001,Androscoggin County,Maine,ME,quiet,0.005568,394,3,151–500,1.36,0.009558,468,2,151–500,1.51,0.346321,0.295801,0,0,0,,0.9685,2024-25
2026-08-10,2026-08-17,26079,Kalkaska County,Michigan,MI,quiet,0.005564,395,17,151–500,1.36,0.009624,465,23,151–500,1.52,0.346142,0.29799,0,0,0,,0.88757396,2024-25
2026-08-10,2026-08-17,16083,Twin Falls County,Idaho,ID,quiet,0.005541,396,8,151–500,1.36,0.013876,295,6,151–500,2.2,0.345021,0.425924,0,0,0,,0.82,2024-25
2026-08-10,2026-08-17,26161,Washtenaw County,Michigan,MI,quiet,0.005533,397,18,151–500,1.36,0.012361,346,13,151–500,1.96,0.344634,0.383387,0,0,7,20,0.9151798,2024-25
2026-08-10,2026-08-17,26127,Oceana County,Michigan,MI,quiet,0.005521,398,19,151–500,1.35,0.007569,614,28,501+,1.2,0.344004,0.227546,0,0,0,,0.88541667,2024-25
2026-08-10,2026-08-17,18089,Lake County,Indiana,IN,quiet,0.005491,399,10,151–500,1.34,0.013504,309,5,151–500,2.14,0.34255,0.415804,0,0,2,41,0.8605,2024-25
2026-08-10,2026-08-17,46099,Minnehaha County,South Dakota,SD,quiet,0.005483,400,4,151–500,1.34,0.013829,296,3,151–500,2.19,0.342154,0.42466,0,0,0,,0.9,2024-25
2026-08-10,2026-08-17,55079,Milwaukee County,Wisconsin,WI,quiet,0.005471,401,8,151–500,1.34,0.009745,457,8,151–500,1.54,0.341582,0.302008,0,0,0,,0.7,2024-25
2026-08-10,2026-08-17,27145,Stearns County,Minnesota,MN,quiet,0.00547,402,5,151–500,1.34,0.011911,359,6,151–500,1.89,0.341517,0.370106,0,0,0,,0.777,2024-25
2026-08-10,2026-08-17,39029,Columbiana County,Ohio,OH,quiet,0.005446,403,28,151–500,1.33,0.012091,353,18,151–500,1.92,0.340333,0.375467,0,0,0,,0.888,2024-25
2026-08-10,2026-08-17,26101,Manistee County,Michigan,MI,quiet,0.005424,404,20,151–500,1.33,0.007688,606,27,501+,1.22,0.339226,0.231744,0,0,0,,0.85755814,2024-25
2026-08-10,2026-08-17,53077,Yakima County,Washington,WA,quiet,0.005418,405,13,151–500,1.33,0.017838,214,8,151–500,2.83,0.338955,0.521611,0,0,0,,0.962,2024-25
2026-08-10,2026-08-17,48013,Atascosa County,Texas,TX,quiet,0.005404,406,34,151–500,1.32,0.01063,400,33,151–500,1.68,0.338249,0.330627,0,0,1,68,0.96142,2024-25
2026-08-10,2026-08-17,24037,St. Mary's County,Maryland,MD,quiet,0.0054,407,16,151–500,1.32,0.013786,300,12,151–500,2.18,0.338044,0.423498,0,0,0,,0.9756,2024-25
2026-08-10,2026-08-17,18021,Clay County,Indiana,IN,quiet,0.005397,408,11,151–500,1.32,0.008894,513,13,501+,1.41,0.3379,0.273497,0,0,0,,0.9317,2024-25
2026-08-10,2026-08-17,34041,Warren County,New Jersey,NJ,quiet,0.005384,409,18,151–500,1.32,0.008919,507,19,501+,1.41,0.337265,0.27435,0,0,0,,0.928,2024-25
2026-08-10,2026-08-17,36075,Oswego County,New York,NY,quiet,0.00537,410,15,151–500,1.32,0.006884,670,25,501+,1.09,0.336556,0.203199,0,0,0,,0.999161242,2024-25
2026-08-10,2026-08-17,01003,Baldwin County,Alabama,AL,quiet,0.005336,411,1,151–500,1.31,0.014108,293,1,151–500,2.24,0.33485,0.432159,0,0,0,,0.9332,2024-25
2026-08-10,2026-08-17,36085,Richmond County,New York,NY,quiet,0.005332,412,16,151–500,1.31,0.012037,355,15,151–500,1.91,0.334618,0.373858,0,0,0,,0.993020085,2024-25
2026-08-10,2026-08-17,35045,San Juan County,New Mexico,NM,quiet,0.005328,413,8,151–500,1.3,0.01866,202,4,151–500,2.96,0.334442,0.538833,0,0,1,62,0.9548,2024-25
2026-08-10,2026-08-17,54001,Barbour County,West Virginia,WV,quiet,0.005294,414,4,151–500,1.3,0.009107,491,5,151–500,1.44,0.332718,0.280735,0,1,1,2,,
2026-08-10,2026-08-17,47157,Shelby County,Tennessee,TN,quiet,0.005286,415,3,151–500,1.29,0.010074,427,2,151–500,1.6,0.332308,0.312752,0,0,0,,0.946,2024-25
2026-08-10,2026-08-17,20173,Sedgwick County,Kansas,KS,quiet,0.005283,416,3,151–500,1.29,0.010225,418,2,151–500,1.62,0.33217,0.317657,0,0,0,,0.9253,2024-25
2026-08-10,2026-08-17,48219,Hockley County,Texas,TX,quiet,0.005272,417,35,151–500,1.29,0.006346,738,75,501+,1.01,0.331605,0.183931,0,0,7,53,0.945338,2024-25
2026-08-10,2026-08-17,33015,Rockingham County,New Hampshire,NH,quiet,0.005263,418,3,151–500,1.29,0.00635,737,5,501+,1.01,0.331147,0.184087,0,0,0,,0.937,2024-25
2026-08-10,2026-08-17,18141,St. Joseph County,Indiana,IN,quiet,0.005258,419,12,151–500,1.29,0.007783,597,20,501+,1.23,0.330891,0.235088,0,0,0,,0.9367,2024-25
2026-08-10,2026-08-17,39057,Greene County,Ohio,OH,quiet,0.005254,420,29,151–500,1.29,0.006153,757,42,501+,0.97,0.330722,0.177004,0,0,0,,0.909,2024-25
2026-08-10,2026-08-17,15003,Honolulu County,Hawaii,HI,quiet,0.005254,421,1,151–500,1.29,0.021606,174,1,151–500,3.42,0.330682,0.594187,0,0,3,23,0.8282,2024-25
2026-08-10,2026-08-17,01073,Jefferson County,Alabama,AL,quiet,0.005252,422,2,151–500,1.29,0.009949,441,2,151–500,1.58,0.330597,0.308691,0,0,0,,0.9643,2024-25
2026-08-10,2026-08-17,06099,Stanislaus County,California,CA,quiet,0.00525,423,28,151–500,1.29,0.009196,489,31,151–500,1.46,0.330497,0.283727,0,0,0,,0.95648,2024-25
2026-08-10,2026-08-17,05045,Faulkner County,Arkansas,AR,quiet,0.005245,424,3,151–500,1.28,0.013257,319,1,151–500,2.1,0.33027,0.408973,0,0,6,63,,
2026-08-10,2026-08-17,42057,Fulton County,Pennsylvania,PA,quiet,0.005245,425,44,151–500,1.28,0.007945,579,44,501+,1.26,0.330236,0.240768,0,0,0,,0.879,2024-25
2026-08-10,2026-08-17,56021,Laramie County,Wyoming,WY,quiet,0.005242,426,4,151–500,1.28,0.009007,503,6,501+,1.43,0.330113,0.277352,0,0,0,,0.86,2022-23
2026-08-10,2026-08-17,18027,Daviess County,Indiana,IN,quiet,0.005233,427,13,151–500,1.28,0.009337,485,11,151–500,1.48,0.329618,0.288467,0,0,0,,0.9103,2024-25
2026-08-10,2026-08-17,24017,Charles County,Maryland,MD,quiet,0.00523,428,17,151–500,1.28,0.007684,607,16,501+,1.22,0.329468,0.23161,0,0,0,,0.974,2024-25
2026-08-10,2026-08-17,17089,Kane County,Illinois,IL,quiet,0.005215,429,5,151–500,1.28,0.013082,326,5,151–500,2.07,0.328702,0.404057,0,0,0,,0.956,2024-25
2026-08-10,2026-08-17,55133,Waukesha County,Wisconsin,WI,quiet,0.005208,430,9,151–500,1.28,0.011435,374,4,151–500,1.81,0.328352,0.355715,0,0,1,30,0.88,2024-25
2026-08-10,2026-08-17,27111,Otter Tail County,Minnesota,MN,quiet,0.005155,431,6,151–500,1.26,0.008523,541,9,501+,1.35,0.325672,0.260822,0,0,0,,0.818,2024-25
2026-08-10,2026-08-17,15001,Hawaii County,Hawaii,HI,quiet,0.005121,432,2,151–500,1.25,0.007912,581,3,501+,1.25,0.323895,0.239599,0,0,0,,0.7611,2024-25
2026-08-10,2026-08-17,18085,Kosciusko County,Indiana,IN,quiet,0.005119,433,14,151–500,1.25,0.013216,320,6,151–500,2.09,0.32383,0.407813,0,0,0,,0.8777,2024-25
2026-08-10,2026-08-17,53067,Thurston County,Washington,WA,quiet,0.005118,434,14,151–500,1.25,0.016607,233,10,151–500,2.63,0.323754,0.49417,0,0,0,,0.926,2024-25
2026-08-10,2026-08-17,37101,Johnston County,North Carolina,NC,quiet,0.005109,435,10,151–500,1.25,0.008742,521,18,501+,1.39,0.323316,0.268328,0,0,1,26,0.93714093,2024-25
2026-08-10,2026-08-17,38099,Walsh County,North Dakota,ND,quiet,0.005099,436,4,151–500,1.25,0.008455,546,7,501+,1.34,0.322793,0.258478,0,0,1,25,0.9573,2024-25
2026-08-10,2026-08-17,36055,Monroe County,New York,NY,quiet,0.005092,437,17,151–500,1.25,0.007313,637,24,501+,1.16,0.322415,0.218489,0,0,0,,0.994257747,2024-25
2026-08-10,2026-08-17,35009,Curry County,New Mexico,NM,quiet,0.005049,438,9,151–500,1.24,0.007126,655,10,501+,1.13,0.320214,0.211844,0,0,1,66,0.9784,2024-25
2026-08-10,2026-08-17,48499,Wood County,Texas,TX,quiet,0.005011,439,36,151–500,1.23,0.0127,334,27,151–500,2.01,0.318232,0.393212,0,0,0,,0.925581,2024-25
2026-08-10,2026-08-17,48471,Walker County,Texas,TX,quiet,0.005011,440,37,151–500,1.23,0.007572,613,62,501+,1.2,0.318206,0.22766,0,0,0,,0.9399,2024-25
2026-08-10,2026-08-17,47093,Knox County,Tennessee,TN,quiet,0.005008,441,4,151–500,1.23,0.010039,430,4,151–500,1.59,0.318062,0.311622,0,0,0,,0.942,2024-25
2026-08-10,2026-08-17,25017,Middlesex County,Massachusetts,MA,quiet,0.005006,442,4,151–500,1.23,0.00874,522,6,501+,1.38,0.317961,0.268242,0,0,0,,0.981,2024-25
2026-08-10,2026-08-17,36093,Schenectady County,New York,NY,quiet,0.004981,443,18,151–500,1.22,0.014947,277,10,151–500,2.37,0.316685,0.453976,0,0,0,,0.970369545,2024-25
2026-08-10,2026-08-17,48091,Comal County,Texas,TX,quiet,0.004956,444,38,151–500,1.21,0.011819,363,31,151–500,1.87,0.315383,0.367361,0,0,0,,0.916326,2024-25
2026-08-10,2026-08-17,51510,Alexandria City,Virginia,VA,quiet,0.00495,445,7,151–500,1.21,0.016114,249,2,151–500,2.55,0.315052,0.482637,0,0,0,,0.852,2024-25
2026-08-10,2026-08-17,37051,Cumberland County,North Carolina,NC,quiet,0.004935,446,11,151–500,1.21,0.007725,601,19,501+,1.22,0.314259,0.233046,0,0,0,,0.92202999,2024-25
2026-08-10,2026-08-17,42115,Susquehanna County,Pennsylvania,PA,quiet,0.004922,447,45,151–500,1.21,0.011089,384,33,151–500,1.76,0.31356,0.345058,0,0,0,,0.923,2024-25
2026-08-10,2026-08-17,30013,Cascade County,Montana,MT,quiet,0.004909,448,6,151–500,1.2,0.013728,301,5,151–500,2.18,0.312872,0.421932,0,0,1,56,,
2026-08-10,2026-08-17,55141,Wood County,Wisconsin,WI,quiet,0.004907,449,10,151–500,1.2,0.007875,588,14,501+,1.25,0.312765,0.238315,0,0,0,,0.49,2024-25
2026-08-10,2026-08-17,27109,Olmsted County,Minnesota,MN,quiet,0.004905,450,7,151–500,1.2,0.016532,235,3,151–500,2.62,0.312708,0.492437,0,0,1,43,0.933,2024-25
2026-08-10,2026-08-17,08037,Eagle County,Colorado,CO,quiet,0.00487,451,12,151–500,1.19,0.014323,286,12,151–500,2.27,0.310853,0.437849,0,0,0,,0.9036,2024-25
2026-08-10,2026-08-17,19113,Linn County,Iowa,IA,quiet,0.004861,452,2,151–500,1.19,0.006672,694,5,501+,1.06,0.310359,0.195622,0,0,0,,0.90505195,2024-25
2026-08-10,2026-08-17,45057,Lancaster County,South Carolina,SC,quiet,0.004861,453,9,151–500,1.19,0.009016,501,15,501+,1.43,0.310336,0.277653,0,0,0,,0.942,2024-25
2026-08-10,2026-08-17,26077,Kalamazoo County,Michigan,MI,quiet,0.004848,454,21,151–500,1.19,0.006222,751,36,501+,0.99,0.309647,0.179495,0,0,0,,0.91347939,2024-25
2026-08-10,2026-08-17,23031,York County,Maine,ME,quiet,0.004833,455,4,151–500,1.18,0.005865,800,6,501+,0.93,0.308862,0.166648,0,0,0,,0.9792,2024-25
2026-08-10,2026-08-17,47125,Montgomery County,Tennessee,TN,quiet,0.00482,456,5,151–500,1.18,0.009835,450,5,151–500,1.56,0.30819,0.304946,0,0,0,,0.948,2024-25
2026-08-10,2026-08-17,42053,Forest County,Pennsylvania,PA,quiet,0.004819,457,46,151–500,1.18,0.006652,697,47,501+,1.05,0.308145,0.194928,0,0,0,,1.0,2024-25
2026-08-10,2026-08-17,50027,Windsor County,Vermont,VT,quiet,0.004812,458,3,151–500,1.18,0.005291,914,6,501+,0.84,0.307782,0.146088,0,0,0,,0.95,2024-25
2026-08-10,2026-08-17,41053,Polk County,Oregon,OR,quiet,0.004809,459,10,151–500,1.18,0.010793,389,10,151–500,1.71,0.307597,0.335796,0,0,0,,0.9,2024-25
2026-08-10,2026-08-17,38053,McKenzie County,North Dakota,ND,quiet,0.004803,460,5,151–500,1.18,0.009037,500,6,151–500,1.43,0.30726,0.278339,0,0,0,,0.7,2024-25
2026-08-10,2026-08-17,29071,Franklin County,Missouri,MO,quiet,0.004801,461,4,151–500,1.18,0.00516,943,22,501+,0.82,0.307193,0.141379,0,0,0,,0.914,2024-25
2026-08-10,2026-08-17,47011,Bradley County,Tennessee,TN,quiet,0.004769,462,6,151–500,1.17,0.010046,429,3,151–500,1.59,0.305451,0.311854,0,0,0,,0.9,2024-25
2026-08-10,2026-08-17,51153,Prince William County,Virginia,VA,quiet,0.004763,463,8,151–500,1.17,0.012797,331,5,151–500,2.03,0.305171,0.395984,0,0,0,,0.95,2024-25
2026-08-10,2026-08-17,48071,Chambers County,Texas,TX,quiet,0.004719,464,39,151–500,1.16,0.008347,553,53,501+,1.32,0.302775,0.254731,0,0,0,,0.9388,2024-25
2026-08-10,2026-08-17,29213,Taney County,Missouri,MO,quiet,0.004711,465,5,151–500,1.15,0.006897,669,11,501+,1.09,0.302335,0.203673,0,0,1,69,0.835,2024-25
2026-08-10,2026-08-17,18145,Shelby County,Indiana,IN,quiet,0.004694,466,15,151–500,1.15,0.006019,774,30,501+,0.95,0.301432,0.172171,0,0,0,,0.9725,2024-25
2026-08-10,2026-08-17,41019,Douglas County,Oregon,OR,quiet,0.004687,467,11,151–500,1.15,0.01158,371,9,151–500,1.83,0.301077,0.360144,0,0,0,,0.892,2024-25
2026-08-10,2026-08-17,42105,Potter County,Pennsylvania,PA,quiet,0.004674,468,47,151–500,1.14,0.008897,511,41,501+,1.41,0.300347,0.273602,0,0,0,,0.926,2024-25
2026-08-10,2026-08-17,17197,Will County,Illinois,IL,quiet,0.00466,469,6,151–500,1.14,0.015927,253,4,151–500,2.52,0.299596,0.478159,0,0,0,,0.963,2024-25
2026-08-10,2026-08-17,08014,Broomfield County,Colorado,CO,quiet,0.004658,470,13,151–500,1.14,0.010374,414,15,151–500,1.64,0.299471,0.322454,0,0,4,21,0.9257,2024-25
2026-08-10,2026-08-17,26123,Newaygo County,Michigan,MI,quiet,0.004648,471,22,151–500,1.14,0.015582,263,11,151–500,2.47,0.298937,0.469798,0,0,0,,0.875,2024-25
2026-08-10,2026-08-17,42021,Cambria County,Pennsylvania,PA,quiet,0.004641,472,48,151–500,1.14,0.004269,1128,52,501+,0.68,0.298591,0.109982,0,0,0,,0.954,2024-25
2026-08-10,2026-08-17,17113,McLean County,Illinois,IL,quiet,0.004641,473,7,151–500,1.14,0.004244,1137,22,501+,0.67,0.298563,0.109117,0,0,0,,0.971,2024-25
2026-08-10,2026-08-17,09110,Capitol Planning Region,Connecticut,CT,quiet,0.004634,474,3,151–500,1.13,0.009929,444,3,151–500,1.57,0.298201,0.308039,0,0,0,,0.987,2024-25
2026-08-10,2026-08-17,48355,Nueces County,Texas,TX,quiet,0.004631,475,40,151–500,1.13,0.007851,591,59,501+,1.24,0.298043,0.237455,0,0,0,,0.965746,2024-25
2026-08-10,2026-08-17,04023,Santa Cruz County,Arizona,AZ,quiet,0.004631,476,9,151–500,1.13,0.006487,719,12,501+,1.03,0.298018,0.189011,0,0,0,,0.982,2024-25
2026-08-10,2026-08-17,53021,Franklin County,Washington,WA,quiet,0.004626,477,15,151–500,1.13,0.008185,563,20,501+,1.3,0.297779,0.249132,0,0,0,,0.941,2024-25
2026-08-10,2026-08-17,54107,Wood County,West Virginia,WV,quiet,0.004624,478,5,151–500,1.13,0.006309,743,8,501+,1.0,0.297668,0.182589,0,0,0,,,
2026-08-10,2026-08-17,15009,Maui County,Hawaii,HI,quiet,0.004618,479,3,151–500,1.13,0.010584,403,2,151–500,1.68,0.297304,0.329171,0,0,0,,0.6943,2024-25
2026-08-10,2026-08-17,55087,Outagamie County,Wisconsin,WI,quiet,0.004607,480,11,151–500,1.13,0.010225,419,7,151–500,1.62,0.296749,0.317651,0,0,0,,0.88,2024-25
2026-08-10,2026-08-17,39147,Seneca County,Ohio,OH,quiet,0.004604,481,30,151–500,1.13,0.005337,900,52,501+,0.85,0.296547,0.147724,0,0,0,,0.857,2024-25
2026-08-10,2026-08-17,42019,Butler County,Pennsylvania,PA,quiet,0.004591,482,49,151–500,1.12,0.009993,438,38,151–500,1.58,0.295875,0.31013,0,0,0,,0.943,2024-25
2026-08-10,2026-08-17,36011,Cayuga County,New York,NY,quiet,0.004587,483,19,151–500,1.12,0.002986,1570,49,501+,0.47,0.295656,0.06709,0,0,0,,0.994836971,2024-25
2026-08-10,2026-08-17,09120,Greater Bridgeport Planning Region,Connecticut,CT,quiet,0.004582,484,4,151–500,1.12,0.008857,515,4,501+,1.4,0.295382,0.272238,0,0,0,,0.962,2024-25
2026-08-10,2026-08-17,40031,Comanche County,Oklahoma,OK,quiet,0.004581,485,4,151–500,1.12,0.007038,662,7,501+,1.12,0.29531,0.208689,0,0,0,,0.8545,2024-25
2026-08-10,2026-08-17,51041,Chesterfield County,Virginia,VA,quiet,0.004578,486,9,151–500,1.12,0.007562,615,11,501+,1.2,0.295127,0.227295,0,0,0,,0.866,2024-25
2026-08-10,2026-08-17,27137,St. Louis County,Minnesota,MN,quiet,0.004562,487,8,151–500,1.12,0.006,777,14,501+,0.95,0.294255,0.171515,0,0,0,,0.907,2024-25
2026-08-10,2026-08-17,51067,Franklin County,Virginia,VA,quiet,0.004559,488,10,151–500,1.12,0.007257,643,14,501+,1.15,0.294115,0.216509,0,0,0,,0.902,2024-25
2026-08-10,2026-08-17,27163,Washington County,Minnesota,MN,quiet,0.004554,489,9,151–500,1.12,0.007668,609,10,501+,1.21,0.293863,0.231027,0,0,1,62,0.911,2024-25
2026-08-10,2026-08-17,26115,Monroe County,Michigan,MI,quiet,0.004551,490,23,151–500,1.11,0.012139,351,14,151–500,1.92,0.293695,0.376882,0,0,1,19,0.89901904,2024-25
2026-08-10,2026-08-17,45029,Colleton County,South Carolina,SC,quiet,0.004548,491,10,151–500,1.11,0.007196,646,17,501+,1.14,0.293532,0.21433,0,0,0,,0.966,2024-25
2026-08-10,2026-08-17,48147,Fannin County,Texas,TX,quiet,0.004548,492,41,151–500,1.11,0.008834,516,48,501+,1.4,0.293531,0.271478,0,0,4,56,0.917379,2024-25
2026-08-10,2026-08-17,36067,Onondaga County,New York,NY,quiet,0.00454,493,20,151–500,1.11,0.013705,302,12,151–500,2.17,0.293087,0.421312,0,0,0,,0.996162152,2024-25
2026-08-10,2026-08-17,39129,Pickaway County,Ohio,OH,quiet,0.004515,494,31,151–500,1.11,0.009504,474,26,151–500,1.51,0.29171,0.294023,0,0,0,,0.937,2024-25
2026-08-10,2026-08-17,26015,Barry County,Michigan,MI,quiet,0.004515,495,24,151–500,1.11,0.009946,442,20,151–500,1.58,0.291701,0.308602,0,0,0,,0.89162562,2024-25
2026-08-10,2026-08-17,36089,St. Lawrence County,New York,NY,quiet,0.004508,496,21,151–500,1.1,0.005699,840,33,501+,0.9,0.291339,0.160701,0,0,0,,0.998705987,2024-25
2026-08-10,2026-08-17,48159,Franklin County,Texas,TX,quiet,0.0045,497,42,151–500,1.1,0.011705,368,32,151–500,1.85,0.290875,0.363907,0,0,0,,0.940678,2024-25
2026-08-10,2026-08-17,39017,Butler County,Ohio,OH,quiet,0.004491,498,32,151–500,1.1,0.00666,695,39,501+,1.06,0.290385,0.19519,0,0,0,,0.921,2024-25
2026-08-10,2026-08-17,12083,Marion County,Florida,FL,quiet,0.004486,499,28,151–500,1.1,0.01223,349,28,151–500,1.94,0.29011,0.379554,0,0,0,,0.908,2024-25
2026-08-10,2026-08-17,42059,Greene County,Pennsylvania,PA,quiet,0.004485,500,50,151–500,1.1,0.009679,462,39,151–500,1.53,0.290043,0.299829,0,0,0,,0.923,2024-25
2026-08-10,2026-08-17,36027,Dutchess County,New York,NY,quiet,0.004469,501,22,501+,1.09,0.013394,314,13,151–500,2.12,0.289151,0.412774,0,0,0,,0.988996531,2024-25
2026-08-10,2026-08-17,45003,Aiken County,South Carolina,SC,quiet,0.004468,502,11,501+,1.09,0.011193,379,9,151–500,1.77,0.289131,0.34827,0,0,0,,0.927,2024-25
2026-08-10,2026-08-17,39061,Hamilton County,Ohio,OH,quiet,0.004461,503,33,501+,1.09,0.012233,348,17,151–500,1.94,0.288723,0.379643,0,0,0,,0.771,2024-25
2026-08-10,2026-08-17,37001,Alamance County,North Carolina,NC,quiet,0.004418,504,12,501+,1.08,0.011782,365,12,151–500,1.87,0.286316,0.366248,0,0,0,,0.95137217,2024-25
2026-08-10,2026-08-17,18157,Tippecanoe County,Indiana,IN,quiet,0.004412,505,16,501+,1.08,0.006641,700,28,501+,1.05,0.286017,0.194532,0,0,0,,0.952,2024-25
2026-08-10,2026-08-17,22033,East Baton Rouge Parish,Louisiana,LA,quiet,0.004402,506,3,501+,1.08,0.011819,364,2,151–500,1.87,0.285431,0.367335,0,0,0,,0.8827,2024-25
2026-08-10,2026-08-17,37097,Iredell County,North Carolina,NC,quiet,0.004394,507,13,501+,1.08,0.011434,375,14,151–500,1.81,0.284975,0.355678,0,0,0,,0.91495857,2024-25
2026-08-10,2026-08-17,29510,St. Louis City,Missouri,MO,quiet,0.00438,508,6,501+,1.07,0.007971,576,9,501+,1.26,0.284218,0.24168,0,0,0,,0.74,2024-25
2026-08-10,2026-08-17,39143,Sandusky County,Ohio,OH,quiet,0.004378,509,34,501+,1.07,0.007242,644,36,501+,1.15,0.284123,0.215976,0,0,0,,0.864,2024-25
2026-08-10,2026-08-17,37109,Lincoln County,North Carolina,NC,quiet,0.00436,510,14,501+,1.07,0.015742,259,7,151–500,2.49,0.28313,0.473696,0,0,1,27,0.88762984,2024-25
2026-08-10,2026-08-17,36101,Steuben County,New York,NY,quiet,0.00436,511,23,501+,1.07,0.005022,968,35,501+,0.8,0.283123,0.136472,0,0,0,,0.998200815,2024-25
2026-08-10,2026-08-17,04027,Yuma County,Arizona,AZ,quiet,0.004359,512,10,501+,1.07,0.016649,230,6,151–500,2.64,0.283055,0.495152,0,0,0,,0.945,2024-25
2026-08-10,2026-08-17,38067,Pembina County,North Dakota,ND,quiet,0.004353,513,6,501+,1.07,0.010781,391,4,151–500,1.71,0.28273,0.335412,0,0,23,23,0.9565,2024-25
2026-08-10,2026-08-17,36005,Bronx County,New York,NY,quiet,0.004352,514,24,501+,1.07,0.003665,1322,45,501+,0.58,0.282634,0.089306,0,0,0,,0.971303005,2024-25
2026-08-10,2026-08-17,26019,Benzie County,Michigan,MI,quiet,0.004341,515,25,501+,1.06,0.011918,358,15,151–500,1.89,0.282024,0.370304,0,0,0,,0.7751938,2024-25
2026-08-10,2026-08-17,25023,Plymouth County,Massachusetts,MA,quiet,0.004336,516,5,501+,1.06,0.010196,420,5,151–500,1.62,0.281777,0.316736,0,0,0,,0.962,2024-25
2026-08-10,2026-08-17,01089,Madison County,Alabama,AL,quiet,0.004336,517,3,501+,1.06,0.005942,783,6,501+,0.94,0.28174,0.169431,0,0,0,,0.9527,2024-25
2026-08-10,2026-08-17,19061,Dubuque County,Iowa,IA,quiet,0.004331,518,3,501+,1.06,0.00512,952,10,501+,0.81,0.281502,0.139956,0,0,0,,0.9237013,2024-25
2026-08-10,2026-08-17,41009,Columbia County,Oregon,OR,quiet,0.004316,519,12,501+,1.06,0.008244,558,12,501+,1.31,0.280659,0.251188,0,0,0,,0.861,2024-25
2026-08-10,2026-08-17,50011,Franklin County,Vermont,VT,quiet,0.004313,520,4,501+,1.06,0.004328,1111,8,501+,0.69,0.280449,0.112011,0,0,0,,0.95,2024-25
2026-08-10,2026-08-17,18173,Warrick County,Indiana,IN,quiet,0.004304,521,17,501+,1.05,0.003914,1235,58,501+,0.62,0.279969,0.097733,0,0,0,,0.9477,2024-25
2026-08-10,2026-08-17,08035,Douglas County,Colorado,CO,quiet,0.0043,522,14,501+,1.05,0.010676,398,14,151–500,1.69,0.279738,0.332092,0,0,0,,0.91,2024-25
2026-08-10,2026-08-17,25021,Norfolk County,Massachusetts,MA,quiet,0.004281,523,6,501+,1.05,0.00785,592,7,501+,1.24,0.278673,0.237434,0,0,0,,0.978,2024-25
2026-08-10,2026-08-17,21227,Warren County,Kentucky,KY,quiet,0.00428,524,5,501+,1.05,0.007509,618,10,501+,1.19,0.278589,0.225413,0,0,0,,0.886,2024-25
2026-08-10,2026-08-17,39109,Miami County,Ohio,OH,quiet,0.004276,525,35,501+,1.05,0.005486,874,49,501+,0.87,0.27836,0.153047,0,0,0,,0.892,2024-25
2026-08-10,2026-08-17,24011,Caroline County,Maryland,MD,quiet,0.004273,526,18,501+,1.05,0.003083,1536,23,501+,0.49,0.278224,0.070178,0,0,0,,0.9852,2024-25
2026-08-10,2026-08-17,48061,Cameron County,Texas,TX,quiet,0.004262,527,43,501+,1.04,0.008895,512,46,501+,1.41,0.27758,0.273536,0,0,0,,0.981665,2024-25
2026-08-10,2026-08-17,37059,Davie County,North Carolina,NC,quiet,0.00422,528,15,501+,1.03,0.006122,761,33,501+,0.97,0.275229,0.175891,0,0,0,,0.96097561,2024-25
2026-08-10,2026-08-17,47165,Sumner County,Tennessee,TN,quiet,0.004219,529,7,501+,1.03,0.00859,534,6,501+,1.36,0.275158,0.26313,0,0,0,,0.931,2024-25
2026-08-10,2026-08-17,26037,Clinton County,Michigan,MI,quiet,0.004204,530,26,501+,1.03,0.004906,987,46,501+,0.78,0.274318,0.132356,0,0,0,,0.91732283,2024-25
2026-08-10,2026-08-17,29165,Platte County,Missouri,MO,quiet,0.004186,531,7,501+,1.03,0.009101,492,5,151–500,1.44,0.273304,0.280519,0,0,0,,0.931,2024-25
2026-08-10,2026-08-17,06009,Calaveras County,California,CA,quiet,0.004183,532,29,501+,1.02,0.008992,505,32,501+,1.42,0.273124,0.276824,0,0,0,,0.94862,2024-25
2026-08-10,2026-08-17,33017,Strafford County,New Hampshire,NH,quiet,0.004177,533,4,501+,1.02,0.00651,716,4,501+,1.03,0.272783,0.189813,0,0,0,,0.932,2024-25
2026-08-10,2026-08-17,06103,Tehama County,California,CA,quiet,0.004164,534,30,501+,1.02,0.005562,860,43,501+,0.88,0.27204,0.155776,0,0,0,,0.97516,2024-25
2026-08-10,2026-08-17,36069,Ontario County,New York,NY,quiet,0.004148,535,25,501+,1.02,0.020899,179,5,151–500,3.31,0.271088,0.581775,0,0,1,63,0.999203876,2024-25
2026-08-10,2026-08-17,56007,Carbon County,Wyoming,WY,quiet,0.004147,536,5,501+,1.02,0.0078,596,7,501+,1.24,0.271074,0.235661,0,0,7,50,0.94,2022-23
2026-08-10,2026-08-17,17111,McHenry County,Illinois,IL,quiet,0.004145,537,8,501+,1.02,0.00465,1036,20,501+,0.74,0.27097,0.123301,0,0,0,,0.957,2024-25
2026-08-10,2026-08-17,37035,Catawba County,North Carolina,NC,quiet,0.004138,538,16,501+,1.01,0.011632,370,13,151–500,1.84,0.270514,0.361702,0,0,0,,0.91818684,2024-25
2026-08-10,2026-08-17,06109,Tuolumne County,California,CA,quiet,0.004124,539,31,501+,1.01,0.012943,329,28,151–500,2.05,0.269765,0.400139,0,0,2,73,0.90047,2024-25
2026-08-10,2026-08-17,27141,Sherburne County,Minnesota,MN,quiet,0.0041,540,10,501+,1.0,0.00624,747,12,501+,0.99,0.268386,0.180142,0,0,0,,0.822,2024-25
2026-08-10,2026-08-17,48139,Ellis County,Texas,TX,quiet,0.004084,541,44,501+,1.0,0.007331,635,64,501+,1.16,0.267466,0.219109,0,0,0,,0.930262,2024-25
2026-08-10,2026-08-17,53045,Mason County,Washington,WA,quiet,0.004083,542,16,501+,1.0,0.008553,537,19,501+,1.36,0.267373,0.261843,0,0,0,,0.902,2024-25
2026-08-10,2026-08-17,18135,Randolph County,Indiana,IN,quiet,0.00407,543,18,501+,1.0,0.00769,605,21,501+,1.22,0.266636,0.231798,0,0,0,,0.8746,2024-25
2026-08-10,2026-08-17,45077,Pickens County,South Carolina,SC,quiet,0.004052,544,12,501+,0.99,0.010024,433,13,151–500,1.59,0.265621,0.311126,0,0,6,21,0.945,2024-25
2026-08-10,2026-08-17,05051,Garland County,Arkansas,AR,quiet,0.004051,545,4,501+,0.99,0.00733,636,5,501+,1.16,0.265527,0.219094,0,0,0,,,
2026-08-10,2026-08-17,39145,Scioto County,Ohio,OH,quiet,0.004033,546,36,501+,0.99,0.005312,905,53,501+,0.84,0.264521,0.146832,0,0,0,,0.971,2024-25
2026-08-10,2026-08-17,21037,Campbell County,Kentucky,KY,quiet,0.004013,547,6,501+,0.98,0.005393,887,14,501+,0.85,0.263356,0.149734,0,0,0,,0.961,2024-25
2026-08-10,2026-08-17,26151,Sanilac County,Michigan,MI,quiet,0.004008,548,27,501+,0.98,0.01055,404,17,151–500,1.67,0.263071,0.328084,0,0,0,,0.88917526,2024-25
2026-08-10,2026-08-17,06055,Napa County,California,CA,quiet,0.004004,549,32,501+,0.98,0.013302,318,27,151–500,2.11,0.26282,0.410229,0,0,1,29,0.97352,2024-25
2026-08-10,2026-08-17,48445,Terry County,Texas,TX,quiet,0.003999,550,45,501+,0.98,0.006692,691,70,501+,1.06,0.262514,0.196326,0,0,60,66,0.930769,2024-25
2026-08-10,2026-08-17,27139,Scott County,Minnesota,MN,quiet,0.003986,551,11,501+,0.98,0.011762,366,7,151–500,1.86,0.261753,0.365643,0,0,0,,0.848,2024-25
2026-08-10,2026-08-17,29183,St. Charles County,Missouri,MO,quiet,0.003982,552,8,501+,0.98,0.005776,819,15,501+,0.92,0.261561,0.163452,0,0,0,,0.947,2024-25
2026-08-10,2026-08-17,15007,Kauai County,Hawaii,HI,quiet,0.003975,553,4,501+,0.97,0.006152,758,4,501+,0.97,0.261104,0.176968,0,0,0,,0.6616,2024-25
2026-08-10,2026-08-17,16021,Boundary County,Idaho,ID,quiet,0.003964,554,9,501+,0.97,0.005248,924,18,501+,0.83,0.260461,0.144529,0,0,6,40,0.68,2024-25
2026-08-10,2026-08-17,32019,Lyon County,Nevada,NV,quiet,0.003955,555,4,501+,0.97,0.007696,604,5,501+,1.22,0.259938,0.232007,0,0,0,,0.917,2024-25
2026-08-10,2026-08-17,39023,Clark County,Ohio,OH,quiet,0.003931,556,37,501+,0.96,0.005303,907,54,501+,0.84,0.258538,0.146486,0,0,0,,0.905,2024-25
2026-08-10,2026-08-17,39101,Marion County,Ohio,OH,quiet,0.003919,557,38,501+,0.96,0.004469,1084,60,501+,0.71,0.257875,0.116936,0,0,0,,0.931,2024-25
2026-08-10,2026-08-17,20177,Shawnee County,Kansas,KS,quiet,0.003913,558,4,501+,0.96,0.008625,532,5,501+,1.37,0.257499,0.264335,0,0,0,,0.9497,2024-25
2026-08-10,2026-08-17,56035,Sublette County,Wyoming,WY,quiet,0.003902,559,6,501+,0.96,0.006475,722,8,501+,1.03,0.256838,0.188557,0,0,0,,0.92,2022-23
2026-08-10,2026-08-17,56013,Fremont County,Wyoming,WY,quiet,0.003897,560,7,501+,0.95,0.013448,311,2,151–500,2.13,0.256572,0.414262,0,0,6,15,0.91,2022-23
2026-08-10,2026-08-17,18163,Vanderburgh County,Indiana,IN,quiet,0.003895,561,19,501+,0.95,0.005139,947,40,501+,0.81,0.256416,0.140645,0,0,0,,0.9377,2024-25
2026-08-10,2026-08-17,48379,Rains County,Texas,TX,quiet,0.00389,562,46,501+,0.95,0.007981,575,55,501+,1.26,0.256121,0.241997,0,0,1,49,0.967742,2024-25
2026-08-10,2026-08-17,41029,Jackson County,Oregon,OR,quiet,0.003881,563,13,501+,0.95,0.013499,310,8,151–500,2.14,0.255593,0.415672,0,0,0,,0.853,2024-25
2026-08-10,2026-08-17,55021,Columbia County,Wisconsin,WI,quiet,0.003839,564,12,501+,0.94,0.007107,657,16,501+,1.13,0.253171,0.211148,0,0,0,,0.84,2024-25
2026-08-10,2026-08-17,37049,Craven County,North Carolina,NC,quiet,0.003839,565,17,501+,0.94,0.008764,518,17,501+,1.39,0.253151,0.269076,0,0,0,,0.92741165,2024-25
2026-08-10,2026-08-17,05125,Saline County,Arkansas,AR,quiet,0.003835,566,5,501+,0.94,0.007987,574,4,501+,1.27,0.252925,0.242217,0,0,1,70,,
2026-08-10,2026-08-17,16057,Latah County,Idaho,ID,quiet,0.003834,567,10,501+,0.94,0.008648,529,11,501+,1.37,0.252843,0.265094,0,0,0,,0.78,2024-25
2026-08-10,2026-08-17,37135,Orange County,North Carolina,NC,quiet,0.003832,568,18,501+,0.94,0.006309,742,31,501+,1.0,0.252703,0.182619,0,0,0,,0.96588694,2024-25
2026-08-10,2026-08-17,40051,Grady County,Oklahoma,OK,quiet,0.003831,569,5,501+,0.94,0.009049,499,6,151–500,1.43,0.252698,0.27876,0,0,0,,0.8885,2024-25
2026-08-10,2026-08-17,21113,Jessamine County,Kentucky,KY,quiet,0.003805,570,7,501+,0.93,0.010231,416,6,151–500,1.62,0.251158,0.317843,0,0,4,28,0.879,2024-25
2026-08-10,2026-08-17,17199,Williamson County,Illinois,IL,quiet,0.003802,571,9,501+,0.93,0.007876,587,9,501+,1.25,0.250964,0.238334,0,0,4,66,0.973,2024-25
2026-08-10,2026-08-17,39041,Delaware County,Ohio,OH,quiet,0.003793,572,39,501+,0.93,0.004987,978,58,501+,0.79,0.250401,0.135241,0,0,0,,0.925,2024-25
2026-08-10,2026-08-17,47009,Blount County,Tennessee,TN,quiet,0.003792,573,8,501+,0.93,0.007149,654,8,501+,1.13,0.250332,0.212641,0,0,0,,0.939,2024-25
2026-08-10,2026-08-17,08085,Montrose County,Colorado,CO,quiet,0.003786,574,15,501+,0.93,0.006988,665,21,501+,1.11,0.249978,0.206928,0,0,0,,0.8564,2024-25
2026-08-10,2026-08-17,22017,Caddo Parish,Louisiana,LA,quiet,0.003785,575,4,501+,0.93,0.005896,793,7,501+,0.93,0.24997,0.167771,0,0,0,,0.9369,2024-25
2026-08-10,2026-08-17,37179,Union County,North Carolina,NC,quiet,0.003771,576,19,501+,0.92,0.013129,323,11,151–500,2.08,0.24913,0.405392,0,0,2,22,0.88569496,2024-25
2026-08-10,2026-08-17,18081,Johnson County,Indiana,IN,quiet,0.00377,577,20,501+,0.92,0.004427,1092,48,501+,0.7,0.249031,0.115468,0,0,0,,0.9409,2024-25
2026-08-10,2026-08-17,55033,Dunn County,Wisconsin,WI,quiet,0.003763,578,13,501+,0.92,0.005842,805,22,501+,0.93,0.24863,0.165837,0,0,0,,0.85,2024-25
2026-08-10,2026-08-17,17019,Champaign County,Illinois,IL,quiet,0.003758,579,10,501+,0.92,0.004651,1035,19,501+,0.74,0.248321,0.123344,0,0,0,,0.96,2024-25
2026-08-10,2026-08-17,16069,Nez Perce County,Idaho,ID,quiet,0.003756,580,11,501+,0.92,0.006065,767,15,501+,0.96,0.248186,0.173848,0,0,0,,0.86,2024-25
2026-08-10,2026-08-17,33001,Belknap County,New Hampshire,NH,quiet,0.003742,581,5,501+,0.92,0.009092,496,2,151–500,1.44,0.247372,0.280198,0,0,0,,0.935,2024-25
2026-08-10,2026-08-17,26029,Charlevoix County,Michigan,MI,quiet,0.003741,582,28,501+,0.92,0.005218,928,43,501+,0.83,0.247348,0.143447,0,0,0,,0.87671233,2024-25
2026-08-10,2026-08-17,53027,Grays Harbor County,Washington,WA,quiet,0.003739,583,17,501+,0.92,0.007469,625,21,501+,1.18,0.247186,0.223994,0,0,0,,0.9,2024-25
2026-08-10,2026-08-17,38015,Burleigh County,North Dakota,ND,quiet,0.003738,584,7,501+,0.92,0.009456,475,5,151–500,1.5,0.247119,0.292437,0,0,0,,0.8857,2024-25
2026-08-10,2026-08-17,12015,Charlotte County,Florida,FL,quiet,0.003737,585,29,501+,0.92,0.008274,557,31,501+,1.31,0.24709,0.252229,0,0,0,,0.892,2024-25
2026-08-10,2026-08-17,21015,Boone County,Kentucky,KY,quiet,0.003733,586,8,501+,0.91,0.008227,560,7,501+,1.3,0.246847,0.250578,0,0,0,,0.928,2024-25
2026-08-10,2026-08-17,06039,Madera County,California,CA,quiet,0.003731,587,33,501+,0.91,0.008236,559,33,501+,1.3,0.246747,0.250905,0,0,0,,0.97727,2024-25
2026-08-10,2026-08-17,09140,Naugatuck Valley Planning Region,Connecticut,CT,quiet,0.003723,588,5,501+,0.91,0.005829,809,5,501+,0.92,0.24625,0.165349,0,0,0,,0.987,2024-25
2026-08-10,2026-08-17,18015,Carroll County,Indiana,IN,quiet,0.003719,589,21,501+,0.91,0.008453,547,16,501+,1.34,0.245978,0.258412,0,0,0,,0.9225,2024-25
2026-08-10,2026-08-17,21141,Logan County,Kentucky,KY,quiet,0.003713,590,9,501+,0.91,0.00372,1306,18,501+,0.59,0.245629,0.091163,0,0,0,,0.622,2024-25
2026-08-10,2026-08-17,12053,Hernando County,Florida,FL,quiet,0.003691,591,30,501+,0.9,0.00636,736,33,501+,1.01,0.244298,0.184444,0,0,0,,0.89,2024-25
2026-08-10,2026-08-17,50025,Windham County,Vermont,VT,quiet,0.00369,592,5,501+,0.9,0.004298,1120,9,501+,0.68,0.244286,0.110968,0,0,0,,0.91,2024-25
2026-08-10,2026-08-17,45035,Dorchester County,South Carolina,SC,quiet,0.003688,593,13,501+,0.9,0.010609,402,11,151–500,1.68,0.244162,0.329973,0,0,0,,0.951,2024-25
2026-08-10,2026-08-17,39011,Auglaize County,Ohio,OH,quiet,0.003679,594,40,501+,0.9,0.004999,975,57,501+,0.79,0.243594,0.135668,0,0,0,,0.835,2024-25
2026-08-10,2026-08-17,12005,Bay County,Florida,FL,quiet,0.003675,595,31,501+,0.9,0.010754,395,29,151–500,1.7,0.24336,0.334553,0,0,0,,0.853,2024-25
2026-08-10,2026-08-17,48501,Yoakum County,Texas,TX,quiet,0.003671,596,47,501+,0.9,0.005764,824,86,501+,0.91,0.243123,0.16303,0,0,20,66,0.946154,2024-25
2026-08-10,2026-08-17,17201,Winnebago County,Illinois,IL,quiet,0.00367,597,11,501+,0.9,0.00653,713,12,501+,1.03,0.243066,0.190536,0,0,0,,0.955,2024-25
2026-08-10,2026-08-17,09160,Northwest Hills Planning Region,Connecticut,CT,quiet,0.003662,598,6,501+,0.9,0.003707,1309,8,501+,0.59,0.242575,0.090729,0,0,0,,0.955,2024-25
2026-08-10,2026-08-17,02090,Fairbanks North Star Borough,Alaska,AK,quiet,0.003661,599,3,501+,0.9,0.00766,610,3,501+,1.21,0.242512,0.230765,0,0,0,,,
2026-08-10,2026-08-17,39063,Hancock County,Ohio,OH,quiet,0.003659,600,41,501+,0.9,0.003941,1223,66,501+,0.62,0.242429,0.098655,0,0,0,,0.864,2024-25
2026-08-10,2026-08-17,54049,Marion County,West Virginia,WV,quiet,0.003649,601,6,501+,0.89,0.00974,458,4,151–500,1.54,0.241815,0.301843,0,0,0,,,
2026-08-10,2026-08-17,32510,Carson City,Nevada,NV,quiet,0.003647,602,5,501+,0.89,0.006773,681,6,501+,1.07,0.241674,0.199233,0,0,0,,0.955,2024-25
2026-08-10,2026-08-17,50007,Chittenden County,Vermont,VT,quiet,0.003618,603,6,501+,0.89,0.007912,582,1,501+,1.25,0.239911,0.239595,0,0,0,,0.95,2024-25
2026-08-10,2026-08-17,08045,Garfield County,Colorado,CO,quiet,0.003612,604,16,501+,0.88,0.010023,434,16,151–500,1.59,0.239568,0.311095,0,0,0,,0.9386,2024-25
2026-08-10,2026-08-17,06057,Nevada County,California,CA,quiet,0.003601,605,34,501+,0.88,0.007164,649,38,501+,1.14,0.238902,0.213188,0,0,0,,0.87337,2024-25
2026-08-10,2026-08-17,34011,Cumberland County,New Jersey,NJ,quiet,0.003589,606,19,501+,0.88,0.009827,451,18,151–500,1.56,0.238196,0.304703,0,0,0,,0.954,2024-25
2026-08-10,2026-08-17,13247,Rockdale County,Georgia,GA,quiet,0.003588,607,6,501+,0.88,0.004599,1049,23,501+,0.73,0.238095,0.121504,0,0,0,,,
2026-08-10,2026-08-17,26157,Tuscola County,Michigan,MI,quiet,0.003581,608,29,501+,0.88,0.00801,573,25,501+,1.27,0.237668,0.243021,0,0,0,,0.90662139,2024-25
2026-08-10,2026-08-17,29019,Boone County,Missouri,MO,quiet,0.003567,609,9,501+,0.87,0.00871,524,7,501+,1.38,0.236821,0.267245,0,0,0,,0.949,2024-25
2026-08-10,2026-08-17,51810,Virginia Beach City,Virginia,VA,quiet,0.003554,610,11,501+,0.87,0.011406,376,6,151–500,1.81,0.236051,0.354831,0,0,0,,0.908,2024-25
2026-08-10,2026-08-17,39081,Jefferson County,Ohio,OH,quiet,0.003542,611,42,501+,0.87,0.010755,394,21,151–500,1.7,0.235339,0.3346,0,0,0,,0.927,2024-25
2026-08-10,2026-08-17,25001,Barnstable County,Massachusetts,MA,quiet,0.003533,612,7,501+,0.87,0.004548,1057,10,501+,0.72,0.234777,0.119716,0,0,0,,0.952,2024-25
2026-08-10,2026-08-17,49019,Grand County,Utah,UT,quiet,0.003533,613,11,501+,0.87,0.004596,1050,18,501+,0.73,0.234768,0.1214,0,0,0,,0.815534,2022-23
2026-08-10,2026-08-17,36115,Washington County,New York,NY,quiet,0.003526,614,26,501+,0.86,0.004484,1081,40,501+,0.71,0.234315,0.117459,0,0,0,,0.998498723,2024-25
2026-08-10,2026-08-17,13297,Walton County,Georgia,GA,quiet,0.003525,615,7,501+,0.86,0.006621,702,9,501+,1.05,0.234296,0.193791,0,0,0,,,
2026-08-10,2026-08-17,18057,Hamilton County,Indiana,IN,quiet,0.003524,616,22,501+,0.86,0.007218,645,23,501+,1.14,0.234198,0.215102,0,0,0,,0.9437,2024-25
2026-08-10,2026-08-17,08067,La Plata County,Colorado,CO,quiet,0.003523,617,17,501+,0.86,0.013594,305,13,151–500,2.15,0.234177,0.418266,0,0,0,,0.8987,2024-25
2026-08-10,2026-08-17,13047,Catoosa County,Georgia,GA,quiet,0.003516,618,8,501+,0.86,0.005862,801,13,501+,0.93,0.233704,0.166534,0,0,0,,,
2026-08-10,2026-08-17,39025,Clermont County,Ohio,OH,quiet,0.003513,619,43,501+,0.86,0.005879,797,46,501+,0.93,0.233524,0.167173,0,0,0,,0.943,2024-25
2026-08-10,2026-08-17,06023,Humboldt County,California,CA,quiet,0.003502,620,35,501+,0.86,0.007485,622,35,501+,1.19,0.232877,0.224579,0,0,0,,0.93358,2024-25
2026-08-10,2026-08-17,33005,Cheshire County,New Hampshire,NH,quiet,0.003502,621,6,501+,0.86,0.004822,1008,6,501+,0.76,0.232863,0.12938,0,0,0,,0.905,2024-25
2026-08-10,2026-08-17,19049,Dallas County,Iowa,IA,quiet,0.003502,622,4,501+,0.86,0.007158,651,4,501+,1.13,0.232845,0.212971,0,0,0,,0.93498049,2024-25
2026-08-10,2026-08-17,49037,San Juan County,Utah,UT,quiet,0.003484,623,12,501+,0.85,0.010843,387,12,151–500,1.72,0.231748,0.337373,0,0,3,27,0.885135,2024-25
2026-08-10,2026-08-17,55027,Dodge County,Wisconsin,WI,quiet,0.003481,624,14,501+,0.85,0.005007,973,32,501+,0.79,0.231564,0.135957,0,0,0,,0.82,2024-25
2026-08-10,2026-08-17,39043,Erie County,Ohio,OH,quiet,0.00348,625,44,501+,0.85,0.009803,453,24,151–500,1.55,0.2315,0.303912,0,0,0,,0.835,2024-25
2026-08-10,2026-08-17,55059,Kenosha County,Wisconsin,WI,quiet,0.003469,626,15,501+,0.85,0.01071,396,5,151–500,1.7,0.230873,0.333161,0,0,0,,0.74,2024-25
2026-08-10,2026-08-17,02122,Kenai Peninsula Borough,Alaska,AK,quiet,0.003458,627,4,501+,0.85,0.005723,831,6,501+,0.91,0.230152,0.16156,0,0,1,81,,
2026-08-10,2026-08-17,29047,Clay County,Missouri,MO,quiet,0.003448,628,10,501+,0.84,0.016281,238,3,151–500,2.58,0.229576,0.486571,0,0,0,,0.899,2024-25
2026-08-10,2026-08-17,47155,Sevier County,Tennessee,TN,quiet,0.003446,629,9,501+,0.84,0.005703,839,11,501+,0.9,0.22942,0.160824,0,0,0,,0.968,2024-25
2026-08-10,2026-08-17,48111,Dallam County,Texas,TX,quiet,0.003436,630,48,501+,0.84,0.00637,735,74,501+,1.01,0.22883,0.184804,0,0,7,73,0.965909,2024-25
2026-08-10,2026-08-17,18039,Elkhart County,Indiana,IN,quiet,0.003419,631,23,501+,0.84,0.011911,360,8,151–500,1.89,0.227735,0.370094,0,0,0,,0.8985,2024-25
2026-08-10,2026-08-17,55115,Shawano County,Wisconsin,WI,quiet,0.003418,632,16,501+,0.84,0.007903,583,13,501+,1.25,0.227692,0.239276,0,0,0,,0.86,2024-25
2026-08-10,2026-08-17,39051,Fulton County,Ohio,OH,quiet,0.003411,633,45,501+,0.84,0.004023,1198,65,501+,0.64,0.227298,0.101474,0,0,0,,0.882,2024-25
2026-08-10,2026-08-17,39033,Crawford County,Ohio,OH,quiet,0.003401,634,46,501+,0.83,0.005391,890,51,501+,0.85,0.226682,0.149644,0,0,0,,0.92,2024-25
2026-08-10,2026-08-17,26009,Antrim County,Michigan,MI,quiet,0.003397,635,30,501+,0.83,0.010295,415,19,151–500,1.63,0.226423,0.319922,0,0,0,,0.87745098,2024-25
2026-08-10,2026-08-17,53059,Skamania County,Washington,WA,quiet,0.003391,636,18,501+,0.83,0.008583,535,18,501+,1.36,0.226017,0.262872,0,0,0,,0.838,2024-25
2026-08-10,2026-08-17,36017,Chenango County,New York,NY,quiet,0.00339,637,27,501+,0.83,0.006644,699,26,501+,1.05,0.225965,0.194636,0,0,0,,0.998822159,2024-25
2026-08-10,2026-08-17,17029,Coles County,Illinois,IL,quiet,0.003378,638,12,501+,0.83,0.008139,566,7,501+,1.29,0.225201,0.247509,0,0,0,,0.957,2024-25
2026-08-10,2026-08-17,48099,Coryell County,Texas,TX,quiet,0.003375,639,49,501+,0.83,0.00464,1039,114,501+,0.74,0.225065,0.122945,0,0,0,,0.942966,2024-25
2026-08-10,2026-08-17,38101,Ward County,North Dakota,ND,quiet,0.003362,640,8,501+,0.82,0.008392,549,8,501+,1.33,0.224213,0.256309,0,0,0,,0.9195,2024-25
2026-08-10,2026-08-17,26045,Eaton County,Michigan,MI,quiet,0.003358,641,31,501+,0.82,0.00539,891,42,501+,0.85,0.223987,0.14962,0,0,0,,0.92349138,2024-25
2026-08-10,2026-08-17,40081,Lincoln County,Oklahoma,OK,quiet,0.003357,642,6,501+,0.82,0.004741,1022,19,501+,0.75,0.223913,0.126511,0,0,0,,0.8301,2024-25
2026-08-10,2026-08-17,40119,Payne County,Oklahoma,OK,quiet,0.003355,643,7,501+,0.82,0.004743,1021,18,501+,0.75,0.22382,0.126572,0,0,0,,0.8409,2024-25
2026-08-10,2026-08-17,34019,Hunterdon County,New Jersey,NJ,quiet,0.003351,644,20,501+,0.82,0.010156,424,17,151–500,1.61,0.22357,0.315419,0,0,0,,0.924,2024-25
2026-08-10,2026-08-17,13063,Clayton County,Georgia,GA,quiet,0.00334,645,9,501+,0.82,0.005377,894,16,501+,0.85,0.222858,0.149132,0,0,0,,,
2026-08-10,2026-08-17,42129,Westmoreland County,Pennsylvania,PA,quiet,0.003329,646,51,501+,0.82,0.006205,753,49,501+,0.98,0.22218,0.178875,0,0,0,,0.921,2024-25
2026-08-10,2026-08-17,45051,Horry County,South Carolina,SC,quiet,0.003328,647,14,501+,0.82,0.006689,692,18,501+,1.06,0.222142,0.19624,0,0,0,,0.908,2024-25
2026-08-10,2026-08-17,18095,Madison County,Indiana,IN,quiet,0.003323,648,24,501+,0.81,0.006004,775,31,501+,0.95,0.221788,0.171651,0,0,0,,0.922,2024-25
2026-08-10,2026-08-17,34037,Sussex County,New Jersey,NJ,quiet,0.003312,649,21,501+,0.81,0.008064,569,20,501+,1.28,0.221117,0.244925,0,0,0,,0.909,2024-25
2026-08-10,2026-08-17,36111,Ulster County,New York,NY,quiet,0.003309,650,28,501+,0.81,0.008506,542,20,501+,1.35,0.220917,0.260215,0,0,0,,0.997631694,2024-25
2026-08-10,2026-08-17,55111,Sauk County,Wisconsin,WI,quiet,0.0033,651,17,501+,0.81,0.006146,760,21,501+,0.97,0.220369,0.176742,0,0,0,,0.83,2024-25
2026-08-10,2026-08-17,39117,Morrow County,Ohio,OH,quiet,0.003299,652,47,501+,0.81,0.008372,552,32,501+,1.33,0.220325,0.255614,0,0,0,,0.879,2024-25
2026-08-10,2026-08-17,27049,Goodhue County,Minnesota,MN,quiet,0.003298,653,12,501+,0.81,0.005446,878,19,501+,0.86,0.220261,0.151618,0,0,0,,0.923,2024-25
2026-08-10,2026-08-17,18065,Henry County,Indiana,IN,quiet,0.003297,654,25,501+,0.81,0.008378,551,17,501+,1.33,0.22017,0.255799,0,0,0,,0.885,2024-25
2026-08-10,2026-08-17,18019,Clark County,Indiana,IN,quiet,0.003296,655,26,501+,0.81,0.009842,449,10,151–500,1.56,0.220095,0.305173,0,0,0,,0.8931,2024-25
2026-08-10,2026-08-17,55071,Manitowoc County,Wisconsin,WI,quiet,0.003293,656,18,501+,0.81,0.005719,832,24,501+,0.91,0.219967,0.161392,0,0,0,,0.88,2024-25
2026-08-10,2026-08-17,55103,Richland County,Wisconsin,WI,quiet,0.00329,657,19,501+,0.81,0.005212,931,30,501+,0.83,0.219756,0.143247,0,0,0,,0.72,2024-25
2026-08-10,2026-08-17,39039,Defiance County,Ohio,OH,quiet,0.00328,658,48,501+,0.8,0.003539,1359,69,501+,0.56,0.21915,0.085094,0,0,1,70,0.903,2024-25
2026-08-10,2026-08-17,36013,Chautauqua County,New York,NY,quiet,0.003274,659,29,501+,0.8,0.006101,764,27,501+,0.97,0.218771,0.175125,0,0,0,,0.991643575,2024-25
2026-08-10,2026-08-17,45015,Berkeley County,South Carolina,SC,quiet,0.003268,660,15,501+,0.8,0.010124,426,12,151–500,1.6,0.218404,0.314377,0,0,0,,0.935,2024-25
2026-08-10,2026-08-17,37129,New Hanover County,North Carolina,NC,quiet,0.003263,661,20,501+,0.8,0.006494,718,26,501+,1.03,0.218057,0.189249,0,0,0,,0.92860684,2024-25
2026-08-10,2026-08-17,26159,Van Buren County,Michigan,MI,quiet,0.003257,662,32,501+,0.8,0.007371,631,30,501+,1.17,0.217709,0.220541,0,0,0,,0.94326923,2024-25
2026-08-10,2026-08-17,17143,Peoria County,Illinois,IL,quiet,0.003257,663,13,501+,0.8,0.006581,708,11,501+,1.04,0.217677,0.192364,0,0,0,,0.966,2024-25
2026-08-10,2026-08-17,39127,Perry County,Ohio,OH,quiet,0.003256,664,49,501+,0.8,0.0081,568,33,501+,1.28,0.217594,0.246156,0,0,0,,0.915,2024-25
2026-08-10,2026-08-17,21093,Hardin County,Kentucky,KY,quiet,0.003255,665,10,501+,0.8,0.006032,773,11,501+,0.96,0.217534,0.172639,0,0,0,,0.805,2024-25
2026-08-10,2026-08-17,27171,Wright County,Minnesota,MN,quiet,0.003252,666,13,501+,0.8,0.006157,756,13,501+,0.98,0.217388,0.177144,0,0,0,,0.852,2024-25
2026-08-10,2026-08-17,25027,Worcester County,Massachusetts,MA,quiet,0.003248,667,8,501+,0.8,0.007286,639,8,501+,1.15,0.217088,0.217539,0,0,0,,0.966,2024-25
2026-08-10,2026-08-17,29167,Polk County,Missouri,MO,quiet,0.003246,668,11,501+,0.79,0.005482,876,20,501+,0.87,0.21699,0.152897,0,0,0,,0.873,2024-25
2026-08-10,2026-08-17,19103,Johnson County,Iowa,IA,quiet,0.003245,669,5,501+,0.79,0.010188,421,2,151–500,1.61,0.216904,0.316461,0,0,0,,0.87209302,2024-25
2026-08-10,2026-08-17,48115,Dawson County,Texas,TX,quiet,0.003243,670,50,501+,0.79,0.010015,435,36,151–500,1.59,0.216776,0.310857,0,0,26,67,0.875,2024-25
2026-08-10,2026-08-17,39077,Huron County,Ohio,OH,quiet,0.003242,671,50,501+,0.79,0.009442,476,27,151–500,1.5,0.216749,0.291969,0,0,0,,0.861,2024-25
2026-08-10,2026-08-17,40017,Canadian County,Oklahoma,OK,quiet,0.003239,672,8,501+,0.79,0.010441,409,4,151–500,1.65,0.21658,0.324594,0,0,0,,0.8681,2024-25
2026-08-10,2026-08-17,26025,Calhoun County,Michigan,MI,quiet,0.003238,673,33,501+,0.79,0.003775,1288,59,501+,0.6,0.216498,0.09302,0,0,0,,0.90742001,2024-25
2026-08-10,2026-08-17,37057,Davidson County,North Carolina,NC,quiet,0.003235,674,21,501+,0.79,0.006585,706,25,501+,1.04,0.216292,0.192524,0,0,0,,0.96441281,2024-25
2026-08-10,2026-08-17,26057,Gratiot County,Michigan,MI,quiet,0.003235,675,34,501+,0.79,0.006536,711,32,501+,1.04,0.216275,0.190767,0,0,0,,0.91954023,2024-25
2026-08-10,2026-08-17,49021,Iron County,Utah,UT,quiet,0.003228,676,13,501+,0.79,0.015897,254,10,151–500,2.52,0.215858,0.477452,0,0,0,,0.824029,2024-25
2026-08-10,2026-08-17,36053,Madison County,New York,NY,quiet,0.003226,677,30,501+,0.79,0.004261,1132,41,501+,0.68,0.215741,0.109693,0,0,0,,0.997110221,2024-25
2026-08-10,2026-08-17,46051,Grant County,South Dakota,SD,quiet,0.003216,678,5,501+,0.79,0.00828,556,8,501+,1.31,0.215126,0.252428,0,0,6,27,0.91,2024-25
2026-08-10,2026-08-17,19193,Woodbury County,Iowa,IA,quiet,0.003215,679,6,501+,0.79,0.00554,866,7,501+,0.88,0.215022,0.154991,0,0,0,,0.90069444,2024-25
2026-08-10,2026-08-17,18127,Porter County,Indiana,IN,quiet,0.003204,680,27,501+,0.78,0.005192,934,37,501+,0.82,0.214372,0.142551,0,0,0,,0.9055,2024-25
2026-08-10,2026-08-17,26041,Delta County,Michigan,MI,quiet,0.003192,681,35,501+,0.78,0.004348,1108,50,501+,0.69,0.21361,0.112711,0,0,0,,0.90332326,2024-25
2026-08-10,2026-08-17,21117,Kenton County,Kentucky,KY,quiet,0.003192,682,11,501+,0.78,0.012959,328,4,151–500,2.05,0.213567,0.400587,0,0,0,,0.95,2024-25
2026-08-10,2026-08-17,18091,LaPorte County,Indiana,IN,quiet,0.00319,683,28,501+,0.78,0.007814,595,19,501+,1.24,0.213463,0.236162,0,0,0,,0.8926,2024-25
2026-08-10,2026-08-17,02185,North Slope Borough,Alaska,AK,quiet,0.003175,684,5,501+,0.78,0.009784,454,2,151–500,1.55,0.212519,0.303272,0,0,0,,,
2026-08-10,2026-08-17,31025,Cass County,Nebraska,NE,quiet,0.003172,685,3,501+,0.78,0.003483,1377,11,501+,0.55,0.212312,0.083255,0,0,0,,0.924686192,2024-25
2026-08-10,2026-08-17,51187,Warren County,Virginia,VA,quiet,0.003166,686,12,501+,0.78,0.009609,466,8,151–500,1.52,0.211939,0.297508,0,0,0,,0.739,2024-25
2026-08-10,2026-08-17,36113,Warren County,New York,NY,quiet,0.003162,687,31,501+,0.77,0.003834,1266,44,501+,0.61,0.211692,0.095038,0,0,0,,0.998389224,2024-25
2026-08-10,2026-08-17,39175,Wyandot County,Ohio,OH,quiet,0.00316,688,51,501+,0.77,0.003381,1418,70,501+,0.54,0.211589,0.079887,0,0,0,,0.941,2024-25
2026-08-10,2026-08-17,16043,Fremont County,Idaho,ID,quiet,0.003158,689,12,501+,0.77,0.0073,638,13,501+,1.16,0.211468,0.218035,0,0,0,,0.8,2024-25
2026-08-10,2026-08-17,39027,Clinton County,Ohio,OH,quiet,0.003154,690,52,501+,0.77,0.006298,744,40,501+,1.0,0.211216,0.1822,0,0,0,,0.833,2024-25
2026-08-10,2026-08-17,51015,Augusta County,Virginia,VA,quiet,0.003153,691,13,501+,0.77,0.00395,1217,31,501+,0.63,0.211146,0.098992,0,0,0,,0.931,2024-25
2026-08-10,2026-08-17,08105,Rio Grande County,Colorado,CO,quiet,0.003144,692,18,501+,0.77,0.006319,741,22,501+,1.0,0.21053,0.182976,0,0,0,,0.9417,2024-25
2026-08-10,2026-08-17,48015,Austin County,Texas,TX,quiet,0.003138,693,51,501+,0.77,0.005831,808,83,501+,0.92,0.210153,0.165436,0,0,0,,0.947761,2024-25
2026-08-10,2026-08-17,21049,Clark County,Kentucky,KY,quiet,0.003133,694,12,501+,0.77,0.004546,1060,17,501+,0.72,0.209885,0.119637,0,0,0,,0.982,2024-25
2026-08-10,2026-08-17,37159,Rowan County,North Carolina,NC,quiet,0.003129,695,22,501+,0.77,0.009053,498,15,151–500,1.43,0.209611,0.278893,0,0,0,,0.89567605,2024-25
2026-08-10,2026-08-17,47149,Rutherford County,Tennessee,TN,quiet,0.003113,696,10,501+,0.76,0.006408,729,10,501+,1.02,0.208569,0.186178,0,0,0,,0.962,2024-25
2026-08-10,2026-08-17,29099,Jefferson County,Missouri,MO,quiet,0.003113,697,12,501+,0.76,0.006392,732,13,501+,1.01,0.208564,0.185581,0,0,0,,0.941,2024-25
2026-08-10,2026-08-17,27009,Benton County,Minnesota,MN,quiet,0.003111,698,14,501+,0.76,0.004229,1140,30,501+,0.67,0.208457,0.108586,0,0,0,,0.9,2024-25
2026-08-10,2026-08-17,54029,Hancock County,West Virginia,WV,quiet,0.00311,699,7,501+,0.76,0.005926,786,9,501+,0.94,0.20838,0.168851,0,0,0,,,
2026-08-10,2026-08-17,27061,Itasca County,Minnesota,MN,quiet,0.003108,700,15,501+,0.76,0.008756,520,8,501+,1.39,0.208277,0.268811,0,0,0,,0.897,2024-25
2026-08-10,2026-08-17,08101,Pueblo County,Colorado,CO,quiet,0.003107,701,19,501+,0.76,0.008909,508,18,501+,1.41,0.20822,0.274002,0,0,1,71,0.8713,2024-25
2026-08-10,2026-08-17,48325,Medina County,Texas,TX,quiet,0.003107,702,52,501+,0.76,0.007935,580,58,501+,1.26,0.208219,0.240409,0,0,0,,0.966535,2024-25
2026-08-10,2026-08-17,01097,Mobile County,Alabama,AL,quiet,0.003106,703,4,501+,0.76,0.008694,525,3,501+,1.38,0.208146,0.266666,0,0,0,,0.9469,2024-25
2026-08-10,2026-08-17,19163,Scott County,Iowa,IA,quiet,0.003096,704,7,501+,0.76,0.00531,906,8,501+,0.84,0.207496,0.146769,0,0,0,,0.88769004,2024-25
2026-08-10,2026-08-17,54077,Preston County,West Virginia,WV,quiet,0.003092,705,8,501+,0.76,0.007772,599,6,501+,1.23,0.207227,0.234701,0,0,0,,,
2026-08-10,2026-08-17,27019,Carver County,Minnesota,MN,quiet,0.003087,706,16,501+,0.76,0.005618,855,18,501+,0.89,0.206922,0.157792,0,0,0,,0.858,2024-25
2026-08-10,2026-08-17,26155,Shiawassee County,Michigan,MI,quiet,0.003079,707,36,501+,0.75,0.006443,725,33,501+,1.02,0.206391,0.187402,0,0,0,,0.8968254,2024-25
2026-08-10,2026-08-17,09150,Northeastern Connecticut Planning Region,Connecticut,CT,quiet,0.003074,708,7,501+,0.75,0.00382,1270,7,501+,0.61,0.206088,0.094561,0,0,0,,0.975,2024-25
2026-08-10,2026-08-17,55045,Green County,Wisconsin,WI,quiet,0.003069,709,20,501+,0.75,0.008301,555,12,501+,1.32,0.205809,0.253133,0,0,0,,0.89,2024-25
2026-08-10,2026-08-17,37045,Cleveland County,North Carolina,NC,quiet,0.003066,710,23,501+,0.75,0.006715,688,24,501+,1.06,0.205618,0.197172,0,0,0,,0.94117647,2024-25
2026-08-10,2026-08-17,26067,Ionia County,Michigan,MI,quiet,0.003061,711,37,501+,0.75,0.005706,837,38,501+,0.9,0.205276,0.16095,0,0,0,,0.9088359,2024-25
2026-08-10,2026-08-17,53007,Chelan County,Washington,WA,quiet,0.00306,712,19,501+,0.75,0.006521,715,22,501+,1.03,0.205235,0.190201,0,0,0,,0.924,2024-25
2026-08-10,2026-08-17,17023,Clark County,Illinois,IL,quiet,0.003058,713,14,501+,0.75,0.00273,1688,40,501+,0.43,0.205092,0.059108,0,0,0,,0.986,2024-25
2026-08-10,2026-08-17,35017,Grant County,New Mexico,NM,quiet,0.00305,714,10,501+,0.75,0.004881,994,12,501+,0.77,0.204587,0.131477,0,0,0,,0.8711,2024-25
2026-08-10,2026-08-17,39021,Champaign County,Ohio,OH,quiet,0.003045,715,53,501+,0.75,0.005636,852,47,501+,0.89,0.204243,0.158435,0,0,0,,0.917,2024-25
2026-08-10,2026-08-17,13057,Cherokee County,Georgia,GA,quiet,0.003043,716,10,501+,0.75,0.006792,679,8,501+,1.08,0.204129,0.199922,0,0,0,,,
2026-08-10,2026-08-17,18067,Howard County,Indiana,IN,quiet,0.003034,717,29,501+,0.74,0.005144,945,39,501+,0.82,0.203547,0.140835,0,0,0,,0.8882,2024-25
2026-08-10,2026-08-17,45085,Sumter County,South Carolina,SC,quiet,0.003034,718,16,501+,0.74,0.010769,393,10,151–500,1.71,0.203539,0.335034,0,0,3,37,0.962,2024-25
2026-08-10,2026-08-17,31153,Sarpy County,Nebraska,NE,quiet,0.003033,719,4,501+,0.74,0.006716,687,4,501+,1.06,0.203485,0.197197,0,0,0,,0.953096539,2024-25
2026-08-10,2026-08-17,51085,Hanover County,Virginia,VA,quiet,0.003031,720,14,501+,0.74,0.004245,1136,27,501+,0.67,0.203381,0.109144,0,0,0,,0.949,2024-25
2026-08-10,2026-08-17,22063,Livingston Parish,Louisiana,LA,quiet,0.003028,721,5,501+,0.74,0.005887,796,8,501+,0.93,0.203129,0.167441,0,0,0,,0.8987,2024-25
2026-08-10,2026-08-17,48019,Bandera County,Texas,TX,quiet,0.003019,722,53,501+,0.74,0.008382,550,52,501+,1.33,0.202572,0.255966,0,0,5,22,0.934783,2024-25
2026-08-10,2026-08-17,48181,Grayson County,Texas,TX,quiet,0.003019,723,54,501+,0.74,0.009737,459,40,151–500,1.54,0.202558,0.301728,0,0,0,,0.931014,2024-25
2026-08-10,2026-08-17,55043,Grant County,Wisconsin,WI,quiet,0.003018,724,21,501+,0.74,0.008929,506,11,501+,1.41,0.202492,0.274701,0,0,0,,0.82,2024-25
2026-08-10,2026-08-17,13185,Lowndes County,Georgia,GA,quiet,0.003017,725,11,501+,0.74,0.006242,746,11,501+,0.99,0.202455,0.180188,0,0,0,,,
2026-08-10,2026-08-17,36077,Otsego County,New York,NY,quiet,0.003017,726,32,501+,0.74,0.002677,1729,51,501+,0.42,0.202449,0.057478,0,0,0,,0.998883241,2024-25
2026-08-10,2026-08-17,51177,Spotsylvania County,Virginia,VA,quiet,0.00301,727,15,501+,0.74,0.007472,623,13,501+,1.18,0.202027,0.224124,0,0,0,,0.887,2024-25
2026-08-10,2026-08-17,46093,Meade County,South Dakota,SD,quiet,0.00301,728,6,501+,0.74,0.009076,497,7,151–500,1.44,0.202022,0.279668,0,0,2,61,0.9,2024-25
2026-08-10,2026-08-17,18181,White County,Indiana,IN,quiet,0.003006,729,30,501+,0.74,0.004349,1107,50,501+,0.69,0.201742,0.112761,0,0,0,,0.9655,2024-25
2026-08-10,2026-08-17,17041,Douglas County,Illinois,IL,quiet,0.002999,730,15,501+,0.73,0.006049,769,14,501+,0.96,0.201269,0.173259,0,0,0,,0.979,2024-25
2026-08-10,2026-08-17,48187,Guadalupe County,Texas,TX,quiet,0.002995,731,55,501+,0.73,0.008459,545,51,501+,1.34,0.201036,0.258607,0,0,0,,0.959032,2024-25
2026-08-10,2026-08-17,20041,Dickinson County,Kansas,KS,quiet,0.002983,732,5,501+,0.73,0.003467,1385,26,501+,0.55,0.200258,0.082723,0,0,0,,0.8912,2024-25
2026-08-10,2026-08-17,41035,Klamath County,Oregon,OR,quiet,0.002966,733,14,501+,0.73,0.005128,949,16,501+,0.81,0.199173,0.140256,0,0,0,,0.873,2024-25
2026-08-10,2026-08-17,36001,Albany County,New York,NY,quiet,0.002966,734,33,501+,0.73,0.007853,590,22,501+,1.24,0.199164,0.237521,0,0,0,,0.985144202,2024-25
2026-08-10,2026-08-17,48389,Reeves County,Texas,TX,quiet,0.002965,735,56,501+,0.73,0.004785,1015,110,501+,0.76,0.199129,0.128063,0,0,2,63,0.986047,2024-25
2026-08-10,2026-08-17,36107,Tioga County,New York,NY,quiet,0.002958,736,34,501+,0.72,0.00582,812,31,501+,0.92,0.198643,0.165051,0,0,0,,0.997923694,2024-25
2026-08-10,2026-08-17,48367,Parker County,Texas,TX,quiet,0.002955,737,57,501+,0.72,0.005923,787,79,501+,0.94,0.198489,0.168726,0,0,0,,0.898144,2024-25
2026-08-10,2026-08-17,36057,Montgomery County,New York,NY,quiet,0.002936,738,35,501+,0.72,0.004546,1059,39,501+,0.72,0.197263,0.119663,0,0,0,,0.994313504,2024-25
2026-08-10,2026-08-17,40131,Rogers County,Oklahoma,OK,quiet,0.002936,739,9,501+,0.72,0.006632,701,9,501+,1.05,0.197203,0.194209,0,0,0,,0.8755,2024-25
2026-08-10,2026-08-17,18147,Spencer County,Indiana,IN,quiet,0.002928,740,31,501+,0.72,0.003877,1247,59,501+,0.61,0.196722,0.096483,0,0,0,,0.9074,2024-25
2026-08-10,2026-08-17,45043,Georgetown County,South Carolina,SC,quiet,0.002926,741,17,501+,0.72,0.004122,1166,24,501+,0.65,0.196564,0.104868,0,0,0,,0.958,2024-25
2026-08-10,2026-08-17,47179,Washington County,Tennessee,TN,quiet,0.002925,742,11,501+,0.72,0.008143,565,7,501+,1.29,0.196509,0.247656,0,0,0,,0.941,2024-25
2026-08-10,2026-08-17,29215,Texas County,Missouri,MO,quiet,0.002923,743,13,501+,0.72,0.005596,858,17,501+,0.89,0.196388,0.157,0,0,0,,0.822,2024-25
2026-08-10,2026-08-17,48251,Johnson County,Texas,TX,quiet,0.002914,744,58,501+,0.71,0.006775,680,67,501+,1.07,0.195782,0.19931,0,0,0,,0.927747,2024-25
2026-08-10,2026-08-17,25009,Essex County,Massachusetts,MA,quiet,0.00291,745,9,501+,0.71,0.015236,270,4,151–500,2.41,0.195576,0.461241,0,0,0,,0.965,2024-25
2026-08-10,2026-08-17,29021,Buchanan County,Missouri,MO,quiet,0.002903,746,14,501+,0.71,0.004611,1046,27,501+,0.73,0.195119,0.121918,0,0,0,,0.965,2024-25
2026-08-10,2026-08-17,48401,Rusk County,Texas,TX,quiet,0.0029,747,59,501+,0.71,0.00977,456,39,151–500,1.55,0.194911,0.302821,0,0,0,,0.918182,2024-25
2026-08-10,2026-08-17,17119,Madison County,Illinois,IL,quiet,0.00289,748,16,501+,0.71,0.003916,1234,24,501+,0.62,0.194236,0.097804,0,0,0,,0.974,2024-25
2026-08-10,2026-08-17,47187,Williamson County,Tennessee,TN,quiet,0.002882,749,12,501+,0.71,0.004915,984,17,501+,0.78,0.193742,0.132678,0,0,0,,0.912,2024-25
2026-08-10,2026-08-17,09180,Southeastern Connecticut Planning Region,Connecticut,CT,quiet,0.002878,750,8,501+,0.7,0.00297,1577,9,501+,0.47,0.193452,0.066585,0,0,0,,0.983,2024-25
2026-08-10,2026-08-17,05143,Washington County,Arkansas,AR,quiet,0.002875,751,6,501+,0.7,0.006647,698,6,501+,1.05,0.193271,0.194715,0,0,0,,,
2026-08-10,2026-08-17,27025,Chisago County,Minnesota,MN,quiet,0.002867,752,17,501+,0.7,0.00342,1403,42,501+,0.54,0.192734,0.081171,0,0,0,,0.884,2024-25
2026-08-10,2026-08-17,48231,Hunt County,Texas,TX,quiet,0.002859,753,60,501+,0.7,0.009773,455,38,151–500,1.55,0.192241,0.302934,0,0,0,,0.934137,2024-25
2026-08-10,2026-08-17,26089,Leelanau County,Michigan,MI,quiet,0.002858,754,38,501+,0.7,0.003991,1202,53,501+,0.63,0.192197,0.100397,0,0,0,,0.88198758,2024-25
2026-08-10,2026-08-17,26087,Lapeer County,Michigan,MI,quiet,0.002856,755,39,501+,0.7,0.010392,412,18,151–500,1.65,0.19204,0.323022,0,0,0,,0.82070707,2024-25
2026-08-10,2026-08-17,22019,Calcasieu Parish,Louisiana,LA,quiet,0.002854,756,6,501+,0.7,0.007774,598,5,501+,1.23,0.191933,0.234769,0,0,0,,0.9006,2024-25
2026-08-10,2026-08-17,01115,St. Clair County,Alabama,AL,quiet,0.002843,757,5,501+,0.7,0.004612,1045,11,501+,0.73,0.191199,0.121957,0,0,0,,0.9274,2024-25
2026-08-10,2026-08-17,53041,Lewis County,Washington,WA,quiet,0.002842,758,20,501+,0.7,0.009925,445,17,151–500,1.57,0.191127,0.307922,0,0,0,,0.892,2024-25
2026-08-10,2026-08-17,46129,Walworth County,South Dakota,SD,quiet,0.00284,759,7,501+,0.7,0.006652,696,9,501+,1.05,0.191022,0.194928,0,0,0,,0.91,2024-25
2026-08-10,2026-08-17,45021,Cherokee County,South Carolina,SC,quiet,0.002839,760,18,501+,0.7,0.00858,536,16,501+,1.36,0.190956,0.262773,0,0,36,21,0.932,2024-25
2026-08-10,2026-08-17,48485,Wichita County,Texas,TX,quiet,0.002837,761,61,501+,0.69,0.005359,897,93,501+,0.85,0.190788,0.148492,0,0,0,,0.961702,2024-25
2026-08-10,2026-08-17,17099,LaSalle County,Illinois,IL,quiet,0.002827,762,17,501+,0.69,0.005213,930,16,501+,0.83,0.190177,0.14327,0,0,0,,0.97,2024-25
2026-08-10,2026-08-17,56023,Lincoln County,Wyoming,WY,quiet,0.002827,763,8,501+,0.69,0.005768,822,10,501+,0.91,0.190122,0.163183,0,0,0,,0.92,2022-23
2026-08-10,2026-08-17,53009,Clallam County,Washington,WA,quiet,0.002823,764,21,501+,0.69,0.004469,1083,25,501+,0.71,0.1899,0.116949,0,0,0,,0.779,2024-25
2026-08-10,2026-08-17,35005,Chaves County,New Mexico,NM,quiet,0.002821,765,11,501+,0.69,0.003139,1512,15,501+,0.5,0.189735,0.072001,0,0,1,70,0.9814,2024-25
2026-08-10,2026-08-17,36015,Chemung County,New York,NY,quiet,0.00282,766,36,501+,0.69,0.005766,823,32,501+,0.91,0.189658,0.163095,0,0,0,,0.997523633,2024-25
2026-08-10,2026-08-17,16051,Jefferson County,Idaho,ID,quiet,0.002812,767,13,501+,0.69,0.007833,594,12,501+,1.24,0.189147,0.236847,0,0,0,,0.85,2024-25
2026-08-10,2026-08-17,06041,Marin County,California,CA,quiet,0.00281,768,36,501+,0.69,0.012108,352,29,151–500,1.92,0.189008,0.375974,0,0,0,,0.99034,2024-25
2026-08-10,2026-08-17,36051,Livingston County,New York,NY,quiet,0.002809,769,37,501+,0.69,0.007362,633,23,501+,1.17,0.188948,0.220224,0,0,0,,0.998913489,2024-25
2026-08-10,2026-08-17,36007,Broome County,New York,NY,quiet,0.002799,770,38,501+,0.69,0.01078,392,16,151–500,1.71,0.188343,0.335374,0,0,0,,0.997556971,2024-25
2026-08-10,2026-08-17,55075,Marinette County,Wisconsin,WI,quiet,0.002799,771,22,501+,0.69,0.005639,851,25,501+,0.89,0.188326,0.158536,0,0,0,,0.88,2024-25
2026-08-10,2026-08-17,40037,Creek County,Oklahoma,OK,quiet,0.002798,772,10,501+,0.69,0.005945,782,11,501+,0.94,0.188248,0.169531,0,0,0,,0.878,2024-25
2026-08-10,2026-08-17,39009,Athens County,Ohio,OH,quiet,0.002797,773,54,501+,0.68,0.002858,1619,76,501+,0.45,0.188161,0.063083,0,0,0,,0.939,2024-25
2026-08-10,2026-08-17,37161,Rutherford County,North Carolina,NC,quiet,0.00279,774,24,501+,0.68,0.007503,620,22,501+,1.19,0.187734,0.2252,0,0,1,81,0.92896936,2024-25
2026-08-10,2026-08-17,51550,Chesapeake City,Virginia,VA,quiet,0.00279,775,16,501+,0.68,0.004566,1054,21,501+,0.72,0.187733,0.120347,0,0,0,,0.893,2024-25
2026-08-10,2026-08-17,19013,Black Hawk County,Iowa,IA,quiet,0.002781,776,8,501+,0.68,0.009981,439,3,151–500,1.58,0.187109,0.309735,0,0,0,,0.90699166,2024-25
2026-08-10,2026-08-17,29101,Johnson County,Missouri,MO,quiet,0.00278,777,15,501+,0.68,0.00596,780,14,501+,0.94,0.187063,0.170055,0,0,0,,0.902,2024-25
2026-08-10,2026-08-17,18183,Whitley County,Indiana,IN,quiet,0.002769,778,32,501+,0.68,0.006677,693,27,501+,1.06,0.186346,0.195812,0,0,0,,0.9045,2024-25
2026-08-10,2026-08-17,18093,Lawrence County,Indiana,IN,quiet,0.002767,779,33,501+,0.68,0.009012,502,12,501+,1.43,0.186198,0.2775,0,0,0,,0.9104,2024-25
2026-08-10,2026-08-17,17033,Crawford County,Illinois,IL,quiet,0.002766,780,18,501+,0.68,0.004309,1114,21,501+,0.68,0.186144,0.111379,0,0,0,,0.976,2024-25
2026-08-10,2026-08-17,51179,Stafford County,Virginia,VA,quiet,0.00276,781,17,501+,0.68,0.010052,428,7,151–500,1.59,0.185782,0.312058,0,0,0,,0.91,2024-25
2026-08-10,2026-08-17,22005,Ascension Parish,Louisiana,LA,quiet,0.00276,782,7,501+,0.68,0.005404,885,10,501+,0.86,0.185762,0.150113,0,0,0,,0.9552,2024-25
2026-08-10,2026-08-17,39103,Medina County,Ohio,OH,quiet,0.002756,783,55,501+,0.68,0.005896,794,45,501+,0.93,0.185517,0.167769,0,0,0,,0.917,2024-25
2026-08-10,2026-08-17,01125,Tuscaloosa County,Alabama,AL,quiet,0.002756,784,6,501+,0.68,0.006837,673,5,501+,1.08,0.185515,0.201547,0,0,0,,0.9272,2024-25
2026-08-10,2026-08-17,22055,Lafayette Parish,Louisiana,LA,quiet,0.002754,785,8,501+,0.67,0.006871,672,6,501+,1.09,0.185364,0.202745,0,0,0,,0.8902,2024-25
2026-08-10,2026-08-17,30081,Ravalli County,Montana,MT,quiet,0.002751,786,7,501+,0.67,0.003964,1213,12,501+,0.63,0.185141,0.09944,0,0,0,,,
2026-08-10,2026-08-17,13015,Bartow County,Georgia,GA,quiet,0.00275,787,12,501+,0.67,0.00556,861,14,501+,0.88,0.185112,0.155715,0,0,0,,,
2026-08-10,2026-08-17,36043,Herkimer County,New York,NY,quiet,0.002743,788,39,501+,0.67,0.004656,1034,37,501+,0.74,0.184636,0.123533,0,0,0,,0.997743775,2024-25
2026-08-10,2026-08-17,37019,Brunswick County,North Carolina,NC,quiet,0.002742,789,25,501+,0.67,0.007657,611,20,501+,1.21,0.184585,0.230632,0,0,0,,0.92928453,2024-25
2026-08-10,2026-08-17,21073,Franklin County,Kentucky,KY,quiet,0.002742,790,13,501+,0.67,0.00758,612,9,501+,1.2,0.184572,0.227935,0,0,1,76,0.944,2024-25
2026-08-10,2026-08-17,42131,Wyoming County,Pennsylvania,PA,quiet,0.002738,791,52,501+,0.67,0.00557,859,50,501+,0.88,0.184291,0.15605,0,0,0,,0.973,2024-25
2026-08-10,2026-08-17,31141,Platte County,Nebraska,NE,quiet,0.002736,792,5,501+,0.67,0.004082,1176,7,501+,0.65,0.184184,0.103494,0,0,1,32,0.978308026,2024-25
2026-08-10,2026-08-17,55109,St. Croix County,Wisconsin,WI,quiet,0.002735,793,23,501+,0.67,0.007101,659,18,501+,1.12,0.184114,0.210934,0,0,0,,0.77,2024-25
2026-08-10,2026-08-17,06007,Butte County,California,CA,quiet,0.002734,794,37,501+,0.67,0.007508,619,34,501+,1.19,0.18404,0.225383,0,0,0,,0.96591,2024-25
2026-08-10,2026-08-17,33009,Grafton County,New Hampshire,NH,quiet,0.002728,795,7,501+,0.67,0.003718,1308,7,501+,0.59,0.183621,0.091085,0,0,0,,0.911,2024-25
2026-08-10,2026-08-17,27041,Douglas County,Minnesota,MN,quiet,0.002727,796,18,501+,0.67,0.003495,1373,40,501+,0.55,0.183566,0.083652,0,0,0,,0.884,2024-25
2026-08-10,2026-08-17,26075,Jackson County,Michigan,MI,quiet,0.002725,797,40,501+,0.67,0.006439,726,34,501+,1.02,0.183474,0.187289,0,0,0,,0.91856492,2024-25
2026-08-10,2026-08-17,36117,Wayne County,New York,NY,quiet,0.002721,798,40,501+,0.67,0.004644,1038,38,501+,0.74,0.183198,0.123105,0,0,0,,0.998175381,2024-25
2026-08-10,2026-08-17,16079,Shoshone County,Idaho,ID,quiet,0.002721,799,14,501+,0.67,0.004546,1061,21,501+,0.72,0.183186,0.119632,0,0,0,,0.7,2024-25
2026-08-10,2026-08-17,27099,Mower County,Minnesota,MN,quiet,0.00272,800,19,501+,0.67,0.005016,972,24,501+,0.79,0.183148,0.136257,0,0,0,,0.943,2024-25
2026-08-10,2026-08-17,41003,Benton County,Oregon,OR,quiet,0.002715,801,15,501+,0.67,0.004162,1159,18,501+,0.66,0.182824,0.106275,0,0,0,,0.942,2024-25
2026-08-10,2026-08-17,55005,Barron County,Wisconsin,WI,quiet,0.002709,802,24,501+,0.66,0.004837,1005,33,501+,0.77,0.182382,0.129921,0,0,0,,0.85,2024-25
2026-08-10,2026-08-17,24009,Calvert County,Maryland,MD,quiet,0.002689,803,19,501+,0.66,0.005738,827,18,501+,0.91,0.181094,0.162099,0,0,0,,0.968,2024-25
2026-08-10,2026-08-17,48407,San Jacinto County,Texas,TX,quiet,0.002686,804,62,501+,0.66,0.006749,686,69,501+,1.07,0.180858,0.198372,0,0,0,,0.96,2024-25
2026-08-10,2026-08-17,04011,Greenlee County,Arizona,AZ,quiet,0.002685,805,11,501+,0.66,0.006802,677,11,501+,1.08,0.180786,0.20028,0,0,0,,0.806,2024-25
2026-08-10,2026-08-17,26043,Dickinson County,Michigan,MI,quiet,0.002684,806,41,501+,0.66,0.003171,1497,66,501+,0.5,0.180731,0.073022,0,0,0,,0.91891892,2024-25
2026-08-10,2026-08-17,39013,Belmont County,Ohio,OH,quiet,0.002679,807,56,501+,0.66,0.010227,417,22,151–500,1.62,0.180404,0.317741,0,0,0,,0.932,2024-25
2026-08-10,2026-08-17,17179,Tazewell County,Illinois,IL,quiet,0.002675,808,19,501+,0.66,0.004726,1023,18,501+,0.75,0.180128,0.125975,0,0,0,,0.947,2024-25
2026-08-10,2026-08-17,36109,Tompkins County,New York,NY,quiet,0.002673,809,41,501+,0.65,0.002473,1853,53,501+,0.39,0.180038,0.051296,0,0,0,,0.998040898,2024-25
2026-08-10,2026-08-17,27157,Wabasha County,Minnesota,MN,quiet,0.002672,810,20,501+,0.65,0.00527,918,23,501+,0.84,0.17995,0.145332,0,0,0,,0.87,2024-25
2026-08-10,2026-08-17,29037,Cass County,Missouri,MO,quiet,0.002671,811,16,501+,0.65,0.004379,1101,29,501+,0.69,0.179865,0.113817,0,0,0,,0.898,2024-25
2026-08-10,2026-08-17,18177,Wayne County,Indiana,IN,quiet,0.00267,812,34,501+,0.65,0.004797,1014,43,501+,0.76,0.179843,0.128494,0,0,0,,0.8952,2024-25
2026-08-10,2026-08-17,48069,Castro County,Texas,TX,quiet,0.002664,813,63,501+,0.65,0.007677,608,61,501+,1.22,0.179425,0.231342,0,0,0,,0.963303,2024-25
2026-08-10,2026-08-17,37031,Carteret County,North Carolina,NC,quiet,0.002663,814,26,501+,0.65,0.004454,1087,41,501+,0.71,0.179347,0.116425,0,0,0,,0.94867257,2024-25
2026-08-10,2026-08-17,29169,Pulaski County,Missouri,MO,quiet,0.002659,815,17,501+,0.65,0.005512,871,19,501+,0.87,0.179074,0.153975,0,0,0,,0.906,2024-25
2026-08-10,2026-08-17,36105,Sullivan County,New York,NY,quiet,0.002658,816,42,501+,0.65,0.003896,1243,42,501+,0.62,0.179018,0.097122,0,0,0,,0.984604647,2024-25
2026-08-10,2026-08-17,25011,Franklin County,Massachusetts,MA,quiet,0.002658,817,10,501+,0.65,0.005409,884,9,501+,0.86,0.178995,0.150292,0,0,0,,0.915,2024-25
2026-08-10,2026-08-17,29039,Cedar County,Missouri,MO,quiet,0.002656,818,18,501+,0.65,0.009098,495,6,151–500,1.44,0.178904,0.280401,0,0,5,58,0.744,2024-25
2026-08-10,2026-08-17,50005,Caledonia County,Vermont,VT,quiet,0.002643,819,7,501+,0.65,0.003547,1356,11,501+,0.56,0.178052,0.085384,0,0,0,,0.92,2024-25
2026-08-10,2026-08-17,04009,Graham County,Arizona,AZ,quiet,0.002642,820,12,501+,0.65,0.009507,473,9,151–500,1.51,0.177984,0.294127,0,0,0,,0.873,2024-25
2026-08-10,2026-08-17,36083,Rensselaer County,New York,NY,quiet,0.002631,821,43,501+,0.64,0.007858,589,21,501+,1.24,0.17723,0.237692,0,0,0,,0.999149023,2024-25
2026-08-10,2026-08-17,26105,Mason County,Michigan,MI,quiet,0.002625,822,42,501+,0.64,0.006109,762,37,501+,0.97,0.17682,0.175431,0,0,0,,0.88888889,2024-25
2026-08-10,2026-08-17,16011,Bingham County,Idaho,ID,quiet,0.002621,823,15,501+,0.64,0.010126,425,8,151–500,1.6,0.176577,0.314456,0,0,0,,0.82,2024-25
2026-08-10,2026-08-17,51199,York County,Virginia,VA,quiet,0.00262,824,18,501+,0.64,0.002763,1673,52,501+,0.44,0.176513,0.060119,0,0,0,,0.934,2024-25
2026-08-10,2026-08-17,51700,Newport News City,Virginia,VA,quiet,0.002613,825,19,501+,0.64,0.006468,724,16,501+,1.02,0.176047,0.188303,0,0,0,,0.875,2024-25
2026-08-10,2026-08-17,48369,Parmer County,Texas,TX,quiet,0.002609,826,64,501+,0.64,0.01001,437,37,151–500,1.59,0.175736,0.310673,0,0,5,66,0.972414,2024-25
2026-08-10,2026-08-17,26137,Otsego County,Michigan,MI,quiet,0.002601,827,43,501+,0.64,0.004876,997,47,501+,0.77,0.17525,0.131305,0,0,0,,0.82954545,2024-25
2026-08-10,2026-08-17,54061,Monongalia County,West Virginia,WV,quiet,0.0026,828,9,501+,0.64,0.007272,641,7,501+,1.15,0.175172,0.21702,0,0,0,,,
2026-08-10,2026-08-17,18071,Jackson County,Indiana,IN,quiet,0.002598,829,35,501+,0.64,0.003141,1510,70,501+,0.5,0.175063,0.072044,0,0,0,,0.9877,2024-25
2026-08-10,2026-08-17,37121,Mitchell County,North Carolina,NC,quiet,0.002598,830,27,501+,0.64,0.004015,1199,46,501+,0.64,0.175019,0.101216,0,0,0,,0.90909091,2024-25
2026-08-10,2026-08-17,20103,Leavenworth County,Kansas,KS,quiet,0.002595,831,6,501+,0.64,0.004486,1080,14,501+,0.71,0.174845,0.117546,0,0,0,,0.9627,2024-25
2026-08-10,2026-08-17,46083,Lincoln County,South Dakota,SD,quiet,0.002594,832,8,501+,0.64,0.009359,482,6,151–500,1.48,0.174764,0.289192,0,0,8,59,0.93,2024-25
2026-08-10,2026-08-17,13117,Forsyth County,Georgia,GA,quiet,0.002591,833,13,501+,0.63,0.006426,727,10,501+,1.02,0.174572,0.186791,0,0,0,,,
2026-08-10,2026-08-17,48361,Orange County,Texas,TX,quiet,0.002591,834,65,501+,0.63,0.005263,921,97,501+,0.83,0.17455,0.145066,0,0,0,,0.915966,2024-25
2026-08-10,2026-08-17,42047,Elk County,Pennsylvania,PA,quiet,0.002591,835,53,501+,0.63,0.006483,720,48,501+,1.03,0.174543,0.188853,0,0,0,,0.948,2024-25
2026-08-10,2026-08-17,27013,Blue Earth County,Minnesota,MN,quiet,0.00259,836,21,501+,0.63,0.005785,817,16,501+,0.92,0.174502,0.163772,0,0,0,,0.897,2024-25
2026-08-10,2026-08-17,55019,Clark County,Wisconsin,WI,quiet,0.002587,837,25,501+,0.63,0.007365,632,15,501+,1.17,0.174273,0.220319,0,0,0,,0.78,2024-25
2026-08-10,2026-08-17,55085,Oneida County,Wisconsin,WI,quiet,0.002584,838,26,501+,0.63,0.006333,740,20,501+,1.0,0.174111,0.18346,0,0,0,,0.91,2024-25
2026-08-10,2026-08-17,36023,Cortland County,New York,NY,quiet,0.002581,839,44,501+,0.63,0.003837,1264,43,501+,0.61,0.173898,0.095132,0,0,0,,0.99913159,2024-25
2026-08-10,2026-08-17,21145,McCracken County,Kentucky,KY,quiet,0.002578,840,14,501+,0.63,0.004835,1006,16,501+,0.77,0.173685,0.129857,0,0,0,,0.898,2024-25
2026-08-10,2026-08-17,49023,Juab County,Utah,UT,quiet,0.002574,841,14,501+,0.63,0.00449,1078,19,501+,0.71,0.173441,0.117695,0,0,0,,0.783784,2024-25
2026-08-10,2026-08-17,06033,Lake County,California,CA,quiet,0.002569,842,38,501+,0.63,0.003842,1261,50,501+,0.61,0.173101,0.095304,0,0,0,,0.97759,2024-25
2026-08-10,2026-08-17,37069,Franklin County,North Carolina,NC,quiet,0.002562,843,28,501+,0.63,0.005071,956,40,501+,0.8,0.172653,0.138236,0,0,0,,0.94047619,2024-25
2026-08-10,2026-08-17,45041,Florence County,South Carolina,SC,quiet,0.002557,844,19,501+,0.63,0.006227,748,19,501+,0.99,0.172311,0.179648,0,0,0,,0.969,2024-25
2026-08-10,2026-08-17,51069,Frederick County,Virginia,VA,quiet,0.002555,845,20,501+,0.63,0.006001,776,17,501+,0.95,0.172198,0.171552,0,0,0,,0.911,2024-25
2026-08-10,2026-08-17,55139,Winnebago County,Wisconsin,WI,quiet,0.002554,846,27,501+,0.63,0.005733,829,23,501+,0.91,0.172087,0.161901,0,0,0,,0.85,2024-25
2026-08-10,2026-08-17,51680,Lynchburg City,Virginia,VA,quiet,0.002554,847,21,501+,0.63,0.006762,684,15,501+,1.07,0.172078,0.198857,0,0,0,,0.715,2024-25
2026-08-10,2026-08-17,18035,Delaware County,Indiana,IN,quiet,0.002554,848,36,501+,0.63,0.004274,1126,53,501+,0.68,0.172066,0.110162,0,0,0,,0.907,2024-25
2026-08-10,2026-08-17,48427,Starr County,Texas,TX,quiet,0.002552,849,66,501+,0.63,0.002353,1926,194,501+,0.37,0.171985,0.047759,0,0,0,,0.945777,2024-25
2026-08-10,2026-08-17,49039,Sanpete County,Utah,UT,quiet,0.002548,850,15,501+,0.62,0.005692,843,13,501+,0.9,0.171682,0.160436,0,0,0,,0.881443,2024-25
2026-08-10,2026-08-17,26147,St. Clair County,Michigan,MI,quiet,0.002544,851,44,501+,0.62,0.00746,626,29,501+,1.18,0.171454,0.223677,0,0,0,,0.86947063,2024-25
2026-08-10,2026-08-17,08119,Teller County,Colorado,CO,quiet,0.002542,852,20,501+,0.62,0.005054,964,27,501+,0.8,0.171288,0.137619,0,0,0,,0.7811,2024-25
2026-08-10,2026-08-17,18011,Boone County,Indiana,IN,quiet,0.002541,853,37,501+,0.62,0.005512,870,33,501+,0.87,0.17126,0.153995,0,0,0,,0.9622,2024-25
2026-08-10,2026-08-17,50001,Addison County,Vermont,VT,quiet,0.002538,854,8,501+,0.62,0.003984,1204,10,501+,0.63,0.17103,0.100148,0,0,0,,0.94,2024-25
2026-08-10,2026-08-17,18001,Adams County,Indiana,IN,quiet,0.002534,855,38,501+,0.62,0.00671,690,26,501+,1.06,0.17077,0.196981,0,0,0,,0.9156,2024-25
2026-08-10,2026-08-17,47113,Madison County,Tennessee,TN,quiet,0.002529,856,13,501+,0.62,0.005065,959,16,501+,0.8,0.170442,0.138005,0,0,0,,0.957,2024-25
2026-08-10,2026-08-17,55131,Washington County,Wisconsin,WI,quiet,0.002528,857,28,501+,0.62,0.005385,892,28,501+,0.85,0.17036,0.14944,0,0,0,,0.85,2024-25
2026-08-10,2026-08-17,26049,Genesee County,Michigan,MI,quiet,0.002528,858,45,501+,0.62,0.00771,602,26,501+,1.22,0.170351,0.23252,0,0,0,,0.89990162,2024-25
2026-08-10,2026-08-17,19155,Pottawattamie County,Iowa,IA,quiet,0.002528,859,9,501+,0.62,0.006609,703,6,501+,1.05,0.170329,0.193374,0,0,0,,0.86940639,2024-25
2026-08-10,2026-08-17,25015,Hampshire County,Massachusetts,MA,quiet,0.00252,860,11,501+,0.62,0.00229,1975,13,501+,0.36,0.1698,0.045936,0,0,0,,0.957,2024-25
2026-08-10,2026-08-17,18043,Floyd County,Indiana,IN,quiet,0.002518,861,39,501+,0.62,0.00348,1378,63,501+,0.55,0.16968,0.083126,0,0,0,,0.9267,2024-25
2026-08-10,2026-08-17,56033,Sheridan County,Wyoming,WY,quiet,0.002517,862,9,501+,0.62,0.005302,908,11,501+,0.84,0.169646,0.146469,0,0,0,,0.9,2022-23
2026-08-10,2026-08-17,40125,Pottawatomie County,Oklahoma,OK,quiet,0.002515,863,11,501+,0.62,0.005334,901,15,501+,0.85,0.169461,0.147605,0,0,0,,0.9097,2024-25
2026-08-10,2026-08-17,21005,Anderson County,Kentucky,KY,quiet,0.002511,864,15,501+,0.61,0.003181,1492,22,501+,0.5,0.169223,0.073343,0,0,0,,0.852,2024-25
2026-08-10,2026-08-17,27027,Clay County,Minnesota,MN,quiet,0.00251,865,22,501+,0.61,0.006794,678,11,501+,1.08,0.169149,0.19999,0,0,0,,0.874,2024-25
2026-08-10,2026-08-17,31043,Dakota County,Nebraska,NE,quiet,0.002505,866,6,501+,0.61,0.003618,1336,9,501+,0.57,0.16881,0.087742,0,0,0,,0.954545455,2024-25
2026-08-10,2026-08-17,54057,Mineral County,West Virginia,WV,quiet,0.002503,867,10,501+,0.61,0.004304,1117,20,501+,0.68,0.16869,0.111174,0,0,0,,,
2026-08-10,2026-08-17,17161,Rock Island County,Illinois,IL,quiet,0.002501,868,20,501+,0.61,0.005127,950,17,501+,0.81,0.168559,0.14023,0,0,0,,0.968,2024-25
2026-08-10,2026-08-17,39071,Highland County,Ohio,OH,quiet,0.002498,869,57,501+,0.61,0.005175,937,56,501+,0.82,0.168312,0.141944,0,0,0,,0.942,2024-25
2026-08-10,2026-08-17,41007,Clatsop County,Oregon,OR,quiet,0.002496,870,16,501+,0.61,0.005556,863,14,501+,0.88,0.168238,0.155563,0,0,0,,0.905,2024-25
2026-08-10,2026-08-17,51600,Fairfax City,Virginia,VA,quiet,0.002493,871,22,501+,0.61,0.004305,1116,26,501+,0.68,0.168027,0.111216,0,0,0,,0.91,2024-25
2026-08-10,2026-08-17,54067,Nicholas County,West Virginia,WV,quiet,0.002492,872,11,501+,0.61,0.004412,1093,19,501+,0.7,0.167937,0.11495,0,0,0,,,
2026-08-10,2026-08-17,20061,Geary County,Kansas,KS,quiet,0.002491,873,7,501+,0.61,0.003275,1460,27,501+,0.52,0.16786,0.076386,0,0,0,,0.6656,2024-25
2026-08-10,2026-08-17,54079,Putnam County,West Virginia,WV,quiet,0.002485,874,12,501+,0.61,0.004845,1003,15,501+,0.77,0.167448,0.130183,0,0,0,,,
2026-08-10,2026-08-17,44003,Kent County,Rhode Island,RI,quiet,0.002482,875,2,501+,0.61,0.009643,464,2,151–500,1.53,0.167294,0.298631,0,0,0,,0.965,2024-25
2026-08-10,2026-08-17,36045,Jefferson County,New York,NY,quiet,0.00248,876,45,501+,0.61,0.010015,436,17,151–500,1.59,0.167118,0.310853,0,0,0,,0.994304515,2024-25
2026-08-10,2026-08-17,54055,Mercer County,West Virginia,WV,quiet,0.002479,877,13,501+,0.61,0.003911,1238,21,501+,0.62,0.167085,0.097648,0,0,0,,,
2026-08-10,2026-08-17,18087,LaGrange County,Indiana,IN,quiet,0.002479,878,40,501+,0.61,0.010406,410,9,151–500,1.65,0.167057,0.323481,0,0,0,,0.7686,2024-25
2026-08-10,2026-08-17,31019,Buffalo County,Nebraska,NE,quiet,0.002479,879,7,501+,0.61,0.003907,1239,8,501+,0.62,0.167047,0.097523,0,0,0,,0.975641026,2024-25
2026-08-10,2026-08-17,06045,Mendocino County,California,CA,quiet,0.002472,880,39,501+,0.61,0.005288,915,44,501+,0.84,0.166582,0.145953,0,0,0,,0.96403,2024-25
2026-08-10,2026-08-17,13077,Coweta County,Georgia,GA,quiet,0.00247,881,14,501+,0.6,0.0091,493,6,151–500,1.44,0.166456,0.2805,0,0,0,,,
2026-08-10,2026-08-17,08029,Delta County,Colorado,CO,quiet,0.002467,882,21,501+,0.6,0.009274,488,17,151–500,1.47,0.166259,0.286355,0,0,1,11,0.8,2024-25
2026-08-10,2026-08-17,51650,Hampton City,Virginia,VA,quiet,0.002467,883,23,501+,0.6,0.004816,1010,20,501+,0.76,0.166233,0.129156,0,0,0,,0.926,2024-25
2026-08-10,2026-08-17,17183,Vermilion County,Illinois,IL,quiet,0.002466,884,21,501+,0.6,0.006094,765,13,501+,0.97,0.166188,0.174868,0,0,0,,0.957,2024-25
2026-08-10,2026-08-17,41011,Coos County,Oregon,OR,quiet,0.002458,885,17,501+,0.6,0.005491,873,15,501+,0.87,0.165645,0.153244,0,0,0,,0.915,2024-25
2026-08-10,2026-08-17,40113,Osage County,Oklahoma,OK,quiet,0.002456,886,12,501+,0.6,0.006711,689,8,501+,1.06,0.165509,0.197037,0,0,0,,0.8452,2024-25
2026-08-10,2026-08-17,55023,Crawford County,Wisconsin,WI,quiet,0.002456,887,29,501+,0.6,0.00262,1763,57,501+,0.42,0.165489,0.055738,0,0,0,,0.77,2024-25
2026-08-10,2026-08-17,06047,Merced County,California,CA,quiet,0.002455,888,40,501+,0.6,0.005751,825,42,501+,0.91,0.165468,0.16257,0,0,0,,0.97941,2024-25
2026-08-10,2026-08-17,37023,Burke County,North Carolina,NC,quiet,0.002448,889,29,501+,0.6,0.005636,853,37,501+,0.89,0.164994,0.158421,0,0,1,23,0.95911602,2024-25
2026-08-10,2026-08-17,20095,Kingman County,Kansas,KS,quiet,0.002448,890,8,501+,0.6,0.004544,1062,12,501+,0.72,0.164978,0.119589,0,0,0,,0.5769,2024-25
2026-08-10,2026-08-17,48451,Tom Green County,Texas,TX,quiet,0.002446,891,67,501+,0.6,0.007965,577,56,501+,1.26,0.164851,0.241444,0,0,0,,0.958136,2024-25
2026-08-10,2026-08-17,23003,Aroostook County,Maine,ME,quiet,0.00244,892,5,501+,0.6,0.008178,564,4,501+,1.3,0.164451,0.248893,0,0,0,,0.9724,2024-25
2026-08-10,2026-08-17,39173,Wood County,Ohio,OH,quiet,0.002432,893,58,501+,0.6,0.008534,539,31,501+,1.35,0.163905,0.261186,0,0,0,,0.929,2024-25
2026-08-10,2026-08-17,01103,Morgan County,Alabama,AL,quiet,0.00243,894,7,501+,0.6,0.004858,1001,9,501+,0.77,0.163756,0.130672,0,0,0,,0.9612,2024-25
2026-08-10,2026-08-17,47001,Anderson County,Tennessee,TN,quiet,0.002429,895,14,501+,0.59,0.004499,1076,18,501+,0.71,0.163712,0.117992,0,0,0,,0.959,2024-25
2026-08-10,2026-08-17,37127,Nash County,North Carolina,NC,quiet,0.002425,896,30,501+,0.59,0.006383,733,29,501+,1.01,0.163433,0.185261,0,0,1,28,0.95996276,2024-25
2026-08-10,2026-08-17,48221,Hood County,Texas,TX,quiet,0.002423,897,68,501+,0.59,0.005527,867,89,501+,0.88,0.163301,0.15453,0,0,0,,0.914063,2024-25
2026-08-10,2026-08-17,23025,Somerset County,Maine,ME,quiet,0.002423,898,6,501+,0.59,0.005197,933,7,501+,0.82,0.163292,0.142731,0,0,0,,0.9879,2024-25
2026-08-10,2026-08-17,47021,Cheatham County,Tennessee,TN,quiet,0.002422,899,15,501+,0.59,0.003609,1337,22,501+,0.57,0.163223,0.087435,0,0,0,,0.965,2024-25
2026-08-10,2026-08-17,48493,Wilson County,Texas,TX,quiet,0.002421,900,69,501+,0.59,0.005774,820,84,501+,0.91,0.163122,0.163397,0,0,0,,0.934921,2024-25
2026-08-10,2026-08-17,50021,Rutland County,Vermont,VT,quiet,0.002414,901,9,501+,0.59,0.007164,650,3,501+,1.14,0.162703,0.213188,0,0,0,,0.93,2024-25
2026-08-10,2026-08-17,16053,Jerome County,Idaho,ID,quiet,0.002412,902,16,501+,0.59,0.005912,790,17,501+,0.94,0.162562,0.168336,0,0,0,,0.89,2024-25
2026-08-10,2026-08-17,55073,Marathon County,Wisconsin,WI,quiet,0.00241,903,30,501+,0.59,0.005396,886,27,501+,0.85,0.162427,0.149818,0,0,0,,0.87,2024-25
2026-08-10,2026-08-17,36097,Schuyler County,New York,NY,quiet,0.002408,904,46,501+,0.59,0.004841,1004,36,501+,0.77,0.162287,0.130043,0,0,0,,0.995266901,2024-25
2026-08-10,2026-08-17,48053,Burnet County,Texas,TX,quiet,0.002407,905,70,501+,0.59,0.006079,766,76,501+,0.96,0.162217,0.174343,0,0,0,,0.881002,2024-25
2026-08-10,2026-08-17,26093,Livingston County,Michigan,MI,quiet,0.002404,906,46,501+,0.59,0.00517,938,44,501+,0.82,0.162006,0.141766,0,0,0,,0.84727273,2024-25
2026-08-10,2026-08-17,53037,Kittitas County,Washington,WA,quiet,0.002401,907,22,501+,0.59,0.017502,218,9,151–500,2.77,0.161808,0.514309,0,0,7,15,0.905,2024-25
2026-08-10,2026-08-17,29091,Howell County,Missouri,MO,quiet,0.002399,908,19,501+,0.59,0.005735,828,16,501+,0.91,0.16168,0.161999,0,0,0,,0.839,2024-25
2026-08-10,2026-08-17,29145,Newton County,Missouri,MO,quiet,0.002389,909,20,501+,0.59,0.005055,963,23,501+,0.8,0.161011,0.13765,0,0,0,,0.893,2024-25
2026-08-10,2026-08-17,49047,Uintah County,Utah,UT,quiet,0.002388,910,16,501+,0.58,0.005427,883,14,501+,0.86,0.160899,0.150925,0,0,0,,0.881974,2024-25
2026-08-10,2026-08-17,55093,Pierce County,Wisconsin,WI,quiet,0.002378,911,31,501+,0.58,0.007105,658,17,501+,1.13,0.160245,0.211082,0,0,0,,0.83,2024-25
2026-08-10,2026-08-17,17103,Lee County,Illinois,IL,quiet,0.002374,912,22,501+,0.58,0.002868,1613,39,501+,0.45,0.159947,0.063392,0,0,0,,0.967,2024-25
2026-08-10,2026-08-17,27005,Becker County,Minnesota,MN,quiet,0.002374,913,23,501+,0.58,0.005642,849,17,501+,0.89,0.159946,0.158653,0,0,0,,0.905,2024-25
2026-08-10,2026-08-17,23023,Sagadahoc County,Maine,ME,quiet,0.002371,914,7,501+,0.58,0.004053,1185,11,501+,0.64,0.159768,0.102511,0,0,0,,0.987,2024-25
2026-08-10,2026-08-17,12089,Nassau County,Florida,FL,quiet,0.002369,915,32,501+,0.58,0.008641,530,30,501+,1.37,0.159617,0.264861,0,0,0,,0.918,2024-25
2026-08-10,2026-08-17,25003,Berkshire County,Massachusetts,MA,quiet,0.002366,916,12,501+,0.58,0.002389,1896,12,501+,0.38,0.1594,0.048838,0,0,0,,0.918,2024-25
2026-08-10,2026-08-17,48467,Van Zandt County,Texas,TX,quiet,0.002365,917,71,501+,0.58,0.009521,472,43,151–500,1.51,0.159383,0.294577,0,0,0,,0.92068,2024-25
2026-08-10,2026-08-17,47163,Sullivan County,Tennessee,TN,quiet,0.002365,918,16,501+,0.58,0.005251,923,15,501+,0.83,0.159359,0.144652,0,0,0,,0.949,2024-25
2026-08-10,2026-08-17,04012,La Paz County,Arizona,AZ,quiet,0.002365,919,13,501+,0.58,0.003427,1398,14,501+,0.54,0.159339,0.081381,0,0,0,,0.9,2024-25
2026-08-10,2026-08-17,13013,Barrow County,Georgia,GA,quiet,0.002356,920,15,501+,0.58,0.004748,1020,21,501+,0.75,0.158752,0.126767,0,0,0,,,
2026-08-10,2026-08-17,29027,Callaway County,Missouri,MO,quiet,0.002354,921,21,501+,0.58,0.003421,1401,45,501+,0.54,0.15864,0.081178,0,0,0,,0.905,2024-25
2026-08-10,2026-08-17,36037,Genesee County,New York,NY,quiet,0.002348,922,47,501+,0.58,0.005969,778,28,501+,0.95,0.158206,0.17039,0,0,0,,0.997660514,2024-25
2026-08-10,2026-08-17,48215,Hidalgo County,Texas,TX,quiet,0.002342,923,72,501+,0.57,0.005658,846,88,501+,0.9,0.157767,0.159212,0,0,0,,0.968848,2024-25
2026-08-10,2026-08-17,55017,Chippewa County,Wisconsin,WI,quiet,0.002339,924,32,501+,0.57,0.004607,1047,35,501+,0.73,0.15756,0.121795,0,0,0,,0.71,2024-25
2026-08-10,2026-08-17,55063,La Crosse County,Wisconsin,WI,quiet,0.002328,925,33,501+,0.57,0.005632,854,26,501+,0.89,0.15682,0.158286,0,0,0,,0.86,2024-25
2026-08-10,2026-08-17,20097,Kiowa County,Kansas,KS,quiet,0.002326,926,9,501+,0.57,0.011466,373,1,151–500,1.82,0.156726,0.356671,0,0,6,71,0.6,2024-25
2026-08-10,2026-08-17,20155,Reno County,Kansas,KS,quiet,0.002324,927,10,501+,0.57,0.005176,936,9,501+,0.82,0.156548,0.141983,0,0,0,,0.916,2024-25
2026-08-10,2026-08-17,28035,Forrest County,Mississippi,MS,quiet,0.002319,928,1,501+,0.57,0.003047,1551,8,501+,0.48,0.156263,0.069038,0,0,0,,0.9705,2024-25
2026-08-10,2026-08-17,32023,Nye County,Nevada,NV,quiet,0.002317,929,6,501+,0.57,0.008205,561,3,501+,1.3,0.156079,0.249816,0,0,0,,0.825,2024-25
2026-08-10,2026-08-17,16013,Blaine County,Idaho,ID,quiet,0.002317,930,17,501+,0.57,0.004629,1041,20,501+,0.73,0.156062,0.122555,0,0,0,,0.73,2024-25
2026-08-10,2026-08-17,29143,New Madrid County,Missouri,MO,quiet,0.002313,931,22,501+,0.57,0.007699,603,10,501+,1.22,0.155845,0.232118,0,0,1,66,0.963,2024-25
2026-08-10,2026-08-17,55015,Calumet County,Wisconsin,WI,quiet,0.002311,932,34,501+,0.57,0.003194,1484,46,501+,0.51,0.15572,0.073775,0,0,0,,0.85,2024-25
2026-08-10,2026-08-17,45073,Oconee County,South Carolina,SC,quiet,0.002308,933,20,501+,0.57,0.004883,993,22,501+,0.77,0.155459,0.131542,0,0,0,,0.943,2024-25
2026-08-10,2026-08-17,16049,Idaho County,Idaho,ID,quiet,0.002303,934,18,501+,0.56,0.006872,671,14,501+,1.09,0.155124,0.20279,0,0,0,,0.54,2024-25
2026-08-10,2026-08-17,51061,Fauquier County,Virginia,VA,quiet,0.002298,935,24,501+,0.56,0.004383,1099,23,501+,0.69,0.1548,0.113949,0,0,0,,0.922,2024-25
2026-08-10,2026-08-17,48441,Taylor County,Texas,TX,quiet,0.002296,936,73,501+,0.56,0.005063,962,103,501+,0.8,0.154694,0.137933,0,0,0,,0.96213,2024-25
2026-08-10,2026-08-17,48041,Brazos County,Texas,TX,quiet,0.002294,937,74,501+,0.56,0.009342,484,44,151–500,1.48,0.154511,0.288611,0,0,0,,0.979899,2024-25
2026-08-10,2026-08-17,31161,Sheridan County,Nebraska,NE,quiet,0.002292,938,8,501+,0.56,0.009368,481,3,151–500,1.48,0.154397,0.289499,0,0,1,63,0.87804878,2024-25
2026-08-10,2026-08-17,50003,Bennington County,Vermont,VT,quiet,0.002291,939,10,501+,0.56,0.005812,813,4,501+,0.92,0.15432,0.164758,0,0,0,,0.9,2024-25
2026-08-10,2026-08-17,20069,Gray County,Kansas,KS,quiet,0.00229,940,11,501+,0.56,0.006529,714,6,501+,1.03,0.154266,0.1905,0,0,29,56,0.9039,2024-25
2026-08-10,2026-08-17,48341,Moore County,Texas,TX,quiet,0.002289,941,75,501+,0.56,0.006469,723,72,501+,1.02,0.154167,0.188338,0,0,0,,0.965699,2024-25
2026-08-10,2026-08-17,37141,Pender County,North Carolina,NC,quiet,0.002287,942,31,501+,0.56,0.005559,862,38,501+,0.88,0.154053,0.155664,0,0,0,,0.9286754,2024-25
2026-08-10,2026-08-17,18109,Morgan County,Indiana,IN,quiet,0.002282,943,41,501+,0.56,0.007471,624,22,501+,1.18,0.153688,0.22408,0,0,0,,0.8789,2024-25
2026-08-10,2026-08-17,18099,Marshall County,Indiana,IN,quiet,0.002277,944,42,501+,0.56,0.005297,910,36,501+,0.84,0.153391,0.146282,0,0,0,,0.8797,2024-25
2026-08-10,2026-08-17,53051,Pend Oreille County,Washington,WA,quiet,0.002275,945,23,501+,0.56,0.003855,1257,29,501+,0.61,0.153249,0.09575,0,0,0,,0.74,2024-25
2026-08-10,2026-08-17,47105,Loudon County,Tennessee,TN,quiet,0.002274,946,17,501+,0.56,0.006555,710,9,501+,1.04,0.153188,0.191431,0,0,0,,0.931,2024-25
2026-08-10,2026-08-17,48245,Jefferson County,Texas,TX,quiet,0.002274,947,76,501+,0.56,0.008758,519,49,501+,1.39,0.153174,0.268872,0,0,0,,0.95067,2024-25
2026-08-10,2026-08-17,21029,Bullitt County,Kentucky,KY,quiet,0.002274,948,16,501+,0.56,0.008194,562,8,501+,1.3,0.153136,0.249447,0,0,0,,0.91991992,2024-25
2026-08-10,2026-08-17,17073,Henry County,Illinois,IL,quiet,0.002271,949,23,501+,0.56,0.003696,1311,27,501+,0.59,0.152982,0.090371,0,0,0,,0.972,2024-25
2026-08-10,2026-08-17,38025,Dunn County,North Dakota,ND,quiet,0.002271,950,9,501+,0.56,0.008062,570,9,501+,1.28,0.152926,0.244843,0,0,1,15,0.8125,2024-25
2026-08-10,2026-08-17,20149,Pottawatomie County,Kansas,KS,quiet,0.00227,951,12,501+,0.56,0.005705,838,8,501+,0.9,0.15292,0.160897,0,0,0,,0.8904,2024-25
2026-08-10,2026-08-17,36031,Essex County,New York,NY,quiet,0.00226,952,48,501+,0.55,0.002012,2169,59,501+,0.32,0.152228,0.038101,0,0,0,,0.994341091,2024-25
2026-08-10,2026-08-17,13153,Houston County,Georgia,GA,quiet,0.002259,953,16,501+,0.55,0.005443,879,15,501+,0.86,0.152134,0.151503,0,0,0,,,
2026-08-10,2026-08-17,47189,Wilson County,Tennessee,TN,quiet,0.002257,954,18,501+,0.55,0.004134,1162,19,501+,0.65,0.151995,0.105295,0,0,0,,0.934,2024-25
2026-08-10,2026-08-17,16009,Benewah County,Idaho,ID,quiet,0.002253,955,19,501+,0.55,0.002766,1671,34,501+,0.44,0.151712,0.060197,0,0,0,,0.7,2024-25
2026-08-10,2026-08-17,47081,Hickman County,Tennessee,TN,quiet,0.002248,956,19,501+,0.55,0.00317,1498,30,501+,0.5,0.151353,0.072999,0,0,0,,0.958,2024-25
2026-08-10,2026-08-17,47043,Dickson County,Tennessee,TN,quiet,0.002248,957,20,501+,0.55,0.005319,903,14,501+,0.84,0.151349,0.14706,0,0,0,,0.964,2024-25
2026-08-10,2026-08-17,54037,Jefferson County,West Virginia,WV,quiet,0.002241,958,14,501+,0.55,0.010036,431,3,151–500,1.59,0.150901,0.311538,0,0,0,,,
2026-08-10,2026-08-17,48409,San Patricio County,Texas,TX,quiet,0.002241,959,77,501+,0.55,0.00403,1194,135,501+,0.64,0.150899,0.101725,0,0,0,,0.971429,2024-25
2026-08-10,2026-08-17,40083,Logan County,Oklahoma,OK,quiet,0.002236,960,13,501+,0.55,0.01018,422,5,151–500,1.61,0.150529,0.316202,0,0,0,,0.8969,2024-25
2026-08-10,2026-08-17,22103,St. Tammany Parish,Louisiana,LA,quiet,0.002235,961,9,501+,0.55,0.007897,584,4,501+,1.25,0.150486,0.239061,0,0,0,,0.8768,2024-25
2026-08-10,2026-08-17,36033,Franklin County,New York,NY,quiet,0.002234,962,49,501+,0.55,0.002631,1758,52,501+,0.42,0.150406,0.05606,0,0,0,,0.999504985,2024-25
2026-08-10,2026-08-17,28059,Jackson County,Mississippi,MS,quiet,0.002233,963,2,501+,0.55,0.003979,1207,3,501+,0.63,0.150326,0.099958,0,0,0,,0.9638,2024-25
2026-08-10,2026-08-17,19067,Floyd County,Iowa,IA,quiet,0.002232,964,10,501+,0.55,0.002208,2039,46,501+,0.35,0.150295,0.043586,0,0,0,,0.85882353,2024-25
2026-08-10,2026-08-17,54027,Hampshire County,West Virginia,WV,quiet,0.002232,965,15,501+,0.55,0.004849,1002,14,501+,0.77,0.150251,0.130342,0,0,0,,,
2026-08-10,2026-08-17,48067,Cass County,Texas,TX,quiet,0.002231,966,78,501+,0.55,0.005878,798,81,501+,0.93,0.150194,0.167105,0,0,0,,0.956012,2024-25
2026-08-10,2026-08-17,37089,Henderson County,North Carolina,NC,quiet,0.002231,967,32,501+,0.55,0.006378,734,30,501+,1.01,0.150186,0.185084,0,0,0,,0.90790791,2024-25
2026-08-10,2026-08-17,55081,Monroe County,Wisconsin,WI,quiet,0.002229,968,35,501+,0.55,0.004215,1142,36,501+,0.67,0.150091,0.108107,0,0,0,,0.84,2024-25
2026-08-10,2026-08-17,26021,Berrien County,Michigan,MI,quiet,0.002227,969,47,501+,0.55,0.004186,1151,52,501+,0.66,0.149971,0.107079,0,0,0,,0.90217391,2024-25
2026-08-10,2026-08-17,18069,Huntington County,Indiana,IN,quiet,0.002226,970,43,501+,0.55,0.004817,1009,42,501+,0.76,0.149842,0.129203,0,0,0,,0.9454,2024-25
2026-08-10,2026-08-17,41027,Hood River County,Oregon,OR,quiet,0.002225,971,18,501+,0.54,0.002448,1863,28,501+,0.39,0.149818,0.050562,0,0,0,,0.911,2024-25
2026-08-10,2026-08-17,21151,Madison County,Kentucky,KY,quiet,0.00222,972,17,501+,0.54,0.004942,981,15,501+,0.78,0.149442,0.133649,0,0,0,,0.921,2024-25
2026-08-10,2026-08-17,55077,Marquette County,Wisconsin,WI,quiet,0.002217,973,36,501+,0.54,0.002571,1803,58,501+,0.41,0.14926,0.054246,0,0,0,,0.76,2024-25
2026-08-10,2026-08-17,21033,Caldwell County,Kentucky,KY,quiet,0.002216,974,18,501+,0.54,0.002688,1721,30,501+,0.43,0.149158,0.057809,0,0,0,,0.928,2024-25
2026-08-10,2026-08-17,17093,Kendall County,Illinois,IL,quiet,0.002215,975,24,501+,0.54,0.005684,844,15,501+,0.9,0.149097,0.160161,0,0,0,,0.963,2024-25
2026-08-10,2026-08-17,20189,Stevens County,Kansas,KS,quiet,0.00221,976,13,501+,0.54,0.004519,1072,13,501+,0.72,0.148796,0.118709,0,0,10,56,0.8665,2024-25
2026-08-10,2026-08-17,46023,Charles Mix County,South Dakota,SD,quiet,0.002206,977,9,501+,0.54,0.00308,1538,22,501+,0.49,0.148489,0.070094,0,0,0,,0.81,2024-25
2026-08-10,2026-08-17,26073,Isabella County,Michigan,MI,quiet,0.002202,978,48,501+,0.54,0.005654,847,40,501+,0.9,0.148257,0.159069,0,0,0,,0.91631799,2024-25
2026-08-10,2026-08-17,32005,Douglas County,Nevada,NV,quiet,0.0022,979,7,501+,0.54,0.005252,922,7,501+,0.83,0.148071,0.144687,0,0,0,,0.875,2024-25
2026-08-10,2026-08-17,46019,Butte County,South Dakota,SD,quiet,0.002198,980,10,501+,0.54,0.010473,407,5,151–500,1.66,0.147957,0.325618,0,0,4,33,0.97,2024-25
2026-08-10,2026-08-17,48223,Hopkins County,Texas,TX,quiet,0.002197,981,79,501+,0.54,0.004156,1160,129,501+,0.66,0.147891,0.106046,0,0,0,,0.967672,2024-25
2026-08-10,2026-08-17,51171,Shenandoah County,Virginia,VA,quiet,0.00219,982,25,501+,0.54,0.003254,1467,39,501+,0.52,0.147377,0.075721,0,0,0,,0.933,2024-25
2026-08-10,2026-08-17,47141,Putnam County,Tennessee,TN,quiet,0.002189,983,21,501+,0.54,0.005392,889,13,501+,0.85,0.147358,0.149673,0,0,0,,0.927,2024-25
2026-08-10,2026-08-17,20015,Butler County,Kansas,KS,quiet,0.002189,984,14,501+,0.54,0.002614,1771,43,501+,0.41,0.147342,0.055543,0,0,0,,0.8959,2024-25
2026-08-10,2026-08-17,36099,Seneca County,New York,NY,quiet,0.002183,985,50,501+,0.53,0.003121,1524,48,501+,0.49,0.14693,0.071407,0,0,0,,0.983611413,2024-25
2026-08-10,2026-08-17,19057,Des Moines County,Iowa,IA,quiet,0.002182,986,11,501+,0.53,0.002769,1668,22,501+,0.44,0.146824,0.060307,0,0,0,,0.87437186,2024-25
2026-08-10,2026-08-17,51149,Prince George County,Virginia,VA,quiet,0.002181,987,26,501+,0.53,0.00316,1505,42,501+,0.5,0.146807,0.072674,0,0,0,,0.922,2024-25
2026-08-10,2026-08-17,54069,Ohio County,West Virginia,WV,quiet,0.002178,988,16,501+,0.53,0.005036,967,13,501+,0.8,0.146546,0.136982,0,0,0,,,
2026-08-10,2026-08-17,27169,Winona County,Minnesota,MN,quiet,0.002175,989,24,501+,0.53,0.005828,810,15,501+,0.92,0.146368,0.165318,0,0,0,,0.903,2024-25
2026-08-10,2026-08-17,04001,Apache County,Arizona,AZ,quiet,0.00217,990,14,501+,0.53,0.00387,1252,13,501+,0.61,0.146028,0.096253,0,0,0,,0.878,2024-25
2026-08-10,2026-08-17,01101,Montgomery County,Alabama,AL,quiet,0.002167,991,8,501+,0.53,0.003733,1301,13,501+,0.59,0.145849,0.091595,0,0,0,,0.9495,2024-25
2026-08-10,2026-08-17,54011,Cabell County,West Virginia,WV,quiet,0.002166,992,17,501+,0.53,0.004531,1067,17,501+,0.72,0.14576,0.119113,0,0,0,,,
2026-08-10,2026-08-17,19051,Davis County,Iowa,IA,quiet,0.002162,993,12,501+,0.53,0.005169,940,9,501+,0.82,0.145501,0.141698,0,0,0,,0.89830508,2024-25
2026-08-10,2026-08-17,53017,Douglas County,Washington,WA,quiet,0.002158,994,24,501+,0.53,0.00544,880,24,501+,0.86,0.14518,0.151415,0,0,0,,0.939,2024-25
2026-08-10,2026-08-17,06025,Imperial County,California,CA,quiet,0.002157,995,41,501+,0.53,0.004749,1019,45,501+,0.75,0.145105,0.126782,0,0,0,,0.99098,2024-25
2026-08-10,2026-08-17,01133,Winston County,Alabama,AL,quiet,0.002154,996,9,501+,0.53,0.003329,1438,15,501+,0.53,0.144922,0.078178,0,0,0,,0.9231,2024-25
2026-08-10,2026-08-17,13113,Fayette County,Georgia,GA,quiet,0.00215,997,17,501+,0.53,0.005954,781,12,501+,0.94,0.14463,0.169859,0,0,0,,,
2026-08-10,2026-08-17,37147,Pitt County,North Carolina,NC,quiet,0.00214,998,33,501+,0.52,0.005837,807,36,501+,0.92,0.143981,0.165631,0,0,0,,0.95289684,2024-25
2026-08-10,2026-08-17,18005,Bartholomew County,Indiana,IN,quiet,0.00214,999,44,501+,0.52,0.004328,1112,51,501+,0.69,0.143936,0.112009,0,0,0,,0.9109,2024-25
2026-08-10,2026-08-17,55031,Douglas County,Wisconsin,WI,quiet,0.002132,1000,37,501+,0.52,0.003126,1521,49,501+,0.5,0.143436,0.071584,0,0,0,,0.93,2024-25
2026-08-10,2026-08-17,19099,Jasper County,Iowa,IA,quiet,0.00213,1001,13,501+,0.52,0.002939,1587,18,501+,0.47,0.143271,0.065615,0,0,0,,0.90196078,2024-25
2026-08-10,2026-08-17,16005,Bannock County,Idaho,ID,quiet,0.002123,1002,20,501+,0.52,0.009894,447,9,151–500,1.57,0.142775,0.306888,0,0,0,,0.9,2024-25
2026-08-10,2026-08-17,55055,Jefferson County,Wisconsin,WI,quiet,0.002119,1003,38,501+,0.52,0.004701,1025,34,501+,0.74,0.142523,0.125114,0,0,0,,0.84,2024-25
2026-08-10,2026-08-17,51095,James City County,Virginia,VA,quiet,0.002116,1004,27,501+,0.52,0.003398,1411,37,501+,0.54,0.142315,0.080419,0,0,0,,0.861,2024-25
2026-08-10,2026-08-17,39141,Ross County,Ohio,OH,quiet,0.002115,1005,59,501+,0.52,0.004613,1044,59,501+,0.73,0.142234,0.121986,0,0,0,,0.897,2024-25
2026-08-10,2026-08-17,35061,Valencia County,New Mexico,NM,quiet,0.002113,1006,12,501+,0.52,0.004903,990,11,501+,0.78,0.142076,0.132258,0,0,0,,0.9514,2024-25
2026-08-10,2026-08-17,29029,Camden County,Missouri,MO,quiet,0.002112,1007,23,501+,0.52,0.005019,971,24,501+,0.8,0.142004,0.136372,0,0,0,,0.907,2024-25
2026-08-10,2026-08-17,06027,Inyo County,California,CA,quiet,0.002105,1008,42,501+,0.52,0.007021,663,39,501+,1.11,0.14156,0.208083,0,0,0,,0.98157,2024-25
2026-08-10,2026-08-17,05091,Miller County,Arkansas,AR,quiet,0.002104,1009,7,501+,0.52,0.005138,948,9,501+,0.81,0.141496,0.140618,0,0,0,,,
2026-08-10,2026-08-17,29177,Ray County,Missouri,MO,quiet,0.002103,1010,24,501+,0.52,0.004209,1143,32,501+,0.67,0.141395,0.107889,0,0,0,,0.952,2024-25
2026-08-10,2026-08-17,56027,Niobrara County,Wyoming,WY,quiet,0.002103,1011,10,501+,0.51,0.00517,939,12,501+,0.82,0.141386,0.141748,0,0,1,57,0.57,2022-23
2026-08-10,2026-08-17,51019,Bedford County,Virginia,VA,quiet,0.002102,1012,28,501+,0.51,0.005852,803,18,501+,0.93,0.141351,0.166204,0,0,0,,0.897,2024-25
2026-08-10,2026-08-17,18131,Pulaski County,Indiana,IN,quiet,0.002097,1013,45,501+,0.51,0.003164,1502,68,501+,0.5,0.141011,0.07281,0,0,0,,0.8889,2024-25
2026-08-10,2026-08-17,18153,Sullivan County,Indiana,IN,quiet,0.002094,1014,46,501+,0.51,0.007877,586,18,501+,1.25,0.140753,0.238369,0,0,0,,0.8446,2024-25
2026-08-10,2026-08-17,26091,Lenawee County,Michigan,MI,quiet,0.002093,1015,49,501+,0.51,0.005696,841,39,501+,0.9,0.140675,0.160597,0,0,0,,0.87826087,2024-25
2026-08-10,2026-08-17,21059,Daviess County,Kentucky,KY,quiet,0.002087,1016,19,501+,0.51,0.005714,835,12,501+,0.91,0.140301,0.161231,0,0,0,,0.902,2024-25
2026-08-10,2026-08-17,39073,Hocking County,Ohio,OH,quiet,0.002085,1017,60,501+,0.51,0.004378,1102,61,501+,0.69,0.140171,0.113768,0,0,0,,0.915,2024-25
2026-08-10,2026-08-17,47085,Humphreys County,Tennessee,TN,quiet,0.002085,1018,22,501+,0.51,0.002625,1761,39,501+,0.42,0.14014,0.055887,0,0,0,,0.94,2024-25
2026-08-10,2026-08-17,01009,Blount County,Alabama,AL,quiet,0.002083,1019,10,501+,0.51,0.002687,1722,21,501+,0.43,0.140014,0.057768,0,0,0,,0.9717,2024-25
2026-08-10,2026-08-17,48213,Henderson County,Texas,TX,quiet,0.002082,1020,80,501+,0.51,0.005707,836,87,501+,0.9,0.139973,0.160975,0,0,0,,0.927676,2024-25
2026-08-10,2026-08-17,26047,Emmet County,Michigan,MI,quiet,0.002081,1021,50,501+,0.51,0.003301,1449,62,501+,0.52,0.139844,0.077254,0,0,0,,0.91290323,2024-25
2026-08-10,2026-08-17,26085,Lake County,Michigan,MI,quiet,0.002079,1022,51,501+,0.51,0.003944,1220,55,501+,0.62,0.13975,0.09876,0,0,0,,0.90909091,2024-25
2026-08-10,2026-08-17,48017,Bailey County,Texas,TX,quiet,0.002079,1023,81,501+,0.51,0.009594,467,42,151–500,1.52,0.139722,0.296999,0,0,2,68,0.962617,2024-25
2026-08-10,2026-08-17,44001,Bristol County,Rhode Island,RI,quiet,0.002078,1024,3,501+,0.51,0.006596,705,3,501+,1.05,0.139652,0.192913,0,0,0,,0.968,2024-25
2026-08-10,2026-08-17,56045,Weston County,Wyoming,WY,quiet,0.002076,1025,11,501+,0.51,0.004701,1026,13,501+,0.74,0.139558,0.125089,0,0,0,,0.63,2022-23
2026-08-10,2026-08-17,37167,Stanly County,North Carolina,NC,quiet,0.002074,1026,34,501+,0.51,0.007519,616,21,501+,1.19,0.139426,0.225793,0,0,0,,0.93632417,2024-25
2026-08-10,2026-08-17,38057,Mercer County,North Dakota,ND,quiet,0.002071,1027,10,501+,0.51,0.004441,1090,13,501+,0.7,0.139209,0.115957,0,0,0,,0.8198,2024-25
2026-08-10,2026-08-17,18051,Gibson County,Indiana,IN,quiet,0.002068,1028,47,501+,0.51,0.004271,1127,54,501+,0.68,0.139,0.110036,0,0,0,,0.9446,2024-25
2026-08-10,2026-08-17,48283,La Salle County,Texas,TX,quiet,0.002067,1029,82,501+,0.51,0.003792,1281,140,501+,0.6,0.138923,0.093601,0,0,0,,0.971014,2024-25
2026-08-10,2026-08-17,48217,Hill County,Texas,TX,quiet,0.002066,1030,83,501+,0.51,0.004111,1169,132,501+,0.65,0.13886,0.104509,0,0,0,,0.892857,2024-25
2026-08-10,2026-08-17,27161,Waseca County,Minnesota,MN,quiet,0.002065,1031,25,501+,0.51,0.002771,1667,53,501+,0.44,0.138735,0.060352,0,0,0,,0.891,2024-25
2026-08-10,2026-08-17,18105,Monroe County,Indiana,IN,quiet,0.002063,1032,48,501+,0.51,0.004884,992,41,501+,0.77,0.138603,0.131577,0,0,0,,0.9212,2024-25
2026-08-10,2026-08-17,48035,Bosque County,Texas,TX,quiet,0.002062,1033,84,501+,0.51,0.006037,771,77,501+,0.96,0.138575,0.172841,0,0,0,,0.92973,2024-25
2026-08-10,2026-08-17,26145,Saginaw County,Michigan,MI,quiet,0.002059,1034,52,501+,0.5,0.004192,1147,51,501+,0.66,0.138384,0.107304,0,0,0,,0.92585551,2024-25
2026-08-10,2026-08-17,01081,Lee County,Alabama,AL,quiet,0.002055,1035,11,501+,0.5,0.006984,666,4,501+,1.11,0.138089,0.20677,0,0,0,,0.9702,2024-25
2026-08-10,2026-08-17,26061,Houghton County,Michigan,MI,quiet,0.002052,1036,53,501+,0.5,0.003835,1265,58,501+,0.61,0.137835,0.095053,0,0,0,,0.73989899,2024-25
2026-08-10,2026-08-17,40139,Texas County,Oklahoma,OK,quiet,0.00205,1037,14,501+,0.5,0.005066,957,16,501+,0.8,0.137733,0.138044,0,0,0,,0.9559,2024-25
2026-08-10,2026-08-17,40145,Wagoner County,Oklahoma,OK,quiet,0.002044,1038,15,501+,0.5,0.005901,791,12,501+,0.93,0.137307,0.167943,0,0,0,,0.8696,2024-25
2026-08-10,2026-08-17,06093,Siskiyou County,California,CA,quiet,0.00204,1039,43,501+,0.5,0.005798,816,41,501+,0.92,0.137053,0.164234,0,0,0,,0.9687,2024-25
2026-08-10,2026-08-17,49013,Duchesne County,Utah,UT,quiet,0.002038,1040,17,501+,0.5,0.004713,1024,17,501+,0.75,0.136874,0.125526,0,0,0,,0.895317,2024-25
2026-08-10,2026-08-17,36025,Delaware County,New York,NY,quiet,0.002034,1041,51,501+,0.5,0.002046,2148,58,501+,0.32,0.136619,0.039025,0,0,0,,0.998476765,2024-25
2026-08-10,2026-08-17,55007,Bayfield County,Wisconsin,WI,quiet,0.002031,1042,39,501+,0.5,0.003421,1402,44,501+,0.54,0.136389,0.081176,0,0,0,,0.49,2024-25
2026-08-10,2026-08-17,28033,DeSoto County,Mississippi,MS,quiet,0.002028,1043,3,501+,0.5,0.004904,988,2,501+,0.78,0.136231,0.13227,0,0,0,,0.9718,2024-25
2026-08-10,2026-08-17,48089,Colorado County,Texas,TX,quiet,0.002027,1044,85,501+,0.5,0.004825,1007,108,501+,0.76,0.136138,0.129478,0,0,0,,0.974545,2024-25
2026-08-10,2026-08-17,26149,St. Joseph County,Michigan,MI,quiet,0.002023,1045,54,501+,0.5,0.003237,1474,65,501+,0.51,0.135849,0.075159,0,0,0,,0.89435601,2024-25
2026-08-10,2026-08-17,13245,Richmond County,Georgia,GA,quiet,0.002023,1046,18,501+,0.5,0.005299,909,17,501+,0.84,0.135847,0.14637,0,0,0,,,
2026-08-10,2026-08-17,05085,Lonoke County,Arkansas,AR,quiet,0.002022,1047,8,501+,0.5,0.00404,1190,10,501+,0.64,0.13581,0.102065,0,0,0,,,
2026-08-10,2026-08-17,39087,Lawrence County,Ohio,OH,quiet,0.00202,1048,61,501+,0.49,0.002846,1628,77,501+,0.45,0.13564,0.062689,0,0,0,,0.96,2024-25
2026-08-10,2026-08-17,37113,Macon County,North Carolina,NC,quiet,0.002019,1049,35,501+,0.49,0.004034,1193,45,501+,0.64,0.13556,0.101847,0,0,0,,0.86319218,2024-25
2026-08-10,2026-08-17,17075,Iroquois County,Illinois,IL,quiet,0.002016,1050,25,501+,0.49,0.002701,1709,42,501+,0.43,0.135374,0.058216,0,0,0,,0.971,2024-25
2026-08-10,2026-08-17,39159,Union County,Ohio,OH,quiet,0.002015,1051,62,501+,0.49,0.005962,779,43,501+,0.94,0.135271,0.17014,0,0,0,,0.89,2024-25
2026-08-10,2026-08-17,37191,Wayne County,North Carolina,NC,quiet,0.002013,1052,36,501+,0.49,0.006805,675,23,501+,1.08,0.135184,0.200388,0,0,0,,0.94853801,2024-25
2026-08-10,2026-08-17,36035,Fulton County,New York,NY,quiet,0.002011,1053,52,501+,0.49,0.002689,1720,50,501+,0.43,0.135004,0.057823,0,0,0,,0.998032059,2024-25
2026-08-10,2026-08-17,51161,Roanoke County,Virginia,VA,quiet,0.002009,1054,29,501+,0.49,0.003812,1273,33,501+,0.6,0.134879,0.094262,0,0,0,,0.913,2024-25
2026-08-10,2026-08-17,17115,Macon County,Illinois,IL,quiet,0.002007,1055,26,501+,0.49,0.00354,1358,29,501+,0.56,0.134761,0.085144,0,0,0,,0.97,2024-25
2026-08-10,2026-08-17,22079,Rapides Parish,Louisiana,LA,quiet,0.002006,1056,10,501+,0.49,0.004251,1134,12,501+,0.67,0.134687,0.109351,0,0,0,,0.9383,2024-25
2026-08-10,2026-08-17,48065,Carson County,Texas,TX,quiet,0.002006,1057,86,501+,0.49,0.012644,337,29,151–500,2.0,0.134634,0.391602,0,0,1,65,0.91954,2024-25
2026-08-10,2026-08-17,29049,Clinton County,Missouri,MO,quiet,0.002005,1058,25,501+,0.49,0.004102,1170,33,501+,0.65,0.134578,0.104191,0,0,0,,0.884,2024-25
2026-08-10,2026-08-17,36073,Orleans County,New York,NY,quiet,0.002003,1059,53,501+,0.49,0.003521,1363,46,501+,0.56,0.134431,0.084509,0,0,0,,0.998669683,2024-25
2026-08-10,2026-08-17,21211,Shelby County,Kentucky,KY,quiet,0.002002,1060,20,501+,0.49,0.005612,856,13,501+,0.89,0.13439,0.157554,0,0,0,,0.923,2024-25
2026-08-10,2026-08-17,06069,San Benito County,California,CA,quiet,0.002001,1061,44,501+,0.49,0.004695,1028,47,501+,0.74,0.134324,0.124892,0,0,0,,0.98852,2024-25
2026-08-10,2026-08-17,18055,Greene County,Indiana,IN,quiet,0.002,1062,49,501+,0.49,0.003646,1329,62,501+,0.58,0.134264,0.088666,0,0,0,,0.9538,2024-25
2026-08-10,2026-08-17,20081,Haskell County,Kansas,KS,quiet,0.001995,1063,15,501+,0.49,0.005716,833,7,501+,0.91,0.133889,0.161312,0,0,19,57,0.7821,2024-25
2026-08-10,2026-08-17,20009,Barton County,Kansas,KS,quiet,0.001991,1064,16,501+,0.49,0.004065,1180,16,501+,0.64,0.133608,0.102922,0,0,0,,0.9415,2024-25
2026-08-10,2026-08-17,26023,Branch County,Michigan,MI,quiet,0.001988,1065,55,501+,0.49,0.004406,1094,49,501+,0.7,0.133431,0.114761,0,0,0,,0.9217759,2024-25
2026-08-10,2026-08-17,48295,Lipscomb County,Texas,TX,quiet,0.00198,1066,87,501+,0.48,0.009695,461,41,151–500,1.54,0.132869,0.300347,0,0,0,,0.72093,2024-25
2026-08-10,2026-08-17,29083,Henry County,Missouri,MO,quiet,0.001971,1067,26,501+,0.48,0.003652,1326,39,501+,0.58,0.132258,0.08888,0,0,0,,0.912,2024-25
2026-08-10,2026-08-17,38093,Stutsman County,North Dakota,ND,quiet,0.001971,1068,11,501+,0.48,0.003055,1544,24,501+,0.48,0.132215,0.069291,0,0,0,,0.9163,2024-25
2026-08-10,2026-08-17,12017,Citrus County,Florida,FL,quiet,0.001968,1069,33,501+,0.48,0.004625,1042,37,501+,0.73,0.132025,0.122426,0,0,0,,0.908,2024-25
2026-08-10,2026-08-17,40047,Garfield County,Oklahoma,OK,quiet,0.001965,1070,16,501+,0.48,0.004889,991,17,501+,0.77,0.131807,0.131758,0,0,0,,0.9351,2024-25
2026-08-10,2026-08-17,01077,Lauderdale County,Alabama,AL,quiet,0.001959,1071,12,501+,0.48,0.002319,1955,30,501+,0.37,0.13141,0.046792,0,0,0,,0.9609,2024-25
2026-08-10,2026-08-17,48449,Titus County,Texas,TX,quiet,0.001957,1072,88,501+,0.48,0.004262,1131,124,501+,0.68,0.131244,0.109738,0,0,0,,0.978678,2024-25
2026-08-10,2026-08-17,54041,Lewis County,West Virginia,WV,quiet,0.001948,1073,18,501+,0.48,0.005045,965,12,501+,0.8,0.130657,0.137305,0,0,0,,,
2026-08-10,2026-08-17,37087,Haywood County,North Carolina,NC,quiet,0.001943,1074,37,501+,0.48,0.006477,721,27,501+,1.03,0.130246,0.188626,0,0,0,,0.92261905,2024-25
2026-08-10,2026-08-17,48373,Polk County,Texas,TX,quiet,0.00194,1075,89,501+,0.48,0.004988,977,106,501+,0.79,0.130046,0.135271,0,0,0,,0.939638,2024-25
2026-08-10,2026-08-17,55041,Forest County,Wisconsin,WI,quiet,0.001938,1076,40,501+,0.47,0.005064,960,31,501+,0.8,0.129953,0.13797,0,0,0,,0.9,2024-25
2026-08-10,2026-08-17,19045,Clinton County,Iowa,IA,quiet,0.001938,1077,14,501+,0.47,0.0032,1483,17,501+,0.51,0.129952,0.073956,0,0,0,,0.85464098,2024-25
2026-08-10,2026-08-17,27097,Morrison County,Minnesota,MN,quiet,0.001938,1078,26,501+,0.47,0.002658,1734,56,501+,0.42,0.129908,0.056885,0,0,0,,0.897,2024-25
2026-08-10,2026-08-17,20145,Pawnee County,Kansas,KS,quiet,0.001938,1079,17,501+,0.47,0.003876,1248,18,501+,0.61,0.129905,0.096442,0,0,7,62,0.7693,2024-25
2026-08-10,2026-08-17,18049,Fulton County,Indiana,IN,quiet,0.001934,1080,50,501+,0.47,0.003798,1277,60,501+,0.6,0.129642,0.093803,0,0,0,,0.9401,2024-25
2026-08-10,2026-08-17,51003,Albemarle County,Virginia,VA,quiet,0.001934,1081,30,501+,0.47,0.00417,1155,28,501+,0.66,0.129618,0.106555,0,0,0,,0.893,2024-25
2026-08-10,2026-08-17,12041,Gilchrist County,Florida,FL,quiet,0.001927,1082,34,501+,0.47,0.003254,1468,45,501+,0.52,0.129136,0.075712,0,0,0,,0.921,2024-25
2026-08-10,2026-08-17,48317,Martin County,Texas,TX,quiet,0.001925,1083,90,501+,0.47,0.008044,572,54,501+,1.27,0.129036,0.244206,0,0,3,76,0.929577,2024-25
2026-08-10,2026-08-17,53029,Island County,Washington,WA,quiet,0.001924,1084,25,501+,0.47,0.010478,406,16,151–500,1.66,0.128951,0.325803,0,0,0,,0.918,2024-25
2026-08-10,2026-08-17,38097,Traill County,North Dakota,ND,quiet,0.001923,1085,12,501+,0.47,0.004405,1095,14,501+,0.7,0.128891,0.114706,0,0,1,23,0.9535,2024-25
2026-08-10,2026-08-17,39171,Williams County,Ohio,OH,quiet,0.001921,1086,63,501+,0.47,0.003321,1440,72,501+,0.53,0.128769,0.077904,0,0,0,,0.878,2024-25
2026-08-10,2026-08-17,21191,Pendleton County,Kentucky,KY,quiet,0.001918,1087,21,501+,0.47,0.002329,1943,40,501+,0.37,0.128552,0.047072,0,0,0,,0.956,2024-25
2026-08-10,2026-08-17,12055,Highlands County,Florida,FL,quiet,0.001917,1088,35,501+,0.47,0.006581,707,32,501+,1.04,0.128473,0.192368,0,0,0,,0.898,2024-25
2026-08-10,2026-08-17,28045,Hancock County,Mississippi,MS,quiet,0.001914,1089,4,501+,0.47,0.003582,1348,6,501+,0.57,0.128223,0.086528,0,0,0,,0.98,2024-25
2026-08-10,2026-08-17,18037,Dubois County,Indiana,IN,quiet,0.00191,1090,51,501+,0.47,0.002971,1575,73,501+,0.47,0.127937,0.06664,0,0,0,,0.9423,2024-25
2026-08-10,2026-08-17,23017,Oxford County,Maine,ME,quiet,0.001909,1091,8,501+,0.47,0.004182,1153,10,501+,0.66,0.127886,0.106957,0,0,0,,0.9765,2024-25
2026-08-10,2026-08-17,08117,Summit County,Colorado,CO,quiet,0.001907,1092,22,501+,0.47,0.007275,640,19,501+,1.15,0.127738,0.217125,0,0,0,,0.9476,2024-25
2026-08-10,2026-08-17,29187,St. Francois County,Missouri,MO,quiet,0.001905,1093,27,501+,0.47,0.003324,1439,46,501+,0.53,0.127644,0.078006,0,0,0,,0.953,2024-25
2026-08-10,2026-08-17,26007,Alpena County,Michigan,MI,quiet,0.001903,1094,56,501+,0.47,0.002755,1679,68,501+,0.44,0.127486,0.059863,0,0,0,,0.87943262,2024-25
2026-08-10,2026-08-17,37169,Stokes County,North Carolina,NC,quiet,0.001903,1095,38,501+,0.47,0.006174,755,32,501+,0.98,0.127473,0.177754,0,0,0,,0.96192893,2024-25
2026-08-10,2026-08-17,19079,Hamilton County,Iowa,IA,quiet,0.001899,1096,15,501+,0.47,0.002172,2055,47,501+,0.34,0.127216,0.042571,0,0,0,,0.85514019,2024-25
2026-08-10,2026-08-17,08097,Pitkin County,Colorado,CO,quiet,0.001899,1097,23,501+,0.46,0.005743,826,23,501+,0.91,0.127165,0.162277,0,0,0,,0.88,2024-25
2026-08-10,2026-08-17,01015,Calhoun County,Alabama,AL,quiet,0.001896,1098,13,501+,0.46,0.005849,804,7,501+,0.93,0.12702,0.166074,0,0,0,,0.9435,2024-25
2026-08-10,2026-08-17,51157,Rappahannock County,Virginia,VA,quiet,0.001896,1099,31,501+,0.46,0.003919,1232,32,501+,0.62,0.126956,0.097905,0,0,0,,0.703,2024-25
2026-08-10,2026-08-17,40087,McClain County,Oklahoma,OK,quiet,0.001893,1100,17,501+,0.46,0.005715,834,14,501+,0.91,0.126809,0.161268,0,0,0,,0.8845,2024-25
2026-08-10,2026-08-17,21167,Mercer County,Kentucky,KY,quiet,0.001893,1101,22,501+,0.46,0.002832,1634,26,501+,0.45,0.126786,0.062264,0,0,0,,0.935,2024-25
2026-08-10,2026-08-17,26027,Cass County,Michigan,MI,quiet,0.001892,1102,57,501+,0.46,0.006297,745,35,501+,1.0,0.126673,0.182159,0,0,0,,0.93643032,2024-25
2026-08-10,2026-08-17,48477,Washington County,Texas,TX,quiet,0.00189,1103,91,501+,0.46,0.004662,1033,113,501+,0.74,0.126566,0.123719,0,0,0,,0.953333,2024-25
2026-08-10,2026-08-17,37171,Surry County,North Carolina,NC,quiet,0.001886,1104,39,501+,0.46,0.004198,1146,42,501+,0.67,0.1263,0.107499,0,0,0,,0.94634146,2024-25
2026-08-10,2026-08-17,09130,Lower Connecticut River Valley Planning Region,Connecticut,CT,quiet,0.001886,1105,9,501+,0.46,0.004312,1113,6,501+,0.68,0.126283,0.111484,0,0,0,,0.982,2024-25
2026-08-10,2026-08-17,35028,Los Alamos County,New Mexico,NM,quiet,0.00188,1106,13,501+,0.46,0.002045,2150,26,501+,0.32,0.125862,0.039004,0,0,0,,0.9828,2024-25
2026-08-10,2026-08-17,24019,Dorchester County,Maryland,MD,quiet,0.001879,1107,20,501+,0.46,0.004282,1123,22,501+,0.68,0.1258,0.110408,0,0,0,,0.9717,2024-25
2026-08-10,2026-08-17,18053,Grant County,Indiana,IN,quiet,0.001878,1108,52,501+,0.46,0.005806,814,32,501+,0.92,0.125741,0.164538,0,0,0,,0.9022,2024-25
2026-08-10,2026-08-17,19095,Iowa County,Iowa,IA,quiet,0.001871,1109,16,501+,0.46,0.003361,1426,14,501+,0.53,0.125206,0.079224,0,0,0,,0.91573034,2024-25
2026-08-10,2026-08-17,24013,Carroll County,Maryland,MD,quiet,0.001867,1110,21,501+,0.46,0.004301,1118,21,501+,0.68,0.124947,0.111072,0,0,0,,0.9681,2024-25
2026-08-10,2026-08-17,51760,Richmond City,Virginia,VA,quiet,0.001864,1111,32,501+,0.46,0.004345,1109,25,501+,0.69,0.124748,0.112623,0,0,0,,0.896,2024-25
2026-08-10,2026-08-17,19031,Cedar County,Iowa,IA,quiet,0.001863,1112,17,501+,0.46,0.002539,1818,30,501+,0.4,0.124707,0.053277,0,0,0,,0.92964824,2024-25
2026-08-10,2026-08-17,05145,White County,Arkansas,AR,quiet,0.001862,1113,9,501+,0.46,0.003248,1470,16,501+,0.51,0.124594,0.075516,0,0,0,,,
2026-08-10,2026-08-17,56037,Sweetwater County,Wyoming,WY,quiet,0.00186,1114,12,501+,0.46,0.010175,423,5,151–500,1.61,0.124459,0.316037,0,0,0,,0.96,2022-23
2026-08-10,2026-08-17,13025,Brantley County,Georgia,GA,quiet,0.001857,1115,19,501+,0.45,0.003417,1404,39,501+,0.54,0.124231,0.081048,0,0,0,,,
2026-08-10,2026-08-17,39065,Hardin County,Ohio,OH,quiet,0.001849,1116,64,501+,0.45,0.005266,919,55,501+,0.83,0.123715,0.145175,0,0,0,,0.889,2024-25
2026-08-10,2026-08-17,26039,Crawford County,Michigan,MI,quiet,0.001849,1117,58,501+,0.45,0.002488,1848,71,501+,0.39,0.123671,0.051744,0,0,0,,0.92561983,2024-25
2026-08-10,2026-08-17,22073,Ouachita Parish,Louisiana,LA,quiet,0.001848,1118,11,501+,0.45,0.004168,1156,13,501+,0.66,0.12362,0.106482,0,0,0,,0.8409,2024-25
2026-08-10,2026-08-17,27131,Rice County,Minnesota,MN,quiet,0.001846,1119,27,501+,0.45,0.005285,916,22,501+,0.84,0.123482,0.145843,0,0,0,,0.851,2024-25
2026-08-10,2026-08-17,48227,Howard County,Texas,TX,quiet,0.001844,1120,92,501+,0.45,0.002527,1824,187,501+,0.4,0.123308,0.052918,0,0,0,,0.953964,2024-25
2026-08-10,2026-08-17,55095,Polk County,Wisconsin,WI,quiet,0.00184,1121,41,501+,0.45,0.003667,1321,40,501+,0.58,0.123071,0.089395,0,0,0,,0.84,2024-25
2026-08-10,2026-08-17,48347,Nacogdoches County,Texas,TX,quiet,0.001838,1122,93,501+,0.45,0.00366,1325,145,501+,0.58,0.122938,0.089155,0,0,0,,0.946475,2024-25
2026-08-10,2026-08-17,51740,Portsmouth City,Virginia,VA,quiet,0.001838,1123,33,501+,0.45,0.003719,1307,35,501+,0.59,0.122887,0.091142,0,0,0,,0.816,2024-25
2026-08-10,2026-08-17,08109,Saguache County,Colorado,CO,quiet,0.001835,1124,24,501+,0.45,0.005341,899,25,501+,0.85,0.122705,0.147851,0,0,1,19,0.8116,2024-25
2026-08-10,2026-08-17,18083,Knox County,Indiana,IN,quiet,0.001835,1125,53,501+,0.45,0.003112,1527,71,501+,0.49,0.122696,0.071135,0,0,0,,0.9632,2024-25
2026-08-10,2026-08-17,39125,Paulding County,Ohio,OH,quiet,0.001834,1126,65,501+,0.45,0.004081,1177,63,501+,0.65,0.122622,0.103483,0,0,0,,0.895,2024-25
2026-08-10,2026-08-17,48417,Shackelford County,Texas,TX,quiet,0.00183,1127,94,501+,0.45,0.0064,731,73,501+,1.01,0.122332,0.185863,0,0,1,67,0.902439,2024-25
2026-08-10,2026-08-17,48037,Bowie County,Texas,TX,quiet,0.001827,1128,95,501+,0.45,0.006535,712,71,501+,1.04,0.122118,0.190726,0,0,0,,0.925647,2024-25
2026-08-10,2026-08-17,29121,Macon County,Missouri,MO,quiet,0.001825,1129,28,501+,0.45,0.005221,927,21,501+,0.83,0.12201,0.143561,0,0,0,,0.888,2024-25
2026-08-10,2026-08-17,18023,Clinton County,Indiana,IN,quiet,0.001821,1130,54,501+,0.45,0.004034,1192,55,501+,0.64,0.121753,0.10186,0,0,0,,0.9247,2024-25
2026-08-10,2026-08-17,36091,Saratoga County,New York,NY,quiet,0.001817,1131,54,501+,0.44,0.008542,538,19,501+,1.35,0.121434,0.261472,0,0,0,,0.998858863,2024-25
2026-08-10,2026-08-17,12035,Flagler County,Florida,FL,quiet,0.001817,1132,36,501+,0.44,0.002496,1840,48,501+,0.4,0.121432,0.051995,0,0,0,,0.887,2024-25
2026-08-10,2026-08-17,12129,Wakulla County,Florida,FL,quiet,0.001816,1133,37,501+,0.44,0.004547,1058,38,501+,0.72,0.121362,0.11967,0,0,0,,0.863,2024-25
2026-08-10,2026-08-17,31053,Dodge County,Nebraska,NE,quiet,0.001814,1134,9,501+,0.44,0.002086,2116,34,501+,0.33,0.121242,0.04013,0,0,0,,0.943277311,2024-25
2026-08-10,2026-08-17,39135,Preble County,Ohio,OH,quiet,0.001814,1135,66,501+,0.44,0.005427,882,50,501+,0.86,0.121236,0.150953,0,0,0,,0.894,2024-25
2026-08-10,2026-08-17,13157,Jackson County,Georgia,GA,quiet,0.00181,1136,20,501+,0.44,0.003664,1324,31,501+,0.58,0.120943,0.089275,0,0,0,,,
2026-08-10,2026-08-17,48021,Bastrop County,Texas,TX,quiet,0.001808,1137,96,501+,0.44,0.008869,514,47,501+,1.41,0.120806,0.272662,0,0,0,,0.95461,2024-25
2026-08-10,2026-08-17,18059,Hancock County,Indiana,IN,quiet,0.001807,1138,55,501+,0.44,0.005509,872,34,501+,0.87,0.120731,0.15388,0,0,0,,0.9358,2024-25
2026-08-10,2026-08-17,49041,Sevier County,Utah,UT,quiet,0.001807,1139,18,501+,0.44,0.005235,925,15,501+,0.83,0.120715,0.144065,0,0,0,,0.851351,2024-25
2026-08-10,2026-08-17,40043,Dewey County,Oklahoma,OK,quiet,0.001806,1140,18,501+,0.44,0.005777,818,13,501+,0.92,0.120637,0.163479,0,0,0,,0.5161,2024-25
2026-08-10,2026-08-17,37151,Randolph County,North Carolina,NC,quiet,0.001805,1141,40,501+,0.44,0.006104,763,34,501+,0.97,0.120605,0.175225,0,0,0,,0.94973545,2024-25
2026-08-10,2026-08-17,38071,Ramsey County,North Dakota,ND,quiet,0.001804,1142,13,501+,0.44,0.003827,1268,19,501+,0.61,0.120559,0.094796,0,0,0,,0.9825,2024-25
2026-08-10,2026-08-17,47107,McMinn County,Tennessee,TN,quiet,0.001804,1143,23,501+,0.44,0.003844,1260,21,501+,0.61,0.120509,0.095355,0,0,0,,0.932,2024-25
2026-08-10,2026-08-17,01117,Shelby County,Alabama,AL,quiet,0.001801,1144,14,501+,0.44,0.003479,1379,14,501+,0.55,0.120315,0.083096,0,0,0,,0.9547,2024-25
2026-08-10,2026-08-17,48321,Matagorda County,Texas,TX,quiet,0.001798,1145,97,501+,0.44,0.002766,1670,173,501+,0.44,0.12009,0.060198,0,0,0,,0.969697,2024-25
2026-08-10,2026-08-17,01083,Limestone County,Alabama,AL,quiet,0.001794,1146,15,501+,0.44,0.00383,1267,12,501+,0.61,0.119814,0.094897,0,0,0,,0.9474,2024-25
2026-08-10,2026-08-17,17141,Ogle County,Illinois,IL,quiet,0.001792,1147,27,501+,0.44,0.003795,1279,26,501+,0.6,0.119707,0.093709,0,0,0,,0.952,2024-25
2026-08-10,2026-08-17,54083,Randolph County,West Virginia,WV,quiet,0.001792,1148,19,501+,0.44,0.002547,1813,29,501+,0.4,0.119672,0.053523,0,0,0,,,
2026-08-10,2026-08-17,06011,Colusa County,California,CA,quiet,0.001792,1149,45,501+,0.44,0.004697,1027,46,501+,0.74,0.119664,0.12495,0,0,0,,0.96181,2024-25
2026-08-10,2026-08-17,08091,Ouray County,Colorado,CO,quiet,0.00179,1150,25,501+,0.44,0.002995,1565,37,501+,0.47,0.119567,0.067389,0,0,0,,0.8846,2024-25
2026-08-10,2026-08-17,26011,Arenac County,Michigan,MI,quiet,0.001788,1151,59,501+,0.44,0.003252,1469,64,501+,0.52,0.119429,0.075658,0,0,0,,0.91414141,2024-25
2026-08-10,2026-08-17,27065,Kanabec County,Minnesota,MN,quiet,0.001786,1152,28,501+,0.44,0.003153,1508,45,501+,0.5,0.119255,0.07245,0,0,0,,0.853,2024-25
2026-08-10,2026-08-17,36019,Clinton County,New York,NY,quiet,0.001784,1153,55,501+,0.44,0.002409,1886,54,501+,0.38,0.11915,0.04943,0,0,0,,0.998558131,2024-25
2026-08-10,2026-08-17,30099,Teton County,Montana,MT,quiet,0.001784,1154,8,501+,0.44,0.002124,2096,32,501+,0.34,0.119135,0.041194,0,0,0,,,
2026-08-10,2026-08-17,46109,Roberts County,South Dakota,SD,quiet,0.001784,1155,11,501+,0.44,0.00584,806,10,501+,0.93,0.119116,0.165742,0,0,0,,0.93,2024-25
2026-08-10,2026-08-17,20051,Ellis County,Kansas,KS,quiet,0.001779,1156,18,501+,0.44,0.002961,1578,32,501+,0.47,0.118784,0.0663,0,0,0,,0.9228,2024-25
2026-08-10,2026-08-17,23011,Kennebec County,Maine,ME,quiet,0.001779,1157,9,501+,0.44,0.00741,629,5,501+,1.17,0.118748,0.221938,0,0,0,,0.9881,2024-25
2026-08-10,2026-08-17,29217,Vernon County,Missouri,MO,quiet,0.001772,1158,29,501+,0.43,0.004878,996,25,501+,0.77,0.118249,0.13135,0,0,0,,0.891,2024-25
2026-08-10,2026-08-17,05133,Sevier County,Arkansas,AR,quiet,0.001771,1159,10,501+,0.43,0.002604,1780,26,501+,0.41,0.118209,0.055249,0,0,0,,,
2026-08-10,2026-08-17,18119,Owen County,Indiana,IN,quiet,0.00177,1160,56,501+,0.43,0.005313,904,35,501+,0.84,0.11811,0.14687,0,0,0,,0.9613,2024-25
2026-08-10,2026-08-17,39115,Morgan County,Ohio,OH,quiet,0.001768,1161,67,501+,0.43,0.00404,1191,64,501+,0.64,0.118012,0.102064,0,0,0,,0.971,2024-25
2026-08-10,2026-08-17,18077,Jefferson County,Indiana,IN,quiet,0.001766,1162,57,501+,0.43,0.003173,1494,67,501+,0.5,0.117883,0.073083,0,0,0,,0.8738,2024-25
2026-08-10,2026-08-17,05005,Baxter County,Arkansas,AR,quiet,0.001764,1163,11,501+,0.43,0.003473,1382,15,501+,0.55,0.11773,0.082915,0,0,0,,,
2026-08-10,2026-08-17,53013,Columbia County,Washington,WA,quiet,0.001762,1164,26,501+,0.43,0.006148,759,23,501+,0.97,0.117541,0.176813,0,0,0,,0.852,2024-25
2026-08-10,2026-08-17,17001,Adams County,Illinois,IL,quiet,0.001761,1165,28,501+,0.43,0.003216,1479,36,501+,0.51,0.117512,0.07448,0,0,0,,0.985,2024-25
2026-08-10,2026-08-17,17173,Shelby County,Illinois,IL,quiet,0.001758,1166,29,501+,0.43,0.003891,1244,25,501+,0.62,0.117275,0.096976,0,0,0,,0.963,2024-25
2026-08-10,2026-08-17,22015,Bossier Parish,Louisiana,LA,quiet,0.001757,1167,12,501+,0.43,0.005802,815,9,501+,0.92,0.117213,0.164383,0,0,0,,0.9475,2024-25
2026-08-10,2026-08-17,51121,Montgomery County,Virginia,VA,quiet,0.001754,1168,34,501+,0.43,0.004112,1167,29,501+,0.65,0.116972,0.104552,0,0,0,,0.879,2024-25
2026-08-10,2026-08-17,28089,Madison County,Mississippi,MS,quiet,0.001753,1169,5,501+,0.43,0.003679,1319,4,501+,0.58,0.116917,0.08977,0,0,0,,0.9683,2024-25
2026-08-10,2026-08-17,48279,Lamb County,Texas,TX,quiet,0.001751,1170,98,501+,0.43,0.005392,888,92,501+,0.85,0.116824,0.14968,0,0,1,73,0.925466,2024-25
2026-08-10,2026-08-17,13151,Henry County,Georgia,GA,quiet,0.001751,1171,21,501+,0.43,0.004095,1173,26,501+,0.65,0.116807,0.103947,0,0,0,,,
2026-08-10,2026-08-17,08007,Archuleta County,Colorado,CO,quiet,0.001751,1172,26,501+,0.43,0.005694,842,24,501+,0.9,0.116801,0.160497,0,0,1,70,0.8148,2024-25
2026-08-10,2026-08-17,41049,Morrow County,Oregon,OR,quiet,0.001751,1173,19,501+,0.43,0.003839,1263,20,501+,0.61,0.116759,0.095194,0,0,0,,0.933,2024-25
2026-08-10,2026-08-17,28047,Harrison County,Mississippi,MS,quiet,0.001749,1174,6,501+,0.43,0.005324,902,1,501+,0.84,0.116662,0.147247,0,0,0,,0.9776,2024-25
2026-08-10,2026-08-17,28049,Hinds County,Mississippi,MS,quiet,0.001749,1175,7,501+,0.43,0.003646,1328,5,501+,0.58,0.116656,0.088675,0,0,0,,0.9751,2024-25
2026-08-10,2026-08-17,55099,Price County,Wisconsin,WI,quiet,0.001748,1176,42,501+,0.43,0.00297,1576,52,501+,0.47,0.116603,0.066586,0,0,0,,0.5,2024-25
2026-08-10,2026-08-17,16041,Franklin County,Idaho,ID,quiet,0.001743,1177,21,501+,0.43,0.003917,1233,27,501+,0.62,0.116247,0.097836,0,0,0,,0.84,2024-25
2026-08-10,2026-08-17,21009,Barren County,Kentucky,KY,quiet,0.001743,1178,23,501+,0.43,0.003308,1446,20,501+,0.52,0.116216,0.077488,0,0,0,,0.932,2024-25
2026-08-10,2026-08-17,48049,Brown County,Texas,TX,quiet,0.001742,1179,99,501+,0.43,0.002904,1599,169,501+,0.46,0.116127,0.064515,0,0,1,71,0.96,2024-25
2026-08-10,2026-08-17,01043,Cullman County,Alabama,AL,quiet,0.001741,1180,16,501+,0.43,0.004971,979,8,501+,0.79,0.116103,0.134656,0,0,0,,0.938,2024-25
2026-08-10,2026-08-17,37037,Chatham County,North Carolina,NC,quiet,0.00174,1181,41,501+,0.43,0.003814,1272,49,501+,0.6,0.116002,0.094341,0,0,0,,0.95244565,2024-25
2026-08-10,2026-08-17,48249,Jim Wells County,Texas,TX,quiet,0.00174,1182,100,501+,0.43,0.0038,1276,139,501+,0.6,0.116001,0.093856,0,0,0,,0.968553,2024-25
2026-08-10,2026-08-17,24029,Kent County,Maryland,MD,quiet,0.001732,1183,22,501+,0.42,0.005601,857,19,501+,0.89,0.115468,0.157186,0,0,0,,0.8839,2024-25
2026-08-10,2026-08-17,21137,Lincoln County,Kentucky,KY,quiet,0.001731,1184,24,501+,0.42,0.002105,2103,46,501+,0.33,0.115412,0.040678,0,0,0,,0.91,2024-25
2026-08-10,2026-08-17,13029,Bryan County,Georgia,GA,quiet,0.00173,1185,22,501+,0.42,0.007513,617,7,501+,1.19,0.115342,0.225563,0,0,1,25,,
2026-08-10,2026-08-17,17147,Piatt County,Illinois,IL,quiet,0.001729,1186,30,501+,0.42,0.00272,1691,41,501+,0.43,0.115204,0.058801,0,0,0,,0.983,2024-25
2026-08-10,2026-08-17,48055,Caldwell County,Texas,TX,quiet,0.001726,1187,101,501+,0.42,0.003338,1435,156,501+,0.53,0.115039,0.078448,0,0,0,,0.972477,2024-25
2026-08-10,2026-08-17,29097,Jasper County,Missouri,MO,quiet,0.001725,1188,30,501+,0.42,0.006502,717,12,501+,1.03,0.114982,0.189532,0,0,0,,0.919,2024-25
2026-08-10,2026-08-17,51800,Suffolk City,Virginia,VA,quiet,0.001723,1189,35,501+,0.42,0.005341,898,19,501+,0.85,0.114819,0.147871,0,0,0,,0.936,2024-25
2026-08-10,2026-08-17,20133,Neosho County,Kansas,KS,quiet,0.001722,1190,19,501+,0.42,0.003523,1361,24,501+,0.56,0.114717,0.084575,0,0,0,,0.8044,2024-25
2026-08-10,2026-08-17,08047,Gilpin County,Colorado,CO,quiet,0.001719,1191,27,501+,0.42,0.004438,1091,28,501+,0.7,0.114526,0.115875,0,0,0,,0.96,2024-25
2026-08-10,2026-08-17,49025,Kane County,Utah,UT,quiet,0.001715,1192,19,501+,0.42,0.003949,1218,20,501+,0.63,0.114223,0.098943,0,0,0,,0.831683,2024-25
2026-08-10,2026-08-17,31159,Seward County,Nebraska,NE,quiet,0.001714,1193,10,501+,0.42,0.00272,1692,20,501+,0.43,0.114178,0.058792,0,0,0,,0.970149254,2024-25
2026-08-10,2026-08-17,39149,Shelby County,Ohio,OH,quiet,0.001714,1194,68,501+,0.42,0.006177,754,41,501+,0.98,0.114163,0.177847,0,0,0,,0.776,2024-25
2026-08-10,2026-08-17,17021,Christian County,Illinois,IL,quiet,0.001712,1195,31,501+,0.42,0.003344,1433,33,501+,0.53,0.114027,0.078639,0,0,0,,0.947,2024-25
2026-08-10,2026-08-17,49001,Beaver County,Utah,UT,quiet,0.00171,1196,20,501+,0.42,0.003802,1275,21,501+,0.6,0.113901,0.093932,0,0,0,,0.891089,2023-24
2026-08-10,2026-08-17,26063,Huron County,Michigan,MI,quiet,0.001708,1197,60,501+,0.42,0.003262,1464,63,501+,0.52,0.113741,0.075977,0,0,0,,0.88996764,2024-25
2026-08-10,2026-08-17,05069,Jefferson County,Arkansas,AR,quiet,0.001708,1198,12,501+,0.42,0.00516,942,8,501+,0.82,0.113739,0.141407,0,0,0,,,
2026-08-10,2026-08-17,21021,Boyle County,Kentucky,KY,quiet,0.001707,1199,25,501+,0.42,0.002619,1764,33,501+,0.41,0.113659,0.055711,0,0,0,,0.931,2024-25
2026-08-10,2026-08-17,27015,Brown County,Minnesota,MN,quiet,0.001706,1200,29,501+,0.42,0.002586,1791,59,501+,0.41,0.11361,0.054699,0,0,0,,0.918,2024-25
2026-08-10,2026-08-17,56041,Uinta County,Wyoming,WY,quiet,0.001705,1201,13,501+,0.42,0.004394,1096,14,501+,0.7,0.113539,0.114309,0,0,0,,0.92,2022-23
2026-08-10,2026-08-17,39047,Fayette County,Ohio,OH,quiet,0.001702,1202,69,501+,0.42,0.003341,1434,71,501+,0.53,0.113327,0.078547,0,0,0,,0.934,2024-25
2026-08-10,2026-08-17,29113,Lincoln County,Missouri,MO,quiet,0.001699,1203,31,501+,0.42,0.005544,864,18,501+,0.88,0.113091,0.155135,0,0,0,,0.936,2024-25
2026-08-10,2026-08-17,55067,Langlade County,Wisconsin,WI,quiet,0.001698,1204,43,501+,0.42,0.002678,1728,55,501+,0.42,0.113069,0.057489,0,0,0,,0.86,2024-25
2026-08-10,2026-08-17,46047,Fall River County,South Dakota,SD,quiet,0.001697,1205,12,501+,0.42,0.003965,1212,13,501+,0.63,0.112993,0.099478,0,0,0,,0.81,2024-25
2026-08-10,2026-08-17,39069,Henry County,Ohio,OH,quiet,0.001697,1206,70,501+,0.42,0.002876,1609,74,501+,0.46,0.112985,0.063636,0,0,0,,0.872,2024-25
2026-08-10,2026-08-17,18125,Pike County,Indiana,IN,quiet,0.001695,1207,58,501+,0.42,0.001923,2235,89,501+,0.3,0.112805,0.035673,0,0,0,,0.9624,2024-25
2026-08-10,2026-08-17,45055,Kershaw County,South Carolina,SC,quiet,0.001694,1208,21,501+,0.41,0.003276,1458,30,501+,0.52,0.112759,0.076437,0,0,0,,0.951,2024-25
2026-08-10,2026-08-17,45023,Chester County,South Carolina,SC,quiet,0.00169,1209,22,501+,0.41,0.004529,1068,23,501+,0.72,0.112491,0.119046,0,0,0,,0.965,2024-25
2026-08-10,2026-08-17,29043,Christian County,Missouri,MO,quiet,0.001688,1210,32,501+,0.41,0.008062,571,8,501+,1.28,0.112347,0.244833,0,0,0,,0.815,2024-25
2026-08-10,2026-08-17,47159,Smith County,Tennessee,TN,quiet,0.001688,1211,24,501+,0.41,0.002644,1750,38,501+,0.42,0.112332,0.056474,0,0,0,,0.933,2024-25
2026-08-10,2026-08-17,19181,Warren County,Iowa,IA,quiet,0.001687,1212,18,501+,0.41,0.003753,1294,13,501+,0.59,0.112235,0.09227,0,0,0,,0.86950732,2024-25
2026-08-10,2026-08-17,12085,Martin County,Florida,FL,quiet,0.001685,1213,38,501+,0.41,0.003504,1368,41,501+,0.56,0.112146,0.083936,0,0,0,,0.885,2024-25
2026-08-10,2026-08-17,37149,Polk County,North Carolina,NC,quiet,0.001685,1214,42,501+,0.41,0.006423,728,28,501+,1.02,0.112137,0.186696,0,0,5,25,0.83928571,2024-25
2026-08-10,2026-08-17,23029,Washington County,Maine,ME,quiet,0.001685,1215,10,501+,0.41,0.003739,1298,12,501+,0.59,0.112134,0.091809,0,0,0,,0.9738,2024-25
2026-08-10,2026-08-17,55047,Green Lake County,Wisconsin,WI,quiet,0.001685,1216,44,501+,0.41,0.003734,1300,38,501+,0.59,0.112121,0.091626,0,0,0,,0.86,2024-25
2026-08-10,2026-08-17,48117,Deaf Smith County,Texas,TX,quiet,0.001684,1217,102,501+,0.41,0.00418,1154,127,501+,0.66,0.112087,0.106883,0,0,0,,0.993333,2024-25
2026-08-10,2026-08-17,36021,Columbia County,New York,NY,quiet,0.001684,1218,56,501+,0.41,0.002162,2064,56,501+,0.34,0.112062,0.042283,0,0,0,,0.992281204,2024-25
2026-08-10,2026-08-17,31111,Lincoln County,Nebraska,NE,quiet,0.001681,1219,11,501+,0.41,0.002434,1875,26,501+,0.39,0.111816,0.050163,0,0,0,,0.945054945,2024-25
2026-08-10,2026-08-17,39097,Madison County,Ohio,OH,quiet,0.001681,1220,71,501+,0.41,0.007736,600,34,501+,1.23,0.111812,0.233415,0,0,0,,0.938,2024-25
2026-08-10,2026-08-17,02130,Ketchikan Gateway Borough,Alaska,AK,quiet,0.00168,1221,6,501+,0.41,0.002009,2171,13,501+,0.32,0.111754,0.038011,0,0,0,,,
2026-08-10,2026-08-17,17055,Franklin County,Illinois,IL,quiet,0.001679,1222,32,501+,0.41,0.003587,1346,28,501+,0.57,0.111677,0.086696,0,0,0,,0.967,2024-25
2026-08-10,2026-08-17,18159,Tipton County,Indiana,IN,quiet,0.001676,1223,59,501+,0.41,0.004687,1031,44,501+,0.74,0.111497,0.124597,0,0,0,,0.8768,2024-25
2026-08-10,2026-08-17,17091,Kankakee County,Illinois,IL,quiet,0.001676,1224,33,501+,0.41,0.004131,1164,23,501+,0.65,0.11148,0.105193,0,0,0,,0.947,2024-25
2026-08-10,2026-08-17,17163,St. Clair County,Illinois,IL,quiet,0.001673,1225,34,501+,0.41,0.003351,1429,32,501+,0.53,0.111279,0.078871,0,0,0,,0.98,2024-25
2026-08-10,2026-08-17,18179,Wells County,Indiana,IN,quiet,0.001673,1226,60,501+,0.41,0.004025,1196,56,501+,0.64,0.111251,0.101547,0,0,0,,0.8895,2024-25
2026-08-10,2026-08-17,32017,Lincoln County,Nevada,NV,quiet,0.001671,1227,8,501+,0.41,0.004919,983,8,501+,0.78,0.11114,0.132829,0,0,0,,0.696,2024-25
2026-08-10,2026-08-17,29131,Miller County,Missouri,MO,quiet,0.00167,1228,33,501+,0.41,0.003942,1222,36,501+,0.62,0.111092,0.09872,0,0,0,,0.898,2024-25
2026-08-10,2026-08-17,55053,Jackson County,Wisconsin,WI,quiet,0.001669,1229,45,501+,0.41,0.003082,1537,50,501+,0.49,0.110991,0.070167,0,0,0,,0.79,2024-25
2026-08-10,2026-08-17,51775,Salem City,Virginia,VA,quiet,0.001668,1230,36,501+,0.41,0.004509,1075,22,501+,0.71,0.110938,0.11836,0,0,0,,0.879,2024-25
2026-08-10,2026-08-17,44005,Newport County,Rhode Island,RI,quiet,0.001667,1231,4,501+,0.41,0.002864,1615,5,501+,0.45,0.110883,0.063247,0,0,0,,0.94,2024-25
2026-08-10,2026-08-17,30067,Park County,Montana,MT,quiet,0.001662,1232,9,501+,0.41,0.003902,1240,13,501+,0.62,0.110528,0.097325,0,0,0,,,
2026-08-10,2026-08-17,27119,Polk County,Minnesota,MN,quiet,0.001662,1233,30,501+,0.41,0.004966,980,25,501+,0.79,0.110507,0.134472,0,0,0,,0.855,2024-25
2026-08-10,2026-08-17,48475,Ward County,Texas,TX,quiet,0.001657,1234,103,501+,0.41,0.006821,674,66,501+,1.08,0.110163,0.20095,0,0,0,,0.933735,2024-25
2026-08-10,2026-08-17,19157,Poweshiek County,Iowa,IA,quiet,0.001657,1235,19,501+,0.41,0.003769,1291,12,501+,0.6,0.11014,0.092807,0,0,0,,0.87700535,2024-25
2026-08-10,2026-08-17,31067,Gage County,Nebraska,NE,quiet,0.001656,1236,12,501+,0.41,0.002942,1586,17,501+,0.47,0.110076,0.065704,0,0,0,,0.936585366,2024-25
2026-08-10,2026-08-17,16015,Boise County,Idaho,ID,quiet,0.001656,1237,22,501+,0.41,0.003316,1442,31,501+,0.53,0.110068,0.077744,0,0,0,,0.45,2024-25
2026-08-10,2026-08-17,55069,Lincoln County,Wisconsin,WI,quiet,0.001654,1238,46,501+,0.41,0.00368,1318,39,501+,0.58,0.10994,0.089811,0,0,0,,0.85,2024-25
2026-08-10,2026-08-17,12075,Levy County,Florida,FL,quiet,0.001653,1239,39,501+,0.4,0.005295,913,34,501+,0.84,0.109864,0.146202,0,0,0,,0.954,2024-25
2026-08-10,2026-08-17,55123,Vernon County,Wisconsin,WI,quiet,0.001651,1240,47,501+,0.4,0.003508,1367,41,501+,0.56,0.109727,0.084084,0,0,0,,0.71,2024-25
2026-08-10,2026-08-17,19041,Clay County,Iowa,IA,quiet,0.00165,1241,20,501+,0.4,0.001902,2250,59,501+,0.3,0.109646,0.035085,0,0,0,,0.875,2024-25
2026-08-10,2026-08-17,51063,Floyd County,Virginia,VA,quiet,0.00165,1242,37,501+,0.4,0.002249,2012,66,501+,0.36,0.109645,0.044746,0,0,0,,0.873,2024-25
2026-08-10,2026-08-17,27029,Clearwater County,Minnesota,MN,quiet,0.00165,1243,31,501+,0.4,0.003126,1522,47,501+,0.5,0.109637,0.071569,0,0,0,,0.681,2024-25
2026-08-10,2026-08-17,27159,Wadena County,Minnesota,MN,quiet,0.001649,1244,32,501+,0.4,0.002196,2046,66,501+,0.35,0.10958,0.043245,0,0,0,,0.67,2024-25
2026-08-10,2026-08-17,19083,Hardin County,Iowa,IA,quiet,0.001649,1245,21,501+,0.4,0.002289,1976,40,501+,0.36,0.109541,0.045924,0,0,0,,0.87214612,2024-25
2026-08-10,2026-08-17,19033,Cerro Gordo County,Iowa,IA,quiet,0.001645,1246,22,501+,0.4,0.00269,1719,26,501+,0.43,0.109309,0.057876,0,0,0,,0.9168357,2024-25
2026-08-10,2026-08-17,05131,Sebastian County,Arkansas,AR,quiet,0.001643,1247,13,501+,0.4,0.005164,941,7,501+,0.82,0.109154,0.141529,0,0,0,,,
2026-08-10,2026-08-17,55039,Fond du Lac County,Wisconsin,WI,quiet,0.001643,1248,48,501+,0.4,0.003362,1425,45,501+,0.53,0.109126,0.079242,0,0,0,,0.83,2024-25
2026-08-10,2026-08-17,29201,Scott County,Missouri,MO,quiet,0.00164,1249,34,501+,0.4,0.004024,1197,34,501+,0.64,0.108907,0.101496,0,0,0,,0.947,2024-25
2026-08-10,2026-08-17,53049,Pacific County,Washington,WA,quiet,0.001639,1250,27,501+,0.4,0.00193,2227,35,501+,0.31,0.108884,0.035842,0,0,0,,0.574,2024-25
2026-08-10,2026-08-17,47061,Grundy County,Tennessee,TN,quiet,0.001637,1251,25,501+,0.4,0.00265,1743,37,501+,0.42,0.108732,0.05663,0,0,0,,0.809,2024-25
2026-08-10,2026-08-17,40099,Murray County,Oklahoma,OK,quiet,0.001637,1252,19,501+,0.4,0.003345,1430,25,501+,0.53,0.108714,0.078682,0,0,0,,0.7943,2024-25
2026-08-10,2026-08-17,26059,Hillsdale County,Michigan,MI,quiet,0.001636,1253,61,501+,0.4,0.006601,704,31,501+,1.05,0.108652,0.193085,0,0,0,,0.88717949,2024-25
2026-08-10,2026-08-17,37157,Rockingham County,North Carolina,NC,quiet,0.001633,1254,43,501+,0.4,0.00406,1182,44,501+,0.64,0.10843,0.102764,0,0,0,,0.96205357,2024-25
2026-08-10,2026-08-17,46091,Marshall County,South Dakota,SD,quiet,0.001632,1255,13,501+,0.4,0.003897,1241,15,501+,0.62,0.108352,0.097185,0,0,0,,0.73,2024-25
2026-08-10,2026-08-17,30047,Lake County,Montana,MT,quiet,0.00163,1256,10,501+,0.4,0.003796,1278,14,501+,0.6,0.108226,0.093744,0,0,0,,,
2026-08-10,2026-08-17,08049,Grand County,Colorado,CO,quiet,0.001629,1257,28,501+,0.4,0.007004,664,20,501+,1.11,0.10816,0.20748,0,0,0,,0.84,2024-25
2026-08-10,2026-08-17,18029,Dearborn County,Indiana,IN,quiet,0.001626,1258,61,501+,0.4,0.00451,1074,45,501+,0.71,0.107973,0.118399,0,0,0,,0.9232,2024-25
2026-08-10,2026-08-17,17157,Randolph County,Illinois,IL,quiet,0.001626,1259,35,501+,0.4,0.002272,1991,53,501+,0.36,0.107926,0.045428,0,0,0,,0.968,2024-25
2026-08-10,2026-08-17,17045,Edgar County,Illinois,IL,quiet,0.00162,1260,36,501+,0.4,0.006754,685,10,501+,1.07,0.107513,0.198564,0,0,0,,0.982,2024-25
2026-08-10,2026-08-17,29107,Lafayette County,Missouri,MO,quiet,0.001618,1261,35,501+,0.4,0.002781,1662,62,501+,0.44,0.107404,0.060659,0,0,0,,0.857,2024-25
2026-08-10,2026-08-17,41061,Union County,Oregon,OR,quiet,0.001618,1262,20,501+,0.4,0.00284,1630,23,501+,0.45,0.107377,0.062508,0,0,0,,0.906,2024-25
2026-08-10,2026-08-17,16059,Lemhi County,Idaho,ID,quiet,0.001614,1263,23,501+,0.4,0.003503,1369,30,501+,0.55,0.10707,0.083893,0,0,0,,0.76,2024-25
2026-08-10,2026-08-17,24023,Garrett County,Maryland,MD,quiet,0.001614,1264,23,501+,0.4,0.004936,982,20,501+,0.78,0.107063,0.133431,0,0,0,,0.9465,2024-25
2026-08-10,2026-08-17,29053,Cooper County,Missouri,MO,quiet,0.001612,1265,36,501+,0.39,0.003172,1496,50,501+,0.5,0.106926,0.073044,0,0,0,,0.932,2024-25
2026-08-10,2026-08-17,55097,Portage County,Wisconsin,WI,quiet,0.00161,1266,49,501+,0.39,0.003456,1389,42,501+,0.55,0.106789,0.082343,0,0,0,,0.87,2024-25
2026-08-10,2026-08-17,54097,Upshur County,West Virginia,WV,quiet,0.001608,1267,20,501+,0.39,0.002978,1571,25,501+,0.47,0.106682,0.066832,0,0,0,,,
2026-08-10,2026-08-17,48343,Morris County,Texas,TX,quiet,0.001607,1268,104,501+,0.39,0.005469,877,91,501+,0.87,0.106605,0.152457,0,0,0,,0.96748,2024-25
2026-08-10,2026-08-17,55013,Burnett County,Wisconsin,WI,quiet,0.001607,1269,50,501+,0.39,0.002293,1972,61,501+,0.36,0.106573,0.046027,0,0,0,,0.66,2024-25
2026-08-10,2026-08-17,27091,Martin County,Minnesota,MN,quiet,0.001602,1270,33,501+,0.39,0.002402,1887,60,501+,0.38,0.106249,0.049209,0,0,0,,0.822,2024-25
2026-08-10,2026-08-17,32001,Churchill County,Nevada,NV,quiet,0.001601,1271,9,501+,0.39,0.004268,1129,9,501+,0.68,0.106169,0.109942,0,0,0,,0.929,2024-25
2026-08-10,2026-08-17,17053,Ford County,Illinois,IL,quiet,0.001588,1272,37,501+,0.39,0.002606,1777,44,501+,0.41,0.105261,0.0553,0,0,0,,0.968,2024-25
2026-08-10,2026-08-17,53003,Asotin County,Washington,WA,quiet,0.001588,1273,28,501+,0.39,0.003058,1541,32,501+,0.48,0.105236,0.069387,0,0,0,,0.884,2024-25
2026-08-10,2026-08-17,48097,Cooke County,Texas,TX,quiet,0.001587,1274,105,501+,0.39,0.004538,1066,119,501+,0.72,0.105179,0.119357,0,0,0,,0.915464,2024-25
2026-08-10,2026-08-17,16065,Madison County,Idaho,ID,quiet,0.001587,1275,24,501+,0.39,0.010688,397,7,151–500,1.69,0.105173,0.332471,0,0,3,31,0.84,2024-25
2026-08-10,2026-08-17,12087,Monroe County,Florida,FL,quiet,0.001586,1276,40,501+,0.39,0.004186,1150,40,501+,0.66,0.105085,0.107087,0,0,0,,0.92,2024-25
2026-08-10,2026-08-17,45049,Hampton County,South Carolina,SC,quiet,0.001583,1277,23,501+,0.39,0.01287,330,8,151–500,2.04,0.104899,0.398064,0,0,1,10,0.981,2024-25
2026-08-10,2026-08-17,41065,Wasco County,Oregon,OR,quiet,0.001582,1278,21,501+,0.39,0.002755,1678,25,501+,0.44,0.104804,0.059877,0,0,0,,0.911,2024-25
2026-08-10,2026-08-17,41013,Crook County,Oregon,OR,quiet,0.00158,1279,22,501+,0.39,0.004047,1188,19,501+,0.64,0.104707,0.102291,0,0,0,,0.872,2024-25
2026-08-10,2026-08-17,16025,Camas County,Idaho,ID,quiet,0.001579,1280,25,501+,0.39,0.006065,768,16,501+,0.96,0.104635,0.173833,0,0,0,,0.4,2024-25
2026-08-10,2026-08-17,17105,Livingston County,Illinois,IL,quiet,0.001577,1281,38,501+,0.39,0.002347,1932,51,501+,0.37,0.104444,0.047602,0,0,0,,0.963,2024-25
2026-08-10,2026-08-17,47119,Maury County,Tennessee,TN,quiet,0.001576,1282,26,501+,0.39,0.003301,1450,27,501+,0.52,0.10441,0.077249,0,0,0,,0.892,2024-25
2026-08-10,2026-08-17,48199,Hardin County,Texas,TX,quiet,0.001575,1283,106,501+,0.39,0.003977,1209,136,501+,0.63,0.104339,0.099913,0,0,0,,0.918546,2024-25
2026-08-10,2026-08-17,22077,Pointe Coupee Parish,Louisiana,LA,quiet,0.001573,1284,13,501+,0.39,0.001663,2429,38,501+,0.26,0.104156,0.028828,0,0,0,,0.98,2024-25
2026-08-10,2026-08-17,55089,Ozaukee County,Wisconsin,WI,quiet,0.00157,1285,51,501+,0.38,0.005369,895,29,501+,0.85,0.103978,0.148876,0,0,0,,0.89,2024-25
2026-08-10,2026-08-17,40013,Bryan County,Oklahoma,OK,quiet,0.00157,1286,20,501+,0.38,0.004167,1158,21,501+,0.66,0.103961,0.106422,0,0,0,,0.9126,2024-25
2026-08-10,2026-08-17,56009,Converse County,Wyoming,WY,quiet,0.001569,1287,14,501+,0.38,0.00321,1481,19,501+,0.51,0.103877,0.074272,0,0,0,,0.93,2022-23
2026-08-10,2026-08-17,17037,DeKalb County,Illinois,IL,quiet,0.001567,1288,39,501+,0.38,0.0081,567,8,501+,1.28,0.103746,0.246161,0,0,0,,0.968,2024-25
2026-08-10,2026-08-17,36123,Yates County,New York,NY,quiet,0.001567,1289,57,501+,0.38,0.002346,1933,55,501+,0.37,0.103731,0.047572,0,0,0,,1.0,2024-25
2026-08-10,2026-08-17,13221,Oglethorpe County,Georgia,GA,quiet,0.001563,1290,23,501+,0.38,0.003604,1338,34,501+,0.57,0.103494,0.087254,0,0,0,,,
2026-08-10,2026-08-17,38021,Dickey County,North Dakota,ND,quiet,0.001562,1291,14,501+,0.38,0.002844,1629,25,501+,0.45,0.10342,0.062635,0,0,0,,0.7174,2024-25
2026-08-10,2026-08-17,45053,Jasper County,South Carolina,SC,quiet,0.001562,1292,24,501+,0.38,0.005065,958,21,501+,0.8,0.103395,0.138014,0,0,0,,0.825,2024-25
2026-08-10,2026-08-17,13149,Heard County,Georgia,GA,quiet,0.001561,1293,24,501+,0.38,0.002803,1649,46,501+,0.44,0.103337,0.061344,0,0,0,,,
2026-08-10,2026-08-17,27153,Todd County,Minnesota,MN,quiet,0.001559,1294,34,501+,0.38,0.004044,1189,32,501+,0.64,0.103206,0.102199,0,0,0,,0.786,2024-25
2026-08-10,2026-08-17,17165,Saline County,Illinois,IL,quiet,0.001557,1295,40,501+,0.38,0.002098,2108,58,501+,0.33,0.103071,0.040484,0,0,0,,0.97,2024-25
2026-08-10,2026-08-17,45047,Greenwood County,South Carolina,SC,quiet,0.001556,1296,25,501+,0.38,0.003692,1312,25,501+,0.58,0.103004,0.090223,0,0,0,,0.963,2024-25
2026-08-10,2026-08-17,39037,Darke County,Ohio,OH,quiet,0.001556,1297,72,501+,0.38,0.003869,1255,68,501+,0.61,0.102975,0.096211,0,0,0,,0.925,2024-25
2026-08-10,2026-08-17,18047,Franklin County,Indiana,IN,quiet,0.001555,1298,62,501+,0.38,0.002764,1672,77,501+,0.44,0.102892,0.060147,0,0,0,,0.8062,2024-25
2026-08-10,2026-08-17,54065,Morgan County,West Virginia,WV,quiet,0.001551,1299,21,501+,0.38,0.005729,830,11,501+,0.91,0.102621,0.161769,0,0,0,,,
2026-08-10,2026-08-17,27135,Roseau County,Minnesota,MN,quiet,0.001551,1300,35,501+,0.38,0.003051,1546,48,501+,0.48,0.102612,0.069174,0,0,0,,0.823,2024-25
2026-08-10,2026-08-17,33003,Carroll County,New Hampshire,NH,quiet,0.001551,1301,8,501+,0.38,0.002775,1664,9,501+,0.44,0.102598,0.060476,0,0,0,,0.904,2024-25
2026-08-10,2026-08-17,48479,Webb County,Texas,TX,quiet,0.00155,1302,107,501+,0.38,0.004187,1149,126,501+,0.66,0.102536,0.107145,0,0,0,,0.994189,2024-25
2026-08-10,2026-08-17,29059,Dallas County,Missouri,MO,quiet,0.001547,1303,37,501+,0.38,0.004809,1012,26,501+,0.76,0.102369,0.128904,0,0,0,,0.844,2024-25
2026-08-10,2026-08-17,47051,Franklin County,Tennessee,TN,quiet,0.001547,1304,27,501+,0.38,0.002499,1838,42,501+,0.4,0.102325,0.05208,0,0,0,,0.952,2024-25
2026-08-10,2026-08-17,21163,Meade County,Kentucky,KY,quiet,0.001547,1305,26,501+,0.38,0.00208,2121,47,501+,0.33,0.102303,0.039973,0,0,0,,0.946,2024-25
2026-08-10,2026-08-17,18033,DeKalb County,Indiana,IN,quiet,0.00154,1306,63,501+,0.38,0.004444,1089,47,501+,0.7,0.101824,0.116057,0,0,0,,0.9181,2024-25
2026-08-10,2026-08-17,48497,Wise County,Texas,TX,quiet,0.001539,1307,108,501+,0.38,0.004544,1063,118,501+,0.72,0.101777,0.119578,0,0,0,,0.906791,2024-25
2026-08-10,2026-08-17,31131,Otoe County,Nebraska,NE,quiet,0.001539,1308,13,501+,0.38,0.002896,1603,18,501+,0.46,0.101777,0.064257,0,0,0,,0.944,2024-25
2026-08-10,2026-08-17,19111,Lee County,Iowa,IA,quiet,0.001539,1309,23,501+,0.38,0.001982,2194,57,501+,0.31,0.101734,0.037278,0,0,0,,0.90555556,2024-25
2026-08-10,2026-08-17,37027,Caldwell County,North Carolina,NC,quiet,0.001537,1310,44,501+,0.38,0.00384,1262,48,501+,0.61,0.101658,0.095214,0,0,0,,0.96386946,2024-25
2026-08-10,2026-08-17,13045,Carroll County,Georgia,GA,quiet,0.001536,1311,25,501+,0.38,0.005217,929,18,501+,0.83,0.10155,0.143417,0,0,0,,,
2026-08-10,2026-08-17,29007,Audrain County,Missouri,MO,quiet,0.001535,1312,38,501+,0.38,0.003978,1208,35,501+,0.63,0.101476,0.099935,0,0,0,,0.967,2024-25
2026-08-10,2026-08-17,13295,Walker County,Georgia,GA,quiet,0.001531,1313,26,501+,0.38,0.003897,1242,28,501+,0.62,0.101224,0.097181,0,0,0,,,
2026-08-10,2026-08-17,29125,Maries County,Missouri,MO,quiet,0.001531,1314,39,501+,0.38,0.00243,1876,72,501+,0.38,0.10122,0.050027,0,0,0,,0.899,2024-25
2026-08-10,2026-08-17,37017,Bladen County,North Carolina,NC,quiet,0.00153,1315,45,501+,0.37,0.002863,1616,60,501+,0.45,0.101101,0.063219,0,0,0,,0.96694215,2024-25
2026-08-10,2026-08-17,20001,Allen County,Kansas,KS,quiet,0.001528,1316,20,501+,0.37,0.003263,1463,28,501+,0.52,0.100966,0.076019,0,0,0,,0.8688,2024-25
2026-08-10,2026-08-17,54009,Brooke County,West Virginia,WV,quiet,0.001527,1317,22,501+,0.37,0.00465,1037,16,501+,0.74,0.10089,0.123297,0,0,0,,,
2026-08-10,2026-08-17,17027,Clinton County,Illinois,IL,quiet,0.001526,1318,41,501+,0.37,0.00329,1455,35,501+,0.52,0.100844,0.076898,0,0,0,,0.977,2024-25
2026-08-10,2026-08-17,39107,Mercer County,Ohio,OH,quiet,0.001526,1319,73,501+,0.37,0.002536,1820,79,501+,0.4,0.100841,0.053185,0,0,0,,0.891,2024-25
2026-08-10,2026-08-17,48149,Fayette County,Texas,TX,quiet,0.001525,1320,109,501+,0.37,0.005265,920,96,501+,0.83,0.100788,0.145142,0,0,0,,0.957806,2024-25
2026-08-10,2026-08-17,36049,Lewis County,New York,NY,quiet,0.001524,1321,58,501+,0.37,0.001809,2327,60,501+,0.29,0.100669,0.032627,0,0,0,,0.996163658,2024-25
2026-08-10,2026-08-17,48299,Llano County,Texas,TX,quiet,0.001521,1322,110,501+,0.37,0.00476,1018,111,501+,0.75,0.100519,0.127183,0,0,0,,0.895522,2024-25
2026-08-10,2026-08-17,48087,Collingsworth County,Texas,TX,quiet,0.001521,1323,111,501+,0.37,0.005282,917,95,501+,0.84,0.100492,0.145764,0,0,0,,0.878049,2024-25
2026-08-10,2026-08-17,27039,Dodge County,Minnesota,MN,quiet,0.001521,1324,36,501+,0.37,0.002927,1590,49,501+,0.46,0.100483,0.065227,0,0,0,,0.891,2024-25
2026-08-10,2026-08-17,08039,Elbert County,Colorado,CO,quiet,0.001518,1325,29,501+,0.37,0.003567,1351,33,501+,0.57,0.100305,0.086018,0,0,0,,0.795,2024-25
2026-08-10,2026-08-17,51117,Mecklenburg County,Virginia,VA,quiet,0.001515,1326,38,501+,0.37,0.002223,2026,68,501+,0.35,0.100062,0.044017,0,0,0,,0.911,2024-25
2026-08-10,2026-08-17,48305,Lynn County,Texas,TX,quiet,0.001515,1327,112,501+,0.37,0.004392,1097,120,501+,0.7,0.100056,0.114262,0,0,2,76,0.913043,2024-25
2026-08-10,2026-08-17,53039,Klickitat County,Washington,WA,quiet,0.001513,1328,29,501+,0.37,0.004258,1133,27,501+,0.67,0.099898,0.10959,0,0,0,,0.874,2024-25
2026-08-10,2026-08-17,53001,Adams County,Washington,WA,quiet,0.001512,1329,30,501+,0.37,0.003689,1313,31,501+,0.58,0.099877,0.090117,0,0,0,,0.954,2024-25
2026-08-10,2026-08-17,06063,Plumas County,California,CA,quiet,0.001511,1330,46,501+,0.37,0.007263,642,37,501+,1.15,0.099739,0.216701,0,0,0,,0.95431,2024-25
2026-08-10,2026-08-17,48349,Navarro County,Texas,TX,quiet,0.001509,1331,113,501+,0.37,0.003022,1556,163,501+,0.48,0.099616,0.068248,0,0,0,,0.962585,2024-25
2026-08-10,2026-08-17,21179,Nelson County,Kentucky,KY,quiet,0.001508,1332,27,501+,0.37,0.002323,1949,41,501+,0.37,0.099584,0.046892,0,0,0,,0.952,2024-25
2026-08-10,2026-08-17,19187,Webster County,Iowa,IA,quiet,0.001508,1333,24,501+,0.37,0.002925,1591,19,501+,0.46,0.099537,0.065186,0,0,0,,0.85494505,2024-25
2026-08-10,2026-08-17,55101,Racine County,Wisconsin,WI,quiet,0.001505,1334,52,501+,0.37,0.003929,1226,37,501+,0.62,0.09935,0.098249,0,0,0,,0.81,2024-25
2026-08-10,2026-08-17,17135,Montgomery County,Illinois,IL,quiet,0.001505,1335,42,501+,0.37,0.00223,2022,55,501+,0.35,0.09934,0.044207,0,0,0,,0.975,2024-25
2026-08-10,2026-08-17,26109,Menominee County,Michigan,MI,quiet,0.001505,1336,62,501+,0.37,0.003005,1562,67,501+,0.48,0.099337,0.067721,0,0,0,,0.8700565,2024-25
2026-08-10,2026-08-17,48365,Panola County,Texas,TX,quiet,0.001498,1337,114,501+,0.37,0.005937,784,78,501+,0.94,0.098867,0.169228,0,0,0,,0.93617,2024-25
2026-08-10,2026-08-17,48177,Gonzales County,Texas,TX,quiet,0.00149,1338,115,501+,0.36,0.004087,1175,133,501+,0.65,0.098283,0.103679,0,0,0,,0.975207,2024-25
2026-08-10,2026-08-17,22109,Terrebonne Parish,Louisiana,LA,quiet,0.001489,1339,14,501+,0.36,0.003981,1206,15,501+,0.63,0.098171,0.100046,0,0,0,,0.8969,2024-25
2026-08-10,2026-08-17,48281,Lampasas County,Texas,TX,quiet,0.001488,1340,116,501+,0.36,0.003628,1332,147,501+,0.57,0.09814,0.08809,0,0,0,,0.956175,2024-25
2026-08-10,2026-08-17,50017,Orange County,Vermont,VT,quiet,0.001488,1341,11,501+,0.36,0.004991,976,7,501+,0.79,0.098136,0.13536,0,0,0,,0.95,2024-25
2026-08-10,2026-08-17,29117,Livingston County,Missouri,MO,quiet,0.001487,1342,40,501+,0.36,0.00332,1441,47,501+,0.53,0.098052,0.077858,0,0,0,,0.925,2024-25
2026-08-10,2026-08-17,16067,Minidoka County,Idaho,ID,quiet,0.001484,1343,26,501+,0.36,0.003869,1254,28,501+,0.61,0.097834,0.096224,0,0,0,,0.92,2024-25
2026-08-10,2026-08-17,29135,Moniteau County,Missouri,MO,quiet,0.001482,1344,41,501+,0.36,0.00295,1584,59,501+,0.47,0.097687,0.065974,0,0,0,,0.94,2024-25
2026-08-10,2026-08-17,41031,Jefferson County,Oregon,OR,quiet,0.001481,1345,23,501+,0.36,0.002694,1716,26,501+,0.43,0.097613,0.057997,0,0,0,,0.941,2024-25
2026-08-10,2026-08-17,27069,Kittson County,Minnesota,MN,quiet,0.00148,1346,37,501+,0.36,0.004911,985,26,501+,0.78,0.097558,0.132521,0,0,0,,0.712,2024-25
2026-08-10,2026-08-17,18017,Cass County,Indiana,IN,quiet,0.001478,1347,64,501+,0.36,0.003983,1205,57,501+,0.63,0.097392,0.100105,0,0,0,,0.9486,2024-25
2026-08-10,2026-08-17,38023,Divide County,North Dakota,ND,quiet,0.001477,1348,15,501+,0.36,0.004295,1121,15,501+,0.68,0.09738,0.110863,0,0,0,,0.9118,2024-25
2026-08-10,2026-08-17,31073,Gosper County,Nebraska,NE,quiet,0.001477,1349,14,501+,0.36,0.00205,2144,35,501+,0.32,0.097352,0.039148,0,0,0,,0.666666667,2024-25
2026-08-10,2026-08-17,27007,Beltrami County,Minnesota,MN,quiet,0.001477,1350,38,501+,0.36,0.004619,1043,27,501+,0.73,0.097345,0.122225,0,0,0,,0.87,2024-25
2026-08-10,2026-08-17,48255,Karnes County,Texas,TX,quiet,0.001476,1351,117,501+,0.36,0.002598,1781,182,501+,0.41,0.097312,0.055078,0,0,0,,0.981366,2024-25
2026-08-10,2026-08-17,36039,Greene County,New York,NY,quiet,0.001476,1352,59,501+,0.36,0.003288,1456,47,501+,0.52,0.097281,0.076811,0,0,0,,0.998623609,2024-25
2026-08-10,2026-08-17,47089,Jefferson County,Tennessee,TN,quiet,0.001473,1353,28,501+,0.36,0.002321,1953,52,501+,0.37,0.097052,0.046846,0,0,0,,0.952,2024-25
2026-08-10,2026-08-17,29055,Crawford County,Missouri,MO,quiet,0.001472,1354,42,501+,0.36,0.003207,1482,49,501+,0.51,0.096982,0.074205,0,0,0,,0.913,2024-25
2026-08-10,2026-08-17,46127,Union County,South Dakota,SD,quiet,0.001471,1355,14,501+,0.36,0.001899,2252,42,501+,0.3,0.096957,0.035025,0,0,0,,0.94,2024-25
2026-08-10,2026-08-17,17011,Bureau County,Illinois,IL,quiet,0.001471,1356,43,501+,0.36,0.002567,1807,46,501+,0.41,0.096934,0.054141,0,0,0,,0.955,2024-25
2026-08-10,2026-08-17,25019,Nantucket County,Massachusetts,MA,quiet,0.001471,1357,13,501+,0.36,0.003247,1472,11,501+,0.51,0.096927,0.075491,0,0,0,,0.91,2024-25
2026-08-10,2026-08-17,46025,Clark County,South Dakota,SD,quiet,0.001468,1358,15,501+,0.36,0.00341,1406,19,501+,0.54,0.096718,0.080841,0,0,0,,0.63,2024-25
2026-08-10,2026-08-17,40147,Washington County,Oklahoma,OK,quiet,0.001459,1359,21,501+,0.36,0.002913,1594,31,501+,0.46,0.096053,0.064801,0,0,0,,0.8876,2024-25
2026-08-10,2026-08-17,37085,Harnett County,North Carolina,NC,quiet,0.001455,1360,46,501+,0.36,0.008817,517,16,501+,1.4,0.09578,0.270898,0,0,0,,0.90358467,2024-25
2026-08-10,2026-08-17,48171,Gillespie County,Texas,TX,quiet,0.001454,1361,118,501+,0.36,0.004387,1098,121,501+,0.7,0.095746,0.114073,0,0,0,,0.911765,2024-25
2026-08-10,2026-08-17,40003,Alfalfa County,Oklahoma,OK,quiet,0.001451,1362,22,501+,0.36,0.00392,1230,23,501+,0.62,0.095485,0.097946,0,0,0,,0.9,2024-25
2026-08-10,2026-08-17,05059,Hot Spring County,Arkansas,AR,quiet,0.00145,1363,14,501+,0.36,0.003598,1340,13,501+,0.57,0.095435,0.087064,0,0,0,,,
2026-08-10,2026-08-17,26051,Gladwin County,Michigan,MI,quiet,0.00145,1364,63,501+,0.36,0.005124,951,45,501+,0.81,0.095425,0.140118,0,0,0,,0.88764045,2024-25
2026-08-10,2026-08-17,20113,McPherson County,Kansas,KS,quiet,0.00145,1365,21,501+,0.36,0.002479,1851,52,501+,0.39,0.095412,0.051485,0,0,0,,0.8899,2024-25
2026-08-10,2026-08-17,35023,Hidalgo County,New Mexico,NM,quiet,0.001449,1366,14,501+,0.35,0.007151,652,9,501+,1.13,0.095334,0.212724,0,0,2,24,0.9643,2024-25
2026-08-10,2026-08-17,17181,Union County,Illinois,IL,quiet,0.001448,1367,44,501+,0.35,0.002063,2132,60,501+,0.33,0.095306,0.039498,0,0,0,,0.97,2024-25
2026-08-10,2026-08-17,48323,Maverick County,Texas,TX,quiet,0.001448,1368,119,501+,0.35,0.003649,1327,146,501+,0.58,0.09527,0.088774,0,0,0,,0.939425,2024-25
2026-08-10,2026-08-17,21017,Bourbon County,Kentucky,KY,quiet,0.001448,1369,28,501+,0.35,0.002195,2048,43,501+,0.35,0.09526,0.043221,0,0,0,,0.90295359,2024-25
2026-08-10,2026-08-17,13183,Long County,Georgia,GA,quiet,0.001447,1370,27,501+,0.35,0.003788,1284,30,501+,0.6,0.095227,0.093469,0,0,0,,,
2026-08-10,2026-08-17,23009,Hancock County,Maine,ME,quiet,0.001447,1371,11,501+,0.35,0.004763,1017,8,501+,0.75,0.095215,0.127286,0,0,0,,0.9832,2024-25
2026-08-10,2026-08-17,08113,San Miguel County,Colorado,CO,quiet,0.001446,1372,30,501+,0.35,0.00368,1317,31,501+,0.58,0.095163,0.08983,0,0,0,,0.863,2024-25
2026-08-10,2026-08-17,35041,Roosevelt County,New Mexico,NM,quiet,0.001445,1373,15,501+,0.35,0.004459,1085,13,501+,0.71,0.095072,0.116591,0,0,0,,0.964,2024-25
2026-08-10,2026-08-17,20035,Cowley County,Kansas,KS,quiet,0.001444,1374,22,501+,0.35,0.00356,1353,23,501+,0.56,0.095003,0.085796,0,0,0,,0.9597,2024-25
2026-08-10,2026-08-17,38081,Sargent County,North Dakota,ND,quiet,0.001443,1375,16,501+,0.35,0.004604,1048,12,501+,0.73,0.094905,0.121674,0,0,0,,0.8478,2024-25
2026-08-10,2026-08-17,29186,Ste. Genevieve County,Missouri,MO,quiet,0.001443,1376,43,501+,0.35,0.002852,1622,61,501+,0.45,0.094892,0.062884,0,0,0,,0.87,2024-25
2026-08-10,2026-08-17,29035,Carter County,Missouri,MO,quiet,0.001441,1377,44,501+,0.35,0.003098,1532,55,501+,0.49,0.094805,0.070687,0,0,0,,0.859,2024-25
2026-08-10,2026-08-17,45075,Orangeburg County,South Carolina,SC,quiet,0.001441,1378,26,501+,0.35,0.003593,1341,26,501+,0.57,0.094782,0.086915,0,0,0,,0.956,2024-25
2026-08-10,2026-08-17,18113,Noble County,Indiana,IN,quiet,0.00144,1379,65,501+,0.35,0.003384,1416,65,501+,0.54,0.094696,0.079963,0,0,0,,0.9147,2024-25
2026-08-10,2026-08-17,37139,Pasquotank County,North Carolina,NC,quiet,0.001439,1380,47,501+,0.35,0.002021,2162,77,501+,0.32,0.094627,0.038325,0,0,0,,0.91330645,2024-25
2026-08-10,2026-08-17,55135,Waupaca County,Wisconsin,WI,quiet,0.001436,1381,53,501+,0.35,0.003436,1396,43,501+,0.54,0.094412,0.081679,0,0,0,,0.83,2024-25
2026-08-10,2026-08-17,48163,Frio County,Texas,TX,quiet,0.001436,1382,120,501+,0.35,0.004289,1122,123,501+,0.68,0.094405,0.110683,0,0,2,22,0.983333,2024-25
2026-08-10,2026-08-17,12119,Sumter County,Florida,FL,quiet,0.001435,1383,41,501+,0.35,0.003335,1437,44,501+,0.53,0.094361,0.078345,0,0,0,,0.906,2024-25
2026-08-10,2026-08-17,01029,Cleburne County,Alabama,AL,quiet,0.001428,1384,17,501+,0.35,0.003188,1488,16,501+,0.51,0.093824,0.073571,0,0,0,,0.9144,2024-25
2026-08-10,2026-08-17,29123,Madison County,Missouri,MO,quiet,0.001427,1385,45,501+,0.35,0.0031,1530,54,501+,0.49,0.093757,0.070747,0,0,0,,0.967,2024-25
2026-08-10,2026-08-17,19123,Mahaska County,Iowa,IA,quiet,0.001426,1386,25,501+,0.35,0.002168,2059,48,501+,0.34,0.093719,0.042448,0,0,0,,0.92094862,2024-25
2026-08-10,2026-08-17,17057,Fulton County,Illinois,IL,quiet,0.001425,1387,45,501+,0.35,0.002205,2040,57,501+,0.35,0.093616,0.043504,0,0,0,,0.975,2024-25
2026-08-10,2026-08-17,26003,Alger County,Michigan,MI,quiet,0.001424,1388,64,501+,0.35,0.003931,1225,56,501+,0.62,0.093604,0.098342,0,0,0,,0.98275862,2024-25
2026-08-10,2026-08-17,16085,Valley County,Idaho,ID,quiet,0.001424,1389,27,501+,0.35,0.001753,2362,43,501+,0.28,0.093562,0.031161,0,0,0,,0.8,2024-25
2026-08-10,2026-08-17,48273,Kleberg County,Texas,TX,quiet,0.001423,1390,121,501+,0.35,0.003016,1560,164,501+,0.48,0.093528,0.068042,0,0,0,,0.961538,2024-25
2026-08-10,2026-08-17,18169,Wabash County,Indiana,IN,quiet,0.001423,1391,66,501+,0.35,0.002892,1604,74,501+,0.46,0.093518,0.06415,0,0,0,,0.8921,2024-25
2026-08-10,2026-08-17,54051,Marshall County,West Virginia,WV,quiet,0.001421,1392,23,501+,0.35,0.003762,1292,22,501+,0.6,0.093384,0.092589,0,0,0,,,
2026-08-10,2026-08-17,46029,Codington County,South Dakota,SD,quiet,0.001419,1393,16,501+,0.35,0.003645,1330,17,501+,0.58,0.093235,0.088641,0,0,0,,0.9,2024-25
2026-08-10,2026-08-17,16037,Custer County,Idaho,ID,quiet,0.001419,1394,28,501+,0.35,0.00268,1726,35,501+,0.42,0.093227,0.057547,0,0,0,,0.66,2024-25
2026-08-10,2026-08-17,21185,Oldham County,Kentucky,KY,quiet,0.001417,1395,29,501+,0.35,0.002646,1748,32,501+,0.42,0.093075,0.056527,0,0,0,,0.949,2024-25
2026-08-10,2026-08-17,48169,Garza County,Texas,TX,quiet,0.001415,1396,122,501+,0.35,0.002217,2030,200,501+,0.35,0.092898,0.043844,0,0,2,71,0.864865,2024-25
2026-08-10,2026-08-17,27107,Norman County,Minnesota,MN,quiet,0.001414,1397,39,501+,0.35,0.005378,893,21,501+,0.85,0.092836,0.149181,0,0,0,,0.914,2024-25
2026-08-10,2026-08-17,19125,Marion County,Iowa,IA,quiet,0.001412,1398,26,501+,0.35,0.002473,1852,31,501+,0.39,0.092738,0.051317,0,0,0,,0.86976744,2024-25
2026-08-10,2026-08-17,30007,Broadwater County,Montana,MT,quiet,0.001411,1399,11,501+,0.35,0.004521,1070,10,501+,0.72,0.092655,0.118767,0,0,0,,,
2026-08-10,2026-08-17,27057,Hubbard County,Minnesota,MN,quiet,0.001411,1400,40,501+,0.35,0.004012,1200,33,501+,0.64,0.092638,0.10109,0,0,0,,0.83,2024-25
2026-08-10,2026-08-17,39015,Brown County,Ohio,OH,quiet,0.00141,1401,74,501+,0.35,0.004231,1139,62,501+,0.67,0.092562,0.10865,0,0,0,,0.952,2024-25
2026-08-10,2026-08-17,48001,Anderson County,Texas,TX,quiet,0.001409,1402,123,501+,0.35,0.005148,944,100,501+,0.82,0.092535,0.140952,0,0,0,,0.947858,2024-25
2026-08-10,2026-08-17,31033,Cheyenne County,Nebraska,NE,quiet,0.001409,1403,15,501+,0.35,0.003549,1354,10,501+,0.56,0.092483,0.085439,0,0,0,,0.957142857,2024-25
2026-08-10,2026-08-17,54031,Hardy County,West Virginia,WV,quiet,0.001407,1404,24,501+,0.34,0.002482,1850,30,501+,0.39,0.092353,0.051578,0,0,0,,,
2026-08-10,2026-08-17,18061,Harrison County,Indiana,IN,quiet,0.001406,1405,67,501+,0.34,0.007169,647,24,501+,1.14,0.09231,0.21338,0,0,0,,0.8588,2024-25
2026-08-10,2026-08-17,40111,Okmulgee County,Oklahoma,OK,quiet,0.001406,1406,23,501+,0.34,0.00331,1445,26,501+,0.52,0.09226,0.077529,0,0,0,,0.9286,2024-25
2026-08-10,2026-08-17,23015,Lincoln County,Maine,ME,quiet,0.001405,1407,12,501+,0.34,0.003472,1384,14,501+,0.55,0.092228,0.082865,0,0,0,,0.9674,2024-25
2026-08-10,2026-08-17,47123,Monroe County,Tennessee,TN,quiet,0.001405,1408,29,501+,0.34,0.002998,1564,33,501+,0.47,0.092194,0.067475,0,0,0,,0.952,2024-25
2026-08-10,2026-08-17,36095,Schoharie County,New York,NY,quiet,0.001404,1409,60,501+,0.34,0.00206,2137,57,501+,0.33,0.092115,0.039416,0,0,0,,0.999021073,2024-25
2026-08-10,2026-08-17,22057,Lafourche Parish,Louisiana,LA,quiet,0.001403,1410,15,501+,0.34,0.002656,1736,21,501+,0.42,0.092079,0.056815,0,0,0,,0.9205,2024-25
2026-08-10,2026-08-17,30005,Blaine County,Montana,MT,quiet,0.001402,1411,12,501+,0.34,0.002568,1805,24,501+,0.41,0.091978,0.054152,0,0,0,,,
2026-08-10,2026-08-17,05063,Independence County,Arkansas,AR,quiet,0.001401,1412,15,501+,0.34,0.003478,1380,14,501+,0.55,0.091911,0.083086,0,0,0,,,
2026-08-10,2026-08-17,19097,Jackson County,Iowa,IA,quiet,0.0014,1413,27,501+,0.34,0.002085,2118,54,501+,0.33,0.091827,0.040097,0,0,0,,0.87804878,2024-25
2026-08-10,2026-08-17,18123,Perry County,Indiana,IN,quiet,0.001396,1414,68,501+,0.34,0.004306,1115,52,501+,0.68,0.091574,0.111262,0,0,0,,0.9327,2024-25
2026-08-10,2026-08-17,54007,Braxton County,West Virginia,WV,quiet,0.001396,1415,25,501+,0.34,0.004518,1073,18,501+,0.72,0.091561,0.118676,0,0,0,,,
2026-08-10,2026-08-17,38045,LaMoure County,North Dakota,ND,quiet,0.001394,1416,17,501+,0.34,0.003394,1412,22,501+,0.54,0.09146,0.080303,0,0,0,,0.8889,2024-25
2026-08-10,2026-08-17,17039,De Witt County,Illinois,IL,quiet,0.001392,1417,46,501+,0.34,0.00194,2223,65,501+,0.31,0.091272,0.036132,0,0,0,,0.978,2024-25
2026-08-10,2026-08-17,46043,Douglas County,South Dakota,SD,quiet,0.001392,1418,17,501+,0.34,0.00215,2070,38,501+,0.34,0.091271,0.041946,0,0,0,,0.72,2024-25
2026-08-10,2026-08-17,18103,Miami County,Indiana,IN,quiet,0.001391,1419,69,501+,0.34,0.003433,1397,64,501+,0.54,0.09123,0.081589,0,0,0,,0.8327,2024-25
2026-08-10,2026-08-17,22105,Tangipahoa Parish,Louisiana,LA,quiet,0.00139,1420,16,501+,0.34,0.004078,1178,14,501+,0.65,0.09113,0.103359,0,0,0,,0.9189,2024-25
2026-08-10,2026-08-17,17007,Boone County,Illinois,IL,quiet,0.00139,1421,47,501+,0.34,0.003405,1410,31,501+,0.54,0.091117,0.080665,0,0,0,,0.969,2024-25
2026-08-10,2026-08-17,06115,Yuba County,California,CA,quiet,0.001389,1422,47,501+,0.34,0.006219,752,40,501+,0.99,0.091062,0.179385,0,0,0,,0.96114,2024-25
2026-08-10,2026-08-17,27017,Carlton County,Minnesota,MN,quiet,0.001387,1423,41,501+,0.34,0.002862,1617,52,501+,0.45,0.090944,0.063209,0,0,0,,0.923,2024-25
2026-08-10,2026-08-17,41057,Tillamook County,Oregon,OR,quiet,0.001387,1424,24,501+,0.34,0.003593,1342,21,501+,0.57,0.09092,0.086915,0,0,0,,0.865,2024-25
2026-08-10,2026-08-17,48119,Delta County,Texas,TX,quiet,0.001385,1425,124,501+,0.34,0.004573,1053,116,501+,0.72,0.090785,0.120605,0,0,0,,0.942857,2024-25
2026-08-10,2026-08-17,29161,Phelps County,Missouri,MO,quiet,0.001384,1426,46,501+,0.34,0.003515,1365,40,501+,0.56,0.090747,0.084298,0,0,0,,0.947,2024-25
2026-08-10,2026-08-17,38073,Ransom County,North Dakota,ND,quiet,0.001384,1427,18,501+,0.34,0.004281,1124,16,501+,0.68,0.090722,0.110398,0,0,6,19,0.95,2024-25
2026-08-10,2026-08-17,27035,Crow Wing County,Minnesota,MN,quiet,0.001383,1428,42,501+,0.34,0.00387,1253,35,501+,0.61,0.090681,0.096232,0,0,0,,0.798,2024-25
2026-08-10,2026-08-17,46135,Yankton County,South Dakota,SD,quiet,0.001383,1429,18,501+,0.34,0.002933,1589,23,501+,0.46,0.090636,0.065421,0,0,0,,0.97,2024-25
2026-08-10,2026-08-17,54073,Pleasants County,West Virginia,WV,quiet,0.001382,1430,26,501+,0.34,0.002796,1655,26,501+,0.44,0.090544,0.061128,0,0,0,,,
2026-08-10,2026-08-17,01039,Covington County,Alabama,AL,quiet,0.00138,1431,18,501+,0.34,0.003022,1555,17,501+,0.48,0.09045,0.06825,0,0,0,,0.9626,2024-25
2026-08-10,2026-08-17,20059,Franklin County,Kansas,KS,quiet,0.001379,1432,23,501+,0.34,0.002114,2100,68,501+,0.33,0.090353,0.040916,0,0,0,,0.9019,2024-25
2026-08-10,2026-08-17,27023,Chippewa County,Minnesota,MN,quiet,0.001377,1433,43,501+,0.34,0.00238,1903,62,501+,0.38,0.090228,0.048558,0,0,0,,0.881,2024-25
2026-08-10,2026-08-17,23027,Waldo County,Maine,ME,quiet,0.001372,1434,13,501+,0.34,0.00454,1065,9,501+,0.72,0.089891,0.11943,0,0,0,,0.9712,2024-25
2026-08-10,2026-08-17,27147,Steele County,Minnesota,MN,quiet,0.001371,1435,44,501+,0.34,0.004223,1141,31,501+,0.67,0.089814,0.108386,0,0,0,,0.883,2024-25
2026-08-10,2026-08-17,19105,Jones County,Iowa,IA,quiet,0.001371,1436,28,501+,0.34,0.002575,1799,29,501+,0.41,0.089806,0.05437,0,0,0,,0.94387755,2024-25
2026-08-10,2026-08-17,18075,Jay County,Indiana,IN,quiet,0.001369,1437,70,501+,0.34,0.002255,2007,82,501+,0.36,0.089613,0.044919,0,0,0,,0.8964,2024-25
2026-08-10,2026-08-17,20175,Seward County,Kansas,KS,quiet,0.001368,1438,24,501+,0.34,0.00268,1725,42,501+,0.42,0.08957,0.057568,0,0,0,,0.9739,2024-25
2026-08-10,2026-08-17,48003,Andrews County,Texas,TX,quiet,0.001367,1439,125,501+,0.33,0.004871,999,107,501+,0.77,0.08953,0.131119,0,0,3,68,0.954704,2024-25
2026-08-10,2026-08-17,31155,Saunders County,Nebraska,NE,quiet,0.001367,1440,16,501+,0.33,0.001858,2291,44,501+,0.29,0.089509,0.033908,0,0,0,,0.951871658,2024-25
2026-08-10,2026-08-17,51043,Clarke County,Virginia,VA,quiet,0.001364,1441,39,501+,0.33,0.002903,1600,48,501+,0.46,0.089306,0.064476,0,0,0,,0.923,2024-25
2026-08-10,2026-08-17,40121,Pittsburg County,Oklahoma,OK,quiet,0.001364,1442,24,501+,0.33,0.003804,1274,24,501+,0.6,0.08927,0.09401,0,0,0,,0.8946,2024-25
2026-08-10,2026-08-17,06043,Mariposa County,California,CA,quiet,0.001363,1443,48,501+,0.33,0.002669,1732,55,501+,0.42,0.089213,0.05723,0,0,0,,0.98361,2024-25
2026-08-10,2026-08-17,48057,Calhoun County,Texas,TX,quiet,0.00136,1444,126,501+,0.33,0.00352,1364,150,501+,0.56,0.089016,0.08446,0,0,0,,0.971888,2024-25
2026-08-10,2026-08-17,22115,Vernon Parish,Louisiana,LA,quiet,0.00136,1445,17,501+,0.33,0.00238,1905,26,501+,0.38,0.089,0.048547,0,0,0,,0.9048,2024-25
2026-08-10,2026-08-17,47161,Stewart County,Tennessee,TN,quiet,0.001358,1446,30,501+,0.33,0.003031,1554,32,501+,0.48,0.088869,0.068541,0,0,0,,0.925,2024-25
2026-08-10,2026-08-17,17107,Logan County,Illinois,IL,quiet,0.001356,1447,48,501+,0.33,0.003172,1495,37,501+,0.5,0.08874,0.073066,0,0,0,,0.946,2024-25
2026-08-10,2026-08-17,48205,Hartley County,Texas,TX,quiet,0.001355,1448,127,501+,0.33,0.007951,578,57,501+,1.26,0.08864,0.240961,0,0,0,,0.766667,2024-25
2026-08-10,2026-08-17,06051,Mono County,California,CA,quiet,0.001353,1449,49,501+,0.33,0.002709,1705,54,501+,0.43,0.088518,0.058453,0,0,0,,0.99,2024-25
2026-08-10,2026-08-17,19015,Boone County,Iowa,IA,quiet,0.001352,1450,29,501+,0.33,0.003233,1475,16,501+,0.51,0.088435,0.075029,0,0,0,,0.93877551,2024-25
2026-08-10,2026-08-17,39053,Gallia County,Ohio,OH,quiet,0.001352,1451,75,501+,0.33,0.003921,1228,67,501+,0.62,0.088416,0.097992,0,0,0,,0.965,2024-25
2026-08-10,2026-08-17,17015,Carroll County,Illinois,IL,quiet,0.00135,1452,49,501+,0.33,0.001997,2182,61,501+,0.32,0.088299,0.037684,0,0,0,,0.961,2024-25
2026-08-10,2026-08-17,46067,Hutchinson County,South Dakota,SD,quiet,0.00135,1453,19,501+,0.33,0.001814,2324,45,501+,0.29,0.088256,0.032738,0,0,0,,0.63,2024-25
2026-08-10,2026-08-17,26135,Oscoda County,Michigan,MI,quiet,0.001346,1454,65,501+,0.33,0.003988,1203,54,501+,0.63,0.088022,0.100272,0,0,0,,0.7761194,2024-25
2026-08-10,2026-08-17,46117,Stanley County,South Dakota,SD,quiet,0.001346,1455,20,501+,0.33,0.003304,1448,20,501+,0.52,0.08802,0.077354,0,0,0,,0.83,2024-25
2026-08-10,2026-08-17,48059,Callahan County,Texas,TX,quiet,0.001346,1456,128,501+,0.33,0.005117,954,102,501+,0.81,0.087981,0.139864,0,0,0,,0.914634,2024-25
2026-08-10,2026-08-17,20021,Cherokee County,Kansas,KS,quiet,0.001345,1457,25,501+,0.33,0.003748,1296,20,501+,0.59,0.087965,0.092116,0,0,0,,0.9589,2024-25
2026-08-10,2026-08-17,46061,Hanson County,South Dakota,SD,quiet,0.001345,1458,21,501+,0.33,0.002297,1966,32,501+,0.36,0.087917,0.046151,0,0,0,,0.77,2024-25
2026-08-10,2026-08-17,42113,Sullivan County,Pennsylvania,PA,quiet,0.001345,1459,54,501+,0.33,0.003681,1316,54,501+,0.58,0.087903,0.089842,0,0,0,,0.941,2024-25
2026-08-10,2026-08-17,19167,Sioux County,Iowa,IA,quiet,0.001344,1460,30,501+,0.33,0.003281,1457,15,501+,0.52,0.087864,0.076605,0,0,0,,0.82097649,2024-25
2026-08-10,2026-08-17,29159,Pettis County,Missouri,MO,quiet,0.00134,1461,47,501+,0.33,0.003255,1465,48,501+,0.52,0.08758,0.07576,0,0,0,,0.824,2024-25
2026-08-10,2026-08-17,37099,Jackson County,North Carolina,NC,quiet,0.001335,1462,48,501+,0.33,0.006033,772,35,501+,0.96,0.087254,0.172699,0,0,0,,0.92913386,2024-25
2026-08-10,2026-08-17,17125,Mason County,Illinois,IL,quiet,0.001335,1463,50,501+,0.33,0.001304,2701,85,501+,0.21,0.087251,0.020155,0,0,0,,0.968,2024-25
2026-08-10,2026-08-17,12051,Hendry County,Florida,FL,quiet,0.001335,1464,42,501+,0.33,0.003478,1381,42,501+,0.55,0.087232,0.083066,0,0,0,,0.912,2024-25
2026-08-10,2026-08-17,55107,Rusk County,Wisconsin,WI,quiet,0.001335,1465,54,501+,0.33,0.003059,1540,51,501+,0.48,0.087216,0.069423,0,0,0,,0.86,2024-25
2026-08-10,2026-08-17,53075,Whitman County,Washington,WA,quiet,0.001334,1466,31,501+,0.33,0.001952,2214,34,501+,0.31,0.087144,0.036435,0,0,0,,0.908,2024-25
2026-08-10,2026-08-17,05053,Grant County,Arkansas,AR,quiet,0.001333,1467,16,501+,0.33,0.002449,1861,29,501+,0.39,0.087055,0.050605,0,0,0,,,
2026-08-10,2026-08-17,13217,Newton County,Georgia,GA,quiet,0.00133,1468,28,501+,0.33,0.004493,1077,25,501+,0.71,0.086879,0.117805,0,0,0,,,
2026-08-10,2026-08-17,26035,Clare County,Michigan,MI,quiet,0.001328,1469,66,501+,0.33,0.004875,998,48,501+,0.77,0.0867,0.131245,0,0,0,,0.89666667,2024-25
2026-08-10,2026-08-17,23007,Franklin County,Maine,ME,quiet,0.001327,1470,14,501+,0.33,0.003369,1423,15,501+,0.53,0.086669,0.079484,0,0,0,,0.9657,2024-25
2026-08-10,2026-08-17,45059,Laurens County,South Carolina,SC,quiet,0.001327,1471,27,501+,0.33,0.003447,1391,27,501+,0.55,0.086664,0.082049,0,0,0,,0.96,2024-25
2026-08-10,2026-08-17,29067,Douglas County,Missouri,MO,quiet,0.001323,1472,48,501+,0.32,0.00349,1374,42,501+,0.55,0.086395,0.083469,0,0,0,,0.754,2024-25
2026-08-10,2026-08-17,38003,Barnes County,North Dakota,ND,quiet,0.001323,1473,19,501+,0.32,0.00491,986,11,501+,0.78,0.086339,0.132486,0,0,0,,0.9205,2024-25
2026-08-10,2026-08-17,06021,Glenn County,California,CA,quiet,0.001322,1474,50,501+,0.32,0.003885,1246,49,501+,0.62,0.086312,0.096774,0,0,0,,0.84473,2024-25
2026-08-10,2026-08-17,48051,Burleson County,Texas,TX,quiet,0.001322,1475,129,501+,0.32,0.003373,1421,154,501+,0.53,0.08627,0.079605,0,0,0,,0.961905,2024-25
2026-08-10,2026-08-17,21221,Trigg County,Kentucky,KY,quiet,0.001319,1476,30,501+,0.32,0.003591,1344,19,501+,0.57,0.08608,0.086824,0,0,0,,0.888,2024-25
2026-08-10,2026-08-17,12125,Union County,Florida,FL,quiet,0.001318,1477,43,501+,0.32,0.001818,2317,57,501+,0.29,0.08603,0.032867,0,0,0,,0.935,2024-25
2026-08-10,2026-08-17,49055,Wayne County,Utah,UT,quiet,0.001318,1478,21,501+,0.32,0.002321,1952,25,501+,0.37,0.086021,0.046848,0,0,0,,,
2026-08-10,2026-08-17,16073,Owyhee County,Idaho,ID,quiet,0.001316,1479,29,501+,0.32,0.003973,1211,25,501+,0.63,0.085877,0.09978,0,0,0,,0.8,2024-25
2026-08-10,2026-08-17,18073,Jasper County,Indiana,IN,quiet,0.001316,1480,71,501+,0.32,0.004458,1086,46,501+,0.71,0.085846,0.11655,0,0,0,,0.8437,2024-25
2026-08-10,2026-08-17,55078,Menominee County,Wisconsin,WI,quiet,0.001314,1481,55,501+,0.32,0.002719,1694,54,501+,0.43,0.085728,0.058752,0,0,0,,0.8,2024-25
2026-08-10,2026-08-17,54063,Monroe County,West Virginia,WV,quiet,0.001313,1482,27,501+,0.32,0.002015,2168,33,501+,0.32,0.085673,0.038158,0,0,0,,,
2026-08-10,2026-08-17,17117,Macoupin County,Illinois,IL,quiet,0.001309,1483,51,501+,0.32,0.001928,2230,66,501+,0.31,0.08533,0.035806,0,0,0,,0.979,2024-25
2026-08-10,2026-08-17,26143,Roscommon County,Michigan,MI,quiet,0.001308,1484,67,501+,0.32,0.003872,1250,57,501+,0.61,0.085316,0.096301,0,0,0,,0.89393939,2024-25
2026-08-10,2026-08-17,30093,Silver Bow County,Montana,MT,quiet,0.001306,1485,13,501+,0.32,0.00454,1064,9,501+,0.72,0.085165,0.119449,0,0,0,,,
2026-08-10,2026-08-17,27067,Kandiyohi County,Minnesota,MN,quiet,0.001306,1486,45,501+,0.32,0.005436,881,20,501+,0.86,0.085155,0.151259,0,0,0,,0.848,2024-25
2026-08-10,2026-08-17,48469,Victoria County,Texas,TX,quiet,0.001304,1487,130,501+,0.32,0.003772,1289,141,501+,0.6,0.08504,0.092931,0,0,0,,0.97942,2024-25
2026-08-10,2026-08-17,21209,Scott County,Kentucky,KY,quiet,0.001304,1488,31,501+,0.32,0.002949,1585,24,501+,0.47,0.084997,0.06594,0,0,0,,0.917,2024-25
2026-08-10,2026-08-17,08019,Clear Creek County,Colorado,CO,quiet,0.001303,1489,31,501+,0.32,0.001957,2213,46,501+,0.31,0.0849,0.03657,0,0,0,,0.7551,2024-25
2026-08-10,2026-08-17,22097,St. Landry Parish,Louisiana,LA,quiet,0.001302,1490,18,501+,0.32,0.002862,1618,19,501+,0.45,0.084881,0.063181,0,0,0,,0.9384,2024-25
2026-08-10,2026-08-17,17085,Jo Daviess County,Illinois,IL,quiet,0.001302,1491,52,501+,0.32,0.003465,1387,30,501+,0.55,0.084866,0.082627,0,0,0,,0.962,2024-25
2026-08-10,2026-08-17,33019,Sullivan County,New Hampshire,NH,quiet,0.001302,1492,9,501+,0.32,0.002817,1640,8,501+,0.45,0.084859,0.061783,0,0,0,,0.906,2024-25
2026-08-10,2026-08-17,39105,Meigs County,Ohio,OH,quiet,0.001302,1493,76,501+,0.32,0.002428,1878,80,501+,0.38,0.08485,0.049966,0,0,0,,0.979,2024-25
2026-08-10,2026-08-17,18079,Jennings County,Indiana,IN,quiet,0.001301,1494,72,501+,0.32,0.003738,1299,61,501+,0.59,0.084809,0.091761,0,0,0,,0.9146,2024-25
2026-08-10,2026-08-17,48079,Cochran County,Texas,TX,quiet,0.001298,1495,131,501+,0.32,0.004629,1040,115,501+,0.73,0.084605,0.122572,0,0,14,68,0.926829,2024-25
2026-08-10,2026-08-17,28109,Pearl River County,Mississippi,MS,quiet,0.001297,1496,8,501+,0.32,0.002613,1772,10,501+,0.41,0.084517,0.055523,0,0,0,,0.9722,2024-25
2026-08-10,2026-08-17,45081,Saluda County,South Carolina,SC,quiet,0.001296,1497,28,501+,0.32,0.005297,912,20,501+,0.84,0.084445,0.146279,0,0,2,14,0.97,2024-25
2026-08-10,2026-08-17,19175,Union County,Iowa,IA,quiet,0.001292,1498,31,501+,0.32,0.002448,1864,32,501+,0.39,0.08418,0.050556,0,0,0,,0.96062992,2024-25
2026-08-10,2026-08-17,37003,Alexander County,North Carolina,NC,quiet,0.001292,1499,49,501+,0.32,0.003187,1489,57,501+,0.5,0.084164,0.073536,0,0,0,,0.94136808,2024-25
2026-08-10,2026-08-17,46035,Davison County,South Dakota,SD,quiet,0.001291,1500,22,501+,0.32,0.001862,2288,43,501+,0.29,0.084111,0.034017,0,0,0,,0.93,2024-25
2026-08-10,2026-08-17,47147,Robertson County,Tennessee,TN,quiet,0.001291,1501,31,501+,0.32,0.003425,1399,25,501+,0.54,0.084096,0.081334,0,0,0,,0.961,2024-25
2026-08-10,2026-08-17,41023,Grant County,Oregon,OR,quiet,0.001291,1502,25,501+,0.32,0.003525,1360,22,501+,0.56,0.084066,0.084626,0,0,0,,0.814,2024-25
2026-08-10,2026-08-17,01069,Houston County,Alabama,AL,quiet,0.00129,1503,19,501+,0.32,0.00263,1759,24,501+,0.42,0.084029,0.056028,0,0,0,,0.9509,2024-25
2026-08-10,2026-08-17,54081,Raleigh County,West Virginia,WV,quiet,0.001288,1504,28,501+,0.32,0.00267,1731,27,501+,0.42,0.083887,0.057247,0,0,0,,,
2026-08-10,2026-08-17,48143,Erath County,Texas,TX,quiet,0.001283,1505,132,501+,0.31,0.003748,1295,142,501+,0.59,0.083541,0.092119,0,0,1,73,0.949425,2024-25
2026-08-10,2026-08-17,27059,Isanti County,Minnesota,MN,quiet,0.001282,1506,46,501+,0.31,0.003779,1286,37,501+,0.6,0.083469,0.093169,0,0,0,,0.843,2024-25
2026-08-10,2026-08-17,49017,Garfield County,Utah,UT,quiet,0.001281,1507,22,501+,0.31,0.002642,1752,24,501+,0.42,0.083357,0.056389,0,0,0,,,
2026-08-10,2026-08-17,51685,Manassas Park City,Virginia,VA,quiet,0.001279,1508,40,501+,0.31,0.003129,1520,43,501+,0.5,0.08319,0.071668,0,0,0,,0.958,2024-25
2026-08-10,2026-08-17,13139,Hall County,Georgia,GA,quiet,0.001278,1509,29,501+,0.31,0.004881,995,20,501+,0.77,0.083149,0.131474,0,0,0,,,
2026-08-10,2026-08-17,48357,Ochiltree County,Texas,TX,quiet,0.001277,1510,133,501+,0.31,0.004808,1013,109,501+,0.76,0.083078,0.128876,0,0,0,,0.979167,2024-25
2026-08-10,2026-08-17,02063,Chugach Census Area,Alaska,AK,quiet,0.001276,1511,7,501+,0.31,0.002385,1899,10,501+,0.38,0.082972,0.04871,0,0,0,,,
2026-08-10,2026-08-17,48005,Angelina County,Texas,TX,quiet,0.001274,1512,134,501+,0.31,0.003849,1258,138,501+,0.61,0.082887,0.09553,0,0,0,,0.938662,2024-25
2026-08-10,2026-08-17,27095,Mille Lacs County,Minnesota,MN,quiet,0.001274,1513,47,501+,0.31,0.00264,1755,57,501+,0.42,0.082859,0.05633,0,0,0,,0.851,2024-25
2026-08-10,2026-08-17,47167,Tipton County,Tennessee,TN,quiet,0.001274,1514,32,501+,0.31,0.00265,1741,36,501+,0.42,0.082851,0.056642,0,0,0,,0.953,2024-25
2026-08-10,2026-08-17,27083,Lyon County,Minnesota,MN,quiet,0.001273,1515,48,501+,0.31,0.003406,1408,43,501+,0.54,0.082802,0.080703,0,0,0,,0.871,2024-25
2026-08-10,2026-08-17,29073,Gasconade County,Missouri,MO,quiet,0.001273,1516,49,501+,0.31,0.003486,1376,43,501+,0.55,0.08278,0.083328,0,0,0,,0.942,2024-25
2026-08-10,2026-08-17,31177,Washington County,Nebraska,NE,quiet,0.001271,1517,17,501+,0.31,0.002589,1789,24,501+,0.41,0.08267,0.054791,0,0,0,,0.936651584,2024-25
2026-08-10,2026-08-17,48063,Camp County,Texas,TX,quiet,0.001267,1518,135,501+,0.31,0.003722,1304,144,501+,0.59,0.08235,0.091221,0,0,0,,0.931973,2024-25
2026-08-10,2026-08-17,17035,Cumberland County,Illinois,IL,quiet,0.001266,1519,53,501+,0.31,0.002072,2124,59,501+,0.33,0.082306,0.039744,0,0,0,,0.975,2024-25
2026-08-10,2026-08-17,29199,Scotland County,Missouri,MO,quiet,0.001266,1520,50,501+,0.31,0.004277,1125,30,501+,0.68,0.082297,0.110266,0,0,0,,0.941,2024-25
2026-08-10,2026-08-17,48313,Madison County,Texas,TX,quiet,0.001266,1521,136,501+,0.31,0.002328,1945,197,501+,0.37,0.082283,0.047033,0,0,0,,0.965714,2024-25
2026-08-10,2026-08-17,48481,Wharton County,Texas,TX,quiet,0.001265,1522,137,501+,0.31,0.00264,1753,179,501+,0.42,0.082201,0.056344,0,0,0,,0.984293,2024-25
2026-08-10,2026-08-17,21125,Laurel County,Kentucky,KY,quiet,0.001265,1523,32,501+,0.31,0.002369,1918,37,501+,0.38,0.082199,0.048228,0,0,0,,0.946,2024-25
2026-08-10,2026-08-17,05115,Pope County,Arkansas,AR,quiet,0.001264,1524,17,501+,0.31,0.003077,1539,19,501+,0.49,0.082185,0.069986,0,0,0,,,
2026-08-10,2026-08-17,12023,Columbia County,Florida,FL,quiet,0.001264,1525,44,501+,0.31,0.005142,946,35,501+,0.81,0.082175,0.14077,0,0,0,,0.929,2024-25
2026-08-10,2026-08-17,51113,Madison County,Virginia,VA,quiet,0.001264,1526,41,501+,0.31,0.003408,1407,36,501+,0.54,0.082122,0.080766,0,0,0,,0.888,2024-25
2026-08-10,2026-08-17,18151,Steuben County,Indiana,IN,quiet,0.001263,1527,73,501+,0.31,0.002655,1737,79,501+,0.42,0.082111,0.056795,0,0,0,,0.8816,2024-25
2026-08-10,2026-08-17,29185,St. Clair County,Missouri,MO,quiet,0.001262,1528,51,501+,0.31,0.004477,1082,28,501+,0.71,0.081979,0.117219,0,0,0,,0.881,2024-25
2026-08-10,2026-08-17,49015,Emery County,Utah,UT,quiet,0.001261,1529,23,501+,0.31,0.00271,1704,22,501+,0.43,0.081961,0.058474,0,0,0,,0.9,2024-25
2026-08-10,2026-08-17,47031,Coffee County,Tennessee,TN,quiet,0.00126,1530,33,501+,0.31,0.003275,1459,28,501+,0.52,0.081898,0.07639,0,0,0,,0.956,2024-25
2026-08-10,2026-08-17,51137,Orange County,Virginia,VA,quiet,0.001256,1531,42,501+,0.31,0.004375,1103,24,501+,0.69,0.08161,0.113647,0,0,0,,0.89,2024-25
2026-08-10,2026-08-17,20209,Wyandotte County,Kansas,KS,quiet,0.001256,1532,26,501+,0.31,0.004684,1032,11,501+,0.74,0.081596,0.124509,0,0,0,,0.8286,2024-25
2026-08-10,2026-08-17,27055,Houston County,Minnesota,MN,quiet,0.001255,1533,49,501+,0.31,0.003861,1256,36,501+,0.61,0.081517,0.095939,0,0,0,,0.77,2024-25
2026-08-10,2026-08-17,51790,Staunton City,Virginia,VA,quiet,0.001254,1534,43,501+,0.31,0.002435,1874,59,501+,0.39,0.081459,0.050171,0,0,0,,0.967,2024-25
2026-08-10,2026-08-17,20121,Miami County,Kansas,KS,quiet,0.001254,1535,27,501+,0.31,0.002575,1800,44,501+,0.41,0.081408,0.054361,0,0,0,,0.8672,2024-25
2026-08-10,2026-08-17,12061,Indian River County,Florida,FL,quiet,0.001253,1536,45,501+,0.31,0.004201,1145,39,501+,0.67,0.081395,0.107614,0,0,0,,0.912,2024-25
2026-08-10,2026-08-17,37115,Madison County,North Carolina,NC,quiet,0.001252,1537,50,501+,0.31,0.005522,868,39,501+,0.87,0.081321,0.154351,0,0,0,,0.87407407,2024-25
2026-08-10,2026-08-17,17159,Richland County,Illinois,IL,quiet,0.001252,1538,54,501+,0.31,0.001451,2593,78,501+,0.23,0.081275,0.023602,0,0,0,,0.988,2024-25
2026-08-10,2026-08-17,48233,Hutchinson County,Texas,TX,quiet,0.001251,1539,138,501+,0.31,0.007348,634,63,501+,1.16,0.081211,0.219729,0,0,0,,0.952381,2024-25
2026-08-10,2026-08-17,21031,Butler County,Kentucky,KY,quiet,0.001249,1540,33,501+,0.31,0.001838,2308,56,501+,0.29,0.081107,0.033372,0,0,0,,0.902,2024-25
2026-08-10,2026-08-17,08103,Rio Blanco County,Colorado,CO,quiet,0.001249,1541,32,501+,0.31,0.003042,1552,36,501+,0.48,0.081088,0.068897,0,0,0,,0.8814,2024-25
2026-08-10,2026-08-17,48225,Houston County,Texas,TX,quiet,0.001249,1542,139,501+,0.31,0.003375,1419,153,501+,0.53,0.081075,0.079687,0,0,0,,0.923858,2024-25
2026-08-10,2026-08-17,16063,Lincoln County,Idaho,ID,quiet,0.001249,1543,30,501+,0.31,0.00403,1195,23,501+,0.64,0.081063,0.101712,0,0,0,,0.88,2024-25
2026-08-10,2026-08-17,27047,Freeborn County,Minnesota,MN,quiet,0.001248,1544,50,501+,0.31,0.004264,1130,29,501+,0.68,0.081014,0.109809,0,0,0,,0.851,2024-25
2026-08-10,2026-08-17,17175,Stark County,Illinois,IL,quiet,0.001246,1545,55,501+,0.31,0.001598,2477,72,501+,0.25,0.080869,0.027199,0,0,0,,0.981,2024-25
2026-08-10,2026-08-17,13223,Paulding County,Georgia,GA,quiet,0.001246,1546,30,501+,0.31,0.00469,1030,22,501+,0.74,0.080842,0.12471,0,0,0,,,
2026-08-10,2026-08-17,51131,Northampton County,Virginia,VA,quiet,0.001245,1547,44,501+,0.3,0.00198,2195,74,501+,0.31,0.080768,0.037213,0,0,0,,0.904,2024-25
2026-08-10,2026-08-17,19087,Henry County,Iowa,IA,quiet,0.001244,1548,32,501+,0.3,0.002282,1984,43,501+,0.36,0.080733,0.04572,0,0,0,,0.90865385,2024-25
2026-08-10,2026-08-17,46037,Day County,South Dakota,SD,quiet,0.001244,1549,23,501+,0.3,0.002172,2057,37,501+,0.34,0.080687,0.042549,0,0,0,,0.99,2024-25
2026-08-10,2026-08-17,19129,Mills County,Iowa,IA,quiet,0.001243,1550,33,501+,0.3,0.002294,1969,38,501+,0.36,0.080681,0.046049,0,0,0,,0.88023952,2024-25
2026-08-10,2026-08-17,13311,White County,Georgia,GA,quiet,0.001241,1551,31,501+,0.3,0.003631,1331,32,501+,0.58,0.080523,0.088175,0,0,0,,,
2026-08-10,2026-08-17,20161,Riley County,Kansas,KS,quiet,0.001241,1552,28,501+,0.3,0.003123,1523,30,501+,0.49,0.080474,0.071462,0,0,0,,0.853,2024-25
2026-08-10,2026-08-17,21223,Trimble County,Kentucky,KY,quiet,0.001234,1553,34,501+,0.3,0.001697,2399,63,501+,0.27,0.080007,0.029705,0,0,0,,0.956,2024-25
2026-08-10,2026-08-17,28123,Scott County,Mississippi,MS,quiet,0.001233,1554,9,501+,0.3,0.002972,1574,9,501+,0.47,0.079903,0.066662,0,0,0,,0.9772,2024-25
2026-08-10,2026-08-17,47047,Fayette County,Tennessee,TN,quiet,0.001232,1555,34,501+,0.3,0.004061,1181,20,501+,0.64,0.079879,0.102789,0,0,0,,0.938,2024-25
2026-08-10,2026-08-17,05033,Crawford County,Arkansas,AR,quiet,0.00123,1556,18,501+,0.3,0.00396,1214,11,501+,0.63,0.079709,0.099326,0,0,0,,,
2026-08-10,2026-08-17,17131,Mercer County,Illinois,IL,quiet,0.001229,1557,56,501+,0.3,0.002617,1768,43,501+,0.41,0.079643,0.055626,0,0,0,,0.971,2024-25
2026-08-10,2026-08-17,40053,Grant County,Oklahoma,OK,quiet,0.001221,1558,25,501+,0.3,0.002787,1660,34,501+,0.44,0.079078,0.060867,0,0,0,,0.9483,2024-25
2026-08-10,2026-08-17,45071,Newberry County,South Carolina,SC,quiet,0.00122,1559,29,501+,0.3,0.003383,1417,29,501+,0.54,0.079005,0.079933,0,0,0,,0.975,2024-25
2026-08-10,2026-08-17,01055,Etowah County,Alabama,AL,quiet,0.001219,1560,20,501+,0.3,0.004784,1016,10,501+,0.76,0.07893,0.128025,0,0,0,,0.9409,2024-25
2026-08-10,2026-08-17,48337,Montague County,Texas,TX,quiet,0.001219,1561,140,501+,0.3,0.004553,1056,117,501+,0.72,0.078914,0.119882,0,0,0,,0.87,2024-25
2026-08-10,2026-08-17,39111,Monroe County,Ohio,OH,quiet,0.001218,1562,77,501+,0.3,0.002543,1816,78,501+,0.4,0.078846,0.053394,0,0,0,,0.975,2024-25
2026-08-10,2026-08-17,48023,Baylor County,Texas,TX,quiet,0.001213,1563,141,501+,0.3,0.005001,974,105,501+,0.79,0.078477,0.135747,0,0,0,,0.975,2024-25
2026-08-10,2026-08-17,01001,Autauga County,Alabama,AL,quiet,0.001211,1564,21,501+,0.3,0.002294,1970,31,501+,0.36,0.078352,0.046049,0,0,0,,0.936,2024-25
2026-08-10,2026-08-17,48145,Falls County,Texas,TX,quiet,0.00121,1565,142,501+,0.3,0.002152,2069,203,501+,0.34,0.078324,0.041997,0,0,0,,0.955056,2024-25
2026-08-10,2026-08-17,50019,Orleans County,Vermont,VT,quiet,0.001209,1566,12,501+,0.3,0.002366,1919,12,501+,0.37,0.078234,0.048138,0,0,0,,0.92,2024-25
2026-08-10,2026-08-17,16031,Cassia County,Idaho,ID,quiet,0.001206,1567,31,501+,0.3,0.003974,1210,24,501+,0.63,0.078032,0.099797,0,0,0,,0.82,2024-25
2026-08-10,2026-08-17,51023,Botetourt County,Virginia,VA,quiet,0.001206,1568,45,501+,0.3,0.003099,1531,44,501+,0.49,0.077988,0.070705,0,0,0,,0.928,2024-25
2026-08-10,2026-08-17,18117,Orange County,Indiana,IN,quiet,0.001205,1569,74,501+,0.3,0.002761,1675,78,501+,0.44,0.077953,0.060062,0,0,0,,0.9135,2024-25
2026-08-10,2026-08-17,17049,Effingham County,Illinois,IL,quiet,0.001204,1570,57,501+,0.29,0.003021,1557,38,501+,0.48,0.077884,0.068225,0,0,0,,0.965,2024-25
2026-08-10,2026-08-17,20129,Morton County,Kansas,KS,quiet,0.001203,1571,29,501+,0.29,0.003919,1231,17,501+,0.62,0.077811,0.097933,0,0,0,,0.5667,2024-25
2026-08-10,2026-08-17,01031,Coffee County,Alabama,AL,quiet,0.001203,1572,22,501+,0.29,0.002682,1724,22,501+,0.42,0.077801,0.057626,0,0,0,,0.9535,2024-25
2026-08-10,2026-08-17,17051,Fayette County,Illinois,IL,quiet,0.001203,1573,58,501+,0.29,0.00222,2028,56,501+,0.35,0.077773,0.043913,0,0,0,,0.961,2024-25
2026-08-10,2026-08-17,19017,Bremer County,Iowa,IA,quiet,0.001201,1574,34,501+,0.29,0.002646,1747,27,501+,0.42,0.077639,0.056532,0,0,0,,0.88202247,2024-25
2026-08-10,2026-08-17,39161,Van Wert County,Ohio,OH,quiet,0.0012,1575,78,501+,0.29,0.002952,1581,73,501+,0.47,0.077582,0.066014,0,0,0,,0.786,2024-25
2026-08-10,2026-08-17,38009,Bottineau County,North Dakota,ND,quiet,0.001198,1576,20,501+,0.29,0.002385,1898,28,501+,0.38,0.077417,0.04872,0,0,0,,0.918,2024-25
2026-08-10,2026-08-17,05139,Union County,Arkansas,AR,quiet,0.001195,1577,19,501+,0.29,0.002846,1627,22,501+,0.45,0.077199,0.0627,0,0,0,,,
2026-08-10,2026-08-17,47117,Marshall County,Tennessee,TN,quiet,0.001195,1578,35,501+,0.29,0.002905,1597,34,501+,0.46,0.077198,0.064558,0,0,0,,0.918,2024-25
2026-08-10,2026-08-17,16003,Adams County,Idaho,ID,quiet,0.001193,1579,32,501+,0.29,0.004053,1184,22,501+,0.64,0.077085,0.102514,0,0,0,,0.6,2024-25
2026-08-10,2026-08-17,21101,Henderson County,Kentucky,KY,quiet,0.001192,1580,35,501+,0.29,0.001853,2296,54,501+,0.29,0.077029,0.033787,0,0,0,,0.923,2024-25
2026-08-10,2026-08-17,12063,Jackson County,Florida,FL,quiet,0.001191,1581,46,501+,0.29,0.002295,1968,50,501+,0.36,0.076954,0.046097,0,0,0,,0.922,2024-25
2026-08-10,2026-08-17,29051,Cole County,Missouri,MO,quiet,0.001191,1582,52,501+,0.29,0.00225,2009,76,501+,0.36,0.076952,0.044794,0,0,0,,0.948,2024-25
2026-08-10,2026-08-17,37125,Moore County,North Carolina,NC,quiet,0.00119,1583,51,501+,0.29,0.002759,1676,62,501+,0.44,0.076891,0.059983,0,0,0,,0.94683346,2024-25
2026-08-10,2026-08-17,47077,Henderson County,Tennessee,TN,quiet,0.001189,1584,36,501+,0.29,0.00349,1375,24,501+,0.55,0.076822,0.083463,0,0,0,,0.93,2024-25
2026-08-10,2026-08-17,37055,Dare County,North Carolina,NC,quiet,0.001189,1585,52,501+,0.29,0.003583,1347,51,501+,0.57,0.076817,0.086581,0,0,0,,0.95348837,2024-25
2026-08-10,2026-08-17,20191,Sumner County,Kansas,KS,quiet,0.001189,1586,30,501+,0.29,0.002553,1811,47,501+,0.4,0.076809,0.05371,0,0,0,,0.9322,2024-25
2026-08-10,2026-08-17,17127,Massac County,Illinois,IL,quiet,0.001189,1587,59,501+,0.29,0.002262,2000,54,501+,0.36,0.076803,0.045142,0,0,0,,0.889,2024-25
2026-08-10,2026-08-17,54103,Wetzel County,West Virginia,WV,quiet,0.001188,1588,29,501+,0.29,0.00305,1549,24,501+,0.48,0.076724,0.069131,0,0,0,,,
2026-08-10,2026-08-17,48265,Kerr County,Texas,TX,quiet,0.001188,1589,143,501+,0.29,0.005771,821,85,501+,0.91,0.076699,0.163274,0,0,0,,0.929032,2024-25
2026-08-10,2026-08-17,19065,Fayette County,Iowa,IA,quiet,0.001187,1590,35,501+,0.29,0.002256,2006,44,501+,0.36,0.076679,0.044968,0,0,0,,0.81871345,2024-25
2026-08-10,2026-08-17,20055,Finney County,Kansas,KS,quiet,0.001187,1591,31,501+,0.29,0.002393,1893,55,501+,0.38,0.076676,0.048935,0,0,0,,0.9851,2024-25
2026-08-10,2026-08-17,47145,Roane County,Tennessee,TN,quiet,0.001187,1592,37,501+,0.29,0.003155,1506,31,501+,0.5,0.076671,0.072516,0,0,0,,0.966,2024-25
2026-08-10,2026-08-17,51630,Fredericksburg City,Virginia,VA,quiet,0.001187,1593,46,501+,0.29,0.002832,1633,50,501+,0.45,0.076641,0.062266,0,0,0,,0.898,2024-25
2026-08-10,2026-08-17,55061,Kewaunee County,Wisconsin,WI,quiet,0.001187,1594,56,501+,0.29,0.002322,1950,60,501+,0.37,0.076625,0.046872,0,0,0,,0.9,2024-25
2026-08-10,2026-08-17,56017,Hot Springs County,Wyoming,WY,quiet,0.001186,1595,15,501+,0.29,0.004383,1100,15,501+,0.69,0.076597,0.113948,0,0,0,,0.95,2022-23
2026-08-10,2026-08-17,16075,Payette County,Idaho,ID,quiet,0.001183,1596,33,501+,0.29,0.003742,1297,29,501+,0.59,0.07637,0.091909,0,0,0,,0.85,2024-25
2026-08-10,2026-08-17,17149,Pike County,Illinois,IL,quiet,0.001181,1597,60,501+,0.29,0.001561,2511,73,501+,0.25,0.076196,0.026274,0,0,0,,0.924,2024-25
2026-08-10,2026-08-17,12059,Holmes County,Florida,FL,quiet,0.00118,1598,47,501+,0.29,0.003057,1542,46,501+,0.48,0.076127,0.069348,0,0,0,,0.936,2024-25
2026-08-10,2026-08-17,17195,Whiteside County,Illinois,IL,quiet,0.001178,1599,61,501+,0.29,0.002379,1907,49,501+,0.38,0.075983,0.048524,0,0,0,,0.966,2024-25
2026-08-10,2026-08-17,28039,George County,Mississippi,MS,quiet,0.001178,1600,10,501+,0.29,0.001903,2248,25,501+,0.3,0.075973,0.035122,0,0,0,,0.9597,2024-25
2026-08-10,2026-08-17,27173,Yellow Medicine County,Minnesota,MN,quiet,0.001177,1601,51,501+,0.29,0.002706,1707,55,501+,0.43,0.075972,0.058373,0,0,0,,0.957,2024-25
2026-08-10,2026-08-17,37077,Granville County,North Carolina,NC,quiet,0.001177,1602,53,501+,0.29,0.002582,1793,67,501+,0.41,0.075916,0.054593,0,0,0,,0.97540984,2024-25
2026-08-10,2026-08-17,22089,St. Charles Parish,Louisiana,LA,quiet,0.001175,1603,19,501+,0.29,0.003889,1245,16,501+,0.62,0.075783,0.096882,0,0,0,,0.9542,2024-25
2026-08-10,2026-08-17,48503,Young County,Texas,TX,quiet,0.001173,1604,144,501+,0.29,0.004167,1157,128,501+,0.66,0.075668,0.106433,0,0,0,,0.909548,2024-25
2026-08-10,2026-08-17,55121,Trempealeau County,Wisconsin,WI,quiet,0.001173,1605,57,501+,0.29,0.002128,2091,63,501+,0.34,0.075649,0.041326,0,0,0,,0.86,2024-25
2026-08-10,2026-08-17,41041,Lincoln County,Oregon,OR,quiet,0.001173,1606,26,501+,0.29,0.00283,1636,24,501+,0.45,0.075643,0.062182,0,0,0,,0.932,2024-25
2026-08-10,2026-08-17,13101,Echols County,Georgia,GA,quiet,0.001172,1607,32,501+,0.29,0.003822,1269,29,501+,0.61,0.075547,0.094605,0,0,0,,,
2026-08-10,2026-08-17,48331,Milam County,Texas,TX,quiet,0.001171,1608,145,501+,0.29,0.003437,1395,151,501+,0.54,0.075541,0.081719,0,0,0,,0.931271,2024-25
2026-08-10,2026-08-17,21213,Simpson County,Kentucky,KY,quiet,0.001171,1609,36,501+,0.29,0.002651,1740,31,501+,0.42,0.075494,0.056672,0,0,0,,0.937,2024-25
2026-08-10,2026-08-17,08107,Routt County,Colorado,CO,quiet,0.00117,1610,33,501+,0.29,0.003114,1526,35,501+,0.49,0.075434,0.071188,0,0,0,,0.9426,2024-25
2026-08-10,2026-08-17,17185,Wabash County,Illinois,IL,quiet,0.00117,1611,62,501+,0.29,0.001057,2873,94,501+,0.17,0.075409,0.014748,0,0,0,,0.985,2024-25
2026-08-10,2026-08-17,48489,Willacy County,Texas,TX,quiet,0.001168,1612,146,501+,0.29,0.002786,1661,172,501+,0.44,0.075315,0.060813,0,0,0,,0.973451,2024-25
2026-08-10,2026-08-17,18171,Warren County,Indiana,IN,quiet,0.001168,1613,75,501+,0.29,0.005178,935,38,501+,0.82,0.075283,0.142037,0,0,0,,0.9367,2024-25
2026-08-10,2026-08-17,48287,Lee County,Texas,TX,quiet,0.001167,1614,147,501+,0.29,0.002746,1683,174,501+,0.44,0.075242,0.059596,0,0,0,,0.94686,2024-25
2026-08-10,2026-08-17,05029,Conway County,Arkansas,AR,quiet,0.001167,1615,20,501+,0.29,0.00305,1547,20,501+,0.48,0.075228,0.069152,0,0,0,,,
2026-08-10,2026-08-17,48415,Scurry County,Texas,TX,quiet,0.001165,1616,148,501+,0.29,0.005205,932,99,501+,0.82,0.075098,0.142986,0,0,1,64,0.972527,2024-25
2026-08-10,2026-08-17,18101,Martin County,Indiana,IN,quiet,0.001164,1617,76,501+,0.29,0.004355,1106,49,501+,0.69,0.075031,0.11298,0,0,0,,0.8681,2024-25
2026-08-10,2026-08-17,40089,McCurtain County,Oklahoma,OK,quiet,0.001164,1618,26,501+,0.29,0.00405,1187,22,501+,0.64,0.075023,0.10242,0,0,0,,0.8326,2024-25
2026-08-10,2026-08-17,19165,Shelby County,Iowa,IA,quiet,0.001164,1619,36,501+,0.29,0.001658,2434,69,501+,0.26,0.07502,0.028705,0,0,0,,0.86075949,2024-25
2026-08-10,2026-08-17,51079,Greene County,Virginia,VA,quiet,0.001163,1620,47,501+,0.28,0.002833,1632,49,501+,0.45,0.074957,0.06228,0,0,0,,0.889,2024-25
2026-08-10,2026-08-17,48465,Val Verde County,Texas,TX,quiet,0.001163,1621,149,501+,0.28,0.004058,1183,134,501+,0.64,0.074945,0.102676,0,0,0,,0.910334,2024-25
2026-08-10,2026-08-17,13163,Jefferson County,Georgia,GA,quiet,0.001163,1622,33,501+,0.28,0.001995,2184,74,501+,0.32,0.07494,0.037613,0,0,0,,,
2026-08-10,2026-08-17,28121,Rankin County,Mississippi,MS,quiet,0.001163,1623,11,501+,0.28,0.002153,2067,18,501+,0.34,0.074922,0.042017,0,0,0,,0.9703,2024-25
2026-08-10,2026-08-17,40153,Woodward County,Oklahoma,OK,quiet,0.001163,1624,27,501+,0.28,0.003221,1478,27,501+,0.51,0.07492,0.074657,0,0,0,,0.7798,2024-25
2026-08-10,2026-08-17,46059,Hand County,South Dakota,SD,quiet,0.001163,1625,24,501+,0.28,0.001728,2382,48,501+,0.27,0.074905,0.030501,0,0,0,,0.83,2024-25
2026-08-10,2026-08-17,56005,Campbell County,Wyoming,WY,quiet,0.001162,1626,16,501+,0.28,0.005874,799,9,501+,0.93,0.074832,0.166988,0,0,0,,0.94,2022-23
2026-08-10,2026-08-17,21079,Garrard County,Kentucky,KY,quiet,0.00116,1627,37,501+,0.28,0.002854,1620,25,501+,0.45,0.074749,0.06293,0,0,0,,0.852,2024-25
2026-08-10,2026-08-17,30095,Stillwater County,Montana,MT,quiet,0.00116,1628,14,501+,0.28,0.002371,1915,27,501+,0.38,0.074718,0.048294,0,0,0,,,
2026-08-10,2026-08-17,55137,Waushara County,Wisconsin,WI,quiet,0.001159,1629,58,501+,0.28,0.003134,1516,48,501+,0.5,0.07465,0.071816,0,0,0,,0.8,2024-25
2026-08-10,2026-08-17,37053,Currituck County,North Carolina,NC,quiet,0.001158,1630,54,501+,0.28,0.002586,1790,66,501+,0.41,0.074573,0.05471,0,0,0,,0.94153846,2024-25
2026-08-10,2026-08-17,51031,Campbell County,Virginia,VA,quiet,0.001153,1631,48,501+,0.28,0.00264,1754,55,501+,0.42,0.074221,0.05634,0,0,0,,0.89,2024-25
2026-08-10,2026-08-17,47063,Hamblen County,Tennessee,TN,quiet,0.001153,1632,38,501+,0.28,0.003394,1413,26,501+,0.54,0.074215,0.080298,0,0,0,,0.925,2024-25
2026-08-10,2026-08-17,21107,Hopkins County,Kentucky,KY,quiet,0.001153,1633,38,501+,0.28,0.003306,1447,21,501+,0.52,0.074209,0.077412,0,0,0,,0.911,2024-25
2026-08-10,2026-08-17,51001,Accomack County,Virginia,VA,quiet,0.001153,1634,49,501+,0.28,0.002243,2019,67,501+,0.36,0.074193,0.044576,0,0,0,,0.786,2024-25
2026-08-10,2026-08-17,40117,Pawnee County,Oklahoma,OK,quiet,0.001152,1635,28,501+,0.28,0.004522,1069,20,501+,0.72,0.074171,0.118819,0,0,0,,0.8742,2024-25
2026-08-10,2026-08-17,48505,Zapata County,Texas,TX,quiet,0.001152,1636,150,501+,0.28,0.001054,2878,238,501+,0.17,0.074169,0.014686,0,0,0,,0.984293,2024-25
2026-08-10,2026-08-17,30041,Hill County,Montana,MT,quiet,0.001149,1637,15,501+,0.28,0.005651,848,8,501+,0.9,0.073952,0.158971,0,0,4,62,,
2026-08-10,2026-08-17,48371,Pecos County,Texas,TX,quiet,0.001149,1638,151,501+,0.28,0.001851,2297,214,501+,0.29,0.073923,0.033719,0,0,0,,0.799699,2024-25
2026-08-10,2026-08-17,47139,Polk County,Tennessee,TN,quiet,0.001148,1639,39,501+,0.28,0.003255,1466,29,501+,0.52,0.073864,0.075753,0,0,0,,0.919,2024-25
2026-08-10,2026-08-17,20139,Osage County,Kansas,KS,quiet,0.001148,1640,32,501+,0.28,0.003133,1517,29,501+,0.5,0.073856,0.071809,0,0,0,,0.7842,2024-25
2026-08-10,2026-08-17,48293,Limestone County,Texas,TX,quiet,0.001148,1641,152,501+,0.28,0.003222,1477,159,501+,0.51,0.073851,0.074666,0,0,0,,0.921569,2024-25
2026-08-10,2026-08-17,48229,Hudspeth County,Texas,TX,quiet,0.001148,1642,153,501+,0.28,0.00502,970,104,501+,0.8,0.073848,0.136416,0,0,136,18,0.9375,2024-25
2026-08-10,2026-08-17,26033,Chippewa County,Michigan,MI,quiet,0.001146,1643,68,501+,0.28,0.003351,1428,61,501+,0.53,0.073694,0.078876,0,0,0,,0.91372549,2024-25
2026-08-10,2026-08-17,12003,Baker County,Florida,FL,quiet,0.001145,1644,48,501+,0.28,0.003464,1388,43,501+,0.55,0.07367,0.082608,0,0,0,,0.954,2024-25
2026-08-10,2026-08-17,19011,Benton County,Iowa,IA,quiet,0.001145,1645,37,501+,0.28,0.001876,2272,60,501+,0.3,0.073655,0.034401,0,0,0,,0.90974729,2024-25
2026-08-10,2026-08-17,26129,Ogemaw County,Michigan,MI,quiet,0.001144,1646,69,501+,0.28,0.003769,1290,60,501+,0.6,0.073571,0.092831,0,0,0,,0.85507246,2024-25
2026-08-10,2026-08-17,13083,Dade County,Georgia,GA,quiet,0.001144,1647,34,501+,0.28,0.002773,1666,47,501+,0.44,0.073566,0.060418,0,0,0,,,
2026-08-10,2026-08-17,18129,Posey County,Indiana,IN,quiet,0.001143,1648,77,501+,0.28,0.002131,2089,85,501+,0.34,0.073542,0.041404,0,0,0,,0.8851,2024-25
2026-08-10,2026-08-17,47083,Houston County,Tennessee,TN,quiet,0.001143,1649,40,501+,0.28,0.002429,1877,45,501+,0.38,0.073534,0.050018,0,0,0,,0.977,2024-25
2026-08-10,2026-08-17,27093,Meeker County,Minnesota,MN,quiet,0.00114,1650,52,501+,0.28,0.002117,2097,68,501+,0.34,0.073283,0.040998,0,0,0,,0.833,2024-25
2026-08-10,2026-08-17,29175,Randolph County,Missouri,MO,quiet,0.001139,1651,53,501+,0.28,0.002559,1808,69,501+,0.41,0.07324,0.053877,0,0,0,,0.947,2024-25
2026-08-10,2026-08-17,32013,Humboldt County,Nevada,NV,quiet,0.001139,1652,10,501+,0.28,0.003944,1221,10,501+,0.62,0.07322,0.09876,0,0,0,,0.848,2024-25
2026-08-10,2026-08-17,48359,Oldham County,Texas,TX,quiet,0.001138,1653,154,501+,0.28,0.008727,523,50,501+,1.38,0.073153,0.267825,0,0,0,,0.842105,2024-25
2026-08-10,2026-08-17,17139,Moultrie County,Illinois,IL,quiet,0.001137,1654,63,501+,0.28,0.003293,1452,34,501+,0.52,0.073101,0.076976,0,0,0,,0.956,2024-25
2026-08-10,2026-08-17,13159,Jasper County,Georgia,GA,quiet,0.001135,1655,35,501+,0.28,0.003134,1515,42,501+,0.5,0.072947,0.071828,0,0,0,,,
2026-08-10,2026-08-17,19055,Delaware County,Iowa,IA,quiet,0.001135,1656,38,501+,0.28,0.002106,2102,51,501+,0.33,0.072939,0.040687,0,0,0,,0.88372093,2024-25
2026-08-10,2026-08-17,01019,Cherokee County,Alabama,AL,quiet,0.001134,1657,23,501+,0.28,0.001472,2576,45,501+,0.23,0.072874,0.024108,0,0,0,,0.9479,2024-25
2026-08-10,2026-08-17,29031,Cape Girardeau County,Missouri,MO,quiet,0.001134,1658,54,501+,0.28,0.003088,1535,56,501+,0.49,0.072846,0.070365,0,0,0,,0.9,2024-25
2026-08-10,2026-08-17,51083,Halifax County,Virginia,VA,quiet,0.001132,1659,50,501+,0.28,0.002459,1859,58,501+,0.39,0.072733,0.050894,0,0,0,,0.809,2024-25
2026-08-10,2026-08-17,48463,Uvalde County,Texas,TX,quiet,0.001132,1660,155,501+,0.28,0.002848,1625,171,501+,0.45,0.072725,0.062763,0,0,0,,0.942257,2024-25
2026-08-10,2026-08-17,40071,Kay County,Oklahoma,OK,quiet,0.001132,1661,29,501+,0.28,0.002809,1643,32,501+,0.45,0.072711,0.061541,0,0,0,,0.9417,2024-25
2026-08-10,2026-08-17,30101,Toole County,Montana,MT,quiet,0.001131,1662,16,501+,0.28,0.002804,1646,22,501+,0.44,0.072674,0.061372,0,0,0,,,
2026-08-10,2026-08-17,08015,Chaffee County,Colorado,CO,quiet,0.001128,1663,34,501+,0.28,0.0043,1119,29,501+,0.68,0.072449,0.111056,0,0,0,,0.8261,2024-25
2026-08-10,2026-08-17,19183,Washington County,Iowa,IA,quiet,0.001127,1664,39,501+,0.28,0.002303,1965,37,501+,0.36,0.072393,0.046308,0,0,0,,0.7993311,2024-25
2026-08-10,2026-08-17,18013,Brown County,Indiana,IN,quiet,0.001126,1665,78,501+,0.28,0.002869,1612,75,501+,0.45,0.072272,0.0634,0,0,0,,0.913,2024-25
2026-08-10,2026-08-17,48315,Marion County,Texas,TX,quiet,0.001123,1666,156,501+,0.27,0.005297,911,94,501+,0.84,0.072062,0.146282,0,0,0,,0.985915,2024-25
2026-08-10,2026-08-17,20119,Meade County,Kansas,KS,quiet,0.001122,1667,33,501+,0.27,0.002773,1665,38,501+,0.44,0.072031,0.060422,0,0,0,,0.8128,2024-25
2026-08-10,2026-08-17,47177,Warren County,Tennessee,TN,quiet,0.001122,1668,41,501+,0.27,0.003563,1352,23,501+,0.56,0.072006,0.085902,0,0,0,,0.906,2024-25
2026-08-10,2026-08-17,02110,Juneau City and Borough,Alaska,AK,quiet,0.001122,1669,8,501+,0.27,0.006043,770,5,501+,0.96,0.071977,0.173047,0,0,0,,,
2026-08-10,2026-08-17,13213,Murray County,Georgia,GA,quiet,0.00112,1670,36,501+,0.27,0.002554,1810,52,501+,0.4,0.071892,0.053721,0,0,0,,,
2026-08-10,2026-08-17,51005,Alleghany County,Virginia,VA,quiet,0.001119,1671,51,501+,0.27,0.00188,2267,79,501+,0.3,0.071798,0.034516,0,0,0,,0.878,2024-25
2026-08-10,2026-08-17,19027,Carroll County,Iowa,IA,quiet,0.001118,1672,40,501+,0.27,0.002286,1981,41,501+,0.36,0.071736,0.045818,0,0,0,,0.90136054,2024-25
2026-08-10,2026-08-17,40103,Noble County,Oklahoma,OK,quiet,0.001115,1673,30,501+,0.27,0.002616,1769,40,501+,0.41,0.071536,0.055612,0,0,0,,0.9296,2024-25
2026-08-10,2026-08-17,41033,Josephine County,Oregon,OR,quiet,0.001115,1674,27,501+,0.27,0.004555,1055,17,501+,0.72,0.071522,0.119966,0,0,0,,0.775,2024-25
2026-08-10,2026-08-17,13127,Glynn County,Georgia,GA,quiet,0.001114,1675,37,501+,0.27,0.0035,1371,38,501+,0.55,0.071438,0.083798,0,0,0,,,
2026-08-10,2026-08-17,31079,Hall County,Nebraska,NE,quiet,0.001113,1676,18,501+,0.27,0.003291,1454,14,501+,0.52,0.07139,0.076929,0,0,0,,0.96326062,2024-25
2026-08-10,2026-08-17,51071,Giles County,Virginia,VA,quiet,0.001111,1677,52,501+,0.27,0.002131,2088,71,501+,0.34,0.071263,0.041409,0,0,0,,0.876,2024-25
2026-08-10,2026-08-17,17095,Knox County,Illinois,IL,quiet,0.001111,1678,64,501+,0.27,0.002344,1936,52,501+,0.37,0.071245,0.047506,0,0,0,,0.945,2024-25
2026-08-10,2026-08-17,05035,Crittenden County,Arkansas,AR,quiet,0.001111,1679,21,501+,0.27,0.003214,1480,17,501+,0.51,0.071225,0.074422,0,0,0,,,
2026-08-10,2026-08-17,46007,Bennett County,South Dakota,SD,quiet,0.001108,1680,25,501+,0.27,0.001087,2851,57,501+,0.17,0.071,0.015382,0,0,0,,0.78,2024-25
2026-08-10,2026-08-17,20115,Marion County,Kansas,KS,quiet,0.001108,1681,34,501+,0.27,0.001862,2287,80,501+,0.29,0.070999,0.03402,0,0,0,,0.8283,2024-25
2026-08-10,2026-08-17,18175,Washington County,Indiana,IN,quiet,0.001107,1682,79,501+,0.27,0.002485,1849,81,501+,0.39,0.070942,0.051661,0,0,0,,0.9234,2024-25
2026-08-10,2026-08-17,05055,Greene County,Arkansas,AR,quiet,0.001107,1683,22,501+,0.27,0.002699,1711,24,501+,0.43,0.070926,0.05813,0,0,0,,,
2026-08-10,2026-08-17,48093,Comanche County,Texas,TX,quiet,0.001105,1684,157,501+,0.27,0.00271,1702,176,501+,0.43,0.070792,0.058492,0,0,0,,0.969512,2024-25
2026-08-10,2026-08-17,20003,Anderson County,Kansas,KS,quiet,0.001103,1685,35,501+,0.27,0.002809,1642,36,501+,0.45,0.070631,0.06155,0,0,0,,0.7222,2024-25
2026-08-10,2026-08-17,40079,Le Flore County,Oklahoma,OK,quiet,0.001102,1686,31,501+,0.27,0.002327,1946,46,501+,0.37,0.070595,0.047006,0,0,0,,0.9076,2024-25
2026-08-10,2026-08-17,47015,Cannon County,Tennessee,TN,quiet,0.001102,1687,42,501+,0.27,0.00271,1703,35,501+,0.43,0.070556,0.058474,0,0,0,,0.921,2024-25
2026-08-10,2026-08-17,51011,Appomattox County,Virginia,VA,quiet,0.001101,1688,53,501+,0.27,0.00187,2277,80,501+,0.3,0.070526,0.034248,0,0,0,,0.93,2024-25
2026-08-10,2026-08-17,06101,Sutter County,California,CA,quiet,0.001101,1689,51,501+,0.27,0.007417,628,36,501+,1.18,0.070501,0.222174,0,0,0,,0.77217,2024-25
2026-08-10,2026-08-17,17203,Woodford County,Illinois,IL,quiet,0.001101,1690,65,501+,0.27,0.002595,1782,45,501+,0.41,0.070496,0.054963,0,0,0,,0.955,2024-25
2026-08-10,2026-08-17,13085,Dawson County,Georgia,GA,quiet,0.001101,1691,38,501+,0.27,0.003602,1339,35,501+,0.57,0.070484,0.08719,0,0,0,,,
2026-08-10,2026-08-17,38019,Cavalier County,North Dakota,ND,quiet,0.001098,1692,21,501+,0.27,0.003592,1343,20,501+,0.57,0.070321,0.086855,0,0,0,,0.9565,2024-25
2026-08-10,2026-08-17,37155,Robeson County,North Carolina,NC,quiet,0.001098,1693,55,501+,0.27,0.004112,1168,43,501+,0.65,0.0703,0.10455,0,0,0,,0.95244134,2024-25
2026-08-10,2026-08-17,13031,Bulloch County,Georgia,GA,quiet,0.001097,1694,39,501+,0.27,0.002994,1567,43,501+,0.47,0.070233,0.067369,0,0,0,,,
2026-08-10,2026-08-17,05113,Polk County,Arkansas,AR,quiet,0.001096,1695,23,501+,0.27,0.003958,1215,12,501+,0.63,0.070193,0.09925,0,0,0,,,
2026-08-10,2026-08-17,46027,Clay County,South Dakota,SD,quiet,0.001095,1696,26,501+,0.27,0.002723,1690,27,501+,0.43,0.070117,0.058886,0,0,0,,0.93,2024-25
2026-08-10,2026-08-17,22069,Natchitoches Parish,Louisiana,LA,quiet,0.001095,1697,20,501+,0.27,0.002385,1900,25,501+,0.38,0.070089,0.048703,0,0,0,,0.9606,2024-25
2026-08-10,2026-08-17,27151,Swift County,Minnesota,MN,quiet,0.001094,1698,53,501+,0.27,0.002882,1606,51,501+,0.46,0.070026,0.063811,0,0,0,,0.88,2024-25
2026-08-10,2026-08-17,48437,Swisher County,Texas,TX,quiet,0.001094,1699,158,501+,0.27,0.00523,926,98,501+,0.83,0.070014,0.143883,0,0,0,,0.940476,2024-25
2026-08-10,2026-08-17,49027,Millard County,Utah,UT,quiet,0.001094,1700,24,501+,0.27,0.004903,989,16,501+,0.78,0.06999,0.132266,0,0,0,,0.91623,2024-25
2026-08-10,2026-08-17,55057,Juneau County,Wisconsin,WI,quiet,0.001093,1701,59,501+,0.27,0.001898,2254,64,501+,0.3,0.069965,0.034984,0,0,0,,0.72,2024-25
2026-08-10,2026-08-17,17191,Wayne County,Illinois,IL,quiet,0.001093,1702,66,501+,0.27,0.001548,2523,74,501+,0.25,0.069954,0.025945,0,0,0,,0.981,2024-25
2026-08-10,2026-08-17,55029,Door County,Wisconsin,WI,quiet,0.001089,1703,60,501+,0.27,0.001556,2517,67,501+,0.25,0.069653,0.026162,0,0,0,,0.81,2024-25
2026-08-10,2026-08-17,40073,Kingfisher County,Oklahoma,OK,quiet,0.001089,1704,32,501+,0.27,0.006342,739,10,501+,1.0,0.069626,0.183788,0,0,0,,0.8592,2024-25
2026-08-10,2026-08-17,48395,Robertson County,Texas,TX,quiet,0.001088,1705,159,501+,0.27,0.002958,1580,167,501+,0.47,0.069564,0.066206,0,0,0,,0.968182,2024-25
2026-08-10,2026-08-17,24039,Somerset County,Maryland,MD,quiet,0.001086,1706,24,501+,0.27,0.001695,2404,24,501+,0.27,0.069474,0.029648,0,0,0,,0.9744,2024-25
2026-08-10,2026-08-17,13011,Banks County,Georgia,GA,quiet,0.001086,1707,40,501+,0.27,0.001976,2198,75,501+,0.31,0.069474,0.037095,0,0,0,,,
2026-08-10,2026-08-17,40137,Stephens County,Oklahoma,OK,quiet,0.001086,1708,33,501+,0.27,0.002609,1774,41,501+,0.41,0.069454,0.055396,0,0,0,,0.9123,2024-25
2026-08-10,2026-08-17,20039,Decatur County,Kansas,KS,quiet,0.001086,1709,36,501+,0.27,0.002201,2041,63,501+,0.35,0.069446,0.043392,0,0,0,,0.6002,2024-25
2026-08-10,2026-08-17,35055,Taos County,New Mexico,NM,quiet,0.001084,1710,16,501+,0.27,0.002825,1637,19,501+,0.45,0.069281,0.06203,0,0,0,,0.8944,2024-25
2026-08-10,2026-08-17,38089,Stark County,North Dakota,ND,quiet,0.001082,1711,22,501+,0.26,0.006804,676,10,501+,1.08,0.069139,0.200355,0,0,0,,0.8727,2024-25
2026-08-10,2026-08-17,27105,Nobles County,Minnesota,MN,quiet,0.00108,1712,54,501+,0.26,0.004488,1079,28,501+,0.71,0.069053,0.117611,0,0,0,,0.858,2024-25
2026-08-10,2026-08-17,47005,Benton County,Tennessee,TN,quiet,0.00108,1713,43,501+,0.26,0.002153,2068,56,501+,0.34,0.069041,0.042009,0,0,0,,0.946,2024-25
2026-08-10,2026-08-17,29163,Pike County,Missouri,MO,quiet,0.00108,1714,55,501+,0.26,0.00314,1511,52,501+,0.5,0.069013,0.072016,0,0,0,,0.942,2024-25
2026-08-10,2026-08-17,37007,Anson County,North Carolina,NC,quiet,0.001078,1715,56,501+,0.26,0.00217,2058,74,501+,0.34,0.068874,0.0425,0,0,0,,0.95330739,2024-25
2026-08-10,2026-08-17,17123,Marshall County,Illinois,IL,quiet,0.001078,1716,67,501+,0.26,0.002376,1909,50,501+,0.38,0.068872,0.048449,0,0,0,,0.984,2024-25
2026-08-10,2026-08-17,27045,Fillmore County,Minnesota,MN,quiet,0.001077,1717,55,501+,0.26,0.002607,1776,58,501+,0.41,0.068823,0.055335,0,0,0,,0.916,2024-25
2026-08-10,2026-08-17,51770,Roanoke City,Virginia,VA,quiet,0.001077,1718,54,501+,0.26,0.00378,1285,34,501+,0.6,0.068815,0.093195,0,0,0,,0.93,2024-25
2026-08-10,2026-08-17,29003,Andrew County,Missouri,MO,quiet,0.001076,1719,56,501+,0.26,0.002694,1715,64,501+,0.43,0.068765,0.058003,0,0,0,,0.948,2024-25
2026-08-10,2026-08-17,49033,Rich County,Utah,UT,quiet,0.00107,1720,25,501+,0.26,0.00201,2170,27,501+,0.32,0.068342,0.038034,0,0,0,,,
2026-08-10,2026-08-17,05083,Logan County,Arkansas,AR,quiet,0.001069,1721,24,501+,0.26,0.001872,2275,41,501+,0.3,0.068261,0.034297,0,0,0,,,
2026-08-10,2026-08-17,31185,York County,Nebraska,NE,quiet,0.001069,1722,19,501+,0.26,0.002853,1621,19,501+,0.45,0.068251,0.062918,0,0,0,,0.964028777,2024-25
2026-08-10,2026-08-17,17177,Stephenson County,Illinois,IL,quiet,0.001069,1723,68,501+,0.26,0.001973,2201,62,501+,0.31,0.068225,0.037005,0,0,0,,0.963,2024-25
2026-08-10,2026-08-17,37131,Northampton County,North Carolina,NC,quiet,0.001068,1724,57,501+,0.26,0.002095,2110,75,501+,0.33,0.068162,0.040381,0,0,0,,0.98351648,2024-25
2026-08-10,2026-08-17,55129,Washburn County,Wisconsin,WI,quiet,0.001068,1725,61,501+,0.26,0.002262,2001,62,501+,0.36,0.068157,0.045121,0,0,0,,0.77,2024-25
2026-08-10,2026-08-17,21173,Montgomery County,Kentucky,KY,quiet,0.001067,1726,39,501+,0.26,0.002364,1920,38,501+,0.37,0.068122,0.048079,0,0,0,,0.968,2024-25
2026-08-10,2026-08-17,51109,Louisa County,Virginia,VA,quiet,0.001067,1727,55,501+,0.26,0.003048,1550,45,501+,0.48,0.068081,0.069067,0,0,0,,0.908,2024-25
2026-08-10,2026-08-17,28057,Itawamba County,Mississippi,MS,quiet,0.001067,1728,12,501+,0.26,0.002145,2076,19,501+,0.34,0.068064,0.041804,0,0,0,,0.9638,2024-25
2026-08-10,2026-08-17,27085,McLeod County,Minnesota,MN,quiet,0.001062,1729,56,501+,0.26,0.0024,1889,61,501+,0.38,0.067772,0.049157,0,0,0,,0.887,2024-25
2026-08-10,2026-08-17,47175,Van Buren County,Tennessee,TN,quiet,0.001062,1730,44,501+,0.26,0.00107,2863,85,501+,0.17,0.067746,0.015026,0,0,0,,0.943,2024-25
2026-08-10,2026-08-17,48185,Grimes County,Texas,TX,quiet,0.001062,1731,160,501+,0.26,0.004188,1148,125,501+,0.66,0.067721,0.10716,0,0,0,,0.933333,2024-25
2026-08-10,2026-08-17,31023,Butler County,Nebraska,NE,quiet,0.001062,1732,20,501+,0.26,0.0021,2105,33,501+,0.33,0.067713,0.040528,0,0,0,,0.93442623,2024-25
2026-08-10,2026-08-17,37105,Lee County,North Carolina,NC,quiet,0.001061,1733,58,501+,0.26,0.003548,1355,52,501+,0.56,0.067665,0.085395,0,0,0,,0.93621868,2024-25
2026-08-10,2026-08-17,27113,Pennington County,Minnesota,MN,quiet,0.001061,1734,57,501+,0.26,0.00392,1229,34,501+,0.62,0.067633,0.097969,0,0,0,,0.953,2024-25
2026-08-10,2026-08-17,13179,Liberty County,Georgia,GA,quiet,0.00106,1735,41,501+,0.26,0.003292,1453,40,501+,0.52,0.067618,0.076938,0,0,0,,,
2026-08-10,2026-08-17,20111,Lyon County,Kansas,KS,quiet,0.00106,1736,37,501+,0.26,0.001998,2181,72,501+,0.32,0.06761,0.037708,0,0,0,,0.9128,2024-25
2026-08-10,2026-08-17,29015,Benton County,Missouri,MO,quiet,0.001059,1737,57,501+,0.26,0.003501,1370,41,501+,0.55,0.067536,0.083836,0,0,0,,0.806,2024-25
2026-08-10,2026-08-17,29065,Dent County,Missouri,MO,quiet,0.001059,1738,58,501+,0.26,0.00215,2071,79,501+,0.34,0.067512,0.041927,0,0,0,,0.879,2024-25
2026-08-10,2026-08-17,30085,Roosevelt County,Montana,MT,quiet,0.001058,1739,17,501+,0.26,0.002849,1624,20,501+,0.45,0.067458,0.06278,0,0,0,,,
2026-08-10,2026-08-17,27103,Nicollet County,Minnesota,MN,quiet,0.001057,1740,58,501+,0.26,0.002002,2176,73,501+,0.32,0.067402,0.037802,0,0,0,,0.926,2024-25
2026-08-10,2026-08-17,23013,Knox County,Maine,ME,quiet,0.001057,1741,15,501+,0.26,0.003239,1473,16,501+,0.51,0.067393,0.075217,0,0,0,,0.9527,2024-25
2026-08-10,2026-08-17,17101,Lawrence County,Illinois,IL,quiet,0.001056,1742,69,501+,0.26,0.00138,2641,84,501+,0.22,0.067341,0.021912,0,0,0,,0.989,2024-25
2026-08-10,2026-08-17,22119,Webster Parish,Louisiana,LA,quiet,0.001055,1743,21,501+,0.26,0.001547,2524,44,501+,0.25,0.067227,0.025922,0,0,0,,0.9084,2024-25
2026-08-10,2026-08-17,26031,Cheboygan County,Michigan,MI,quiet,0.001054,1744,70,501+,0.26,0.002326,1948,72,501+,0.37,0.067177,0.046984,0,0,0,,0.875,2024-25
2026-08-10,2026-08-17,29157,Perry County,Missouri,MO,quiet,0.001054,1745,59,501+,0.26,0.001878,2270,88,501+,0.3,0.067168,0.034437,0,0,0,,0.882,2024-25
2026-08-10,2026-08-17,31151,Saline County,Nebraska,NE,quiet,0.001052,1746,21,501+,0.26,0.003162,1504,15,501+,0.5,0.066998,0.072723,0,0,0,,0.969849246,2024-25
2026-08-10,2026-08-17,28061,Jasper County,Mississippi,MS,quiet,0.001051,1747,13,501+,0.26,0.002491,1844,14,501+,0.39,0.066922,0.051839,0,0,0,,0.9672,2024-25
2026-08-10,2026-08-17,01051,Elmore County,Alabama,AL,quiet,0.00105,1748,24,501+,0.26,0.002504,1833,25,501+,0.4,0.066917,0.052244,0,0,0,,0.9288,2024-25
2026-08-10,2026-08-17,48133,Eastland County,Texas,TX,quiet,0.00105,1749,161,501+,0.26,0.005855,802,82,501+,0.93,0.066865,0.166294,0,0,2,67,0.903226,2024-25
2026-08-10,2026-08-17,20185,Stafford County,Kansas,KS,quiet,0.00105,1750,38,501+,0.26,0.002898,1601,34,501+,0.46,0.066858,0.064315,0,0,0,,0.8889,2024-25
2026-08-10,2026-08-17,37107,Lenoir County,North Carolina,NC,quiet,0.001046,1751,59,501+,0.26,0.003387,1415,54,501+,0.54,0.0666,0.080071,0,0,0,,0.9521045,2024-25
2026-08-10,2026-08-17,06015,Del Norte County,California,CA,quiet,0.001045,1752,52,501+,0.26,0.003188,1487,52,501+,0.51,0.066523,0.073571,0,0,0,,0.93075,2024-25
2026-08-10,2026-08-17,31143,Polk County,Nebraska,NE,quiet,0.001045,1753,22,501+,0.26,0.003374,1420,12,501+,0.53,0.066501,0.079656,0,0,0,,0.928571429,2024-25
2026-08-10,2026-08-17,30017,Custer County,Montana,MT,quiet,0.001043,1754,18,501+,0.26,0.003011,1561,19,501+,0.48,0.066407,0.067894,0,0,0,,,
2026-08-10,2026-08-17,20131,Nemaha County,Kansas,KS,quiet,0.001042,1755,39,501+,0.26,0.001961,2207,74,501+,0.31,0.066311,0.036692,0,0,0,,0.948,2024-25
2026-08-10,2026-08-17,20087,Jefferson County,Kansas,KS,quiet,0.001038,1756,40,501+,0.25,0.002558,1809,46,501+,0.41,0.066033,0.053859,0,0,0,,0.9465,2024-25
2026-08-10,2026-08-17,48285,Lavaca County,Texas,TX,quiet,0.001037,1757,162,501+,0.25,0.002906,1596,168,501+,0.46,0.065971,0.064583,0,0,0,,0.95389,2024-25
2026-08-10,2026-08-17,18041,Fayette County,Indiana,IN,quiet,0.001037,1758,80,501+,0.25,0.002647,1746,80,501+,0.42,0.065936,0.056559,0,0,0,,0.9605,2024-25
2026-08-10,2026-08-17,51065,Fluvanna County,Virginia,VA,quiet,0.001036,1759,56,501+,0.25,0.001908,2246,77,501+,0.3,0.065916,0.035253,0,0,0,,0.904,2021-22
2026-08-10,2026-08-17,01109,Pike County,Alabama,AL,quiet,0.001035,1760,25,501+,0.25,0.001447,2598,48,501+,0.23,0.065844,0.023503,0,0,0,,0.9665,2024-25
2026-08-10,2026-08-17,30009,Carbon County,Montana,MT,quiet,0.001035,1761,19,501+,0.25,0.002028,2159,35,501+,0.32,0.065828,0.038527,0,0,0,,,
2026-08-10,2026-08-17,20033,Comanche County,Kansas,KS,quiet,0.001035,1762,41,501+,0.25,0.000916,2950,100,501+,0.15,0.065822,0.011925,0,0,0,,0.9444,2024-25
2026-08-10,2026-08-17,13103,Effingham County,Georgia,GA,quiet,0.001035,1763,42,501+,0.25,0.003936,1224,27,501+,0.62,0.065791,0.098503,0,0,0,,,
2026-08-10,2026-08-17,35039,Rio Arriba County,New Mexico,NM,quiet,0.001034,1764,17,501+,0.25,0.002754,1680,21,501+,0.44,0.065769,0.059827,0,0,0,,0.9361,2024-25
2026-08-10,2026-08-17,37013,Beaufort County,North Carolina,NC,quiet,0.001034,1765,60,501+,0.25,0.002197,2045,73,501+,0.35,0.065759,0.043259,0,0,0,,0.95343681,2024-25
2026-08-10,2026-08-17,20037,Crawford County,Kansas,KS,quiet,0.001034,1766,42,501+,0.25,0.003521,1362,25,501+,0.56,0.065727,0.084518,0,0,0,,0.9328,2024-25
2026-08-10,2026-08-17,31095,Jefferson County,Nebraska,NE,quiet,0.001034,1767,23,501+,0.25,0.002197,2044,31,501+,0.35,0.065716,0.043273,0,0,0,,0.972972973,2024-25
2026-08-10,2026-08-17,51191,Washington County,Virginia,VA,quiet,0.001032,1768,57,501+,0.25,0.004051,1186,30,501+,0.64,0.065571,0.102427,0,0,0,,0.892,2024-25
2026-08-10,2026-08-17,08051,Gunnison County,Colorado,CO,quiet,0.001031,1769,35,501+,0.25,0.004207,1144,30,501+,0.67,0.065538,0.10782,0,0,0,,0.8456,2024-25
2026-08-10,2026-08-17,19185,Wayne County,Iowa,IA,quiet,0.001031,1770,41,501+,0.25,0.00278,1663,21,501+,0.44,0.065497,0.060647,0,0,0,,0.83823529,2024-25
2026-08-10,2026-08-17,30091,Sheridan County,Montana,MT,quiet,0.00103,1771,20,501+,0.25,0.002546,1814,25,501+,0.4,0.065463,0.053483,0,0,0,,,
2026-08-10,2026-08-17,08043,Fremont County,Colorado,CO,quiet,0.00103,1772,36,501+,0.25,0.005105,955,26,501+,0.81,0.065447,0.139442,0,0,0,,0.8731,2024-25
2026-08-10,2026-08-17,53031,Jefferson County,Washington,WA,quiet,0.001028,1773,32,501+,0.25,0.001593,2482,36,501+,0.25,0.065353,0.027079,0,0,0,,0.819,2024-25
2026-08-10,2026-08-17,38077,Richland County,North Dakota,ND,quiet,0.001028,1774,23,501+,0.25,0.003312,1444,23,501+,0.52,0.065292,0.077598,0,0,0,,0.9333,2024-25
2026-08-10,2026-08-17,20083,Hodgeman County,Kansas,KS,quiet,0.001026,1775,43,501+,0.25,0.002571,1804,45,501+,0.41,0.06515,0.05424,0,0,0,,0.9,2024-25
2026-08-10,2026-08-17,51840,Winchester City,Virginia,VA,quiet,0.001024,1776,58,501+,0.25,0.003367,1424,38,501+,0.53,0.06505,0.079421,0,0,0,,0.935,2024-25
2026-08-10,2026-08-17,48043,Brewster County,Texas,TX,quiet,0.001024,1777,163,501+,0.25,0.003344,1432,155,501+,0.53,0.06504,0.078659,0,0,1,64,0.839506,2024-25
2026-08-10,2026-08-17,38059,Morton County,North Dakota,ND,quiet,0.001023,1778,24,501+,0.25,0.003588,1345,21,501+,0.57,0.06498,0.086723,0,0,0,,0.8794,2024-25
2026-08-10,2026-08-17,19139,Muscatine County,Iowa,IA,quiet,0.001022,1779,42,501+,0.25,0.004097,1171,11,501+,0.65,0.064923,0.104023,0,0,0,,0.89800443,2024-25
2026-08-10,2026-08-17,13039,Camden County,Georgia,GA,quiet,0.001022,1780,43,501+,0.25,0.00254,1817,53,501+,0.4,0.064901,0.053303,0,0,0,,,
2026-08-10,2026-08-17,47035,Cumberland County,Tennessee,TN,quiet,0.001021,1781,45,501+,0.25,0.002376,1908,50,501+,0.38,0.064811,0.048451,0,0,0,,0.952,2024-25
2026-08-10,2026-08-17,38061,Mountrail County,North Dakota,ND,quiet,0.001021,1782,25,501+,0.25,0.004097,1172,17,501+,0.65,0.064811,0.104021,0,0,0,,0.8721,2024-25
2026-08-10,2026-08-17,18031,Decatur County,Indiana,IN,quiet,0.001021,1783,81,501+,0.25,0.002254,2008,83,501+,0.36,0.064797,0.04491,0,0,0,,0.9247,2024-25
2026-08-10,2026-08-17,18111,Newton County,Indiana,IN,quiet,0.001021,1784,82,501+,0.25,0.003271,1462,66,501+,0.52,0.064791,0.076284,0,0,0,,0.9247,2024-25
2026-08-10,2026-08-17,46107,Potter County,South Dakota,SD,quiet,0.00102,1785,27,501+,0.25,0.00157,2501,50,501+,0.25,0.064758,0.026492,0,0,0,,0.88,2024-25
2026-08-10,2026-08-17,29219,Warren County,Missouri,MO,quiet,0.00102,1786,60,501+,0.25,0.002986,1569,57,501+,0.47,0.06475,0.067113,0,0,0,,0.921,2024-25
2026-08-10,2026-08-17,02240,Southeast Fairbanks Census Area,Alaska,AK,quiet,0.001018,1787,9,501+,0.25,0.003052,1545,7,501+,0.48,0.064631,0.069203,0,0,0,,,
2026-08-10,2026-08-17,51047,Culpeper County,Virginia,VA,quiet,0.001017,1788,59,501+,0.25,0.003227,1476,40,501+,0.51,0.064557,0.074829,0,0,0,,0.947,2024-25
2026-08-10,2026-08-17,55125,Vilas County,Wisconsin,WI,quiet,0.001016,1789,62,501+,0.25,0.002626,1760,56,501+,0.42,0.064498,0.055916,0,0,0,,0.78,2024-25
2026-08-10,2026-08-17,31147,Richardson County,Nebraska,NE,quiet,0.001014,1790,24,501+,0.25,0.001986,2192,38,501+,0.31,0.0643,0.037362,0,0,0,,0.95959596,2024-25
2026-08-10,2026-08-17,27021,Cass County,Minnesota,MN,quiet,0.001013,1791,59,501+,0.25,0.003472,1383,41,501+,0.55,0.064233,0.082891,0,0,0,,0.825,2024-25
2026-08-10,2026-08-17,31021,Burt County,Nebraska,NE,quiet,0.001012,1792,25,501+,0.25,0.001991,2188,37,501+,0.32,0.064148,0.037507,0,0,0,,0.973684211,2024-25
2026-08-10,2026-08-17,26069,Iosco County,Michigan,MI,quiet,0.001011,1793,71,501+,0.25,0.002618,1766,69,501+,0.41,0.064125,0.055685,0,0,0,,0.90140845,2024-25
2026-08-10,2026-08-17,27043,Faribault County,Minnesota,MN,quiet,0.001007,1794,60,501+,0.25,0.00195,2216,74,501+,0.31,0.063832,0.036398,0,0,0,,0.883,2024-25
2026-08-10,2026-08-17,02066,Copper River Census Area,Alaska,AK,quiet,0.001007,1795,10,501+,0.25,0.002358,1924,11,501+,0.37,0.0638,0.047918,0,0,0,,,
2026-08-10,2026-08-17,19043,Clayton County,Iowa,IA,quiet,0.001005,1796,43,501+,0.25,0.001361,2653,90,501+,0.22,0.063688,0.02147,0,0,0,,0.81451613,2024-25
2026-08-10,2026-08-17,28085,Lincoln County,Mississippi,MS,quiet,0.001004,1797,14,501+,0.25,0.003193,1485,7,501+,0.51,0.063621,0.073737,0,0,0,,0.9444,2024-25
2026-08-10,2026-08-17,13177,Lee County,Georgia,GA,quiet,0.001003,1798,44,501+,0.25,0.001748,2368,85,501+,0.28,0.063514,0.031016,0,0,0,,,
2026-08-10,2026-08-17,22023,Cameron Parish,Louisiana,LA,quiet,0.001001,1799,22,501+,0.25,0.004574,1052,11,501+,0.72,0.063428,0.120616,0,0,0,,0.9036,2024-25
2026-08-10,2026-08-17,29225,Webster County,Missouri,MO,quiet,0.001,1800,61,501+,0.24,0.004247,1135,31,501+,0.67,0.063304,0.109223,0,0,0,,0.933,2024-25
2026-08-10,2026-08-17,19019,Buchanan County,Iowa,IA,quiet,0.000999,1801,44,501+,0.24,0.002007,2173,56,501+,0.32,0.063262,0.03795,0,0,0,,0.82592593,2024-25
2026-08-10,2026-08-17,55119,Taylor County,Wisconsin,WI,quiet,0.000999,1802,63,501+,0.24,0.002335,1940,59,501+,0.37,0.063227,0.047249,0,0,0,,0.84,2024-25
2026-08-10,2026-08-17,46111,Sanborn County,South Dakota,SD,quiet,0.000997,1803,28,501+,0.24,0.002328,1944,31,501+,0.37,0.063093,0.04705,0,0,0,,0.76,2024-25
2026-08-10,2026-08-17,48387,Red River County,Texas,TX,quiet,0.000995,1804,164,501+,0.24,0.005118,953,101,501+,0.81,0.062941,0.139901,0,0,0,,0.966102,2024-25
2026-08-10,2026-08-17,21229,Washington County,Kentucky,KY,quiet,0.000992,1805,40,501+,0.24,0.002194,2050,44,501+,0.35,0.062787,0.043183,0,0,0,,0.993,2024-25
2026-08-10,2026-08-17,51683,Manassas City,Virginia,VA,quiet,0.000992,1806,60,501+,0.24,0.002975,1573,47,501+,0.47,0.062773,0.066759,0,0,0,,0.955,2024-25
2026-08-10,2026-08-17,37047,Columbus County,North Carolina,NC,quiet,0.000992,1807,61,501+,0.24,0.003912,1237,47,501+,0.62,0.062746,0.097664,0,0,0,,0.95117845,2024-25
2026-08-10,2026-08-17,31119,Madison County,Nebraska,NE,quiet,0.000987,1808,26,501+,0.24,0.002376,1910,27,501+,0.38,0.062372,0.048444,0,0,0,,0.96925859,2024-25
2026-08-10,2026-08-17,46087,McCook County,South Dakota,SD,quiet,0.000986,1809,29,501+,0.24,0.003871,1251,16,501+,0.61,0.062368,0.096282,0,0,0,,0.78,2024-25
2026-08-10,2026-08-17,20047,Edwards County,Kansas,KS,quiet,0.000986,1810,44,501+,0.24,0.002278,1987,59,501+,0.36,0.062358,0.045604,0,0,0,,0.8794,2024-25
2026-08-10,2026-08-17,48195,Hansford County,Texas,TX,quiet,0.000986,1811,165,501+,0.24,0.007837,593,60,501+,1.24,0.062346,0.236972,0,0,0,,0.963415,2024-25
2026-08-10,2026-08-17,27143,Sibley County,Minnesota,MN,quiet,0.000986,1812,61,501+,0.24,0.002767,1669,54,501+,0.44,0.062302,0.060251,0,0,0,,0.808,2024-25
2026-08-10,2026-08-17,29141,Morgan County,Missouri,MO,quiet,0.000985,1813,62,501+,0.24,0.002702,1708,63,501+,0.43,0.062243,0.058244,0,0,0,,0.856,2024-25
2026-08-10,2026-08-17,48031,Blanco County,Texas,TX,quiet,0.000985,1814,166,501+,0.24,0.004693,1029,112,501+,0.74,0.062239,0.124807,0,0,0,,0.860465,2024-25
2026-08-10,2026-08-17,39079,Jackson County,Ohio,OH,quiet,0.000984,1815,79,501+,0.24,0.002867,1614,75,501+,0.45,0.062202,0.063353,0,0,0,,0.919,2024-25
2026-08-10,2026-08-17,21103,Henry County,Kentucky,KY,quiet,0.000983,1816,41,501+,0.24,0.002458,1860,36,501+,0.39,0.062153,0.050869,0,0,0,,0.955,2024-25
2026-08-10,2026-08-17,54091,Taylor County,West Virginia,WV,quiet,0.000983,1817,30,501+,0.24,0.002574,1802,28,501+,0.41,0.062109,0.054346,0,0,0,,,
2026-08-10,2026-08-17,01023,Choctaw County,Alabama,AL,quiet,0.000983,1818,26,501+,0.24,0.001723,2383,40,501+,0.27,0.062093,0.030381,0,0,0,,0.8977,2024-25
2026-08-10,2026-08-17,40093,Major County,Oklahoma,OK,quiet,0.000982,1819,34,501+,0.24,0.002078,2122,53,501+,0.33,0.062058,0.039902,0,0,0,,0.913,2024-25
2026-08-10,2026-08-17,12121,Suwannee County,Florida,FL,quiet,0.000981,1820,49,501+,0.24,0.002488,1847,49,501+,0.39,0.061984,0.051747,0,0,0,,0.893,2024-25
2026-08-10,2026-08-17,13227,Pickens County,Georgia,GA,quiet,0.00098,1821,45,501+,0.24,0.002607,1775,51,501+,0.41,0.061941,0.055341,0,0,0,,,
2026-08-10,2026-08-17,22121,West Baton Rouge Parish,Louisiana,LA,quiet,0.00098,1822,23,501+,0.24,0.002267,1997,27,501+,0.36,0.061904,0.045262,0,0,0,,0.9308,2024-25
2026-08-10,2026-08-17,51135,Nottoway County,Virginia,VA,quiet,0.000979,1823,61,501+,0.24,0.001561,2510,91,501+,0.25,0.061857,0.026277,0,0,0,,0.944,2024-25
2026-08-10,2026-08-17,18137,Ripley County,Indiana,IN,quiet,0.000979,1824,83,501+,0.24,0.003163,1503,69,501+,0.5,0.06181,0.072775,0,0,0,,0.9076,2024-25
2026-08-10,2026-08-17,44009,Washington County,Rhode Island,RI,quiet,0.000975,1825,5,501+,0.24,0.00424,1138,4,501+,0.67,0.061554,0.108967,0,0,0,,0.939,2024-25
2026-08-10,2026-08-17,17083,Jersey County,Illinois,IL,quiet,0.000973,1826,70,501+,0.24,0.00144,2603,79,501+,0.23,0.061418,0.023318,0,0,0,,0.983,2024-25
2026-08-10,2026-08-17,29203,Shannon County,Missouri,MO,quiet,0.000973,1827,63,501+,0.24,0.003793,1280,37,501+,0.6,0.061408,0.093634,0,0,0,,0.875,2024-25
2026-08-10,2026-08-17,30053,Lincoln County,Montana,MT,quiet,0.000972,1828,21,501+,0.24,0.004182,1152,11,501+,0.66,0.061375,0.106969,0,0,0,,,
2026-08-10,2026-08-17,12133,Washington County,Florida,FL,quiet,0.000972,1829,50,501+,0.24,0.004867,1000,36,501+,0.77,0.061369,0.130986,0,0,0,,0.881,2024-25
2026-08-10,2026-08-17,20099,Labette County,Kansas,KS,quiet,0.00097,1830,45,501+,0.24,0.002146,2074,65,501+,0.34,0.061188,0.041835,0,0,0,,0.9336,2024-25
2026-08-10,2026-08-17,37181,Vance County,North Carolina,NC,quiet,0.00097,1831,62,501+,0.24,0.002672,1730,65,501+,0.42,0.061182,0.057302,0,0,0,,0.92307692,2024-25
2026-08-10,2026-08-17,19075,Grundy County,Iowa,IA,quiet,0.000969,1832,45,501+,0.24,0.002148,2072,49,501+,0.34,0.061157,0.041883,0,0,0,,0.95348837,2024-25
2026-08-10,2026-08-17,29011,Barton County,Missouri,MO,quiet,0.000969,1833,64,501+,0.24,0.002691,1717,65,501+,0.43,0.061111,0.057897,0,0,0,,0.933,2024-25
2026-08-10,2026-08-17,21019,Boyd County,Kentucky,KY,quiet,0.000967,1834,42,501+,0.24,0.003032,1553,23,501+,0.48,0.060977,0.06857,0,0,0,,0.917,2024-25
2026-08-10,2026-08-17,47073,Hawkins County,Tennessee,TN,quiet,0.000966,1835,46,501+,0.24,0.00218,2052,55,501+,0.35,0.060943,0.042795,0,0,0,,0.956,2024-25
2026-08-10,2026-08-17,27129,Renville County,Minnesota,MN,quiet,0.000966,1836,62,501+,0.24,0.002099,2106,70,501+,0.33,0.060937,0.040503,0,0,0,,0.923,2024-25
2026-08-10,2026-08-17,20193,Thomas County,Kansas,KS,quiet,0.000962,1837,46,501+,0.24,0.002464,1857,54,501+,0.39,0.060636,0.051047,0,0,0,,0.8324,2024-25
2026-08-10,2026-08-17,20005,Atchison County,Kansas,KS,quiet,0.000957,1838,47,501+,0.23,0.000948,2934,99,501+,0.15,0.060256,0.012554,0,0,0,,0.9991,2024-25
2026-08-10,2026-08-17,29017,Bollinger County,Missouri,MO,quiet,0.000956,1839,65,501+,0.23,0.002028,2160,83,501+,0.32,0.060185,0.038519,0,0,0,,0.908,2024-25
2026-08-10,2026-08-17,13313,Whitfield County,Georgia,GA,quiet,0.000955,1840,46,501+,0.23,0.003511,1366,37,501+,0.56,0.060135,0.084186,0,0,0,,,
2026-08-10,2026-08-17,16047,Gooding County,Idaho,ID,quiet,0.000954,1841,34,501+,0.23,0.002905,1598,32,501+,0.46,0.060092,0.064541,0,0,0,,0.72,2024-25
2026-08-10,2026-08-17,19195,Worth County,Iowa,IA,quiet,0.000953,1842,46,501+,0.23,0.00231,1960,36,501+,0.37,0.060016,0.046512,0,0,0,,0.86666667,2024-25
2026-08-10,2026-08-17,48289,Leon County,Texas,TX,quiet,0.000953,1843,167,501+,0.23,0.003626,1333,148,501+,0.57,0.06001,0.088009,0,0,0,,0.951923,2024-25
2026-08-10,2026-08-17,47019,Carter County,Tennessee,TN,quiet,0.000953,1844,47,501+,0.23,0.002355,1925,51,501+,0.37,0.060008,0.047836,0,0,0,,0.946,2024-25
2026-08-10,2026-08-17,55011,Buffalo County,Wisconsin,WI,quiet,0.000953,1845,64,501+,0.23,0.00189,2262,65,501+,0.3,0.059992,0.034764,0,0,0,,0.89,2024-25
2026-08-10,2026-08-17,21123,Larue County,Kentucky,KY,quiet,0.00095,1846,43,501+,0.23,0.001404,2629,70,501+,0.22,0.059791,0.022482,0,0,0,,0.93,2024-25
2026-08-10,2026-08-17,21035,Calloway County,Kentucky,KY,quiet,0.000948,1847,44,501+,0.23,0.002758,1677,28,501+,0.44,0.05963,0.059972,0,0,0,,0.961,2024-25
2026-08-10,2026-08-17,21233,Webster County,Kentucky,KY,quiet,0.000948,1848,45,501+,0.23,0.001922,2236,50,501+,0.3,0.059625,0.035636,0,0,0,,0.934,2024-25
2026-08-10,2026-08-17,17187,Warren County,Illinois,IL,quiet,0.000947,1849,71,501+,0.23,0.002525,1826,47,501+,0.4,0.059581,0.052857,0,0,0,,0.979,2024-25
2026-08-10,2026-08-17,55001,Adams County,Wisconsin,WI,quiet,0.000946,1850,65,501+,0.23,0.001127,2821,68,501+,0.18,0.059532,0.016235,0,0,0,,0.79,2024-25
2026-08-10,2026-08-17,08033,Dolores County,Colorado,CO,quiet,0.000946,1851,37,501+,0.23,0.002437,1872,41,501+,0.39,0.059525,0.050249,0,0,0,,0.7778,2024-25
2026-08-10,2026-08-17,48153,Floyd County,Texas,TX,quiet,0.000946,1852,168,501+,0.23,0.002616,1770,180,501+,0.41,0.059521,0.055597,0,0,0,,0.96875,2024-25
2026-08-10,2026-08-17,51007,Amelia County,Virginia,VA,quiet,0.000946,1853,62,501+,0.23,0.00237,1916,60,501+,0.38,0.059508,0.048281,0,0,0,,0.886,2024-25
2026-08-10,2026-08-17,48419,Shelby County,Texas,TX,quiet,0.000945,1854,169,501+,0.23,0.002215,2033,201,501+,0.35,0.059426,0.043785,0,0,0,,0.938053,2024-25
2026-08-10,2026-08-17,49029,Morgan County,Utah,UT,quiet,0.000943,1855,26,501+,0.23,0.002133,2086,26,501+,0.34,0.059254,0.041447,0,0,0,,0.867816,2024-25
2026-08-10,2026-08-17,51049,Cumberland County,Virginia,VA,quiet,0.000942,1856,63,501+,0.23,0.002269,1995,65,501+,0.36,0.059197,0.045342,0,0,0,,0.981,2024-25
2026-08-10,2026-08-17,48073,Cherokee County,Texas,TX,quiet,0.000941,1857,170,501+,0.23,0.002575,1801,186,501+,0.41,0.059156,0.054356,0,0,0,,0.977901,2024-25
2026-08-10,2026-08-17,30023,Deer Lodge County,Montana,MT,quiet,0.000941,1858,22,501+,0.23,0.002711,1701,23,501+,0.43,0.059137,0.058513,0,0,0,,,
2026-08-10,2026-08-17,45061,Lee County,South Carolina,SC,quiet,0.00094,1859,30,501+,0.23,0.001876,2271,39,501+,0.3,0.059087,0.034402,0,0,0,,0.96,2024-25
2026-08-10,2026-08-17,47183,Weakley County,Tennessee,TN,quiet,0.00094,1860,48,501+,0.23,0.002592,1786,40,501+,0.41,0.059074,0.054893,0,0,0,,0.963,2024-25
2026-08-10,2026-08-17,20023,Cheyenne County,Kansas,KS,quiet,0.00094,1861,48,501+,0.23,0.003095,1534,31,501+,0.49,0.059045,0.070567,0,0,0,,0.8193,2024-25
2026-08-10,2026-08-17,27011,Big Stone County,Minnesota,MN,quiet,0.00094,1862,63,501+,0.23,0.002925,1592,50,501+,0.46,0.059043,0.065172,0,0,0,,0.923,2024-25
2026-08-10,2026-08-17,47059,Greene County,Tennessee,TN,quiet,0.000939,1863,49,501+,0.23,0.002412,1885,47,501+,0.38,0.058993,0.049516,0,0,0,,0.955,2024-25
2026-08-10,2026-08-17,32033,White Pine County,Nevada,NV,quiet,0.000939,1864,11,501+,0.23,0.003844,1259,11,501+,0.61,0.058988,0.095381,0,0,0,,0.854,2024-25
2026-08-10,2026-08-17,30027,Fergus County,Montana,MT,quiet,0.000938,1865,23,501+,0.23,0.003345,1431,18,501+,0.53,0.058964,0.078675,0,0,0,,,
2026-08-10,2026-08-17,21085,Grayson County,Kentucky,KY,quiet,0.000937,1866,46,501+,0.23,0.001893,2258,52,501+,0.3,0.058896,0.034859,0,0,0,,0.968,2024-25
2026-08-10,2026-08-17,02220,Sitka City and Borough,Alaska,AK,quiet,0.000934,1867,11,501+,0.23,0.001873,2274,17,501+,0.3,0.058663,0.034325,0,0,0,,,
2026-08-10,2026-08-17,30087,Rosebud County,Montana,MT,quiet,0.000934,1868,24,501+,0.23,0.003761,1293,15,501+,0.6,0.058644,0.09254,0,0,0,,,
2026-08-10,2026-08-17,48455,Trinity County,Texas,TX,quiet,0.000934,1869,171,501+,0.23,0.003005,1563,165,501+,0.48,0.058624,0.067701,0,0,0,,0.916667,2024-25
2026-08-10,2026-08-17,01033,Colbert County,Alabama,AL,quiet,0.000932,1870,27,501+,0.23,0.002228,2024,33,501+,0.35,0.058516,0.04415,0,0,0,,0.9597,2024-25
2026-08-10,2026-08-17,47079,Henry County,Tennessee,TN,quiet,0.000932,1871,50,501+,0.23,0.00255,1812,41,501+,0.4,0.058494,0.053606,0,0,0,,0.94,2024-25
2026-08-10,2026-08-17,22009,Avoyelles Parish,Louisiana,LA,quiet,0.000931,1872,24,501+,0.23,0.002394,1891,24,501+,0.38,0.058459,0.048974,0,0,0,,0.9515,2024-25
2026-08-10,2026-08-17,47071,Hardin County,Tennessee,TN,quiet,0.000931,1873,51,501+,0.23,0.002147,2073,57,501+,0.34,0.058424,0.041847,0,0,0,,0.949,2024-25
2026-08-10,2026-08-17,20169,Saline County,Kansas,KS,quiet,0.000931,1874,49,501+,0.23,0.002504,1834,49,501+,0.4,0.05842,0.05224,0,0,0,,0.942,2024-25
2026-08-10,2026-08-17,50013,Grand Isle County,Vermont,VT,quiet,0.000927,1875,13,501+,0.23,0.00151,2549,14,501+,0.24,0.05814,0.025022,0,0,0,,,
2026-08-10,2026-08-17,46069,Hyde County,South Dakota,SD,quiet,0.000926,1876,30,501+,0.23,0.001559,2513,51,501+,0.25,0.058119,0.026224,0,0,0,,0.89,2024-25
2026-08-10,2026-08-17,17155,Putnam County,Illinois,IL,quiet,0.000926,1877,72,501+,0.23,0.001788,2344,69,501+,0.28,0.058087,0.032075,0,0,0,,0.973,2024-25
2026-08-10,2026-08-17,01121,Talladega County,Alabama,AL,quiet,0.000925,1878,28,501+,0.23,0.00291,1595,20,501+,0.46,0.057996,0.064698,0,0,0,,0.9651,2024-25
2026-08-10,2026-08-17,17121,Marion County,Illinois,IL,quiet,0.000924,1879,73,501+,0.23,0.001885,2265,67,501+,0.3,0.057925,0.034624,0,0,0,,0.974,2024-25
2026-08-10,2026-08-17,08087,Morgan County,Colorado,CO,quiet,0.000924,1880,38,501+,0.23,0.00246,1858,40,501+,0.39,0.057913,0.050933,0,0,0,,0.9203,2024-25
2026-08-10,2026-08-17,48197,Hardeman County,Texas,TX,quiet,0.000923,1881,172,501+,0.23,0.003724,1302,143,501+,0.59,0.057908,0.0913,0,0,1,67,0.972222,2024-25
2026-08-10,2026-08-17,21225,Union County,Kentucky,KY,quiet,0.000923,1882,47,501+,0.23,0.001813,2325,57,501+,0.29,0.057875,0.032726,0,0,0,,0.815,2024-25
2026-08-10,2026-08-17,28083,Leflore County,Mississippi,MS,quiet,0.000923,1883,15,501+,0.23,0.001899,2253,26,501+,0.3,0.057868,0.03502,0,0,0,,0.9803,2024-25
2026-08-10,2026-08-17,21027,Breckinridge County,Kentucky,KY,quiet,0.000922,1884,48,501+,0.23,0.002715,1698,29,501+,0.43,0.057821,0.058636,0,0,0,,0.89237668,2024-25
2026-08-10,2026-08-17,48363,Palo Pinto County,Texas,TX,quiet,0.000921,1885,173,501+,0.23,0.002883,1605,170,501+,0.46,0.057754,0.063839,0,0,0,,0.927673,2024-25
2026-08-10,2026-08-17,37009,Ashe County,North Carolina,NC,quiet,0.00092,1886,63,501+,0.23,0.002001,2178,78,501+,0.32,0.057663,0.037772,0,0,0,,0.97122302,2024-25
2026-08-10,2026-08-17,28099,Neshoba County,Mississippi,MS,quiet,0.00092,1887,16,501+,0.23,0.001697,2400,31,501+,0.27,0.057646,0.029705,0,0,0,,0.9917,2024-25
2026-08-10,2026-08-17,30097,Sweet Grass County,Montana,MT,quiet,0.000918,1888,25,501+,0.22,0.001737,2377,37,501+,0.28,0.057507,0.030724,0,0,0,,,
2026-08-10,2026-08-17,37111,McDowell County,North Carolina,NC,quiet,0.000917,1889,64,501+,0.22,0.003297,1451,55,501+,0.52,0.057467,0.077124,0,0,0,,0.9747191,2024-25
2026-08-10,2026-08-17,13019,Berrien County,Georgia,GA,quiet,0.000914,1890,47,501+,0.22,0.002048,2146,70,501+,0.32,0.057252,0.039073,0,0,0,,,
2026-08-10,2026-08-17,48353,Nolan County,Texas,TX,quiet,0.000914,1891,174,501+,0.22,0.002576,1797,185,501+,0.41,0.057243,0.054392,0,0,0,,0.972222,2024-25
2026-08-10,2026-08-17,35031,McKinley County,New Mexico,NM,quiet,0.000914,1892,18,501+,0.22,0.002068,2127,24,501+,0.33,0.057229,0.039649,0,0,0,,0.9057,2024-25
2026-08-10,2026-08-17,47111,Macon County,Tennessee,TN,quiet,0.000913,1893,52,501+,0.22,0.001125,2822,83,501+,0.18,0.057165,0.016188,0,0,0,,0.983,2024-25
2026-08-10,2026-08-17,47131,Obion County,Tennessee,TN,quiet,0.000913,1894,53,501+,0.22,0.00238,1902,49,501+,0.38,0.05715,0.048561,0,0,0,,0.954,2024-25
2026-08-10,2026-08-17,18139,Rush County,Indiana,IN,quiet,0.000913,1895,84,501+,0.22,0.00221,2037,84,501+,0.35,0.057139,0.043648,0,0,0,,0.9344,2024-25
2026-08-10,2026-08-17,19101,Jefferson County,Iowa,IA,quiet,0.000912,1896,47,501+,0.22,0.001541,2528,79,501+,0.24,0.057122,0.025772,0,0,0,,0.86486486,2024-25
2026-08-10,2026-08-17,47017,Carroll County,Tennessee,TN,quiet,0.000912,1897,54,501+,0.22,0.002228,2023,54,501+,0.35,0.057095,0.044152,0,0,0,,0.923,2024-25
2026-08-10,2026-08-17,20127,Morris County,Kansas,KS,quiet,0.000911,1898,50,501+,0.22,0.002282,1986,58,501+,0.36,0.057036,0.045717,0,0,0,,0.8752,2024-25
2026-08-10,2026-08-17,51820,Waynesboro City,Virginia,VA,quiet,0.000909,1899,64,501+,0.22,0.00195,2218,76,501+,0.31,0.056895,0.036383,0,0,0,,0.946,2024-25
2026-08-10,2026-08-17,02150,Kodiak Island Borough,Alaska,AK,quiet,0.000909,1900,12,501+,0.22,0.002593,1785,8,501+,0.41,0.056876,0.054903,0,0,0,,,
2026-08-10,2026-08-17,17063,Grundy County,Illinois,IL,quiet,0.000908,1901,74,501+,0.22,0.001958,2210,63,501+,0.31,0.05678,0.036617,0,0,0,,0.924,2024-25
2026-08-10,2026-08-17,17145,Perry County,Illinois,IL,quiet,0.000907,1902,75,501+,0.22,0.001051,2879,95,501+,0.17,0.056765,0.014632,0,0,0,,0.989,2024-25
2026-08-10,2026-08-17,19021,Buena Vista County,Iowa,IA,quiet,0.000905,1903,48,501+,0.22,0.001618,2462,74,501+,0.26,0.056633,0.027686,0,0,0,,0.80758017,2024-25
2026-08-10,2026-08-17,53055,San Juan County,Washington,WA,quiet,0.000902,1904,33,501+,0.22,0.001161,2801,38,501+,0.18,0.056404,0.016963,0,0,0,,0.888,2024-25
2026-08-10,2026-08-17,19059,Dickinson County,Iowa,IA,quiet,0.000901,1905,49,501+,0.22,0.001643,2448,72,501+,0.26,0.056318,0.028331,0,0,0,,0.84615385,2024-25
2026-08-10,2026-08-17,19189,Winnebago County,Iowa,IA,quiet,0.0009,1906,50,501+,0.22,0.002285,1983,42,501+,0.36,0.056283,0.045783,0,0,0,,0.88622754,2024-25
2026-08-10,2026-08-17,19145,Page County,Iowa,IA,quiet,0.0009,1907,51,501+,0.22,0.001608,2470,76,501+,0.25,0.056229,0.027453,0,0,0,,0.94610778,2024-25
2026-08-10,2026-08-17,48077,Clay County,Texas,TX,quiet,0.0009,1908,175,501+,0.22,0.005482,875,90,501+,0.87,0.056227,0.152899,0,0,0,,0.891892,2024-25
2026-08-10,2026-08-17,29061,Daviess County,Missouri,MO,quiet,0.000899,1909,66,501+,0.22,0.002196,2047,78,501+,0.35,0.056172,0.043232,0,0,0,,0.744,2024-25
2026-08-10,2026-08-17,13073,Columbia County,Georgia,GA,quiet,0.000899,1910,48,501+,0.22,0.002054,2141,69,501+,0.33,0.056167,0.039259,0,0,0,,,
2026-08-10,2026-08-17,51053,Dinwiddie County,Virginia,VA,quiet,0.000898,1911,65,501+,0.22,0.00283,1635,51,501+,0.45,0.056122,0.062205,0,0,0,,0.886,2024-25
2026-08-10,2026-08-17,20057,Ford County,Kansas,KS,quiet,0.000897,1912,51,501+,0.22,0.005021,969,10,501+,0.8,0.056025,0.13644,0,0,0,,0.842,2024-25
2026-08-10,2026-08-17,45017,Calhoun County,South Carolina,SC,quiet,0.000897,1913,31,501+,0.22,0.001817,2321,41,501+,0.29,0.056025,0.032815,0,0,0,,0.957,2024-25
2026-08-10,2026-08-17,55113,Sawyer County,Wisconsin,WI,quiet,0.000897,1914,66,501+,0.22,0.003165,1501,47,501+,0.5,0.056011,0.072833,0,0,0,,0.82,2024-25
2026-08-10,2026-08-17,20067,Grant County,Kansas,KS,quiet,0.000897,1915,52,501+,0.22,0.003722,1303,21,501+,0.59,0.056011,0.091247,0,0,0,,0.9278,2024-25
2026-08-10,2026-08-17,37083,Halifax County,North Carolina,NC,quiet,0.000895,1916,65,501+,0.22,0.002353,1927,70,501+,0.37,0.055921,0.047757,0,0,0,,0.94789579,2024-25
2026-08-10,2026-08-17,27081,Lincoln County,Minnesota,MN,quiet,0.000894,1917,64,501+,0.22,0.002373,1914,64,501+,0.38,0.055832,0.048359,0,0,0,,0.862,2024-25
2026-08-10,2026-08-17,48435,Sutton County,Texas,TX,quiet,0.000894,1918,176,501+,0.22,0.002376,1911,193,501+,0.38,0.055831,0.048435,0,0,0,,0.944444,2024-25
2026-08-10,2026-08-17,51197,Wythe County,Virginia,VA,quiet,0.000893,1919,66,501+,0.22,0.001596,2480,88,501+,0.25,0.055763,0.027135,0,0,0,,0.897,2024-25
2026-08-10,2026-08-17,45031,Darlington County,South Carolina,SC,quiet,0.000893,1920,32,501+,0.22,0.00235,1930,34,501+,0.37,0.055755,0.047675,0,0,0,,0.976,2024-25
2026-08-10,2026-08-17,01067,Henry County,Alabama,AL,quiet,0.000892,1921,29,501+,0.22,0.001311,2696,55,501+,0.21,0.05565,0.020303,0,0,0,,0.9581,2024-25
2026-08-10,2026-08-17,27079,Le Sueur County,Minnesota,MN,quiet,0.000891,1922,65,501+,0.22,0.002077,2123,71,501+,0.33,0.055639,0.039899,0,0,0,,0.873,2024-25
2026-08-10,2026-08-17,22047,Iberville Parish,Louisiana,LA,quiet,0.000891,1923,25,501+,0.22,0.001632,2455,41,501+,0.26,0.055629,0.028053,0,0,0,,0.9557,2024-25
2026-08-10,2026-08-17,29147,Nodaway County,Missouri,MO,quiet,0.000891,1924,67,501+,0.22,0.001687,2414,98,501+,0.27,0.055598,0.02944,0,0,0,,0.962,2024-25
2026-08-10,2026-08-17,53043,Lincoln County,Washington,WA,quiet,0.00089,1925,34,501+,0.22,0.004453,1088,26,501+,0.71,0.055574,0.116381,0,0,0,,0.823,2024-25
2026-08-10,2026-08-17,35059,Union County,New Mexico,NM,quiet,0.000889,1926,19,501+,0.22,0.0028,1652,20,501+,0.44,0.05548,0.06127,0,0,0,,0.9063,2024-25
2026-08-10,2026-08-17,16039,Elmore County,Idaho,ID,quiet,0.000888,1927,35,501+,0.22,0.002312,1958,38,501+,0.37,0.055431,0.046588,0,0,0,,0.86,2024-25
2026-08-10,2026-08-17,27149,Stevens County,Minnesota,MN,quiet,0.000888,1928,66,501+,0.22,0.00238,1904,63,501+,0.38,0.055425,0.048554,0,0,0,,0.864,2024-25
2026-08-10,2026-08-17,51145,Powhatan County,Virginia,VA,quiet,0.000887,1929,67,501+,0.22,0.001593,2483,89,501+,0.25,0.055346,0.027076,0,0,0,,0.89,2024-25
2026-08-10,2026-08-17,46101,Moody County,South Dakota,SD,quiet,0.000886,1930,31,501+,0.22,0.002763,1674,26,501+,0.44,0.055276,0.060111,0,0,0,,0.89,2024-25
2026-08-10,2026-08-17,51075,Goochland County,Virginia,VA,quiet,0.000886,1931,68,501+,0.22,0.002351,1929,61,501+,0.37,0.055273,0.04772,0,0,0,,0.97,2024-25
2026-08-10,2026-08-17,27127,Redwood County,Minnesota,MN,quiet,0.000885,1932,67,501+,0.22,0.001556,2519,82,501+,0.25,0.055207,0.026146,0,0,0,,0.843,2024-25
2026-08-10,2026-08-17,12039,Gadsden County,Florida,FL,quiet,0.000885,1933,51,501+,0.22,0.002261,2003,51,501+,0.36,0.055193,0.045113,0,0,0,,0.798,2024-25
2026-08-10,2026-08-17,32011,Eureka County,Nevada,NV,quiet,0.000885,1934,12,501+,0.22,0.001719,2385,15,501+,0.27,0.055184,0.030282,0,0,0,,0.75,2024-25
2026-08-10,2026-08-17,28029,Copiah County,Mississippi,MS,quiet,0.000885,1935,17,501+,0.22,0.0021,2104,20,501+,0.33,0.055168,0.040542,0,0,0,,0.9835,2024-25
2026-08-10,2026-08-17,19173,Taylor County,Iowa,IA,quiet,0.000884,1936,52,501+,0.22,0.002341,1938,35,501+,0.37,0.055152,0.047412,0,0,0,,0.81707317,2024-25
2026-08-10,2026-08-17,51093,Isle of Wight County,Virginia,VA,quiet,0.000884,1937,69,501+,0.22,0.002519,1829,56,501+,0.4,0.055141,0.052694,0,0,0,,0.802,2024-25
2026-08-10,2026-08-17,47103,Lincoln County,Tennessee,TN,quiet,0.000884,1938,55,501+,0.22,0.002391,1895,48,501+,0.38,0.055114,0.048877,0,0,0,,0.925,2024-25
2026-08-10,2026-08-17,38095,Towner County,North Dakota,ND,quiet,0.000883,1939,26,501+,0.22,0.001961,2208,30,501+,0.31,0.05506,0.036685,0,0,0,,0.9412,2024-25
2026-08-10,2026-08-17,35027,Lincoln County,New Mexico,NM,quiet,0.000883,1940,20,501+,0.22,0.003454,1390,14,501+,0.55,0.055059,0.08228,0,0,0,,0.9307,2024-25
2026-08-10,2026-08-17,20043,Doniphan County,Kansas,KS,quiet,0.000883,1941,53,501+,0.22,0.001733,2380,83,501+,0.27,0.055028,0.030629,0,0,0,,0.939,2024-25
2026-08-10,2026-08-17,19171,Tama County,Iowa,IA,quiet,0.000882,1942,53,501+,0.22,0.00272,1693,23,501+,0.43,0.055012,0.058781,0,0,0,,0.98170732,2024-25
2026-08-10,2026-08-17,28095,Monroe County,Mississippi,MS,quiet,0.000882,1943,18,501+,0.22,0.001499,2557,38,501+,0.24,0.055006,0.024751,0,0,0,,0.9863,2024-25
2026-08-10,2026-08-17,51520,Bristol City,Virginia,VA,quiet,0.000882,1944,70,501+,0.22,0.002212,2035,69,501+,0.35,0.054984,0.043706,0,0,0,,0.811,2024-25
2026-08-10,2026-08-17,56031,Platte County,Wyoming,WY,quiet,0.00088,1945,17,501+,0.22,0.002896,1602,20,501+,0.46,0.054837,0.06426,0,0,0,,0.8,2022-23
2026-08-10,2026-08-17,22101,St. Mary Parish,Louisiana,LA,quiet,0.000879,1946,26,501+,0.22,0.001976,2197,32,501+,0.31,0.05477,0.037111,0,0,0,,0.9105,2024-25
2026-08-10,2026-08-17,29149,Oregon County,Missouri,MO,quiet,0.000878,1947,68,501+,0.22,0.003792,1282,38,501+,0.6,0.05472,0.093588,0,0,0,,0.858,2024-25
2026-08-10,2026-08-17,56015,Goshen County,Wyoming,WY,quiet,0.000878,1948,18,501+,0.22,0.002582,1792,21,501+,0.41,0.054697,0.054594,0,0,0,,0.93,2022-23
2026-08-10,2026-08-17,29155,Pemiscot County,Missouri,MO,quiet,0.000876,1949,69,501+,0.21,0.003154,1507,51,501+,0.5,0.054575,0.072474,0,0,0,,0.681,2024-25
2026-08-10,2026-08-17,45025,Chesterfield County,South Carolina,SC,quiet,0.000876,1950,33,501+,0.21,0.00265,1742,32,501+,0.42,0.05454,0.05664,0,0,0,,0.973,2024-25
2026-08-10,2026-08-17,48009,Archer County,Texas,TX,quiet,0.000875,1951,177,501+,0.21,0.004375,1104,122,501+,0.69,0.054477,0.113646,0,0,0,,0.94964,2024-25
2026-08-10,2026-08-17,29179,Reynolds County,Missouri,MO,quiet,0.000875,1952,70,501+,0.21,0.001716,2386,94,501+,0.27,0.054467,0.030182,0,0,0,,0.911,2024-25
2026-08-10,2026-08-17,51735,Poquoson City,Virginia,VA,quiet,0.000873,1953,71,501+,0.21,0.001974,2199,75,501+,0.31,0.05437,0.037057,0,0,0,,0.777,2022-23
2026-08-10,2026-08-17,29195,Saline County,Missouri,MO,quiet,0.000873,1954,71,501+,0.21,0.001688,2412,97,501+,0.27,0.054355,0.029476,0,0,0,,0.941,2024-25
2026-08-10,2026-08-17,30065,Musselshell County,Montana,MT,quiet,0.000872,1955,26,501+,0.21,0.003675,1320,16,501+,0.58,0.054288,0.08966,0,0,0,,,
2026-08-10,2026-08-17,16071,Oneida County,Idaho,ID,quiet,0.00087,1956,36,501+,0.21,0.001779,2346,42,501+,0.28,0.054149,0.031831,0,0,0,,0.85,2024-25
2026-08-10,2026-08-17,48151,Fisher County,Texas,TX,quiet,0.00087,1957,178,501+,0.21,0.002495,1842,189,501+,0.4,0.054132,0.051971,0,0,0,,0.926829,2024-25
2026-08-10,2026-08-17,55091,Pepin County,Wisconsin,WI,quiet,0.00087,1958,67,501+,0.21,0.001867,2279,66,501+,0.3,0.054122,0.034149,0,0,0,,0.83,2024-25
2026-08-10,2026-08-17,22045,Iberia Parish,Louisiana,LA,quiet,0.000869,1959,27,501+,0.21,0.002512,1830,22,501+,0.4,0.054087,0.052473,0,0,0,,0.9367,2024-25
2026-08-10,2026-08-17,37029,Camden County,North Carolina,NC,quiet,0.000866,1960,66,501+,0.21,0.002318,1957,72,501+,0.37,0.053838,0.046759,0,0,0,,0.96183206,2024-25
2026-08-10,2026-08-17,19191,Winneshiek County,Iowa,IA,quiet,0.000866,1961,54,501+,0.21,0.002089,2113,53,501+,0.33,0.053835,0.040217,0,0,0,,0.91949153,2024-25
2026-08-10,2026-08-17,51181,Surry County,Virginia,VA,quiet,0.000866,1962,72,501+,0.21,0.002734,1686,53,501+,0.43,0.053834,0.059225,0,0,0,,0.918,2024-25
2026-08-10,2026-08-17,22099,St. Martin Parish,Louisiana,LA,quiet,0.000865,1963,28,501+,0.21,0.003055,1543,18,501+,0.48,0.053784,0.069311,0,0,0,,0.9273,2024-25
2026-08-10,2026-08-17,47101,Lewis County,Tennessee,TN,quiet,0.000865,1964,56,501+,0.21,0.002413,1881,46,501+,0.38,0.053767,0.049543,0,0,0,,0.872,2024-25
2026-08-10,2026-08-17,31045,Dawes County,Nebraska,NE,quiet,0.000863,1965,27,501+,0.21,0.004137,1161,5,501+,0.66,0.053643,0.105419,0,0,0,,0.942028986,2024-25
2026-08-10,2026-08-17,28081,Lee County,Mississippi,MS,quiet,0.000862,1966,19,501+,0.21,0.002495,1841,13,501+,0.4,0.05358,0.051976,0,0,0,,0.9725,2024-25
2026-08-10,2026-08-17,27101,Murray County,Minnesota,MN,quiet,0.000862,1967,68,501+,0.21,0.001893,2259,75,501+,0.3,0.053535,0.03484,0,0,0,,0.924,2024-25
2026-08-10,2026-08-17,20079,Harvey County,Kansas,KS,quiet,0.000861,1968,54,501+,0.21,0.004076,1179,15,501+,0.65,0.053485,0.103288,0,0,0,,0.9214,2024-25
2026-08-10,2026-08-17,19127,Marshall County,Iowa,IA,quiet,0.000859,1969,55,501+,0.21,0.002708,1706,25,501+,0.43,0.053344,0.058434,0,0,0,,0.89738431,2024-25
2026-08-10,2026-08-17,13097,Douglas County,Georgia,GA,quiet,0.000858,1970,49,501+,0.21,0.005043,966,19,501+,0.8,0.053276,0.137234,0,0,0,,,
2026-08-10,2026-08-17,51073,Gloucester County,Virginia,VA,quiet,0.000857,1971,73,501+,0.21,0.003186,1490,41,501+,0.5,0.053252,0.073506,0,0,0,,0.782,2024-25
2026-08-10,2026-08-17,27063,Jackson County,Minnesota,MN,quiet,0.000856,1972,69,501+,0.21,0.001865,2284,77,501+,0.3,0.053128,0.03409,0,0,0,,0.888,2024-25
2026-08-10,2026-08-17,17133,Monroe County,Illinois,IL,quiet,0.000856,1973,76,501+,0.21,0.001414,2622,82,501+,0.22,0.053126,0.022715,0,0,0,,0.984,2024-25
2026-08-10,2026-08-17,28073,Lamar County,Mississippi,MS,quiet,0.000855,1974,20,501+,0.21,0.001759,2360,28,501+,0.28,0.053048,0.031302,0,0,0,,0.9879,2024-25
2026-08-10,2026-08-17,19149,Plymouth County,Iowa,IA,quiet,0.000854,1975,56,501+,0.21,0.001362,2652,89,501+,0.22,0.053014,0.021487,0,0,0,,0.88178914,2024-25
2026-08-10,2026-08-17,01129,Washington County,Alabama,AL,quiet,0.000854,1976,30,501+,0.21,0.002659,1733,23,501+,0.42,0.05301,0.056923,0,0,0,,0.9275,2024-25
2026-08-10,2026-08-17,51155,Pulaski County,Virginia,VA,quiet,0.000854,1977,74,501+,0.21,0.001903,2249,78,501+,0.3,0.052996,0.03511,0,0,0,,0.933,2024-25
2026-08-10,2026-08-17,27117,Pipestone County,Minnesota,MN,quiet,0.000854,1978,70,501+,0.21,0.003687,1314,38,501+,0.58,0.052986,0.090047,0,0,0,,0.898,2024-25
2026-08-10,2026-08-17,20073,Greenwood County,Kansas,KS,quiet,0.000854,1979,55,501+,0.21,0.002165,2061,64,501+,0.34,0.052979,0.042371,0,0,0,,0.9092,2024-25
2026-08-10,2026-08-17,29109,Lawrence County,Missouri,MO,quiet,0.000853,1980,72,501+,0.21,0.001882,2266,87,501+,0.3,0.052932,0.03455,0,0,0,,0.858,2024-25
2026-08-10,2026-08-17,13285,Troup County,Georgia,GA,quiet,0.000851,1981,50,501+,0.21,0.002436,1873,54,501+,0.39,0.052819,0.050202,0,0,0,,,
2026-08-10,2026-08-17,46085,Lyman County,South Dakota,SD,quiet,0.000851,1982,32,501+,0.21,0.002872,1610,24,501+,0.45,0.052766,0.063501,0,0,0,,0.98,2024-25
2026-08-10,2026-08-17,30043,Jefferson County,Montana,MT,quiet,0.00085,1983,27,501+,0.21,0.006226,749,7,501+,0.99,0.05274,0.179639,0,0,0,,,
2026-08-10,2026-08-17,51141,Patrick County,Virginia,VA,quiet,0.00085,1984,75,501+,0.21,0.001606,2472,87,501+,0.25,0.052727,0.027389,0,0,0,,0.952,2024-25
2026-08-10,2026-08-17,05141,Van Buren County,Arkansas,AR,quiet,0.00085,1985,25,501+,0.21,0.002265,1999,33,501+,0.36,0.0527,0.04521,0,0,0,,,
2026-08-10,2026-08-17,37145,Person County,North Carolina,NC,quiet,0.000849,1986,67,501+,0.21,0.002579,1796,68,501+,0.41,0.052668,0.054488,0,0,0,,0.96181384,2024-25
2026-08-10,2026-08-17,16035,Clearwater County,Idaho,ID,quiet,0.000848,1987,37,501+,0.21,0.002413,1884,37,501+,0.38,0.052613,0.049527,0,0,0,,0.77,2024-25
2026-08-10,2026-08-17,23021,Piscataquis County,Maine,ME,quiet,0.000848,1988,16,501+,0.21,0.003721,1305,13,501+,0.59,0.052585,0.091216,0,0,0,,0.9167,2024-25
2026-08-10,2026-08-17,56003,Big Horn County,Wyoming,WY,quiet,0.000848,1989,19,501+,0.21,0.003818,1271,16,501+,0.6,0.052558,0.094483,0,0,0,,0.89,2022-23
2026-08-10,2026-08-17,45011,Barnwell County,South Carolina,SC,quiet,0.000848,1990,34,501+,0.21,0.00207,2125,36,501+,0.33,0.052553,0.039706,0,0,0,,0.946,2024-25
2026-08-10,2026-08-17,19035,Cherokee County,Iowa,IA,quiet,0.000846,1991,57,501+,0.21,0.001577,2500,78,501+,0.25,0.052465,0.026683,0,0,0,,0.859375,2024-25
2026-08-10,2026-08-17,19085,Harrison County,Iowa,IA,quiet,0.000843,1992,58,501+,0.21,0.00225,2011,45,501+,0.36,0.052257,0.044779,0,0,0,,0.74834437,2024-25
2026-08-10,2026-08-17,42023,Cameron County,Pennsylvania,PA,quiet,0.000843,1993,55,501+,0.21,0.001843,2302,55,501+,0.29,0.052247,0.033523,0,0,0,,0.806,2024-25
2026-08-10,2026-08-17,22061,Lincoln Parish,Louisiana,LA,quiet,0.000843,1994,29,501+,0.21,0.002441,1868,23,501+,0.39,0.052224,0.050365,0,0,0,,0.9378,2024-25
2026-08-10,2026-08-17,19177,Van Buren County,Iowa,IA,quiet,0.000841,1995,59,501+,0.21,0.002413,1883,33,501+,0.38,0.052059,0.04953,0,0,0,,0.90163934,2024-25
2026-08-10,2026-08-17,16029,Caribou County,Idaho,ID,quiet,0.00084,1996,38,501+,0.21,0.003951,1216,26,501+,0.63,0.052041,0.098997,0,0,0,,0.83,2024-25
2026-08-10,2026-08-17,08125,Yuma County,Colorado,CO,quiet,0.00084,1997,39,501+,0.21,0.002976,1572,38,501+,0.47,0.052012,0.06677,0,0,0,,0.9587,2024-25
2026-08-10,2026-08-17,21003,Allen County,Kentucky,KY,quiet,0.00084,1998,49,501+,0.21,0.001602,2475,65,501+,0.25,0.051991,0.027283,0,0,0,,0.963,2024-25
2026-08-10,2026-08-17,29139,Montgomery County,Missouri,MO,quiet,0.000839,1999,73,501+,0.21,0.002045,2149,82,501+,0.32,0.051978,0.039012,0,0,0,,0.959,2024-25
2026-08-10,2026-08-17,20151,Pratt County,Kansas,KS,quiet,0.000839,2000,56,501+,0.21,0.002245,2017,61,501+,0.36,0.051936,0.044631,0,0,0,,0.8915,2024-25
2026-08-10,2026-08-17,13079,Crawford County,Georgia,GA,quiet,0.000838,2001,51,501+,0.21,0.002625,1762,50,501+,0.42,0.051868,0.05587,0,0,0,,,
2026-08-10,2026-08-17,35053,Socorro County,New Mexico,NM,quiet,0.000836,2002,21,501+,0.2,0.0017,2397,27,501+,0.27,0.051771,0.029784,0,0,0,,0.8778,2024-25
2026-08-10,2026-08-17,08075,Logan County,Colorado,CO,quiet,0.000836,2003,40,501+,0.2,0.003132,1518,34,501+,0.5,0.051718,0.071768,0,0,0,,0.9375,2024-25
2026-08-10,2026-08-17,01093,Marion County,Alabama,AL,quiet,0.000836,2004,31,501+,0.2,0.001818,2318,38,501+,0.29,0.051712,0.032856,0,0,0,,0.9332,2024-25
2026-08-10,2026-08-17,29137,Monroe County,Missouri,MO,quiet,0.000834,2005,74,501+,0.2,0.003116,1525,53,501+,0.49,0.051611,0.07126,0,0,0,,0.923,2024-25
2026-08-10,2026-08-17,20031,Coffey County,Kansas,KS,quiet,0.000834,2006,57,501+,0.2,0.001959,2209,75,501+,0.31,0.051604,0.036636,0,0,0,,0.9204,2024-25
2026-08-10,2026-08-17,45039,Fairfield County,South Carolina,SC,quiet,0.000834,2007,35,501+,0.2,0.003442,1393,28,501+,0.55,0.051575,0.081881,0,0,0,,0.894,2024-25
2026-08-10,2026-08-17,47153,Sequatchie County,Tennessee,TN,quiet,0.000833,2008,57,501+,0.2,0.001827,2315,63,501+,0.29,0.051556,0.033094,0,0,0,,0.979,2024-25
2026-08-10,2026-08-17,20165,Rush County,Kansas,KS,quiet,0.000833,2009,58,501+,0.2,0.003777,1287,19,501+,0.6,0.051514,0.0931,0,0,0,,0.9556,2024-25
2026-08-10,2026-08-17,13125,Glascock County,Georgia,GA,quiet,0.000833,2010,52,501+,0.2,0.002338,1939,57,501+,0.37,0.051505,0.047329,0,0,0,,,
2026-08-10,2026-08-17,54087,Roane County,West Virginia,WV,quiet,0.00083,2011,31,501+,0.2,0.001281,2720,40,501+,0.2,0.051321,0.019616,0,0,0,,,
2026-08-10,2026-08-17,45005,Allendale County,South Carolina,SC,quiet,0.00083,2012,36,501+,0.2,0.003184,1491,31,501+,0.5,0.051306,0.073449,0,0,0,,0.98,2024-25
2026-08-10,2026-08-17,29093,Iron County,Missouri,MO,quiet,0.000829,2013,75,501+,0.2,0.001869,2278,89,501+,0.3,0.051235,0.03422,0,0,0,,0.959,2024-25
2026-08-10,2026-08-17,01113,Russell County,Alabama,AL,quiet,0.000829,2014,32,501+,0.2,0.001133,2819,59,501+,0.18,0.051232,0.016352,0,0,0,,0.9461,2024-25
2026-08-10,2026-08-17,37195,Wilson County,North Carolina,NC,quiet,0.000827,2015,68,501+,0.2,0.003622,1334,50,501+,0.57,0.051131,0.087882,0,0,0,,0.91975309,2024-25
2026-08-10,2026-08-17,30021,Dawson County,Montana,MT,quiet,0.000827,2016,28,501+,0.2,0.002808,1644,21,501+,0.44,0.051113,0.061502,0,0,0,,,
2026-08-10,2026-08-17,13181,Lincoln County,Georgia,GA,quiet,0.000825,2017,53,501+,0.2,0.002274,1990,59,501+,0.36,0.050999,0.045466,0,0,0,,,
2026-08-10,2026-08-17,17129,Menard County,Illinois,IL,quiet,0.000825,2018,77,501+,0.2,0.00162,2461,71,501+,0.26,0.050988,0.02775,0,0,0,,0.954,2024-25
2026-08-10,2026-08-17,48179,Gray County,Texas,TX,quiet,0.000824,2019,179,501+,0.2,0.004134,1163,130,501+,0.65,0.050891,0.105287,0,0,0,,0.971698,2024-25
2026-08-10,2026-08-17,54035,Jackson County,West Virginia,WV,quiet,0.000824,2020,32,501+,0.2,0.002081,2120,31,501+,0.33,0.050873,0.039995,0,0,0,,,
2026-08-10,2026-08-17,38063,Nelson County,North Dakota,ND,quiet,0.000824,2021,27,501+,0.2,0.002247,2016,29,501+,0.36,0.050869,0.044693,0,0,0,,0.9429,2024-25
2026-08-10,2026-08-17,17081,Jefferson County,Illinois,IL,quiet,0.000822,2022,78,501+,0.2,0.001946,2220,64,501+,0.31,0.050777,0.036282,0,0,0,,0.972,2024-25
2026-08-10,2026-08-17,02100,Haines Borough,Alaska,AK,quiet,0.00082,2023,13,501+,0.2,0.001479,2574,22,501+,0.23,0.050643,0.024268,0,0,0,,,
2026-08-10,2026-08-17,16077,Power County,Idaho,ID,quiet,0.00082,2024,39,501+,0.2,0.002791,1658,33,501+,0.44,0.050625,0.060974,0,0,0,,0.86,2024-25
2026-08-10,2026-08-17,20137,Norton County,Kansas,KS,quiet,0.00082,2025,59,501+,0.2,0.002727,1689,40,501+,0.43,0.05061,0.058993,0,0,0,,0.8419,2024-25
2026-08-10,2026-08-17,29005,Atchison County,Missouri,MO,quiet,0.00082,2026,76,501+,0.2,0.002575,1798,68,501+,0.41,0.050607,0.054372,0,0,0,,0.913,2024-25
2026-08-10,2026-08-17,18143,Scott County,Indiana,IN,quiet,0.000818,2027,85,501+,0.2,0.001915,2241,90,501+,0.3,0.050507,0.03544,0,0,0,,0.8479,2024-25
2026-08-10,2026-08-17,17077,Jackson County,Illinois,IL,quiet,0.000818,2028,79,501+,0.2,0.002507,1831,48,501+,0.4,0.050504,0.05232,0,0,0,,0.967,2024-25
2026-08-10,2026-08-17,54099,Wayne County,West Virginia,WV,quiet,0.000817,2029,33,501+,0.2,0.002065,2129,32,501+,0.33,0.050424,0.039549,0,0,0,,,
2026-08-10,2026-08-17,21205,Rowan County,Kentucky,KY,quiet,0.000817,2030,50,501+,0.2,0.001804,2330,59,501+,0.29,0.050412,0.03249,0,0,0,,0.899,2024-25
2026-08-10,2026-08-17,47055,Giles County,Tennessee,TN,quiet,0.000817,2031,58,501+,0.2,0.002052,2143,60,501+,0.33,0.050403,0.039206,0,0,0,,0.933,2024-25
2026-08-10,2026-08-17,19029,Cass County,Iowa,IA,quiet,0.000817,2032,60,501+,0.2,0.001645,2446,71,501+,0.26,0.050401,0.028368,0,0,0,,0.85648148,2024-25
2026-08-10,2026-08-17,08093,Park County,Colorado,CO,quiet,0.000817,2033,41,501+,0.2,0.001871,2276,47,501+,0.3,0.050401,0.03425,0,0,0,,0.8588,2024-25
2026-08-10,2026-08-17,38001,Adams County,North Dakota,ND,quiet,0.000816,2034,28,501+,0.2,0.001338,2676,40,501+,0.21,0.050366,0.020926,0,0,0,,0.875,2024-25
2026-08-10,2026-08-17,22013,Bienville Parish,Louisiana,LA,quiet,0.000816,2035,30,501+,0.2,0.001359,2655,50,501+,0.22,0.050356,0.021419,0,0,0,,0.9658,2024-25
2026-08-10,2026-08-17,22075,Plaquemines Parish,Louisiana,LA,quiet,0.000816,2036,31,501+,0.2,0.002054,2142,30,501+,0.33,0.050339,0.039235,0,0,0,,0.943,2024-25
2026-08-10,2026-08-17,22053,Jefferson Davis Parish,Louisiana,LA,quiet,0.000816,2037,32,501+,0.2,0.001774,2349,35,501+,0.28,0.050329,0.031702,0,0,0,,0.9211,2024-25
2026-08-10,2026-08-17,19141,O'Brien County,Iowa,IA,quiet,0.000816,2038,61,501+,0.2,0.002804,1645,20,501+,0.44,0.050307,0.061386,0,0,0,,0.87443946,2024-25
2026-08-10,2026-08-17,13137,Habersham County,Georgia,GA,quiet,0.000815,2039,54,501+,0.2,0.002735,1685,48,501+,0.43,0.050269,0.05925,0,0,0,,,
2026-08-10,2026-08-17,48161,Freestone County,Texas,TX,quiet,0.000814,2040,180,501+,0.2,0.002591,1787,184,501+,0.41,0.050219,0.054842,0,0,0,,0.946429,2024-25
2026-08-10,2026-08-17,51163,Rockbridge County,Virginia,VA,quiet,0.000814,2041,76,501+,0.2,0.001612,2466,86,501+,0.26,0.050208,0.027542,0,0,0,,0.919,2024-25
2026-08-10,2026-08-17,47185,White County,Tennessee,TN,quiet,0.000814,2042,59,501+,0.2,0.001749,2366,66,501+,0.28,0.050178,0.03105,0,0,0,,0.89,2024-25
2026-08-10,2026-08-17,41025,Harney County,Oregon,OR,quiet,0.000812,2043,28,501+,0.2,0.002304,1964,29,501+,0.37,0.05008,0.046348,0,0,0,,0.899,2024-25
2026-08-10,2026-08-17,51610,Falls Church City,Virginia,VA,quiet,0.000811,2044,77,501+,0.2,0.002131,2087,70,501+,0.34,0.049995,0.041414,0,0,0,,0.961,2024-25
2026-08-10,2026-08-17,19005,Allamakee County,Iowa,IA,quiet,0.000811,2045,62,501+,0.2,0.002016,2166,55,501+,0.32,0.04998,0.038188,0,0,0,,0.88780488,2024-25
2026-08-10,2026-08-17,30003,Big Horn County,Montana,MT,quiet,0.000811,2046,29,501+,0.2,0.00242,1880,26,501+,0.38,0.049979,0.049748,0,0,0,,,
2026-08-10,2026-08-17,40025,Cimarron County,Oklahoma,OK,quiet,0.000809,2047,35,501+,0.2,0.002733,1687,35,501+,0.43,0.04987,0.0592,0,0,0,,0.5,2024-25
2026-08-10,2026-08-17,27115,Pine County,Minnesota,MN,quiet,0.000809,2048,71,501+,0.2,0.002282,1985,65,501+,0.36,0.049866,0.04572,0,0,0,,0.844,2024-25
2026-08-10,2026-08-17,31047,Dawson County,Nebraska,NE,quiet,0.000808,2049,28,501+,0.2,0.003354,1427,13,501+,0.53,0.049746,0.078973,0,0,0,,0.976253298,2024-25
2026-08-10,2026-08-17,30071,Phillips County,Montana,MT,quiet,0.000807,2050,30,501+,0.2,0.002098,2107,33,501+,0.33,0.049724,0.040488,0,0,0,,,
2026-08-10,2026-08-17,51167,Russell County,Virginia,VA,quiet,0.000807,2051,78,501+,0.2,0.001068,2866,110,501+,0.17,0.049713,0.014991,0,0,0,,0.938,2024-25
2026-08-10,2026-08-17,30089,Sanders County,Montana,MT,quiet,0.000806,2052,31,501+,0.2,0.003665,1323,17,501+,0.58,0.049653,0.089304,0,0,0,,,
2026-08-10,2026-08-17,51099,King George County,Virginia,VA,quiet,0.000805,2053,79,501+,0.2,0.002272,1992,63,501+,0.36,0.049599,0.045417,0,0,0,,0.898,2024-25
2026-08-10,2026-08-17,20135,Ness County,Kansas,KS,quiet,0.000805,2054,60,501+,0.2,0.002524,1827,48,501+,0.4,0.049596,0.052841,0,0,0,,0.7356,2024-25
2026-08-10,2026-08-17,20027,Clay County,Kansas,KS,quiet,0.000805,2055,61,501+,0.2,0.002332,1942,56,501+,0.37,0.049561,0.047145,0,0,0,,0.9543,2024-25
2026-08-10,2026-08-17,37175,Transylvania County,North Carolina,NC,quiet,0.000805,2056,69,501+,0.2,0.003247,1471,56,501+,0.51,0.049554,0.075498,0,0,0,,0.84532374,2024-25
2026-08-10,2026-08-17,17193,White County,Illinois,IL,quiet,0.000804,2057,80,501+,0.2,0.000686,3058,100,501+,0.11,0.049486,0.007738,0,0,0,,0.988,2024-25
2026-08-10,2026-08-17,27073,Lac qui Parle County,Minnesota,MN,quiet,0.000803,2058,72,501+,0.2,0.003138,1513,46,501+,0.5,0.04944,0.071966,0,0,0,,0.84,2024-25
2026-08-10,2026-08-17,01091,Marengo County,Alabama,AL,quiet,0.000803,2059,33,501+,0.2,0.001652,2439,41,501+,0.26,0.049436,0.028558,0,0,0,,0.9469,2024-25
2026-08-10,2026-08-17,28071,Lafayette County,Mississippi,MS,quiet,0.000802,2060,21,501+,0.2,0.001709,2392,30,501+,0.27,0.04937,0.030022,0,0,0,,0.9801,2024-25
2026-08-10,2026-08-17,41001,Baker County,Oregon,OR,quiet,0.000802,2061,29,501+,0.2,0.002658,1735,27,501+,0.42,0.049358,0.056883,0,0,0,,0.819,2024-25
2026-08-10,2026-08-17,20197,Wabaunsee County,Kansas,KS,quiet,0.000801,2062,62,501+,0.2,0.002822,1639,35,501+,0.45,0.04932,0.061933,0,0,0,,0.7585,2024-25
2026-08-10,2026-08-17,21217,Taylor County,Kentucky,KY,quiet,0.0008,2063,51,501+,0.2,0.002125,2095,45,501+,0.34,0.049234,0.041223,0,0,0,,0.832,2024-25
2026-08-10,2026-08-17,46115,Spink County,South Dakota,SD,quiet,0.0008,2064,33,501+,0.2,0.003272,1461,21,501+,0.52,0.049184,0.076297,0,0,0,,0.85,2024-25
2026-08-10,2026-08-17,47115,Marion County,Tennessee,TN,quiet,0.000798,2065,60,501+,0.2,0.001483,2571,73,501+,0.24,0.049101,0.024371,0,0,0,,0.953,2024-25
2026-08-10,2026-08-17,20075,Hamilton County,Kansas,KS,quiet,0.000798,2066,63,501+,0.2,0.002803,1650,37,501+,0.44,0.049083,0.06134,0,0,0,,0.9286,2024-25
2026-08-10,2026-08-17,20011,Bourbon County,Kansas,KS,quiet,0.000798,2067,64,501+,0.2,0.002087,2115,69,501+,0.33,0.049053,0.040167,0,0,0,,0.9463,2024-25
2026-08-10,2026-08-17,17137,Morgan County,Illinois,IL,quiet,0.000797,2068,81,501+,0.2,0.001428,2614,80,501+,0.23,0.049028,0.02304,0,0,0,,0.978,2024-25
2026-08-10,2026-08-17,51185,Tazewell County,Virginia,VA,quiet,0.000797,2069,80,501+,0.2,0.001817,2319,81,501+,0.29,0.049016,0.032835,0,0,0,,0.858,2024-25
2026-08-10,2026-08-17,46045,Edmunds County,South Dakota,SD,quiet,0.000797,2070,34,501+,0.2,0.00344,1394,18,501+,0.54,0.048996,0.081801,0,0,1,7,0.77,2024-25
2026-08-10,2026-08-17,13173,Lanier County,Georgia,GA,quiet,0.000795,2071,55,501+,0.19,0.001414,2623,117,501+,0.22,0.048866,0.022706,0,0,0,,,
2026-08-10,2026-08-17,01049,DeKalb County,Alabama,AL,quiet,0.000794,2072,34,501+,0.19,0.002924,1593,19,501+,0.46,0.048824,0.065135,0,0,0,,0.9273,2024-25
2026-08-10,2026-08-17,21175,Morgan County,Kentucky,KY,quiet,0.000794,2073,52,501+,0.19,0.001355,2658,73,501+,0.21,0.048817,0.021328,0,0,0,,0.95,2024-25
2026-08-10,2026-08-17,46065,Hughes County,South Dakota,SD,quiet,0.000794,2074,35,501+,0.19,0.002543,1815,29,501+,0.4,0.04878,0.053399,0,0,0,,0.94,2024-25
2026-08-10,2026-08-17,47109,McNairy County,Tennessee,TN,quiet,0.000793,2075,61,501+,0.19,0.001536,2535,71,501+,0.24,0.048734,0.025665,0,0,0,,0.925,2024-25
2026-08-10,2026-08-17,01071,Jackson County,Alabama,AL,quiet,0.000793,2076,35,501+,0.19,0.002495,1843,26,501+,0.4,0.048701,0.051958,0,0,0,,0.9354,2024-25
2026-08-10,2026-08-17,22011,Beauregard Parish,Louisiana,LA,quiet,0.000792,2077,33,501+,0.19,0.00337,1422,17,501+,0.53,0.048663,0.079524,0,0,0,,0.8971,2024-25
2026-08-10,2026-08-17,28113,Pike County,Mississippi,MS,quiet,0.000791,2078,22,501+,0.19,0.002568,1806,12,501+,0.41,0.048618,0.05415,0,0,0,,0.9808,2024-25
2026-08-10,2026-08-17,37193,Wilkes County,North Carolina,NC,quiet,0.000791,2079,70,501+,0.19,0.00165,2443,84,501+,0.26,0.048611,0.028498,0,0,0,,0.95524691,2024-25
2026-08-10,2026-08-17,19147,Palo Alto County,Iowa,IA,quiet,0.000787,2080,63,501+,0.19,0.001808,2328,63,501+,0.29,0.048327,0.032596,0,0,0,,0.94444444,2024-25
2026-08-10,2026-08-17,29181,Ripley County,Missouri,MO,quiet,0.000787,2081,77,501+,0.19,0.001763,2356,92,501+,0.28,0.048326,0.031401,0,0,0,,0.876,2024-25
2026-08-10,2026-08-17,21183,Ohio County,Kentucky,KY,quiet,0.000787,2082,53,501+,0.19,0.001922,2237,51,501+,0.3,0.04829,0.035628,0,0,0,,0.789,2024-25
2026-08-10,2026-08-17,31173,Thurston County,Nebraska,NE,quiet,0.000787,2083,29,501+,0.19,0.001926,2232,40,501+,0.31,0.048274,0.035736,0,0,0,,0.903225806,2024-25
2026-08-10,2026-08-17,46031,Corson County,South Dakota,SD,quiet,0.000786,2084,36,501+,0.19,0.002217,2029,34,501+,0.35,0.048263,0.043848,0,0,0,,0.87,2024-25
2026-08-10,2026-08-17,47075,Haywood County,Tennessee,TN,quiet,0.000785,2085,62,501+,0.19,0.002088,2114,58,501+,0.33,0.048178,0.040202,0,0,0,,0.955,2024-25
2026-08-10,2026-08-17,51143,Pittsylvania County,Virginia,VA,quiet,0.000785,2086,81,501+,0.19,0.002322,1951,62,501+,0.37,0.048163,0.046855,0,0,0,,0.89,2024-25
2026-08-10,2026-08-17,26053,Gogebic County,Michigan,MI,quiet,0.000785,2087,72,501+,0.19,0.001758,2361,75,501+,0.28,0.048158,0.031271,0,0,0,,0.86138614,2024-25
2026-08-10,2026-08-17,31121,Merrick County,Nebraska,NE,quiet,0.000785,2088,30,501+,0.19,0.002653,1739,22,501+,0.42,0.048137,0.056731,0,0,0,,0.973333333,2024-25
2026-08-10,2026-08-17,29001,Adair County,Missouri,MO,quiet,0.000785,2089,78,501+,0.19,0.002068,2128,81,501+,0.33,0.048134,0.039627,0,0,0,,0.944,2024-25
2026-08-10,2026-08-17,48123,DeWitt County,Texas,TX,quiet,0.000784,2090,181,501+,0.19,0.002212,2036,202,501+,0.35,0.048116,0.043689,0,0,0,,0.951872,2024-25
2026-08-10,2026-08-17,48495,Winkler County,Texas,TX,quiet,0.000783,2091,182,501+,0.19,0.003336,1436,157,501+,0.53,0.04805,0.078381,0,0,0,,0.991803,2024-25
2026-08-10,2026-08-17,13219,Oconee County,Georgia,GA,quiet,0.000782,2092,56,501+,0.19,0.001839,2305,80,501+,0.29,0.047926,0.033416,0,0,0,,,
2026-08-10,2026-08-17,29221,Washington County,Missouri,MO,quiet,0.000779,2093,79,501+,0.19,0.00296,1579,58,501+,0.47,0.047764,0.066277,0,0,0,,0.9,2024-25
2026-08-10,2026-08-17,13033,Burke County,Georgia,GA,quiet,0.000779,2094,57,501+,0.19,0.001733,2381,89,501+,0.27,0.047716,0.030621,0,0,0,,,
2026-08-10,2026-08-17,40007,Beaver County,Oklahoma,OK,quiet,0.000778,2095,36,501+,0.19,0.00302,1558,30,501+,0.48,0.047656,0.068195,0,0,0,,0.8519,2024-25
2026-08-10,2026-08-17,27165,Watonwan County,Minnesota,MN,quiet,0.000778,2096,73,501+,0.19,0.003392,1414,44,501+,0.54,0.047647,0.080223,0,0,0,,0.95,2024-25
2026-08-10,2026-08-17,54019,Fayette County,West Virginia,WV,quiet,0.000777,2097,34,501+,0.19,0.003166,1500,23,501+,0.5,0.047585,0.072871,0,0,0,,,
2026-08-10,2026-08-17,19161,Sac County,Iowa,IA,quiet,0.000776,2098,64,501+,0.19,0.002091,2111,52,501+,0.33,0.047531,0.040284,0,0,0,,0.93457944,2024-25
2026-08-10,2026-08-17,31013,Box Butte County,Nebraska,NE,quiet,0.000776,2099,31,501+,0.19,0.004091,1174,6,501+,0.65,0.047506,0.103819,0,0,0,,0.894308943,2024-25
2026-08-10,2026-08-17,37043,Clay County,North Carolina,NC,quiet,0.000775,2100,71,501+,0.19,0.002696,1714,64,501+,0.43,0.047451,0.058046,0,0,0,,0.87619048,2024-25
2026-08-10,2026-08-17,20107,Linn County,Kansas,KS,quiet,0.000774,2101,65,501+,0.19,0.002502,1835,50,501+,0.4,0.047402,0.052184,0,0,0,,0.8659,2024-25
2026-08-10,2026-08-17,27167,Wilkin County,Minnesota,MN,quiet,0.000773,2102,74,501+,0.19,0.001637,2452,80,501+,0.26,0.04734,0.028176,0,0,0,,0.942,2024-25
2026-08-10,2026-08-17,01111,Randolph County,Alabama,AL,quiet,0.000773,2103,36,501+,0.19,0.002177,2053,35,501+,0.34,0.047319,0.042707,0,0,0,,0.9667,2024-25
2026-08-10,2026-08-17,38049,McHenry County,North Dakota,ND,quiet,0.000773,2104,29,501+,0.19,0.001425,2617,39,501+,0.23,0.04731,0.022964,0,0,0,,0.7619,2024-25
2026-08-10,2026-08-17,02016,Aleutians West Census Area,Alaska,AK,quiet,0.000773,2105,14,501+,0.19,0.002005,2174,14,501+,0.32,0.047302,0.037895,0,0,0,,,
2026-08-10,2026-08-17,18115,Ohio County,Indiana,IN,quiet,0.000772,2106,86,501+,0.19,0.002816,1641,76,501+,0.45,0.047281,0.061748,0,0,0,,0.8529,2024-25
2026-08-10,2026-08-17,37039,Cherokee County,North Carolina,NC,quiet,0.000772,2107,72,501+,0.19,0.001843,2301,82,501+,0.29,0.047231,0.033525,0,0,0,,0.86666667,2024-25
2026-08-10,2026-08-17,28131,Stone County,Mississippi,MS,quiet,0.000771,2108,23,501+,0.19,0.002029,2157,21,501+,0.32,0.047223,0.038556,0,0,0,,0.9808,2024-25
2026-08-10,2026-08-17,45087,Union County,South Carolina,SC,quiet,0.00077,2109,37,501+,0.19,0.002288,1977,35,501+,0.36,0.047103,0.045892,0,0,0,,0.964,2024-25
2026-08-10,2026-08-17,28159,Winston County,Mississippi,MS,quiet,0.000768,2110,24,501+,0.19,0.001999,2180,22,501+,0.32,0.046985,0.037717,0,0,0,,0.9643,2024-25
2026-08-10,2026-08-17,40091,McIntosh County,Oklahoma,OK,quiet,0.000768,2111,37,501+,0.19,0.001993,2185,55,501+,0.32,0.046974,0.037565,0,0,0,,0.9213,2024-25
2026-08-10,2026-08-17,20153,Rawlins County,Kansas,KS,quiet,0.000767,2112,66,501+,0.19,0.002468,1854,53,501+,0.39,0.046937,0.051175,0,0,0,,0.6733,2024-25
2026-08-10,2026-08-17,29057,Dade County,Missouri,MO,quiet,0.000767,2113,80,501+,0.19,0.003445,1392,44,501+,0.55,0.046923,0.081998,0,0,0,,0.907,2024-25
2026-08-10,2026-08-17,20063,Gove County,Kansas,KS,quiet,0.000767,2114,67,501+,0.19,0.001242,2749,93,501+,0.2,0.046887,0.018756,0,0,0,,0.8037,2024-25
2026-08-10,2026-08-17,46081,Lawrence County,South Dakota,SD,quiet,0.000766,2115,37,501+,0.19,0.003946,1219,14,501+,0.63,0.046823,0.098838,0,0,0,,0.93,2024-25
2026-08-10,2026-08-17,05015,Carroll County,Arkansas,AR,quiet,0.000765,2116,26,501+,0.19,0.001929,2229,39,501+,0.31,0.046763,0.035811,0,0,0,,,
2026-08-10,2026-08-17,05027,Columbia County,Arkansas,AR,quiet,0.000764,2117,27,501+,0.19,0.001422,2618,62,501+,0.23,0.046735,0.022907,0,0,0,,,
2026-08-10,2026-08-17,05031,Craighead County,Arkansas,AR,quiet,0.000764,2118,28,501+,0.19,0.003132,1519,18,501+,0.5,0.046673,0.071753,0,0,0,,,
2026-08-10,2026-08-17,32027,Pershing County,Nevada,NV,quiet,0.000763,2119,13,501+,0.19,0.002634,1757,12,501+,0.42,0.046617,0.056146,0,0,0,,0.78,2024-25
2026-08-10,2026-08-17,22113,Vermilion Parish,Louisiana,LA,quiet,0.000762,2120,34,501+,0.19,0.002716,1697,20,501+,0.43,0.046587,0.05868,0,0,0,,0.9199,2024-25
2026-08-10,2026-08-17,38031,Foster County,North Dakota,ND,quiet,0.000762,2121,30,501+,0.19,0.001425,2616,38,501+,0.23,0.046538,0.022965,0,0,0,,0.9216,2024-25
2026-08-10,2026-08-17,18161,Union County,Indiana,IN,quiet,0.00076,2122,87,501+,0.19,0.001949,2219,86,501+,0.31,0.046388,0.036353,0,0,0,,0.9802,2024-25
2026-08-10,2026-08-17,37033,Caswell County,North Carolina,NC,quiet,0.000758,2123,73,501+,0.19,0.001846,2300,81,501+,0.29,0.04631,0.033604,0,0,0,,0.95266272,2024-25
2026-08-10,2026-08-17,32021,Mineral County,Nevada,NV,quiet,0.000758,2124,14,501+,0.19,0.002018,2164,14,501+,0.32,0.046291,0.038253,0,0,0,,0.973,2024-25
2026-08-10,2026-08-17,16033,Clark County,Idaho,ID,quiet,0.000758,2125,40,501+,0.19,0.001892,2261,41,501+,0.3,0.046275,0.034836,0,0,0,,0.5,2024-25
2026-08-10,2026-08-17,40015,Caddo County,Oklahoma,OK,quiet,0.000758,2126,38,501+,0.19,0.00223,2021,49,501+,0.35,0.04626,0.044215,0,0,0,,0.8093,2024-25
2026-08-10,2026-08-17,31069,Garden County,Nebraska,NE,quiet,0.000758,2127,32,501+,0.19,0.001146,2815,73,501+,0.18,0.046252,0.016628,0,0,0,,0.636363636,2024-25
2026-08-10,2026-08-17,53047,Okanogan County,Washington,WA,quiet,0.000757,2128,35,501+,0.19,0.0037,1310,30,501+,0.59,0.046185,0.090498,0,0,0,,0.892,2024-25
2026-08-10,2026-08-17,27071,Koochiching County,Minnesota,MN,quiet,0.000756,2129,75,501+,0.19,0.001865,2283,76,501+,0.3,0.046168,0.034095,0,0,0,,0.86,2024-25
2026-08-10,2026-08-17,48127,Dimmit County,Texas,TX,quiet,0.000755,2130,183,501+,0.18,0.00207,2126,207,501+,0.33,0.046082,0.039687,0,0,0,,0.992,2024-25
2026-08-10,2026-08-17,35006,Cibola County,New Mexico,NM,quiet,0.000754,2131,22,501+,0.18,0.003019,1559,16,501+,0.48,0.046033,0.068139,0,0,0,,0.9235,2024-25
2026-08-10,2026-08-17,54085,Ritchie County,West Virginia,WV,quiet,0.000754,2132,35,501+,0.18,0.001084,2854,45,501+,0.17,0.046011,0.015321,0,0,0,,,
2026-08-10,2026-08-17,21149,McLean County,Kentucky,KY,quiet,0.000754,2133,54,501+,0.18,0.00176,2357,61,501+,0.28,0.045991,0.03133,0,0,0,,0.96875,2024-25
2026-08-10,2026-08-17,54025,Greenbrier County,West Virginia,WV,quiet,0.000754,2134,36,501+,0.18,0.001671,2424,35,501+,0.26,0.045982,0.029032,0,0,0,,,
2026-08-10,2026-08-17,13049,Charlton County,Georgia,GA,quiet,0.000753,2135,58,501+,0.18,0.003581,1349,36,501+,0.57,0.045937,0.086504,0,0,0,,,
2026-08-10,2026-08-17,19151,Pocahontas County,Iowa,IA,quiet,0.000752,2136,65,501+,0.18,0.001708,2393,66,501+,0.27,0.045867,0.029976,0,0,0,,0.8358209,2024-25
2026-08-10,2026-08-17,01013,Butler County,Alabama,AL,quiet,0.000751,2137,37,501+,0.18,0.002085,2117,36,501+,0.33,0.045794,0.040122,0,0,0,,0.9304,2024-25
2026-08-10,2026-08-17,30061,Mineral County,Montana,MT,quiet,0.000751,2138,32,501+,0.18,0.002091,2112,34,501+,0.33,0.045761,0.040278,0,0,0,,,
2026-08-10,2026-08-17,17005,Bond County,Illinois,IL,quiet,0.00075,2139,82,501+,0.18,0.001425,2615,81,501+,0.23,0.045703,0.022976,0,0,0,,0.985,2024-25
2026-08-10,2026-08-17,21097,Harrison County,Kentucky,KY,quiet,0.000748,2140,55,501+,0.18,0.00231,1959,42,501+,0.37,0.04561,0.046527,0,0,0,,0.917,2024-25
2026-08-10,2026-08-17,46053,Gregory County,South Dakota,SD,quiet,0.000747,2141,38,501+,0.18,0.002533,1822,30,501+,0.4,0.045533,0.053117,0,0,0,,0.87,2024-25
2026-08-10,2026-08-17,51540,Charlottesville City,Virginia,VA,quiet,0.000747,2142,82,501+,0.18,0.001468,2582,92,501+,0.23,0.045501,0.024013,0,0,0,,0.867,2024-25
2026-08-10,2026-08-17,19077,Guthrie County,Iowa,IA,quiet,0.000746,2143,66,501+,0.18,0.001696,2403,68,501+,0.27,0.045473,0.02967,0,0,0,,0.8375,2024-25
2026-08-10,2026-08-17,13231,Pike County,Georgia,GA,quiet,0.000746,2144,59,501+,0.18,0.002803,1648,45,501+,0.44,0.045457,0.061363,0,0,0,,,
2026-08-10,2026-08-17,22001,Acadia Parish,Louisiana,LA,quiet,0.000746,2145,35,501+,0.18,0.002084,2119,29,501+,0.33,0.045422,0.040095,0,0,0,,0.8769,2024-25
2026-08-10,2026-08-17,22049,Jackson Parish,Louisiana,LA,quiet,0.000746,2146,36,501+,0.18,0.001516,2545,46,501+,0.24,0.045416,0.025169,0,0,0,,0.9604,2024-25
2026-08-10,2026-08-17,05103,Ouachita County,Arkansas,AR,quiet,0.000745,2147,29,501+,0.18,0.001494,2562,57,501+,0.24,0.045398,0.024625,0,0,0,,,
2026-08-10,2026-08-17,41063,Wallowa County,Oregon,OR,quiet,0.000745,2148,30,501+,0.18,0.002226,2025,30,501+,0.35,0.045385,0.044098,0,0,0,,0.857,2024-25
2026-08-10,2026-08-17,48011,Armstrong County,Texas,TX,quiet,0.000745,2149,184,501+,0.18,0.002128,2092,205,501+,0.34,0.04538,0.041323,0,0,0,,0.923077,2024-25
2026-08-10,2026-08-17,13053,Chattahoochee County,Georgia,GA,quiet,0.000745,2150,60,501+,0.18,0.004585,1051,24,501+,0.73,0.045354,0.121024,0,0,0,,,
2026-08-10,2026-08-17,21045,Casey County,Kentucky,KY,quiet,0.000744,2151,56,501+,0.18,0.001811,2326,58,501+,0.29,0.045318,0.032661,0,0,0,,0.901,2024-25
2026-08-10,2026-08-17,05093,Mississippi County,Arkansas,AR,quiet,0.000741,2152,30,501+,0.18,0.002464,1856,28,501+,0.39,0.045088,0.051054,0,0,0,,,
2026-08-10,2026-08-17,18155,Switzerland County,Indiana,IN,quiet,0.000738,2153,88,501+,0.18,0.00305,1548,72,501+,0.48,0.044888,0.069137,0,0,0,,0.9554,2024-25
2026-08-10,2026-08-17,47049,Fentress County,Tennessee,TN,quiet,0.000738,2154,63,501+,0.18,0.001264,2733,81,501+,0.2,0.044887,0.019234,0,0,0,,0.895,2024-25
2026-08-10,2026-08-17,31129,Nuckolls County,Nebraska,NE,quiet,0.000738,2155,33,501+,0.18,0.001334,2680,65,501+,0.21,0.044877,0.020848,0,0,0,,0.917647059,2024-25
2026-08-10,2026-08-17,48421,Sherman County,Texas,TX,quiet,0.000738,2156,185,501+,0.18,0.003547,1357,149,501+,0.56,0.044868,0.085374,0,0,0,,0.925926,2024-25
2026-08-10,2026-08-17,46097,Miner County,South Dakota,SD,quiet,0.000737,2157,39,501+,0.18,0.002247,2015,33,501+,0.36,0.044853,0.044707,0,0,0,,0.87,2024-25
2026-08-10,2026-08-17,47121,Meigs County,Tennessee,TN,quiet,0.000737,2158,64,501+,0.18,0.001908,2245,61,501+,0.3,0.044832,0.035258,0,0,0,,0.94,2024-25
2026-08-10,2026-08-17,45009,Bamberg County,South Carolina,SC,quiet,0.000736,2159,38,501+,0.18,0.002413,1882,33,501+,0.38,0.044749,0.049535,0,0,0,,0.977,2024-25
2026-08-10,2026-08-17,21077,Gallatin County,Kentucky,KY,quiet,0.000736,2160,57,501+,0.18,0.00168,2418,64,501+,0.27,0.04472,0.029276,0,0,0,,0.945,2024-25
2026-08-10,2026-08-17,19069,Franklin County,Iowa,IA,quiet,0.000735,2161,67,501+,0.18,0.002358,1923,34,501+,0.37,0.044666,0.047929,0,0,0,,0.94897959,2024-25
2026-08-10,2026-08-17,51127,New Kent County,Virginia,VA,quiet,0.000734,2162,83,501+,0.18,0.001323,2689,98,501+,0.21,0.044629,0.020589,0,0,0,,0.922,2024-25
2026-08-10,2026-08-17,18007,Benton County,Indiana,IN,quiet,0.000734,2163,89,501+,0.18,0.00193,2228,88,501+,0.31,0.044627,0.035842,0,0,0,,0.9906,2024-25
2026-08-10,2026-08-17,21001,Adair County,Kentucky,KY,quiet,0.000734,2164,58,501+,0.18,0.002822,1638,27,501+,0.45,0.04459,0.061944,0,0,0,,0.929,2024-25
2026-08-10,2026-08-17,21089,Greenup County,Kentucky,KY,quiet,0.000734,2165,59,501+,0.18,0.001848,2298,55,501+,0.29,0.044586,0.033638,0,0,0,,0.93663912,2024-25
2026-08-10,2026-08-17,46039,Deuel County,South Dakota,SD,quiet,0.000733,2166,40,501+,0.18,0.002201,2042,36,501+,0.35,0.044555,0.043369,0,0,0,,0.89,2024-25
2026-08-10,2026-08-17,28161,Yalobusha County,Mississippi,MS,quiet,0.000733,2167,25,501+,0.18,0.002174,2054,17,501+,0.34,0.044516,0.042614,0,0,0,,0.963,2024-25
2026-08-10,2026-08-17,48351,Newton County,Texas,TX,quiet,0.000732,2168,186,501+,0.18,0.003096,1533,162,501+,0.49,0.044502,0.070625,0,0,0,,0.929204,2024-25
2026-08-10,2026-08-17,40101,Muskogee County,Oklahoma,OK,quiet,0.000732,2169,39,501+,0.18,0.002346,1934,45,501+,0.37,0.044446,0.047564,0,0,0,,0.8816,2024-25
2026-08-10,2026-08-17,39163,Vinton County,Ohio,OH,quiet,0.000731,2170,80,501+,0.18,0.00149,2567,84,501+,0.24,0.044419,0.024534,0,0,0,,0.902,2024-25
2026-08-10,2026-08-17,53069,Wahkiakum County,Washington,WA,quiet,0.00073,2171,36,501+,0.18,0.003923,1227,28,501+,0.62,0.04434,0.098067,0,0,0,,0.955,2024-25
2026-08-10,2026-08-17,37103,Jones County,North Carolina,NC,quiet,0.00073,2172,74,501+,0.18,0.003414,1405,53,501+,0.54,0.044338,0.080967,0,0,0,,0.95652174,2024-25
2026-08-10,2026-08-17,28067,Jones County,Mississippi,MS,quiet,0.000729,2173,26,501+,0.18,0.001564,2507,35,501+,0.25,0.04428,0.02636,0,0,0,,0.9667,2024-25
2026-08-10,2026-08-17,51125,Nelson County,Virginia,VA,quiet,0.000728,2174,84,501+,0.18,0.002698,1712,54,501+,0.43,0.044179,0.058118,0,0,0,,0.854,2024-25
2026-08-10,2026-08-17,21081,Grant County,Kentucky,KY,quiet,0.000728,2175,60,501+,0.18,0.001387,2638,72,501+,0.22,0.044161,0.022076,0,0,0,,0.956,2024-25
2026-08-10,2026-08-17,21011,Bath County,Kentucky,KY,quiet,0.000727,2176,61,501+,0.18,0.001296,2710,76,501+,0.21,0.04414,0.019974,0,0,0,,0.858,2024-25
2026-08-10,2026-08-17,20117,Marshall County,Kansas,KS,quiet,0.000727,2177,68,501+,0.18,0.001759,2359,81,501+,0.28,0.044124,0.031305,0,0,0,,0.8843,2024-25
2026-08-10,2026-08-17,40085,Love County,Oklahoma,OK,quiet,0.000725,2178,40,501+,0.18,0.001977,2196,56,501+,0.31,0.044014,0.037124,0,0,0,,0.6842,2024-25
2026-08-10,2026-08-17,31127,Nemaha County,Nebraska,NE,quiet,0.000725,2179,34,501+,0.18,0.001743,2372,52,501+,0.28,0.043983,0.030889,0,0,0,,0.884615385,2024-25
2026-08-10,2026-08-17,02195,Petersburg Borough,Alaska,AK,quiet,0.000723,2180,15,501+,0.18,0.002278,1988,12,501+,0.36,0.043859,0.045601,0,0,0,,,
2026-08-10,2026-08-17,48235,Irion County,Texas,TX,quiet,0.000723,2181,187,501+,0.18,0.001678,2419,218,501+,0.27,0.043821,0.029215,0,0,0,,0.652174,2024-25
2026-08-10,2026-08-17,17025,Clay County,Illinois,IL,quiet,0.000722,2182,83,501+,0.18,0.001505,2552,75,501+,0.24,0.043805,0.024896,0,0,0,,0.979,2024-25
2026-08-10,2026-08-17,21157,Marshall County,Kentucky,KY,quiet,0.000722,2183,62,501+,0.18,0.001456,2590,69,501+,0.23,0.043802,0.023709,0,0,0,,0.898,2024-25
2026-08-10,2026-08-17,19009,Audubon County,Iowa,IA,quiet,0.000722,2184,68,501+,0.18,0.001329,2683,93,501+,0.21,0.043776,0.020717,0,0,0,,0.83116883,2024-25
2026-08-10,2026-08-17,31179,Wayne County,Nebraska,NE,quiet,0.000722,2185,35,501+,0.18,0.001544,2525,59,501+,0.24,0.043755,0.025844,0,0,0,,0.962264151,2024-25
2026-08-10,2026-08-17,13321,Worth County,Georgia,GA,quiet,0.000721,2186,61,501+,0.18,0.001928,2231,78,501+,0.31,0.043725,0.035789,0,0,0,,,
2026-08-10,2026-08-17,19071,Fremont County,Iowa,IA,quiet,0.000721,2187,69,501+,0.18,0.001365,2651,88,501+,0.22,0.043698,0.021547,0,0,0,,0.8,2024-25
2026-08-10,2026-08-17,37011,Avery County,North Carolina,NC,quiet,0.000721,2188,75,501+,0.18,0.001432,2608,88,501+,0.23,0.04369,0.023148,0,0,0,,0.8951049,2024-25
2026-08-10,2026-08-17,35003,Catron County,New Mexico,NM,quiet,0.00072,2189,23,501+,0.18,0.002047,2147,25,501+,0.32,0.043655,0.039064,0,0,0,,0.5,2024-25
2026-08-10,2026-08-17,28141,Tishomingo County,Mississippi,MS,quiet,0.000719,2190,27,501+,0.18,0.00151,2550,36,501+,0.24,0.043597,0.025014,0,0,0,,0.9583,2024-25
2026-08-10,2026-08-17,39137,Putnam County,Ohio,OH,quiet,0.000719,2191,81,501+,0.18,0.001616,2464,83,501+,0.26,0.043585,0.027642,0,0,0,,0.937,2024-25
2026-08-10,2026-08-17,16087,Washington County,Idaho,ID,quiet,0.000718,2192,41,501+,0.18,0.002144,2078,39,501+,0.34,0.043526,0.041771,0,0,0,,0.79,2024-25
2026-08-10,2026-08-17,22031,De Soto Parish,Louisiana,LA,quiet,0.000718,2193,37,501+,0.18,0.001734,2379,36,501+,0.27,0.043503,0.030651,0,0,0,,0.9169,2024-25
2026-08-10,2026-08-17,05089,Marion County,Arkansas,AR,quiet,0.000717,2194,31,501+,0.18,0.002443,1867,30,501+,0.39,0.043446,0.050425,0,0,0,,,
2026-08-10,2026-08-17,13023,Bleckley County,Georgia,GA,quiet,0.000717,2195,62,501+,0.18,0.001739,2375,87,501+,0.28,0.043426,0.030776,0,0,0,,,
2026-08-10,2026-08-17,20141,Osborne County,Kansas,KS,quiet,0.000717,2196,69,501+,0.18,0.00118,2789,95,501+,0.19,0.04341,0.017374,0,0,0,,0.695,2024-25
2026-08-10,2026-08-17,29151,Osage County,Missouri,MO,quiet,0.000715,2197,81,501+,0.18,0.001534,2537,105,501+,0.24,0.043311,0.025599,0,0,0,,0.919,2024-25
2026-08-10,2026-08-17,46003,Aurora County,South Dakota,SD,quiet,0.000715,2198,41,501+,0.18,0.001675,2421,49,501+,0.27,0.043276,0.029151,0,0,0,,0.89,2024-25
2026-08-10,2026-08-17,31157,Scotts Bluff County,Nebraska,NE,quiet,0.000715,2199,36,501+,0.17,0.002649,1744,23,501+,0.42,0.04326,0.056619,0,0,0,,0.901960784,2024-25
2026-08-10,2026-08-17,51660,Harrisonburg City,Virginia,VA,quiet,0.000713,2200,85,501+,0.17,0.002995,1566,46,501+,0.47,0.043164,0.067385,0,0,0,,0.884,2024-25
2026-08-10,2026-08-17,29171,Putnam County,Missouri,MO,quiet,0.000713,2201,82,501+,0.17,0.002526,1825,71,501+,0.4,0.04313,0.052885,0,0,0,,0.913,2024-25
2026-08-10,2026-08-17,12093,Okeechobee County,Florida,FL,quiet,0.000712,2202,52,501+,0.17,0.001796,2337,58,501+,0.28,0.0431,0.032264,0,0,0,,0.938,2024-25
2026-08-10,2026-08-17,37173,Swain County,North Carolina,NC,quiet,0.000711,2203,76,501+,0.17,0.001893,2257,80,501+,0.3,0.043019,0.034863,0,0,0,,0.97484277,2024-25
2026-08-10,2026-08-17,48241,Jasper County,Texas,TX,quiet,0.000707,2204,188,501+,0.17,0.002146,2075,204,501+,0.34,0.042773,0.041827,0,0,0,,0.905914,2024-25
2026-08-10,2026-08-17,12045,Gulf County,Florida,FL,quiet,0.000706,2205,53,501+,0.17,0.002038,2153,54,501+,0.32,0.042698,0.038794,0,0,0,,0.945,2024-25
2026-08-10,2026-08-17,29127,Marion County,Missouri,MO,quiet,0.000705,2206,83,501+,0.17,0.00148,2573,106,501+,0.23,0.042627,0.024293,0,0,0,,0.942,2024-25
2026-08-10,2026-08-17,47039,Decatur County,Tennessee,TN,quiet,0.000705,2207,65,501+,0.17,0.002063,2131,59,501+,0.33,0.042605,0.0395,0,0,0,,0.881,2024-25
2026-08-10,2026-08-17,05023,Cleburne County,Arkansas,AR,quiet,0.000704,2208,32,501+,0.17,0.002537,1819,27,501+,0.4,0.042543,0.05322,0,0,0,,,
2026-08-10,2026-08-17,22087,St. Bernard Parish,Louisiana,LA,quiet,0.000704,2209,38,501+,0.17,0.002029,2158,31,501+,0.32,0.042528,0.038546,0,0,0,,0.9516,2024-25
2026-08-10,2026-08-17,21105,Hickman County,Kentucky,KY,quiet,0.000704,2210,63,501+,0.17,0.002501,1836,35,501+,0.4,0.04252,0.052138,0,0,0,,0.933,2024-25
2026-08-10,2026-08-17,21215,Spencer County,Kentucky,KY,quiet,0.000704,2211,64,501+,0.17,0.002529,1823,34,501+,0.4,0.042519,0.052972,0,0,0,,0.94017094,2024-25
2026-08-10,2026-08-17,19117,Lucas County,Iowa,IA,quiet,0.000703,2212,70,501+,0.17,0.001486,2568,81,501+,0.24,0.042483,0.024427,0,0,0,,0.85555556,2024-25
2026-08-10,2026-08-17,13099,Early County,Georgia,GA,quiet,0.000702,2213,63,501+,0.17,0.001439,2604,115,501+,0.23,0.042388,0.023304,0,0,0,,,
2026-08-10,2026-08-17,29229,Wright County,Missouri,MO,quiet,0.000702,2214,84,501+,0.17,0.001651,2442,100,501+,0.26,0.04238,0.028529,0,0,0,,0.773,2024-25
2026-08-10,2026-08-17,31169,Thayer County,Nebraska,NE,quiet,0.0007,2215,37,501+,0.17,0.002287,1979,30,501+,0.36,0.042242,0.04585,0,0,0,,0.962962963,2024-25
2026-08-10,2026-08-17,05009,Boone County,Arkansas,AR,quiet,0.0007,2216,33,501+,0.17,0.002802,1651,23,501+,0.44,0.042233,0.061321,0,0,0,,,
2026-08-10,2026-08-17,21069,Fleming County,Kentucky,KY,quiet,0.000699,2217,65,501+,0.17,0.001354,2659,74,501+,0.21,0.042207,0.021312,0,0,0,,0.902,2024-25
2026-08-10,2026-08-17,20125,Montgomery County,Kansas,KS,quiet,0.000699,2218,70,501+,0.17,0.002216,2032,62,501+,0.35,0.042197,0.04381,0,0,0,,0.9522,2024-25
2026-08-10,2026-08-17,56001,Albany County,Wyoming,WY,quiet,0.000699,2219,20,501+,0.17,0.003423,1400,18,501+,0.54,0.042162,0.081266,0,0,0,,0.94,2022-23
2026-08-10,2026-08-17,21199,Pulaski County,Kentucky,KY,quiet,0.000697,2220,66,501+,0.17,0.001864,2285,53,501+,0.3,0.042032,0.034075,0,0,0,,0.949,2024-25
2026-08-10,2026-08-17,19109,Kossuth County,Iowa,IA,quiet,0.000697,2221,71,501+,0.17,0.001751,2364,65,501+,0.28,0.042024,0.03109,0,0,0,,0.88068182,2024-25
2026-08-10,2026-08-17,38055,McLean County,North Dakota,ND,quiet,0.000696,2222,31,501+,0.17,0.002789,1659,26,501+,0.44,0.041962,0.060924,0,0,0,,0.8242,2024-25
2026-08-10,2026-08-17,39121,Noble County,Ohio,OH,quiet,0.000695,2223,82,501+,0.17,0.005543,865,48,501+,0.88,0.041886,0.155084,0,0,0,,0.941,2024-25
2026-08-10,2026-08-17,37065,Edgecombe County,North Carolina,NC,quiet,0.000694,2224,77,501+,0.17,0.002449,1862,69,501+,0.39,0.041857,0.05059,0,0,0,,0.95429616,2024-25
2026-08-10,2026-08-17,51730,Petersburg City,Virginia,VA,quiet,0.000694,2225,86,501+,0.17,0.001288,2715,99,501+,0.2,0.041806,0.019791,0,0,0,,0.877,2024-25
2026-08-10,2026-08-17,20085,Jackson County,Kansas,KS,quiet,0.000692,2226,71,501+,0.17,0.00203,2155,70,501+,0.32,0.041728,0.038583,0,0,0,,0.843,2024-25
2026-08-10,2026-08-17,19025,Calhoun County,Iowa,IA,quiet,0.000692,2227,72,501+,0.17,0.00184,2304,62,501+,0.29,0.0417,0.03345,0,0,0,,0.84883721,2024-25
2026-08-10,2026-08-17,13169,Jones County,Georgia,GA,quiet,0.000691,2228,64,501+,0.17,0.002015,2167,73,501+,0.32,0.041653,0.038173,0,0,0,,,
2026-08-10,2026-08-17,38037,Grant County,North Dakota,ND,quiet,0.000691,2229,32,501+,0.17,0.002713,1700,27,501+,0.43,0.041637,0.058562,0,0,0,,0.5909,2024-25
2026-08-10,2026-08-17,40097,Mayes County,Oklahoma,OK,quiet,0.000691,2230,41,501+,0.17,0.002697,1713,36,501+,0.43,0.041635,0.058088,0,0,0,,0.9002,2024-25
2026-08-10,2026-08-17,55003,Ashland County,Wisconsin,WI,quiet,0.000689,2231,68,501+,0.17,0.002794,1657,53,501+,0.44,0.041518,0.061065,0,0,0,,0.9,2024-25
2026-08-10,2026-08-17,28111,Perry County,Mississippi,MS,quiet,0.000689,2232,28,501+,0.17,0.001887,2264,27,501+,0.3,0.041477,0.034701,0,0,0,,0.9924,2024-25
2026-08-10,2026-08-17,02290,Yukon-Koyukuk Census Area,Alaska,AK,quiet,0.000689,2233,16,501+,0.17,0.002582,1794,9,501+,0.41,0.041467,0.054587,0,0,0,,,
2026-08-10,2026-08-17,46102,Oglala Lakota County,South Dakota,SD,quiet,0.000688,2234,42,501+,0.17,0.001538,2532,53,501+,0.24,0.041447,0.025702,0,0,0,,0.88,2024-25
2026-08-10,2026-08-17,22111,Union Parish,Louisiana,LA,quiet,0.000688,2235,39,501+,0.17,0.001639,2451,40,501+,0.26,0.041435,0.028218,0,0,0,,0.8772,2024-25
2026-08-10,2026-08-17,19007,Appanoose County,Iowa,IA,quiet,0.000688,2236,73,501+,0.17,0.00145,2595,83,501+,0.23,0.041428,0.023576,0,0,0,,0.83333333,2024-25
2026-08-10,2026-08-17,37189,Watauga County,North Carolina,NC,quiet,0.000686,2237,78,501+,0.17,0.001553,2521,85,501+,0.25,0.041281,0.026089,0,0,0,,0.89634146,2024-25
2026-08-10,2026-08-17,37093,Hoke County,North Carolina,NC,quiet,0.000686,2238,79,501+,0.17,0.002846,1626,61,501+,0.45,0.04128,0.06271,0,0,0,,0.91101056,2024-25
2026-08-10,2026-08-17,46079,Lake County,South Dakota,SD,quiet,0.000686,2239,43,501+,0.17,0.002717,1696,28,501+,0.43,0.041256,0.05869,0,0,0,,0.83,2024-25
2026-08-10,2026-08-17,48425,Somervell County,Texas,TX,quiet,0.000685,2240,189,501+,0.17,0.002605,1778,181,501+,0.41,0.041226,0.055265,0,0,0,,0.895105,2024-25
2026-08-10,2026-08-17,48461,Upton County,Texas,TX,quiet,0.000685,2241,190,501+,0.17,0.002402,1888,191,501+,0.38,0.041224,0.049205,0,0,0,,0.981481,2024-25
2026-08-10,2026-08-17,49007,Carbon County,Utah,UT,quiet,0.000685,2242,27,501+,0.17,0.002645,1749,23,501+,0.42,0.041222,0.056497,0,0,0,,0.875486,2024-25
2026-08-10,2026-08-17,29209,Stone County,Missouri,MO,quiet,0.000684,2243,85,501+,0.17,0.002534,1821,70,501+,0.4,0.041172,0.053143,0,0,0,,0.876,2024-25
2026-08-10,2026-08-17,40123,Pontotoc County,Oklahoma,OK,quiet,0.000684,2244,42,501+,0.17,0.002654,1738,37,501+,0.42,0.04116,0.056758,0,0,0,,0.9313,2024-25
2026-08-10,2026-08-17,13115,Floyd County,Georgia,GA,quiet,0.000684,2245,65,501+,0.17,0.003176,1493,41,501+,0.5,0.041115,0.073197,0,0,0,,,
2026-08-10,2026-08-17,20071,Greeley County,Kansas,KS,quiet,0.000683,2246,72,501+,0.17,0.002714,1699,41,501+,0.43,0.04111,0.058619,0,0,0,,0.8947,2024-25
2026-08-10,2026-08-17,51033,Caroline County,Virginia,VA,quiet,0.000683,2247,87,501+,0.17,0.002025,2161,72,501+,0.32,0.041068,0.038441,0,0,0,,0.893,2024-25
2026-08-10,2026-08-17,51139,Page County,Virginia,VA,quiet,0.000682,2248,88,501+,0.17,0.00227,1994,64,501+,0.36,0.041031,0.045366,0,0,0,,0.966,2024-25
2026-08-10,2026-08-17,40049,Garvin County,Oklahoma,OK,quiet,0.000682,2249,43,501+,0.17,0.002393,1892,43,501+,0.38,0.04102,0.048937,0,0,0,,0.8661,2024-25
2026-08-10,2026-08-17,17109,McDonough County,Illinois,IL,quiet,0.000681,2250,84,501+,0.17,0.001773,2350,70,501+,0.28,0.040966,0.031679,0,0,0,,0.956,2024-25
2026-08-10,2026-08-17,28147,Walthall County,Mississippi,MS,quiet,0.000681,2251,29,501+,0.17,0.001655,2437,33,501+,0.26,0.040945,0.028623,0,0,0,,0.9697,2024-25
2026-08-10,2026-08-17,37197,Yadkin County,North Carolina,NC,quiet,0.000681,2252,80,501+,0.17,0.002334,1941,71,501+,0.37,0.040945,0.04722,0,0,0,,0.95174263,2024-25
2026-08-10,2026-08-17,35047,San Miguel County,New Mexico,NM,quiet,0.00068,2253,24,501+,0.17,0.00285,1623,17,501+,0.45,0.040892,0.062804,0,0,0,,0.9091,2024-25
2026-08-10,2026-08-17,37061,Duplin County,North Carolina,NC,quiet,0.00068,2254,81,501+,0.17,0.002752,1681,63,501+,0.44,0.040881,0.059782,0,0,0,,0.97982346,2024-25
2026-08-10,2026-08-17,27051,Grant County,Minnesota,MN,quiet,0.00068,2255,76,501+,0.17,0.001613,2465,81,501+,0.26,0.040851,0.027565,0,0,0,,0.914,2024-25
2026-08-10,2026-08-17,47129,Morgan County,Tennessee,TN,quiet,0.000679,2256,66,501+,0.17,0.001501,2556,72,501+,0.24,0.040788,0.024791,0,0,0,,0.971,2024-25
2026-08-10,2026-08-17,12007,Bradford County,Florida,FL,quiet,0.000679,2257,54,501+,0.17,0.001108,2830,67,501+,0.18,0.040777,0.015831,0,0,0,,0.949,2024-25
2026-08-10,2026-08-17,13145,Harris County,Georgia,GA,quiet,0.000679,2258,66,501+,0.17,0.001556,2516,102,501+,0.25,0.040775,0.026163,0,0,0,,,
2026-08-10,2026-08-17,06049,Modoc County,California,CA,quiet,0.000678,2259,53,501+,0.17,0.002199,2043,56,501+,0.35,0.04075,0.043315,0,0,0,,0.99,2024-25
2026-08-10,2026-08-17,22093,St. James Parish,Louisiana,LA,quiet,0.000677,2260,40,501+,0.17,0.001167,2800,55,501+,0.18,0.040698,0.017082,0,0,0,,0.966,2024-25
2026-08-10,2026-08-17,47013,Campbell County,Tennessee,TN,quiet,0.000677,2261,67,501+,0.17,0.001297,2709,78,501+,0.21,0.040653,0.019979,0,0,0,,0.968,2024-25
2026-08-10,2026-08-17,51830,Williamsburg City,Virginia,VA,quiet,0.000675,2262,89,501+,0.17,0.000868,2973,121,501+,0.14,0.040534,0.010993,0,0,0,,0.892,2024-25
2026-08-10,2026-08-17,31001,Adams County,Nebraska,NE,quiet,0.000674,2263,38,501+,0.17,0.001751,2365,51,501+,0.28,0.040465,0.031088,0,0,0,,0.957627119,2024-25
2026-08-10,2026-08-17,08071,Las Animas County,Colorado,CO,quiet,0.000674,2264,42,501+,0.16,0.001688,2413,50,501+,0.27,0.040434,0.029476,0,0,0,,0.8182,2024-25
2026-08-10,2026-08-17,20019,Chautauqua County,Kansas,KS,quiet,0.000674,2265,73,501+,0.16,0.002748,1682,39,501+,0.44,0.04043,0.059641,0,0,0,,0.6935,2024-25
2026-08-10,2026-08-17,13143,Haralson County,Georgia,GA,quiet,0.000672,2266,67,501+,0.16,0.002248,2013,61,501+,0.36,0.040341,0.044735,0,0,0,,,
2026-08-10,2026-08-17,20181,Sherman County,Kansas,KS,quiet,0.000672,2267,74,501+,0.16,0.001945,2222,77,501+,0.31,0.040338,0.03626,0,0,0,,0.9265,2024-25
2026-08-10,2026-08-17,19121,Madison County,Iowa,IA,quiet,0.000672,2268,74,501+,0.16,0.001452,2592,82,501+,0.23,0.040329,0.02362,0,0,0,,0.88780488,2024-25
2026-08-10,2026-08-17,01095,Marshall County,Alabama,AL,quiet,0.000672,2269,38,501+,0.16,0.002398,1890,28,501+,0.38,0.040308,0.049098,0,0,0,,0.9666,2024-25
2026-08-10,2026-08-17,19037,Chickasaw County,Iowa,IA,quiet,0.000671,2270,75,501+,0.16,0.001392,2635,85,501+,0.22,0.040239,0.022187,0,0,0,,0.91176471,2024-25
2026-08-10,2026-08-17,56043,Washakie County,Wyoming,WY,quiet,0.000671,2271,21,501+,0.16,0.003788,1283,17,501+,0.6,0.040236,0.093479,0,0,0,,0.9,2022-23
2026-08-10,2026-08-17,13215,Muscogee County,Georgia,GA,quiet,0.00067,2272,68,501+,0.16,0.002642,1751,49,501+,0.42,0.040159,0.05639,0,0,0,,,
2026-08-10,2026-08-17,51029,Buckingham County,Virginia,VA,quiet,0.00067,2273,90,501+,0.16,0.001805,2329,83,501+,0.29,0.04015,0.03252,0,0,0,,0.979,2024-25
2026-08-10,2026-08-17,06035,Lassen County,California,CA,quiet,0.000669,2274,54,501+,0.16,0.004372,1105,48,501+,0.69,0.040091,0.113559,0,0,0,,0.95103,2024-25
2026-08-10,2026-08-17,28127,Simpson County,Mississippi,MS,quiet,0.000668,2275,30,501+,0.16,0.001504,2553,37,501+,0.24,0.040016,0.024864,0,0,0,,0.9716,2024-25
2026-08-10,2026-08-17,13171,Lamar County,Georgia,GA,quiet,0.000667,2276,69,501+,0.16,0.001484,2569,109,501+,0.24,0.039951,0.024395,0,0,0,,,
2026-08-10,2026-08-17,21203,Rockcastle County,Kentucky,KY,quiet,0.000666,2277,67,501+,0.16,0.001205,2774,82,501+,0.19,0.03992,0.017935,0,0,0,,0.798,2024-25
2026-08-10,2026-08-17,47169,Trousdale County,Tennessee,TN,quiet,0.000666,2278,68,501+,0.16,0.00131,2698,77,501+,0.21,0.039895,0.020288,0,0,0,,0.961,2024-25
2026-08-10,2026-08-17,27089,Marshall County,Minnesota,MN,quiet,0.000665,2279,77,501+,0.16,0.003496,1372,39,501+,0.55,0.039835,0.083665,0,0,0,,0.921,2024-25
2026-08-10,2026-08-17,12107,Putnam County,Florida,FL,quiet,0.000665,2280,55,501+,0.16,0.001932,2225,56,501+,0.31,0.039822,0.035897,0,0,0,,0.901,2024-25
2026-08-10,2026-08-17,47003,Bedford County,Tennessee,TN,quiet,0.000665,2281,69,501+,0.16,0.002468,1855,44,501+,0.39,0.039814,0.051156,0,0,0,,0.971,2024-25
2026-08-10,2026-08-17,19063,Emmet County,Iowa,IA,quiet,0.000664,2282,76,501+,0.16,0.001494,2560,80,501+,0.24,0.039771,0.024639,0,0,0,,0.86585366,2024-25
2026-08-10,2026-08-17,31059,Fillmore County,Nebraska,NE,quiet,0.000664,2283,39,501+,0.16,0.001815,2323,47,501+,0.29,0.039766,0.032787,0,0,0,,0.947368421,2024-25
2026-08-10,2026-08-17,51009,Amherst County,Virginia,VA,quiet,0.000662,2284,91,501+,0.16,0.002004,2175,73,501+,0.32,0.039634,0.037868,0,0,0,,0.816,2024-25
2026-08-10,2026-08-17,40041,Delaware County,Oklahoma,OK,quiet,0.000662,2285,44,501+,0.16,0.002618,1767,39,501+,0.41,0.039626,0.055662,0,0,0,,0.914,2024-25
2026-08-10,2026-08-17,13237,Putnam County,Georgia,GA,quiet,0.000661,2286,70,501+,0.16,0.002061,2134,68,501+,0.33,0.039596,0.039429,0,0,0,,,
2026-08-10,2026-08-17,01061,Geneva County,Alabama,AL,quiet,0.000661,2287,39,501+,0.16,0.001598,2478,42,501+,0.25,0.039594,0.027196,0,0,0,,0.9817,2024-25
2026-08-10,2026-08-17,13027,Brooks County,Georgia,GA,quiet,0.000661,2288,71,501+,0.16,0.001281,2719,128,501+,0.2,0.039572,0.01962,0,0,0,,,
2026-08-10,2026-08-17,08121,Washington County,Colorado,CO,quiet,0.000661,2289,43,501+,0.16,0.00236,1922,43,501+,0.37,0.039536,0.047983,0,0,0,,0.9259,2024-25
2026-08-10,2026-08-17,19093,Ida County,Iowa,IA,quiet,0.000659,2290,77,501+,0.16,0.001348,2668,91,501+,0.21,0.039455,0.021155,0,0,0,,0.88405797,2024-25
2026-08-10,2026-08-17,16007,Bear Lake County,Idaho,ID,quiet,0.000659,2291,42,501+,0.16,0.001538,2533,44,501+,0.24,0.039417,0.0257,0,0,0,,0.86,2024-25
2026-08-10,2026-08-17,31039,Cuming County,Nebraska,NE,quiet,0.000658,2292,40,501+,0.16,0.001475,2575,62,501+,0.23,0.039378,0.024166,0,0,0,,0.95890411,2024-25
2026-08-10,2026-08-17,13035,Butts County,Georgia,GA,quiet,0.000658,2293,72,501+,0.16,0.002112,2101,67,501+,0.33,0.039349,0.040854,0,0,0,,,
2026-08-10,2026-08-17,17047,Edwards County,Illinois,IL,quiet,0.000657,2294,85,501+,0.16,0.001015,2897,96,501+,0.16,0.039288,0.013899,0,0,0,,0.982,2024-25
2026-08-10,2026-08-17,13289,Twiggs County,Georgia,GA,quiet,0.000655,2295,73,501+,0.16,0.001744,2371,86,501+,0.28,0.039141,0.030921,0,0,0,,,
2026-08-10,2026-08-17,13211,Morgan County,Georgia,GA,quiet,0.000655,2296,74,501+,0.16,0.001957,2212,76,501+,0.31,0.039139,0.036574,0,0,0,,,
2026-08-10,2026-08-17,48047,Brooks County,Texas,TX,quiet,0.000655,2297,191,501+,0.16,0.001407,2626,227,501+,0.22,0.039122,0.022554,0,0,0,,1.0,2024-25
2026-08-10,2026-08-17,48457,Tyler County,Texas,TX,quiet,0.000655,2298,192,501+,0.16,0.002594,1784,183,501+,0.41,0.039117,0.054937,0,0,0,,0.90566,2024-25
2026-08-10,2026-08-17,28129,Smith County,Mississippi,MS,quiet,0.000653,2299,31,501+,0.16,0.001355,2657,40,501+,0.21,0.039043,0.02133,0,0,0,,0.9855,2024-25
2026-08-10,2026-08-17,12079,Madison County,Florida,FL,quiet,0.000653,2300,56,501+,0.16,0.002186,2051,53,501+,0.35,0.039026,0.042946,0,0,0,,0.93,2024-25
2026-08-10,2026-08-17,20147,Phillips County,Kansas,KS,quiet,0.000653,2301,75,501+,0.16,0.002951,1583,33,501+,0.47,0.039025,0.066001,0,0,0,,0.8244,2024-25
2026-08-10,2026-08-17,19135,Monroe County,Iowa,IA,quiet,0.000652,2302,78,501+,0.16,0.001854,2295,61,501+,0.29,0.038974,0.033808,0,0,0,,0.87209302,2024-25
2026-08-10,2026-08-17,05105,Perry County,Arkansas,AR,quiet,0.000652,2303,34,501+,0.16,0.002059,2138,37,501+,0.33,0.038954,0.03938,0,0,0,,,
2026-08-10,2026-08-17,35007,Colfax County,New Mexico,NM,quiet,0.000651,2304,25,501+,0.16,0.002835,1631,18,501+,0.45,0.038881,0.062341,0,0,0,,0.9,2024-25
2026-08-10,2026-08-17,30015,Chouteau County,Montana,MT,quiet,0.000651,2305,33,501+,0.16,0.00225,2010,30,501+,0.36,0.038879,0.044784,0,0,0,,,
2026-08-10,2026-08-17,01047,Dallas County,Alabama,AL,quiet,0.000651,2306,40,501+,0.16,0.001467,2585,46,501+,0.23,0.038869,0.023966,0,0,0,,0.9474,2024-25
2026-08-10,2026-08-17,46073,Jerauld County,South Dakota,SD,quiet,0.00065,2307,44,501+,0.16,0.001857,2292,44,501+,0.29,0.038788,0.033887,0,0,0,,0.74,2024-25
2026-08-10,2026-08-17,19073,Greene County,Iowa,IA,quiet,0.000649,2308,79,501+,0.16,0.002139,2082,50,501+,0.34,0.038771,0.041616,0,0,0,,0.83,2024-25
2026-08-10,2026-08-17,38103,Wells County,North Dakota,ND,quiet,0.000649,2309,33,501+,0.16,0.001205,2775,41,501+,0.19,0.038759,0.017933,0,0,0,,0.7826,2024-25
2026-08-10,2026-08-17,40045,Ellis County,Oklahoma,OK,quiet,0.000649,2310,45,501+,0.16,0.00317,1499,28,501+,0.5,0.038747,0.072999,0,0,0,,0.8913,2024-25
2026-08-10,2026-08-17,29115,Linn County,Missouri,MO,quiet,0.000649,2311,86,501+,0.16,0.001666,2428,99,501+,0.26,0.038719,0.028902,0,0,0,,0.916,2024-25
2026-08-10,2026-08-17,08003,Alamosa County,Colorado,CO,quiet,0.000648,2312,44,501+,0.16,0.003581,1350,32,501+,0.57,0.038658,0.086494,0,0,0,,0.8,2024-25
2026-08-10,2026-08-17,37143,Perquimans County,North Carolina,NC,quiet,0.000647,2313,82,501+,0.16,0.001895,2255,79,501+,0.3,0.038615,0.034903,0,0,0,,0.91304348,2024-25
2026-08-10,2026-08-17,19081,Hancock County,Iowa,IA,quiet,0.000647,2314,80,501+,0.16,0.001612,2467,75,501+,0.26,0.038592,0.027538,0,0,0,,0.92125984,2024-25
2026-08-10,2026-08-17,30001,Beaverhead County,Montana,MT,quiet,0.000645,2315,34,501+,0.16,0.00237,1917,28,501+,0.38,0.038445,0.048256,0,0,0,,,
2026-08-10,2026-08-17,31163,Sherman County,Nebraska,NE,quiet,0.000644,2316,41,501+,0.16,0.00179,2342,48,501+,0.28,0.038407,0.032126,0,0,0,,0.923076923,2024-25
2026-08-10,2026-08-17,46123,Tripp County,South Dakota,SD,quiet,0.000644,2317,45,501+,0.16,0.002041,2152,40,501+,0.32,0.038402,0.038877,0,0,0,,0.84,2024-25
2026-08-10,2026-08-17,48211,Hemphill County,Texas,TX,quiet,0.000644,2318,193,501+,0.16,0.003872,1249,137,501+,0.61,0.038399,0.096307,0,0,0,,0.958333,2024-25
2026-08-10,2026-08-17,56019,Johnson County,Wyoming,WY,quiet,0.000644,2319,22,501+,0.16,0.002507,1832,22,501+,0.4,0.038397,0.052315,0,0,0,,0.96,2022-23
2026-08-10,2026-08-17,47027,Clay County,Tennessee,TN,quiet,0.000644,2320,70,501+,0.16,0.001764,2355,65,501+,0.28,0.038382,0.031443,0,0,0,,0.937,2024-25
2026-08-10,2026-08-17,31133,Pawnee County,Nebraska,NE,quiet,0.000644,2321,42,501+,0.16,0.00311,1528,16,501+,0.49,0.038381,0.071057,0,0,0,,0.956521739,2024-25
2026-08-10,2026-08-17,51101,King William County,Virginia,VA,quiet,0.000644,2322,92,501+,0.16,0.001443,2601,93,501+,0.23,0.038377,0.023405,0,0,0,,0.915,2024-25
2026-08-10,2026-08-17,28019,Choctaw County,Mississippi,MS,quiet,0.000644,2323,32,501+,0.16,0.00259,1788,11,501+,0.41,0.038363,0.054817,0,0,0,,0.9646,2024-25
2026-08-10,2026-08-17,19053,Decatur County,Iowa,IA,quiet,0.000643,2324,81,501+,0.16,0.001791,2341,64,501+,0.28,0.038356,0.032142,0,0,0,,0.84615385,2024-25
2026-08-10,2026-08-17,40149,Washita County,Oklahoma,OK,quiet,0.000643,2325,46,501+,0.16,0.003104,1529,29,501+,0.49,0.03832,0.070853,0,0,0,,0.8916,2024-25
2026-08-10,2026-08-17,40019,Carter County,Oklahoma,OK,quiet,0.000643,2326,47,501+,0.16,0.002286,1980,47,501+,0.36,0.038309,0.045823,0,0,0,,0.8903,2024-25
2026-08-10,2026-08-17,27001,Aitkin County,Minnesota,MN,quiet,0.000643,2327,78,501+,0.16,0.001101,2839,86,501+,0.17,0.038296,0.015681,0,0,0,,0.784,2024-25
2026-08-10,2026-08-17,28079,Leake County,Mississippi,MS,quiet,0.000642,2328,33,501+,0.16,0.001062,2870,56,501+,0.17,0.03829,0.014867,0,0,0,,0.9963,2024-25
2026-08-10,2026-08-17,46089,McPherson County,South Dakota,SD,quiet,0.000642,2329,46,501+,0.16,0.001793,2340,46,501+,0.28,0.038284,0.032195,0,0,0,,0.86,2024-25
2026-08-10,2026-08-17,28091,Marion County,Mississippi,MS,quiet,0.000642,2330,34,501+,0.16,0.00133,2682,43,501+,0.21,0.038276,0.020739,0,0,0,,0.979,2024-25
2026-08-10,2026-08-17,30105,Valley County,Montana,MT,quiet,0.000642,2331,35,501+,0.16,0.002307,1962,29,501+,0.37,0.038273,0.046418,0,0,0,,,
2026-08-10,2026-08-17,29013,Bates County,Missouri,MO,quiet,0.000642,2332,87,501+,0.16,0.002881,1607,60,501+,0.46,0.038265,0.063805,0,0,0,,0.869,2024-25
2026-08-10,2026-08-17,29089,Howard County,Missouri,MO,quiet,0.000641,2333,88,501+,0.16,0.001715,2389,96,501+,0.27,0.03822,0.030156,0,0,0,,0.991,2024-25
2026-08-10,2026-08-17,47053,Gibson County,Tennessee,TN,quiet,0.000641,2334,71,501+,0.16,0.00249,1845,43,501+,0.39,0.038215,0.051809,0,0,0,,0.925,2024-25
2026-08-10,2026-08-17,31097,Johnson County,Nebraska,NE,quiet,0.000639,2335,43,501+,0.16,0.002691,1718,21,501+,0.43,0.038041,0.057884,0,0,0,,0.974358974,2024-25
2026-08-10,2026-08-17,20201,Washington County,Kansas,KS,quiet,0.000639,2336,76,501+,0.16,0.001743,2373,82,501+,0.28,0.038031,0.03088,0,0,0,,0.9708,2024-25
2026-08-10,2026-08-17,46057,Hamlin County,South Dakota,SD,quiet,0.000638,2337,47,501+,0.16,0.004331,1110,12,501+,0.69,0.037978,0.112145,0,0,0,,0.85,2024-25
2026-08-10,2026-08-17,01017,Chambers County,Alabama,AL,quiet,0.000638,2338,41,501+,0.16,0.002441,1869,27,501+,0.39,0.037978,0.050363,0,0,0,,0.9705,2024-25
2026-08-10,2026-08-17,46041,Dewey County,South Dakota,SD,quiet,0.000638,2339,48,501+,0.16,0.00118,2788,55,501+,0.19,0.03796,0.017383,0,0,0,,0.94,2024-25
2026-08-10,2026-08-17,21007,Ballard County,Kentucky,KY,quiet,0.000637,2340,68,501+,0.16,0.001739,2374,62,501+,0.28,0.037907,0.03078,0,0,0,,0.901,2024-25
2026-08-10,2026-08-17,05039,Dallas County,Arkansas,AR,quiet,0.000636,2341,35,501+,0.16,0.00287,1611,21,501+,0.45,0.037865,0.063433,0,0,0,,,
2026-08-10,2026-08-17,01045,Dale County,Alabama,AL,quiet,0.000636,2342,42,501+,0.16,0.001247,2745,56,501+,0.2,0.037852,0.018859,0,0,0,,0.9649,2024-25
2026-08-10,2026-08-17,28093,Marshall County,Mississippi,MS,quiet,0.000636,2343,35,501+,0.16,0.001696,2402,32,501+,0.27,0.037826,0.029671,0,0,0,,0.9619,2024-25
2026-08-10,2026-08-17,45001,Abbeville County,South Carolina,SC,quiet,0.000636,2344,39,501+,0.16,0.001997,2183,37,501+,0.32,0.037824,0.037679,0,0,0,,0.942,2024-25
2026-08-10,2026-08-17,47023,Chester County,Tennessee,TN,quiet,0.000634,2345,72,501+,0.16,0.001879,2268,62,501+,0.3,0.037737,0.034487,0,0,0,,0.92,2024-25
2026-08-10,2026-08-17,38069,Pierce County,North Dakota,ND,quiet,0.000634,2346,34,501+,0.16,0.001747,2369,31,501+,0.28,0.037708,0.031005,0,0,0,,0.9167,2024-25
2026-08-10,2026-08-17,28005,Amite County,Mississippi,MS,quiet,0.000634,2347,36,501+,0.16,0.001993,2186,23,501+,0.32,0.037704,0.037558,0,0,0,,0.9619,2024-25
2026-08-10,2026-08-17,26097,Mackinac County,Michigan,MI,quiet,0.000633,2348,73,501+,0.16,0.001432,2609,77,501+,0.23,0.037662,0.023148,0,0,0,,0.91666667,2024-25
2026-08-10,2026-08-17,12049,Hardee County,Florida,FL,quiet,0.000633,2349,57,501+,0.16,0.002795,1656,47,501+,0.44,0.03766,0.061114,0,0,0,,0.954,2024-25
2026-08-10,2026-08-17,48007,Aransas County,Texas,TX,quiet,0.000632,2350,194,501+,0.15,0.001772,2351,215,501+,0.28,0.037591,0.031646,0,0,0,,0.972678,2024-25
2026-08-10,2026-08-17,17067,Hancock County,Illinois,IL,quiet,0.000632,2351,86,501+,0.15,0.001075,2860,93,501+,0.17,0.037544,0.015133,0,0,0,,0.982,2024-25
2026-08-10,2026-08-17,48193,Hamilton County,Texas,TX,quiet,0.000631,2352,195,501+,0.15,0.003316,1443,158,501+,0.53,0.037508,0.077743,0,0,0,,0.895833,2024-25
2026-08-10,2026-08-17,05043,Drew County,Arkansas,AR,quiet,0.00063,2353,36,501+,0.15,0.002129,2090,36,501+,0.34,0.037453,0.041335,0,0,0,,,
2026-08-10,2026-08-17,22029,Concordia Parish,Louisiana,LA,quiet,0.00063,2354,41,501+,0.15,0.001691,2407,37,501+,0.27,0.037453,0.029561,0,0,0,,0.875,2024-25
2026-08-10,2026-08-17,08027,Custer County,Colorado,CO,quiet,0.000629,2355,45,501+,0.15,0.002648,1745,39,501+,0.42,0.037386,0.056584,0,0,0,,0.8947,2024-25
2026-08-10,2026-08-17,40135,Sequoyah County,Oklahoma,OK,quiet,0.000629,2356,48,501+,0.15,0.002194,2049,51,501+,0.35,0.037345,0.043185,0,0,0,,0.8521,2024-25
2026-08-10,2026-08-17,41015,Curry County,Oregon,OR,quiet,0.000629,2357,31,501+,0.15,0.001827,2316,32,501+,0.29,0.037336,0.033094,0,0,0,,0.878,2024-25
2026-08-10,2026-08-17,18149,Starke County,Indiana,IN,quiet,0.000628,2358,90,501+,0.15,0.001931,2226,87,501+,0.31,0.037299,0.035871,0,0,0,,0.827,2024-25
2026-08-10,2026-08-17,29211,Sullivan County,Missouri,MO,quiet,0.000627,2359,89,501+,0.15,0.002269,1996,74,501+,0.36,0.037227,0.045339,0,0,0,,0.959,2024-25
2026-08-10,2026-08-17,19115,Louisa County,Iowa,IA,quiet,0.000627,2360,82,501+,0.15,0.002717,1695,24,501+,0.43,0.037227,0.058707,0,0,0,,0.93103448,2024-25
2026-08-10,2026-08-17,16061,Lewis County,Idaho,ID,quiet,0.000626,2361,43,501+,0.15,0.001951,2215,40,501+,0.31,0.037161,0.036406,0,0,0,,0.78,2024-25
2026-08-10,2026-08-17,22085,Sabine Parish,Louisiana,LA,quiet,0.000624,2362,42,501+,0.15,0.001372,2645,49,501+,0.22,0.037034,0.021727,0,0,0,,0.9579,2024-25
2026-08-10,2026-08-17,46033,Custer County,South Dakota,SD,quiet,0.000624,2363,49,501+,0.15,0.002217,2031,35,501+,0.35,0.037004,0.043831,0,0,0,,0.88,2024-25
2026-08-10,2026-08-17,05025,Cleveland County,Arkansas,AR,quiet,0.000623,2364,37,501+,0.15,0.001904,2247,40,501+,0.3,0.036988,0.035147,0,0,0,,,
2026-08-10,2026-08-17,46015,Brule County,South Dakota,SD,quiet,0.000623,2365,50,501+,0.15,0.00199,2189,41,501+,0.32,0.036974,0.037478,0,0,0,,0.82,2024-25
2026-08-10,2026-08-17,17079,Jasper County,Illinois,IL,quiet,0.000623,2366,87,501+,0.15,0.001387,2639,83,501+,0.22,0.036966,0.02207,0,0,0,,0.967,2024-25
2026-08-10,2026-08-17,47143,Rhea County,Tennessee,TN,quiet,0.000623,2367,73,501+,0.15,0.001004,2902,87,501+,0.16,0.036946,0.013672,0,0,0,,0.957,2024-25
2026-08-10,2026-08-17,33007,Coos County,New Hampshire,NH,quiet,0.000623,2368,10,501+,0.15,0.001003,2903,10,501+,0.16,0.036937,0.013645,0,0,0,,0.944,2024-25
2026-08-10,2026-08-17,51175,Southampton County,Virginia,VA,quiet,0.000622,2369,93,501+,0.15,0.001588,2488,90,501+,0.25,0.036923,0.026941,0,0,0,,0.957,2024-25
2026-08-10,2026-08-17,17189,Washington County,Illinois,IL,quiet,0.000622,2370,88,501+,0.15,0.000925,2946,98,501+,0.15,0.036917,0.0121,0,0,0,,0.989,2024-25
2026-08-10,2026-08-17,13291,Union County,Georgia,GA,quiet,0.000622,2371,75,501+,0.15,0.001201,2778,132,501+,0.19,0.036862,0.017845,0,0,0,,,
2026-08-10,2026-08-17,31125,Nance County,Nebraska,NE,quiet,0.000622,2372,44,501+,0.15,0.001865,2282,41,501+,0.3,0.036861,0.034098,0,0,0,,0.955223881,2024-25
2026-08-10,2026-08-17,29207,Stoddard County,Missouri,MO,quiet,0.000621,2373,90,501+,0.15,0.002127,2093,80,501+,0.34,0.036835,0.041291,0,0,0,,0.915,2024-25
2026-08-10,2026-08-17,28115,Pontotoc County,Mississippi,MS,quiet,0.000621,2374,37,501+,0.15,0.001462,2588,39,501+,0.23,0.036804,0.02385,0,0,0,,0.9534,2024-25
2026-08-10,2026-08-17,13147,Hart County,Georgia,GA,quiet,0.000617,2375,76,501+,0.15,0.001594,2481,98,501+,0.25,0.036573,0.027106,0,0,0,,,
2026-08-10,2026-08-17,19023,Butler County,Iowa,IA,quiet,0.000616,2376,83,501+,0.15,0.001336,2677,92,501+,0.21,0.036491,0.020883,0,0,0,,0.92771084,2024-25
2026-08-10,2026-08-17,46077,Kingsbury County,South Dakota,SD,quiet,0.000616,2377,51,501+,0.15,0.004521,1071,11,501+,0.72,0.036484,0.118766,0,0,0,,0.92,2024-25
2026-08-10,2026-08-17,45069,Marlboro County,South Carolina,SC,quiet,0.000616,2378,40,501+,0.15,0.001556,2518,42,501+,0.25,0.036467,0.026151,0,0,0,,0.963,2024-25
2026-08-10,2026-08-17,47045,Dyer County,Tennessee,TN,quiet,0.000616,2379,74,501+,0.15,0.001587,2489,68,501+,0.25,0.036452,0.026931,0,0,0,,0.968,2024-25
2026-08-10,2026-08-17,20093,Kearny County,Kansas,KS,quiet,0.000616,2380,77,501+,0.15,0.003682,1315,22,501+,0.58,0.036447,0.089871,0,0,0,,0.9333,2024-25
2026-08-10,2026-08-17,19003,Adams County,Iowa,IA,quiet,0.000615,2381,84,501+,0.15,0.001607,2471,77,501+,0.25,0.036434,0.027424,0,0,0,,0.83333333,2024-25
2026-08-10,2026-08-17,48083,Coleman County,Texas,TX,quiet,0.000615,2382,196,501+,0.15,0.002344,1935,196,501+,0.37,0.036385,0.047512,0,0,0,,0.942857,2024-25
2026-08-10,2026-08-17,05135,Sharp County,Arkansas,AR,quiet,0.000614,2383,38,501+,0.15,0.001661,2430,48,501+,0.26,0.03637,0.02879,0,0,0,,,
2026-08-10,2026-08-17,29041,Chariton County,Missouri,MO,quiet,0.000614,2384,91,501+,0.15,0.001917,2240,86,501+,0.3,0.036341,0.035504,0,0,0,,0.942,2024-25
2026-08-10,2026-08-17,27033,Cottonwood County,Minnesota,MN,quiet,0.000613,2385,79,501+,0.15,0.00186,2289,78,501+,0.29,0.036294,0.033968,0,0,0,,0.962,2024-25
2026-08-10,2026-08-17,22095,St. John the Baptist Parish,Louisiana,LA,quiet,0.000612,2386,43,501+,0.15,0.002165,2062,28,501+,0.34,0.03622,0.042348,0,0,0,,0.9369,2024-25
2026-08-10,2026-08-17,17017,Cass County,Illinois,IL,quiet,0.000611,2387,89,501+,0.15,0.001492,2566,77,501+,0.24,0.036165,0.024581,0,0,0,,0.979,2024-25
2026-08-10,2026-08-17,39131,Pike County,Ohio,OH,quiet,0.00061,2388,83,501+,0.15,0.001669,2425,82,501+,0.26,0.036089,0.028997,0,0,0,,0.949,2024-25
2026-08-10,2026-08-17,29023,Butler County,Missouri,MO,quiet,0.00061,2389,92,501+,0.15,0.00226,2004,75,501+,0.36,0.036072,0.045086,0,0,0,,0.861,2024-25
2026-08-10,2026-08-17,21083,Graves County,Kentucky,KY,quiet,0.00061,2390,69,501+,0.15,0.002342,1937,39,501+,0.37,0.03606,0.04746,0,0,0,,0.914,2024-25
2026-08-10,2026-08-17,13111,Fannin County,Georgia,GA,quiet,0.000609,2391,77,501+,0.15,0.001738,2376,88,501+,0.28,0.036016,0.030759,0,0,0,,,
2026-08-10,2026-08-17,05109,Pike County,Arkansas,AR,quiet,0.000609,2392,39,501+,0.15,0.002164,2063,34,501+,0.34,0.035981,0.042336,0,0,0,,,
2026-08-10,2026-08-17,29079,Grundy County,Missouri,MO,quiet,0.000609,2393,93,501+,0.15,0.001625,2459,102,501+,0.26,0.035978,0.027861,0,0,0,,0.91,2024-25
2026-08-10,2026-08-17,48247,Jim Hogg County,Texas,TX,quiet,0.000608,2394,197,501+,0.15,0.002057,2139,208,501+,0.33,0.035944,0.039338,0,0,0,,0.943396,2024-25
2026-08-10,2026-08-17,40151,Woods County,Oklahoma,OK,quiet,0.000608,2395,49,501+,0.15,0.002244,2018,48,501+,0.36,0.035936,0.044606,0,0,0,,0.8505,2024-25
2026-08-10,2026-08-17,31101,Keith County,Nebraska,NE,quiet,0.000607,2396,45,501+,0.15,0.001629,2458,57,501+,0.26,0.035881,0.02797,0,0,0,,0.931034483,2024-25
2026-08-10,2026-08-17,26141,Presque Isle County,Michigan,MI,quiet,0.000607,2397,74,501+,0.15,0.001376,2643,78,501+,0.22,0.035855,0.021808,0,0,0,,0.91566265,2024-25
2026-08-10,2026-08-17,19133,Monona County,Iowa,IA,quiet,0.000606,2398,85,501+,0.15,0.001655,2436,70,501+,0.26,0.035817,0.028627,0,0,0,,0.84946237,2024-25
2026-08-10,2026-08-17,28023,Clarke County,Mississippi,MS,quiet,0.000605,2399,38,501+,0.15,0.001971,2203,24,501+,0.31,0.035743,0.036963,0,0,0,,0.9834,2024-25
2026-08-10,2026-08-17,54005,Boone County,West Virginia,WV,quiet,0.000604,2400,37,501+,0.15,0.001257,2740,42,501+,0.2,0.035691,0.01909,0,0,0,,,
2026-08-10,2026-08-17,01127,Walker County,Alabama,AL,quiet,0.000604,2401,43,501+,0.15,0.00143,2611,50,501+,0.23,0.035678,0.023101,0,0,0,,0.9651,2024-25
2026-08-10,2026-08-17,20029,Cloud County,Kansas,KS,quiet,0.000604,2402,78,501+,0.15,0.00195,2217,76,501+,0.31,0.035654,0.036387,0,0,0,,0.9373,2024-25
2026-08-10,2026-08-17,31113,Logan County,Nebraska,NE,quiet,0.000602,2403,46,501+,0.15,0.002319,1956,29,501+,0.37,0.035542,0.046768,0,0,0,,0.857142857,2024-25
2026-08-10,2026-08-17,13119,Franklin County,Georgia,GA,quiet,0.000602,2404,78,501+,0.15,0.00141,2624,118,501+,0.22,0.035521,0.022619,0,0,0,,,
2026-08-10,2026-08-17,21061,Edmonson County,Kentucky,KY,quiet,0.000602,2405,70,501+,0.15,0.000697,3051,110,501+,0.11,0.035506,0.007927,0,0,0,,0.944,2024-25
2026-08-10,2026-08-17,48107,Crosby County,Texas,TX,quiet,0.000601,2406,198,501+,0.15,0.003406,1409,152,501+,0.54,0.035441,0.080681,0,0,0,,0.958333,2024-25
2026-08-10,2026-08-17,13107,Emanuel County,Georgia,GA,quiet,0.0006,2407,79,501+,0.15,0.00222,2027,62,501+,0.35,0.035422,0.043915,0,0,0,,,
2026-08-10,2026-08-17,54095,Tyler County,West Virginia,WV,quiet,0.0006,2408,38,501+,0.15,0.001371,2647,36,501+,0.22,0.035417,0.021702,0,0,0,,,
2026-08-10,2026-08-17,13241,Rabun County,Georgia,GA,quiet,0.0006,2409,80,501+,0.15,0.002134,2084,65,501+,0.34,0.03541,0.041479,0,0,0,,,
2026-08-10,2026-08-17,22091,St. Helena Parish,Louisiana,LA,quiet,0.0006,2410,44,501+,0.15,0.000988,2915,59,501+,0.16,0.035374,0.013337,0,0,0,,1.0,2024-25
2026-08-10,2026-08-17,21055,Crittenden County,Kentucky,KY,quiet,0.0006,2411,71,501+,0.15,0.002043,2151,48,501+,0.32,0.035369,0.03895,0,0,0,,0.929,2024-25
2026-08-10,2026-08-17,13105,Elbert County,Georgia,GA,quiet,0.0006,2412,81,501+,0.15,0.001536,2536,103,501+,0.24,0.035367,0.025646,0,0,0,,,
2026-08-10,2026-08-17,29009,Barry County,Missouri,MO,quiet,0.000598,2413,94,501+,0.15,0.002604,1779,66,501+,0.41,0.035282,0.055256,0,0,0,,0.92,2024-25
2026-08-10,2026-08-17,54017,Doddridge County,West Virginia,WV,quiet,0.000597,2414,39,501+,0.15,0.001838,2306,34,501+,0.29,0.035181,0.033395,0,0,0,,,
2026-08-10,2026-08-17,20053,Ellsworth County,Kansas,KS,quiet,0.000597,2415,79,501+,0.15,0.001989,2190,73,501+,0.32,0.035153,0.03746,0,0,0,,0.9391,2024-25
2026-08-10,2026-08-17,06105,Trinity County,California,CA,quiet,0.000595,2416,55,501+,0.15,0.002798,1653,53,501+,0.44,0.035026,0.061208,0,0,0,,0.9037,2024-25
2026-08-10,2026-08-17,27075,Lake County,Minnesota,MN,quiet,0.000594,2417,80,501+,0.15,0.001341,2673,83,501+,0.21,0.034989,0.021003,0,0,0,,0.84,2024-25
2026-08-10,2026-08-17,29063,DeKalb County,Missouri,MO,quiet,0.000593,2418,95,501+,0.15,0.001999,2179,84,501+,0.32,0.03493,0.037741,0,0,0,,0.974,2024-25
2026-08-10,2026-08-17,48025,Bee County,Texas,TX,quiet,0.000592,2419,199,501+,0.15,0.00177,2353,216,501+,0.28,0.034874,0.031588,0,0,0,,0.96732,2024-25
2026-08-10,2026-08-17,02060,Bristol Bay Borough,Alaska,AK,quiet,0.000592,2420,17,501+,0.15,0.001494,2563,21,501+,0.24,0.034854,0.02462,0,0,0,,,
2026-08-10,2026-08-17,27155,Traverse County,Minnesota,MN,quiet,0.000591,2421,81,501+,0.14,0.002115,2098,69,501+,0.34,0.034753,0.040952,0,0,0,,1.0,2024-25
2026-08-10,2026-08-17,22037,East Feliciana Parish,Louisiana,LA,quiet,0.000591,2422,45,501+,0.14,0.001567,2504,42,501+,0.25,0.034745,0.026414,0,0,0,,0.93,2024-25
2026-08-10,2026-08-17,37137,Pamlico County,North Carolina,NC,quiet,0.000591,2423,83,501+,0.14,0.001216,2767,93,501+,0.19,0.034745,0.018171,0,0,0,,0.95967742,2024-25
2026-08-10,2026-08-17,13187,Lumpkin County,Georgia,GA,quiet,0.00059,2424,82,501+,0.14,0.00166,2433,97,501+,0.26,0.034737,0.028746,0,0,0,,,
2026-08-10,2026-08-17,47033,Crockett County,Tennessee,TN,quiet,0.00059,2425,75,501+,0.14,0.002293,1973,53,501+,0.36,0.034699,0.046026,0,0,0,,0.984,2024-25
2026-08-10,2026-08-17,01041,Crenshaw County,Alabama,AL,quiet,0.000589,2426,44,501+,0.14,0.001317,2691,54,501+,0.21,0.034664,0.020449,0,0,0,,0.9527,2024-25
2026-08-10,2026-08-17,19091,Humboldt County,Iowa,IA,quiet,0.000589,2427,86,501+,0.14,0.001967,2205,58,501+,0.31,0.034658,0.036868,0,0,0,,0.72093023,2024-25
2026-08-10,2026-08-17,31007,Banner County,Nebraska,NE,quiet,0.000588,2428,47,501+,0.14,0.001862,2286,42,501+,0.3,0.034579,0.034034,0,0,0,,0.5714,2024-25
2026-08-10,2026-08-17,45037,Edgefield County,South Carolina,SC,quiet,0.000588,2429,41,501+,0.14,0.001964,2206,38,501+,0.31,0.034564,0.036786,0,0,0,,0.962,2024-25
2026-08-10,2026-08-17,37123,Montgomery County,North Carolina,NC,quiet,0.000586,2430,84,501+,0.14,0.001069,2864,96,501+,0.17,0.03447,0.015004,0,0,0,,0.98742138,2024-25
2026-08-10,2026-08-17,31029,Chase County,Nebraska,NE,quiet,0.000586,2431,48,501+,0.14,0.002172,2056,32,501+,0.34,0.034467,0.042568,0,0,0,,0.94,2024-25
2026-08-10,2026-08-17,56011,Crook County,Wyoming,WY,quiet,0.000586,2432,23,501+,0.14,0.001894,2256,23,501+,0.3,0.034453,0.034885,0,0,0,,0.91,2022-23
2026-08-10,2026-08-17,21039,Carlisle County,Kentucky,KY,quiet,0.000586,2433,72,501+,0.14,0.001764,2354,60,501+,0.28,0.034424,0.031446,0,0,0,,0.865,2024-25
2026-08-10,2026-08-17,47151,Scott County,Tennessee,TN,quiet,0.000585,2434,76,501+,0.14,0.001266,2731,80,501+,0.2,0.034365,0.019276,0,0,0,,0.973,2024-25
2026-08-10,2026-08-17,31145,Red Willow County,Nebraska,NE,quiet,0.000585,2435,49,501+,0.14,0.001858,2290,43,501+,0.29,0.034337,0.033918,0,0,0,,0.976923077,2024-25
2026-08-10,2026-08-17,19137,Montgomery County,Iowa,IA,quiet,0.000584,2436,87,501+,0.14,0.001387,2637,86,501+,0.22,0.034296,0.022077,0,0,0,,0.94047619,2024-25
2026-08-10,2026-08-17,29069,Dunklin County,Missouri,MO,quiet,0.000583,2437,96,501+,0.14,0.001801,2332,91,501+,0.29,0.034264,0.032412,0,0,0,,0.961,2024-25
2026-08-10,2026-08-17,51580,Covington City,Virginia,VA,quiet,0.000583,2438,94,501+,0.14,0.000924,2947,117,501+,0.15,0.034239,0.012069,0,0,0,,0.987,2024-25
2026-08-10,2026-08-17,51590,Danville City,Virginia,VA,quiet,0.000583,2439,95,501+,0.14,0.002499,1837,57,501+,0.4,0.034238,0.052089,0,0,0,,0.912,2024-25
2026-08-10,2026-08-17,20159,Rice County,Kansas,KS,quiet,0.000583,2440,80,501+,0.14,0.002266,1998,60,501+,0.36,0.034211,0.045241,0,0,0,,0.8749,2024-25
2026-08-10,2026-08-17,13207,Monroe County,Georgia,GA,quiet,0.000582,2441,83,501+,0.14,0.002422,1879,55,501+,0.38,0.034197,0.049804,0,0,0,,,
2026-08-10,2026-08-17,29105,Laclede County,Missouri,MO,quiet,0.000582,2442,97,501+,0.14,0.001648,2445,101,501+,0.26,0.034182,0.028456,0,0,0,,0.909,2024-25
2026-08-10,2026-08-17,13123,Gilmer County,Georgia,GA,quiet,0.000582,2443,84,501+,0.14,0.002125,2094,66,501+,0.34,0.034133,0.041245,0,0,0,,,
2026-08-10,2026-08-17,20007,Barber County,Kansas,KS,quiet,0.000581,2444,81,501+,0.14,0.002488,1846,51,501+,0.39,0.034116,0.051762,0,0,0,,0.7668,2024-25
2026-08-10,2026-08-17,30073,Pondera County,Montana,MT,quiet,0.000581,2445,36,501+,0.14,0.002135,2083,31,501+,0.34,0.034093,0.041523,0,0,0,,,
2026-08-10,2026-08-17,27133,Rock County,Minnesota,MN,quiet,0.000581,2446,82,501+,0.14,0.001299,2706,84,501+,0.21,0.034079,0.020035,0,0,0,,0.871,2024-25
2026-08-10,2026-08-17,05121,Randolph County,Arkansas,AR,quiet,0.00058,2447,40,501+,0.14,0.001449,2596,60,501+,0.23,0.034016,0.023544,0,0,0,,,
2026-08-10,2026-08-17,50009,Essex County,Vermont,VT,quiet,0.000579,2448,14,501+,0.14,0.002261,2002,13,501+,0.36,0.033994,0.045116,0,0,0,,,
2026-08-10,2026-08-17,13091,Dodge County,Georgia,GA,quiet,0.000579,2449,85,501+,0.14,0.002258,2005,60,501+,0.36,0.033984,0.045009,0,0,0,,,
2026-08-10,2026-08-17,01025,Clarke County,Alabama,AL,quiet,0.000578,2450,45,501+,0.14,0.001438,2605,49,501+,0.23,0.033886,0.023277,0,0,0,,0.9478,2024-25
2026-08-10,2026-08-17,51119,Middlesex County,Virginia,VA,quiet,0.000577,2451,96,501+,0.14,0.001233,2756,102,501+,0.2,0.03382,0.018556,0,0,0,,0.968,2024-25
2026-08-10,2026-08-17,47087,Jackson County,Tennessee,TN,quiet,0.000577,2452,77,501+,0.14,0.001108,2831,84,501+,0.18,0.033817,0.015822,0,0,0,,0.908,2024-25
2026-08-10,2026-08-17,21161,Mason County,Kentucky,KY,quiet,0.000577,2453,73,501+,0.14,0.001495,2559,67,501+,0.24,0.033794,0.024646,0,0,0,,0.865,2024-25
2026-08-10,2026-08-17,01021,Chilton County,Alabama,AL,quiet,0.000576,2454,46,501+,0.14,0.002952,1582,18,501+,0.47,0.033783,0.06601,0,0,0,,0.954,2024-25
2026-08-10,2026-08-17,46095,Mellette County,South Dakota,SD,quiet,0.000576,2455,52,501+,0.14,0.001735,2378,47,501+,0.27,0.033758,0.030676,0,0,0,,0.94,2024-25
2026-08-10,2026-08-17,51111,Lunenburg County,Virginia,VA,quiet,0.000576,2456,97,501+,0.14,0.001817,2320,82,501+,0.29,0.033752,0.032816,0,0,0,,0.931,2024-25
2026-08-10,2026-08-17,28075,Lauderdale County,Mississippi,MS,quiet,0.000575,2457,39,501+,0.14,0.001225,2759,44,501+,0.19,0.033691,0.018374,0,0,0,,0.9922,2024-25
2026-08-10,2026-08-17,48175,Goliad County,Texas,TX,quiet,0.000575,2458,200,501+,0.14,0.002521,1828,188,501+,0.4,0.033675,0.052733,0,0,0,,0.967213,2024-25
2026-08-10,2026-08-17,29111,Lewis County,Missouri,MO,quiet,0.000574,2459,98,501+,0.14,0.001753,2363,93,501+,0.28,0.033643,0.03115,0,0,0,,0.875,2024-25
2026-08-10,2026-08-17,17087,Johnson County,Illinois,IL,quiet,0.000574,2460,90,501+,0.14,0.001793,2339,68,501+,0.28,0.033621,0.032196,0,0,0,,0.978,2024-25
2026-08-10,2026-08-17,05087,Madison County,Arkansas,AR,quiet,0.000574,2461,41,501+,0.14,0.002611,1773,25,501+,0.41,0.03362,0.055462,0,0,0,,,
2026-08-10,2026-08-17,40001,Adair County,Oklahoma,OK,quiet,0.000574,2462,50,501+,0.14,0.002008,2172,54,501+,0.32,0.033618,0.037967,0,0,0,,0.8638,2024-25
2026-08-10,2026-08-17,38011,Bowman County,North Dakota,ND,quiet,0.000574,2463,35,501+,0.14,0.00159,2486,36,501+,0.25,0.033616,0.026989,0,0,0,,0.8936,2024-25
2026-08-10,2026-08-17,40077,Latimer County,Oklahoma,OK,quiet,0.000573,2464,51,501+,0.14,0.002363,1921,44,501+,0.37,0.03356,0.048067,0,0,0,,0.9487,2024-25
2026-08-10,2026-08-17,51173,Smyth County,Virginia,VA,quiet,0.000572,2465,98,501+,0.14,0.00143,2613,94,501+,0.23,0.033502,0.023082,0,0,0,,0.961,2024-25
2026-08-10,2026-08-17,28037,Franklin County,Mississippi,MS,quiet,0.000572,2466,40,501+,0.14,0.002307,1961,15,501+,0.37,0.033479,0.046428,0,0,0,,0.9691,2024-25
2026-08-10,2026-08-17,48383,Reagan County,Texas,TX,quiet,0.000571,2467,201,501+,0.14,0.002437,1871,190,501+,0.39,0.033451,0.05025,0,0,0,,0.984615,2024-25
2026-08-10,2026-08-17,28051,Holmes County,Mississippi,MS,quiet,0.00057,2468,41,501+,0.14,0.001336,2678,42,501+,0.21,0.033372,0.02088,0,0,0,,0.9771,2024-25
2026-08-10,2026-08-17,29025,Caldwell County,Missouri,MO,quiet,0.00057,2469,99,501+,0.14,0.002248,2014,77,501+,0.36,0.033331,0.04473,0,0,0,,0.951,2024-25
2026-08-10,2026-08-17,22043,Grant Parish,Louisiana,LA,quiet,0.000569,2470,46,501+,0.14,0.001539,2529,45,501+,0.24,0.033316,0.025735,0,0,0,,0.9,2024-25
2026-08-10,2026-08-17,37073,Gates County,North Carolina,NC,quiet,0.000569,2471,85,501+,0.14,0.001299,2705,90,501+,0.21,0.033314,0.02004,0,0,0,,0.97029703,2024-25
2026-08-10,2026-08-17,51570,Colonial Heights City,Virginia,VA,quiet,0.000569,2472,99,501+,0.14,0.001154,2806,105,501+,0.18,0.033297,0.016802,0,0,0,,0.938,2024-25
2026-08-10,2026-08-17,13271,Telfair County,Georgia,GA,quiet,0.000568,2473,86,501+,0.14,0.00203,2156,72,501+,0.32,0.033213,0.038582,0,0,0,,,
2026-08-10,2026-08-17,40023,Choctaw County,Oklahoma,OK,quiet,0.000567,2474,52,501+,0.14,0.002581,1795,42,501+,0.41,0.033167,0.05454,0,0,0,,0.8553,2024-25
2026-08-10,2026-08-17,48129,Donley County,Texas,TX,quiet,0.000567,2475,202,501+,0.14,0.005921,789,80,501+,0.94,0.03312,0.16865,0,0,0,,0.909091,2024-25
2026-08-10,2026-08-17,37075,Graham County,North Carolina,NC,quiet,0.000565,2476,86,501+,0.14,0.003136,1514,58,501+,0.5,0.032993,0.071896,0,0,0,,0.93589744,2024-25
2026-08-10,2026-08-17,13281,Towns County,Georgia,GA,quiet,0.000564,2477,87,501+,0.14,0.001579,2499,101,501+,0.25,0.032975,0.02671,0,0,0,,,
2026-08-10,2026-08-17,51021,Bland County,Virginia,VA,quiet,0.000564,2478,100,501+,0.14,0.000876,2970,119,501+,0.14,0.032967,0.011151,0,0,0,,0.898,2024-25
2026-08-10,2026-08-17,48399,Runnels County,Texas,TX,quiet,0.000563,2479,203,501+,0.14,0.001675,2422,219,501+,0.27,0.032883,0.029147,0,0,0,,0.981013,2024-25
2026-08-10,2026-08-17,31175,Valley County,Nebraska,NE,quiet,0.000562,2480,50,501+,0.14,0.002049,2145,36,501+,0.32,0.032843,0.0391,0,0,0,,0.896551724,2024-25
2026-08-10,2026-08-17,05049,Fulton County,Arkansas,AR,quiet,0.000562,2481,42,501+,0.14,0.001539,2530,53,501+,0.24,0.032842,0.025724,0,0,0,,,
2026-08-10,2026-08-17,20013,Brown County,Kansas,KS,quiet,0.000561,2482,82,501+,0.14,0.001866,2280,79,501+,0.3,0.032764,0.034122,0,0,0,,0.9828,2024-25
2026-08-10,2026-08-17,13059,Clarke County,Georgia,GA,quiet,0.000561,2483,88,501+,0.14,0.001797,2335,82,501+,0.28,0.032755,0.032301,0,0,0,,,
2026-08-10,2026-08-17,16023,Butte County,Idaho,ID,quiet,0.000561,2484,44,501+,0.14,0.002438,1870,36,501+,0.39,0.032749,0.050267,0,0,0,,0.75,2024-25
2026-08-10,2026-08-17,31063,Frontier County,Nebraska,NE,quiet,0.000561,2485,51,501+,0.14,0.001969,2204,39,501+,0.31,0.03273,0.036912,0,0,0,,0.897959184,2024-25
2026-08-10,2026-08-17,05067,Jackson County,Arkansas,AR,quiet,0.00056,2486,43,501+,0.14,0.001352,2662,65,501+,0.21,0.032702,0.021244,0,0,0,,,
2026-08-10,2026-08-17,26001,Alcona County,Michigan,MI,quiet,0.000559,2487,75,501+,0.14,0.001495,2558,76,501+,0.24,0.032643,0.024652,0,0,0,,0.92156863,2024-25
2026-08-10,2026-08-17,48487,Wilbarger County,Texas,TX,quiet,0.000559,2488,204,501+,0.14,0.002352,1928,195,501+,0.37,0.032602,0.047739,0,0,0,,0.97931,2024-25
2026-08-10,2026-08-17,05021,Clay County,Arkansas,AR,quiet,0.000559,2489,44,501+,0.14,0.001032,2892,74,501+,0.16,0.032595,0.014233,0,0,0,,,
2026-08-10,2026-08-17,39001,Adams County,Ohio,OH,quiet,0.000558,2490,84,501+,0.14,0.002143,2079,81,501+,0.34,0.032543,0.041737,0,0,0,,0.969,2024-25
2026-08-10,2026-08-17,28001,Adams County,Mississippi,MS,quiet,0.000558,2491,42,501+,0.14,0.00096,2928,62,501+,0.15,0.032526,0.012786,0,0,0,,0.9821,2024-25
2026-08-10,2026-08-17,05001,Arkansas County,Arkansas,AR,quiet,0.000558,2492,45,501+,0.14,0.002158,2066,35,501+,0.34,0.032517,0.042163,0,0,0,,,
2026-08-10,2026-08-17,08081,Moffat County,Colorado,CO,quiet,0.000557,2493,46,501+,0.14,0.001653,2438,51,501+,0.26,0.032447,0.028569,0,0,0,,0.9512,2024-25
2026-08-10,2026-08-17,25007,Dukes County,Massachusetts,MA,quiet,0.000556,2494,14,501+,0.14,0.001642,2449,14,501+,0.26,0.032417,0.028312,0,0,0,,0.951,2024-25
2026-08-10,2026-08-17,19089,Howard County,Iowa,IA,quiet,0.000556,2495,88,501+,0.14,0.001272,2727,95,501+,0.2,0.032416,0.01942,0,0,0,,0.90853659,2024-25
2026-08-10,2026-08-17,01099,Monroe County,Alabama,AL,quiet,0.000556,2496,47,501+,0.14,0.002287,1978,32,501+,0.36,0.032416,0.045853,0,0,0,,0.9615,2024-25
2026-08-10,2026-08-17,20109,Logan County,Kansas,KS,quiet,0.000556,2497,83,501+,0.14,0.001189,2785,94,501+,0.19,0.032402,0.017569,0,0,0,,0.8257,2024-25
2026-08-10,2026-08-17,13303,Washington County,Georgia,GA,quiet,0.000556,2498,89,501+,0.14,0.001687,2415,95,501+,0.27,0.032391,0.029438,0,0,0,,,
2026-08-10,2026-08-17,31017,Brown County,Nebraska,NE,quiet,0.000556,2499,52,501+,0.14,0.001153,2807,72,501+,0.18,0.032386,0.016787,0,0,0,,0.935483871,2024-25
2026-08-10,2026-08-17,48191,Hall County,Texas,TX,quiet,0.000555,2500,205,501+,0.14,0.001587,2491,222,501+,0.25,0.032346,0.026909,0,0,0,,0.777778,2024-25
2026-08-10,2026-08-17,48405,San Augustine County,Texas,TX,quiet,0.000555,2501,206,501+,0.14,0.00227,1993,199,501+,0.36,0.032323,0.045368,0,0,0,,0.898551,2024-25
2026-08-10,2026-08-17,54053,Mason County,West Virginia,WV,quiet,0.000554,2502,40,501+,0.14,0.001266,2732,41,501+,0.2,0.032294,0.019276,0,0,0,,,
2026-08-10,2026-08-17,53019,Ferry County,Washington,WA,quiet,0.000554,2503,37,501+,0.14,0.002678,1727,33,501+,0.42,0.032286,0.057513,0,0,0,,0.825,2024-25
2026-08-10,2026-08-17,37117,Martin County,North Carolina,NC,quiet,0.000554,2504,87,501+,0.14,0.001325,2685,89,501+,0.21,0.032244,0.020624,0,0,0,,0.97607656,2024-25
2026-08-10,2026-08-17,02282,Yakutat City and Borough,Alaska,AK,quiet,0.000553,2505,18,501+,0.14,0.001218,2764,26,501+,0.19,0.032228,0.018216,0,0,0,,,
2026-08-10,2026-08-17,31081,Hamilton County,Nebraska,NE,quiet,0.000553,2506,53,501+,0.14,0.001039,2888,76,501+,0.16,0.032191,0.014376,0,0,0,,0.876106195,2024-25
2026-08-10,2026-08-17,20105,Lincoln County,Kansas,KS,quiet,0.000552,2507,84,501+,0.14,0.001446,2599,87,501+,0.23,0.032164,0.02347,0,0,0,,0.7057,2024-25
2026-08-10,2026-08-17,28105,Oktibbeha County,Mississippi,MS,quiet,0.000552,2508,43,501+,0.14,0.001068,2865,55,501+,0.17,0.032134,0.014993,0,0,0,,0.9934,2024-25
2026-08-10,2026-08-17,13161,Jeff Davis County,Georgia,GA,quiet,0.000552,2509,90,501+,0.14,0.00362,1335,33,501+,0.57,0.032115,0.0878,0,0,0,,,
2026-08-10,2026-08-17,22081,Red River Parish,Louisiana,LA,quiet,0.000551,2510,47,501+,0.14,0.001432,2607,48,501+,0.23,0.032091,0.023151,0,0,0,,0.9796,2024-25
2026-08-10,2026-08-17,31037,Colfax County,Nebraska,NE,quiet,0.000551,2511,54,501+,0.13,0.002444,1866,25,501+,0.39,0.032053,0.050444,0,0,0,,0.984771574,2024-25
2026-08-10,2026-08-17,29173,Ralls County,Missouri,MO,quiet,0.00055,2512,100,501+,0.13,0.001472,2577,107,501+,0.23,0.032,0.02409,0,0,0,,0.974,2024-25
2026-08-10,2026-08-17,02198,Prince of Wales-Hyder Census Area,Alaska,AK,quiet,0.000549,2513,19,501+,0.13,0.001248,2744,25,501+,0.2,0.031967,0.018883,0,0,0,,,
2026-08-10,2026-08-17,48105,Crockett County,Texas,TX,quiet,0.000549,2514,207,501+,0.13,0.00134,2675,228,501+,0.21,0.031909,0.020982,0,0,0,,1.0,2024-25
2026-08-10,2026-08-17,48403,Sabine County,Texas,TX,quiet,0.000548,2515,208,501+,0.13,0.002114,2099,206,501+,0.33,0.031853,0.040917,0,0,0,,0.893939,2024-25
2026-08-10,2026-08-17,20049,Elk County,Kansas,KS,quiet,0.000548,2516,85,501+,0.13,0.002017,2165,71,501+,0.32,0.031847,0.038216,0,0,0,,0.8661,2024-25
2026-08-10,2026-08-17,17003,Alexander County,Illinois,IL,quiet,0.000547,2517,91,501+,0.13,0.001494,2561,76,501+,0.24,0.031815,0.024627,0,0,0,,0.933,2024-25
2026-08-10,2026-08-17,13199,Meriwether County,Georgia,GA,quiet,0.000547,2518,91,501+,0.13,0.001526,2542,104,501+,0.24,0.031815,0.025405,0,0,0,,,
2026-08-10,2026-08-17,13279,Toombs County,Georgia,GA,quiet,0.000547,2519,92,501+,0.13,0.001258,2738,129,501+,0.2,0.031772,0.019113,0,0,0,,,
2026-08-10,2026-08-17,48125,Dickens County,Texas,TX,quiet,0.000546,2520,209,501+,0.13,0.001562,2509,224,501+,0.25,0.031738,0.026306,0,0,0,,0.888889,2024-25
2026-08-10,2026-08-17,27125,Red Lake County,Minnesota,MN,quiet,0.000546,2521,83,501+,0.13,0.002065,2130,72,501+,0.33,0.031737,0.039548,0,0,0,,0.915,2024-25
2026-08-10,2026-08-17,19179,Wapello County,Iowa,IA,quiet,0.000545,2522,89,501+,0.13,0.00229,1974,39,501+,0.36,0.031633,0.045938,0,0,0,,0.85044643,2024-25
2026-08-10,2026-08-17,47133,Overton County,Tennessee,TN,quiet,0.000544,2523,78,501+,0.13,0.000771,3013,91,501+,0.12,0.031619,0.009224,0,0,0,,0.944,2024-25
2026-08-10,2026-08-17,48377,Presidio County,Texas,TX,quiet,0.000544,2524,210,501+,0.13,0.000928,2943,239,501+,0.15,0.031599,0.012148,0,0,0,,1.0,2024-25
2026-08-10,2026-08-17,13021,Bibb County,Georgia,GA,quiet,0.000544,2525,93,501+,0.13,0.002879,1608,44,501+,0.46,0.03159,0.063737,0,0,0,,,
2026-08-10,2026-08-17,01057,Fayette County,Alabama,AL,quiet,0.000544,2526,48,501+,0.13,0.001919,2238,37,501+,0.3,0.031583,0.035544,0,0,0,,0.9365,2024-25
2026-08-10,2026-08-17,46009,Bon Homme County,South Dakota,SD,quiet,0.000543,2527,53,501+,0.13,0.001543,2526,52,501+,0.24,0.031541,0.025838,0,0,0,,0.86,2024-25
2026-08-10,2026-08-17,26153,Schoolcraft County,Michigan,MI,quiet,0.000543,2528,76,501+,0.13,0.002496,1839,70,501+,0.4,0.031522,0.052006,0,0,0,,0.95081967,2024-25
2026-08-10,2026-08-17,20017,Chase County,Kansas,KS,quiet,0.000542,2529,86,501+,0.13,0.002327,1947,57,501+,0.37,0.031445,0.047,0,0,0,,0.9132,2024-25
2026-08-10,2026-08-17,35057,Torrance County,New Mexico,NM,quiet,0.000541,2530,26,501+,0.13,0.002445,1865,22,501+,0.39,0.0314,0.050472,0,0,0,,0.9091,2024-25
2026-08-10,2026-08-17,13249,Schley County,Georgia,GA,quiet,0.000541,2531,94,501+,0.13,0.002286,1982,58,501+,0.36,0.031384,0.04581,0,0,0,,,
2026-08-10,2026-08-17,51089,Henry County,Virginia,VA,quiet,0.00054,2532,101,501+,0.13,0.001351,2663,96,501+,0.21,0.031335,0.021231,0,0,0,,0.918,2024-25
2026-08-10,2026-08-17,05061,Howard County,Arkansas,AR,quiet,0.00054,2533,46,501+,0.13,0.001988,2191,38,501+,0.31,0.031305,0.037418,0,0,0,,,
2026-08-10,2026-08-17,29153,Ozark County,Missouri,MO,quiet,0.000539,2534,101,501+,0.13,0.002594,1783,67,501+,0.41,0.031232,0.054944,0,0,0,,0.729,2024-25
2026-08-10,2026-08-17,13133,Greene County,Georgia,GA,quiet,0.000536,2535,95,501+,0.13,0.00145,2594,113,501+,0.23,0.031063,0.023578,0,0,0,,,
2026-08-10,2026-08-17,45089,Williamsburg County,South Carolina,SC,quiet,0.000536,2536,42,501+,0.13,0.001865,2281,40,501+,0.3,0.031061,0.034111,0,0,0,,0.974,2024-25
2026-08-10,2026-08-17,22039,Evangeline Parish,Louisiana,LA,quiet,0.000536,2537,48,501+,0.13,0.001483,2572,47,501+,0.23,0.031051,0.024361,0,0,0,,0.9275,2024-25
2026-08-10,2026-08-17,13277,Tift County,Georgia,GA,quiet,0.000536,2538,96,501+,0.13,0.001361,2654,121,501+,0.22,0.031045,0.021459,0,0,0,,,
2026-08-10,2026-08-17,47135,Perry County,Tennessee,TN,quiet,0.000533,2539,79,501+,0.13,0.001548,2522,70,501+,0.25,0.030878,0.025946,0,0,0,,0.956,2024-25
2026-08-10,2026-08-17,13005,Bacon County,Georgia,GA,quiet,0.000533,2540,97,501+,0.13,0.002144,2077,64,501+,0.34,0.030828,0.041777,0,0,0,,,
2026-08-10,2026-08-17,22125,West Feliciana Parish,Louisiana,LA,quiet,0.000532,2541,49,501+,0.13,0.000948,2935,61,501+,0.15,0.030778,0.012538,0,0,0,,0.9708,2024-25
2026-08-10,2026-08-17,02013,Aleutians East Borough,Alaska,AK,quiet,0.000531,2542,20,501+,0.13,0.001304,2700,23,501+,0.21,0.030737,0.02016,0,0,0,,,
2026-08-10,2026-08-17,29197,Schuyler County,Missouri,MO,quiet,0.00053,2543,102,501+,0.13,0.001715,2388,95,501+,0.27,0.030667,0.030166,0,0,0,,0.977,2024-25
2026-08-10,2026-08-17,46105,Perkins County,South Dakota,SD,quiet,0.000529,2544,54,501+,0.13,0.00206,2135,39,501+,0.33,0.030612,0.039425,0,0,0,,0.96,2024-25
2026-08-10,2026-08-17,28101,Newton County,Mississippi,MS,quiet,0.000528,2545,44,501+,0.13,0.002296,1967,16,501+,0.36,0.03054,0.046106,0,0,0,,0.9722,2024-25
2026-08-10,2026-08-17,31065,Furnas County,Nebraska,NE,quiet,0.000528,2546,55,501+,0.13,0.001689,2409,54,501+,0.27,0.030525,0.029504,0,0,0,,0.949367089,2024-25
2026-08-10,2026-08-17,08099,Prowers County,Colorado,CO,quiet,0.000527,2547,47,501+,0.13,0.002062,2133,44,501+,0.33,0.030474,0.039478,0,0,0,,0.9701,2024-25
2026-08-10,2026-08-17,05019,Clark County,Arkansas,AR,quiet,0.000527,2548,47,501+,0.13,0.001855,2293,42,501+,0.29,0.030451,0.033847,0,0,0,,,
2026-08-10,2026-08-17,46021,Campbell County,South Dakota,SD,quiet,0.000527,2549,55,501+,0.13,0.000829,2989,64,501+,0.13,0.03045,0.010266,0,0,0,,0.93,2024-25
2026-08-10,2026-08-17,48239,Jackson County,Texas,TX,quiet,0.000527,2550,211,501+,0.13,0.001878,2269,212,501+,0.3,0.030449,0.034457,0,0,0,,0.953307,2024-25
2026-08-10,2026-08-17,40039,Custer County,Oklahoma,OK,quiet,0.000527,2551,53,501+,0.13,0.001706,2394,65,501+,0.27,0.03044,0.029925,0,0,0,,0.9008,2024-25
2026-08-10,2026-08-17,01005,Barbour County,Alabama,AL,quiet,0.000526,2552,49,501+,0.13,0.001492,2565,44,501+,0.24,0.030401,0.024589,0,0,0,,0.9833,2024-25
2026-08-10,2026-08-17,35051,Sierra County,New Mexico,NM,quiet,0.000526,2553,27,501+,0.13,0.001312,2695,29,501+,0.21,0.03038,0.020326,0,0,0,,0.9024,2024-25
2026-08-10,2026-08-17,40127,Pushmataha County,Oklahoma,OK,quiet,0.000525,2554,54,501+,0.13,0.002634,1756,38,501+,0.42,0.030354,0.056164,0,0,0,,0.8169,2024-25
2026-08-10,2026-08-17,48103,Crane County,Texas,TX,quiet,0.000525,2555,212,501+,0.13,0.00413,1165,131,501+,0.65,0.030321,0.105152,0,0,0,,0.976744,2024-25
2026-08-10,2026-08-17,22117,Washington Parish,Louisiana,LA,quiet,0.000525,2556,50,501+,0.13,0.001833,2313,34,501+,0.29,0.030304,0.033246,0,0,0,,0.9402,2024-25
2026-08-10,2026-08-17,46049,Faulk County,South Dakota,SD,quiet,0.000525,2557,56,501+,0.13,0.000848,2982,62,501+,0.13,0.030302,0.010622,0,0,0,,0.56,2024-25
2026-08-10,2026-08-17,13225,Peach County,Georgia,GA,quiet,0.000524,2558,98,501+,0.13,0.001461,2589,112,501+,0.23,0.030223,0.023842,0,0,0,,,
2026-08-10,2026-08-17,30083,Richland County,Montana,MT,quiet,0.000523,2559,37,501+,0.13,0.001568,2503,40,501+,0.25,0.030188,0.026447,0,0,0,,,
2026-08-10,2026-08-17,28063,Jefferson County,Mississippi,MS,quiet,0.000522,2560,45,501+,0.13,0.001159,2804,46,501+,0.18,0.030117,0.016922,0,0,0,,1.0,2024-25
2026-08-10,2026-08-17,21231,Wayne County,Kentucky,KY,quiet,0.000521,2561,74,501+,0.13,0.001225,2758,79,501+,0.19,0.030085,0.018378,0,0,0,,0.967,2024-25
2026-08-10,2026-08-17,21041,Carroll County,Kentucky,KY,quiet,0.000521,2562,75,501+,0.13,0.001398,2633,71,501+,0.22,0.030071,0.022334,0,0,0,,0.964,2024-25
2026-08-10,2026-08-17,20205,Wilson County,Kansas,KS,quiet,0.000521,2563,87,501+,0.13,0.001342,2671,90,501+,0.21,0.030058,0.021026,0,0,0,,0.9221,2024-25
2026-08-10,2026-08-17,01053,Escambia County,Alabama,AL,quiet,0.000519,2564,50,501+,0.13,0.001803,2331,39,501+,0.29,0.029912,0.032446,0,0,0,,0.9656,2024-25
2026-08-10,2026-08-17,22003,Allen Parish,Louisiana,LA,quiet,0.000518,2565,51,501+,0.13,0.00119,2784,54,501+,0.19,0.029837,0.01759,0,0,0,,0.9346,2024-25
2026-08-10,2026-08-17,54043,Lincoln County,West Virginia,WV,quiet,0.000517,2566,41,501+,0.13,0.000736,3030,54,501+,0.12,0.029805,0.008598,0,0,0,,,
2026-08-10,2026-08-17,13129,Gordon County,Georgia,GA,quiet,0.000517,2567,99,501+,0.13,0.001776,2348,84,501+,0.28,0.0298,0.031747,0,0,0,,,
2026-08-10,2026-08-17,51037,Charlotte County,Virginia,VA,quiet,0.000517,2568,102,501+,0.13,0.001633,2453,85,501+,0.26,0.02978,0.028085,0,0,0,,0.764,2024-25
2026-08-10,2026-08-17,05099,Nevada County,Arkansas,AR,quiet,0.000516,2569,48,501+,0.13,0.001585,2492,51,501+,0.25,0.029702,0.026879,0,0,0,,,
2026-08-10,2026-08-17,47041,DeKalb County,Tennessee,TN,quiet,0.000514,2570,80,501+,0.13,0.001558,2514,69,501+,0.25,0.029587,0.026204,0,0,0,,0.925,2024-25
2026-08-10,2026-08-17,40009,Beckham County,Oklahoma,OK,quiet,0.000513,2571,55,501+,0.13,0.001902,2251,60,501+,0.3,0.029521,0.035084,0,0,0,,0.9331,2024-25
2026-08-10,2026-08-17,48411,San Saba County,Texas,TX,quiet,0.000513,2572,213,501+,0.13,0.003149,1509,161,501+,0.5,0.029495,0.072324,0,0,0,,0.923077,2024-25
2026-08-10,2026-08-17,13267,Tattnall County,Georgia,GA,quiet,0.000511,2573,100,501+,0.13,0.002383,1901,56,501+,0.38,0.029408,0.048636,0,0,0,,,
2026-08-10,2026-08-17,05003,Ashley County,Arkansas,AR,quiet,0.000511,2574,49,501+,0.13,0.001431,2610,61,501+,0.23,0.029393,0.023124,0,0,0,,,
2026-08-10,2026-08-17,12123,Taylor County,Florida,FL,quiet,0.00051,2575,58,501+,0.12,0.00166,2432,59,501+,0.26,0.029319,0.028769,0,0,0,,0.971,2024-25
2026-08-10,2026-08-17,19001,Adair County,Iowa,IA,quiet,0.00051,2576,90,501+,0.12,0.001203,2776,98,501+,0.19,0.029302,0.01789,0,0,0,,0.9,2024-25
2026-08-10,2026-08-17,22067,Morehouse Parish,Louisiana,LA,quiet,0.000509,2577,52,501+,0.12,0.000792,3002,64,501+,0.13,0.029233,0.00959,0,0,0,,0.9859,2024-25
2026-08-10,2026-08-17,41021,Gilliam County,Oregon,OR,quiet,0.000508,2578,32,501+,0.12,0.001169,2798,34,501+,0.19,0.029208,0.017133,0,0,0,,0.923,2024-25
2026-08-10,2026-08-17,01087,Macon County,Alabama,AL,quiet,0.000508,2579,51,501+,0.12,0.001353,2660,52,501+,0.21,0.029199,0.021289,0,0,0,,0.9394,2024-25
2026-08-10,2026-08-17,27031,Cook County,Minnesota,MN,quiet,0.000508,2580,84,501+,0.12,0.001268,2728,85,501+,0.2,0.029187,0.019335,0,0,0,,0.719,2024-25
2026-08-10,2026-08-17,13055,Chattooga County,Georgia,GA,quiet,0.000507,2581,101,501+,0.12,0.001092,2847,140,501+,0.17,0.029142,0.015483,0,0,0,,,
2026-08-10,2026-08-17,13319,Wilkinson County,Georgia,GA,quiet,0.000506,2582,102,501+,0.12,0.001836,2310,81,501+,0.29,0.029043,0.033338,0,0,0,,,
2026-08-10,2026-08-17,21177,Muhlenberg County,Kentucky,KY,quiet,0.000504,2583,76,501+,0.12,0.002001,2177,49,501+,0.32,0.028903,0.037777,0,0,0,,0.917,2024-25
2026-08-10,2026-08-17,20143,Ottawa County,Kansas,KS,quiet,0.000503,2584,88,501+,0.12,0.001471,2580,86,501+,0.23,0.02885,0.024068,0,0,0,,0.9183,2024-25
2026-08-10,2026-08-17,02275,Wrangell City and Borough,Alaska,AK,quiet,0.000503,2585,21,501+,0.12,0.001554,2520,20,501+,0.25,0.02885,0.026094,0,0,0,,,
2026-08-10,2026-08-17,31105,Kimball County,Nebraska,NE,quiet,0.000503,2586,56,501+,0.12,0.001847,2299,46,501+,0.29,0.028823,0.03362,0,0,0,,0.961538462,2024-25
2026-08-10,2026-08-17,20207,Woodson County,Kansas,KS,quiet,0.000502,2587,89,501+,0.12,0.002139,2081,67,501+,0.34,0.02877,0.041639,0,0,0,,0.9571,2024-25
2026-08-10,2026-08-17,31115,Loup County,Nebraska,NE,quiet,0.000501,2588,57,501+,0.12,0.001668,2427,55,501+,0.26,0.028701,0.02895,0,0,0,,0.6,2024-25
2026-08-10,2026-08-17,01065,Hale County,Alabama,AL,quiet,0.000501,2589,52,501+,0.12,0.00235,1931,29,501+,0.37,0.028696,0.047673,0,0,0,,0.963,2024-25
2026-08-10,2026-08-17,22083,Richland Parish,Louisiana,LA,quiet,0.0005,2590,53,501+,0.12,0.00164,2450,39,501+,0.26,0.028635,0.028248,0,0,0,,0.8865,2024-25
2026-08-10,2026-08-17,12047,Hamilton County,Florida,FL,quiet,0.000499,2591,59,501+,0.12,0.002235,2020,52,501+,0.35,0.028589,0.044359,0,0,0,,0.97,2024-25
2026-08-10,2026-08-17,47067,Hancock County,Tennessee,TN,quiet,0.000499,2592,81,501+,0.12,0.001798,2334,64,501+,0.28,0.028586,0.032323,0,0,0,,0.797,2024-25
2026-08-10,2026-08-17,20123,Mitchell County,Kansas,KS,quiet,0.000499,2593,90,501+,0.12,0.001926,2233,78,501+,0.31,0.028584,0.035729,0,0,0,,0.8649,2024-25
2026-08-10,2026-08-17,31085,Hayes County,Nebraska,NE,quiet,0.000497,2594,58,501+,0.12,0.001605,2473,58,501+,0.25,0.028457,0.027361,0,0,0,,0.375,2024-25
2026-08-10,2026-08-17,02230,Skagway Municipality,Alaska,AK,quiet,0.000497,2595,22,501+,0.12,0.000944,2938,28,501+,0.15,0.028429,0.012466,0,0,0,,,
2026-08-10,2026-08-17,31137,Phelps County,Nebraska,NE,quiet,0.000496,2596,59,501+,0.12,0.001778,2347,49,501+,0.28,0.028357,0.0318,0,0,0,,0.961783439,2024-25
2026-08-10,2026-08-17,31049,Deuel County,Nebraska,NE,quiet,0.000494,2597,60,501+,0.12,0.001468,2583,63,501+,0.23,0.028268,0.023991,0,0,0,,0.857142857,2024-25
2026-08-10,2026-08-17,51077,Grayson County,Virginia,VA,quiet,0.000494,2598,103,501+,0.12,0.001008,2899,111,501+,0.16,0.028226,0.013743,0,0,0,,0.959,2024-25
2026-08-10,2026-08-17,37095,Hyde County,North Carolina,NC,quiet,0.000494,2599,88,501+,0.12,0.001683,2416,83,501+,0.27,0.028222,0.029355,0,0,0,,0.92307692,2024-25
2026-08-10,2026-08-17,02105,Hoonah-Angoon Census Area,Alaska,AK,quiet,0.000493,2600,23,501+,0.12,0.001253,2742,24,501+,0.2,0.028191,0.018989,0,0,0,,,
2026-08-10,2026-08-17,48391,Refugio County,Texas,TX,quiet,0.000493,2601,214,501+,0.12,0.002988,1568,166,501+,0.47,0.028185,0.067175,0,0,0,,0.967742,2024-25
2026-08-10,2026-08-17,28139,Tippah County,Mississippi,MS,quiet,0.000493,2602,46,501+,0.12,0.001146,2813,47,501+,0.18,0.028173,0.016639,0,0,0,,0.993,2024-25
2026-08-10,2026-08-17,22059,LaSalle Parish,Louisiana,LA,quiet,0.000493,2603,54,501+,0.12,0.001834,2312,33,501+,0.29,0.028154,0.033277,0,0,0,,0.9263,2024-25
2026-08-10,2026-08-17,01123,Tallapoosa County,Alabama,AL,quiet,0.000492,2604,53,501+,0.12,0.001448,2597,47,501+,0.23,0.028133,0.023525,0,0,0,,0.9727,2024-25
2026-08-10,2026-08-17,48319,Mason County,Texas,TX,quiet,0.000491,2605,215,501+,0.12,0.002739,1684,175,501+,0.43,0.028084,0.059378,0,0,0,,0.923077,2024-25
2026-08-10,2026-08-17,05081,Little River County,Arkansas,AR,quiet,0.00049,2606,50,501+,0.12,0.002304,1963,32,501+,0.37,0.028011,0.046356,0,0,0,,,
2026-08-10,2026-08-17,22123,West Carroll Parish,Louisiana,LA,quiet,0.000489,2607,55,501+,0.12,0.001561,2512,43,501+,0.25,0.0279,0.026272,0,0,0,,0.7778,2024-25
2026-08-10,2026-08-17,21207,Russell County,Kentucky,KY,quiet,0.000489,2608,77,501+,0.12,0.001037,2889,91,501+,0.16,0.027892,0.014333,0,0,0,,0.96,2024-25
2026-08-10,2026-08-17,22127,Winn Parish,Louisiana,LA,quiet,0.000488,2609,56,501+,0.12,0.000879,2968,63,501+,0.14,0.027879,0.011218,0,0,0,,0.9914,2024-25
2026-08-10,2026-08-17,05075,Lawrence County,Arkansas,AR,quiet,0.000488,2610,51,501+,0.12,0.001171,2796,72,501+,0.19,0.027877,0.017171,0,0,0,,,
2026-08-10,2026-08-17,31087,Hitchcock County,Nebraska,NE,quiet,0.000488,2611,61,501+,0.12,0.001854,2294,45,501+,0.29,0.027847,0.033818,0,0,0,,0.904761905,2024-25
2026-08-10,2026-08-17,38039,Griggs County,North Dakota,ND,quiet,0.000486,2612,36,501+,0.12,0.001676,2420,33,501+,0.27,0.027744,0.029176,0,0,0,,0.8857,2024-25
2026-08-10,2026-08-17,51133,Northumberland County,Virginia,VA,quiet,0.000485,2613,104,501+,0.12,0.001348,2667,97,501+,0.21,0.027639,0.021163,0,0,0,,0.904,2024-25
2026-08-10,2026-08-17,40005,Atoka County,Oklahoma,OK,quiet,0.000484,2614,56,501+,0.12,0.001599,2476,69,501+,0.25,0.027559,0.027226,0,0,0,,0.8633,2024-25
2026-08-10,2026-08-17,01027,Clay County,Alabama,AL,quiet,0.000483,2615,54,501+,0.12,0.002214,2034,34,501+,0.35,0.027496,0.043742,0,0,0,,0.933,2024-25
2026-08-10,2026-08-17,18009,Blackford County,Indiana,IN,quiet,0.000482,2616,91,501+,0.12,0.001371,2648,92,501+,0.22,0.027482,0.021696,0,0,0,,0.93,2024-25
2026-08-10,2026-08-17,46125,Turner County,South Dakota,SD,quiet,0.000482,2617,57,501+,0.12,0.001079,2856,59,501+,0.17,0.02746,0.015211,0,0,0,,0.86,2024-25
2026-08-10,2026-08-17,21109,Jackson County,Kentucky,KY,quiet,0.000481,2618,78,501+,0.12,0.000767,3018,104,501+,0.12,0.027394,0.009143,0,0,0,,0.97887324,2024-25
2026-08-10,2026-08-17,18025,Crawford County,Indiana,IN,quiet,0.00048,2619,92,501+,0.12,0.00161,2468,91,501+,0.26,0.027352,0.027491,0,0,0,,0.9524,2024-25
2026-08-10,2026-08-17,20199,Wallace County,Kansas,KS,quiet,0.000479,2620,91,501+,0.12,0.001392,2636,88,501+,0.22,0.027254,0.022185,0,0,0,,0.7856,2024-25
2026-08-10,2026-08-17,45027,Clarendon County,South Carolina,SC,quiet,0.000478,2621,43,501+,0.12,0.001517,2544,43,501+,0.24,0.027169,0.025186,0,0,0,,0.984,2024-25
2026-08-10,2026-08-17,17169,Schuyler County,Illinois,IL,quiet,0.000477,2622,92,501+,0.12,0.001,2904,97,501+,0.16,0.027156,0.013589,0,0,0,,0.987,2024-25
2026-08-10,2026-08-17,29103,Knox County,Missouri,MO,quiet,0.000477,2623,103,501+,0.12,0.001841,2303,90,501+,0.29,0.027107,0.033473,0,0,0,,0.975,2024-25
2026-08-10,2026-08-17,51057,Essex County,Virginia,VA,quiet,0.000474,2624,105,501+,0.12,0.00169,2408,84,501+,0.27,0.026928,0.029536,0,0,0,,0.87,2024-25
2026-08-10,2026-08-17,40021,Cherokee County,Oklahoma,OK,quiet,0.000474,2625,57,501+,0.12,0.002133,2085,52,501+,0.34,0.026924,0.041464,0,0,0,,0.8854,2024-25
2026-08-10,2026-08-17,29119,McDonald County,Missouri,MO,quiet,0.000474,2626,104,501+,0.12,0.002379,1906,73,501+,0.38,0.02692,0.048541,0,0,0,,0.91,2024-25
2026-08-10,2026-08-17,48311,McMullen County,Texas,TX,quiet,0.000474,2627,216,501+,0.12,0.001633,2454,220,501+,0.26,0.026899,0.028071,0,0,0,,0.9375,2024-25
2026-08-10,2026-08-17,48483,Wheeler County,Texas,TX,quiet,0.000474,2628,217,501+,0.12,0.002701,1710,177,501+,0.43,0.026896,0.058197,0,0,0,,0.945455,2024-25
2026-08-10,2026-08-17,05047,Franklin County,Arkansas,AR,quiet,0.000473,2629,52,501+,0.12,0.001588,2487,50,501+,0.25,0.026878,0.026956,0,0,0,,,
2026-08-10,2026-08-17,54089,Summers County,West Virginia,WV,quiet,0.000473,2630,42,501+,0.12,0.001348,2666,37,501+,0.21,0.026853,0.021166,0,0,0,,,
2026-08-10,2026-08-17,46055,Haakon County,South Dakota,SD,quiet,0.000473,2631,58,501+,0.12,0.000991,2911,61,501+,0.16,0.026849,0.013409,0,0,0,,0.9,2024-25
2026-08-10,2026-08-17,05017,Chicot County,Arkansas,AR,quiet,0.000473,2632,53,501+,0.12,0.001532,2539,54,501+,0.24,0.026828,0.025563,0,0,0,,,
2026-08-10,2026-08-17,54021,Gilmer County,West Virginia,WV,quiet,0.000472,2633,43,501+,0.12,0.001313,2692,38,501+,0.21,0.026792,0.020366,0,0,0,,,
2026-08-10,2026-08-17,54093,Tucker County,West Virginia,WV,quiet,0.000471,2634,44,501+,0.12,0.001241,2750,43,501+,0.2,0.026719,0.018734,0,0,0,,,
2026-08-10,2026-08-17,27121,Pope County,Minnesota,MN,quiet,0.000471,2635,85,501+,0.12,0.001696,2401,79,501+,0.27,0.026706,0.029684,0,0,0,,0.889,2024-25
2026-08-10,2026-08-17,28007,Attala County,Mississippi,MS,quiet,0.00047,2636,47,501+,0.12,0.000864,2977,66,501+,0.14,0.02668,0.010928,0,0,0,,0.9908,2024-25
2026-08-10,2026-08-17,21187,Owen County,Kentucky,KY,quiet,0.00047,2637,79,501+,0.12,0.000814,2996,101,501+,0.13,0.026652,0.009996,0,0,0,,0.992,2024-25
2026-08-10,2026-08-17,19119,Lyon County,Iowa,IA,quiet,0.000469,2638,91,501+,0.11,0.002619,1765,28,501+,0.41,0.026615,0.055694,0,0,0,,0.9068323,2024-25
2026-08-10,2026-08-17,19131,Mitchell County,Iowa,IA,quiet,0.000469,2639,92,501+,0.11,0.001278,2722,94,501+,0.2,0.026597,0.019552,0,0,0,,0.88888889,2024-25
2026-08-10,2026-08-17,30035,Glacier County,Montana,MT,quiet,0.000469,2640,38,501+,0.11,0.001673,2423,39,501+,0.27,0.026593,0.029088,0,0,0,,,
2026-08-10,2026-08-17,01075,Lamar County,Alabama,AL,quiet,0.000469,2641,55,501+,0.11,0.001209,2772,57,501+,0.19,0.026591,0.018017,0,0,0,,0.9636,2024-25
2026-08-10,2026-08-17,22007,Assumption Parish,Louisiana,LA,quiet,0.000468,2642,57,501+,0.11,0.001084,2853,57,501+,0.17,0.026509,0.015326,0,0,0,,0.9602,2024-25
2026-08-10,2026-08-17,19197,Wright County,Iowa,IA,quiet,0.000467,2643,93,501+,0.11,0.001376,2642,87,501+,0.22,0.026476,0.021813,0,0,0,,0.94117647,2024-25
2026-08-10,2026-08-17,28087,Lowndes County,Mississippi,MS,quiet,0.000467,2644,48,501+,0.11,0.001076,2859,54,501+,0.17,0.026466,0.015158,0,0,0,,0.9804,2024-25
2026-08-10,2026-08-17,47097,Lauderdale County,Tennessee,TN,quiet,0.000466,2645,82,501+,0.11,0.000771,3015,92,501+,0.12,0.026377,0.00921,0,0,0,,0.988,2022-23
2026-08-10,2026-08-17,21155,Marion County,Kentucky,KY,quiet,0.000465,2646,80,501+,0.11,0.001533,2538,66,501+,0.24,0.026314,0.025584,0,0,0,,0.944,2024-25
2026-08-10,2026-08-17,05123,St. Francis County,Arkansas,AR,quiet,0.000464,2647,54,501+,0.11,0.001816,2322,45,501+,0.29,0.02627,0.032792,0,0,0,,,
2026-08-10,2026-08-17,20077,Harper County,Kansas,KS,quiet,0.000463,2648,92,501+,0.11,0.00161,2469,84,501+,0.26,0.026212,0.027483,0,0,0,,0.7782,2024-25
2026-08-10,2026-08-17,51025,Brunswick County,Virginia,VA,quiet,0.000463,2649,106,501+,0.11,0.001104,2837,107,501+,0.17,0.026192,0.01573,0,0,0,,0.929,2024-25
2026-08-10,2026-08-17,47173,Union County,Tennessee,TN,quiet,0.000463,2650,83,501+,0.11,0.000991,2913,89,501+,0.16,0.026185,0.0134,0,0,0,,0.938,2024-25
2026-08-10,2026-08-17,19169,Story County,Iowa,IA,quiet,0.000463,2651,94,501+,0.11,0.001704,2395,67,501+,0.27,0.026173,0.029881,0,0,0,,0.89221557,2024-25
2026-08-10,2026-08-17,31031,Cherry County,Nebraska,NE,quiet,0.000462,2652,62,501+,0.11,0.001661,2431,56,501+,0.26,0.026126,0.028774,0,0,0,,0.898550725,2024-25
2026-08-10,2026-08-17,31099,Kearney County,Nebraska,NE,quiet,0.000462,2653,63,501+,0.11,0.001539,2531,60,501+,0.24,0.02611,0.025723,0,0,0,,0.977272727,2024-25
2026-08-10,2026-08-17,12065,Jefferson County,Florida,FL,quiet,0.000462,2654,60,501+,0.11,0.001405,2628,61,501+,0.22,0.026106,0.0225,0,0,0,,0.978,2024-25
2026-08-10,2026-08-17,28153,Wayne County,Mississippi,MS,quiet,0.000461,2655,49,501+,0.11,0.000796,3000,69,501+,0.13,0.026061,0.00966,0,0,0,,0.9932,2024-25
2026-08-10,2026-08-17,51103,Lancaster County,Virginia,VA,quiet,0.000459,2656,107,501+,0.11,0.000814,2997,122,501+,0.13,0.025941,0.009985,0,0,0,,0.903,2024-25
2026-08-10,2026-08-17,08115,Sedgwick County,Colorado,CO,quiet,0.000459,2657,48,501+,0.11,0.001369,2650,55,501+,0.22,0.025914,0.021657,0,0,0,,0.75,2024-25
2026-08-10,2026-08-17,13255,Spalding County,Georgia,GA,quiet,0.000458,2658,103,501+,0.11,0.001712,2391,91,501+,0.27,0.025858,0.030081,0,0,0,,,
2026-08-10,2026-08-17,21053,Clinton County,Kentucky,KY,quiet,0.000458,2659,81,501+,0.11,0.001216,2768,80,501+,0.19,0.025844,0.018158,0,0,0,,0.89,2024-25
2026-08-10,2026-08-17,19107,Keokuk County,Iowa,IA,quiet,0.000456,2660,95,501+,0.11,0.001422,2619,84,501+,0.23,0.025739,0.022901,0,0,0,,0.76119403,2024-25
2026-08-10,2026-08-17,37163,Sampson County,North Carolina,NC,quiet,0.000456,2661,89,501+,0.11,0.00206,2136,76,501+,0.33,0.025722,0.039419,0,0,0,,0.93985849,2024-25
2026-08-10,2026-08-17,08021,Conejos County,Colorado,CO,quiet,0.000456,2662,49,501+,0.11,0.001713,2390,49,501+,0.27,0.02571,0.030121,0,0,0,,0.9059,2024-25
2026-08-10,2026-08-17,37041,Chowan County,North Carolina,NC,quiet,0.000455,2663,90,501+,0.11,0.001028,2894,97,501+,0.16,0.025644,0.014163,0,0,0,,0.93706294,2024-25
2026-08-10,2026-08-17,05071,Johnson County,Arkansas,AR,quiet,0.000455,2664,55,501+,0.11,0.001697,2398,47,501+,0.27,0.025641,0.029711,0,0,0,,,
2026-08-10,2026-08-17,41069,Wheeler County,Oregon,OR,quiet,0.000454,2665,33,501+,0.11,0.001079,2855,35,501+,0.17,0.025626,0.015224,0,0,0,,0.615,2024-25
2026-08-10,2026-08-17,28149,Warren County,Mississippi,MS,quiet,0.000454,2666,50,501+,0.11,0.001748,2367,29,501+,0.28,0.025604,0.031029,0,0,0,,0.9865,2024-25
2026-08-10,2026-08-17,38051,McIntosh County,North Dakota,ND,quiet,0.000454,2667,37,501+,0.11,0.001153,2808,44,501+,0.18,0.025595,0.016787,0,0,0,,0.8571,2024-25
2026-08-10,2026-08-17,31061,Franklin County,Nebraska,NE,quiet,0.000453,2668,64,501+,0.11,0.00153,2540,61,501+,0.24,0.02554,0.025512,0,0,0,,0.941176471,2022-23
2026-08-10,2026-08-17,19159,Ringgold County,Iowa,IA,quiet,0.000453,2669,96,501+,0.11,0.001259,2737,97,501+,0.2,0.025535,0.019121,0,0,0,,0.98275862,2024-25
2026-08-10,2026-08-17,40105,Nowata County,Oklahoma,OK,quiet,0.000453,2670,58,501+,0.11,0.002803,1647,33,501+,0.44,0.025519,0.061368,0,0,0,,0.8667,2024-25
2026-08-10,2026-08-17,26013,Baraga County,Michigan,MI,quiet,0.000452,2671,77,501+,0.11,0.001245,2748,79,501+,0.2,0.02545,0.018815,0,0,0,,0.87058824,2024-25
2026-08-10,2026-08-17,22041,Franklin Parish,Louisiana,LA,quiet,0.000452,2672,58,501+,0.11,0.001239,2752,53,501+,0.2,0.025446,0.018676,0,0,0,,0.886,2024-25
2026-08-10,2026-08-17,12013,Calhoun County,Florida,FL,quiet,0.000451,2673,61,501+,0.11,0.001239,2751,64,501+,0.2,0.025411,0.018687,0,0,0,,0.98,2024-25
2026-08-10,2026-08-17,32029,Storey County,Nevada,NV,quiet,0.000449,2674,15,501+,0.11,0.002096,2109,13,501+,0.33,0.02529,0.04042,0,0,0,,0.966,2024-25
2026-08-10,2026-08-17,21143,Lyon County,Kentucky,KY,quiet,0.000449,2675,82,501+,0.11,0.001147,2812,85,501+,0.18,0.025272,0.016659,0,0,0,,0.96,2024-25
2026-08-10,2026-08-17,22107,Tensas Parish,Louisiana,LA,quiet,0.000449,2676,59,501+,0.11,0.001333,2681,51,501+,0.21,0.025248,0.020822,0,0,0,,0.8636,2024-25
2026-08-10,2026-08-17,51105,Lee County,Virginia,VA,quiet,0.000447,2677,108,501+,0.11,0.001093,2846,109,501+,0.17,0.025143,0.015506,0,0,0,,0.954,2024-25
2026-08-10,2026-08-17,20089,Jewell County,Kansas,KS,quiet,0.000446,2678,93,501+,0.11,0.001064,2867,98,501+,0.17,0.025113,0.014891,0,0,0,,0.7942,2024-25
2026-08-10,2026-08-17,31107,Knox County,Nebraska,NE,quiet,0.000446,2679,65,501+,0.11,0.001258,2739,68,501+,0.2,0.025103,0.0191,0,0,0,,0.907563025,2024-25
2026-08-10,2026-08-17,21091,Hancock County,Kentucky,KY,quiet,0.000445,2680,83,501+,0.11,0.001273,2726,77,501+,0.2,0.025015,0.019435,0,0,0,,0.905,2024-25
2026-08-10,2026-08-17,20187,Stanton County,Kansas,KS,quiet,0.000445,2681,94,501+,0.11,0.001104,2836,96,501+,0.17,0.024994,0.015731,0,0,0,,0.7895,2024-25
2026-08-10,2026-08-17,46063,Harding County,South Dakota,SD,quiet,0.000445,2682,59,501+,0.11,0.001513,2547,54,501+,0.24,0.024989,0.02509,0,0,0,,0.95,2024-25
2026-08-10,2026-08-17,28137,Tate County,Mississippi,MS,quiet,0.000444,2683,51,501+,0.11,0.001095,2842,51,501+,0.17,0.024976,0.015548,0,0,0,,0.9598,2024-25
2026-08-10,2026-08-17,21193,Perry County,Kentucky,KY,quiet,0.000444,2684,84,501+,0.11,0.001141,2816,86,501+,0.18,0.024929,0.016525,0,0,0,,0.776,2024-25
2026-08-10,2026-08-17,20157,Republic County,Kansas,KS,quiet,0.000443,2685,95,501+,0.11,0.001103,2838,97,501+,0.17,0.024904,0.015724,0,0,0,,0.8242,2024-25
2026-08-10,2026-08-17,13189,McDuffie County,Georgia,GA,quiet,0.000443,2686,104,501+,0.11,0.001055,2876,145,501+,0.17,0.024862,0.014716,0,0,0,,,
2026-08-10,2026-08-17,30077,Powell County,Montana,MT,quiet,0.000442,2687,39,501+,0.11,0.001938,2224,36,501+,0.31,0.024806,0.036066,0,0,0,,,
2026-08-10,2026-08-17,37199,Yancey County,North Carolina,NC,quiet,0.000442,2688,91,501+,0.11,0.002938,1588,59,501+,0.47,0.024799,0.065587,0,0,0,,0.92592593,2024-25
2026-08-10,2026-08-17,48075,Childress County,Texas,TX,quiet,0.000441,2689,218,501+,0.11,0.001695,2405,217,501+,0.27,0.024744,0.029641,0,0,0,,0.84127,2024-25
2026-08-10,2026-08-17,29133,Mississippi County,Missouri,MO,quiet,0.000441,2690,105,501+,0.11,0.001618,2463,103,501+,0.26,0.024733,0.027686,0,0,0,,0.936,2024-25
2026-08-10,2026-08-17,38079,Rolette County,North Dakota,ND,quiet,0.000441,2691,38,501+,0.11,0.001683,2417,32,501+,0.27,0.024723,0.029348,0,0,0,,0.9824,2024-25
2026-08-10,2026-08-17,29033,Carroll County,Missouri,MO,quiet,0.00044,2692,106,501+,0.11,0.001302,2703,110,501+,0.21,0.024719,0.020114,0,0,0,,0.946,2024-25
2026-08-10,2026-08-17,13301,Warren County,Georgia,GA,quiet,0.00044,2693,105,501+,0.11,0.001341,2672,123,501+,0.21,0.024679,0.021006,0,0,0,,,
2026-08-10,2026-08-17,17171,Scott County,Illinois,IL,quiet,0.00044,2694,93,501+,0.11,0.001106,2833,92,501+,0.18,0.024668,0.015787,0,0,0,,0.977,2024-25
2026-08-10,2026-08-17,40065,Jackson County,Oklahoma,OK,quiet,0.000439,2695,59,501+,0.11,0.001285,2718,73,501+,0.2,0.024639,0.019718,0,0,0,,0.9585,2024-25
2026-08-10,2026-08-17,08009,Baca County,Colorado,CO,quiet,0.000439,2696,50,501+,0.11,0.002055,2140,45,501+,0.33,0.024636,0.039276,0,0,0,,0.907,2024-25
2026-08-10,2026-08-17,28043,Grenada County,Mississippi,MS,quiet,0.000439,2697,52,501+,0.11,0.001352,2661,41,501+,0.21,0.024621,0.02125,0,0,0,,0.9626,2024-25
2026-08-10,2026-08-17,38027,Eddy County,North Dakota,ND,quiet,0.000439,2698,39,501+,0.11,0.001651,2441,34,501+,0.26,0.024606,0.028534,0,0,0,,0.931,2024-25
2026-08-10,2026-08-17,21013,Bell County,Kentucky,KY,quiet,0.000438,2699,85,501+,0.11,0.001071,2862,89,501+,0.17,0.024589,0.015045,0,0,0,,0.868,2024-25
2026-08-10,2026-08-17,06005,Amador County,California,CA,quiet,0.000438,2700,56,501+,0.11,0.003466,1386,51,501+,0.55,0.024562,0.082661,0,0,0,,0.9532,2024-25
2026-08-10,2026-08-17,38029,Emmons County,North Dakota,ND,quiet,0.000438,2701,40,501+,0.11,0.000978,2921,47,501+,0.16,0.024561,0.01315,0,0,0,,0.8621,2024-25
2026-08-10,2026-08-17,28065,Jefferson Davis County,Mississippi,MS,quiet,0.000438,2702,53,501+,0.11,0.000931,2942,63,501+,0.15,0.024553,0.012217,0,0,0,,0.9889,2024-25
2026-08-10,2026-08-17,54047,McDowell County,West Virginia,WV,quiet,0.000435,2703,45,501+,0.11,0.000779,3012,52,501+,0.12,0.024355,0.009367,0,0,0,,,
2026-08-10,2026-08-17,37165,Scotland County,North Carolina,NC,quiet,0.000434,2704,92,501+,0.11,0.001072,2861,95,501+,0.17,0.024319,0.015064,0,0,0,,0.89318182,2024-25
2026-08-10,2026-08-17,22027,Claiborne Parish,Louisiana,LA,quiet,0.000433,2705,60,501+,0.11,0.001061,2871,58,501+,0.17,0.024252,0.014842,0,0,0,,0.9044,2024-25
2026-08-10,2026-08-17,48131,Duval County,Texas,TX,quiet,0.000432,2706,219,501+,0.11,0.002685,1723,178,501+,0.43,0.024181,0.057714,0,0,0,,0.967742,2024-25
2026-08-10,2026-08-17,21025,Breathitt County,Kentucky,KY,quiet,0.000431,2707,86,501+,0.11,0.000908,2961,97,501+,0.14,0.024121,0.011774,0,0,0,,0.943,2024-25
2026-08-10,2026-08-17,51035,Carroll County,Virginia,VA,quiet,0.000431,2708,109,501+,0.11,0.0012,2779,104,501+,0.19,0.024111,0.017823,0,0,0,,0.94,2024-25
2026-08-10,2026-08-17,21181,Nicholas County,Kentucky,KY,quiet,0.000431,2709,87,501+,0.11,0.001235,2755,78,501+,0.2,0.024108,0.01858,0,0,0,,0.962,2024-25
2026-08-10,2026-08-17,37177,Tyrrell County,North Carolina,NC,quiet,0.000431,2710,93,501+,0.11,0.001541,2527,86,501+,0.24,0.024102,0.025788,0,0,0,,0.88,2024-25
2026-08-10,2026-08-17,40069,Johnston County,Oklahoma,OK,quiet,0.000431,2711,60,501+,0.11,0.001915,2242,58,501+,0.3,0.024098,0.035432,0,0,0,,0.8919,2024-25
2026-08-10,2026-08-17,21169,Metcalfe County,Kentucky,KY,quiet,0.00043,2712,88,501+,0.11,0.000845,2984,99,501+,0.13,0.024057,0.010563,0,0,0,,0.99,2024-25
2026-08-10,2026-08-17,53023,Garfield County,Washington,WA,quiet,0.00043,2713,38,501+,0.11,0.001262,2734,37,501+,0.2,0.024009,0.019191,0,0,0,,1.0,2024-25
2026-08-10,2026-08-17,38013,Burke County,North Dakota,ND,quiet,0.000429,2714,41,501+,0.11,0.004004,1201,18,501+,0.63,0.023957,0.10083,0,0,1,63,0.8333,2024-25
2026-08-10,2026-08-17,31051,Dixon County,Nebraska,NE,quiet,0.000429,2715,66,501+,0.1,0.001771,2352,50,501+,0.28,0.023938,0.031618,0,0,0,,0.979591837,2024-25
2026-08-10,2026-08-17,01007,Bibb County,Alabama,AL,quiet,0.000426,2716,56,501+,0.1,0.001343,2670,53,501+,0.21,0.023802,0.021047,0,0,0,,0.9592,2024-25
2026-08-10,2026-08-17,31093,Howard County,Nebraska,NE,quiet,0.000425,2717,67,501+,0.1,0.001176,2793,70,501+,0.19,0.023733,0.017279,0,0,0,,0.945054945,2024-25
2026-08-10,2026-08-17,29223,Wayne County,Missouri,MO,quiet,0.000424,2718,107,501+,0.1,0.00121,2771,111,501+,0.19,0.023675,0.018028,0,0,0,,0.911,2024-25
2026-08-10,2026-08-17,28077,Lawrence County,Mississippi,MS,quiet,0.000423,2719,54,501+,0.1,0.000999,2905,59,501+,0.16,0.023608,0.013561,0,0,0,,0.9841,2024-25
2026-08-10,2026-08-17,46005,Beadle County,South Dakota,SD,quiet,0.000423,2720,60,501+,0.1,0.002796,1654,25,501+,0.44,0.023605,0.06114,0,0,0,,0.88,2024-25
2026-08-10,2026-08-17,55037,Florence County,Wisconsin,WI,quiet,0.000423,2721,69,501+,0.1,0.000968,2925,70,501+,0.15,0.023562,0.012936,0,0,0,,0.76,2024-25
2026-08-10,2026-08-17,13251,Screven County,Georgia,GA,quiet,0.000421,2722,106,501+,0.1,0.002037,2154,71,501+,0.32,0.023476,0.03879,0,0,0,,,
2026-08-10,2026-08-17,19143,Osceola County,Iowa,IA,quiet,0.000421,2723,97,501+,0.1,0.001266,2730,96,501+,0.2,0.023418,0.019284,0,0,0,,0.98,2024-25
2026-08-10,2026-08-17,21087,Green County,Kentucky,KY,quiet,0.000419,2724,89,501+,0.1,0.00115,2809,84,501+,0.18,0.023327,0.016734,0,0,0,,0.962,2024-25
2026-08-10,2026-08-17,48033,Borden County,Texas,TX,quiet,0.000419,2725,220,501+,0.1,0.002389,1897,192,501+,0.38,0.02332,0.048828,0,0,1,70,0.882353,2024-25
2026-08-10,2026-08-17,47171,Unicoi County,Tennessee,TN,quiet,0.000419,2726,84,501+,0.1,0.000681,3062,94,501+,0.11,0.023295,0.007646,0,0,0,,0.987,2024-25
2026-08-10,2026-08-17,47181,Wayne County,Tennessee,TN,quiet,0.000419,2727,85,501+,0.1,0.001408,2625,74,501+,0.22,0.023292,0.022576,0,0,0,,0.928,2024-25
2026-08-10,2026-08-17,40107,Okfuskee County,Oklahoma,OK,quiet,0.000418,2728,61,501+,0.1,0.001911,2243,59,501+,0.3,0.023236,0.035342,0,0,0,,0.8678,2024-25
2026-08-10,2026-08-17,31083,Harlan County,Nebraska,NE,quiet,0.000418,2729,68,501+,0.1,0.002321,1954,28,501+,0.37,0.023225,0.046838,0,0,0,,0.956521739,2024-25
2026-08-10,2026-08-17,21071,Floyd County,Kentucky,KY,quiet,0.000418,2730,90,501+,0.1,0.000781,3009,103,501+,0.12,0.023225,0.0094,0,0,0,,0.947,2024-25
2026-08-10,2026-08-17,30109,Wibaux County,Montana,MT,quiet,0.000417,2731,40,501+,0.1,0.001565,2506,41,501+,0.25,0.02318,0.026386,0,0,0,,,
2026-08-10,2026-08-17,05057,Hempstead County,Arkansas,AR,quiet,0.000417,2732,56,501+,0.1,0.001453,2591,59,501+,0.23,0.02317,0.023652,0,0,0,,,
2026-08-10,2026-08-17,08023,Costilla County,Colorado,CO,quiet,0.000416,2733,51,501+,0.1,0.001746,2370,48,501+,0.28,0.023148,0.030966,0,0,0,,0.9722,2024-25
2026-08-10,2026-08-17,05127,Scott County,Arkansas,AR,quiet,0.000416,2734,57,501+,0.1,0.002374,1913,31,501+,0.38,0.023138,0.048389,0,0,0,,,
2026-08-10,2026-08-17,06091,Sierra County,California,CA,quiet,0.000416,2735,57,501+,0.1,0.001797,2336,57,501+,0.28,0.023136,0.0323,0,0,0,,0.94828,2024-25
2026-08-10,2026-08-17,48109,Culberson County,Texas,TX,quiet,0.000416,2736,221,501+,0.1,0.001276,2723,233,501+,0.2,0.023132,0.019521,0,0,0,,1.0,2024-25
2026-08-10,2026-08-17,13275,Thomas County,Georgia,GA,quiet,0.000416,2737,107,501+,0.1,0.001522,2543,105,501+,0.24,0.023127,0.025311,0,0,0,,,
2026-08-10,2026-08-17,47057,Grainger County,Tennessee,TN,quiet,0.000415,2738,86,501+,0.1,0.000941,2939,90,501+,0.15,0.023077,0.012409,0,0,0,,0.987,2024-25
2026-08-10,2026-08-17,38005,Benson County,North Dakota,ND,quiet,0.000415,2739,42,501+,0.1,0.001172,2795,43,501+,0.19,0.023074,0.017201,0,0,0,,1.0,2024-25
2026-08-10,2026-08-17,37185,Warren County,North Carolina,NC,quiet,0.000415,2740,94,501+,0.1,0.001186,2786,94,501+,0.19,0.023062,0.0175,0,0,0,,0.98701299,2024-25
2026-08-10,2026-08-17,29045,Clark County,Missouri,MO,quiet,0.000415,2741,108,501+,0.1,0.001557,2515,104,501+,0.25,0.023051,0.026186,0,0,0,,0.96,2024-25
2026-08-10,2026-08-17,27077,Lake of the Woods County,Minnesota,MN,quiet,0.000414,2742,86,501+,0.1,0.000956,2930,87,501+,0.15,0.023008,0.012708,0,0,0,,0.914,2024-25
2026-08-10,2026-08-17,51169,Scott County,Virginia,VA,quiet,0.000414,2743,110,501+,0.1,0.000881,2967,118,501+,0.14,0.022995,0.011242,0,0,0,,0.954,2024-25
2026-08-10,2026-08-17,01011,Bullock County,Alabama,AL,quiet,0.000414,2744,57,501+,0.1,0.000922,2948,63,501+,0.15,0.022994,0.01203,0,0,0,,0.9487,2024-25
2026-08-10,2026-08-17,08063,Kit Carson County,Colorado,CO,quiet,0.000413,2745,52,501+,0.1,0.002375,1912,42,501+,0.38,0.022954,0.048416,0,0,0,,0.8947,2024-25
2026-08-10,2026-08-17,05013,Calhoun County,Arkansas,AR,quiet,0.000413,2746,58,501+,0.1,0.001177,2792,71,501+,0.19,0.022937,0.0173,0,0,0,,,
2026-08-10,2026-08-17,28031,Covington County,Mississippi,MS,quiet,0.000413,2747,55,501+,0.1,0.000626,3080,80,501+,0.1,0.022935,0.006752,0,0,0,,0.9915,2024-25
2026-08-10,2026-08-17,48297,Live Oak County,Texas,TX,quiet,0.000413,2748,222,501+,0.1,0.00128,2721,232,501+,0.2,0.022914,0.019592,0,0,0,,0.984962,2024-25
2026-08-10,2026-08-17,21195,Pike County,Kentucky,KY,quiet,0.000413,2749,91,501+,0.1,0.001046,2883,90,501+,0.17,0.022911,0.01452,0,0,0,,0.96,2024-25
2026-08-10,2026-08-17,29081,Harrison County,Missouri,MO,quiet,0.000413,2750,109,501+,0.1,0.001064,2868,112,501+,0.17,0.02291,0.014891,0,0,0,,0.88,2024-25
2026-08-10,2026-08-17,01035,Conecuh County,Alabama,AL,quiet,0.000413,2751,58,501+,0.1,0.001569,2502,43,501+,0.25,0.022906,0.026462,0,0,0,,0.9302,2024-25
2026-08-10,2026-08-17,54101,Webster County,West Virginia,WV,quiet,0.000413,2752,46,501+,0.1,0.000785,3006,51,501+,0.12,0.022903,0.009469,0,0,0,,,
2026-08-10,2026-08-17,51620,Franklin City,Virginia,VA,quiet,0.000412,2753,111,501+,0.1,0.001285,2717,100,501+,0.2,0.022852,0.019724,0,0,0,,0.759,2024-25
2026-08-10,2026-08-17,51051,Dickenson County,Virginia,VA,quiet,0.000411,2754,112,501+,0.1,0.000781,3010,124,501+,0.12,0.022783,0.009386,0,0,0,,0.991,2024-25
2026-08-10,2026-08-17,05147,Woodruff County,Arkansas,AR,quiet,0.00041,2755,59,501+,0.1,0.00165,2444,49,501+,0.26,0.022721,0.028498,0,0,0,,,
2026-08-10,2026-08-17,28069,Kemper County,Mississippi,MS,quiet,0.000409,2756,56,501+,0.1,0.001095,2843,52,501+,0.17,0.02269,0.015547,0,0,0,,0.987,2024-25
2026-08-10,2026-08-17,26071,Iron County,Michigan,MI,quiet,0.000409,2757,78,501+,0.1,0.002294,1971,73,501+,0.36,0.022683,0.046045,0,0,0,,0.87155963,2024-25
2026-08-10,2026-08-17,21121,Knox County,Kentucky,KY,quiet,0.000408,2758,92,501+,0.1,0.000733,3033,105,501+,0.12,0.022636,0.008537,0,0,0,,0.892,2024-25
2026-08-10,2026-08-17,17009,Brown County,Illinois,IL,quiet,0.000408,2759,94,501+,0.1,0.00129,2713,87,501+,0.2,0.02263,0.019831,0,0,0,,0.977,2024-25
2026-08-10,2026-08-17,47099,Lawrence County,Tennessee,TN,quiet,0.000408,2760,87,501+,0.1,0.001597,2479,67,501+,0.25,0.022597,0.027166,0,0,0,,0.914,2024-25
2026-08-10,2026-08-17,31041,Custer County,Nebraska,NE,quiet,0.000407,2761,69,501+,0.1,0.001206,2773,69,501+,0.19,0.02257,0.017942,0,0,0,,0.9,2024-25
2026-08-10,2026-08-17,54023,Grant County,West Virginia,WV,quiet,0.000407,2762,47,501+,0.1,0.001295,2711,39,501+,0.21,0.022526,0.019936,0,0,0,,,
2026-08-10,2026-08-17,30039,Granite County,Montana,MT,quiet,0.000406,2763,41,501+,0.1,0.001689,2411,38,501+,0.27,0.022462,0.029502,0,0,0,,,
2026-08-10,2026-08-17,51750,Radford City,Virginia,VA,quiet,0.000406,2764,113,501+,0.1,0.001267,2729,101,501+,0.2,0.022446,0.019306,0,0,0,,0.959,2024-25
2026-08-10,2026-08-17,19047,Crawford County,Iowa,IA,quiet,0.000405,2765,98,501+,0.1,0.001623,2460,73,501+,0.26,0.022437,0.027823,0,0,0,,0.94468085,2024-25
2026-08-10,2026-08-17,13195,Madison County,Georgia,GA,quiet,0.000404,2766,108,501+,0.1,0.001693,2406,93,501+,0.27,0.022376,0.029602,0,0,0,,,
2026-08-10,2026-08-17,26119,Montmorency County,Michigan,MI,quiet,0.000404,2767,79,501+,0.1,0.000851,2981,81,501+,0.13,0.022357,0.010676,0,0,0,,0.89583333,2024-25
2026-08-10,2026-08-17,54013,Calhoun County,West Virginia,WV,quiet,0.000404,2768,48,501+,0.1,0.001115,2826,44,501+,0.18,0.022341,0.015982,0,0,0,,,
2026-08-10,2026-08-17,46075,Jones County,South Dakota,SD,quiet,0.000404,2769,61,501+,0.1,0.000993,2908,60,501+,0.16,0.022328,0.013446,0,0,0,,1.0,2024-25
2026-08-10,2026-08-17,27087,Mahnomen County,Minnesota,MN,quiet,0.000402,2770,87,501+,0.1,0.002162,2065,67,501+,0.34,0.022244,0.042272,0,0,0,,0.931,2024-25
2026-08-10,2026-08-17,28025,Clay County,Mississippi,MS,quiet,0.000402,2771,57,501+,0.1,0.001049,2881,57,501+,0.17,0.022226,0.01458,0,0,0,,0.9788,2024-25
2026-08-10,2026-08-17,01107,Pickens County,Alabama,AL,quiet,0.000402,2772,59,501+,0.1,0.001149,2811,58,501+,0.18,0.022223,0.016697,0,0,0,,0.9426,2024-25
2026-08-10,2026-08-17,48267,Kimble County,Texas,TX,quiet,0.000402,2773,223,501+,0.1,0.001983,2193,210,501+,0.31,0.022198,0.037299,0,0,0,,0.930233,2024-25
2026-08-10,2026-08-17,21043,Carter County,Kentucky,KY,quiet,0.000401,2774,93,501+,0.1,0.000915,2953,95,501+,0.14,0.022176,0.011898,0,0,0,,0.912,2024-25
2026-08-10,2026-08-17,28157,Wilkinson County,Mississippi,MS,quiet,0.000401,2775,58,501+,0.1,0.001146,2814,48,501+,0.18,0.022138,0.016637,0,0,0,,1.0,2024-25
2026-08-10,2026-08-17,17151,Pope County,Illinois,IL,quiet,0.0004,2776,95,501+,0.1,0.001291,2712,86,501+,0.2,0.022115,0.019861,0,0,0,,0.864,2024-25
2026-08-10,2026-08-17,13075,Cook County,Georgia,GA,quiet,0.0004,2777,109,501+,0.1,0.001055,2875,144,501+,0.17,0.022095,0.014719,0,0,0,,,
2026-08-10,2026-08-17,13257,Stephens County,Georgia,GA,quiet,0.000399,2778,110,501+,0.1,0.001216,2766,131,501+,0.19,0.022028,0.018175,0,0,0,,,
2026-08-10,2026-08-17,12029,Dixie County,Florida,FL,quiet,0.000398,2779,62,501+,0.1,0.001957,2211,55,501+,0.31,0.02194,0.03658,0,0,0,,0.936,2024-25
2026-08-10,2026-08-17,05137,Stone County,Arkansas,AR,quiet,0.000396,2780,60,501+,0.1,0.001506,2551,56,501+,0.24,0.021858,0.024916,0,0,0,,,
2026-08-10,2026-08-17,21139,Livingston County,Kentucky,KY,quiet,0.000396,2781,94,501+,0.1,0.000788,3003,102,501+,0.12,0.021855,0.009526,0,0,0,,0.924,2024-25
2026-08-10,2026-08-17,54015,Clay County,West Virginia,WV,quiet,0.000395,2782,49,501+,0.1,0.000992,2909,46,501+,0.16,0.021795,0.013421,0,0,0,,,
2026-08-10,2026-08-17,05149,Yell County,Arkansas,AR,quiet,0.000395,2783,61,501+,0.1,0.001159,2803,73,501+,0.18,0.021793,0.016924,0,0,0,,,
2026-08-10,2026-08-17,20183,Smith County,Kansas,KS,quiet,0.000395,2784,96,501+,0.1,0.0013,2704,91,501+,0.21,0.021765,0.020053,0,0,0,,0.8289,2024-25
2026-08-10,2026-08-17,17013,Calhoun County,Illinois,IL,quiet,0.000395,2785,96,501+,0.1,0.001214,2769,90,501+,0.19,0.02175,0.018128,0,0,0,,0.982,2024-25
2026-08-10,2026-08-17,38007,Billings County,North Dakota,ND,quiet,0.000394,2786,43,501+,0.1,0.001178,2790,42,501+,0.19,0.021721,0.017339,0,0,0,,0.6667,2024-25
2026-08-10,2026-08-17,48393,Roberts County,Texas,TX,quiet,0.000392,2787,224,501+,0.1,0.001217,2765,235,501+,0.19,0.021594,0.018192,0,0,0,,1.0,2024-25
2026-08-10,2026-08-17,28013,Calhoun County,Mississippi,MS,quiet,0.000392,2788,59,501+,0.1,0.001109,2829,50,501+,0.18,0.021579,0.015843,0,0,0,,0.9879,2024-25
2026-08-10,2026-08-17,20167,Russell County,Kansas,KS,quiet,0.000392,2789,97,501+,0.1,0.002142,2080,66,501+,0.34,0.021553,0.041723,0,0,0,,0.9249,2024-25
2026-08-10,2026-08-17,19039,Clarke County,Iowa,IA,quiet,0.000392,2790,99,501+,0.1,0.001034,2890,99,501+,0.16,0.021543,0.01427,0,0,0,,0.92741935,2024-25
2026-08-10,2026-08-17,20025,Clark County,Kansas,KS,quiet,0.00039,2791,98,501+,0.1,0.001286,2716,92,501+,0.2,0.02144,0.019728,0,0,0,,0.6696,2024-25
2026-08-10,2026-08-17,29075,Gentry County,Missouri,MO,quiet,0.00039,2792,110,501+,0.1,0.001467,2584,108,501+,0.23,0.021436,0.023967,0,0,0,,0.983,2024-25
2026-08-10,2026-08-17,13205,Mitchell County,Georgia,GA,quiet,0.00039,2793,111,501+,0.1,0.001701,2396,92,501+,0.27,0.021425,0.029819,0,0,0,,,
2026-08-10,2026-08-17,13293,Upson County,Georgia,GA,quiet,0.000389,2794,112,501+,0.1,0.001049,2882,147,501+,0.17,0.021384,0.014579,0,0,0,,,
2026-08-10,2026-08-17,13209,Montgomery County,Georgia,GA,quiet,0.000389,2795,113,501+,0.1,0.001471,2579,111,501+,0.23,0.021365,0.02407,0,0,0,,,
2026-08-10,2026-08-17,06003,Alpine County,California,CA,quiet,0.000388,2796,58,501+,0.1,0.00143,2612,58,501+,0.23,0.021317,0.023093,0,0,0,,,
2026-08-10,2026-08-17,29205,Shelby County,Missouri,MO,quiet,0.000388,2797,111,501+,0.09,0.00077,3016,114,501+,0.12,0.021282,0.009202,0,0,0,,0.901,2024-25
2026-08-10,2026-08-17,38043,Kidder County,North Dakota,ND,quiet,0.000387,2798,44,501+,0.09,0.001516,2546,37,501+,0.24,0.021234,0.025162,0,0,0,,0.88,2024-25
2026-08-10,2026-08-17,21135,Lewis County,Kentucky,KY,quiet,0.000387,2799,95,501+,0.09,0.000652,3070,113,501+,0.1,0.021233,0.007178,0,0,0,,0.951,2024-25
2026-08-10,2026-08-17,01105,Perry County,Alabama,AL,quiet,0.000386,2800,60,501+,0.09,0.000694,3054,65,501+,0.11,0.021204,0.007866,0,0,0,,0.9512,2024-25
2026-08-10,2026-08-17,37153,Richmond County,North Carolina,NC,quiet,0.000386,2801,95,501+,0.09,0.001511,2548,87,501+,0.24,0.021178,0.025049,0,0,0,,0.97429306,2024-25
2026-08-10,2026-08-17,13009,Baldwin County,Georgia,GA,quiet,0.000386,2802,114,501+,0.09,0.001668,2426,96,501+,0.26,0.021157,0.028968,0,0,0,,,
2026-08-10,2026-08-17,40133,Seminole County,Oklahoma,OK,quiet,0.000385,2803,62,501+,0.09,0.001924,2234,57,501+,0.3,0.02111,0.035674,0,0,0,,0.8199,2024-25
2026-08-10,2026-08-17,40095,Marshall County,Oklahoma,OK,quiet,0.000385,2804,63,501+,0.09,0.001159,2805,76,501+,0.18,0.021107,0.016921,0,0,0,,0.9161,2024-25
2026-08-10,2026-08-17,51193,Westmoreland County,Virginia,VA,quiet,0.000385,2805,114,501+,0.09,0.001218,2763,103,501+,0.19,0.021102,0.018222,0,0,0,,0.934,2024-25
2026-08-10,2026-08-17,51670,Hopewell City,Virginia,VA,quiet,0.000384,2806,115,501+,0.09,0.001381,2640,95,501+,0.22,0.021041,0.021922,0,0,0,,0.72,2024-25
2026-08-10,2026-08-17,01079,Lawrence County,Alabama,AL,quiet,0.000384,2807,61,501+,0.09,0.00104,2886,61,501+,0.16,0.021035,0.014406,0,0,0,,0.941,2024-25
2026-08-10,2026-08-17,40063,Hughes County,Oklahoma,OK,quiet,0.000383,2808,64,501+,0.09,0.001838,2309,62,501+,0.29,0.021013,0.033372,0,0,0,,0.8986,2024-25
2026-08-10,2026-08-17,01063,Greene County,Alabama,AL,quiet,0.000382,2809,62,501+,0.09,0.000867,2974,64,501+,0.14,0.020948,0.010989,0,0,0,,0.85,2024-25
2026-08-10,2026-08-17,28017,Chickasaw County,Mississippi,MS,quiet,0.000382,2810,60,501+,0.09,0.000914,2954,64,501+,0.14,0.020924,0.011877,0,0,0,,0.9957,2024-25
2026-08-10,2026-08-17,55051,Iron County,Wisconsin,WI,quiet,0.000381,2811,70,501+,0.09,0.000987,2916,69,501+,0.16,0.020867,0.013331,0,0,0,,0.83,2024-25
2026-08-10,2026-08-17,13317,Wilkes County,Georgia,GA,quiet,0.000381,2812,115,501+,0.09,0.001091,2848,141,501+,0.17,0.020864,0.01546,0,0,0,,,
2026-08-10,2026-08-17,28145,Union County,Mississippi,MS,quiet,0.000381,2813,61,501+,0.09,0.000984,2919,60,501+,0.16,0.020837,0.01327,0,0,0,,0.9745,2024-25
2026-08-10,2026-08-17,48429,Stephens County,Texas,TX,quiet,0.00038,2814,225,501+,0.09,0.003192,1486,160,501+,0.51,0.020793,0.073699,0,0,0,,0.918367,2024-25
2026-08-10,2026-08-17,13305,Wayne County,Georgia,GA,quiet,0.00038,2815,116,501+,0.09,0.001581,2496,100,501+,0.25,0.020786,0.02678,0,0,0,,,
2026-08-10,2026-08-17,31011,Boone County,Nebraska,NE,quiet,0.00038,2816,70,501+,0.09,0.00071,3047,85,501+,0.11,0.020768,0.008138,0,0,0,,0.984615385,2024-25
2026-08-10,2026-08-17,48385,Real County,Texas,TX,quiet,0.000379,2817,226,501+,0.09,0.001603,2474,221,501+,0.25,0.020759,0.02731,0,0,0,,0.944444,2024-25
2026-08-10,2026-08-17,21131,Leslie County,Kentucky,KY,quiet,0.000379,2818,96,501+,0.09,0.00071,3046,108,501+,0.11,0.020748,0.008152,0,0,0,,0.89622642,2024-25
2026-08-10,2026-08-17,17059,Gallatin County,Illinois,IL,quiet,0.000378,2819,97,501+,0.09,0.001274,2725,88,501+,0.2,0.020702,0.019458,0,0,0,,0.979,2024-25
2026-08-10,2026-08-17,47007,Bledsoe County,Tennessee,TN,quiet,0.000378,2820,88,501+,0.09,0.00125,2743,82,501+,0.2,0.02065,0.018922,0,0,0,,0.944,2024-25
2026-08-10,2026-08-17,40115,Ottawa County,Oklahoma,OK,quiet,0.000377,2821,65,501+,0.09,0.001419,2620,72,501+,0.22,0.020627,0.02283,0,0,0,,0.8612,2024-25
2026-08-10,2026-08-17,35037,Quay County,New Mexico,NM,quiet,0.000377,2822,28,501+,0.09,0.001443,2602,28,501+,0.23,0.020623,0.023401,0,0,0,,0.9362,2024-25
2026-08-10,2026-08-17,38083,Sheridan County,North Dakota,ND,quiet,0.000377,2823,45,501+,0.09,0.000825,2992,50,501+,0.13,0.020609,0.010202,0,0,0,,0.5714,2024-25
2026-08-10,2026-08-17,30107,Wheatland County,Montana,MT,quiet,0.000377,2824,42,501+,0.09,0.000985,2918,46,501+,0.16,0.020601,0.013282,0,0,0,,,
2026-08-10,2026-08-17,28009,Benton County,Mississippi,MS,quiet,0.000376,2825,62,501+,0.09,0.000983,2920,61,501+,0.16,0.020557,0.013246,0,0,0,,0.9878,2024-25
2026-08-10,2026-08-17,21119,Knott County,Kentucky,KY,quiet,0.000376,2826,97,501+,0.09,0.001012,2898,92,501+,0.16,0.020544,0.013838,0,0,0,,0.811,2024-25
2026-08-10,2026-08-17,21197,Powell County,Kentucky,KY,quiet,0.000376,2827,98,501+,0.09,0.001213,2770,81,501+,0.19,0.020538,0.018103,0,0,0,,0.933,2024-25
2026-08-10,2026-08-17,21095,Harlan County,Kentucky,KY,quiet,0.000376,2828,99,501+,0.09,0.000688,3057,112,501+,0.11,0.020525,0.007767,0,0,0,,0.81896552,2024-25
2026-08-10,2026-08-17,30033,Garfield County,Montana,MT,quiet,0.000376,2829,43,501+,0.09,0.000926,2945,47,501+,0.15,0.020523,0.012117,0,0,0,,,
2026-08-10,2026-08-17,05095,Monroe County,Arkansas,AR,quiet,0.000375,2830,62,501+,0.09,0.001238,2753,67,501+,0.2,0.020496,0.018652,0,0,0,,,
2026-08-10,2026-08-17,13235,Pulaski County,Georgia,GA,quiet,0.000375,2831,117,501+,0.09,0.001089,2849,142,501+,0.17,0.020471,0.015417,0,0,0,,,
2026-08-10,2026-08-17,13071,Colquitt County,Georgia,GA,quiet,0.000374,2832,118,501+,0.09,0.001918,2239,79,501+,0.3,0.020441,0.035527,0,0,0,,,
2026-08-10,2026-08-17,21099,Hart County,Kentucky,KY,quiet,0.000374,2833,100,501+,0.09,0.001463,2587,68,501+,0.23,0.02044,0.023888,0,0,0,,0.863,2024-25
2026-08-10,2026-08-17,05111,Poinsett County,Arkansas,AR,quiet,0.000374,2834,63,501+,0.09,0.001221,2762,69,501+,0.19,0.020401,0.01827,0,0,0,,,
2026-08-10,2026-08-17,54071,Pendleton County,West Virginia,WV,quiet,0.000374,2835,50,501+,0.09,0.000915,2952,47,501+,0.14,0.020385,0.011899,0,0,0,,,
2026-08-10,2026-08-17,13233,Polk County,Georgia,GA,quiet,0.000373,2836,119,501+,0.09,0.001945,2221,77,501+,0.31,0.020354,0.036269,0,0,0,,,
2026-08-10,2026-08-17,30045,Judith Basin County,Montana,MT,quiet,0.000372,2837,44,501+,0.09,0.00092,2949,48,501+,0.15,0.020287,0.011988,0,0,0,,,
2026-08-10,2026-08-17,20171,Scott County,Kansas,KS,quiet,0.000372,2838,99,501+,0.09,0.00159,2485,85,501+,0.25,0.020267,0.027008,0,0,0,,1.0,2024-25
2026-08-10,2026-08-17,47029,Cocke County,Tennessee,TN,quiet,0.000372,2839,89,501+,0.09,0.001371,2646,75,501+,0.22,0.020263,0.021709,0,0,0,,0.945,2024-25
2026-08-10,2026-08-17,47069,Hardeman County,Tennessee,TN,quiet,0.00037,2840,90,501+,0.09,0.000736,3029,93,501+,0.12,0.020185,0.0086,0,0,0,,0.991,2024-25
2026-08-10,2026-08-17,28163,Yazoo County,Mississippi,MS,quiet,0.00037,2841,63,501+,0.09,0.000853,2979,67,501+,0.14,0.020172,0.010708,0,0,0,,0.9884,2024-25
2026-08-10,2026-08-17,48237,Jack County,Texas,TX,quiet,0.00037,2842,227,501+,0.09,0.00191,2244,211,501+,0.3,0.02013,0.03531,0,0,0,,0.835294,2024-25
2026-08-10,2026-08-17,22025,Catahoula Parish,Louisiana,LA,quiet,0.000369,2843,61,501+,0.09,0.001298,2707,52,501+,0.21,0.020112,0.020012,0,0,0,,0.9459,2024-25
2026-08-10,2026-08-17,21237,Wolfe County,Kentucky,KY,quiet,0.000368,2844,101,501+,0.09,0.000728,3035,106,501+,0.12,0.02004,0.00845,0,0,0,,0.929,2024-25
2026-08-10,2026-08-17,21147,McCreary County,Kentucky,KY,quiet,0.000367,2845,102,501+,0.09,0.000851,2980,98,501+,0.13,0.019997,0.010686,0,0,0,,0.957,2024-25
2026-08-10,2026-08-17,05117,Prairie County,Arkansas,AR,quiet,0.000367,2846,64,501+,0.09,0.001222,2760,68,501+,0.19,0.019948,0.01831,0,0,0,,,
2026-08-10,2026-08-17,08089,Otero County,Colorado,CO,quiet,0.000367,2847,53,501+,0.09,0.001538,2534,53,501+,0.24,0.019939,0.025699,0,0,0,,0.932,2024-25
2026-08-10,2026-08-17,08073,Lincoln County,Colorado,CO,quiet,0.000366,2848,54,501+,0.09,0.001587,2490,52,501+,0.25,0.01993,0.026929,0,0,0,,0.8644,2024-25
2026-08-10,2026-08-17,31123,Morrill County,Nebraska,NE,quiet,0.000366,2849,71,501+,0.09,0.001716,2387,53,501+,0.27,0.019911,0.030182,0,0,0,,0.844444444,2024-25
2026-08-10,2026-08-17,28041,Greene County,Mississippi,MS,quiet,0.000366,2850,64,501+,0.09,0.001194,2780,45,501+,0.19,0.019909,0.017677,0,0,0,,0.9853,2024-25
2026-08-10,2026-08-17,13081,Crisp County,Georgia,GA,quiet,0.000365,2851,120,501+,0.09,0.000927,2944,152,501+,0.15,0.019863,0.012138,0,0,0,,,
2026-08-10,2026-08-17,05101,Newton County,Arkansas,AR,quiet,0.000365,2852,65,501+,0.09,0.001404,2630,64,501+,0.22,0.019822,0.022476,0,0,0,,,
2026-08-10,2026-08-17,51036,Charles City County,Virginia,VA,quiet,0.000365,2853,116,501+,0.09,0.001005,2901,112,501+,0.16,0.01981,0.013679,0,0,0,,0.645,2024-25
2026-08-10,2026-08-17,46119,Sully County,South Dakota,SD,quiet,0.000364,2854,62,501+,0.09,0.00117,2797,56,501+,0.19,0.019795,0.017161,0,0,0,,0.83,2024-25
2026-08-10,2026-08-17,47127,Moore County,Tennessee,TN,quiet,0.000364,2855,91,501+,0.09,0.001351,2664,76,501+,0.21,0.019764,0.021227,0,0,0,,0.917,2024-25
2026-08-10,2026-08-17,01085,Lowndes County,Alabama,AL,quiet,0.000363,2856,63,501+,0.09,0.001107,2832,60,501+,0.18,0.019726,0.0158,0,0,0,,0.9099,2024-25
2026-08-10,2026-08-17,13229,Pierce County,Georgia,GA,quiet,0.000362,2857,121,501+,0.09,0.00172,2384,90,501+,0.27,0.019676,0.030289,0,0,0,,,
2026-08-10,2026-08-17,48081,Coke County,Texas,TX,quiet,0.000362,2858,228,501+,0.09,0.001469,2581,226,501+,0.23,0.01967,0.024027,0,0,0,,0.911765,2024-25
2026-08-10,2026-08-17,12027,DeSoto County,Florida,FL,quiet,0.000362,2859,63,501+,0.09,0.00126,2735,63,501+,0.2,0.019636,0.019157,0,0,0,,0.911,2024-25
2026-08-10,2026-08-17,28155,Webster County,Mississippi,MS,quiet,0.000361,2860,65,501+,0.09,0.001078,2857,53,501+,0.17,0.019597,0.015183,0,0,0,,0.9925,2024-25
2026-08-10,2026-08-17,30059,Meagher County,Montana,MT,quiet,0.000361,2861,45,501+,0.09,0.000842,2986,50,501+,0.13,0.019589,0.010521,0,0,0,,,
2026-08-10,2026-08-17,40011,Blaine County,Oklahoma,OK,quiet,0.00036,2862,66,501+,0.09,0.001246,2746,75,501+,0.2,0.019552,0.018841,0,0,0,,0.9286,2024-25
2026-08-10,2026-08-17,31075,Grant County,Nebraska,NE,quiet,0.00036,2863,72,501+,0.09,0.001322,2690,67,501+,0.21,0.019518,0.020558,0,0,0,,0.785714286,2024-25
2026-08-10,2026-08-17,05073,Lafayette County,Arkansas,AR,quiet,0.000359,2864,66,501+,0.09,0.001528,2541,55,501+,0.24,0.01949,0.025454,0,0,0,,,
2026-08-10,2026-08-17,02188,Northwest Arctic Borough,Alaska,AK,quiet,0.000358,2865,24,501+,0.09,0.001652,2440,18,501+,0.26,0.019414,0.028551,0,0,0,,,
2026-08-10,2026-08-17,54105,Wirt County,West Virginia,WV,quiet,0.000357,2866,51,501+,0.09,0.000717,3042,55,501+,0.11,0.019329,0.00827,0,0,0,,,
2026-08-10,2026-08-17,13061,Clay County,Georgia,GA,quiet,0.000357,2867,122,501+,0.09,0.001416,2621,116,501+,0.22,0.019311,0.022755,0,0,0,,,
2026-08-10,2026-08-17,48275,Knox County,Texas,TX,quiet,0.000356,2868,229,501+,0.09,0.001876,2273,213,501+,0.3,0.019258,0.034392,0,0,0,,0.92,2024-25
2026-08-10,2026-08-17,13261,Sumter County,Georgia,GA,quiet,0.000355,2869,123,501+,0.09,0.001119,2823,136,501+,0.18,0.019188,0.016067,0,0,0,,,
2026-08-10,2026-08-17,31089,Holt County,Nebraska,NE,quiet,0.000355,2870,73,501+,0.09,0.001088,2850,74,501+,0.17,0.019174,0.015406,0,0,0,,0.951086957,2024-25
2026-08-10,2026-08-17,41045,Malheur County,Oregon,OR,quiet,0.000354,2871,34,501+,0.09,0.001799,2333,33,501+,0.29,0.019112,0.032359,0,0,0,,0.921,2024-25
2026-08-10,2026-08-17,41055,Sherman County,Oregon,OR,quiet,0.000353,2872,35,501+,0.09,0.001039,2887,36,501+,0.16,0.019084,0.014389,0,0,0,,0.911,2024-25
2026-08-10,2026-08-17,48271,Kinney County,Texas,TX,quiet,0.000353,2873,230,501+,0.09,0.000834,2988,241,501+,0.13,0.019079,0.010359,0,0,0,,0.90625,2024-25
2026-08-10,2026-08-17,13299,Ware County,Georgia,GA,quiet,0.000352,2874,124,501+,0.09,0.001445,2600,114,501+,0.23,0.019013,0.02346,0,0,0,,,
2026-08-10,2026-08-17,13253,Seminole County,Georgia,GA,quiet,0.000352,2875,125,501+,0.09,0.001789,2343,83,501+,0.28,0.019005,0.032099,0,0,0,,,
2026-08-10,2026-08-17,05097,Montgomery County,Arkansas,AR,quiet,0.000352,2876,67,501+,0.09,0.001838,2307,43,501+,0.29,0.019004,0.033377,0,0,0,,,
2026-08-10,2026-08-17,31003,Antelope County,Nebraska,NE,quiet,0.000351,2877,74,501+,0.09,0.001327,2684,66,501+,0.21,0.018974,0.020685,0,0,0,,0.875,2024-25
2026-08-10,2026-08-17,13197,Marion County,Georgia,GA,quiet,0.000351,2878,126,501+,0.09,0.001325,2686,125,501+,0.21,0.018943,0.020621,0,0,0,,,
2026-08-10,2026-08-17,28133,Sunflower County,Mississippi,MS,quiet,0.000351,2879,66,501+,0.09,0.000805,2998,68,501+,0.13,0.01892,0.009827,0,0,0,,0.9872,2024-25
2026-08-10,2026-08-17,02070,Dillingham Census Area,Alaska,AK,quiet,0.00035,2880,25,501+,0.09,0.001893,2260,16,501+,0.3,0.018862,0.03484,0,0,0,,,
2026-08-10,2026-08-17,29087,Holt County,Missouri,MO,quiet,0.000349,2881,112,501+,0.09,0.001434,2606,109,501+,0.23,0.018814,0.023189,0,0,0,,0.872,2024-25
2026-08-10,2026-08-17,38047,Logan County,North Dakota,ND,quiet,0.000348,2882,46,501+,0.09,0.001005,2900,45,501+,0.16,0.018768,0.013691,0,0,0,,0.7,2024-25
2026-08-10,2026-08-17,51027,Buchanan County,Virginia,VA,quiet,0.000348,2883,117,501+,0.09,0.000742,3027,127,501+,0.12,0.018733,0.008701,0,0,0,,0.982,2024-25
2026-08-10,2026-08-17,21065,Estill County,Kentucky,KY,quiet,0.000347,2884,103,501+,0.08,0.000696,3052,111,501+,0.11,0.018672,0.0079,0,0,0,,0.951,2024-25
2026-08-10,2026-08-17,46071,Jackson County,South Dakota,SD,quiet,0.000346,2885,63,501+,0.08,0.000845,2983,63,501+,0.13,0.018622,0.01057,0,0,0,,1.0,2024-25
2026-08-10,2026-08-17,46121,Todd County,South Dakota,SD,quiet,0.000345,2886,64,501+,0.08,0.000685,3059,65,501+,0.11,0.018602,0.007724,0,0,0,,0.86,2024-25
2026-08-10,2026-08-17,35019,Guadalupe County,New Mexico,NM,quiet,0.000345,2887,29,501+,0.08,0.002392,1894,23,501+,0.38,0.01858,0.048911,0,0,0,,0.9697,2024-25
2026-08-10,2026-08-17,28021,Claiborne County,Mississippi,MS,quiet,0.000345,2888,67,501+,0.08,0.000725,3039,73,501+,0.11,0.018561,0.008399,0,0,0,,1.0,2024-25
2026-08-10,2026-08-17,40035,Craig County,Oklahoma,OK,quiet,0.000345,2889,67,501+,0.08,0.002209,2038,50,501+,0.35,0.018542,0.043614,0,0,0,,0.8908,2024-25
2026-08-10,2026-08-17,47091,Johnson County,Tennessee,TN,quiet,0.000343,2890,92,501+,0.08,0.001024,2895,86,501+,0.16,0.018471,0.014078,0,0,0,,0.884,2024-25
2026-08-10,2026-08-17,48137,Edwards County,Texas,TX,quiet,0.000342,2891,231,501+,0.08,0.001131,2820,236,501+,0.18,0.018369,0.016309,0,0,0,,0.933333,2024-25
2026-08-10,2026-08-17,22065,Madison Parish,Louisiana,LA,quiet,0.000341,2892,62,501+,0.08,0.001117,2824,56,501+,0.18,0.018341,0.016007,0,0,0,,0.8864,2024-25
2026-08-10,2026-08-17,48333,Mills County,Texas,TX,quiet,0.000341,2893,232,501+,0.08,0.001483,2570,225,501+,0.24,0.018309,0.024375,0,0,0,,1.0,2024-25
2026-08-10,2026-08-17,51530,Buena Vista City,Virginia,VA,quiet,0.00034,2894,118,501+,0.08,0.001094,2845,108,501+,0.17,0.018259,0.015527,0,0,0,,0.929,2024-25
2026-08-10,2026-08-17,08053,Hinsdale County,Colorado,CO,quiet,0.00034,2895,55,501+,0.08,0.000907,2962,59,501+,0.14,0.018244,0.011752,0,0,0,,0.8,2024-25
2026-08-10,2026-08-17,21057,Cumberland County,Kentucky,KY,quiet,0.000339,2896,104,501+,0.08,0.00116,2802,83,501+,0.18,0.018202,0.016948,0,0,0,,0.865,2024-25
2026-08-10,2026-08-17,48307,McCulloch County,Texas,TX,quiet,0.000338,2897,233,501+,0.08,0.002276,1989,198,501+,0.36,0.018099,0.04552,0,0,0,,0.939759,2024-25
2026-08-10,2026-08-17,51017,Bath County,Virginia,VA,quiet,0.000337,2898,119,501+,0.08,0.000871,2972,120,501+,0.14,0.018092,0.011063,0,0,0,,0.896,2024-25
2026-08-10,2026-08-17,28117,Prentiss County,Mississippi,MS,quiet,0.000336,2899,68,501+,0.08,0.000726,3037,72,501+,0.12,0.017976,0.008423,0,0,0,,0.9961,2024-25
2026-08-10,2026-08-17,13175,Laurens County,Georgia,GA,quiet,0.000334,2900,127,501+,0.08,0.001585,2493,99,501+,0.25,0.017877,0.026877,0,0,0,,,
2026-08-10,2026-08-17,21023,Bracken County,Kentucky,KY,quiet,0.000334,2901,105,501+,0.08,0.001138,2818,87,501+,0.18,0.017863,0.01646,0,0,0,,0.856,2024-25
2026-08-10,2026-08-17,13001,Appling County,Georgia,GA,quiet,0.000334,2902,128,501+,0.08,0.002167,2060,63,501+,0.34,0.017858,0.042427,0,0,0,,,
2026-08-10,2026-08-17,37079,Greene County,North Carolina,NC,quiet,0.000333,2903,96,501+,0.08,0.001298,2708,91,501+,0.21,0.017825,0.020008,0,0,0,,0.99502488,2024-25
2026-08-10,2026-08-17,05011,Bradley County,Arkansas,AR,quiet,0.000332,2904,68,501+,0.08,0.001785,2345,46,501+,0.28,0.017775,0.03198,0,0,0,,,
2026-08-10,2026-08-17,15005,Kalawao County,Hawaii,HI,quiet,0.000332,2905,5,501+,0.08,0.000595,3089,5,501+,0.09,0.017771,0.006246,0,0,0,,,
2026-08-10,2026-08-17,46137,Ziebach County,South Dakota,SD,quiet,0.000332,2906,65,501+,0.08,0.001085,2852,58,501+,0.17,0.017729,0.015341,0,0,0,,1.0,2024-25
2026-08-10,2026-08-17,40033,Cotton County,Oklahoma,OK,quiet,0.000331,2907,68,501+,0.08,0.00126,2736,74,501+,0.2,0.01767,0.019156,0,0,0,,0.873,2024-25
2026-08-10,2026-08-17,37187,Washington County,North Carolina,NC,quiet,0.00033,2908,97,501+,0.08,0.000614,3084,100,501+,0.1,0.017641,0.006545,0,0,0,,1.0,2024-25
2026-08-10,2026-08-17,30011,Carter County,Montana,MT,quiet,0.00033,2909,46,501+,0.08,0.001191,2783,43,501+,0.19,0.017635,0.017621,0,0,0,,,
2026-08-10,2026-08-17,49031,Piute County,Utah,UT,quiet,0.00033,2910,28,501+,0.08,0.001344,2669,28,501+,0.21,0.017618,0.021072,0,0,0,,,
2026-08-10,2026-08-17,54109,Wyoming County,West Virginia,WV,quiet,0.000329,2911,52,501+,0.08,0.000863,2978,49,501+,0.14,0.01757,0.010901,0,0,0,,,
2026-08-10,2026-08-17,40059,Harper County,Oklahoma,OK,quiet,0.000329,2912,69,501+,0.08,0.001759,2358,64,501+,0.28,0.017559,0.031313,0,0,0,,0.963,2024-25
2026-08-10,2026-08-17,05037,Cross County,Arkansas,AR,quiet,0.000329,2913,69,501+,0.08,0.001305,2699,66,501+,0.21,0.017556,0.020167,0,0,0,,,
2026-08-10,2026-08-17,13155,Irwin County,Georgia,GA,quiet,0.000329,2914,129,501+,0.08,0.001493,2564,108,501+,0.24,0.017534,0.024609,0,0,0,,,
2026-08-10,2026-08-17,31077,Greeley County,Nebraska,NE,quiet,0.000328,2915,75,501+,0.08,0.00135,2665,64,501+,0.21,0.017513,0.021215,0,0,0,,0.891891892,2024-25
2026-08-10,2026-08-17,13069,Coffee County,Georgia,GA,quiet,0.000328,2916,130,501+,0.08,0.001689,2410,94,501+,0.27,0.017493,0.029502,0,0,0,,,
2026-08-10,2026-08-17,29085,Hickory County,Missouri,MO,quiet,0.000327,2917,113,501+,0.08,0.001971,2202,85,501+,0.31,0.017448,0.036963,0,0,0,,0.891,2024-25
2026-08-10,2026-08-17,28097,Montgomery County,Mississippi,MS,quiet,0.000327,2918,69,501+,0.08,0.001581,2497,34,501+,0.25,0.017444,0.026759,0,0,0,,0.9722,2024-25
2026-08-10,2026-08-17,31035,Clay County,Nebraska,NE,quiet,0.000326,2919,76,501+,0.08,0.001032,2891,77,501+,0.16,0.017397,0.014234,0,0,0,,0.916666667,2024-25
2026-08-10,2026-08-17,21051,Clay County,Kentucky,KY,quiet,0.000326,2920,106,501+,0.08,0.000911,2957,96,501+,0.14,0.017383,0.011817,0,0,0,,0.904,2024-25
2026-08-10,2026-08-17,51097,King and Queen County,Virginia,VA,quiet,0.000326,2921,120,501+,0.08,0.000973,2922,115,501+,0.15,0.017373,0.013037,0,0,0,,0.907,2024-25
2026-08-10,2026-08-17,49009,Daggett County,Utah,UT,quiet,0.000326,2922,29,501+,0.08,0.000652,3071,29,501+,0.1,0.017363,0.007177,0,0,0,,,
2026-08-10,2026-08-17,51159,Richmond County,Virginia,VA,quiet,0.000324,2923,121,501+,0.08,0.000785,3007,123,501+,0.12,0.017256,0.009466,0,0,0,,0.908,2024-25
2026-08-10,2026-08-17,26131,Ontonagon County,Michigan,MI,quiet,0.000324,2924,80,501+,0.08,0.001104,2835,80,501+,0.17,0.017254,0.015731,0,0,0,,0.82142857,2024-25
2026-08-10,2026-08-17,13109,Evans County,Georgia,GA,quiet,0.000324,2925,131,501+,0.08,0.001099,2840,138,501+,0.17,0.017242,0.015636,0,0,0,,,
2026-08-10,2026-08-17,22035,East Carroll Parish,Louisiana,LA,quiet,0.000323,2926,63,501+,0.08,0.00091,2959,62,501+,0.14,0.017208,0.011809,0,0,0,,,
2026-08-10,2026-08-17,51183,Sussex County,Virginia,VA,quiet,0.000323,2927,122,501+,0.08,0.00099,2914,114,501+,0.16,0.017182,0.013392,0,0,0,,0.75,2024-25
2026-08-10,2026-08-17,38085,Sioux County,North Dakota,ND,quiet,0.000323,2928,47,501+,0.08,0.000971,2924,48,501+,0.15,0.017173,0.013007,0,0,0,,0.875,2024-25
2026-08-10,2026-08-17,05041,Desha County,Arkansas,AR,quiet,0.000322,2929,70,501+,0.08,0.001835,2311,44,501+,0.29,0.01715,0.033304,0,0,0,,,
2026-08-10,2026-08-17,13269,Taylor County,Georgia,GA,quiet,0.000322,2930,132,501+,0.08,0.001063,2869,143,501+,0.17,0.017133,0.014886,0,0,0,,,
2026-08-10,2026-08-17,17061,Greene County,Illinois,IL,quiet,0.000322,2931,98,501+,0.08,0.000759,3020,99,501+,0.12,0.017114,0.009008,0,0,0,,0.986,2024-25
2026-08-10,2026-08-17,38091,Steele County,North Dakota,ND,quiet,0.00032,2932,48,501+,0.08,0.000587,3090,52,501+,0.09,0.017018,0.006126,0,0,0,,1.0,2024-25
2026-08-10,2026-08-17,02050,Bethel Census Area,Alaska,AK,quiet,0.00032,2933,26,501+,0.08,0.001993,2187,15,501+,0.32,0.017003,0.037552,0,0,0,,,
2026-08-10,2026-08-17,40075,Kiowa County,Oklahoma,OK,quiet,0.00032,2934,70,501+,0.08,0.001888,2263,61,501+,0.3,0.016992,0.034723,0,0,0,,0.9277,2024-25
2026-08-10,2026-08-17,20179,Sheridan County,Kansas,KS,quiet,0.00032,2935,100,501+,0.08,0.000892,2965,101,501+,0.14,0.016992,0.011457,0,0,0,,0.8597,2024-25
2026-08-10,2026-08-17,02164,Lake and Peninsula Borough,Alaska,AK,quiet,0.000317,2936,27,501+,0.08,0.001058,2872,27,501+,0.17,0.016835,0.014778,0,0,0,,,
2026-08-10,2026-08-17,26095,Luce County,Michigan,MI,quiet,0.000316,2937,81,501+,0.08,0.001794,2338,74,501+,0.28,0.016731,0.032214,0,0,0,,0.91891892,2024-25
2026-08-10,2026-08-17,13283,Treutlen County,Georgia,GA,quiet,0.000315,2938,133,501+,0.08,0.001094,2844,139,501+,0.17,0.016719,0.015528,0,0,0,,,
2026-08-10,2026-08-17,01131,Wilcox County,Alabama,AL,quiet,0.000315,2939,64,501+,0.08,0.001396,2634,51,501+,0.22,0.016706,0.022291,0,0,0,,0.8571,2024-25
2026-08-10,2026-08-17,54059,Mingo County,West Virginia,WV,quiet,0.000315,2940,53,501+,0.08,0.000817,2995,50,501+,0.13,0.016695,0.01004,0,0,0,,,
2026-08-10,2026-08-17,40129,Roger Mills County,Oklahoma,OK,quiet,0.000315,2941,71,501+,0.08,0.001564,2508,71,501+,0.25,0.01669,0.026353,0,0,0,,0.9286,2024-25
2026-08-10,2026-08-17,28143,Tunica County,Mississippi,MS,quiet,0.000315,2942,70,501+,0.08,0.000675,3064,76,501+,0.11,0.016687,0.007547,0,0,0,,0.9928,2024-25
2026-08-10,2026-08-17,37015,Bertie County,North Carolina,NC,quiet,0.000315,2943,98,501+,0.08,0.000896,2964,98,501+,0.14,0.016669,0.011542,0,0,0,,1.0,2024-25
2026-08-10,2026-08-17,31005,Arthur County,Nebraska,NE,quiet,0.000315,2944,77,501+,0.08,0.001029,2893,78,501+,0.16,0.016658,0.014183,0,0,0,,0.8333,2021-22
2026-08-10,2026-08-17,37091,Hertford County,North Carolina,NC,quiet,0.000314,2945,99,501+,0.08,0.000834,2987,99,501+,0.13,0.016635,0.010361,0,0,0,,0.97530864,2024-25
2026-08-10,2026-08-17,38075,Renville County,North Dakota,ND,quiet,0.000314,2946,49,501+,0.08,0.000911,2956,49,501+,0.14,0.016603,0.01182,0,0,0,,0.9167,2024-25
2026-08-10,2026-08-17,31103,Keya Paha County,Nebraska,NE,quiet,0.000313,2947,78,501+,0.08,0.001076,2858,75,501+,0.17,0.016533,0.015159,0,0,0,,0.75,2024-25
2026-08-10,2026-08-17,31015,Boyd County,Nebraska,NE,quiet,0.000312,2948,79,501+,0.08,0.000882,2966,81,501+,0.14,0.016481,0.011258,0,0,0,,0.818181818,2024-25
2026-08-10,2026-08-17,01119,Sumter County,Alabama,AL,quiet,0.000312,2949,65,501+,0.08,0.000959,2929,62,501+,0.15,0.016477,0.01277,0,0,0,,1.0,2024-25
2026-08-10,2026-08-17,13167,Johnson County,Georgia,GA,quiet,0.000311,2950,134,501+,0.08,0.001501,2555,107,501+,0.24,0.016466,0.024792,0,0,0,,,
2026-08-10,2026-08-17,40029,Coal County,Oklahoma,OK,quiet,0.00031,2951,72,501+,0.08,0.001658,2435,66,501+,0.26,0.016403,0.028704,0,0,0,,0.7143,2024-25
2026-08-10,2026-08-17,29129,Mercer County,Missouri,MO,quiet,0.00031,2952,114,501+,0.08,0.000947,2936,113,501+,0.15,0.016383,0.012528,0,0,0,,1.0,2024-25
2026-08-10,2026-08-17,28103,Noxubee County,Mississippi,MS,quiet,0.00031,2953,71,501+,0.08,0.001043,2885,58,501+,0.17,0.016362,0.01447,0,0,0,,0.9561,2024-25
2026-08-10,2026-08-17,21127,Lawrence County,Kentucky,KY,quiet,0.000309,2954,107,501+,0.08,0.000707,3049,109,501+,0.11,0.016301,0.008096,0,0,0,,0.848,2024-25
2026-08-10,2026-08-17,28003,Alcorn County,Mississippi,MS,quiet,0.000309,2955,72,501+,0.08,0.000694,3053,75,501+,0.11,0.016291,0.007869,0,0,0,,0.9864,2024-25
2026-08-10,2026-08-17,02180,Nome Census Area,Alaska,AK,quiet,0.000307,2956,28,501+,0.08,0.001584,2495,19,501+,0.25,0.016202,0.026846,0,0,0,,,
2026-08-10,2026-08-17,32015,Lander County,Nevada,NV,quiet,0.000307,2957,16,501+,0.08,0.000961,2927,16,501+,0.15,0.016194,0.012794,0,0,0,,1.0,2024-25
2026-08-10,2026-08-17,13003,Atkinson County,Georgia,GA,quiet,0.000306,2958,135,501+,0.08,0.001501,2554,106,501+,0.24,0.016152,0.024808,0,0,0,,,
2026-08-10,2026-08-17,51195,Wise County,Virginia,VA,quiet,0.000306,2959,123,501+,0.07,0.000746,3024,125,501+,0.12,0.016114,0.00877,0,0,0,,0.932,2024-25
2026-08-10,2026-08-17,21133,Letcher County,Kentucky,KY,quiet,0.000306,2960,108,501+,0.07,0.000625,3081,116,501+,0.1,0.016106,0.006724,0,0,0,,0.921,2024-25
2026-08-10,2026-08-17,13193,Macon County,Georgia,GA,quiet,0.000305,2961,136,501+,0.07,0.000933,2941,151,501+,0.15,0.016037,0.012261,0,0,0,,,
2026-08-10,2026-08-17,30025,Fallon County,Montana,MT,quiet,0.000304,2962,47,501+,0.07,0.000742,3026,52,501+,0.12,0.01603,0.008705,0,0,0,,,
2026-08-10,2026-08-17,13087,Decatur County,Georgia,GA,quiet,0.000304,2963,137,501+,0.07,0.001191,2782,133,501+,0.19,0.016023,0.017623,0,0,0,,,
2026-08-10,2026-08-17,13259,Stewart County,Georgia,GA,quiet,0.000304,2964,138,501+,0.07,0.001168,2799,134,501+,0.19,0.016022,0.01711,0,0,0,,,
2026-08-10,2026-08-17,48413,Schleicher County,Texas,TX,quiet,0.000304,2965,234,501+,0.07,0.001274,2724,234,501+,0.2,0.01601,0.019475,0,0,0,,1.0,2024-25
2026-08-10,2026-08-17,48431,Sterling County,Texas,TX,quiet,0.000304,2966,235,501+,0.07,0.000843,2985,240,501+,0.13,0.015975,0.010526,0,0,0,,1.0,2024-25
2026-08-10,2026-08-17,51115,Mathews County,Virginia,VA,quiet,0.000303,2967,124,501+,0.07,0.000994,2907,113,501+,0.16,0.015945,0.013462,0,0,0,,0.978,2024-25
2026-08-10,2026-08-17,41037,Lake County,Oregon,OR,quiet,0.000302,2968,36,501+,0.07,0.001974,2200,31,501+,0.31,0.01589,0.037033,0,0,0,,0.795,2024-25
2026-08-10,2026-08-17,22021,Caldwell Parish,Louisiana,LA,quiet,0.000302,2969,64,501+,0.07,0.000973,2923,60,501+,0.15,0.015873,0.013035,0,0,0,,0.9184,2024-25
2026-08-10,2026-08-17,05129,Searcy County,Arkansas,AR,quiet,0.000301,2970,71,501+,0.07,0.001021,2896,75,501+,0.16,0.015843,0.014011,0,0,0,,,
2026-08-10,2026-08-17,31135,Perkins County,Nebraska,NE,quiet,0.000301,2971,80,501+,0.07,0.000916,2951,80,501+,0.15,0.015838,0.011918,0,0,0,,0.958333333,2024-25
2026-08-10,2026-08-17,40061,Haskell County,Oklahoma,OK,quiet,0.000301,2972,73,501+,0.07,0.001644,2447,67,501+,0.26,0.015826,0.028359,0,0,0,,0.9182,2024-25
2026-08-10,2026-08-17,13095,Dougherty County,Georgia,GA,quiet,0.000301,2973,139,501+,0.07,0.0014,2631,119,501+,0.22,0.015798,0.02237,0,0,0,,,
2026-08-10,2026-08-17,17153,Pulaski County,Illinois,IL,quiet,0.0003,2974,99,501+,0.07,0.001178,2791,91,501+,0.19,0.015761,0.01733,0,0,0,,0.854,2024-25
2026-08-10,2026-08-17,45033,Dillon County,South Carolina,SC,quiet,0.0003,2975,44,501+,0.07,0.000762,3019,46,501+,0.12,0.01573,0.009063,0,0,0,,0.984,2024-25
2026-08-10,2026-08-17,48335,Mitchell County,Texas,TX,quiet,0.000299,2976,236,501+,0.07,0.002018,2163,209,501+,0.32,0.015668,0.038259,0,0,0,,0.84,2024-25
2026-08-10,2026-08-17,45065,McCormick County,South Carolina,SC,quiet,0.000298,2977,45,501+,0.07,0.000879,2969,44,501+,0.14,0.015661,0.011216,0,0,0,,0.964,2024-25
2026-08-10,2026-08-17,13017,Ben Hill County,Georgia,GA,quiet,0.000298,2978,140,501+,0.07,0.00115,2810,135,501+,0.18,0.015652,0.016729,0,0,0,,,
2026-08-10,2026-08-17,13131,Grady County,Georgia,GA,quiet,0.000298,2979,141,501+,0.07,0.000955,2931,149,501+,0.15,0.015622,0.012686,0,0,0,,,
2026-08-10,2026-08-17,51147,Prince Edward County,Virginia,VA,quiet,0.000297,2980,125,501+,0.07,0.000477,3103,132,501+,0.08,0.015592,0.004489,0,0,0,,1.0,2024-25
2026-08-10,2026-08-17,38041,Hettinger County,North Dakota,ND,quiet,0.000297,2981,50,501+,0.07,0.001632,2456,35,501+,0.26,0.015578,0.028048,0,0,0,,0.8974,2024-25
2026-08-10,2026-08-17,30075,Powder River County,Montana,MT,quiet,0.000296,2982,48,501+,0.07,0.00082,2994,51,501+,0.13,0.015496,0.010097,0,0,0,,,
2026-08-10,2026-08-17,40055,Greer County,Oklahoma,OK,quiet,0.000295,2983,74,501+,0.07,0.001567,2505,70,501+,0.25,0.015479,0.026411,0,0,0,,0.9804,2024-25
2026-08-10,2026-08-17,05079,Lincoln County,Arkansas,AR,quiet,0.000294,2984,72,501+,0.07,0.001585,2494,52,501+,0.25,0.015407,0.026859,0,0,0,,,
2026-08-10,2026-08-17,48269,King County,Texas,TX,quiet,0.000294,2985,237,501+,0.07,0.000615,3083,251,501+,0.1,0.015367,0.006573,0,0,0,,1.0,2024-25
2026-08-10,2026-08-17,12067,Lafayette County,Florida,FL,quiet,0.000293,2986,64,501+,0.07,0.001341,2674,62,501+,0.21,0.015341,0.021001,0,0,0,,0.918,2024-25
2026-08-10,2026-08-17,48261,Kenedy County,Texas,TX,quiet,0.000293,2987,238,501+,0.07,0.000635,3077,249,501+,0.1,0.015322,0.006884,0,0,0,,0.923077,2024-25
2026-08-10,2026-08-17,17071,Henderson County,Illinois,IL,quiet,0.000292,2988,100,501+,0.07,0.001245,2747,89,501+,0.2,0.01529,0.018816,0,0,0,,0.966,2024-25
2026-08-10,2026-08-17,31181,Webster County,Nebraska,NE,quiet,0.000292,2989,81,501+,0.07,0.000954,2933,79,501+,0.15,0.015247,0.012655,0,0,0,,1.0,2024-25
2026-08-10,2026-08-17,08017,Cheyenne County,Colorado,CO,quiet,0.000292,2990,56,501+,0.07,0.000965,2926,58,501+,0.15,0.015239,0.012883,0,0,0,,0.8182,2024-25
2026-08-10,2026-08-17,48243,Jeff Davis County,Texas,TX,quiet,0.000292,2991,239,501+,0.07,0.001313,2693,231,501+,0.21,0.015236,0.020366,0,0,0,,0.875,2024-25
2026-08-10,2026-08-17,51678,Lexington City,Virginia,VA,quiet,0.000289,2992,126,501+,0.07,0.000938,2940,116,501+,0.15,0.015107,0.012353,0,0,0,,0.962,2024-25
2026-08-10,2026-08-17,48253,Jones County,Texas,TX,quiet,0.000289,2993,240,501+,0.07,0.001114,2827,237,501+,0.18,0.015096,0.015953,0,0,0,,0.966102,2024-25
2026-08-10,2026-08-17,32009,Esmeralda County,Nevada,NV,quiet,0.000289,2994,17,501+,0.07,0.00062,3082,17,501+,0.1,0.015063,0.006655,0,0,0,,0.667,2024-25
2026-08-10,2026-08-17,38033,Golden Valley County,North Dakota,ND,quiet,0.000289,2995,51,501+,0.07,0.000991,2912,46,501+,0.16,0.015057,0.013405,0,0,0,,0.92,2024-25
2026-08-10,2026-08-17,02158,Kusilvak Census Area,Alaska,AK,quiet,0.000289,2996,29,501+,0.07,0.000909,2960,29,501+,0.14,0.015053,0.011786,0,0,0,,,
2026-08-10,2026-08-17,01037,Coosa County,Alabama,AL,quiet,0.000288,2997,66,501+,0.07,0.000658,3068,66,501+,0.1,0.015029,0.007266,0,0,0,,1.0,2024-25
2026-08-10,2026-08-17,31027,Cedar County,Nebraska,NE,quiet,0.000287,2998,82,501+,0.07,0.001172,2794,71,501+,0.19,0.014931,0.017211,0,0,0,,0.864,2024-25
2026-08-10,2026-08-17,28027,Coahoma County,Mississippi,MS,quiet,0.000286,2999,73,501+,0.07,0.000658,3069,77,501+,0.1,0.014865,0.007265,0,0,0,,0.9965,2024-25
2026-08-10,2026-08-17,35033,Mora County,New Mexico,NM,quiet,0.000285,3000,30,501+,0.07,0.000795,3001,30,501+,0.13,0.014858,0.009639,0,0,0,,1.0,2024-25
2026-08-10,2026-08-17,08057,Jackson County,Colorado,CO,quiet,0.000285,3001,57,501+,0.07,0.001203,2777,56,501+,0.19,0.014828,0.017872,0,0,0,,0.875,2024-25
2026-08-10,2026-08-17,13201,Miller County,Georgia,GA,quiet,0.000285,3002,142,501+,0.07,0.001233,2757,130,501+,0.2,0.014825,0.018553,0,0,0,,,
2026-08-10,2026-08-17,31057,Dundy County,Nebraska,NE,quiet,0.000283,3003,83,501+,0.07,0.000597,3088,87,501+,0.09,0.014693,0.006281,0,0,0,,0.909090909,2024-25
2026-08-10,2026-08-17,08095,Phillips County,Colorado,CO,quiet,0.000283,3004,58,501+,0.07,0.001055,2877,57,501+,0.17,0.014686,0.014704,0,0,0,,0.9804,2024-25
2026-08-10,2026-08-17,54045,Logan County,West Virginia,WV,quiet,0.000282,3005,54,501+,0.07,0.000757,3021,53,501+,0.12,0.014662,0.008967,0,0,0,,,
2026-08-10,2026-08-17,01059,Franklin County,Alabama,AL,quiet,0.000281,3006,67,501+,0.07,0.000557,3092,67,501+,0.09,0.014601,0.005658,0,0,0,,0.9939,2024-25
2026-08-10,2026-08-17,20065,Graham County,Kansas,KS,quiet,0.000281,3007,101,501+,0.07,0.00137,2649,89,501+,0.22,0.014593,0.021665,0,0,0,,0.9788,2024-25
2026-08-10,2026-08-17,12077,Liberty County,Florida,FL,quiet,0.00028,3008,65,501+,0.07,0.001235,2754,65,501+,0.2,0.014539,0.018589,0,0,0,,0.936,2024-25
2026-08-10,2026-08-17,28125,Sharkey County,Mississippi,MS,quiet,0.00028,3009,74,501+,0.07,0.000608,3086,81,501+,0.1,0.014532,0.006458,0,0,0,,1.0,2024-25
2026-08-10,2026-08-17,31183,Wheeler County,Nebraska,NE,quiet,0.000278,3010,84,501+,0.07,0.000824,2993,82,501+,0.13,0.014381,0.010185,0,0,0,,0.9375,2024-25
2026-08-10,2026-08-17,54075,Pocahontas County,West Virginia,WV,quiet,0.000277,3011,55,501+,0.07,0.000911,2958,48,501+,0.14,0.014365,0.011816,0,0,0,,,
2026-08-10,2026-08-17,31139,Pierce County,Nebraska,NE,quiet,0.000277,3012,85,501+,0.07,0.000769,3017,83,501+,0.12,0.014353,0.009172,0,0,0,,0.901098901,2024-25
2026-08-10,2026-08-17,17065,Hamilton County,Illinois,IL,quiet,0.000277,3013,101,501+,0.07,0.000389,3115,102,501+,0.06,0.014349,0.003304,0,0,0,,0.989,2024-25
2026-08-10,2026-08-17,21129,Lee County,Kentucky,KY,quiet,0.000276,3014,109,501+,0.07,0.000638,3076,115,501+,0.1,0.014266,0.006936,0,0,0,,0.908,2024-25
2026-08-10,2026-08-17,28135,Tallahatchie County,Mississippi,MS,quiet,0.000275,3015,75,501+,0.07,0.000865,2975,65,501+,0.14,0.014236,0.010951,0,0,0,,1.0,2024-25
2026-08-10,2026-08-17,13043,Candler County,Georgia,GA,quiet,0.000274,3016,143,501+,0.07,0.001336,2679,124,501+,0.21,0.014156,0.02088,0,0,0,,,
2026-08-10,2026-08-17,21115,Johnson County,Kentucky,KY,quiet,0.000272,3017,110,501+,0.07,0.000711,3045,107,501+,0.11,0.01403,0.008165,0,0,0,,0.875,2024-25
2026-08-10,2026-08-17,30051,Liberty County,Montana,MT,quiet,0.000272,3018,49,501+,0.07,0.000865,2976,49,501+,0.14,0.014012,0.010938,0,0,0,,,
2026-08-10,2026-08-17,51081,Greensville County,Virginia,VA,quiet,0.000271,3019,127,501+,0.07,0.000528,3097,131,501+,0.08,0.013997,0.005219,0,0,0,,0.985,2024-25
2026-08-10,2026-08-17,05107,Phillips County,Arkansas,AR,quiet,0.000271,3020,73,501+,0.07,0.001405,2627,63,501+,0.22,0.013984,0.022503,0,0,0,,,
2026-08-10,2026-08-17,51595,Emporia City,Virginia,VA,quiet,0.00027,3021,128,501+,0.07,0.000744,3025,126,501+,0.12,0.013932,0.008735,0,0,0,,,
2026-08-10,2026-08-17,21171,Monroe County,Kentucky,KY,quiet,0.00027,3022,111,501+,0.07,0.001096,2841,88,501+,0.17,0.013893,0.015577,0,0,0,,0.852,2024-25
2026-08-10,2026-08-17,13273,Terrell County,Georgia,GA,quiet,0.000269,3023,144,501+,0.07,0.001373,2644,120,501+,0.22,0.013847,0.021737,0,0,0,,,
2026-08-10,2026-08-17,40141,Tillman County,Oklahoma,OK,quiet,0.000268,3024,75,501+,0.07,0.001631,2457,68,501+,0.26,0.01378,0.028018,0,0,0,,0.8889,2024-25
2026-08-10,2026-08-17,05077,Lee County,Arkansas,AR,quiet,0.000268,3025,74,501+,0.07,0.001465,2586,58,501+,0.23,0.013777,0.023918,0,0,0,,,
2026-08-10,2026-08-17,21201,Robertson County,Kentucky,KY,quiet,0.000267,3026,112,501+,0.07,0.000826,2991,100,501+,0.13,0.013736,0.010223,0,0,0,,0.952,2024-25
2026-08-10,2026-08-17,13093,Dooly County,Georgia,GA,quiet,0.000266,3027,145,501+,0.07,0.00078,3011,155,501+,0.12,0.013676,0.009382,0,0,0,,,
2026-08-10,2026-08-17,37005,Alleghany County,North Carolina,NC,quiet,0.000265,3028,100,501+,0.07,0.001222,2761,92,501+,0.19,0.01364,0.018295,0,0,0,,0.95384615,2024-25
2026-08-10,2026-08-17,48263,Kent County,Texas,TX,quiet,0.000265,3029,241,501+,0.06,0.000733,3031,244,501+,0.12,0.013622,0.008552,0,0,0,,1.0,2024-25
2026-08-10,2026-08-17,21153,Magoffin County,Kentucky,KY,quiet,0.000264,3030,113,501+,0.06,0.000457,3106,119,501+,0.07,0.013583,0.004203,0,0,0,,0.891,2024-25
2026-08-10,2026-08-17,21159,Martin County,Kentucky,KY,quiet,0.000261,3031,114,501+,0.06,0.001303,2702,75,501+,0.21,0.013345,0.020132,0,0,0,,0.931,2024-25
2026-08-10,2026-08-17,28107,Panola County,Mississippi,MS,quiet,0.00026,3032,76,501+,0.06,0.000784,3008,70,501+,0.12,0.013336,0.009455,0,0,0,,0.9936,2024-25
2026-08-10,2026-08-17,21165,Menifee County,Kentucky,KY,quiet,0.000259,3033,115,501+,0.06,0.00051,3099,118,501+,0.08,0.013227,0.004957,0,0,0,,1.0,2023-24
2026-08-10,2026-08-17,20195,Trego County,Kansas,KS,quiet,0.000257,3034,102,501+,0.06,0.000725,3038,104,501+,0.11,0.013129,0.008403,0,0,0,,0.9802,2024-25
2026-08-10,2026-08-17,30037,Golden Valley County,Montana,MT,quiet,0.000256,3035,50,501+,0.06,0.001044,2884,45,501+,0.17,0.013056,0.014481,0,0,0,,,
2026-08-10,2026-08-17,13007,Baker County,Georgia,GA,quiet,0.000255,3036,146,501+,0.06,0.001313,2694,126,501+,0.21,0.013021,0.020364,0,0,0,,,
2026-08-10,2026-08-17,20101,Lane County,Kansas,KS,quiet,0.000254,3037,103,501+,0.06,0.000732,3034,103,501+,0.12,0.012942,0.008532,0,0,0,,1.0,2024-25
2026-08-10,2026-08-17,48447,Throckmorton County,Texas,TX,quiet,0.000253,3038,242,501+,0.06,0.001323,2688,230,501+,0.21,0.012898,0.020591,0,0,0,,0.928571,2024-25
2026-08-10,2026-08-17,40067,Jefferson County,Oklahoma,OK,quiet,0.000251,3039,76,501+,0.06,0.001828,2314,63,501+,0.29,0.01277,0.033108,0,0,0,,0.8462,2024-25
2026-08-10,2026-08-17,28011,Bolivar County,Mississippi,MS,quiet,0.000248,3040,77,501+,0.06,0.000651,3072,78,501+,0.1,0.012599,0.00716,0,0,0,,0.9975,2024-25
2026-08-10,2026-08-17,40057,Harmon County,Oklahoma,OK,quiet,0.000248,3041,77,501+,0.06,0.001116,2825,77,501+,0.18,0.012597,0.015999,0,0,0,,0.8889,2024-25
2026-08-10,2026-08-17,31149,Rock County,Nebraska,NE,quiet,0.000247,3042,86,501+,0.06,0.000632,3078,86,501+,0.1,0.012546,0.006848,0,0,0,,0.941176471,2019-20
2026-08-10,2026-08-17,28015,Carroll County,Mississippi,MS,quiet,0.000244,3043,78,501+,0.06,0.001139,2817,49,501+,0.18,0.01233,0.016487,0,0,0,,0.9839,2024-25
2026-08-10,2026-08-17,51720,Norton City,Virginia,VA,quiet,0.000243,3044,129,501+,0.06,0.000688,3056,128,501+,0.11,0.012317,0.007775,0,0,0,,1.0,2022-23
2026-08-10,2026-08-17,35011,De Baca County,New Mexico,NM,quiet,0.000242,3045,31,501+,0.06,0.000736,3028,31,501+,0.12,0.012245,0.008603,0,0,0,,0.9333,2024-25
2026-08-10,2026-08-17,20203,Wichita County,Kansas,KS,quiet,0.000242,3046,104,501+,0.06,0.000549,3093,105,501+,0.09,0.012203,0.005542,0,0,0,,1.0,2024-25
2026-08-10,2026-08-17,45067,Marion County,South Carolina,SC,quiet,0.000241,3047,46,501+,0.06,0.000798,2999,45,501+,0.13,0.012198,0.009695,0,0,0,,0.986,2024-25
2026-08-10,2026-08-17,13309,Wheeler County,Georgia,GA,quiet,0.000241,3048,147,501+,0.06,0.001311,2697,127,501+,0.21,0.012154,0.020303,0,0,0,,,
2026-08-10,2026-08-17,13243,Randolph County,Georgia,GA,quiet,0.000241,3049,148,501+,0.06,0.001105,2834,137,501+,0.18,0.012149,0.01577,0,0,0,,,
2026-08-10,2026-08-17,46017,Buffalo County,South Dakota,SD,quiet,0.000239,3050,66,501+,0.06,0.000598,3087,66,501+,0.09,0.012052,0.0063,0,0,0,,,
2026-08-10,2026-08-17,13141,Hancock County,Georgia,GA,quiet,0.000238,3051,149,501+,0.06,0.000712,3044,156,501+,0.11,0.012021,0.008187,0,0,0,,,
2026-08-10,2026-08-17,28119,Quitman County,Mississippi,MS,quiet,0.000237,3052,79,501+,0.06,0.000645,3073,79,501+,0.1,0.011944,0.007056,0,0,0,,1.0,2024-25
2026-08-10,2026-08-17,38065,Oliver County,North Dakota,ND,quiet,0.000237,3053,52,501+,0.06,0.000661,3066,51,501+,0.1,0.011941,0.007323,0,0,0,,0.9286,2024-25
2026-08-10,2026-08-17,21075,Fulton County,Kentucky,KY,quiet,0.000235,3054,116,501+,0.06,0.000954,2932,94,501+,0.15,0.011837,0.012663,0,0,0,,0.984,2024-25
2026-08-10,2026-08-17,13065,Clinch County,Georgia,GA,quiet,0.000232,3055,150,501+,0.06,0.001356,2656,122,501+,0.21,0.011664,0.02135,0,0,0,,,
2026-08-10,2026-08-17,31091,Hooker County,Nebraska,NE,quiet,0.000232,3056,87,501+,0.06,0.000755,3022,84,501+,0.12,0.011637,0.008929,0,0,0,,1.0,2021-22
2026-08-10,2026-08-17,30069,Petroleum County,Montana,MT,quiet,0.000232,3057,51,501+,0.06,0.000496,3101,56,501+,0.08,0.011624,0.00475,0,0,0,,,
2026-08-10,2026-08-17,48095,Concho County,Texas,TX,quiet,0.000231,3058,243,501+,0.06,0.000727,3036,245,501+,0.12,0.011602,0.008437,0,0,0,,1.0,2024-25
2026-08-10,2026-08-17,30079,Prairie County,Montana,MT,quiet,0.000231,3059,52,501+,0.06,0.001056,2874,44,501+,0.17,0.011554,0.014737,0,0,0,,,
2026-08-10,2026-08-17,48207,Haskell County,Texas,TX,quiet,0.00023,3060,244,501+,0.06,0.001324,2687,229,501+,0.21,0.011545,0.020606,0,0,0,,0.9375,2024-25
2026-08-10,2026-08-17,20163,Rooks County,Kansas,KS,quiet,0.000228,3061,105,501+,0.06,0.000872,2971,102,501+,0.14,0.011424,0.01108,0,0,0,,1.0,2024-25
2026-08-10,2026-08-17,36041,Hamilton County,New York,NY,quiet,0.000228,3062,61,501+,0.06,0.000546,3095,61,501+,0.09,0.011398,0.005492,0,0,0,,1.0,2024-25
2026-08-10,2026-08-17,48507,Zavala County,Texas,TX,quiet,0.000227,3063,245,501+,0.06,0.000719,3041,246,501+,0.11,0.011316,0.008293,0,0,0,,1.0,2024-25
2026-08-10,2026-08-17,30103,Treasure County,Montana,MT,quiet,0.000226,3064,53,501+,0.06,0.000733,3032,53,501+,0.12,0.011304,0.008543,0,0,0,,,
2026-08-10,2026-08-17,26083,Keweenaw County,Michigan,MI,quiet,0.000225,3065,82,501+,0.06,0.000487,3102,82,501+,0.08,0.01122,0.004634,0,0,0,,,
2026-08-10,2026-08-17,13307,Webster County,Georgia,GA,quiet,0.000223,3066,151,501+,0.05,0.000991,2910,148,501+,0.16,0.01113,0.013412,0,0,0,,,
2026-08-10,2026-08-17,47095,Lake County,Tennessee,TN,quiet,0.000223,3067,93,501+,0.05,0.000997,2906,88,501+,0.16,0.011087,0.01352,0,0,0,,0.922,2024-25
2026-08-10,2026-08-17,30057,Madison County,Montana,MT,quiet,0.000221,3068,54,501+,0.05,0.001254,2741,42,501+,0.2,0.010999,0.019022,0,0,0,,,
2026-08-10,2026-08-17,48301,Loving County,Texas,TX,quiet,0.000219,3069,246,501+,0.05,0.00158,2498,223,501+,0.25,0.010868,0.026752,0,0,0,,,
2026-08-10,2026-08-17,13315,Wilcox County,Georgia,GA,quiet,0.000218,3070,152,501+,0.05,0.000912,2955,153,501+,0.14,0.010814,0.011834,0,0,0,,,
2026-08-10,2026-08-17,12043,Glades County,Florida,FL,quiet,0.000218,3071,66,501+,0.05,0.001591,2484,60,501+,0.25,0.010795,0.027017,0,0,0,,0.94,2024-25
2026-08-10,2026-08-17,51690,Martinsville City,Virginia,VA,quiet,0.000218,3072,130,501+,0.05,0.000443,3109,133,501+,0.07,0.010787,0.004014,0,0,0,,0.991,2024-25
2026-08-10,2026-08-17,21189,Owsley County,Kentucky,KY,quiet,0.000217,3073,117,501+,0.05,0.000642,3074,114,501+,0.1,0.010753,0.007011,0,0,0,,0.869,2024-25
2026-08-10,2026-08-17,28151,Washington County,Mississippi,MS,quiet,0.000211,3074,80,501+,0.05,0.000771,3014,71,501+,0.12,0.010406,0.009224,0,0,0,,0.9919,2024-25
2026-08-10,2026-08-17,21063,Elliott County,Kentucky,KY,quiet,0.000209,3075,118,501+,0.05,0.000548,3094,117,501+,0.09,0.01028,0.005522,0,0,0,,0.929,2024-25
2026-08-10,2026-08-17,30019,Daniels County,Montana,MT,quiet,0.000209,3076,55,501+,0.05,0.000641,3075,55,501+,0.1,0.010278,0.006996,0,0,0,,,
2026-08-10,2026-08-17,13165,Jenkins County,Georgia,GA,quiet,0.000207,3077,153,501+,0.05,0.000685,3060,158,501+,0.11,0.010148,0.007714,0,0,0,,,
2026-08-10,2026-08-17,05065,Izard County,Arkansas,AR,quiet,0.000207,3078,75,501+,0.05,0.001184,2787,70,501+,0.19,0.010142,0.017471,0,0,0,,,
2026-08-10,2026-08-17,08055,Huerfano County,Colorado,CO,quiet,0.000206,3079,59,501+,0.05,0.000904,2963,60,501+,0.14,0.010089,0.011684,0,0,0,,0.9184,2024-25
2026-08-10,2026-08-17,21235,Whitley County,Kentucky,KY,quiet,0.000203,3080,119,501+,0.05,0.000986,2917,93,501+,0.16,0.009955,0.013301,0,0,0,,0.853,2024-25
2026-08-10,2026-08-17,51640,Galax City,Virginia,VA,quiet,0.000202,3081,131,501+,0.05,0.001111,2828,106,501+,0.18,0.009886,0.015882,0,0,0,,0.892,2024-25
2026-08-10,2026-08-17,48101,Cottle County,Texas,TX,quiet,0.000201,3082,247,501+,0.05,0.000628,3079,250,501+,0.1,0.009842,0.006786,0,0,0,,1.0,2024-25
2026-08-10,2026-08-17,12037,Franklin County,Florida,FL,quiet,0.000201,3083,67,501+,0.05,0.001192,2781,66,501+,0.19,0.009801,0.017631,0,0,0,,0.912,2024-25
2026-08-10,2026-08-17,28053,Humphreys County,Mississippi,MS,quiet,0.000199,3084,81,501+,0.05,0.000709,3048,74,501+,0.11,0.009715,0.008134,0,0,0,,1.0,2024-25
2026-08-10,2026-08-17,51045,Craig County,Virginia,VA,quiet,0.000199,3085,132,501+,0.05,0.000681,3061,129,501+,0.11,0.009683,0.00765,0,0,0,,1.0,2024-25
2026-08-10,2026-08-17,13239,Quitman County,Georgia,GA,quiet,0.000198,3086,154,501+,0.05,0.000947,2937,150,501+,0.15,0.009666,0.012519,0,0,0,,,
2026-08-10,2026-08-17,28055,Issaquena County,Mississippi,MS,quiet,0.000197,3087,82,501+,0.05,0.000443,3110,82,501+,0.07,0.009587,0.00401,0,0,0,,1.0,2024-25
2026-08-10,2026-08-17,31165,Sioux County,Nebraska,NE,quiet,0.000196,3088,88,501+,0.05,0.000418,3111,90,501+,0.07,0.009531,0.003679,0,0,0,,1.0,2024-25
2026-08-10,2026-08-17,47025,Claiborne County,Tennessee,TN,quiet,0.000194,3089,94,501+,0.05,0.001289,2714,79,501+,0.2,0.009442,0.01981,0,0,0,,0.929,2024-25
2026-08-10,2026-08-17,13263,Talbot County,Georgia,GA,quiet,0.000194,3090,155,501+,0.05,0.000786,3005,154,501+,0.12,0.009434,0.009482,0,0,0,,,
2026-08-10,2026-08-17,30055,McCone County,Montana,MT,quiet,0.000193,3091,56,501+,0.05,0.000675,3063,54,501+,0.11,0.009367,0.00755,0,0,0,,,
2026-08-10,2026-08-17,13191,McIntosh County,Georgia,GA,quiet,0.000192,3092,156,501+,0.05,0.000705,3050,157,501+,0.11,0.009314,0.008061,0,0,0,,,
2026-08-10,2026-08-17,08079,Mineral County,Colorado,CO,quiet,0.000191,3093,60,501+,0.05,0.000449,3107,64,501+,0.07,0.009252,0.004102,0,0,0,,1.0,2024-25
2026-08-10,2026-08-17,02068,Denali Borough,Alaska,AK,quiet,0.000189,3094,30,501+,0.05,0.000787,3004,30,501+,0.12,0.009121,0.0095,0,0,0,,,
2026-08-10,2026-08-17,08011,Bent County,Colorado,CO,quiet,0.000186,3095,61,501+,0.05,0.001399,2632,54,501+,0.22,0.008973,0.022345,0,0,0,,0.9565,2024-25
2026-08-10,2026-08-17,08111,San Juan County,Colorado,CO,quiet,0.000185,3096,62,501+,0.05,0.000578,3091,62,501+,0.09,0.008922,0.005981,0,0,0,,0.8333,2024-25
2026-08-10,2026-08-17,13287,Turner County,Georgia,GA,quiet,0.000185,3097,157,501+,0.05,0.001051,2880,146,501+,0.17,0.008891,0.01463,0,0,0,,,
2026-08-10,2026-08-17,08061,Kiowa County,Colorado,CO,quiet,0.000183,3098,63,501+,0.04,0.000469,3105,63,501+,0.07,0.008802,0.004371,0,0,0,,1.0,2024-25
2026-08-10,2026-08-17,13037,Calhoun County,Georgia,GA,quiet,0.000182,3099,158,501+,0.04,0.001472,2578,110,501+,0.23,0.008726,0.02409,0,0,0,,,
2026-08-10,2026-08-17,48433,Stonewall County,Texas,TX,quiet,0.000182,3100,248,501+,0.04,0.000829,2990,242,501+,0.13,0.008716,0.010264,0,0,0,,1.0,2024-25
2026-08-10,2026-08-17,38087,Slope County,North Dakota,ND,quiet,0.000177,3101,53,501+,0.04,0.000443,3108,53,501+,0.07,0.008457,0.004017,0,0,0,,1.0,2021-22
2026-08-10,2026-08-17,17069,Hardin County,Illinois,IL,quiet,0.000175,3102,102,501+,0.04,0.000469,3104,101,501+,0.07,0.008322,0.004372,0,0,0,,1.0,2024-25
2026-08-10,2026-08-17,48173,Glasscock County,Texas,TX,quiet,0.000173,3103,249,501+,0.04,0.000753,3023,243,501+,0.12,0.008233,0.00889,0,0,0,,1.0,2024-25
2026-08-10,2026-08-17,31171,Thomas County,Nebraska,NE,quiet,0.000173,3104,89,501+,0.04,0.000498,3100,89,501+,0.08,0.008209,0.004788,0,0,0,,1.0,2019-20
2026-08-10,2026-08-17,51091,Highland County,Virginia,VA,quiet,0.000173,3105,133,501+,0.04,0.000665,3065,130,501+,0.11,0.008195,0.007385,0,0,0,,1.0,2024-25
2026-08-10,2026-08-17,31167,Stanton County,Nebraska,NE,quiet,0.000172,3106,90,501+,0.04,0.000529,3096,88,501+,0.08,0.008171,0.005237,0,0,0,,1.0,2024-25
2026-08-10,2026-08-17,35021,Harding County,New Mexico,NM,quiet,0.000166,3107,32,501+,0.04,0.000715,3043,32,501+,0.11,0.007844,0.008233,0,0,0,,1.0,2024-25
2026-08-10,2026-08-17,48443,Terrell County,Texas,TX,quiet,0.000163,3108,250,501+,0.04,0.000394,3114,253,501+,0.06,0.007636,0.003364,0,0,0,,1.0,2024-25
2026-08-10,2026-08-17,48155,Foard County,Texas,TX,quiet,0.000156,3109,251,501+,0.04,0.000522,3098,252,501+,0.08,0.007274,0.005134,0,0,0,,1.0,2024-25
2026-08-10,2026-08-17,13265,Taliaferro County,Georgia,GA,quiet,0.000151,3110,159,501+,0.04,0.000609,3085,159,501+,0.1,0.007007,0.00647,0,0,0,,,
2026-08-10,2026-08-17,47137,Pickett County,Tennessee,TN,quiet,0.000149,3111,95,501+,0.04,0.000411,3112,95,501+,0.07,0.006868,0.003583,0,0,0,,1.0,2023-24
2026-08-10,2026-08-17,29227,Worth County,Missouri,MO,quiet,0.000142,3112,115,501+,0.03,0.000314,3117,115,501+,0.05,0.0065,0.002388,0,0,0,,1.0,2024-25
2026-08-10,2026-08-17,31117,McPherson County,Nebraska,NE,quiet,0.000136,3113,91,501+,0.03,0.000408,3113,91,501+,0.06,0.006173,0.003548,0,0,0,,1.0,2024-25
2026-08-10,2026-08-17,08025,Crowley County,Colorado,CO,quiet,0.000131,3114,64,501+,0.03,0.000719,3040,61,501+,0.11,0.005933,0.008297,0,0,0,,0.8824,2024-25
2026-08-10,2026-08-17,31071,Garfield County,Nebraska,NE,quiet,0.000131,3115,92,501+,0.03,0.000301,3118,92,501+,0.05,0.005905,0.00224,0,0,0,,1.0,2024-25
2026-08-10,2026-08-17,48345,Motley County,Texas,TX,quiet,0.000126,3116,252,501+,0.03,0.000688,3055,247,501+,0.11,0.00564,0.007776,0,0,0,,1.0,2024-25
2026-08-10,2026-08-17,31009,Blaine County,Nebraska,NE,quiet,0.000123,3117,93,501+,0.03,0.000253,3119,93,501+,0.04,0.005487,0.001727,0,0,0,,1.0,2019-20
2026-08-10,2026-08-17,48045,Briscoe County,Texas,TX,quiet,0.000111,3118,253,501+,0.03,0.00066,3067,248,501+,0.1,0.004835,0.007303,0,0,0,,1.0,2024-25
2026-08-10,2026-08-17,48327,Menard County,Texas,TX,quiet,0.000101,3119,254,501+,0.02,0.000378,3116,254,501+,0.06,0.00431,0.003162,0,0,0,,1.0,2024-25
2026-08-10,2026-08-17,04013,Maricopa County,Arizona,AZ,active,,,,,,,,,,,,,1,6,27,0,0.882,2024-25
2026-08-10,2026-08-17,10001,Kent County,Delaware,DE,active,,,,,,,,,,,,,14,22,22,0,,
2026-08-10,2026-08-17,21047,Christian County,Kentucky,KY,active,,,,,,,,,,,,,1,1,1,0,0.925,2024-25
2026-08-10,2026-08-17,26113,Missaukee County,Michigan,MI,active,,,,,,,,,,,,,1,1,1,0,0.88953488,2024-25
2026-08-10,2026-08-17,35015,Eddy County,New Mexico,NM,active,,,,,,,,,,,,,1,1,4,0,0.9539,2024-25
2026-08-10,2026-08-17,36003,Allegany County,New York,NY,active,,,,,,,,,,,,,1,2,2,0,0.995199499,2024-25
2026-08-10,2026-08-17,39007,Ashtabula County,Ohio,OH,active,,,,,,,,,,,,,10,15,33,0,0.935,2024-25
2026-08-10,2026-08-17,39055,Geauga County,Ohio,OH,active,,,,,,,,,,,,,3,16,16,0,0.896,2024-25
2026-08-10,2026-08-17,39067,Harrison County,Ohio,OH,active,,,,,,,,,,,,,3,3,3,0,,
2026-08-10,2026-08-17,39075,Holmes County,Ohio,OH,active,,,,,,,,,,,,,1,2,3,0,0.593,2024-25
2026-08-10,2026-08-17,42027,Centre County,Pennsylvania,PA,active,,,,,,,,,,,,,4,6,6,0,0.944,2024-25
2026-08-10,2026-08-17,42029,Chester County,Pennsylvania,PA,active,,,,,,,,,,,,,15,30,37,0,0.945,2024-25
2026-08-10,2026-08-17,42031,Clarion County,Pennsylvania,PA,active,,,,,,,,,,,,,1,2,2,0,0.943,2024-25
2026-08-10,2026-08-17,42033,Clearfield County,Pennsylvania,PA,active,,,,,,,,,,,,,4,4,4,0,0.93,2024-25
2026-08-10,2026-08-17,42043,Dauphin County,Pennsylvania,PA,active,,,,,,,,,,,,,1,1,3,0,0.868,2024-25
2026-08-10,2026-08-17,42061,Huntingdon County,Pennsylvania,PA,active,,,,,,,,,,,,,1,1,1,0,0.926,2024-25
2026-08-10,2026-08-17,42063,Indiana County,Pennsylvania,PA,active,,,,,,,,,,,,,1,4,4,0,0.93,2024-25
2026-08-10,2026-08-17,42065,Jefferson County,Pennsylvania,PA,active,,,,,,,,,,,,,1,4,4,0,0.937,2024-25
2026-08-10,2026-08-17,42071,Lancaster County,Pennsylvania,PA,active,,,,,,,,,,,,,28,92,161,0,0.885,2024-25
2026-08-10,2026-08-17,42087,Mifflin County,Pennsylvania,PA,active,,,,,,,,,,,,,8,14,14,0,0.923,2024-25
2026-08-10,2026-08-17,42109,Snyder County,Pennsylvania,PA,active,,,,,,,,,,,,,2,4,4,0,0.881,2024-25
2026-08-10,2026-08-17,42133,York County,Pennsylvania,PA,active,,,,,,,,,,,,,3,13,15,0,0.936,2024-25
2026-08-10,2026-08-17,53011,Clark County,Washington,WA,active,,,,,,,,,,,,,2,10,18,0,0.868,2024-25
2026-08-10,2026-08-17,55049,Iowa County,Wisconsin,WI,active,,,,,,,,,,,,,20,20,20,0,0.53,2024-25
2026-08-10,2026-08-17,55065,Lafayette County,Wisconsin,WI,active,,,,,,,,,,,,,1,1,1,0,0.87,2024-25
