forecast_origin_week,target_week_start,fips,county,state,state_abbr,status,prob_case_next_week,national_rank_next_week,state_rank_next_week,tier_next_week,relative_risk_next_week,prob_case_next_4_weeks,national_rank_next_4_weeks,state_rank_next_4_weeks,tier_next_4_weeks,relative_risk_next_4_weeks,model_score_next_week,model_score_next_4_weeks,cases_this_week,cases_last_4_weeks,cumulative_cases_since_2025,weeks_since_last_case,kindergarten_mmr_coverage,mmr_school_year
2026-07-13,2026-07-20,06037,Los Angeles County,California,CA,quiet,0.078951,1,1,Top 50,124.71,0.10131,5,1,Top 50,35.23,0.962185,0.945811,0,2,12,1,0.97352,2024-25
2026-07-13,2026-07-20,42011,Berks County,Pennsylvania,PA,quiet,0.067392,2,1,Top 50,106.45,0.123265,3,2,Top 50,42.86,0.955697,0.956785,0,2,3,1,0.945,2024-25
2026-07-13,2026-07-20,42075,Lebanon County,Pennsylvania,PA,quiet,0.048847,3,2,Top 50,77.16,0.121498,4,3,Top 50,42.25,0.939411,0.956046,0,0,20,4,0.932,2024-25
2026-07-13,2026-07-20,16081,Teton County,Idaho,ID,quiet,0.044293,4,1,Top 50,69.96,0.164339,1,1,Top 50,57.14,0.93351,0.96949,0,1,1,1,0.67,2024-25
2026-07-13,2026-07-20,42133,York County,Pennsylvania,PA,quiet,0.024283,5,3,Top 50,38.36,0.150339,2,1,Top 50,52.28,0.885005,0.965939,0,2,2,2,0.936,2024-25
2026-07-13,2026-07-20,06059,Orange County,California,CA,quiet,0.023023,6,2,Top 50,36.37,0.041526,31,4,Top 50,14.44,0.879521,0.861753,0,0,5,11,0.97842,2024-25
2026-07-13,2026-07-20,49011,Davis County,Utah,UT,quiet,0.022397,7,1,Top 50,35.38,0.067262,8,1,Top 50,23.39,0.876605,0.915174,0,0,15,15,0.922021,2024-25
2026-07-13,2026-07-20,36061,New York County,New York,NY,quiet,0.020537,8,1,Top 50,32.44,0.0835,6,1,Top 50,29.04,0.867034,0.932784,0,0,26,10,0.988831838,2024-25
2026-07-13,2026-07-20,48453,Travis County,Texas,TX,quiet,0.019442,9,1,Top 50,30.71,0.058315,12,1,Top 50,20.28,0.860677,0.901547,0,0,3,8,0.867026,2024-25
2026-07-13,2026-07-20,04019,Pima County,Arizona,AZ,quiet,0.018491,10,1,Top 50,29.21,0.06338,9,1,Top 50,22.04,0.854641,0.909704,0,0,3,22,0.935,2024-25
2026-07-13,2026-07-20,12057,Hillsborough County,Florida,FL,quiet,0.018,11,1,Top 50,28.43,0.056664,14,2,Top 50,19.7,0.851317,0.898596,0,0,3,12,0.86,2024-25
2026-07-13,2026-07-20,10003,New Castle County,Delaware,DE,quiet,0.017824,12,1,Top 50,28.15,0.050276,22,1,Top 50,17.48,0.850089,0.88551,0,0,0,,,
2026-07-13,2026-07-20,08069,Larimer County,Colorado,CO,quiet,0.017728,13,1,Top 50,28.0,0.062914,10,1,Top 50,21.88,0.849413,0.909005,0,1,1,2,0.9047,2024-25
2026-07-13,2026-07-20,45013,Beaufort County,South Carolina,SC,quiet,0.017234,14,1,Top 50,27.22,0.026802,73,1,51–150,9.32,0.845821,0.792835,0,0,1,5,0.952,2024-25
2026-07-13,2026-07-20,13121,Fulton County,Georgia,GA,quiet,0.017178,15,1,Top 50,27.13,0.057067,13,1,Top 50,19.84,0.845404,0.899332,0,0,13,8,,
2026-07-13,2026-07-20,06067,Sacramento County,California,CA,quiet,0.016108,16,3,Top 50,25.44,0.046709,25,3,Top 50,16.24,0.836952,0.876793,0,0,13,11,0.96313,2024-25
2026-07-13,2026-07-20,42091,Montgomery County,Pennsylvania,PA,quiet,0.014576,17,4,Top 50,23.02,0.050697,19,6,Top 50,17.63,0.82311,0.886465,0,0,4,20,0.953,2024-25
2026-07-13,2026-07-20,42043,Dauphin County,Pennsylvania,PA,quiet,0.013344,18,5,Top 50,21.08,0.061324,11,4,Top 50,21.32,0.810157,0.906545,0,0,2,6,0.868,2024-25
2026-07-13,2026-07-20,39049,Franklin County,Ohio,OH,quiet,0.013167,19,1,Top 50,20.8,0.028446,69,1,51–150,9.89,0.80813,0.803448,0,0,14,18,0.896,2024-25
2026-07-13,2026-07-20,06065,Riverside County,California,CA,quiet,0.013118,20,4,Top 50,20.72,0.037729,42,7,Top 50,13.12,0.807559,0.848442,0,0,6,11,0.95327,2024-25
2026-07-13,2026-07-20,08123,Weld County,Colorado,CO,quiet,0.012422,21,2,Top 50,19.62,0.039263,40,4,Top 50,13.65,0.799127,0.854092,0,0,6,13,0.9292,2024-25
2026-07-13,2026-07-20,17031,Cook County,Illinois,IL,quiet,0.012365,22,1,Top 50,19.53,0.04284,29,1,Top 50,14.9,0.798409,0.865874,0,0,8,41,0.948,2024-25
2026-07-13,2026-07-20,06085,Santa Clara County,California,CA,quiet,0.011981,23,5,Top 50,18.93,0.039546,38,6,Top 50,13.75,0.793394,0.855091,0,0,3,5,0.99021,2024-25
2026-07-13,2026-07-20,49051,Wasatch County,Utah,UT,quiet,0.01198,24,2,Top 50,18.92,0.046726,24,2,Top 50,16.25,0.793377,0.876837,0,0,12,7,0.88785,2024-25
2026-07-13,2026-07-20,53033,King County,Washington,WA,quiet,0.011877,25,1,Top 50,18.76,0.051923,17,1,Top 50,18.05,0.791983,0.889166,0,0,10,14,0.924,2024-25
2026-07-13,2026-07-20,42077,Lehigh County,Pennsylvania,PA,quiet,0.011339,26,6,Top 50,17.91,0.041115,33,7,Top 50,14.3,0.784419,0.860418,0,0,0,,0.956,2024-25
2026-07-13,2026-07-20,12095,Orange County,Florida,FL,quiet,0.011267,27,2,Top 50,17.8,0.042383,30,5,Top 50,14.74,0.783357,0.864467,0,0,3,8,0.854,2024-25
2026-07-13,2026-07-20,42045,Delaware County,Pennsylvania,PA,quiet,0.011159,28,7,Top 50,17.63,0.050935,18,5,Top 50,17.71,0.781767,0.887,0,0,0,,0.943,2024-25
2026-07-13,2026-07-20,37119,Mecklenburg County,North Carolina,NC,quiet,0.010959,29,1,Top 50,17.31,0.034152,50,2,Top 50,11.88,0.778724,0.833574,0,0,3,24,0.92045455,2024-25
2026-07-13,2026-07-20,53063,Spokane County,Washington,WA,quiet,0.010953,30,2,Top 50,17.3,0.03282,55,2,51–150,11.41,0.778629,0.827335,0,0,2,16,0.868,2024-25
2026-07-13,2026-07-20,32003,Clark County,Nevada,NV,quiet,0.01043,31,1,Top 50,16.48,0.052859,16,1,Top 50,18.38,0.770282,0.891152,0,0,1,36,0.906,2024-25
2026-07-13,2026-07-20,06081,San Mateo County,California,CA,quiet,0.010392,32,6,Top 50,16.41,0.040347,35,5,Top 50,14.03,0.769646,0.857855,0,0,3,24,0.97567,2024-25
2026-07-13,2026-07-20,08001,Adams County,Colorado,CO,quiet,0.010379,33,3,Top 50,16.4,0.031698,56,5,51–150,11.02,0.76944,0.821736,0,0,9,19,0.9163,2024-25
2026-07-13,2026-07-20,48201,Harris County,Texas,TX,quiet,0.010161,34,2,Top 50,16.05,0.043262,28,2,Top 50,15.04,0.765732,0.86715,0,0,10,11,0.909543,2024-25
2026-07-13,2026-07-20,08077,Mesa County,Colorado,CO,quiet,0.010087,35,4,Top 50,15.93,0.054165,15,2,Top 50,18.83,0.76446,0.893815,0,0,11,39,0.8567,2024-25
2026-07-13,2026-07-20,49045,Tooele County,Utah,UT,quiet,0.01002,36,3,Top 50,15.83,0.033998,51,3,51–150,11.82,0.763284,0.832876,0,0,19,10,0.932956,2024-25
2026-07-13,2026-07-20,12021,Collier County,Florida,FL,quiet,0.00974,37,3,Top 50,15.39,0.028596,68,9,51–150,9.94,0.758248,0.804367,0,0,107,14,0.863,2024-25
2026-07-13,2026-07-20,53061,Snohomish County,Washington,WA,quiet,0.009714,38,3,Top 50,15.34,0.031166,58,3,51–150,10.84,0.757767,0.818967,0,0,16,20,0.922,2024-25
2026-07-13,2026-07-20,12011,Broward County,Florida,FL,quiet,0.00955,39,4,Top 50,15.09,0.075825,7,1,Top 50,26.37,0.7547,0.925357,0,0,7,12,0.822,2024-25
2026-07-13,2026-07-20,06073,San Diego County,California,CA,quiet,0.009449,40,7,Top 50,14.93,0.03617,45,8,Top 50,12.58,0.752777,0.842275,0,0,1,48,0.93706,2024-25
2026-07-13,2026-07-20,34017,Hudson County,New Jersey,NJ,quiet,0.009408,41,1,Top 50,14.86,0.04792,23,1,Top 50,16.66,0.751987,0.879885,0,0,3,12,0.937,2024-25
2026-07-13,2026-07-20,24510,Baltimore City,Maryland,MD,quiet,0.009326,42,1,Top 50,14.73,0.023516,85,3,51–150,8.18,0.750379,0.768106,0,0,3,12,0.9472,2024-25
2026-07-13,2026-07-20,08041,El Paso County,Colorado,CO,quiet,0.008972,43,5,Top 50,14.17,0.024691,82,8,51–150,8.59,0.743252,0.777548,0,0,4,57,0.7652,2024-25
2026-07-13,2026-07-20,34003,Bergen County,New Jersey,NJ,quiet,0.008854,44,2,Top 50,13.99,0.038201,41,2,Top 50,13.28,0.740776,0.850223,0,0,4,45,0.949,2024-25
2026-07-13,2026-07-20,41051,Multnomah County,Oregon,OR,quiet,0.008843,45,1,Top 50,13.97,0.033451,54,1,51–150,11.63,0.740535,0.830344,0,0,1,55,0.918,2024-25
2026-07-13,2026-07-20,24005,Baltimore County,Maryland,MD,quiet,0.008803,46,2,Top 50,13.91,0.035648,48,1,Top 50,12.4,0.739692,0.840104,0,0,0,,0.9766,2024-25
2026-07-13,2026-07-20,06013,Contra Costa County,California,CA,quiet,0.008621,47,8,Top 50,13.62,0.033666,52,9,51–150,11.71,0.735744,0.831347,0,0,1,29,0.97928,2024-25
2026-07-13,2026-07-20,38017,Cass County,North Dakota,ND,quiet,0.008434,48,1,Top 50,13.32,0.025841,76,2,51–150,8.99,0.731567,0.786121,0,0,8,9,0.9285,2024-25
2026-07-13,2026-07-20,08005,Arapahoe County,Colorado,CO,quiet,0.008276,49,6,Top 50,13.07,0.031089,59,6,51–150,10.81,0.727936,0.818554,0,0,6,22,0.8671,2024-25
2026-07-13,2026-07-20,12031,Duval County,Florida,FL,quiet,0.008193,50,5,Top 50,12.94,0.041458,32,6,Top 50,14.42,0.725972,0.861534,0,0,7,23,0.899,2024-25
2026-07-13,2026-07-20,41005,Clackamas County,Oregon,OR,quiet,0.008154,51,2,51–150,12.88,0.02944,62,2,51–150,10.24,0.725053,0.809393,0,0,2,20,0.899,2024-25
2026-07-13,2026-07-20,12081,Manatee County,Florida,FL,quiet,0.008004,52,6,51–150,12.64,0.022443,91,12,51–150,7.8,0.721434,0.75881,0,0,3,23,0.898,2024-25
2026-07-13,2026-07-20,08013,Boulder County,Colorado,CO,quiet,0.007872,53,7,51–150,12.43,0.026321,74,7,51–150,9.15,0.718153,0.789525,0,0,1,57,0.9055,2024-25
2026-07-13,2026-07-20,11001,District of Columbia,District of Columbia,DC,quiet,0.00764,54,1,51–150,12.07,0.040184,36,1,Top 50,13.97,0.712212,0.857302,0,0,1,57,0.927,2024-25
2026-07-13,2026-07-20,48085,Collin County,Texas,TX,quiet,0.007599,55,3,51–150,12.0,0.036027,47,3,Top 50,12.53,0.71115,0.841684,0,0,4,58,0.930423,2024-25
2026-07-13,2026-07-20,16001,Ada County,Idaho,ID,quiet,0.007432,56,2,51–150,11.74,0.026897,72,4,51–150,9.35,0.706667,0.793477,0,0,0,,0.83,2024-25
2026-07-13,2026-07-20,12071,Lee County,Florida,FL,quiet,0.007239,57,7,51–150,11.43,0.028951,67,8,51–150,10.07,0.701332,0.806512,0,0,3,18,0.924,2024-25
2026-07-13,2026-07-20,06001,Alameda County,California,CA,quiet,0.007192,58,9,51–150,11.36,0.050387,20,2,Top 50,17.52,0.700014,0.885763,0,0,0,,0.97051,2024-25
2026-07-13,2026-07-20,06087,Santa Cruz County,California,CA,quiet,0.007143,59,10,51–150,11.28,0.017276,126,14,51–150,6.01,0.698603,0.702399,0,0,0,,0.91092,2024-25
2026-07-13,2026-07-20,12099,Palm Beach County,Florida,FL,quiet,0.007002,60,8,51–150,11.06,0.045244,27,4,Top 50,15.73,0.694488,0.872855,0,0,3,11,0.898,2024-25
2026-07-13,2026-07-20,08031,Denver County,Colorado,CO,quiet,0.006817,61,8,51–150,10.77,0.040131,37,3,Top 50,13.95,0.688928,0.85712,0,0,4,58,0.8688,2024-25
2026-07-13,2026-07-20,26099,Macomb County,Michigan,MI,quiet,0.006709,62,1,51–150,10.6,0.030765,60,1,51–150,10.7,0.685609,0.816821,0,0,4,10,0.87265999,2024-25
2026-07-13,2026-07-20,35001,Bernalillo County,New Mexico,NM,quiet,0.006652,63,1,51–150,10.51,0.02731,71,1,51–150,9.5,0.683814,0.796227,0,0,0,,0.9371,2024-25
2026-07-13,2026-07-20,46013,Brown County,South Dakota,SD,quiet,0.006582,64,1,51–150,10.4,0.015895,137,1,51–150,5.53,0.68157,0.682995,0,0,1,18,0.95,2024-25
2026-07-13,2026-07-20,42101,Philadelphia County,Pennsylvania,PA,quiet,0.006567,65,8,51–150,10.37,0.025919,75,9,51–150,9.01,0.681081,0.786684,0,0,2,66,0.947,2024-25
2026-07-13,2026-07-20,48439,Tarrant County,Texas,TX,quiet,0.006556,66,4,51–150,10.36,0.025158,77,5,51–150,8.75,0.680734,0.781107,0,0,4,59,0.936354,2024-25
2026-07-13,2026-07-20,24027,Howard County,Maryland,MD,quiet,0.006538,67,3,51–150,10.33,0.011235,200,9,151–500,3.91,0.680174,0.596006,0,0,1,71,0.9663,2024-25
2026-07-13,2026-07-20,38035,Grand Forks County,North Dakota,ND,quiet,0.006531,68,2,51–150,10.32,0.017433,123,3,51–150,6.06,0.679945,0.704474,0,0,14,9,0.9199,2024-25
2026-07-13,2026-07-20,34023,Middlesex County,New Jersey,NJ,quiet,0.006428,69,3,51–150,10.15,0.030321,61,3,51–150,10.54,0.676558,0.814393,0,0,0,,0.951,2024-25
2026-07-13,2026-07-20,27053,Hennepin County,Minnesota,MN,quiet,0.006184,70,1,51–150,9.77,0.020395,96,1,51–150,7.09,0.668258,0.739016,0,0,2,64,0.844,2024-25
2026-07-13,2026-07-20,37021,Buncombe County,North Carolina,NC,quiet,0.006173,71,2,51–150,9.75,0.039271,39,1,Top 50,13.66,0.667868,0.854118,0,0,7,22,0.89162562,2024-25
2026-07-13,2026-07-20,12103,Pinellas County,Florida,FL,quiet,0.006087,72,9,51–150,9.61,0.029119,64,7,51–150,10.13,0.664827,0.807515,0,0,6,19,0.873,2024-25
2026-07-13,2026-07-20,16019,Bonneville County,Idaho,ID,quiet,0.00594,73,3,51–150,9.38,0.050303,21,2,Top 50,17.49,0.659533,0.885572,0,0,5,44,0.88,2024-25
2026-07-13,2026-07-20,48141,El Paso County,Texas,TX,quiet,0.005861,74,5,51–150,9.26,0.022313,92,6,51–150,7.76,0.656598,0.75764,0,0,85,16,0.977753,2024-25
2026-07-13,2026-07-20,42017,Bucks County,Pennsylvania,PA,quiet,0.005805,75,9,51–150,9.17,0.040846,34,8,Top 50,14.2,0.654476,0.85953,0,0,1,68,0.943,2024-25
2026-07-13,2026-07-20,48029,Bexar County,Texas,TX,quiet,0.005753,76,6,51–150,9.09,0.034813,49,4,Top 50,12.11,0.652492,0.836519,0,0,3,18,0.947451,2024-25
2026-07-13,2026-07-20,24033,Prince George's County,Maryland,MD,quiet,0.005642,77,4,51–150,8.91,0.024752,81,2,51–150,8.61,0.648207,0.778016,0,0,2,70,0.9469,2024-25
2026-07-13,2026-07-20,49043,Summit County,Utah,UT,quiet,0.0056,78,4,51–150,8.85,0.029098,65,4,51–150,10.12,0.646522,0.807387,0,0,5,15,0.892788,2024-25
2026-07-13,2026-07-20,12097,Osceola County,Florida,FL,quiet,0.005373,79,10,51–150,8.49,0.023123,87,11,51–150,8.04,0.637297,0.764777,0,0,1,18,0.863,2024-25
2026-07-13,2026-07-20,04005,Coconino County,Arizona,AZ,quiet,0.005329,80,2,51–150,8.42,0.033485,53,3,51–150,11.64,0.635444,0.830505,0,0,5,12,0.852,2024-25
2026-07-13,2026-07-20,36071,Orange County,New York,NY,quiet,0.005262,81,2,51–150,8.31,0.017911,116,3,51–150,6.23,0.632574,0.710608,0,0,4,59,0.969172839,2024-25
2026-07-13,2026-07-20,42041,Cumberland County,Pennsylvania,PA,quiet,0.005128,82,10,51–150,8.1,0.018004,114,11,51–150,6.26,0.62676,0.71177,0,0,2,30,0.951,2024-25
2026-07-13,2026-07-20,32031,Washoe County,Nevada,NV,quiet,0.005067,83,2,51–150,8.0,0.019798,101,2,51–150,6.88,0.624031,0.732671,0,0,1,29,0.855,2024-25
2026-07-13,2026-07-20,06075,San Francisco County,California,CA,quiet,0.004961,84,11,51–150,7.84,0.018275,110,13,51–150,6.35,0.619186,0.715114,0,0,1,13,0.98097,2024-25
2026-07-13,2026-07-20,24003,Anne Arundel County,Maryland,MD,quiet,0.004876,85,5,51–150,7.7,0.019263,105,4,51–150,6.7,0.615234,0.726741,0,0,0,,0.9665,2024-25
2026-07-13,2026-07-20,12117,Seminole County,Florida,FL,quiet,0.004861,86,11,51–150,7.68,0.017073,129,14,51–150,5.94,0.614519,0.699685,0,0,0,,0.9,2024-25
2026-07-13,2026-07-20,34007,Camden County,New Jersey,NJ,quiet,0.004856,87,4,51–150,7.67,0.022734,90,6,51–150,7.91,0.614277,0.761399,0,0,0,,0.949,2024-25
2026-07-13,2026-07-20,34021,Mercer County,New Jersey,NJ,quiet,0.004694,88,5,51–150,7.41,0.024804,80,4,51–150,8.63,0.606438,0.77842,0,0,0,,0.953,2024-25
2026-07-13,2026-07-20,30031,Gallatin County,Montana,MT,quiet,0.00458,89,1,51–150,7.23,0.031311,57,1,51–150,10.89,0.600702,0.819727,0,0,23,32,,
2026-07-13,2026-07-20,06061,Placer County,California,CA,quiet,0.004569,90,12,51–150,7.22,0.024061,83,11,51–150,8.37,0.600156,0.772574,0,0,9,16,0.96144,2024-25
2026-07-13,2026-07-20,34029,Ocean County,New Jersey,NJ,quiet,0.004563,91,6,51–150,7.21,0.022853,88,5,51–150,7.95,0.599843,0.762441,0,0,1,53,0.843,2024-25
2026-07-13,2026-07-20,34031,Passaic County,New Jersey,NJ,quiet,0.004557,92,7,51–150,7.2,0.018017,112,7,51–150,6.26,0.599514,0.711928,0,0,1,50,0.947,2024-25
2026-07-13,2026-07-20,35013,Doña Ana County,New Mexico,NM,quiet,0.004547,93,2,51–150,7.18,0.015003,148,2,51–150,5.22,0.59902,0.669154,0,0,5,18,0.9784,2024-25
2026-07-13,2026-07-20,53011,Clark County,Washington,WA,quiet,0.004537,94,4,51–150,7.17,0.018741,108,5,51–150,6.52,0.59852,0.720711,0,0,8,23,0.868,2024-25
2026-07-13,2026-07-20,06097,Sonoma County,California,CA,quiet,0.004484,95,13,51–150,7.08,0.011945,190,19,151–500,4.15,0.595773,0.611968,0,0,0,,0.96058,2024-25
2026-07-13,2026-07-20,24015,Cecil County,Maryland,MD,quiet,0.004464,96,6,51–150,7.05,0.01729,125,5,51–150,6.01,0.594746,0.702582,0,0,0,,0.951,2024-25
2026-07-13,2026-07-20,12105,Polk County,Florida,FL,quiet,0.004447,97,12,51–150,7.02,0.023666,84,10,51–150,8.23,0.593822,0.769347,0,0,1,6,0.925,2024-25
2026-07-13,2026-07-20,55009,Brown County,Wisconsin,WI,quiet,0.004425,98,1,51–150,6.99,0.017887,117,1,51–150,6.22,0.592643,0.710306,0,0,0,,0.85,2024-25
2026-07-13,2026-07-20,12086,Miami-Dade County,Florida,FL,quiet,0.004393,99,13,51–150,6.94,0.045962,26,3,Top 50,15.98,0.590952,0.874814,0,0,2,24,0.91,2024-25
2026-07-13,2026-07-20,40109,Oklahoma County,Oklahoma,OK,quiet,0.004377,100,1,51–150,6.91,0.020275,98,1,51–150,7.05,0.590113,0.737762,0,0,18,24,0.865,2024-25
2026-07-13,2026-07-20,30063,Missoula County,Montana,MT,quiet,0.00435,101,2,51–150,6.87,0.015616,140,2,51–150,5.43,0.588633,0.678773,0,0,0,,,
2026-07-13,2026-07-20,34013,Essex County,New Jersey,NJ,quiet,0.004254,102,8,51–150,6.72,0.017704,119,8,51–150,6.16,0.583372,0.707971,0,0,0,,0.924,2024-25
2026-07-13,2026-07-20,56013,Fremont County,Wyoming,WY,quiet,0.004178,103,1,51–150,6.6,0.019857,100,1,51–150,6.9,0.579111,0.733316,0,0,6,11,0.91,2022-23
2026-07-13,2026-07-20,12111,St. Lucie County,Florida,FL,quiet,0.004163,104,14,51–150,6.58,0.018008,113,13,51–150,6.26,0.578305,0.711817,0,0,0,,0.88,2024-25
2026-07-13,2026-07-20,48121,Denton County,Texas,TX,quiet,0.004159,105,7,51–150,6.57,0.020251,99,7,51–150,7.04,0.578083,0.737518,0,0,2,60,0.917152,2024-25
2026-07-13,2026-07-20,48167,Galveston County,Texas,TX,quiet,0.004141,106,8,51–150,6.54,0.015143,146,11,51–150,5.27,0.57702,0.671404,0,0,0,,0.940071,2024-25
2026-07-13,2026-07-20,36087,Rockland County,New York,NY,quiet,0.004098,107,3,51–150,6.47,0.013033,174,6,151–500,4.53,0.574579,0.634296,0,0,25,18,0.982818561,2024-25
2026-07-13,2026-07-20,13089,DeKalb County,Georgia,GA,quiet,0.004093,108,2,51–150,6.47,0.019298,104,2,51–150,6.71,0.574275,0.727141,0,0,0,,,
2026-07-13,2026-07-20,39035,Cuyahoga County,Ohio,OH,quiet,0.00408,109,2,51–150,6.45,0.015378,143,2,51–150,5.35,0.573518,0.6751,0,0,5,27,0.864,2024-25
2026-07-13,2026-07-20,53053,Pierce County,Washington,WA,quiet,0.004076,110,5,51–150,6.44,0.02907,66,4,51–150,10.11,0.573252,0.807223,0,0,0,,0.902,2024-25
2026-07-13,2026-07-20,06111,Ventura County,California,CA,quiet,0.004063,111,14,51–150,6.42,0.027751,70,10,51–150,9.65,0.572503,0.799087,0,0,0,,0.96377,2024-25
2026-07-13,2026-07-20,12069,Lake County,Florida,FL,quiet,0.003999,112,15,51–150,6.32,0.016123,136,15,51–150,5.61,0.568712,0.686346,0,0,0,,0.86,2024-25
2026-07-13,2026-07-20,26125,Oakland County,Michigan,MI,quiet,0.003959,113,2,51–150,6.25,0.024995,78,2,51–150,8.69,0.566356,0.779871,0,0,2,30,0.87781856,2024-25
2026-07-13,2026-07-20,47037,Davidson County,Tennessee,TN,quiet,0.003939,114,1,51–150,6.22,0.017264,127,1,51–150,6.0,0.565106,0.702243,0,0,0,,0.956,2024-25
2026-07-13,2026-07-20,45045,Greenville County,South Carolina,SC,quiet,0.003912,115,2,51–150,6.18,0.011298,198,5,151–500,3.93,0.563515,0.597472,0,0,8,17,0.942,2024-25
2026-07-13,2026-07-20,15003,Honolulu County,Hawaii,HI,quiet,0.003894,116,1,51–150,6.15,0.020366,97,1,51–150,7.08,0.562364,0.738716,0,0,3,19,0.8282,2024-25
2026-07-13,2026-07-20,06095,Solano County,California,CA,quiet,0.003867,117,15,51–150,6.11,0.007258,284,22,151–500,2.52,0.56071,0.478537,0,0,0,,0.98515,2024-25
2026-07-13,2026-07-20,06071,San Bernardino County,California,CA,quiet,0.003807,118,16,51–150,6.01,0.02278,89,12,51–150,7.92,0.557012,0.761801,0,0,0,,0.93729,2024-25
2026-07-13,2026-07-20,21067,Fayette County,Kentucky,KY,quiet,0.00375,119,1,51–150,5.92,0.022248,93,2,51–150,7.74,0.553365,0.757049,0,0,6,53,0.935,2024-25
2026-07-13,2026-07-20,16055,Kootenai County,Idaho,ID,quiet,0.003678,120,4,51–150,5.81,0.036831,44,3,Top 50,12.81,0.548718,0.844943,0,0,2,18,0.7,2024-25
2026-07-13,2026-07-20,26081,Kent County,Michigan,MI,quiet,0.003659,121,3,51–150,5.78,0.02084,95,3,51–150,7.25,0.547459,0.743575,0,0,4,51,0.92520807,2024-25
2026-07-13,2026-07-20,38105,Williams County,North Dakota,ND,quiet,0.003638,122,3,51–150,5.75,0.029239,63,1,51–150,10.17,0.546096,0.808219,0,0,19,23,0.805,2024-25
2026-07-13,2026-07-20,48113,Dallas County,Texas,TX,quiet,0.003624,123,9,51–150,5.72,0.018787,107,8,51–150,6.53,0.545135,0.721254,0,0,1,55,0.90148,2024-25
2026-07-13,2026-07-20,21111,Jefferson County,Kentucky,KY,quiet,0.003554,124,2,51–150,5.61,0.024851,79,1,51–150,8.64,0.540433,0.778775,0,0,2,50,0.649,2024-25
2026-07-13,2026-07-20,08014,Broomfield County,Colorado,CO,quiet,0.003547,125,9,51–150,5.6,0.007223,286,15,151–500,2.51,0.540008,0.477217,0,0,4,17,0.9257,2024-25
2026-07-13,2026-07-20,34025,Monmouth County,New Jersey,NJ,quiet,0.003516,126,9,51–150,5.55,0.014961,150,12,51–150,5.2,0.537861,0.668478,0,0,0,,0.888,2024-25
2026-07-13,2026-07-20,53035,Kitsap County,Washington,WA,quiet,0.003443,127,6,51–150,5.44,0.014866,151,6,151–500,5.17,0.5328,0.666929,0,0,0,,0.91,2024-25
2026-07-13,2026-07-20,06113,Yolo County,California,CA,quiet,0.003438,128,17,51–150,5.43,0.012107,186,17,151–500,4.21,0.532428,0.615461,0,0,1,58,0.97685,2024-25
2026-07-13,2026-07-20,41047,Marion County,Oregon,OR,quiet,0.003413,129,3,51–150,5.39,0.010831,204,4,151–500,3.77,0.530664,0.586378,0,0,0,,0.916,2024-25
2026-07-13,2026-07-20,12101,Pasco County,Florida,FL,quiet,0.003402,130,16,51–150,5.37,0.012437,183,18,151–500,4.32,0.529933,0.62236,0,0,3,17,0.919,2024-25
2026-07-13,2026-07-20,48491,Williamson County,Texas,TX,quiet,0.003394,131,10,51–150,5.36,0.01866,109,9,51–150,6.49,0.529316,0.719752,0,0,8,49,0.930762,2024-25
2026-07-13,2026-07-20,24031,Montgomery County,Maryland,MD,quiet,0.003371,132,7,51–150,5.33,0.011987,188,6,151–500,4.17,0.527734,0.61289,0,0,0,,0.9727,2024-25
2026-07-13,2026-07-20,37183,Wake County,North Carolina,NC,quiet,0.003364,133,3,51–150,5.31,0.01821,111,3,51–150,6.33,0.527225,0.714319,0,0,0,,0.94103792,2024-25
2026-07-13,2026-07-20,13067,Cobb County,Georgia,GA,quiet,0.00336,134,3,51–150,5.31,0.0145,156,3,151–500,5.04,0.526907,0.660854,0,0,0,,,
2026-07-13,2026-07-20,48339,Montgomery County,Texas,TX,quiet,0.003347,135,11,51–150,5.29,0.017624,121,10,51–150,6.13,0.525939,0.706948,0,0,0,,0.926693,2024-25
2026-07-13,2026-07-20,45083,Spartanburg County,South Carolina,SC,quiet,0.003339,136,3,51–150,5.27,0.014467,157,3,151–500,5.03,0.525396,0.660299,0,0,940,17,0.9,2024-25
2026-07-13,2026-07-20,02020,Anchorage Municipality,Alaska,AK,quiet,0.003335,137,1,51–150,5.27,0.023127,86,1,51–150,8.04,0.525136,0.76481,0,0,3,39,,
2026-07-13,2026-07-20,48039,Brazoria County,Texas,TX,quiet,0.003282,138,12,51–150,5.18,0.012548,180,14,151–500,4.36,0.521241,0.624635,0,0,1,65,0.962127,2024-25
2026-07-13,2026-07-20,12009,Brevard County,Florida,FL,quiet,0.003247,139,17,51–150,5.13,0.01589,138,16,51–150,5.53,0.518645,0.68291,0,0,0,,0.909,2024-25
2026-07-13,2026-07-20,26121,Muskegon County,Michigan,MI,quiet,0.003216,140,4,51–150,5.08,0.01581,139,4,51–150,5.5,0.516293,0.681714,0,0,3,38,0.92170257,2024-25
2026-07-13,2026-07-20,27037,Dakota County,Minnesota,MN,quiet,0.00316,141,2,51–150,4.99,0.017383,124,2,51–150,6.04,0.51201,0.703819,0,0,1,58,0.865,2024-25
2026-07-13,2026-07-20,36103,Suffolk County,New York,NY,quiet,0.003146,142,4,51–150,4.97,0.014671,154,5,151–500,5.1,0.510941,0.663717,0,0,1,70,0.996453355,2024-25
2026-07-13,2026-07-20,42095,Northampton County,Pennsylvania,PA,quiet,0.003142,143,11,51–150,4.96,0.021378,94,10,51–150,7.43,0.51064,0.748884,0,0,0,,0.949,2024-25
2026-07-13,2026-07-20,24025,Harford County,Maryland,MD,quiet,0.003138,144,8,51–150,4.96,0.011501,193,7,151–500,4.0,0.510326,0.602127,0,0,0,,0.9687,2024-25
2026-07-13,2026-07-20,34027,Morris County,New Jersey,NJ,quiet,0.003126,145,10,51–150,4.94,0.010166,219,15,151–500,3.54,0.509453,0.56957,0,0,0,,0.941,2024-25
2026-07-13,2026-07-20,29189,St. Louis County,Missouri,MO,quiet,0.003063,146,1,51–150,4.84,0.008007,263,2,151–500,2.78,0.504513,0.505178,0,0,0,,0.91,2024-25
2026-07-13,2026-07-20,08059,Jefferson County,Colorado,CO,quiet,0.003037,147,10,51–150,4.8,0.017559,122,9,51–150,6.11,0.502443,0.706108,0,0,0,,0.917,2024-25
2026-07-13,2026-07-20,49005,Cache County,Utah,UT,quiet,0.003037,148,5,51–150,4.8,0.018914,106,5,51–150,6.58,0.502405,0.722738,0,0,0,,0.931456,2024-25
2026-07-13,2026-07-20,42097,Northumberland County,Pennsylvania,PA,quiet,0.003027,149,12,51–150,4.78,0.009286,241,17,151–500,3.23,0.501599,0.545285,0,6,6,3,0.932,2024-25
2026-07-13,2026-07-20,35045,San Juan County,New Mexico,NM,quiet,0.002994,150,3,51–150,4.73,0.008994,245,4,151–500,3.13,0.498983,0.536654,0,0,1,58,0.9548,2024-25
2026-07-13,2026-07-20,34035,Somerset County,New Jersey,NJ,quiet,0.002986,151,11,151–500,4.72,0.015247,144,11,51–150,5.3,0.498338,0.673049,0,0,0,,0.949,2024-25
2026-07-13,2026-07-20,30049,Lewis and Clark County,Montana,MT,quiet,0.002975,152,3,151–500,4.7,0.01439,159,3,151–500,5.0,0.497388,0.658991,0,0,7,17,,
2026-07-13,2026-07-20,31055,Douglas County,Nebraska,NE,quiet,0.002934,153,1,151–500,4.63,0.012502,181,2,151–500,4.35,0.494037,0.623706,0,0,0,,0.980565174,2024-25
2026-07-13,2026-07-20,12109,St. Johns County,Florida,FL,quiet,0.00291,154,18,151–500,4.6,0.015104,147,17,51–150,5.25,0.492079,0.670773,0,0,3,20,0.906,2024-25
2026-07-13,2026-07-20,44007,Providence County,Rhode Island,RI,quiet,0.002886,155,1,151–500,4.56,0.016883,131,1,51–150,5.87,0.490058,0.697101,0,0,3,12,0.95,2024-25
2026-07-13,2026-07-20,49021,Iron County,Utah,UT,quiet,0.002883,156,6,151–500,4.55,0.012819,177,6,151–500,4.46,0.489768,0.630088,0,0,0,,0.824029,2024-25
2026-07-13,2026-07-20,35029,Luna County,New Mexico,NM,quiet,0.002868,157,4,151–500,4.53,0.006537,305,7,151–500,2.27,0.488507,0.450331,0,0,26,7,0.9798,2024-25
2026-07-13,2026-07-20,04003,Cochise County,Arizona,AZ,quiet,0.002853,158,3,151–500,4.51,0.017739,118,4,51–150,6.17,0.487282,0.708423,0,0,0,,0.923,2024-25
2026-07-13,2026-07-20,34005,Burlington County,New Jersey,NJ,quiet,0.00285,159,12,151–500,4.5,0.016692,133,9,51–150,5.8,0.487034,0.694464,0,0,0,,0.933,2024-25
2026-07-13,2026-07-20,37081,Guilford County,North Carolina,NC,quiet,0.002827,160,4,151–500,4.47,0.016899,130,4,51–150,5.88,0.485091,0.697317,0,0,1,55,0.92960699,2024-25
2026-07-13,2026-07-20,08067,La Plata County,Colorado,CO,quiet,0.002813,161,11,151–500,4.44,0.011977,189,10,151–500,4.16,0.483853,0.61266,0,0,0,,0.8987,2024-25
2026-07-13,2026-07-20,36085,Richmond County,New York,NY,quiet,0.002793,162,5,151–500,4.41,0.003265,483,19,151–500,1.14,0.482123,0.278824,0,0,0,,0.993020085,2024-25
2026-07-13,2026-07-20,56029,Park County,Wyoming,WY,quiet,0.002701,163,2,151–500,4.27,0.019401,103,2,51–150,6.75,0.47402,0.728299,0,0,1,30,0.9,2022-23
2026-07-13,2026-07-20,35043,Sandoval County,New Mexico,NM,quiet,0.002688,164,5,151–500,4.25,0.012381,184,3,151–500,4.31,0.472894,0.621206,0,0,6,60,0.9603,2024-25
2026-07-13,2026-07-20,13135,Gwinnett County,Georgia,GA,quiet,0.002676,165,4,151–500,4.23,0.013007,175,4,151–500,4.52,0.471816,0.63379,0,0,0,,,
2026-07-13,2026-07-20,34001,Atlantic County,New Jersey,NJ,quiet,0.002613,166,13,151–500,4.13,0.01419,160,13,151–500,4.93,0.466037,0.655546,0,0,0,,0.889,2024-25
2026-07-13,2026-07-20,46103,Pennington County,South Dakota,SD,quiet,0.002607,167,2,151–500,4.12,0.01005,221,2,151–500,3.49,0.465443,0.566482,0,0,2,58,0.92,2024-25
2026-07-13,2026-07-20,40027,Cleveland County,Oklahoma,OK,quiet,0.0026,168,2,151–500,4.11,0.015224,145,2,51–150,5.29,0.464822,0.672679,0,0,0,,0.9278,2024-25
2026-07-13,2026-07-20,08037,Eagle County,Colorado,CO,quiet,0.00257,169,12,151–500,4.06,0.010067,220,11,151–500,3.5,0.462046,0.566957,0,0,0,,0.9036,2024-25
2026-07-13,2026-07-20,42079,Luzerne County,Pennsylvania,PA,quiet,0.002556,170,13,151–500,4.04,0.014184,161,13,151–500,4.93,0.460748,0.655448,0,0,0,,0.939,2024-25
2026-07-13,2026-07-20,53057,Skagit County,Washington,WA,quiet,0.002553,171,7,151–500,4.03,0.00848,255,12,151–500,2.95,0.460457,0.520718,0,0,0,,0.898,2024-25
2026-07-13,2026-07-20,06077,San Joaquin County,California,CA,quiet,0.002548,172,18,151–500,4.02,0.012021,187,18,151–500,4.18,0.459929,0.613617,0,0,0,,0.95974,2024-25
2026-07-13,2026-07-20,37179,Union County,North Carolina,NC,quiet,0.002502,173,5,151–500,3.95,0.009897,225,8,151–500,3.44,0.455563,0.562403,0,0,2,18,0.88569496,2024-25
2026-07-13,2026-07-20,22051,Jefferson Parish,Louisiana,LA,quiet,0.002485,174,1,151–500,3.93,0.014853,152,1,151–500,5.16,0.453975,0.666725,0,0,0,,0.9614,2024-25
2026-07-13,2026-07-20,53067,Thurston County,Washington,WA,quiet,0.002447,175,8,151–500,3.86,0.013677,171,8,151–500,4.76,0.450198,0.646411,0,0,0,,0.926,2024-25
2026-07-13,2026-07-20,34015,Gloucester County,New Jersey,NJ,quiet,0.002441,176,14,151–500,3.86,0.011824,192,14,151–500,4.11,0.449646,0.609332,0,0,0,,0.948,2024-25
2026-07-13,2026-07-20,17097,Lake County,Illinois,IL,quiet,0.002427,177,2,151–500,3.83,0.013802,169,3,151–500,4.8,0.44829,0.648681,0,0,0,,0.955,2024-25
2026-07-13,2026-07-20,17043,DuPage County,Illinois,IL,quiet,0.002427,178,3,151–500,3.83,0.016876,132,2,51–150,5.87,0.448286,0.697013,0,0,0,,0.959,2024-25
2026-07-13,2026-07-20,42055,Franklin County,Pennsylvania,PA,quiet,0.002427,179,14,151–500,3.83,0.014534,155,12,151–500,5.05,0.448252,0.661422,0,0,0,,0.933,2024-25
2026-07-13,2026-07-20,45079,Richland County,South Carolina,SC,quiet,0.002414,180,4,151–500,3.81,0.01948,102,2,51–150,6.77,0.447003,0.729173,0,0,0,,0.913,2024-25
2026-07-13,2026-07-20,08083,Montezuma County,Colorado,CO,quiet,0.002384,181,13,151–500,3.77,0.008925,248,14,151–500,3.1,0.443999,0.534572,0,0,4,30,0.8378,2024-25
2026-07-13,2026-07-20,25025,Suffolk County,Massachusetts,MA,quiet,0.002349,182,1,151–500,3.71,0.017207,128,1,51–150,5.98,0.44042,0.701489,0,0,1,20,0.941,2024-25
2026-07-13,2026-07-20,48209,Hays County,Texas,TX,quiet,0.002341,183,13,151–500,3.7,0.008075,260,18,151–500,2.81,0.439647,0.507472,0,0,1,60,0.946269,2024-25
2026-07-13,2026-07-20,53073,Whatcom County,Washington,WA,quiet,0.002306,184,9,151–500,3.64,0.014173,162,7,151–500,4.93,0.436037,0.655256,0,0,2,55,0.86,2024-25
2026-07-13,2026-07-20,34039,Union County,New Jersey,NJ,quiet,0.002284,185,15,151–500,3.61,0.015479,142,10,51–150,5.38,0.433798,0.676679,0,0,0,,0.948,2024-25
2026-07-13,2026-07-20,27123,Ramsey County,Minnesota,MN,quiet,0.002269,186,3,151–500,3.58,0.014414,158,3,151–500,5.01,0.432175,0.65939,0,0,0,,0.886,2024-25
2026-07-13,2026-07-20,30111,Yellowstone County,Montana,MT,quiet,0.002254,187,4,151–500,3.56,0.01311,172,4,151–500,4.56,0.430575,0.63577,0,0,4,52,,
2026-07-13,2026-07-20,45091,York County,South Carolina,SC,quiet,0.002251,188,5,151–500,3.56,0.00897,246,6,151–500,3.12,0.430255,0.535927,0,0,0,,0.936,2024-25
2026-07-13,2026-07-20,24043,Washington County,Maryland,MD,quiet,0.002244,189,9,151–500,3.54,0.011308,197,8,151–500,3.93,0.429521,0.597701,0,0,0,,0.9674,2024-25
2026-07-13,2026-07-20,55025,Dane County,Wisconsin,WI,quiet,0.002237,190,2,151–500,3.53,0.007338,283,3,151–500,2.55,0.428829,0.481523,0,0,1,25,0.9,2024-25
2026-07-13,2026-07-20,41067,Washington County,Oregon,OR,quiet,0.002233,191,4,151–500,3.53,0.017972,115,3,51–150,6.25,0.428433,0.711365,0,0,0,,0.947,2024-25
2026-07-13,2026-07-20,06053,Monterey County,California,CA,quiet,0.002222,192,19,151–500,3.51,0.010185,217,20,151–500,3.54,0.427231,0.570065,0,0,0,,0.98187,2024-25
2026-07-13,2026-07-20,48303,Lubbock County,Texas,TX,quiet,0.002219,193,14,151–500,3.5,0.013988,165,12,151–500,4.86,0.426866,0.652,0,0,53,18,0.913411,2024-25
2026-07-13,2026-07-20,25013,Hampden County,Massachusetts,MA,quiet,0.002207,194,2,151–500,3.49,0.013854,167,4,151–500,4.82,0.425617,0.64962,0,0,0,,0.938,2024-25
2026-07-13,2026-07-20,45063,Lexington County,South Carolina,SC,quiet,0.002176,195,6,151–500,3.44,0.012644,179,4,151–500,4.4,0.422284,0.626582,0,0,0,,0.948,2024-25
2026-07-13,2026-07-20,36119,Westchester County,New York,NY,quiet,0.002156,196,6,151–500,3.41,0.009609,235,7,151–500,3.34,0.420115,0.554466,0,0,0,,0.993751589,2024-25
2026-07-13,2026-07-20,06017,El Dorado County,California,CA,quiet,0.002144,197,20,151–500,3.39,0.013754,170,15,151–500,4.78,0.418726,0.647813,0,0,0,,0.7664,2024-25
2026-07-13,2026-07-20,16017,Bonner County,Idaho,ID,quiet,0.002139,198,5,151–500,3.38,0.015601,141,6,51–150,5.42,0.418182,0.678552,0,0,1,47,0.64,2024-25
2026-07-13,2026-07-20,19153,Polk County,Iowa,IA,quiet,0.002133,199,1,151–500,3.37,0.010487,209,1,151–500,3.65,0.417568,0.57784,0,0,0,,0.88672253,2024-25
2026-07-13,2026-07-20,13051,Chatham County,Georgia,GA,quiet,0.002041,200,5,151–500,3.22,0.008404,257,5,151–500,2.92,0.407169,0.518279,0,0,0,,,
2026-07-13,2026-07-20,04015,Mohave County,Arizona,AZ,quiet,0.002015,201,4,151–500,3.18,0.036149,46,2,Top 50,12.57,0.404159,0.842188,0,0,285,10,0.784,2024-25
2026-07-13,2026-07-20,26161,Washtenaw County,Michigan,MI,quiet,0.002014,202,5,151–500,3.18,0.009038,243,6,151–500,3.14,0.404046,0.537978,0,0,7,16,0.9151798,2024-25
2026-07-13,2026-07-20,06055,Napa County,California,CA,quiet,0.002013,203,21,151–500,3.18,0.005087,361,29,151–500,1.77,0.404012,0.384409,0,0,1,25,0.97352,2024-25
2026-07-13,2026-07-20,37025,Cabarrus County,North Carolina,NC,quiet,0.002008,204,6,151–500,3.17,0.010706,207,6,151–500,3.72,0.403345,0.583308,0,0,2,25,0.92197659,2024-25
2026-07-13,2026-07-20,37067,Forsyth County,North Carolina,NC,quiet,0.001995,205,7,151–500,3.15,0.010912,201,5,151–500,3.79,0.401932,0.588329,0,0,0,,0.92799446,2024-25
2026-07-13,2026-07-20,48329,Midland County,Texas,TX,quiet,0.001988,206,15,151–500,3.14,0.010295,212,16,151–500,3.58,0.401113,0.572923,0,0,7,49,0.944486,2024-25
2026-07-13,2026-07-20,45049,Hampton County,South Carolina,SC,quiet,0.001978,207,7,151–500,3.12,0.005878,321,8,151–500,2.04,0.399872,0.422037,0,0,1,6,0.981,2024-25
2026-07-13,2026-07-20,10005,Sussex County,Delaware,DE,quiet,0.001967,208,2,151–500,3.11,0.012346,185,2,151–500,4.29,0.398542,0.620495,0,0,0,,,
2026-07-13,2026-07-20,12083,Marion County,Florida,FL,quiet,0.001955,209,19,151–500,3.09,0.009424,238,21,151–500,3.28,0.39715,0.549237,0,0,0,,0.908,2024-25
2026-07-13,2026-07-20,27003,Anoka County,Minnesota,MN,quiet,0.001953,210,4,151–500,3.08,0.010245,215,4,151–500,3.56,0.39689,0.571614,0,0,0,,0.864,2024-25
2026-07-13,2026-07-20,48027,Bell County,Texas,TX,quiet,0.001944,211,16,151–500,3.07,0.012723,178,13,151–500,4.42,0.39585,0.628177,0,0,1,56,0.951261,2024-25
2026-07-13,2026-07-20,25009,Essex County,Massachusetts,MA,quiet,0.001922,212,3,151–500,3.04,0.014168,163,2,151–500,4.93,0.39319,0.655156,0,0,0,,0.965,2024-25
2026-07-13,2026-07-20,53025,Grant County,Washington,WA,quiet,0.001893,213,10,151–500,2.99,0.009841,227,11,151–500,3.42,0.389669,0.560862,0,0,2,17,0.897,2024-25
2026-07-13,2026-07-20,29095,Jackson County,Missouri,MO,quiet,0.001874,214,2,151–500,2.96,0.017653,120,1,51–150,6.14,0.387374,0.707325,0,0,1,19,0.895,2024-25
2026-07-13,2026-07-20,37133,Onslow County,North Carolina,NC,quiet,0.001864,215,8,151–500,2.94,0.008505,252,9,151–500,2.96,0.38615,0.521536,0,0,0,,0.84225221,2024-25
2026-07-13,2026-07-20,18097,Marion County,Indiana,IN,quiet,0.00186,216,1,151–500,2.94,0.008624,250,1,151–500,3.0,0.385637,0.525281,0,0,0,,0.8923,2024-25
2026-07-13,2026-07-20,04017,Navajo County,Arizona,AZ,quiet,0.001852,217,5,151–500,2.93,0.010007,223,6,151–500,3.48,0.384668,0.565359,0,0,4,57,0.8,2024-25
2026-07-13,2026-07-20,17197,Will County,Illinois,IL,quiet,0.001841,218,4,151–500,2.91,0.007392,280,4,151–500,2.57,0.383283,0.483485,0,0,0,,0.963,2024-25
2026-07-13,2026-07-20,56021,Laramie County,Wyoming,WY,quiet,0.001837,219,3,151–500,2.9,0.006143,313,7,151–500,2.14,0.382776,0.433734,0,0,0,,0.86,2022-23
2026-07-13,2026-07-20,33011,Hillsborough County,New Hampshire,NH,quiet,0.00183,220,1,151–500,2.89,0.009546,236,1,151–500,3.32,0.381945,0.552716,0,0,0,,0.929,2024-25
2026-07-13,2026-07-20,56025,Natrona County,Wyoming,WY,quiet,0.001828,221,4,151–500,2.89,0.01658,134,3,51–150,5.77,0.381696,0.692897,0,0,1,54,0.94,2022-23
2026-07-13,2026-07-20,04007,Gila County,Arizona,AZ,quiet,0.00181,222,6,151–500,2.86,0.009679,233,7,151–500,3.37,0.379415,0.556423,0,0,0,,0.854,2024-25
2026-07-13,2026-07-20,06019,Fresno County,California,CA,quiet,0.001786,223,22,151–500,2.82,0.009828,229,21,151–500,3.42,0.376349,0.560509,0,0,2,69,0.974,2024-25
2026-07-13,2026-07-20,45019,Charleston County,South Carolina,SC,quiet,0.001765,224,8,151–500,2.79,0.006391,310,7,151–500,2.22,0.373684,0.444282,0,0,0,,0.92,2024-25
2026-07-13,2026-07-20,06099,Stanislaus County,California,CA,quiet,0.001744,225,23,151–500,2.75,0.007104,289,23,151–500,2.47,0.370976,0.472724,0,0,0,,0.95648,2024-25
2026-07-13,2026-07-20,42003,Allegheny County,Pennsylvania,PA,quiet,0.001735,226,15,151–500,2.74,0.009792,230,15,151–500,3.4,0.369839,0.559529,0,0,0,,0.941,2024-25
2026-07-13,2026-07-20,17089,Kane County,Illinois,IL,quiet,0.001729,227,5,151–500,2.73,0.006095,315,5,151–500,2.12,0.369086,0.431628,0,0,0,,0.956,2024-25
2026-07-13,2026-07-20,49053,Washington County,Utah,UT,quiet,0.001709,228,7,151–500,2.7,0.009785,231,8,151–500,3.4,0.366499,0.559332,0,0,0,,0.791591,2024-25
2026-07-13,2026-07-20,23005,Cumberland County,Maine,ME,quiet,0.001706,229,1,151–500,2.69,0.005012,365,2,151–500,1.74,0.365998,0.380601,0,0,0,,0.9771,2024-25
2026-07-13,2026-07-20,18089,Lake County,Indiana,IN,quiet,0.00169,230,2,151–500,2.67,0.008498,253,2,151–500,2.95,0.363861,0.5213,0,0,2,37,0.8605,2024-25
2026-07-13,2026-07-20,25017,Middlesex County,Massachusetts,MA,quiet,0.001688,231,4,151–500,2.67,0.010862,202,5,151–500,3.78,0.363606,0.587125,0,0,0,,0.981,2024-25
2026-07-13,2026-07-20,48259,Kendall County,Texas,TX,quiet,0.001684,232,17,151–500,2.66,0.008481,254,17,151–500,2.95,0.363092,0.520751,0,0,1,18,0.912237,2024-25
2026-07-13,2026-07-20,06041,Marin County,California,CA,quiet,0.001672,233,24,151–500,2.64,0.005357,345,28,151–500,1.86,0.361583,0.397724,0,0,0,,0.99034,2024-25
2026-07-13,2026-07-20,51059,Fairfax County,Virginia,VA,quiet,0.001657,234,1,151–500,2.62,0.010862,203,2,151–500,3.78,0.359546,0.587117,0,0,0,,0.91,2024-25
2026-07-13,2026-07-20,08065,Lake County,Colorado,CO,quiet,0.001629,235,14,151–500,2.57,0.008946,247,13,151–500,3.11,0.355746,0.535196,0,0,9,8,0.875,2024-25
2026-07-13,2026-07-20,37063,Durham County,North Carolina,NC,quiet,0.001628,236,9,151–500,2.57,0.010679,208,7,151–500,3.71,0.355566,0.582626,0,0,0,,0.88014687,2024-25
2026-07-13,2026-07-20,12127,Volusia County,Florida,FL,quiet,0.001619,237,20,151–500,2.56,0.010732,205,19,151–500,3.73,0.354311,0.583935,0,0,0,,0.886,2024-25
2026-07-13,2026-07-20,48157,Fort Bend County,Texas,TX,quiet,0.001608,238,18,151–500,2.54,0.011276,199,15,151–500,3.92,0.352814,0.596966,0,0,1,67,0.952298,2024-25
2026-07-13,2026-07-20,31109,Lancaster County,Nebraska,NE,quiet,0.001592,239,2,151–500,2.51,0.013834,168,1,151–500,4.81,0.350583,0.649258,0,0,1,24,0.894271872,2024-25
2026-07-13,2026-07-20,47093,Knox County,Tennessee,TN,quiet,0.001588,240,2,151–500,2.51,0.010021,222,2,151–500,3.48,0.350074,0.565724,0,0,0,,0.942,2024-25
2026-07-13,2026-07-20,09190,Western Connecticut Planning Region,Connecticut,CT,quiet,0.00158,241,1,151–500,2.5,0.011429,194,2,151–500,3.97,0.349036,0.600485,0,0,0,,0.983,2024-25
2026-07-13,2026-07-20,05119,Pulaski County,Arkansas,AR,quiet,0.00158,242,1,151–500,2.5,0.008071,261,1,151–500,2.81,0.348964,0.507313,0,0,0,,,
2026-07-13,2026-07-20,36081,Queens County,New York,NY,quiet,0.001564,243,7,151–500,2.47,0.03717,43,2,Top 50,12.93,0.346719,0.846283,0,0,0,,0.975836608,2024-25
2026-07-13,2026-07-20,39095,Lucas County,Ohio,OH,quiet,0.001564,244,3,151–500,2.47,0.007641,271,3,151–500,2.66,0.346682,0.492464,0,0,0,,0.842,2024-25
2026-07-13,2026-07-20,53077,Yakima County,Washington,WA,quiet,0.001558,245,11,151–500,2.46,0.007401,278,14,151–500,2.57,0.345837,0.483827,0,0,0,,0.962,2024-25
2026-07-13,2026-07-20,09110,Capitol Planning Region,Connecticut,CT,quiet,0.00154,246,2,151–500,2.43,0.014005,164,1,151–500,4.87,0.343336,0.652303,0,0,0,,0.987,2024-25
2026-07-13,2026-07-20,55079,Milwaukee County,Wisconsin,WI,quiet,0.001524,247,3,151–500,2.41,0.008122,259,2,151–500,2.82,0.341133,0.509045,0,0,0,,0.7,2024-25
2026-07-13,2026-07-20,46099,Minnehaha County,South Dakota,SD,quiet,0.001523,248,3,151–500,2.41,0.007565,274,3,151–500,2.63,0.340891,0.489769,0,0,0,,0.9,2024-25
2026-07-13,2026-07-20,25005,Bristol County,Massachusetts,MA,quiet,0.001518,249,5,151–500,2.4,0.013954,166,3,151–500,4.85,0.340238,0.651395,0,0,0,,0.976,2024-25
2026-07-13,2026-07-20,25021,Norfolk County,Massachusetts,MA,quiet,0.00151,250,6,151–500,2.39,0.009731,232,6,151–500,3.38,0.339076,0.55785,0,0,0,,0.978,2024-25
2026-07-13,2026-07-20,16027,Canyon County,Idaho,ID,quiet,0.001507,251,6,151–500,2.38,0.016478,135,5,51–150,5.73,0.338621,0.691463,0,0,6,20,0.79,2024-25
2026-07-13,2026-07-20,53065,Stevens County,Washington,WA,quiet,0.001502,252,12,151–500,2.37,0.010271,213,9,151–500,3.57,0.337919,0.572294,0,0,3,22,0.764,2024-25
2026-07-13,2026-07-20,08035,Douglas County,Colorado,CO,quiet,0.001494,253,15,151–500,2.36,0.006603,304,16,151–500,2.3,0.336772,0.453037,0,0,0,,0.91,2024-25
2026-07-13,2026-07-20,51013,Arlington County,Virginia,VA,quiet,0.001484,254,2,151–500,2.34,0.013061,173,1,151–500,4.54,0.335294,0.634824,0,0,0,,0.922,2024-25
2026-07-13,2026-07-20,42001,Adams County,Pennsylvania,PA,quiet,0.001476,255,16,151–500,2.33,0.010181,218,14,151–500,3.54,0.334108,0.569953,0,0,0,,0.929,2024-25
2026-07-13,2026-07-20,12113,Santa Rosa County,Florida,FL,quiet,0.001474,256,21,151–500,2.33,0.009632,234,20,151–500,3.35,0.333825,0.555116,0,0,0,,0.91,2024-25
2026-07-13,2026-07-20,27005,Becker County,Minnesota,MN,quiet,0.001473,257,5,151–500,2.33,0.004306,400,8,151–500,1.5,0.333652,0.342688,0,0,0,,0.905,2024-25
2026-07-13,2026-07-20,16043,Fremont County,Idaho,ID,quiet,0.001467,258,7,151–500,2.32,0.011374,195,8,151–500,3.96,0.332878,0.59923,0,0,0,,0.8,2024-25
2026-07-13,2026-07-20,13029,Bryan County,Georgia,GA,quiet,0.001467,259,6,151–500,2.32,0.005808,324,7,151–500,2.02,0.332815,0.41885,0,0,1,21,,
2026-07-13,2026-07-20,08049,Grand County,Colorado,CO,quiet,0.001465,260,16,151–500,2.31,0.003353,475,21,151–500,1.17,0.332473,0.28464,0,0,0,,0.84,2024-25
2026-07-13,2026-07-20,53005,Benton County,Washington,WA,quiet,0.001464,261,13,151–500,2.31,0.006985,295,15,151–500,2.43,0.33234,0.468155,0,0,0,,0.931,2024-25
2026-07-13,2026-07-20,41029,Jackson County,Oregon,OR,quiet,0.001459,262,5,151–500,2.3,0.004633,381,9,151–500,1.61,0.33165,0.360784,0,0,0,,0.853,2024-25
2026-07-13,2026-07-20,39153,Summit County,Ohio,OH,quiet,0.001456,263,4,151–500,2.3,0.004612,384,8,151–500,1.6,0.331155,0.359623,0,0,0,,0.86,2024-25
2026-07-13,2026-07-20,18003,Allen County,Indiana,IN,quiet,0.001456,264,3,151–500,2.3,0.006506,307,3,151–500,2.26,0.331148,0.449042,0,0,8,64,0.8966,2024-25
2026-07-13,2026-07-20,24021,Frederick County,Maryland,MD,quiet,0.00145,265,10,151–500,2.29,0.007381,282,10,151–500,2.57,0.330364,0.483082,0,0,0,,0.9611,2024-25
2026-07-13,2026-07-20,29077,Greene County,Missouri,MO,quiet,0.00145,266,3,151–500,2.29,0.007717,269,3,151–500,2.68,0.330328,0.495165,0,0,0,,0.873,2024-25
2026-07-13,2026-07-20,40143,Tulsa County,Oklahoma,OK,quiet,0.001431,267,3,151–500,2.26,0.012459,182,3,151–500,4.33,0.327492,0.622816,0,0,0,,0.9058,2024-25
2026-07-13,2026-07-20,08045,Garfield County,Colorado,CO,quiet,0.001427,268,17,151–500,2.25,0.003519,460,20,151–500,1.22,0.326904,0.295403,0,0,0,,0.9386,2024-25
2026-07-13,2026-07-20,35015,Eddy County,New Mexico,NM,quiet,0.001426,269,6,151–500,2.25,0.003161,494,9,151–500,1.1,0.326756,0.271849,0,0,3,64,0.9539,2024-25
2026-07-13,2026-07-20,12115,Sarasota County,Florida,FL,quiet,0.001425,270,22,151–500,2.25,0.00457,389,27,151–500,1.59,0.326549,0.357357,0,0,0,,0.799,2024-25
2026-07-13,2026-07-20,53037,Kittitas County,Washington,WA,quiet,0.001424,271,14,151–500,2.25,0.007735,268,13,151–500,2.69,0.32646,0.495802,0,0,7,11,0.905,2024-25
2026-07-13,2026-07-20,12001,Alachua County,Florida,FL,quiet,0.001422,272,23,151–500,2.25,0.007824,267,22,151–500,2.72,0.326162,0.498903,0,0,2,23,0.919,2024-25
2026-07-13,2026-07-20,38099,Walsh County,North Dakota,ND,quiet,0.001421,273,4,151–500,2.24,0.004881,370,7,151–500,1.7,0.326019,0.373843,0,0,1,21,0.9573,2024-25
2026-07-13,2026-07-20,29047,Clay County,Missouri,MO,quiet,0.001414,274,4,151–500,2.23,0.005028,364,5,151–500,1.75,0.325027,0.381396,0,0,0,,0.899,2024-25
2026-07-13,2026-07-20,10001,Kent County,Delaware,DE,quiet,0.001414,275,3,151–500,2.23,0.008409,256,3,151–500,2.92,0.324917,0.518436,0,0,0,,,
2026-07-13,2026-07-20,08029,Delta County,Colorado,CO,quiet,0.00141,276,18,151–500,2.23,0.009118,242,12,151–500,3.17,0.324409,0.540338,0,0,1,7,0.8,2024-25
2026-07-13,2026-07-20,42089,Monroe County,Pennsylvania,PA,quiet,0.001403,277,17,151–500,2.22,0.00934,239,16,151–500,3.25,0.323333,0.546843,0,0,0,,0.878,2024-25
2026-07-13,2026-07-20,51107,Loudoun County,Virginia,VA,quiet,0.001403,278,3,151–500,2.22,0.0104,210,3,151–500,3.62,0.323301,0.575613,0,0,0,,0.941,2024-25
2026-07-13,2026-07-20,32007,Elko County,Nevada,NV,quiet,0.0014,279,3,151–500,2.21,0.003601,452,3,151–500,1.25,0.322786,0.300557,0,0,0,,0.921,2024-25
2026-07-13,2026-07-20,12019,Clay County,Florida,FL,quiet,0.001384,280,24,151–500,2.19,0.005474,339,26,151–500,1.9,0.320394,0.403346,0,0,0,,0.936,2024-25
2026-07-13,2026-07-20,41039,Lane County,Oregon,OR,quiet,0.001377,281,6,151–500,2.17,0.010264,214,5,151–500,3.57,0.3193,0.572118,0,0,0,,0.916,2024-25
2026-07-13,2026-07-20,12005,Bay County,Florida,FL,quiet,0.001373,282,25,151–500,2.17,0.002948,513,29,501+,1.03,0.318722,0.257184,0,0,0,,0.853,2024-25
2026-07-13,2026-07-20,53015,Cowlitz County,Washington,WA,quiet,0.00137,283,15,151–500,2.16,0.010204,216,10,151–500,3.55,0.318257,0.570563,0,0,0,,0.906,2024-25
2026-07-13,2026-07-20,39061,Hamilton County,Ohio,OH,quiet,0.001342,284,5,151–500,2.12,0.005829,322,7,151–500,2.03,0.314021,0.419811,0,0,0,,0.771,2024-25
2026-07-13,2026-07-20,30013,Cascade County,Montana,MT,quiet,0.001332,285,5,151–500,2.1,0.007925,264,7,151–500,2.76,0.312451,0.502377,0,0,1,52,,
2026-07-13,2026-07-20,41017,Deschutes County,Oregon,OR,quiet,0.001311,286,7,151–500,2.07,0.005777,327,6,151–500,2.01,0.309082,0.417443,0,0,0,,0.9,2024-25
2026-07-13,2026-07-20,38053,McKenzie County,North Dakota,ND,quiet,0.001309,287,5,151–500,2.07,0.010386,211,4,151–500,3.61,0.308826,0.575251,0,0,0,,0.7,2024-25
2026-07-13,2026-07-20,54003,Berkeley County,West Virginia,WV,quiet,0.001309,288,1,151–500,2.07,0.007902,266,1,151–500,2.75,0.308803,0.501576,0,0,0,,,
2026-07-13,2026-07-20,56023,Lincoln County,Wyoming,WY,quiet,0.001299,289,5,151–500,2.05,0.007588,273,5,151–500,2.64,0.307189,0.490582,0,0,0,,0.92,2022-23
2026-07-13,2026-07-20,37071,Gaston County,North Carolina,NC,quiet,0.001293,290,10,151–500,2.04,0.006058,317,11,151–500,2.11,0.306274,0.430022,0,0,0,,0.90848953,2024-25
2026-07-13,2026-07-20,39089,Licking County,Ohio,OH,quiet,0.001274,291,6,151–500,2.01,0.00708,291,4,151–500,2.46,0.303295,0.471824,0,0,0,,0.906,2024-25
2026-07-13,2026-07-20,02170,Matanuska-Susitna Borough,Alaska,AK,quiet,0.001273,292,2,151–500,2.01,0.007239,285,2,151–500,2.52,0.30311,0.477816,0,0,0,,,
2026-07-13,2026-07-20,20091,Johnson County,Kansas,KS,quiet,0.00127,293,1,151–500,2.01,0.006068,316,2,151–500,2.11,0.302637,0.430432,0,0,0,,0.9515,2024-25
2026-07-13,2026-07-20,26115,Monroe County,Michigan,MI,quiet,0.00126,294,6,151–500,1.99,0.005156,359,10,151–500,1.79,0.301001,0.387864,0,0,1,15,0.89901904,2024-25
2026-07-13,2026-07-20,53021,Franklin County,Washington,WA,quiet,0.00126,295,16,151–500,1.99,0.003647,445,18,151–500,1.27,0.300985,0.303482,0,0,0,,0.941,2024-25
2026-07-13,2026-07-20,49003,Box Elder County,Utah,UT,quiet,0.001242,296,8,151–500,1.96,0.00985,226,7,151–500,3.43,0.297973,0.561123,0,0,0,,0.901408,2024-25
2026-07-13,2026-07-20,36047,Kings County,New York,NY,quiet,0.001229,297,8,151–500,1.94,0.014995,149,4,51–150,5.21,0.295839,0.669035,0,0,0,,0.976940499,2024-25
2026-07-13,2026-07-20,26065,Ingham County,Michigan,MI,quiet,0.001216,298,7,151–500,1.92,0.010724,206,5,151–500,3.73,0.293762,0.583761,0,0,1,65,0.90624,2024-25
2026-07-13,2026-07-20,16011,Bingham County,Idaho,ID,quiet,0.001208,299,8,151–500,1.91,0.011847,191,7,151–500,4.12,0.292406,0.609844,0,0,0,,0.82,2024-25
2026-07-13,2026-07-20,36059,Nassau County,New York,NY,quiet,0.001187,300,9,151–500,1.87,0.005447,341,9,151–500,1.89,0.288944,0.402041,0,0,0,,0.986670581,2024-25
2026-07-13,2026-07-20,35049,Santa Fe County,New Mexico,NM,quiet,0.001187,301,7,151–500,1.87,0.007383,281,5,151–500,2.57,0.288932,0.483165,0,0,5,49,0.9233,2024-25
2026-07-13,2026-07-20,22103,St. Tammany Parish,Louisiana,LA,quiet,0.001184,302,2,151–500,1.87,0.006134,314,2,151–500,2.13,0.288502,0.43334,0,0,0,,0.8768,2024-25
2026-07-13,2026-07-20,16005,Bannock County,Idaho,ID,quiet,0.001166,303,9,151–500,1.84,0.009836,228,9,151–500,3.42,0.28539,0.560726,0,0,0,,0.9,2024-25
2026-07-13,2026-07-20,47157,Shelby County,Tennessee,TN,quiet,0.001162,304,3,151–500,1.84,0.004815,371,3,151–500,1.67,0.28478,0.370416,0,0,0,,0.946,2024-25
2026-07-13,2026-07-20,51810,Virginia Beach City,Virginia,VA,quiet,0.001145,305,4,151–500,1.81,0.007557,276,4,151–500,2.63,0.281786,0.48946,0,0,0,,0.908,2024-25
2026-07-13,2026-07-20,56037,Sweetwater County,Wyoming,WY,quiet,0.001127,306,6,151–500,1.78,0.009979,224,4,151–500,3.47,0.278675,0.564602,0,0,0,,0.96,2022-23
2026-07-13,2026-07-20,27145,Stearns County,Minnesota,MN,quiet,0.001125,307,6,151–500,1.78,0.005266,351,6,151–500,1.83,0.278421,0.39329,0,0,0,,0.777,2024-25
2026-07-13,2026-07-20,02090,Fairbanks North Star Borough,Alaska,AK,quiet,0.001121,308,3,151–500,1.77,0.005351,346,3,151–500,1.86,0.27777,0.397434,0,0,0,,,
2026-07-13,2026-07-20,04009,Graham County,Arizona,AZ,quiet,0.001118,309,7,151–500,1.77,0.00791,265,8,151–500,2.75,0.277275,0.501848,0,0,0,,0.873,2024-25
2026-07-13,2026-07-20,49047,Uintah County,Utah,UT,quiet,0.001114,310,9,151–500,1.76,0.006511,306,9,151–500,2.26,0.276508,0.449262,0,0,0,,0.881974,2024-25
2026-07-13,2026-07-20,19013,Black Hawk County,Iowa,IA,quiet,0.001113,311,2,151–500,1.76,0.005303,348,3,151–500,1.84,0.276354,0.395113,0,0,0,,0.90699166,2024-25
2026-07-13,2026-07-20,25027,Worcester County,Massachusetts,MA,quiet,0.001097,312,7,151–500,1.73,0.008583,251,7,151–500,2.98,0.273606,0.52401,0,0,0,,0.966,2024-25
2026-07-13,2026-07-20,20177,Shawnee County,Kansas,KS,quiet,0.001094,313,2,151–500,1.73,0.004472,395,4,151–500,1.55,0.272926,0.35196,0,0,0,,0.9497,2024-25
2026-07-13,2026-07-20,36079,Putnam County,New York,NY,quiet,0.00109,314,10,151–500,1.72,0.005229,354,11,151–500,1.82,0.272316,0.391461,0,0,1,58,0.997033415,2024-25
2026-07-13,2026-07-20,42119,Union County,Pennsylvania,PA,quiet,0.001081,315,18,151–500,1.71,0.008771,249,18,151–500,3.05,0.270736,0.529864,0,0,0,,0.94,2024-25
2026-07-13,2026-07-20,26005,Allegan County,Michigan,MI,quiet,0.00108,316,8,151–500,1.71,0.006467,308,9,151–500,2.25,0.270468,0.447426,0,0,1,58,0.90327494,2024-25
2026-07-13,2026-07-20,05007,Benton County,Arkansas,AR,quiet,0.001079,317,2,151–500,1.7,0.006995,294,2,151–500,2.43,0.270412,0.468562,0,0,1,56,,
2026-07-13,2026-07-20,53007,Chelan County,Washington,WA,quiet,0.001072,318,17,151–500,1.69,0.00489,369,17,151–500,1.7,0.269203,0.374328,0,0,0,,0.924,2024-25
2026-07-13,2026-07-20,48091,Comal County,Texas,TX,quiet,0.001071,319,19,151–500,1.69,0.00479,374,20,151–500,1.67,0.268967,0.369091,0,0,0,,0.916326,2024-25
2026-07-13,2026-07-20,06083,Santa Barbara County,California,CA,quiet,0.001068,320,25,151–500,1.69,0.006814,300,25,151–500,2.37,0.268441,0.461508,0,0,0,,0.98478,2024-25
2026-07-13,2026-07-20,51710,Norfolk City,Virginia,VA,quiet,0.001067,321,5,151–500,1.69,0.004061,414,6,151–500,1.41,0.268245,0.328569,0,0,0,,0.898,2024-25
2026-07-13,2026-07-20,48389,Reeves County,Texas,TX,quiet,0.001067,322,20,151–500,1.68,0.001905,660,43,501+,0.66,0.268155,0.177747,0,0,2,59,0.986047,2024-25
2026-07-13,2026-07-20,39093,Lorain County,Ohio,OH,quiet,0.001063,323,7,151–500,1.68,0.00701,293,5,151–500,2.44,0.267486,0.469125,0,0,0,,0.919,2024-25
2026-07-13,2026-07-20,45007,Anderson County,South Carolina,SC,quiet,0.001057,324,9,151–500,1.67,0.004475,394,11,151–500,1.56,0.266428,0.352128,0,0,0,,0.951,2024-25
2026-07-13,2026-07-20,01073,Jefferson County,Alabama,AL,quiet,0.001054,325,1,151–500,1.66,0.005706,329,1,151–500,1.98,0.26584,0.414182,0,0,0,,0.9643,2024-25
2026-07-13,2026-07-20,37001,Alamance County,North Carolina,NC,quiet,0.001052,326,11,151–500,1.66,0.003841,425,14,151–500,1.34,0.265545,0.315423,0,0,0,,0.95137217,2024-25
2026-07-13,2026-07-20,48187,Guadalupe County,Texas,TX,quiet,0.001048,327,21,151–500,1.66,0.003095,502,29,501+,1.08,0.264887,0.26736,0,0,0,,0.959032,2024-25
2026-07-13,2026-07-20,06079,San Luis Obispo County,California,CA,quiet,0.001047,328,26,151–500,1.65,0.01285,176,16,151–500,4.47,0.264724,0.630713,0,0,1,30,0.97299,2024-25
2026-07-13,2026-07-20,06011,Colusa County,California,CA,quiet,0.001046,329,27,151–500,1.65,0.001425,791,44,501+,0.5,0.26443,0.136497,0,0,0,,0.96181,2024-25
2026-07-13,2026-07-20,36027,Dutchess County,New York,NY,quiet,0.001045,330,11,151–500,1.65,0.004392,398,15,151–500,1.53,0.264218,0.347536,0,0,0,,0.988996531,2024-25
2026-07-13,2026-07-20,36067,Onondaga County,New York,NY,quiet,0.00104,331,12,151–500,1.64,0.005087,362,13,151–500,1.77,0.263473,0.384383,0,0,0,,0.996162152,2024-25
2026-07-13,2026-07-20,45035,Dorchester County,South Carolina,SC,quiet,0.001037,332,10,151–500,1.64,0.002192,610,19,501+,0.76,0.262809,0.200959,0,0,0,,0.951,2024-25
2026-07-13,2026-07-20,16065,Madison County,Idaho,ID,quiet,0.001034,333,10,151–500,1.63,0.00765,270,11,151–500,2.66,0.262215,0.492784,0,0,3,27,0.84,2024-25
2026-07-13,2026-07-20,30029,Flathead County,Montana,MT,quiet,0.001027,334,6,151–500,1.62,0.011322,196,5,151–500,3.94,0.261017,0.598023,0,0,2,59,,
2026-07-13,2026-07-20,18039,Elkhart County,Indiana,IN,quiet,0.001027,335,4,151–500,1.62,0.002164,614,9,501+,0.75,0.261,0.198698,0,0,0,,0.8985,2024-25
2026-07-13,2026-07-20,13057,Cherokee County,Georgia,GA,quiet,0.001025,336,7,151–500,1.62,0.007395,279,6,151–500,2.57,0.260754,0.483615,0,0,0,,,
2026-07-13,2026-07-20,20173,Sedgwick County,Kansas,KS,quiet,0.001025,337,3,151–500,1.62,0.007563,275,1,151–500,2.63,0.260586,0.4897,0,0,0,,0.9253,2024-25
2026-07-13,2026-07-20,56035,Sublette County,Wyoming,WY,quiet,0.001023,338,7,151–500,1.62,0.004448,397,10,151–500,1.55,0.260314,0.350655,0,0,0,,0.92,2022-23
2026-07-13,2026-07-20,53029,Island County,Washington,WA,quiet,0.001021,339,18,151–500,1.61,0.006857,299,16,151–500,2.38,0.259977,0.463187,0,0,0,,0.918,2024-25
2026-07-13,2026-07-20,51510,Alexandria City,Virginia,VA,quiet,0.001017,340,6,151–500,1.61,0.007098,290,5,151–500,2.47,0.25923,0.472512,0,0,0,,0.852,2024-25
2026-07-13,2026-07-20,27109,Olmsted County,Minnesota,MN,quiet,0.00101,341,7,151–500,1.6,0.007027,292,5,151–500,2.44,0.257906,0.469783,0,0,1,39,0.933,2024-25
2026-07-13,2026-07-20,24017,Charles County,Maryland,MD,quiet,0.001002,342,11,151–500,1.58,0.002725,536,17,501+,0.95,0.256537,0.241331,0,0,0,,0.974,2024-25
2026-07-13,2026-07-20,46129,Walworth County,South Dakota,SD,quiet,0.001,343,4,151–500,1.58,0.001917,658,10,501+,0.67,0.256017,0.178665,0,0,0,,0.91,2024-25
2026-07-13,2026-07-20,16083,Twin Falls County,Idaho,ID,quiet,0.000999,344,11,151–500,1.58,0.005515,338,13,151–500,1.92,0.255826,0.405276,0,0,0,,0.82,2024-25
2026-07-13,2026-07-20,39113,Montgomery County,Ohio,OH,quiet,0.000997,345,8,151–500,1.57,0.006607,303,6,151–500,2.3,0.255489,0.453169,0,0,0,,0.846,2024-25
2026-07-13,2026-07-20,04025,Yavapai County,Arizona,AZ,quiet,0.000995,346,8,151–500,1.57,0.014847,153,5,151–500,5.16,0.25508,0.666618,0,0,0,,0.753,2024-25
2026-07-13,2026-07-20,48355,Nueces County,Texas,TX,quiet,0.000993,347,22,151–500,1.57,0.003727,439,23,151–500,1.3,0.254849,0.308473,0,0,0,,0.965746,2024-25
2026-07-13,2026-07-20,45015,Berkeley County,South Carolina,SC,quiet,0.000974,348,11,151–500,1.54,0.004714,376,10,151–500,1.64,0.251329,0.365117,0,0,0,,0.935,2024-25
2026-07-13,2026-07-20,36065,Oneida County,New York,NY,quiet,0.000973,349,13,151–500,1.54,0.005241,353,10,151–500,1.82,0.251113,0.392063,0,0,0,,0.976227591,2024-25
2026-07-13,2026-07-20,53017,Douglas County,Washington,WA,quiet,0.000971,350,19,151–500,1.53,0.002988,508,21,501+,1.04,0.250646,0.259956,0,0,0,,0.939,2024-25
2026-07-13,2026-07-20,45051,Horry County,South Carolina,SC,quiet,0.000964,351,12,151–500,1.52,0.003834,427,12,151–500,1.33,0.249293,0.315038,0,0,0,,0.908,2024-25
2026-07-13,2026-07-20,20189,Stevens County,Kansas,KS,quiet,0.000962,352,4,151–500,1.52,0.002234,602,6,501+,0.78,0.248969,0.204266,0,0,10,52,0.8665,2024-25
2026-07-13,2026-07-20,35055,Taos County,New Mexico,NM,quiet,0.000959,353,8,151–500,1.51,0.003175,493,8,151–500,1.1,0.248369,0.27277,0,0,0,,0.8944,2024-25
2026-07-13,2026-07-20,38015,Burleigh County,North Dakota,ND,quiet,0.000945,354,6,151–500,1.49,0.006004,318,5,151–500,2.09,0.245732,0.427658,0,0,0,,0.8857,2024-25
2026-07-13,2026-07-20,35023,Hidalgo County,New Mexico,NM,quiet,0.000945,355,9,151–500,1.49,0.002943,514,10,501+,1.02,0.245713,0.256809,0,0,2,20,0.9643,2024-25
2026-07-13,2026-07-20,26077,Kalamazoo County,Michigan,MI,quiet,0.000938,356,9,151–500,1.48,0.004239,404,15,151–500,1.47,0.244537,0.338892,0,0,0,,0.91347939,2024-25
2026-07-13,2026-07-20,26163,Wayne County,Michigan,MI,quiet,0.000935,357,10,151–500,1.48,0.008146,258,8,151–500,2.83,0.243904,0.509824,0,0,0,,0.8994,2023-24
2026-07-13,2026-07-20,55127,Walworth County,Wisconsin,WI,quiet,0.000931,358,4,151–500,1.47,0.003487,463,8,151–500,1.21,0.243045,0.293305,0,0,0,,0.84,2024-25
2026-07-13,2026-07-20,38067,Pembina County,North Dakota,ND,quiet,0.000929,359,7,151–500,1.47,0.004786,375,8,151–500,1.66,0.242762,0.3689,0,0,23,19,0.9565,2024-25
2026-07-13,2026-07-20,55087,Outagamie County,Wisconsin,WI,quiet,0.000913,360,5,151–500,1.44,0.003182,492,10,151–500,1.11,0.239742,0.273233,0,0,0,,0.88,2024-25
2026-07-13,2026-07-20,48397,Rockwall County,Texas,TX,quiet,0.000904,361,23,151–500,1.43,0.005632,332,19,151–500,1.96,0.237864,0.410786,0,0,8,20,0.909091,2024-25
2026-07-13,2026-07-20,16051,Jefferson County,Idaho,ID,quiet,0.000901,362,12,151–500,1.42,0.008023,262,10,151–500,2.79,0.237337,0.505697,0,0,0,,0.85,2024-25
2026-07-13,2026-07-20,34011,Cumberland County,New Jersey,NJ,quiet,0.000898,363,16,151–500,1.42,0.005222,356,18,151–500,1.82,0.236685,0.391135,0,0,0,,0.954,2024-25
2026-07-13,2026-07-20,36029,Erie County,New York,NY,quiet,0.000888,364,14,151–500,1.4,0.009508,237,8,151–500,3.31,0.234828,0.55164,0,0,2,5,0.978772607,2024-25
2026-07-13,2026-07-20,18141,St. Joseph County,Indiana,IN,quiet,0.000886,365,5,151–500,1.4,0.005328,347,4,151–500,1.85,0.234381,0.396304,0,0,0,,0.9367,2024-25
2026-07-13,2026-07-20,29510,St. Louis City,Missouri,MO,quiet,0.000884,366,5,151–500,1.4,0.005515,337,4,151–500,1.92,0.234019,0.405305,0,0,0,,0.74,2024-25
2026-07-13,2026-07-20,53027,Grays Harbor County,Washington,WA,quiet,0.000882,367,20,151–500,1.39,0.003118,498,20,151–500,1.08,0.23354,0.268947,0,0,0,,0.9,2024-25
2026-07-13,2026-07-20,35025,Lea County,New Mexico,NM,quiet,0.000879,368,10,151–500,1.39,0.007128,288,6,151–500,2.48,0.232998,0.473666,0,0,67,58,0.9666,2024-25
2026-07-13,2026-07-20,04027,Yuma County,Arizona,AZ,quiet,0.000878,369,9,151–500,1.39,0.005693,330,9,151–500,1.98,0.232933,0.413602,0,0,0,,0.945,2024-25
2026-07-13,2026-07-20,36093,Schenectady County,New York,NY,quiet,0.000878,370,15,151–500,1.39,0.003837,426,16,151–500,1.33,0.23289,0.3152,0,0,0,,0.970369545,2024-25
2026-07-13,2026-07-20,36055,Monroe County,New York,NY,quiet,0.000878,371,16,151–500,1.39,0.004932,368,14,151–500,1.71,0.23278,0.376482,0,0,0,,0.994257747,2024-25
2026-07-13,2026-07-20,26087,Lapeer County,Michigan,MI,quiet,0.000878,372,11,151–500,1.39,0.004249,403,14,151–500,1.48,0.232771,0.339483,0,0,0,,0.82070707,2024-25
2026-07-13,2026-07-20,24047,Worcester County,Maryland,MD,quiet,0.000876,373,12,151–500,1.38,0.003781,430,13,151–500,1.31,0.232365,0.311777,0,0,0,,0.9714,2024-25
2026-07-13,2026-07-20,27027,Clay County,Minnesota,MN,quiet,0.000873,374,8,151–500,1.38,0.004297,401,9,151–500,1.49,0.231941,0.342186,0,0,0,,0.874,2024-25
2026-07-13,2026-07-20,27119,Polk County,Minnesota,MN,quiet,0.000873,375,9,151–500,1.38,0.002026,639,16,501+,0.7,0.231831,0.18764,0,0,0,,0.855,2024-25
2026-07-13,2026-07-20,09170,South Central Connecticut Planning Region,Connecticut,CT,quiet,0.000871,376,3,151–500,1.38,0.007437,277,3,151–500,2.59,0.231525,0.485118,0,0,1,31,0.987,2024-25
2026-07-13,2026-07-20,24037,St. Mary's County,Maryland,MD,quiet,0.000859,377,13,151–500,1.36,0.002966,511,16,501+,1.03,0.229146,0.25847,0,0,0,,0.9756,2024-25
2026-07-13,2026-07-20,49013,Duchesne County,Utah,UT,quiet,0.000852,378,10,151–500,1.35,0.002717,540,14,501+,0.94,0.227679,0.240711,0,0,0,,0.895317,2024-25
2026-07-13,2026-07-20,08085,Montrose County,Colorado,CO,quiet,0.00085,379,19,151–500,1.34,0.003211,489,22,151–500,1.12,0.227209,0.275187,0,0,0,,0.8564,2024-25
2026-07-13,2026-07-20,17201,Winnebago County,Illinois,IL,quiet,0.000849,380,6,151–500,1.34,0.004552,390,6,151–500,1.58,0.227055,0.356358,0,0,0,,0.955,2024-25
2026-07-13,2026-07-20,36111,Ulster County,New York,NY,quiet,0.000846,381,17,151–500,1.34,0.002438,567,22,501+,0.85,0.226568,0.219962,0,0,0,,0.997631694,2024-25
2026-07-13,2026-07-20,55133,Waukesha County,Wisconsin,WI,quiet,0.000843,382,6,151–500,1.33,0.006621,302,4,151–500,2.3,0.225973,0.453771,0,0,1,26,0.88,2024-25
2026-07-13,2026-07-20,48451,Tom Green County,Texas,TX,quiet,0.000838,383,24,151–500,1.32,0.003359,473,26,151–500,1.17,0.224928,0.285,0,0,0,,0.958136,2024-25
2026-07-13,2026-07-20,55117,Sheboygan County,Wisconsin,WI,quiet,0.000837,384,7,151–500,1.32,0.005136,360,5,151–500,1.79,0.224605,0.386844,0,0,0,,0.87,2024-25
2026-07-13,2026-07-20,17167,Sangamon County,Illinois,IL,quiet,0.000834,385,7,151–500,1.32,0.004081,411,7,151–500,1.42,0.224127,0.329782,0,0,0,,0.978,2024-25
2026-07-13,2026-07-20,48135,Ector County,Texas,TX,quiet,0.000823,386,25,151–500,1.3,0.004542,391,21,151–500,1.58,0.221859,0.355814,0,0,12,59,0.936454,2024-25
2026-07-13,2026-07-20,38061,Mountrail County,North Dakota,ND,quiet,0.000823,387,8,151–500,1.3,0.00169,703,14,501+,0.59,0.221842,0.159641,0,0,0,,0.8721,2024-25
2026-07-13,2026-07-20,49037,San Juan County,Utah,UT,quiet,0.000814,388,11,151–500,1.29,0.003884,421,10,151–500,1.35,0.220022,0.318028,0,0,3,23,0.885135,2024-25
2026-07-13,2026-07-20,38057,Mercer County,North Dakota,ND,quiet,0.000804,389,9,151–500,1.27,0.003247,486,9,151–500,1.13,0.21791,0.277611,0,0,0,,0.8198,2024-25
2026-07-13,2026-07-20,45003,Aiken County,South Carolina,SC,quiet,0.000801,390,13,151–500,1.27,0.004801,373,9,151–500,1.67,0.21739,0.369668,0,0,0,,0.927,2024-25
2026-07-13,2026-07-20,41019,Douglas County,Oregon,OR,quiet,0.000796,391,8,151–500,1.26,0.005164,358,8,151–500,1.8,0.216241,0.388254,0,0,0,,0.892,2024-25
2026-07-13,2026-07-20,01089,Madison County,Alabama,AL,quiet,0.000795,392,2,151–500,1.26,0.003141,495,3,151–500,1.09,0.216084,0.27048,0,0,0,,0.9527,2024-25
2026-07-13,2026-07-20,12073,Leon County,Florida,FL,quiet,0.000787,393,26,151–500,1.24,0.006368,311,24,151–500,2.21,0.214483,0.443319,0,0,2,55,0.938,2024-25
2026-07-13,2026-07-20,09120,Greater Bridgeport Planning Region,Connecticut,CT,quiet,0.000787,394,4,151–500,1.24,0.004186,405,4,151–500,1.46,0.214447,0.335852,0,0,0,,0.962,2024-25
2026-07-13,2026-07-20,24041,Talbot County,Maryland,MD,quiet,0.000786,395,14,151–500,1.24,0.004264,402,12,151–500,1.48,0.214305,0.34035,0,0,0,,0.9752,2024-25
2026-07-13,2026-07-20,39151,Stark County,Ohio,OH,quiet,0.000785,396,9,151–500,1.24,0.004001,416,12,151–500,1.39,0.214099,0.325053,0,0,0,,0.897,2024-25
2026-07-13,2026-07-20,08101,Pueblo County,Colorado,CO,quiet,0.000782,397,20,151–500,1.23,0.005262,352,18,151–500,1.83,0.213352,0.393099,0,0,1,67,0.8713,2024-25
2026-07-13,2026-07-20,49019,Grand County,Utah,UT,quiet,0.000781,398,12,151–500,1.23,0.003233,487,12,151–500,1.12,0.213132,0.276657,0,0,0,,0.815534,2022-23
2026-07-13,2026-07-20,06093,Siskiyou County,California,CA,quiet,0.000764,399,28,151–500,1.21,0.00363,449,33,151–500,1.26,0.209628,0.302421,0,0,0,,0.9687,2024-25
2026-07-13,2026-07-20,37097,Iredell County,North Carolina,NC,quiet,0.000762,400,12,151–500,1.2,0.005821,323,12,151–500,2.02,0.209244,0.419472,0,0,0,,0.91495857,2024-25
2026-07-13,2026-07-20,48061,Cameron County,Texas,TX,quiet,0.000762,401,26,151–500,1.2,0.003275,480,28,151–500,1.14,0.209222,0.279506,0,0,0,,0.981665,2024-25
2026-07-13,2026-07-20,06107,Tulare County,California,CA,quiet,0.000754,402,29,151–500,1.19,0.005437,342,27,151–500,1.89,0.207602,0.401596,0,0,2,51,0.97501,2024-25
2026-07-13,2026-07-20,37109,Lincoln County,North Carolina,NC,quiet,0.000754,403,13,151–500,1.19,0.003072,503,17,501+,1.07,0.207543,0.265746,0,0,1,23,0.88762984,2024-25
2026-07-13,2026-07-20,42107,Schuylkill County,Pennsylvania,PA,quiet,0.000741,404,19,151–500,1.17,0.005761,328,22,151–500,2.0,0.204803,0.416741,0,0,0,,0.954,2024-25
2026-07-13,2026-07-20,45057,Lancaster County,South Carolina,SC,quiet,0.000741,405,14,151–500,1.17,0.002934,517,13,501+,1.02,0.204746,0.256233,0,0,0,,0.942,2024-25
2026-07-13,2026-07-20,49039,Sanpete County,Utah,UT,quiet,0.00074,406,13,151–500,1.17,0.003489,462,11,151–500,1.21,0.204687,0.293428,0,0,0,,0.881443,2024-25
2026-07-13,2026-07-20,39017,Butler County,Ohio,OH,quiet,0.000737,407,10,151–500,1.16,0.004081,412,10,151–500,1.42,0.203871,0.329762,0,0,0,,0.921,2024-25
2026-07-13,2026-07-20,16057,Latah County,Idaho,ID,quiet,0.000733,408,13,151–500,1.16,0.006933,296,12,151–500,2.41,0.203056,0.46617,0,0,0,,0.78,2024-25
2026-07-13,2026-07-20,08105,Rio Grande County,Colorado,CO,quiet,0.000729,409,21,151–500,1.15,0.005928,320,17,151–500,2.06,0.202184,0.424264,0,0,0,,0.9417,2024-25
2026-07-13,2026-07-20,45041,Florence County,South Carolina,SC,quiet,0.000725,410,15,151–500,1.15,0.002757,531,14,501+,0.96,0.201463,0.243608,0,0,0,,0.969,2024-25
2026-07-13,2026-07-20,15001,Hawaii County,Hawaii,HI,quiet,0.000723,411,2,151–500,1.14,0.007129,287,2,151–500,2.48,0.200964,0.473673,0,0,0,,0.7611,2024-25
2026-07-13,2026-07-20,26147,St. Clair County,Michigan,MI,quiet,0.000722,412,12,151–500,1.14,0.004579,388,12,151–500,1.59,0.200749,0.35783,0,0,0,,0.86947063,2024-25
2026-07-13,2026-07-20,53041,Lewis County,Washington,WA,quiet,0.000709,413,21,151–500,1.12,0.003526,456,19,151–500,1.23,0.1979,0.295806,0,0,0,,0.892,2024-25
2026-07-13,2026-07-20,01097,Mobile County,Alabama,AL,quiet,0.000707,414,3,151–500,1.12,0.003553,454,2,151–500,1.24,0.197576,0.297562,0,0,0,,0.9469,2024-25
2026-07-13,2026-07-20,27139,Scott County,Minnesota,MN,quiet,0.000707,415,10,151–500,1.12,0.003523,457,11,151–500,1.23,0.19746,0.295643,0,0,0,,0.848,2024-25
2026-07-13,2026-07-20,51041,Chesterfield County,Virginia,VA,quiet,0.0007,416,7,151–500,1.11,0.002241,598,9,501+,0.78,0.196088,0.204808,0,0,0,,0.866,2024-25
2026-07-13,2026-07-20,42027,Centre County,Pennsylvania,PA,quiet,0.0007,417,20,151–500,1.11,0.005787,326,21,151–500,2.01,0.195981,0.417915,0,0,0,,0.944,2024-25
2026-07-13,2026-07-20,06057,Nevada County,California,CA,quiet,0.000694,418,30,151–500,1.1,0.004588,387,30,151–500,1.6,0.194633,0.358338,0,0,0,,0.87337,2024-25
2026-07-13,2026-07-20,21117,Kenton County,Kentucky,KY,quiet,0.000693,419,3,151–500,1.09,0.004643,380,4,151–500,1.61,0.194418,0.361287,0,0,0,,0.95,2024-25
2026-07-13,2026-07-20,48309,McLennan County,Texas,TX,quiet,0.000691,420,27,151–500,1.09,0.002469,560,33,501+,0.86,0.194075,0.222316,0,0,9,56,0.952818,2024-25
2026-07-13,2026-07-20,06027,Inyo County,California,CA,quiet,0.00069,421,31,151–500,1.09,0.001501,765,43,501+,0.52,0.193709,0.143206,0,0,0,,0.98157,2024-25
2026-07-13,2026-07-20,37035,Catawba County,North Carolina,NC,quiet,0.000688,422,14,151–500,1.09,0.007607,272,10,151–500,2.65,0.193252,0.491251,0,0,0,,0.91818684,2024-25
2026-07-13,2026-07-20,42049,Erie County,Pennsylvania,PA,quiet,0.000687,423,21,151–500,1.08,0.006215,312,20,151–500,2.16,0.193113,0.436805,0,0,8,62,0.941,2024-25
2026-07-13,2026-07-20,21219,Todd County,Kentucky,KY,quiet,0.000685,424,4,151–500,1.08,0.005276,350,3,151–500,1.83,0.192619,0.393776,0,0,1,54,0.9453125,2024-25
2026-07-13,2026-07-20,30081,Ravalli County,Montana,MT,quiet,0.00068,425,7,151–500,1.07,0.009309,240,6,151–500,3.24,0.191543,0.545934,0,0,0,,,
2026-07-13,2026-07-20,34033,Salem County,New Jersey,NJ,quiet,0.00068,426,17,151–500,1.07,0.003376,470,19,151–500,1.17,0.191499,0.286123,0,0,0,,0.948,2024-25
2026-07-13,2026-07-20,54037,Jefferson County,West Virginia,WV,quiet,0.000679,427,2,151–500,1.07,0.003555,453,2,151–500,1.24,0.191405,0.297697,0,0,0,,,
2026-07-13,2026-07-20,42093,Montour County,Pennsylvania,PA,quiet,0.000679,428,22,151–500,1.07,0.003016,506,32,501+,1.05,0.191303,0.261936,0,0,0,,0.974,2024-25
2026-07-13,2026-07-20,36001,Albany County,New York,NY,quiet,0.000673,429,18,151–500,1.06,0.003832,428,17,151–500,1.33,0.190081,0.314925,0,0,0,,0.985144202,2024-25
2026-07-13,2026-07-20,16031,Cassia County,Idaho,ID,quiet,0.000672,430,14,151–500,1.06,0.002399,572,22,501+,0.83,0.189748,0.217049,0,0,0,,0.82,2024-25
2026-07-13,2026-07-20,29165,Platte County,Missouri,MO,quiet,0.000663,431,6,151–500,1.05,0.00352,459,8,151–500,1.22,0.187812,0.295446,0,0,0,,0.931,2024-25
2026-07-13,2026-07-20,53069,Wahkiakum County,Washington,WA,quiet,0.000657,432,22,151–500,1.04,0.00202,640,27,501+,0.7,0.186528,0.187136,0,0,0,,0.955,2024-25
2026-07-13,2026-07-20,48181,Grayson County,Texas,TX,quiet,0.000656,433,28,151–500,1.04,0.003416,466,24,151–500,1.19,0.186303,0.288767,0,0,0,,0.931014,2024-25
2026-07-13,2026-07-20,19103,Johnson County,Iowa,IA,quiet,0.000655,434,3,151–500,1.04,0.005532,336,2,151–500,1.92,0.186113,0.406096,0,0,0,,0.87209302,2024-25
2026-07-13,2026-07-20,42081,Lycoming County,Pennsylvania,PA,quiet,0.000655,435,23,151–500,1.03,0.004131,409,26,151–500,1.44,0.186094,0.332702,0,0,0,,0.952,2024-25
2026-07-13,2026-07-20,45077,Pickens County,South Carolina,SC,quiet,0.000654,436,16,151–500,1.03,0.002586,550,15,501+,0.9,0.185747,0.231075,0,0,6,17,0.945,2024-25
2026-07-13,2026-07-20,42069,Lackawanna County,Pennsylvania,PA,quiet,0.000651,437,24,151–500,1.03,0.006445,309,19,151–500,2.24,0.185115,0.446516,0,0,0,,0.967,2024-25
2026-07-13,2026-07-20,55059,Kenosha County,Wisconsin,WI,quiet,0.000649,438,8,151–500,1.02,0.003416,467,9,151–500,1.19,0.18465,0.288712,0,0,0,,0.74,2024-25
2026-07-13,2026-07-20,16053,Jerome County,Idaho,ID,quiet,0.000648,439,15,151–500,1.02,0.001225,878,30,501+,0.43,0.184537,0.118324,0,0,0,,0.89,2024-25
2026-07-13,2026-07-20,17143,Peoria County,Illinois,IL,quiet,0.000648,440,8,151–500,1.02,0.002832,526,9,501+,0.98,0.184462,0.248984,0,0,0,,0.966,2024-25
2026-07-13,2026-07-20,06007,Butte County,California,CA,quiet,0.000647,441,32,151–500,1.02,0.005596,333,26,151–500,1.95,0.184366,0.409085,0,0,0,,0.96591,2024-25
2026-07-13,2026-07-20,08015,Chaffee County,Colorado,CO,quiet,0.000646,442,22,151–500,1.02,0.0012,886,29,501+,0.42,0.184004,0.116079,0,0,0,,0.8261,2024-25
2026-07-13,2026-07-20,24045,Wicomico County,Maryland,MD,quiet,0.000645,443,15,151–500,1.02,0.00466,378,11,151–500,1.62,0.183873,0.36223,0,0,0,,0.9691,2024-25
2026-07-13,2026-07-20,29019,Boone County,Missouri,MO,quiet,0.000642,444,7,151–500,1.01,0.004804,372,6,151–500,1.67,0.183134,0.369857,0,0,0,,0.949,2024-25
2026-07-13,2026-07-20,15007,Kauai County,Hawaii,HI,quiet,0.00064,445,3,151–500,1.01,0.003353,476,3,151–500,1.17,0.182745,0.284621,0,0,0,,0.6616,2024-25
2026-07-13,2026-07-20,51153,Prince William County,Virginia,VA,quiet,0.00064,446,8,151–500,1.01,0.003754,435,7,151–500,1.31,0.182588,0.310152,0,0,0,,0.95,2024-25
2026-07-13,2026-07-20,40031,Comanche County,Oklahoma,OK,quiet,0.000639,447,4,151–500,1.01,0.002353,580,6,501+,0.82,0.182344,0.213481,0,0,0,,0.8545,2024-25
2026-07-13,2026-07-20,20045,Douglas County,Kansas,KS,quiet,0.000638,448,5,151–500,1.01,0.004693,377,3,151–500,1.63,0.182129,0.363968,0,0,0,,0.9262,2024-25
2026-07-13,2026-07-20,56041,Uinta County,Wyoming,WY,quiet,0.00063,449,8,151–500,0.99,0.005556,334,9,151–500,1.93,0.180381,0.407201,0,0,0,,0.92,2022-23
2026-07-13,2026-07-20,26139,Ottawa County,Michigan,MI,quiet,0.000627,450,13,151–500,0.99,0.009007,244,7,151–500,3.13,0.179816,0.537049,0,0,4,8,0.93063584,2024-25
2026-07-13,2026-07-20,48195,Hansford County,Texas,TX,quiet,0.000627,451,29,151–500,0.99,0.001148,917,74,501+,0.4,0.179747,0.111207,0,0,0,,0.963415,2024-25
2026-07-13,2026-07-20,12091,Okaloosa County,Florida,FL,quiet,0.000625,452,27,151–500,0.99,0.006807,301,23,151–500,2.37,0.179337,0.461224,0,0,1,35,0.9,2024-25
2026-07-13,2026-07-20,22033,East Baton Rouge Parish,Louisiana,LA,quiet,0.000624,453,3,151–500,0.99,0.00543,343,3,151–500,1.89,0.179103,0.40124,0,0,0,,0.8827,2024-25
2026-07-13,2026-07-20,06089,Shasta County,California,CA,quiet,0.000623,454,33,151–500,0.98,0.006862,298,24,151–500,2.39,0.178826,0.463371,0,0,10,16,0.94368,2024-25
2026-07-13,2026-07-20,29213,Taney County,Missouri,MO,quiet,0.000622,455,8,151–500,0.98,0.002125,618,9,501+,0.74,0.178614,0.195621,0,0,1,65,0.835,2024-25
2026-07-13,2026-07-20,36045,Jefferson County,New York,NY,quiet,0.000617,456,19,151–500,0.97,0.00272,539,21,501+,0.95,0.177496,0.24096,0,0,0,,0.994304515,2024-25
2026-07-13,2026-07-20,37135,Orange County,North Carolina,NC,quiet,0.000615,457,15,151–500,0.97,0.003114,499,16,151–500,1.08,0.177066,0.26866,0,0,0,,0.96588694,2024-25
2026-07-13,2026-07-20,34009,Cape May County,New Jersey,NJ,quiet,0.000613,458,18,151–500,0.97,0.005534,335,16,151–500,1.92,0.176541,0.406191,0,0,0,,0.893,2024-25
2026-07-13,2026-07-20,37085,Harnett County,North Carolina,NC,quiet,0.000612,459,16,151–500,0.97,0.001885,665,26,501+,0.66,0.176322,0.176023,0,0,0,,0.90358467,2024-25
2026-07-13,2026-07-20,31153,Sarpy County,Nebraska,NE,quiet,0.00061,460,3,151–500,0.96,0.002393,574,4,501+,0.83,0.1758,0.21653,0,0,0,,0.953096539,2024-25
2026-07-13,2026-07-20,27111,Otter Tail County,Minnesota,MN,quiet,0.000609,461,11,151–500,0.96,0.003315,479,12,151–500,1.15,0.175655,0.282159,0,0,0,,0.818,2024-25
2026-07-13,2026-07-20,42103,Pike County,Pennsylvania,PA,quiet,0.000604,462,25,151–500,0.95,0.003267,482,29,151–500,1.14,0.174455,0.278958,0,0,0,,0.883,2024-25
2026-07-13,2026-07-20,17161,Rock Island County,Illinois,IL,quiet,0.000602,463,9,151–500,0.95,0.002003,642,13,501+,0.7,0.174008,0.18576,0,0,0,,0.968,2024-25
2026-07-13,2026-07-20,06047,Merced County,California,CA,quiet,0.0006,464,34,151–500,0.95,0.003777,431,32,151–500,1.31,0.173655,0.311559,0,0,0,,0.97941,2024-25
2026-07-13,2026-07-20,48257,Kaufman County,Texas,TX,quiet,0.000599,465,30,151–500,0.95,0.00212,620,38,501+,0.74,0.173293,0.195199,0,0,0,,0.944037,2024-25
2026-07-13,2026-07-20,56003,Big Horn County,Wyoming,WY,quiet,0.000595,466,9,151–500,0.94,0.005655,331,8,151–500,1.97,0.172391,0.411862,0,0,0,,0.89,2022-23
2026-07-13,2026-07-20,35061,Valencia County,New Mexico,NM,quiet,0.00059,467,11,151–500,0.93,0.001319,836,15,501+,0.46,0.171112,0.126963,0,0,0,,0.9514,2024-25
2026-07-13,2026-07-20,42025,Carbon County,Pennsylvania,PA,quiet,0.000589,468,26,151–500,0.93,0.005449,340,23,151–500,1.89,0.170983,0.40216,0,0,0,,0.955,2024-25
2026-07-13,2026-07-20,20081,Haskell County,Kansas,KS,quiet,0.000588,469,6,151–500,0.93,0.001386,807,11,501+,0.48,0.170696,0.132982,0,0,19,53,0.7821,2024-25
2026-07-13,2026-07-20,24035,Queen Anne's County,Maryland,MD,quiet,0.000585,470,16,151–500,0.92,0.003665,444,15,151–500,1.27,0.170013,0.304595,0,0,0,,0.9649,2024-25
2026-07-13,2026-07-20,48485,Wichita County,Texas,TX,quiet,0.000584,471,31,151–500,0.92,0.002215,605,36,501+,0.77,0.169847,0.202769,0,0,0,,0.961702,2024-25
2026-07-13,2026-07-20,39043,Erie County,Ohio,OH,quiet,0.000576,472,11,151–500,0.91,0.002099,625,19,501+,0.73,0.167963,0.193538,0,0,0,,0.835,2024-25
2026-07-13,2026-07-20,48021,Bastrop County,Texas,TX,quiet,0.000574,473,32,151–500,0.91,0.001818,676,47,501+,0.63,0.16759,0.170429,0,0,0,,0.95461,2024-25
2026-07-13,2026-07-20,06039,Madera County,California,CA,quiet,0.000573,474,35,151–500,0.91,0.002857,521,35,501+,0.99,0.167235,0.25076,0,0,0,,0.97727,2024-25
2026-07-13,2026-07-20,41043,Linn County,Oregon,OR,quiet,0.000568,475,9,151–500,0.9,0.005378,344,7,151–500,1.87,0.166127,0.39873,0,0,2,26,0.892,2024-25
2026-07-13,2026-07-20,24013,Carroll County,Maryland,MD,quiet,0.000564,476,17,151–500,0.89,0.003733,438,14,151–500,1.3,0.165139,0.308822,0,0,0,,0.9681,2024-25
2026-07-13,2026-07-20,08097,Pitkin County,Colorado,CO,quiet,0.000559,477,23,151–500,0.88,0.001277,858,28,501+,0.44,0.164016,0.12315,0,0,0,,0.88,2024-25
2026-07-13,2026-07-20,25023,Plymouth County,Massachusetts,MA,quiet,0.000558,478,8,151–500,0.88,0.004184,406,8,151–500,1.45,0.163712,0.335748,0,0,0,,0.962,2024-25
2026-07-13,2026-07-20,06029,Kern County,California,CA,quiet,0.000556,479,36,151–500,0.88,0.004158,408,31,151–500,1.45,0.163317,0.334264,0,0,0,,0.89325,2024-25
2026-07-13,2026-07-20,48013,Atascosa County,Texas,TX,quiet,0.000554,480,33,151–500,0.88,0.002606,549,31,501+,0.91,0.162736,0.232559,0,0,1,64,0.96142,2024-25
2026-07-13,2026-07-20,36009,Cattaraugus County,New York,NY,quiet,0.000549,481,20,151–500,0.87,0.001922,657,24,501+,0.67,0.161639,0.179078,0,0,0,,0.997177264,2024-25
2026-07-13,2026-07-20,45029,Colleton County,South Carolina,SC,quiet,0.000547,482,17,151–500,0.86,0.002576,551,16,501+,0.9,0.161029,0.230345,0,0,0,,0.966,2024-25
2026-07-13,2026-07-20,12053,Hernando County,Florida,FL,quiet,0.000546,483,28,151–500,0.86,0.003642,446,28,151–500,1.27,0.160791,0.303155,0,0,0,,0.89,2024-25
2026-07-13,2026-07-20,48325,Medina County,Texas,TX,quiet,0.000546,484,34,151–500,0.86,0.003391,469,25,151–500,1.18,0.160776,0.287106,0,0,0,,0.966535,2024-25
2026-07-13,2026-07-20,38097,Traill County,North Dakota,ND,quiet,0.000543,485,10,151–500,0.86,0.001535,748,16,501+,0.53,0.160166,0.146165,0,0,1,19,0.9535,2024-25
2026-07-13,2026-07-20,26159,Van Buren County,Michigan,MI,quiet,0.000542,486,14,151–500,0.86,0.001511,764,21,501+,0.53,0.159867,0.144085,0,0,0,,0.94326923,2024-25
2026-07-13,2026-07-20,27163,Washington County,Minnesota,MN,quiet,0.000542,487,12,151–500,0.86,0.004163,407,10,151–500,1.45,0.159798,0.334512,0,0,1,58,0.911,2024-25
2026-07-13,2026-07-20,45021,Cherokee County,South Carolina,SC,quiet,0.000541,488,18,151–500,0.85,0.002308,587,18,501+,0.8,0.159662,0.20999,0,0,36,17,0.932,2024-25
2026-07-13,2026-07-20,39173,Wood County,Ohio,OH,quiet,0.000541,489,12,151–500,0.85,0.002781,528,15,501+,0.97,0.159651,0.245335,0,0,0,,0.929,2024-25
2026-07-13,2026-07-20,30047,Lake County,Montana,MT,quiet,0.00054,490,8,151–500,0.85,0.003467,465,9,151–500,1.21,0.159432,0.292018,0,0,0,,,
2026-07-13,2026-07-20,36069,Ontario County,New York,NY,quiet,0.000538,491,21,151–500,0.85,0.005184,357,12,151–500,1.8,0.158989,0.389258,0,0,1,59,0.999203876,2024-25
2026-07-13,2026-07-20,23001,Androscoggin County,Maine,ME,quiet,0.000538,492,2,151–500,0.85,0.003247,485,3,151–500,1.13,0.15892,0.277625,0,0,0,,0.9685,2024-25
2026-07-13,2026-07-20,47065,Hamilton County,Tennessee,TN,quiet,0.000537,493,4,151–500,0.85,0.003268,481,7,151–500,1.14,0.158744,0.279034,0,0,0,,0.92,2024-25
2026-07-13,2026-07-20,30093,Silver Bow County,Montana,MT,quiet,0.000536,494,9,151–500,0.85,0.003762,434,8,151–500,1.31,0.158461,0.310642,0,0,0,,,
2026-07-13,2026-07-20,31043,Dakota County,Nebraska,NE,quiet,0.000534,495,4,151–500,0.84,0.001741,691,8,501+,0.61,0.157951,0.163969,0,0,0,,0.954545455,2024-25
2026-07-13,2026-07-20,02122,Kenai Peninsula Borough,Alaska,AK,quiet,0.000531,496,4,151–500,0.84,0.004088,410,4,151–500,1.42,0.157285,0.330162,0,0,1,77,,
2026-07-13,2026-07-20,08043,Fremont County,Colorado,CO,quiet,0.000529,497,24,151–500,0.84,0.001107,942,32,501+,0.38,0.156669,0.107394,0,0,0,,0.8731,2024-25
2026-07-13,2026-07-20,48215,Hidalgo County,Texas,TX,quiet,0.000525,498,35,151–500,0.83,0.001846,670,45,501+,0.64,0.155745,0.172834,0,0,0,,0.968848,2024-25
2026-07-13,2026-07-20,06109,Tuolumne County,California,CA,quiet,0.000522,499,37,151–500,0.83,0.003008,507,34,501+,1.05,0.155157,0.261345,0,0,2,69,0.90047,2024-25
2026-07-13,2026-07-20,47179,Washington County,Tennessee,TN,quiet,0.00052,500,5,151–500,0.82,0.003351,477,6,151–500,1.17,0.154661,0.284527,0,0,0,,0.941,2024-25
2026-07-13,2026-07-20,08107,Routt County,Colorado,CO,quiet,0.000519,501,25,501+,0.82,0.002363,579,25,501+,0.82,0.154286,0.214295,0,0,0,,0.9426,2024-25
2026-07-13,2026-07-20,27137,St. Louis County,Minnesota,MN,quiet,0.000518,502,13,501+,0.82,0.00463,382,7,151–500,1.61,0.154045,0.3606,0,0,0,,0.907,2024-25
2026-07-13,2026-07-20,09140,Naugatuck Valley Planning Region,Connecticut,CT,quiet,0.000518,503,5,501+,0.82,0.002278,593,5,501+,0.79,0.153972,0.207698,0,0,0,,0.987,2024-25
2026-07-13,2026-07-20,04011,Greenlee County,Arizona,AZ,quiet,0.000517,504,10,501+,0.82,0.003854,423,10,151–500,1.34,0.153737,0.316243,0,0,0,,0.806,2024-25
2026-07-13,2026-07-20,19193,Woodbury County,Iowa,IA,quiet,0.000513,505,4,501+,0.81,0.003767,432,5,151–500,1.31,0.152897,0.31095,0,0,0,,0.90069444,2024-25
2026-07-13,2026-07-20,29183,St. Charles County,Missouri,MO,quiet,0.000509,506,9,501+,0.8,0.004591,386,7,151–500,1.6,0.151816,0.358473,0,0,0,,0.947,2024-25
2026-07-13,2026-07-20,08117,Summit County,Colorado,CO,quiet,0.000507,507,26,501+,0.8,0.002913,518,24,501+,1.01,0.151474,0.254754,0,0,0,,0.9476,2024-25
2026-07-13,2026-07-20,46093,Meade County,South Dakota,SD,quiet,0.000505,508,5,501+,0.8,0.003017,505,6,501+,1.05,0.150995,0.261962,0,0,2,57,0.9,2024-25
2026-07-13,2026-07-20,49033,Rich County,Utah,UT,quiet,0.000505,509,14,501+,0.8,0.001573,737,17,501+,0.55,0.150847,0.149515,0,0,0,,,
2026-07-13,2026-07-20,27061,Itasca County,Minnesota,MN,quiet,0.000504,510,14,501+,0.8,0.003123,496,13,151–500,1.09,0.150687,0.269249,0,0,0,,0.897,2024-25
2026-07-13,2026-07-20,48501,Yoakum County,Texas,TX,quiet,0.000503,511,36,501+,0.8,0.002129,617,37,501+,0.74,0.150533,0.195937,0,0,20,62,0.946154,2024-25
2026-07-13,2026-07-20,06103,Tehama County,California,CA,quiet,0.000503,512,38,501+,0.79,0.00177,684,40,501+,0.62,0.150447,0.166439,0,0,0,,0.97516,2024-25
2026-07-13,2026-07-20,21015,Boone County,Kentucky,KY,quiet,0.000503,513,5,501+,0.79,0.002969,509,5,501+,1.03,0.150405,0.25867,0,0,0,,0.928,2024-25
2026-07-13,2026-07-20,48295,Lipscomb County,Texas,TX,quiet,0.000503,514,37,501+,0.79,0.001813,678,48,501+,0.63,0.150376,0.17001,0,0,0,,0.72093,2024-25
2026-07-13,2026-07-20,41011,Coos County,Oregon,OR,quiet,0.000502,515,10,501+,0.79,0.002393,573,13,501+,0.83,0.15019,0.216552,0,0,0,,0.915,2024-25
2026-07-13,2026-07-20,35017,Grant County,New Mexico,NM,quiet,0.000499,516,12,501+,0.79,0.002483,559,12,501+,0.86,0.149325,0.223386,0,0,0,,0.8711,2024-25
2026-07-13,2026-07-20,37049,Craven County,North Carolina,NC,quiet,0.000497,517,17,501+,0.79,0.003356,474,15,151–500,1.17,0.148998,0.284808,0,0,0,,0.92741165,2024-25
2026-07-13,2026-07-20,31033,Cheyenne County,Nebraska,NE,quiet,0.000496,518,5,501+,0.78,0.002338,582,5,501+,0.81,0.14866,0.212323,0,0,0,,0.957142857,2024-25
2026-07-13,2026-07-20,56009,Converse County,Wyoming,WY,quiet,0.000495,519,10,501+,0.78,0.002236,601,13,501+,0.78,0.148344,0.204414,0,0,0,,0.93,2022-23
2026-07-13,2026-07-20,48139,Ellis County,Texas,TX,quiet,0.000494,520,38,501+,0.78,0.001995,645,41,501+,0.69,0.148203,0.18511,0,0,0,,0.930262,2024-25
2026-07-13,2026-07-20,16021,Boundary County,Idaho,ID,quiet,0.000492,521,16,501+,0.78,0.003633,448,16,151–500,1.26,0.147723,0.3026,0,0,6,36,0.68,2024-25
2026-07-13,2026-07-20,37051,Cumberland County,North Carolina,NC,quiet,0.00049,522,18,501+,0.77,0.005225,355,13,151–500,1.82,0.147253,0.39126,0,0,0,,0.92202999,2024-25
2026-07-13,2026-07-20,51179,Stafford County,Virginia,VA,quiet,0.000489,523,9,501+,0.77,0.001451,776,12,501+,0.5,0.147079,0.138774,0,0,0,,0.91,2024-25
2026-07-13,2026-07-20,12033,Escambia County,Florida,FL,quiet,0.000488,524,29,501+,0.77,0.005957,319,25,151–500,2.07,0.146655,0.42554,0,0,5,22,0.889,2024-25
2026-07-13,2026-07-20,56005,Campbell County,Wyoming,WY,quiet,0.000486,525,11,501+,0.77,0.003102,501,11,501+,1.08,0.146293,0.267816,0,0,0,,0.94,2022-23
2026-07-13,2026-07-20,40043,Dewey County,Oklahoma,OK,quiet,0.000485,526,5,501+,0.77,0.001844,671,8,501+,0.64,0.146019,0.172609,0,0,0,,0.5161,2024-25
2026-07-13,2026-07-20,51087,Henrico County,Virginia,VA,quiet,0.000484,527,10,501+,0.76,0.00275,534,8,501+,0.96,0.145702,0.243123,0,0,0,,0.927,2024-25
2026-07-13,2026-07-20,05125,Saline County,Arkansas,AR,quiet,0.000482,528,3,501+,0.76,0.003765,433,3,151–500,1.31,0.145167,0.310815,0,0,1,66,,
2026-07-13,2026-07-20,45043,Georgetown County,South Carolina,SC,quiet,0.000482,529,19,501+,0.76,0.001349,827,25,501+,0.47,0.145106,0.129663,0,0,0,,0.958,2024-25
2026-07-13,2026-07-20,40017,Canadian County,Oklahoma,OK,quiet,0.000481,530,6,501+,0.76,0.00361,451,4,151–500,1.26,0.144851,0.301145,0,0,0,,0.8681,2024-25
2026-07-13,2026-07-20,16029,Caribou County,Idaho,ID,quiet,0.000479,531,17,501+,0.76,0.003905,420,14,151–500,1.36,0.144535,0.319314,0,0,0,,0.83,2024-25
2026-07-13,2026-07-20,25019,Nantucket County,Massachusetts,MA,quiet,0.000478,532,9,501+,0.76,0.001623,725,10,501+,0.56,0.144321,0.153873,0,0,0,,0.91,2024-25
2026-07-13,2026-07-20,08051,Gunnison County,Colorado,CO,quiet,0.000477,533,27,501+,0.75,0.001115,936,31,501+,0.39,0.143906,0.108206,0,0,0,,0.8456,2024-25
2026-07-13,2026-07-20,56007,Carbon County,Wyoming,WY,quiet,0.000462,534,12,501+,0.73,0.006881,297,6,151–500,2.39,0.140323,0.464143,0,0,7,46,0.94,2022-23
2026-07-13,2026-07-20,13113,Fayette County,Georgia,GA,quiet,0.000462,535,8,501+,0.73,0.002279,592,8,501+,0.79,0.140104,0.207721,0,0,0,,,
2026-07-13,2026-07-20,26117,Montcalm County,Michigan,MI,quiet,0.000461,536,15,501+,0.73,0.002498,557,18,501+,0.87,0.140026,0.224548,0,0,4,64,0.90909091,2024-25
2026-07-13,2026-07-20,17111,McHenry County,Illinois,IL,quiet,0.000461,537,10,501+,0.73,0.003517,461,8,151–500,1.22,0.139906,0.295258,0,0,0,,0.957,2024-25
2026-07-13,2026-07-20,41059,Umatilla County,Oregon,OR,quiet,0.000461,538,11,501+,0.73,0.002613,547,12,501+,0.91,0.139871,0.233114,0,0,0,,0.935,2024-25
2026-07-13,2026-07-20,36005,Bronx County,New York,NY,quiet,0.000456,539,22,501+,0.72,0.002313,585,23,501+,0.8,0.138617,0.210431,0,0,0,,0.971303005,2024-25
2026-07-13,2026-07-20,06069,San Benito County,California,CA,quiet,0.000456,540,39,501+,0.72,0.000937,1056,48,501+,0.33,0.1386,0.091418,0,0,0,,0.98852,2024-25
2026-07-13,2026-07-20,41071,Yamhill County,Oregon,OR,quiet,0.000456,541,12,501+,0.72,0.002776,529,10,501+,0.97,0.138596,0.245007,0,0,0,,0.889,2024-25
2026-07-13,2026-07-20,18057,Hamilton County,Indiana,IN,quiet,0.000455,542,6,501+,0.72,0.003712,441,6,151–500,1.29,0.138538,0.307506,0,0,0,,0.9437,2024-25
2026-07-13,2026-07-20,19049,Dallas County,Iowa,IA,quiet,0.000455,543,5,501+,0.72,0.004972,367,4,151–500,1.73,0.138339,0.378537,0,0,0,,0.93498049,2024-25
2026-07-13,2026-07-20,42125,Washington County,Pennsylvania,PA,quiet,0.000452,544,27,501+,0.71,0.004536,392,25,151–500,1.58,0.137728,0.355513,0,0,0,,0.956,2024-25
2026-07-13,2026-07-20,16041,Franklin County,Idaho,ID,quiet,0.00045,545,18,501+,0.71,0.002369,578,23,501+,0.82,0.137116,0.214689,0,0,0,,0.84,2024-25
2026-07-13,2026-07-20,32023,Nye County,Nevada,NV,quiet,0.000443,546,4,501+,0.7,0.003364,472,4,151–500,1.17,0.135499,0.285354,0,0,0,,0.825,2024-25
2026-07-13,2026-07-20,44003,Kent County,Rhode Island,RI,quiet,0.000441,547,2,501+,0.7,0.004654,379,2,151–500,1.62,0.134877,0.361866,0,0,0,,0.965,2024-25
2026-07-13,2026-07-20,17037,DeKalb County,Illinois,IL,quiet,0.00044,548,11,501+,0.69,0.002119,621,12,501+,0.74,0.134558,0.195107,0,0,0,,0.968,2024-25
2026-07-13,2026-07-20,47011,Bradley County,Tennessee,TN,quiet,0.000436,549,6,501+,0.69,0.003847,424,4,151–500,1.34,0.133529,0.315829,0,0,0,,0.9,2024-25
2026-07-13,2026-07-20,50007,Chittenden County,Vermont,VT,quiet,0.000436,550,1,501+,0.69,0.002449,564,1,501+,0.85,0.133479,0.220849,0,0,0,,0.95,2024-25
2026-07-13,2026-07-20,12089,Nassau County,Florida,FL,quiet,0.000435,551,30,501+,0.69,0.002531,555,30,501+,0.88,0.133371,0.227007,0,0,0,,0.918,2024-25
2026-07-13,2026-07-20,55139,Winnebago County,Wisconsin,WI,quiet,0.000434,552,9,501+,0.69,0.002241,597,14,501+,0.78,0.133112,0.204818,0,0,0,,0.85,2024-25
2026-07-13,2026-07-20,20069,Gray County,Kansas,KS,quiet,0.000428,553,7,501+,0.68,0.001415,793,9,501+,0.49,0.13164,0.135547,0,0,29,52,0.9039,2024-25
2026-07-13,2026-07-20,48041,Brazos County,Texas,TX,quiet,0.000427,554,39,501+,0.67,0.001823,673,46,501+,0.63,0.131351,0.170883,0,0,0,,0.979899,2024-25
2026-07-13,2026-07-20,39057,Greene County,Ohio,OH,quiet,0.000427,555,13,501+,0.67,0.002649,545,16,501+,0.92,0.131296,0.235735,0,0,0,,0.909,2024-25
2026-07-13,2026-07-20,01103,Morgan County,Alabama,AL,quiet,0.000426,556,4,501+,0.67,0.001915,659,5,501+,0.67,0.131122,0.178551,0,0,0,,0.9612,2024-25
2026-07-13,2026-07-20,48245,Jefferson County,Texas,TX,quiet,0.000425,557,40,501+,0.67,0.001312,841,61,501+,0.46,0.130851,0.126318,0,0,0,,0.95067,2024-25
2026-07-13,2026-07-20,32510,Carson City,Nevada,NV,quiet,0.000425,558,5,501+,0.67,0.003068,504,5,501+,1.07,0.130695,0.265514,0,0,0,,0.955,2024-25
2026-07-13,2026-07-20,16045,Gem County,Idaho,ID,quiet,0.000425,559,19,501+,0.67,0.003672,443,15,151–500,1.28,0.130688,0.305014,0,0,0,,0.71,2024-25
2026-07-13,2026-07-20,56033,Sheridan County,Wyoming,WY,quiet,0.00042,560,13,501+,0.66,0.002847,522,12,501+,0.99,0.129507,0.250036,0,0,0,,0.9,2022-23
2026-07-13,2026-07-20,08109,Saguache County,Colorado,CO,quiet,0.00042,561,28,501+,0.66,0.003929,418,19,151–500,1.37,0.129503,0.320762,0,0,1,15,0.8116,2024-25
2026-07-13,2026-07-20,53013,Columbia County,Washington,WA,quiet,0.00042,562,23,501+,0.66,0.002288,589,24,501+,0.8,0.129393,0.20847,0,0,0,,0.852,2024-25
2026-07-13,2026-07-20,12015,Charlotte County,Florida,FL,quiet,0.000419,563,31,501+,0.66,0.00243,570,31,501+,0.85,0.129125,0.219391,0,0,0,,0.892,2024-25
2026-07-13,2026-07-20,39099,Mahoning County,Ohio,OH,quiet,0.000417,564,14,501+,0.66,0.001415,794,26,501+,0.49,0.12855,0.135528,0,0,0,,0.884,2024-25
2026-07-13,2026-07-20,17093,Kendall County,Illinois,IL,quiet,0.000416,565,12,501+,0.66,0.001628,724,14,501+,0.57,0.128544,0.154246,0,0,0,,0.963,2024-25
2026-07-13,2026-07-20,35035,Otero County,New Mexico,NM,quiet,0.000414,566,13,501+,0.65,0.00294,515,11,501+,1.02,0.128021,0.256637,0,0,0,,0.9654,2024-25
2026-07-13,2026-07-20,17113,McLean County,Illinois,IL,quiet,0.000414,567,13,501+,0.65,0.002715,542,11,501+,0.94,0.127905,0.240553,0,0,0,,0.971,2024-25
2026-07-13,2026-07-20,48017,Bailey County,Texas,TX,quiet,0.000414,568,41,501+,0.65,0.000935,1059,90,501+,0.33,0.127818,0.091215,0,0,2,64,0.962617,2024-25
2026-07-13,2026-07-20,02110,Juneau City and Borough,Alaska,AK,quiet,0.000411,569,5,501+,0.65,0.002345,581,6,501+,0.82,0.127216,0.212908,0,0,0,,,
2026-07-13,2026-07-20,46011,Brookings County,South Dakota,SD,quiet,0.000411,570,6,501+,0.65,0.004016,415,4,151–500,1.4,0.127036,0.325914,0,0,3,7,0.9,2024-25
2026-07-13,2026-07-20,51165,Rockingham County,Virginia,VA,quiet,0.000411,571,11,501+,0.65,0.001701,702,11,501+,0.59,0.127,0.160551,0,0,0,,0.891,2024-25
2026-07-13,2026-07-20,39085,Lake County,Ohio,OH,quiet,0.000409,572,15,501+,0.65,0.00233,583,18,501+,0.81,0.126531,0.211721,0,0,0,,0.895,2024-25
2026-07-13,2026-07-20,06101,Sutter County,California,CA,quiet,0.000409,573,40,501+,0.65,0.002841,524,36,501+,0.99,0.126463,0.249614,0,0,0,,0.77217,2024-25
2026-07-13,2026-07-20,15009,Maui County,Hawaii,HI,quiet,0.000404,574,4,501+,0.64,0.00288,520,4,501+,1.0,0.125324,0.252434,0,0,0,,0.6943,2024-25
2026-07-13,2026-07-20,13077,Coweta County,Georgia,GA,quiet,0.000403,575,9,501+,0.64,0.001638,723,12,501+,0.57,0.125138,0.155161,0,0,0,,,
2026-07-13,2026-07-20,47125,Montgomery County,Tennessee,TN,quiet,0.000402,576,7,501+,0.63,0.002725,537,9,501+,0.95,0.124673,0.2413,0,0,0,,0.948,2024-25
2026-07-13,2026-07-20,48189,Hale County,Texas,TX,quiet,0.000401,577,42,501+,0.63,0.000776,1197,105,501+,0.27,0.124402,0.075838,0,0,5,66,0.97619,2024-25
2026-07-13,2026-07-20,46101,Moody County,South Dakota,SD,quiet,0.000399,578,7,501+,0.63,0.001275,859,14,501+,0.44,0.12402,0.122935,0,0,0,,0.89,2024-25
2026-07-13,2026-07-20,49023,Juab County,Utah,UT,quiet,0.000397,579,15,501+,0.63,0.002237,600,15,501+,0.78,0.123499,0.204439,0,0,0,,0.783784,2024-25
2026-07-13,2026-07-20,37057,Davidson County,North Carolina,NC,quiet,0.000396,580,19,501+,0.63,0.001746,689,28,501+,0.61,0.123159,0.164386,0,0,0,,0.96441281,2024-25
2026-07-13,2026-07-20,08113,San Miguel County,Colorado,CO,quiet,0.000394,581,29,501+,0.62,0.000651,1339,40,501+,0.23,0.122575,0.063643,0,0,0,,0.863,2024-25
2026-07-13,2026-07-20,30067,Park County,Montana,MT,quiet,0.000393,582,10,501+,0.62,0.002708,543,10,501+,0.94,0.122328,0.240056,0,0,0,,,
2026-07-13,2026-07-20,19113,Linn County,Iowa,IA,quiet,0.000392,583,6,501+,0.62,0.003521,458,6,151–500,1.22,0.122143,0.295536,0,0,0,,0.90505195,2024-25
2026-07-13,2026-07-20,48165,Gaines County,Texas,TX,quiet,0.000392,584,43,501+,0.62,0.002565,552,32,501+,0.89,0.122058,0.229529,0,0,414,54,0.772563,2024-25
2026-07-13,2026-07-20,06009,Calaveras County,California,CA,quiet,0.000389,585,41,501+,0.62,0.001773,683,39,501+,0.62,0.121455,0.166666,0,0,0,,0.94862,2024-25
2026-07-13,2026-07-20,48069,Castro County,Texas,TX,quiet,0.000387,586,44,501+,0.61,0.000793,1179,103,501+,0.28,0.120713,0.077522,0,0,0,,0.963303,2024-25
2026-07-13,2026-07-20,38089,Stark County,North Dakota,ND,quiet,0.000386,587,11,501+,0.61,0.002431,569,11,501+,0.85,0.120406,0.21949,0,0,0,,0.8727,2024-25
2026-07-13,2026-07-20,31019,Buffalo County,Nebraska,NE,quiet,0.000384,588,6,501+,0.61,0.002462,562,3,501+,0.86,0.120088,0.221796,0,0,0,,0.975641026,2024-25
2026-07-13,2026-07-20,29037,Cass County,Missouri,MO,quiet,0.000382,589,10,501+,0.6,0.001427,790,15,501+,0.5,0.119432,0.136662,0,0,0,,0.898,2024-25
2026-07-13,2026-07-20,48381,Randall County,Texas,TX,quiet,0.000381,590,45,501+,0.6,0.003349,478,27,151–500,1.16,0.11912,0.284386,0,0,3,60,0.92928,2024-25
2026-07-13,2026-07-20,49027,Millard County,Utah,UT,quiet,0.00038,591,16,501+,0.6,0.002845,523,13,501+,0.99,0.11885,0.249904,0,0,0,,0.91623,2024-25
2026-07-13,2026-07-20,39133,Portage County,Ohio,OH,quiet,0.000377,592,16,501+,0.6,0.001569,739,23,501+,0.55,0.118255,0.149155,0,0,0,,0.897,2024-25
2026-07-13,2026-07-20,47165,Sumner County,Tennessee,TN,quiet,0.000377,593,8,501+,0.6,0.002839,525,8,501+,0.99,0.118198,0.249522,0,0,0,,0.931,2024-25
2026-07-13,2026-07-20,34041,Warren County,New Jersey,NJ,quiet,0.000374,594,19,501+,0.59,0.003229,488,20,151–500,1.12,0.117254,0.276419,0,0,0,,0.928,2024-25
2026-07-13,2026-07-20,40051,Grady County,Oklahoma,OK,quiet,0.000372,595,7,501+,0.59,0.002166,613,7,501+,0.75,0.116706,0.198836,0,0,0,,0.8885,2024-25
2026-07-13,2026-07-20,13297,Walton County,Georgia,GA,quiet,0.000372,596,10,501+,0.59,0.001429,789,13,501+,0.5,0.116678,0.136776,0,0,0,,,
2026-07-13,2026-07-20,40131,Rogers County,Oklahoma,OK,quiet,0.000371,597,8,501+,0.59,0.0015,767,9,501+,0.52,0.116598,0.143072,0,0,0,,0.8755,2024-25
2026-07-13,2026-07-20,41053,Polk County,Oregon,OR,quiet,0.000367,598,13,501+,0.58,0.002754,533,11,501+,0.96,0.115556,0.24337,0,0,0,,0.9,2024-25
2026-07-13,2026-07-20,55021,Columbia County,Wisconsin,WI,quiet,0.000365,599,10,501+,0.58,0.002319,584,12,501+,0.81,0.115028,0.210839,0,0,0,,0.84,2024-25
2026-07-13,2026-07-20,37089,Henderson County,North Carolina,NC,quiet,0.000365,600,20,501+,0.58,0.002968,510,18,501+,1.03,0.114997,0.258608,0,0,0,,0.90790791,2024-25
2026-07-13,2026-07-20,48265,Kerr County,Texas,TX,quiet,0.000365,601,46,501+,0.58,0.002759,530,30,501+,0.96,0.114805,0.24379,0,0,0,,0.929032,2024-25
2026-07-13,2026-07-20,04023,Santa Cruz County,Arizona,AZ,quiet,0.000364,602,11,501+,0.58,0.001514,762,11,501+,0.53,0.114712,0.144365,0,0,0,,0.982,2024-25
2026-07-13,2026-07-20,16067,Minidoka County,Idaho,ID,quiet,0.000363,603,20,501+,0.57,0.001522,756,28,501+,0.53,0.114416,0.145024,0,0,0,,0.92,2024-25
2026-07-13,2026-07-20,23031,York County,Maine,ME,quiet,0.000363,604,3,501+,0.57,0.001817,677,4,501+,0.63,0.114382,0.170344,0,0,0,,0.9792,2024-25
2026-07-13,2026-07-20,18163,Vanderburgh County,Indiana,IN,quiet,0.000363,605,7,501+,0.57,0.001532,750,13,501+,0.53,0.114374,0.145897,0,0,0,,0.9377,2024-25
2026-07-13,2026-07-20,13117,Forsyth County,Georgia,GA,quiet,0.000363,606,11,501+,0.57,0.001638,722,11,501+,0.57,0.114291,0.155171,0,0,0,,,
2026-07-13,2026-07-20,53001,Adams County,Washington,WA,quiet,0.000362,607,24,501+,0.57,0.002437,568,23,501+,0.85,0.114066,0.219879,0,0,0,,0.954,2024-25
2026-07-13,2026-07-20,56001,Albany County,Wyoming,WY,quiet,0.000361,608,14,501+,0.57,0.001372,814,17,501+,0.48,0.113961,0.131673,0,0,0,,0.94,2022-23
2026-07-13,2026-07-20,39119,Muskingum County,Ohio,OH,quiet,0.000357,609,17,501+,0.56,0.003477,464,14,151–500,1.21,0.112629,0.2927,0,0,3,46,0.972,2024-25
2026-07-13,2026-07-20,46065,Hughes County,South Dakota,SD,quiet,0.000356,610,8,501+,0.56,0.000702,1278,24,501+,0.24,0.112504,0.068586,0,0,0,,0.94,2024-25
2026-07-13,2026-07-20,42051,Fayette County,Pennsylvania,PA,quiet,0.000356,611,28,501+,0.56,0.002201,607,35,501+,0.77,0.112411,0.201643,0,0,0,,0.925,2024-25
2026-07-13,2026-07-20,56031,Platte County,Wyoming,WY,quiet,0.000354,612,15,501+,0.56,0.00152,758,16,501+,0.53,0.111898,0.144889,0,0,0,,0.8,2022-23
2026-07-13,2026-07-20,51650,Hampton City,Virginia,VA,quiet,0.000354,613,12,501+,0.56,0.001295,846,17,501+,0.45,0.111881,0.124746,0,0,0,,0.926,2024-25
2026-07-13,2026-07-20,37019,Brunswick County,North Carolina,NC,quiet,0.000354,614,21,501+,0.56,0.000974,1022,45,501+,0.34,0.111873,0.094948,0,0,0,,0.92928453,2024-25
2026-07-13,2026-07-20,46023,Charles Mix County,South Dakota,SD,quiet,0.000353,615,9,501+,0.56,0.000664,1318,25,501+,0.23,0.111646,0.06492,0,0,0,,0.81,2024-25
2026-07-13,2026-07-20,39045,Fairfield County,Ohio,OH,quiet,0.000353,616,18,501+,0.56,0.004078,413,11,151–500,1.42,0.111551,0.329598,0,0,0,,0.931,2024-25
2026-07-13,2026-07-20,38025,Dunn County,North Dakota,ND,quiet,0.000352,617,12,501+,0.56,0.005068,363,6,151–500,1.76,0.111476,0.383457,0,0,1,11,0.8125,2024-25
2026-07-13,2026-07-20,34037,Sussex County,New Jersey,NJ,quiet,0.000351,618,20,501+,0.55,0.001928,656,21,501+,0.67,0.111213,0.17959,0,0,0,,0.909,2024-25
2026-07-13,2026-07-20,46109,Roberts County,South Dakota,SD,quiet,0.000351,619,10,501+,0.55,0.001988,646,9,501+,0.69,0.11107,0.184571,0,0,0,,0.93,2024-25
2026-07-13,2026-07-20,38101,Ward County,North Dakota,ND,quiet,0.00035,620,13,501+,0.55,0.002819,527,10,501+,0.98,0.110837,0.248052,0,0,0,,0.9195,2024-25
2026-07-13,2026-07-20,08125,Yuma County,Colorado,CO,quiet,0.00035,621,30,501+,0.55,0.001049,975,33,501+,0.36,0.11082,0.101976,0,0,0,,0.9587,2024-25
2026-07-13,2026-07-20,49041,Sevier County,Utah,UT,quiet,0.000349,622,17,501+,0.55,0.002084,626,16,501+,0.72,0.110639,0.192345,0,0,0,,0.851351,2024-25
2026-07-13,2026-07-20,39041,Delaware County,Ohio,OH,quiet,0.000348,623,19,501+,0.55,0.002453,563,17,501+,0.85,0.110414,0.22111,0,0,0,,0.925,2024-25
2026-07-13,2026-07-20,38071,Ramsey County,North Dakota,ND,quiet,0.000346,624,14,501+,0.55,0.00182,674,13,501+,0.63,0.109802,0.170615,0,0,0,,0.9825,2024-25
2026-07-13,2026-07-20,28033,DeSoto County,Mississippi,MS,quiet,0.000346,625,1,501+,0.55,0.001541,746,2,501+,0.54,0.1098,0.146742,0,0,0,,0.9718,2024-25
2026-07-13,2026-07-20,04012,La Paz County,Arizona,AZ,quiet,0.000346,626,12,501+,0.55,0.000905,1076,13,501+,0.31,0.109707,0.088348,0,0,0,,0.9,2024-25
2026-07-13,2026-07-20,26075,Jackson County,Michigan,MI,quiet,0.000345,627,16,501+,0.55,0.003748,436,17,151–500,1.3,0.109596,0.309725,0,0,0,,0.91856492,2024-25
2026-07-13,2026-07-20,22071,Orleans Parish,Louisiana,LA,quiet,0.000344,628,4,501+,0.54,0.003627,450,4,151–500,1.26,0.109197,0.302235,0,0,3,12,0.9161,2024-25
2026-07-13,2026-07-20,06115,Yuba County,California,CA,quiet,0.000344,629,42,501+,0.54,0.002244,596,38,501+,0.78,0.109114,0.204988,0,0,0,,0.96114,2024-25
2026-07-13,2026-07-20,12085,Martin County,Florida,FL,quiet,0.000341,630,32,501+,0.54,0.001133,924,33,501+,0.39,0.108354,0.109832,0,0,0,,0.885,2024-25
2026-07-13,2026-07-20,46083,Lincoln County,South Dakota,SD,quiet,0.000341,631,11,501+,0.54,0.001615,726,12,501+,0.56,0.108322,0.153188,0,0,8,55,0.93,2024-25
2026-07-13,2026-07-20,48231,Hunt County,Texas,TX,quiet,0.000339,632,47,501+,0.54,0.002373,577,34,501+,0.83,0.107857,0.215026,0,0,0,,0.934137,2024-25
2026-07-13,2026-07-20,16077,Power County,Idaho,ID,quiet,0.000339,633,21,501+,0.54,0.001163,903,31,501+,0.4,0.107802,0.11263,0,0,0,,0.86,2024-25
2026-07-13,2026-07-20,47149,Rutherford County,Tennessee,TN,quiet,0.000339,634,9,501+,0.54,0.003735,437,5,151–500,1.3,0.107766,0.308941,0,0,0,,0.962,2024-25
2026-07-13,2026-07-20,29097,Jasper County,Missouri,MO,quiet,0.000337,635,11,501+,0.53,0.001496,768,13,501+,0.52,0.107327,0.142735,0,0,0,,0.919,2024-25
2026-07-13,2026-07-20,19155,Pottawattamie County,Iowa,IA,quiet,0.000336,636,7,501+,0.53,0.002039,633,7,501+,0.71,0.106945,0.188654,0,0,0,,0.86940639,2024-25
2026-07-13,2026-07-20,33015,Rockingham County,New Hampshire,NH,quiet,0.000335,637,2,501+,0.53,0.004595,385,2,151–500,1.6,0.10675,0.35869,0,0,0,,0.937,2024-25
2026-07-13,2026-07-20,48317,Martin County,Texas,TX,quiet,0.000333,638,48,501+,0.53,0.000989,1013,81,501+,0.34,0.10619,0.096319,0,0,3,72,0.929577,2024-25
2026-07-13,2026-07-20,51177,Spotsylvania County,Virginia,VA,quiet,0.000333,639,13,501+,0.53,0.001002,1006,25,501+,0.35,0.106159,0.097566,0,0,0,,0.887,2024-25
2026-07-13,2026-07-20,48149,Fayette County,Texas,TX,quiet,0.00033,640,49,501+,0.52,0.001337,832,59,501+,0.47,0.105369,0.128586,0,0,0,,0.957806,2024-25
2026-07-13,2026-07-20,20113,McPherson County,Kansas,KS,quiet,0.00033,641,8,501+,0.52,0.001087,956,16,501+,0.38,0.105358,0.105597,0,0,0,,0.8899,2024-25
2026-07-13,2026-07-20,46029,Codington County,South Dakota,SD,quiet,0.00033,642,12,501+,0.52,0.002002,643,8,501+,0.7,0.105304,0.185653,0,0,0,,0.9,2024-25
2026-07-13,2026-07-20,26049,Genesee County,Michigan,MI,quiet,0.000329,643,17,501+,0.52,0.004629,383,11,151–500,1.61,0.105114,0.360538,0,0,0,,0.89990162,2024-25
2026-07-13,2026-07-20,37147,Pitt County,North Carolina,NC,quiet,0.000328,644,22,501+,0.52,0.001157,907,38,501+,0.4,0.104761,0.112074,0,0,0,,0.95289684,2024-25
2026-07-13,2026-07-20,37101,Johnston County,North Carolina,NC,quiet,0.000328,645,23,501+,0.52,0.002755,532,19,501+,0.96,0.10475,0.243485,0,0,1,22,0.93714093,2024-25
2026-07-13,2026-07-20,37171,Surry County,North Carolina,NC,quiet,0.000327,646,24,501+,0.52,0.001532,749,31,501+,0.53,0.10453,0.145944,0,0,0,,0.94634146,2024-25
2026-07-13,2026-07-20,39023,Clark County,Ohio,OH,quiet,0.000326,647,20,501+,0.52,0.001367,817,29,501+,0.48,0.104337,0.131248,0,0,0,,0.905,2024-25
2026-07-13,2026-07-20,51067,Franklin County,Virginia,VA,quiet,0.000324,648,14,501+,0.51,0.001809,679,10,501+,0.63,0.103775,0.169731,0,0,0,,0.902,2024-25
2026-07-13,2026-07-20,23003,Aroostook County,Maine,ME,quiet,0.000324,649,4,501+,0.51,0.00137,815,5,501+,0.48,0.103665,0.131529,0,0,0,,0.9724,2024-25
2026-07-13,2026-07-20,29169,Pulaski County,Missouri,MO,quiet,0.000323,650,12,501+,0.51,0.002075,629,11,501+,0.72,0.103478,0.191591,0,0,0,,0.906,2024-25
2026-07-13,2026-07-20,34019,Hunterdon County,New Jersey,NJ,quiet,0.000322,651,21,501+,0.51,0.005284,349,17,151–500,1.84,0.103192,0.394177,0,0,0,,0.924,2024-25
2026-07-13,2026-07-20,09180,Southeastern Connecticut Planning Region,Connecticut,CT,quiet,0.000321,652,6,501+,0.51,0.001528,753,7,501+,0.53,0.102815,0.145569,0,0,0,,0.983,2024-25
2026-07-13,2026-07-20,28047,Harrison County,Mississippi,MS,quiet,0.000321,653,2,501+,0.51,0.001557,743,1,501+,0.54,0.102798,0.148099,0,0,0,,0.9776,2024-25
2026-07-13,2026-07-20,27099,Mower County,Minnesota,MN,quiet,0.000316,654,15,501+,0.5,0.001715,699,19,501+,0.6,0.101409,0.161785,0,0,0,,0.943,2024-25
2026-07-13,2026-07-20,32001,Churchill County,Nevada,NV,quiet,0.000315,655,6,501+,0.5,0.001568,740,8,501+,0.55,0.101224,0.149108,0,0,0,,0.929,2024-25
2026-07-13,2026-07-20,48097,Cooke County,Texas,TX,quiet,0.000312,656,50,501+,0.49,0.00196,651,42,501+,0.68,0.100389,0.182239,0,0,0,,0.915464,2024-25
2026-07-13,2026-07-20,18091,LaPorte County,Indiana,IN,quiet,0.000309,657,8,501+,0.49,0.002113,622,10,501+,0.73,0.099569,0.194629,0,0,0,,0.8926,2024-25
2026-07-13,2026-07-20,16013,Blaine County,Idaho,ID,quiet,0.000309,658,22,501+,0.49,0.002723,538,19,501+,0.95,0.099538,0.241135,0,0,0,,0.73,2024-25
2026-07-13,2026-07-20,27083,Lyon County,Minnesota,MN,quiet,0.000309,659,16,501+,0.49,0.001035,984,29,501+,0.36,0.099424,0.1007,0,0,0,,0.871,2024-25
2026-07-13,2026-07-20,55115,Shawano County,Wisconsin,WI,quiet,0.000308,660,11,501+,0.49,0.002717,541,11,501+,0.94,0.099353,0.240698,0,0,0,,0.86,2024-25
2026-07-13,2026-07-20,37141,Pender County,North Carolina,NC,quiet,0.000308,661,25,501+,0.49,0.002193,609,22,501+,0.76,0.099225,0.200966,0,0,0,,0.9286754,2024-25
2026-07-13,2026-07-20,18063,Hendricks County,Indiana,IN,quiet,0.000307,662,9,501+,0.49,0.002208,606,8,501+,0.77,0.09904,0.202222,0,0,0,,0.916,2024-25
2026-07-13,2026-07-20,21073,Franklin County,Kentucky,KY,quiet,0.000307,663,6,501+,0.48,0.002308,586,7,501+,0.8,0.098819,0.210024,0,0,1,72,0.944,2024-25
2026-07-13,2026-07-20,42037,Columbia County,Pennsylvania,PA,quiet,0.000306,664,29,501+,0.48,0.001577,734,39,501+,0.55,0.098767,0.149833,0,0,0,,0.965,2024-25
2026-07-13,2026-07-20,36037,Genesee County,New York,NY,quiet,0.000306,665,23,501+,0.48,0.001459,774,28,501+,0.51,0.098757,0.139496,0,0,0,,0.997660514,2024-25
2026-07-13,2026-07-20,42127,Wayne County,Pennsylvania,PA,quiet,0.000306,666,30,501+,0.48,0.003112,500,31,151–500,1.08,0.098589,0.268513,0,0,0,,0.875,2024-25
2026-07-13,2026-07-20,18019,Clark County,Indiana,IN,quiet,0.000305,667,10,501+,0.48,0.003409,468,7,151–500,1.19,0.098504,0.288314,0,0,0,,0.8931,2024-25
2026-07-13,2026-07-20,48369,Parmer County,Texas,TX,quiet,0.000305,668,51,501+,0.48,0.000777,1196,104,501+,0.27,0.098504,0.07596,0,0,5,62,0.972414,2024-25
2026-07-13,2026-07-20,18099,Marshall County,Indiana,IN,quiet,0.000305,669,11,501+,0.48,0.001112,940,19,501+,0.39,0.098333,0.107928,0,0,0,,0.8797,2024-25
2026-07-13,2026-07-20,05143,Washington County,Arkansas,AR,quiet,0.000302,670,4,501+,0.48,0.002463,561,4,501+,0.86,0.097575,0.221848,0,0,0,,,
2026-07-13,2026-07-20,51700,Newport News City,Virginia,VA,quiet,0.000302,671,15,501+,0.48,0.001442,781,13,501+,0.5,0.097513,0.137941,0,0,0,,0.875,2024-25
2026-07-13,2026-07-20,53045,Mason County,Washington,WA,quiet,0.000301,672,25,501+,0.47,0.002007,641,28,501+,0.7,0.097128,0.186048,0,0,0,,0.902,2024-25
2026-07-13,2026-07-20,40083,Logan County,Oklahoma,OK,quiet,0.0003,673,9,501+,0.47,0.002545,554,5,501+,0.88,0.097043,0.228049,0,0,0,,0.8969,2024-25
2026-07-13,2026-07-20,21239,Woodford County,Kentucky,KY,quiet,0.0003,674,7,501+,0.47,0.001899,661,9,501+,0.66,0.096964,0.177252,0,0,3,54,0.925,2024-25
2026-07-13,2026-07-20,42073,Lawrence County,Pennsylvania,PA,quiet,0.000298,675,31,501+,0.47,0.002376,575,33,501+,0.83,0.096335,0.215256,0,0,0,,0.942,2024-25
2026-07-13,2026-07-20,51760,Richmond City,Virginia,VA,quiet,0.000298,676,16,501+,0.47,0.001258,865,18,501+,0.44,0.09631,0.121394,0,0,0,,0.896,2024-25
2026-07-13,2026-07-20,37159,Rowan County,North Carolina,NC,quiet,0.000297,677,26,501+,0.47,0.002263,595,21,501+,0.79,0.096132,0.206472,0,0,0,,0.89567605,2024-25
2026-07-13,2026-07-20,36063,Niagara County,New York,NY,quiet,0.000295,678,24,501+,0.47,0.003701,442,18,151–500,1.29,0.095532,0.306832,0,0,0,,0.980207944,2024-25
2026-07-13,2026-07-20,46081,Lawrence County,South Dakota,SD,quiet,0.000295,679,13,501+,0.47,0.003371,471,5,151–500,1.17,0.095482,0.285806,0,0,0,,0.93,2024-25
2026-07-13,2026-07-20,02185,North Slope Borough,Alaska,AK,quiet,0.000295,680,6,501+,0.47,0.002937,516,5,501+,1.02,0.095481,0.256426,0,0,0,,,
2026-07-13,2026-07-20,50001,Addison County,Vermont,VT,quiet,0.000294,681,2,501+,0.46,0.000736,1239,7,501+,0.26,0.095358,0.071928,0,0,0,,0.94,2024-25
2026-07-13,2026-07-20,23019,Penobscot County,Maine,ME,quiet,0.000293,682,5,501+,0.46,0.005802,325,1,151–500,2.02,0.095076,0.418578,0,0,5,21,0.9744,2024-25
2026-07-13,2026-07-20,55071,Manitowoc County,Wisconsin,WI,quiet,0.000293,683,12,501+,0.46,0.002286,591,13,501+,0.79,0.094992,0.208309,0,0,0,,0.88,2024-25
2026-07-13,2026-07-20,24001,Allegany County,Maryland,MD,quiet,0.000293,684,18,501+,0.46,0.00188,666,18,501+,0.65,0.094928,0.175655,0,0,0,,0.9505,2024-25
2026-07-13,2026-07-20,13153,Houston County,Georgia,GA,quiet,0.000292,685,12,501+,0.46,0.001652,718,9,501+,0.57,0.094778,0.156389,0,0,0,,,
2026-07-13,2026-07-20,26103,Marquette County,Michigan,MI,quiet,0.000292,686,18,501+,0.46,0.003991,417,16,151–500,1.39,0.094769,0.324476,0,0,2,58,0.92822967,2024-25
2026-07-13,2026-07-20,19163,Scott County,Iowa,IA,quiet,0.000292,687,8,501+,0.46,0.00182,675,8,501+,0.63,0.094653,0.170603,0,0,0,,0.88769004,2024-25
2026-07-13,2026-07-20,53051,Pend Oreille County,Washington,WA,quiet,0.000292,688,26,501+,0.46,0.002124,619,26,501+,0.74,0.094599,0.195492,0,0,0,,0.74,2024-25
2026-07-13,2026-07-20,37149,Polk County,North Carolina,NC,quiet,0.00029,689,27,501+,0.46,0.001176,896,37,501+,0.41,0.094221,0.113875,0,0,5,21,0.83928571,2024-25
2026-07-13,2026-07-20,12131,Walton County,Florida,FL,quiet,0.00029,690,33,501+,0.46,0.00173,693,32,501+,0.6,0.094048,0.163066,0,0,0,,0.885,2024-25
2026-07-13,2026-07-20,13139,Hall County,Georgia,GA,quiet,0.00029,691,13,501+,0.46,0.00081,1156,27,501+,0.28,0.094014,0.079141,0,0,0,,,
2026-07-13,2026-07-20,08007,Archuleta County,Colorado,CO,quiet,0.000289,692,31,501+,0.46,0.003193,491,23,151–500,1.11,0.093859,0.274029,0,0,1,66,0.8148,2024-25
2026-07-13,2026-07-20,27107,Norman County,Minnesota,MN,quiet,0.000288,693,17,501+,0.45,0.001124,932,28,501+,0.39,0.09356,0.108977,0,0,0,,0.914,2024-25
2026-07-13,2026-07-20,41061,Union County,Oregon,OR,quiet,0.000287,694,14,501+,0.45,0.000854,1118,19,501+,0.3,0.093216,0.08341,0,0,0,,0.906,2024-25
2026-07-13,2026-07-20,55027,Dodge County,Wisconsin,WI,quiet,0.000286,695,13,501+,0.45,0.001714,700,16,501+,0.6,0.092989,0.161703,0,0,0,,0.82,2024-25
2026-07-13,2026-07-20,36013,Chautauqua County,New York,NY,quiet,0.000286,696,25,501+,0.45,0.001365,820,30,501+,0.47,0.092914,0.131051,0,0,0,,0.991643575,2024-25
2026-07-13,2026-07-20,26055,Grand Traverse County,Michigan,MI,quiet,0.000285,697,19,501+,0.45,0.00447,396,13,151–500,1.55,0.092583,0.35185,0,0,4,54,0.88840453,2024-25
2026-07-13,2026-07-20,36075,Oswego County,New York,NY,quiet,0.000284,698,26,501+,0.45,0.001721,696,26,501+,0.6,0.092567,0.162223,0,0,0,,0.999161242,2024-25
2026-07-13,2026-07-20,49007,Carbon County,Utah,UT,quiet,0.000284,699,18,501+,0.45,0.001444,779,18,501+,0.5,0.092522,0.138193,0,0,0,,0.875486,2024-25
2026-07-13,2026-07-20,08119,Teller County,Colorado,CO,quiet,0.000284,700,32,501+,0.45,0.001875,667,26,501+,0.65,0.092492,0.175193,0,0,0,,0.7811,2024-25
2026-07-13,2026-07-20,42129,Westmoreland County,Pennsylvania,PA,quiet,0.000284,701,32,501+,0.45,0.004974,366,24,151–500,1.73,0.09234,0.378657,0,0,0,,0.921,2024-25
2026-07-13,2026-07-20,06031,Kings County,California,CA,quiet,0.000283,702,43,501+,0.45,0.002438,566,37,501+,0.85,0.092082,0.219989,0,0,0,,0.97917,2024-25
2026-07-13,2026-07-20,39143,Sandusky County,Ohio,OH,quiet,0.000282,703,21,501+,0.45,0.00208,627,20,501+,0.72,0.091825,0.192022,0,0,0,,0.864,2024-25
2026-07-13,2026-07-20,39139,Richland County,Ohio,OH,quiet,0.000282,704,22,501+,0.44,0.001209,884,36,501+,0.42,0.091751,0.116898,0,0,0,,0.852,2024-25
2026-07-13,2026-07-20,18157,Tippecanoe County,Indiana,IN,quiet,0.000282,705,12,501+,0.44,0.001397,801,14,501+,0.49,0.091738,0.133937,0,0,0,,0.952,2024-25
2026-07-13,2026-07-20,16015,Boise County,Idaho,ID,quiet,0.000281,706,23,501+,0.44,0.00168,707,26,501+,0.58,0.091678,0.158746,0,0,0,,0.45,2024-25
2026-07-13,2026-07-20,55035,Eau Claire County,Wisconsin,WI,quiet,0.000281,707,14,501+,0.44,0.00382,429,7,151–500,1.33,0.091573,0.314171,0,0,0,,0.86,2024-25
2026-07-13,2026-07-20,47155,Sevier County,Tennessee,TN,quiet,0.00028,708,10,501+,0.44,0.001162,904,17,501+,0.4,0.091314,0.112528,0,0,0,,0.968,2024-25
2026-07-13,2026-07-20,27021,Cass County,Minnesota,MN,quiet,0.000279,709,18,501+,0.44,0.001031,990,30,501+,0.36,0.091023,0.100272,0,0,0,,0.825,2024-25
2026-07-13,2026-07-20,04001,Apache County,Arizona,AZ,quiet,0.000279,710,13,501+,0.44,0.001364,821,12,501+,0.47,0.090896,0.130969,0,0,0,,0.878,2024-25
2026-07-13,2026-07-20,45023,Chester County,South Carolina,SC,quiet,0.000278,711,20,501+,0.44,0.00153,752,23,501+,0.53,0.090618,0.145728,0,0,0,,0.965,2024-25
2026-07-13,2026-07-20,36105,Sullivan County,New York,NY,quiet,0.000276,712,27,501+,0.44,0.001355,825,31,501+,0.47,0.09014,0.13022,0,0,0,,0.984604647,2024-25
2026-07-13,2026-07-20,06045,Mendocino County,California,CA,quiet,0.000276,713,44,501+,0.44,0.001419,792,45,501+,0.49,0.090051,0.135924,0,0,0,,0.96403,2024-25
2026-07-13,2026-07-20,29145,Newton County,Missouri,MO,quiet,0.000276,714,13,501+,0.44,0.001432,787,14,501+,0.5,0.090049,0.137102,0,0,0,,0.893,2024-25
2026-07-13,2026-07-20,56017,Hot Springs County,Wyoming,WY,quiet,0.000275,715,16,501+,0.44,0.001144,918,20,501+,0.4,0.089968,0.110918,0,0,0,,0.95,2022-23
2026-07-13,2026-07-20,01101,Montgomery County,Alabama,AL,quiet,0.000275,716,5,501+,0.43,0.00096,1039,11,501+,0.33,0.089836,0.093592,0,0,0,,0.9495,2024-25
2026-07-13,2026-07-20,53071,Walla Walla County,Washington,WA,quiet,0.000275,717,27,501+,0.43,0.002658,544,22,501+,0.92,0.089783,0.236383,0,0,7,8,0.927,2024-25
2026-07-13,2026-07-20,36117,Wayne County,New York,NY,quiet,0.000272,718,28,501+,0.43,0.00096,1040,36,501+,0.33,0.088914,0.093577,0,0,0,,0.998175381,2024-25
2026-07-13,2026-07-20,48099,Coryell County,Texas,TX,quiet,0.000272,719,52,501+,0.43,0.001412,795,55,501+,0.49,0.088888,0.135327,0,0,0,,0.942966,2024-25
2026-07-13,2026-07-20,18085,Kosciusko County,Indiana,IN,quiet,0.000271,720,13,501+,0.43,0.003855,422,5,151–500,1.34,0.0888,0.316269,0,0,0,,0.8777,2024-25
2026-07-13,2026-07-20,36007,Broome County,New York,NY,quiet,0.000271,721,29,501+,0.43,0.001889,663,25,501+,0.66,0.088687,0.176426,0,0,0,,0.997556971,2024-25
2026-07-13,2026-07-20,16009,Benewah County,Idaho,ID,quiet,0.00027,722,24,501+,0.43,0.001366,818,29,501+,0.48,0.0885,0.131186,0,0,0,,0.7,2024-25
2026-07-13,2026-07-20,24009,Calvert County,Maryland,MD,quiet,0.000266,723,19,501+,0.42,0.001663,715,19,501+,0.58,0.087237,0.157326,0,0,0,,0.968,2024-25
2026-07-13,2026-07-20,27049,Goodhue County,Minnesota,MN,quiet,0.000266,724,19,501+,0.42,0.002029,636,15,501+,0.71,0.087199,0.187836,0,0,0,,0.923,2024-25
2026-07-13,2026-07-20,42021,Cambria County,Pennsylvania,PA,quiet,0.000266,725,33,501+,0.42,0.003723,440,27,151–500,1.29,0.087147,0.308203,0,0,0,,0.954,2024-25
2026-07-13,2026-07-20,48367,Parker County,Texas,TX,quiet,0.000263,726,53,501+,0.42,0.001703,701,50,501+,0.59,0.0864,0.160716,0,0,0,,0.898144,2024-25
2026-07-13,2026-07-20,48003,Andrews County,Texas,TX,quiet,0.000263,727,54,501+,0.41,0.000761,1211,108,501+,0.26,0.08626,0.074362,0,0,3,64,0.954704,2024-25
2026-07-13,2026-07-20,13053,Chattahoochee County,Georgia,GA,quiet,0.000262,728,14,501+,0.41,0.00079,1183,29,501+,0.27,0.086082,0.077212,0,0,0,,,
2026-07-13,2026-07-20,16037,Custer County,Idaho,ID,quiet,0.000262,729,25,501+,0.41,0.002952,512,18,501+,1.03,0.085965,0.257488,0,0,0,,0.66,2024-25
2026-07-13,2026-07-20,26091,Lenawee County,Michigan,MI,quiet,0.000261,730,20,501+,0.41,0.001973,648,19,501+,0.69,0.085767,0.18334,0,0,0,,0.87826087,2024-25
2026-07-13,2026-07-20,48375,Potter County,Texas,TX,quiet,0.00026,731,55,501+,0.41,0.00179,681,49,501+,0.62,0.085604,0.168125,0,0,1,65,0.959596,2024-25
2026-07-13,2026-07-20,20209,Wyandotte County,Kansas,KS,quiet,0.00026,732,9,501+,0.41,0.00126,864,12,501+,0.44,0.085428,0.121563,0,0,0,,0.8286,2024-25
2026-07-13,2026-07-20,49015,Emery County,Utah,UT,quiet,0.00026,733,19,501+,0.41,0.001294,847,19,501+,0.45,0.085391,0.124622,0,0,0,,0.9,2024-25
2026-07-13,2026-07-20,46019,Butte County,South Dakota,SD,quiet,0.000259,734,14,501+,0.41,0.002634,546,7,501+,0.92,0.085144,0.234624,0,0,4,29,0.97,2024-25
2026-07-13,2026-07-20,37157,Rockingham County,North Carolina,NC,quiet,0.000258,735,28,501+,0.41,0.001112,941,40,501+,0.39,0.084923,0.107918,0,0,0,,0.96205357,2024-25
2026-07-13,2026-07-20,37191,Wayne County,North Carolina,NC,quiet,0.000256,736,29,501+,0.41,0.00108,961,41,501+,0.38,0.084493,0.104873,0,0,0,,0.94853801,2024-25
2026-07-13,2026-07-20,16007,Bear Lake County,Idaho,ID,quiet,0.000256,737,26,501+,0.41,0.00312,497,17,151–500,1.08,0.084481,0.269053,0,0,0,,0.86,2024-25
2026-07-13,2026-07-20,27141,Sherburne County,Minnesota,MN,quiet,0.000256,738,20,501+,0.4,0.001607,727,21,501+,0.56,0.084428,0.152488,0,0,0,,0.822,2024-25
2026-07-13,2026-07-20,37111,McDowell County,North Carolina,NC,quiet,0.000256,739,30,501+,0.4,0.0024,571,20,501+,0.83,0.084351,0.217089,0,0,0,,0.9747191,2024-25
2026-07-13,2026-07-20,27117,Pipestone County,Minnesota,MN,quiet,0.000256,740,21,501+,0.4,0.000486,1590,56,501+,0.17,0.084281,0.047256,0,0,0,,0.898,2024-25
2026-07-13,2026-07-20,20015,Butler County,Kansas,KS,quiet,0.000255,741,10,501+,0.4,0.000788,1185,23,501+,0.27,0.084033,0.076984,0,0,0,,0.8959,2024-25
2026-07-13,2026-07-20,13063,Clayton County,Georgia,GA,quiet,0.000253,742,15,501+,0.4,0.001652,720,10,501+,0.57,0.08343,0.156344,0,0,0,,,
2026-07-13,2026-07-20,48423,Smith County,Texas,TX,quiet,0.000252,743,56,501+,0.4,0.001226,876,66,501+,0.43,0.083318,0.118418,0,0,0,,0.929083,2024-25
2026-07-13,2026-07-20,06063,Plumas County,California,CA,quiet,0.000252,744,45,501+,0.4,0.001383,810,46,501+,0.48,0.083315,0.132733,0,0,0,,0.95431,2024-25
2026-07-13,2026-07-20,31141,Platte County,Nebraska,NE,quiet,0.000251,745,7,501+,0.4,0.00203,635,7,501+,0.71,0.082965,0.187939,0,0,1,28,0.978308026,2024-25
2026-07-13,2026-07-20,39155,Trumbull County,Ohio,OH,quiet,0.000251,746,23,501+,0.4,0.001355,826,31,501+,0.47,0.082909,0.130183,0,0,0,,0.918,2024-25
2026-07-13,2026-07-20,27019,Carver County,Minnesota,MN,quiet,0.000251,747,22,501+,0.4,0.001397,800,23,501+,0.49,0.082774,0.133946,0,0,0,,0.858,2024-25
2026-07-13,2026-07-20,16079,Shoshone County,Idaho,ID,quiet,0.00025,748,27,501+,0.39,0.001671,709,27,501+,0.58,0.082458,0.157989,0,0,0,,0.7,2024-25
2026-07-13,2026-07-20,13151,Henry County,Georgia,GA,quiet,0.000247,749,16,501+,0.39,0.000698,1284,34,501+,0.24,0.081637,0.06825,0,0,0,,,
2026-07-13,2026-07-20,54061,Monongalia County,West Virginia,WV,quiet,0.000247,750,3,501+,0.39,0.000575,1431,9,501+,0.2,0.081612,0.056108,0,0,0,,,
2026-07-13,2026-07-20,30007,Broadwater County,Montana,MT,quiet,0.000246,751,11,501+,0.39,0.002611,548,11,501+,0.91,0.081405,0.232931,0,0,0,,,
2026-07-13,2026-07-20,06025,Imperial County,California,CA,quiet,0.000246,752,46,501+,0.39,0.001528,754,42,501+,0.53,0.081359,0.145568,0,0,0,,0.99098,2024-25
2026-07-13,2026-07-20,46047,Fall River County,South Dakota,SD,quiet,0.000245,753,15,501+,0.39,0.000982,1018,17,501+,0.34,0.08103,0.095695,0,0,0,,0.81,2024-25
2026-07-13,2026-07-20,47105,Loudon County,Tennessee,TN,quiet,0.000245,754,11,501+,0.39,0.001735,692,11,501+,0.6,0.081029,0.163446,0,0,0,,0.931,2024-25
2026-07-13,2026-07-20,38077,Richland County,North Dakota,ND,quiet,0.000245,755,15,501+,0.39,0.001574,736,15,501+,0.55,0.080984,0.149613,0,0,0,,0.9333,2024-25
2026-07-13,2026-07-20,36057,Montgomery County,New York,NY,quiet,0.000243,756,30,501+,0.38,0.001399,798,29,501+,0.49,0.080667,0.134171,0,0,0,,0.994313504,2024-25
2026-07-13,2026-07-20,39097,Madison County,Ohio,OH,quiet,0.000242,757,24,501+,0.38,0.001494,769,24,501+,0.52,0.080303,0.142541,0,0,0,,0.938,2024-25
2026-07-13,2026-07-20,21113,Jessamine County,Kentucky,KY,quiet,0.000242,758,8,501+,0.38,0.002287,590,8,501+,0.8,0.080108,0.208351,0,0,4,24,0.879,2024-25
2026-07-13,2026-07-20,39077,Huron County,Ohio,OH,quiet,0.000241,759,25,501+,0.38,0.001153,910,37,501+,0.4,0.079931,0.111667,0,0,0,,0.861,2024-25
2026-07-13,2026-07-20,37129,New Hanover County,North Carolina,NC,quiet,0.000241,760,31,501+,0.38,0.002054,631,24,501+,0.71,0.079906,0.189901,0,0,0,,0.92860684,2024-25
2026-07-13,2026-07-20,39075,Holmes County,Ohio,OH,quiet,0.000241,761,26,501+,0.38,0.004372,399,9,151–500,1.52,0.079847,0.346401,0,0,1,67,0.593,2024-25
2026-07-13,2026-07-20,08087,Morgan County,Colorado,CO,quiet,0.000239,762,33,501+,0.38,0.000887,1087,35,501+,0.31,0.079388,0.086606,0,0,0,,0.9203,2024-25
2026-07-13,2026-07-20,56045,Weston County,Wyoming,WY,quiet,0.000239,763,17,501+,0.38,0.001754,688,15,501+,0.61,0.079376,0.165095,0,0,0,,0.63,2022-23
2026-07-13,2026-07-20,51187,Warren County,Virginia,VA,quiet,0.000239,764,17,501+,0.38,0.001341,829,14,501+,0.47,0.079298,0.12888,0,0,0,,0.739,2024-25
2026-07-13,2026-07-20,30041,Hill County,Montana,MT,quiet,0.000238,765,12,501+,0.38,0.001066,969,17,501+,0.37,0.079184,0.103622,0,0,4,58,,
2026-07-13,2026-07-20,22089,St. Charles Parish,Louisiana,LA,quiet,0.000238,766,5,501+,0.38,0.000676,1308,12,501+,0.23,0.078941,0.066026,0,0,0,,0.9542,2024-25
2026-07-13,2026-07-20,37161,Rutherford County,North Carolina,NC,quiet,0.000238,767,32,501+,0.38,0.001518,760,32,501+,0.53,0.078918,0.144713,0,0,1,77,0.92896936,2024-25
2026-07-13,2026-07-20,31111,Lincoln County,Nebraska,NE,quiet,0.000236,768,8,501+,0.37,0.001476,772,9,501+,0.51,0.078593,0.140988,0,0,0,,0.945054945,2024-25
2026-07-13,2026-07-20,53043,Lincoln County,Washington,WA,quiet,0.000236,769,28,501+,0.37,0.001716,697,29,501+,0.6,0.0785,0.161874,0,0,0,,0.823,2024-25
2026-07-13,2026-07-20,48071,Chambers County,Texas,TX,quiet,0.000236,770,57,501+,0.37,0.002027,637,39,501+,0.7,0.078424,0.18773,0,0,0,,0.9388,2024-25
2026-07-13,2026-07-20,48183,Gregg County,Texas,TX,quiet,0.000236,771,58,501+,0.37,0.000745,1231,111,501+,0.26,0.078343,0.072802,0,0,0,,0.952659,2024-25
2026-07-13,2026-07-20,39103,Medina County,Ohio,OH,quiet,0.000234,772,27,501+,0.37,0.001227,874,35,501+,0.43,0.077882,0.118567,0,0,0,,0.917,2024-25
2026-07-13,2026-07-20,48171,Gillespie County,Texas,TX,quiet,0.000233,773,59,501+,0.37,0.001226,877,67,501+,0.43,0.077492,0.118415,0,0,0,,0.911765,2024-25
2026-07-13,2026-07-20,45085,Sumter County,South Carolina,SC,quiet,0.000233,774,21,501+,0.37,0.001954,653,21,501+,0.68,0.077482,0.181752,0,0,3,33,0.962,2024-25
2026-07-13,2026-07-20,48473,Waller County,Texas,TX,quiet,0.000231,775,60,501+,0.36,0.001266,861,64,501+,0.44,0.076923,0.122132,0,0,0,,0.957949,2024-25
2026-07-13,2026-07-20,17119,Madison County,Illinois,IL,quiet,0.00023,776,14,501+,0.36,0.002747,535,10,501+,0.96,0.076665,0.242852,0,0,0,,0.974,2024-25
2026-07-13,2026-07-20,42085,Mercer County,Pennsylvania,PA,quiet,0.000229,777,34,501+,0.36,0.001586,730,38,501+,0.55,0.076506,0.150637,0,0,0,,0.927,2024-25
2026-07-13,2026-07-20,47021,Cheatham County,Tennessee,TN,quiet,0.000229,778,12,501+,0.36,0.001546,745,13,501+,0.54,0.07648,0.147171,0,0,0,,0.965,2024-25
2026-07-13,2026-07-20,55105,Rock County,Wisconsin,WI,quiet,0.000228,779,15,501+,0.36,0.001663,714,19,501+,0.58,0.076215,0.157337,0,0,0,,0.88,2024-25
2026-07-13,2026-07-20,39165,Warren County,Ohio,OH,quiet,0.000228,780,28,501+,0.36,0.00166,716,21,501+,0.58,0.076109,0.157082,0,0,0,,0.918,2024-25
2026-07-13,2026-07-20,17073,Henry County,Illinois,IL,quiet,0.000227,781,15,501+,0.36,0.000887,1088,24,501+,0.31,0.075674,0.08657,0,0,0,,0.972,2024-25
2026-07-13,2026-07-20,55111,Sauk County,Wisconsin,WI,quiet,0.000225,782,16,501+,0.36,0.001716,698,15,501+,0.6,0.075327,0.161801,0,0,0,,0.83,2024-25
2026-07-13,2026-07-20,40139,Texas County,Oklahoma,OK,quiet,0.000225,783,10,501+,0.36,0.000547,1477,30,501+,0.19,0.075271,0.05326,0,0,0,,0.9559,2024-25
2026-07-13,2026-07-20,48111,Dallam County,Texas,TX,quiet,0.000225,784,61,501+,0.36,0.000908,1069,91,501+,0.32,0.075244,0.088574,0,0,7,69,0.965909,2024-25
2026-07-13,2026-07-20,31161,Sheridan County,Nebraska,NE,quiet,0.000225,785,9,501+,0.35,0.002159,615,6,501+,0.75,0.075066,0.198287,0,0,1,59,0.87804878,2024-25
2026-07-13,2026-07-20,33013,Merrimack County,New Hampshire,NH,quiet,0.000224,786,3,501+,0.35,0.003257,484,3,151–500,1.13,0.074872,0.278315,0,0,0,,0.917,2024-25
2026-07-13,2026-07-20,16075,Payette County,Idaho,ID,quiet,0.000224,787,28,501+,0.35,0.000984,1016,36,501+,0.34,0.074828,0.095847,0,0,0,,0.85,2024-25
2026-07-13,2026-07-20,33005,Cheshire County,New Hampshire,NH,quiet,0.000223,788,4,501+,0.35,0.001181,893,5,501+,0.41,0.074646,0.11427,0,0,0,,0.905,2024-25
2026-07-13,2026-07-20,36053,Madison County,New York,NY,quiet,0.000223,789,31,501+,0.35,0.001173,897,33,501+,0.41,0.074631,0.113588,0,0,0,,0.997110221,2024-25
2026-07-13,2026-07-20,17019,Champaign County,Illinois,IL,quiet,0.000223,790,16,501+,0.35,0.00114,921,19,501+,0.4,0.074622,0.110474,0,0,0,,0.96,2024-25
2026-07-13,2026-07-20,53059,Skamania County,Washington,WA,quiet,0.000222,791,29,501+,0.35,0.001065,970,31,501+,0.37,0.074378,0.103516,0,0,0,,0.838,2024-25
2026-07-13,2026-07-20,27029,Clearwater County,Minnesota,MN,quiet,0.000221,792,23,501+,0.35,0.001124,931,27,501+,0.39,0.074106,0.109003,0,0,0,,0.681,2024-25
2026-07-13,2026-07-20,20097,Kiowa County,Kansas,KS,quiet,0.000221,793,11,501+,0.35,0.002275,594,5,501+,0.79,0.07387,0.207463,0,0,6,67,0.6,2024-25
2026-07-13,2026-07-20,13015,Bartow County,Georgia,GA,quiet,0.00022,794,17,501+,0.35,0.001084,959,17,501+,0.38,0.073647,0.105273,0,0,0,,,
2026-07-13,2026-07-20,37059,Davie County,North Carolina,NC,quiet,0.00022,795,33,501+,0.35,0.001411,796,34,501+,0.49,0.073617,0.135196,0,0,0,,0.96097561,2024-25
2026-07-13,2026-07-20,24011,Caroline County,Maryland,MD,quiet,0.000219,796,20,501+,0.35,0.000492,1575,21,501+,0.17,0.073475,0.047839,0,0,0,,0.9852,2024-25
2026-07-13,2026-07-20,36091,Saratoga County,New York,NY,quiet,0.000219,797,32,501+,0.35,0.00291,519,20,501+,1.01,0.073409,0.254504,0,0,0,,0.998858863,2024-25
2026-07-13,2026-07-20,48053,Burnet County,Texas,TX,quiet,0.000219,798,62,501+,0.35,0.000955,1043,87,501+,0.33,0.073301,0.093125,0,0,0,,0.881002,2024-25
2026-07-13,2026-07-20,36083,Rensselaer County,New York,NY,quiet,0.000219,799,33,501+,0.35,0.001673,708,27,501+,0.58,0.073288,0.158136,0,0,0,,0.999149023,2024-25
2026-07-13,2026-07-20,13247,Rockdale County,Georgia,GA,quiet,0.000218,800,18,501+,0.35,0.001019,997,19,501+,0.35,0.073246,0.099142,0,0,0,,,
2026-07-13,2026-07-20,48205,Hartley County,Texas,TX,quiet,0.000218,801,63,501+,0.34,0.000974,1023,82,501+,0.34,0.072973,0.094937,0,0,0,,0.766667,2024-25
2026-07-13,2026-07-20,56043,Washakie County,Wyoming,WY,quiet,0.000217,802,18,501+,0.34,0.001281,851,18,501+,0.45,0.072799,0.123502,0,0,0,,0.9,2022-23
2026-07-13,2026-07-20,13097,Douglas County,Georgia,GA,quiet,0.000217,803,19,501+,0.34,0.000912,1066,24,501+,0.32,0.072785,0.088947,0,0,0,,,
2026-07-13,2026-07-20,37031,Carteret County,North Carolina,NC,quiet,0.000217,804,34,501+,0.34,0.001722,695,29,501+,0.6,0.072764,0.162338,0,0,0,,0.94867257,2024-25
2026-07-13,2026-07-20,27171,Wright County,Minnesota,MN,quiet,0.000216,805,24,501+,0.34,0.002184,612,14,501+,0.76,0.072522,0.200307,0,0,0,,0.852,2024-25
2026-07-13,2026-07-20,46091,Marshall County,South Dakota,SD,quiet,0.000216,806,16,501+,0.34,0.001072,965,15,501+,0.37,0.072348,0.104162,0,0,0,,0.73,2024-25
2026-07-13,2026-07-20,36051,Livingston County,New York,NY,quiet,0.000215,807,34,501+,0.34,0.000591,1412,44,501+,0.21,0.07231,0.05764,0,0,0,,0.998913489,2024-25
2026-07-13,2026-07-20,47113,Madison County,Tennessee,TN,quiet,0.000215,808,13,501+,0.34,0.000905,1077,23,501+,0.31,0.07227,0.088327,0,0,0,,0.957,2024-25
2026-07-13,2026-07-20,32019,Lyon County,Nevada,NV,quiet,0.000215,809,7,501+,0.34,0.002518,556,6,501+,0.88,0.072215,0.225999,0,0,0,,0.917,2024-25
2026-07-13,2026-07-20,16069,Nez Perce County,Idaho,ID,quiet,0.000214,810,29,501+,0.34,0.002292,588,24,501+,0.8,0.071833,0.208784,0,0,0,,0.86,2024-25
2026-07-13,2026-07-20,01081,Lee County,Alabama,AL,quiet,0.000214,811,6,501+,0.34,0.001079,962,8,501+,0.38,0.071782,0.104774,0,0,0,,0.9702,2024-25
2026-07-13,2026-07-20,48251,Johnson County,Texas,TX,quiet,0.000213,812,64,501+,0.34,0.001582,732,52,501+,0.55,0.071718,0.150266,0,0,0,,0.927747,2024-25
2026-07-13,2026-07-20,23027,Waldo County,Maine,ME,quiet,0.000213,813,6,501+,0.34,0.000898,1081,7,501+,0.31,0.071585,0.087622,0,0,0,,0.9712,2024-25
2026-07-13,2026-07-20,55081,Monroe County,Wisconsin,WI,quiet,0.000213,814,17,501+,0.34,0.001149,915,27,501+,0.4,0.071509,0.111336,0,0,0,,0.84,2024-25
2026-07-13,2026-07-20,51161,Roanoke County,Virginia,VA,quiet,0.000212,815,18,501+,0.33,0.001198,887,20,501+,0.42,0.071274,0.1159,0,0,0,,0.913,2024-25
2026-07-13,2026-07-20,49025,Kane County,Utah,UT,quiet,0.000212,816,20,501+,0.33,0.000806,1162,21,501+,0.28,0.071237,0.078811,0,0,0,,0.831683,2024-25
2026-07-13,2026-07-20,22055,Lafayette Parish,Louisiana,LA,quiet,0.000211,817,6,501+,0.33,0.001761,686,5,501+,0.61,0.07111,0.165668,0,0,0,,0.8902,2024-25
2026-07-13,2026-07-20,51775,Salem City,Virginia,VA,quiet,0.000211,818,19,501+,0.33,0.001195,888,21,501+,0.42,0.071,0.115621,0,0,0,,0.879,2024-25
2026-07-13,2026-07-20,27017,Carlton County,Minnesota,MN,quiet,0.000211,819,25,501+,0.33,0.001213,882,26,501+,0.42,0.070976,0.117234,0,0,0,,0.923,2024-25
2026-07-13,2026-07-20,20057,Ford County,Kansas,KS,quiet,0.000211,820,12,501+,0.33,0.001144,919,14,501+,0.4,0.070961,0.110852,0,0,0,,0.842,2024-25
2026-07-13,2026-07-20,20067,Grant County,Kansas,KS,quiet,0.00021,821,13,501+,0.33,0.000567,1438,41,501+,0.2,0.070796,0.055301,0,0,0,,0.9278,2024-25
2026-07-13,2026-07-20,22019,Calcasieu Parish,Louisiana,LA,quiet,0.00021,822,7,501+,0.33,0.000962,1034,7,501+,0.33,0.070759,0.093798,0,0,0,,0.9006,2024-25
2026-07-13,2026-07-20,41009,Columbia County,Oregon,OR,quiet,0.00021,823,15,501+,0.33,0.00219,611,14,501+,0.76,0.070558,0.200749,0,0,0,,0.861,2024-25
2026-07-13,2026-07-20,53047,Okanogan County,Washington,WA,quiet,0.000209,824,30,501+,0.33,0.001278,857,30,501+,0.44,0.070395,0.123221,0,0,0,,0.892,2024-25
2026-07-13,2026-07-20,47009,Blount County,Tennessee,TN,quiet,0.000209,825,14,501+,0.33,0.001549,744,12,501+,0.54,0.070349,0.147386,0,0,0,,0.939,2024-25
2026-07-13,2026-07-20,25011,Franklin County,Massachusetts,MA,quiet,0.000208,826,10,501+,0.33,0.002231,603,9,501+,0.78,0.070129,0.203994,0,0,0,,0.915,2024-25
2026-07-13,2026-07-20,35009,Curry County,New Mexico,NM,quiet,0.000207,827,14,501+,0.33,0.001151,912,17,501+,0.4,0.069878,0.111569,0,0,1,62,0.9784,2024-25
2026-07-13,2026-07-20,48219,Hockley County,Texas,TX,quiet,0.000207,828,65,501+,0.33,0.002001,644,40,501+,0.7,0.069703,0.185592,0,0,7,49,0.945338,2024-25
2026-07-13,2026-07-20,49001,Beaver County,Utah,UT,quiet,0.000206,829,21,501+,0.33,0.001229,873,20,501+,0.43,0.069471,0.118713,0,0,0,,0.891089,2023-24
2026-07-13,2026-07-20,35006,Cibola County,New Mexico,NM,quiet,0.000205,830,15,501+,0.32,0.001577,735,14,501+,0.55,0.069309,0.14982,0,0,0,,0.9235,2024-25
2026-07-13,2026-07-20,33017,Strafford County,New Hampshire,NH,quiet,0.000205,831,5,501+,0.32,0.001683,705,4,501+,0.59,0.069306,0.15902,0,0,0,,0.932,2024-25
2026-07-13,2026-07-20,37045,Cleveland County,North Carolina,NC,quiet,0.000205,832,35,501+,0.32,0.00206,630,23,501+,0.72,0.069089,0.190372,0,0,0,,0.94117647,2024-25
2026-07-13,2026-07-20,42007,Beaver County,Pennsylvania,PA,quiet,0.000204,833,35,501+,0.32,0.002238,599,34,501+,0.78,0.068895,0.204526,0,0,0,,0.915,2024-25
2026-07-13,2026-07-20,09150,Northeastern Connecticut Planning Region,Connecticut,CT,quiet,0.000204,834,7,501+,0.32,0.001032,988,9,501+,0.36,0.068785,0.100379,0,0,0,,0.975,2024-25
2026-07-13,2026-07-20,26025,Calhoun County,Michigan,MI,quiet,0.000203,835,21,501+,0.32,0.000743,1232,40,501+,0.26,0.0687,0.072665,0,0,0,,0.90742001,2024-25
2026-07-13,2026-07-20,48023,Baylor County,Texas,TX,quiet,0.000203,836,66,501+,0.32,0.0013,844,62,501+,0.45,0.068541,0.125213,0,0,0,,0.975,2024-25
2026-07-13,2026-07-20,29101,Johnson County,Missouri,MO,quiet,0.000203,837,14,501+,0.32,0.001859,668,12,501+,0.65,0.068436,0.173927,0,0,0,,0.902,2024-25
2026-07-13,2026-07-20,48479,Webb County,Texas,TX,quiet,0.000202,838,67,501+,0.32,0.000853,1119,93,501+,0.3,0.06833,0.083301,0,0,0,,0.994189,2024-25
2026-07-13,2026-07-20,13103,Effingham County,Georgia,GA,quiet,0.000202,839,20,501+,0.32,0.001133,925,15,501+,0.39,0.068263,0.10982,0,0,0,,,
2026-07-13,2026-07-20,27113,Pennington County,Minnesota,MN,quiet,0.000202,840,26,501+,0.32,0.000769,1203,37,501+,0.27,0.068195,0.075155,0,0,0,,0.953,2024-25
2026-07-13,2026-07-20,46005,Beadle County,South Dakota,SD,quiet,0.000202,841,17,501+,0.32,0.000611,1385,27,501+,0.21,0.068184,0.059618,0,0,0,,0.88,2024-25
2026-07-13,2026-07-20,54077,Preston County,West Virginia,WV,quiet,0.000201,842,4,501+,0.32,0.001224,879,5,501+,0.43,0.067866,0.118259,0,0,0,,,
2026-07-13,2026-07-20,45059,Laurens County,South Carolina,SC,quiet,0.0002,843,22,501+,0.32,0.00086,1114,28,501+,0.3,0.067711,0.083951,0,0,0,,0.96,2024-25
2026-07-13,2026-07-20,31037,Colfax County,Nebraska,NE,quiet,0.0002,844,10,501+,0.32,0.000285,2168,58,501+,0.1,0.067504,0.027104,0,0,0,,0.984771574,2024-25
2026-07-13,2026-07-20,12061,Indian River County,Florida,FL,quiet,0.000199,845,34,501+,0.31,0.000816,1149,39,501+,0.28,0.0674,0.079705,0,0,0,,0.912,2024-25
2026-07-13,2026-07-20,13245,Richmond County,Georgia,GA,quiet,0.000199,846,21,501+,0.31,0.001164,901,14,501+,0.4,0.06737,0.112693,0,0,0,,,
2026-07-13,2026-07-20,38021,Dickey County,North Dakota,ND,quiet,0.000199,847,16,501+,0.31,0.001063,971,19,501+,0.37,0.067259,0.103305,0,0,0,,0.7174,2024-25
2026-07-13,2026-07-20,20075,Hamilton County,Kansas,KS,quiet,0.000199,848,14,501+,0.31,0.000345,1964,75,501+,0.12,0.067196,0.033103,0,0,0,,0.9286,2024-25
2026-07-13,2026-07-20,45053,Jasper County,South Carolina,SC,quiet,0.000198,849,23,501+,0.31,0.002109,623,20,501+,0.73,0.067141,0.19435,0,0,0,,0.825,2024-25
2026-07-13,2026-07-20,53009,Clallam County,Washington,WA,quiet,0.000198,850,31,501+,0.31,0.002135,616,25,501+,0.74,0.06706,0.196423,0,0,0,,0.779,2024-25
2026-07-13,2026-07-20,55055,Jefferson County,Wisconsin,WI,quiet,0.000198,851,18,501+,0.31,0.001206,885,26,501+,0.42,0.067025,0.116576,0,0,0,,0.84,2024-25
2026-07-13,2026-07-20,08039,Elbert County,Colorado,CO,quiet,0.000198,852,34,501+,0.31,0.000907,1072,34,501+,0.32,0.066938,0.088522,0,0,0,,0.795,2024-25
2026-07-13,2026-07-20,45005,Allendale County,South Carolina,SC,quiet,0.000198,853,24,501+,0.31,0.002441,565,17,501+,0.85,0.066928,0.220186,0,0,0,,0.98,2024-25
2026-07-13,2026-07-20,41003,Benton County,Oregon,OR,quiet,0.000196,854,16,501+,0.31,0.000962,1036,18,501+,0.33,0.066433,0.093715,0,0,0,,0.942,2024-25
2026-07-13,2026-07-20,20103,Leavenworth County,Kansas,KS,quiet,0.000196,855,15,501+,0.31,0.001513,763,7,501+,0.53,0.066369,0.144252,0,0,0,,0.9627,2024-25
2026-07-13,2026-07-20,48357,Ochiltree County,Texas,TX,quiet,0.000196,856,68,501+,0.31,0.000687,1294,115,501+,0.24,0.066345,0.067129,0,0,0,,0.979167,2024-25
2026-07-13,2026-07-20,13223,Paulding County,Georgia,GA,quiet,0.000196,857,22,501+,0.31,0.000712,1273,32,501+,0.25,0.066344,0.069634,0,0,0,,,
2026-07-13,2026-07-20,48059,Callahan County,Texas,TX,quiet,0.000195,858,69,501+,0.31,0.001119,933,76,501+,0.39,0.066194,0.108578,0,0,0,,0.914634,2024-25
2026-07-13,2026-07-20,05045,Faulkner County,Arkansas,AR,quiet,0.000194,859,5,501+,0.31,0.002039,632,5,501+,0.71,0.065746,0.1887,0,0,6,59,,
2026-07-13,2026-07-20,47043,Dickson County,Tennessee,TN,quiet,0.000193,860,15,501+,0.31,0.00097,1027,21,501+,0.34,0.065582,0.094502,0,0,0,,0.964,2024-25
2026-07-13,2026-07-20,21211,Shelby County,Kentucky,KY,quiet,0.000193,861,9,501+,0.31,0.001435,785,12,501+,0.5,0.065574,0.137366,0,0,0,,0.923,2024-25
2026-07-13,2026-07-20,08019,Clear Creek County,Colorado,CO,quiet,0.000193,862,35,501+,0.3,0.000634,1364,41,501+,0.22,0.065511,0.061903,0,0,0,,0.7551,2024-25
2026-07-13,2026-07-20,16039,Elmore County,Idaho,ID,quiet,0.000193,863,30,501+,0.3,0.000747,1228,40,501+,0.26,0.065453,0.073063,0,0,0,,0.86,2024-25
2026-07-13,2026-07-20,31047,Dawson County,Nebraska,NE,quiet,0.000193,864,11,501+,0.3,0.00077,1201,16,501+,0.27,0.065452,0.075261,0,0,0,,0.976253298,2024-25
2026-07-13,2026-07-20,16049,Idaho County,Idaho,ID,quiet,0.000192,865,31,501+,0.3,0.002488,558,21,501+,0.86,0.065252,0.22374,0,0,0,,0.54,2024-25
2026-07-13,2026-07-20,47001,Anderson County,Tennessee,TN,quiet,0.000191,866,16,501+,0.3,0.001214,881,16,501+,0.42,0.064953,0.117376,0,0,0,,0.959,2024-25
2026-07-13,2026-07-20,28109,Pearl River County,Mississippi,MS,quiet,0.000191,867,3,501+,0.3,0.001187,891,3,501+,0.41,0.064905,0.114897,0,0,0,,0.9722,2024-25
2026-07-13,2026-07-20,47189,Wilson County,Tennessee,TN,quiet,0.000191,868,17,501+,0.3,0.00128,853,14,501+,0.45,0.064892,0.123369,0,0,0,,0.934,2024-25
2026-07-13,2026-07-20,55063,La Crosse County,Wisconsin,WI,quiet,0.000191,869,19,501+,0.3,0.00166,717,20,501+,0.58,0.064888,0.157007,0,0,0,,0.86,2024-25
2026-07-13,2026-07-20,42061,Huntingdon County,Pennsylvania,PA,quiet,0.00019,870,36,501+,0.3,0.003635,447,28,151–500,1.26,0.064705,0.302706,0,0,0,,0.926,2024-25
2026-07-13,2026-07-20,48417,Shackelford County,Texas,TX,quiet,0.00019,871,70,501+,0.3,0.001387,806,57,501+,0.48,0.064665,0.133047,0,0,1,63,0.902439,2024-25
2026-07-13,2026-07-20,27067,Kandiyohi County,Minnesota,MN,quiet,0.00019,872,27,501+,0.3,0.001279,854,25,501+,0.44,0.064495,0.123321,0,0,0,,0.848,2024-25
2026-07-13,2026-07-20,37151,Randolph County,North Carolina,NC,quiet,0.00019,873,36,501+,0.3,0.001384,809,35,501+,0.48,0.064487,0.132815,0,0,0,,0.94973545,2024-25
2026-07-13,2026-07-20,18043,Floyd County,Indiana,IN,quiet,0.000188,874,14,501+,0.3,0.001251,868,17,501+,0.44,0.063976,0.120765,0,0,0,,0.9267,2024-25
2026-07-13,2026-07-20,20095,Kingman County,Kansas,KS,quiet,0.000188,875,16,501+,0.3,0.001468,773,8,501+,0.51,0.063957,0.140264,0,0,0,,0.5769,2024-25
2026-07-13,2026-07-20,39159,Union County,Ohio,OH,quiet,0.000187,876,29,501+,0.3,0.001402,797,27,501+,0.49,0.063712,0.134439,0,0,0,,0.89,2024-25
2026-07-13,2026-07-20,02240,Southeast Fairbanks Census Area,Alaska,AK,quiet,0.000187,877,7,501+,0.29,0.000461,1651,14,501+,0.16,0.06357,0.044707,0,0,0,,,
2026-07-13,2026-07-20,55019,Clark County,Wisconsin,WI,quiet,0.000186,878,20,501+,0.29,0.001099,950,28,501+,0.38,0.063408,0.106704,0,0,0,,0.78,2024-25
2026-07-13,2026-07-20,01003,Baldwin County,Alabama,AL,quiet,0.000186,879,7,501+,0.29,0.00197,649,4,501+,0.68,0.063315,0.183058,0,0,0,,0.9332,2024-25
2026-07-13,2026-07-20,26037,Clinton County,Michigan,MI,quiet,0.000185,880,22,501+,0.29,0.001077,963,28,501+,0.37,0.063027,0.104582,0,0,0,,0.91732283,2024-25
2026-07-13,2026-07-20,08063,Kit Carson County,Colorado,CO,quiet,0.000185,881,36,501+,0.29,0.000686,1296,38,501+,0.24,0.062966,0.067027,0,0,0,,0.8947,2024-25
2026-07-13,2026-07-20,17099,LaSalle County,Illinois,IL,quiet,0.000185,882,17,501+,0.29,0.001518,761,16,501+,0.53,0.062935,0.144708,0,0,0,,0.97,2024-25
2026-07-13,2026-07-20,37155,Robeson County,North Carolina,NC,quiet,0.000184,883,37,501+,0.29,0.000907,1074,46,501+,0.32,0.062726,0.088484,0,0,0,,0.95244134,2024-25
2026-07-13,2026-07-20,47003,Bedford County,Tennessee,TN,quiet,0.000184,884,18,501+,0.29,0.00094,1052,22,501+,0.33,0.062702,0.091706,0,0,0,,0.971,2024-25
2026-07-13,2026-07-20,22079,Rapides Parish,Louisiana,LA,quiet,0.000184,885,8,501+,0.29,0.000778,1195,8,501+,0.27,0.06263,0.076083,0,0,0,,0.9383,2024-25
2026-07-13,2026-07-20,35028,Los Alamos County,New Mexico,NM,quiet,0.000183,886,16,501+,0.29,0.00119,890,16,501+,0.41,0.06257,0.115098,0,0,0,,0.9828,2024-25
2026-07-13,2026-07-20,48341,Moore County,Texas,TX,quiet,0.000183,887,71,501+,0.29,0.000944,1051,88,501+,0.33,0.062325,0.092026,0,0,0,,0.965699,2024-25
2026-07-13,2026-07-20,48475,Ward County,Texas,TX,quiet,0.000182,888,72,501+,0.29,0.000618,1381,123,501+,0.21,0.062224,0.060334,0,0,0,,0.933735,2024-25
2026-07-13,2026-07-20,29071,Franklin County,Missouri,MO,quiet,0.000182,889,15,501+,0.29,0.000842,1129,23,501+,0.29,0.062116,0.08228,0,0,0,,0.914,2024-25
2026-07-13,2026-07-20,30061,Mineral County,Montana,MT,quiet,0.000182,890,13,501+,0.29,0.001435,786,14,501+,0.5,0.062085,0.137353,0,0,0,,,
2026-07-13,2026-07-20,26003,Alger County,Michigan,MI,quiet,0.000181,891,23,501+,0.29,0.000828,1137,36,501+,0.29,0.061897,0.080926,0,0,0,,0.98275862,2024-25
2026-07-13,2026-07-20,36039,Greene County,New York,NY,quiet,0.000181,892,35,501+,0.29,0.000743,1233,40,501+,0.26,0.06184,0.072643,0,0,0,,0.998623609,2024-25
2026-07-13,2026-07-20,48291,Liberty County,Texas,TX,quiet,0.000181,893,73,501+,0.29,0.000741,1235,112,501+,0.26,0.061731,0.072473,0,0,0,,0.966112,2024-25
2026-07-13,2026-07-20,37087,Haywood County,North Carolina,NC,quiet,0.000181,894,38,501+,0.29,0.001501,766,33,501+,0.52,0.061659,0.143153,0,0,0,,0.92261905,2024-25
2026-07-13,2026-07-20,32013,Humboldt County,Nevada,NV,quiet,0.000181,895,8,501+,0.29,0.001151,913,10,501+,0.4,0.061652,0.111529,0,0,0,,0.848,2024-25
2026-07-13,2026-07-20,01125,Tuscaloosa County,Alabama,AL,quiet,0.00018,896,8,501+,0.28,0.001743,690,6,501+,0.61,0.06156,0.164116,0,0,0,,0.9272,2024-25
2026-07-13,2026-07-20,40073,Kingfisher County,Oklahoma,OK,quiet,0.00018,897,11,501+,0.28,0.001094,952,11,501+,0.38,0.061381,0.106262,0,0,0,,0.8592,2024-25
2026-07-13,2026-07-20,16025,Camas County,Idaho,ID,quiet,0.000179,898,32,501+,0.28,0.0011,949,34,501+,0.38,0.061338,0.106743,0,0,0,,0.4,2024-25
2026-07-13,2026-07-20,13119,Franklin County,Georgia,GA,quiet,0.000179,899,23,501+,0.28,0.000539,1493,42,501+,0.19,0.061281,0.052556,0,0,0,,,
2026-07-13,2026-07-20,36077,Otsego County,New York,NY,quiet,0.000179,900,36,501+,0.28,0.000327,2022,55,501+,0.11,0.061153,0.031374,0,0,0,,0.998883241,2024-25
2026-07-13,2026-07-20,39083,Knox County,Ohio,OH,quiet,0.000179,901,30,501+,0.28,0.00354,455,13,151–500,1.23,0.061111,0.296732,0,0,14,66,0.841,2024-25
2026-07-13,2026-07-20,25001,Barnstable County,Massachusetts,MA,quiet,0.000179,902,11,501+,0.28,0.000967,1032,11,501+,0.34,0.061048,0.094208,0,0,0,,0.952,2024-25
2026-07-13,2026-07-20,27131,Rice County,Minnesota,MN,quiet,0.000178,903,28,501+,0.28,0.001935,655,17,501+,0.67,0.061024,0.180228,0,0,0,,0.851,2024-25
2026-07-13,2026-07-20,51015,Augusta County,Virginia,VA,quiet,0.000178,904,20,501+,0.28,0.001102,945,24,501+,0.38,0.060945,0.106941,0,0,0,,0.931,2024-25
2026-07-13,2026-07-20,36121,Wyoming County,New York,NY,quiet,0.000177,905,37,501+,0.28,0.00088,1098,37,501+,0.31,0.060695,0.085937,0,0,0,,0.991894861,2024-25
2026-07-13,2026-07-20,46025,Clark County,South Dakota,SD,quiet,0.000177,906,18,501+,0.28,0.001452,775,13,501+,0.5,0.060528,0.138884,0,0,0,,0.63,2024-25
2026-07-13,2026-07-20,48019,Bandera County,Texas,TX,quiet,0.000176,907,74,501+,0.28,0.002224,604,35,501+,0.77,0.060359,0.203422,0,0,5,18,0.934783,2024-25
2026-07-13,2026-07-20,39003,Allen County,Ohio,OH,quiet,0.000175,908,31,501+,0.28,0.001357,824,30,501+,0.47,0.060086,0.130373,0,0,1,70,0.857,2024-25
2026-07-13,2026-07-20,27007,Beltrami County,Minnesota,MN,quiet,0.000175,909,29,501+,0.28,0.001583,731,22,501+,0.55,0.06008,0.150371,0,0,0,,0.87,2024-25
2026-07-13,2026-07-20,40125,Pottawatomie County,Oklahoma,OK,quiet,0.000175,910,12,501+,0.28,0.001005,1005,12,501+,0.35,0.05998,0.097826,0,0,0,,0.9097,2024-25
2026-07-13,2026-07-20,21037,Campbell County,Kentucky,KY,quiet,0.000175,911,10,501+,0.28,0.002373,576,6,501+,0.83,0.059804,0.215055,0,0,0,,0.961,2024-25
2026-07-13,2026-07-20,27013,Blue Earth County,Minnesota,MN,quiet,0.000175,912,30,501+,0.28,0.001314,839,24,501+,0.46,0.05979,0.126462,0,0,0,,0.897,2024-25
2026-07-13,2026-07-20,46033,Custer County,South Dakota,SD,quiet,0.000174,913,19,501+,0.28,0.000553,1465,30,501+,0.19,0.059783,0.053881,0,0,0,,0.88,2024-25
2026-07-13,2026-07-20,29099,Jefferson County,Missouri,MO,quiet,0.000174,914,16,501+,0.28,0.000865,1109,22,501+,0.3,0.059723,0.08444,0,0,0,,0.941,2024-25
2026-07-13,2026-07-20,06023,Humboldt County,California,CA,quiet,0.000174,915,47,501+,0.27,0.00173,694,41,501+,0.6,0.059612,0.163061,0,0,0,,0.93358,2024-25
2026-07-13,2026-07-20,40013,Bryan County,Oklahoma,OK,quiet,0.000174,916,13,501+,0.27,0.000975,1021,13,501+,0.34,0.059576,0.094988,0,0,0,,0.9126,2024-25
2026-07-13,2026-07-20,16073,Owyhee County,Idaho,ID,quiet,0.000174,917,33,501+,0.27,0.002109,624,25,501+,0.73,0.059558,0.194334,0,0,0,,0.8,2024-25
2026-07-13,2026-07-20,06005,Amador County,California,CA,quiet,0.000174,918,48,501+,0.27,0.000593,1407,51,501+,0.21,0.059554,0.057899,0,0,0,,0.9532,2024-25
2026-07-13,2026-07-20,20145,Pawnee County,Kansas,KS,quiet,0.000173,919,17,501+,0.27,0.000659,1331,33,501+,0.23,0.059429,0.064413,0,0,7,58,0.7693,2024-25
2026-07-13,2026-07-20,37127,Nash County,North Carolina,NC,quiet,0.000172,920,39,501+,0.27,0.001796,680,27,501+,0.62,0.05891,0.168645,0,0,1,24,0.95996276,2024-25
2026-07-13,2026-07-20,48361,Orange County,Texas,TX,quiet,0.000171,921,75,501+,0.27,0.001179,894,70,501+,0.41,0.058539,0.114158,0,0,0,,0.915966,2024-25
2026-07-13,2026-07-20,25015,Hampshire County,Massachusetts,MA,quiet,0.00017,922,12,501+,0.27,0.000851,1123,13,501+,0.3,0.058377,0.083129,0,0,0,,0.957,2024-25
2026-07-13,2026-07-20,21227,Warren County,Kentucky,KY,quiet,0.00017,923,11,501+,0.27,0.001252,866,15,501+,0.44,0.058306,0.120833,0,0,0,,0.886,2024-25
2026-07-13,2026-07-20,26015,Barry County,Michigan,MI,quiet,0.00017,924,24,501+,0.27,0.001522,755,20,501+,0.53,0.058239,0.145025,0,0,0,,0.89162562,2024-25
2026-07-13,2026-07-20,26021,Berrien County,Michigan,MI,quiet,0.000169,925,25,501+,0.27,0.001429,788,22,501+,0.5,0.058216,0.136848,0,0,0,,0.90217391,2024-25
2026-07-13,2026-07-20,47047,Fayette County,Tennessee,TN,quiet,0.000169,926,19,501+,0.27,0.001036,983,19,501+,0.36,0.05819,0.100749,0,0,0,,0.938,2024-25
2026-07-13,2026-07-20,48079,Cochran County,Texas,TX,quiet,0.000168,927,76,501+,0.27,0.000827,1138,97,501+,0.29,0.057737,0.080792,0,0,14,64,0.926829,2024-25
2026-07-13,2026-07-20,48089,Colorado County,Texas,TX,quiet,0.000168,928,77,501+,0.27,0.00153,751,53,501+,0.53,0.057712,0.145782,0,0,0,,0.974545,2024-25
2026-07-13,2026-07-20,37037,Chatham County,North Carolina,NC,quiet,0.000168,929,40,501+,0.27,0.000865,1108,49,501+,0.3,0.057685,0.084487,0,0,0,,0.95244565,2024-25
2026-07-13,2026-07-20,50027,Windsor County,Vermont,VT,quiet,0.000167,930,3,501+,0.26,0.001965,650,3,501+,0.68,0.057593,0.182623,0,0,0,,0.95,2024-25
2026-07-13,2026-07-20,32033,White Pine County,Nevada,NV,quiet,0.000167,931,9,501+,0.26,0.00195,654,7,501+,0.68,0.057532,0.181453,0,0,0,,0.854,2024-25
2026-07-13,2026-07-20,20175,Seward County,Kansas,KS,quiet,0.000167,932,18,501+,0.26,0.000824,1141,22,501+,0.29,0.057474,0.080485,0,0,0,,0.9739,2024-25
2026-07-13,2026-07-20,46077,Kingsbury County,South Dakota,SD,quiet,0.000167,933,20,501+,0.26,0.000419,1757,38,501+,0.15,0.057444,0.04052,0,0,0,,0.92,2024-25
2026-07-13,2026-07-20,26123,Newaygo County,Michigan,MI,quiet,0.000167,934,26,501+,0.26,0.000829,1136,35,501+,0.29,0.057324,0.080958,0,0,0,,0.875,2024-25
2026-07-13,2026-07-20,31079,Hall County,Nebraska,NE,quiet,0.000166,935,12,501+,0.26,0.000876,1099,11,501+,0.3,0.057151,0.085554,0,0,0,,0.96326062,2024-25
2026-07-13,2026-07-20,48229,Hudspeth County,Texas,TX,quiet,0.000166,936,78,501+,0.26,0.004529,393,22,151–500,1.57,0.057127,0.355109,0,0,136,14,0.9375,2024-25
2026-07-13,2026-07-20,18087,LaGrange County,Indiana,IN,quiet,0.000166,937,15,501+,0.26,0.00167,710,12,501+,0.58,0.057115,0.157921,0,0,0,,0.7686,2024-25
2026-07-13,2026-07-20,55101,Racine County,Wisconsin,WI,quiet,0.000166,938,21,501+,0.26,0.001245,869,25,501+,0.43,0.05705,0.120197,0,0,0,,0.81,2024-25
2026-07-13,2026-07-20,16087,Washington County,Idaho,ID,quiet,0.000166,939,34,501+,0.26,0.001103,944,33,501+,0.38,0.056996,0.107037,0,0,0,,0.79,2024-25
2026-07-13,2026-07-20,20129,Morton County,Kansas,KS,quiet,0.000165,940,19,501+,0.26,0.000901,1078,21,501+,0.31,0.056927,0.087899,0,0,0,,0.5667,2024-25
2026-07-13,2026-07-20,48495,Winkler County,Texas,TX,quiet,0.000165,941,79,501+,0.26,0.000361,1912,177,501+,0.13,0.056911,0.034768,0,0,0,,0.991803,2024-25
2026-07-13,2026-07-20,21029,Bullitt County,Kentucky,KY,quiet,0.000165,942,12,501+,0.26,0.001396,802,13,501+,0.49,0.056771,0.133898,0,0,0,,0.91991992,2024-25
2026-07-13,2026-07-20,39081,Jefferson County,Ohio,OH,quiet,0.000165,943,32,501+,0.26,0.000994,1008,39,501+,0.35,0.056661,0.096782,0,0,0,,0.927,2024-25
2026-07-13,2026-07-20,48103,Crane County,Texas,TX,quiet,0.000164,944,80,501+,0.26,0.000599,1397,127,501+,0.21,0.056639,0.058443,0,0,0,,0.976744,2024-25
2026-07-13,2026-07-20,18127,Porter County,Indiana,IN,quiet,0.000164,945,16,501+,0.26,0.001786,682,11,501+,0.62,0.056425,0.167761,0,0,0,,0.9055,2024-25
2026-07-13,2026-07-20,36015,Chemung County,New York,NY,quiet,0.000164,946,38,501+,0.26,0.001032,987,35,501+,0.36,0.056424,0.100427,0,0,0,,0.997523633,2024-25
2026-07-13,2026-07-20,46107,Potter County,South Dakota,SD,quiet,0.000164,947,21,501+,0.26,0.000523,1528,32,501+,0.18,0.056354,0.050881,0,0,0,,0.88,2024-25
2026-07-13,2026-07-20,20193,Thomas County,Kansas,KS,quiet,0.000163,948,20,501+,0.26,0.000663,1323,32,501+,0.23,0.056277,0.064774,0,0,0,,0.8324,2024-25
2026-07-13,2026-07-20,35031,McKinley County,New Mexico,NM,quiet,0.000163,949,17,501+,0.26,0.00052,1532,23,501+,0.18,0.056185,0.0506,0,0,0,,0.9057,2024-25
2026-07-13,2026-07-20,48497,Wise County,Texas,TX,quiet,0.000163,950,81,501+,0.26,0.00085,1125,94,501+,0.3,0.056179,0.083047,0,0,0,,0.906791,2024-25
2026-07-13,2026-07-20,06033,Lake County,California,CA,quiet,0.000163,951,49,501+,0.26,0.001044,981,47,501+,0.36,0.056147,0.101482,0,0,0,,0.97759,2024-25
2026-07-13,2026-07-20,13101,Echols County,Georgia,GA,quiet,0.000162,952,24,501+,0.26,0.001054,973,18,501+,0.37,0.055836,0.102437,0,0,0,,,
2026-07-13,2026-07-20,46079,Lake County,South Dakota,SD,quiet,0.000162,953,22,501+,0.26,0.000852,1121,19,501+,0.3,0.055797,0.083211,0,0,0,,0.83,2024-25
2026-07-13,2026-07-20,51600,Fairfax City,Virginia,VA,quiet,0.000161,954,21,501+,0.25,0.001163,902,22,501+,0.4,0.055665,0.112682,0,0,0,,0.91,2024-25
2026-07-13,2026-07-20,38059,Morton County,North Dakota,ND,quiet,0.000161,955,17,501+,0.25,0.000836,1131,22,501+,0.29,0.055537,0.081698,0,0,0,,0.8794,2024-25
2026-07-13,2026-07-20,51550,Chesapeake City,Virginia,VA,quiet,0.000161,956,22,501+,0.25,0.00091,1067,28,501+,0.32,0.055516,0.088762,0,0,0,,0.893,2024-25
2026-07-13,2026-07-20,08091,Ouray County,Colorado,CO,quiet,0.000161,957,37,501+,0.25,0.000614,1383,42,501+,0.21,0.055484,0.059964,0,0,0,,0.8846,2024-25
2026-07-13,2026-07-20,39129,Pickaway County,Ohio,OH,quiet,0.00016,958,33,501+,0.25,0.001379,812,28,501+,0.48,0.055313,0.132362,0,0,0,,0.937,2024-25
2026-07-13,2026-07-20,48197,Hardeman County,Texas,TX,quiet,0.00016,959,82,501+,0.25,0.001186,892,69,501+,0.41,0.05519,0.114752,0,0,1,63,0.972222,2024-25
2026-07-13,2026-07-20,42099,Perry County,Pennsylvania,PA,quiet,0.00016,960,37,501+,0.25,0.001836,672,36,501+,0.64,0.05515,0.171952,0,0,0,,0.919,2024-25
2026-07-13,2026-07-20,30043,Jefferson County,Montana,MT,quiet,0.000159,961,14,501+,0.25,0.001581,733,12,501+,0.55,0.055055,0.150228,0,0,0,,,
2026-07-13,2026-07-20,20149,Pottawatomie County,Kansas,KS,quiet,0.000159,962,21,501+,0.25,0.001194,889,13,501+,0.42,0.055033,0.11554,0,0,0,,0.8904,2024-25
2026-07-13,2026-07-20,16063,Lincoln County,Idaho,ID,quiet,0.000159,963,35,501+,0.25,0.00058,1422,41,501+,0.2,0.054894,0.056573,0,0,0,,0.88,2024-25
2026-07-13,2026-07-20,51061,Fauquier County,Virginia,VA,quiet,0.000159,964,23,501+,0.25,0.000833,1132,30,501+,0.29,0.054771,0.081402,0,0,0,,0.922,2024-25
2026-07-13,2026-07-20,36115,Washington County,New York,NY,quiet,0.000158,965,39,501+,0.25,0.000815,1150,38,501+,0.28,0.054739,0.079672,0,0,0,,0.998498723,2024-25
2026-07-13,2026-07-20,51113,Madison County,Virginia,VA,quiet,0.000158,966,24,501+,0.25,0.000499,1563,40,501+,0.17,0.054641,0.048525,0,0,0,,0.888,2024-25
2026-07-13,2026-07-20,13049,Charlton County,Georgia,GA,quiet,0.000158,967,25,501+,0.25,0.000698,1286,35,501+,0.24,0.054553,0.068186,0,0,0,,,
2026-07-13,2026-07-20,31053,Dodge County,Nebraska,NE,quiet,0.000158,968,13,501+,0.25,0.00087,1105,12,501+,0.3,0.054516,0.084984,0,0,0,,0.943277311,2024-25
2026-07-13,2026-07-20,29021,Buchanan County,Missouri,MO,quiet,0.000157,969,17,501+,0.25,0.00094,1053,21,501+,0.33,0.054447,0.091698,0,0,0,,0.965,2024-25
2026-07-13,2026-07-20,40047,Garfield County,Oklahoma,OK,quiet,0.000157,970,14,501+,0.25,0.000928,1062,16,501+,0.32,0.054441,0.090527,0,0,0,,0.9351,2024-25
2026-07-13,2026-07-20,55007,Bayfield County,Wisconsin,WI,quiet,0.000157,971,22,501+,0.25,0.001335,833,24,501+,0.46,0.054235,0.128417,0,0,0,,0.49,2024-25
2026-07-13,2026-07-20,23011,Kennebec County,Maine,ME,quiet,0.000156,972,7,501+,0.25,0.000696,1287,9,501+,0.24,0.054003,0.068062,0,0,0,,0.9881,2024-25
2026-07-13,2026-07-20,26111,Midland County,Michigan,MI,quiet,0.000156,973,27,501+,0.25,0.001012,1001,30,501+,0.35,0.053923,0.098468,0,0,0,,0.88180884,2024-25
2026-07-13,2026-07-20,21093,Hardin County,Kentucky,KY,quiet,0.000155,974,13,501+,0.24,0.001485,771,10,501+,0.52,0.053691,0.141786,0,0,0,,0.805,2024-25
2026-07-13,2026-07-20,51685,Manassas Park City,Virginia,VA,quiet,0.000155,975,25,501+,0.24,0.000652,1338,36,501+,0.23,0.053637,0.063742,0,0,0,,0.958,2024-25
2026-07-13,2026-07-20,17199,Williamson County,Illinois,IL,quiet,0.000155,976,18,501+,0.24,0.001591,729,15,501+,0.55,0.05354,0.151096,0,0,4,62,0.973,2024-25
2026-07-13,2026-07-20,42067,Juniata County,Pennsylvania,PA,quiet,0.000154,977,38,501+,0.24,0.003194,490,30,151–500,1.11,0.053473,0.27409,0,0,0,,0.934,2024-25
2026-07-13,2026-07-20,48035,Bosque County,Texas,TX,quiet,0.000154,978,83,501+,0.24,0.001156,908,73,501+,0.4,0.053348,0.111955,0,0,0,,0.92973,2024-25
2026-07-13,2026-07-20,42019,Butler County,Pennsylvania,PA,quiet,0.000154,979,39,501+,0.24,0.001235,870,43,501+,0.43,0.053324,0.119279,0,0,0,,0.943,2024-25
2026-07-13,2026-07-20,30071,Phillips County,Montana,MT,quiet,0.000154,980,15,501+,0.24,0.000872,1103,22,501+,0.3,0.053229,0.085163,0,0,0,,,
2026-07-13,2026-07-20,40025,Cimarron County,Oklahoma,OK,quiet,0.000153,981,15,501+,0.24,0.000782,1191,22,501+,0.27,0.053156,0.076414,0,0,0,,0.5,2024-25
2026-07-13,2026-07-20,35041,Roosevelt County,New Mexico,NM,quiet,0.000153,982,18,501+,0.24,0.000574,1432,21,501+,0.2,0.053129,0.055983,0,0,0,,0.964,2024-25
2026-07-13,2026-07-20,38003,Barnes County,North Dakota,ND,quiet,0.000152,983,18,501+,0.24,0.001847,669,12,501+,0.64,0.052696,0.172856,0,0,0,,0.9205,2024-25
2026-07-13,2026-07-20,06051,Mono County,California,CA,quiet,0.000151,984,50,501+,0.24,0.000608,1391,50,501+,0.21,0.052322,0.059396,0,0,0,,0.99,2024-25
2026-07-13,2026-07-20,55141,Wood County,Wisconsin,WI,quiet,0.000151,985,23,501+,0.24,0.001392,805,22,501+,0.48,0.052304,0.133477,0,0,0,,0.49,2024-25
2026-07-13,2026-07-20,47167,Tipton County,Tennessee,TN,quiet,0.000151,986,20,501+,0.24,0.000782,1192,27,501+,0.27,0.052282,0.07639,0,0,0,,0.953,2024-25
2026-07-13,2026-07-20,21059,Daviess County,Kentucky,KY,quiet,0.000151,987,14,501+,0.24,0.001149,916,17,501+,0.4,0.052275,0.111333,0,0,0,,0.902,2024-25
2026-07-13,2026-07-20,27063,Jackson County,Minnesota,MN,quiet,0.00015,988,31,501+,0.24,0.000482,1599,57,501+,0.17,0.05218,0.046847,0,0,0,,0.888,2024-25
2026-07-13,2026-07-20,26009,Antrim County,Michigan,MI,quiet,0.00015,989,28,501+,0.24,0.001102,946,26,501+,0.38,0.052175,0.106924,0,0,0,,0.87745098,2024-25
2026-07-13,2026-07-20,20055,Finney County,Kansas,KS,quiet,0.00015,990,22,501+,0.24,0.000599,1400,37,501+,0.21,0.052148,0.058421,0,0,0,,0.9851,2024-25
2026-07-13,2026-07-20,48009,Archer County,Texas,TX,quiet,0.00015,991,84,501+,0.24,0.000649,1344,118,501+,0.23,0.052065,0.06343,0,0,0,,0.94964,2024-25
2026-07-13,2026-07-20,35053,Socorro County,New Mexico,NM,quiet,0.00015,992,19,501+,0.24,0.000381,1850,26,501+,0.13,0.052063,0.036768,0,0,0,,0.8778,2024-25
2026-07-13,2026-07-20,20019,Chautauqua County,Kansas,KS,quiet,0.00015,993,23,501+,0.24,0.000591,1410,38,501+,0.21,0.051916,0.057715,0,0,0,,0.6935,2024-25
2026-07-13,2026-07-20,56027,Niobrara County,Wyoming,WY,quiet,0.000149,994,19,501+,0.23,0.001956,652,14,501+,0.68,0.051677,0.181914,0,0,1,53,0.57,2022-23
2026-07-13,2026-07-20,20061,Geary County,Kansas,KS,quiet,0.000149,995,24,501+,0.23,0.000948,1048,19,501+,0.33,0.051676,0.092392,0,0,0,,0.6656,2024-25
2026-07-13,2026-07-20,45075,Orangeburg County,South Carolina,SC,quiet,0.000149,996,25,501+,0.23,0.000712,1274,31,501+,0.25,0.05164,0.069569,0,0,0,,0.956,2024-25
2026-07-13,2026-07-20,26041,Delta County,Michigan,MI,quiet,0.000149,997,29,501+,0.23,0.001215,880,24,501+,0.42,0.051634,0.117453,0,0,0,,0.90332326,2024-25
2026-07-13,2026-07-20,48031,Blanco County,Texas,TX,quiet,0.000148,998,85,501+,0.23,0.001158,906,72,501+,0.4,0.051518,0.11218,0,0,0,,0.860465,2024-25
2026-07-13,2026-07-20,37107,Lenoir County,North Carolina,NC,quiet,0.000148,999,41,501+,0.23,0.000906,1075,47,501+,0.32,0.051397,0.088431,0,0,0,,0.9521045,2024-25
2026-07-13,2026-07-20,46115,Spink County,South Dakota,SD,quiet,0.000148,1000,23,501+,0.23,0.000829,1135,20,501+,0.29,0.051393,0.08101,0,0,0,,0.85,2024-25
2026-07-13,2026-07-20,01009,Blount County,Alabama,AL,quiet,0.000147,1001,9,501+,0.23,0.000852,1120,13,501+,0.3,0.051276,0.083227,0,0,0,,0.9717,2024-25
2026-07-13,2026-07-20,36011,Cayuga County,New York,NY,quiet,0.000147,1002,40,501+,0.23,0.000598,1402,43,501+,0.21,0.051227,0.0584,0,0,0,,0.994836971,2024-25
2026-07-13,2026-07-20,39025,Clermont County,Ohio,OH,quiet,0.000147,1003,34,501+,0.23,0.001279,855,32,501+,0.44,0.051153,0.123314,0,0,0,,0.943,2024-25
2026-07-13,2026-07-20,44009,Washington County,Rhode Island,RI,quiet,0.000147,1004,3,501+,0.23,0.000745,1230,4,501+,0.26,0.051135,0.07285,0,0,0,,0.939,2024-25
2026-07-13,2026-07-20,30085,Roosevelt County,Montana,MT,quiet,0.000147,1005,16,501+,0.23,0.000664,1321,24,501+,0.23,0.05111,0.064839,0,0,0,,,
2026-07-13,2026-07-20,05051,Garland County,Arkansas,AR,quiet,0.000147,1006,6,501+,0.23,0.001596,728,6,501+,0.55,0.050987,0.151504,0,0,0,,,
2026-07-13,2026-07-20,20119,Meade County,Kansas,KS,quiet,0.000147,1007,25,501+,0.23,0.000681,1303,31,501+,0.24,0.05096,0.066526,0,0,0,,0.8128,2024-25
2026-07-13,2026-07-20,40037,Creek County,Oklahoma,OK,quiet,0.000146,1008,16,501+,0.23,0.000884,1092,17,501+,0.31,0.050935,0.086294,0,0,0,,0.878,2024-25
2026-07-13,2026-07-20,48221,Hood County,Texas,TX,quiet,0.000146,1009,86,501+,0.23,0.001897,662,44,501+,0.66,0.050933,0.177069,0,0,0,,0.914063,2024-25
2026-07-13,2026-07-20,29143,New Madrid County,Missouri,MO,quiet,0.000146,1010,18,501+,0.23,0.002075,628,10,501+,0.72,0.050852,0.1916,0,0,1,62,0.963,2024-25
2026-07-13,2026-07-20,46037,Day County,South Dakota,SD,quiet,0.000146,1011,24,501+,0.23,0.000467,1641,34,501+,0.16,0.05081,0.045308,0,0,0,,0.99,2024-25
2026-07-13,2026-07-20,24019,Dorchester County,Maryland,MD,quiet,0.000146,1012,21,501+,0.23,0.00064,1357,20,501+,0.22,0.050777,0.062498,0,0,0,,0.9717,2024-25
2026-07-13,2026-07-20,18059,Hancock County,Indiana,IN,quiet,0.000146,1013,17,501+,0.23,0.001085,958,20,501+,0.38,0.050691,0.105343,0,0,0,,0.9358,2024-25
2026-07-13,2026-07-20,48087,Collingsworth County,Texas,TX,quiet,0.000146,1014,87,501+,0.23,0.000481,1603,149,501+,0.17,0.050665,0.046764,0,0,0,,0.878049,2024-25
2026-07-13,2026-07-20,16059,Lemhi County,Idaho,ID,quiet,0.000145,1015,36,501+,0.23,0.002547,553,20,501+,0.89,0.050488,0.22816,0,0,0,,0.76,2024-25
2026-07-13,2026-07-20,16033,Clark County,Idaho,ID,quiet,0.000145,1016,37,501+,0.23,0.000413,1770,44,501+,0.14,0.050439,0.039898,0,0,0,,0.5,2024-25
2026-07-13,2026-07-20,51019,Bedford County,Virginia,VA,quiet,0.000145,1017,26,501+,0.23,0.001227,875,19,501+,0.43,0.050389,0.118514,0,0,0,,0.897,2024-25
2026-07-13,2026-07-20,41001,Baker County,Oregon,OR,quiet,0.000145,1018,17,501+,0.23,0.00152,757,16,501+,0.53,0.050387,0.144894,0,0,0,,0.819,2024-25
2026-07-13,2026-07-20,40077,Latimer County,Oklahoma,OK,quiet,0.000144,1019,17,501+,0.23,0.000416,1762,45,501+,0.14,0.050255,0.040281,0,0,0,,0.9487,2024-25
2026-07-13,2026-07-20,48349,Navarro County,Texas,TX,quiet,0.000144,1020,88,501+,0.23,0.000437,1702,156,501+,0.15,0.050192,0.04238,0,0,0,,0.962585,2024-25
2026-07-13,2026-07-20,18105,Monroe County,Indiana,IN,quiet,0.000144,1021,18,501+,0.23,0.000663,1322,29,501+,0.23,0.05014,0.064788,0,0,0,,0.9212,2024-25
2026-07-13,2026-07-20,27147,Steele County,Minnesota,MN,quiet,0.000144,1022,32,501+,0.23,0.000974,1024,32,501+,0.34,0.050063,0.094914,0,0,0,,0.883,2024-25
2026-07-13,2026-07-20,46057,Hamlin County,South Dakota,SD,quiet,0.000143,1023,25,501+,0.23,0.000473,1620,33,501+,0.16,0.049919,0.045969,0,0,0,,0.85,2024-25
2026-07-13,2026-07-20,30089,Sanders County,Montana,MT,quiet,0.000141,1024,17,501+,0.22,0.001519,759,13,501+,0.53,0.049306,0.14482,0,0,0,,,
2026-07-13,2026-07-20,31131,Otoe County,Nebraska,NE,quiet,0.000141,1025,14,501+,0.22,0.000668,1314,18,501+,0.23,0.049191,0.065294,0,0,0,,0.944,2024-25
2026-07-13,2026-07-20,54033,Harrison County,West Virginia,WV,quiet,0.000141,1026,5,501+,0.22,0.00138,811,3,501+,0.48,0.049165,0.132462,0,0,0,,,
2026-07-13,2026-07-20,08047,Gilpin County,Colorado,CO,quiet,0.000141,1027,38,501+,0.22,0.001126,928,30,501+,0.39,0.049141,0.109162,0,0,0,,0.96,2024-25
2026-07-13,2026-07-20,20093,Kearny County,Kansas,KS,quiet,0.000141,1028,26,501+,0.22,0.000454,1663,56,501+,0.16,0.049131,0.044069,0,0,0,,0.9333,2024-25
2026-07-13,2026-07-20,37027,Caldwell County,North Carolina,NC,quiet,0.000141,1029,42,501+,0.22,0.001142,920,39,501+,0.4,0.049102,0.110665,0,0,0,,0.96386946,2024-25
2026-07-13,2026-07-20,48493,Wilson County,Texas,TX,quiet,0.000141,1030,89,501+,0.22,0.000803,1167,100,501+,0.28,0.049072,0.078487,0,0,0,,0.934921,2024-25
2026-07-13,2026-07-20,17001,Adams County,Illinois,IL,quiet,0.00014,1031,19,501+,0.22,0.001373,813,17,501+,0.48,0.049022,0.131794,0,0,0,,0.985,2024-25
2026-07-13,2026-07-20,48359,Oldham County,Texas,TX,quiet,0.00014,1032,90,501+,0.22,0.000808,1158,98,501+,0.28,0.04901,0.078994,0,0,0,,0.842105,2024-25
2026-07-13,2026-07-20,22005,Ascension Parish,Louisiana,LA,quiet,0.00014,1033,9,501+,0.22,0.000748,1227,10,501+,0.26,0.048912,0.073078,0,0,0,,0.9552,2024-25
2026-07-13,2026-07-20,27169,Winona County,Minnesota,MN,quiet,0.00014,1034,33,501+,0.22,0.001755,687,18,501+,0.61,0.048874,0.165154,0,0,0,,0.903,2024-25
2026-07-13,2026-07-20,32017,Lincoln County,Nevada,NV,quiet,0.00014,1035,10,501+,0.22,0.001338,831,9,501+,0.47,0.04877,0.128613,0,0,0,,0.696,2024-25
2026-07-13,2026-07-20,18173,Warrick County,Indiana,IN,quiet,0.000139,1036,19,501+,0.22,0.001312,840,16,501+,0.46,0.04857,0.126338,0,0,0,,0.9477,2024-25
2026-07-13,2026-07-20,55131,Washington County,Wisconsin,WI,quiet,0.000139,1037,24,501+,0.22,0.001046,979,30,501+,0.36,0.048545,0.101702,0,0,0,,0.85,2024-25
2026-07-13,2026-07-20,45055,Kershaw County,South Carolina,SC,quiet,0.000139,1038,26,501+,0.22,0.000851,1122,29,501+,0.3,0.048515,0.083139,0,0,0,,0.951,2024-25
2026-07-13,2026-07-20,30099,Teton County,Montana,MT,quiet,0.000139,1039,18,501+,0.22,0.000983,1017,18,501+,0.34,0.048446,0.095763,0,0,0,,,
2026-07-13,2026-07-20,39147,Seneca County,Ohio,OH,quiet,0.000139,1040,35,501+,0.22,0.000887,1089,41,501+,0.31,0.048441,0.086561,0,0,0,,0.857,2024-25
2026-07-13,2026-07-20,19057,Des Moines County,Iowa,IA,quiet,0.000139,1041,9,501+,0.22,0.000714,1270,19,501+,0.25,0.048409,0.069756,0,0,0,,0.87437186,2024-25
2026-07-13,2026-07-20,13217,Newton County,Georgia,GA,quiet,0.000138,1042,26,501+,0.22,0.000733,1244,31,501+,0.25,0.048378,0.071626,0,0,0,,,
2026-07-13,2026-07-20,28113,Pike County,Mississippi,MS,quiet,0.000138,1043,4,501+,0.22,0.000554,1464,9,501+,0.19,0.048299,0.053961,0,0,0,,0.9808,2024-25
2026-07-13,2026-07-20,09160,Northwest Hills Planning Region,Connecticut,CT,quiet,0.000138,1044,8,501+,0.22,0.001886,664,6,501+,0.66,0.048293,0.176123,0,0,0,,0.955,2024-25
2026-07-13,2026-07-20,20137,Norton County,Kansas,KS,quiet,0.000138,1045,27,501+,0.22,0.000714,1269,30,501+,0.25,0.048199,0.069791,0,0,0,,0.8419,2024-25
2026-07-13,2026-07-20,40153,Woodward County,Oklahoma,OK,quiet,0.000138,1046,18,501+,0.22,0.00074,1236,23,501+,0.26,0.048151,0.072304,0,0,0,,0.7798,2024-25
2026-07-13,2026-07-20,21049,Clark County,Kentucky,KY,quiet,0.000137,1047,15,501+,0.22,0.001366,819,14,501+,0.47,0.048062,0.131154,0,0,0,,0.982,2024-25
2026-07-13,2026-07-20,48213,Henderson County,Texas,TX,quiet,0.000137,1048,91,501+,0.22,0.000938,1055,89,501+,0.33,0.048033,0.091445,0,0,0,,0.927676,2024-25
2026-07-13,2026-07-20,48159,Franklin County,Texas,TX,quiet,0.000137,1049,92,501+,0.22,0.001095,951,77,501+,0.38,0.047973,0.106268,0,0,0,,0.940678,2024-25
2026-07-13,2026-07-20,21151,Madison County,Kentucky,KY,quiet,0.000137,1050,16,501+,0.22,0.000886,1090,18,501+,0.31,0.047856,0.086488,0,0,0,,0.921,2024-25
2026-07-13,2026-07-20,39007,Ashtabula County,Ohio,OH,quiet,0.000137,1051,36,501+,0.22,0.00164,721,22,501+,0.57,0.047834,0.155299,0,0,16,66,0.935,2024-25
2026-07-13,2026-07-20,49017,Garfield County,Utah,UT,quiet,0.000137,1052,22,501+,0.22,0.000553,1467,22,501+,0.19,0.047768,0.053871,0,0,0,,,
2026-07-13,2026-07-20,51790,Staunton City,Virginia,VA,quiet,0.000136,1053,27,501+,0.22,0.000775,1198,33,501+,0.27,0.047693,0.075707,0,0,0,,0.967,2024-25
2026-07-13,2026-07-20,51069,Frederick County,Virginia,VA,quiet,0.000136,1054,28,501+,0.21,0.000946,1049,27,501+,0.33,0.04749,0.092257,0,0,0,,0.911,2024-25
2026-07-13,2026-07-20,40081,Lincoln County,Oklahoma,OK,quiet,0.000136,1055,19,501+,0.21,0.000875,1100,18,501+,0.3,0.047473,0.085406,0,0,0,,0.8301,2024-25
2026-07-13,2026-07-20,40113,Osage County,Oklahoma,OK,quiet,0.000136,1056,20,501+,0.21,0.000799,1173,21,501+,0.28,0.047452,0.07808,0,0,0,,0.8452,2024-25
2026-07-13,2026-07-20,40119,Payne County,Oklahoma,OK,quiet,0.000136,1057,21,501+,0.21,0.001338,830,10,501+,0.47,0.047444,0.128635,0,0,0,,0.8409,2024-25
2026-07-13,2026-07-20,09130,Lower Connecticut River Valley Planning Region,Connecticut,CT,quiet,0.000135,1058,9,501+,0.21,0.001173,898,8,501+,0.41,0.047387,0.113578,0,0,0,,0.982,2024-25
2026-07-13,2026-07-20,17095,Knox County,Illinois,IL,quiet,0.000135,1059,20,501+,0.21,0.000819,1145,26,501+,0.28,0.047356,0.080016,0,0,0,,0.945,2024-25
2026-07-13,2026-07-20,39063,Hancock County,Ohio,OH,quiet,0.000135,1060,37,501+,0.21,0.000723,1257,45,501+,0.25,0.04732,0.070638,0,0,0,,0.864,2024-25
2026-07-13,2026-07-20,20165,Rush County,Kansas,KS,quiet,0.000135,1061,28,501+,0.21,0.000716,1267,29,501+,0.25,0.047229,0.069975,0,0,0,,0.9556,2024-25
2026-07-13,2026-07-20,37055,Dare County,North Carolina,NC,quiet,0.000135,1062,43,501+,0.21,0.001981,647,25,501+,0.69,0.04716,0.183943,0,0,0,,0.95348837,2024-25
2026-07-13,2026-07-20,55041,Forest County,Wisconsin,WI,quiet,0.000135,1063,25,501+,0.21,0.001017,998,31,501+,0.35,0.047137,0.098994,0,0,0,,0.9,2024-25
2026-07-13,2026-07-20,55089,Ozaukee County,Wisconsin,WI,quiet,0.000134,1064,26,501+,0.21,0.001682,706,17,501+,0.58,0.046978,0.158939,0,0,0,,0.89,2024-25
2026-07-13,2026-07-20,27057,Hubbard County,Minnesota,MN,quiet,0.000134,1065,34,501+,0.21,0.000759,1218,39,501+,0.26,0.046958,0.074201,0,0,0,,0.83,2024-25
2026-07-13,2026-07-20,47163,Sullivan County,Tennessee,TN,quiet,0.000134,1066,21,501+,0.21,0.001271,860,15,501+,0.44,0.046956,0.12259,0,0,0,,0.949,2024-25
2026-07-13,2026-07-20,35027,Lincoln County,New Mexico,NM,quiet,0.000134,1067,20,501+,0.21,0.000923,1063,18,501+,0.32,0.046886,0.090085,0,0,0,,0.9307,2024-25
2026-07-13,2026-07-20,39169,Wayne County,Ohio,OH,quiet,0.000134,1068,38,501+,0.21,0.000981,1019,40,501+,0.34,0.046842,0.095567,0,0,0,,0.87,2024-25
2026-07-13,2026-07-20,05133,Sevier County,Arkansas,AR,quiet,0.000133,1069,7,501+,0.21,0.000729,1249,10,501+,0.25,0.046738,0.071228,0,0,0,,,
2026-07-13,2026-07-20,41013,Crook County,Oregon,OR,quiet,0.000133,1070,18,501+,0.21,0.000808,1159,20,501+,0.28,0.046554,0.078927,0,0,0,,0.872,2024-25
2026-07-13,2026-07-20,05069,Jefferson County,Arkansas,AR,quiet,0.000133,1071,8,501+,0.21,0.000896,1082,8,501+,0.31,0.046553,0.087445,0,0,0,,,
2026-07-13,2026-07-20,27151,Swift County,Minnesota,MN,quiet,0.000133,1072,35,501+,0.21,0.000505,1552,53,501+,0.18,0.046545,0.049121,0,0,0,,0.88,2024-25
2026-07-13,2026-07-20,42109,Snyder County,Pennsylvania,PA,quiet,0.000133,1073,40,501+,0.21,0.001088,955,45,501+,0.38,0.046544,0.105655,0,0,0,,0.881,2024-25
2026-07-13,2026-07-20,41007,Clatsop County,Oregon,OR,quiet,0.000133,1074,19,501+,0.21,0.001683,704,15,501+,0.59,0.046522,0.159025,0,0,0,,0.905,2024-25
2026-07-13,2026-07-20,27105,Nobles County,Minnesota,MN,quiet,0.000132,1075,36,501+,0.21,0.000881,1096,35,501+,0.31,0.046429,0.086041,0,0,0,,0.858,2024-25
2026-07-13,2026-07-20,48409,San Patricio County,Texas,TX,quiet,0.000132,1076,93,501+,0.21,0.000545,1482,134,501+,0.19,0.046301,0.053061,0,0,0,,0.971429,2024-25
2026-07-13,2026-07-20,40099,Murray County,Oklahoma,OK,quiet,0.000132,1077,22,501+,0.21,0.000512,1542,34,501+,0.18,0.046206,0.049792,0,0,0,,0.7943,2024-25
2026-07-13,2026-07-20,48093,Comanche County,Texas,TX,quiet,0.000132,1078,94,501+,0.21,0.000542,1486,135,501+,0.19,0.046165,0.052811,0,0,0,,0.969512,2024-25
2026-07-13,2026-07-20,20169,Saline County,Kansas,KS,quiet,0.000131,1079,29,501+,0.21,0.001025,992,17,501+,0.36,0.046106,0.099749,0,0,0,,0.942,2024-25
2026-07-13,2026-07-20,28089,Madison County,Mississippi,MS,quiet,0.000131,1080,5,501+,0.21,0.000801,1170,7,501+,0.28,0.046015,0.078319,0,0,0,,0.9683,2024-25
2026-07-13,2026-07-20,08075,Logan County,Colorado,CO,quiet,0.000131,1081,39,501+,0.21,0.000822,1144,36,501+,0.29,0.045936,0.080285,0,0,0,,0.9375,2024-25
2026-07-13,2026-07-20,38081,Sargent County,North Dakota,ND,quiet,0.000131,1082,19,501+,0.21,0.001113,938,17,501+,0.39,0.045898,0.108037,0,0,0,,0.8478,2024-25
2026-07-13,2026-07-20,21047,Christian County,Kentucky,KY,quiet,0.000131,1083,17,501+,0.21,0.000429,1728,28,501+,0.15,0.045815,0.041495,0,0,0,,0.925,2024-25
2026-07-13,2026-07-20,12003,Baker County,Florida,FL,quiet,0.00013,1084,35,501+,0.21,0.00086,1113,38,501+,0.3,0.045735,0.08402,0,0,0,,0.954,2024-25
2026-07-13,2026-07-20,41035,Klamath County,Oregon,OR,quiet,0.00013,1085,20,501+,0.21,0.001139,922,17,501+,0.4,0.045631,0.110404,0,0,0,,0.873,2024-25
2026-07-13,2026-07-20,42083,McKean County,Pennsylvania,PA,quiet,0.00013,1086,41,501+,0.21,0.001652,719,37,501+,0.57,0.045601,0.156355,0,0,0,,0.938,2024-25
2026-07-13,2026-07-20,48415,Scurry County,Texas,TX,quiet,0.000129,1087,95,501+,0.2,0.001317,837,60,501+,0.46,0.045482,0.126753,0,0,1,60,0.972527,2024-25
2026-07-13,2026-07-20,51800,Suffolk City,Virginia,VA,quiet,0.000129,1088,29,501+,0.2,0.001296,845,16,501+,0.45,0.045465,0.124801,0,0,0,,0.936,2024-25
2026-07-13,2026-07-20,32011,Eureka County,Nevada,NV,quiet,0.000129,1089,11,501+,0.2,0.000583,1419,14,501+,0.2,0.045341,0.056885,0,0,0,,0.75,2024-25
2026-07-13,2026-07-20,48049,Brown County,Texas,TX,quiet,0.000129,1090,96,501+,0.2,0.000749,1225,110,501+,0.26,0.045303,0.073259,0,0,1,67,0.96,2024-25
2026-07-13,2026-07-20,49029,Morgan County,Utah,UT,quiet,0.000129,1091,23,501+,0.2,0.000482,1601,23,501+,0.17,0.045269,0.046821,0,0,0,,0.867816,2024-25
2026-07-13,2026-07-20,48441,Taylor County,Texas,TX,quiet,0.000129,1092,97,501+,0.2,0.000848,1126,95,501+,0.29,0.045243,0.082853,0,0,0,,0.96213,2024-25
2026-07-13,2026-07-20,37069,Franklin County,North Carolina,NC,quiet,0.000129,1093,44,501+,0.2,0.001559,741,30,501+,0.54,0.045236,0.148265,0,0,0,,0.94047619,2024-25
2026-07-13,2026-07-20,19167,Sioux County,Iowa,IA,quiet,0.000128,1094,10,501+,0.2,0.001309,842,10,501+,0.46,0.045137,0.125982,0,0,0,,0.82097649,2024-25
2026-07-13,2026-07-20,05113,Polk County,Arkansas,AR,quiet,0.000128,1095,9,501+,0.2,0.000869,1106,9,501+,0.3,0.045098,0.084898,0,0,0,,,
2026-07-13,2026-07-20,37167,Stanly County,North Carolina,NC,quiet,0.000128,1096,45,501+,0.2,0.001031,989,43,501+,0.36,0.045097,0.100289,0,0,0,,0.93632417,2024-25
2026-07-13,2026-07-20,55073,Marathon County,Wisconsin,WI,quiet,0.000128,1097,27,501+,0.2,0.001669,711,18,501+,0.58,0.045018,0.15784,0,0,0,,0.87,2024-25
2026-07-13,2026-07-20,23029,Washington County,Maine,ME,quiet,0.000128,1098,8,501+,0.2,0.001105,943,6,501+,0.38,0.045013,0.1072,0,0,0,,0.9738,2024-25
2026-07-13,2026-07-20,46117,Stanley County,South Dakota,SD,quiet,0.000128,1099,26,501+,0.2,0.000907,1070,18,501+,0.32,0.044883,0.088538,0,0,0,,0.83,2024-25
2026-07-13,2026-07-20,38073,Ransom County,North Dakota,ND,quiet,0.000128,1100,20,501+,0.2,0.001101,947,18,501+,0.38,0.044864,0.106839,0,0,6,15,0.95,2024-25
2026-07-13,2026-07-20,16071,Oneida County,Idaho,ID,quiet,0.000127,1101,38,501+,0.2,0.000855,1117,39,501+,0.3,0.044706,0.083461,0,0,0,,0.85,2024-25
2026-07-13,2026-07-20,50015,Lamoille County,Vermont,VT,quiet,0.000127,1102,4,501+,0.2,0.0009,1079,5,501+,0.31,0.044696,0.087851,0,0,1,70,0.91,2024-25
2026-07-13,2026-07-20,13045,Carroll County,Georgia,GA,quiet,0.000127,1103,27,501+,0.2,0.000599,1399,41,501+,0.21,0.044669,0.058433,0,0,0,,,
2026-07-13,2026-07-20,41057,Tillamook County,Oregon,OR,quiet,0.000126,1104,21,501+,0.2,0.000731,1247,22,501+,0.25,0.044439,0.071428,0,0,0,,0.865,2024-25
2026-07-13,2026-07-20,36023,Cortland County,New York,NY,quiet,0.000126,1105,41,501+,0.2,0.000724,1255,41,501+,0.25,0.044432,0.070783,0,0,0,,0.99913159,2024-25
2026-07-13,2026-07-20,01083,Limestone County,Alabama,AL,quiet,0.000126,1106,10,501+,0.2,0.000872,1104,12,501+,0.3,0.044432,0.085156,0,0,0,,0.9474,2024-25
2026-07-13,2026-07-20,12017,Citrus County,Florida,FL,quiet,0.000126,1107,36,501+,0.2,0.000528,1518,47,501+,0.18,0.044412,0.051391,0,0,0,,0.908,2024-25
2026-07-13,2026-07-20,20007,Barber County,Kansas,KS,quiet,0.000126,1108,30,501+,0.2,0.000642,1353,34,501+,0.22,0.044323,0.062746,0,0,0,,0.7668,2024-25
2026-07-13,2026-07-20,48199,Hardin County,Texas,TX,quiet,0.000126,1109,98,501+,0.2,0.000888,1086,92,501+,0.31,0.044258,0.086663,0,0,0,,0.918546,2024-25
2026-07-13,2026-07-20,13179,Liberty County,Georgia,GA,quiet,0.000125,1110,28,501+,0.2,0.000952,1044,21,501+,0.33,0.044147,0.092797,0,0,0,,,
2026-07-13,2026-07-20,26027,Cass County,Michigan,MI,quiet,0.000125,1111,30,501+,0.2,0.001093,953,27,501+,0.38,0.04413,0.106145,0,0,0,,0.93643032,2024-25
2026-07-13,2026-07-20,16035,Clearwater County,Idaho,ID,quiet,0.000125,1112,39,501+,0.2,0.000485,1592,42,501+,0.17,0.044086,0.04714,0,0,0,,0.77,2024-25
2026-07-13,2026-07-20,22063,Livingston Parish,Louisiana,LA,quiet,0.000125,1113,10,501+,0.2,0.001033,986,6,501+,0.36,0.044084,0.100486,0,0,0,,0.8987,2024-25
2026-07-13,2026-07-20,36073,Orleans County,New York,NY,quiet,0.000125,1114,42,501+,0.2,0.000373,1876,52,501+,0.13,0.043993,0.035943,0,0,0,,0.998669683,2024-25
2026-07-13,2026-07-20,13013,Barrow County,Georgia,GA,quiet,0.000125,1115,29,501+,0.2,0.000741,1234,30,501+,0.26,0.043992,0.072478,0,0,0,,,
2026-07-13,2026-07-20,02130,Ketchikan Gateway Borough,Alaska,AK,quiet,0.000125,1116,8,501+,0.2,0.00058,1423,10,501+,0.2,0.043973,0.056558,0,0,0,,,
2026-07-13,2026-07-20,27135,Roseau County,Minnesota,MN,quiet,0.000124,1117,37,501+,0.2,0.000898,1080,34,501+,0.31,0.043743,0.087677,0,0,0,,0.823,2024-25
2026-07-13,2026-07-20,46007,Bennett County,South Dakota,SD,quiet,0.000124,1118,27,501+,0.2,0.000191,2509,56,501+,0.07,0.043686,0.017797,0,0,0,,0.78,2024-25
2026-07-13,2026-07-20,46085,Lyman County,South Dakota,SD,quiet,0.000124,1119,28,501+,0.2,0.000342,1971,45,501+,0.12,0.043663,0.032798,0,0,0,,0.98,2024-25
2026-07-13,2026-07-20,23009,Hancock County,Maine,ME,quiet,0.000124,1120,9,501+,0.2,0.000534,1506,11,501+,0.19,0.043653,0.052056,0,0,0,,0.9832,2024-25
2026-07-13,2026-07-20,45047,Greenwood County,South Carolina,SC,quiet,0.000124,1121,27,501+,0.2,0.00109,954,27,501+,0.38,0.043616,0.105858,0,0,0,,0.963,2024-25
2026-07-13,2026-07-20,48227,Howard County,Texas,TX,quiet,0.000124,1122,99,501+,0.2,0.000568,1436,131,501+,0.2,0.043607,0.055434,0,0,0,,0.953964,2024-25
2026-07-13,2026-07-20,51770,Roanoke City,Virginia,VA,quiet,0.000124,1123,30,501+,0.2,0.000688,1293,35,501+,0.24,0.043544,0.067211,0,0,0,,0.93,2024-25
2026-07-13,2026-07-20,48055,Caldwell County,Texas,TX,quiet,0.000123,1124,100,501+,0.19,0.0008,1171,101,501+,0.28,0.043422,0.078149,0,0,0,,0.972477,2024-25
2026-07-13,2026-07-20,47187,Williamson County,Tennessee,TN,quiet,0.000123,1125,22,501+,0.19,0.0022,608,10,501+,0.76,0.043405,0.20154,0,0,0,,0.912,2024-25
2026-07-13,2026-07-20,17141,Ogle County,Illinois,IL,quiet,0.000123,1126,21,501+,0.19,0.001288,849,18,501+,0.45,0.043373,0.12412,0,0,0,,0.952,2024-25
2026-07-13,2026-07-20,06015,Del Norte County,California,CA,quiet,0.000122,1127,51,501+,0.19,0.000479,1607,54,501+,0.17,0.04319,0.04653,0,0,0,,0.93075,2024-25
2026-07-13,2026-07-20,18027,Daviess County,Indiana,IN,quiet,0.000122,1128,20,501+,0.19,0.001125,929,18,501+,0.39,0.043122,0.109136,0,0,0,,0.9103,2024-25
2026-07-13,2026-07-20,50017,Orange County,Vermont,VT,quiet,0.000122,1129,5,501+,0.19,0.000406,1796,10,501+,0.14,0.043103,0.039206,0,0,0,,0.95,2024-25
2026-07-13,2026-07-20,26165,Wexford County,Michigan,MI,quiet,0.000122,1130,31,501+,0.19,0.000882,1095,34,501+,0.31,0.043081,0.086147,0,0,0,,0.856,2024-25
2026-07-13,2026-07-20,12087,Monroe County,Florida,FL,quiet,0.000122,1131,37,501+,0.19,0.000869,1107,37,501+,0.3,0.04306,0.084879,0,0,0,,0.92,2024-25
2026-07-13,2026-07-20,28059,Jackson County,Mississippi,MS,quiet,0.000122,1132,6,501+,0.19,0.000817,1147,6,501+,0.28,0.043013,0.079819,0,0,0,,0.9638,2024-25
2026-07-13,2026-07-20,08003,Alamosa County,Colorado,CO,quiet,0.000122,1133,40,501+,0.19,0.001445,778,27,501+,0.5,0.042943,0.138223,0,0,0,,0.8,2024-25
2026-07-13,2026-07-20,26127,Oceana County,Michigan,MI,quiet,0.000121,1134,32,501+,0.19,0.00076,1212,39,501+,0.26,0.042799,0.07431,0,0,0,,0.88541667,2024-25
2026-07-13,2026-07-20,13039,Camden County,Georgia,GA,quiet,0.000121,1135,30,501+,0.19,0.000795,1178,28,501+,0.28,0.042699,0.077658,0,0,0,,,
2026-07-13,2026-07-20,45073,Oconee County,South Carolina,SC,quiet,0.00012,1136,28,501+,0.19,0.001283,850,26,501+,0.45,0.042505,0.123654,0,0,0,,0.943,2024-25
2026-07-13,2026-07-20,38093,Stutsman County,North Dakota,ND,quiet,0.00012,1137,21,501+,0.19,0.001048,976,20,501+,0.36,0.042436,0.101886,0,0,0,,0.9163,2024-25
2026-07-13,2026-07-20,12035,Flagler County,Florida,FL,quiet,0.00012,1138,38,501+,0.19,0.000599,1398,45,501+,0.21,0.042436,0.058443,0,0,0,,0.887,2024-25
2026-07-13,2026-07-20,13295,Walker County,Georgia,GA,quiet,0.00012,1139,31,501+,0.19,0.000653,1337,39,501+,0.23,0.042417,0.063777,0,0,0,,,
2026-07-13,2026-07-20,40085,Love County,Oklahoma,OK,quiet,0.00012,1140,23,501+,0.19,0.000591,1413,27,501+,0.21,0.042382,0.057636,0,0,0,,0.6842,2024-25
2026-07-13,2026-07-20,27173,Yellow Medicine County,Minnesota,MN,quiet,0.00012,1141,38,501+,0.19,0.000438,1699,63,501+,0.15,0.042373,0.042445,0,0,0,,0.957,2024-25
2026-07-13,2026-07-20,45071,Newberry County,South Carolina,SC,quiet,0.00012,1142,29,501+,0.19,0.001399,799,24,501+,0.49,0.042308,0.134145,0,0,0,,0.975,2024-25
2026-07-13,2026-07-20,44001,Bristol County,Rhode Island,RI,quiet,0.000119,1143,4,501+,0.19,0.001439,783,3,501+,0.5,0.042202,0.137739,0,0,0,,0.968,2024-25
2026-07-13,2026-07-20,54039,Kanawha County,West Virginia,WV,quiet,0.000119,1144,6,501+,0.19,0.000907,1071,7,501+,0.32,0.042091,0.088533,0,0,0,,,
2026-07-13,2026-07-20,55078,Menominee County,Wisconsin,WI,quiet,0.000119,1145,28,501+,0.19,0.000314,2066,60,501+,0.11,0.042055,0.030007,0,0,0,,0.8,2024-25
2026-07-13,2026-07-20,17163,St. Clair County,Illinois,IL,quiet,0.000119,1146,22,501+,0.19,0.001038,982,22,501+,0.36,0.042045,0.100977,0,0,0,,0.98,2024-25
2026-07-13,2026-07-20,48323,Maverick County,Texas,TX,quiet,0.000119,1147,101,501+,0.19,0.000628,1369,120,501+,0.22,0.041918,0.061297,0,0,0,,0.939425,2024-25
2026-07-13,2026-07-20,20155,Reno County,Kansas,KS,quiet,0.000119,1148,31,501+,0.19,0.001396,803,10,501+,0.49,0.041918,0.133885,0,0,0,,0.916,2024-25
2026-07-13,2026-07-20,18145,Shelby County,Indiana,IN,quiet,0.000119,1149,21,501+,0.19,0.001009,1002,21,501+,0.35,0.041911,0.098231,0,0,0,,0.9725,2024-25
2026-07-13,2026-07-20,01015,Calhoun County,Alabama,AL,quiet,0.000118,1150,11,501+,0.19,0.001005,1004,10,501+,0.35,0.04189,0.097869,0,0,0,,0.9435,2024-25
2026-07-13,2026-07-20,48217,Hill County,Texas,TX,quiet,0.000118,1151,102,501+,0.19,0.000805,1164,99,501+,0.28,0.041683,0.078638,0,0,0,,0.892857,2024-25
2026-07-13,2026-07-20,20185,Stafford County,Kansas,KS,quiet,0.000118,1152,32,501+,0.19,0.000781,1193,25,501+,0.27,0.041665,0.076362,0,0,0,,0.8889,2024-25
2026-07-13,2026-07-20,20023,Cheyenne County,Kansas,KS,quiet,0.000117,1153,33,501+,0.18,0.000769,1202,26,501+,0.27,0.041417,0.075215,0,0,0,,0.8193,2024-25
2026-07-13,2026-07-20,27153,Todd County,Minnesota,MN,quiet,0.000117,1154,39,501+,0.18,0.000608,1392,44,501+,0.21,0.04141,0.059382,0,0,0,,0.786,2024-25
2026-07-13,2026-07-20,44005,Newport County,Rhode Island,RI,quiet,0.000117,1155,5,501+,0.18,0.000524,1526,5,501+,0.18,0.041387,0.051062,0,0,0,,0.94,2024-25
2026-07-13,2026-07-20,48427,Starr County,Texas,TX,quiet,0.000116,1156,103,501+,0.18,0.000503,1555,144,501+,0.17,0.041009,0.048942,0,0,0,,0.945777,2024-25
2026-07-13,2026-07-20,37023,Burke County,North Carolina,NC,quiet,0.000115,1157,46,501+,0.18,0.000993,1010,44,501+,0.35,0.040906,0.096731,0,0,1,19,0.95911602,2024-25
2026-07-13,2026-07-20,27149,Stevens County,Minnesota,MN,quiet,0.000115,1158,40,501+,0.18,0.000467,1642,60,501+,0.16,0.040817,0.045301,0,0,0,,0.864,2024-25
2026-07-13,2026-07-20,17107,Logan County,Illinois,IL,quiet,0.000115,1159,23,501+,0.18,0.000539,1498,35,501+,0.19,0.040703,0.052475,0,0,0,,0.946,2024-25
2026-07-13,2026-07-20,45081,Saluda County,South Carolina,SC,quiet,0.000114,1160,30,501+,0.18,0.001571,738,22,501+,0.55,0.040587,0.149317,0,0,1,13,0.97,2024-25
2026-07-13,2026-07-20,51680,Lynchburg City,Virginia,VA,quiet,0.000114,1161,31,501+,0.18,0.00027,2221,68,501+,0.09,0.04058,0.025667,0,0,0,,0.715,2024-25
2026-07-13,2026-07-20,51199,York County,Virginia,VA,quiet,0.000114,1162,32,501+,0.18,0.000529,1516,39,501+,0.18,0.04053,0.051468,0,0,0,,0.934,2024-25
2026-07-13,2026-07-20,17041,Douglas County,Illinois,IL,quiet,0.000114,1163,24,501+,0.18,0.000578,1428,34,501+,0.2,0.040489,0.056343,0,0,0,,0.979,2024-25
2026-07-13,2026-07-20,46045,Edmunds County,South Dakota,SD,quiet,0.000114,1164,29,501+,0.18,0.001016,999,16,501+,0.35,0.040445,0.098909,0,1,1,3,0.77,2024-25
2026-07-13,2026-07-20,47107,McMinn County,Tennessee,TN,quiet,0.000114,1165,23,501+,0.18,0.000972,1026,20,501+,0.34,0.040429,0.094748,0,0,0,,0.932,2024-25
2026-07-13,2026-07-20,46102,Oglala Lakota County,South Dakota,SD,quiet,0.000114,1166,30,501+,0.18,0.00028,2185,50,501+,0.1,0.040421,0.026651,0,0,0,,0.88,2024-25
2026-07-13,2026-07-20,47177,Warren County,Tennessee,TN,quiet,0.000114,1167,24,501+,0.18,0.000548,1473,33,501+,0.19,0.040418,0.053403,0,0,0,,0.906,2024-25
2026-07-13,2026-07-20,51740,Portsmouth City,Virginia,VA,quiet,0.000114,1168,33,501+,0.18,0.000818,1146,31,501+,0.28,0.040335,0.079911,0,0,0,,0.816,2024-25
2026-07-13,2026-07-20,35039,Rio Arriba County,New Mexico,NM,quiet,0.000113,1169,21,501+,0.18,0.002034,634,13,501+,0.71,0.040198,0.188307,0,0,0,,0.9361,2024-25
2026-07-13,2026-07-20,48119,Delta County,Texas,TX,quiet,0.000113,1170,104,501+,0.18,0.00055,1470,133,501+,0.19,0.040081,0.053583,0,0,0,,0.942857,2024-25
2026-07-13,2026-07-20,56015,Goshen County,Wyoming,WY,quiet,0.000113,1171,20,501+,0.18,0.001169,899,19,501+,0.41,0.040025,0.113168,0,0,0,,0.93,2022-23
2026-07-13,2026-07-20,36101,Steuben County,New York,NY,quiet,0.000113,1172,43,501+,0.18,0.000749,1226,39,501+,0.26,0.039956,0.07323,0,0,0,,0.998200815,2024-25
2026-07-13,2026-07-20,19189,Winnebago County,Iowa,IA,quiet,0.000112,1173,11,501+,0.18,0.00128,852,11,501+,0.45,0.039916,0.123422,0,0,0,,0.88622754,2024-25
2026-07-13,2026-07-20,37113,Macon County,North Carolina,NC,quiet,0.000112,1174,47,501+,0.18,0.001361,823,36,501+,0.47,0.039906,0.130754,0,0,0,,0.86319218,2024-25
2026-07-13,2026-07-20,37115,Madison County,North Carolina,NC,quiet,0.000112,1175,48,501+,0.18,0.001055,972,42,501+,0.37,0.039785,0.102587,0,0,0,,0.87407407,2024-25
2026-07-13,2026-07-20,12075,Levy County,Florida,FL,quiet,0.000112,1176,39,501+,0.18,0.00102,995,35,501+,0.35,0.039759,0.099253,0,0,0,,0.954,2024-25
2026-07-13,2026-07-20,12119,Sumter County,Florida,FL,quiet,0.000112,1177,40,501+,0.18,0.000445,1683,51,501+,0.15,0.039723,0.043096,0,0,0,,0.906,2024-25
2026-07-13,2026-07-20,17007,Boone County,Illinois,IL,quiet,0.000112,1178,25,501+,0.18,0.001067,968,21,501+,0.37,0.039718,0.103681,0,0,0,,0.969,2024-25
2026-07-13,2026-07-20,39109,Miami County,Ohio,OH,quiet,0.000112,1179,39,501+,0.18,0.001127,927,38,501+,0.39,0.039668,0.109257,0,0,0,,0.892,2024-25
2026-07-13,2026-07-20,30083,Richland County,Montana,MT,quiet,0.000112,1180,19,501+,0.18,0.000959,1041,19,501+,0.33,0.039617,0.093494,0,0,0,,,
2026-07-13,2026-07-20,22075,Plaquemines Parish,Louisiana,LA,quiet,0.000111,1181,11,501+,0.18,0.000416,1761,21,501+,0.14,0.03957,0.040284,0,0,0,,0.943,2024-25
2026-07-13,2026-07-20,06035,Lassen County,California,CA,quiet,0.000111,1182,52,501+,0.18,0.000757,1220,49,501+,0.26,0.039505,0.07398,0,0,0,,0.95103,2024-25
2026-07-13,2026-07-20,51003,Albemarle County,Virginia,VA,quiet,0.000111,1183,34,501+,0.18,0.001332,834,15,501+,0.46,0.039419,0.128122,0,0,0,,0.893,2024-25
2026-07-13,2026-07-20,25003,Berkshire County,Massachusetts,MA,quiet,0.000111,1184,13,501+,0.18,0.000886,1091,12,501+,0.31,0.039371,0.086473,0,0,0,,0.918,2024-25
2026-07-13,2026-07-20,48499,Wood County,Texas,TX,quiet,0.00011,1185,105,501+,0.17,0.001392,804,56,501+,0.48,0.039205,0.133478,0,0,0,,0.925581,2024-25
2026-07-13,2026-07-20,51047,Culpeper County,Virginia,VA,quiet,0.00011,1186,35,501+,0.17,0.000721,1260,34,501+,0.25,0.039197,0.070515,0,0,0,,0.947,2024-25
2026-07-13,2026-07-20,21141,Logan County,Kentucky,KY,quiet,0.00011,1187,18,501+,0.17,0.001179,895,16,501+,0.41,0.039182,0.114085,0,0,0,,0.622,2024-25
2026-07-13,2026-07-20,40053,Grant County,Oklahoma,OK,quiet,0.00011,1188,24,501+,0.17,0.000678,1305,24,501+,0.24,0.039101,0.066301,0,0,0,,0.9483,2024-25
2026-07-13,2026-07-20,50025,Windham County,Vermont,VT,quiet,0.00011,1189,6,501+,0.17,0.002027,638,2,501+,0.7,0.039083,0.187725,0,0,0,,0.91,2024-25
2026-07-13,2026-07-20,26145,Saginaw County,Michigan,MI,quiet,0.00011,1190,33,501+,0.17,0.000505,1551,53,501+,0.18,0.039057,0.049123,0,0,0,,0.92585551,2024-25
2026-07-13,2026-07-20,48305,Lynn County,Texas,TX,quiet,0.00011,1191,106,501+,0.17,0.000661,1327,117,501+,0.23,0.039021,0.064606,0,0,2,72,0.913043,2024-25
2026-07-13,2026-07-20,48001,Anderson County,Texas,TX,quiet,0.000109,1192,107,501+,0.17,0.000531,1510,138,501+,0.18,0.038894,0.051727,0,0,0,,0.947858,2024-25
2026-07-13,2026-07-20,12129,Wakulla County,Florida,FL,quiet,0.000109,1193,41,501+,0.17,0.000725,1253,42,501+,0.25,0.038889,0.070909,0,0,0,,0.863,2024-25
2026-07-13,2026-07-20,47063,Hamblen County,Tennessee,TN,quiet,0.000109,1194,25,501+,0.17,0.000737,1238,28,501+,0.26,0.03886,0.072073,0,0,0,,0.925,2024-25
2026-07-13,2026-07-20,48077,Clay County,Texas,TX,quiet,0.000109,1195,108,501+,0.17,0.00102,994,79,501+,0.35,0.038783,0.099295,0,0,0,,0.891892,2024-25
2026-07-13,2026-07-20,36113,Warren County,New York,NY,quiet,0.000109,1196,44,501+,0.17,0.000679,1304,42,501+,0.24,0.038635,0.066347,0,0,0,,0.998389224,2024-25
2026-07-13,2026-07-20,40003,Alfalfa County,Oklahoma,OK,quiet,0.000109,1197,25,501+,0.17,0.000806,1163,20,501+,0.28,0.038611,0.078743,0,0,0,,0.9,2024-25
2026-07-13,2026-07-20,20001,Allen County,Kansas,KS,quiet,0.000108,1198,34,501+,0.17,0.001019,996,18,501+,0.35,0.038491,0.099143,0,0,0,,0.8688,2024-25
2026-07-13,2026-07-20,30009,Carbon County,Montana,MT,quiet,0.000108,1199,20,501+,0.17,0.001386,808,15,501+,0.48,0.038383,0.132938,0,0,0,,,
2026-07-13,2026-07-20,48465,Val Verde County,Texas,TX,quiet,0.000108,1200,109,501+,0.17,0.001235,871,65,501+,0.43,0.038343,0.119238,0,0,0,,0.910334,2024-25
2026-07-13,2026-07-20,41049,Morrow County,Oregon,OR,quiet,0.000108,1201,22,501+,0.17,0.000429,1727,25,501+,0.15,0.038294,0.041529,0,0,0,,0.933,2024-25
2026-07-13,2026-07-20,01069,Houston County,Alabama,AL,quiet,0.000107,1202,12,501+,0.17,0.000719,1262,19,501+,0.25,0.038242,0.070291,0,0,0,,0.9509,2024-25
2026-07-13,2026-07-20,51085,Hanover County,Virginia,VA,quiet,0.000107,1203,36,501+,0.17,0.001152,911,23,501+,0.4,0.038146,0.111616,0,0,0,,0.949,2024-25
2026-07-13,2026-07-20,24029,Kent County,Maryland,MD,quiet,0.000107,1204,22,501+,0.17,0.000433,1713,22,501+,0.15,0.038079,0.041954,0,0,0,,0.8839,2024-25
2026-07-13,2026-07-20,05035,Crittenden County,Arkansas,AR,quiet,0.000107,1205,10,501+,0.17,0.000514,1539,18,501+,0.18,0.038047,0.04998,0,0,0,,,
2026-07-13,2026-07-20,36089,St. Lawrence County,New York,NY,quiet,0.000107,1206,45,501+,0.17,0.00129,848,32,501+,0.45,0.03804,0.124311,0,0,0,,0.998705987,2024-25
2026-07-13,2026-07-20,48505,Zapata County,Texas,TX,quiet,0.000107,1207,110,501+,0.17,0.000257,2265,207,501+,0.09,0.038008,0.024388,0,0,0,,0.984293,2024-25
2026-07-13,2026-07-20,31119,Madison County,Nebraska,NE,quiet,0.000107,1208,15,501+,0.17,0.00054,1491,25,501+,0.19,0.037992,0.052611,0,0,0,,0.96925859,2024-25
2026-07-13,2026-07-20,55017,Chippewa County,Wisconsin,WI,quiet,0.000107,1209,29,501+,0.17,0.000962,1035,34,501+,0.33,0.037972,0.093757,0,0,0,,0.71,2024-25
2026-07-13,2026-07-20,23023,Sagadahoc County,Maine,ME,quiet,0.000107,1210,10,501+,0.17,0.00063,1366,10,501+,0.22,0.037952,0.061484,0,0,0,,0.987,2024-25
2026-07-13,2026-07-20,26031,Cheboygan County,Michigan,MI,quiet,0.000106,1211,34,501+,0.17,0.000249,2298,66,501+,0.09,0.037913,0.023521,0,0,0,,0.875,2024-25
2026-07-13,2026-07-20,48169,Garza County,Texas,TX,quiet,0.000106,1212,111,501+,0.17,0.000525,1524,141,501+,0.18,0.037781,0.051085,0,0,2,67,0.864865,2024-25
2026-07-13,2026-07-20,30087,Rosebud County,Montana,MT,quiet,0.000106,1213,21,501+,0.17,0.000415,1766,29,501+,0.14,0.037778,0.040129,0,0,0,,,
2026-07-13,2026-07-20,48283,La Salle County,Texas,TX,quiet,0.000106,1214,112,501+,0.17,0.001211,883,68,501+,0.42,0.037773,0.117067,0,0,0,,0.971014,2024-25
2026-07-13,2026-07-20,31013,Box Butte County,Nebraska,NE,quiet,0.000106,1215,16,501+,0.17,0.000969,1028,10,501+,0.34,0.037752,0.094471,0,0,0,,0.894308943,2024-25
2026-07-13,2026-07-20,39005,Ashland County,Ohio,OH,quiet,0.000106,1216,40,501+,0.17,0.000638,1359,51,501+,0.22,0.037738,0.06237,0,0,0,,0.897,2024-25
2026-07-13,2026-07-20,21145,McCracken County,Kentucky,KY,quiet,0.000106,1217,19,501+,0.17,0.001441,782,11,501+,0.5,0.037732,0.137881,0,0,0,,0.898,2024-25
2026-07-13,2026-07-20,05145,White County,Arkansas,AR,quiet,0.000106,1218,11,501+,0.17,0.000643,1350,14,501+,0.22,0.037621,0.062818,0,0,0,,,
2026-07-13,2026-07-20,19051,Davis County,Iowa,IA,quiet,0.000105,1219,12,501+,0.17,0.000803,1166,17,501+,0.28,0.037543,0.078499,0,0,0,,0.89830508,2024-25
2026-07-13,2026-07-20,40145,Wagoner County,Oklahoma,OK,quiet,0.000105,1220,26,501+,0.17,0.000948,1047,15,501+,0.33,0.03754,0.092395,0,0,0,,0.8696,2024-25
2026-07-13,2026-07-20,27127,Redwood County,Minnesota,MN,quiet,0.000105,1221,41,501+,0.17,0.000578,1426,45,501+,0.2,0.037496,0.056408,0,0,0,,0.843,2024-25
2026-07-13,2026-07-20,47119,Maury County,Tennessee,TN,quiet,0.000105,1222,26,501+,0.17,0.000858,1115,24,501+,0.3,0.037413,0.083808,0,0,0,,0.892,2024-25
2026-07-13,2026-07-20,27089,Marshall County,Minnesota,MN,quiet,0.000105,1223,42,501+,0.17,0.000728,1250,42,501+,0.25,0.037363,0.071142,0,0,0,,0.921,2024-25
2026-07-13,2026-07-20,12055,Highlands County,Florida,FL,quiet,0.000104,1224,42,501+,0.16,0.000932,1060,36,501+,0.32,0.037261,0.090902,0,0,0,,0.898,2024-25
2026-07-13,2026-07-20,48147,Fannin County,Texas,TX,quiet,0.000104,1225,113,501+,0.16,0.001368,816,58,501+,0.48,0.037203,0.131338,0,0,4,52,0.917379,2024-25
2026-07-13,2026-07-20,16047,Gooding County,Idaho,ID,quiet,0.000104,1226,40,501+,0.16,0.000986,1014,35,501+,0.34,0.037201,0.096044,0,0,0,,0.72,2024-25
2026-07-13,2026-07-20,29187,St. Francois County,Missouri,MO,quiet,0.000104,1227,19,501+,0.16,0.001117,935,18,501+,0.39,0.037083,0.108406,0,0,0,,0.953,2024-25
2026-07-13,2026-07-20,42123,Warren County,Pennsylvania,PA,quiet,0.000104,1228,42,501+,0.16,0.000896,1083,49,501+,0.31,0.037033,0.087444,0,0,0,,0.964,2024-25
2026-07-13,2026-07-20,26061,Houghton County,Michigan,MI,quiet,0.000104,1229,35,501+,0.16,0.001301,843,23,501+,0.45,0.036999,0.125301,0,0,0,,0.73989899,2024-25
2026-07-13,2026-07-20,29027,Callaway County,Missouri,MO,quiet,0.000103,1230,20,501+,0.16,0.00064,1356,36,501+,0.22,0.036788,0.06256,0,0,0,,0.905,2024-25
2026-07-13,2026-07-20,19061,Dubuque County,Iowa,IA,quiet,0.000103,1231,13,501+,0.16,0.001322,835,9,501+,0.46,0.036714,0.127225,0,0,0,,0.9237013,2024-25
2026-07-13,2026-07-20,48421,Sherman County,Texas,TX,quiet,0.000103,1232,114,501+,0.16,0.000354,1931,180,501+,0.12,0.036705,0.034027,0,0,0,,0.925926,2024-25
2026-07-13,2026-07-20,18035,Delaware County,Indiana,IN,quiet,0.000103,1233,22,501+,0.16,0.000823,1142,23,501+,0.29,0.036643,0.080427,0,0,0,,0.907,2024-25
2026-07-13,2026-07-20,48461,Upton County,Texas,TX,quiet,0.000103,1234,115,501+,0.16,0.000423,1744,159,501+,0.15,0.036621,0.040956,0,0,0,,0.981481,2024-25
2026-07-13,2026-07-20,42063,Indiana County,Pennsylvania,PA,quiet,0.000102,1235,43,501+,0.16,0.001486,770,42,501+,0.52,0.03655,0.141861,0,0,0,,0.93,2024-25
2026-07-13,2026-07-20,48163,Frio County,Texas,TX,quiet,0.000102,1236,116,501+,0.16,0.001162,905,71,501+,0.4,0.036424,0.112519,0,0,2,18,0.983333,2024-25
2026-07-13,2026-07-20,12043,Glades County,Florida,FL,quiet,0.000102,1237,43,501+,0.16,0.000253,2284,64,501+,0.09,0.036394,0.023993,0,0,0,,0.94,2024-25
2026-07-13,2026-07-20,26067,Ionia County,Michigan,MI,quiet,0.000102,1238,36,501+,0.16,0.000627,1370,45,501+,0.22,0.036378,0.061274,0,0,0,,0.9088359,2024-25
2026-07-13,2026-07-20,36109,Tompkins County,New York,NY,quiet,0.000102,1239,46,501+,0.16,0.001073,964,34,501+,0.37,0.036299,0.104241,0,0,0,,0.998040898,2024-25
2026-07-13,2026-07-20,23021,Piscataquis County,Maine,ME,quiet,0.000101,1240,11,501+,0.16,0.000759,1217,8,501+,0.26,0.036269,0.074219,0,0,0,,0.9167,2024-25
2026-07-13,2026-07-20,48211,Hemphill County,Texas,TX,quiet,0.000101,1241,117,501+,0.16,0.00049,1579,146,501+,0.17,0.036224,0.047661,0,0,0,,0.958333,2024-25
2026-07-13,2026-07-20,18081,Johnson County,Indiana,IN,quiet,0.000101,1242,23,501+,0.16,0.000802,1169,24,501+,0.28,0.036088,0.078413,0,0,0,,0.9409,2024-25
2026-07-13,2026-07-20,31151,Saline County,Nebraska,NE,quiet,0.000101,1243,17,501+,0.16,0.000787,1186,13,501+,0.27,0.036071,0.076898,0,0,0,,0.969849246,2024-25
2026-07-13,2026-07-20,46015,Brule County,South Dakota,SD,quiet,0.000101,1244,31,501+,0.16,0.000348,1951,44,501+,0.12,0.036046,0.033414,0,0,0,,0.82,2024-25
2026-07-13,2026-07-20,36107,Tioga County,New York,NY,quiet,0.000101,1245,47,501+,0.16,0.000481,1604,48,501+,0.17,0.035975,0.046733,0,0,0,,0.997923694,2024-25
2026-07-13,2026-07-20,31157,Scotts Bluff County,Nebraska,NE,quiet,0.000101,1246,18,501+,0.16,0.000783,1190,14,501+,0.27,0.035974,0.076554,0,0,0,,0.901960784,2024-25
2026-07-13,2026-07-20,26093,Livingston County,Michigan,MI,quiet,0.000101,1247,37,501+,0.16,0.00069,1291,42,501+,0.24,0.035967,0.067447,0,0,0,,0.84727273,2024-25
2026-07-13,2026-07-20,01115,St. Clair County,Alabama,AL,quiet,0.0001,1248,13,501+,0.16,0.001124,930,7,501+,0.39,0.035905,0.109017,0,0,0,,0.9274,2024-25
2026-07-13,2026-07-20,48445,Terry County,Texas,TX,quiet,0.0001,1249,118,501+,0.16,0.000961,1037,85,501+,0.33,0.035828,0.093691,0,0,60,62,0.930769,2024-25
2026-07-13,2026-07-20,29215,Texas County,Missouri,MO,quiet,0.0001,1250,21,501+,0.16,0.000768,1205,24,501+,0.27,0.035773,0.075087,0,0,0,,0.822,2024-25
2026-07-13,2026-07-20,40079,Le Flore County,Oklahoma,OK,quiet,0.0001,1251,27,501+,0.16,0.000538,1499,33,501+,0.19,0.035666,0.052457,0,0,0,,0.9076,2024-25
2026-07-13,2026-07-20,55039,Fond du Lac County,Wisconsin,WI,quiet,9.9e-05,1252,30,501+,0.16,0.000812,1155,36,501+,0.28,0.035609,0.079346,0,0,0,,0.83,2024-25
2026-07-13,2026-07-20,16023,Butte County,Idaho,ID,quiet,9.9e-05,1253,41,501+,0.16,0.000863,1111,38,501+,0.3,0.03557,0.084264,0,0,0,,0.75,2024-25
2026-07-13,2026-07-20,22023,Cameron Parish,Louisiana,LA,quiet,9.9e-05,1254,12,501+,0.16,0.000769,1204,9,501+,0.27,0.035503,0.075144,0,0,0,,0.9036,2024-25
2026-07-13,2026-07-20,20121,Miami County,Kansas,KS,quiet,9.9e-05,1255,35,501+,0.16,0.001113,939,15,501+,0.39,0.035438,0.108019,0,0,0,,0.8672,2024-25
2026-07-13,2026-07-20,33009,Grafton County,New Hampshire,NH,quiet,9.9e-05,1256,6,501+,0.16,0.000447,1679,7,501+,0.16,0.035407,0.043295,0,0,0,,0.911,2024-25
2026-07-13,2026-07-20,45009,Bamberg County,South Carolina,SC,quiet,9.9e-05,1257,31,501+,0.16,0.000466,1643,37,501+,0.16,0.035368,0.045197,0,0,0,,0.977,2024-25
2026-07-13,2026-07-20,54055,Mercer County,West Virginia,WV,quiet,9.9e-05,1258,7,501+,0.16,0.000734,1241,8,501+,0.26,0.035287,0.071752,0,0,0,,,
2026-07-13,2026-07-20,28121,Rankin County,Mississippi,MS,quiet,9.8e-05,1259,7,501+,0.16,0.000409,1781,13,501+,0.14,0.035241,0.039579,0,0,0,,0.9703,2024-25
2026-07-13,2026-07-20,16003,Adams County,Idaho,ID,quiet,9.8e-05,1260,42,501+,0.15,0.000937,1057,37,501+,0.33,0.035076,0.091385,0,0,0,,0.6,2024-25
2026-07-13,2026-07-20,01095,Marshall County,Alabama,AL,quiet,9.8e-05,1261,14,501+,0.15,0.000626,1374,21,501+,0.22,0.034976,0.06112,0,0,0,,0.9666,2024-25
2026-07-13,2026-07-20,05115,Pope County,Arkansas,AR,quiet,9.8e-05,1262,12,501+,0.15,0.000546,1479,16,501+,0.19,0.034975,0.053204,0,0,0,,,
2026-07-13,2026-07-20,33001,Belknap County,New Hampshire,NH,quiet,9.7e-05,1263,7,501+,0.15,0.000571,1434,6,501+,0.2,0.034922,0.055705,0,0,0,,0.935,2024-25
2026-07-13,2026-07-20,46051,Grant County,South Dakota,SD,quiet,9.7e-05,1264,32,501+,0.15,0.001761,685,11,501+,0.61,0.034914,0.165677,0,0,6,23,0.91,2024-25
2026-07-13,2026-07-20,37103,Jones County,North Carolina,NC,quiet,9.7e-05,1265,49,501+,0.15,0.000474,1617,63,501+,0.16,0.034875,0.046044,0,0,0,,0.95652174,2024-25
2026-07-13,2026-07-20,48503,Young County,Texas,TX,quiet,9.7e-05,1266,119,501+,0.15,0.001279,856,63,501+,0.44,0.034864,0.123302,0,0,0,,0.909548,2024-25
2026-07-13,2026-07-20,27069,Kittson County,Minnesota,MN,quiet,9.7e-05,1267,43,501+,0.15,0.001001,1007,31,501+,0.35,0.03476,0.097447,0,0,0,,0.712,2024-25
2026-07-13,2026-07-20,48151,Fisher County,Texas,TX,quiet,9.7e-05,1268,120,501+,0.15,0.000429,1726,158,501+,0.15,0.03466,0.041551,0,0,0,,0.926829,2024-25
2026-07-13,2026-07-20,39055,Geauga County,Ohio,OH,quiet,9.7e-05,1269,41,501+,0.15,0.000807,1161,43,501+,0.28,0.034618,0.078864,0,0,0,,0.896,2024-25
2026-07-13,2026-07-20,42005,Armstrong County,Pennsylvania,PA,quiet,9.6e-05,1270,44,501+,0.15,0.000814,1152,51,501+,0.28,0.034609,0.079524,0,0,0,,0.951,2024-25
2026-07-13,2026-07-20,13047,Catoosa County,Georgia,GA,quiet,9.6e-05,1271,32,501+,0.15,0.001119,934,16,501+,0.39,0.034554,0.108541,0,0,0,,,
2026-07-13,2026-07-20,20047,Edwards County,Kansas,KS,quiet,9.6e-05,1272,36,501+,0.15,0.000506,1549,47,501+,0.18,0.034527,0.049179,0,0,0,,0.8794,2024-25
2026-07-13,2026-07-20,48279,Lamb County,Texas,TX,quiet,9.6e-05,1273,121,501+,0.15,0.00061,1388,126,501+,0.21,0.034502,0.059511,0,0,1,69,0.925466,2024-25
2026-07-13,2026-07-20,27165,Watonwan County,Minnesota,MN,quiet,9.6e-05,1274,44,501+,0.15,0.000929,1061,33,501+,0.32,0.034425,0.090639,0,0,0,,0.95,2024-25
2026-07-13,2026-07-20,30003,Big Horn County,Montana,MT,quiet,9.5e-05,1275,22,501+,0.15,0.000326,2025,37,501+,0.11,0.034182,0.031277,0,0,0,,,
2026-07-13,2026-07-20,37077,Granville County,North Carolina,NC,quiet,9.5e-05,1276,50,501+,0.15,0.000726,1252,52,501+,0.25,0.034105,0.07094,0,0,0,,0.97540984,2024-25
2026-07-13,2026-07-20,51610,Falls Church City,Virginia,VA,quiet,9.5e-05,1277,37,501+,0.15,0.000338,1986,58,501+,0.12,0.034058,0.032427,0,0,0,,0.961,2024-25
2026-07-13,2026-07-20,29031,Cape Girardeau County,Missouri,MO,quiet,9.5e-05,1278,22,501+,0.15,0.000696,1288,29,501+,0.24,0.034044,0.068042,0,0,0,,0.9,2024-25
2026-07-13,2026-07-20,21209,Scott County,Kentucky,KY,quiet,9.5e-05,1279,20,501+,0.15,0.000701,1280,19,501+,0.24,0.034036,0.068542,0,0,0,,0.917,2024-25
2026-07-13,2026-07-20,08027,Custer County,Colorado,CO,quiet,9.5e-05,1280,41,501+,0.15,0.000535,1504,45,501+,0.19,0.034015,0.052136,0,0,0,,0.8947,2024-25
2026-07-13,2026-07-20,01077,Lauderdale County,Alabama,AL,quiet,9.5e-05,1281,15,501+,0.15,0.000822,1143,15,501+,0.29,0.034006,0.080341,0,0,0,,0.9609,2024-25
2026-07-13,2026-07-20,31067,Gage County,Nebraska,NE,quiet,9.4e-05,1282,19,501+,0.15,0.00055,1469,24,501+,0.19,0.033868,0.053649,0,0,0,,0.936585366,2024-25
2026-07-13,2026-07-20,48467,Van Zandt County,Texas,TX,quiet,9.4e-05,1283,122,501+,0.15,0.000767,1208,106,501+,0.27,0.033862,0.07494,0,0,0,,0.92068,2024-25
2026-07-13,2026-07-20,40087,McClain County,Oklahoma,OK,quiet,9.4e-05,1284,28,501+,0.15,0.000842,1130,19,501+,0.29,0.03386,0.082253,0,0,0,,0.8845,2024-25
2026-07-13,2026-07-20,47081,Hickman County,Tennessee,TN,quiet,9.4e-05,1285,27,501+,0.15,0.000406,1794,45,501+,0.14,0.033835,0.039241,0,0,0,,0.958,2024-25
2026-07-13,2026-07-20,48033,Borden County,Texas,TX,quiet,9.4e-05,1286,123,501+,0.15,0.000296,2132,197,501+,0.1,0.0338,0.028226,0,0,1,66,0.882353,2024-25
2026-07-13,2026-07-20,37125,Moore County,North Carolina,NC,quiet,9.4e-05,1287,51,501+,0.15,0.000888,1085,48,501+,0.31,0.033708,0.086707,0,0,0,,0.94683346,2024-25
2026-07-13,2026-07-20,55109,St. Croix County,Wisconsin,WI,quiet,9.4e-05,1288,31,501+,0.15,0.00107,966,29,501+,0.37,0.033708,0.104014,0,0,0,,0.77,2024-25
2026-07-13,2026-07-20,40055,Greer County,Oklahoma,OK,quiet,9.4e-05,1289,29,501+,0.15,0.000423,1747,43,501+,0.15,0.033683,0.040935,0,0,0,,0.9804,2024-25
2026-07-13,2026-07-20,41033,Josephine County,Oregon,OR,quiet,9.4e-05,1290,23,501+,0.15,0.000786,1188,21,501+,0.27,0.033652,0.076805,0,0,0,,0.775,2024-25
2026-07-13,2026-07-20,23025,Somerset County,Maine,ME,quiet,9.4e-05,1291,12,501+,0.15,0.000289,2156,14,501+,0.1,0.033623,0.027554,0,0,0,,0.9879,2024-25
2026-07-13,2026-07-20,31143,Polk County,Nebraska,NE,quiet,9.3e-05,1292,20,501+,0.15,0.000642,1354,20,501+,0.22,0.033592,0.062733,0,0,0,,0.928571429,2024-25
2026-07-13,2026-07-20,48177,Gonzales County,Texas,TX,quiet,9.3e-05,1293,124,501+,0.15,0.000404,1800,165,501+,0.14,0.033532,0.038999,0,0,0,,0.975207,2024-25
2026-07-13,2026-07-20,29051,Cole County,Missouri,MO,quiet,9.3e-05,1294,23,501+,0.15,0.000754,1221,25,501+,0.26,0.033468,0.073666,0,0,0,,0.948,2024-25
2026-07-13,2026-07-20,13137,Habersham County,Georgia,GA,quiet,9.3e-05,1295,33,501+,0.15,0.000952,1045,22,501+,0.33,0.03343,0.092783,0,0,0,,,
2026-07-13,2026-07-20,01117,Shelby County,Alabama,AL,quiet,9.3e-05,1296,16,501+,0.15,0.001045,980,9,501+,0.36,0.033386,0.101644,0,0,0,,0.9547,2024-25
2026-07-13,2026-07-20,26089,Leelanau County,Michigan,MI,quiet,9.3e-05,1297,38,501+,0.15,0.000437,1704,58,501+,0.15,0.03328,0.042357,0,0,0,,0.88198758,2024-25
2026-07-13,2026-07-20,20127,Morris County,Kansas,KS,quiet,9.2e-05,1298,37,501+,0.15,0.000637,1362,36,501+,0.22,0.033213,0.062263,0,0,0,,0.8752,2024-25
2026-07-13,2026-07-20,13157,Jackson County,Georgia,GA,quiet,9.2e-05,1299,34,501+,0.15,0.000815,1151,26,501+,0.28,0.033179,0.079622,0,0,0,,,
2026-07-13,2026-07-20,05063,Independence County,Arkansas,AR,quiet,9.2e-05,1300,13,501+,0.15,0.000974,1025,7,501+,0.34,0.033056,0.094863,0,0,0,,,
2026-07-13,2026-07-20,17027,Clinton County,Illinois,IL,quiet,9.2e-05,1301,26,501+,0.14,0.000896,1084,23,501+,0.31,0.033033,0.087435,0,0,0,,0.977,2024-25
2026-07-13,2026-07-20,26033,Chippewa County,Michigan,MI,quiet,9.2e-05,1302,39,501+,0.14,0.000967,1031,31,501+,0.34,0.032967,0.094265,0,0,0,,0.91372549,2024-25
2026-07-13,2026-07-20,20115,Marion County,Kansas,KS,quiet,9.2e-05,1303,38,501+,0.14,0.000913,1065,20,501+,0.32,0.032965,0.089093,0,0,0,,0.8283,2024-25
2026-07-13,2026-07-20,16061,Lewis County,Idaho,ID,quiet,9.1e-05,1304,43,501+,0.14,0.000441,1691,43,501+,0.15,0.032812,0.042735,0,0,0,,0.78,2024-25
2026-07-13,2026-07-20,48015,Austin County,Texas,TX,quiet,9.1e-05,1305,125,501+,0.14,0.000753,1222,109,501+,0.26,0.032806,0.073639,0,0,0,,0.947761,2024-25
2026-07-13,2026-07-20,19171,Tama County,Iowa,IA,quiet,9.1e-05,1306,14,501+,0.14,0.0004,1808,30,501+,0.14,0.032793,0.038611,0,0,0,,0.98170732,2024-25
2026-07-13,2026-07-20,20151,Pratt County,Kansas,KS,quiet,9.1e-05,1307,39,501+,0.14,0.000334,2000,78,501+,0.12,0.032749,0.032059,0,0,0,,0.8915,2024-25
2026-07-13,2026-07-20,31185,York County,Nebraska,NE,quiet,9.1e-05,1308,21,501+,0.14,0.000504,1553,27,501+,0.18,0.032641,0.049061,0,0,0,,0.964028777,2024-25
2026-07-13,2026-07-20,48293,Limestone County,Texas,TX,quiet,9e-05,1309,126,501+,0.14,0.000334,1998,184,501+,0.12,0.032531,0.032064,0,0,0,,0.921569,2024-25
2026-07-13,2026-07-20,17115,Macon County,Illinois,IL,quiet,9e-05,1310,27,501+,0.14,0.001085,957,20,501+,0.38,0.032455,0.105349,0,0,0,,0.97,2024-25
2026-07-13,2026-07-20,01031,Coffee County,Alabama,AL,quiet,9e-05,1311,17,501+,0.14,0.000831,1133,14,501+,0.29,0.032449,0.081159,0,0,0,,0.9535,2024-25
2026-07-13,2026-07-20,29007,Audrain County,Missouri,MO,quiet,9e-05,1312,24,501+,0.14,0.000547,1476,45,501+,0.19,0.032399,0.053262,0,0,0,,0.967,2024-25
2026-07-13,2026-07-20,48065,Carson County,Texas,TX,quiet,9e-05,1313,127,501+,0.14,0.000717,1265,113,501+,0.25,0.032365,0.070049,0,0,1,61,0.91954,2024-25
2026-07-13,2026-07-20,46031,Corson County,South Dakota,SD,quiet,9e-05,1314,33,501+,0.14,0.000449,1674,37,501+,0.16,0.032349,0.043535,0,0,0,,0.87,2024-25
2026-07-13,2026-07-20,55083,Oconto County,Wisconsin,WI,quiet,9e-05,1315,32,501+,0.14,0.003911,419,6,151–500,1.36,0.032346,0.319691,0,0,36,45,0.83,2024-25
2026-07-13,2026-07-20,17091,Kankakee County,Illinois,IL,quiet,9e-05,1316,28,501+,0.14,0.000884,1093,25,501+,0.31,0.032309,0.086293,0,0,0,,0.947,2024-25
2026-07-13,2026-07-20,46087,McCook County,South Dakota,SD,quiet,8.9e-05,1317,34,501+,0.14,0.000809,1157,21,501+,0.28,0.032243,0.079076,0,0,0,,0.78,2024-25
2026-07-13,2026-07-20,40149,Washita County,Oklahoma,OK,quiet,8.9e-05,1318,30,501+,0.14,0.000422,1753,44,501+,0.15,0.032233,0.040797,0,0,0,,0.8916,2024-25
2026-07-13,2026-07-20,32005,Douglas County,Nevada,NV,quiet,8.9e-05,1319,12,501+,0.14,0.000759,1216,12,501+,0.26,0.032215,0.074242,0,0,0,,0.875,2024-25
2026-07-13,2026-07-20,12023,Columbia County,Florida,FL,quiet,8.9e-05,1320,44,501+,0.14,0.000722,1259,43,501+,0.25,0.032178,0.070607,0,0,0,,0.929,2024-25
2026-07-13,2026-07-20,28073,Lamar County,Mississippi,MS,quiet,8.9e-05,1321,8,501+,0.14,0.000264,2240,26,501+,0.09,0.032125,0.025055,0,0,0,,0.9879,2024-25
2026-07-13,2026-07-20,39039,Defiance County,Ohio,OH,quiet,8.9e-05,1322,42,501+,0.14,0.001261,863,34,501+,0.44,0.032108,0.121687,0,0,1,66,0.903,2024-25
2026-07-13,2026-07-20,39123,Ottawa County,Ohio,OH,quiet,8.9e-05,1323,43,501+,0.14,0.001447,777,25,501+,0.5,0.032087,0.138443,0,0,1,18,0.87,2024-25
2026-07-13,2026-07-20,41041,Lincoln County,Oregon,OR,quiet,8.9e-05,1324,24,501+,0.14,0.000413,1769,28,501+,0.14,0.032062,0.039917,0,0,0,,0.932,2024-25
2026-07-13,2026-07-20,19045,Clinton County,Iowa,IA,quiet,8.9e-05,1325,15,501+,0.14,0.001022,993,13,501+,0.36,0.032061,0.099441,0,0,0,,0.85464098,2024-25
2026-07-13,2026-07-20,30017,Custer County,Montana,MT,quiet,8.9e-05,1326,23,501+,0.14,0.000847,1128,23,501+,0.29,0.032001,0.082696,0,0,0,,,
2026-07-13,2026-07-20,48383,Reagan County,Texas,TX,quiet,8.8e-05,1327,128,501+,0.14,0.000259,2258,205,501+,0.09,0.031919,0.024573,0,0,0,,0.984615,2024-25
2026-07-13,2026-07-20,30077,Powell County,Montana,MT,quiet,8.8e-05,1328,24,501+,0.14,0.000239,2328,40,501+,0.08,0.031911,0.022549,0,0,0,,,
2026-07-13,2026-07-20,20035,Cowley County,Kansas,KS,quiet,8.8e-05,1329,40,501+,0.14,0.000638,1360,35,501+,0.22,0.031836,0.062354,0,0,0,,0.9597,2024-25
2026-07-13,2026-07-20,51683,Manassas City,Virginia,VA,quiet,8.8e-05,1330,38,501+,0.14,0.000984,1015,26,501+,0.34,0.031801,0.095866,0,0,0,,0.955,2024-25
2026-07-13,2026-07-20,47141,Putnam County,Tennessee,TN,quiet,8.8e-05,1331,28,501+,0.14,0.000847,1127,25,501+,0.29,0.031788,0.082699,0,0,0,,0.927,2024-25
2026-07-13,2026-07-20,40089,McCurtain County,Oklahoma,OK,quiet,8.8e-05,1332,31,501+,0.14,0.000428,1732,42,501+,0.15,0.031693,0.04141,0,0,0,,0.8326,2024-25
2026-07-13,2026-07-20,13125,Glascock County,Georgia,GA,quiet,8.8e-05,1333,35,501+,0.14,0.000704,1277,33,501+,0.24,0.031689,0.068779,0,0,0,,,
2026-07-13,2026-07-20,53019,Ferry County,Washington,WA,quiet,8.8e-05,1334,32,501+,0.14,0.000674,1311,32,501+,0.23,0.031605,0.065858,0,0,0,,0.825,2024-25
2026-07-13,2026-07-20,53049,Pacific County,Washington,WA,quiet,8.7e-05,1335,33,501+,0.14,0.00056,1453,33,501+,0.19,0.031552,0.054554,0,0,0,,0.574,2024-25
2026-07-13,2026-07-20,19187,Webster County,Iowa,IA,quiet,8.7e-05,1336,16,501+,0.14,0.000862,1112,15,501+,0.3,0.031489,0.084141,0,0,0,,0.85494505,2024-25
2026-07-13,2026-07-20,08121,Washington County,Colorado,CO,quiet,8.7e-05,1337,42,501+,0.14,0.000668,1315,39,501+,0.23,0.031448,0.065257,0,0,0,,0.9259,2024-25
2026-07-13,2026-07-20,50021,Rutland County,Vermont,VT,quiet,8.7e-05,1338,7,501+,0.14,0.000483,1598,9,501+,0.17,0.031422,0.046913,0,0,0,,0.93,2024-25
2026-07-13,2026-07-20,56019,Johnson County,Wyoming,WY,quiet,8.7e-05,1339,21,501+,0.14,0.000791,1181,21,501+,0.28,0.031413,0.077341,0,0,0,,0.96,2022-23
2026-07-13,2026-07-20,48365,Panola County,Texas,TX,quiet,8.7e-05,1340,129,501+,0.14,0.000539,1495,136,501+,0.19,0.031374,0.052537,0,0,0,,0.93617,2024-25
2026-07-13,2026-07-20,13183,Long County,Georgia,GA,quiet,8.7e-05,1341,36,501+,0.14,0.000474,1616,46,501+,0.16,0.031336,0.046083,0,0,0,,,
2026-07-13,2026-07-20,19127,Marshall County,Iowa,IA,quiet,8.7e-05,1342,17,501+,0.14,0.000662,1325,20,501+,0.23,0.031331,0.064672,0,0,0,,0.89738431,2024-25
2026-07-13,2026-07-20,55043,Grant County,Wisconsin,WI,quiet,8.7e-05,1343,33,501+,0.14,0.001362,822,23,501+,0.47,0.031326,0.130818,0,0,0,,0.82,2024-25
2026-07-13,2026-07-20,26019,Benzie County,Michigan,MI,quiet,8.7e-05,1344,40,501+,0.14,0.000529,1512,49,501+,0.18,0.031316,0.051559,0,0,0,,0.7751938,2024-25
2026-07-13,2026-07-20,08103,Rio Blanco County,Colorado,CO,quiet,8.7e-05,1345,43,501+,0.14,0.000738,1237,37,501+,0.26,0.031305,0.072118,0,0,0,,0.8814,2024-25
2026-07-13,2026-07-20,48487,Wilbarger County,Texas,TX,quiet,8.7e-05,1346,130,501+,0.14,0.000626,1373,122,501+,0.22,0.031298,0.061131,0,0,0,,0.97931,2024-25
2026-07-13,2026-07-20,47031,Coffee County,Tennessee,TN,quiet,8.6e-05,1347,29,501+,0.14,0.000798,1174,26,501+,0.28,0.031247,0.077944,0,0,0,,0.956,2024-25
2026-07-13,2026-07-20,29053,Cooper County,Missouri,MO,quiet,8.6e-05,1348,25,501+,0.14,0.000566,1442,41,501+,0.2,0.031205,0.05518,0,0,0,,0.932,2024-25
2026-07-13,2026-07-20,27155,Traverse County,Minnesota,MN,quiet,8.6e-05,1349,45,501+,0.14,0.00076,1215,38,501+,0.26,0.031162,0.074255,0,0,0,,1.0,2024-25
2026-07-13,2026-07-20,48289,Leon County,Texas,TX,quiet,8.6e-05,1350,131,501+,0.14,0.000396,1819,167,501+,0.14,0.031145,0.038238,0,0,0,,0.951923,2024-25
2026-07-13,2026-07-20,20197,Wabaunsee County,Kansas,KS,quiet,8.6e-05,1351,41,501+,0.14,0.000477,1611,52,501+,0.17,0.031092,0.046364,0,0,0,,0.7585,2024-25
2026-07-13,2026-07-20,39141,Ross County,Ohio,OH,quiet,8.6e-05,1352,44,501+,0.14,0.000685,1297,48,501+,0.24,0.031084,0.066997,0,0,0,,0.897,2024-25
2026-07-13,2026-07-20,20003,Anderson County,Kansas,KS,quiet,8.6e-05,1353,42,501+,0.14,0.000438,1698,60,501+,0.15,0.031035,0.042473,0,0,0,,0.7222,2024-25
2026-07-13,2026-07-20,26045,Eaton County,Michigan,MI,quiet,8.6e-05,1354,41,501+,0.14,0.000907,1073,33,501+,0.32,0.031032,0.088491,0,0,0,,0.92349138,2024-25
2026-07-13,2026-07-20,12063,Jackson County,Florida,FL,quiet,8.6e-05,1355,45,501+,0.14,0.0005,1561,49,501+,0.17,0.031024,0.048621,0,0,0,,0.922,2024-25
2026-07-13,2026-07-20,26157,Tuscola County,Michigan,MI,quiet,8.6e-05,1356,42,501+,0.14,0.001069,967,29,501+,0.37,0.030971,0.103881,0,0,0,,0.90662139,2024-25
2026-07-13,2026-07-20,29159,Pettis County,Missouri,MO,quiet,8.6e-05,1357,26,501+,0.14,0.000629,1367,37,501+,0.22,0.03096,0.061385,0,0,0,,0.824,2024-25
2026-07-13,2026-07-20,28049,Hinds County,Mississippi,MS,quiet,8.6e-05,1358,9,501+,0.14,0.000873,1102,5,501+,0.3,0.030954,0.085257,0,0,0,,0.9751,2024-25
2026-07-13,2026-07-20,17187,Warren County,Illinois,IL,quiet,8.6e-05,1359,29,501+,0.14,0.000513,1540,37,501+,0.18,0.030924,0.049924,0,0,0,,0.979,2024-25
2026-07-13,2026-07-20,18095,Madison County,Indiana,IN,quiet,8.5e-05,1360,24,501+,0.13,0.000936,1058,22,501+,0.33,0.030889,0.091261,0,0,0,,0.922,2024-25
2026-07-13,2026-07-20,55093,Pierce County,Wisconsin,WI,quiet,8.5e-05,1361,34,501+,0.13,0.001439,784,21,501+,0.5,0.03088,0.137674,0,0,0,,0.83,2024-25
2026-07-13,2026-07-20,47089,Jefferson County,Tennessee,TN,quiet,8.5e-05,1362,30,501+,0.13,0.0011,948,18,501+,0.38,0.030847,0.106754,0,0,0,,0.952,2024-25
2026-07-13,2026-07-20,17105,Livingston County,Illinois,IL,quiet,8.5e-05,1363,30,501+,0.13,0.000656,1333,28,501+,0.23,0.030807,0.064072,0,0,0,,0.963,2024-25
2026-07-13,2026-07-20,30001,Beaverhead County,Montana,MT,quiet,8.5e-05,1364,25,501+,0.13,0.000524,1525,26,501+,0.18,0.030733,0.05107,0,0,0,,,
2026-07-13,2026-07-20,01001,Autauga County,Alabama,AL,quiet,8.5e-05,1365,18,501+,0.13,0.000563,1446,22,501+,0.2,0.030731,0.054931,0,0,0,,0.936,2024-25
2026-07-13,2026-07-20,46073,Jerauld County,South Dakota,SD,quiet,8.5e-05,1366,35,501+,0.13,0.000342,1972,46,501+,0.12,0.030638,0.032797,0,0,0,,0.74,2024-25
2026-07-13,2026-07-20,37175,Transylvania County,North Carolina,NC,quiet,8.5e-05,1367,52,501+,0.13,0.000553,1468,60,501+,0.19,0.030581,0.053858,0,0,0,,0.84532374,2024-25
2026-07-13,2026-07-20,27009,Benton County,Minnesota,MN,quiet,8.4e-05,1368,46,501+,0.13,0.000732,1245,41,501+,0.25,0.030567,0.07154,0,0,0,,0.9,2024-25
2026-07-13,2026-07-20,51149,Prince George County,Virginia,VA,quiet,8.4e-05,1369,39,501+,0.13,0.000386,1841,50,501+,0.13,0.030551,0.03726,0,0,0,,0.922,2024-25
2026-07-13,2026-07-20,01055,Etowah County,Alabama,AL,quiet,8.4e-05,1370,19,501+,0.13,0.000796,1175,17,501+,0.28,0.030526,0.077779,0,0,0,,0.9409,2024-25
2026-07-13,2026-07-20,08093,Park County,Colorado,CO,quiet,8.4e-05,1371,44,501+,0.13,0.000563,1445,43,501+,0.2,0.030377,0.054932,0,0,0,,0.8588,2024-25
2026-07-13,2026-07-20,29161,Phelps County,Missouri,MO,quiet,8.4e-05,1372,27,501+,0.13,0.000649,1346,33,501+,0.23,0.030368,0.063367,0,0,0,,0.947,2024-25
2026-07-13,2026-07-20,48043,Brewster County,Texas,TX,quiet,8.4e-05,1373,132,501+,0.13,0.000968,1030,83,501+,0.34,0.030306,0.094307,0,0,1,60,0.839506,2024-25
2026-07-13,2026-07-20,13127,Glynn County,Georgia,GA,quiet,8.4e-05,1374,37,501+,0.13,0.000993,1011,20,501+,0.35,0.030284,0.09672,0,0,0,,,
2026-07-13,2026-07-20,31173,Thurston County,Nebraska,NE,quiet,8.4e-05,1375,22,501+,0.13,0.000367,1893,42,501+,0.13,0.030284,0.035343,0,0,0,,0.903225806,2024-25
2026-07-13,2026-07-20,40137,Stephens County,Oklahoma,OK,quiet,8.4e-05,1376,32,501+,0.13,0.000959,1042,14,501+,0.33,0.030278,0.093459,0,0,0,,0.9123,2024-25
2026-07-13,2026-07-20,19033,Cerro Gordo County,Iowa,IA,quiet,8.4e-05,1377,18,501+,0.13,0.000796,1176,18,501+,0.28,0.030242,0.077777,0,0,0,,0.9168357,2024-25
2026-07-13,2026-07-20,12051,Hendry County,Florida,FL,quiet,8.3e-05,1378,46,501+,0.13,0.00108,960,34,501+,0.38,0.030229,0.104947,0,0,0,,0.912,2024-25
2026-07-13,2026-07-20,30091,Sheridan County,Montana,MT,quiet,8.3e-05,1379,26,501+,0.13,0.000626,1372,25,501+,0.22,0.030226,0.061166,0,0,0,,,
2026-07-13,2026-07-20,05085,Lonoke County,Arkansas,AR,quiet,8.3e-05,1380,14,501+,0.13,0.000727,1251,11,501+,0.25,0.030207,0.071064,0,0,0,,,
2026-07-13,2026-07-20,18011,Boone County,Indiana,IN,quiet,8.3e-05,1381,25,501+,0.13,0.00069,1290,26,501+,0.24,0.03008,0.067461,0,0,0,,0.9622,2024-25
2026-07-13,2026-07-20,48489,Willacy County,Texas,TX,quiet,8.3e-05,1382,133,501+,0.13,0.00083,1134,96,501+,0.29,0.030025,0.081117,0,0,0,,0.973451,2024-25
2026-07-13,2026-07-20,27033,Cottonwood County,Minnesota,MN,quiet,8.3e-05,1383,47,501+,0.13,0.000535,1505,50,501+,0.19,0.02995,0.052118,0,0,0,,0.962,2024-25
2026-07-13,2026-07-20,48315,Marion County,Texas,TX,quiet,8.3e-05,1384,134,501+,0.13,0.000528,1517,140,501+,0.18,0.029937,0.0514,0,0,0,,0.985915,2024-25
2026-07-13,2026-07-20,45031,Darlington County,South Carolina,SC,quiet,8.3e-05,1385,32,501+,0.13,0.000516,1537,35,501+,0.18,0.029911,0.050256,0,0,0,,0.976,2024-25
2026-07-13,2026-07-20,19173,Taylor County,Iowa,IA,quiet,8.2e-05,1386,19,501+,0.13,0.000873,1101,14,501+,0.3,0.029875,0.085282,0,0,0,,0.81707317,2024-25
2026-07-13,2026-07-20,51137,Orange County,Virginia,VA,quiet,8.2e-05,1387,40,501+,0.13,0.000792,1180,32,501+,0.28,0.029868,0.077379,0,0,0,,0.89,2024-25
2026-07-13,2026-07-20,46123,Tripp County,South Dakota,SD,quiet,8.2e-05,1388,36,501+,0.13,0.000411,1774,39,501+,0.14,0.029837,0.039748,0,0,0,,0.84,2024-25
2026-07-13,2026-07-20,20133,Neosho County,Kansas,KS,quiet,8.2e-05,1389,43,501+,0.13,0.000724,1256,27,501+,0.25,0.029753,0.070728,0,0,0,,0.8044,2024-25
2026-07-13,2026-07-20,18023,Clinton County,Indiana,IN,quiet,8.2e-05,1390,26,501+,0.13,0.000547,1475,35,501+,0.19,0.029678,0.05333,0,0,0,,0.9247,2024-25
2026-07-13,2026-07-20,55003,Ashland County,Wisconsin,WI,quiet,8.2e-05,1391,35,501+,0.13,0.000404,1798,52,501+,0.14,0.029675,0.039035,0,0,0,,0.9,2024-25
2026-07-13,2026-07-20,26073,Isabella County,Michigan,MI,quiet,8.2e-05,1392,43,501+,0.13,0.000722,1258,41,501+,0.25,0.029612,0.070609,0,0,0,,0.91631799,2024-25
2026-07-13,2026-07-20,51630,Fredericksburg City,Virginia,VA,quiet,8.1e-05,1393,41,501+,0.13,0.000494,1571,41,501+,0.17,0.029552,0.04805,0,0,0,,0.898,2024-25
2026-07-13,2026-07-20,39069,Henry County,Ohio,OH,quiet,8.1e-05,1394,45,501+,0.13,0.000398,1815,62,501+,0.14,0.029505,0.038411,0,0,0,,0.872,2024-25
2026-07-13,2026-07-20,29043,Christian County,Missouri,MO,quiet,8.1e-05,1395,28,501+,0.13,0.001054,974,19,501+,0.37,0.029502,0.102428,0,0,0,,0.815,2024-25
2026-07-13,2026-07-20,26047,Emmet County,Michigan,MI,quiet,8.1e-05,1396,44,501+,0.13,0.001149,914,25,501+,0.4,0.029481,0.111361,0,0,0,,0.91290323,2024-25
2026-07-13,2026-07-20,47103,Lincoln County,Tennessee,TN,quiet,8.1e-05,1397,31,501+,0.13,0.000465,1644,38,501+,0.16,0.029375,0.045187,0,0,0,,0.925,2024-25
2026-07-13,2026-07-20,42033,Clearfield County,Pennsylvania,PA,quiet,8.1e-05,1398,45,501+,0.13,0.001558,742,40,501+,0.54,0.02937,0.148228,0,0,0,,0.93,2024-25
2026-07-13,2026-07-20,06021,Glenn County,California,CA,quiet,8.1e-05,1399,53,501+,0.13,0.000543,1485,53,501+,0.19,0.029361,0.05287,0,0,0,,0.84473,2024-25
2026-07-13,2026-07-20,48133,Eastland County,Texas,TX,quiet,8.1e-05,1400,135,501+,0.13,0.00096,1038,86,501+,0.33,0.02931,0.093613,0,0,2,63,0.903226,2024-25
2026-07-13,2026-07-20,22105,Tangipahoa Parish,Louisiana,LA,quiet,8.1e-05,1401,13,501+,0.13,0.000628,1368,13,501+,0.22,0.0293,0.061364,0,0,0,,0.9189,2024-25
2026-07-13,2026-07-20,48277,Lamar County,Texas,TX,quiet,8.1e-05,1402,136,501+,0.13,0.00113,926,75,501+,0.39,0.029245,0.109617,0,0,28,53,0.942529,2024-25
2026-07-13,2026-07-20,37099,Jackson County,North Carolina,NC,quiet,8.1e-05,1403,53,501+,0.13,0.000813,1153,50,501+,0.28,0.029228,0.079472,0,0,0,,0.92913386,2024-25
2026-07-13,2026-07-20,48193,Hamilton County,Texas,TX,quiet,8e-05,1404,137,501+,0.13,0.000763,1209,107,501+,0.27,0.029207,0.074577,0,0,0,,0.895833,2024-25
2026-07-13,2026-07-20,20077,Harper County,Kansas,KS,quiet,8e-05,1405,44,501+,0.13,0.000299,2117,81,501+,0.1,0.029175,0.028534,0,0,0,,0.7782,2024-25
2026-07-13,2026-07-20,27025,Chisago County,Minnesota,MN,quiet,8e-05,1406,48,501+,0.13,0.001667,713,20,501+,0.58,0.029169,0.157671,0,0,0,,0.884,2024-25
2026-07-13,2026-07-20,13073,Columbia County,Georgia,GA,quiet,8e-05,1407,38,501+,0.13,0.000458,1655,51,501+,0.16,0.029158,0.04446,0,0,0,,,
2026-07-13,2026-07-20,30053,Lincoln County,Montana,MT,quiet,8e-05,1408,27,501+,0.13,0.000945,1050,20,501+,0.33,0.02914,0.092111,0,0,0,,,
2026-07-13,2026-07-20,25007,Dukes County,Massachusetts,MA,quiet,8e-05,1409,14,501+,0.13,0.000559,1454,14,501+,0.19,0.029133,0.054538,0,0,0,,0.951,2024-25
2026-07-13,2026-07-20,45037,Edgefield County,South Carolina,SC,quiet,8e-05,1410,33,501+,0.13,0.000403,1803,38,501+,0.14,0.02913,0.038936,0,0,0,,0.962,2024-25
2026-07-13,2026-07-20,55097,Portage County,Wisconsin,WI,quiet,8e-05,1411,36,501+,0.13,0.000989,1012,33,501+,0.34,0.029125,0.096352,0,0,0,,0.87,2024-25
2026-07-13,2026-07-20,38009,Bottineau County,North Dakota,ND,quiet,8e-05,1412,22,501+,0.13,0.000713,1272,23,501+,0.25,0.029107,0.069703,0,0,0,,0.918,2024-25
2026-07-13,2026-07-20,46135,Yankton County,South Dakota,SD,quiet,8e-05,1413,37,501+,0.13,0.000592,1409,29,501+,0.21,0.029105,0.057813,0,0,0,,0.97,2024-25
2026-07-13,2026-07-20,30005,Blaine County,Montana,MT,quiet,8e-05,1414,28,501+,0.13,0.000494,1573,28,501+,0.17,0.029089,0.048007,0,0,0,,,
2026-07-13,2026-07-20,01033,Colbert County,Alabama,AL,quiet,8e-05,1415,20,501+,0.13,0.000701,1281,20,501+,0.24,0.029073,0.068475,0,0,0,,0.9597,2024-25
2026-07-13,2026-07-20,55053,Jackson County,Wisconsin,WI,quiet,8e-05,1416,37,501+,0.13,0.000504,1554,46,501+,0.18,0.029026,0.049021,0,0,0,,0.79,2024-25
2026-07-13,2026-07-20,48429,Stephens County,Texas,TX,quiet,8e-05,1417,138,501+,0.13,0.000381,1854,173,501+,0.13,0.028988,0.036711,0,0,0,,0.918367,2024-25
2026-07-13,2026-07-20,27085,McLeod County,Minnesota,MN,quiet,8e-05,1418,49,501+,0.13,0.000803,1168,36,501+,0.28,0.028987,0.078477,0,0,0,,0.887,2024-25
2026-07-13,2026-07-20,51181,Surry County,Virginia,VA,quiet,8e-05,1419,42,501+,0.13,0.000329,2015,60,501+,0.11,0.028943,0.031506,0,0,0,,0.918,2024-25
2026-07-13,2026-07-20,48143,Erath County,Texas,TX,quiet,8e-05,1420,139,501+,0.13,0.001048,977,78,501+,0.36,0.028936,0.101871,0,0,1,69,0.949425,2024-25
2026-07-13,2026-07-20,39051,Fulton County,Ohio,OH,quiet,8e-05,1421,46,501+,0.13,0.000593,1408,52,501+,0.21,0.028929,0.057888,0,0,0,,0.882,2024-25
2026-07-13,2026-07-20,31107,Knox County,Nebraska,NE,quiet,8e-05,1422,23,501+,0.13,0.000418,1759,34,501+,0.15,0.028928,0.040411,0,0,0,,0.907563025,2024-25
2026-07-13,2026-07-20,31145,Red Willow County,Nebraska,NE,quiet,8e-05,1423,24,501+,0.13,0.00037,1882,41,501+,0.13,0.028882,0.035609,0,0,0,,0.976923077,2024-25
2026-07-13,2026-07-20,17195,Whiteside County,Illinois,IL,quiet,7.9e-05,1424,31,501+,0.13,0.000625,1378,30,501+,0.22,0.028852,0.060994,0,0,0,,0.966,2024-25
2026-07-13,2026-07-20,05025,Cleveland County,Arkansas,AR,quiet,7.9e-05,1425,15,501+,0.13,0.000389,1834,25,501+,0.14,0.028841,0.037536,0,0,0,,,
2026-07-13,2026-07-20,29113,Lincoln County,Missouri,MO,quiet,7.9e-05,1426,29,501+,0.13,0.000699,1283,27,501+,0.24,0.028831,0.068327,0,0,0,,0.936,2024-25
2026-07-13,2026-07-20,02066,Copper River Census Area,Alaska,AK,quiet,7.9e-05,1427,9,501+,0.13,0.000491,1578,12,501+,0.17,0.028799,0.047749,0,0,0,,,
2026-07-13,2026-07-20,46043,Douglas County,South Dakota,SD,quiet,7.9e-05,1428,38,501+,0.12,0.000543,1483,31,501+,0.19,0.028743,0.052911,0,0,0,,0.72,2024-25
2026-07-13,2026-07-20,17087,Johnson County,Illinois,IL,quiet,7.9e-05,1429,32,501+,0.12,0.000626,1375,29,501+,0.22,0.028735,0.061107,0,0,0,,0.978,2024-25
2026-07-13,2026-07-20,01043,Cullman County,Alabama,AL,quiet,7.9e-05,1430,21,501+,0.12,0.000799,1172,16,501+,0.28,0.028703,0.07811,0,0,0,,0.938,2024-25
2026-07-13,2026-07-20,48337,Montague County,Texas,TX,quiet,7.9e-05,1431,140,501+,0.12,0.000966,1033,84,501+,0.34,0.0287,0.094141,0,0,0,,0.87,2024-25
2026-07-13,2026-07-20,51660,Harrisonburg City,Virginia,VA,quiet,7.9e-05,1432,43,501+,0.12,0.000349,1946,56,501+,0.12,0.028687,0.033493,0,0,0,,0.884,2024-25
2026-07-13,2026-07-20,13011,Banks County,Georgia,GA,quiet,7.9e-05,1433,39,501+,0.12,0.000427,1733,56,501+,0.15,0.028635,0.041335,0,0,0,,,
2026-07-13,2026-07-20,13133,Greene County,Georgia,GA,quiet,7.9e-05,1434,40,501+,0.12,0.000302,2104,82,501+,0.11,0.028611,0.028843,0,0,0,,,
2026-07-13,2026-07-20,20153,Rawlins County,Kansas,KS,quiet,7.9e-05,1435,45,501+,0.12,0.000484,1595,51,501+,0.17,0.028567,0.046986,0,0,0,,0.6733,2024-25
2026-07-13,2026-07-20,48379,Rains County,Texas,TX,quiet,7.9e-05,1436,141,501+,0.12,0.001668,712,51,501+,0.58,0.028545,0.157698,0,0,1,45,0.967742,2024-25
2026-07-13,2026-07-20,26105,Mason County,Michigan,MI,quiet,7.8e-05,1437,45,501+,0.12,0.000639,1358,44,501+,0.22,0.028516,0.062448,0,0,0,,0.88888889,2024-25
2026-07-13,2026-07-20,42013,Blair County,Pennsylvania,PA,quiet,7.8e-05,1438,46,501+,0.12,0.00154,747,41,501+,0.54,0.028495,0.146598,0,0,0,,0.92,2024-25
2026-07-13,2026-07-20,48281,Lampasas County,Texas,TX,quiet,7.8e-05,1439,142,501+,0.12,0.000495,1568,145,501+,0.17,0.028494,0.048153,0,0,0,,0.956175,2024-25
2026-07-13,2026-07-20,18167,Vigo County,Indiana,IN,quiet,7.8e-05,1440,27,501+,0.12,0.000768,1207,25,501+,0.27,0.028487,0.075024,0,0,0,,0.9713,2024-25
2026-07-13,2026-07-20,40029,Coal County,Oklahoma,OK,quiet,7.8e-05,1441,33,501+,0.12,0.000341,1975,52,501+,0.12,0.028429,0.032746,0,0,0,,0.7143,2024-25
2026-07-13,2026-07-20,13213,Murray County,Georgia,GA,quiet,7.8e-05,1442,41,501+,0.12,0.000669,1313,37,501+,0.23,0.02842,0.065392,0,0,0,,,
2026-07-13,2026-07-20,28081,Lee County,Mississippi,MS,quiet,7.8e-05,1443,10,501+,0.12,0.000595,1405,8,501+,0.21,0.02836,0.058038,0,0,0,,0.9725,2024-25
2026-07-13,2026-07-20,01021,Chilton County,Alabama,AL,quiet,7.8e-05,1444,22,501+,0.12,0.000506,1548,24,501+,0.18,0.02833,0.049276,0,0,0,,0.954,2024-25
2026-07-13,2026-07-20,28123,Scott County,Mississippi,MS,quiet,7.8e-05,1445,11,501+,0.12,0.000494,1572,10,501+,0.17,0.028286,0.04803,0,0,0,,0.9772,2024-25
2026-07-13,2026-07-20,05039,Dallas County,Arkansas,AR,quiet,7.8e-05,1446,16,501+,0.12,0.000406,1795,23,501+,0.14,0.028277,0.039224,0,0,0,,,
2026-07-13,2026-07-20,05131,Sebastian County,Arkansas,AR,quiet,7.8e-05,1447,17,501+,0.12,0.000576,1430,15,501+,0.2,0.02826,0.056161,0,0,0,,,
2026-07-13,2026-07-20,19147,Palo Alto County,Iowa,IA,quiet,7.8e-05,1448,20,501+,0.12,0.000408,1787,29,501+,0.14,0.02826,0.039486,0,0,0,,0.94444444,2024-25
2026-07-13,2026-07-20,48307,McCulloch County,Texas,TX,quiet,7.8e-05,1449,143,501+,0.12,0.000386,1840,170,501+,0.13,0.028245,0.037276,0,0,0,,0.939759,2024-25
2026-07-13,2026-07-20,47131,Obion County,Tennessee,TN,quiet,7.8e-05,1450,32,501+,0.12,0.000366,1898,50,501+,0.13,0.028234,0.035258,0,0,0,,0.954,2024-25
2026-07-13,2026-07-20,48237,Jack County,Texas,TX,quiet,7.7e-05,1451,144,501+,0.12,0.000418,1758,161,501+,0.15,0.028179,0.040452,0,0,0,,0.835294,2024-25
2026-07-13,2026-07-20,02063,Chugach Census Area,Alaska,AK,quiet,7.7e-05,1452,10,501+,0.12,0.000825,1139,7,501+,0.29,0.028072,0.080638,0,0,0,,,
2026-07-13,2026-07-20,40019,Carter County,Oklahoma,OK,quiet,7.7e-05,1453,34,501+,0.12,0.000431,1719,41,501+,0.15,0.027983,0.041791,0,0,0,,0.8903,2024-25
2026-07-13,2026-07-20,48203,Harrison County,Texas,TX,quiet,7.7e-05,1454,145,501+,0.12,0.000518,1534,142,501+,0.18,0.027938,0.050472,0,0,1,60,0.929988,2024-25
2026-07-13,2026-07-20,12041,Gilchrist County,Florida,FL,quiet,7.7e-05,1455,47,501+,0.12,0.000501,1560,48,501+,0.17,0.027908,0.048715,0,0,0,,0.921,2024-25
2026-07-13,2026-07-20,27087,Mahnomen County,Minnesota,MN,quiet,7.7e-05,1456,50,501+,0.12,0.00045,1672,61,501+,0.16,0.027882,0.043591,0,0,0,,0.931,2024-25
2026-07-13,2026-07-20,51095,James City County,Virginia,VA,quiet,7.6e-05,1457,44,501+,0.12,0.000624,1379,37,501+,0.22,0.027825,0.060925,0,0,0,,0.861,2024-25
2026-07-13,2026-07-20,37061,Duplin County,North Carolina,NC,quiet,7.6e-05,1458,54,501+,0.12,0.000412,1771,73,501+,0.14,0.027756,0.03985,0,0,0,,0.97982346,2024-25
2026-07-13,2026-07-20,27081,Lincoln County,Minnesota,MN,quiet,7.6e-05,1459,51,501+,0.12,0.000322,2035,73,501+,0.11,0.027718,0.030805,0,0,0,,0.862,2024-25
2026-07-13,2026-07-20,47147,Robertson County,Tennessee,TN,quiet,7.6e-05,1460,33,501+,0.12,0.000731,1246,29,501+,0.25,0.0277,0.071446,0,0,0,,0.961,2024-25
2026-07-13,2026-07-20,48129,Donley County,Texas,TX,quiet,7.6e-05,1461,146,501+,0.12,0.000796,1177,102,501+,0.28,0.027646,0.077747,0,0,0,,0.909091,2024-25
2026-07-13,2026-07-20,30095,Stillwater County,Montana,MT,quiet,7.6e-05,1462,29,501+,0.12,0.000883,1094,21,501+,0.31,0.027638,0.086164,0,0,0,,,
2026-07-13,2026-07-20,19069,Franklin County,Iowa,IA,quiet,7.6e-05,1463,21,501+,0.12,0.00031,2080,44,501+,0.11,0.027577,0.029648,0,0,0,,0.94897959,2024-25
2026-07-13,2026-07-20,51131,Northampton County,Virginia,VA,quiet,7.6e-05,1464,45,501+,0.12,0.000483,1597,43,501+,0.17,0.027545,0.046941,0,0,0,,0.904,2024-25
2026-07-13,2026-07-20,39101,Marion County,Ohio,OH,quiet,7.6e-05,1465,47,501+,0.12,0.000768,1206,44,501+,0.27,0.027512,0.075042,0,0,0,,0.931,2024-25
2026-07-13,2026-07-20,18181,White County,Indiana,IN,quiet,7.5e-05,1466,28,501+,0.12,0.000369,1886,49,501+,0.13,0.027488,0.03551,0,0,0,,0.9655,2024-25
2026-07-13,2026-07-20,27047,Freeborn County,Minnesota,MN,quiet,7.5e-05,1467,52,501+,0.12,0.000566,1441,46,501+,0.2,0.027445,0.05521,0,0,0,,0.851,2024-25
2026-07-13,2026-07-20,39145,Scioto County,Ohio,OH,quiet,7.5e-05,1468,48,501+,0.12,0.000709,1276,47,501+,0.25,0.027396,0.069259,0,0,0,,0.971,2024-25
2026-07-13,2026-07-20,48469,Victoria County,Texas,TX,quiet,7.5e-05,1469,147,501+,0.12,0.00061,1387,125,501+,0.21,0.02739,0.059575,0,0,0,,0.97942,2024-25
2026-07-13,2026-07-20,20159,Rice County,Kansas,KS,quiet,7.5e-05,1470,46,501+,0.12,0.000378,1861,69,501+,0.13,0.027372,0.036474,0,0,0,,0.8749,2024-25
2026-07-13,2026-07-20,28019,Choctaw County,Mississippi,MS,quiet,7.5e-05,1471,12,501+,0.12,0.000432,1717,12,501+,0.15,0.027369,0.041879,0,0,0,,0.9646,2024-25
2026-07-13,2026-07-20,31023,Butler County,Nebraska,NE,quiet,7.5e-05,1472,25,501+,0.12,0.000586,1416,21,501+,0.2,0.027317,0.057223,0,0,0,,0.93442623,2024-25
2026-07-13,2026-07-20,55045,Green County,Wisconsin,WI,quiet,7.5e-05,1473,38,501+,0.12,0.00073,1248,40,501+,0.25,0.027283,0.071335,0,0,0,,0.89,2024-25
2026-07-13,2026-07-20,51093,Isle of Wight County,Virginia,VA,quiet,7.5e-05,1474,46,501+,0.12,0.000256,2269,70,501+,0.09,0.027211,0.024238,0,0,0,,0.802,2024-25
2026-07-13,2026-07-20,38023,Divide County,North Dakota,ND,quiet,7.5e-05,1475,23,501+,0.12,0.000517,1536,27,501+,0.18,0.027162,0.050302,0,0,0,,0.9118,2024-25
2026-07-13,2026-07-20,36019,Clinton County,New York,NY,quiet,7.4e-05,1476,48,501+,0.12,0.000545,1480,45,501+,0.19,0.027073,0.053148,0,0,0,,0.998558131,2024-25
2026-07-13,2026-07-20,48321,Matagorda County,Texas,TX,quiet,7.4e-05,1477,148,501+,0.12,0.000446,1682,153,501+,0.15,0.027068,0.043208,0,0,0,,0.969697,2024-25
2026-07-13,2026-07-20,40059,Harper County,Oklahoma,OK,quiet,7.4e-05,1478,35,501+,0.12,0.000337,1989,54,501+,0.12,0.02706,0.032346,0,0,0,,0.963,2024-25
2026-07-13,2026-07-20,51157,Rappahannock County,Virginia,VA,quiet,7.4e-05,1479,47,501+,0.12,0.000856,1116,29,501+,0.3,0.027011,0.083628,0,0,0,,0.703,2024-25
2026-07-13,2026-07-20,47061,Grundy County,Tennessee,TN,quiet,7.4e-05,1480,34,501+,0.12,0.000469,1632,37,501+,0.16,0.027006,0.045488,0,0,0,,0.809,2024-25
2026-07-13,2026-07-20,39157,Tuscarawas County,Ohio,OH,quiet,7.4e-05,1481,49,501+,0.12,0.000586,1417,53,501+,0.2,0.026982,0.057189,0,0,0,,0.925,2024-25
2026-07-13,2026-07-20,40045,Ellis County,Oklahoma,OK,quiet,7.4e-05,1482,36,501+,0.12,0.000651,1342,26,501+,0.23,0.026959,0.063566,0,0,0,,0.8913,2024-25
2026-07-13,2026-07-20,55047,Green Lake County,Wisconsin,WI,quiet,7.4e-05,1483,39,501+,0.12,0.000523,1527,45,501+,0.18,0.026914,0.050966,0,0,0,,0.86,2024-25
2026-07-13,2026-07-20,46127,Union County,South Dakota,SD,quiet,7.4e-05,1484,39,501+,0.12,0.00076,1213,23,501+,0.26,0.026877,0.074301,0,0,0,,0.94,2024-25
2026-07-13,2026-07-20,17057,Fulton County,Illinois,IL,quiet,7.4e-05,1485,33,501+,0.12,0.000427,1735,43,501+,0.15,0.026863,0.041307,0,0,0,,0.975,2024-25
2026-07-13,2026-07-20,48425,Somervell County,Texas,TX,quiet,7.4e-05,1486,149,501+,0.12,0.000646,1349,119,501+,0.22,0.026847,0.063067,0,0,0,,0.895105,2024-25
2026-07-13,2026-07-20,51001,Accomack County,Virginia,VA,quiet,7.4e-05,1487,48,501+,0.12,0.000473,1619,44,501+,0.16,0.026819,0.045984,0,0,0,,0.786,2024-25
2026-07-13,2026-07-20,19021,Buena Vista County,Iowa,IA,quiet,7.3e-05,1488,22,501+,0.12,0.00028,2187,57,501+,0.1,0.02681,0.026613,0,0,0,,0.80758017,2024-25
2026-07-13,2026-07-20,48287,Lee County,Texas,TX,quiet,7.3e-05,1489,150,501+,0.12,0.000437,1701,155,501+,0.15,0.026798,0.042381,0,0,0,,0.94686,2024-25
2026-07-13,2026-07-20,31025,Cass County,Nebraska,NE,quiet,7.3e-05,1490,26,501+,0.12,0.000779,1194,15,501+,0.27,0.026755,0.076138,0,0,0,,0.924686192,2024-25
2026-07-13,2026-07-20,13313,Whitfield County,Georgia,GA,quiet,7.3e-05,1491,42,501+,0.12,0.000473,1621,47,501+,0.16,0.026692,0.045961,0,0,0,,,
2026-07-13,2026-07-20,13025,Brantley County,Georgia,GA,quiet,7.3e-05,1492,43,501+,0.12,0.00047,1630,49,501+,0.16,0.026668,0.045622,0,0,0,,,
2026-07-13,2026-07-20,48223,Hopkins County,Texas,TX,quiet,7.3e-05,1493,151,501+,0.12,0.000511,1543,143,501+,0.18,0.026602,0.049694,0,0,0,,0.967672,2024-25
2026-07-13,2026-07-20,13231,Pike County,Georgia,GA,quiet,7.3e-05,1494,44,501+,0.11,0.000675,1310,36,501+,0.23,0.02655,0.065958,0,0,0,,,
2026-07-13,2026-07-20,39091,Logan County,Ohio,OH,quiet,7.3e-05,1495,50,501+,0.11,0.001263,862,33,501+,0.44,0.026536,0.121873,0,0,0,,0.842,2024-25
2026-07-13,2026-07-20,29039,Cedar County,Missouri,MO,quiet,7.3e-05,1496,30,501+,0.11,0.001252,867,16,501+,0.44,0.026528,0.120806,0,0,5,54,0.744,2024-25
2026-07-13,2026-07-20,08115,Sedgwick County,Colorado,CO,quiet,7.3e-05,1497,45,501+,0.11,0.000226,2377,52,501+,0.08,0.026509,0.021281,0,0,0,,0.75,2024-25
2026-07-13,2026-07-20,37033,Caswell County,North Carolina,NC,quiet,7.2e-05,1498,55,501+,0.11,0.000302,2107,80,501+,0.1,0.026463,0.028803,0,0,0,,0.95266272,2024-25
2026-07-13,2026-07-20,37181,Vance County,North Carolina,NC,quiet,7.2e-05,1499,56,501+,0.11,0.000612,1384,55,501+,0.21,0.026405,0.059705,0,0,0,,0.92307692,2024-25
2026-07-13,2026-07-20,53075,Whitman County,Washington,WA,quiet,7.2e-05,1500,34,501+,0.11,0.000423,1748,37,501+,0.15,0.026315,0.04093,0,0,0,,0.908,2024-25
2026-07-13,2026-07-20,48115,Dawson County,Texas,TX,quiet,7.2e-05,1501,152,501+,0.11,0.001443,780,54,501+,0.5,0.026315,0.138073,0,0,26,63,0.875,2024-25
2026-07-13,2026-07-20,08071,Las Animas County,Colorado,CO,quiet,7.2e-05,1502,46,501+,0.11,0.000398,1813,47,501+,0.14,0.026278,0.038423,0,0,0,,0.8182,2024-25
2026-07-13,2026-07-20,51079,Greene County,Virginia,VA,quiet,7.2e-05,1503,49,501+,0.11,0.000387,1839,49,501+,0.13,0.026263,0.037323,0,0,0,,0.889,2024-25
2026-07-13,2026-07-20,48319,Mason County,Texas,TX,quiet,7.2e-05,1504,153,501+,0.11,0.000557,1457,132,501+,0.19,0.026253,0.054277,0,0,0,,0.923077,2024-25
2026-07-13,2026-07-20,20071,Greeley County,Kansas,KS,quiet,7.2e-05,1505,47,501+,0.11,0.000502,1557,48,501+,0.17,0.026213,0.048856,0,0,0,,0.8947,2024-25
2026-07-13,2026-07-20,20201,Washington County,Kansas,KS,quiet,7.2e-05,1506,48,501+,0.11,0.000539,1494,45,501+,0.19,0.026177,0.052551,0,0,0,,0.9708,2024-25
2026-07-13,2026-07-20,27161,Waseca County,Minnesota,MN,quiet,7.2e-05,1507,53,501+,0.11,0.000563,1447,47,501+,0.2,0.026177,0.054879,0,0,0,,0.891,2024-25
2026-07-13,2026-07-20,48247,Jim Hogg County,Texas,TX,quiet,7.2e-05,1508,154,501+,0.11,0.00021,2429,220,501+,0.07,0.02615,0.019704,0,0,0,,0.943396,2024-25
2026-07-13,2026-07-20,26101,Manistee County,Michigan,MI,quiet,7.2e-05,1509,46,501+,0.11,0.00048,1606,55,501+,0.17,0.026136,0.046626,0,0,0,,0.85755814,2024-25
2026-07-13,2026-07-20,27043,Faribault County,Minnesota,MN,quiet,7.2e-05,1510,54,501+,0.11,0.00041,1779,67,501+,0.14,0.026135,0.039621,0,0,0,,0.883,2024-25
2026-07-13,2026-07-20,17075,Iroquois County,Illinois,IL,quiet,7.1e-05,1511,34,501+,0.11,0.000282,2179,59,501+,0.1,0.026097,0.026804,0,0,0,,0.971,2024-25
2026-07-13,2026-07-20,36035,Fulton County,New York,NY,quiet,7.1e-05,1512,49,501+,0.11,0.000484,1593,47,501+,0.17,0.026095,0.047041,0,0,0,,0.998032059,2024-25
2026-07-13,2026-07-20,45001,Abbeville County,South Carolina,SC,quiet,7.1e-05,1513,34,501+,0.11,0.000734,1242,30,501+,0.26,0.026086,0.071717,0,0,0,,0.942,2024-25
2026-07-13,2026-07-20,22057,Lafourche Parish,Louisiana,LA,quiet,7.1e-05,1514,14,501+,0.11,0.000538,1500,16,501+,0.19,0.026049,0.052446,0,0,0,,0.9205,2024-25
2026-07-13,2026-07-20,45025,Chesterfield County,South Carolina,SC,quiet,7.1e-05,1515,35,501+,0.11,0.00039,1830,39,501+,0.14,0.026034,0.037679,0,0,0,,0.973,2024-25
2026-07-13,2026-07-20,28141,Tishomingo County,Mississippi,MS,quiet,7.1e-05,1516,13,501+,0.11,0.000301,2108,22,501+,0.1,0.025989,0.028786,0,0,0,,0.9583,2024-25
2026-07-13,2026-07-20,19139,Muscatine County,Iowa,IA,quiet,7.1e-05,1517,23,501+,0.11,0.000661,1328,21,501+,0.23,0.025987,0.064604,0,0,0,,0.89800443,2024-25
2026-07-13,2026-07-20,48285,Lavaca County,Texas,TX,quiet,7.1e-05,1518,155,501+,0.11,0.00031,2079,194,501+,0.11,0.025953,0.029657,0,0,0,,0.95389,2024-25
2026-07-13,2026-07-20,17077,Jackson County,Illinois,IL,quiet,7.1e-05,1519,35,501+,0.11,0.000525,1523,36,501+,0.18,0.025933,0.05112,0,0,0,,0.967,2024-25
2026-07-13,2026-07-20,27143,Sibley County,Minnesota,MN,quiet,7.1e-05,1520,55,501+,0.11,0.000407,1792,68,501+,0.14,0.025881,0.03936,0,0,0,,0.808,2024-25
2026-07-13,2026-07-20,19087,Henry County,Iowa,IA,quiet,7.1e-05,1521,24,501+,0.11,0.000378,1862,32,501+,0.13,0.025861,0.036469,0,0,0,,0.90865385,2024-25
2026-07-13,2026-07-20,46075,Jones County,South Dakota,SD,quiet,7.1e-05,1522,40,501+,0.11,0.000287,2159,49,501+,0.1,0.025856,0.027379,0,0,0,,1.0,2024-25
2026-07-13,2026-07-20,55113,Sawyer County,Wisconsin,WI,quiet,7.1e-05,1523,40,501+,0.11,0.000695,1289,41,501+,0.24,0.025855,0.067961,0,0,0,,0.82,2024-25
2026-07-13,2026-07-20,01109,Pike County,Alabama,AL,quiet,7.1e-05,1524,23,501+,0.11,0.000331,2006,32,501+,0.12,0.025796,0.031752,0,0,0,,0.9665,2024-25
2026-07-13,2026-07-20,54049,Marion County,West Virginia,WV,quiet,7e-05,1525,8,501+,0.11,0.001315,838,4,501+,0.46,0.025781,0.126545,0,0,0,,,
2026-07-13,2026-07-20,12133,Washington County,Florida,FL,quiet,7e-05,1526,48,501+,0.11,0.00076,1214,40,501+,0.26,0.02574,0.074266,0,0,0,,0.881,2024-25
2026-07-13,2026-07-20,48477,Washington County,Texas,TX,quiet,7e-05,1527,156,501+,0.11,0.00061,1386,124,501+,0.21,0.025673,0.059598,0,0,0,,0.953333,2024-25
2026-07-13,2026-07-20,27023,Chippewa County,Minnesota,MN,quiet,7e-05,1528,56,501+,0.11,0.000442,1689,62,501+,0.15,0.025647,0.042822,0,0,0,,0.881,2024-25
2026-07-13,2026-07-20,28045,Hancock County,Mississippi,MS,quiet,7e-05,1529,14,501+,0.11,0.000993,1009,4,501+,0.35,0.025636,0.096738,0,0,0,,0.98,2024-25
2026-07-13,2026-07-20,47051,Franklin County,Tennessee,TN,quiet,7e-05,1530,35,501+,0.11,0.000539,1497,34,501+,0.19,0.025627,0.052493,0,0,0,,0.952,2024-25
2026-07-13,2026-07-20,20053,Ellsworth County,Kansas,KS,quiet,7e-05,1531,49,501+,0.11,0.000567,1437,40,501+,0.2,0.025589,0.055341,0,0,0,,0.9391,2024-25
2026-07-13,2026-07-20,48395,Robertson County,Texas,TX,quiet,7e-05,1532,157,501+,0.11,0.000377,1865,174,501+,0.13,0.025542,0.036387,0,0,0,,0.968182,2024-25
2026-07-13,2026-07-20,36021,Columbia County,New York,NY,quiet,6.9e-05,1533,50,501+,0.11,0.000431,1720,49,501+,0.15,0.025439,0.041774,0,0,0,,0.992281204,2024-25
2026-07-13,2026-07-20,46061,Hanson County,South Dakota,SD,quiet,6.9e-05,1534,41,501+,0.11,0.000458,1656,35,501+,0.16,0.025433,0.044429,0,0,0,,0.77,2024-25
2026-07-13,2026-07-20,18053,Grant County,Indiana,IN,quiet,6.9e-05,1535,29,501+,0.11,0.000661,1326,30,501+,0.23,0.025418,0.064631,0,0,0,,0.9022,2024-25
2026-07-13,2026-07-20,19149,Plymouth County,Iowa,IA,quiet,6.9e-05,1536,25,501+,0.11,0.00046,1652,25,501+,0.16,0.02535,0.044595,0,0,0,,0.88178914,2024-25
2026-07-13,2026-07-20,48037,Bowie County,Texas,TX,quiet,6.9e-05,1537,158,501+,0.11,0.000663,1324,116,501+,0.23,0.025312,0.064767,0,0,0,,0.925647,2024-25
2026-07-13,2026-07-20,21179,Nelson County,Kentucky,KY,quiet,6.9e-05,1538,21,501+,0.11,0.000566,1440,21,501+,0.2,0.02529,0.055236,0,0,0,,0.952,2024-25
2026-07-13,2026-07-20,48051,Burleson County,Texas,TX,quiet,6.9e-05,1539,159,501+,0.11,0.000536,1503,137,501+,0.19,0.025285,0.052204,0,0,0,,0.961905,2024-25
2026-07-13,2026-07-20,20041,Dickinson County,Kansas,KS,quiet,6.9e-05,1540,50,501+,0.11,0.000561,1450,42,501+,0.2,0.025265,0.054698,0,0,0,,0.8912,2024-25
2026-07-13,2026-07-20,30097,Sweet Grass County,Montana,MT,quiet,6.9e-05,1541,30,501+,0.11,0.001136,923,16,501+,0.4,0.02526,0.110157,0,0,0,,,
2026-07-13,2026-07-20,22073,Ouachita Parish,Louisiana,LA,quiet,6.9e-05,1542,15,501+,0.11,0.000455,1661,20,501+,0.16,0.025239,0.044151,0,0,0,,0.8409,2024-25
2026-07-13,2026-07-20,26107,Mecosta County,Michigan,MI,quiet,6.9e-05,1543,47,501+,0.11,0.000807,1160,37,501+,0.28,0.025222,0.078909,0,0,0,,0.91252485,2024-25
2026-07-13,2026-07-20,02060,Bristol Bay Borough,Alaska,AK,quiet,6.9e-05,1544,11,501+,0.11,0.000301,2111,15,501+,0.1,0.025182,0.028692,0,0,0,,,
2026-07-13,2026-07-20,40123,Pontotoc County,Oklahoma,OK,quiet,6.9e-05,1545,37,501+,0.11,0.000539,1496,32,501+,0.19,0.025163,0.052514,0,0,0,,0.9313,2024-25
2026-07-13,2026-07-20,35003,Catron County,New Mexico,NM,quiet,6.9e-05,1546,22,501+,0.11,0.000325,2028,28,501+,0.11,0.025161,0.03115,0,0,0,,0.5,2024-25
2026-07-13,2026-07-20,48191,Hall County,Texas,TX,quiet,6.9e-05,1547,160,501+,0.11,0.000181,2548,229,501+,0.06,0.025152,0.016818,0,0,0,,0.777778,2024-25
2026-07-13,2026-07-20,48387,Red River County,Texas,TX,quiet,6.9e-05,1548,161,501+,0.11,0.000596,1403,128,501+,0.21,0.02515,0.058183,0,0,0,,0.966102,2024-25
2026-07-13,2026-07-20,12107,Putnam County,Florida,FL,quiet,6.8e-05,1549,49,501+,0.11,0.000409,1785,53,501+,0.14,0.02506,0.039515,0,0,0,,0.901,2024-25
2026-07-13,2026-07-20,48239,Jackson County,Texas,TX,quiet,6.8e-05,1550,162,501+,0.11,0.000311,2076,193,501+,0.11,0.025046,0.029693,0,0,0,,0.953307,2024-25
2026-07-13,2026-07-20,20135,Ness County,Kansas,KS,quiet,6.8e-05,1551,51,501+,0.11,0.000487,1587,50,501+,0.17,0.025039,0.047357,0,0,0,,0.7356,2024-25
2026-07-13,2026-07-20,31121,Merrick County,Nebraska,NE,quiet,6.8e-05,1552,27,501+,0.11,0.000471,1628,29,501+,0.16,0.024944,0.045704,0,0,0,,0.973333333,2024-25
2026-07-13,2026-07-20,17177,Stephenson County,Illinois,IL,quiet,6.8e-05,1553,36,501+,0.11,0.0006,1396,32,501+,0.21,0.024879,0.058533,0,0,0,,0.963,2024-25
2026-07-13,2026-07-20,48117,Deaf Smith County,Texas,TX,quiet,6.7e-05,1554,163,501+,0.11,0.000229,2368,216,501+,0.08,0.024733,0.02152,0,0,0,,0.993333,2024-25
2026-07-13,2026-07-20,21021,Boyle County,Kentucky,KY,quiet,6.7e-05,1555,22,501+,0.11,0.000442,1690,27,501+,0.15,0.024724,0.04282,0,0,0,,0.931,2024-25
2026-07-13,2026-07-20,13147,Hart County,Georgia,GA,quiet,6.7e-05,1556,45,501+,0.11,0.000948,1046,23,501+,0.33,0.024718,0.092442,0,0,0,,,
2026-07-13,2026-07-20,47117,Marshall County,Tennessee,TN,quiet,6.7e-05,1557,36,501+,0.11,0.000503,1556,35,501+,0.17,0.024644,0.048925,0,0,0,,0.918,2024-25
2026-07-13,2026-07-20,41031,Jefferson County,Oregon,OR,quiet,6.7e-05,1558,25,501+,0.11,0.000409,1786,29,501+,0.14,0.024633,0.039491,0,0,0,,0.941,2024-25
2026-07-13,2026-07-20,51075,Goochland County,Virginia,VA,quiet,6.7e-05,1559,50,501+,0.11,0.000468,1635,46,501+,0.16,0.024571,0.045446,0,0,0,,0.97,2024-25
2026-07-13,2026-07-20,20051,Ellis County,Kansas,KS,quiet,6.7e-05,1560,52,501+,0.11,0.000424,1742,63,501+,0.15,0.02456,0.041024,0,0,0,,0.9228,2024-25
2026-07-13,2026-07-20,48249,Jim Wells County,Texas,TX,quiet,6.7e-05,1561,164,501+,0.11,0.000713,1271,114,501+,0.25,0.024551,0.069745,0,0,0,,0.968553,2024-25
2026-07-13,2026-07-20,20027,Clay County,Kansas,KS,quiet,6.7e-05,1562,53,501+,0.11,0.000388,1837,68,501+,0.13,0.024543,0.037409,0,0,0,,0.9543,2024-25
2026-07-13,2026-07-20,27157,Wabasha County,Minnesota,MN,quiet,6.7e-05,1563,57,501+,0.11,0.000468,1637,59,501+,0.16,0.024542,0.045418,0,0,0,,0.87,2024-25
2026-07-13,2026-07-20,30015,Chouteau County,Montana,MT,quiet,6.7e-05,1564,31,501+,0.11,0.000385,1843,31,501+,0.13,0.024518,0.037179,0,0,0,,,
2026-07-13,2026-07-20,20125,Montgomery County,Kansas,KS,quiet,6.7e-05,1565,54,501+,0.11,0.000313,2068,80,501+,0.11,0.024488,0.029972,0,0,0,,0.9522,2024-25
2026-07-13,2026-07-20,42111,Somerset County,Pennsylvania,PA,quiet,6.7e-05,1566,47,501+,0.11,0.001029,991,47,501+,0.36,0.024429,0.100078,0,0,0,,0.923,2024-25
2026-07-13,2026-07-20,29035,Carter County,Missouri,MO,quiet,6.7e-05,1567,31,501+,0.11,0.000664,1320,31,501+,0.23,0.024427,0.064879,0,0,0,,0.859,2024-25
2026-07-13,2026-07-20,27103,Nicollet County,Minnesota,MN,quiet,6.7e-05,1568,58,501+,0.11,0.000518,1535,52,501+,0.18,0.024408,0.050442,0,0,0,,0.926,2024-25
2026-07-13,2026-07-20,38055,McLean County,North Dakota,ND,quiet,6.6e-05,1569,24,501+,0.1,0.000702,1279,24,501+,0.24,0.024383,0.068579,0,0,0,,0.8242,2024-25
2026-07-13,2026-07-20,48153,Floyd County,Texas,TX,quiet,6.6e-05,1570,165,501+,0.1,0.000329,2013,186,501+,0.11,0.024376,0.031542,0,0,0,,0.96875,2024-25
2026-07-13,2026-07-20,08081,Moffat County,Colorado,CO,quiet,6.6e-05,1571,47,501+,0.1,0.000554,1463,44,501+,0.19,0.024279,0.053965,0,0,0,,0.9512,2024-25
2026-07-13,2026-07-20,22015,Bossier Parish,Louisiana,LA,quiet,6.6e-05,1572,16,501+,0.1,0.000591,1411,14,501+,0.21,0.024275,0.057677,0,0,0,,0.9475,2024-25
2026-07-13,2026-07-20,48057,Calhoun County,Texas,TX,quiet,6.6e-05,1573,166,501+,0.1,0.000229,2363,215,501+,0.08,0.024268,0.021602,0,0,0,,0.971888,2024-25
2026-07-13,2026-07-20,40127,Pushmataha County,Oklahoma,OK,quiet,6.6e-05,1574,38,501+,0.1,0.000434,1711,39,501+,0.15,0.024258,0.04203,0,0,0,,0.8169,2024-25
2026-07-13,2026-07-20,47041,DeKalb County,Tennessee,TN,quiet,6.6e-05,1575,37,501+,0.1,0.000341,1974,54,501+,0.12,0.024249,0.032777,0,0,0,,0.925,2024-25
2026-07-13,2026-07-20,28035,Forrest County,Mississippi,MS,quiet,6.6e-05,1576,15,501+,0.1,0.000321,2038,19,501+,0.11,0.024235,0.030706,0,0,0,,0.9705,2024-25
2026-07-13,2026-07-20,27039,Dodge County,Minnesota,MN,quiet,6.6e-05,1577,59,501+,0.1,0.000539,1492,49,501+,0.19,0.024185,0.052558,0,0,0,,0.891,2024-25
2026-07-13,2026-07-20,42131,Wyoming County,Pennsylvania,PA,quiet,6.6e-05,1578,48,501+,0.1,0.000556,1458,56,501+,0.19,0.024168,0.054219,0,0,0,,0.973,2024-25
2026-07-13,2026-07-20,51033,Caroline County,Virginia,VA,quiet,6.6e-05,1579,51,501+,0.1,0.00032,2042,62,501+,0.11,0.024158,0.030655,0,0,0,,0.893,2024-25
2026-07-13,2026-07-20,27071,Koochiching County,Minnesota,MN,quiet,6.6e-05,1580,60,501+,0.1,0.000526,1522,51,501+,0.18,0.024155,0.05118,0,0,0,,0.86,2024-25
2026-07-13,2026-07-20,20021,Cherokee County,Kansas,KS,quiet,6.6e-05,1581,55,501+,0.1,0.000545,1481,43,501+,0.19,0.02411,0.053138,0,0,0,,0.9589,2024-25
2026-07-13,2026-07-20,18005,Bartholomew County,Indiana,IN,quiet,6.6e-05,1582,30,501+,0.1,0.000685,1299,28,501+,0.24,0.024093,0.066945,0,0,0,,0.9109,2024-25
2026-07-13,2026-07-20,02016,Aleutians West Census Area,Alaska,AK,quiet,6.6e-05,1583,12,501+,0.1,0.000555,1460,11,501+,0.19,0.024083,0.054114,0,0,0,,,
2026-07-13,2026-07-20,37145,Person County,North Carolina,NC,quiet,6.5e-05,1584,57,501+,0.1,0.000684,1300,53,501+,0.24,0.024058,0.066876,0,0,0,,0.96181384,2024-25
2026-07-13,2026-07-20,31001,Adams County,Nebraska,NE,quiet,6.5e-05,1585,28,501+,0.1,0.000376,1866,40,501+,0.13,0.024053,0.036261,0,0,0,,0.957627119,2024-25
2026-07-13,2026-07-20,31021,Burt County,Nebraska,NE,quiet,6.5e-05,1586,29,501+,0.1,0.000353,1934,46,501+,0.12,0.024036,0.033902,0,0,0,,0.973684211,2024-25
2026-07-13,2026-07-20,31095,Jefferson County,Nebraska,NE,quiet,6.5e-05,1587,30,501+,0.1,0.00048,1605,28,501+,0.17,0.023983,0.046663,0,0,0,,0.972972973,2024-25
2026-07-13,2026-07-20,55031,Douglas County,Wisconsin,WI,quiet,6.5e-05,1588,41,501+,0.1,0.000825,1140,35,501+,0.29,0.023965,0.080632,0,0,0,,0.93,2024-25
2026-07-13,2026-07-20,08033,Dolores County,Colorado,CO,quiet,6.5e-05,1589,48,501+,0.1,0.000194,2491,54,501+,0.07,0.02396,0.018138,0,0,0,,0.7778,2024-25
2026-07-13,2026-07-20,30057,Madison County,Montana,MT,quiet,6.5e-05,1590,32,501+,0.1,0.000307,2090,39,501+,0.11,0.023885,0.029326,0,0,0,,,
2026-07-13,2026-07-20,17011,Bureau County,Illinois,IL,quiet,6.5e-05,1591,37,501+,0.1,0.000399,1809,47,501+,0.14,0.023808,0.038576,0,0,0,,0.955,2024-25
2026-07-13,2026-07-20,51520,Bristol City,Virginia,VA,quiet,6.5e-05,1592,52,501+,0.1,0.000253,2286,71,501+,0.09,0.023734,0.023977,0,0,0,,0.811,2024-25
2026-07-13,2026-07-20,26149,St. Joseph County,Michigan,MI,quiet,6.5e-05,1593,48,501+,0.1,0.000519,1533,52,501+,0.18,0.023713,0.050567,0,0,0,,0.89435601,2024-25
2026-07-13,2026-07-20,20139,Osage County,Kansas,KS,quiet,6.4e-05,1594,56,501+,0.1,0.00058,1421,39,501+,0.2,0.023672,0.0566,0,0,0,,0.7842,2024-25
2026-07-13,2026-07-20,37093,Hoke County,North Carolina,NC,quiet,6.4e-05,1595,58,501+,0.1,0.000555,1462,59,501+,0.19,0.023645,0.054083,0,0,0,,0.91101056,2024-25
2026-07-13,2026-07-20,19181,Warren County,Iowa,IA,quiet,6.4e-05,1596,26,501+,0.1,0.001114,937,12,501+,0.39,0.023645,0.108102,0,0,0,,0.86950732,2024-25
2026-07-13,2026-07-20,22011,Beauregard Parish,Louisiana,LA,quiet,6.4e-05,1597,17,501+,0.1,0.000537,1501,17,501+,0.19,0.023642,0.052301,0,0,0,,0.8971,2024-25
2026-07-13,2026-07-20,40015,Caddo County,Oklahoma,OK,quiet,6.4e-05,1598,39,501+,0.1,0.000458,1657,36,501+,0.16,0.023627,0.044426,0,0,0,,0.8093,2024-25
2026-07-13,2026-07-20,48371,Pecos County,Texas,TX,quiet,6.4e-05,1599,167,501+,0.1,0.000475,1614,150,501+,0.17,0.023573,0.046174,0,0,0,,0.799699,2024-25
2026-07-13,2026-07-20,29029,Camden County,Missouri,MO,quiet,6.4e-05,1600,32,501+,0.1,0.000541,1488,47,501+,0.19,0.023561,0.052755,0,0,0,,0.907,2024-25
2026-07-13,2026-07-20,48235,Irion County,Texas,TX,quiet,6.4e-05,1601,168,501+,0.1,0.000595,1404,129,501+,0.21,0.023561,0.058102,0,0,0,,0.652174,2024-25
2026-07-13,2026-07-20,02150,Kodiak Island Borough,Alaska,AK,quiet,6.4e-05,1602,13,501+,0.1,0.000774,1199,8,501+,0.27,0.023544,0.075651,0,0,0,,,
2026-07-13,2026-07-20,31039,Cuming County,Nebraska,NE,quiet,6.4e-05,1603,31,501+,0.1,0.000381,1853,38,501+,0.13,0.023521,0.036727,0,0,0,,0.95890411,2024-25
2026-07-13,2026-07-20,01045,Dale County,Alabama,AL,quiet,6.4e-05,1604,24,501+,0.1,0.000206,2448,53,501+,0.07,0.023519,0.019278,0,0,0,,0.9649,2024-25
2026-07-13,2026-07-20,48435,Sutton County,Texas,TX,quiet,6.4e-05,1605,169,501+,0.1,0.000231,2358,214,501+,0.08,0.023497,0.021765,0,0,0,,0.944444,2024-25
2026-07-13,2026-07-20,26109,Menominee County,Michigan,MI,quiet,6.4e-05,1606,49,501+,0.1,0.000526,1521,51,501+,0.18,0.023425,0.051239,0,0,0,,0.8700565,2024-25
2026-07-13,2026-07-20,18149,Starke County,Indiana,IN,quiet,6.4e-05,1607,31,501+,0.1,0.000563,1449,34,501+,0.2,0.023373,0.054862,0,0,0,,0.827,2024-25
2026-07-13,2026-07-20,51073,Gloucester County,Virginia,VA,quiet,6.3e-05,1608,53,501+,0.1,0.000371,1878,53,501+,0.13,0.02336,0.035784,0,0,0,,0.782,2024-25
2026-07-13,2026-07-20,37003,Alexander County,North Carolina,NC,quiet,6.3e-05,1609,59,501+,0.1,0.000578,1427,57,501+,0.2,0.023351,0.056344,0,0,0,,0.94136808,2024-25
2026-07-13,2026-07-20,45087,Union County,South Carolina,SC,quiet,6.3e-05,1610,36,501+,0.1,0.000588,1415,33,501+,0.2,0.023307,0.057405,0,0,0,,0.964,2024-25
2026-07-13,2026-07-20,40093,Major County,Oklahoma,OK,quiet,6.3e-05,1611,40,501+,0.1,0.000448,1677,37,501+,0.16,0.023301,0.043397,0,0,0,,0.913,2024-25
2026-07-13,2026-07-20,20085,Jackson County,Kansas,KS,quiet,6.3e-05,1612,57,501+,0.1,0.000477,1612,53,501+,0.17,0.023285,0.046336,0,0,0,,0.843,2024-25
2026-07-13,2026-07-20,16085,Valley County,Idaho,ID,quiet,6.3e-05,1613,44,501+,0.1,0.001154,909,32,501+,0.4,0.02328,0.111799,0,0,0,,0.8,2024-25
2026-07-13,2026-07-20,06105,Trinity County,California,CA,quiet,6.3e-05,1614,54,501+,0.1,0.00059,1414,52,501+,0.21,0.023263,0.057615,0,0,0,,0.9037,2024-25
2026-07-13,2026-07-20,51117,Mecklenburg County,Virginia,VA,quiet,6.3e-05,1615,54,501+,0.1,0.000309,2087,63,501+,0.11,0.023205,0.029496,0,0,0,,0.911,2024-25
2026-07-13,2026-07-20,18071,Jackson County,Indiana,IN,quiet,6.3e-05,1616,32,501+,0.1,0.000425,1741,42,501+,0.15,0.023192,0.041102,0,0,0,,0.9877,2024-25
2026-07-13,2026-07-20,48067,Cass County,Texas,TX,quiet,6.3e-05,1617,170,501+,0.1,0.000459,1654,152,501+,0.16,0.023187,0.044536,0,0,0,,0.956012,2024-25
2026-07-13,2026-07-20,48459,Upshur County,Texas,TX,quiet,6.3e-05,1618,171,501+,0.1,0.001014,1000,80,501+,0.35,0.023176,0.098655,0,0,5,63,0.896907,2024-25
2026-07-13,2026-07-20,31113,Logan County,Nebraska,NE,quiet,6.3e-05,1619,32,501+,0.1,0.000579,1424,22,501+,0.2,0.023092,0.056498,0,0,0,,0.857142857,2024-25
2026-07-13,2026-07-20,05031,Craighead County,Arkansas,AR,quiet,6.3e-05,1620,18,501+,0.1,0.000714,1268,12,501+,0.25,0.023084,0.069806,0,0,0,,,
2026-07-13,2026-07-20,29199,Scotland County,Missouri,MO,quiet,6.3e-05,1621,33,501+,0.1,0.000609,1389,38,501+,0.21,0.023055,0.059447,0,0,0,,0.941,2024-25
2026-07-13,2026-07-20,55033,Dunn County,Wisconsin,WI,quiet,6.3e-05,1622,42,501+,0.1,0.001006,1003,32,501+,0.35,0.023023,0.097921,0,0,0,,0.85,2024-25
2026-07-13,2026-07-20,37105,Lee County,North Carolina,NC,quiet,6.2e-05,1623,60,501+,0.1,0.000465,1645,65,501+,0.16,0.022992,0.045146,0,0,0,,0.93621868,2024-25
2026-07-13,2026-07-20,42115,Susquehanna County,Pennsylvania,PA,quiet,6.2e-05,1624,49,501+,0.1,0.000649,1345,55,501+,0.23,0.022959,0.063375,0,0,0,,0.923,2024-25
2026-07-13,2026-07-20,13221,Oglethorpe County,Georgia,GA,quiet,6.2e-05,1625,46,501+,0.1,0.000478,1609,45,501+,0.17,0.022942,0.046449,0,0,0,,,
2026-07-13,2026-07-20,01049,DeKalb County,Alabama,AL,quiet,6.2e-05,1626,25,501+,0.1,0.000481,1602,27,501+,0.17,0.02294,0.046766,0,0,0,,0.9273,2024-25
2026-07-13,2026-07-20,40103,Noble County,Oklahoma,OK,quiet,6.2e-05,1627,41,501+,0.1,0.000408,1790,46,501+,0.14,0.022891,0.039395,0,0,0,,0.9296,2024-25
2026-07-13,2026-07-20,37131,Northampton County,North Carolina,NC,quiet,6.2e-05,1628,61,501+,0.1,0.00045,1671,68,501+,0.16,0.022881,0.043604,0,0,0,,0.98351648,2024-25
2026-07-13,2026-07-20,48399,Runnels County,Texas,TX,quiet,6.2e-05,1629,172,501+,0.1,0.000227,2372,217,501+,0.08,0.022877,0.021357,0,0,0,,0.981013,2024-25
2026-07-13,2026-07-20,48107,Crosby County,Texas,TX,quiet,6.2e-05,1630,173,501+,0.1,0.000423,1750,160,501+,0.15,0.022828,0.040921,0,0,0,,0.958333,2024-25
2026-07-13,2026-07-20,27095,Mille Lacs County,Minnesota,MN,quiet,6.2e-05,1631,61,501+,0.1,0.000375,1870,71,501+,0.13,0.022795,0.036137,0,0,0,,0.851,2024-25
2026-07-13,2026-07-20,55137,Waushara County,Wisconsin,WI,quiet,6.2e-05,1632,43,501+,0.1,0.000413,1767,51,501+,0.14,0.022754,0.039982,0,0,0,,0.8,2024-25
2026-07-13,2026-07-20,29203,Shannon County,Missouri,MO,quiet,6.2e-05,1633,34,501+,0.1,0.000725,1254,26,501+,0.25,0.022735,0.070892,0,0,0,,0.875,2024-25
2026-07-13,2026-07-20,20049,Elk County,Kansas,KS,quiet,6.2e-05,1634,58,501+,0.1,0.000451,1669,57,501+,0.16,0.022733,0.043763,0,0,0,,0.8661,2024-25
2026-07-13,2026-07-20,51171,Shenandoah County,Virginia,VA,quiet,6.2e-05,1635,55,501+,0.1,0.000357,1924,55,501+,0.12,0.022714,0.03435,0,0,0,,0.933,2024-25
2026-07-13,2026-07-20,27115,Pine County,Minnesota,MN,quiet,6.2e-05,1636,62,501+,0.1,0.000313,2067,75,501+,0.11,0.022684,0.029976,0,0,0,,0.844,2024-25
2026-07-13,2026-07-20,46027,Clay County,South Dakota,SD,quiet,6.2e-05,1637,42,501+,0.1,0.000402,1807,40,501+,0.14,0.022682,0.038803,0,0,0,,0.93,2024-25
2026-07-13,2026-07-20,27041,Douglas County,Minnesota,MN,quiet,6.1e-05,1638,63,501+,0.1,0.000555,1459,48,501+,0.19,0.022585,0.054123,0,0,0,,0.884,2024-25
2026-07-13,2026-07-20,37053,Currituck County,North Carolina,NC,quiet,6.1e-05,1639,62,501+,0.1,0.000473,1622,64,501+,0.16,0.022574,0.045953,0,0,0,,0.94153846,2024-25
2026-07-13,2026-07-20,36099,Seneca County,New York,NY,quiet,6.1e-05,1640,51,501+,0.1,0.000347,1959,54,501+,0.12,0.022572,0.033328,0,0,0,,0.983611413,2024-25
2026-07-13,2026-07-20,12125,Union County,Florida,FL,quiet,6.1e-05,1641,50,501+,0.1,0.000452,1667,50,501+,0.16,0.022569,0.043831,0,0,0,,0.935,2024-25
2026-07-13,2026-07-20,48175,Goliad County,Texas,TX,quiet,6.1e-05,1642,174,501+,0.1,0.000336,1995,183,501+,0.12,0.022537,0.032237,0,0,0,,0.967213,2024-25
2026-07-13,2026-07-20,26155,Shiawassee County,Michigan,MI,quiet,6.1e-05,1643,50,501+,0.1,0.000529,1514,50,501+,0.18,0.022509,0.051499,0,0,0,,0.8968254,2024-25
2026-07-13,2026-07-20,31137,Phelps County,Nebraska,NE,quiet,6.1e-05,1644,33,501+,0.1,0.000439,1694,31,501+,0.15,0.022499,0.042571,0,0,0,,0.961783439,2024-25
2026-07-13,2026-07-20,48407,San Jacinto County,Texas,TX,quiet,6.1e-05,1645,175,501+,0.1,0.000488,1584,147,501+,0.17,0.022458,0.047477,0,0,0,,0.96,2024-25
2026-07-13,2026-07-20,20059,Franklin County,Kansas,KS,quiet,6.1e-05,1646,59,501+,0.1,0.000403,1801,66,501+,0.14,0.02245,0.038974,0,0,0,,0.9019,2024-25
2026-07-13,2026-07-20,13285,Troup County,Georgia,GA,quiet,6.1e-05,1647,47,501+,0.1,0.000279,2190,87,501+,0.1,0.022449,0.026591,0,0,0,,,
2026-07-13,2026-07-20,19143,Osceola County,Iowa,IA,quiet,6.1e-05,1648,27,501+,0.1,0.000295,2134,51,501+,0.1,0.02238,0.028179,0,0,0,,0.98,2024-25
2026-07-13,2026-07-20,40101,Muskogee County,Oklahoma,OK,quiet,6.1e-05,1649,42,501+,0.1,0.000305,2094,60,501+,0.11,0.022345,0.029168,0,0,0,,0.8816,2024-25
2026-07-13,2026-07-20,20037,Crawford County,Kansas,KS,quiet,6.1e-05,1650,60,501+,0.1,0.000716,1266,28,501+,0.25,0.022338,0.070009,0,0,0,,0.9328,2024-25
2026-07-13,2026-07-20,48463,Uvalde County,Texas,TX,quiet,6.1e-05,1651,176,501+,0.1,0.000627,1371,121,501+,0.22,0.022335,0.06122,0,0,0,,0.942257,2024-25
2026-07-13,2026-07-20,18177,Wayne County,Indiana,IN,quiet,6.1e-05,1652,33,501+,0.1,0.000641,1355,33,501+,0.22,0.022325,0.062633,0,0,0,,0.8952,2024-25
2026-07-13,2026-07-20,29121,Macon County,Missouri,MO,quiet,6e-05,1653,35,501+,0.1,0.000646,1347,34,501+,0.22,0.022296,0.063153,0,0,0,,0.888,2024-25
2026-07-13,2026-07-20,31075,Grant County,Nebraska,NE,quiet,6e-05,1654,34,501+,0.1,0.000411,1776,35,501+,0.14,0.022295,0.039698,0,0,0,,0.785714286,2024-25
2026-07-13,2026-07-20,06043,Mariposa County,California,CA,quiet,6e-05,1655,55,501+,0.1,0.000337,1987,55,501+,0.12,0.02228,0.032388,0,0,0,,0.98361,2024-25
2026-07-13,2026-07-20,41023,Grant County,Oregon,OR,quiet,6e-05,1656,26,501+,0.1,0.000717,1264,23,501+,0.25,0.022279,0.070073,0,0,0,,0.814,2024-25
2026-07-13,2026-07-20,38063,Nelson County,North Dakota,ND,quiet,6e-05,1657,25,501+,0.1,0.000529,1513,26,501+,0.18,0.022275,0.051554,0,0,0,,0.9429,2024-25
2026-07-13,2026-07-20,20009,Barton County,Kansas,KS,quiet,6e-05,1658,61,501+,0.1,0.000427,1734,62,501+,0.15,0.022255,0.041311,0,0,0,,0.9415,2024-25
2026-07-13,2026-07-20,50023,Washington County,Vermont,VT,quiet,6e-05,1659,8,501+,0.1,0.000969,1029,4,501+,0.34,0.022231,0.094381,0,0,1,22,0.93,2024-25
2026-07-13,2026-07-20,37165,Scotland County,North Carolina,NC,quiet,6e-05,1660,63,501+,0.09,0.000427,1736,72,501+,0.15,0.022188,0.0413,0,0,0,,0.89318182,2024-25
2026-07-13,2026-07-20,41015,Curry County,Oregon,OR,quiet,6e-05,1661,27,501+,0.09,0.000204,2459,34,501+,0.07,0.022185,0.019051,0,0,0,,0.878,2024-25
2026-07-13,2026-07-20,48391,Refugio County,Texas,TX,quiet,6e-05,1662,177,501+,0.09,0.000571,1435,130,501+,0.2,0.022181,0.055679,0,0,0,,0.967742,2024-25
2026-07-13,2026-07-20,40117,Pawnee County,Oklahoma,OK,quiet,6e-05,1663,43,501+,0.09,0.000435,1707,38,501+,0.15,0.022154,0.042178,0,0,0,,0.8742,2024-25
2026-07-13,2026-07-20,51109,Louisa County,Virginia,VA,quiet,6e-05,1664,56,501+,0.09,0.000608,1393,38,501+,0.21,0.022152,0.059308,0,0,0,,0.908,2024-25
2026-07-13,2026-07-20,17063,Grundy County,Illinois,IL,quiet,6e-05,1665,38,501+,0.09,0.000622,1380,31,501+,0.22,0.022146,0.060761,0,0,0,,0.924,2024-25
2026-07-13,2026-07-20,37007,Anson County,North Carolina,NC,quiet,6e-05,1666,64,501+,0.09,0.00036,1914,77,501+,0.13,0.022097,0.034669,0,0,0,,0.95330739,2024-25
2026-07-13,2026-07-20,20191,Sumner County,Kansas,KS,quiet,6e-05,1667,62,501+,0.09,0.000398,1810,67,501+,0.14,0.022091,0.038475,0,0,0,,0.9322,2024-25
2026-07-13,2026-07-20,26057,Gratiot County,Michigan,MI,quiet,6e-05,1668,51,501+,0.09,0.000566,1439,48,501+,0.2,0.022088,0.055237,0,0,0,,0.91954023,2024-25
2026-07-13,2026-07-20,31051,Dixon County,Nebraska,NE,quiet,6e-05,1669,35,501+,0.09,0.000334,1999,51,501+,0.12,0.022081,0.032059,0,0,0,,0.979591837,2024-25
2026-07-13,2026-07-20,47075,Haywood County,Tennessee,TN,quiet,6e-05,1670,38,501+,0.09,0.000311,2075,60,501+,0.11,0.022078,0.029738,0,0,0,,0.955,2024-25
2026-07-13,2026-07-20,28057,Itawamba County,Mississippi,MS,quiet,6e-05,1671,16,501+,0.09,0.000315,2061,21,501+,0.11,0.022076,0.030119,0,0,0,,0.9638,2024-25
2026-07-13,2026-07-20,36095,Schoharie County,New York,NY,quiet,6e-05,1672,52,501+,0.09,0.000389,1836,50,501+,0.14,0.021975,0.037508,0,0,0,,0.999021073,2024-25
2026-07-13,2026-07-20,41063,Wallowa County,Oregon,OR,quiet,5.9e-05,1673,28,501+,0.09,0.000434,1710,24,501+,0.15,0.021954,0.042049,0,0,0,,0.857,2024-25
2026-07-13,2026-07-20,13177,Lee County,Georgia,GA,quiet,5.9e-05,1674,48,501+,0.09,0.000355,1929,65,501+,0.12,0.021933,0.0341,0,0,0,,,
2026-07-13,2026-07-20,46111,Sanborn County,South Dakota,SD,quiet,5.9e-05,1675,43,501+,0.09,0.00063,1365,26,501+,0.22,0.021932,0.061563,0,0,0,,0.76,2024-25
2026-07-13,2026-07-20,48083,Coleman County,Texas,TX,quiet,5.9e-05,1676,178,501+,0.09,0.000459,1653,151,501+,0.16,0.021923,0.044562,0,0,0,,0.942857,2024-25
2026-07-13,2026-07-20,35005,Chaves County,New Mexico,NM,quiet,5.9e-05,1677,23,501+,0.09,0.000638,1361,20,501+,0.22,0.021917,0.062303,0,0,1,66,0.9814,2024-25
2026-07-13,2026-07-20,37169,Stokes County,North Carolina,NC,quiet,5.9e-05,1678,65,501+,0.09,0.000805,1165,51,501+,0.28,0.021899,0.078634,0,0,0,,0.96192893,2024-25
2026-07-13,2026-07-20,02290,Yukon-Koyukuk Census Area,Alaska,AK,quiet,5.9e-05,1679,14,501+,0.09,0.00026,2256,21,501+,0.09,0.021893,0.024602,0,0,0,,,
2026-07-13,2026-07-20,19183,Washington County,Iowa,IA,quiet,5.9e-05,1680,28,501+,0.09,0.000285,2166,54,501+,0.1,0.021857,0.027151,0,0,0,,0.7993311,2024-25
2026-07-13,2026-07-20,22123,West Carroll Parish,Louisiana,LA,quiet,5.9e-05,1681,18,501+,0.09,0.00028,2186,32,501+,0.1,0.021849,0.026646,0,0,0,,0.7778,2024-25
2026-07-13,2026-07-20,20079,Harvey County,Kansas,KS,quiet,5.9e-05,1682,63,501+,0.09,0.000785,1189,24,501+,0.27,0.021823,0.076724,0,0,0,,0.9214,2024-25
2026-07-13,2026-07-20,26113,Missaukee County,Michigan,MI,quiet,5.9e-05,1683,52,501+,0.09,0.000599,1401,47,501+,0.21,0.021819,0.058419,0,0,0,,0.88953488,2024-25
2026-07-13,2026-07-20,41045,Malheur County,Oregon,OR,quiet,5.9e-05,1684,29,501+,0.09,0.000364,1905,31,501+,0.13,0.021791,0.035082,0,0,0,,0.921,2024-25
2026-07-13,2026-07-20,12093,Okeechobee County,Florida,FL,quiet,5.9e-05,1685,51,501+,0.09,0.00037,1883,54,501+,0.13,0.021782,0.035594,0,0,0,,0.938,2024-25
2026-07-13,2026-07-20,48299,Llano County,Texas,TX,quiet,5.9e-05,1686,179,501+,0.09,0.000395,1820,168,501+,0.14,0.021756,0.038104,0,0,0,,0.895522,2024-25
2026-07-13,2026-07-20,47083,Houston County,Tennessee,TN,quiet,5.9e-05,1687,39,501+,0.09,0.000426,1738,42,501+,0.15,0.021726,0.041215,0,0,0,,0.977,2024-25
2026-07-13,2026-07-20,01113,Russell County,Alabama,AL,quiet,5.9e-05,1688,26,501+,0.09,0.000222,2388,50,501+,0.08,0.021722,0.020909,0,0,0,,0.9461,2024-25
2026-07-13,2026-07-20,13311,White County,Georgia,GA,quiet,5.9e-05,1689,49,501+,0.09,0.000615,1382,40,501+,0.21,0.021713,0.060027,0,0,0,,,
2026-07-13,2026-07-20,54079,Putnam County,West Virginia,WV,quiet,5.9e-05,1690,9,501+,0.09,0.000396,1818,14,501+,0.14,0.021704,0.038263,0,0,0,,,
2026-07-13,2026-07-20,20073,Greenwood County,Kansas,KS,quiet,5.9e-05,1691,64,501+,0.09,0.000542,1487,44,501+,0.19,0.021652,0.052797,0,0,0,,0.9092,2024-25
2026-07-13,2026-07-20,46053,Gregory County,South Dakota,SD,quiet,5.8e-05,1692,44,501+,0.09,0.000606,1394,28,501+,0.21,0.021593,0.059133,0,0,0,,0.87,2024-25
2026-07-13,2026-07-20,55013,Burnett County,Wisconsin,WI,quiet,5.8e-05,1693,44,501+,0.09,0.000661,1329,42,501+,0.23,0.021592,0.064566,0,0,0,,0.66,2024-25
2026-07-13,2026-07-20,47121,Meigs County,Tennessee,TN,quiet,5.8e-05,1694,40,501+,0.09,0.000393,1825,46,501+,0.14,0.021577,0.037913,0,0,0,,0.94,2024-25
2026-07-13,2026-07-20,19099,Jasper County,Iowa,IA,quiet,5.8e-05,1695,29,501+,0.09,0.000813,1154,16,501+,0.28,0.021569,0.079452,0,0,0,,0.90196078,2024-25
2026-07-13,2026-07-20,40121,Pittsburg County,Oklahoma,OK,quiet,5.8e-05,1696,44,501+,0.09,0.000665,1317,25,501+,0.23,0.021552,0.064943,0,0,0,,0.8946,2024-25
2026-07-13,2026-07-20,18113,Noble County,Indiana,IN,quiet,5.8e-05,1697,34,501+,0.09,0.00069,1292,27,501+,0.24,0.021548,0.067399,0,0,0,,0.9147,2024-25
2026-07-13,2026-07-20,27167,Wilkin County,Minnesota,MN,quiet,5.8e-05,1698,64,501+,0.09,0.00075,1224,40,501+,0.26,0.021477,0.073359,0,0,0,,0.942,2024-25
2026-07-13,2026-07-20,13149,Heard County,Georgia,GA,quiet,5.8e-05,1699,50,501+,0.09,0.000469,1631,50,501+,0.16,0.021471,0.045546,0,0,0,,,
2026-07-13,2026-07-20,31101,Keith County,Nebraska,NE,quiet,5.8e-05,1700,36,501+,0.09,0.000428,1730,32,501+,0.15,0.021464,0.041443,0,0,0,,0.931034483,2024-25
2026-07-13,2026-07-20,38079,Rolette County,North Dakota,ND,quiet,5.8e-05,1701,26,501+,0.09,0.000267,2229,36,501+,0.09,0.021464,0.025334,0,0,0,,0.9824,2024-25
2026-07-13,2026-07-20,01051,Elmore County,Alabama,AL,quiet,5.8e-05,1702,27,501+,0.09,0.000561,1451,23,501+,0.19,0.021454,0.054659,0,0,0,,0.9288,2024-25
2026-07-13,2026-07-20,45011,Barnwell County,South Carolina,SC,quiet,5.8e-05,1703,37,501+,0.09,0.000489,1583,36,501+,0.17,0.021445,0.047489,0,0,0,,0.946,2024-25
2026-07-13,2026-07-20,18067,Howard County,Indiana,IN,quiet,5.8e-05,1704,35,501+,0.09,0.000646,1348,32,501+,0.22,0.021433,0.063113,0,0,0,,0.8882,2024-25
2026-07-13,2026-07-20,26017,Bay County,Michigan,MI,quiet,5.8e-05,1705,53,501+,0.09,0.000773,1200,38,501+,0.27,0.021433,0.07558,0,0,0,,0.90241228,2024-25
2026-07-13,2026-07-20,29181,Ripley County,Missouri,MO,quiet,5.8e-05,1706,36,501+,0.09,0.000559,1455,43,501+,0.19,0.021403,0.054513,0,0,0,,0.876,2024-25
2026-07-13,2026-07-20,26043,Dickinson County,Michigan,MI,quiet,5.8e-05,1707,54,501+,0.09,0.000474,1618,56,501+,0.16,0.021366,0.046031,0,0,0,,0.91891892,2024-25
2026-07-13,2026-07-20,42039,Crawford County,Pennsylvania,PA,quiet,5.8e-05,1708,50,501+,0.09,0.000649,1343,54,501+,0.23,0.021343,0.063442,0,0,0,,0.924,2024-25
2026-07-13,2026-07-20,55005,Barron County,Wisconsin,WI,quiet,5.8e-05,1709,45,501+,0.09,0.000762,1210,37,501+,0.26,0.021336,0.074438,0,0,0,,0.85,2024-25
2026-07-13,2026-07-20,48313,Madison County,Texas,TX,quiet,5.8e-05,1710,180,501+,0.09,0.000285,2165,198,501+,0.1,0.021323,0.027163,0,0,0,,0.965714,2024-25
2026-07-13,2026-07-20,20029,Cloud County,Kansas,KS,quiet,5.8e-05,1711,65,501+,0.09,0.000288,2158,83,501+,0.1,0.021301,0.027399,0,0,0,,0.9373,2024-25
2026-07-13,2026-07-20,38019,Cavalier County,North Dakota,ND,quiet,5.8e-05,1712,27,501+,0.09,0.000472,1626,28,501+,0.16,0.021281,0.045851,0,0,0,,0.9565,2024-25
2026-07-13,2026-07-20,51820,Waynesboro City,Virginia,VA,quiet,5.7e-05,1713,57,501+,0.09,0.000368,1891,54,501+,0.13,0.021259,0.035397,0,0,0,,0.946,2024-25
2026-07-13,2026-07-20,35059,Union County,New Mexico,NM,quiet,5.7e-05,1714,24,501+,0.09,0.00037,1881,27,501+,0.13,0.021244,0.035627,0,0,0,,0.9063,2024-25
2026-07-13,2026-07-20,23015,Lincoln County,Maine,ME,quiet,5.7e-05,1715,13,501+,0.09,0.000279,2194,15,501+,0.1,0.021221,0.026509,0,0,0,,0.9674,2024-25
2026-07-13,2026-07-20,02282,Yakutat City and Borough,Alaska,AK,quiet,5.7e-05,1716,15,501+,0.09,0.000281,2182,19,501+,0.1,0.021181,0.026722,0,0,0,,,
2026-07-13,2026-07-20,29067,Douglas County,Missouri,MO,quiet,5.7e-05,1717,37,501+,0.09,0.000553,1466,44,501+,0.19,0.021176,0.053878,0,0,0,,0.754,2024-25
2026-07-13,2026-07-20,26023,Branch County,Michigan,MI,quiet,5.7e-05,1718,55,501+,0.09,0.000673,1312,43,501+,0.23,0.021165,0.065764,0,0,0,,0.9217759,2024-25
2026-07-13,2026-07-20,28061,Jasper County,Mississippi,MS,quiet,5.7e-05,1719,17,501+,0.09,0.000324,2029,18,501+,0.11,0.021163,0.031041,0,0,0,,0.9672,2024-25
2026-07-13,2026-07-20,05001,Arkansas County,Arkansas,AR,quiet,5.7e-05,1720,19,501+,0.09,0.000271,2218,37,501+,0.09,0.021157,0.025772,0,0,0,,,
2026-07-13,2026-07-20,55057,Juneau County,Wisconsin,WI,quiet,5.7e-05,1721,46,501+,0.09,0.000348,1953,56,501+,0.12,0.021148,0.033392,0,0,0,,0.72,2024-25
2026-07-13,2026-07-20,29049,Clinton County,Missouri,MO,quiet,5.7e-05,1722,38,501+,0.09,0.000349,1942,65,501+,0.12,0.021121,0.033574,0,0,0,,0.884,2024-25
2026-07-13,2026-07-20,37121,Mitchell County,North Carolina,NC,quiet,5.7e-05,1723,66,501+,0.09,0.000659,1332,54,501+,0.23,0.021107,0.064353,0,0,0,,0.90909091,2024-25
2026-07-13,2026-07-20,31123,Morrill County,Nebraska,NE,quiet,5.7e-05,1724,37,501+,0.09,0.000393,1822,37,501+,0.14,0.021106,0.037958,0,0,0,,0.844444444,2024-25
2026-07-13,2026-07-20,35057,Torrance County,New Mexico,NM,quiet,5.7e-05,1725,25,501+,0.09,0.000557,1456,22,501+,0.19,0.021105,0.05429,0,0,0,,0.9091,2024-25
2026-07-13,2026-07-20,48449,Titus County,Texas,TX,quiet,5.7e-05,1726,181,501+,0.09,0.000393,1823,169,501+,0.14,0.021095,0.03794,0,0,0,,0.978678,2024-25
2026-07-13,2026-07-20,22017,Caddo Parish,Louisiana,LA,quiet,5.7e-05,1727,19,501+,0.09,0.000507,1546,18,501+,0.18,0.021077,0.049297,0,0,0,,0.9369,2024-25
2026-07-13,2026-07-20,27091,Martin County,Minnesota,MN,quiet,5.7e-05,1728,65,501+,0.09,0.000423,1745,66,501+,0.15,0.021074,0.040945,0,0,0,,0.822,2024-25
2026-07-13,2026-07-20,51007,Amelia County,Virginia,VA,quiet,5.7e-05,1729,58,501+,0.09,0.000201,2467,83,501+,0.07,0.021062,0.018795,0,0,0,,0.886,2024-25
2026-07-13,2026-07-20,19067,Floyd County,Iowa,IA,quiet,5.7e-05,1730,30,501+,0.09,0.000413,1768,28,501+,0.14,0.021033,0.039918,0,0,0,,0.85882353,2024-25
2026-07-13,2026-07-20,20161,Riley County,Kansas,KS,quiet,5.7e-05,1731,66,501+,0.09,0.000529,1511,46,501+,0.18,0.021028,0.05156,0,0,0,,0.853,2024-25
2026-07-13,2026-07-20,47159,Smith County,Tennessee,TN,quiet,5.7e-05,1732,41,501+,0.09,0.000593,1406,31,501+,0.21,0.021027,0.057907,0,0,0,,0.933,2024-25
2026-07-13,2026-07-20,13055,Chattooga County,Georgia,GA,quiet,5.7e-05,1733,51,501+,0.09,0.000336,1991,72,501+,0.12,0.021022,0.032285,0,0,0,,,
2026-07-13,2026-07-20,39117,Morrow County,Ohio,OH,quiet,5.7e-05,1734,51,501+,0.09,0.000505,1550,57,501+,0.18,0.021,0.049132,0,0,0,,0.879,2024-25
2026-07-13,2026-07-20,20031,Coffey County,Kansas,KS,quiet,5.7e-05,1735,67,501+,0.09,0.000475,1615,54,501+,0.17,0.020994,0.046096,0,0,0,,0.9204,2024-25
2026-07-13,2026-07-20,31097,Johnson County,Nebraska,NE,quiet,5.7e-05,1736,38,501+,0.09,0.00042,1755,33,501+,0.15,0.020965,0.040687,0,0,0,,0.974358974,2024-25
2026-07-13,2026-07-20,40151,Woods County,Oklahoma,OK,quiet,5.6e-05,1737,45,501+,0.09,0.000365,1901,49,501+,0.13,0.020888,0.035139,0,0,0,,0.8505,2024-25
2026-07-13,2026-07-20,22077,Pointe Coupee Parish,Louisiana,LA,quiet,5.6e-05,1738,20,501+,0.09,0.00039,1832,22,501+,0.14,0.020874,0.037651,0,0,0,,0.98,2024-25
2026-07-13,2026-07-20,17157,Randolph County,Illinois,IL,quiet,5.6e-05,1739,39,501+,0.09,0.000427,1737,44,501+,0.15,0.020864,0.041293,0,0,0,,0.968,2024-25
2026-07-13,2026-07-20,30101,Toole County,Montana,MT,quiet,5.6e-05,1740,33,501+,0.09,0.000495,1567,27,501+,0.17,0.020852,0.048167,0,0,0,,,
2026-07-13,2026-07-20,31105,Kimball County,Nebraska,NE,quiet,5.6e-05,1741,39,501+,0.09,0.000527,1519,26,501+,0.18,0.020823,0.05129,0,0,0,,0.961538462,2024-25
2026-07-13,2026-07-20,47135,Perry County,Tennessee,TN,quiet,5.6e-05,1742,42,501+,0.09,0.000369,1885,49,501+,0.13,0.020816,0.035523,0,0,0,,0.956,2024-25
2026-07-13,2026-07-20,39029,Columbiana County,Ohio,OH,quiet,5.6e-05,1743,52,501+,0.09,0.000709,1275,46,501+,0.25,0.020805,0.069315,0,0,0,,0.888,2024-25
2026-07-13,2026-07-20,48483,Wheeler County,Texas,TX,quiet,5.6e-05,1744,182,501+,0.09,0.000257,2266,208,501+,0.09,0.020798,0.024334,0,0,0,,0.945455,2024-25
2026-07-13,2026-07-20,01067,Henry County,Alabama,AL,quiet,5.6e-05,1745,28,501+,0.09,0.000229,2365,48,501+,0.08,0.020789,0.021566,0,0,0,,0.9581,2024-25
2026-07-13,2026-07-20,20107,Linn County,Kansas,KS,quiet,5.6e-05,1746,68,501+,0.09,0.00043,1722,61,501+,0.15,0.020785,0.041686,0,0,0,,0.8659,2024-25
2026-07-13,2026-07-20,02100,Haines Borough,Alaska,AK,quiet,5.6e-05,1747,16,501+,0.09,0.000274,2209,20,501+,0.1,0.020777,0.026004,0,0,0,,,
2026-07-13,2026-07-20,45039,Fairfield County,South Carolina,SC,quiet,5.6e-05,1748,38,501+,0.09,0.000541,1490,34,501+,0.19,0.020773,0.052679,0,0,0,,0.894,2024-25
2026-07-13,2026-07-20,51065,Fluvanna County,Virginia,VA,quiet,5.6e-05,1749,59,501+,0.09,0.000488,1586,42,501+,0.17,0.020751,0.047409,0,0,0,,0.904,2021-22
2026-07-13,2026-07-20,01071,Jackson County,Alabama,AL,quiet,5.6e-05,1750,29,501+,0.09,0.000751,1223,18,501+,0.26,0.02074,0.073422,0,0,0,,0.9354,2024-25
2026-07-13,2026-07-20,40067,Jefferson County,Oklahoma,OK,quiet,5.6e-05,1751,46,501+,0.09,0.000548,1474,29,501+,0.19,0.02072,0.053397,0,0,0,,0.8462,2024-25
2026-07-13,2026-07-20,37195,Wilson County,North Carolina,NC,quiet,5.6e-05,1752,67,501+,0.09,0.000565,1444,58,501+,0.2,0.020714,0.055073,0,0,0,,0.91975309,2024-25
2026-07-13,2026-07-20,50003,Bennington County,Vermont,VT,quiet,5.6e-05,1753,9,501+,0.09,0.000865,1110,6,501+,0.3,0.020692,0.084421,0,0,0,,0.9,2024-25
2026-07-13,2026-07-20,29091,Howell County,Missouri,MO,quiet,5.6e-05,1754,39,501+,0.09,0.000978,1020,20,501+,0.34,0.020684,0.095317,0,0,0,,0.839,2024-25
2026-07-13,2026-07-20,51049,Cumberland County,Virginia,VA,quiet,5.6e-05,1755,60,501+,0.09,0.000303,2101,64,501+,0.11,0.02068,0.028891,0,0,0,,0.981,2024-25
2026-07-13,2026-07-20,41027,Hood River County,Oregon,OR,quiet,5.6e-05,1756,30,501+,0.09,0.00038,1856,30,501+,0.13,0.020678,0.036649,0,0,0,,0.911,2024-25
2026-07-13,2026-07-20,26063,Huron County,Michigan,MI,quiet,5.6e-05,1757,56,501+,0.09,0.000193,2501,70,501+,0.07,0.020667,0.017982,0,0,0,,0.88996764,2024-25
2026-07-13,2026-07-20,29135,Moniteau County,Missouri,MO,quiet,5.6e-05,1758,40,501+,0.09,0.00056,1452,42,501+,0.19,0.020644,0.054639,0,0,0,,0.94,2024-25
2026-07-13,2026-07-20,47129,Morgan County,Tennessee,TN,quiet,5.6e-05,1759,43,501+,0.09,0.000362,1910,52,501+,0.13,0.02064,0.034822,0,0,0,,0.971,2024-25
2026-07-13,2026-07-20,21185,Oldham County,Kentucky,KY,quiet,5.6e-05,1760,23,501+,0.09,0.000686,1295,20,501+,0.24,0.020605,0.067039,0,0,0,,0.949,2024-25
2026-07-13,2026-07-20,19079,Hamilton County,Iowa,IA,quiet,5.6e-05,1761,31,501+,0.09,0.000496,1566,23,501+,0.17,0.020592,0.04819,0,0,0,,0.85514019,2024-25
2026-07-13,2026-07-20,19111,Lee County,Iowa,IA,quiet,5.6e-05,1762,32,501+,0.09,0.000366,1897,33,501+,0.13,0.020578,0.035277,0,0,0,,0.90555556,2024-25
2026-07-13,2026-07-20,37017,Bladen County,North Carolina,NC,quiet,5.5e-05,1763,68,501+,0.09,0.000464,1648,66,501+,0.16,0.020538,0.044992,0,0,0,,0.96694215,2024-25
2026-07-13,2026-07-20,02220,Sitka City and Borough,Alaska,AK,quiet,5.5e-05,1764,17,501+,0.09,0.000488,1585,13,501+,0.17,0.020499,0.047476,0,0,0,,,
2026-07-13,2026-07-20,27125,Red Lake County,Minnesota,MN,quiet,5.5e-05,1765,66,501+,0.09,0.000433,1715,65,501+,0.15,0.020497,0.041925,0,0,0,,0.915,2024-25
2026-07-13,2026-07-20,47161,Stewart County,Tennessee,TN,quiet,5.5e-05,1766,44,501+,0.09,0.000381,1855,48,501+,0.13,0.020482,0.036693,0,0,0,,0.925,2024-25
2026-07-13,2026-07-20,38095,Towner County,North Dakota,ND,quiet,5.5e-05,1767,28,501+,0.09,0.000285,2169,35,501+,0.1,0.020472,0.027103,0,0,0,,0.9412,2024-25
2026-07-13,2026-07-20,51031,Campbell County,Virginia,VA,quiet,5.5e-05,1768,61,501+,0.09,0.000409,1784,48,501+,0.14,0.020459,0.039555,0,0,0,,0.89,2024-25
2026-07-13,2026-07-20,05059,Hot Spring County,Arkansas,AR,quiet,5.5e-05,1769,20,501+,0.09,0.000492,1577,19,501+,0.17,0.020434,0.047824,0,0,0,,,
2026-07-13,2026-07-20,47085,Humphreys County,Tennessee,TN,quiet,5.5e-05,1770,45,501+,0.09,0.000455,1660,40,501+,0.16,0.020434,0.044175,0,0,0,,0.94,2024-25
2026-07-13,2026-07-20,31045,Dawes County,Nebraska,NE,quiet,5.5e-05,1771,40,501+,0.09,0.0007,1282,17,501+,0.24,0.020415,0.068426,0,0,0,,0.942028986,2024-25
2026-07-13,2026-07-20,51053,Dinwiddie County,Virginia,VA,quiet,5.5e-05,1772,62,501+,0.09,0.000261,2249,69,501+,0.09,0.020386,0.024798,0,0,0,,0.886,2024-25
2026-07-13,2026-07-20,13085,Dawson County,Georgia,GA,quiet,5.5e-05,1773,52,501+,0.09,0.000881,1097,25,501+,0.31,0.020378,0.086038,0,0,0,,,
2026-07-13,2026-07-20,55015,Calumet County,Wisconsin,WI,quiet,5.5e-05,1774,47,501+,0.09,0.000655,1334,43,501+,0.23,0.020375,0.064038,0,0,0,,0.85,2024-25
2026-07-13,2026-07-20,19115,Louisa County,Iowa,IA,quiet,5.5e-05,1775,33,501+,0.09,0.000507,1547,22,501+,0.18,0.02036,0.049279,0,0,0,,0.93103448,2024-25
2026-07-13,2026-07-20,20083,Hodgeman County,Kansas,KS,quiet,5.5e-05,1776,69,501+,0.09,0.000407,1791,65,501+,0.14,0.020358,0.03938,0,0,0,,0.9,2024-25
2026-07-13,2026-07-20,39149,Shelby County,Ohio,OH,quiet,5.5e-05,1777,53,501+,0.09,0.00085,1124,42,501+,0.3,0.020312,0.083066,0,0,0,,0.776,2024-25
2026-07-13,2026-07-20,46095,Mellette County,South Dakota,SD,quiet,5.5e-05,1778,45,501+,0.09,0.000169,2596,57,501+,0.06,0.020249,0.015602,0,0,0,,0.94,2024-25
2026-07-13,2026-07-20,21167,Mercer County,Kentucky,KY,quiet,5.4e-05,1779,24,501+,0.09,0.000453,1666,24,501+,0.16,0.020209,0.043928,0,0,0,,0.935,2024-25
2026-07-13,2026-07-20,48255,Karnes County,Texas,TX,quiet,5.4e-05,1780,183,501+,0.09,0.00043,1724,157,501+,0.15,0.020197,0.041658,0,0,0,,0.981366,2024-25
2026-07-13,2026-07-20,50011,Franklin County,Vermont,VT,quiet,5.4e-05,1781,10,501+,0.09,0.000494,1570,8,501+,0.17,0.020178,0.048067,0,0,0,,0.95,2024-25
2026-07-13,2026-07-20,48373,Polk County,Texas,TX,quiet,5.4e-05,1782,184,501+,0.09,0.00041,1777,163,501+,0.14,0.020176,0.039663,0,0,0,,0.939638,2024-25
2026-07-13,2026-07-20,53055,San Juan County,Washington,WA,quiet,5.4e-05,1783,35,501+,0.09,0.00047,1629,35,501+,0.16,0.02016,0.045651,0,0,0,,0.888,2024-25
2026-07-13,2026-07-20,22115,Vernon Parish,Louisiana,LA,quiet,5.4e-05,1784,21,501+,0.09,0.000734,1240,11,501+,0.26,0.020144,0.071796,0,0,0,,0.9048,2024-25
2026-07-13,2026-07-20,29211,Sullivan County,Missouri,MO,quiet,5.4e-05,1785,41,501+,0.09,0.000454,1664,52,501+,0.16,0.02014,0.044031,0,0,0,,0.959,2024-25
2026-07-13,2026-07-20,37075,Graham County,North Carolina,NC,quiet,5.4e-05,1786,69,501+,0.09,0.00031,2083,79,501+,0.11,0.020138,0.02959,0,0,0,,0.93589744,2024-25
2026-07-13,2026-07-20,47123,Monroe County,Tennessee,TN,quiet,5.4e-05,1787,46,501+,0.09,0.000362,1909,51,501+,0.13,0.020092,0.034868,0,0,0,,0.952,2024-25
2026-07-13,2026-07-20,27101,Murray County,Minnesota,MN,quiet,5.4e-05,1788,67,501+,0.09,0.000478,1610,58,501+,0.17,0.020085,0.046401,0,0,0,,0.924,2024-25
2026-07-13,2026-07-20,39171,Williams County,Ohio,OH,quiet,5.4e-05,1789,54,501+,0.09,0.000549,1472,56,501+,0.19,0.02003,0.053463,0,0,0,,0.878,2024-25
2026-07-13,2026-07-20,53003,Asotin County,Washington,WA,quiet,5.4e-05,1790,36,501+,0.09,0.000476,1613,34,501+,0.17,0.020015,0.046197,0,0,0,,0.884,2024-25
2026-07-13,2026-07-20,46003,Aurora County,South Dakota,SD,quiet,5.4e-05,1791,46,501+,0.09,0.000364,1904,41,501+,0.13,0.019982,0.035083,0,0,0,,0.89,2024-25
2026-07-13,2026-07-20,48335,Mitchell County,Texas,TX,quiet,5.4e-05,1792,185,501+,0.08,0.000359,1919,179,501+,0.12,0.019919,0.034497,0,0,0,,0.84,2024-25
2026-07-13,2026-07-20,31069,Garden County,Nebraska,NE,quiet,5.4e-05,1793,41,501+,0.08,0.000332,2004,52,501+,0.12,0.019892,0.031871,0,0,0,,0.636363636,2024-25
2026-07-13,2026-07-20,40107,Okfuskee County,Oklahoma,OK,quiet,5.4e-05,1794,47,501+,0.08,0.00035,1938,50,501+,0.12,0.019889,0.033681,0,0,0,,0.8678,2024-25
2026-07-13,2026-07-20,19151,Pocahontas County,Iowa,IA,quiet,5.3e-05,1795,34,501+,0.08,0.000335,1996,40,501+,0.12,0.019818,0.032154,0,0,0,,0.8358209,2024-25
2026-07-13,2026-07-20,35047,San Miguel County,New Mexico,NM,quiet,5.3e-05,1796,26,501+,0.08,0.000682,1302,19,501+,0.24,0.019807,0.066657,0,0,0,,0.9091,2024-25
2026-07-13,2026-07-20,47145,Roane County,Tennessee,TN,quiet,5.3e-05,1797,47,501+,0.08,0.000685,1298,30,501+,0.24,0.019796,0.066993,0,0,0,,0.966,2024-25
2026-07-13,2026-07-20,51043,Clarke County,Virginia,VA,quiet,5.3e-05,1798,63,501+,0.08,0.000428,1729,47,501+,0.15,0.019778,0.041454,0,0,0,,0.923,2024-25
2026-07-13,2026-07-20,42035,Clinton County,Pennsylvania,PA,quiet,5.3e-05,1799,51,501+,0.08,0.000909,1068,48,501+,0.32,0.019767,0.088702,0,0,0,,0.931,2024-25
2026-07-13,2026-07-20,20013,Brown County,Kansas,KS,quiet,5.3e-05,1800,70,501+,0.08,0.000248,2299,88,501+,0.09,0.019762,0.023469,0,0,0,,0.9828,2024-25
2026-07-13,2026-07-20,13115,Floyd County,Georgia,GA,quiet,5.3e-05,1801,53,501+,0.08,0.000347,1956,69,501+,0.12,0.019744,0.03337,0,0,0,,,
2026-07-13,2026-07-20,46067,Hutchinson County,South Dakota,SD,quiet,5.3e-05,1802,47,501+,0.08,0.000786,1187,22,501+,0.27,0.019743,0.076849,0,0,0,,0.63,2024-25
2026-07-13,2026-07-20,08099,Prowers County,Colorado,CO,quiet,5.3e-05,1803,49,501+,0.08,0.000341,1976,50,501+,0.12,0.019707,0.032717,0,0,0,,0.9701,2024-25
2026-07-13,2026-07-20,37047,Columbus County,North Carolina,NC,quiet,5.3e-05,1804,70,501+,0.08,0.000446,1680,70,501+,0.16,0.019701,0.043244,0,0,0,,0.95117845,2024-25
2026-07-13,2026-07-20,17179,Tazewell County,Illinois,IL,quiet,5.3e-05,1805,40,501+,0.08,0.000718,1263,27,501+,0.25,0.019686,0.070234,0,0,0,,0.947,2024-25
2026-07-13,2026-07-20,48433,Stonewall County,Texas,TX,quiet,5.3e-05,1806,186,501+,0.08,0.000103,2911,242,501+,0.04,0.019665,0.009218,0,0,0,,1.0,2024-25
2026-07-13,2026-07-20,41065,Wasco County,Oregon,OR,quiet,5.3e-05,1807,31,501+,0.08,0.000426,1740,26,501+,0.15,0.019654,0.041198,0,0,0,,0.911,2024-25
2026-07-13,2026-07-20,37177,Tyrrell County,North Carolina,NC,quiet,5.3e-05,1808,71,501+,0.08,0.000438,1700,71,501+,0.15,0.019637,0.04243,0,0,0,,0.88,2024-25
2026-07-13,2026-07-20,47067,Hancock County,Tennessee,TN,quiet,5.3e-05,1809,48,501+,0.08,0.000285,2164,62,501+,0.1,0.019596,0.027179,0,0,0,,0.797,2024-25
2026-07-13,2026-07-20,17103,Lee County,Illinois,IL,quiet,5.3e-05,1810,41,501+,0.08,0.000468,1636,38,501+,0.16,0.019545,0.04544,0,0,0,,0.967,2024-25
2026-07-13,2026-07-20,31099,Kearney County,Nebraska,NE,quiet,5.2e-05,1811,42,501+,0.08,0.000277,2202,59,501+,0.1,0.019513,0.026341,0,0,0,,0.977272727,2024-25
2026-07-13,2026-07-20,29155,Pemiscot County,Missouri,MO,quiet,5.2e-05,1812,42,501+,0.08,0.000515,1538,50,501+,0.18,0.019489,0.050106,0,0,0,,0.681,2024-25
2026-07-13,2026-07-20,05029,Conway County,Arkansas,AR,quiet,5.2e-05,1813,21,501+,0.08,0.000422,1752,21,501+,0.15,0.019468,0.040808,0,0,0,,,
2026-07-13,2026-07-20,32029,Storey County,Nevada,NV,quiet,5.2e-05,1814,13,501+,0.08,0.000227,2373,16,501+,0.08,0.019463,0.021346,0,0,0,,0.966,2024-25
2026-07-13,2026-07-20,48401,Rusk County,Texas,TX,quiet,5.2e-05,1815,187,501+,0.08,0.000482,1600,148,501+,0.17,0.019427,0.046838,0,0,0,,0.918182,2024-25
2026-07-13,2026-07-20,40141,Tillman County,Oklahoma,OK,quiet,5.2e-05,1816,48,501+,0.08,0.00026,2255,63,501+,0.09,0.019415,0.024632,0,0,0,,0.8889,2024-25
2026-07-13,2026-07-20,46035,Davison County,South Dakota,SD,quiet,5.2e-05,1817,48,501+,0.08,0.000364,1907,42,501+,0.13,0.019388,0.03503,0,0,0,,0.93,2024-25
2026-07-13,2026-07-20,48411,San Saba County,Texas,TX,quiet,5.2e-05,1818,188,501+,0.08,0.000376,1867,175,501+,0.13,0.019372,0.036232,0,0,0,,0.923077,2024-25
2026-07-13,2026-07-20,21033,Caldwell County,Kentucky,KY,quiet,5.2e-05,1819,25,501+,0.08,0.000449,1676,25,501+,0.16,0.019337,0.043495,0,0,0,,0.928,2024-25
2026-07-13,2026-07-20,13031,Bulloch County,Georgia,GA,quiet,5.2e-05,1820,54,501+,0.08,0.00041,1778,58,501+,0.14,0.019279,0.039651,0,0,0,,,
2026-07-13,2026-07-20,28071,Lafayette County,Mississippi,MS,quiet,5.2e-05,1821,18,501+,0.08,0.000489,1581,11,501+,0.17,0.019266,0.047531,0,0,0,,0.9801,2024-25
2026-07-13,2026-07-20,42015,Bradford County,Pennsylvania,PA,quiet,5.2e-05,1822,52,501+,0.08,0.001231,872,44,501+,0.43,0.019213,0.118885,0,0,0,,0.894,2024-25
2026-07-13,2026-07-20,17015,Carroll County,Illinois,IL,quiet,5.2e-05,1823,42,501+,0.08,0.000423,1751,45,501+,0.15,0.019179,0.040896,0,0,0,,0.961,2024-25
2026-07-13,2026-07-20,39059,Guernsey County,Ohio,OH,quiet,5.2e-05,1824,55,501+,0.08,0.000576,1429,55,501+,0.2,0.019174,0.056237,0,0,0,,0.951,2024-25
2026-07-13,2026-07-20,29109,Lawrence County,Missouri,MO,quiet,5.2e-05,1825,43,501+,0.08,0.000521,1531,49,501+,0.18,0.01917,0.050771,0,0,0,,0.858,2024-25
2026-07-13,2026-07-20,13163,Jefferson County,Georgia,GA,quiet,5.1e-05,1826,55,501+,0.08,0.000311,2073,79,501+,0.11,0.01916,0.029774,0,0,0,,,
2026-07-13,2026-07-20,46039,Deuel County,South Dakota,SD,quiet,5.1e-05,1827,49,501+,0.08,0.000348,1950,43,501+,0.12,0.019158,0.033451,0,0,0,,0.89,2024-25
2026-07-13,2026-07-20,27129,Renville County,Minnesota,MN,quiet,5.1e-05,1828,68,501+,0.08,0.000396,1817,70,501+,0.14,0.01914,0.038289,0,0,0,,0.923,2024-25
2026-07-13,2026-07-20,12049,Hardee County,Florida,FL,quiet,5.1e-05,1829,52,501+,0.08,0.0003,2113,60,501+,0.1,0.019138,0.02862,0,0,0,,0.954,2024-25
2026-07-13,2026-07-20,20181,Sherman County,Kansas,KS,quiet,5.1e-05,1830,71,501+,0.08,0.000497,1564,49,501+,0.17,0.019133,0.048348,0,0,0,,0.9265,2024-25
2026-07-13,2026-07-20,30073,Pondera County,Montana,MT,quiet,5.1e-05,1831,34,501+,0.08,0.000367,1894,32,501+,0.13,0.019132,0.035339,0,0,0,,,
2026-07-13,2026-07-20,20199,Wallace County,Kansas,KS,quiet,5.1e-05,1832,72,501+,0.08,0.000226,2380,91,501+,0.08,0.019097,0.02127,0,0,0,,0.7856,2024-25
2026-07-13,2026-07-20,47055,Giles County,Tennessee,TN,quiet,5.1e-05,1833,49,501+,0.08,0.000319,2048,56,501+,0.11,0.019095,0.030502,0,0,0,,0.933,2024-25
2026-07-13,2026-07-20,20167,Russell County,Kansas,KS,quiet,5.1e-05,1834,73,501+,0.08,0.000375,1869,70,501+,0.13,0.019055,0.036154,0,0,0,,0.9249,2024-25
2026-07-13,2026-07-20,26079,Kalkaska County,Michigan,MI,quiet,5.1e-05,1835,57,501+,0.08,0.0005,1562,54,501+,0.17,0.018995,0.048587,0,0,0,,0.88757396,2024-25
2026-07-13,2026-07-20,46041,Dewey County,South Dakota,SD,quiet,5.1e-05,1836,50,501+,0.08,0.000119,2832,59,501+,0.04,0.018967,0.0108,0,0,0,,0.94,2024-25
2026-07-13,2026-07-20,21105,Hickman County,Kentucky,KY,quiet,5.1e-05,1837,26,501+,0.08,0.000405,1797,29,501+,0.14,0.018966,0.039169,0,0,0,,0.933,2024-25
2026-07-13,2026-07-20,13185,Lowndes County,Georgia,GA,quiet,5.1e-05,1838,56,501+,0.08,0.000321,2040,75,501+,0.11,0.018912,0.030692,0,0,0,,,
2026-07-13,2026-07-20,29201,Scott County,Missouri,MO,quiet,5.1e-05,1839,44,501+,0.08,0.000546,1478,46,501+,0.19,0.0189,0.053243,0,0,0,,0.947,2024-25
2026-07-13,2026-07-20,21017,Bourbon County,Kentucky,KY,quiet,5.1e-05,1840,27,501+,0.08,0.000373,1877,31,501+,0.13,0.018891,0.035924,0,0,0,,0.90295359,2024-25
2026-07-13,2026-07-20,27159,Wadena County,Minnesota,MN,quiet,5.1e-05,1841,69,501+,0.08,0.000435,1709,64,501+,0.15,0.018886,0.042117,0,0,0,,0.67,2024-25
2026-07-13,2026-07-20,19035,Cherokee County,Iowa,IA,quiet,5.1e-05,1842,35,501+,0.08,0.000429,1725,27,501+,0.15,0.018816,0.041553,0,0,0,,0.859375,2024-25
2026-07-13,2026-07-20,12059,Holmes County,Florida,FL,quiet,5e-05,1843,53,501+,0.08,0.000555,1461,46,501+,0.19,0.018803,0.054093,0,0,0,,0.936,2024-25
2026-07-13,2026-07-20,05117,Prairie County,Arkansas,AR,quiet,5e-05,1844,22,501+,0.08,0.000171,2587,62,501+,0.06,0.0188,0.015802,0,0,0,,,
2026-07-13,2026-07-20,48131,Duval County,Texas,TX,quiet,5e-05,1845,189,501+,0.08,0.000443,1685,154,501+,0.15,0.018799,0.042983,0,0,0,,0.967742,2024-25
2026-07-13,2026-07-20,30023,Deer Lodge County,Montana,MT,quiet,5e-05,1846,35,501+,0.08,0.000193,2497,42,501+,0.07,0.018785,0.018031,0,0,0,,,
2026-07-13,2026-07-20,20025,Clark County,Kansas,KS,quiet,5e-05,1847,74,501+,0.08,0.000367,1896,72,501+,0.13,0.018783,0.03531,0,0,0,,0.6696,2024-25
2026-07-13,2026-07-20,37083,Halifax County,North Carolina,NC,quiet,5e-05,1848,72,501+,0.08,0.00039,1831,74,501+,0.14,0.018776,0.037677,0,0,0,,0.94789579,2024-25
2026-07-13,2026-07-20,37173,Swain County,North Carolina,NC,quiet,5e-05,1849,73,501+,0.08,0.000259,2259,84,501+,0.09,0.018751,0.024558,0,0,0,,0.97484277,2024-25
2026-07-13,2026-07-20,51009,Amherst County,Virginia,VA,quiet,5e-05,1850,64,501+,0.08,0.00018,2556,88,501+,0.06,0.018745,0.016711,0,0,0,,0.816,2024-25
2026-07-13,2026-07-20,02275,Wrangell City and Borough,Alaska,AK,quiet,5e-05,1851,18,501+,0.08,0.000295,2135,17,501+,0.1,0.01872,0.028166,0,0,0,,,
2026-07-13,2026-07-20,23007,Franklin County,Maine,ME,quiet,5e-05,1852,14,501+,0.08,0.000357,1922,12,501+,0.12,0.018668,0.034372,0,0,0,,0.9657,2024-25
2026-07-13,2026-07-20,45089,Williamsburg County,South Carolina,SC,quiet,5e-05,1853,39,501+,0.08,0.000668,1316,32,501+,0.23,0.018654,0.065257,0,0,0,,0.974,2024-25
2026-07-13,2026-07-20,12121,Suwannee County,Florida,FL,quiet,5e-05,1854,54,501+,0.08,0.000348,1952,55,501+,0.12,0.018648,0.033403,0,0,0,,0.893,2024-25
2026-07-13,2026-07-20,21213,Simpson County,Kentucky,KY,quiet,5e-05,1855,28,501+,0.08,0.000403,1805,30,501+,0.14,0.018645,0.038897,0,0,0,,0.937,2024-25
2026-07-13,2026-07-20,40011,Blaine County,Oklahoma,OK,quiet,5e-05,1856,49,501+,0.08,0.000295,2137,61,501+,0.1,0.018634,0.028091,0,0,0,,0.9286,2024-25
2026-07-13,2026-07-20,05127,Scott County,Arkansas,AR,quiet,5e-05,1857,23,501+,0.08,0.000358,1920,28,501+,0.12,0.018634,0.034425,0,0,0,,,
2026-07-13,2026-07-20,17123,Marshall County,Illinois,IL,quiet,5e-05,1858,43,501+,0.08,0.000402,1806,46,501+,0.14,0.018613,0.038867,0,0,0,,0.984,2024-25
2026-07-13,2026-07-20,20187,Stanton County,Kansas,KS,quiet,5e-05,1859,75,501+,0.08,0.000182,2546,96,501+,0.06,0.018606,0.016893,0,0,0,,0.7895,2024-25
2026-07-13,2026-07-20,48075,Childress County,Texas,TX,quiet,5e-05,1860,190,501+,0.08,0.000243,2318,210,501+,0.08,0.018583,0.022962,0,0,0,,0.84127,2024-25
2026-07-13,2026-07-20,05053,Grant County,Arkansas,AR,quiet,5e-05,1861,24,501+,0.08,0.000536,1502,17,501+,0.19,0.018579,0.052257,0,0,0,,,
2026-07-13,2026-07-20,06003,Alpine County,California,CA,quiet,5e-05,1862,56,501+,0.08,0.000105,2898,58,501+,0.04,0.018552,0.009401,0,0,0,,,
2026-07-13,2026-07-20,51840,Winchester City,Virginia,VA,quiet,5e-05,1863,65,501+,0.08,0.000468,1634,45,501+,0.16,0.018522,0.045449,0,0,0,,0.935,2024-25
2026-07-13,2026-07-20,55121,Trempealeau County,Wisconsin,WI,quiet,5e-05,1864,48,501+,0.08,0.000468,1638,49,501+,0.16,0.01852,0.045396,0,0,0,,0.86,2024-25
2026-07-13,2026-07-20,22047,Iberville Parish,Louisiana,LA,quiet,5e-05,1865,22,501+,0.08,0.000297,2121,30,501+,0.1,0.018512,0.028354,0,0,0,,0.9557,2024-25
2026-07-13,2026-07-20,31029,Chase County,Nebraska,NE,quiet,5e-05,1866,43,501+,0.08,0.000572,1433,23,501+,0.2,0.018508,0.055837,0,0,0,,0.94,2024-25
2026-07-13,2026-07-20,51125,Nelson County,Virginia,VA,quiet,5e-05,1867,66,501+,0.08,0.000273,2213,67,501+,0.09,0.01846,0.025916,0,0,0,,0.854,2024-25
2026-07-13,2026-07-20,01099,Monroe County,Alabama,AL,quiet,4.9e-05,1868,30,501+,0.08,0.000256,2267,44,501+,0.09,0.018454,0.0243,0,0,0,,0.9615,2024-25
2026-07-13,2026-07-20,13271,Telfair County,Georgia,GA,quiet,4.9e-05,1869,57,501+,0.08,0.00034,1980,70,501+,0.12,0.018437,0.032641,0,0,0,,,
2026-07-13,2026-07-20,47035,Cumberland County,Tennessee,TN,quiet,4.9e-05,1870,50,501+,0.08,0.000359,1918,53,501+,0.12,0.018388,0.034523,0,0,0,,0.952,2024-25
2026-07-13,2026-07-20,21221,Trigg County,Kentucky,KY,quiet,4.9e-05,1871,29,501+,0.08,0.000455,1662,23,501+,0.16,0.018347,0.044117,0,0,0,,0.888,2024-25
2026-07-13,2026-07-20,48437,Swisher County,Texas,TX,quiet,4.9e-05,1872,191,501+,0.08,0.000409,1782,164,501+,0.14,0.018342,0.039563,0,0,0,,0.940476,2024-25
2026-07-13,2026-07-20,32015,Lander County,Nevada,NV,quiet,4.9e-05,1873,14,501+,0.08,0.000456,1658,15,501+,0.16,0.018327,0.044243,0,0,0,,1.0,2024-25
2026-07-13,2026-07-20,51135,Nottoway County,Virginia,VA,quiet,4.9e-05,1874,67,501+,0.08,0.000204,2457,81,501+,0.07,0.018276,0.01909,0,0,0,,0.944,2024-25
2026-07-13,2026-07-20,40147,Washington County,Oklahoma,OK,quiet,4.9e-05,1875,50,501+,0.08,0.000375,1868,47,501+,0.13,0.018271,0.036163,0,0,0,,0.8876,2024-25
2026-07-13,2026-07-20,40105,Nowata County,Oklahoma,OK,quiet,4.9e-05,1876,51,501+,0.08,0.000367,1895,48,501+,0.13,0.018224,0.035325,0,0,0,,0.8667,2024-25
2026-07-13,2026-07-20,40005,Atoka County,Oklahoma,OK,quiet,4.9e-05,1877,52,501+,0.08,0.000327,2023,56,501+,0.11,0.018205,0.031322,0,0,0,,0.8633,2024-25
2026-07-13,2026-07-20,13181,Lincoln County,Georgia,GA,quiet,4.9e-05,1878,58,501+,0.08,0.000283,2175,85,501+,0.1,0.018184,0.026905,0,0,0,,,
2026-07-13,2026-07-20,35007,Colfax County,New Mexico,NM,quiet,4.9e-05,1879,27,501+,0.08,0.000463,1649,25,501+,0.16,0.018154,0.044929,0,0,0,,0.9,2024-25
2026-07-13,2026-07-20,01039,Covington County,Alabama,AL,quiet,4.9e-05,1880,31,501+,0.08,0.000501,1559,25,501+,0.17,0.018148,0.048772,0,0,0,,0.9626,2024-25
2026-07-13,2026-07-20,18103,Miami County,Indiana,IN,quiet,4.9e-05,1881,36,501+,0.08,0.000302,2103,54,501+,0.11,0.018142,0.02887,0,0,0,,0.8327,2024-25
2026-07-13,2026-07-20,49055,Wayne County,Utah,UT,quiet,4.9e-05,1882,24,501+,0.08,0.000255,2277,24,501+,0.09,0.01814,0.024152,0,0,0,,,
2026-07-13,2026-07-20,55103,Richland County,Wisconsin,WI,quiet,4.9e-05,1883,49,501+,0.08,0.000533,1507,44,501+,0.19,0.018137,0.051963,0,0,0,,0.72,2024-25
2026-07-13,2026-07-20,48363,Palo Pinto County,Texas,TX,quiet,4.9e-05,1884,192,501+,0.08,0.000529,1515,139,501+,0.18,0.018112,0.051493,0,0,0,,0.927673,2024-25
2026-07-13,2026-07-20,48127,Dimmit County,Texas,TX,quiet,4.8e-05,1885,193,501+,0.08,0.000196,2479,226,501+,0.07,0.018075,0.018341,0,0,0,,0.992,2024-25
2026-07-13,2026-07-20,22121,West Baton Rouge Parish,Louisiana,LA,quiet,4.8e-05,1886,23,501+,0.08,0.00035,1940,26,501+,0.12,0.018068,0.033628,0,0,0,,0.9308,2024-25
2026-07-13,2026-07-20,20011,Bourbon County,Kansas,KS,quiet,4.8e-05,1887,76,501+,0.08,0.00032,2041,79,501+,0.11,0.018053,0.030669,0,0,0,,0.9463,2024-25
2026-07-13,2026-07-20,31035,Clay County,Nebraska,NE,quiet,4.8e-05,1888,44,501+,0.08,0.000311,2074,54,501+,0.11,0.018046,0.029744,0,0,0,,0.916666667,2024-25
2026-07-13,2026-07-20,13207,Monroe County,Georgia,GA,quiet,4.8e-05,1889,59,501+,0.08,0.00038,1859,61,501+,0.13,0.018021,0.036598,0,0,0,,,
2026-07-13,2026-07-20,32027,Pershing County,Nevada,NV,quiet,4.8e-05,1890,15,501+,0.08,0.000788,1184,11,501+,0.27,0.017999,0.077061,0,0,0,,0.78,2024-25
2026-07-13,2026-07-20,37139,Pasquotank County,North Carolina,NC,quiet,4.8e-05,1891,74,501+,0.08,0.00028,2184,82,501+,0.1,0.017989,0.026665,0,0,0,,0.91330645,2024-25
2026-07-13,2026-07-20,55125,Vilas County,Wisconsin,WI,quiet,4.8e-05,1892,50,501+,0.08,0.000495,1569,47,501+,0.17,0.017902,0.048125,0,0,0,,0.78,2024-25
2026-07-13,2026-07-20,20043,Doniphan County,Kansas,KS,quiet,4.8e-05,1893,77,501+,0.08,0.000343,1967,77,501+,0.12,0.01787,0.032937,0,0,0,,0.939,2024-25
2026-07-13,2026-07-20,51119,Middlesex County,Virginia,VA,quiet,4.8e-05,1894,68,501+,0.08,0.000168,2601,91,501+,0.06,0.017844,0.015558,0,0,0,,0.968,2024-25
2026-07-13,2026-07-20,31087,Hitchcock County,Nebraska,NE,quiet,4.8e-05,1895,45,501+,0.08,0.000464,1647,30,501+,0.16,0.017833,0.045033,0,0,0,,0.904761905,2024-25
2026-07-13,2026-07-20,39013,Belmont County,Ohio,OH,quiet,4.8e-05,1896,56,501+,0.08,0.000675,1309,50,501+,0.23,0.017824,0.065962,0,0,0,,0.932,2024-25
2026-07-13,2026-07-20,48253,Jones County,Texas,TX,quiet,4.8e-05,1897,194,501+,0.08,0.00014,2738,235,501+,0.05,0.017823,0.012827,0,0,0,,0.966102,2024-25
2026-07-13,2026-07-20,27059,Isanti County,Minnesota,MN,quiet,4.8e-05,1898,70,501+,0.08,0.00066,1330,43,501+,0.23,0.017802,0.064503,0,0,0,,0.843,2024-25
2026-07-13,2026-07-20,48331,Milam County,Texas,TX,quiet,4.8e-05,1899,195,501+,0.08,0.000317,2053,190,501+,0.11,0.01779,0.030303,0,0,0,,0.931271,2024-25
2026-07-13,2026-07-20,17053,Ford County,Illinois,IL,quiet,4.7e-05,1900,44,501+,0.08,0.000314,2065,53,501+,0.11,0.017742,0.030027,0,0,0,,0.968,2024-25
2026-07-13,2026-07-20,08021,Conejos County,Colorado,CO,quiet,4.7e-05,1901,50,501+,0.08,0.000411,1775,46,501+,0.14,0.017742,0.039722,0,0,0,,0.9059,2024-25
2026-07-13,2026-07-20,12039,Gadsden County,Florida,FL,quiet,4.7e-05,1902,55,501+,0.07,0.000758,1219,41,501+,0.26,0.017718,0.074077,0,0,0,,0.798,2024-25
2026-07-13,2026-07-20,30109,Wibaux County,Montana,MT,quiet,4.7e-05,1903,36,501+,0.07,0.000341,1973,33,501+,0.12,0.017664,0.032784,0,0,0,,,
2026-07-13,2026-07-20,29179,Reynolds County,Missouri,MO,quiet,4.7e-05,1904,45,501+,0.07,0.000642,1352,35,501+,0.22,0.017658,0.062753,0,0,0,,0.911,2024-25
2026-07-13,2026-07-20,54069,Ohio County,West Virginia,WV,quiet,4.7e-05,1905,10,501+,0.07,0.000923,1064,6,501+,0.32,0.017656,0.090018,0,0,0,,,
2026-07-13,2026-07-20,18037,Dubois County,Indiana,IN,quiet,4.7e-05,1906,37,501+,0.07,0.000348,1949,52,501+,0.12,0.017655,0.033455,0,0,0,,0.9423,2024-25
2026-07-13,2026-07-20,20109,Logan County,Kansas,KS,quiet,4.7e-05,1907,78,501+,0.07,0.000249,2294,87,501+,0.09,0.01763,0.023589,0,0,0,,0.8257,2024-25
2026-07-13,2026-07-20,17009,Brown County,Illinois,IL,quiet,4.7e-05,1908,45,501+,0.07,0.000467,1639,39,501+,0.16,0.017628,0.045381,0,0,0,,0.977,2024-25
2026-07-13,2026-07-20,48343,Morris County,Texas,TX,quiet,4.7e-05,1909,196,501+,0.07,0.000326,2026,187,501+,0.11,0.017624,0.031222,0,0,0,,0.96748,2024-25
2026-07-13,2026-07-20,48377,Presidio County,Texas,TX,quiet,4.7e-05,1910,197,501+,0.07,0.000122,2818,240,501+,0.04,0.017621,0.011095,0,0,0,,1.0,2024-25
2026-07-13,2026-07-20,32021,Mineral County,Nevada,NV,quiet,4.7e-05,1911,16,501+,0.07,0.000676,1307,13,501+,0.24,0.017586,0.066082,0,0,0,,0.973,2024-25
2026-07-13,2026-07-20,30035,Glacier County,Montana,MT,quiet,4.7e-05,1912,37,501+,0.07,0.000393,1824,30,501+,0.14,0.017557,0.037923,0,0,0,,,
2026-07-13,2026-07-20,42113,Sullivan County,Pennsylvania,PA,quiet,4.7e-05,1913,53,501+,0.07,0.000157,2644,64,501+,0.05,0.01755,0.014477,0,0,0,,0.941,2024-25
2026-07-13,2026-07-20,29137,Monroe County,Missouri,MO,quiet,4.7e-05,1914,46,501+,0.07,0.000444,1684,53,501+,0.15,0.017542,0.04306,0,0,0,,0.923,2024-25
2026-07-13,2026-07-20,51029,Buckingham County,Virginia,VA,quiet,4.7e-05,1915,69,501+,0.07,0.000348,1947,57,501+,0.12,0.017531,0.033482,0,0,0,,0.979,2024-25
2026-07-13,2026-07-20,37013,Beaufort County,North Carolina,NC,quiet,4.7e-05,1916,75,501+,0.07,0.000453,1665,67,501+,0.16,0.017515,0.043955,0,0,0,,0.95343681,2024-25
2026-07-13,2026-07-20,05139,Union County,Arkansas,AR,quiet,4.7e-05,1917,25,501+,0.07,0.000415,1764,22,501+,0.14,0.017502,0.04017,0,0,0,,,
2026-07-13,2026-07-20,19169,Story County,Iowa,IA,quiet,4.7e-05,1918,36,501+,0.07,0.000327,2024,43,501+,0.11,0.017457,0.031299,0,0,0,,0.89221557,2024-25
2026-07-13,2026-07-20,29149,Oregon County,Missouri,MO,quiet,4.7e-05,1919,47,501+,0.07,0.000522,1529,48,501+,0.18,0.017454,0.050851,0,0,0,,0.858,2024-25
2026-07-13,2026-07-20,18133,Putnam County,Indiana,IN,quiet,4.7e-05,1920,38,501+,0.07,0.001342,828,15,501+,0.47,0.017441,0.129054,0,0,1,53,0.9098,2024-25
2026-07-13,2026-07-20,42117,Tioga County,Pennsylvania,PA,quiet,4.7e-05,1921,54,501+,0.07,0.001034,985,46,501+,0.36,0.017399,0.100602,0,0,0,,0.951,2024-25
2026-07-13,2026-07-20,22069,Natchitoches Parish,Louisiana,LA,quiet,4.6e-05,1922,24,501+,0.07,0.000314,2062,29,501+,0.11,0.017391,0.030078,0,0,0,,0.9606,2024-25
2026-07-13,2026-07-20,36033,Franklin County,New York,NY,quiet,4.6e-05,1923,53,501+,0.07,0.000382,1848,51,501+,0.13,0.017383,0.036844,0,0,0,,0.999504985,2024-25
2026-07-13,2026-07-20,40069,Johnston County,Oklahoma,OK,quiet,4.6e-05,1924,53,501+,0.07,0.00033,2010,55,501+,0.11,0.017368,0.031661,0,0,0,,0.8919,2024-25
2026-07-13,2026-07-20,18029,Dearborn County,Indiana,IN,quiet,4.6e-05,1925,39,501+,0.07,0.00044,1693,41,501+,0.15,0.017364,0.042671,0,0,0,,0.9232,2024-25
2026-07-13,2026-07-20,42023,Cameron County,Pennsylvania,PA,quiet,4.6e-05,1926,55,501+,0.07,0.000412,1773,59,501+,0.14,0.017349,0.039802,0,0,0,,0.806,2024-25
2026-07-13,2026-07-20,23017,Oxford County,Maine,ME,quiet,4.6e-05,1927,15,501+,0.07,0.000349,1943,13,501+,0.12,0.01729,0.033547,0,0,0,,0.9765,2024-25
2026-07-13,2026-07-20,29221,Washington County,Missouri,MO,quiet,4.6e-05,1928,48,501+,0.07,0.001164,900,17,501+,0.4,0.01727,0.112771,0,0,0,,0.9,2024-25
2026-07-13,2026-07-20,13215,Muscogee County,Georgia,GA,quiet,4.6e-05,1929,60,501+,0.07,0.000317,2052,76,501+,0.11,0.01727,0.030325,0,0,0,,,
2026-07-13,2026-07-20,29219,Warren County,Missouri,MO,quiet,4.6e-05,1930,49,501+,0.07,0.000664,1319,30,501+,0.23,0.017254,0.064902,0,0,0,,0.921,2024-25
2026-07-13,2026-07-20,26151,Sanilac County,Michigan,MI,quiet,4.6e-05,1931,58,501+,0.07,0.00094,1054,32,501+,0.33,0.017249,0.091621,0,0,0,,0.88917526,2024-25
2026-07-13,2026-07-20,31147,Richardson County,Nebraska,NE,quiet,4.6e-05,1932,46,501+,0.07,0.000298,2118,56,501+,0.1,0.017242,0.028462,0,0,0,,0.95959596,2024-25
2026-07-13,2026-07-20,46069,Hyde County,South Dakota,SD,quiet,4.6e-05,1933,51,501+,0.07,0.000228,2370,53,501+,0.08,0.017238,0.021478,0,0,0,,0.89,2024-25
2026-07-13,2026-07-20,20039,Decatur County,Kansas,KS,quiet,4.6e-05,1934,79,501+,0.07,0.000473,1625,55,501+,0.16,0.017226,0.045906,0,0,0,,0.6002,2024-25
2026-07-13,2026-07-20,48351,Newton County,Texas,TX,quiet,4.6e-05,1935,198,501+,0.07,0.000364,1906,176,501+,0.13,0.017222,0.035077,0,0,0,,0.929204,2024-25
2026-07-13,2026-07-20,53039,Klickitat County,Washington,WA,quiet,4.6e-05,1936,37,501+,0.07,0.000426,1739,36,501+,0.15,0.017217,0.041199,0,0,0,,0.874,2024-25
2026-07-13,2026-07-20,48145,Falls County,Texas,TX,quiet,4.6e-05,1937,199,501+,0.07,0.000347,1960,182,501+,0.12,0.017208,0.033313,0,0,0,,0.955056,2024-25
2026-07-13,2026-07-20,22109,Terrebonne Parish,Louisiana,LA,quiet,4.6e-05,1938,25,501+,0.07,0.000563,1448,15,501+,0.2,0.017204,0.054868,0,0,0,,0.8969,2024-25
2026-07-13,2026-07-20,18077,Jefferson County,Indiana,IN,quiet,4.6e-05,1939,40,501+,0.07,0.00035,1939,51,501+,0.12,0.017198,0.03364,0,0,0,,0.8738,2024-25
2026-07-13,2026-07-20,46009,Bon Homme County,South Dakota,SD,quiet,4.6e-05,1940,52,501+,0.07,0.000268,2226,52,501+,0.09,0.017186,0.025448,0,0,0,,0.86,2024-25
2026-07-13,2026-07-20,13003,Atkinson County,Georgia,GA,quiet,4.6e-05,1941,61,501+,0.07,0.000251,2292,100,501+,0.09,0.017164,0.023718,0,0,0,,,
2026-07-13,2026-07-20,20017,Chase County,Kansas,KS,quiet,4.6e-05,1942,80,501+,0.07,0.000439,1696,59,501+,0.15,0.017105,0.042537,0,0,0,,0.9132,2024-25
2026-07-13,2026-07-20,13143,Haralson County,Georgia,GA,quiet,4.6e-05,1943,62,501+,0.07,0.00043,1723,54,501+,0.15,0.017086,0.041661,0,0,0,,,
2026-07-13,2026-07-20,40111,Okmulgee County,Oklahoma,OK,quiet,4.6e-05,1944,54,501+,0.07,0.000565,1443,28,501+,0.2,0.017071,0.055122,0,0,0,,0.9286,2024-25
2026-07-13,2026-07-20,40129,Roger Mills County,Oklahoma,OK,quiet,4.6e-05,1945,55,501+,0.07,0.000238,2333,65,501+,0.08,0.017047,0.022455,0,0,0,,0.9286,2024-25
2026-07-13,2026-07-20,29011,Barton County,Missouri,MO,quiet,4.6e-05,1946,50,501+,0.07,0.000586,1418,40,501+,0.2,0.017044,0.057145,0,0,0,,0.933,2024-25
2026-07-13,2026-07-20,23013,Knox County,Maine,ME,quiet,4.5e-05,1947,16,501+,0.07,0.000236,2337,16,501+,0.08,0.016945,0.022312,0,0,0,,0.9527,2024-25
2026-07-13,2026-07-20,17109,McDonough County,Illinois,IL,quiet,4.5e-05,1948,46,501+,0.07,0.000255,2275,61,501+,0.09,0.016932,0.024165,0,0,0,,0.956,2024-25
2026-07-13,2026-07-20,51083,Halifax County,Virginia,VA,quiet,4.5e-05,1949,70,501+,0.07,0.00038,1858,51,501+,0.13,0.01693,0.036623,0,0,0,,0.809,2024-25
2026-07-13,2026-07-20,48007,Aransas County,Texas,TX,quiet,4.5e-05,1950,200,501+,0.07,0.000412,1772,162,501+,0.14,0.016879,0.039844,0,0,0,,0.972678,2024-25
2026-07-13,2026-07-20,21107,Hopkins County,Kentucky,KY,quiet,4.5e-05,1951,30,501+,0.07,0.000502,1558,22,501+,0.17,0.016872,0.048838,0,0,0,,0.911,2024-25
2026-07-13,2026-07-20,27079,Le Sueur County,Minnesota,MN,quiet,4.5e-05,1952,71,501+,0.07,0.000266,2233,79,501+,0.09,0.016864,0.025202,0,0,0,,0.873,2024-25
2026-07-13,2026-07-20,29023,Butler County,Missouri,MO,quiet,4.5e-05,1953,51,501+,0.07,0.000389,1835,61,501+,0.14,0.01686,0.037516,0,0,0,,0.861,2024-25
2026-07-13,2026-07-20,18049,Fulton County,Indiana,IN,quiet,4.5e-05,1954,41,501+,0.07,0.00051,1545,37,501+,0.18,0.016844,0.049617,0,0,0,,0.9401,2024-25
2026-07-13,2026-07-20,19063,Emmet County,Iowa,IA,quiet,4.5e-05,1955,37,501+,0.07,0.00026,2254,60,501+,0.09,0.01684,0.024645,0,0,0,,0.86585366,2024-25
2026-07-13,2026-07-20,31127,Nemaha County,Nebraska,NE,quiet,4.5e-05,1956,47,501+,0.07,0.000347,1957,47,501+,0.12,0.016735,0.033343,0,0,0,,0.884615385,2024-25
2026-07-13,2026-07-20,22021,Caldwell Parish,Louisiana,LA,quiet,4.5e-05,1957,26,501+,0.07,0.000186,2534,43,501+,0.06,0.016725,0.01733,0,0,0,,0.9184,2024-25
2026-07-13,2026-07-20,17181,Union County,Illinois,IL,quiet,4.5e-05,1958,47,501+,0.07,0.000467,1640,40,501+,0.16,0.0167,0.045333,0,0,0,,0.97,2024-25
2026-07-13,2026-07-20,31181,Webster County,Nebraska,NE,quiet,4.5e-05,1959,48,501+,0.07,0.000356,1927,44,501+,0.12,0.016687,0.034223,0,0,0,,1.0,2024-25
2026-07-13,2026-07-20,48347,Nacogdoches County,Texas,TX,quiet,4.5e-05,1960,201,501+,0.07,0.000273,2212,201,501+,0.09,0.016681,0.025927,0,0,0,,0.946475,2024-25
2026-07-13,2026-07-20,39125,Paulding County,Ohio,OH,quiet,4.4e-05,1961,57,501+,0.07,0.000464,1646,59,501+,0.16,0.016679,0.045035,0,0,0,,0.895,2024-25
2026-07-13,2026-07-20,42059,Greene County,Pennsylvania,PA,quiet,4.4e-05,1962,56,501+,0.07,0.000682,1301,53,501+,0.24,0.016677,0.0667,0,0,0,,0.923,2024-25
2026-07-13,2026-07-20,27015,Brown County,Minnesota,MN,quiet,4.4e-05,1963,72,501+,0.07,0.00049,1580,55,501+,0.17,0.016676,0.047656,0,0,0,,0.918,2024-25
2026-07-13,2026-07-20,42087,Mifflin County,Pennsylvania,PA,quiet,4.4e-05,1964,57,501+,0.07,0.000816,1148,50,501+,0.28,0.016675,0.079768,0,0,0,,0.923,2024-25
2026-07-13,2026-07-20,51101,King William County,Virginia,VA,quiet,4.4e-05,1965,71,501+,0.07,0.000274,2207,66,501+,0.1,0.016671,0.026081,0,0,0,,0.915,2024-25
2026-07-13,2026-07-20,48123,DeWitt County,Texas,TX,quiet,4.4e-05,1966,202,501+,0.07,0.00021,2430,221,501+,0.07,0.016655,0.019695,0,0,0,,0.951872,2024-25
2026-07-13,2026-07-20,27035,Crow Wing County,Minnesota,MN,quiet,4.4e-05,1967,73,501+,0.07,0.000496,1565,54,501+,0.17,0.016614,0.048257,0,0,0,,0.798,2024-25
2026-07-13,2026-07-20,54041,Lewis County,West Virginia,WV,quiet,4.4e-05,1968,11,501+,0.07,0.000415,1765,12,501+,0.14,0.016611,0.040155,0,0,0,,,
2026-07-13,2026-07-20,48385,Real County,Texas,TX,quiet,4.4e-05,1969,203,501+,0.07,0.00036,1915,178,501+,0.13,0.01661,0.034644,0,0,0,,0.944444,2024-25
2026-07-13,2026-07-20,40007,Beaver County,Oklahoma,OK,quiet,4.4e-05,1970,56,501+,0.07,0.000541,1489,31,501+,0.19,0.016603,0.052753,0,0,0,,0.8519,2024-25
2026-07-13,2026-07-20,18109,Morgan County,Indiana,IN,quiet,4.4e-05,1971,42,501+,0.07,0.000443,1686,40,501+,0.15,0.016586,0.042976,0,0,0,,0.8789,2024-25
2026-07-13,2026-07-20,31115,Loup County,Nebraska,NE,quiet,4.4e-05,1972,49,501+,0.07,0.000357,1921,43,501+,0.12,0.016567,0.034385,0,0,0,,0.6,2024-25
2026-07-13,2026-07-20,06049,Modoc County,California,CA,quiet,4.4e-05,1973,57,501+,0.07,0.000297,2124,56,501+,0.1,0.016543,0.028326,0,0,0,,0.99,2024-25
2026-07-13,2026-07-20,47139,Polk County,Tennessee,TN,quiet,4.4e-05,1974,51,501+,0.07,0.000549,1471,32,501+,0.19,0.016542,0.053472,0,0,0,,0.919,2024-25
2026-07-13,2026-07-20,05109,Pike County,Arkansas,AR,quiet,4.4e-05,1975,26,501+,0.07,0.000251,2290,43,501+,0.09,0.016542,0.023761,0,0,0,,,
2026-07-13,2026-07-20,19005,Allamakee County,Iowa,IA,quiet,4.4e-05,1976,38,501+,0.07,0.000297,2120,49,501+,0.1,0.016536,0.028377,0,0,0,,0.88780488,2024-25
2026-07-13,2026-07-20,17029,Coles County,Illinois,IL,quiet,4.4e-05,1977,48,501+,0.07,0.000582,1420,33,501+,0.2,0.016534,0.056767,0,0,0,,0.957,2024-25
2026-07-13,2026-07-20,13173,Lanier County,Georgia,GA,quiet,4.4e-05,1978,63,501+,0.07,0.000222,2387,103,501+,0.08,0.016514,0.020916,0,0,0,,,
2026-07-13,2026-07-20,21041,Carroll County,Kentucky,KY,quiet,4.4e-05,1979,31,501+,0.07,0.000156,2651,62,501+,0.05,0.016486,0.0144,0,0,0,,0.964,2024-25
2026-07-13,2026-07-20,20065,Graham County,Kansas,KS,quiet,4.4e-05,1980,81,501+,0.07,0.000148,2690,99,501+,0.05,0.016481,0.013567,0,0,0,,0.9788,2024-25
2026-07-13,2026-07-20,17017,Cass County,Illinois,IL,quiet,4.4e-05,1981,49,501+,0.07,0.000294,2141,56,501+,0.1,0.016415,0.028027,0,0,0,,0.979,2024-25
2026-07-13,2026-07-20,18153,Sullivan County,Indiana,IN,quiet,4.4e-05,1982,43,501+,0.07,0.000352,1935,50,501+,0.12,0.016387,0.033877,0,0,0,,0.8446,2024-25
2026-07-13,2026-07-20,48233,Hutchinson County,Texas,TX,quiet,4.4e-05,1983,204,501+,0.07,0.000264,2241,203,501+,0.09,0.016374,0.025021,0,0,0,,0.952381,2024-25
2026-07-13,2026-07-20,22095,St. John the Baptist Parish,Louisiana,LA,quiet,4.4e-05,1984,27,501+,0.07,0.000471,1627,19,501+,0.16,0.016365,0.045765,0,0,0,,0.9369,2024-25
2026-07-13,2026-07-20,02198,Prince of Wales-Hyder Census Area,Alaska,AK,quiet,4.4e-05,1985,19,501+,0.07,0.000281,2180,18,501+,0.1,0.016363,0.026756,0,0,0,,,
2026-07-13,2026-07-20,48105,Crockett County,Texas,TX,quiet,4.4e-05,1986,205,501+,0.07,0.000248,2301,209,501+,0.09,0.016356,0.02344,0,0,0,,1.0,2024-25
2026-07-13,2026-07-20,12007,Bradford County,Florida,FL,quiet,4.4e-05,1987,56,501+,0.07,0.000279,2195,62,501+,0.1,0.016334,0.026507,0,0,0,,0.949,2024-25
2026-07-13,2026-07-20,13129,Gordon County,Georgia,GA,quiet,4.4e-05,1988,64,501+,0.07,0.000479,1608,44,501+,0.17,0.016333,0.046527,0,0,0,,,
2026-07-13,2026-07-20,51099,King George County,Virginia,VA,quiet,4.3e-05,1989,72,501+,0.07,0.000245,2311,73,501+,0.09,0.016278,0.023149,0,0,0,,0.898,2024-25
2026-07-13,2026-07-20,19157,Poweshiek County,Iowa,IA,quiet,4.3e-05,1990,39,501+,0.07,0.000336,1994,39,501+,0.12,0.016231,0.032256,0,0,0,,0.87700535,2024-25
2026-07-13,2026-07-20,54029,Hancock County,West Virginia,WV,quiet,4.3e-05,1991,12,501+,0.07,0.000423,1743,11,501+,0.15,0.016182,0.040957,0,0,0,,,
2026-07-13,2026-07-20,38069,Pierce County,North Dakota,ND,quiet,4.3e-05,1992,29,501+,0.07,0.000365,1902,32,501+,0.13,0.016167,0.035091,0,0,0,,0.9167,2024-25
2026-07-13,2026-07-20,18001,Adams County,Indiana,IN,quiet,4.3e-05,1993,44,501+,0.07,0.000527,1520,36,501+,0.18,0.016157,0.051274,0,0,0,,0.9156,2024-25
2026-07-13,2026-07-20,38045,LaMoure County,North Dakota,ND,quiet,4.3e-05,1994,30,501+,0.07,0.000394,1821,30,501+,0.14,0.016148,0.038044,0,0,0,,0.8889,2024-25
2026-07-13,2026-07-20,53031,Jefferson County,Washington,WA,quiet,4.3e-05,1995,38,501+,0.07,0.000302,2105,38,501+,0.1,0.016144,0.028821,0,0,0,,0.819,2024-25
2026-07-13,2026-07-20,13065,Clinch County,Georgia,GA,quiet,4.3e-05,1996,65,501+,0.07,0.000181,2549,119,501+,0.06,0.016142,0.016809,0,0,0,,,
2026-07-13,2026-07-20,19083,Hardin County,Iowa,IA,quiet,4.3e-05,1997,40,501+,0.07,0.000489,1582,24,501+,0.17,0.016138,0.047517,0,0,0,,0.87214612,2024-25
2026-07-13,2026-07-20,02013,Aleutians East Borough,Alaska,AK,quiet,4.3e-05,1998,20,501+,0.07,0.000296,2130,16,501+,0.1,0.016101,0.028249,0,0,0,,,
2026-07-13,2026-07-20,47077,Henderson County,Tennessee,TN,quiet,4.3e-05,1999,52,501+,0.07,0.000462,1650,39,501+,0.16,0.016069,0.044854,0,0,0,,0.93,2024-25
2026-07-13,2026-07-20,19091,Humboldt County,Iowa,IA,quiet,4.3e-05,2000,41,501+,0.07,0.00034,1977,37,501+,0.12,0.016058,0.032684,0,0,0,,0.72093023,2024-25
2026-07-13,2026-07-20,54081,Raleigh County,West Virginia,WV,quiet,4.3e-05,2001,13,501+,0.07,0.00038,1857,15,501+,0.13,0.016033,0.036642,0,0,0,,,
2026-07-13,2026-07-20,30105,Valley County,Montana,MT,quiet,4.3e-05,2002,38,501+,0.07,0.000316,2054,38,501+,0.11,0.016029,0.030267,0,0,0,,,
2026-07-13,2026-07-20,17033,Crawford County,Illinois,IL,quiet,4.3e-05,2003,50,501+,0.07,0.000283,2174,58,501+,0.1,0.016011,0.026972,0,0,0,,0.976,2024-25
2026-07-13,2026-07-20,46089,McPherson County,South Dakota,SD,quiet,4.3e-05,2004,53,501+,0.07,0.000278,2196,51,501+,0.1,0.016004,0.026487,0,0,0,,0.86,2024-25
2026-07-13,2026-07-20,39053,Gallia County,Ohio,OH,quiet,4.3e-05,2005,58,501+,0.07,0.000486,1591,58,501+,0.17,0.01598,0.047256,0,0,0,,0.965,2024-25
2026-07-13,2026-07-20,31073,Gosper County,Nebraska,NE,quiet,4.3e-05,2006,50,501+,0.07,0.000643,1351,19,501+,0.22,0.015978,0.062769,0,0,0,,0.666666667,2024-25
2026-07-13,2026-07-20,02195,Petersburg Borough,Alaska,AK,quiet,4.3e-05,2007,21,501+,0.07,0.000625,1376,9,501+,0.22,0.015974,0.061048,0,0,0,,,
2026-07-13,2026-07-20,01075,Lamar County,Alabama,AL,quiet,4.2e-05,2008,32,501+,0.07,0.000224,2384,49,501+,0.08,0.015939,0.021064,0,0,0,,0.9636,2024-25
2026-07-13,2026-07-20,22097,St. Landry Parish,Louisiana,LA,quiet,4.2e-05,2009,28,501+,0.07,0.000264,2239,35,501+,0.09,0.015938,0.025089,0,0,0,,0.9384,2024-25
2026-07-13,2026-07-20,45017,Calhoun County,South Carolina,SC,quiet,4.2e-05,2010,40,501+,0.07,0.000222,2389,42,501+,0.08,0.01592,0.020866,0,0,0,,0.957,2024-25
2026-07-13,2026-07-20,48179,Gray County,Texas,TX,quiet,4.2e-05,2011,206,501+,0.07,0.000382,1847,172,501+,0.13,0.015885,0.036855,0,0,0,,0.971698,2024-25
2026-07-13,2026-07-20,45027,Clarendon County,South Carolina,SC,quiet,4.2e-05,2012,41,501+,0.07,0.000286,2163,41,501+,0.1,0.015875,0.027228,0,0,0,,0.984,2024-25
2026-07-13,2026-07-20,20171,Scott County,Kansas,KS,quiet,4.2e-05,2013,82,501+,0.07,0.00041,1780,64,501+,0.14,0.015869,0.039597,0,0,0,,1.0,2024-25
2026-07-13,2026-07-20,31089,Holt County,Nebraska,NE,quiet,4.2e-05,2014,51,501+,0.07,0.000195,2489,68,501+,0.07,0.015833,0.018214,0,0,0,,0.951086957,2024-25
2026-07-13,2026-07-20,55075,Marinette County,Wisconsin,WI,quiet,4.2e-05,2015,51,501+,0.07,0.000368,1887,54,501+,0.13,0.01583,0.035479,0,0,0,,0.88,2024-25
2026-07-13,2026-07-20,18065,Henry County,Indiana,IN,quiet,4.2e-05,2016,45,501+,0.07,0.000651,1340,31,501+,0.23,0.015786,0.063634,0,0,0,,0.885,2024-25
2026-07-13,2026-07-20,51133,Northumberland County,Virginia,VA,quiet,4.2e-05,2017,73,501+,0.07,0.000191,2510,85,501+,0.07,0.015773,0.01779,0,0,0,,0.904,2024-25
2026-07-13,2026-07-20,13219,Oconee County,Georgia,GA,quiet,4.2e-05,2018,66,501+,0.07,0.000522,1530,43,501+,0.18,0.015759,0.050808,0,0,0,,,
2026-07-13,2026-07-20,46121,Todd County,South Dakota,SD,quiet,4.2e-05,2019,54,501+,0.07,9.5e-05,2939,64,501+,0.03,0.015759,0.008433,0,0,0,,0.86,2024-25
2026-07-13,2026-07-20,37193,Wilkes County,North Carolina,NC,quiet,4.2e-05,2020,76,501+,0.07,0.00036,1916,78,501+,0.13,0.015759,0.034639,0,0,0,,0.95524691,2024-25
2026-07-13,2026-07-20,01127,Walker County,Alabama,AL,quiet,4.2e-05,2021,33,501+,0.07,0.000384,1845,29,501+,0.13,0.015752,0.03707,0,0,0,,0.9651,2024-25
2026-07-13,2026-07-20,35051,Sierra County,New Mexico,NM,quiet,4.2e-05,2022,28,501+,0.07,0.000193,2499,29,501+,0.07,0.015741,0.018,0,0,0,,0.9024,2024-25
2026-07-13,2026-07-20,37029,Camden County,North Carolina,NC,quiet,4.2e-05,2023,77,501+,0.07,0.000609,1390,56,501+,0.21,0.01568,0.059429,0,0,0,,0.96183206,2024-25
2026-07-13,2026-07-20,51037,Charlotte County,Virginia,VA,quiet,4.2e-05,2024,74,501+,0.07,0.00013,2793,98,501+,0.05,0.015679,0.011867,0,0,0,,0.764,2024-25
2026-07-13,2026-07-20,29225,Webster County,Missouri,MO,quiet,4.2e-05,2025,52,501+,0.07,0.000651,1341,32,501+,0.23,0.015671,0.063573,0,0,0,,0.933,2024-25
2026-07-13,2026-07-20,48073,Cherokee County,Texas,TX,quiet,4.2e-05,2026,207,501+,0.07,0.000271,2217,202,501+,0.09,0.015662,0.02579,0,0,0,,0.977901,2024-25
2026-07-13,2026-07-20,54065,Morgan County,West Virginia,WV,quiet,4.2e-05,2027,14,501+,0.07,0.000282,2176,17,501+,0.1,0.015655,0.026875,0,0,0,,,
2026-07-13,2026-07-20,48311,McMullen County,Texas,TX,quiet,4.2e-05,2028,208,501+,0.07,0.000173,2582,232,501+,0.06,0.015643,0.016014,0,0,0,,0.9375,2024-25
2026-07-13,2026-07-20,30065,Musselshell County,Montana,MT,quiet,4.2e-05,2029,39,501+,0.07,0.00034,1979,34,501+,0.12,0.015639,0.032646,0,0,0,,,
2026-07-13,2026-07-20,40063,Hughes County,Oklahoma,OK,quiet,4.2e-05,2030,57,501+,0.07,0.000342,1968,51,501+,0.12,0.015613,0.032837,0,0,0,,0.8986,2024-25
2026-07-13,2026-07-20,51139,Page County,Virginia,VA,quiet,4.1e-05,2031,75,501+,0.07,0.000141,2732,95,501+,0.05,0.015607,0.012912,0,0,0,,0.966,2024-25
2026-07-13,2026-07-20,29065,Dent County,Missouri,MO,quiet,4.1e-05,2032,53,501+,0.07,0.000436,1706,56,501+,0.15,0.015595,0.042223,0,0,0,,0.879,2024-25
2026-07-13,2026-07-20,29123,Madison County,Missouri,MO,quiet,4.1e-05,2033,54,501+,0.07,0.000378,1863,62,501+,0.13,0.015593,0.036419,0,0,0,,0.967,2024-25
2026-07-13,2026-07-20,28067,Jones County,Mississippi,MS,quiet,4.1e-05,2034,19,501+,0.07,0.000319,2045,20,501+,0.11,0.015544,0.030583,0,0,0,,0.9667,2024-25
2026-07-13,2026-07-20,17183,Vermilion County,Illinois,IL,quiet,4.1e-05,2035,51,501+,0.07,0.000449,1675,41,501+,0.16,0.015535,0.043522,0,0,0,,0.957,2024-25
2026-07-13,2026-07-20,37197,Yadkin County,North Carolina,NC,quiet,4.1e-05,2036,78,501+,0.07,0.000447,1678,69,501+,0.16,0.015507,0.043382,0,0,0,,0.95174263,2024-25
2026-07-13,2026-07-20,51143,Pittsylvania County,Virginia,VA,quiet,4.1e-05,2037,76,501+,0.07,0.000337,1988,59,501+,0.12,0.015502,0.032383,0,0,0,,0.89,2024-25
2026-07-13,2026-07-20,26029,Charlevoix County,Michigan,MI,quiet,4.1e-05,2038,59,501+,0.06,0.000625,1377,46,501+,0.22,0.015452,0.061014,0,0,0,,0.87671233,2024-25
2026-07-13,2026-07-20,46049,Faulk County,South Dakota,SD,quiet,4.1e-05,2039,55,501+,0.06,0.000312,2072,47,501+,0.11,0.015444,0.029843,0,0,0,,0.56,2024-25
2026-07-13,2026-07-20,28039,George County,Mississippi,MS,quiet,4.1e-05,2040,20,501+,0.06,0.000245,2312,34,501+,0.09,0.015387,0.023145,0,0,0,,0.9597,2024-25
2026-07-13,2026-07-20,20111,Lyon County,Kansas,KS,quiet,4.1e-05,2041,83,501+,0.06,0.000374,1872,71,501+,0.13,0.015384,0.03607,0,0,0,,0.9128,2024-25
2026-07-13,2026-07-20,26097,Mackinac County,Michigan,MI,quiet,4.1e-05,2042,60,501+,0.06,0.000277,2199,63,501+,0.1,0.015375,0.026387,0,0,0,,0.91666667,2024-25
2026-07-13,2026-07-20,55069,Lincoln County,Wisconsin,WI,quiet,4.1e-05,2043,52,501+,0.06,0.000222,2390,65,501+,0.08,0.015346,0.020855,0,0,0,,0.85,2024-25
2026-07-13,2026-07-20,28161,Yalobusha County,Mississippi,MS,quiet,4.1e-05,2044,21,501+,0.06,0.000226,2379,37,501+,0.08,0.015252,0.02127,0,0,0,,0.963,2024-25
2026-07-13,2026-07-20,29089,Howard County,Missouri,MO,quiet,4e-05,2045,55,501+,0.06,0.00021,2428,87,501+,0.07,0.015247,0.019706,0,0,0,,0.991,2024-25
2026-07-13,2026-07-20,51011,Appomattox County,Virginia,VA,quiet,4e-05,2046,77,501+,0.06,0.000233,2348,75,501+,0.08,0.015173,0.021984,0,0,0,,0.93,2024-25
2026-07-13,2026-07-20,01133,Winston County,Alabama,AL,quiet,4e-05,2047,34,501+,0.06,0.000484,1594,26,501+,0.17,0.015172,0.046992,0,0,0,,0.9231,2024-25
2026-07-13,2026-07-20,01121,Talladega County,Alabama,AL,quiet,4e-05,2048,35,501+,0.06,0.000297,2125,36,501+,0.1,0.01517,0.028321,0,0,0,,0.9651,2024-25
2026-07-13,2026-07-20,13021,Bibb County,Georgia,GA,quiet,4e-05,2049,67,501+,0.06,0.000315,2060,77,501+,0.11,0.015151,0.030152,0,0,0,,,
2026-07-13,2026-07-20,40023,Choctaw County,Oklahoma,OK,quiet,4e-05,2050,58,501+,0.06,0.000309,2086,59,501+,0.11,0.015143,0.02951,0,0,0,,0.8553,2024-25
2026-07-13,2026-07-20,48353,Nolan County,Texas,TX,quiet,4e-05,2051,209,501+,0.06,0.000316,2057,191,501+,0.11,0.015117,0.030201,0,0,0,,0.972222,2024-25
2026-07-13,2026-07-20,13107,Emanuel County,Georgia,GA,quiet,4e-05,2052,68,501+,0.06,0.000266,2234,91,501+,0.09,0.015102,0.0252,0,0,0,,,
2026-07-13,2026-07-20,13159,Jasper County,Georgia,GA,quiet,4e-05,2053,69,501+,0.06,0.000371,1879,62,501+,0.13,0.01509,0.0357,0,0,0,,,
2026-07-13,2026-07-20,13145,Harris County,Georgia,GA,quiet,4e-05,2054,70,501+,0.06,0.00045,1670,52,501+,0.16,0.015083,0.043668,0,0,0,,,
2026-07-13,2026-07-20,13289,Twiggs County,Georgia,GA,quiet,4e-05,2055,71,501+,0.06,0.000265,2236,92,501+,0.09,0.01508,0.025167,0,0,0,,,
2026-07-13,2026-07-20,37163,Sampson County,North Carolina,NC,quiet,4e-05,2056,79,501+,0.06,0.000292,2150,81,501+,0.1,0.015072,0.027798,0,0,0,,0.93985849,2024-25
2026-07-13,2026-07-20,13211,Morgan County,Georgia,GA,quiet,4e-05,2057,72,501+,0.06,0.000262,2248,94,501+,0.09,0.015063,0.024821,0,0,0,,,
2026-07-13,2026-07-20,40097,Mayes County,Oklahoma,OK,quiet,4e-05,2058,59,501+,0.06,0.000492,1574,35,501+,0.17,0.015056,0.047851,0,0,0,,0.9002,2024-25
2026-07-13,2026-07-20,47059,Greene County,Tennessee,TN,quiet,4e-05,2059,53,501+,0.06,0.00042,1756,44,501+,0.15,0.015053,0.040632,0,0,0,,0.955,2024-25
2026-07-13,2026-07-20,27073,Lac qui Parle County,Minnesota,MN,quiet,4e-05,2060,74,501+,0.06,0.000403,1802,69,501+,0.14,0.015018,0.038963,0,0,0,,0.84,2024-25
2026-07-13,2026-07-20,55049,Iowa County,Wisconsin,WI,quiet,4e-05,2061,53,501+,0.06,0.000733,1243,39,501+,0.25,0.015001,0.071655,0,0,0,,0.53,2024-25
2026-07-13,2026-07-20,13079,Crawford County,Georgia,GA,quiet,4e-05,2062,73,501+,0.06,0.000383,1846,60,501+,0.13,0.014996,0.036975,0,0,0,,,
2026-07-13,2026-07-20,20147,Phillips County,Kansas,KS,quiet,4e-05,2063,84,501+,0.06,0.000439,1695,58,501+,0.15,0.014983,0.042561,0,0,0,,0.8244,2024-25
2026-07-13,2026-07-20,29163,Pike County,Missouri,MO,quiet,4e-05,2064,56,501+,0.06,0.000297,2126,75,501+,0.1,0.014962,0.028304,0,0,0,,0.942,2024-25
2026-07-13,2026-07-20,26013,Baraga County,Michigan,MI,quiet,3.9e-05,2065,61,501+,0.06,0.000284,2172,61,501+,0.1,0.014889,0.027009,0,0,0,,0.87058824,2024-25
2026-07-13,2026-07-20,48431,Sterling County,Texas,TX,quiet,3.9e-05,2066,210,501+,0.06,0.000138,2751,237,501+,0.05,0.014855,0.012573,0,0,0,,1.0,2024-25
2026-07-13,2026-07-20,37065,Edgecombe County,North Carolina,NC,quiet,3.9e-05,2067,80,501+,0.06,0.000378,1864,75,501+,0.13,0.014852,0.03641,0,0,0,,0.95429616,2024-25
2026-07-13,2026-07-20,28115,Pontotoc County,Mississippi,MS,quiet,3.9e-05,2068,22,501+,0.06,0.000289,2157,23,501+,0.1,0.014841,0.02752,0,0,0,,0.9534,2024-25
2026-07-13,2026-07-20,55077,Marquette County,Wisconsin,WI,quiet,3.9e-05,2069,54,501+,0.06,0.000345,1963,57,501+,0.12,0.0148,0.033145,0,0,0,,0.76,2024-25
2026-07-13,2026-07-20,12013,Calhoun County,Florida,FL,quiet,3.9e-05,2070,57,501+,0.06,0.000303,2100,59,501+,0.11,0.014793,0.02892,0,0,0,,0.98,2024-25
2026-07-13,2026-07-20,21103,Henry County,Kentucky,KY,quiet,3.9e-05,2071,32,501+,0.06,0.000297,2128,36,501+,0.1,0.014787,0.028292,0,0,0,,0.955,2024-25
2026-07-13,2026-07-20,38037,Grant County,North Dakota,ND,quiet,3.9e-05,2072,31,501+,0.06,0.001047,978,21,501+,0.36,0.01478,0.101842,0,0,0,,0.5909,2024-25
2026-07-13,2026-07-20,29175,Randolph County,Missouri,MO,quiet,3.9e-05,2073,57,501+,0.06,0.000391,1827,59,501+,0.14,0.014739,0.03778,0,0,0,,0.947,2024-25
2026-07-13,2026-07-20,29107,Lafayette County,Missouri,MO,quiet,3.9e-05,2074,58,501+,0.06,0.000423,1746,58,501+,0.15,0.014672,0.040944,0,0,0,,0.857,2024-25
2026-07-13,2026-07-20,05091,Miller County,Arkansas,AR,quiet,3.9e-05,2075,27,501+,0.06,0.000361,1911,27,501+,0.13,0.01466,0.034782,0,0,0,,,
2026-07-13,2026-07-20,38013,Burke County,North Dakota,ND,quiet,3.9e-05,2076,32,501+,0.06,0.000634,1363,25,501+,0.22,0.014647,0.061906,0,0,1,59,0.8333,2024-25
2026-07-13,2026-07-20,29177,Ray County,Missouri,MO,quiet,3.9e-05,2077,59,501+,0.06,0.000342,1970,67,501+,0.12,0.014634,0.032805,0,0,0,,0.952,2024-25
2026-07-13,2026-07-20,42065,Jefferson County,Pennsylvania,PA,quiet,3.9e-05,2078,58,501+,0.06,0.000441,1692,58,501+,0.15,0.014627,0.042725,0,0,0,,0.937,2024-25
2026-07-13,2026-07-20,13105,Elbert County,Georgia,GA,quiet,3.9e-05,2079,74,501+,0.06,0.000308,2088,81,501+,0.11,0.014626,0.029487,0,0,0,,,
2026-07-13,2026-07-20,28149,Warren County,Mississippi,MS,quiet,3.9e-05,2080,23,501+,0.06,0.000199,2474,42,501+,0.07,0.014608,0.018571,0,0,0,,0.9865,2024-25
2026-07-13,2026-07-20,12029,Dixie County,Florida,FL,quiet,3.9e-05,2081,58,501+,0.06,0.000721,1261,44,501+,0.25,0.014598,0.070459,0,0,0,,0.936,2024-25
2026-07-13,2026-07-20,31083,Harlan County,Nebraska,NE,quiet,3.9e-05,2082,52,501+,0.06,0.000353,1933,45,501+,0.12,0.014554,0.033941,0,0,0,,0.956521739,2024-25
2026-07-13,2026-07-20,31063,Frontier County,Nebraska,NE,quiet,3.9e-05,2083,53,501+,0.06,0.000379,1860,39,501+,0.13,0.014547,0.036541,0,0,0,,0.897959184,2024-25
2026-07-13,2026-07-20,28093,Marshall County,Mississippi,MS,quiet,3.9e-05,2084,24,501+,0.06,0.000368,1890,14,501+,0.13,0.014533,0.03542,0,0,0,,0.9619,2024-25
2026-07-13,2026-07-20,51175,Southampton County,Virginia,VA,quiet,3.8e-05,2085,78,501+,0.06,0.000205,2450,80,501+,0.07,0.014509,0.019214,0,0,0,,0.957,2024-25
2026-07-13,2026-07-20,31133,Pawnee County,Nebraska,NE,quiet,3.8e-05,2086,54,501+,0.06,0.000177,2567,71,501+,0.06,0.014508,0.016443,0,0,0,,0.956521739,2024-25
2026-07-13,2026-07-20,29063,DeKalb County,Missouri,MO,quiet,3.8e-05,2087,60,501+,0.06,0.000433,1712,57,501+,0.15,0.014456,0.041977,0,0,0,,0.974,2024-25
2026-07-13,2026-07-20,55067,Langlade County,Wisconsin,WI,quiet,3.8e-05,2088,55,501+,0.06,0.000397,1816,53,501+,0.14,0.014398,0.038359,0,0,0,,0.86,2024-25
2026-07-13,2026-07-20,48161,Freestone County,Texas,TX,quiet,3.8e-05,2089,211,501+,0.06,0.000314,2063,192,501+,0.11,0.014396,0.030068,0,0,0,,0.946429,2024-25
2026-07-13,2026-07-20,18017,Cass County,Indiana,IN,quiet,3.8e-05,2090,46,501+,0.06,0.000398,1814,46,501+,0.14,0.014375,0.038417,0,0,0,,0.9486,2024-25
2026-07-13,2026-07-20,29061,Daviess County,Missouri,MO,quiet,3.8e-05,2091,61,501+,0.06,0.000339,1983,69,501+,0.12,0.01435,0.032522,0,0,0,,0.744,2024-25
2026-07-13,2026-07-20,29001,Adair County,Missouri,MO,quiet,3.8e-05,2092,62,501+,0.06,0.000301,2110,74,501+,0.1,0.01435,0.028733,0,0,0,,0.944,2024-25
2026-07-13,2026-07-20,18073,Jasper County,Indiana,IN,quiet,3.8e-05,2093,47,501+,0.06,0.000347,1955,53,501+,0.12,0.014341,0.033371,0,0,0,,0.8437,2024-25
2026-07-13,2026-07-20,36017,Chenango County,New York,NY,quiet,3.8e-05,2094,54,501+,0.06,0.000531,1509,46,501+,0.18,0.014321,0.051754,0,0,0,,0.998822159,2024-25
2026-07-13,2026-07-20,31065,Furnas County,Nebraska,NE,quiet,3.8e-05,2095,55,501+,0.06,0.000342,1969,48,501+,0.12,0.014319,0.032824,0,0,0,,0.949367089,2024-25
2026-07-13,2026-07-20,28051,Holmes County,Mississippi,MS,quiet,3.8e-05,2096,25,501+,0.06,0.000183,2542,45,501+,0.06,0.014292,0.016977,0,0,0,,0.9771,2024-25
2026-07-13,2026-07-20,51121,Montgomery County,Virginia,VA,quiet,3.8e-05,2097,79,501+,0.06,0.000329,2016,61,501+,0.11,0.014292,0.0315,0,0,0,,0.879,2024-25
2026-07-13,2026-07-20,31049,Deuel County,Nebraska,NE,quiet,3.8e-05,2098,56,501+,0.06,0.000304,2096,55,501+,0.11,0.014287,0.029065,0,0,0,,0.857142857,2024-25
2026-07-13,2026-07-20,28029,Copiah County,Mississippi,MS,quiet,3.8e-05,2099,26,501+,0.06,0.000236,2340,35,501+,0.08,0.014268,0.02222,0,0,0,,0.9835,2024-25
2026-07-13,2026-07-20,28111,Perry County,Mississippi,MS,quiet,3.8e-05,2100,27,501+,0.06,0.000255,2276,29,501+,0.09,0.014264,0.024156,0,0,0,,0.9924,2024-25
2026-07-13,2026-07-20,01017,Chambers County,Alabama,AL,quiet,3.8e-05,2101,36,501+,0.06,0.000331,2008,33,501+,0.12,0.014261,0.031726,0,0,0,,0.9705,2024-25
2026-07-13,2026-07-20,29171,Putnam County,Missouri,MO,quiet,3.8e-05,2102,63,501+,0.06,0.000313,2069,71,501+,0.11,0.01426,0.029968,0,0,0,,0.913,2024-25
2026-07-13,2026-07-20,21163,Meade County,Kentucky,KY,quiet,3.8e-05,2103,33,501+,0.06,0.000442,1687,26,501+,0.15,0.014255,0.04288,0,0,0,,0.946,2024-25
2026-07-13,2026-07-20,13155,Irwin County,Georgia,GA,quiet,3.8e-05,2104,75,501+,0.06,0.000212,2421,108,501+,0.07,0.014236,0.01992,0,0,0,,,
2026-07-13,2026-07-20,31031,Cherry County,Nebraska,NE,quiet,3.8e-05,2105,57,501+,0.06,0.000207,2441,66,501+,0.07,0.014209,0.019433,0,0,0,,0.898550725,2024-25
2026-07-13,2026-07-20,13321,Worth County,Georgia,GA,quiet,3.8e-05,2106,76,501+,0.06,0.00021,2431,109,501+,0.07,0.0142,0.019683,0,0,0,,,
2026-07-13,2026-07-20,01053,Escambia County,Alabama,AL,quiet,3.8e-05,2107,37,501+,0.06,0.000273,2211,40,501+,0.09,0.014199,0.025959,0,0,0,,0.9656,2024-25
2026-07-13,2026-07-20,19145,Page County,Iowa,IA,quiet,3.8e-05,2108,42,501+,0.06,0.000297,2122,50,501+,0.1,0.01419,0.028333,0,0,0,,0.94610778,2024-25
2026-07-13,2026-07-20,18069,Huntington County,Indiana,IN,quiet,3.8e-05,2109,48,501+,0.06,0.000391,1829,47,501+,0.14,0.014179,0.037705,0,0,0,,0.9454,2024-25
2026-07-13,2026-07-20,47079,Henry County,Tennessee,TN,quiet,3.8e-05,2110,54,501+,0.06,0.000449,1673,41,501+,0.16,0.014175,0.043584,0,0,0,,0.94,2024-25
2026-07-13,2026-07-20,19125,Marion County,Iowa,IA,quiet,3.7e-05,2111,43,501+,0.06,0.000249,2296,65,501+,0.09,0.014171,0.023547,0,0,0,,0.86976744,2024-25
2026-07-13,2026-07-20,28101,Newton County,Mississippi,MS,quiet,3.7e-05,2112,28,501+,0.06,0.000255,2272,28,501+,0.09,0.014156,0.024188,0,0,0,,0.9722,2024-25
2026-07-13,2026-07-20,40071,Kay County,Oklahoma,OK,quiet,3.7e-05,2113,60,501+,0.06,0.00034,1978,53,501+,0.12,0.014152,0.032661,0,0,0,,0.9417,2024-25
2026-07-13,2026-07-20,05005,Baxter County,Arkansas,AR,quiet,3.7e-05,2114,28,501+,0.06,0.000655,1335,13,501+,0.23,0.01414,0.06403,0,0,0,,,
2026-07-13,2026-07-20,19047,Crawford County,Iowa,IA,quiet,3.7e-05,2115,44,501+,0.06,0.000301,2109,48,501+,0.1,0.014138,0.028735,0,0,0,,0.94468085,2024-25
2026-07-13,2026-07-20,28083,Leflore County,Mississippi,MS,quiet,3.7e-05,2116,29,501+,0.06,0.000337,1990,16,501+,0.12,0.014125,0.032332,0,0,0,,0.9803,2024-25
2026-07-13,2026-07-20,51145,Powhatan County,Virginia,VA,quiet,3.7e-05,2117,80,501+,0.06,0.00021,2432,79,501+,0.07,0.014102,0.019653,0,0,0,,0.89,2024-25
2026-07-13,2026-07-20,22099,St. Martin Parish,Louisiana,LA,quiet,3.7e-05,2118,29,501+,0.06,0.000364,1903,24,501+,0.13,0.014069,0.035087,0,0,0,,0.9273,2024-25
2026-07-13,2026-07-20,51111,Lunenburg County,Virginia,VA,quiet,3.7e-05,2119,81,501+,0.06,0.000248,2300,72,501+,0.09,0.014056,0.023447,0,0,0,,0.931,2024-25
2026-07-13,2026-07-20,13005,Bacon County,Georgia,GA,quiet,3.7e-05,2120,77,501+,0.06,0.000417,1760,57,501+,0.15,0.014042,0.04035,0,0,0,,,
2026-07-13,2026-07-20,19197,Wright County,Iowa,IA,quiet,3.7e-05,2121,45,501+,0.06,0.000251,2288,63,501+,0.09,0.01403,0.023778,0,0,0,,0.94117647,2024-25
2026-07-13,2026-07-20,19053,Decatur County,Iowa,IA,quiet,3.7e-05,2122,46,501+,0.06,0.000309,2085,45,501+,0.11,0.01403,0.02952,0,0,0,,0.84615385,2024-25
2026-07-13,2026-07-20,05055,Greene County,Arkansas,AR,quiet,3.7e-05,2123,29,501+,0.06,0.000381,1852,26,501+,0.13,0.014018,0.036753,0,0,0,,,
2026-07-13,2026-07-20,55085,Oneida County,Wisconsin,WI,quiet,3.7e-05,2124,56,501+,0.06,0.000746,1229,38,501+,0.26,0.01401,0.072958,0,0,0,,0.91,2024-25
2026-07-13,2026-07-20,48413,Schleicher County,Texas,TX,quiet,3.7e-05,2125,212,501+,0.06,0.000215,2410,218,501+,0.07,0.014008,0.020162,0,0,0,,1.0,2024-25
2026-07-13,2026-07-20,48267,Kimble County,Texas,TX,quiet,3.7e-05,2126,213,501+,0.06,0.000302,2102,195,501+,0.11,0.014007,0.028885,0,0,0,,0.930233,2024-25
2026-07-13,2026-07-20,20099,Labette County,Kansas,KS,quiet,3.7e-05,2127,85,501+,0.06,0.000343,1966,76,501+,0.12,0.01398,0.032974,0,0,0,,0.9336,2024-25
2026-07-13,2026-07-20,26085,Lake County,Michigan,MI,quiet,3.7e-05,2128,62,501+,0.06,0.000153,2671,73,501+,0.05,0.013978,0.014095,0,0,0,,0.90909091,2024-25
2026-07-13,2026-07-20,13161,Jeff Davis County,Georgia,GA,quiet,3.7e-05,2129,78,501+,0.06,0.00043,1721,53,501+,0.15,0.013972,0.041686,0,0,0,,,
2026-07-13,2026-07-20,28099,Neshoba County,Mississippi,MS,quiet,3.7e-05,2130,30,501+,0.06,0.000166,2607,49,501+,0.06,0.01394,0.01531,0,0,0,,0.9917,2024-25
2026-07-13,2026-07-20,47183,Weakley County,Tennessee,TN,quiet,3.7e-05,2131,55,501+,0.06,0.000314,2064,59,501+,0.11,0.013938,0.030028,0,0,0,,0.963,2024-25
2026-07-13,2026-07-20,20207,Woodson County,Kansas,KS,quiet,3.7e-05,2132,86,501+,0.06,0.000355,1928,74,501+,0.12,0.013938,0.034101,0,0,0,,0.9571,2024-25
2026-07-13,2026-07-20,40065,Jackson County,Oklahoma,OK,quiet,3.7e-05,2133,61,501+,0.06,0.000222,2391,68,501+,0.08,0.013906,0.020852,0,0,0,,0.9585,2024-25
2026-07-13,2026-07-20,29015,Benton County,Missouri,MO,quiet,3.7e-05,2134,64,501+,0.06,0.000512,1541,51,501+,0.18,0.013895,0.049843,0,0,0,,0.806,2024-25
2026-07-13,2026-07-20,29055,Crawford County,Missouri,MO,quiet,3.7e-05,2135,65,501+,0.06,0.00036,1917,63,501+,0.13,0.013843,0.034597,0,0,0,,0.913,2024-25
2026-07-13,2026-07-20,12079,Madison County,Florida,FL,quiet,3.7e-05,2136,59,501+,0.06,0.000294,2139,61,501+,0.1,0.013829,0.028049,0,0,0,,0.93,2024-25
2026-07-13,2026-07-20,37095,Hyde County,North Carolina,NC,quiet,3.7e-05,2137,81,501+,0.06,0.000205,2452,89,501+,0.07,0.013824,0.019187,0,0,0,,0.92307692,2024-25
2026-07-13,2026-07-20,19085,Harrison County,Iowa,IA,quiet,3.7e-05,2138,47,501+,0.06,0.000249,2295,64,501+,0.09,0.013817,0.023549,0,0,0,,0.74834437,2024-25
2026-07-13,2026-07-20,48455,Trinity County,Texas,TX,quiet,3.7e-05,2139,214,501+,0.06,0.000403,1804,166,501+,0.14,0.013814,0.0389,0,0,0,,0.916667,2024-25
2026-07-13,2026-07-20,13169,Jones County,Georgia,GA,quiet,3.6e-05,2140,79,501+,0.06,0.000261,2252,95,501+,0.09,0.013793,0.024714,0,0,0,,,
2026-07-13,2026-07-20,12027,DeSoto County,Florida,FL,quiet,3.6e-05,2141,60,501+,0.06,0.000416,1763,52,501+,0.14,0.013783,0.040248,0,0,0,,0.911,2024-25
2026-07-13,2026-07-20,26153,Schoolcraft County,Michigan,MI,quiet,3.6e-05,2142,63,501+,0.06,0.000254,2280,65,501+,0.09,0.013778,0.024095,0,0,0,,0.95081967,2024-25
2026-07-13,2026-07-20,47169,Trousdale County,Tennessee,TN,quiet,3.6e-05,2143,56,501+,0.06,0.0002,2471,69,501+,0.07,0.013772,0.018698,0,0,0,,0.961,2024-25
2026-07-13,2026-07-20,29057,Dade County,Missouri,MO,quiet,3.6e-05,2144,66,501+,0.06,0.000437,1703,54,501+,0.15,0.013749,0.042378,0,0,0,,0.907,2024-25
2026-07-13,2026-07-20,40035,Craig County,Oklahoma,OK,quiet,3.6e-05,2145,62,501+,0.06,0.000222,2392,69,501+,0.08,0.013741,0.02084,0,0,0,,0.8908,2024-25
2026-07-13,2026-07-20,48081,Coke County,Texas,TX,quiet,3.6e-05,2146,215,501+,0.06,0.00028,2188,199,501+,0.1,0.013736,0.026603,0,0,0,,0.911765,2024-25
2026-07-13,2026-07-20,28131,Stone County,Mississippi,MS,quiet,3.6e-05,2147,31,501+,0.06,0.000287,2160,24,501+,0.1,0.013732,0.027319,0,0,0,,0.9808,2024-25
2026-07-13,2026-07-20,40021,Cherokee County,Oklahoma,OK,quiet,3.6e-05,2148,63,501+,0.06,0.000236,2338,66,501+,0.08,0.013719,0.022269,0,0,0,,0.8854,2024-25
2026-07-13,2026-07-20,13249,Schley County,Georgia,GA,quiet,3.6e-05,2149,80,501+,0.06,0.000366,1899,64,501+,0.13,0.013673,0.035227,0,0,0,,,
2026-07-13,2026-07-20,01091,Marengo County,Alabama,AL,quiet,3.6e-05,2150,38,501+,0.06,0.000139,2741,61,501+,0.05,0.01367,0.012739,0,0,0,,0.9469,2024-25
2026-07-13,2026-07-20,22107,Tensas Parish,Louisiana,LA,quiet,3.6e-05,2151,30,501+,0.06,0.00032,2044,27,501+,0.11,0.013658,0.030603,0,0,0,,0.8636,2024-25
2026-07-13,2026-07-20,48063,Camp County,Texas,TX,quiet,3.6e-05,2152,216,501+,0.06,0.000204,2458,223,501+,0.07,0.013655,0.019066,0,0,0,,0.931973,2024-25
2026-07-13,2026-07-20,05033,Crawford County,Arkansas,AR,quiet,3.6e-05,2153,30,501+,0.06,0.000473,1623,20,501+,0.16,0.01365,0.045918,0,0,0,,,
2026-07-13,2026-07-20,31085,Hayes County,Nebraska,NE,quiet,3.6e-05,2154,58,501+,0.06,0.000338,1984,50,501+,0.12,0.013649,0.032457,0,0,0,,0.375,2024-25
2026-07-13,2026-07-20,28001,Adams County,Mississippi,MS,quiet,3.6e-05,2155,32,501+,0.06,0.000248,2302,31,501+,0.09,0.013628,0.02342,0,0,0,,0.9821,2024-25
2026-07-13,2026-07-20,22087,St. Bernard Parish,Louisiana,LA,quiet,3.6e-05,2156,31,501+,0.06,0.00027,2222,34,501+,0.09,0.013622,0.025662,0,0,0,,0.9516,2024-25
2026-07-13,2026-07-20,12045,Gulf County,Florida,FL,quiet,3.6e-05,2157,61,501+,0.06,0.000184,2540,66,501+,0.06,0.013622,0.017128,0,0,0,,0.945,2024-25
2026-07-13,2026-07-20,20123,Mitchell County,Kansas,KS,quiet,3.6e-05,2158,87,501+,0.06,0.000293,2144,82,501+,0.1,0.013611,0.0279,0,0,0,,0.8649,2024-25
2026-07-13,2026-07-20,05081,Little River County,Arkansas,AR,quiet,3.6e-05,2159,31,501+,0.06,0.000276,2204,36,501+,0.1,0.013599,0.026284,0,0,0,,,
2026-07-13,2026-07-20,48137,Edwards County,Texas,TX,quiet,3.6e-05,2160,217,501+,0.06,0.000123,2816,239,501+,0.04,0.013596,0.011128,0,0,0,,0.933333,2024-25
2026-07-13,2026-07-20,20117,Marshall County,Kansas,KS,quiet,3.6e-05,2161,88,501+,0.06,0.00017,2591,97,501+,0.06,0.013547,0.015721,0,0,0,,0.8843,2024-25
2026-07-13,2026-07-20,13201,Miller County,Georgia,GA,quiet,3.6e-05,2162,81,501+,0.06,0.000253,2285,98,501+,0.09,0.013539,0.023993,0,0,0,,,
2026-07-13,2026-07-20,47185,White County,Tennessee,TN,quiet,3.6e-05,2163,57,501+,0.06,0.000233,2349,66,501+,0.08,0.013538,0.021978,0,0,0,,0.89,2024-25
2026-07-13,2026-07-20,20063,Gove County,Kansas,KS,quiet,3.6e-05,2164,89,501+,0.06,0.0002,2470,93,501+,0.07,0.013535,0.01873,0,0,0,,0.8037,2024-25
2026-07-13,2026-07-20,01057,Fayette County,Alabama,AL,quiet,3.6e-05,2165,39,501+,0.06,0.000212,2424,52,501+,0.07,0.013522,0.019843,0,0,0,,0.9365,2024-25
2026-07-13,2026-07-20,28023,Clarke County,Mississippi,MS,quiet,3.6e-05,2166,33,501+,0.06,0.000329,2014,17,501+,0.11,0.013515,0.03153,0,0,0,,0.9834,2024-25
2026-07-13,2026-07-20,31125,Nance County,Nebraska,NE,quiet,3.6e-05,2167,59,501+,0.06,0.000321,2037,53,501+,0.11,0.013493,0.030763,0,0,0,,0.955223881,2024-25
2026-07-13,2026-07-20,19195,Worth County,Iowa,IA,quiet,3.6e-05,2168,48,501+,0.06,0.000302,2106,47,501+,0.1,0.013483,0.028804,0,0,0,,0.86666667,2024-25
2026-07-13,2026-07-20,31159,Seward County,Nebraska,NE,quiet,3.6e-05,2169,60,501+,0.06,0.000212,2423,64,501+,0.07,0.013469,0.019843,0,0,0,,0.970149254,2024-25
2026-07-13,2026-07-20,02050,Bethel Census Area,Alaska,AK,quiet,3.6e-05,2170,22,501+,0.06,0.00024,2326,22,501+,0.08,0.013451,0.022623,0,0,0,,,
2026-07-13,2026-07-20,51735,Poquoson City,Virginia,VA,quiet,3.5e-05,2171,82,501+,0.06,0.000278,2198,65,501+,0.1,0.013435,0.026396,0,0,0,,0.777,2022-23
2026-07-13,2026-07-20,19025,Calhoun County,Iowa,IA,quiet,3.5e-05,2172,49,501+,0.06,0.000306,2091,46,501+,0.11,0.013407,0.029289,0,0,0,,0.84883721,2024-25
2026-07-13,2026-07-20,48275,Knox County,Texas,TX,quiet,3.5e-05,2173,218,501+,0.06,0.000277,2203,200,501+,0.1,0.013386,0.026336,0,0,0,,0.92,2024-25
2026-07-13,2026-07-20,48047,Brooks County,Texas,TX,quiet,3.5e-05,2174,219,501+,0.06,0.000319,2046,189,501+,0.11,0.013383,0.030531,0,0,0,,1.0,2024-25
2026-07-13,2026-07-20,19105,Jones County,Iowa,IA,quiet,3.5e-05,2175,50,501+,0.06,0.000356,1926,34,501+,0.12,0.013343,0.034236,0,0,0,,0.94387755,2024-25
2026-07-13,2026-07-20,19141,O'Brien County,Iowa,IA,quiet,3.5e-05,2176,51,501+,0.06,0.000284,2171,56,501+,0.1,0.01333,0.027022,0,0,0,,0.87443946,2024-25
2026-07-13,2026-07-20,05073,Lafayette County,Arkansas,AR,quiet,3.5e-05,2177,32,501+,0.06,0.000254,2281,42,501+,0.09,0.013328,0.024093,0,0,0,,,
2026-07-13,2026-07-20,01007,Bibb County,Alabama,AL,quiet,3.5e-05,2178,40,501+,0.06,0.000279,2191,39,501+,0.1,0.013316,0.026587,0,0,0,,0.9592,2024-25
2026-07-13,2026-07-20,31169,Thayer County,Nebraska,NE,quiet,3.5e-05,2179,61,501+,0.06,0.000184,2538,70,501+,0.06,0.013307,0.017145,0,0,0,,0.962962963,2024-25
2026-07-13,2026-07-20,40061,Haskell County,Oklahoma,OK,quiet,3.5e-05,2180,64,501+,0.06,0.00031,2082,58,501+,0.11,0.013305,0.02964,0,0,0,,0.9182,2024-25
2026-07-13,2026-07-20,47101,Lewis County,Tennessee,TN,quiet,3.5e-05,2181,58,501+,0.06,0.000483,1596,36,501+,0.17,0.01327,0.046949,0,0,0,,0.872,2024-25
2026-07-13,2026-07-20,46063,Harding County,South Dakota,SD,quiet,3.5e-05,2182,56,501+,0.06,0.000292,2149,48,501+,0.1,0.013249,0.027802,0,0,0,,0.95,2024-25
2026-07-13,2026-07-20,37199,Yancey County,North Carolina,NC,quiet,3.5e-05,2183,82,501+,0.06,0.00051,1544,62,501+,0.18,0.013242,0.049633,0,0,0,,0.92592593,2024-25
2026-07-13,2026-07-20,47053,Gibson County,Tennessee,TN,quiet,3.5e-05,2184,59,501+,0.06,0.000421,1754,43,501+,0.15,0.013228,0.040717,0,0,0,,0.925,2024-25
2026-07-13,2026-07-20,01061,Geneva County,Alabama,AL,quiet,3.5e-05,2185,41,501+,0.06,0.000318,2049,34,501+,0.11,0.013228,0.030483,0,0,0,,0.9817,2024-25
2026-07-13,2026-07-20,27097,Morrison County,Minnesota,MN,quiet,3.5e-05,2186,75,501+,0.06,0.000214,2415,80,501+,0.07,0.013213,0.020042,0,0,0,,0.897,2024-25
2026-07-13,2026-07-20,29153,Ozark County,Missouri,MO,quiet,3.5e-05,2187,67,501+,0.06,0.000339,1982,68,501+,0.12,0.013209,0.032581,0,0,0,,0.729,2024-25
2026-07-13,2026-07-20,18015,Carroll County,Indiana,IN,quiet,3.5e-05,2188,49,501+,0.05,0.000456,1659,39,501+,0.16,0.013191,0.044213,0,0,0,,0.9225,2024-25
2026-07-13,2026-07-20,29167,Polk County,Missouri,MO,quiet,3.5e-05,2189,68,501+,0.05,0.0006,1395,39,501+,0.21,0.013178,0.058553,0,0,0,,0.873,2024-25
2026-07-13,2026-07-20,45061,Lee County,South Carolina,SC,quiet,3.5e-05,2190,42,501+,0.05,0.000329,2011,40,501+,0.11,0.01317,0.031556,0,0,0,,0.96,2024-25
2026-07-13,2026-07-20,42009,Bedford County,Pennsylvania,PA,quiet,3.5e-05,2191,59,501+,0.05,0.000791,1182,52,501+,0.27,0.013148,0.077266,0,0,0,,0.953,2024-25
2026-07-13,2026-07-20,40075,Kiowa County,Oklahoma,OK,quiet,3.5e-05,2192,65,501+,0.05,0.000212,2422,70,501+,0.07,0.013143,0.019889,0,0,0,,0.9277,2024-25
2026-07-13,2026-07-20,19081,Hancock County,Iowa,IA,quiet,3.5e-05,2193,52,501+,0.05,0.000349,1944,36,501+,0.12,0.013112,0.033541,0,0,0,,0.92125984,2024-25
2026-07-13,2026-07-20,17003,Alexander County,Illinois,IL,quiet,3.4e-05,2194,52,501+,0.05,0.000151,2681,72,501+,0.05,0.013087,0.013888,0,0,0,,0.933,2024-25
2026-07-13,2026-07-20,17051,Fayette County,Illinois,IL,quiet,3.4e-05,2195,53,501+,0.05,0.000329,2012,50,501+,0.11,0.013074,0.031553,0,0,0,,0.961,2024-25
2026-07-13,2026-07-20,17085,Jo Daviess County,Illinois,IL,quiet,3.4e-05,2196,54,501+,0.05,0.000171,2584,69,501+,0.06,0.01305,0.015836,0,0,0,,0.962,2024-25
2026-07-13,2026-07-20,22125,West Feliciana Parish,Louisiana,LA,quiet,3.4e-05,2197,32,501+,0.05,0.000154,2665,50,501+,0.05,0.013031,0.014205,0,0,0,,0.9708,2024-25
2026-07-13,2026-07-20,40001,Adair County,Oklahoma,OK,quiet,3.4e-05,2198,66,501+,0.05,0.000188,2527,72,501+,0.07,0.013031,0.017481,0,0,0,,0.8638,2024-25
2026-07-13,2026-07-20,40041,Delaware County,Oklahoma,OK,quiet,3.4e-05,2199,67,501+,0.05,0.000432,1718,40,501+,0.15,0.013025,0.041876,0,0,0,,0.914,2024-25
2026-07-13,2026-07-20,22113,Vermilion Parish,Louisiana,LA,quiet,3.4e-05,2200,33,501+,0.05,0.000361,1913,25,501+,0.13,0.013009,0.034715,0,0,0,,0.9199,2024-25
2026-07-13,2026-07-20,13123,Gilmer County,Georgia,GA,quiet,3.4e-05,2201,82,501+,0.05,0.000655,1336,38,501+,0.23,0.012987,0.063996,0,0,0,,,
2026-07-13,2026-07-20,48005,Angelina County,Texas,TX,quiet,3.4e-05,2202,220,501+,0.05,0.000209,2437,222,501+,0.07,0.012984,0.019545,0,0,0,,0.938662,2024-25
2026-07-13,2026-07-20,19027,Carroll County,Iowa,IA,quiet,3.4e-05,2203,53,501+,0.05,0.000196,2483,74,501+,0.07,0.012982,0.018289,0,0,0,,0.90136054,2024-25
2026-07-13,2026-07-20,12065,Jefferson County,Florida,FL,quiet,3.4e-05,2204,62,501+,0.05,0.000324,2030,56,501+,0.11,0.012972,0.031032,0,0,0,,0.978,2024-25
2026-07-13,2026-07-20,19185,Wayne County,Iowa,IA,quiet,3.4e-05,2205,54,501+,0.05,0.000433,1716,26,501+,0.15,0.012956,0.041907,0,0,0,,0.83823529,2024-25
2026-07-13,2026-07-20,54011,Cabell County,West Virginia,WV,quiet,3.4e-05,2206,15,501+,0.05,0.000442,1688,10,501+,0.15,0.012914,0.042828,0,0,0,,,
2026-07-13,2026-07-20,47033,Crockett County,Tennessee,TN,quiet,3.4e-05,2207,60,501+,0.05,0.000259,2260,64,501+,0.09,0.012877,0.024524,0,0,0,,0.984,2024-25
2026-07-13,2026-07-20,48481,Wharton County,Texas,TX,quiet,3.4e-05,2208,221,501+,0.05,0.000241,2322,211,501+,0.08,0.01287,0.022764,0,0,0,,0.984293,2024-25
2026-07-13,2026-07-20,39021,Champaign County,Ohio,OH,quiet,3.4e-05,2209,59,501+,0.05,0.000578,1425,54,501+,0.2,0.01285,0.056421,0,0,0,,0.917,2024-25
2026-07-13,2026-07-20,41037,Lake County,Oregon,OR,quiet,3.4e-05,2210,32,501+,0.05,0.000423,1749,27,501+,0.15,0.012848,0.040922,0,0,0,,0.795,2024-25
2026-07-13,2026-07-20,19073,Greene County,Iowa,IA,quiet,3.4e-05,2211,55,501+,0.05,0.000336,1993,38,501+,0.12,0.012846,0.032257,0,0,0,,0.83,2024-25
2026-07-13,2026-07-20,01005,Barbour County,Alabama,AL,quiet,3.4e-05,2212,42,501+,0.05,0.000299,2115,35,501+,0.1,0.012838,0.028588,0,0,0,,0.9833,2024-25
2026-07-13,2026-07-20,28097,Montgomery County,Mississippi,MS,quiet,3.4e-05,2213,34,501+,0.05,0.000245,2308,33,501+,0.09,0.012836,0.023205,0,0,0,,0.9722,2024-25
2026-07-13,2026-07-20,36025,Delaware County,New York,NY,quiet,3.4e-05,2214,55,501+,0.05,0.000215,2412,57,501+,0.07,0.012825,0.020133,0,0,0,,0.998476765,2024-25
2026-07-13,2026-07-20,05015,Carroll County,Arkansas,AR,quiet,3.4e-05,2215,33,501+,0.05,0.000317,2051,30,501+,0.11,0.012757,0.030378,0,0,0,,,
2026-07-13,2026-07-20,29017,Bollinger County,Missouri,MO,quiet,3.4e-05,2216,69,501+,0.05,0.000158,2639,100,501+,0.06,0.012729,0.014593,0,0,0,,0.908,2024-25
2026-07-13,2026-07-20,17127,Massac County,Illinois,IL,quiet,3.3e-05,2217,55,501+,0.05,0.000294,2138,55,501+,0.1,0.012697,0.028072,0,0,0,,0.889,2024-25
2026-07-13,2026-07-20,17081,Jefferson County,Illinois,IL,quiet,3.3e-05,2218,56,501+,0.05,0.000433,1714,42,501+,0.15,0.012692,0.041939,0,0,0,,0.972,2024-25
2026-07-13,2026-07-20,05147,Woodruff County,Arkansas,AR,quiet,3.3e-05,2219,34,501+,0.05,0.000308,2089,31,501+,0.11,0.012687,0.029409,0,0,0,,,
2026-07-13,2026-07-20,05083,Logan County,Arkansas,AR,quiet,3.3e-05,2220,35,501+,0.05,0.000393,1826,24,501+,0.14,0.012686,0.037912,0,0,0,,,
2026-07-13,2026-07-20,18111,Newton County,Indiana,IN,quiet,3.3e-05,2221,50,501+,0.05,0.000381,1851,48,501+,0.13,0.012663,0.036764,0,0,0,,0.9247,2024-25
2026-07-13,2026-07-20,31017,Brown County,Nebraska,NE,quiet,3.3e-05,2222,62,501+,0.05,0.00023,2361,63,501+,0.08,0.012661,0.021656,0,0,0,,0.935483871,2024-25
2026-07-13,2026-07-20,24039,Somerset County,Maryland,MD,quiet,3.3e-05,2223,23,501+,0.05,0.000299,2116,23,501+,0.1,0.012655,0.028584,0,0,0,,0.9744,2024-25
2026-07-13,2026-07-20,19109,Kossuth County,Iowa,IA,quiet,3.3e-05,2224,56,501+,0.05,0.000382,1849,31,501+,0.13,0.012644,0.036828,0,0,0,,0.88068182,2024-25
2026-07-13,2026-07-20,01023,Choctaw County,Alabama,AL,quiet,3.3e-05,2225,43,501+,0.05,0.000286,2162,38,501+,0.1,0.012623,0.027233,0,0,0,,0.8977,2024-25
2026-07-13,2026-07-20,19165,Shelby County,Iowa,IA,quiet,3.3e-05,2226,57,501+,0.05,0.000354,1930,35,501+,0.12,0.012618,0.034079,0,0,0,,0.86075949,2024-25
2026-07-13,2026-07-20,13195,Madison County,Georgia,GA,quiet,3.3e-05,2227,83,501+,0.05,0.000215,2409,105,501+,0.07,0.012585,0.020182,0,0,0,,,
2026-07-13,2026-07-20,17005,Bond County,Illinois,IL,quiet,3.3e-05,2228,57,501+,0.05,0.000254,2283,62,501+,0.09,0.012567,0.024027,0,0,0,,0.985,2024-25
2026-07-13,2026-07-20,08053,Hinsdale County,Colorado,CO,quiet,3.3e-05,2229,51,501+,0.05,0.000134,2773,59,501+,0.05,0.01256,0.012239,0,0,0,,0.8,2024-25
2026-07-13,2026-07-20,47115,Marion County,Tennessee,TN,quiet,3.3e-05,2230,61,501+,0.05,0.000178,2562,72,501+,0.06,0.012557,0.016539,0,0,0,,0.953,2024-25
2026-07-13,2026-07-20,28085,Lincoln County,Mississippi,MS,quiet,3.3e-05,2231,35,501+,0.05,0.000367,1892,15,501+,0.13,0.012547,0.035378,0,0,0,,0.9444,2024-25
2026-07-13,2026-07-20,46097,Miner County,South Dakota,SD,quiet,3.3e-05,2232,57,501+,0.05,0.000211,2425,54,501+,0.07,0.012509,0.01979,0,0,0,,0.87,2024-25
2026-07-13,2026-07-20,38027,Eddy County,North Dakota,ND,quiet,3.3e-05,2233,33,501+,0.05,0.000294,2140,33,501+,0.1,0.012493,0.028044,0,0,0,,0.931,2024-25
2026-07-13,2026-07-20,05061,Howard County,Arkansas,AR,quiet,3.3e-05,2234,36,501+,0.05,0.000247,2306,46,501+,0.09,0.012479,0.023371,0,0,0,,,
2026-07-13,2026-07-20,54031,Hardy County,West Virginia,WV,quiet,3.3e-05,2235,16,501+,0.05,0.000346,1962,16,501+,0.12,0.01247,0.033198,0,0,0,,,
2026-07-13,2026-07-20,51540,Charlottesville City,Virginia,VA,quiet,3.3e-05,2236,83,501+,0.05,0.000221,2393,77,501+,0.08,0.012455,0.020804,0,0,0,,0.867,2024-25
2026-07-13,2026-07-20,51023,Botetourt County,Virginia,VA,quiet,3.3e-05,2237,84,501+,0.05,0.000374,1873,52,501+,0.13,0.012454,0.036063,0,0,0,,0.928,2024-25
2026-07-13,2026-07-20,20101,Lane County,Kansas,KS,quiet,3.3e-05,2238,90,501+,0.05,0.000143,2718,100,501+,0.05,0.012417,0.013143,0,0,0,,1.0,2024-25
2026-07-13,2026-07-20,19175,Union County,Iowa,IA,quiet,3.3e-05,2239,58,501+,0.05,0.000217,2401,66,501+,0.08,0.012382,0.0204,0,0,0,,0.96062992,2024-25
2026-07-13,2026-07-20,37043,Clay County,North Carolina,NC,quiet,3.3e-05,2240,83,501+,0.05,0.000543,1484,61,501+,0.19,0.01238,0.052899,0,0,0,,0.87619048,2024-25
2026-07-13,2026-07-20,22059,LaSalle Parish,Louisiana,LA,quiet,3.3e-05,2241,34,501+,0.05,0.000279,2193,33,501+,0.1,0.012377,0.026511,0,0,0,,0.9263,2024-25
2026-07-13,2026-07-20,51127,New Kent County,Virginia,VA,quiet,3.2e-05,2242,85,501+,0.05,0.000241,2323,74,501+,0.08,0.012324,0.022751,0,0,0,,0.922,2024-25
2026-07-13,2026-07-20,05087,Madison County,Arkansas,AR,quiet,3.2e-05,2243,37,501+,0.05,0.000236,2339,50,501+,0.08,0.012306,0.022268,0,0,0,,,
2026-07-13,2026-07-20,05011,Bradley County,Arkansas,AR,quiet,3.2e-05,2244,38,501+,0.05,0.000321,2039,29,501+,0.11,0.012287,0.030693,0,0,0,,,
2026-07-13,2026-07-20,29119,McDonald County,Missouri,MO,quiet,3.2e-05,2245,70,501+,0.05,0.000437,1705,55,501+,0.15,0.012281,0.042346,0,0,0,,0.91,2024-25
2026-07-13,2026-07-20,31093,Howard County,Nebraska,NE,quiet,3.2e-05,2246,63,501+,0.05,0.000255,2274,61,501+,0.09,0.012271,0.024168,0,0,0,,0.945054945,2024-25
2026-07-13,2026-07-20,22085,Sabine Parish,Louisiana,LA,quiet,3.2e-05,2247,35,501+,0.05,0.000197,2478,41,501+,0.07,0.012225,0.018388,0,0,0,,0.9579,2024-25
2026-07-13,2026-07-20,20105,Lincoln County,Kansas,KS,quiet,3.2e-05,2248,91,501+,0.05,0.000357,1925,73,501+,0.12,0.012225,0.034347,0,0,0,,0.7057,2024-25
2026-07-13,2026-07-20,22045,Iberia Parish,Louisiana,LA,quiet,3.2e-05,2249,36,501+,0.05,0.000223,2386,37,501+,0.08,0.012224,0.020996,0,0,0,,0.9367,2024-25
2026-07-13,2026-07-20,51183,Sussex County,Virginia,VA,quiet,3.2e-05,2250,86,501+,0.05,6.2e-05,3062,125,501+,0.02,0.012222,0.005337,0,0,0,,0.75,2024-25
2026-07-13,2026-07-20,35019,Guadalupe County,New Mexico,NM,quiet,3.2e-05,2251,29,501+,0.05,0.000492,1576,24,501+,0.17,0.012213,0.047824,0,0,0,,0.9697,2024-25
2026-07-13,2026-07-20,02105,Hoonah-Angoon Census Area,Alaska,AK,quiet,3.2e-05,2252,23,501+,0.05,0.000146,2702,24,501+,0.05,0.012205,0.013414,0,0,0,,,
2026-07-13,2026-07-20,13019,Berrien County,Georgia,GA,quiet,3.2e-05,2253,84,501+,0.05,0.00029,2155,84,501+,0.1,0.012204,0.027623,0,0,0,,,
2026-07-13,2026-07-20,19101,Jefferson County,Iowa,IA,quiet,3.2e-05,2254,59,501+,0.05,0.000176,2574,79,501+,0.06,0.012192,0.016326,0,0,0,,0.86486486,2024-25
2026-07-13,2026-07-20,19041,Clay County,Iowa,IA,quiet,3.2e-05,2255,60,501+,0.05,0.000279,2192,58,501+,0.1,0.012189,0.026531,0,0,0,,0.875,2024-25
2026-07-13,2026-07-20,22037,East Feliciana Parish,Louisiana,LA,quiet,3.2e-05,2256,37,501+,0.05,0.000173,2581,44,501+,0.06,0.012186,0.016022,0,0,0,,0.93,2024-25
2026-07-13,2026-07-20,17155,Putnam County,Illinois,IL,quiet,3.2e-05,2257,58,501+,0.05,0.000305,2095,54,501+,0.11,0.012181,0.029139,0,0,0,,0.973,2024-25
2026-07-13,2026-07-20,39027,Clinton County,Ohio,OH,quiet,3.2e-05,2258,60,501+,0.05,0.000678,1306,49,501+,0.24,0.01218,0.06622,0,0,0,,0.833,2024-25
2026-07-13,2026-07-20,20131,Nemaha County,Kansas,KS,quiet,3.2e-05,2259,92,501+,0.05,0.000277,2200,84,501+,0.1,0.012142,0.026372,0,0,0,,0.948,2024-25
2026-07-13,2026-07-20,54057,Mineral County,West Virginia,WV,quiet,3.2e-05,2260,17,501+,0.05,0.000398,1812,13,501+,0.14,0.012119,0.038428,0,0,0,,,
2026-07-13,2026-07-20,38085,Sioux County,North Dakota,ND,quiet,3.2e-05,2261,34,501+,0.05,0.000146,2704,50,501+,0.05,0.012119,0.013368,0,0,0,,0.875,2024-25
2026-07-13,2026-07-20,40091,McIntosh County,Oklahoma,OK,quiet,3.2e-05,2262,68,501+,0.05,0.000225,2383,67,501+,0.08,0.012063,0.02115,0,0,0,,0.9213,2024-25
2026-07-13,2026-07-20,56011,Crook County,Wyoming,WY,quiet,3.2e-05,2263,22,501+,0.05,0.000331,2009,22,501+,0.11,0.012041,0.031701,0,0,0,,0.91,2022-23
2026-07-13,2026-07-20,27031,Cook County,Minnesota,MN,quiet,3.2e-05,2264,76,501+,0.05,0.000158,2642,86,501+,0.05,0.012036,0.014517,0,0,0,,0.719,2024-25
2026-07-13,2026-07-20,13251,Screven County,Georgia,GA,quiet,3.2e-05,2265,85,501+,0.05,0.000255,2279,97,501+,0.09,0.012018,0.024136,0,0,0,,,
2026-07-13,2026-07-20,21143,Lyon County,Kentucky,KY,quiet,3.1e-05,2266,34,501+,0.05,0.00011,2872,82,501+,0.04,0.011973,0.009955,0,0,0,,0.96,2024-25
2026-07-13,2026-07-20,48125,Dickens County,Texas,TX,quiet,3.1e-05,2267,222,501+,0.05,0.000238,2332,213,501+,0.08,0.011972,0.022493,0,0,0,,0.888889,2024-25
2026-07-13,2026-07-20,13033,Burke County,Georgia,GA,quiet,3.1e-05,2268,86,501+,0.05,0.000256,2268,96,501+,0.09,0.01196,0.024247,0,0,0,,,
2026-07-13,2026-07-20,29093,Iron County,Missouri,MO,quiet,3.1e-05,2269,71,501+,0.05,0.000313,2070,72,501+,0.11,0.01195,0.029944,0,0,0,,0.959,2024-25
2026-07-13,2026-07-20,55001,Adams County,Wisconsin,WI,quiet,3.1e-05,2270,57,501+,0.05,0.000146,2705,68,501+,0.05,0.011943,0.013365,0,0,0,,0.79,2024-25
2026-07-13,2026-07-20,36031,Essex County,New York,NY,quiet,3.1e-05,2271,56,501+,0.05,0.000159,2635,58,501+,0.06,0.01192,0.014652,0,0,0,,0.994341091,2024-25
2026-07-13,2026-07-20,21101,Henderson County,Kentucky,KY,quiet,3.1e-05,2272,35,501+,0.05,0.000309,2084,33,501+,0.11,0.011912,0.029584,0,0,0,,0.923,2024-25
2026-07-13,2026-07-20,13061,Clay County,Georgia,GA,quiet,3.1e-05,2273,87,501+,0.05,0.000207,2442,110,501+,0.07,0.01191,0.019398,0,0,0,,,
2026-07-13,2026-07-20,55135,Waupaca County,Wisconsin,WI,quiet,3.1e-05,2274,58,501+,0.05,0.000487,1589,48,501+,0.17,0.0119,0.047314,0,0,0,,0.83,2024-25
2026-07-13,2026-07-20,01027,Clay County,Alabama,AL,quiet,3.1e-05,2275,44,501+,0.05,0.000266,2232,42,501+,0.09,0.011855,0.025295,0,0,0,,0.933,2024-25
2026-07-13,2026-07-20,18183,Whitley County,Indiana,IN,quiet,3.1e-05,2276,51,501+,0.05,0.000487,1588,38,501+,0.17,0.011832,0.047356,0,0,0,,0.9045,2024-25
2026-07-13,2026-07-20,21223,Trimble County,Kentucky,KY,quiet,3.1e-05,2277,36,501+,0.05,0.000175,2577,57,501+,0.06,0.011825,0.016199,0,0,0,,0.956,2024-25
2026-07-13,2026-07-20,28003,Alcorn County,Mississippi,MS,quiet,3.1e-05,2278,36,501+,0.05,0.000162,2624,50,501+,0.06,0.011823,0.01496,0,0,0,,0.9864,2024-25
2026-07-13,2026-07-20,28037,Franklin County,Mississippi,MS,quiet,3.1e-05,2279,37,501+,0.05,0.000215,2411,39,501+,0.07,0.011809,0.020154,0,0,0,,0.9691,2024-25
2026-07-13,2026-07-20,27011,Big Stone County,Minnesota,MN,quiet,3.1e-05,2280,77,501+,0.05,0.000336,1992,72,501+,0.12,0.011803,0.032273,0,0,0,,0.923,2024-25
2026-07-13,2026-07-20,01065,Hale County,Alabama,AL,quiet,3.1e-05,2281,45,501+,0.05,0.000229,2364,47,501+,0.08,0.011799,0.021593,0,0,0,,0.963,2024-25
2026-07-13,2026-07-20,37039,Cherokee County,North Carolina,NC,quiet,3.1e-05,2282,84,501+,0.05,0.000205,2454,90,501+,0.07,0.011789,0.019165,0,0,0,,0.86666667,2024-25
2026-07-13,2026-07-20,22043,Grant Parish,Louisiana,LA,quiet,3.1e-05,2283,38,501+,0.05,0.000316,2056,28,501+,0.11,0.011785,0.030219,0,0,0,,0.9,2024-25
2026-07-13,2026-07-20,13059,Clarke County,Georgia,GA,quiet,3.1e-05,2284,88,501+,0.05,0.000404,1799,59,501+,0.14,0.011784,0.039021,0,0,0,,,
2026-07-13,2026-07-20,22101,St. Mary Parish,Louisiana,LA,quiet,3.1e-05,2285,39,501+,0.05,0.000368,1889,23,501+,0.13,0.011754,0.035456,0,0,0,,0.9105,2024-25
2026-07-13,2026-07-20,13225,Peach County,Georgia,GA,quiet,3.1e-05,2286,89,501+,0.05,0.000473,1624,48,501+,0.16,0.011753,0.045914,0,0,0,,,
2026-07-13,2026-07-20,50013,Grand Isle County,Vermont,VT,quiet,3.1e-05,2287,11,501+,0.05,0.000304,2098,11,501+,0.11,0.011737,0.029029,0,0,0,,,
2026-07-13,2026-07-20,13083,Dade County,Georgia,GA,quiet,3.1e-05,2288,90,501+,0.05,0.000352,1936,66,501+,0.12,0.01173,0.033841,0,0,0,,,
2026-07-13,2026-07-20,48185,Grimes County,Texas,TX,quiet,3.1e-05,2289,223,501+,0.05,0.000181,2553,230,501+,0.06,0.011729,0.016783,0,0,0,,0.933333,2024-25
2026-07-13,2026-07-20,01011,Bullock County,Alabama,AL,quiet,3.1e-05,2290,46,501+,0.05,0.000103,2908,62,501+,0.04,0.011726,0.009278,0,0,0,,0.9487,2024-25
2026-07-13,2026-07-20,55107,Rusk County,Wisconsin,WI,quiet,3.1e-05,2291,59,501+,0.05,0.000232,2351,63,501+,0.08,0.011715,0.021894,0,0,0,,0.86,2024-25
2026-07-13,2026-07-20,48297,Live Oak County,Texas,TX,quiet,3.1e-05,2292,224,501+,0.05,0.000147,2696,234,501+,0.05,0.011712,0.01352,0,0,0,,0.984962,2024-25
2026-07-13,2026-07-20,01029,Cleburne County,Alabama,AL,quiet,3.1e-05,2293,47,501+,0.05,0.000387,1838,28,501+,0.13,0.011707,0.037357,0,0,0,,0.9144,2024-25
2026-07-13,2026-07-20,37143,Perquimans County,North Carolina,NC,quiet,3.1e-05,2294,85,501+,0.05,0.000269,2224,83,501+,0.09,0.011703,0.02553,0,0,0,,0.91304348,2024-25
2026-07-13,2026-07-20,13255,Spalding County,Georgia,GA,quiet,3.1e-05,2295,91,501+,0.05,0.000226,2378,102,501+,0.08,0.011697,0.02127,0,0,0,,,
2026-07-13,2026-07-20,08009,Baca County,Colorado,CO,quiet,3.1e-05,2296,52,501+,0.05,0.000295,2133,51,501+,0.1,0.011685,0.028186,0,0,0,,0.907,2024-25
2026-07-13,2026-07-20,36043,Herkimer County,New York,NY,quiet,3.1e-05,2297,57,501+,0.05,0.000347,1958,53,501+,0.12,0.011683,0.033343,0,0,0,,0.997743775,2024-25
2026-07-13,2026-07-20,19077,Guthrie County,Iowa,IA,quiet,3.1e-05,2298,61,501+,0.05,0.000292,2147,53,501+,0.1,0.011671,0.027847,0,0,0,,0.8375,2024-25
2026-07-13,2026-07-20,13273,Terrell County,Georgia,GA,quiet,3.1e-05,2299,92,501+,0.05,0.000368,1888,63,501+,0.13,0.011641,0.035474,0,0,0,,,
2026-07-13,2026-07-20,17137,Morgan County,Illinois,IL,quiet,3e-05,2300,59,501+,0.05,0.000291,2151,57,501+,0.1,0.011616,0.027787,0,0,0,,0.978,2024-25
2026-07-13,2026-07-20,06091,Sierra County,California,CA,quiet,3e-05,2301,58,501+,0.05,0.000161,2628,57,501+,0.06,0.011608,0.014858,0,0,0,,0.94828,2024-25
2026-07-13,2026-07-20,31155,Saunders County,Nebraska,NE,quiet,3e-05,2302,64,501+,0.05,0.000129,2799,79,501+,0.04,0.011597,0.01173,0,0,0,,0.951871658,2024-25
2026-07-13,2026-07-20,20205,Wilson County,Kansas,KS,quiet,3e-05,2303,93,501+,0.05,0.000239,2329,90,501+,0.08,0.011553,0.022539,0,0,0,,0.9221,2024-25
2026-07-13,2026-07-20,48333,Mills County,Texas,TX,quiet,3e-05,2304,225,501+,0.05,0.000353,1932,181,501+,0.12,0.011547,0.033942,0,0,0,,1.0,2024-25
2026-07-13,2026-07-20,01111,Randolph County,Alabama,AL,quiet,3e-05,2305,48,501+,0.05,0.000373,1874,30,501+,0.13,0.011538,0.035983,0,0,0,,0.9667,2024-25
2026-07-13,2026-07-20,37073,Gates County,North Carolina,NC,quiet,3e-05,2306,86,501+,0.05,0.000231,2356,87,501+,0.08,0.011538,0.021792,0,0,0,,0.97029703,2024-25
2026-07-13,2026-07-20,28087,Lowndes County,Mississippi,MS,quiet,3e-05,2307,38,501+,0.05,0.000257,2263,27,501+,0.09,0.011534,0.024397,0,0,0,,0.9804,2024-25
2026-07-13,2026-07-20,48273,Kleberg County,Texas,TX,quiet,3e-05,2308,226,501+,0.05,0.000324,2031,188,501+,0.11,0.011518,0.031028,0,0,0,,0.961538,2024-25
2026-07-13,2026-07-20,48241,Jasper County,Texas,TX,quiet,3e-05,2309,227,501+,0.05,0.0003,2112,196,501+,0.1,0.011491,0.02863,0,0,0,,0.905914,2024-25
2026-07-13,2026-07-20,50019,Orleans County,Vermont,VT,quiet,3e-05,2310,12,501+,0.05,0.000244,2314,12,501+,0.08,0.011468,0.023065,0,0,0,,0.92,2024-25
2026-07-13,2026-07-20,01079,Lawrence County,Alabama,AL,quiet,3e-05,2311,49,501+,0.05,0.000168,2600,56,501+,0.06,0.011467,0.015574,0,0,0,,0.941,2024-25
2026-07-13,2026-07-20,18083,Knox County,Indiana,IN,quiet,3e-05,2312,52,501+,0.05,0.000262,2247,56,501+,0.09,0.01146,0.024823,0,0,0,,0.9632,2024-25
2026-07-13,2026-07-20,48457,Tyler County,Texas,TX,quiet,3e-05,2313,228,501+,0.05,0.000332,2005,185,501+,0.12,0.01145,0.031808,0,0,0,,0.90566,2024-25
2026-07-13,2026-07-20,48393,Roberts County,Texas,TX,quiet,3e-05,2314,229,501+,0.05,0.000156,2653,233,501+,0.05,0.011442,0.014376,0,0,0,,1.0,2024-25
2026-07-13,2026-07-20,05105,Perry County,Arkansas,AR,quiet,3e-05,2315,39,501+,0.05,0.000214,2414,55,501+,0.07,0.011438,0.02005,0,0,0,,,
2026-07-13,2026-07-20,18151,Steuben County,Indiana,IN,quiet,3e-05,2316,53,501+,0.05,0.000407,1793,44,501+,0.14,0.011426,0.039327,0,0,0,,0.8816,2024-25
2026-07-13,2026-07-20,38001,Adams County,North Dakota,ND,quiet,3e-05,2317,35,501+,0.05,0.000287,2161,34,501+,0.1,0.011386,0.027307,0,0,0,,0.875,2024-25
2026-07-13,2026-07-20,51570,Colonial Heights City,Virginia,VA,quiet,3e-05,2318,87,501+,0.05,0.000178,2564,89,501+,0.06,0.011355,0.016503,0,0,0,,0.938,2024-25
2026-07-13,2026-07-20,29197,Schuyler County,Missouri,MO,quiet,3e-05,2319,72,501+,0.05,0.000228,2369,83,501+,0.08,0.011339,0.021499,0,0,0,,0.977,2024-25
2026-07-13,2026-07-20,33019,Sullivan County,New Hampshire,NH,quiet,3e-05,2320,8,501+,0.05,0.000261,2250,8,501+,0.09,0.011338,0.024779,0,0,0,,0.906,2024-25
2026-07-13,2026-07-20,39067,Harrison County,Ohio,OH,quiet,3e-05,2321,61,501+,0.05,0.000239,2327,69,501+,0.08,0.011318,0.022552,0,0,0,,,
2026-07-13,2026-07-20,31005,Arthur County,Nebraska,NE,quiet,3e-05,2322,65,501+,0.05,0.00034,1981,49,501+,0.12,0.011307,0.032602,0,0,0,,0.8333,2021-22
2026-07-13,2026-07-20,29103,Knox County,Missouri,MO,quiet,3e-05,2323,73,501+,0.05,0.000153,2669,102,501+,0.05,0.011306,0.014107,0,0,0,,0.975,2024-25
2026-07-13,2026-07-20,41069,Wheeler County,Oregon,OR,quiet,3e-05,2324,33,501+,0.05,0.000213,2418,33,501+,0.07,0.011299,0.019957,0,0,0,,0.615,2024-25
2026-07-13,2026-07-20,40057,Harmon County,Oklahoma,OK,quiet,3e-05,2325,69,501+,0.05,0.000146,2706,77,501+,0.05,0.011277,0.013357,0,0,0,,0.8889,2024-25
2026-07-13,2026-07-20,22001,Acadia Parish,Louisiana,LA,quiet,2.9e-05,2326,40,501+,0.05,0.000243,2317,36,501+,0.08,0.011251,0.02298,0,0,0,,0.8769,2024-25
2026-07-13,2026-07-20,19065,Fayette County,Iowa,IA,quiet,2.9e-05,2327,62,501+,0.05,0.000191,2506,75,501+,0.07,0.011249,0.017834,0,0,0,,0.81871345,2024-25
2026-07-13,2026-07-20,27133,Rock County,Minnesota,MN,quiet,2.9e-05,2328,78,501+,0.05,0.000267,2227,78,501+,0.09,0.011242,0.025388,0,0,0,,0.871,2024-25
2026-07-13,2026-07-20,48207,Haskell County,Texas,TX,quiet,2.9e-05,2329,230,501+,0.05,0.000239,2330,212,501+,0.08,0.011236,0.022534,0,0,0,,0.9375,2024-25
2026-07-13,2026-07-20,37005,Alleghany County,North Carolina,NC,quiet,2.9e-05,2330,87,501+,0.05,0.000128,2800,98,501+,0.04,0.011228,0.011682,0,0,0,,0.95384615,2024-25
2026-07-13,2026-07-20,19161,Sac County,Iowa,IA,quiet,2.9e-05,2331,63,501+,0.05,0.000208,2439,68,501+,0.07,0.011227,0.019453,0,0,0,,0.93457944,2024-25
2026-07-13,2026-07-20,13007,Baker County,Georgia,GA,quiet,2.9e-05,2332,93,501+,0.05,0.000213,2419,107,501+,0.07,0.01122,0.019951,0,0,0,,,
2026-07-13,2026-07-20,40033,Cotton County,Oklahoma,OK,quiet,2.9e-05,2333,70,501+,0.05,0.00016,2631,75,501+,0.06,0.011203,0.014717,0,0,0,,0.873,2024-25
2026-07-13,2026-07-20,31179,Wayne County,Nebraska,NE,quiet,2.9e-05,2334,66,501+,0.05,0.000292,2146,57,501+,0.1,0.011156,0.027848,0,0,0,,0.962264151,2024-25
2026-07-13,2026-07-20,28103,Noxubee County,Mississippi,MS,quiet,2.9e-05,2335,39,501+,0.05,0.000101,2921,64,501+,0.04,0.011123,0.009055,0,0,0,,0.9561,2024-25
2026-07-13,2026-07-20,28095,Monroe County,Mississippi,MS,quiet,2.9e-05,2336,40,501+,0.05,0.000205,2453,40,501+,0.07,0.011121,0.019186,0,0,0,,0.9863,2024-25
2026-07-13,2026-07-20,21159,Martin County,Kentucky,KY,quiet,2.9e-05,2337,37,501+,0.05,0.000231,2357,45,501+,0.08,0.011118,0.021769,0,0,0,,0.931,2024-25
2026-07-13,2026-07-20,13257,Stephens County,Georgia,GA,quiet,2.9e-05,2338,94,501+,0.05,0.000333,2002,73,501+,0.12,0.011107,0.031962,0,0,0,,,
2026-07-13,2026-07-20,40009,Beckham County,Oklahoma,OK,quiet,2.9e-05,2339,71,501+,0.05,0.000245,2309,64,501+,0.09,0.011099,0.023195,0,0,0,,0.9331,2024-25
2026-07-13,2026-07-20,01013,Butler County,Alabama,AL,quiet,2.9e-05,2340,50,501+,0.05,0.000177,2566,55,501+,0.06,0.011095,0.016476,0,0,0,,0.9304,2024-25
2026-07-13,2026-07-20,22025,Catahoula Parish,Louisiana,LA,quiet,2.9e-05,2341,41,501+,0.05,0.000194,2495,42,501+,0.07,0.011085,0.018088,0,0,0,,0.9459,2024-25
2026-07-13,2026-07-20,17117,Macoupin County,Illinois,IL,quiet,2.9e-05,2342,60,501+,0.05,0.000186,2536,67,501+,0.06,0.011052,0.017309,0,0,0,,0.979,2024-25
2026-07-13,2026-07-20,29185,St. Clair County,Missouri,MO,quiet,2.9e-05,2343,74,501+,0.05,0.000698,1285,28,501+,0.24,0.011033,0.068225,0,0,0,,0.881,2024-25
2026-07-13,2026-07-20,38011,Bowman County,North Dakota,ND,quiet,2.9e-05,2344,36,501+,0.05,0.000265,2237,37,501+,0.09,0.011028,0.025141,0,0,0,,0.8936,2024-25
2026-07-13,2026-07-20,05043,Drew County,Arkansas,AR,quiet,2.9e-05,2345,40,501+,0.05,0.000255,2271,41,501+,0.09,0.011013,0.024195,0,0,0,,,
2026-07-13,2026-07-20,18135,Randolph County,Indiana,IN,quiet,2.9e-05,2346,54,501+,0.05,0.000254,2282,57,501+,0.09,0.011002,0.024082,0,0,0,,0.8746,2024-25
2026-07-13,2026-07-20,48011,Armstrong County,Texas,TX,quiet,2.9e-05,2347,231,501+,0.05,0.000214,2413,219,501+,0.07,0.011,0.020113,0,0,0,,0.923077,2024-25
2026-07-13,2026-07-20,01041,Crenshaw County,Alabama,AL,quiet,2.9e-05,2348,51,501+,0.05,0.000157,2646,58,501+,0.05,0.011,0.014469,0,0,0,,0.9527,2024-25
2026-07-13,2026-07-20,28159,Winston County,Mississippi,MS,quiet,2.9e-05,2349,41,501+,0.05,0.000247,2304,32,501+,0.09,0.010996,0.023388,0,0,0,,0.9643,2024-25
2026-07-13,2026-07-20,51163,Rockbridge County,Virginia,VA,quiet,2.9e-05,2350,88,501+,0.05,0.000202,2465,82,501+,0.07,0.01099,0.018852,0,0,0,,0.919,2024-25
2026-07-13,2026-07-20,48507,Zavala County,Texas,TX,quiet,2.9e-05,2351,232,501+,0.05,7.6e-05,3002,248,501+,0.03,0.010985,0.006705,0,0,0,,1.0,2024-25
2026-07-13,2026-07-20,21005,Anderson County,Kentucky,KY,quiet,2.9e-05,2352,38,501+,0.05,0.000273,2210,38,501+,0.1,0.010953,0.025966,0,0,0,,0.852,2024-25
2026-07-13,2026-07-20,31041,Custer County,Nebraska,NE,quiet,2.9e-05,2353,67,501+,0.05,0.00021,2433,65,501+,0.07,0.010925,0.019647,0,0,0,,0.9,2024-25
2026-07-13,2026-07-20,29229,Wright County,Missouri,MO,quiet,2.9e-05,2354,75,501+,0.05,0.00029,2154,76,501+,0.1,0.010919,0.027646,0,0,0,,0.773,2024-25
2026-07-13,2026-07-20,55123,Vernon County,Wisconsin,WI,quiet,2.9e-05,2355,60,501+,0.05,0.000218,2397,66,501+,0.08,0.010907,0.020514,0,0,0,,0.71,2024-25
2026-07-13,2026-07-20,28005,Amite County,Mississippi,MS,quiet,2.8e-05,2356,42,501+,0.05,0.000196,2484,43,501+,0.07,0.010904,0.018271,0,0,0,,0.9619,2024-25
2026-07-13,2026-07-20,37153,Richmond County,North Carolina,NC,quiet,2.8e-05,2357,88,501+,0.04,0.000233,2350,86,501+,0.08,0.010894,0.021948,0,0,0,,0.97429306,2024-25
2026-07-13,2026-07-20,19123,Mahaska County,Iowa,IA,quiet,2.8e-05,2358,64,501+,0.04,0.000256,2270,62,501+,0.09,0.010891,0.024218,0,0,0,,0.92094862,2024-25
2026-07-13,2026-07-20,55065,Lafayette County,Wisconsin,WI,quiet,2.8e-05,2359,61,501+,0.04,0.00032,2043,59,501+,0.11,0.010884,0.030644,0,0,0,,0.87,2024-25
2026-07-13,2026-07-20,13197,Marion County,Georgia,GA,quiet,2.8e-05,2360,95,501+,0.04,0.000204,2455,111,501+,0.07,0.010869,0.019126,0,0,0,,,
2026-07-13,2026-07-20,08095,Phillips County,Colorado,CO,quiet,2.8e-05,2361,53,501+,0.04,0.000194,2492,55,501+,0.07,0.010842,0.018126,0,0,0,,0.9804,2024-25
2026-07-13,2026-07-20,13319,Wilkinson County,Georgia,GA,quiet,2.8e-05,2362,96,501+,0.04,0.000202,2464,113,501+,0.07,0.010825,0.018873,0,0,0,,,
2026-07-13,2026-07-20,40049,Garvin County,Oklahoma,OK,quiet,2.8e-05,2363,72,501+,0.04,0.000323,2032,57,501+,0.11,0.010825,0.030986,0,0,0,,0.8661,2024-25
2026-07-13,2026-07-20,28147,Walthall County,Mississippi,MS,quiet,2.8e-05,2364,43,501+,0.04,0.000114,2854,61,501+,0.04,0.010821,0.010332,0,0,0,,0.9697,2024-25
2026-07-13,2026-07-20,48261,Kenedy County,Texas,TX,quiet,2.8e-05,2365,233,501+,0.04,5.3e-05,3091,250,501+,0.02,0.010814,0.004514,0,0,0,,0.923077,2024-25
2026-07-13,2026-07-20,13259,Stewart County,Georgia,GA,quiet,2.8e-05,2366,97,501+,0.04,0.000155,2661,127,501+,0.05,0.010799,0.014314,0,0,0,,,
2026-07-13,2026-07-20,39137,Putnam County,Ohio,OH,quiet,2.8e-05,2367,62,501+,0.04,0.000278,2197,67,501+,0.1,0.010793,0.02643,0,0,0,,0.937,2024-25
2026-07-13,2026-07-20,13267,Tattnall County,Georgia,GA,quiet,2.8e-05,2368,98,501+,0.04,0.000428,1731,55,501+,0.15,0.010771,0.041414,0,0,0,,,
2026-07-13,2026-07-20,38005,Benson County,North Dakota,ND,quiet,2.8e-05,2369,37,501+,0.04,0.000182,2545,43,501+,0.06,0.010731,0.016902,0,0,0,,1.0,2024-25
2026-07-13,2026-07-20,48109,Culberson County,Texas,TX,quiet,2.8e-05,2370,234,501+,0.04,0.000201,2466,224,501+,0.07,0.010714,0.018841,0,0,0,,1.0,2024-25
2026-07-13,2026-07-20,39135,Preble County,Ohio,OH,quiet,2.8e-05,2371,63,501+,0.04,0.000366,1900,64,501+,0.13,0.0107,0.035198,0,0,0,,0.894,2024-25
2026-07-13,2026-07-20,47019,Carter County,Tennessee,TN,quiet,2.8e-05,2372,62,501+,0.04,0.000334,1997,55,501+,0.12,0.01069,0.03207,0,0,0,,0.946,2024-25
2026-07-13,2026-07-20,05097,Montgomery County,Arkansas,AR,quiet,2.8e-05,2373,41,501+,0.04,0.000268,2225,38,501+,0.09,0.010668,0.025469,0,0,0,,,
2026-07-13,2026-07-20,55099,Price County,Wisconsin,WI,quiet,2.8e-05,2374,62,501+,0.04,0.000333,2003,58,501+,0.12,0.010648,0.031892,0,0,0,,0.5,2024-25
2026-07-13,2026-07-20,46055,Haakon County,South Dakota,SD,quiet,2.8e-05,2375,58,501+,0.04,0.000197,2477,55,501+,0.07,0.010632,0.018437,0,0,0,,0.9,2024-25
2026-07-13,2026-07-20,13317,Wilkes County,Georgia,GA,quiet,2.8e-05,2376,99,501+,0.04,0.000143,2719,133,501+,0.05,0.010619,0.013141,0,0,0,,,
2026-07-13,2026-07-20,29133,Mississippi County,Missouri,MO,quiet,2.8e-05,2377,76,501+,0.04,0.00017,2588,95,501+,0.06,0.010613,0.015773,0,0,0,,0.936,2024-25
2026-07-13,2026-07-20,05095,Monroe County,Arkansas,AR,quiet,2.8e-05,2378,42,501+,0.04,0.000249,2297,45,501+,0.09,0.010613,0.023528,0,0,0,,,
2026-07-13,2026-07-20,28129,Smith County,Mississippi,MS,quiet,2.8e-05,2379,44,501+,0.04,0.000255,2278,30,501+,0.09,0.010611,0.024151,0,0,0,,0.9855,2024-25
2026-07-13,2026-07-20,17151,Pope County,Illinois,IL,quiet,2.8e-05,2380,61,501+,0.04,0.000153,2670,71,501+,0.05,0.010609,0.014101,0,0,0,,0.864,2024-25
2026-07-13,2026-07-20,29069,Dunklin County,Missouri,MO,quiet,2.8e-05,2381,77,501+,0.04,0.000209,2436,88,501+,0.07,0.010572,0.019567,0,0,0,,0.961,2024-25
2026-07-13,2026-07-20,37137,Pamlico County,North Carolina,NC,quiet,2.8e-05,2382,89,501+,0.04,0.000152,2679,97,501+,0.05,0.010556,0.01397,0,0,0,,0.95967742,2024-25
2026-07-13,2026-07-20,28025,Clay County,Mississippi,MS,quiet,2.8e-05,2383,45,501+,0.04,0.00013,2794,59,501+,0.05,0.010542,0.011848,0,0,0,,0.9788,2024-25
2026-07-13,2026-07-20,26133,Osceola County,Michigan,MI,quiet,2.7e-05,2384,64,501+,0.04,0.000446,1681,57,501+,0.16,0.010533,0.043221,0,0,7,50,0.888,2024-25
2026-07-13,2026-07-20,47023,Chester County,Tennessee,TN,quiet,2.7e-05,2385,63,501+,0.04,0.000168,2599,77,501+,0.06,0.010507,0.015574,0,0,0,,0.92,2024-25
2026-07-13,2026-07-20,37187,Washington County,North Carolina,NC,quiet,2.7e-05,2386,90,501+,0.04,6.9e-05,3036,100,501+,0.02,0.010495,0.00599,0,0,0,,1.0,2024-25
2026-07-13,2026-07-20,18051,Gibson County,Indiana,IN,quiet,2.7e-05,2387,55,501+,0.04,0.0003,2114,55,501+,0.1,0.010489,0.028608,0,0,0,,0.9446,2024-25
2026-07-13,2026-07-20,05099,Nevada County,Arkansas,AR,quiet,2.7e-05,2388,43,501+,0.04,0.00024,2324,48,501+,0.08,0.010488,0.022678,0,0,0,,,
2026-07-13,2026-07-20,29117,Livingston County,Missouri,MO,quiet,2.7e-05,2389,78,501+,0.04,0.000281,2181,77,501+,0.1,0.010478,0.026743,0,0,0,,0.925,2024-25
2026-07-13,2026-07-20,40135,Sequoyah County,Oklahoma,OK,quiet,2.7e-05,2390,73,501+,0.04,0.000272,2215,62,501+,0.09,0.010476,0.025817,0,0,0,,0.8521,2024-25
2026-07-13,2026-07-20,47111,Macon County,Tennessee,TN,quiet,2.7e-05,2391,64,501+,0.04,0.000318,2050,57,501+,0.11,0.010468,0.030444,0,0,0,,0.983,2024-25
2026-07-13,2026-07-20,55129,Washburn County,Wisconsin,WI,quiet,2.7e-05,2392,63,501+,0.04,0.000283,2173,61,501+,0.1,0.010465,0.026991,0,0,0,,0.77,2024-25
2026-07-13,2026-07-20,46137,Ziebach County,South Dakota,SD,quiet,2.7e-05,2393,59,501+,0.04,8.2e-05,2987,65,501+,0.03,0.010441,0.007208,0,0,0,,1.0,2024-25
2026-07-13,2026-07-20,38043,Kidder County,North Dakota,ND,quiet,2.7e-05,2394,38,501+,0.04,0.000468,1633,29,501+,0.16,0.010438,0.045477,0,0,0,,0.88,2024-25
2026-07-13,2026-07-20,28063,Jefferson County,Mississippi,MS,quiet,2.7e-05,2395,46,501+,0.04,0.000156,2652,52,501+,0.05,0.01043,0.014378,0,0,0,,1.0,2024-25
2026-07-13,2026-07-20,28075,Lauderdale County,Mississippi,MS,quiet,2.7e-05,2396,47,501+,0.04,0.00019,2515,44,501+,0.07,0.010427,0.017727,0,0,0,,0.9922,2024-25
2026-07-13,2026-07-20,17125,Mason County,Illinois,IL,quiet,2.7e-05,2397,62,501+,0.04,0.000158,2640,70,501+,0.06,0.010425,0.01459,0,0,0,,0.968,2024-25
2026-07-13,2026-07-20,47039,Decatur County,Tennessee,TN,quiet,2.7e-05,2398,65,501+,0.04,0.000304,2097,61,501+,0.11,0.010372,0.02906,0,0,0,,0.881,2024-25
2026-07-13,2026-07-20,28021,Claiborne County,Mississippi,MS,quiet,2.7e-05,2399,48,501+,0.04,5.3e-05,3090,79,501+,0.02,0.010367,0.004548,0,0,0,,1.0,2024-25
2026-07-13,2026-07-20,54027,Hampshire County,West Virginia,WV,quiet,2.7e-05,2400,18,501+,0.04,0.000271,2219,18,501+,0.09,0.010359,0.025729,0,0,0,,,
2026-07-13,2026-07-20,24023,Garrett County,Maryland,MD,quiet,2.7e-05,2401,24,501+,0.04,0.00023,2360,24,501+,0.08,0.010348,0.021666,0,0,0,,0.9465,2024-25
2026-07-13,2026-07-20,38049,McHenry County,North Dakota,ND,quiet,2.7e-05,2402,39,501+,0.04,0.000234,2345,39,501+,0.08,0.010347,0.022034,0,0,0,,0.7619,2024-25
2026-07-13,2026-07-20,29013,Bates County,Missouri,MO,quiet,2.7e-05,2403,79,501+,0.04,0.000347,1961,66,501+,0.12,0.010345,0.033308,0,0,0,,0.869,2024-25
2026-07-13,2026-07-20,01129,Washington County,Alabama,AL,quiet,2.7e-05,2404,52,501+,0.04,0.000243,2319,45,501+,0.08,0.010343,0.022947,0,0,0,,0.9275,2024-25
2026-07-13,2026-07-20,48095,Concho County,Texas,TX,quiet,2.7e-05,2405,235,501+,0.04,0.000201,2469,225,501+,0.07,0.010343,0.018747,0,0,0,,1.0,2024-25
2026-07-13,2026-07-20,21217,Taylor County,Kentucky,KY,quiet,2.7e-05,2406,39,501+,0.04,0.000298,2119,35,501+,0.1,0.010338,0.028416,0,0,0,,0.832,2024-25
2026-07-13,2026-07-20,01105,Perry County,Alabama,AL,quiet,2.7e-05,2407,53,501+,0.04,8.3e-05,2982,64,501+,0.03,0.010327,0.007318,0,0,0,,0.9512,2024-25
2026-07-13,2026-07-20,50005,Caledonia County,Vermont,VT,quiet,2.7e-05,2408,13,501+,0.04,0.000221,2394,13,501+,0.08,0.010324,0.020777,0,0,0,,0.92,2024-25
2026-07-13,2026-07-20,51097,King and Queen County,Virginia,VA,quiet,2.7e-05,2409,89,501+,0.04,0.000114,2855,101,501+,0.04,0.010323,0.010297,0,0,0,,0.907,2024-25
2026-07-13,2026-07-20,48405,San Augustine County,Texas,TX,quiet,2.7e-05,2410,236,501+,0.04,0.000257,2264,206,501+,0.09,0.010312,0.024394,0,0,0,,0.898551,2024-25
2026-07-13,2026-07-20,42057,Fulton County,Pennsylvania,PA,quiet,2.7e-05,2411,60,501+,0.04,0.000533,1508,57,501+,0.19,0.01031,0.051924,0,0,0,,0.879,2024-25
2026-07-13,2026-07-20,19071,Fremont County,Iowa,IA,quiet,2.7e-05,2412,65,501+,0.04,0.0002,2472,72,501+,0.07,0.010303,0.018653,0,0,0,,0.8,2024-25
2026-07-13,2026-07-20,26071,Iron County,Michigan,MI,quiet,2.7e-05,2413,65,501+,0.04,0.000156,2655,72,501+,0.05,0.010297,0.01436,0,0,0,,0.87155963,2024-25
2026-07-13,2026-07-20,29139,Montgomery County,Missouri,MO,quiet,2.7e-05,2414,80,501+,0.04,0.000223,2385,86,501+,0.08,0.010281,0.021013,0,0,0,,0.959,2024-25
2026-07-13,2026-07-20,19003,Adams County,Iowa,IA,quiet,2.7e-05,2415,66,501+,0.04,0.000285,2170,55,501+,0.1,0.010279,0.027095,0,0,0,,0.83333333,2024-25
2026-07-13,2026-07-20,17173,Shelby County,Illinois,IL,quiet,2.7e-05,2416,63,501+,0.04,0.000216,2404,63,501+,0.08,0.010249,0.020286,0,0,0,,0.963,2024-25
2026-07-13,2026-07-20,21039,Carlisle County,Kentucky,KY,quiet,2.7e-05,2417,40,501+,0.04,0.000267,2228,39,501+,0.09,0.010247,0.025344,0,0,0,,0.865,2024-25
2026-07-13,2026-07-20,48471,Walker County,Texas,TX,quiet,2.7e-05,2418,237,501+,0.04,0.00018,2555,231,501+,0.06,0.010243,0.016741,0,0,0,,0.9399,2024-25
2026-07-13,2026-07-20,08073,Lincoln County,Colorado,CO,quiet,2.7e-05,2419,54,501+,0.04,0.000349,1945,49,501+,0.12,0.01024,0.033538,0,0,0,,0.8644,2024-25
2026-07-13,2026-07-20,51036,Charles City County,Virginia,VA,quiet,2.7e-05,2420,90,501+,0.04,7.9e-05,2995,112,501+,0.03,0.010221,0.00692,0,0,0,,0.645,2024-25
2026-07-13,2026-07-20,17121,Marion County,Illinois,IL,quiet,2.7e-05,2421,64,501+,0.04,0.000389,1833,48,501+,0.14,0.010196,0.037554,0,0,0,,0.974,2024-25
2026-07-13,2026-07-20,29041,Chariton County,Missouri,MO,quiet,2.7e-05,2422,81,501+,0.04,0.000178,2561,94,501+,0.06,0.010193,0.016551,0,0,0,,0.942,2024-25
2026-07-13,2026-07-20,22093,St. James Parish,Louisiana,LA,quiet,2.7e-05,2423,42,501+,0.04,0.000165,2609,46,501+,0.06,0.010189,0.01525,0,0,0,,0.966,2024-25
2026-07-13,2026-07-20,38033,Golden Valley County,North Dakota,ND,quiet,2.7e-05,2424,40,501+,0.04,0.000192,2505,41,501+,0.07,0.010186,0.017857,0,0,0,,0.92,2024-25
2026-07-13,2026-07-20,08017,Cheyenne County,Colorado,CO,quiet,2.6e-05,2425,55,501+,0.04,0.000178,2560,56,501+,0.06,0.010171,0.016574,0,0,0,,0.8182,2024-25
2026-07-13,2026-07-20,48403,Sabine County,Texas,TX,quiet,2.6e-05,2426,238,501+,0.04,0.000263,2243,204,501+,0.09,0.010147,0.024965,0,0,0,,0.893939,2024-25
2026-07-13,2026-07-20,21035,Calloway County,Kentucky,KY,quiet,2.6e-05,2427,41,501+,0.04,0.000293,2142,37,501+,0.1,0.010125,0.027909,0,0,0,,0.961,2024-25
2026-07-13,2026-07-20,29009,Barry County,Missouri,MO,quiet,2.6e-05,2428,82,501+,0.04,0.000391,1828,60,501+,0.14,0.010113,0.037742,0,0,0,,0.92,2024-25
2026-07-13,2026-07-20,19133,Monona County,Iowa,IA,quiet,2.6e-05,2429,67,501+,0.04,0.000164,2614,80,501+,0.06,0.010109,0.015123,0,0,0,,0.84946237,2024-25
2026-07-13,2026-07-20,51103,Lancaster County,Virginia,VA,quiet,2.6e-05,2430,91,501+,0.04,0.000133,2780,97,501+,0.05,0.010092,0.012168,0,0,0,,0.903,2024-25
2026-07-13,2026-07-20,28145,Union County,Mississippi,MS,quiet,2.6e-05,2431,49,501+,0.04,0.000219,2395,38,501+,0.08,0.010091,0.020607,0,0,0,,0.9745,2024-25
2026-07-13,2026-07-20,13301,Warren County,Georgia,GA,quiet,2.6e-05,2432,100,501+,0.04,0.000253,2287,99,501+,0.09,0.010075,0.023956,0,0,0,,,
2026-07-13,2026-07-20,21075,Fulton County,Kentucky,KY,quiet,2.6e-05,2433,42,501+,0.04,0.000174,2580,58,501+,0.06,0.010066,0.016132,0,0,0,,0.984,2024-25
2026-07-13,2026-07-20,37011,Avery County,North Carolina,NC,quiet,2.6e-05,2434,91,501+,0.04,0.000196,2480,91,501+,0.07,0.010062,0.018323,0,0,0,,0.8951049,2024-25
2026-07-13,2026-07-20,05041,Desha County,Arkansas,AR,quiet,2.6e-05,2435,44,501+,0.04,0.000296,2129,32,501+,0.1,0.01003,0.028258,0,0,0,,,
2026-07-13,2026-07-20,47007,Bledsoe County,Tennessee,TN,quiet,2.6e-05,2436,66,501+,0.04,0.000112,2863,86,501+,0.04,0.010027,0.01009,0,0,0,,0.944,2024-25
2026-07-13,2026-07-20,21225,Union County,Kentucky,KY,quiet,2.6e-05,2437,43,501+,0.04,0.000267,2231,40,501+,0.09,0.010024,0.025302,0,0,0,,0.815,2024-25
2026-07-13,2026-07-20,19179,Wapello County,Iowa,IA,quiet,2.6e-05,2438,68,501+,0.04,0.000328,2020,42,501+,0.11,0.010017,0.031399,0,0,0,,0.85044643,2024-25
2026-07-13,2026-07-20,45065,McCormick County,South Carolina,SC,quiet,2.6e-05,2439,43,501+,0.04,0.000101,2919,46,501+,0.04,0.010004,0.009084,0,0,0,,0.964,2024-25
2026-07-13,2026-07-20,39161,Van Wert County,Ohio,OH,quiet,2.6e-05,2440,64,501+,0.04,0.000439,1697,60,501+,0.15,0.01,0.042507,0,0,0,,0.786,2024-25
2026-07-13,2026-07-20,01025,Clarke County,Alabama,AL,quiet,2.6e-05,2441,54,501+,0.04,0.000179,2559,54,501+,0.06,0.009991,0.01662,0,0,0,,0.9478,2024-25
2026-07-13,2026-07-20,17135,Montgomery County,Illinois,IL,quiet,2.6e-05,2442,65,501+,0.04,0.000347,1954,49,501+,0.12,0.009969,0.033383,0,0,0,,0.975,2024-25
2026-07-13,2026-07-20,18123,Perry County,Indiana,IN,quiet,2.6e-05,2443,56,501+,0.04,0.000157,2643,66,501+,0.05,0.009966,0.01451,0,0,0,,0.9327,2024-25
2026-07-13,2026-07-20,02158,Kusilvak Census Area,Alaska,AK,quiet,2.6e-05,2444,24,501+,0.04,8.2e-05,2986,29,501+,0.03,0.009963,0.007229,0,0,0,,,
2026-07-13,2026-07-20,29217,Vernon County,Missouri,MO,quiet,2.6e-05,2445,83,501+,0.04,0.000357,1923,64,501+,0.12,0.009957,0.034354,0,0,0,,0.891,2024-25
2026-07-13,2026-07-20,30021,Dawson County,Montana,MT,quiet,2.6e-05,2446,40,501+,0.04,0.000328,2021,36,501+,0.11,0.00995,0.031389,0,0,0,,,
2026-07-13,2026-07-20,27075,Lake County,Minnesota,MN,quiet,2.6e-05,2447,79,501+,0.04,0.000303,2099,76,501+,0.11,0.009941,0.028967,0,0,0,,0.84,2024-25
2026-07-13,2026-07-20,29005,Atchison County,Missouri,MO,quiet,2.6e-05,2448,84,501+,0.04,0.000202,2463,89,501+,0.07,0.009931,0.018936,0,0,0,,0.913,2024-25
2026-07-13,2026-07-20,22007,Assumption Parish,Louisiana,LA,quiet,2.6e-05,2449,43,501+,0.04,0.000165,2608,45,501+,0.06,0.009929,0.015282,0,0,0,,0.9602,2024-25
2026-07-13,2026-07-20,19039,Clarke County,Iowa,IA,quiet,2.6e-05,2450,69,501+,0.04,0.000189,2518,77,501+,0.07,0.009926,0.017649,0,0,0,,0.92741935,2024-25
2026-07-13,2026-07-20,13193,Macon County,Georgia,GA,quiet,2.6e-05,2451,101,501+,0.04,0.000264,2242,93,501+,0.09,0.009912,0.025009,0,0,0,,,
2026-07-13,2026-07-20,28043,Grenada County,Mississippi,MS,quiet,2.6e-05,2452,50,501+,0.04,0.000148,2689,55,501+,0.05,0.009907,0.013629,0,0,0,,0.9626,2024-25
2026-07-13,2026-07-20,12047,Hamilton County,Florida,FL,quiet,2.6e-05,2453,63,501+,0.04,0.000316,2055,58,501+,0.11,0.009905,0.030239,0,0,0,,0.97,2024-25
2026-07-13,2026-07-20,01131,Wilcox County,Alabama,AL,quiet,2.6e-05,2454,55,501+,0.04,0.000345,1965,31,501+,0.12,0.009897,0.033091,0,0,0,,0.8571,2024-25
2026-07-13,2026-07-20,26137,Otsego County,Michigan,MI,quiet,2.6e-05,2455,66,501+,0.04,0.000265,2238,64,501+,0.09,0.009879,0.025107,0,0,0,,0.82954545,2024-25
2026-07-13,2026-07-20,19177,Van Buren County,Iowa,IA,quiet,2.6e-05,2456,70,501+,0.04,0.000267,2230,59,501+,0.09,0.009862,0.025304,0,0,0,,0.90163934,2024-25
2026-07-13,2026-07-20,02180,Nome Census Area,Alaska,AK,quiet,2.6e-05,2457,25,501+,0.04,0.00016,2632,23,501+,0.06,0.00986,0.014715,0,0,0,,,
2026-07-13,2026-07-20,01047,Dallas County,Alabama,AL,quiet,2.6e-05,2458,56,501+,0.04,0.000215,2408,51,501+,0.07,0.009856,0.020208,0,0,0,,0.9474,2024-25
2026-07-13,2026-07-20,28127,Simpson County,Mississippi,MS,quiet,2.6e-05,2459,51,501+,0.04,0.000166,2606,48,501+,0.06,0.009846,0.015379,0,0,0,,0.9716,2024-25
2026-07-13,2026-07-20,12067,Lafayette County,Florida,FL,quiet,2.6e-05,2460,64,501+,0.04,0.000323,2033,57,501+,0.11,0.009841,0.030968,0,0,0,,0.918,2024-25
2026-07-13,2026-07-20,31135,Perkins County,Nebraska,NE,quiet,2.6e-05,2461,68,501+,0.04,0.000194,2496,69,501+,0.07,0.009837,0.018059,0,0,0,,0.958333333,2024-25
2026-07-13,2026-07-20,37185,Warren County,North Carolina,NC,quiet,2.6e-05,2462,92,501+,0.04,0.000194,2493,92,501+,0.07,0.00983,0.018103,0,0,0,,0.98701299,2024-25
2026-07-13,2026-07-20,28041,Greene County,Mississippi,MS,quiet,2.6e-05,2463,52,501+,0.04,0.000285,2167,25,501+,0.1,0.009827,0.027106,0,0,0,,0.9853,2024-25
2026-07-13,2026-07-20,01093,Marion County,Alabama,AL,quiet,2.5e-05,2464,57,501+,0.04,0.000263,2244,43,501+,0.09,0.009803,0.024965,0,0,0,,0.9332,2024-25
2026-07-13,2026-07-20,18107,Montgomery County,Indiana,IN,quiet,2.5e-05,2465,57,501+,0.04,0.000408,1789,43,501+,0.14,0.009761,0.039401,0,0,0,,0.925,2024-25
2026-07-13,2026-07-20,37123,Montgomery County,North Carolina,NC,quiet,2.5e-05,2466,93,501+,0.04,0.000156,2658,95,501+,0.05,0.009754,0.014339,0,0,0,,0.98742138,2024-25
2026-07-13,2026-07-20,22065,Madison Parish,Louisiana,LA,quiet,2.5e-05,2467,44,501+,0.04,0.000219,2396,38,501+,0.08,0.009702,0.020555,0,0,0,,0.8864,2024-25
2026-07-13,2026-07-20,15005,Kalawao County,Hawaii,HI,quiet,2.5e-05,2468,5,501+,0.04,9.9e-05,2928,5,501+,0.03,0.009692,0.008898,0,0,0,,,
2026-07-13,2026-07-20,45069,Marlboro County,South Carolina,SC,quiet,2.5e-05,2469,44,501+,0.04,0.000193,2498,43,501+,0.07,0.009687,0.018027,0,0,0,,0.963,2024-25
2026-07-13,2026-07-20,17169,Schuyler County,Illinois,IL,quiet,2.5e-05,2470,66,501+,0.04,0.00028,2183,60,501+,0.1,0.009687,0.026677,0,0,0,,0.987,2024-25
2026-07-13,2026-07-20,22013,Bienville Parish,Louisiana,LA,quiet,2.5e-05,2471,45,501+,0.04,0.000118,2838,58,501+,0.04,0.009665,0.010677,0,0,0,,0.9658,2024-25
2026-07-13,2026-07-20,31007,Banner County,Nebraska,NE,quiet,2.5e-05,2472,69,501+,0.04,0.000408,1788,36,501+,0.14,0.009661,0.039483,0,0,0,,0.5714,2024-25
2026-07-13,2026-07-20,13241,Rabun County,Georgia,GA,quiet,2.5e-05,2473,102,501+,0.04,0.000162,2626,126,501+,0.06,0.00964,0.014918,0,0,0,,,
2026-07-13,2026-07-20,08055,Huerfano County,Colorado,CO,quiet,2.5e-05,2474,56,501+,0.04,0.00012,2828,60,501+,0.04,0.009636,0.010891,0,0,0,,0.9184,2024-25
2026-07-13,2026-07-20,13229,Pierce County,Georgia,GA,quiet,2.5e-05,2475,103,501+,0.04,0.000338,1985,71,501+,0.12,0.009611,0.032445,0,0,0,,,
2026-07-13,2026-07-20,19129,Mills County,Iowa,IA,quiet,2.5e-05,2476,71,501+,0.04,0.000157,2649,82,501+,0.05,0.009605,0.014432,0,0,0,,0.88023952,2024-25
2026-07-13,2026-07-20,01063,Greene County,Alabama,AL,quiet,2.5e-05,2477,58,501+,0.04,7.9e-05,2993,65,501+,0.03,0.009595,0.006973,0,0,0,,0.85,2024-25
2026-07-13,2026-07-20,18013,Brown County,Indiana,IN,quiet,2.5e-05,2478,58,501+,0.04,0.000147,2691,70,501+,0.05,0.009595,0.013537,0,0,0,,0.913,2024-25
2026-07-13,2026-07-20,51155,Pulaski County,Virginia,VA,quiet,2.5e-05,2479,92,501+,0.04,0.00023,2362,76,501+,0.08,0.009582,0.021649,0,0,0,,0.933,2024-25
2026-07-13,2026-07-20,26059,Hillsdale County,Michigan,MI,quiet,2.5e-05,2480,67,501+,0.04,0.000292,2148,60,501+,0.1,0.009577,0.027805,0,0,0,,0.88717949,2024-25
2026-07-13,2026-07-20,27051,Grant County,Minnesota,MN,quiet,2.5e-05,2481,80,501+,0.04,0.000207,2445,81,501+,0.07,0.00957,0.019352,0,0,0,,0.914,2024-25
2026-07-13,2026-07-20,41025,Harney County,Oregon,OR,quiet,2.5e-05,2482,34,501+,0.04,0.000328,2017,32,501+,0.11,0.009565,0.031469,0,0,0,,0.899,2024-25
2026-07-13,2026-07-20,46017,Buffalo County,South Dakota,SD,quiet,2.5e-05,2483,60,501+,0.04,5.5e-05,3086,66,501+,0.02,0.009551,0.004725,0,0,0,,,
2026-07-13,2026-07-20,13309,Wheeler County,Georgia,GA,quiet,2.5e-05,2484,104,501+,0.04,0.000237,2336,101,501+,0.08,0.00955,0.022352,0,0,0,,,
2026-07-13,2026-07-20,21077,Gallatin County,Kentucky,KY,quiet,2.5e-05,2485,44,501+,0.04,0.000191,2508,51,501+,0.07,0.009544,0.017803,0,0,0,,0.945,2024-25
2026-07-13,2026-07-20,39047,Fayette County,Ohio,OH,quiet,2.5e-05,2486,65,501+,0.04,0.000297,2123,66,501+,0.1,0.009503,0.028328,0,0,0,,0.934,2024-25
2026-07-13,2026-07-20,29195,Saline County,Missouri,MO,quiet,2.5e-05,2487,85,501+,0.04,0.000248,2303,78,501+,0.09,0.009489,0.023407,0,0,0,,0.941,2024-25
2026-07-13,2026-07-20,30039,Granite County,Montana,MT,quiet,2.5e-05,2488,41,501+,0.04,0.000226,2376,41,501+,0.08,0.009488,0.021297,0,0,0,,,
2026-07-13,2026-07-20,05013,Calhoun County,Arkansas,AR,quiet,2.5e-05,2489,45,501+,0.04,0.00024,2325,49,501+,0.08,0.009488,0.022669,0,0,0,,,
2026-07-13,2026-07-20,29173,Ralls County,Missouri,MO,quiet,2.5e-05,2490,86,501+,0.04,0.000167,2605,98,501+,0.06,0.009481,0.015431,0,0,0,,0.974,2024-25
2026-07-13,2026-07-20,20141,Osborne County,Kansas,KS,quiet,2.5e-05,2491,94,501+,0.04,0.000255,2273,86,501+,0.09,0.009474,0.024173,0,0,0,,0.695,2024-25
2026-07-13,2026-07-20,05129,Searcy County,Arkansas,AR,quiet,2.5e-05,2492,46,501+,0.04,0.000136,2760,72,501+,0.05,0.009472,0.012386,0,0,0,,,
2026-07-13,2026-07-20,30027,Fergus County,Montana,MT,quiet,2.4e-05,2493,42,501+,0.04,0.000331,2007,35,501+,0.12,0.009371,0.031742,0,0,0,,,
2026-07-13,2026-07-20,47143,Rhea County,Tennessee,TN,quiet,2.4e-05,2494,67,501+,0.04,0.000198,2475,70,501+,0.07,0.009366,0.018536,0,0,0,,0.957,2024-25
2026-07-13,2026-07-20,05101,Newton County,Arkansas,AR,quiet,2.4e-05,2495,47,501+,0.04,0.000258,2262,40,501+,0.09,0.009361,0.02442,0,0,0,,,
2026-07-13,2026-07-20,13269,Taylor County,Georgia,GA,quiet,2.4e-05,2496,105,501+,0.04,0.000135,2761,138,501+,0.05,0.009358,0.012365,0,0,0,,,
2026-07-13,2026-07-20,05093,Mississippi County,Arkansas,AR,quiet,2.4e-05,2497,48,501+,0.04,0.000296,2131,33,501+,0.1,0.009322,0.028238,0,0,0,,,
2026-07-13,2026-07-20,29105,Laclede County,Missouri,MO,quiet,2.4e-05,2498,87,501+,0.04,0.000328,2019,70,501+,0.11,0.00932,0.031445,0,0,0,,0.909,2024-25
2026-07-13,2026-07-20,27045,Fillmore County,Minnesota,MN,quiet,2.4e-05,2499,81,501+,0.04,0.000272,2216,77,501+,0.09,0.009309,0.025813,0,0,0,,0.916,2024-25
2026-07-13,2026-07-20,28155,Webster County,Mississippi,MS,quiet,2.4e-05,2500,53,501+,0.04,0.000107,2886,63,501+,0.04,0.009292,0.009641,0,0,0,,0.9925,2024-25
2026-07-13,2026-07-20,28009,Benton County,Mississippi,MS,quiet,2.4e-05,2501,54,501+,0.04,0.000229,2366,36,501+,0.08,0.009292,0.021554,0,0,0,,0.9878,2024-25
2026-07-13,2026-07-20,48447,Throckmorton County,Texas,TX,quiet,2.4e-05,2502,239,501+,0.04,0.000139,2746,236,501+,0.05,0.009291,0.01269,0,0,0,,0.928571,2024-25
2026-07-13,2026-07-20,39009,Athens County,Ohio,OH,quiet,2.4e-05,2503,66,501+,0.04,0.000217,2403,70,501+,0.08,0.009288,0.020395,0,0,0,,0.939,2024-25
2026-07-13,2026-07-20,13237,Putnam County,Georgia,GA,quiet,2.4e-05,2504,106,501+,0.04,0.000313,2071,78,501+,0.11,0.009284,0.02993,0,0,0,,,
2026-07-13,2026-07-20,48225,Houston County,Texas,TX,quiet,2.4e-05,2505,240,501+,0.04,0.000385,1844,171,501+,0.13,0.009279,0.037102,0,0,0,,0.923858,2024-25
2026-07-13,2026-07-20,12123,Taylor County,Florida,FL,quiet,2.4e-05,2506,65,501+,0.04,0.000244,2313,65,501+,0.09,0.009266,0.023105,0,0,0,,0.971,2024-25
2026-07-13,2026-07-20,29127,Marion County,Missouri,MO,quiet,2.4e-05,2507,88,501+,0.04,0.000185,2537,93,501+,0.06,0.009248,0.017217,0,0,0,,0.942,2024-25
2026-07-13,2026-07-20,38041,Hettinger County,North Dakota,ND,quiet,2.4e-05,2508,41,501+,0.04,0.00037,1880,31,501+,0.13,0.009205,0.035633,0,0,0,,0.8974,2024-25
2026-07-13,2026-07-20,48025,Bee County,Texas,TX,quiet,2.4e-05,2509,241,501+,0.04,0.000193,2500,227,501+,0.07,0.009202,0.017985,0,0,0,,0.96732,2024-25
2026-07-13,2026-07-20,51057,Essex County,Virginia,VA,quiet,2.4e-05,2510,93,501+,0.04,0.000146,2701,94,501+,0.05,0.00919,0.013427,0,0,0,,0.87,2024-25
2026-07-13,2026-07-20,46059,Hand County,South Dakota,SD,quiet,2.4e-05,2511,61,501+,0.04,0.000451,1668,36,501+,0.16,0.009177,0.043787,0,0,0,,0.83,2024-25
2026-07-13,2026-07-20,55023,Crawford County,Wisconsin,WI,quiet,2.4e-05,2512,64,501+,0.04,0.000362,1908,55,501+,0.13,0.009176,0.034872,0,0,0,,0.77,2024-25
2026-07-13,2026-07-20,19119,Lyon County,Iowa,IA,quiet,2.4e-05,2513,72,501+,0.04,0.000204,2456,70,501+,0.07,0.009174,0.019109,0,0,0,,0.9068323,2024-25
2026-07-13,2026-07-20,05049,Fulton County,Arkansas,AR,quiet,2.4e-05,2514,49,501+,0.04,0.000217,2400,53,501+,0.08,0.009145,0.020426,0,0,0,,,
2026-07-13,2026-07-20,51005,Alleghany County,Virginia,VA,quiet,2.4e-05,2515,94,501+,0.04,0.00019,2513,86,501+,0.07,0.009133,0.017743,0,0,0,,0.878,2024-25
2026-07-13,2026-07-20,47015,Cannon County,Tennessee,TN,quiet,2.4e-05,2516,68,501+,0.04,0.000386,1842,47,501+,0.13,0.009129,0.037249,0,0,0,,0.921,2024-25
2026-07-13,2026-07-20,18061,Harrison County,Indiana,IN,quiet,2.4e-05,2517,59,501+,0.04,0.000398,1811,45,501+,0.14,0.009121,0.038449,0,0,0,,0.8588,2024-25
2026-07-13,2026-07-20,47099,Lawrence County,Tennessee,TN,quiet,2.4e-05,2518,69,501+,0.04,0.00021,2434,68,501+,0.07,0.00911,0.019642,0,0,0,,0.914,2024-25
2026-07-13,2026-07-20,31175,Valley County,Nebraska,NE,quiet,2.4e-05,2519,70,501+,0.04,0.000274,2208,60,501+,0.1,0.009105,0.026013,0,0,0,,0.896551724,2024-25
2026-07-13,2026-07-20,05017,Chicot County,Arkansas,AR,quiet,2.4e-05,2520,50,501+,0.04,0.000259,2257,39,501+,0.09,0.009076,0.02458,0,0,0,,,
2026-07-13,2026-07-20,54021,Gilmer County,West Virginia,WV,quiet,2.3e-05,2521,19,501+,0.04,0.00011,2873,31,501+,0.04,0.009066,0.009925,0,0,0,,,
2026-07-13,2026-07-20,19015,Boone County,Iowa,IA,quiet,2.3e-05,2522,73,501+,0.04,0.00019,2517,76,501+,0.07,0.009048,0.017694,0,0,0,,0.93877551,2024-25
2026-07-13,2026-07-20,20005,Atchison County,Kansas,KS,quiet,2.3e-05,2523,95,501+,0.04,0.000164,2617,98,501+,0.06,0.009033,0.015116,0,0,0,,0.9991,2024-25
2026-07-13,2026-07-20,47181,Wayne County,Tennessee,TN,quiet,2.3e-05,2524,70,501+,0.04,0.000228,2371,67,501+,0.08,0.009029,0.021468,0,0,0,,0.928,2024-25
2026-07-13,2026-07-20,21007,Ballard County,Kentucky,KY,quiet,2.3e-05,2525,45,501+,0.04,0.000234,2344,43,501+,0.08,0.009027,0.022039,0,0,0,,0.901,2024-25
2026-07-13,2026-07-20,28091,Marion County,Mississippi,MS,quiet,2.3e-05,2526,55,501+,0.04,0.000203,2461,41,501+,0.07,0.009014,0.019019,0,0,0,,0.979,2024-25
2026-07-13,2026-07-20,17175,Stark County,Illinois,IL,quiet,2.3e-05,2527,67,501+,0.04,0.00014,2739,77,501+,0.05,0.009004,0.012799,0,0,0,,0.981,2024-25
2026-07-13,2026-07-20,39127,Perry County,Ohio,OH,quiet,2.3e-05,2528,67,501+,0.04,0.000328,2018,65,501+,0.11,0.008996,0.031463,0,0,0,,0.915,2024-25
2026-07-13,2026-07-20,02188,Northwest Arctic Borough,Alaska,AK,quiet,2.3e-05,2529,26,501+,0.04,0.000138,2749,26,501+,0.05,0.008989,0.012606,0,0,0,,,
2026-07-13,2026-07-20,22049,Jackson Parish,Louisiana,LA,quiet,2.3e-05,2530,46,501+,0.04,0.000141,2733,53,501+,0.05,0.008987,0.012899,0,0,0,,0.9604,2024-25
2026-07-13,2026-07-20,21009,Barren County,Kentucky,KY,quiet,2.3e-05,2531,46,501+,0.04,0.00031,2081,32,501+,0.11,0.008961,0.029643,0,0,0,,0.932,2024-25
2026-07-13,2026-07-20,20089,Jewell County,Kansas,KS,quiet,2.3e-05,2532,96,501+,0.04,0.000241,2321,89,501+,0.08,0.008953,0.022772,0,0,0,,0.7942,2024-25
2026-07-13,2026-07-20,30037,Golden Valley County,Montana,MT,quiet,2.3e-05,2533,43,501+,0.04,0.000111,2868,47,501+,0.04,0.008947,0.010027,0,0,0,,,
2026-07-13,2026-07-20,37079,Greene County,North Carolina,NC,quiet,2.3e-05,2534,94,501+,0.04,0.000175,2575,94,501+,0.06,0.00894,0.016272,0,0,0,,0.99502488,2024-25
2026-07-13,2026-07-20,26053,Gogebic County,Michigan,MI,quiet,2.3e-05,2535,68,501+,0.04,0.000147,2699,74,501+,0.05,0.00894,0.013455,0,0,0,,0.86138614,2024-25
2026-07-13,2026-07-20,17149,Pike County,Illinois,IL,quiet,2.3e-05,2536,68,501+,0.04,0.000187,2531,66,501+,0.06,0.008921,0.017384,0,0,0,,0.924,2024-25
2026-07-13,2026-07-20,47071,Hardin County,Tennessee,TN,quiet,2.3e-05,2537,71,501+,0.04,0.000233,2346,65,501+,0.08,0.008917,0.021997,0,0,0,,0.949,2024-25
2026-07-13,2026-07-20,42047,Elk County,Pennsylvania,PA,quiet,2.3e-05,2538,61,501+,0.04,0.000276,2205,62,501+,0.1,0.008897,0.026249,0,0,0,,0.948,2024-25
2026-07-13,2026-07-20,13001,Appling County,Georgia,GA,quiet,2.3e-05,2539,107,501+,0.04,0.000269,2223,90,501+,0.09,0.008845,0.025559,0,0,0,,,
2026-07-13,2026-07-20,46105,Perkins County,South Dakota,SD,quiet,2.3e-05,2540,62,501+,0.04,0.000145,2711,58,501+,0.05,0.008844,0.013282,0,0,0,,0.96,2024-25
2026-07-13,2026-07-20,05141,Van Buren County,Arkansas,AR,quiet,2.3e-05,2541,51,501+,0.04,0.00025,2293,44,501+,0.09,0.008828,0.023647,0,0,0,,,
2026-07-13,2026-07-20,21147,McCreary County,Kentucky,KY,quiet,2.3e-05,2542,47,501+,0.04,0.000176,2572,56,501+,0.06,0.008818,0.016377,0,0,0,,0.957,2024-25
2026-07-13,2026-07-20,13253,Seminole County,Georgia,GA,quiet,2.3e-05,2543,108,501+,0.04,0.000151,2680,129,501+,0.05,0.008815,0.013915,0,0,0,,,
2026-07-13,2026-07-20,21099,Hart County,Kentucky,KY,quiet,2.3e-05,2544,48,501+,0.04,0.00016,2629,60,501+,0.06,0.00881,0.01479,0,0,0,,0.863,2024-25
2026-07-13,2026-07-20,37117,Martin County,North Carolina,NC,quiet,2.3e-05,2545,95,501+,0.04,0.000206,2446,88,501+,0.07,0.008809,0.019335,0,0,0,,0.97607656,2024-25
2026-07-13,2026-07-20,26011,Arenac County,Michigan,MI,quiet,2.3e-05,2546,69,501+,0.04,0.000196,2481,69,501+,0.07,0.008792,0.018316,0,0,0,,0.91414141,2024-25
2026-07-13,2026-07-20,05111,Poinsett County,Arkansas,AR,quiet,2.3e-05,2547,52,501+,0.04,0.000189,2523,58,501+,0.07,0.008787,0.017567,0,0,0,,,
2026-07-13,2026-07-20,51141,Patrick County,Virginia,VA,quiet,2.3e-05,2548,95,501+,0.04,0.000154,2667,92,501+,0.05,0.008781,0.014183,0,0,0,,0.952,2024-25
2026-07-13,2026-07-20,40133,Seminole County,Oklahoma,OK,quiet,2.3e-05,2549,74,501+,0.04,0.00019,2516,71,501+,0.07,0.008779,0.017709,0,0,0,,0.8199,2024-25
2026-07-13,2026-07-20,27065,Kanabec County,Minnesota,MN,quiet,2.3e-05,2550,82,501+,0.04,0.000163,2619,85,501+,0.06,0.008773,0.01509,0,0,0,,0.853,2024-25
2026-07-13,2026-07-20,05027,Columbia County,Arkansas,AR,quiet,2.3e-05,2551,53,501+,0.04,0.00017,2590,63,501+,0.06,0.008768,0.015726,0,0,0,,,
2026-07-13,2026-07-20,51590,Danville City,Virginia,VA,quiet,2.3e-05,2552,96,501+,0.04,0.000213,2416,78,501+,0.07,0.008748,0.020028,0,0,0,,0.912,2024-25
2026-07-13,2026-07-20,51670,Hopewell City,Virginia,VA,quiet,2.3e-05,2553,97,501+,0.04,9.3e-05,2947,107,501+,0.03,0.008742,0.008255,0,0,0,,0.72,2024-25
2026-07-13,2026-07-20,26095,Luce County,Michigan,MI,quiet,2.3e-05,2554,70,501+,0.04,0.000282,2178,62,501+,0.1,0.008728,0.026833,0,0,0,,0.91891892,2024-25
2026-07-13,2026-07-20,13233,Polk County,Georgia,GA,quiet,2.3e-05,2555,109,501+,0.04,0.00031,2078,80,501+,0.11,0.008714,0.029665,0,0,0,,,
2026-07-13,2026-07-20,21215,Spencer County,Kentucky,KY,quiet,2.3e-05,2556,49,501+,0.04,0.000204,2460,48,501+,0.07,0.008698,0.019048,0,0,0,,0.94017094,2024-25
2026-07-13,2026-07-20,31091,Hooker County,Nebraska,NE,quiet,2.3e-05,2557,71,501+,0.04,0.000114,2852,81,501+,0.04,0.008698,0.010336,0,0,0,,1.0,2021-22
2026-07-13,2026-07-20,47095,Lake County,Tennessee,TN,quiet,2.2e-05,2558,72,501+,0.04,0.000153,2672,82,501+,0.05,0.008672,0.01409,0,0,0,,0.922,2024-25
2026-07-13,2026-07-20,28053,Humphreys County,Mississippi,MS,quiet,2.2e-05,2559,56,501+,0.04,9e-05,2960,68,501+,0.03,0.00867,0.008008,0,0,0,,1.0,2024-25
2026-07-13,2026-07-20,19031,Cedar County,Iowa,IA,quiet,2.2e-05,2560,74,501+,0.04,0.000199,2473,73,501+,0.07,0.00866,0.018625,0,0,0,,0.92964824,2024-25
2026-07-13,2026-07-20,13243,Randolph County,Georgia,GA,quiet,2.2e-05,2561,110,501+,0.04,0.000153,2675,128,501+,0.05,0.008625,0.014038,0,0,0,,,
2026-07-13,2026-07-20,05003,Ashley County,Arkansas,AR,quiet,2.2e-05,2562,54,501+,0.04,0.000215,2406,54,501+,0.07,0.00862,0.020217,0,0,0,,,
2026-07-13,2026-07-20,08089,Otero County,Colorado,CO,quiet,2.2e-05,2563,57,501+,0.04,0.000207,2443,53,501+,0.07,0.008603,0.019375,0,0,0,,0.932,2024-25
2026-07-13,2026-07-20,13263,Talbot County,Georgia,GA,quiet,2.2e-05,2564,111,501+,0.04,7.8e-05,2997,154,501+,0.03,0.008601,0.006905,0,0,0,,,
2026-07-13,2026-07-20,08023,Costilla County,Colorado,CO,quiet,2.2e-05,2565,58,501+,0.04,0.00035,1941,48,501+,0.12,0.008596,0.03359,0,0,0,,0.9722,2024-25
2026-07-13,2026-07-20,22009,Avoyelles Parish,Louisiana,LA,quiet,2.2e-05,2566,47,501+,0.04,0.000297,2127,31,501+,0.1,0.008586,0.028298,0,0,0,,0.9515,2024-25
2026-07-13,2026-07-20,13023,Bleckley County,Georgia,GA,quiet,2.2e-05,2567,112,501+,0.04,0.000282,2177,86,501+,0.1,0.008579,0.026857,0,0,0,,,
2026-07-13,2026-07-20,12037,Franklin County,Florida,FL,quiet,2.2e-05,2568,66,501+,0.03,0.000168,2598,67,501+,0.06,0.008544,0.015584,0,0,0,,0.912,2024-25
2026-07-13,2026-07-20,26143,Roscommon County,Michigan,MI,quiet,2.2e-05,2569,71,501+,0.03,0.000127,2803,75,501+,0.04,0.008528,0.011542,0,0,0,,0.89393939,2024-25
2026-07-13,2026-07-20,22083,Richland Parish,Louisiana,LA,quiet,2.2e-05,2570,48,501+,0.03,0.000154,2664,49,501+,0.05,0.008513,0.014215,0,0,0,,0.8865,2024-25
2026-07-13,2026-07-20,51580,Covington City,Virginia,VA,quiet,2.2e-05,2571,98,501+,0.03,0.00013,2797,99,501+,0.05,0.008505,0.01182,0,0,0,,0.987,2024-25
2026-07-13,2026-07-20,46021,Campbell County,South Dakota,SD,quiet,2.2e-05,2572,63,501+,0.03,0.000116,2846,60,501+,0.04,0.008495,0.010522,0,0,0,,0.93,2024-25
2026-07-13,2026-07-20,48271,Kinney County,Texas,TX,quiet,2.2e-05,2573,242,501+,0.03,8.1e-05,2989,246,501+,0.03,0.008473,0.007161,0,0,0,,0.90625,2024-25
2026-07-13,2026-07-20,27055,Houston County,Minnesota,MN,quiet,2.2e-05,2574,83,501+,0.03,0.000176,2573,83,501+,0.06,0.008466,0.016375,0,0,0,,0.77,2024-25
2026-07-13,2026-07-20,55095,Polk County,Wisconsin,WI,quiet,2.2e-05,2575,65,501+,0.03,0.000435,1708,50,501+,0.15,0.008458,0.042165,0,0,0,,0.84,2024-25
2026-07-13,2026-07-20,05019,Clark County,Arkansas,AR,quiet,2.2e-05,2576,55,501+,0.03,0.00016,2630,66,501+,0.06,0.008446,0.014753,0,0,0,,,
2026-07-13,2026-07-20,51089,Henry County,Virginia,VA,quiet,2.2e-05,2577,99,501+,0.03,0.00017,2593,90,501+,0.06,0.008423,0.015714,0,0,0,,0.918,2024-25
2026-07-13,2026-07-20,13071,Colquitt County,Georgia,GA,quiet,2.2e-05,2578,113,501+,0.03,0.00029,2153,83,501+,0.1,0.008421,0.027681,0,0,0,,,
2026-07-13,2026-07-20,47045,Dyer County,Tennessee,TN,quiet,2.2e-05,2579,73,501+,0.03,0.00026,2253,63,501+,0.09,0.008409,0.024676,0,0,0,,0.968,2024-25
2026-07-13,2026-07-20,21229,Washington County,Kentucky,KY,quiet,2.2e-05,2580,50,501+,0.03,0.000181,2554,54,501+,0.06,0.008391,0.016778,0,0,0,,0.993,2024-25
2026-07-13,2026-07-20,18021,Clay County,Indiana,IN,quiet,2.2e-05,2581,60,501+,0.03,0.00018,2557,63,501+,0.06,0.008385,0.016681,0,0,0,,0.9317,2024-25
2026-07-13,2026-07-20,26135,Oscoda County,Michigan,MI,quiet,2.2e-05,2582,72,501+,0.03,0.000373,1875,59,501+,0.13,0.008384,0.035973,0,0,0,,0.7761194,2024-25
2026-07-13,2026-07-20,51159,Richmond County,Virginia,VA,quiet,2.2e-05,2583,100,501+,0.03,0.000125,2809,100,501+,0.04,0.008362,0.011307,0,0,0,,0.908,2024-25
2026-07-13,2026-07-20,21051,Clay County,Kentucky,KY,quiet,2.2e-05,2584,51,501+,0.03,0.000171,2585,59,501+,0.06,0.008355,0.015834,0,0,0,,0.904,2024-25
2026-07-13,2026-07-20,39115,Morgan County,Ohio,OH,quiet,2.2e-05,2585,68,501+,0.03,0.000374,1871,63,501+,0.13,0.008351,0.036076,0,0,0,,0.971,2024-25
2026-07-13,2026-07-20,36003,Allegany County,New York,NY,quiet,2.2e-05,2586,58,501+,0.03,0.000306,2093,56,501+,0.11,0.008339,0.02921,0,0,0,,0.995199499,2024-25
2026-07-13,2026-07-20,38103,Wells County,North Dakota,ND,quiet,2.2e-05,2587,42,501+,0.03,0.000251,2289,38,501+,0.09,0.00833,0.023768,0,0,0,,0.7826,2024-25
2026-07-13,2026-07-20,46071,Jackson County,South Dakota,SD,quiet,2.1e-05,2588,64,501+,0.03,0.000113,2859,62,501+,0.04,0.008304,0.010168,0,0,0,,1.0,2024-25
2026-07-13,2026-07-20,01107,Pickens County,Alabama,AL,quiet,2.1e-05,2589,59,501+,0.03,0.000102,2916,63,501+,0.04,0.008284,0.009177,0,0,0,,0.9426,2024-25
2026-07-13,2026-07-20,28137,Tate County,Mississippi,MS,quiet,2.1e-05,2590,57,501+,0.03,0.000149,2686,54,501+,0.05,0.008276,0.013726,0,0,0,,0.9598,2024-25
2026-07-13,2026-07-20,51730,Petersburg City,Virginia,VA,quiet,2.1e-05,2591,101,501+,0.03,0.000192,2504,84,501+,0.07,0.008274,0.017926,0,0,0,,0.877,2024-25
2026-07-13,2026-07-20,08011,Bent County,Colorado,CO,quiet,2.1e-05,2592,59,501+,0.03,0.000139,2745,57,501+,0.05,0.008268,0.012693,0,0,0,,0.9565,2024-25
2026-07-13,2026-07-20,29033,Carroll County,Missouri,MO,quiet,2.1e-05,2593,89,501+,0.03,0.000109,2878,111,501+,0.04,0.008252,0.009788,0,0,0,,0.946,2024-25
2026-07-13,2026-07-20,05135,Sharp County,Arkansas,AR,quiet,2.1e-05,2594,56,501+,0.03,0.00028,2189,35,501+,0.1,0.00825,0.026603,0,0,0,,,
2026-07-13,2026-07-20,46125,Turner County,South Dakota,SD,quiet,2.1e-05,2595,65,501+,0.03,0.000113,2857,61,501+,0.04,0.008213,0.010238,0,0,0,,0.86,2024-25
2026-07-13,2026-07-20,51063,Floyd County,Virginia,VA,quiet,2.1e-05,2596,102,501+,0.03,0.000189,2521,87,501+,0.07,0.00821,0.017602,0,0,0,,0.873,2024-25
2026-07-13,2026-07-20,40115,Ottawa County,Oklahoma,OK,quiet,2.1e-05,2597,75,501+,0.03,0.000163,2622,74,501+,0.06,0.008192,0.015068,0,0,0,,0.8612,2024-25
2026-07-13,2026-07-20,13027,Brooks County,Georgia,GA,quiet,2.1e-05,2598,114,501+,0.03,0.000162,2623,124,501+,0.06,0.008187,0.014988,0,0,0,,,
2026-07-13,2026-07-20,47005,Benton County,Tennessee,TN,quiet,2.1e-05,2599,74,501+,0.03,0.000164,2613,79,501+,0.06,0.008186,0.015144,0,0,0,,0.946,2024-25
2026-07-13,2026-07-20,05079,Lincoln County,Arkansas,AR,quiet,2.1e-05,2600,57,501+,0.03,0.000147,2698,69,501+,0.05,0.008186,0.013459,0,0,0,,,
2026-07-13,2026-07-20,47013,Campbell County,Tennessee,TN,quiet,2.1e-05,2601,75,501+,0.03,0.000177,2568,73,501+,0.06,0.008179,0.016441,0,0,0,,0.968,2024-25
2026-07-13,2026-07-20,13035,Butts County,Georgia,GA,quiet,2.1e-05,2602,115,501+,0.03,0.000325,2027,74,501+,0.11,0.00816,0.031166,0,0,0,,,
2026-07-13,2026-07-20,28105,Oktibbeha County,Mississippi,MS,quiet,2.1e-05,2603,58,501+,0.03,0.000174,2578,47,501+,0.06,0.008151,0.016151,0,0,0,,0.9934,2024-25
2026-07-13,2026-07-20,05123,St. Francis County,Arkansas,AR,quiet,2.1e-05,2604,58,501+,0.03,0.00019,2514,57,501+,0.07,0.00815,0.017735,0,0,0,,,
2026-07-13,2026-07-20,13291,Union County,Georgia,GA,quiet,2.1e-05,2605,116,501+,0.03,0.00012,2829,142,501+,0.04,0.008147,0.010878,0,0,0,,,
2026-07-13,2026-07-20,54007,Braxton County,West Virginia,WV,quiet,2.1e-05,2606,20,501+,0.03,0.000231,2355,21,501+,0.08,0.008141,0.021806,0,0,0,,,
2026-07-13,2026-07-20,47017,Carroll County,Tennessee,TN,quiet,2.1e-05,2607,76,501+,0.03,0.000171,2586,75,501+,0.06,0.008118,0.015805,0,0,0,,0.923,2024-25
2026-07-13,2026-07-20,01123,Tallapoosa County,Alabama,AL,quiet,2.1e-05,2608,60,501+,0.03,0.000234,2343,46,501+,0.08,0.008099,0.022041,0,0,0,,0.9727,2024-25
2026-07-13,2026-07-20,48269,King County,Texas,TX,quiet,2.1e-05,2609,243,501+,0.03,6.3e-05,3058,249,501+,0.02,0.00809,0.005427,0,0,0,,1.0,2024-25
2026-07-13,2026-07-20,19135,Monroe County,Iowa,IA,quiet,2.1e-05,2610,75,501+,0.03,0.000209,2435,67,501+,0.07,0.008044,0.019618,0,0,0,,0.87209302,2024-25
2026-07-13,2026-07-20,54047,McDowell County,West Virginia,WV,quiet,2.1e-05,2611,21,501+,0.03,0.000105,2893,33,501+,0.04,0.008028,0.009465,0,0,0,,,
2026-07-13,2026-07-20,13009,Baldwin County,Georgia,GA,quiet,2.1e-05,2612,117,501+,0.03,0.000213,2417,106,501+,0.07,0.008027,0.019995,0,0,0,,,
2026-07-13,2026-07-20,21191,Pendleton County,Kentucky,KY,quiet,2.1e-05,2613,52,501+,0.03,0.000131,2792,75,501+,0.05,0.008017,0.011906,0,0,0,,0.956,2024-25
2026-07-13,2026-07-20,19007,Appanoose County,Iowa,IA,quiet,2.1e-05,2614,76,501+,0.03,0.000334,2001,41,501+,0.12,0.008015,0.031998,0,0,0,,0.83333333,2024-25
2026-07-13,2026-07-20,47097,Lauderdale County,Tennessee,TN,quiet,2.1e-05,2615,77,501+,0.03,8.7e-05,2969,90,501+,0.03,0.008009,0.007732,0,0,0,,0.988,2022-23
2026-07-13,2026-07-20,20143,Ottawa County,Kansas,KS,quiet,2.1e-05,2616,97,501+,0.03,0.000186,2533,95,501+,0.06,0.008004,0.017338,0,0,0,,0.9183,2024-25
2026-07-13,2026-07-20,38065,Oliver County,North Dakota,ND,quiet,2.1e-05,2617,43,501+,0.03,0.000156,2654,48,501+,0.05,0.008002,0.014367,0,0,0,,0.9286,2024-25
2026-07-13,2026-07-20,05121,Randolph County,Arkansas,AR,quiet,2.1e-05,2618,59,501+,0.03,0.000234,2342,51,501+,0.08,0.007989,0.022108,0,0,0,,,
2026-07-13,2026-07-20,18147,Spencer County,Indiana,IN,quiet,2.1e-05,2619,61,501+,0.03,0.000167,2604,64,501+,0.06,0.007984,0.015496,0,0,0,,0.9074,2024-25
2026-07-13,2026-07-20,18033,DeKalb County,Indiana,IN,quiet,2e-05,2620,62,501+,0.03,0.000239,2331,59,501+,0.08,0.007948,0.022533,0,0,0,,0.9181,2024-25
2026-07-13,2026-07-20,18131,Pulaski County,Indiana,IN,quiet,2e-05,2621,63,501+,0.03,0.000241,2320,58,501+,0.08,0.007938,0.022805,0,0,0,,0.8889,2024-25
2026-07-13,2026-07-20,22117,Washington Parish,Louisiana,LA,quiet,2e-05,2622,49,501+,0.03,0.000197,2476,40,501+,0.07,0.007937,0.018439,0,0,0,,0.9402,2024-25
2026-07-13,2026-07-20,39167,Washington County,Ohio,OH,quiet,2e-05,2623,69,501+,0.03,0.000243,2316,68,501+,0.08,0.007923,0.023003,0,0,0,,0.933,2024-25
2026-07-13,2026-07-20,18007,Benton County,Indiana,IN,quiet,2e-05,2624,64,501+,0.03,0.000126,2805,76,501+,0.04,0.007908,0.011449,0,0,0,,0.9906,2024-25
2026-07-13,2026-07-20,20087,Jefferson County,Kansas,KS,quiet,2e-05,2625,98,501+,0.03,0.000266,2235,85,501+,0.09,0.007906,0.025199,0,0,0,,0.9465,2024-25
2026-07-13,2026-07-20,01087,Macon County,Alabama,AL,quiet,2e-05,2626,61,501+,0.03,0.000295,2136,37,501+,0.1,0.007899,0.028129,0,0,0,,0.9394,2024-25
2026-07-13,2026-07-20,22035,East Carroll Parish,Louisiana,LA,quiet,2e-05,2627,50,501+,0.03,0.000123,2817,57,501+,0.04,0.007897,0.011121,0,0,0,,,
2026-07-13,2026-07-20,13099,Early County,Georgia,GA,quiet,2e-05,2628,118,501+,0.03,0.000188,2525,116,501+,0.07,0.007883,0.017524,0,0,0,,,
2026-07-13,2026-07-20,37091,Hertford County,North Carolina,NC,quiet,2e-05,2629,96,501+,0.03,0.000187,2530,93,501+,0.07,0.007875,0.017429,0,0,0,,0.97530864,2024-25
2026-07-13,2026-07-20,19017,Bremer County,Iowa,IA,quiet,2e-05,2630,77,501+,0.03,0.000258,2261,61,501+,0.09,0.007843,0.024456,0,0,0,,0.88202247,2024-25
2026-07-13,2026-07-20,29045,Clark County,Missouri,MO,quiet,2e-05,2631,90,501+,0.03,0.000168,2597,97,501+,0.06,0.007827,0.015587,0,0,0,,0.96,2024-25
2026-07-13,2026-07-20,13227,Pickens County,Georgia,GA,quiet,2e-05,2632,119,501+,0.03,0.000348,1948,68,501+,0.12,0.007821,0.033466,0,0,0,,,
2026-07-13,2026-07-20,48419,Shelby County,Texas,TX,quiet,2e-05,2633,244,501+,0.03,0.000191,2511,228,501+,0.07,0.007809,0.017787,0,0,0,,0.938053,2024-25
2026-07-13,2026-07-20,20033,Comanche County,Kansas,KS,quiet,2e-05,2634,99,501+,0.03,7.9e-05,2994,104,501+,0.03,0.007805,0.00697,0,0,0,,0.9444,2024-25
2026-07-13,2026-07-20,05103,Ouachita County,Arkansas,AR,quiet,2e-05,2635,60,501+,0.03,0.000144,2715,70,501+,0.05,0.007803,0.01321,0,0,0,,,
2026-07-13,2026-07-20,01119,Sumter County,Alabama,AL,quiet,2e-05,2636,62,501+,0.03,0.000168,2602,57,501+,0.06,0.007801,0.015535,0,0,0,,1.0,2024-25
2026-07-13,2026-07-20,45067,Marion County,South Carolina,SC,quiet,2e-05,2637,45,501+,0.03,0.000104,2903,45,501+,0.04,0.007785,0.009311,0,0,0,,0.986,2024-25
2026-07-13,2026-07-20,17131,Mercer County,Illinois,IL,quiet,2e-05,2638,69,501+,0.03,0.00012,2827,84,501+,0.04,0.00778,0.010908,0,0,0,,0.971,2024-25
2026-07-13,2026-07-20,31163,Sherman County,Nebraska,NE,quiet,2e-05,2639,72,501+,0.03,0.000195,2487,67,501+,0.07,0.007761,0.018235,0,0,0,,0.923076923,2024-25
2026-07-13,2026-07-20,28139,Tippah County,Mississippi,MS,quiet,2e-05,2640,59,501+,0.03,0.000178,2563,46,501+,0.06,0.007752,0.016524,0,0,0,,0.993,2024-25
2026-07-13,2026-07-20,13283,Treutlen County,Georgia,GA,quiet,2e-05,2641,120,501+,0.03,0.000127,2804,141,501+,0.04,0.007747,0.011519,0,0,0,,,
2026-07-13,2026-07-20,26035,Clare County,Michigan,MI,quiet,2e-05,2642,73,501+,0.03,0.000229,2367,68,501+,0.08,0.007743,0.021522,0,0,0,,0.89666667,2024-25
2026-07-13,2026-07-20,17165,Saline County,Illinois,IL,quiet,2e-05,2643,70,501+,0.03,0.000323,2034,51,501+,0.11,0.00774,0.030944,0,0,0,,0.97,2024-25
2026-07-13,2026-07-20,05071,Johnson County,Arkansas,AR,quiet,2e-05,2644,61,501+,0.03,0.000155,2662,68,501+,0.05,0.007732,0.014279,0,0,0,,,
2026-07-13,2026-07-20,21161,Mason County,Kentucky,KY,quiet,2e-05,2645,53,501+,0.03,0.000136,2758,70,501+,0.05,0.007702,0.012427,0,0,0,,0.865,2024-25
2026-07-13,2026-07-20,27077,Lake of the Woods County,Minnesota,MN,quiet,2e-05,2646,84,501+,0.03,0.000196,2482,82,501+,0.07,0.007698,0.018301,0,0,0,,0.914,2024-25
2026-07-13,2026-07-20,18093,Lawrence County,Indiana,IN,quiet,2e-05,2647,65,501+,0.03,0.000227,2374,61,501+,0.08,0.007691,0.021341,0,0,0,,0.9104,2024-25
2026-07-13,2026-07-20,17049,Effingham County,Illinois,IL,quiet,2e-05,2648,71,501+,0.03,0.000141,2736,76,501+,0.05,0.007688,0.012873,0,0,0,,0.965,2024-25
2026-07-13,2026-07-20,40039,Custer County,Oklahoma,OK,quiet,2e-05,2649,76,501+,0.03,0.000184,2539,73,501+,0.06,0.007673,0.01714,0,0,0,,0.9008,2024-25
2026-07-13,2026-07-20,37189,Watauga County,North Carolina,NC,quiet,2e-05,2650,97,501+,0.03,0.000251,2291,85,501+,0.09,0.007667,0.02374,0,0,0,,0.89634146,2024-25
2026-07-13,2026-07-20,29111,Lewis County,Missouri,MO,quiet,2e-05,2651,91,501+,0.03,0.000226,2381,84,501+,0.08,0.007663,0.021258,0,0,0,,0.875,2024-25
2026-07-13,2026-07-20,28013,Calhoun County,Mississippi,MS,quiet,2e-05,2652,60,501+,0.03,0.000133,2778,58,501+,0.05,0.007637,0.012177,0,0,0,,0.9879,2024-25
2026-07-13,2026-07-20,02070,Dillingham Census Area,Alaska,AK,quiet,2e-05,2653,27,501+,0.03,0.000127,2802,27,501+,0.04,0.007624,0.011594,0,0,0,,,
2026-07-13,2026-07-20,21233,Webster County,Kentucky,KY,quiet,2e-05,2654,54,501+,0.03,0.000177,2570,55,501+,0.06,0.00762,0.0164,0,0,0,,0.934,2024-25
2026-07-13,2026-07-20,13303,Washington County,Georgia,GA,quiet,2e-05,2655,121,501+,0.03,0.000162,2625,125,501+,0.06,0.00762,0.01494,0,0,0,,,
2026-07-13,2026-07-20,01085,Lowndes County,Alabama,AL,quiet,2e-05,2656,63,501+,0.03,0.000143,2722,59,501+,0.05,0.007615,0.013127,0,0,0,,0.9099,2024-25
2026-07-13,2026-07-20,21085,Grayson County,Kentucky,KY,quiet,2e-05,2657,55,501+,0.03,0.00011,2874,83,501+,0.04,0.007611,0.009921,0,0,0,,0.968,2024-25
2026-07-13,2026-07-20,39011,Auglaize County,Ohio,OH,quiet,2e-05,2658,70,501+,0.03,0.000409,1783,61,501+,0.14,0.007606,0.039555,0,0,0,,0.835,2024-25
2026-07-13,2026-07-20,47069,Hardeman County,Tennessee,TN,quiet,2e-05,2659,78,501+,0.03,6.7e-05,3043,94,501+,0.02,0.007598,0.005856,0,0,0,,0.991,2024-25
2026-07-13,2026-07-20,21087,Green County,Kentucky,KY,quiet,2e-05,2660,56,501+,0.03,9.7e-05,2935,88,501+,0.03,0.007593,0.008641,0,0,0,,0.962,2024-25
2026-07-13,2026-07-20,19137,Montgomery County,Iowa,IA,quiet,2e-05,2661,78,501+,0.03,0.000181,2550,78,501+,0.06,0.007592,0.016799,0,0,0,,0.94047619,2024-25
2026-07-13,2026-07-20,13189,McDuffie County,Georgia,GA,quiet,2e-05,2662,122,501+,0.03,0.000108,2879,146,501+,0.04,0.007591,0.009738,0,0,0,,,
2026-07-13,2026-07-20,29131,Miller County,Missouri,MO,quiet,1.9e-05,2663,92,501+,0.03,0.000245,2310,80,501+,0.09,0.007572,0.023182,0,0,0,,0.898,2024-25
2026-07-13,2026-07-20,51115,Mathews County,Virginia,VA,quiet,1.9e-05,2664,103,501+,0.03,0.000103,2912,105,501+,0.04,0.007539,0.009209,0,0,0,,0.978,2024-25
2026-07-13,2026-07-20,19019,Buchanan County,Iowa,IA,quiet,1.9e-05,2665,79,501+,0.03,0.000201,2468,71,501+,0.07,0.007533,0.018767,0,0,0,,0.82592593,2024-25
2026-07-13,2026-07-20,54025,Greenbrier County,West Virginia,WV,quiet,1.9e-05,2666,22,501+,0.03,0.000182,2544,24,501+,0.06,0.007533,0.016926,0,0,0,,,
2026-07-13,2026-07-20,29059,Dallas County,Missouri,MO,quiet,1.9e-05,2667,93,501+,0.03,0.000231,2359,82,501+,0.08,0.007529,0.021742,0,0,0,,0.844,2024-25
2026-07-13,2026-07-20,21079,Garrard County,Kentucky,KY,quiet,1.9e-05,2668,57,501+,0.03,0.000233,2347,44,501+,0.08,0.007527,0.021985,0,0,0,,0.852,2024-25
2026-07-13,2026-07-20,28069,Kemper County,Mississippi,MS,quiet,1.9e-05,2669,61,501+,0.03,0.000123,2815,60,501+,0.04,0.007522,0.011131,0,0,0,,0.987,2024-25
2026-07-13,2026-07-20,38031,Foster County,North Dakota,ND,quiet,1.9e-05,2670,44,501+,0.03,0.000205,2449,40,501+,0.07,0.007521,0.019229,0,0,0,,0.9216,2024-25
2026-07-13,2026-07-20,22053,Jefferson Davis Parish,Louisiana,LA,quiet,1.9e-05,2671,51,501+,0.03,0.000156,2657,48,501+,0.05,0.007517,0.014344,0,0,0,,0.9211,2024-25
2026-07-13,2026-07-20,13199,Meriwether County,Georgia,GA,quiet,1.9e-05,2672,123,501+,0.03,0.000147,2694,130,501+,0.05,0.007516,0.013522,0,0,0,,,
2026-07-13,2026-07-20,54009,Brooke County,West Virginia,WV,quiet,1.9e-05,2673,23,501+,0.03,0.000261,2251,19,501+,0.09,0.007514,0.024732,0,0,0,,,
2026-07-13,2026-07-20,47153,Sequatchie County,Tennessee,TN,quiet,1.9e-05,2674,79,501+,0.03,0.000315,2058,58,501+,0.11,0.00751,0.030186,0,0,0,,0.979,2024-25
2026-07-13,2026-07-20,31103,Keya Paha County,Nebraska,NE,quiet,1.9e-05,2675,73,501+,0.03,0.000135,2769,78,501+,0.05,0.007509,0.012286,0,0,0,,0.75,2024-25
2026-07-13,2026-07-20,05047,Franklin County,Arkansas,AR,quiet,1.9e-05,2676,62,501+,0.03,0.000164,2612,64,501+,0.06,0.007493,0.015163,0,0,0,,,
2026-07-13,2026-07-20,22111,Union Parish,Louisiana,LA,quiet,1.9e-05,2677,52,501+,0.03,0.000142,2725,52,501+,0.05,0.007491,0.013046,0,0,0,,0.8772,2024-25
2026-07-13,2026-07-20,29125,Maries County,Missouri,MO,quiet,1.9e-05,2678,94,501+,0.03,0.000247,2305,79,501+,0.09,0.007487,0.023383,0,0,0,,0.899,2024-25
2026-07-13,2026-07-20,05137,Stone County,Arkansas,AR,quiet,1.9e-05,2679,63,501+,0.03,0.000244,2315,47,501+,0.08,0.007486,0.02301,0,0,0,,,
2026-07-13,2026-07-20,12077,Liberty County,Florida,FL,quiet,1.9e-05,2680,67,501+,0.03,0.000277,2201,63,501+,0.1,0.007478,0.026371,0,0,0,,0.936,2024-25
2026-07-13,2026-07-20,29083,Henry County,Missouri,MO,quiet,1.9e-05,2681,95,501+,0.03,0.00031,2077,73,501+,0.11,0.007475,0.029673,0,0,0,,0.912,2024-25
2026-07-13,2026-07-20,01035,Conecuh County,Alabama,AL,quiet,1.9e-05,2682,64,501+,0.03,0.000142,2728,60,501+,0.05,0.007468,0.013017,0,0,0,,0.9302,2024-25
2026-07-13,2026-07-20,20203,Wichita County,Kansas,KS,quiet,1.9e-05,2683,100,501+,0.03,9.1e-05,2956,103,501+,0.03,0.007461,0.008099,0,0,0,,1.0,2024-25
2026-07-13,2026-07-20,02230,Skagway Municipality,Alaska,AK,quiet,1.9e-05,2684,28,501+,0.03,0.000115,2851,28,501+,0.04,0.00746,0.010367,0,0,0,,,
2026-07-13,2026-07-20,13081,Crisp County,Georgia,GA,quiet,1.9e-05,2685,124,501+,0.03,0.000112,2861,145,501+,0.04,0.007456,0.010132,0,0,0,,,
2026-07-13,2026-07-20,47109,McNairy County,Tennessee,TN,quiet,1.9e-05,2686,80,501+,0.03,0.000156,2656,80,501+,0.05,0.007432,0.014349,0,0,0,,0.925,2024-25
2026-07-13,2026-07-20,51077,Grayson County,Virginia,VA,quiet,1.9e-05,2687,104,501+,0.03,6.9e-05,3035,116,501+,0.02,0.007431,0.006008,0,0,0,,0.959,2024-25
2026-07-13,2026-07-20,47175,Van Buren County,Tennessee,TN,quiet,1.9e-05,2688,81,501+,0.03,0.000132,2784,83,501+,0.05,0.00743,0.01208,0,0,0,,0.943,2024-25
2026-07-13,2026-07-20,21123,Larue County,Kentucky,KY,quiet,1.9e-05,2689,58,501+,0.03,0.000143,2723,65,501+,0.05,0.007409,0.013081,0,0,0,,0.93,2024-25
2026-07-13,2026-07-20,28077,Lawrence County,Mississippi,MS,quiet,1.9e-05,2690,62,501+,0.03,0.000156,2660,53,501+,0.05,0.007391,0.014324,0,0,0,,0.9841,2024-25
2026-07-13,2026-07-20,47091,Johnson County,Tennessee,TN,quiet,1.9e-05,2691,82,501+,0.03,0.000169,2594,76,501+,0.06,0.00738,0.015688,0,0,0,,0.884,2024-25
2026-07-13,2026-07-20,13171,Lamar County,Georgia,GA,quiet,1.9e-05,2692,125,501+,0.03,0.000163,2621,123,501+,0.06,0.007377,0.015077,0,0,0,,,
2026-07-13,2026-07-20,13109,Evans County,Georgia,GA,quiet,1.9e-05,2693,126,501+,0.03,0.000138,2747,136,501+,0.05,0.007361,0.012637,0,0,0,,,
2026-07-13,2026-07-20,20179,Sheridan County,Kansas,KS,quiet,1.9e-05,2694,101,501+,0.03,0.000217,2402,92,501+,0.08,0.007335,0.020398,0,0,0,,0.8597,2024-25
2026-07-13,2026-07-20,17079,Jasper County,Illinois,IL,quiet,1.9e-05,2695,72,501+,0.03,0.000149,2687,73,501+,0.05,0.007334,0.01371,0,0,0,,0.967,2024-25
2026-07-13,2026-07-20,37009,Ashe County,North Carolina,NC,quiet,1.9e-05,2696,98,501+,0.03,0.000369,1884,76,501+,0.13,0.007328,0.035588,0,0,0,,0.97122302,2024-25
2026-07-13,2026-07-20,13175,Laurens County,Georgia,GA,quiet,1.9e-05,2697,127,501+,0.03,0.000143,2720,134,501+,0.05,0.007318,0.013133,0,0,0,,,
2026-07-13,2026-07-20,21189,Owsley County,Kentucky,KY,quiet,1.9e-05,2698,59,501+,0.03,0.000189,2520,53,501+,0.07,0.007317,0.017627,0,0,0,,0.869,2024-25
2026-07-13,2026-07-20,02164,Lake and Peninsula Borough,Alaska,AK,quiet,1.9e-05,2699,29,501+,0.03,0.000138,2748,25,501+,0.05,0.007298,0.012624,0,0,0,,,
2026-07-13,2026-07-20,13279,Toombs County,Georgia,GA,quiet,1.9e-05,2700,128,501+,0.03,0.000115,2849,143,501+,0.04,0.007285,0.010392,0,0,0,,,
2026-07-13,2026-07-20,21083,Graves County,Kentucky,KY,quiet,1.9e-05,2701,60,501+,0.03,0.000213,2420,46,501+,0.07,0.007277,0.019935,0,0,0,,0.914,2024-25
2026-07-13,2026-07-20,39087,Lawrence County,Ohio,OH,quiet,1.9e-05,2702,71,501+,0.03,0.000149,2688,76,501+,0.05,0.007275,0.013674,0,0,0,,0.96,2024-25
2026-07-13,2026-07-20,08111,San Juan County,Colorado,CO,quiet,1.9e-05,2703,60,501+,0.03,9.3e-05,2945,61,501+,0.03,0.007262,0.00829,0,0,0,,0.8333,2024-25
2026-07-13,2026-07-20,29129,Mercer County,Missouri,MO,quiet,1.9e-05,2704,96,501+,0.03,0.000158,2637,99,501+,0.06,0.007249,0.014607,0,0,0,,1.0,2024-25
2026-07-13,2026-07-20,29141,Morgan County,Missouri,MO,quiet,1.9e-05,2705,97,501+,0.03,0.000226,2382,85,501+,0.08,0.007246,0.021227,0,0,0,,0.856,2024-25
2026-07-13,2026-07-20,29079,Grundy County,Missouri,MO,quiet,1.9e-05,2706,98,501+,0.03,0.000195,2488,90,501+,0.07,0.007227,0.018221,0,0,0,,0.91,2024-25
2026-07-13,2026-07-20,17013,Calhoun County,Illinois,IL,quiet,1.9e-05,2707,73,501+,0.03,0.000141,2734,75,501+,0.05,0.007216,0.01289,0,0,0,,0.982,2024-25
2026-07-13,2026-07-20,01019,Cherokee County,Alabama,AL,quiet,1.9e-05,2708,65,501+,0.03,0.000273,2214,41,501+,0.09,0.007212,0.025901,0,0,0,,0.9479,2024-25
2026-07-13,2026-07-20,19097,Jackson County,Iowa,IA,quiet,1.8e-05,2709,80,501+,0.03,0.000139,2743,90,501+,0.05,0.007201,0.01272,0,0,0,,0.87804878,2024-25
2026-07-13,2026-07-20,28119,Quitman County,Mississippi,MS,quiet,1.8e-05,2710,63,501+,0.03,8.8e-05,2967,69,501+,0.03,0.007192,0.007826,0,0,0,,1.0,2024-25
2026-07-13,2026-07-20,18125,Pike County,Indiana,IN,quiet,1.8e-05,2711,66,501+,0.03,0.000152,2677,69,501+,0.05,0.007191,0.013983,0,0,0,,0.9624,2024-25
2026-07-13,2026-07-20,13275,Thomas County,Georgia,GA,quiet,1.8e-05,2712,129,501+,0.03,0.000187,2529,117,501+,0.07,0.007169,0.017442,0,0,0,,,
2026-07-13,2026-07-20,48243,Jeff Davis County,Texas,TX,quiet,1.8e-05,2713,245,501+,0.03,0.00011,2876,241,501+,0.04,0.007163,0.00988,0,0,0,,0.875,2024-25
2026-07-13,2026-07-20,05149,Yell County,Arkansas,AR,quiet,1.8e-05,2714,64,501+,0.03,0.000164,2616,65,501+,0.06,0.007155,0.015117,0,0,0,,,
2026-07-13,2026-07-20,51830,Williamsburg City,Virginia,VA,quiet,1.8e-05,2715,105,501+,0.03,8.7e-05,2970,110,501+,0.03,0.00715,0.007701,0,0,0,,0.892,2024-25
2026-07-13,2026-07-20,13265,Taliaferro County,Georgia,GA,quiet,1.8e-05,2716,130,501+,0.03,5.5e-05,3087,159,501+,0.02,0.007128,0.004696,0,0,0,,,
2026-07-13,2026-07-20,19089,Howard County,Iowa,IA,quiet,1.8e-05,2717,81,501+,0.03,0.000122,2820,93,501+,0.04,0.007105,0.01106,0,0,0,,0.90853659,2024-25
2026-07-13,2026-07-20,21057,Cumberland County,Kentucky,KY,quiet,1.8e-05,2718,61,501+,0.03,0.000191,2507,50,501+,0.07,0.007099,0.017817,0,0,0,,0.865,2024-25
2026-07-13,2026-07-20,05057,Hempstead County,Arkansas,AR,quiet,1.8e-05,2719,65,501+,0.03,0.000158,2636,67,501+,0.06,0.007096,0.014608,0,0,0,,,
2026-07-13,2026-07-20,19093,Ida County,Iowa,IA,quiet,1.8e-05,2720,82,501+,0.03,0.000133,2782,91,501+,0.05,0.007075,0.012136,0,0,0,,0.88405797,2024-25
2026-07-13,2026-07-20,18169,Wabash County,Indiana,IN,quiet,1.8e-05,2721,67,501+,0.03,0.000143,2724,74,501+,0.05,0.007058,0.013073,0,0,0,,0.8921,2024-25
2026-07-13,2026-07-20,28125,Sharkey County,Mississippi,MS,quiet,1.8e-05,2722,64,501+,0.03,9.5e-05,2937,66,501+,0.03,0.007045,0.008511,0,0,0,,1.0,2024-25
2026-07-13,2026-07-20,17153,Pulaski County,Illinois,IL,quiet,1.8e-05,2723,74,501+,0.03,0.000117,2843,85,501+,0.04,0.007041,0.010624,0,0,0,,0.854,2024-25
2026-07-13,2026-07-20,54067,Nicholas County,West Virginia,WV,quiet,1.8e-05,2724,24,501+,0.03,0.000163,2618,25,501+,0.06,0.007025,0.0151,0,0,0,,,
2026-07-13,2026-07-20,13043,Candler County,Georgia,GA,quiet,1.8e-05,2725,131,501+,0.03,0.000146,2700,131,501+,0.05,0.006984,0.013435,0,0,0,,,
2026-07-13,2026-07-20,51530,Buena Vista City,Virginia,VA,quiet,1.8e-05,2726,106,501+,0.03,0.000111,2870,102,501+,0.04,0.006982,0.009976,0,0,0,,0.929,2024-25
2026-07-13,2026-07-20,17185,Wabash County,Illinois,IL,quiet,1.8e-05,2727,75,501+,0.03,0.000177,2571,68,501+,0.06,0.006975,0.016395,0,0,0,,0.985,2024-25
2026-07-13,2026-07-20,47073,Hawkins County,Tennessee,TN,quiet,1.8e-05,2728,83,501+,0.03,0.000168,2603,78,501+,0.06,0.006937,0.015525,0,0,0,,0.956,2024-25
2026-07-13,2026-07-20,22003,Allen Parish,Louisiana,LA,quiet,1.8e-05,2729,53,501+,0.03,0.000112,2864,59,501+,0.04,0.006934,0.010075,0,0,0,,0.9346,2024-25
2026-07-13,2026-07-20,35037,Quay County,New Mexico,NM,quiet,1.8e-05,2730,30,501+,0.03,0.000104,2906,31,501+,0.04,0.006905,0.009293,0,0,0,,0.9362,2024-25
2026-07-13,2026-07-20,22029,Concordia Parish,Louisiana,LA,quiet,1.8e-05,2731,54,501+,0.03,0.000106,2889,61,501+,0.04,0.006904,0.009489,0,0,0,,0.875,2024-25
2026-07-13,2026-07-20,51620,Franklin City,Virginia,VA,quiet,1.8e-05,2732,107,501+,0.03,6.9e-05,3033,115,501+,0.02,0.006881,0.006048,0,0,0,,0.759,2024-25
2026-07-13,2026-07-20,22081,Red River Parish,Louisiana,LA,quiet,1.8e-05,2733,55,501+,0.03,0.000123,2812,56,501+,0.04,0.006878,0.011204,0,0,0,,0.9796,2024-25
2026-07-13,2026-07-20,05065,Izard County,Arkansas,AR,quiet,1.8e-05,2734,66,501+,0.03,0.000182,2543,59,501+,0.06,0.006877,0.016948,0,0,0,,,
2026-07-13,2026-07-20,13037,Calhoun County,Georgia,GA,quiet,1.8e-05,2735,132,501+,0.03,0.000351,1937,67,501+,0.12,0.006861,0.033745,0,0,0,,,
2026-07-13,2026-07-20,29157,Perry County,Missouri,MO,quiet,1.8e-05,2736,99,501+,0.03,0.000111,2871,110,501+,0.04,0.006857,0.009965,0,0,0,,0.882,2024-25
2026-07-13,2026-07-20,13305,Wayne County,Georgia,GA,quiet,1.8e-05,2737,133,501+,0.03,0.000203,2462,112,501+,0.07,0.006843,0.018999,0,0,0,,,
2026-07-13,2026-07-20,19131,Mitchell County,Iowa,IA,quiet,1.8e-05,2738,83,501+,0.03,0.000156,2650,83,501+,0.05,0.006843,0.014414,0,0,0,,0.88888889,2024-25
2026-07-13,2026-07-20,41055,Sherman County,Oregon,OR,quiet,1.8e-05,2739,35,501+,0.03,0.000142,2730,35,501+,0.05,0.006841,0.01297,0,0,0,,0.911,2024-25
2026-07-13,2026-07-20,30107,Wheatland County,Montana,MT,quiet,1.7e-05,2740,44,501+,0.03,6.9e-05,3034,53,501+,0.02,0.006832,0.006039,0,0,0,,,
2026-07-13,2026-07-20,13187,Lumpkin County,Georgia,GA,quiet,1.7e-05,2741,134,501+,0.03,0.00027,2220,89,501+,0.09,0.006822,0.025679,0,0,0,,,
2026-07-13,2026-07-20,13205,Mitchell County,Georgia,GA,quiet,1.7e-05,2742,135,501+,0.03,0.000191,2512,115,501+,0.07,0.006808,0.017786,0,0,0,,,
2026-07-13,2026-07-20,28133,Sunflower County,Mississippi,MS,quiet,1.7e-05,2743,65,501+,0.03,0.000141,2735,56,501+,0.05,0.006807,0.012879,0,0,0,,0.9872,2024-25
2026-07-13,2026-07-20,13091,Dodge County,Georgia,GA,quiet,1.7e-05,2744,136,501+,0.03,0.000275,2206,88,501+,0.1,0.006805,0.026105,0,0,0,,,
2026-07-13,2026-07-20,31077,Greeley County,Nebraska,NE,quiet,1.7e-05,2745,74,501+,0.03,0.00017,2592,72,501+,0.06,0.0068,0.015715,0,0,0,,0.891891892,2024-25
2026-07-13,2026-07-20,40095,Marshall County,Oklahoma,OK,quiet,1.7e-05,2746,77,501+,0.03,0.00015,2684,76,501+,0.05,0.006766,0.013813,0,0,0,,0.9161,2024-25
2026-07-13,2026-07-20,21019,Boyd County,Kentucky,KY,quiet,1.7e-05,2747,62,501+,0.03,0.000306,2092,34,501+,0.11,0.00676,0.029238,0,0,0,,0.917,2024-25
2026-07-13,2026-07-20,17129,Menard County,Illinois,IL,quiet,1.7e-05,2748,76,501+,0.03,0.000135,2764,79,501+,0.05,0.006752,0.012354,0,0,0,,0.954,2024-25
2026-07-13,2026-07-20,28015,Carroll County,Mississippi,MS,quiet,1.7e-05,2749,66,501+,0.03,0.000159,2634,51,501+,0.06,0.006746,0.014655,0,0,0,,0.9839,2024-25
2026-07-13,2026-07-20,28143,Tunica County,Mississippi,MS,quiet,1.7e-05,2750,67,501+,0.03,7.5e-05,3006,73,501+,0.03,0.006744,0.006585,0,0,0,,0.9928,2024-25
2026-07-13,2026-07-20,17139,Moultrie County,Illinois,IL,quiet,1.7e-05,2751,77,501+,0.03,0.00013,2795,81,501+,0.05,0.006734,0.011844,0,0,0,,0.956,2024-25
2026-07-13,2026-07-20,22031,De Soto Parish,Louisiana,LA,quiet,1.7e-05,2752,56,501+,0.03,0.000131,2788,54,501+,0.05,0.006727,0.011966,0,0,0,,0.9169,2024-25
2026-07-13,2026-07-20,53023,Garfield County,Washington,WA,quiet,1.7e-05,2753,39,501+,0.03,0.000146,2707,39,501+,0.05,0.00672,0.013357,0,0,0,,1.0,2024-25
2026-07-13,2026-07-20,29081,Harrison County,Missouri,MO,quiet,1.7e-05,2754,100,501+,0.03,0.000119,2836,108,501+,0.04,0.00672,0.010735,0,0,0,,0.88,2024-25
2026-07-13,2026-07-20,18115,Ohio County,Indiana,IN,quiet,1.7e-05,2755,68,501+,0.03,0.000186,2535,62,501+,0.06,0.006696,0.017329,0,0,0,,0.8529,2024-25
2026-07-13,2026-07-20,28157,Wilkinson County,Mississippi,MS,quiet,1.7e-05,2756,68,501+,0.03,0.000101,2923,65,501+,0.04,0.006688,0.00904,0,0,0,,1.0,2024-25
2026-07-13,2026-07-20,48301,Loving County,Texas,TX,quiet,1.7e-05,2757,246,501+,0.03,7.8e-05,2998,247,501+,0.03,0.006669,0.006894,0,0,0,,,
2026-07-13,2026-07-20,47171,Unicoi County,Tennessee,TN,quiet,1.7e-05,2758,84,501+,0.03,9.9e-05,2929,88,501+,0.03,0.006654,0.008894,0,0,0,,0.987,2024-25
2026-07-13,2026-07-20,30079,Prairie County,Montana,MT,quiet,1.7e-05,2759,45,501+,0.03,0.000107,2888,48,501+,0.04,0.006642,0.009592,0,0,0,,,
2026-07-13,2026-07-20,49009,Daggett County,Utah,UT,quiet,1.7e-05,2760,25,501+,0.03,0.000226,2375,25,501+,0.08,0.00661,0.02131,0,0,0,,,
2026-07-13,2026-07-20,22061,Lincoln Parish,Louisiana,LA,quiet,1.7e-05,2761,57,501+,0.03,0.000215,2407,39,501+,0.07,0.006609,0.020214,0,0,0,,0.9378,2024-25
2026-07-13,2026-07-20,31129,Nuckolls County,Nebraska,NE,quiet,1.7e-05,2762,75,501+,0.03,0.000246,2307,62,501+,0.09,0.006606,0.023279,0,0,0,,0.917647059,2024-25
2026-07-13,2026-07-20,27093,Meeker County,Minnesota,MN,quiet,1.7e-05,2763,85,501+,0.03,0.000315,2059,74,501+,0.11,0.006597,0.030157,0,0,0,,0.833,2024-25
2026-07-13,2026-07-20,13307,Webster County,Georgia,GA,quiet,1.7e-05,2764,137,501+,0.03,0.000102,2917,150,501+,0.04,0.006585,0.009142,0,0,0,,,
2026-07-13,2026-07-20,55011,Buffalo County,Wisconsin,WI,quiet,1.7e-05,2765,66,501+,0.03,0.000134,2777,71,501+,0.05,0.006581,0.012193,0,0,0,,0.89,2024-25
2026-07-13,2026-07-20,51640,Galax City,Virginia,VA,quiet,1.7e-05,2766,108,501+,0.03,9.8e-05,2934,106,501+,0.03,0.006556,0.008791,0,0,0,,0.892,2024-25
2026-07-13,2026-07-20,17021,Christian County,Illinois,IL,quiet,1.7e-05,2767,78,501+,0.03,0.000322,2036,52,501+,0.11,0.006553,0.03079,0,0,0,,0.947,2024-25
2026-07-13,2026-07-20,21183,Ohio County,Kentucky,KY,quiet,1.7e-05,2768,63,501+,0.03,0.000262,2246,41,501+,0.09,0.006535,0.024898,0,0,0,,0.789,2024-25
2026-07-13,2026-07-20,55119,Taylor County,Wisconsin,WI,quiet,1.7e-05,2769,67,501+,0.03,0.000263,2245,62,501+,0.09,0.006504,0.024944,0,0,0,,0.84,2024-25
2026-07-13,2026-07-20,17067,Hancock County,Illinois,IL,quiet,1.7e-05,2770,79,501+,0.03,0.000117,2844,86,501+,0.04,0.006492,0.010564,0,0,0,,0.982,2024-25
2026-07-13,2026-07-20,27001,Aitkin County,Minnesota,MN,quiet,1.7e-05,2771,86,501+,0.03,0.000151,2682,87,501+,0.05,0.006489,0.013862,0,0,0,,0.784,2024-25
2026-07-13,2026-07-20,22067,Morehouse Parish,Louisiana,LA,quiet,1.7e-05,2772,58,501+,0.03,9.3e-05,2948,63,501+,0.03,0.006468,0.008248,0,0,0,,0.9859,2024-25
2026-07-13,2026-07-20,36049,Lewis County,New York,NY,quiet,1.6e-05,2773,59,501+,0.03,9e-05,2961,60,501+,0.03,0.006454,0.008001,0,0,0,,0.996163658,2024-25
2026-07-13,2026-07-20,22119,Webster Parish,Louisiana,LA,quiet,1.6e-05,2774,59,501+,0.03,0.000154,2666,51,501+,0.05,0.006452,0.014198,0,0,0,,0.9084,2024-25
2026-07-13,2026-07-20,19043,Clayton County,Iowa,IA,quiet,1.6e-05,2775,84,501+,0.03,0.000146,2708,86,501+,0.05,0.006437,0.013348,0,0,0,,0.81451613,2024-25
2026-07-13,2026-07-20,13069,Coffee County,Georgia,GA,quiet,1.6e-05,2776,138,501+,0.03,0.00017,2589,121,501+,0.06,0.006431,0.015759,0,0,0,,,
2026-07-13,2026-07-20,28065,Jefferson Davis County,Mississippi,MS,quiet,1.6e-05,2777,69,501+,0.03,0.000113,2858,62,501+,0.04,0.006424,0.01017,0,0,0,,0.9889,2024-25
2026-07-13,2026-07-20,45033,Dillon County,South Carolina,SC,quiet,1.6e-05,2778,46,501+,0.03,0.00013,2796,44,501+,0.05,0.00641,0.011836,0,0,0,,0.984,2024-25
2026-07-13,2026-07-20,29186,Ste. Genevieve County,Missouri,MO,quiet,1.6e-05,2779,101,501+,0.03,0.000119,2833,107,501+,0.04,0.006409,0.010785,0,0,0,,0.87,2024-25
2026-07-13,2026-07-20,29075,Gentry County,Missouri,MO,quiet,1.6e-05,2780,102,501+,0.03,0.000152,2678,103,501+,0.05,0.006399,0.013982,0,0,0,,0.983,2024-25
2026-07-13,2026-07-20,47029,Cocke County,Tennessee,TN,quiet,1.6e-05,2781,85,501+,0.03,0.000187,2532,71,501+,0.06,0.006389,0.017383,0,0,0,,0.945,2024-25
2026-07-13,2026-07-20,42105,Potter County,Pennsylvania,PA,quiet,1.6e-05,2782,62,501+,0.03,0.000319,2047,60,501+,0.11,0.00637,0.030524,0,0,0,,0.926,2024-25
2026-07-13,2026-07-20,19059,Dickinson County,Iowa,IA,quiet,1.6e-05,2783,85,501+,0.03,0.000153,2673,84,501+,0.05,0.006348,0.01407,0,0,0,,0.84615385,2024-25
2026-07-13,2026-07-20,37015,Bertie County,North Carolina,NC,quiet,1.6e-05,2784,99,501+,0.03,0.000125,2807,99,501+,0.04,0.006347,0.011351,0,0,0,,1.0,2024-25
2026-07-13,2026-07-20,47027,Clay County,Tennessee,TN,quiet,1.6e-05,2785,86,501+,0.03,0.000112,2862,85,501+,0.04,0.006347,0.010105,0,0,0,,0.937,2024-25
2026-07-13,2026-07-20,13017,Ben Hill County,Georgia,GA,quiet,1.6e-05,2786,139,501+,0.03,9e-05,2962,152,501+,0.03,0.006345,0.00799,0,0,0,,,
2026-07-13,2026-07-20,21237,Wolfe County,Kentucky,KY,quiet,1.6e-05,2787,64,501+,0.03,6.8e-05,3040,102,501+,0.02,0.006341,0.005944,0,0,0,,0.929,2024-25
2026-07-13,2026-07-20,19009,Audubon County,Iowa,IA,quiet,1.6e-05,2788,86,501+,0.03,0.000207,2444,69,501+,0.07,0.006334,0.019363,0,0,0,,0.83116883,2024-25
2026-07-13,2026-07-20,51193,Westmoreland County,Virginia,VA,quiet,1.6e-05,2789,109,501+,0.03,0.00014,2737,96,501+,0.05,0.006332,0.012846,0,0,0,,0.934,2024-25
2026-07-13,2026-07-20,54083,Randolph County,West Virginia,WV,quiet,1.6e-05,2790,25,501+,0.03,0.000232,2353,20,501+,0.08,0.006314,0.021873,0,0,0,,,
2026-07-13,2026-07-20,17133,Monroe County,Illinois,IL,quiet,1.6e-05,2791,80,501+,0.03,0.00011,2875,88,501+,0.04,0.006308,0.009889,0,0,0,,0.984,2024-25
2026-07-13,2026-07-20,13095,Dougherty County,Georgia,GA,quiet,1.6e-05,2792,140,501+,0.03,0.000182,2547,118,501+,0.06,0.006301,0.016892,0,0,0,,,
2026-07-13,2026-07-20,19075,Grundy County,Iowa,IA,quiet,1.6e-05,2793,87,501+,0.03,0.00015,2685,85,501+,0.05,0.006298,0.013785,0,0,0,,0.95348837,2024-25
2026-07-13,2026-07-20,13075,Cook County,Georgia,GA,quiet,1.6e-05,2794,141,501+,0.03,0.000136,2757,137,501+,0.05,0.006289,0.012429,0,0,0,,,
2026-07-13,2026-07-20,31003,Antelope County,Nebraska,NE,quiet,1.6e-05,2795,76,501+,0.03,0.000164,2615,73,501+,0.06,0.006263,0.015118,0,0,0,,0.875,2024-25
2026-07-13,2026-07-20,13141,Hancock County,Georgia,GA,quiet,1.6e-05,2796,142,501+,0.03,0.0001,2925,151,501+,0.03,0.006254,0.008945,0,0,0,,,
2026-07-13,2026-07-20,26039,Crawford County,Michigan,MI,quiet,1.6e-05,2797,74,501+,0.03,0.000235,2341,67,501+,0.08,0.006253,0.022182,0,0,0,,0.92561983,2024-25
2026-07-13,2026-07-20,29223,Wayne County,Missouri,MO,quiet,1.6e-05,2798,103,501+,0.03,0.000232,2352,81,501+,0.08,0.006205,0.021879,0,0,0,,0.911,2024-25
2026-07-13,2026-07-20,18047,Franklin County,Indiana,IN,quiet,1.6e-05,2799,69,501+,0.02,0.000237,2335,60,501+,0.08,0.0062,0.022378,0,0,0,,0.8062,2024-25
2026-07-13,2026-07-20,05037,Cross County,Arkansas,AR,quiet,1.6e-05,2800,67,501+,0.02,0.000123,2813,74,501+,0.04,0.006197,0.011177,0,0,0,,,
2026-07-13,2026-07-20,05009,Boone County,Arkansas,AR,quiet,1.6e-05,2801,68,501+,0.02,0.000293,2145,34,501+,0.1,0.006193,0.027893,0,0,0,,,
2026-07-13,2026-07-20,18179,Wells County,Indiana,IN,quiet,1.6e-05,2802,70,501+,0.02,0.000159,2633,65,501+,0.06,0.00618,0.014657,0,0,0,,0.8895,2024-25
2026-07-13,2026-07-20,19159,Ringgold County,Iowa,IA,quiet,1.6e-05,2803,88,501+,0.02,0.000104,2904,96,501+,0.04,0.006179,0.009296,0,0,0,,0.98275862,2024-25
2026-07-13,2026-07-20,19037,Chickasaw County,Iowa,IA,quiet,1.6e-05,2804,89,501+,0.02,0.000131,2790,92,501+,0.05,0.006166,0.011929,0,0,0,,0.91176471,2024-25
2026-07-13,2026-07-20,18041,Fayette County,Indiana,IN,quiet,1.6e-05,2805,71,501+,0.02,9.5e-05,2938,86,501+,0.03,0.006161,0.008465,0,0,0,,0.9605,2024-25
2026-07-13,2026-07-20,13277,Tift County,Georgia,GA,quiet,1.6e-05,2806,143,501+,0.02,0.000146,2703,132,501+,0.05,0.006142,0.013392,0,0,0,,,
2026-07-13,2026-07-20,39107,Mercer County,Ohio,OH,quiet,1.6e-05,2807,72,501+,0.02,0.000208,2438,71,501+,0.07,0.006124,0.019501,0,0,0,,0.891,2024-25
2026-07-13,2026-07-20,28117,Prentiss County,Mississippi,MS,quiet,1.6e-05,2808,70,501+,0.02,9.2e-05,2951,67,501+,0.03,0.006121,0.008207,0,0,0,,0.9961,2024-25
2026-07-13,2026-07-20,19055,Delaware County,Iowa,IA,quiet,1.6e-05,2809,90,501+,0.02,0.000293,2143,52,501+,0.1,0.00612,0.027908,0,0,0,,0.88372093,2024-25
2026-07-13,2026-07-20,13261,Sumter County,Georgia,GA,quiet,1.6e-05,2810,144,501+,0.02,0.000216,2405,104,501+,0.08,0.006116,0.02027,0,0,0,,,
2026-07-13,2026-07-20,22027,Claiborne Parish,Louisiana,LA,quiet,1.6e-05,2811,60,501+,0.02,0.000104,2905,62,501+,0.04,0.006116,0.009293,0,0,0,,0.9044,2024-25
2026-07-13,2026-07-20,28007,Attala County,Mississippi,MS,quiet,1.6e-05,2812,71,501+,0.02,7.4e-05,3012,74,501+,0.03,0.006095,0.006522,0,0,0,,0.9908,2024-25
2026-07-13,2026-07-20,18161,Union County,Indiana,IN,quiet,1.6e-05,2813,72,501+,0.02,0.000101,2922,83,501+,0.04,0.006091,0.009055,0,0,0,,0.9802,2024-25
2026-07-13,2026-07-20,17035,Cumberland County,Illinois,IL,quiet,1.5e-05,2814,81,501+,0.02,0.000125,2808,82,501+,0.04,0.00607,0.011339,0,0,0,,0.975,2024-25
2026-07-13,2026-07-20,51021,Bland County,Virginia,VA,quiet,1.5e-05,2815,110,501+,0.02,8.2e-05,2985,111,501+,0.03,0.006056,0.007237,0,0,0,,0.898,2024-25
2026-07-13,2026-07-20,17191,Wayne County,Illinois,IL,quiet,1.5e-05,2816,82,501+,0.02,0.000206,2447,64,501+,0.07,0.006019,0.019313,0,0,0,,0.981,2024-25
2026-07-13,2026-07-20,13315,Wilcox County,Georgia,GA,quiet,1.5e-05,2817,145,501+,0.02,0.000106,2890,148,501+,0.04,0.006015,0.009489,0,0,0,,,
2026-07-13,2026-07-20,30011,Carter County,Montana,MT,quiet,1.5e-05,2818,46,501+,0.02,0.000105,2896,49,501+,0.04,0.005996,0.009449,0,0,0,,,
2026-07-13,2026-07-20,05067,Jackson County,Arkansas,AR,quiet,1.5e-05,2819,69,501+,0.02,0.000136,2759,71,501+,0.05,0.005991,0.012414,0,0,0,,,
2026-07-13,2026-07-20,29025,Caldwell County,Missouri,MO,quiet,1.5e-05,2820,104,501+,0.02,0.000156,2659,101,501+,0.05,0.005964,0.01433,0,0,0,,0.951,2024-25
2026-07-13,2026-07-20,08057,Jackson County,Colorado,CO,quiet,1.5e-05,2821,61,501+,0.02,0.000135,2767,58,501+,0.05,0.005964,0.012319,0,0,0,,0.875,2024-25
2026-07-13,2026-07-20,13167,Johnson County,Georgia,GA,quiet,1.5e-05,2822,146,501+,0.02,0.000195,2486,114,501+,0.07,0.005957,0.018251,0,0,0,,,
2026-07-13,2026-07-20,20183,Smith County,Kansas,KS,quiet,1.5e-05,2823,102,501+,0.02,0.000194,2494,94,501+,0.07,0.005955,0.018091,0,0,0,,0.8289,2024-25
2026-07-13,2026-07-20,17039,De Witt County,Illinois,IL,quiet,1.5e-05,2824,83,501+,0.02,9e-05,2959,95,501+,0.03,0.005949,0.008023,0,0,0,,0.978,2024-25
2026-07-13,2026-07-20,48173,Glasscock County,Texas,TX,quiet,1.5e-05,2825,247,501+,0.02,9.4e-05,2942,243,501+,0.03,0.005926,0.008402,0,0,0,,1.0,2024-25
2026-07-13,2026-07-20,17055,Franklin County,Illinois,IL,quiet,1.5e-05,2826,84,501+,0.02,0.000141,2731,74,501+,0.05,0.005922,0.012915,0,0,0,,0.967,2024-25
2026-07-13,2026-07-20,38047,Logan County,North Dakota,ND,quiet,1.5e-05,2827,45,501+,0.02,0.000181,2552,44,501+,0.06,0.005919,0.01679,0,0,0,,0.7,2024-25
2026-07-13,2026-07-20,18045,Fountain County,Indiana,IN,quiet,1.5e-05,2828,73,501+,0.02,0.000153,2674,68,501+,0.05,0.005916,0.014062,0,0,0,,0.8793,2024-25
2026-07-13,2026-07-20,21231,Wayne County,Kentucky,KY,quiet,1.5e-05,2829,65,501+,0.02,0.000132,2785,73,501+,0.05,0.005914,0.012078,0,0,0,,0.967,2024-25
2026-07-13,2026-07-20,26069,Iosco County,Michigan,MI,quiet,1.5e-05,2830,75,501+,0.02,0.000157,2645,71,501+,0.05,0.005913,0.01447,0,0,0,,0.90140845,2024-25
2026-07-13,2026-07-20,17171,Scott County,Illinois,IL,quiet,1.5e-05,2831,85,501+,0.02,0.000105,2897,90,501+,0.04,0.005909,0.009447,0,0,0,,0.977,2024-25
2026-07-13,2026-07-20,18159,Tipton County,Indiana,IN,quiet,1.5e-05,2832,74,501+,0.02,0.000136,2755,75,501+,0.05,0.005907,0.012454,0,0,0,,0.8768,2024-25
2026-07-13,2026-07-20,17145,Perry County,Illinois,IL,quiet,1.5e-05,2833,86,501+,0.02,9.9e-05,2931,93,501+,0.03,0.005904,0.008854,0,0,0,,0.989,2024-25
2026-07-13,2026-07-20,18171,Warren County,Indiana,IN,quiet,1.5e-05,2834,75,501+,0.02,0.000147,2693,72,501+,0.05,0.0059,0.013531,0,0,0,,0.9367,2024-25
2026-07-13,2026-07-20,32009,Esmeralda County,Nevada,NV,quiet,1.5e-05,2835,17,501+,0.02,8e-05,2992,17,501+,0.03,0.005881,0.007032,0,0,0,,0.667,2024-25
2026-07-13,2026-07-20,21199,Pulaski County,Kentucky,KY,quiet,1.5e-05,2836,66,501+,0.02,0.000135,2768,71,501+,0.05,0.005878,0.012307,0,0,0,,0.949,2024-25
2026-07-13,2026-07-20,31059,Fillmore County,Nebraska,NE,quiet,1.5e-05,2837,77,501+,0.02,0.000145,2709,75,501+,0.05,0.005861,0.01329,0,0,0,,0.947368421,2024-25
2026-07-13,2026-07-20,29151,Osage County,Missouri,MO,quiet,1.5e-05,2838,105,501+,0.02,0.000169,2595,96,501+,0.06,0.005856,0.01568,0,0,0,,0.919,2024-25
2026-07-13,2026-07-20,51750,Radford City,Virginia,VA,quiet,1.5e-05,2839,111,501+,0.02,6.3e-05,3059,123,501+,0.02,0.005855,0.005421,0,0,0,,0.959,2024-25
2026-07-13,2026-07-20,28163,Yazoo County,Mississippi,MS,quiet,1.5e-05,2840,72,501+,0.02,0.000138,2750,57,501+,0.05,0.005848,0.012583,0,0,0,,0.9884,2024-25
2026-07-13,2026-07-20,05107,Phillips County,Arkansas,AR,quiet,1.5e-05,2841,70,501+,0.02,0.00021,2427,56,501+,0.07,0.005848,0.019732,0,0,0,,,
2026-07-13,2026-07-20,19023,Butler County,Iowa,IA,quiet,1.5e-05,2842,91,501+,0.02,0.000116,2847,94,501+,0.04,0.005846,0.010476,0,0,0,,0.92771084,2024-25
2026-07-13,2026-07-20,54019,Fayette County,West Virginia,WV,quiet,1.5e-05,2843,26,501+,0.02,0.000211,2426,23,501+,0.07,0.005829,0.019757,0,0,0,,,
2026-07-13,2026-07-20,21031,Butler County,Kentucky,KY,quiet,1.5e-05,2844,67,501+,0.02,0.000139,2742,66,501+,0.05,0.005828,0.012726,0,0,0,,0.902,2024-25
2026-07-13,2026-07-20,28017,Chickasaw County,Mississippi,MS,quiet,1.5e-05,2845,73,501+,0.02,8.2e-05,2984,71,501+,0.03,0.005795,0.007247,0,0,0,,0.9957,2024-25
2026-07-13,2026-07-20,54063,Monroe County,West Virginia,WV,quiet,1.5e-05,2846,27,501+,0.02,0.000134,2775,27,501+,0.05,0.005782,0.012212,0,0,0,,,
2026-07-13,2026-07-20,18129,Posey County,Indiana,IN,quiet,1.5e-05,2847,76,501+,0.02,0.000157,2647,67,501+,0.05,0.005775,0.014456,0,0,0,,0.8851,2024-25
2026-07-13,2026-07-20,42053,Forest County,Pennsylvania,PA,quiet,1.5e-05,2848,63,501+,0.02,6e-05,3070,65,501+,0.02,0.005745,0.005157,0,0,0,,1.0,2024-25
2026-07-13,2026-07-20,22091,St. Helena Parish,Louisiana,LA,quiet,1.5e-05,2849,61,501+,0.02,0.000124,2810,55,501+,0.04,0.005735,0.011216,0,0,0,,1.0,2024-25
2026-07-13,2026-07-20,08025,Crowley County,Colorado,CO,quiet,1.5e-05,2850,62,501+,0.02,9.2e-05,2950,62,501+,0.03,0.005715,0.008219,0,0,0,,0.8824,2024-25
2026-07-13,2026-07-20,21175,Morgan County,Kentucky,KY,quiet,1.5e-05,2851,68,501+,0.02,0.000192,2502,49,501+,0.07,0.005714,0.017952,0,0,0,,0.95,2024-25
2026-07-13,2026-07-20,18121,Parke County,Indiana,IN,quiet,1.5e-05,2852,77,501+,0.02,0.000144,2713,73,501+,0.05,0.005706,0.013221,0,0,0,,0.9713,2024-25
2026-07-13,2026-07-20,13287,Turner County,Georgia,GA,quiet,1.4e-05,2853,147,501+,0.02,0.000108,2880,147,501+,0.04,0.0057,0.00973,0,0,0,,,
2026-07-13,2026-07-20,18119,Owen County,Indiana,IN,quiet,1.4e-05,2854,78,501+,0.02,9.9e-05,2933,85,501+,0.03,0.005688,0.008815,0,0,0,,0.9613,2024-25
2026-07-13,2026-07-20,21157,Marshall County,Kentucky,KY,quiet,1.4e-05,2855,69,501+,0.02,0.000107,2884,84,501+,0.04,0.00566,0.009651,0,0,0,,0.898,2024-25
2026-07-13,2026-07-20,21125,Laurel County,Kentucky,KY,quiet,1.4e-05,2856,70,501+,0.02,0.000208,2440,47,501+,0.07,0.00566,0.019438,0,0,0,,0.946,2024-25
2026-07-13,2026-07-20,20157,Republic County,Kansas,KS,quiet,1.4e-05,2857,103,501+,0.02,0.000132,2783,101,501+,0.05,0.005638,0.01208,0,0,0,,0.8242,2024-25
2026-07-13,2026-07-20,13299,Ware County,Georgia,GA,quiet,1.4e-05,2858,148,501+,0.02,0.000177,2569,120,501+,0.06,0.005638,0.016435,0,0,0,,,
2026-07-13,2026-07-20,05023,Cleburne County,Arkansas,AR,quiet,1.4e-05,2859,71,501+,0.02,0.000218,2398,52,501+,0.08,0.00563,0.020482,0,0,0,,,
2026-07-13,2026-07-20,39019,Carroll County,Ohio,OH,quiet,1.4e-05,2860,73,501+,0.02,0.000134,2771,78,501+,0.05,0.00563,0.012252,0,0,0,,0.901,2024-25
2026-07-13,2026-07-20,37041,Chowan County,North Carolina,NC,quiet,1.4e-05,2861,100,501+,0.02,0.000152,2676,96,501+,0.05,0.00561,0.013994,0,0,0,,0.93706294,2024-25
2026-07-13,2026-07-20,54107,Wood County,West Virginia,WV,quiet,1.4e-05,2862,28,501+,0.02,0.000218,2399,22,501+,0.08,0.005608,0.020452,0,0,0,,,
2026-07-13,2026-07-20,17101,Lawrence County,Illinois,IL,quiet,1.4e-05,2863,87,501+,0.02,0.000116,2848,87,501+,0.04,0.005604,0.010463,0,0,0,,0.989,2024-25
2026-07-13,2026-07-20,36097,Schuyler County,New York,NY,quiet,1.4e-05,2864,60,501+,0.02,0.000119,2831,59,501+,0.04,0.005598,0.010819,0,0,0,,0.995266901,2024-25
2026-07-13,2026-07-20,31015,Boyd County,Nebraska,NE,quiet,1.4e-05,2865,78,501+,0.02,0.000135,2765,77,501+,0.05,0.005595,0.012344,0,0,0,,0.818181818,2024-25
2026-07-13,2026-07-20,28135,Tallahatchie County,Mississippi,MS,quiet,1.4e-05,2866,74,501+,0.02,8.4e-05,2981,70,501+,0.03,0.005591,0.007402,0,0,0,,1.0,2024-25
2026-07-13,2026-07-20,13293,Upson County,Georgia,GA,quiet,1.4e-05,2867,149,501+,0.02,0.000114,2853,144,501+,0.04,0.005575,0.010334,0,0,0,,,
2026-07-13,2026-07-20,13131,Grady County,Georgia,GA,quiet,1.4e-05,2868,150,501+,0.02,0.000105,2895,149,501+,0.04,0.005574,0.009453,0,0,0,,,
2026-07-13,2026-07-20,41021,Gilliam County,Oregon,OR,quiet,1.4e-05,2869,36,501+,0.02,0.000128,2801,36,501+,0.04,0.005563,0.011652,0,0,0,,0.923,2024-25
2026-07-13,2026-07-20,26131,Ontonagon County,Michigan,MI,quiet,1.4e-05,2870,76,501+,0.02,8.8e-05,2968,79,501+,0.03,0.005558,0.007765,0,0,0,,0.82142857,2024-25
2026-07-13,2026-07-20,01037,Coosa County,Alabama,AL,quiet,1.4e-05,2871,66,501+,0.02,6.1e-05,3065,67,501+,0.02,0.005544,0.005305,0,0,0,,1.0,2024-25
2026-07-13,2026-07-20,31061,Franklin County,Nebraska,NE,quiet,1.4e-05,2872,79,501+,0.02,0.000139,2740,76,501+,0.05,0.005533,0.012742,0,0,0,,0.941176471,2022-23
2026-07-13,2026-07-20,17147,Piatt County,Illinois,IL,quiet,1.4e-05,2873,88,501+,0.02,8.6e-05,2974,96,501+,0.03,0.005528,0.007605,0,0,0,,0.983,2024-25
2026-07-13,2026-07-20,13239,Quitman County,Georgia,GA,quiet,1.4e-05,2874,151,501+,0.02,6.4e-05,3053,158,501+,0.02,0.005525,0.00554,0,0,0,,,
2026-07-13,2026-07-20,30033,Garfield County,Montana,MT,quiet,1.4e-05,2875,47,501+,0.02,9.9e-05,2927,50,501+,0.03,0.005505,0.008899,0,0,0,,,
2026-07-13,2026-07-20,19001,Adair County,Iowa,IA,quiet,1.4e-05,2876,92,501+,0.02,0.000101,2920,97,501+,0.04,0.005502,0.009075,0,0,0,,0.9,2024-25
2026-07-13,2026-07-20,27121,Pope County,Minnesota,MN,quiet,1.4e-05,2877,87,501+,0.02,0.000174,2579,84,501+,0.06,0.005475,0.016138,0,0,0,,0.889,2024-25
2026-07-13,2026-07-20,54093,Tucker County,West Virginia,WV,quiet,1.4e-05,2878,29,501+,0.02,6.9e-05,3030,47,501+,0.02,0.005461,0.006058,0,0,0,,,
2026-07-13,2026-07-20,21055,Crittenden County,Kentucky,KY,quiet,1.4e-05,2879,71,501+,0.02,0.000147,2697,63,501+,0.05,0.005452,0.013463,0,0,0,,0.929,2024-25
2026-07-13,2026-07-20,17203,Woodford County,Illinois,IL,quiet,1.4e-05,2880,89,501+,0.02,0.000196,2485,65,501+,0.07,0.00545,0.018257,0,0,0,,0.955,2024-25
2026-07-13,2026-07-20,42121,Venango County,Pennsylvania,PA,quiet,1.4e-05,2881,64,501+,0.02,0.000291,2152,61,501+,0.1,0.005446,0.027778,0,0,0,,0.941,2024-25
2026-07-13,2026-07-20,18079,Jennings County,Indiana,IN,quiet,1.4e-05,2882,79,501+,0.02,0.000103,2914,81,501+,0.04,0.005446,0.009203,0,0,0,,0.9146,2024-25
2026-07-13,2026-07-20,30019,Daniels County,Montana,MT,quiet,1.4e-05,2883,48,501+,0.02,0.000136,2756,44,501+,0.05,0.005438,0.012442,0,0,0,,,
2026-07-13,2026-07-20,29073,Gasconade County,Missouri,MO,quiet,1.4e-05,2884,106,501+,0.02,0.000103,2909,112,501+,0.04,0.005435,0.009276,0,0,0,,0.942,2024-25
2026-07-13,2026-07-20,19029,Cass County,Iowa,IA,quiet,1.4e-05,2885,93,501+,0.02,0.00011,2877,95,501+,0.04,0.005428,0.009877,0,0,0,,0.85648148,2024-25
2026-07-13,2026-07-20,19011,Benton County,Iowa,IA,quiet,1.4e-05,2886,94,501+,0.02,0.000142,2729,89,501+,0.05,0.005419,0.013002,0,0,0,,0.90974729,2024-25
2026-07-13,2026-07-20,29207,Stoddard County,Missouri,MO,quiet,1.4e-05,2887,107,501+,0.02,0.000116,2845,109,501+,0.04,0.005407,0.010523,0,0,0,,0.915,2024-25
2026-07-13,2026-07-20,19095,Iowa County,Iowa,IA,quiet,1.4e-05,2888,95,501+,0.02,0.000163,2620,81,501+,0.06,0.005393,0.015079,0,0,0,,0.91573034,2024-25
2026-07-13,2026-07-20,38091,Steele County,North Dakota,ND,quiet,1.4e-05,2889,46,501+,0.02,5.5e-05,3081,52,501+,0.02,0.005392,0.004768,0,0,0,,1.0,2024-25
2026-07-13,2026-07-20,21171,Monroe County,Kentucky,KY,quiet,1.4e-05,2890,72,501+,0.02,9.4e-05,2940,89,501+,0.03,0.005351,0.008418,0,0,0,,0.852,2024-25
2026-07-13,2026-07-20,29147,Nodaway County,Missouri,MO,quiet,1.4e-05,2891,108,501+,0.02,0.000135,2766,104,501+,0.05,0.005349,0.012327,0,0,0,,0.962,2024-25
2026-07-13,2026-07-20,51105,Lee County,Virginia,VA,quiet,1.4e-05,2892,112,501+,0.02,0.000103,2910,104,501+,0.04,0.005348,0.009265,0,0,0,,0.954,2024-25
2026-07-13,2026-07-20,39065,Hardin County,Ohio,OH,quiet,1.3e-05,2893,74,501+,0.02,0.000161,2627,75,501+,0.06,0.005315,0.014887,0,0,0,,0.889,2024-25
2026-07-13,2026-07-20,19107,Keokuk County,Iowa,IA,quiet,1.3e-05,2894,96,501+,0.02,0.000144,2717,88,501+,0.05,0.005288,0.013156,0,0,0,,0.76119403,2024-25
2026-07-13,2026-07-20,05089,Marion County,Arkansas,AR,quiet,1.3e-05,2895,72,501+,0.02,0.000181,2551,60,501+,0.06,0.005271,0.016792,0,0,0,,,
2026-07-13,2026-07-20,22039,Evangeline Parish,Louisiana,LA,quiet,1.3e-05,2896,62,501+,0.02,0.000158,2638,47,501+,0.06,0.005245,0.014599,0,0,0,,0.9275,2024-25
2026-07-13,2026-07-20,29087,Holt County,Missouri,MO,quiet,1.3e-05,2897,109,501+,0.02,0.000131,2789,105,501+,0.05,0.005216,0.01195,0,0,0,,0.872,2024-25
2026-07-13,2026-07-20,13209,Montgomery County,Georgia,GA,quiet,1.3e-05,2898,152,501+,0.02,0.000143,2721,135,501+,0.05,0.005206,0.01313,0,0,0,,,
2026-07-13,2026-07-20,51191,Washington County,Virginia,VA,quiet,1.3e-05,2899,113,501+,0.02,0.000154,2668,93,501+,0.05,0.005194,0.014164,0,0,0,,0.892,2024-25
2026-07-13,2026-07-20,18031,Decatur County,Indiana,IN,quiet,1.3e-05,2900,80,501+,0.02,0.000147,2692,71,501+,0.05,0.005193,0.013536,0,0,0,,0.9247,2024-25
2026-07-13,2026-07-20,55037,Florence County,Wisconsin,WI,quiet,1.3e-05,2901,68,501+,0.02,0.000188,2526,67,501+,0.07,0.005179,0.017519,0,0,0,,0.76,2024-25
2026-07-13,2026-07-20,21129,Lee County,Kentucky,KY,quiet,1.3e-05,2902,73,501+,0.02,9.4e-05,2941,90,501+,0.03,0.005172,0.008403,0,0,0,,0.908,2024-25
2026-07-13,2026-07-20,51081,Greensville County,Virginia,VA,quiet,1.3e-05,2903,114,501+,0.02,5.5e-05,3088,127,501+,0.02,0.005168,0.004692,0,0,0,,0.985,2024-25
2026-07-13,2026-07-20,39037,Darke County,Ohio,OH,quiet,1.3e-05,2904,75,501+,0.02,0.000184,2541,74,501+,0.06,0.005163,0.017095,0,0,0,,0.925,2024-25
2026-07-13,2026-07-20,21173,Montgomery County,Kentucky,KY,quiet,1.3e-05,2905,74,501+,0.02,0.000238,2334,42,501+,0.08,0.00516,0.022432,0,0,0,,0.968,2024-25
2026-07-13,2026-07-20,55061,Kewaunee County,Wisconsin,WI,quiet,1.3e-05,2906,69,501+,0.02,0.000145,2710,69,501+,0.05,0.005127,0.013289,0,0,0,,0.9,2024-25
2026-07-13,2026-07-20,50009,Essex County,Vermont,VT,quiet,1.3e-05,2907,14,501+,0.02,0.000117,2842,14,501+,0.04,0.00512,0.010628,0,0,0,,,
2026-07-13,2026-07-20,18101,Martin County,Indiana,IN,quiet,1.3e-05,2908,81,501+,0.02,7.7e-05,3001,88,501+,0.03,0.0051,0.006764,0,0,0,,0.8681,2024-25
2026-07-13,2026-07-20,51678,Lexington City,Virginia,VA,quiet,1.3e-05,2909,115,501+,0.02,0.000107,2885,103,501+,0.04,0.005086,0.009641,0,0,0,,0.962,2024-25
2026-07-13,2026-07-20,39073,Hocking County,Ohio,OH,quiet,1.3e-05,2910,76,501+,0.02,0.00012,2830,81,501+,0.04,0.005086,0.010871,0,0,0,,0.915,2024-25
2026-07-13,2026-07-20,13087,Decatur County,Georgia,GA,quiet,1.3e-05,2911,153,501+,0.02,0.000164,2611,122,501+,0.06,0.005066,0.015167,0,0,0,,,
2026-07-13,2026-07-20,18075,Jay County,Indiana,IN,quiet,1.3e-05,2912,82,501+,0.02,0.000102,2915,82,501+,0.04,0.005057,0.009189,0,0,0,,0.8964,2024-25
2026-07-13,2026-07-20,31167,Stanton County,Nebraska,NE,quiet,1.3e-05,2913,80,501+,0.02,0.000118,2840,80,501+,0.04,0.005,0.010649,0,0,0,,1.0,2024-25
2026-07-13,2026-07-20,13165,Jenkins County,Georgia,GA,quiet,1.3e-05,2914,154,501+,0.02,6.5e-05,3050,157,501+,0.02,0.004988,0.005632,0,0,0,,,
2026-07-13,2026-07-20,29209,Stone County,Missouri,MO,quiet,1.3e-05,2915,110,501+,0.02,0.000101,2924,113,501+,0.04,0.004969,0.009016,0,0,0,,0.876,2024-25
2026-07-13,2026-07-20,30045,Judith Basin County,Montana,MT,quiet,1.3e-05,2916,49,501+,0.02,7.8e-05,2999,51,501+,0.03,0.004956,0.006882,0,0,0,,,
2026-07-13,2026-07-20,18117,Orange County,Indiana,IN,quiet,1.2e-05,2917,83,501+,0.02,0.000112,2865,78,501+,0.04,0.004941,0.010059,0,0,0,,0.9135,2024-25
2026-07-13,2026-07-20,13235,Pulaski County,Georgia,GA,quiet,1.2e-05,2918,155,501+,0.02,0.000134,2776,140,501+,0.05,0.004935,0.012196,0,0,0,,,
2026-07-13,2026-07-20,35011,De Baca County,New Mexico,NM,quiet,1.2e-05,2919,31,501+,0.02,7.5e-05,3009,33,501+,0.03,0.004917,0.006544,0,0,0,,0.9333,2024-25
2026-07-13,2026-07-20,39015,Brown County,Ohio,OH,quiet,1.2e-05,2920,77,501+,0.02,0.000205,2451,72,501+,0.07,0.004908,0.019193,0,0,0,,0.952,2024-25
2026-07-13,2026-07-20,17189,Washington County,Illinois,IL,quiet,1.2e-05,2921,90,501+,0.02,0.000104,2900,92,501+,0.04,0.004903,0.009335,0,0,0,,0.989,2024-25
2026-07-13,2026-07-20,47173,Union County,Tennessee,TN,quiet,1.2e-05,2922,87,501+,0.02,8e-05,2991,91,501+,0.03,0.004895,0.007034,0,0,0,,0.938,2024-25
2026-07-13,2026-07-20,26007,Alpena County,Michigan,MI,quiet,1.2e-05,2923,77,501+,0.02,0.000121,2823,76,501+,0.04,0.004891,0.010972,0,0,0,,0.87943262,2024-25
2026-07-13,2026-07-20,21137,Lincoln County,Kentucky,KY,quiet,1.2e-05,2924,75,501+,0.02,0.000157,2648,61,501+,0.05,0.004889,0.014449,0,0,0,,0.91,2024-25
2026-07-13,2026-07-20,21149,McLean County,Kentucky,KY,quiet,1.2e-05,2925,76,501+,0.02,0.000137,2754,69,501+,0.05,0.004878,0.012493,0,0,0,,0.96875,2024-25
2026-07-13,2026-07-20,22041,Franklin Parish,Louisiana,LA,quiet,1.2e-05,2926,63,501+,0.02,0.000107,2887,60,501+,0.04,0.004876,0.009594,0,0,0,,0.886,2024-25
2026-07-13,2026-07-20,05077,Lee County,Arkansas,AR,quiet,1.2e-05,2927,73,501+,0.02,0.00018,2558,61,501+,0.06,0.004861,0.016681,0,0,0,,,
2026-07-13,2026-07-20,55029,Door County,Wisconsin,WI,quiet,1.2e-05,2928,70,501+,0.02,0.000232,2354,64,501+,0.08,0.00485,0.021855,0,0,0,,0.81,2024-25
2026-07-13,2026-07-20,54089,Summers County,West Virginia,WV,quiet,1.2e-05,2929,30,501+,0.02,0.000105,2894,34,501+,0.04,0.004844,0.009465,0,0,0,,,
2026-07-13,2026-07-20,47127,Moore County,Tennessee,TN,quiet,1.2e-05,2930,88,501+,0.02,0.000172,2583,74,501+,0.06,0.004838,0.015921,0,0,0,,0.917,2024-25
2026-07-13,2026-07-20,17047,Edwards County,Illinois,IL,quiet,1.2e-05,2931,91,501+,0.02,0.000134,2774,80,501+,0.05,0.004829,0.012224,0,0,0,,0.982,2024-25
2026-07-13,2026-07-20,17071,Henderson County,Illinois,IL,quiet,1.2e-05,2932,92,501+,0.02,9.5e-05,2936,94,501+,0.03,0.004825,0.008521,0,0,0,,0.966,2024-25
2026-07-13,2026-07-20,29003,Andrew County,Missouri,MO,quiet,1.2e-05,2933,111,501+,0.02,0.000188,2524,92,501+,0.07,0.004822,0.017561,0,0,0,,0.948,2024-25
2026-07-13,2026-07-20,26051,Gladwin County,Michigan,MI,quiet,1.2e-05,2934,78,501+,0.02,0.000121,2824,77,501+,0.04,0.004801,0.010937,0,0,0,,0.88764045,2024-25
2026-07-13,2026-07-20,18055,Greene County,Indiana,IN,quiet,1.2e-05,2935,84,501+,0.02,7.4e-05,3014,89,501+,0.03,0.004777,0.006478,0,0,0,,0.9538,2024-25
2026-07-13,2026-07-20,29115,Linn County,Missouri,MO,quiet,1.2e-05,2936,112,501+,0.02,0.000121,2825,106,501+,0.04,0.004774,0.010932,0,0,0,,0.916,2024-25
2026-07-13,2026-07-20,48263,Kent County,Texas,TX,quiet,1.2e-05,2937,248,501+,0.02,8.4e-05,2977,245,501+,0.03,0.004769,0.007443,0,0,0,,1.0,2024-25
2026-07-13,2026-07-20,51025,Brunswick County,Virginia,VA,quiet,1.2e-05,2938,116,501+,0.02,6.6e-05,3048,118,501+,0.02,0.004766,0.005749,0,0,0,,0.929,2024-25
2026-07-13,2026-07-20,54001,Barbour County,West Virginia,WV,quiet,1.2e-05,2939,31,501+,0.02,0.000142,2726,26,501+,0.05,0.004753,0.013034,0,0,0,,,
2026-07-13,2026-07-20,18143,Scott County,Indiana,IN,quiet,1.2e-05,2940,85,501+,0.02,9.9e-05,2930,84,501+,0.03,0.004743,0.008868,0,0,0,,0.8479,2024-25
2026-07-13,2026-07-20,13111,Fannin County,Georgia,GA,quiet,1.2e-05,2941,156,501+,0.02,0.000135,2763,139,501+,0.05,0.004742,0.012356,0,0,0,,,
2026-07-13,2026-07-20,29085,Hickory County,Missouri,MO,quiet,1.2e-05,2942,113,501+,0.02,0.000195,2490,91,501+,0.07,0.004736,0.018159,0,0,0,,0.891,2024-25
2026-07-13,2026-07-20,31177,Washington County,Nebraska,NE,quiet,1.2e-05,2943,81,501+,0.02,0.000107,2883,82,501+,0.04,0.004733,0.009666,0,0,0,,0.936651584,2024-25
2026-07-13,2026-07-20,21001,Adair County,Kentucky,KY,quiet,1.2e-05,2944,77,501+,0.02,0.000189,2519,52,501+,0.07,0.004726,0.017643,0,0,0,,0.929,2024-25
2026-07-13,2026-07-20,48155,Foard County,Texas,TX,quiet,1.2e-05,2945,249,501+,0.02,4.7e-05,3106,251,501+,0.02,0.004719,0.003945,0,0,0,,1.0,2024-25
2026-07-13,2026-07-20,28079,Leake County,Mississippi,MS,quiet,1.2e-05,2946,75,501+,0.02,8.2e-05,2988,72,501+,0.03,0.004717,0.007202,0,0,0,,0.9963,2024-25
2026-07-13,2026-07-20,47087,Jackson County,Tennessee,TN,quiet,1.2e-05,2947,89,501+,0.02,0.000121,2822,84,501+,0.04,0.004689,0.010996,0,0,0,,0.908,2024-25
2026-07-13,2026-07-20,46119,Sully County,South Dakota,SD,quiet,1.2e-05,2948,66,501+,0.02,0.000112,2860,63,501+,0.04,0.004685,0.010148,0,0,0,,0.83,2024-25
2026-07-13,2026-07-20,35021,Harding County,New Mexico,NM,quiet,1.2e-05,2949,32,501+,0.02,8.4e-05,2979,32,501+,0.03,0.004669,0.007439,0,0,0,,1.0,2024-25
2026-07-13,2026-07-20,26129,Ogemaw County,Michigan,MI,quiet,1.2e-05,2950,79,501+,0.02,0.000121,2826,78,501+,0.04,0.004655,0.010924,0,0,0,,0.85507246,2024-25
2026-07-13,2026-07-20,30075,Powder River County,Montana,MT,quiet,1.2e-05,2951,50,501+,0.02,0.000175,2576,43,501+,0.06,0.004644,0.016235,0,0,0,,,
2026-07-13,2026-07-20,21155,Marion County,Kentucky,KY,quiet,1.2e-05,2952,78,501+,0.02,0.000134,2772,72,501+,0.05,0.004599,0.012252,0,0,0,,0.944,2024-25
2026-07-13,2026-07-20,55091,Pepin County,Wisconsin,WI,quiet,1.2e-05,2953,71,501+,0.02,0.000144,2714,70,501+,0.05,0.004593,0.013213,0,0,0,,0.83,2024-25
2026-07-13,2026-07-20,28151,Washington County,Mississippi,MS,quiet,1.1e-05,2954,76,501+,0.02,5e-05,3102,81,501+,0.02,0.004534,0.004221,0,0,0,,0.9919,2024-25
2026-07-13,2026-07-20,47025,Claiborne County,Tennessee,TN,quiet,1.1e-05,2955,90,501+,0.02,0.000105,2892,87,501+,0.04,0.004527,0.009475,0,0,0,,0.929,2024-25
2026-07-13,2026-07-20,01059,Franklin County,Alabama,AL,quiet,1.1e-05,2956,67,501+,0.02,7.5e-05,3007,66,501+,0.03,0.004526,0.006579,0,0,0,,0.9939,2024-25
2026-07-13,2026-07-20,17025,Clay County,Illinois,IL,quiet,1.1e-05,2957,93,501+,0.02,0.000122,2819,83,501+,0.04,0.004517,0.011064,0,0,0,,0.979,2024-25
2026-07-13,2026-07-20,51017,Bath County,Virginia,VA,quiet,1.1e-05,2958,117,501+,0.02,6.4e-05,3052,120,501+,0.02,0.004514,0.005558,0,0,0,,0.896,2024-25
2026-07-13,2026-07-20,39111,Monroe County,Ohio,OH,quiet,1.1e-05,2959,78,501+,0.02,0.000111,2867,82,501+,0.04,0.004512,0.010028,0,0,0,,0.975,2024-25
2026-07-13,2026-07-20,28055,Issaquena County,Mississippi,MS,quiet,1.1e-05,2960,77,501+,0.02,5.2e-05,3096,80,501+,0.02,0.004512,0.004433,0,0,0,,1.0,2024-25
2026-07-13,2026-07-20,21053,Clinton County,Kentucky,KY,quiet,1.1e-05,2961,79,501+,0.02,0.000115,2850,80,501+,0.04,0.004509,0.010372,0,0,0,,0.89,2024-25
2026-07-13,2026-07-20,21025,Breathitt County,Kentucky,KY,quiet,1.1e-05,2962,80,501+,0.02,8e-05,2990,95,501+,0.03,0.004494,0.007093,0,0,0,,0.943,2024-25
2026-07-13,2026-07-20,54023,Grant County,West Virginia,WV,quiet,1.1e-05,2963,32,501+,0.02,0.000104,2901,35,501+,0.04,0.004481,0.009324,0,0,0,,,
2026-07-13,2026-07-20,17083,Jersey County,Illinois,IL,quiet,1.1e-05,2964,94,501+,0.02,0.000106,2891,89,501+,0.04,0.004413,0.009482,0,0,0,,0.983,2024-25
2026-07-13,2026-07-20,05075,Lawrence County,Arkansas,AR,quiet,1.1e-05,2965,74,501+,0.02,0.000133,2779,73,501+,0.05,0.004411,0.012172,0,0,0,,,
2026-07-13,2026-07-20,54103,Wetzel County,West Virginia,WV,quiet,1.1e-05,2966,33,501+,0.02,0.000111,2866,30,501+,0.04,0.004408,0.01004,0,0,0,,,
2026-07-13,2026-07-20,48345,Motley County,Texas,TX,quiet,1.1e-05,2967,250,501+,0.02,0.000135,2770,238,501+,0.05,0.004385,0.012278,0,0,0,,1.0,2024-25
2026-07-13,2026-07-20,28107,Panola County,Mississippi,MS,quiet,1.1e-05,2968,78,501+,0.02,5.6e-05,3080,78,501+,0.02,0.004383,0.004798,0,0,0,,0.9936,2024-25
2026-07-13,2026-07-20,38051,McIntosh County,North Dakota,ND,quiet,1.1e-05,2969,47,501+,0.02,0.000178,2565,45,501+,0.06,0.004354,0.016479,0,0,0,,0.8571,2024-25
2026-07-13,2026-07-20,21207,Russell County,Kentucky,KY,quiet,1.1e-05,2970,81,501+,0.02,0.000103,2907,85,501+,0.04,0.004349,0.009285,0,0,0,,0.96,2024-25
2026-07-13,2026-07-20,42031,Clarion County,Pennsylvania,PA,quiet,1.1e-05,2971,65,501+,0.02,0.000192,2503,63,501+,0.07,0.004348,0.017941,0,0,0,,0.943,2024-25
2026-07-13,2026-07-20,51071,Giles County,Virginia,VA,quiet,1.1e-05,2972,118,501+,0.02,6.8e-05,3038,117,501+,0.02,0.004333,0.005967,0,0,0,,0.876,2024-25
2026-07-13,2026-07-20,28153,Wayne County,Mississippi,MS,quiet,1.1e-05,2973,79,501+,0.02,6.3e-05,3055,76,501+,0.02,0.004319,0.005503,0,0,0,,0.9932,2024-25
2026-07-13,2026-07-20,31011,Boone County,Nebraska,NE,quiet,1.1e-05,2974,82,501+,0.02,0.00015,2683,74,501+,0.05,0.004316,0.013825,0,0,0,,0.984615385,2024-25
2026-07-13,2026-07-20,21131,Leslie County,Kentucky,KY,quiet,1.1e-05,2975,82,501+,0.02,7e-05,3027,99,501+,0.02,0.004291,0.006151,0,0,0,,0.89622642,2024-25
2026-07-13,2026-07-20,19191,Winneshiek County,Iowa,IA,quiet,1.1e-05,2976,97,501+,0.02,0.000144,2716,87,501+,0.05,0.004286,0.013199,0,0,0,,0.91949153,2024-25
2026-07-13,2026-07-20,33003,Carroll County,New Hampshire,NH,quiet,1.1e-05,2977,9,501+,0.02,0.000123,2814,9,501+,0.04,0.004286,0.011156,0,0,0,,0.904,2024-25
2026-07-13,2026-07-20,17045,Edgar County,Illinois,IL,quiet,1.1e-05,2978,95,501+,0.02,0.000135,2762,78,501+,0.05,0.00428,0.012361,0,0,0,,0.982,2024-25
2026-07-13,2026-07-20,20163,Rooks County,Kansas,KS,quiet,1.1e-05,2979,104,501+,0.02,0.000124,2811,102,501+,0.04,0.004275,0.011211,0,0,0,,1.0,2024-25
2026-07-13,2026-07-20,38039,Griggs County,North Dakota,ND,quiet,1.1e-05,2980,48,501+,0.02,0.000189,2522,42,501+,0.07,0.004268,0.017586,0,0,0,,0.8857,2024-25
2026-07-13,2026-07-20,48101,Cottle County,Texas,TX,quiet,1.1e-05,2981,251,501+,0.02,8.7e-05,2971,244,501+,0.03,0.004256,0.007692,0,0,0,,1.0,2024-25
2026-07-13,2026-07-20,18155,Switzerland County,Indiana,IN,quiet,1.1e-05,2982,86,501+,0.02,9.1e-05,2954,87,501+,0.03,0.004252,0.008134,0,0,0,,0.9554,2024-25
2026-07-13,2026-07-20,51690,Martinsville City,Virginia,VA,quiet,1.1e-05,2983,119,501+,0.02,3.9e-05,3120,130,501+,0.01,0.00423,0.003253,0,0,0,,0.991,2024-25
2026-07-13,2026-07-20,31183,Wheeler County,Nebraska,NE,quiet,1.1e-05,2984,83,501+,0.02,9.1e-05,2957,85,501+,0.03,0.004216,0.00806,0,0,0,,0.9375,2024-25
2026-07-13,2026-07-20,02068,Denali Borough,Alaska,AK,quiet,1.1e-05,2985,30,501+,0.02,5.6e-05,3079,30,501+,0.02,0.004196,0.004813,0,0,0,,,
2026-07-13,2026-07-20,30055,McCone County,Montana,MT,quiet,1.1e-05,2986,51,501+,0.02,0.000119,2834,45,501+,0.04,0.004195,0.010763,0,0,0,,,
2026-07-13,2026-07-20,19117,Lucas County,Iowa,IA,quiet,1.1e-05,2987,98,501+,0.02,9e-05,2958,98,501+,0.03,0.004186,0.00804,0,0,0,,0.85555556,2024-25
2026-07-13,2026-07-20,51147,Prince Edward County,Virginia,VA,quiet,1.1e-05,2988,120,501+,0.02,3.5e-05,3123,131,501+,0.01,0.004186,0.002909,0,0,0,,1.0,2024-25
2026-07-13,2026-07-20,47057,Grainger County,Tennessee,TN,quiet,1e-05,2989,91,501+,0.02,9.2e-05,2952,89,501+,0.03,0.004171,0.008196,0,0,0,,0.987,2024-25
2026-07-13,2026-07-20,21119,Knott County,Kentucky,KY,quiet,1e-05,2990,83,501+,0.02,0.000117,2841,79,501+,0.04,0.004161,0.010629,0,0,0,,0.811,2024-25
2026-07-13,2026-07-20,21203,Rockcastle County,Kentucky,KY,quiet,1e-05,2991,84,501+,0.02,0.000137,2753,68,501+,0.05,0.004156,0.012516,0,0,0,,0.798,2024-25
2026-07-13,2026-07-20,26141,Presque Isle County,Michigan,MI,quiet,1e-05,2992,80,501+,0.02,5.1e-05,3099,80,501+,0.02,0.004155,0.004343,0,0,0,,0.91566265,2024-25
2026-07-13,2026-07-20,39071,Highland County,Ohio,OH,quiet,1e-05,2993,79,501+,0.02,0.000188,2528,73,501+,0.07,0.00415,0.017468,0,0,0,,0.942,2024-25
2026-07-13,2026-07-20,47049,Fentress County,Tennessee,TN,quiet,1e-05,2994,92,501+,0.02,0.000154,2663,81,501+,0.05,0.004136,0.014222,0,0,0,,0.895,2024-25
2026-07-13,2026-07-20,18137,Ripley County,Indiana,IN,quiet,1e-05,2995,87,501+,0.02,0.000122,2821,77,501+,0.04,0.004116,0.011052,0,0,0,,0.9076,2024-25
2026-07-13,2026-07-20,33007,Coos County,New Hampshire,NH,quiet,1e-05,2996,10,501+,0.02,4.6e-05,3107,10,501+,0.02,0.00411,0.003933,0,0,0,,0.944,2024-25
2026-07-13,2026-07-20,29205,Shelby County,Missouri,MO,quiet,1e-05,2997,114,501+,0.02,7.1e-05,3022,114,501+,0.02,0.00409,0.006237,0,0,0,,0.901,2024-25
2026-07-13,2026-07-20,21089,Greenup County,Kentucky,KY,quiet,1e-05,2998,85,501+,0.02,0.000101,2918,86,501+,0.04,0.004087,0.009092,0,0,0,,0.93663912,2024-25
2026-07-13,2026-07-20,21081,Grant County,Kentucky,KY,quiet,1e-05,2999,86,501+,0.02,0.000139,2744,67,501+,0.05,0.004071,0.012709,0,0,0,,0.956,2024-25
2026-07-13,2026-07-20,36123,Yates County,New York,NY,quiet,1e-05,3000,61,501+,0.02,7.1e-05,3023,61,501+,0.02,0.004059,0.006183,0,0,0,,1.0,2024-25
2026-07-13,2026-07-20,36041,Hamilton County,New York,NY,quiet,1e-05,3001,62,501+,0.02,4.6e-05,3108,62,501+,0.02,0.004046,0.003906,0,0,0,,1.0,2024-25
2026-07-13,2026-07-20,54073,Pleasants County,West Virginia,WV,quiet,1e-05,3002,34,501+,0.02,0.000114,2856,29,501+,0.04,0.004039,0.010259,0,0,0,,,
2026-07-13,2026-07-20,31081,Hamilton County,Nebraska,NE,quiet,1e-05,3003,84,501+,0.02,9.9e-05,2932,83,501+,0.03,0.004033,0.008821,0,0,0,,0.876106195,2024-25
2026-07-13,2026-07-20,21195,Pike County,Kentucky,KY,quiet,1e-05,3004,87,501+,0.02,0.000131,2791,74,501+,0.05,0.003968,0.011918,0,0,0,,0.96,2024-25
2026-07-13,2026-07-20,30025,Fallon County,Montana,MT,quiet,1e-05,3005,52,501+,0.02,0.000118,2837,46,501+,0.04,0.003953,0.010707,0,0,0,,,
2026-07-13,2026-07-20,18139,Rush County,Indiana,IN,quiet,1e-05,3006,88,501+,0.02,6.5e-05,3049,91,501+,0.02,0.00395,0.005676,0,0,0,,0.9344,2024-25
2026-07-13,2026-07-20,54005,Boone County,West Virginia,WV,quiet,1e-05,3007,35,501+,0.02,7.3e-05,3018,44,501+,0.03,0.003944,0.006397,0,0,0,,,
2026-07-13,2026-07-20,39033,Crawford County,Ohio,OH,quiet,1e-05,3008,80,501+,0.02,0.000142,2727,77,501+,0.05,0.003925,0.013021,0,0,0,,0.92,2024-25
2026-07-13,2026-07-20,13093,Dooly County,Georgia,GA,quiet,1e-05,3009,157,501+,0.02,7.3e-05,3017,155,501+,0.03,0.003924,0.006424,0,0,0,,,
2026-07-13,2026-07-20,51595,Emporia City,Virginia,VA,quiet,1e-05,3010,121,501+,0.02,6.3e-05,3056,121,501+,0.02,0.003924,0.005476,0,0,0,,,
2026-07-13,2026-07-20,21193,Perry County,Kentucky,KY,quiet,1e-05,3011,88,501+,0.02,0.000118,2839,78,501+,0.04,0.003864,0.010655,0,0,0,,0.776,2024-25
2026-07-13,2026-07-20,21177,Muhlenberg County,Kentucky,KY,quiet,1e-05,3012,89,501+,0.02,0.000119,2835,77,501+,0.04,0.003842,0.010753,0,0,0,,0.917,2024-25
2026-07-13,2026-07-20,21045,Casey County,Kentucky,KY,quiet,1e-05,3013,90,501+,0.02,9.9e-05,2926,87,501+,0.03,0.003808,0.008901,0,0,0,,0.901,2024-25
2026-07-13,2026-07-20,54101,Webster County,West Virginia,WV,quiet,1e-05,3014,36,501+,0.02,9.4e-05,2944,37,501+,0.03,0.003806,0.008372,0,0,0,,,
2026-07-13,2026-07-20,28031,Covington County,Mississippi,MS,quiet,1e-05,3015,80,501+,0.02,4.1e-05,3118,82,501+,0.01,0.003805,0.003441,0,0,0,,0.9915,2024-25
2026-07-13,2026-07-20,21097,Harrison County,Kentucky,KY,quiet,1e-05,3016,91,501+,0.02,8.9e-05,2964,92,501+,0.03,0.003802,0.007942,0,0,0,,0.917,2024-25
2026-07-13,2026-07-20,38075,Renville County,North Dakota,ND,quiet,9e-06,3017,49,501+,0.02,0.000132,2787,51,501+,0.05,0.003796,0.01202,0,0,0,,0.9167,2024-25
2026-07-13,2026-07-20,54071,Pendleton County,West Virginia,WV,quiet,9e-06,3018,37,501+,0.01,6.8e-05,3041,48,501+,0.02,0.00379,0.005898,0,0,0,,,
2026-07-13,2026-07-20,21109,Jackson County,Kentucky,KY,quiet,9e-06,3019,92,501+,0.01,0.000129,2798,76,501+,0.04,0.003786,0.01176,0,0,0,,0.97887324,2024-25
2026-07-13,2026-07-20,28027,Coahoma County,Mississippi,MS,quiet,9e-06,3020,81,501+,0.01,6.2e-05,3061,77,501+,0.02,0.003777,0.005357,0,0,0,,0.9965,2024-25
2026-07-13,2026-07-20,31139,Pierce County,Nebraska,NE,quiet,9e-06,3021,85,501+,0.01,9.1e-05,2955,84,501+,0.03,0.003767,0.008106,0,0,0,,0.901098901,2024-25
2026-07-13,2026-07-20,54091,Taylor County,West Virginia,WV,quiet,9e-06,3022,38,501+,0.01,7.4e-05,3013,42,501+,0.03,0.003756,0.006479,0,0,0,,,
2026-07-13,2026-07-20,54017,Doddridge County,West Virginia,WV,quiet,9e-06,3023,39,501+,0.01,4.1e-05,3117,55,501+,0.01,0.003753,0.00347,0,0,0,,,
2026-07-13,2026-07-20,18165,Vermillion County,Indiana,IN,quiet,9e-06,3024,89,501+,0.01,0.000108,2882,79,501+,0.04,0.003749,0.009708,0,0,0,,0.9739,2024-25
2026-07-13,2026-07-20,28011,Bolivar County,Mississippi,MS,quiet,9e-06,3025,82,501+,0.01,6.7e-05,3044,75,501+,0.02,0.003681,0.005834,0,0,0,,0.9975,2024-25
2026-07-13,2026-07-20,51173,Smyth County,Virginia,VA,quiet,9e-06,3026,122,501+,0.01,5.9e-05,3072,126,501+,0.02,0.00367,0.005073,0,0,0,,0.961,2024-25
2026-07-13,2026-07-20,22127,Winn Parish,Louisiana,LA,quiet,9e-06,3027,64,501+,0.01,5.8e-05,3076,64,501+,0.02,0.003667,0.005006,0,0,0,,0.9914,2024-25
2026-07-13,2026-07-20,19121,Madison County,Iowa,IA,quiet,9e-06,3028,99,501+,0.01,8.4e-05,2978,99,501+,0.03,0.003664,0.007439,0,0,0,,0.88780488,2024-25
2026-07-13,2026-07-20,38007,Billings County,North Dakota,ND,quiet,9e-06,3029,50,501+,0.01,0.000158,2641,47,501+,0.05,0.003644,0.014542,0,0,0,,0.6667,2024-25
2026-07-13,2026-07-20,20195,Trego County,Kansas,KS,quiet,9e-06,3030,105,501+,0.01,6.7e-05,3046,105,501+,0.02,0.003621,0.00579,0,0,0,,0.9802,2024-25
2026-07-13,2026-07-20,18175,Washington County,Indiana,IN,quiet,9e-06,3031,90,501+,0.01,0.000103,2913,80,501+,0.04,0.003617,0.009205,0,0,0,,0.9234,2024-25
2026-07-13,2026-07-20,47133,Overton County,Tennessee,TN,quiet,9e-06,3032,93,501+,0.01,7.1e-05,3026,93,501+,0.02,0.003612,0.006166,0,0,0,,0.944,2024-25
2026-07-13,2026-07-20,51195,Wise County,Virginia,VA,quiet,9e-06,3033,123,501+,0.01,8.9e-05,2965,108,501+,0.03,0.003574,0.007941,0,0,0,,0.932,2024-25
2026-07-13,2026-07-20,13191,McIntosh County,Georgia,GA,quiet,9e-06,3034,158,501+,0.01,6.9e-05,3032,156,501+,0.02,0.003561,0.006054,0,0,0,,,
2026-07-13,2026-07-20,47151,Scott County,Tennessee,TN,quiet,9e-06,3035,94,501+,0.01,7.5e-05,3004,92,501+,0.03,0.003536,0.006597,0,0,0,,0.973,2024-25
2026-07-13,2026-07-20,35033,Mora County,New Mexico,NM,quiet,9e-06,3036,33,501+,0.01,0.000104,2902,30,501+,0.04,0.003517,0.009321,0,0,0,,1.0,2024-25
2026-07-13,2026-07-20,51167,Russell County,Virginia,VA,quiet,9e-06,3037,124,501+,0.01,6.4e-05,3051,119,501+,0.02,0.003512,0.005562,0,0,0,,0.938,2024-25
2026-07-13,2026-07-20,21027,Breckinridge County,Kentucky,KY,quiet,9e-06,3038,93,501+,0.01,0.000145,2712,64,501+,0.05,0.00351,0.013258,0,0,0,,0.89237668,2024-25
2026-07-13,2026-07-20,51169,Scott County,Virginia,VA,quiet,9e-06,3039,125,501+,0.01,4.5e-05,3114,129,501+,0.02,0.003499,0.003778,0,0,0,,0.954,2024-25
2026-07-13,2026-07-20,48443,Terrell County,Texas,TX,quiet,9e-06,3040,252,501+,0.01,3.4e-05,3124,252,501+,0.01,0.003497,0.002808,0,0,0,,1.0,2024-25
2026-07-13,2026-07-20,26001,Alcona County,Michigan,MI,quiet,9e-06,3041,81,501+,0.01,4.5e-05,3113,81,501+,0.02,0.003492,0.003817,0,0,0,,0.92156863,2024-25
2026-07-13,2026-07-20,39105,Meigs County,Ohio,OH,quiet,9e-06,3042,81,501+,0.01,7.9e-05,2996,85,501+,0.03,0.003457,0.006913,0,0,0,,0.979,2024-25
2026-07-13,2026-07-20,08061,Kiowa County,Colorado,CO,quiet,9e-06,3043,63,501+,0.01,4e-05,3119,64,501+,0.01,0.003448,0.003352,0,0,0,,1.0,2024-25
2026-07-13,2026-07-20,48045,Briscoe County,Texas,TX,quiet,9e-06,3044,253,501+,0.01,3e-05,3130,253,501+,0.01,0.003444,0.002432,0,0,0,,1.0,2024-25
2026-07-13,2026-07-20,54099,Wayne County,West Virginia,WV,quiet,9e-06,3045,40,501+,0.01,0.000108,2881,32,501+,0.04,0.003431,0.009724,0,0,0,,,
2026-07-13,2026-07-20,49031,Piute County,Utah,UT,quiet,9e-06,3046,26,501+,0.01,0.000138,2752,26,501+,0.05,0.003413,0.01257,0,0,0,,,
2026-07-13,2026-07-20,55051,Iron County,Wisconsin,WI,quiet,8e-06,3047,72,501+,0.01,5.8e-05,3075,72,501+,0.02,0.0034,0.005026,0,0,0,,0.83,2024-25
2026-07-13,2026-07-20,54015,Clay County,West Virginia,WV,quiet,8e-06,3048,41,501+,0.01,7.5e-05,3005,41,501+,0.03,0.003374,0.006589,0,0,0,,,
2026-07-13,2026-07-20,54095,Tyler County,West Virginia,WV,quiet,8e-06,3049,42,501+,0.01,6.7e-05,3042,49,501+,0.02,0.00337,0.005857,0,0,0,,,
2026-07-13,2026-07-20,54051,Marshall County,West Virginia,WV,quiet,8e-06,3050,43,501+,0.01,7.3e-05,3019,45,501+,0.03,0.003338,0.006395,0,0,0,,,
2026-07-13,2026-07-20,30059,Meagher County,Montana,MT,quiet,8e-06,3051,53,501+,0.01,7.1e-05,3024,52,501+,0.02,0.003336,0.006179,0,0,0,,,
2026-07-13,2026-07-20,31165,Sioux County,Nebraska,NE,quiet,8e-06,3052,86,501+,0.01,6e-05,3069,88,501+,0.02,0.003326,0.005174,0,0,0,,1.0,2024-25
2026-07-13,2026-07-20,54087,Roane County,West Virginia,WV,quiet,8e-06,3053,44,501+,0.01,9.3e-05,2946,38,501+,0.03,0.00332,0.008273,0,0,0,,,
2026-07-13,2026-07-20,31027,Cedar County,Nebraska,NE,quiet,8e-06,3054,87,501+,0.01,6.1e-05,3068,87,501+,0.02,0.003306,0.005285,0,0,0,,0.864,2024-25
2026-07-13,2026-07-20,39175,Wyandot County,Ohio,OH,quiet,8e-06,3055,82,501+,0.01,0.000125,2806,80,501+,0.04,0.0033,0.011396,0,0,0,,0.941,2024-25
2026-07-13,2026-07-20,21013,Bell County,Kentucky,KY,quiet,8e-06,3056,94,501+,0.01,7.5e-05,3010,96,501+,0.03,0.003284,0.006543,0,0,0,,0.868,2024-25
2026-07-13,2026-07-20,17059,Gallatin County,Illinois,IL,quiet,8e-06,3057,96,501+,0.01,0.000105,2899,91,501+,0.04,0.003282,0.009382,0,0,0,,0.979,2024-25
2026-07-13,2026-07-20,31149,Rock County,Nebraska,NE,quiet,8e-06,3058,88,501+,0.01,5.8e-05,3077,89,501+,0.02,0.003279,0.004988,0,0,0,,0.941176471,2019-20
2026-07-13,2026-07-20,21023,Bracken County,Kentucky,KY,quiet,8e-06,3059,95,501+,0.01,7.4e-05,3015,97,501+,0.03,0.003276,0.006476,0,0,0,,0.856,2024-25
2026-07-13,2026-07-20,51197,Wythe County,Virginia,VA,quiet,8e-06,3060,126,501+,0.01,7.5e-05,3003,113,501+,0.03,0.003268,0.006611,0,0,0,,0.897,2024-25
2026-07-13,2026-07-20,48327,Menard County,Texas,TX,quiet,8e-06,3061,254,501+,0.01,2.7e-05,3133,254,501+,0.01,0.003254,0.002201,0,0,0,,1.0,2024-25
2026-07-13,2026-07-20,18025,Crawford County,Indiana,IN,quiet,8e-06,3062,91,501+,0.01,6.8e-05,3039,90,501+,0.02,0.003231,0.005952,0,0,0,,0.9524,2024-25
2026-07-13,2026-07-20,13281,Towns County,Georgia,GA,quiet,8e-06,3063,159,501+,0.01,8.5e-05,2975,153,501+,0.03,0.003225,0.007524,0,0,0,,,
2026-07-13,2026-07-20,21061,Edmonson County,Kentucky,KY,quiet,8e-06,3064,96,501+,0.01,8.3e-05,2983,94,501+,0.03,0.003213,0.007291,0,0,0,,0.944,2024-25
2026-07-13,2026-07-20,05021,Clay County,Arkansas,AR,quiet,8e-06,3065,75,501+,0.01,8.6e-05,2973,75,501+,0.03,0.003212,0.007636,0,0,0,,,
2026-07-13,2026-07-20,54109,Wyoming County,West Virginia,WV,quiet,8e-06,3066,45,501+,0.01,9.4e-05,2943,36,501+,0.03,0.003204,0.008377,0,0,0,,,
2026-07-13,2026-07-20,21153,Magoffin County,Kentucky,KY,quiet,8e-06,3067,97,501+,0.01,6e-05,3071,108,501+,0.02,0.003196,0.005153,0,0,0,,0.891,2024-25
2026-07-13,2026-07-20,51035,Carroll County,Virginia,VA,quiet,8e-06,3068,127,501+,0.01,6.3e-05,3057,122,501+,0.02,0.003183,0.005466,0,0,0,,0.94,2024-25
2026-07-13,2026-07-20,38029,Emmons County,North Dakota,ND,quiet,8e-06,3069,51,501+,0.01,0.000147,2695,49,501+,0.05,0.00318,0.013522,0,0,0,,0.8621,2024-25
2026-07-13,2026-07-20,17159,Richland County,Illinois,IL,quiet,8e-06,3070,97,501+,0.01,7e-05,3028,98,501+,0.02,0.003159,0.006136,0,0,0,,0.988,2024-25
2026-07-13,2026-07-20,21091,Hancock County,Kentucky,KY,quiet,8e-06,3071,98,501+,0.01,6.7e-05,3045,103,501+,0.02,0.003138,0.005793,0,0,0,,0.905,2024-25
2026-07-13,2026-07-20,39001,Adams County,Ohio,OH,quiet,8e-06,3072,83,501+,0.01,9.2e-05,2953,83,501+,0.03,0.003132,0.008148,0,0,0,,0.969,2024-25
2026-07-13,2026-07-20,54059,Mingo County,West Virginia,WV,quiet,8e-06,3073,46,501+,0.01,9e-05,2963,39,501+,0.03,0.003104,0.007964,0,0,0,,,
2026-07-13,2026-07-20,51045,Craig County,Virginia,VA,quiet,8e-06,3074,128,501+,0.01,6.2e-05,3060,124,501+,0.02,0.003089,0.005413,0,0,0,,1.0,2024-25
2026-07-13,2026-07-20,21201,Robertson County,Kentucky,KY,quiet,7e-06,3075,99,501+,0.01,4.9e-05,3103,113,501+,0.02,0.003022,0.004209,0,0,0,,0.952,2024-25
2026-07-13,2026-07-20,21095,Harlan County,Kentucky,KY,quiet,7e-06,3076,100,501+,0.01,0.000111,2869,81,501+,0.04,0.003,0.009982,0,0,0,,0.81896552,2024-25
2026-07-13,2026-07-20,39031,Coshocton County,Ohio,OH,quiet,7e-06,3077,84,501+,0.01,0.000133,2781,79,501+,0.05,0.002983,0.012154,0,0,0,,0.934,2024-25
2026-07-13,2026-07-20,17023,Clark County,Illinois,IL,quiet,7e-06,3078,98,501+,0.01,7.1e-05,3025,97,501+,0.02,0.002981,0.006175,0,0,0,,0.986,2024-25
2026-07-13,2026-07-20,39121,Noble County,Ohio,OH,quiet,7e-06,3079,85,501+,0.01,8.4e-05,2980,84,501+,0.03,0.002972,0.007411,0,0,0,,0.941,2024-25
2026-07-13,2026-07-20,54013,Calhoun County,West Virginia,WV,quiet,7e-06,3080,47,501+,0.01,0.000132,2786,28,501+,0.05,0.002949,0.012043,0,0,0,,,
2026-07-13,2026-07-20,21135,Lewis County,Kentucky,KY,quiet,7e-06,3081,101,501+,0.01,7.2e-05,3021,98,501+,0.03,0.002924,0.006327,0,0,0,,0.951,2024-25
2026-07-13,2026-07-20,17061,Greene County,Illinois,IL,quiet,7e-06,3082,99,501+,0.01,5.5e-05,3084,99,501+,0.02,0.002914,0.004743,0,0,0,,0.986,2024-25
2026-07-13,2026-07-20,31057,Dundy County,Nebraska,NE,quiet,7e-06,3083,89,501+,0.01,7e-05,3029,86,501+,0.02,0.002875,0.006079,0,0,0,,0.909090909,2024-25
2026-07-13,2026-07-20,39079,Jackson County,Ohio,OH,quiet,7e-06,3084,86,501+,0.01,7.7e-05,3000,86,501+,0.03,0.002801,0.00681,0,0,0,,0.919,2024-25
2026-07-13,2026-07-20,54097,Upshur County,West Virginia,WV,quiet,7e-06,3085,48,501+,0.01,8.7e-05,2972,40,501+,0.03,0.002786,0.007684,0,0,0,,,
2026-07-13,2026-07-20,54045,Logan County,West Virginia,WV,quiet,7e-06,3086,49,501+,0.01,5.2e-05,3095,52,501+,0.02,0.002767,0.004433,0,0,0,,,
2026-07-13,2026-07-20,39163,Vinton County,Ohio,OH,quiet,7e-06,3087,87,501+,0.01,7.4e-05,3011,87,501+,0.03,0.002764,0.006523,0,0,0,,0.902,2024-25
2026-07-13,2026-07-20,21003,Allen County,Kentucky,KY,quiet,7e-06,3088,102,501+,0.01,8.4e-05,2976,93,501+,0.03,0.002755,0.007452,0,0,0,,0.963,2024-25
2026-07-13,2026-07-20,54075,Pocahontas County,West Virginia,WV,quiet,7e-06,3089,50,501+,0.01,7.2e-05,3020,46,501+,0.03,0.002717,0.006345,0,0,0,,,
2026-07-13,2026-07-20,31171,Thomas County,Nebraska,NE,quiet,7e-06,3090,90,501+,0.01,5.4e-05,3089,90,501+,0.02,0.002705,0.004587,0,0,0,,1.0,2019-20
2026-07-13,2026-07-20,29227,Worth County,Missouri,MO,quiet,6e-06,3091,115,501+,0.01,3e-05,3129,115,501+,0.01,0.002622,0.002456,0,0,0,,1.0,2024-25
2026-07-13,2026-07-20,54035,Jackson County,West Virginia,WV,quiet,6e-06,3092,51,501+,0.01,7.3e-05,3016,43,501+,0.03,0.002602,0.006428,0,0,0,,,
2026-07-13,2026-07-20,51185,Tazewell County,Virginia,VA,quiet,6e-06,3093,129,501+,0.01,8.9e-05,2966,109,501+,0.03,0.002555,0.007923,0,0,0,,0.858,2024-25
2026-07-13,2026-07-20,21197,Powell County,Kentucky,KY,quiet,6e-06,3094,103,501+,0.01,4.5e-05,3110,116,501+,0.02,0.002524,0.003851,0,0,0,,0.933,2024-25
2026-07-13,2026-07-20,38083,Sheridan County,North Dakota,ND,quiet,6e-06,3095,52,501+,0.01,0.000165,2610,46,501+,0.06,0.002511,0.015214,0,0,0,,0.5714,2024-25
2026-07-13,2026-07-20,30103,Treasure County,Montana,MT,quiet,6e-06,3096,54,501+,0.01,5.8e-05,3074,54,501+,0.02,0.002505,0.00503,0,0,0,,,
2026-07-13,2026-07-20,30069,Petroleum County,Montana,MT,quiet,6e-06,3097,55,501+,0.01,5.7e-05,3078,55,501+,0.02,0.0025,0.004863,0,0,0,,,
2026-07-13,2026-07-20,54085,Ritchie County,West Virginia,WV,quiet,6e-06,3098,52,501+,0.01,6.1e-05,3064,50,501+,0.02,0.002479,0.005313,0,0,0,,,
2026-07-13,2026-07-20,21069,Fleming County,Kentucky,KY,quiet,6e-06,3099,104,501+,0.01,5.5e-05,3082,110,501+,0.02,0.002445,0.004767,0,0,0,,0.902,2024-25
2026-07-13,2026-07-20,54053,Mason County,West Virginia,WV,quiet,6e-06,3100,53,501+,0.01,5.1e-05,3098,54,501+,0.02,0.002435,0.004366,0,0,0,,,
2026-07-13,2026-07-20,21181,Nicholas County,Kentucky,KY,quiet,6e-06,3101,105,501+,0.01,6.1e-05,3066,106,501+,0.02,0.002359,0.005297,0,0,0,,0.962,2024-25
2026-07-13,2026-07-20,21063,Elliott County,Kentucky,KY,quiet,6e-06,3102,106,501+,0.01,6.9e-05,3031,100,501+,0.02,0.002329,0.006056,0,0,0,,0.929,2024-25
2026-07-13,2026-07-20,21011,Bath County,Kentucky,KY,quiet,6e-06,3103,107,501+,0.01,6.1e-05,3067,107,501+,0.02,0.002318,0.005291,0,0,0,,0.858,2024-25
2026-07-13,2026-07-20,21205,Rowan County,Kentucky,KY,quiet,6e-06,3104,108,501+,0.01,9.2e-05,2949,91,501+,0.03,0.002268,0.00822,0,0,0,,0.899,2024-25
2026-07-13,2026-07-20,21139,Livingston County,Kentucky,KY,quiet,6e-06,3105,109,501+,0.01,5.5e-05,3085,111,501+,0.02,0.002255,0.004732,0,0,0,,0.924,2024-25
2026-07-13,2026-07-20,21169,Metcalfe County,Kentucky,KY,quiet,6e-06,3106,110,501+,0.01,4.7e-05,3105,114,501+,0.02,0.002255,0.003971,0,0,0,,0.99,2024-25
2026-07-13,2026-07-20,26119,Montmorency County,Michigan,MI,quiet,6e-06,3107,82,501+,0.01,2.9e-05,3132,82,501+,0.01,0.002244,0.002369,0,0,0,,0.89583333,2024-25
2026-07-13,2026-07-20,54105,Wirt County,West Virginia,WV,quiet,5e-06,3108,54,501+,0.01,5.3e-05,3092,51,501+,0.02,0.002229,0.004504,0,0,0,,,
2026-07-13,2026-07-20,21115,Johnson County,Kentucky,KY,quiet,5e-06,3109,111,501+,0.01,5.8e-05,3073,109,501+,0.02,0.002199,0.005035,0,0,0,,0.875,2024-25
2026-07-13,2026-07-20,31071,Garfield County,Nebraska,NE,quiet,5e-06,3110,91,501+,0.01,4.2e-05,3116,91,501+,0.01,0.002199,0.003516,0,0,0,,1.0,2024-25
2026-07-13,2026-07-20,21121,Knox County,Kentucky,KY,quiet,5e-06,3111,112,501+,0.01,4.2e-05,3115,118,501+,0.01,0.002169,0.003517,0,0,0,,0.892,2024-25
2026-07-13,2026-07-20,39131,Pike County,Ohio,OH,quiet,5e-06,3112,88,501+,0.01,5.5e-05,3083,88,501+,0.02,0.002156,0.004744,0,0,0,,0.949,2024-25
2026-07-13,2026-07-20,21165,Menifee County,Kentucky,KY,quiet,5e-06,3113,113,501+,0.01,3.5e-05,3122,120,501+,0.01,0.002141,0.002912,0,0,0,,1.0,2023-24
2026-07-13,2026-07-20,21133,Letcher County,Kentucky,KY,quiet,5e-06,3114,114,501+,0.01,4.6e-05,3109,115,501+,0.02,0.002121,0.003893,0,0,0,,0.921,2024-25
2026-07-13,2026-07-20,21065,Estill County,Kentucky,KY,quiet,5e-06,3115,115,501+,0.01,6.9e-05,3037,101,501+,0.02,0.002105,0.005985,0,0,0,,0.951,2024-25
2026-07-13,2026-07-20,51091,Highland County,Virginia,VA,quiet,5e-06,3116,130,501+,0.01,3.2e-05,3126,132,501+,0.01,0.002058,0.002603,0,0,0,,1.0,2024-25
2026-07-13,2026-07-20,18009,Blackford County,Indiana,IN,quiet,5e-06,3117,92,501+,0.01,6.1e-05,3063,92,501+,0.02,0.002038,0.005315,0,0,0,,0.93,2024-25
2026-07-13,2026-07-20,31117,McPherson County,Nebraska,NE,quiet,5e-06,3118,92,501+,0.01,3.1e-05,3128,92,501+,0.01,0.002033,0.002556,0,0,0,,1.0,2024-25
2026-07-13,2026-07-20,21071,Floyd County,Kentucky,KY,quiet,5e-06,3119,116,501+,0.01,6.6e-05,3047,104,501+,0.02,0.002018,0.005752,0,0,0,,0.947,2024-25
2026-07-13,2026-07-20,21187,Owen County,Kentucky,KY,quiet,5e-06,3120,117,501+,0.01,3.9e-05,3121,119,501+,0.01,0.002016,0.003246,0,0,0,,0.992,2024-25
2026-07-13,2026-07-20,51027,Buchanan County,Virginia,VA,quiet,5e-06,3121,131,501+,0.01,5.1e-05,3100,128,501+,0.02,0.001992,0.004331,0,0,0,,0.982,2024-25
2026-07-13,2026-07-20,21127,Lawrence County,Kentucky,KY,quiet,5e-06,3122,118,501+,0.01,5e-05,3101,112,501+,0.02,0.001966,0.004259,0,0,0,,0.848,2024-25
2026-07-13,2026-07-20,47137,Pickett County,Tennessee,TN,quiet,5e-06,3123,95,501+,0.01,3.2e-05,3127,95,501+,0.01,0.001953,0.002598,0,0,0,,1.0,2023-24
2026-07-13,2026-07-20,54043,Lincoln County,West Virginia,WV,quiet,5e-06,3124,55,501+,0.01,5.1e-05,3097,53,501+,0.02,0.001918,0.004386,0,0,0,,,
2026-07-13,2026-07-20,17065,Hamilton County,Illinois,IL,quiet,5e-06,3125,100,501+,0.01,3.3e-05,3125,101,501+,0.01,0.001908,0.002737,0,0,0,,0.989,2024-25
2026-07-13,2026-07-20,21043,Carter County,Kentucky,KY,quiet,5e-06,3126,119,501+,0.01,4.5e-05,3111,117,501+,0.02,0.001856,0.003847,0,0,0,,0.912,2024-25
2026-07-13,2026-07-20,17193,White County,Illinois,IL,quiet,4e-06,3127,101,501+,0.01,4.5e-05,3112,100,501+,0.02,0.00184,0.003822,0,0,0,,0.988,2024-25
2026-07-13,2026-07-20,51720,Norton City,Virginia,VA,quiet,4e-06,3128,132,501+,0.01,7.5e-05,3008,114,501+,0.03,0.00175,0.006564,0,0,0,,1.0,2022-23
2026-07-13,2026-07-20,08079,Mineral County,Colorado,CO,quiet,4e-06,3129,64,501+,0.01,5.2e-05,3094,63,501+,0.02,0.001674,0.004455,0,0,0,,1.0,2024-25
2026-07-13,2026-07-20,21235,Whitley County,Kentucky,KY,quiet,4e-06,3130,120,501+,0.01,6.4e-05,3054,105,501+,0.02,0.001588,0.005518,0,0,0,,0.853,2024-25
2026-07-13,2026-07-20,17069,Hardin County,Illinois,IL,quiet,4e-06,3131,102,501+,0.01,2.9e-05,3131,102,501+,0.01,0.001538,0.002398,0,0,0,,1.0,2024-25
2026-07-13,2026-07-20,30051,Liberty County,Montana,MT,quiet,4e-06,3132,56,501+,0.01,4.9e-05,3104,56,501+,0.02,0.001522,0.004198,0,0,0,,,
2026-07-13,2026-07-20,26083,Keweenaw County,Michigan,MI,quiet,4e-06,3133,83,501+,0.01,2.6e-05,3134,83,501+,0.01,0.001479,0.002141,0,0,0,,,
2026-07-13,2026-07-20,51051,Dickenson County,Virginia,VA,quiet,3e-06,3134,133,501+,0.01,2e-05,3136,133,501+,0.01,0.001364,0.001622,0,0,0,,0.991,2024-25
2026-07-13,2026-07-20,38087,Slope County,North Dakota,ND,quiet,3e-06,3135,53,501+,0.0,5.2e-05,3093,53,501+,0.02,0.001289,0.00446,0,0,0,,1.0,2021-22
2026-07-13,2026-07-20,31009,Blaine County,Nebraska,NE,quiet,3e-06,3136,93,501+,0.0,2.1e-05,3135,93,501+,0.01,0.001075,0.001653,0,0,0,,1.0,2019-20
2026-07-13,2026-07-20,04013,Maricopa County,Arizona,AZ,active,,,,,,,,,,,,,1,3,18,0,0.882,2024-25
2026-07-13,2026-07-20,04021,Pinal County,Arizona,AZ,active,,,,,,,,,,,,,1,12,17,0,0.899,2024-25
2026-07-13,2026-07-20,42029,Chester County,Pennsylvania,PA,active,,,,,,,,,,,,,2,6,7,0,0.945,2024-25
2026-07-13,2026-07-20,42071,Lancaster County,Pennsylvania,PA,active,,,,,,,,,,,,,5,28,69,0,0.885,2024-25
2026-07-13,2026-07-20,49035,Salt Lake County,Utah,UT,active,,,,,,,,,,,,,1,3,65,0,0.925512,2024-25
2026-07-13,2026-07-20,49049,Utah County,Utah,UT,active,,,,,,,,,,,,,2,2,116,0,0.881637,2024-25
2026-07-13,2026-07-20,49057,Weber County,Utah,UT,active,,,,,,,,,,,,,1,1,3,0,0.919953,2024-25
2026-07-13,2026-07-20,56039,Teton County,Wyoming,WY,active,,,,,,,,,,,,,3,5,5,0,0.95,2022-23
