forecast_origin_week,target_week_start,fips,county,state,state_abbr,status,prob_case_next_week,national_rank_next_week,state_rank_next_week,tier_next_week,relative_risk_next_week,prob_case_next_4_weeks,national_rank_next_4_weeks,state_rank_next_4_weeks,tier_next_4_weeks,relative_risk_next_4_weeks,model_score_next_week,model_score_next_4_weeks,cases_this_week,cases_last_4_weeks,cumulative_cases_since_2025,weeks_since_last_case,kindergarten_mmr_coverage,mmr_school_year
2026-05-25,2026-06-01,04013,Maricopa County,Arizona,AZ,quiet,0.139836,1,1,Top 50,92.1,0.304764,3,1,Top 50,58.78,0.978209,0.981196,0,5,15,1,0.875,2023-24
2026-05-25,2026-06-01,13121,Fulton County,Georgia,GA,quiet,0.131693,2,1,Top 50,86.74,0.262041,5,1,Top 50,50.54,0.976786,0.977098,0,3,13,1,,
2026-05-25,2026-06-01,26139,Ottawa County,Michigan,MI,quiet,0.128148,3,1,Top 50,84.4,0.160761,13,1,Top 50,31.01,0.976114,0.959439,0,3,4,1,0.9426,2023-24
2026-05-25,2026-06-01,53071,Walla Walla County,Washington,WA,quiet,0.126707,4,1,Top 50,83.45,0.184739,11,1,Top 50,35.63,0.975831,0.965247,0,5,7,1,0.90851735,2023-24
2026-05-25,2026-06-01,48453,Travis County,Texas,TX,quiet,0.111553,5,1,Top 50,73.47,0.263573,4,1,Top 50,50.84,0.972439,0.977267,0,1,3,1,0.89611787,2023-24
2026-05-25,2026-06-01,12095,Orange County,Florida,FL,quiet,0.095341,6,1,Top 50,62.79,0.245925,6,1,Top 50,47.43,0.96771,0.975206,0,3,3,1,0.873,2022-23
2026-05-25,2026-06-01,36061,New York County,New York,NY,quiet,0.0755,7,1,Top 50,49.73,0.222333,8,1,Top 50,42.88,0.959396,0.971975,0,2,26,3,0.99160897,2022-23
2026-05-25,2026-06-01,49045,Tooele County,Utah,UT,quiet,0.075487,8,1,Top 50,49.72,0.131791,17,3,Top 50,25.42,0.959389,0.949846,0,1,19,3,0.968,2022-23
2026-05-25,2026-06-01,06037,Los Angeles County,California,CA,quiet,0.073405,9,1,Top 50,48.35,0.349127,2,1,Top 50,67.34,0.958277,0.984443,0,1,10,1,0.9706,2023-24
2026-05-25,2026-06-01,06059,Orange County,California,CA,quiet,0.072809,10,2,Top 50,47.95,0.160507,14,2,Top 50,30.96,0.957948,0.959369,0,0,5,4,0.97374,2023-24
2026-05-25,2026-06-01,12011,Broward County,Florida,FL,quiet,0.066803,11,2,Top 50,44.0,0.20112,10,2,Top 50,38.79,0.954332,0.968467,0,0,7,5,0.919,2022-23
2026-05-25,2026-06-01,38035,Grand Forks County,North Dakota,ND,quiet,0.065614,12,1,Top 50,43.22,0.086433,34,2,Top 50,16.67,0.953544,0.923395,0,1,14,2,0.9341,2023-24
2026-05-25,2026-06-01,53033,King County,Washington,WA,quiet,0.064426,13,2,Top 50,42.43,0.163829,12,2,Top 50,31.6,0.952731,0.96027,0,0,10,7,0.92208376,2023-24
2026-05-25,2026-06-01,49011,Davis County,Utah,UT,quiet,0.063086,14,2,Top 50,41.55,0.20309,9,2,Top 50,39.17,0.951779,0.968822,0,0,15,8,0.964,2022-23
2026-05-25,2026-06-01,48201,Harris County,Texas,TX,quiet,0.049477,15,2,Top 50,32.59,0.113881,22,2,Top 50,21.97,0.939493,0.941701,0,0,10,4,0.94137416,2023-24
2026-05-25,2026-06-01,38017,Cass County,North Dakota,ND,quiet,0.048293,16,2,Top 50,31.81,0.125043,20,1,Top 50,24.12,0.938129,0.947029,0,1,8,2,0.9271,2023-24
2026-05-25,2026-06-01,26099,Macomb County,Michigan,MI,quiet,0.04575,17,2,Top 50,30.13,0.112039,24,2,Top 50,21.61,0.934986,0.940729,0,1,4,3,0.8707,2023-24
2026-05-25,2026-06-01,12057,Hillsborough County,Florida,FL,quiet,0.043953,18,3,Top 50,28.95,0.131082,19,5,Top 50,25.28,0.932567,0.949563,0,0,3,5,0.911,2022-23
2026-05-25,2026-06-01,12099,Palm Beach County,Florida,FL,quiet,0.042777,19,4,Top 50,28.17,0.157746,15,3,Top 50,30.43,0.930887,0.958593,0,0,3,4,0.906,2022-23
2026-05-25,2026-06-01,53037,Kittitas County,Washington,WA,quiet,0.040861,20,3,Top 50,26.91,0.065301,53,5,51–150,12.6,0.927962,0.900214,0,0,7,4,0.90339426,2023-24
2026-05-25,2026-06-01,06065,Riverside County,California,CA,quiet,0.038676,21,3,Top 50,25.47,0.15377,16,3,Top 50,29.66,0.924313,0.957431,0,0,6,4,0.9585,2023-24
2026-05-25,2026-06-01,48157,Fort Bend County,Texas,TX,quiet,0.036314,22,3,Top 50,23.92,0.070521,49,6,Top 50,13.6,0.919933,0.907076,0,0,1,60,0.95671422,2023-24
2026-05-25,2026-06-01,49035,Salt Lake County,Utah,UT,quiet,0.03619,23,3,Top 50,23.84,0.226548,7,1,Top 50,43.7,0.919688,0.972599,0,0,62,7,0.967,2022-23
2026-05-25,2026-06-01,08065,Lake County,Colorado,CO,quiet,0.035952,24,1,Top 50,23.68,0.399893,1,1,Top 50,77.13,0.919215,0.98732,0,5,9,1,0.7077,2023-24
2026-05-25,2026-06-01,49057,Weber County,Utah,UT,quiet,0.034069,25,4,Top 50,22.44,0.079522,39,5,Top 50,15.34,0.915271,0.917021,0,0,2,18,0.965,2022-23
2026-05-25,2026-06-01,26081,Kent County,Michigan,MI,quiet,0.033627,26,3,Top 50,22.15,0.100848,28,3,Top 50,19.45,0.914288,0.934135,0,0,4,44,0.9315,2023-24
2026-05-25,2026-06-01,04005,Coconino County,Arizona,AZ,quiet,0.026892,27,2,Top 50,17.71,0.063355,54,3,51–150,12.22,0.895886,0.897404,0,0,5,5,0.868,2023-24
2026-05-25,2026-06-01,06073,San Diego County,California,CA,quiet,0.026874,28,4,Top 50,17.7,0.102431,26,5,Top 50,19.76,0.895828,0.935146,0,0,1,41,0.9483,2023-24
2026-05-25,2026-06-01,08123,Weld County,Colorado,CO,quiet,0.026146,29,2,Top 50,17.22,0.070538,48,5,Top 50,13.61,0.893347,0.907097,0,0,6,6,0.9349,2023-24
2026-05-25,2026-06-01,53063,Spokane County,Washington,WA,quiet,0.025982,30,4,Top 50,17.11,0.072272,46,4,Top 50,13.94,0.892773,0.909182,0,0,2,9,0.86362039,2023-24
2026-05-25,2026-06-01,12086,Miami-Dade County,Florida,FL,quiet,0.025803,31,5,Top 50,16.99,0.131615,18,4,Top 50,25.39,0.892137,0.949776,0,0,2,17,0.909,2022-23
2026-05-25,2026-06-01,53061,Snohomish County,Washington,WA,quiet,0.02524,32,5,Top 50,16.62,0.082007,38,3,Top 50,15.82,0.89009,0.919424,0,0,16,13,0.92387111,2023-24
2026-05-25,2026-06-01,48491,Williamson County,Texas,TX,quiet,0.024934,33,4,Top 50,16.42,0.092687,31,3,Top 50,17.88,0.888944,0.928423,0,0,8,42,0.94866744,2023-24
2026-05-25,2026-06-01,49043,Summit County,Utah,UT,quiet,0.024755,34,5,Top 50,16.3,0.112297,23,4,Top 50,21.66,0.88826,0.940867,0,0,5,8,0.961,2022-23
2026-05-25,2026-06-01,06075,San Francisco County,California,CA,quiet,0.024462,35,5,Top 50,16.11,0.039763,95,13,51–150,7.67,0.887129,0.845503,0,0,1,6,0.98366,2023-24
2026-05-25,2026-06-01,04019,Pima County,Arizona,AZ,quiet,0.022615,36,3,Top 50,14.9,0.098101,29,2,Top 50,18.92,0.879404,0.932308,0,0,3,15,0.928,2023-24
2026-05-25,2026-06-01,12097,Osceola County,Florida,FL,quiet,0.022161,37,6,Top 50,14.6,0.075749,42,8,Top 50,14.61,0.877337,0.913108,0,0,1,11,0.869,2022-23
2026-05-25,2026-06-01,17031,Cook County,Illinois,IL,quiet,0.021918,38,1,Top 50,14.44,0.094078,30,1,Top 50,18.15,0.876198,0.92946,0,0,8,34,,
2026-05-25,2026-06-01,08005,Arapahoe County,Colorado,CO,quiet,0.021917,39,3,Top 50,14.43,0.077488,40,3,Top 50,14.95,0.876194,0.914954,0,0,6,15,0.8738,2023-24
2026-05-25,2026-06-01,48085,Collin County,Texas,TX,quiet,0.021759,40,5,Top 50,14.33,0.05905,58,7,51–150,11.39,0.875445,0.890619,0,0,4,51,0.93311441,2023-24
2026-05-25,2026-06-01,53005,Benton County,Washington,WA,quiet,0.02174,41,6,Top 50,14.32,0.057007,63,7,51–150,11.0,0.875357,0.88709,0,0,0,,0.94438223,2023-24
2026-05-25,2026-06-01,06067,Sacramento County,California,CA,quiet,0.020609,42,6,Top 50,13.57,0.116372,21,4,Top 50,22.45,0.869698,0.942971,0,0,13,4,0.96436,2023-24
2026-05-25,2026-06-01,48029,Bexar County,Texas,TX,quiet,0.020278,43,6,Top 50,13.36,0.087728,33,4,Top 50,16.92,0.867939,0.924489,0,0,3,11,0.94400158,2023-24
2026-05-25,2026-06-01,41051,Multnomah County,Oregon,OR,quiet,0.020078,44,1,Top 50,13.22,0.074555,44,1,Top 50,14.38,0.866858,0.911796,0,0,1,48,0.926,2023-24
2026-05-25,2026-06-01,08031,Denver County,Colorado,CO,quiet,0.019617,45,4,Top 50,12.92,0.101777,27,2,Top 50,19.63,0.864288,0.934732,0,0,4,51,0.8902,2023-24
2026-05-25,2026-06-01,32003,Clark County,Nevada,NV,quiet,0.019128,46,1,Top 50,12.6,0.103768,25,1,Top 50,20.01,0.861446,0.93598,0,0,1,29,0.93,2022-23
2026-05-25,2026-06-01,06081,San Mateo County,California,CA,quiet,0.01904,47,7,Top 50,12.54,0.044341,82,10,51–150,8.55,0.860922,0.859176,0,0,3,17,0.9854,2023-24
2026-05-25,2026-06-01,06001,Alameda County,California,CA,quiet,0.01875,48,8,Top 50,12.35,0.067417,50,6,Top 50,13.0,0.859169,0.903109,0,0,0,,0.96359,2023-24
2026-05-25,2026-06-01,38105,Williams County,North Dakota,ND,quiet,0.017756,49,3,Top 50,11.69,0.057832,60,3,51–150,11.15,0.852792,0.88854,0,0,19,16,0.8346,2023-24
2026-05-25,2026-06-01,48141,El Paso County,Texas,TX,quiet,0.01771,50,7,Top 50,11.66,0.082489,37,5,Top 50,15.91,0.852482,0.919875,0,0,85,9,0.9637031,2023-24
2026-05-25,2026-06-01,13089,DeKalb County,Georgia,GA,quiet,0.017599,51,2,51–150,11.59,0.034634,111,4,51–150,6.68,0.851729,0.826739,0,0,0,,,
2026-05-25,2026-06-01,06071,San Bernardino County,California,CA,quiet,0.017235,52,9,51–150,11.35,0.042063,87,11,51–150,8.11,0.849207,0.852681,0,0,0,,0.93548,2023-24
2026-05-25,2026-06-01,04015,Mohave County,Arizona,AZ,quiet,0.017202,53,4,51–150,11.33,0.051054,73,4,51–150,9.85,0.848976,0.87544,0,3,285,3,0.76,2023-24
2026-05-25,2026-06-01,53021,Franklin County,Washington,WA,quiet,0.017163,54,7,51–150,11.3,0.03752,100,8,51–150,7.24,0.8487,0.837813,0,0,0,,0.94777699,2023-24
2026-05-25,2026-06-01,12031,Duval County,Florida,FL,quiet,0.017024,55,7,51–150,11.21,0.07721,41,7,Top 50,14.89,0.847706,0.914664,0,0,7,16,0.889,2022-23
2026-05-25,2026-06-01,41005,Clackamas County,Oregon,OR,quiet,0.01696,56,2,51–150,11.17,0.049581,77,2,51–150,9.56,0.847242,0.872192,0,0,2,13,0.91,2023-24
2026-05-25,2026-06-01,53065,Stevens County,Washington,WA,quiet,0.016848,57,8,51–150,11.1,0.023531,151,14,151–500,4.54,0.846432,0.765375,0,0,3,15,0.76923077,2023-24
2026-05-25,2026-06-01,12117,Seminole County,Florida,FL,quiet,0.016843,58,8,51–150,11.09,0.072919,45,9,Top 50,14.06,0.846393,0.909939,0,0,0,,0.902,2022-23
2026-05-25,2026-06-01,12103,Pinellas County,Florida,FL,quiet,0.016751,59,9,51–150,11.03,0.065888,51,10,51–150,12.71,0.845718,0.901033,0,0,6,12,0.893,2022-23
2026-05-25,2026-06-01,06085,Santa Clara County,California,CA,quiet,0.016431,60,10,51–150,10.82,0.040584,92,12,51–150,7.83,0.843316,0.848142,0,0,2,13,0.98631,2023-24
2026-05-25,2026-06-01,21067,Fayette County,Kentucky,KY,quiet,0.016282,61,1,51–150,10.72,0.039522,96,1,51–150,7.62,0.84217,0.844712,0,0,6,46,0.932,2022-23
2026-05-25,2026-06-01,08077,Mesa County,Colorado,CO,quiet,0.015748,62,5,51–150,10.37,0.074821,43,4,Top 50,14.43,0.837928,0.912092,0,0,11,32,0.857,2023-24
2026-05-25,2026-06-01,08013,Boulder County,Colorado,CO,quiet,0.015496,63,6,51–150,10.21,0.057241,62,8,51–150,11.04,0.835844,0.887504,0,0,1,50,0.915,2023-24
2026-05-25,2026-06-01,12021,Collier County,Florida,FL,quiet,0.015486,64,10,51–150,10.2,0.055745,65,11,51–150,10.75,0.83576,0.884799,0,0,107,7,0.881,2022-23
2026-05-25,2026-06-01,08041,El Paso County,Colorado,CO,quiet,0.015344,65,7,51–150,10.11,0.057272,61,7,51–150,11.05,0.834554,0.88756,0,0,4,50,0.7925,2023-24
2026-05-25,2026-06-01,13067,Cobb County,Georgia,GA,quiet,0.014798,66,3,51–150,9.75,0.040121,94,3,51–150,7.74,0.829771,0.846667,0,0,0,,,
2026-05-25,2026-06-01,26125,Oakland County,Michigan,MI,quiet,0.014213,67,4,51–150,9.36,0.072238,47,4,Top 50,13.93,0.824311,0.909143,0,0,2,23,0.8826,2023-24
2026-05-25,2026-06-01,41067,Washington County,Oregon,OR,quiet,0.014112,68,3,51–150,9.29,0.036804,101,3,51–150,7.1,0.823328,0.835197,0,0,0,,0.953,2023-24
2026-05-25,2026-06-01,26121,Muskegon County,Michigan,MI,quiet,0.013986,69,5,51–150,9.21,0.065592,52,5,51–150,12.65,0.822099,0.900622,0,0,3,31,0.9253,2023-24
2026-05-25,2026-06-01,17043,DuPage County,Illinois,IL,quiet,0.013968,70,2,51–150,9.2,0.04049,93,2,51–150,7.81,0.821921,0.847847,0,0,0,,,
2026-05-25,2026-06-01,32031,Washoe County,Nevada,NV,quiet,0.013941,71,2,51–150,9.18,0.042498,85,2,51–150,8.2,0.821648,0.853966,0,0,1,22,0.95,2022-23
2026-05-25,2026-06-01,42091,Montgomery County,Pennsylvania,PA,quiet,0.013694,72,1,51–150,9.02,0.040759,91,2,51–150,7.86,0.819155,0.848695,0,0,4,13,0.95207475,2023-24
2026-05-25,2026-06-01,53053,Pierce County,Washington,WA,quiet,0.013617,73,9,51–150,8.97,0.058482,59,6,51–150,11.28,0.818373,0.889659,0,0,0,,0.91577956,2023-24
2026-05-25,2026-06-01,37021,Buncombe County,North Carolina,NC,quiet,0.013575,74,1,51–150,8.94,0.056745,64,1,51–150,10.94,0.817936,0.886621,0,0,7,15,0.92812219,2022-23
2026-05-25,2026-06-01,12081,Manatee County,Florida,FL,quiet,0.013319,75,11,51–150,8.77,0.036731,102,14,51–150,7.08,0.815237,0.834927,0,0,3,16,0.924,2022-23
2026-05-25,2026-06-01,41059,Umatilla County,Oregon,OR,quiet,0.013198,76,4,51–150,8.69,0.01878,192,5,151–500,3.62,0.813938,0.723569,0,0,0,,0.937,2023-24
2026-05-25,2026-06-01,08001,Adams County,Colorado,CO,quiet,0.01303,77,8,51–150,8.58,0.059909,56,6,51–150,11.56,0.812093,0.89204,0,0,9,12,0.9203,2023-24
2026-05-25,2026-06-01,34031,Passaic County,New Jersey,NJ,quiet,0.012572,78,1,51–150,8.28,0.038383,99,3,51–150,7.4,0.806891,0.840858,0,0,1,43,0.953,2023-24
2026-05-25,2026-06-01,06061,Placer County,California,CA,quiet,0.012215,79,11,51–150,8.04,0.059891,57,7,51–150,11.55,0.802612,0.89201,0,0,9,9,0.963,2023-24
2026-05-25,2026-06-01,12101,Pasco County,Florida,FL,quiet,0.012125,80,12,51–150,7.99,0.029733,126,15,51–150,5.73,0.801512,0.804088,0,0,3,10,0.93,2022-23
2026-05-25,2026-06-01,53025,Grant County,Washington,WA,quiet,0.011853,81,10,51–150,7.81,0.030159,123,10,51–150,5.82,0.798073,0.806286,0,0,2,10,0.91015089,2023-24
2026-05-25,2026-06-01,34017,Hudson County,New Jersey,NJ,quiet,0.011777,82,2,51–150,7.76,0.08534,35,2,Top 50,16.46,0.797099,0.922449,0,0,3,5,0.939,2023-24
2026-05-25,2026-06-01,48121,Denton County,Texas,TX,quiet,0.011759,83,8,51–150,7.74,0.034835,109,11,51–150,6.72,0.796867,0.827557,0,0,2,53,0.91687871,2023-24
2026-05-25,2026-06-01,12105,Polk County,Florida,FL,quiet,0.011667,84,13,51–150,7.68,0.04638,79,12,51–150,8.95,0.795665,0.864534,0,0,0,,0.932,2022-23
2026-05-25,2026-06-01,08037,Eagle County,Colorado,CO,quiet,0.011445,85,9,51–150,7.54,0.054981,67,9,51–150,10.6,0.792699,0.883369,0,0,0,,0.9165,2023-24
2026-05-25,2026-06-01,16019,Bonneville County,Idaho,ID,quiet,0.01134,86,1,51–150,7.47,0.033097,114,2,51–150,6.38,0.791276,0.820211,0,0,5,37,,
2026-05-25,2026-06-01,06111,Ventura County,California,CA,quiet,0.011325,87,12,51–150,7.46,0.051043,74,8,51–150,9.85,0.791062,0.875417,0,0,0,,0.96631,2023-24
2026-05-25,2026-06-01,48439,Tarrant County,Texas,TX,quiet,0.011267,88,9,51–150,7.42,0.041958,88,9,51–150,8.09,0.790271,0.852369,0,0,4,52,0.91521398,2023-24
2026-05-25,2026-06-01,16001,Ada County,Idaho,ID,quiet,0.01124,89,2,51–150,7.4,0.04144,89,1,51–150,7.99,0.78989,0.850804,0,0,0,,,
2026-05-25,2026-06-01,13135,Gwinnett County,Georgia,GA,quiet,0.011142,90,4,51–150,7.34,0.050705,76,2,51–150,9.78,0.788517,0.874685,0,0,0,,,
2026-05-25,2026-06-01,42011,Berks County,Pennsylvania,PA,quiet,0.011043,91,2,51–150,7.27,0.024696,148,5,51–150,4.76,0.787115,0.773769,0,0,0,,0.95060976,2023-24
2026-05-25,2026-06-01,34023,Middlesex County,New Jersey,NJ,quiet,0.011039,92,3,51–150,7.27,0.035224,107,4,51–150,6.79,0.787054,0.829122,0,0,0,,0.956,2023-24
2026-05-25,2026-06-01,12069,Lake County,Florida,FL,quiet,0.010664,93,14,51–150,7.02,0.042101,86,13,51–150,8.12,0.78154,0.852797,0,0,0,,0.886,2022-23
2026-05-25,2026-06-01,48039,Brazoria County,Texas,TX,quiet,0.010654,94,10,51–150,7.02,0.033094,115,12,51–150,6.38,0.781385,0.820198,0,0,1,58,0.96729636,2023-24
2026-05-25,2026-06-01,42045,Delaware County,Pennsylvania,PA,quiet,0.010622,95,3,51–150,7.0,0.030501,121,3,51–150,5.88,0.780903,0.808015,0,0,0,,0.94176398,2023-24
2026-05-25,2026-06-01,48113,Dallas County,Texas,TX,quiet,0.010506,96,11,51–150,6.92,0.043056,84,8,51–150,8.3,0.779128,0.855583,0,0,1,48,0.94260409,2023-24
2026-05-25,2026-06-01,35001,Bernalillo County,New Mexico,NM,quiet,0.010429,97,1,51–150,6.87,0.055028,66,1,51–150,10.61,0.777929,0.883457,0,0,0,,0.94,2018-19
2026-05-25,2026-06-01,06113,Yolo County,California,CA,quiet,0.010184,98,13,51–150,6.71,0.035181,108,16,51–150,6.79,0.774036,0.82895,0,0,1,51,0.96614,2023-24
2026-05-25,2026-06-01,44007,Providence County,Rhode Island,RI,quiet,0.010165,99,1,51–150,6.7,0.030274,122,1,51–150,5.84,0.77374,0.806872,0,0,3,5,0.951,2023-24
2026-05-25,2026-06-01,27037,Dakota County,Minnesota,MN,quiet,0.010121,100,1,51–150,6.67,0.040966,90,1,51–150,7.9,0.773017,0.849341,0,0,1,51,0.884,2023-24
2026-05-25,2026-06-01,40027,Cleveland County,Oklahoma,OK,quiet,0.009959,101,1,51–150,6.56,0.029504,130,1,51–150,5.69,0.770351,0.802884,0,0,0,,0.9336,2023-24
2026-05-25,2026-06-01,42029,Chester County,Pennsylvania,PA,quiet,0.009914,102,4,51–150,6.53,0.029546,129,4,51–150,5.7,0.769589,0.803106,0,0,1,14,0.94699367,2023-24
2026-05-25,2026-06-01,04017,Navajo County,Arizona,AZ,quiet,0.009752,103,5,51–150,6.42,0.014858,228,6,151–500,2.87,0.766819,0.675791,0,0,4,50,0.797,2023-24
2026-05-25,2026-06-01,48209,Hays County,Texas,TX,quiet,0.009745,104,12,51–150,6.42,0.038414,98,10,51–150,7.41,0.766705,0.840967,0,0,1,53,0.9507405,2023-24
2026-05-25,2026-06-01,12071,Lee County,Florida,FL,quiet,0.009743,105,15,51–150,6.42,0.082557,36,6,Top 50,15.92,0.76667,0.919938,0,0,3,11,0.916,2022-23
2026-05-25,2026-06-01,37179,Union County,North Carolina,NC,quiet,0.009738,106,2,51–150,6.41,0.017136,205,7,151–500,3.31,0.766583,0.705384,0,0,2,11,0.93186955,2022-23
2026-05-25,2026-06-01,08059,Jefferson County,Colorado,CO,quiet,0.009533,107,10,51–150,6.28,0.034643,110,12,51–150,6.68,0.762974,0.826775,0,0,0,,0.9147,2023-24
2026-05-25,2026-06-01,06013,Contra Costa County,California,CA,quiet,0.009489,108,14,51–150,6.25,0.046547,78,9,51–150,8.98,0.762193,0.864955,0,0,1,22,0.97856,2023-24
2026-05-25,2026-06-01,16055,Kootenai County,Idaho,ID,quiet,0.009415,109,3,51–150,6.2,0.029592,127,3,51–150,5.71,0.760859,0.803348,0,0,2,11,,
2026-05-25,2026-06-01,53011,Clark County,Washington,WA,quiet,0.009345,110,11,51–150,6.16,0.026701,140,12,51–150,5.15,0.759579,0.786887,0,0,8,16,0.89903755,2023-24
2026-05-25,2026-06-01,36119,Westchester County,New York,NY,quiet,0.009335,111,2,51–150,6.15,0.023498,152,5,151–500,4.53,0.759387,0.765131,0,0,0,,0.99177454,2022-23
2026-05-25,2026-06-01,24033,Prince George's County,Maryland,MD,quiet,0.009085,112,1,51–150,5.98,0.030012,124,1,51–150,5.79,0.754685,0.805532,0,0,2,63,0.9907,2023-24
2026-05-25,2026-06-01,49005,Cache County,Utah,UT,quiet,0.009058,113,6,51–150,5.97,0.016207,215,7,151–500,3.13,0.754171,0.693998,0,0,0,,0.964,2022-23
2026-05-25,2026-06-01,26161,Washtenaw County,Michigan,MI,quiet,0.008977,114,6,51–150,5.91,0.033916,113,6,51–150,6.54,0.7526,0.823751,0,0,7,9,0.9088,2023-24
2026-05-25,2026-06-01,30031,Gallatin County,Montana,MT,quiet,0.008937,115,1,51–150,5.89,0.051892,72,1,51–150,10.01,0.751824,0.877218,0,0,23,25,,
2026-05-25,2026-06-01,06095,Solano County,California,CA,quiet,0.008881,116,15,51–150,5.85,0.024321,149,18,51–150,4.69,0.750713,0.771132,0,0,0,,0.98162,2023-24
2026-05-25,2026-06-01,34003,Bergen County,New Jersey,NJ,quiet,0.008625,117,4,51–150,5.68,0.08884,32,1,Top 50,17.14,0.745541,0.925406,0,0,4,38,0.954,2023-24
2026-05-25,2026-06-01,08083,Montezuma County,Colorado,CO,quiet,0.008344,118,11,51–150,5.5,0.014487,231,18,151–500,2.79,0.739581,0.670398,0,0,4,23,0.8769,2023-24
2026-05-25,2026-06-01,36071,Orange County,New York,NY,quiet,0.008138,119,3,51–150,5.36,0.026587,141,4,51–150,5.13,0.735028,0.786182,0,0,4,52,0.98948148,2022-23
2026-05-25,2026-06-01,11001,District of Columbia,District of Columbia,DC,quiet,0.008048,120,1,51–150,5.3,0.062922,55,1,51–150,12.14,0.732978,0.896758,0,0,1,50,0.92,2023-24
2026-05-25,2026-06-01,34007,Camden County,New Jersey,NJ,quiet,0.007941,121,5,51–150,5.23,0.01716,204,8,151–500,3.31,0.730518,0.705671,0,0,0,,0.95,2023-24
2026-05-25,2026-06-01,06097,Sonoma County,California,CA,quiet,0.00794,122,16,51–150,5.23,0.026924,139,17,51–150,5.19,0.730504,0.788254,0,0,0,,0.94952,2023-24
2026-05-25,2026-06-01,45063,Lexington County,South Carolina,SC,quiet,0.007929,123,1,51–150,5.22,0.026343,142,4,51–150,5.08,0.730248,0.784658,0,0,0,,0.948,2023-24
2026-05-25,2026-06-01,26065,Ingham County,Michigan,MI,quiet,0.007911,124,7,51–150,5.21,0.026085,143,7,51–150,5.03,0.72983,0.783024,0,0,1,58,0.9131,2023-24
2026-05-25,2026-06-01,08069,Larimer County,Colorado,CO,quiet,0.007895,125,12,51–150,5.2,0.054553,68,10,51–150,10.52,0.729433,0.882552,0,0,0,,0.8771,2023-24
2026-05-25,2026-06-01,48167,Galveston County,Texas,TX,quiet,0.007883,126,13,51–150,5.19,0.02367,150,16,51–150,4.57,0.72915,0.76641,0,0,0,,0.95019808,2023-24
2026-05-25,2026-06-01,30111,Yellowstone County,Montana,MT,quiet,0.007777,127,2,51–150,5.12,0.018526,196,2,151–500,3.57,0.726648,0.7209,0,0,4,45,,
2026-05-25,2026-06-01,53035,Kitsap County,Washington,WA,quiet,0.007589,128,12,51–150,5.0,0.031681,118,9,51–150,6.11,0.722061,0.813759,0,0,0,,0.91782407,2023-24
2026-05-25,2026-06-01,29095,Jackson County,Missouri,MO,quiet,0.00747,129,1,51–150,4.92,0.027746,135,1,51–150,5.35,0.719064,0.793143,0,0,1,12,0.897,2023-24
2026-05-25,2026-06-01,37183,Wake County,North Carolina,NC,quiet,0.00747,130,3,51–150,4.92,0.045483,81,3,51–150,8.77,0.719052,0.862227,0,0,0,,0.94528992,2022-23
2026-05-25,2026-06-01,37119,Mecklenburg County,North Carolina,NC,quiet,0.007433,131,4,51–150,4.9,0.052683,71,2,51–150,10.16,0.718123,0.878851,0,0,3,17,0.92578226,2022-23
2026-05-25,2026-06-01,53067,Thurston County,Washington,WA,quiet,0.007307,132,13,51–150,4.81,0.024903,147,13,51–150,4.8,0.714865,0.775196,0,0,0,,0.92864157,2023-24
2026-05-25,2026-06-01,34039,Union County,New Jersey,NJ,quiet,0.007263,133,6,51–150,4.78,0.015152,224,10,151–500,2.92,0.713689,0.679943,0,0,0,,0.927,2023-24
2026-05-25,2026-06-01,17097,Lake County,Illinois,IL,quiet,0.007179,134,3,51–150,4.73,0.021307,166,3,151–500,4.11,0.711464,0.747498,0,0,0,,,
2026-05-25,2026-06-01,24005,Baltimore County,Maryland,MD,quiet,0.007073,135,2,51–150,4.66,0.023074,156,3,151–500,4.45,0.7086,0.761915,0,0,0,,0.9901,2023-24
2026-05-25,2026-06-01,31109,Lancaster County,Nebraska,NE,quiet,0.007056,136,1,51–150,4.65,0.027226,137,1,51–150,5.25,0.708129,0.790077,0,0,1,17,,
2026-05-25,2026-06-01,02020,Anchorage Municipality,Alaska,AK,quiet,0.007034,137,1,51–150,4.63,0.029584,128,1,51–150,5.71,0.707507,0.803308,0,0,3,32,,
2026-05-25,2026-06-01,12111,St. Lucie County,Florida,FL,quiet,0.006977,138,16,51–150,4.59,0.020981,172,19,151–500,4.05,0.705919,0.744652,0,0,0,,0.913,2022-23
2026-05-25,2026-06-01,48027,Bell County,Texas,TX,quiet,0.006912,139,14,51–150,4.55,0.028482,133,15,51–150,5.49,0.704101,0.797337,0,0,1,49,0.95879486,2023-24
2026-05-25,2026-06-01,53073,Whatcom County,Washington,WA,quiet,0.006879,140,14,51–150,4.53,0.028781,132,11,51–150,5.55,0.703182,0.79899,0,0,2,48,0.86805846,2023-24
2026-05-25,2026-06-01,17197,Will County,Illinois,IL,quiet,0.006752,141,4,51–150,4.45,0.020978,173,4,151–500,4.05,0.699494,0.74462,0,0,0,,,
2026-05-25,2026-06-01,35045,San Juan County,New Mexico,NM,quiet,0.006742,142,2,51–150,4.44,0.020093,178,3,151–500,3.88,0.699225,0.73654,0,0,1,51,0.95,2018-19
2026-05-25,2026-06-01,49053,Washington County,Utah,UT,quiet,0.006737,143,7,51–150,4.44,0.015329,223,8,151–500,2.96,0.699062,0.682395,0,0,0,,0.895,2022-23
2026-05-25,2026-06-01,38067,Pembina County,North Dakota,ND,quiet,0.006727,144,4,51–150,4.43,0.008504,317,8,151–500,1.64,0.698766,0.548634,0,0,23,12,0.9367,2023-24
2026-05-25,2026-06-01,48339,Montgomery County,Texas,TX,quiet,0.006686,145,15,51–150,4.4,0.031808,117,13,51–150,6.14,0.697568,0.814352,0,0,0,,0.93924761,2023-24
2026-05-25,2026-06-01,39049,Franklin County,Ohio,OH,quiet,0.006518,146,1,51–150,4.29,0.046063,80,1,51–150,8.88,0.692514,0.863728,0,0,14,11,,
2026-05-25,2026-06-01,12073,Leon County,Florida,FL,quiet,0.006517,147,17,51–150,4.29,0.022814,157,18,151–500,4.4,0.692458,0.759893,0,0,2,48,0.953,2022-23
2026-05-25,2026-06-01,31055,Douglas County,Nebraska,NE,quiet,0.006478,148,2,51–150,4.27,0.021535,163,2,151–500,4.15,0.691267,0.749453,0,0,0,,,
2026-05-25,2026-06-01,56025,Natrona County,Wyoming,WY,quiet,0.006407,149,1,51–150,4.22,0.012029,258,1,151–500,2.32,0.68906,0.629458,0,0,1,47,0.94,2022-23
2026-05-25,2026-06-01,26163,Wayne County,Michigan,MI,quiet,0.006397,150,8,51–150,4.21,0.016632,211,9,151–500,3.21,0.688751,0.69932,0,0,0,,0.8994,2023-24
2026-05-25,2026-06-01,29189,St. Louis County,Missouri,MO,quiet,0.006385,151,2,151–500,4.21,0.02319,155,2,151–500,4.47,0.688361,0.762799,0,0,0,,0.919,2023-24
2026-05-25,2026-06-01,45079,Richland County,South Carolina,SC,quiet,0.006278,152,2,151–500,4.13,0.03063,119,3,51–150,5.91,0.684962,0.808659,0,0,0,,0.913,2023-24
2026-05-25,2026-06-01,41047,Marion County,Oregon,OR,quiet,0.006257,153,5,151–500,4.12,0.018569,195,6,151–500,3.58,0.684264,0.721354,0,0,0,,0.93,2023-24
2026-05-25,2026-06-01,34005,Burlington County,New Jersey,NJ,quiet,0.00624,154,7,151–500,4.11,0.01335,242,13,151–500,2.57,0.683719,0.652665,0,0,0,,0.934,2023-24
2026-05-25,2026-06-01,42133,York County,Pennsylvania,PA,quiet,0.006215,155,5,151–500,4.09,0.018994,189,7,151–500,3.66,0.682908,0.725764,0,0,0,,0.94921403,2023-24
2026-05-25,2026-06-01,47149,Rutherford County,Tennessee,TN,quiet,0.006105,156,1,151–500,4.02,0.015759,220,2,151–500,3.04,0.679279,0.688187,0,0,0,,0.952,2023-24
2026-05-25,2026-06-01,24027,Howard County,Maryland,MD,quiet,0.006079,157,3,151–500,4.0,0.006272,385,6,151–500,1.21,0.678408,0.475515,0,0,1,64,0.9926,2023-24
2026-05-25,2026-06-01,06099,Stanislaus County,California,CA,quiet,0.005998,158,17,151–500,3.95,0.016226,214,22,151–500,3.13,0.675636,0.694248,0,0,0,,0.96631,2023-24
2026-05-25,2026-06-01,27053,Hennepin County,Minnesota,MN,quiet,0.005954,159,2,151–500,3.92,0.031944,116,2,51–150,6.16,0.674141,0.814991,0,0,2,57,0.841,2023-24
2026-05-25,2026-06-01,36085,Richmond County,New York,NY,quiet,0.005952,160,4,151–500,3.92,0.019951,180,7,151–500,3.85,0.674077,0.735198,0,0,0,,0.98994595,2022-23
2026-05-25,2026-06-01,42041,Cumberland County,Pennsylvania,PA,quiet,0.005951,161,6,151–500,3.92,0.016145,216,8,151–500,3.11,0.674029,0.693206,0,0,2,23,0.95275591,2023-24
2026-05-25,2026-06-01,26077,Kalamazoo County,Michigan,MI,quiet,0.005871,162,9,151–500,3.87,0.008827,311,14,151–500,1.7,0.671246,0.557506,0,0,0,,0.9187,2023-24
2026-05-25,2026-06-01,37025,Cabarrus County,North Carolina,NC,quiet,0.005846,163,5,151–500,3.85,0.014101,236,8,151–500,2.72,0.670367,0.664589,0,0,2,18,0.93958464,2022-23
2026-05-25,2026-06-01,53077,Yakima County,Washington,WA,quiet,0.00579,164,15,151–500,3.81,0.018633,194,15,151–500,3.59,0.668366,0.722032,0,0,0,,0.96408007,2023-24
2026-05-25,2026-06-01,45045,Greenville County,South Carolina,SC,quiet,0.00579,165,3,151–500,3.81,0.052814,70,1,51–150,10.19,0.66836,0.879117,0,0,8,10,0.93,2023-24
2026-05-25,2026-06-01,49019,Grand County,Utah,UT,quiet,0.005782,166,8,151–500,3.81,0.006816,352,12,151–500,1.31,0.668072,0.495525,0,0,0,,0.938,2022-23
2026-05-25,2026-06-01,45091,York County,South Carolina,SC,quiet,0.005754,167,4,151–500,3.79,0.021066,171,5,151–500,4.06,0.667057,0.745395,0,0,0,,0.944,2023-24
2026-05-25,2026-06-01,06087,Santa Cruz County,California,CA,quiet,0.005736,168,18,151–500,3.78,0.019256,186,21,151–500,3.71,0.666414,0.72842,0,0,0,,0.91768,2023-24
2026-05-25,2026-06-01,42077,Lehigh County,Pennsylvania,PA,quiet,0.005707,169,7,151–500,3.76,0.020275,177,6,151–500,3.91,0.665358,0.738246,0,0,0,,0.95916139,2023-24
2026-05-25,2026-06-01,25025,Suffolk County,Massachusetts,MA,quiet,0.005657,170,1,151–500,3.73,0.051,75,1,51–150,9.84,0.663499,0.875323,0,0,1,13,0.938,2023-24
2026-05-25,2026-06-01,34027,Morris County,New Jersey,NJ,quiet,0.005633,171,8,151–500,3.71,0.013689,240,12,151–500,2.64,0.662631,0.658159,0,0,0,,0.941,2023-24
2026-05-25,2026-06-01,49003,Box Elder County,Utah,UT,quiet,0.0056,172,9,151–500,3.69,0.017314,203,6,151–500,3.34,0.661373,0.70747,0,0,0,,0.95,2022-23
2026-05-25,2026-06-01,18097,Marion County,Indiana,IN,quiet,0.005534,173,1,151–500,3.64,0.014338,234,2,151–500,2.77,0.65889,0.668188,0,0,0,,,
2026-05-25,2026-06-01,38099,Walsh County,North Dakota,ND,quiet,0.005509,174,5,151–500,3.63,0.0095,302,6,151–500,1.83,0.657938,0.57492,0,0,1,14,0.9583,2023-24
2026-05-25,2026-06-01,17089,Kane County,Illinois,IL,quiet,0.00547,175,5,151–500,3.6,0.009948,293,5,151–500,1.92,0.656451,0.585752,0,0,0,,,
2026-05-25,2026-06-01,15003,Honolulu County,Hawaii,HI,quiet,0.005466,176,1,151–500,3.6,0.036188,104,1,51–150,6.98,0.656272,0.832878,0,0,3,12,0.8619,2022-23
2026-05-25,2026-06-01,16069,Nez Perce County,Idaho,ID,quiet,0.005452,177,4,151–500,3.59,0.012548,251,5,151–500,2.42,0.655734,0.638943,0,0,0,,,
2026-05-25,2026-06-01,12001,Alachua County,Florida,FL,quiet,0.005436,178,18,151–500,3.58,0.023495,153,17,151–500,4.53,0.655119,0.765109,0,0,2,16,0.922,2022-23
2026-05-25,2026-06-01,48259,Kendall County,Texas,TX,quiet,0.005385,179,16,151–500,3.55,0.017646,202,18,151–500,3.4,0.653108,0.711277,0,0,1,11,0.91130012,2023-24
2026-05-25,2026-06-01,08105,Rio Grande County,Colorado,CO,quiet,0.00538,180,13,151–500,3.54,0.013878,237,19,151–500,2.68,0.65291,0.661143,0,0,0,,0.875,2023-24
2026-05-25,2026-06-01,40143,Tulsa County,Oklahoma,OK,quiet,0.005351,181,2,151–500,3.52,0.021179,168,3,151–500,4.08,0.651787,0.746387,0,0,0,,0.8905,2023-24
2026-05-25,2026-06-01,36103,Suffolk County,New York,NY,quiet,0.005351,182,5,151–500,3.52,0.022576,160,6,151–500,4.35,0.651771,0.758019,0,0,1,63,0.99442316,2022-23
2026-05-25,2026-06-01,08035,Douglas County,Colorado,CO,quiet,0.005242,183,14,151–500,3.45,0.016926,209,17,151–500,3.26,0.647366,0.70288,0,0,0,,0.9198,2023-24
2026-05-25,2026-06-01,29077,Greene County,Missouri,MO,quiet,0.005164,184,3,151–500,3.4,0.018312,197,3,151–500,3.53,0.644183,0.718626,0,0,0,,0.901,2023-24
2026-05-25,2026-06-01,38101,Ward County,North Dakota,ND,quiet,0.005114,185,6,151–500,3.37,0.008274,320,9,151–500,1.6,0.642068,0.542087,0,0,0,,0.9267,2023-24
2026-05-25,2026-06-01,48329,Midland County,Texas,TX,quiet,0.00511,186,17,151–500,3.37,0.01871,193,17,151–500,3.61,0.641927,0.722836,0,0,7,42,0.94766355,2023-24
2026-05-25,2026-06-01,12109,St. Johns County,Florida,FL,quiet,0.005096,187,19,151–500,3.36,0.025721,144,16,51–150,4.96,0.641326,0.780667,0,0,3,13,0.908,2022-23
2026-05-25,2026-06-01,19153,Polk County,Iowa,IA,quiet,0.00507,188,1,151–500,3.34,0.016972,207,1,151–500,3.27,0.640216,0.703438,0,0,0,,0.88844937,2023-24
2026-05-25,2026-06-01,18089,Lake County,Indiana,IN,quiet,0.005053,189,2,151–500,3.33,0.016105,217,1,151–500,3.11,0.639475,0.6927,0,0,2,30,,
2026-05-25,2026-06-01,04003,Cochise County,Arizona,AZ,quiet,0.005042,190,6,151–500,3.32,0.01071,282,7,151–500,2.07,0.639019,0.602922,0,0,0,,0.891,2023-24
2026-05-25,2026-06-01,40109,Oklahoma County,Oklahoma,OK,quiet,0.005041,191,3,151–500,3.32,0.028918,131,2,51–150,5.58,0.638971,0.799741,0,0,18,17,0.8763,2023-24
2026-05-25,2026-06-01,47037,Davidson County,Tennessee,TN,quiet,0.005027,192,2,151–500,3.31,0.030516,120,1,51–150,5.89,0.638368,0.80809,0,0,0,,0.948,2023-24
2026-05-25,2026-06-01,13029,Bryan County,Georgia,GA,quiet,0.004887,193,5,151–500,3.22,0.010972,277,6,151–500,2.12,0.632234,0.608504,0,0,1,14,,
2026-05-25,2026-06-01,47093,Knox County,Tennessee,TN,quiet,0.004865,194,3,151–500,3.2,0.013313,243,3,151–500,2.57,0.63126,0.652065,0,0,0,,0.955,2023-24
2026-05-25,2026-06-01,06041,Marin County,California,CA,quiet,0.004834,195,19,151–500,3.18,0.014875,226,23,151–500,2.87,0.629841,0.676038,0,0,0,,0.9889,2023-24
2026-05-25,2026-06-01,16057,Latah County,Idaho,ID,quiet,0.004833,196,5,151–500,3.18,0.021241,167,4,151–500,4.1,0.629808,0.746928,0,0,0,,,
2026-05-25,2026-06-01,12127,Volusia County,Florida,FL,quiet,0.004793,197,20,151–500,3.16,0.01827,198,24,151–500,3.52,0.627982,0.718173,0,0,0,,0.889,2022-23
2026-05-25,2026-06-01,42101,Philadelphia County,Pennsylvania,PA,quiet,0.004719,198,8,151–500,3.11,0.043314,83,1,51–150,8.35,0.624605,0.85632,0,0,2,59,0.94455407,2023-24
2026-05-25,2026-06-01,27123,Ramsey County,Minnesota,MN,quiet,0.004686,199,3,151–500,3.09,0.015449,222,4,151–500,2.98,0.62307,0.684041,0,0,0,,0.872,2023-24
2026-05-25,2026-06-01,08014,Broomfield County,Colorado,CO,quiet,0.004655,200,15,151–500,3.07,0.023484,154,14,151–500,4.53,0.621576,0.765026,0,0,4,10,0.9124,2023-24
2026-05-25,2026-06-01,09190,Western Connecticut Planning Region,Connecticut,CT,quiet,0.004622,201,1,151–500,3.04,0.019247,187,2,151–500,3.71,0.620036,0.728327,0,0,0,,,
2026-05-25,2026-06-01,51107,Loudoun County,Virginia,VA,quiet,0.004601,202,1,151–500,3.03,0.013124,246,1,151–500,2.53,0.619015,0.648916,0,0,0,,0.929,2023-24
2026-05-25,2026-06-01,41039,Lane County,Oregon,OR,quiet,0.004589,203,6,151–500,3.02,0.027201,138,4,51–150,5.25,0.618431,0.789927,0,0,0,,0.92,2023-24
2026-05-25,2026-06-01,08067,La Plata County,Colorado,CO,quiet,0.004539,204,16,151–500,2.99,0.011899,261,20,151–500,2.3,0.616014,0.627021,0,0,0,,0.8773,2023-24
2026-05-25,2026-06-01,48303,Lubbock County,Texas,TX,quiet,0.004508,205,18,151–500,2.97,0.029912,125,14,51–150,5.77,0.614497,0.805018,0,0,53,11,0.92254274,2023-24
2026-05-25,2026-06-01,48091,Comal County,Texas,TX,quiet,0.00449,206,19,151–500,2.96,0.011893,262,21,151–500,2.29,0.613622,0.626901,0,0,0,,0.92261002,2023-24
2026-05-25,2026-06-01,56029,Park County,Wyoming,WY,quiet,0.004479,207,2,151–500,2.95,0.00632,383,4,151–500,1.22,0.613076,0.477361,0,0,1,23,0.9,2022-23
2026-05-25,2026-06-01,10003,New Castle County,Delaware,DE,quiet,0.004452,208,1,151–500,2.93,0.018976,190,1,151–500,3.66,0.611734,0.725581,0,0,0,,,
2026-05-25,2026-06-01,34013,Essex County,New Jersey,NJ,quiet,0.004447,209,9,151–500,2.93,0.022565,161,5,151–500,4.35,0.611478,0.757928,0,0,0,,0.935,2023-24
2026-05-25,2026-06-01,22051,Jefferson Parish,Louisiana,LA,quiet,0.004425,210,1,151–500,2.91,0.027236,136,1,51–150,5.25,0.610339,0.790135,0,0,0,,0.921,2021-22
2026-05-25,2026-06-01,06019,Fresno County,California,CA,quiet,0.004399,211,20,151–500,2.9,0.03576,106,15,51–150,6.9,0.609068,0.831233,0,0,2,62,0.97461,2023-24
2026-05-25,2026-06-01,06077,San Joaquin County,California,CA,quiet,0.004376,212,21,151–500,2.88,0.035968,105,14,51–150,6.94,0.607896,0.832038,0,0,0,,0.96326,2023-24
2026-05-25,2026-06-01,08117,Summit County,Colorado,CO,quiet,0.004362,213,17,151–500,2.87,0.025454,145,13,51–150,4.91,0.607154,0.778914,0,0,0,,0.9344,2023-24
2026-05-25,2026-06-01,12019,Clay County,Florida,FL,quiet,0.004307,214,21,151–500,2.84,0.011053,274,25,151–500,2.13,0.604311,0.610195,0,0,0,,0.936,2022-23
2026-05-25,2026-06-01,06079,San Luis Obispo County,California,CA,quiet,0.004199,215,22,151–500,2.77,0.022591,159,19,151–500,4.36,0.598617,0.758137,0,0,1,23,0.96451,2023-24
2026-05-25,2026-06-01,36081,Queens County,New York,NY,quiet,0.004123,216,6,151–500,2.72,0.053049,69,2,51–150,10.23,0.594528,0.879592,0,0,0,,0.99065873,2022-23
2026-05-25,2026-06-01,26055,Grand Traverse County,Michigan,MI,quiet,0.004122,217,10,151–500,2.71,0.017003,206,8,151–500,3.28,0.594456,0.703808,0,0,4,47,0.866,2023-24
2026-05-25,2026-06-01,37063,Durham County,North Carolina,NC,quiet,0.004049,218,6,151–500,2.67,0.021794,162,4,151–500,4.2,0.590406,0.751648,0,0,0,,0.86964079,2022-23
2026-05-25,2026-06-01,20091,Johnson County,Kansas,KS,quiet,0.004037,219,1,151–500,2.66,0.010948,278,2,151–500,2.11,0.589762,0.607995,0,0,0,,0.95,2023-24
2026-05-25,2026-06-01,51059,Fairfax County,Virginia,VA,quiet,0.004013,220,2,151–500,2.64,0.004404,469,8,151–500,0.85,0.588399,0.392276,0,0,0,,0.83,2023-24
2026-05-25,2026-06-01,56037,Sweetwater County,Wyoming,WY,quiet,0.004005,221,3,151–500,2.64,0.005054,431,6,151–500,0.97,0.587945,0.424207,0,0,0,,0.96,2022-23
2026-05-25,2026-06-01,04025,Yavapai County,Arizona,AZ,quiet,0.004002,222,7,151–500,2.64,0.021176,169,5,151–500,4.08,0.587748,0.746361,0,0,0,,0.752,2023-24
2026-05-25,2026-06-01,49039,Sanpete County,Utah,UT,quiet,0.00398,223,10,151–500,2.62,0.006195,389,14,151–500,1.19,0.586525,0.472582,0,0,0,,0.934,2022-23
2026-05-25,2026-06-01,36087,Rockland County,New York,NY,quiet,0.00394,224,7,151–500,2.6,0.01634,213,8,151–500,3.15,0.58424,0.695689,0,0,25,11,0.98049007,2022-23
2026-05-25,2026-06-01,34029,Ocean County,New Jersey,NJ,quiet,0.003917,225,10,151–500,2.58,0.02152,164,6,151–500,4.15,0.582904,0.749332,0,0,1,46,0.861,2023-24
2026-05-25,2026-06-01,12083,Marion County,Florida,FL,quiet,0.003859,226,22,151–500,2.54,0.019071,188,23,151–500,3.68,0.579519,0.726547,0,0,0,,0.908,2022-23
2026-05-25,2026-06-01,46103,Pennington County,South Dakota,SD,quiet,0.003857,227,1,151–500,2.54,0.014873,227,1,151–500,2.87,0.579361,0.676013,0,0,2,51,0.95,2023-24
2026-05-25,2026-06-01,27003,Anoka County,Minnesota,MN,quiet,0.003795,228,4,151–500,2.5,0.019894,182,3,151–500,3.84,0.575666,0.734654,0,0,0,,0.876,2023-24
2026-05-25,2026-06-01,34035,Somerset County,New Jersey,NJ,quiet,0.003762,229,11,151–500,2.48,0.016926,208,9,151–500,3.26,0.573654,0.702887,0,0,0,,0.952,2023-24
2026-05-25,2026-06-01,34021,Mercer County,New Jersey,NJ,quiet,0.003741,230,12,151–500,2.46,0.018013,200,7,151–500,3.47,0.5724,0.715376,0,0,0,,0.937,2023-24
2026-05-25,2026-06-01,35015,Eddy County,New Mexico,NM,quiet,0.003714,231,3,151–500,2.45,0.006204,388,9,151–500,1.2,0.570761,0.472907,0,0,3,57,0.95,2018-19
2026-05-25,2026-06-01,41017,Deschutes County,Oregon,OR,quiet,0.003695,232,7,151–500,2.43,0.011347,269,8,151–500,2.19,0.569537,0.616206,0,0,0,,0.912,2023-24
2026-05-25,2026-06-01,13063,Clayton County,Georgia,GA,quiet,0.003694,233,6,151–500,2.43,0.006452,375,10,151–500,1.24,0.569493,0.482327,0,0,0,,,
2026-05-25,2026-06-01,26115,Monroe County,Michigan,MI,quiet,0.003685,234,11,151–500,2.43,0.010582,284,13,151–500,2.04,0.568955,0.600137,0,0,1,8,0.9177,2023-24
2026-05-25,2026-06-01,06083,Santa Barbara County,California,CA,quiet,0.003683,235,23,151–500,2.43,0.009836,295,27,151–500,1.9,0.56881,0.583094,0,0,0,,0.98202,2023-24
2026-05-25,2026-06-01,27027,Clay County,Minnesota,MN,quiet,0.003633,236,5,151–500,2.39,0.007116,344,7,151–500,1.37,0.565691,0.505865,0,0,0,,0.863,2023-24
2026-05-25,2026-06-01,08043,Fremont County,Colorado,CO,quiet,0.003629,237,18,151–500,2.39,0.008286,319,25,151–500,1.6,0.565403,0.542424,0,0,0,,0.8915,2023-24
2026-05-25,2026-06-01,26005,Allegan County,Michigan,MI,quiet,0.003544,238,12,151–500,2.33,0.015964,219,11,151–500,3.08,0.559941,0.690878,0,0,1,51,0.9235,2023-24
2026-05-25,2026-06-01,46099,Minnehaha County,South Dakota,SD,quiet,0.00354,239,2,151–500,2.33,0.009562,300,2,151–500,1.84,0.559715,0.576446,0,0,0,,0.91,2023-24
2026-05-25,2026-06-01,24031,Montgomery County,Maryland,MD,quiet,0.003524,240,4,151–500,2.32,0.00417,479,7,151–500,0.8,0.558681,0.379884,0,0,0,,0.9859,2023-24
2026-05-25,2026-06-01,24003,Anne Arundel County,Maryland,MD,quiet,0.003524,241,5,151–500,2.32,0.011858,263,4,151–500,2.29,0.558656,0.626226,0,0,0,,0.9934,2023-24
2026-05-25,2026-06-01,34025,Monmouth County,New Jersey,NJ,quiet,0.003501,242,13,151–500,2.31,0.014393,233,11,151–500,2.78,0.557162,0.668998,0,0,0,,0.902,2023-24
2026-05-25,2026-06-01,35013,Doña Ana County,New Mexico,NM,quiet,0.003401,243,4,151–500,2.24,0.034311,112,2,51–150,6.62,0.550429,0.825407,0,0,5,11,0.885,2018-19
2026-05-25,2026-06-01,30063,Missoula County,Montana,MT,quiet,0.003364,244,3,151–500,2.22,0.010901,279,6,151–500,2.1,0.547956,0.607001,0,0,0,,,
2026-05-25,2026-06-01,35049,Santa Fe County,New Mexico,NM,quiet,0.003346,245,5,151–500,2.2,0.012636,248,7,151–500,2.44,0.546712,0.640504,0,0,5,42,0.93,2018-19
2026-05-25,2026-06-01,05007,Benton County,Arkansas,AR,quiet,0.003318,246,1,151–500,2.19,0.014453,232,1,151–500,2.79,0.544752,0.669897,0,0,1,49,,
2026-05-25,2026-06-01,55079,Milwaukee County,Wisconsin,WI,quiet,0.003318,247,1,151–500,2.19,0.007491,337,3,151–500,1.44,0.544739,0.518236,0,0,0,,0.724,2023-24
2026-05-25,2026-06-01,22071,Orleans Parish,Louisiana,LA,quiet,0.003314,248,2,151–500,2.18,0.01355,241,2,151–500,2.61,0.544487,0.655922,0,0,3,5,0.873,2021-22
2026-05-25,2026-06-01,08101,Pueblo County,Colorado,CO,quiet,0.003287,249,19,151–500,2.16,0.0182,199,15,151–500,3.51,0.542557,0.717409,0,0,1,60,0.871,2023-24
2026-05-25,2026-06-01,55009,Brown County,Wisconsin,WI,quiet,0.003274,250,2,151–500,2.16,0.015119,225,1,151–500,2.92,0.541652,0.679485,0,0,0,,0.792,2023-24
2026-05-25,2026-06-01,30013,Cascade County,Montana,MT,quiet,0.003259,251,4,151–500,2.15,0.010984,276,5,151–500,2.12,0.540549,0.608762,0,0,1,45,,
2026-05-25,2026-06-01,05119,Pulaski County,Arkansas,AR,quiet,0.003244,252,2,151–500,2.14,0.012542,253,2,151–500,2.42,0.539497,0.638835,0,0,0,,,
2026-05-25,2026-06-01,48187,Guadalupe County,Texas,TX,quiet,0.003234,253,20,151–500,2.13,0.007916,326,23,151–500,1.53,0.538811,0.531487,0,0,0,,0.97149788,2023-24
2026-05-25,2026-06-01,16027,Canyon County,Idaho,ID,quiet,0.003229,254,6,151–500,2.13,0.009696,298,6,151–500,1.87,0.538429,0.579731,0,0,6,13,,
2026-05-25,2026-06-01,39035,Cuyahoga County,Ohio,OH,quiet,0.003213,255,2,151–500,2.12,0.022746,158,2,151–500,4.39,0.537292,0.759359,0,0,5,20,,
2026-05-25,2026-06-01,02170,Matanuska-Susitna Borough,Alaska,AK,quiet,0.003197,256,2,151–500,2.11,0.007564,336,2,151–500,1.46,0.536099,0.520559,0,0,0,,,
2026-05-25,2026-06-01,08049,Grand County,Colorado,CO,quiet,0.003167,257,20,151–500,2.09,0.017688,201,16,151–500,3.41,0.533888,0.711747,0,0,0,,0.8,2023-24
2026-05-25,2026-06-01,06055,Napa County,California,CA,quiet,0.003153,258,24,151–500,2.08,0.008086,323,29,151–500,1.56,0.532856,0.53658,0,0,1,18,0.9899,2023-24
2026-05-25,2026-06-01,55025,Dane County,Wisconsin,WI,quiet,0.003143,259,3,151–500,2.07,0.012019,259,2,151–500,2.32,0.532154,0.629283,0,0,1,18,0.757,2023-24
2026-05-25,2026-06-01,39093,Lorain County,Ohio,OH,quiet,0.003117,260,3,151–500,2.05,0.010879,280,4,151–500,2.1,0.530193,0.606532,0,0,0,,,
2026-05-25,2026-06-01,26117,Montcalm County,Michigan,MI,quiet,0.003106,261,13,151–500,2.05,0.013308,244,12,151–500,2.57,0.529347,0.651973,0,0,4,57,0.9281,2023-24
2026-05-25,2026-06-01,51153,Prince William County,Virginia,VA,quiet,0.00308,262,3,151–500,2.03,0.009134,305,2,151–500,1.76,0.52741,0.565625,0,0,0,,0.935,2023-24
2026-05-25,2026-06-01,56041,Uinta County,Wyoming,WY,quiet,0.003066,263,4,151–500,2.02,0.003526,538,8,501+,0.68,0.526357,0.34274,0,0,0,,0.92,2022-23
2026-05-25,2026-06-01,39061,Hamilton County,Ohio,OH,quiet,0.003065,264,4,151–500,2.02,0.010065,289,5,151–500,1.94,0.526256,0.588479,0,0,0,,,
2026-05-25,2026-06-01,04007,Gila County,Arizona,AZ,quiet,0.003055,265,8,151–500,2.01,0.004989,434,10,151–500,0.96,0.525486,0.421198,0,0,0,,0.799,2023-24
2026-05-25,2026-06-01,53029,Island County,Washington,WA,quiet,0.003034,266,16,151–500,2.0,0.009008,308,17,151–500,1.74,0.523951,0.56234,0,0,0,,0.92329149,2023-24
2026-05-25,2026-06-01,41071,Yamhill County,Oregon,OR,quiet,0.003028,267,8,151–500,1.99,0.004324,473,12,151–500,0.83,0.523469,0.388129,0,0,0,,0.891,2023-24
2026-05-25,2026-06-01,49021,Iron County,Utah,UT,quiet,0.003022,268,11,151–500,1.99,0.008918,310,11,151–500,1.72,0.523008,0.559945,0,0,0,,0.856,2022-23
2026-05-25,2026-06-01,27163,Washington County,Minnesota,MN,quiet,0.003,269,6,151–500,1.98,0.010007,291,5,151–500,1.93,0.521248,0.587125,0,0,1,51,0.925,2023-24
2026-05-25,2026-06-01,01003,Baldwin County,Alabama,AL,quiet,0.002997,270,1,151–500,1.97,0.012084,257,1,151–500,2.33,0.521072,0.630502,0,0,0,,0.9257,2022-23
2026-05-25,2026-06-01,53015,Cowlitz County,Washington,WA,quiet,0.002976,271,17,151–500,1.96,0.0116,266,16,151–500,2.24,0.519434,0.621232,0,0,0,,0.93703397,2023-24
2026-05-25,2026-06-01,37109,Lincoln County,North Carolina,NC,quiet,0.00296,272,7,151–500,1.95,0.007711,331,12,151–500,1.49,0.518158,0.525169,0,0,1,16,0.91627469,2022-23
2026-05-25,2026-06-01,36027,Dutchess County,New York,NY,quiet,0.002931,273,8,151–500,1.93,0.011769,265,9,151–500,2.27,0.515815,0.62452,0,0,0,,0.99011111,2022-23
2026-05-25,2026-06-01,16017,Bonner County,Idaho,ID,quiet,0.00293,274,7,151–500,1.93,0.007968,324,7,151–500,1.54,0.515782,0.533046,0,0,1,40,,
2026-05-25,2026-06-01,13051,Chatham County,Georgia,GA,quiet,0.002926,275,7,151–500,1.93,0.012264,256,5,151–500,2.37,0.515445,0.633817,0,0,0,,,
2026-05-25,2026-06-01,53017,Douglas County,Washington,WA,quiet,0.002924,276,18,151–500,1.93,0.005665,406,22,151–500,1.09,0.51533,0.45121,0,0,0,,0.94594595,2023-24
2026-05-25,2026-06-01,37067,Forsyth County,North Carolina,NC,quiet,0.002904,277,8,151–500,1.91,0.020961,174,6,151–500,4.04,0.513733,0.744475,0,0,0,,0.94729311,2022-23
2026-05-25,2026-06-01,09110,Capitol Planning Region,Connecticut,CT,quiet,0.0029,278,2,151–500,1.91,0.02081,175,1,151–500,4.01,0.513336,0.743125,0,0,0,,,
2026-05-25,2026-06-01,12009,Brevard County,Florida,FL,quiet,0.002893,279,23,151–500,1.91,0.019903,181,21,151–500,3.84,0.512778,0.734745,0,0,0,,0.881,2022-23
2026-05-25,2026-06-01,06089,Shasta County,California,CA,quiet,0.002892,280,25,151–500,1.9,0.020003,179,20,151–500,3.86,0.512735,0.735693,0,0,10,9,0.95062,2023-24
2026-05-25,2026-06-01,53007,Chelan County,Washington,WA,quiet,0.002881,281,19,151–500,1.9,0.005677,404,21,151–500,1.1,0.511844,0.451712,0,0,0,,0.93818985,2023-24
2026-05-25,2026-06-01,51013,Arlington County,Virginia,VA,quiet,0.002861,282,4,151–500,1.88,0.006462,374,5,151–500,1.25,0.51022,0.482671,0,0,0,,0.929,2023-24
2026-05-25,2026-06-01,45013,Beaufort County,South Carolina,SC,quiet,0.002861,283,5,151–500,1.88,0.012545,252,6,151–500,2.42,0.510183,0.6389,0,0,0,,0.951,2023-24
2026-05-25,2026-06-01,48355,Nueces County,Texas,TX,quiet,0.00285,284,21,151–500,1.88,0.01184,264,22,151–500,2.28,0.509346,0.62588,0,0,0,,0.96532258,2023-24
2026-05-25,2026-06-01,38025,Dunn County,North Dakota,ND,quiet,0.002825,285,7,151–500,1.86,0.012391,255,4,151–500,2.39,0.507245,0.636124,0,0,1,4,0.8628,2023-24
2026-05-25,2026-06-01,53057,Skagit County,Washington,WA,quiet,0.002812,286,20,151–500,1.85,0.008523,316,18,151–500,1.64,0.506178,0.549162,0,0,0,,0.9070632,2023-24
2026-05-25,2026-06-01,13117,Forsyth County,Georgia,GA,quiet,0.002798,287,8,151–500,1.84,0.004457,461,15,151–500,0.86,0.505045,0.395053,0,0,0,,,
2026-05-25,2026-06-01,18141,St. Joseph County,Indiana,IN,quiet,0.002789,288,3,151–500,1.84,0.010437,285,4,151–500,2.01,0.504243,0.59693,0,0,0,,,
2026-05-25,2026-06-01,06107,Tulare County,California,CA,quiet,0.002771,289,26,151–500,1.83,0.012634,249,25,151–500,2.44,0.502741,0.640472,0,0,2,44,0.97778,2023-24
2026-05-25,2026-06-01,36059,Nassau County,New York,NY,quiet,0.002768,290,9,151–500,1.82,0.003879,507,12,501+,0.75,0.502527,0.363644,0,0,0,,0.9943212,2022-23
2026-05-25,2026-06-01,08045,Garfield County,Colorado,CO,quiet,0.00276,291,21,151–500,1.82,0.036263,103,11,51–150,6.99,0.501807,0.833168,0,0,0,,0.9165,2023-24
2026-05-25,2026-06-01,56005,Campbell County,Wyoming,WY,quiet,0.002759,292,5,151–500,1.82,0.003927,499,7,151–500,0.76,0.501748,0.366425,0,0,0,,0.94,2022-23
2026-05-25,2026-06-01,24510,Baltimore City,Maryland,MD,quiet,0.002746,293,6,151–500,1.81,0.025309,146,2,51–150,4.88,0.500638,0.777948,0,0,3,5,0.9888,2023-24
2026-05-25,2026-06-01,18003,Allen County,Indiana,IN,quiet,0.002742,294,4,151–500,1.81,0.011001,275,3,151–500,2.12,0.500274,0.609098,0,0,8,57,,
2026-05-25,2026-06-01,25027,Worcester County,Massachusetts,MA,quiet,0.002741,295,2,151–500,1.81,0.008479,318,6,151–500,1.64,0.500211,0.547926,0,0,0,,0.959,2023-24
2026-05-25,2026-06-01,01073,Jefferson County,Alabama,AL,quiet,0.002714,296,2,151–500,1.79,0.008741,313,2,151–500,1.69,0.497907,0.555177,0,0,0,,0.9557,2022-23
2026-05-25,2026-06-01,04027,Yuma County,Arizona,AZ,quiet,0.00269,297,9,151–500,1.77,0.010705,283,8,151–500,2.06,0.495794,0.602817,0,0,0,,0.954,2023-24
2026-05-25,2026-06-01,49013,Duchesne County,Utah,UT,quiet,0.002681,298,12,151–500,1.77,0.010033,290,10,151–500,1.94,0.495002,0.587743,0,0,0,,0.936,2022-23
2026-05-25,2026-06-01,35043,Sandoval County,New Mexico,NM,quiet,0.002673,299,6,151–500,1.76,0.019848,183,4,151–500,3.83,0.494325,0.734211,0,0,6,53,,
2026-05-25,2026-06-01,48397,Rockwall County,Texas,TX,quiet,0.002666,300,22,151–500,1.76,0.012622,250,20,151–500,2.43,0.493694,0.640261,0,0,8,13,0.91472868,2023-24
2026-05-25,2026-06-01,49047,Uintah County,Utah,UT,quiet,0.002622,301,13,151–500,1.73,0.00669,358,13,151–500,1.29,0.489801,0.491026,0,0,0,,0.947,2022-23
2026-05-25,2026-06-01,51810,Virginia Beach City,Virginia,VA,quiet,0.002621,302,5,151–500,1.73,0.006977,347,3,151–500,1.35,0.489698,0.501134,0,0,0,,0.904,2023-24
2026-05-25,2026-06-01,53001,Adams County,Washington,WA,quiet,0.002617,303,21,151–500,1.72,0.006254,386,20,151–500,1.21,0.489402,0.474843,0,0,0,,0.91714286,2023-24
2026-05-25,2026-06-01,38015,Burleigh County,North Dakota,ND,quiet,0.002553,304,8,151–500,1.68,0.011339,270,5,151–500,2.19,0.483622,0.616055,0,0,0,,0.8867,2023-24
2026-05-25,2026-06-01,39095,Lucas County,Ohio,OH,quiet,0.002529,305,5,151–500,1.67,0.013176,245,3,151–500,2.54,0.481398,0.649789,0,0,0,,,
2026-05-25,2026-06-01,25013,Hampden County,Massachusetts,MA,quiet,0.002525,306,3,151–500,1.66,0.021422,165,2,151–500,4.13,0.480996,0.748487,0,0,0,,0.926,2023-24
2026-05-25,2026-06-01,35025,Lea County,New Mexico,NM,quiet,0.002518,307,7,151–500,1.66,0.012707,247,6,151–500,2.45,0.480374,0.641751,0,0,67,51,0.95,2018-19
2026-05-25,2026-06-01,23019,Penobscot County,Maine,ME,quiet,0.002438,308,1,151–500,1.61,0.01145,268,1,151–500,2.21,0.472885,0.618282,0,0,5,14,0.9858,2023-24
2026-05-25,2026-06-01,26159,Van Buren County,Michigan,MI,quiet,0.002434,309,14,151–500,1.6,0.007785,330,16,151–500,1.5,0.472443,0.527486,0,0,0,,0.9122,2023-24
2026-05-25,2026-06-01,12113,Santa Rosa County,Florida,FL,quiet,0.002422,310,24,151–500,1.6,0.020385,176,20,151–500,3.93,0.471314,0.739268,0,0,0,,0.919,2022-23
2026-05-25,2026-06-01,21117,Kenton County,Kentucky,KY,quiet,0.002408,311,2,151–500,1.59,0.007462,338,4,151–500,1.44,0.46997,0.517304,0,0,0,,0.97,2022-23
2026-05-25,2026-06-01,01089,Madison County,Alabama,AL,quiet,0.002405,312,3,151–500,1.58,0.005633,407,4,151–500,1.09,0.4697,0.449838,0,0,0,,0.9385,2022-23
2026-05-25,2026-06-01,21111,Jefferson County,Kentucky,KY,quiet,0.002373,313,3,151–500,1.56,0.01452,230,2,151–500,2.8,0.466548,0.670887,0,0,2,43,0.828,2022-23
2026-05-25,2026-06-01,53013,Columbia County,Washington,WA,quiet,0.002334,314,22,151–500,1.54,0.006306,384,19,151–500,1.22,0.462687,0.476819,0,0,0,,0.80851064,2023-24
2026-05-25,2026-06-01,45083,Spartanburg County,South Carolina,SC,quiet,0.002321,315,6,151–500,1.53,0.038846,97,2,51–150,7.49,0.461451,0.842447,0,0,940,10,0.912,2023-24
2026-05-25,2026-06-01,26087,Lapeer County,Michigan,MI,quiet,0.002285,316,15,151–500,1.51,0.004386,470,23,151–500,0.85,0.457798,0.391378,0,0,0,,0.8346,2023-24
2026-05-25,2026-06-01,36079,Putnam County,New York,NY,quiet,0.002249,317,10,151–500,1.48,0.003876,508,13,501+,0.75,0.454138,0.363485,0,0,1,51,0.99338235,2022-23
2026-05-25,2026-06-01,09120,Greater Bridgeport Planning Region,Connecticut,CT,quiet,0.002219,318,3,151–500,1.46,0.008627,314,4,151–500,1.66,0.450997,0.552056,0,0,0,,,
2026-05-25,2026-06-01,04009,Graham County,Arizona,AZ,quiet,0.002209,319,10,151–500,1.45,0.005063,429,9,151–500,0.98,0.449952,0.424641,0,0,0,,0.913,2023-24
2026-05-25,2026-06-01,08047,Gilpin County,Colorado,CO,quiet,0.002203,320,22,151–500,1.45,0.009939,294,21,151–500,1.92,0.449283,0.585528,0,0,0,,0.7778,2023-24
2026-05-25,2026-06-01,20173,Sedgwick County,Kansas,KS,quiet,0.002198,321,2,151–500,1.45,0.01381,239,1,151–500,2.66,0.448777,0.66007,0,0,0,,0.91,2023-24
2026-05-25,2026-06-01,41001,Baker County,Oregon,OR,quiet,0.002197,322,9,151–500,1.45,0.002997,590,17,501+,0.58,0.448727,0.308561,0,0,0,,0.84,2023-24
2026-05-25,2026-06-01,08015,Chaffee County,Colorado,CO,quiet,0.002197,323,23,151–500,1.45,0.009788,296,22,151–500,1.89,0.448681,0.581935,0,0,0,,0.7917,2023-24
2026-05-25,2026-06-01,25021,Norfolk County,Massachusetts,MA,quiet,0.002175,324,4,151–500,1.43,0.011567,267,4,151–500,2.23,0.446384,0.620584,0,0,0,,0.977,2023-24
2026-05-25,2026-06-01,56021,Laramie County,Wyoming,WY,quiet,0.002175,325,6,151–500,1.43,0.005496,411,5,151–500,1.06,0.446377,0.444018,0,0,0,,0.86,2022-23
2026-05-25,2026-06-01,12091,Okaloosa County,Florida,FL,quiet,0.002165,326,25,151–500,1.43,0.00974,297,26,151–500,1.88,0.445254,0.580797,0,0,1,28,0.901,2022-23
2026-05-25,2026-06-01,38089,Stark County,North Dakota,ND,quiet,0.00216,327,9,151–500,1.42,0.00217,710,14,501+,0.42,0.444822,0.246694,0,0,0,,0.9168,2023-24
2026-05-25,2026-06-01,25017,Middlesex County,Massachusetts,MA,quiet,0.002158,328,5,151–500,1.42,0.016906,210,3,151–500,3.26,0.44458,0.702644,0,0,0,,0.978,2023-24
2026-05-25,2026-06-01,30049,Lewis and Clark County,Montana,MT,quiet,0.002153,329,5,151–500,1.42,0.013851,238,3,151–500,2.67,0.444021,0.660709,0,0,7,10,,
2026-05-25,2026-06-01,08107,Routt County,Colorado,CO,quiet,0.002145,330,24,151–500,1.41,0.007379,340,26,151–500,1.42,0.443162,0.514595,0,0,0,,0.9364,2023-24
2026-05-25,2026-06-01,27119,Polk County,Minnesota,MN,quiet,0.002098,331,7,151–500,1.38,0.003014,588,15,501+,0.58,0.438062,0.309701,0,0,0,,0.888,2023-24
2026-05-25,2026-06-01,06053,Monterey County,California,CA,quiet,0.00206,332,27,151–500,1.36,0.009965,292,26,151–500,1.92,0.433877,0.58614,0,0,0,,0.9859,2023-24
2026-05-25,2026-06-01,33011,Hillsborough County,New Hampshire,NH,quiet,0.002038,333,1,151–500,1.34,0.01883,191,1,151–500,3.63,0.431375,0.724086,0,0,0,,,
2026-05-25,2026-06-01,12115,Sarasota County,Florida,FL,quiet,0.002017,334,26,151–500,1.33,0.009116,306,27,151–500,1.76,0.428976,0.565145,0,0,0,,0.848,2022-23
2026-05-25,2026-06-01,18039,Elkhart County,Indiana,IN,quiet,0.00201,335,5,151–500,1.32,0.006559,366,6,151–500,1.27,0.428193,0.486269,0,0,0,,,
2026-05-25,2026-06-01,16011,Bingham County,Idaho,ID,quiet,0.002005,336,8,151–500,1.32,0.003881,504,9,501+,0.75,0.427659,0.36379,0,0,0,,,
2026-05-25,2026-06-01,06017,El Dorado County,California,CA,quiet,0.001983,337,28,151–500,1.31,0.014157,235,24,151–500,2.73,0.425107,0.665446,0,0,0,,0.8029,2023-24
2026-05-25,2026-06-01,20045,Douglas County,Kansas,KS,quiet,0.001978,338,3,151–500,1.3,0.007802,329,3,151–500,1.5,0.424558,0.527985,0,0,0,,0.93,2023-24
2026-05-25,2026-06-01,26045,Eaton County,Michigan,MI,quiet,0.001976,339,16,151–500,1.3,0.007884,328,15,151–500,1.52,0.424342,0.530502,0,0,0,,0.9085,2023-24
2026-05-25,2026-06-01,47157,Shelby County,Tennessee,TN,quiet,0.001971,340,4,151–500,1.3,0.009621,299,4,151–500,1.86,0.423756,0.577901,0,0,0,,0.968,2023-24
2026-05-25,2026-06-01,29183,St. Charles County,Missouri,MO,quiet,0.001967,341,4,151–500,1.3,0.006975,348,4,151–500,1.35,0.423317,0.501059,0,0,0,,0.944,2023-24
2026-05-25,2026-06-01,08051,Gunnison County,Colorado,CO,quiet,0.001961,342,25,151–500,1.29,0.002479,649,35,501+,0.48,0.422626,0.271146,0,0,0,,0.8865,2023-24
2026-05-25,2026-06-01,08119,Teller County,Colorado,CO,quiet,0.001957,343,26,151–500,1.29,0.005933,395,28,151–500,1.14,0.422093,0.462235,0,0,0,,0.7829,2023-24
2026-05-25,2026-06-01,39153,Summit County,Ohio,OH,quiet,0.001948,344,6,151–500,1.28,0.006832,351,7,151–500,1.32,0.421123,0.496057,0,0,0,,,
2026-05-25,2026-06-01,17201,Winnebago County,Illinois,IL,quiet,0.001936,345,6,151–500,1.28,0.008929,309,6,151–500,1.72,0.41968,0.560232,0,0,0,,,
2026-05-25,2026-06-01,45015,Berkeley County,South Carolina,SC,quiet,0.001931,346,7,151–500,1.27,0.008094,322,8,151–500,1.56,0.419094,0.536808,0,0,0,,0.93,2023-24
2026-05-25,2026-06-01,37081,Guilford County,North Carolina,NC,quiet,0.001926,347,9,151–500,1.27,0.021103,170,5,151–500,4.07,0.418508,0.74572,0,0,1,48,0.93623737,2022-23
2026-05-25,2026-06-01,47065,Hamilton County,Tennessee,TN,quiet,0.001923,348,5,151–500,1.27,0.005605,409,6,151–500,1.08,0.418097,0.448683,0,0,0,,0.922,2023-24
2026-05-25,2026-06-01,13057,Cherokee County,Georgia,GA,quiet,0.001914,349,9,151–500,1.26,0.009414,303,7,151–500,1.82,0.417114,0.572764,0,0,0,,,
2026-05-25,2026-06-01,45019,Charleston County,South Carolina,SC,quiet,0.001907,350,8,151–500,1.26,0.005924,396,10,151–500,1.14,0.416206,0.461865,0,0,0,,0.935,2023-24
2026-05-25,2026-06-01,48019,Bandera County,Texas,TX,quiet,0.001903,351,23,151–500,1.25,0.006394,378,29,151–500,1.23,0.41575,0.480139,0,0,5,11,0.95428571,2023-24
2026-05-25,2026-06-01,48325,Medina County,Texas,TX,quiet,0.001896,352,24,151–500,1.25,0.005235,422,33,151–500,1.01,0.414981,0.432474,0,0,0,,0.94915254,2023-24
2026-05-25,2026-06-01,49023,Juab County,Utah,UT,quiet,0.001895,353,14,151–500,1.25,0.001927,771,20,501+,0.37,0.414855,0.226175,0,0,0,,0.925,2022-23
2026-05-25,2026-06-01,06093,Siskiyou County,California,CA,quiet,0.001877,354,29,151–500,1.24,0.006226,387,30,151–500,1.2,0.412673,0.473742,0,0,0,,0.9636,2023-24
2026-05-25,2026-06-01,34015,Gloucester County,New Jersey,NJ,quiet,0.001876,355,14,151–500,1.24,0.006375,380,15,151–500,1.23,0.412504,0.479442,0,0,0,,0.949,2023-24
2026-05-25,2026-06-01,08097,Pitkin County,Colorado,CO,quiet,0.001859,356,27,151–500,1.22,0.009073,307,24,151–500,1.75,0.410451,0.564025,0,0,0,,0.9278,2023-24
2026-05-25,2026-06-01,32007,Elko County,Nevada,NV,quiet,0.001846,357,3,151–500,1.22,0.004513,456,4,151–500,0.87,0.408854,0.397901,0,0,0,,0.94,2022-23
2026-05-25,2026-06-01,26037,Clinton County,Michigan,MI,quiet,0.00184,358,17,151–500,1.21,0.006332,382,17,151–500,1.22,0.408196,0.477802,0,0,0,,0.9268,2023-24
2026-05-25,2026-06-01,41043,Linn County,Oregon,OR,quiet,0.00184,359,10,151–500,1.21,0.012399,254,7,151–500,2.39,0.408113,0.63627,0,0,2,19,0.892,2023-24
2026-05-25,2026-06-01,17111,McHenry County,Illinois,IL,quiet,0.001837,360,7,151–500,1.21,0.006595,363,7,151–500,1.27,0.407729,0.487574,0,0,0,,,
2026-05-25,2026-06-01,22033,East Baton Rouge Parish,Louisiana,LA,quiet,0.001823,361,3,151–500,1.2,0.011285,272,3,151–500,2.18,0.406088,0.614949,0,0,0,,0.878,2021-22
2026-05-25,2026-06-01,38061,Mountrail County,North Dakota,ND,quiet,0.001809,362,10,151–500,1.19,0.004064,485,10,151–500,0.78,0.404314,0.374097,0,0,0,,0.8624,2023-24
2026-05-25,2026-06-01,35029,Luna County,New Mexico,NM,quiet,0.001799,363,8,151–500,1.18,0.019351,185,5,151–500,3.73,0.403089,0.72936,0,0,25,10,0.95,2018-19
2026-05-25,2026-06-01,19113,Linn County,Iowa,IA,quiet,0.001789,364,2,151–500,1.18,0.00451,457,4,151–500,0.87,0.401833,0.397741,0,0,0,,0.87967537,2023-24
2026-05-25,2026-06-01,02122,Kenai Peninsula Borough,Alaska,AK,quiet,0.001784,365,3,151–500,1.17,0.005774,402,4,151–500,1.11,0.401173,0.455742,0,0,1,70,,
2026-05-25,2026-06-01,45077,Pickens County,South Carolina,SC,quiet,0.001757,366,9,151–500,1.16,0.00474,440,14,151–500,0.91,0.397756,0.409234,0,0,6,10,0.954,2023-24
2026-05-25,2026-06-01,53043,Lincoln County,Washington,WA,quiet,0.00175,367,23,151–500,1.15,0.002343,675,28,501+,0.45,0.39686,0.260604,0,0,0,,0.89949749,2023-24
2026-05-25,2026-06-01,08085,Montrose County,Colorado,CO,quiet,0.001744,368,28,151–500,1.15,0.004865,436,29,151–500,0.94,0.396102,0.415305,0,0,0,,0.8802,2023-24
2026-05-25,2026-06-01,56013,Fremont County,Wyoming,WY,quiet,0.001732,369,7,151–500,1.14,0.007407,339,2,151–500,1.43,0.39453,0.51551,0,0,6,4,0.91,2022-23
2026-05-25,2026-06-01,12033,Escambia County,Florida,FL,quiet,0.001725,370,27,151–500,1.14,0.019444,184,22,151–500,3.75,0.39362,0.730281,0,0,5,15,0.913,2022-23
2026-05-25,2026-06-01,37161,Rutherford County,North Carolina,NC,quiet,0.001719,371,10,151–500,1.13,0.006518,368,14,151–500,1.26,0.39291,0.484745,0,0,1,70,0.93969144,2022-23
2026-05-25,2026-06-01,32019,Lyon County,Nevada,NV,quiet,0.001696,372,4,151–500,1.12,0.004604,449,3,151–500,0.89,0.389907,0.402499,0,0,0,,0.94,2022-23
2026-05-25,2026-06-01,36047,Kings County,New York,NY,quiet,0.001682,373,11,151–500,1.11,0.027945,134,3,51–150,5.39,0.38806,0.794294,0,0,0,,0.98480251,2022-23
2026-05-25,2026-06-01,34001,Atlantic County,New Jersey,NJ,quiet,0.001682,374,15,151–500,1.11,0.010289,288,14,151–500,1.98,0.388043,0.593606,0,0,0,,0.922,2023-24
2026-05-25,2026-06-01,42107,Schuylkill County,Pennsylvania,PA,quiet,0.001679,375,9,151–500,1.11,0.003833,511,15,501+,0.74,0.387623,0.361026,0,0,0,,0.95269771,2023-24
2026-05-25,2026-06-01,27109,Olmsted County,Minnesota,MN,quiet,0.001671,376,8,151–500,1.1,0.004863,437,9,151–500,0.94,0.386637,0.415203,0,0,1,32,0.925,2023-24
2026-05-25,2026-06-01,42003,Allegheny County,Pennsylvania,PA,quiet,0.001665,377,10,151–500,1.1,0.006053,391,11,151–500,1.17,0.385809,0.466999,0,0,0,,0.94368726,2023-24
2026-05-25,2026-06-01,56007,Carbon County,Wyoming,WY,quiet,0.001663,378,8,151–500,1.1,0.006774,357,3,151–500,1.31,0.38554,0.494021,0,0,7,39,0.94,2022-23
2026-05-25,2026-06-01,49027,Millard County,Utah,UT,quiet,0.001659,379,15,151–500,1.09,0.004006,491,16,151–500,0.77,0.385072,0.370831,0,0,0,,0.937,2022-23
2026-05-25,2026-06-01,48135,Ector County,Texas,TX,quiet,0.001654,380,25,151–500,1.09,0.016047,218,19,151–500,3.1,0.384379,0.691954,0,0,12,52,0.9127864,2023-24
2026-05-25,2026-06-01,25009,Essex County,Massachusetts,MA,quiet,0.001649,381,6,151–500,1.09,0.008825,312,5,151–500,1.7,0.383692,0.557452,0,0,0,,0.97,2023-24
2026-05-25,2026-06-01,27061,Itasca County,Minnesota,MN,quiet,0.001648,382,9,151–500,1.09,0.006181,390,8,151–500,1.19,0.3835,0.472003,0,0,0,,0.869,2023-24
2026-05-25,2026-06-01,45007,Anderson County,South Carolina,SC,quiet,0.001642,383,10,151–500,1.08,0.010417,286,7,151–500,2.01,0.382781,0.596492,0,0,0,,0.953,2023-24
2026-05-25,2026-06-01,41003,Benton County,Oregon,OR,quiet,0.001631,384,11,151–500,1.07,0.003118,572,15,501+,0.6,0.381217,0.316722,0,0,0,,0.941,2023-24
2026-05-25,2026-06-01,26049,Genesee County,Michigan,MI,quiet,0.001613,385,18,151–500,1.06,0.005889,397,18,151–500,1.14,0.378847,0.460448,0,0,0,,0.8968,2023-24
2026-05-25,2026-06-01,08109,Saguache County,Colorado,CO,quiet,0.001612,386,29,151–500,1.06,0.009279,304,23,151–500,1.79,0.378668,0.569361,0,0,1,8,0.9589,2023-24
2026-05-25,2026-06-01,09170,South Central Connecticut Planning Region,Connecticut,CT,quiet,0.00161,387,4,151–500,1.06,0.015518,221,3,151–500,2.99,0.378433,0.684969,0,0,1,24,,
2026-05-25,2026-06-01,35023,Hidalgo County,New Mexico,NM,quiet,0.001609,388,9,151–500,1.06,0.004506,458,11,151–500,0.87,0.378318,0.397563,0,0,2,13,0.94,2018-19
2026-05-25,2026-06-01,51510,Alexandria City,Virginia,VA,quiet,0.001606,389,6,151–500,1.06,0.006653,361,4,151–500,1.28,0.377885,0.489692,0,0,0,,0.941,2023-24
2026-05-25,2026-06-01,06115,Yuba County,California,CA,quiet,0.001599,390,30,151–500,1.05,0.003426,544,35,501+,0.66,0.376872,0.336595,0,0,0,,0.91649,2023-24
2026-05-25,2026-06-01,45003,Aiken County,South Carolina,SC,quiet,0.001583,391,11,151–500,1.04,0.007211,342,9,151–500,1.39,0.374646,0.509057,0,0,0,,0.928,2023-24
2026-05-25,2026-06-01,42125,Washington County,Pennsylvania,PA,quiet,0.001569,392,11,151–500,1.03,0.003138,569,17,501+,0.61,0.372755,0.318007,0,0,0,,0.95047706,2023-24
2026-05-25,2026-06-01,53003,Asotin County,Washington,WA,quiet,0.001565,393,24,151–500,1.03,0.002064,735,29,501+,0.4,0.372189,0.237908,0,0,0,,0.92016807,2023-24
2026-05-25,2026-06-01,42095,Northampton County,Pennsylvania,PA,quiet,0.00156,394,12,151–500,1.03,0.007954,325,9,151–500,1.53,0.371578,0.532631,0,0,0,,0.95149606,2023-24
2026-05-25,2026-06-01,31153,Sarpy County,Nebraska,NE,quiet,0.001543,395,3,151–500,1.02,0.002527,646,4,501+,0.49,0.369174,0.274813,0,0,0,,,
2026-05-25,2026-06-01,46117,Stanley County,South Dakota,SD,quiet,0.00154,396,3,151–500,1.01,0.001681,848,11,501+,0.32,0.368692,0.204139,0,0,0,,0.95,2023-24
2026-05-25,2026-06-01,15001,Hawaii County,Hawaii,HI,quiet,0.001535,397,2,151–500,1.01,0.006,393,2,151–500,1.16,0.368028,0.464907,0,0,0,,0.8066,2022-23
2026-05-25,2026-06-01,06109,Tuolumne County,California,CA,quiet,0.001533,398,31,151–500,1.01,0.00567,405,32,151–500,1.09,0.367752,0.45142,0,0,2,62,0.93077,2023-24
2026-05-25,2026-06-01,25005,Bristol County,Massachusetts,MA,quiet,0.001529,399,7,151–500,1.01,0.007583,335,7,151–500,1.46,0.367095,0.521154,0,0,0,,0.974,2023-24
2026-05-25,2026-06-01,48021,Bastrop County,Texas,TX,quiet,0.001524,400,26,151–500,1.0,0.004707,442,35,151–500,0.91,0.366453,0.407613,0,0,0,,0.94946619,2023-24
2026-05-25,2026-06-01,27145,Stearns County,Minnesota,MN,quiet,0.001514,401,10,151–500,1.0,0.003642,527,11,501+,0.7,0.364986,0.349762,0,0,0,,0.801,2023-24
2026-05-25,2026-06-01,38053,McKenzie County,North Dakota,ND,quiet,0.001509,402,11,151–500,0.99,0.008555,315,7,151–500,1.65,0.364239,0.55004,0,0,0,,0.8008,2023-24
2026-05-25,2026-06-01,48265,Kerr County,Texas,TX,quiet,0.001506,403,27,151–500,0.99,0.006378,379,30,151–500,1.23,0.363879,0.479539,0,0,0,,0.93213573,2023-24
2026-05-25,2026-06-01,36067,Onondaga County,New York,NY,quiet,0.001502,404,12,151–500,0.99,0.00448,460,11,151–500,0.86,0.36327,0.396232,0,0,0,,0.99680124,2022-23
2026-05-25,2026-06-01,39017,Butler County,Ohio,OH,quiet,0.001501,405,7,151–500,0.99,0.005008,433,11,151–500,0.97,0.36314,0.422082,0,0,0,,,
2026-05-25,2026-06-01,13097,Douglas County,Georgia,GA,quiet,0.001492,406,10,151–500,0.98,0.006779,356,9,151–500,1.31,0.361867,0.49421,0,0,0,,,
2026-05-25,2026-06-01,18091,LaPorte County,Indiana,IN,quiet,0.001482,407,6,151–500,0.98,0.005329,414,8,151–500,1.03,0.360326,0.436694,0,0,0,,,
2026-05-25,2026-06-01,39089,Licking County,Ohio,OH,quiet,0.001476,408,8,151–500,0.97,0.009512,301,6,151–500,1.83,0.359514,0.5752,0,0,0,,,
2026-05-25,2026-06-01,12089,Nassau County,Florida,FL,quiet,0.001466,409,28,151–500,0.97,0.003081,578,32,501+,0.59,0.358084,0.314246,0,0,0,,0.898,2022-23
2026-05-25,2026-06-01,53041,Lewis County,Washington,WA,quiet,0.001454,410,25,151–500,0.96,0.004658,446,23,151–500,0.9,0.356246,0.405218,0,0,0,,0.8887574,2023-24
2026-05-25,2026-06-01,40017,Canadian County,Oklahoma,OK,quiet,0.001449,411,4,151–500,0.95,0.006423,377,4,151–500,1.24,0.355504,0.481222,0,0,0,,0.8944,2023-24
2026-05-25,2026-06-01,13013,Barrow County,Georgia,GA,quiet,0.001449,412,11,151–500,0.95,0.003804,513,19,501+,0.73,0.355497,0.359333,0,0,0,,,
2026-05-25,2026-06-01,48219,Hockley County,Texas,TX,quiet,0.00144,413,28,151–500,0.95,0.005186,424,34,151–500,1.0,0.354264,0.430274,0,0,7,42,0.94389439,2023-24
2026-05-25,2026-06-01,29047,Clay County,Missouri,MO,quiet,0.001431,414,5,151–500,0.94,0.005568,410,6,151–500,1.07,0.352952,0.447103,0,0,0,,0.914,2023-24
2026-05-25,2026-06-01,48013,Atascosa County,Texas,TX,quiet,0.001428,415,29,151–500,0.94,0.00528,418,32,151–500,1.02,0.352459,0.43449,0,0,1,57,0.98509934,2023-24
2026-05-25,2026-06-01,26151,Sanilac County,Michigan,MI,quiet,0.001427,416,19,151–500,0.94,0.002345,672,34,501+,0.45,0.352351,0.260783,0,0,0,,0.906,2023-24
2026-05-25,2026-06-01,48389,Reeves County,Texas,TX,quiet,0.001427,417,30,151–500,0.94,0.007641,333,24,151–500,1.47,0.352282,0.522989,0,0,2,52,0.94923858,2023-24
2026-05-25,2026-06-01,38077,Richland County,North Dakota,ND,quiet,0.001424,418,12,151–500,0.94,0.002789,607,13,501+,0.54,0.351887,0.29407,0,0,0,,0.9521,2023-24
2026-05-25,2026-06-01,30029,Flathead County,Montana,MT,quiet,0.001394,419,6,151–500,0.92,0.011256,273,4,151–500,2.17,0.347354,0.614362,0,0,2,52,,
2026-05-25,2026-06-01,23005,Cumberland County,Maine,ME,quiet,0.001392,420,2,151–500,0.92,0.002693,622,5,501+,0.52,0.34709,0.287108,0,0,0,,0.9582,2023-24
2026-05-25,2026-06-01,45057,Lancaster County,South Carolina,SC,quiet,0.001389,421,12,151–500,0.91,0.003973,494,15,151–500,0.77,0.3465,0.368972,0,0,0,,0.947,2023-24
2026-05-25,2026-06-01,37071,Gaston County,North Carolina,NC,quiet,0.001382,422,11,151–500,0.91,0.011956,260,9,151–500,2.31,0.345477,0.628101,0,0,0,,0.91987791,2022-23
2026-05-25,2026-06-01,01081,Lee County,Alabama,AL,quiet,0.001374,423,4,151–500,0.9,0.004697,443,5,151–500,0.91,0.344251,0.407142,0,0,0,,0.9466,2022-23
2026-05-25,2026-06-01,32033,White Pine County,Nevada,NV,quiet,0.001374,424,5,151–500,0.9,0.003426,545,5,501+,0.66,0.344216,0.336581,0,0,0,,0.94,2022-23
2026-05-25,2026-06-01,24021,Frederick County,Maryland,MD,quiet,0.001373,425,7,151–500,0.9,0.006512,369,5,151–500,1.26,0.344156,0.48455,0,0,0,,0.9931,2023-24
2026-05-25,2026-06-01,44003,Kent County,Rhode Island,RI,quiet,0.001364,426,2,151–500,0.9,0.004673,445,2,151–500,0.9,0.3428,0.405965,0,0,0,,0.92,2023-24
2026-05-25,2026-06-01,39113,Montgomery County,Ohio,OH,quiet,0.001364,427,9,151–500,0.9,0.006358,381,9,151–500,1.23,0.342719,0.478791,0,0,0,,,
2026-05-25,2026-06-01,06007,Butte County,California,CA,quiet,0.001357,428,32,151–500,0.89,0.008124,321,28,151–500,1.57,0.34168,0.537684,0,0,0,,0.96918,2023-24
2026-05-25,2026-06-01,26075,Jackson County,Michigan,MI,quiet,0.001347,429,20,151–500,0.89,0.005859,398,19,151–500,1.13,0.340171,0.459217,0,0,0,,0.9211,2023-24
2026-05-25,2026-06-01,56009,Converse County,Wyoming,WY,quiet,0.001347,430,9,151–500,0.89,0.001796,808,14,501+,0.35,0.340091,0.214587,0,0,0,,0.93,2022-23
2026-05-25,2026-06-01,45035,Dorchester County,South Carolina,SC,quiet,0.001344,431,13,151–500,0.89,0.005256,420,13,151–500,1.01,0.339705,0.433415,0,0,0,,0.947,2023-24
2026-05-25,2026-06-01,29510,St. Louis City,Missouri,MO,quiet,0.001342,432,6,151–500,0.88,0.006667,360,5,151–500,1.29,0.339311,0.490196,0,0,0,,0.745,2023-24
2026-05-25,2026-06-01,18057,Hamilton County,Indiana,IN,quiet,0.001333,433,7,151–500,0.88,0.005346,413,7,151–500,1.03,0.337964,0.437428,0,0,0,,,
2026-05-25,2026-06-01,06047,Merced County,California,CA,quiet,0.00133,434,33,151–500,0.88,0.005807,399,31,151–500,1.12,0.337439,0.457088,0,0,0,,0.97513,2023-24
2026-05-25,2026-06-01,38097,Traill County,North Dakota,ND,quiet,0.001329,435,13,151–500,0.88,0.0032,565,12,501+,0.62,0.337366,0.322142,0,0,1,12,0.9659,2023-24
2026-05-25,2026-06-01,17167,Sangamon County,Illinois,IL,quiet,0.001326,436,8,151–500,0.87,0.005323,415,8,151–500,1.03,0.336904,0.436447,0,0,0,,,
2026-05-25,2026-06-01,12119,Sumter County,Florida,FL,quiet,0.001322,437,29,151–500,0.87,0.002023,744,35,501+,0.39,0.336182,0.234438,0,0,0,,0.922,2022-23
2026-05-25,2026-06-01,31161,Sheridan County,Nebraska,NE,quiet,0.001321,438,4,151–500,0.87,0.006498,372,3,151–500,1.25,0.336063,0.484023,0,0,1,52,,
2026-05-25,2026-06-01,09140,Naugatuck Valley Planning Region,Connecticut,CT,quiet,0.001309,439,5,151–500,0.86,0.004071,484,5,151–500,0.79,0.334099,0.374477,0,0,0,,,
2026-05-25,2026-06-01,16005,Bannock County,Idaho,ID,quiet,0.001308,440,9,151–500,0.86,0.003764,514,11,501+,0.73,0.334036,0.357014,0,0,0,,,
2026-05-25,2026-06-01,48361,Orange County,Texas,TX,quiet,0.001307,441,31,151–500,0.86,0.002313,679,68,501+,0.45,0.333856,0.258279,0,0,0,,0.91140434,2023-24
2026-05-25,2026-06-01,13015,Bartow County,Georgia,GA,quiet,0.001305,442,12,151–500,0.86,0.005239,421,11,151–500,1.01,0.333549,0.432684,0,0,0,,,
2026-05-25,2026-06-01,49001,Beaver County,Utah,UT,quiet,0.001304,443,16,151–500,0.86,0.002017,746,19,501+,0.39,0.333274,0.233901,0,0,0,,0.975,2022-23
2026-05-25,2026-06-01,10005,Sussex County,Delaware,DE,quiet,0.001303,444,2,151–500,0.86,0.003822,512,2,501+,0.74,0.333136,0.360377,0,0,0,,,
2026-05-25,2026-06-01,37149,Polk County,North Carolina,NC,quiet,0.001302,445,12,151–500,0.86,0.003312,555,21,501+,0.64,0.332973,0.329388,0,0,5,14,0.91875,2022-23
2026-05-25,2026-06-01,13151,Henry County,Georgia,GA,quiet,0.0013,446,13,151–500,0.86,0.003601,530,21,501+,0.69,0.33265,0.347304,0,0,0,,,
2026-05-25,2026-06-01,20103,Leavenworth County,Kansas,KS,quiet,0.001295,447,4,151–500,0.85,0.003218,563,5,501+,0.62,0.331835,0.323288,0,0,0,,0.92,2023-24
2026-05-25,2026-06-01,42079,Luzerne County,Pennsylvania,PA,quiet,0.001294,448,13,151–500,0.85,0.004625,448,12,151–500,0.89,0.331722,0.403534,0,0,0,,0.95238095,2023-24
2026-05-25,2026-06-01,20177,Shawnee County,Kansas,KS,quiet,0.001273,449,5,151–500,0.84,0.005298,417,4,151–500,1.02,0.328333,0.435309,0,0,0,,0.93,2023-24
2026-05-25,2026-06-01,48099,Coryell County,Texas,TX,quiet,0.001268,450,32,151–500,0.84,0.004053,487,41,151–500,0.78,0.327643,0.373472,0,0,0,,0.95212766,2023-24
2026-05-25,2026-06-01,46051,Grant County,South Dakota,SD,quiet,0.001268,451,4,151–500,0.84,0.002452,657,8,501+,0.47,0.327589,0.269099,0,0,6,16,0.92,2023-24
2026-05-25,2026-06-01,37097,Iredell County,North Carolina,NC,quiet,0.001264,452,13,151–500,0.83,0.010814,281,11,151–500,2.09,0.32698,0.605147,0,0,0,,0.91877104,2022-23
2026-05-25,2026-06-01,05125,Saline County,Arkansas,AR,quiet,0.001264,453,3,151–500,0.83,0.006044,392,3,151–500,1.17,0.326882,0.466644,0,0,1,59,,
2026-05-25,2026-06-01,37035,Catawba County,North Carolina,NC,quiet,0.001262,454,14,151–500,0.83,0.01131,271,10,151–500,2.18,0.326631,0.615454,0,0,0,,0.95066414,2022-23
2026-05-25,2026-06-01,30081,Ravalli County,Montana,MT,quiet,0.001261,455,7,151–500,0.83,0.0065,371,7,151–500,1.25,0.326484,0.484108,0,0,0,,,
2026-05-25,2026-06-01,13153,Houston County,Georgia,GA,quiet,0.001259,456,14,151–500,0.83,0.004561,454,14,151–500,0.88,0.326042,0.400321,0,0,0,,,
2026-05-25,2026-06-01,49041,Sevier County,Utah,UT,quiet,0.001256,457,17,151–500,0.83,0.004139,480,15,151–500,0.8,0.32561,0.378215,0,0,0,,0.96,2022-23
2026-05-25,2026-06-01,45081,Saluda County,South Carolina,SC,quiet,0.001243,458,14,151–500,0.82,0.005264,419,12,151–500,1.02,0.323491,0.433783,0,0,1,6,0.947,2023-24
2026-05-25,2026-06-01,26107,Mecosta County,Michigan,MI,quiet,0.001239,459,21,151–500,0.82,0.003944,497,26,151–500,0.76,0.322765,0.367371,0,0,0,,0.9391,2023-24
2026-05-25,2026-06-01,56039,Teton County,Wyoming,WY,quiet,0.001238,460,10,151–500,0.82,0.003009,589,9,501+,0.58,0.322666,0.309405,0,0,0,,0.95,2022-23
2026-05-25,2026-06-01,06029,Kern County,California,CA,quiet,0.001222,461,34,151–500,0.8,0.003757,515,34,501+,0.72,0.319985,0.35662,0,0,0,,0.90718,2023-24
2026-05-25,2026-06-01,13297,Walton County,Georgia,GA,quiet,0.001221,462,15,151–500,0.8,0.005048,432,12,151–500,0.97,0.319874,0.423957,0,0,0,,,
2026-05-25,2026-06-01,27141,Sherburne County,Minnesota,MN,quiet,0.00122,463,11,151–500,0.8,0.002066,734,19,501+,0.4,0.319749,0.238086,0,0,0,,0.861,2023-24
2026-05-25,2026-06-01,26111,Midland County,Michigan,MI,quiet,0.001218,464,22,151–500,0.8,0.00449,459,20,151–500,0.87,0.319431,0.396746,0,0,0,,0.8947,2023-24
2026-05-25,2026-06-01,37101,Johnston County,North Carolina,NC,quiet,0.001216,465,15,151–500,0.8,0.006435,376,15,151–500,1.24,0.319052,0.481679,0,0,1,15,0.94841408,2022-23
2026-05-25,2026-06-01,06009,Calaveras County,California,CA,quiet,0.001215,466,35,151–500,0.8,0.002904,597,38,501+,0.56,0.318834,0.30218,0,0,0,,0.93852,2023-24
2026-05-25,2026-06-01,01097,Mobile County,Alabama,AL,quiet,0.001212,467,5,151–500,0.8,0.006999,346,3,151–500,1.35,0.318324,0.501887,0,0,0,,0.9245,2022-23
2026-05-25,2026-06-01,04023,Santa Cruz County,Arizona,AZ,quiet,0.001212,468,11,151–500,0.8,0.002711,617,12,501+,0.52,0.318317,0.288437,0,0,0,,0.964,2023-24
2026-05-25,2026-06-01,06057,Nevada County,California,CA,quiet,0.001204,469,36,151–500,0.79,0.003884,501,33,501+,0.75,0.316925,0.363956,0,0,0,,0.88695,2023-24
2026-05-25,2026-06-01,32023,Nye County,Nevada,NV,quiet,0.001198,470,6,151–500,0.79,0.003295,556,6,501+,0.64,0.316054,0.328268,0,0,0,,0.94,2022-23
2026-05-25,2026-06-01,41053,Polk County,Oregon,OR,quiet,0.001197,471,12,151–500,0.79,0.005465,412,11,151–500,1.05,0.315869,0.442646,0,0,0,,0.906,2023-24
2026-05-25,2026-06-01,06025,Imperial County,California,CA,quiet,0.001193,472,37,151–500,0.79,0.002224,703,43,501+,0.43,0.315093,0.251085,0,0,0,,0.9787,2023-24
2026-05-25,2026-06-01,48061,Cameron County,Texas,TX,quiet,0.00119,473,33,151–500,0.78,0.006937,350,26,151–500,1.34,0.314641,0.499755,0,0,0,,0.98452454,2023-24
2026-05-25,2026-06-01,26147,St. Clair County,Michigan,MI,quiet,0.001168,474,23,151–500,0.77,0.004407,468,22,151–500,0.85,0.310828,0.392445,0,0,0,,0.8724,2023-24
2026-05-25,2026-06-01,26091,Lenawee County,Michigan,MI,quiet,0.001164,475,24,151–500,0.77,0.002856,601,30,501+,0.55,0.310271,0.298785,0,0,0,,0.896,2023-24
2026-05-25,2026-06-01,19049,Dallas County,Iowa,IA,quiet,0.001161,476,3,151–500,0.76,0.004107,482,5,151–500,0.79,0.309659,0.376439,0,0,0,,0.9280303,2023-24
2026-05-25,2026-06-01,42129,Westmoreland County,Pennsylvania,PA,quiet,0.001159,477,14,151–500,0.76,0.007036,345,10,151–500,1.36,0.309411,0.503149,0,0,0,,0.92406919,2023-24
2026-05-25,2026-06-01,51087,Henrico County,Virginia,VA,quiet,0.001155,478,7,151–500,0.76,0.005165,426,6,151–500,1.0,0.308749,0.429333,0,0,0,,0.936,2023-24
2026-05-25,2026-06-01,06069,San Benito County,California,CA,quiet,0.001151,479,38,151–500,0.76,0.002553,642,41,501+,0.49,0.308022,0.27677,0,0,0,,0.98469,2023-24
2026-05-25,2026-06-01,53047,Okanogan County,Washington,WA,quiet,0.001141,480,26,151–500,0.75,0.00243,659,27,501+,0.47,0.306164,0.267421,0,0,0,,0.88689408,2023-24
2026-05-25,2026-06-01,26157,Tuscola County,Michigan,MI,quiet,0.001139,481,25,151–500,0.75,0.004287,474,25,151–500,0.83,0.305971,0.386157,0,0,0,,0.8941,2023-24
2026-05-25,2026-06-01,18063,Hendricks County,Indiana,IN,quiet,0.001128,482,8,151–500,0.74,0.004262,475,9,151–500,0.82,0.304031,0.384838,0,0,0,,,
2026-05-25,2026-06-01,22103,St. Tammany Parish,Louisiana,LA,quiet,0.001128,483,4,151–500,0.74,0.002574,641,5,501+,0.5,0.303965,0.278315,0,0,0,,0.91,2021-22
2026-05-25,2026-06-01,48257,Kaufman County,Texas,TX,quiet,0.001127,484,34,151–500,0.74,0.006549,367,27,151–500,1.26,0.303876,0.485917,0,0,0,,0.94898785,2023-24
2026-05-25,2026-06-01,41029,Jackson County,Oregon,OR,quiet,0.001124,485,13,151–500,0.74,0.005788,400,9,151–500,1.12,0.30329,0.456314,0,0,0,,0.874,2023-24
2026-05-25,2026-06-01,02090,Fairbanks North Star Borough,Alaska,AK,quiet,0.001119,486,4,151–500,0.74,0.006589,364,3,151–500,1.27,0.302485,0.487365,0,0,0,,,
2026-05-25,2026-06-01,16031,Cassia County,Idaho,ID,quiet,0.001117,487,10,151–500,0.74,0.001474,907,21,501+,0.28,0.302025,0.184399,0,0,0,,,
2026-05-25,2026-06-01,13077,Coweta County,Georgia,GA,quiet,0.001112,488,16,151–500,0.73,0.006965,349,8,151–500,1.34,0.301247,0.500703,0,0,0,,,
2026-05-25,2026-06-01,47125,Montgomery County,Tennessee,TN,quiet,0.001111,489,6,151–500,0.73,0.007139,343,5,151–500,1.38,0.301044,0.506644,0,0,0,,0.944,2023-24
2026-05-25,2026-06-01,41049,Morrow County,Oregon,OR,quiet,0.001105,490,14,151–500,0.73,0.001617,862,20,501+,0.31,0.29988,0.198145,0,0,0,,0.899,2023-24
2026-05-25,2026-06-01,39085,Lake County,Ohio,OH,quiet,0.001102,491,10,151–500,0.73,0.005234,423,10,151–500,1.01,0.299478,0.432462,0,0,0,,,
2026-05-25,2026-06-01,47011,Bradley County,Tennessee,TN,quiet,0.001093,492,7,151–500,0.72,0.003634,528,9,501+,0.7,0.297869,0.349322,0,0,0,,0.928,2023-24
2026-05-25,2026-06-01,35017,Grant County,New Mexico,NM,quiet,0.001087,493,10,151–500,0.72,0.004986,435,10,151–500,0.96,0.296753,0.421063,0,0,0,,0.95,2018-19
2026-05-25,2026-06-01,13219,Oconee County,Georgia,GA,quiet,0.001082,494,17,151–500,0.71,0.002763,610,23,501+,0.53,0.295751,0.292187,0,0,0,,,
2026-05-25,2026-06-01,55133,Waukesha County,Wisconsin,WI,quiet,0.001075,495,4,151–500,0.71,0.00656,365,4,151–500,1.27,0.294507,0.48631,0,0,1,19,0.795,2023-24
2026-05-25,2026-06-01,48473,Waller County,Texas,TX,quiet,0.001071,496,35,151–500,0.71,0.001711,837,87,501+,0.33,0.293805,0.206862,0,0,0,,0.96069869,2023-24
2026-05-25,2026-06-01,16041,Franklin County,Idaho,ID,quiet,0.001068,497,11,151–500,0.7,0.001996,750,18,501+,0.38,0.29336,0.232112,0,0,0,,,
2026-05-25,2026-06-01,13113,Fayette County,Georgia,GA,quiet,0.001056,498,18,151–500,0.7,0.004371,471,17,151–500,0.84,0.291119,0.39059,0,0,0,,,
2026-05-25,2026-06-01,49037,San Juan County,Utah,UT,quiet,0.001054,499,18,151–500,0.69,0.014837,229,9,151–500,2.86,0.290759,0.675497,0,0,3,16,0.967,2022-23
2026-05-25,2026-06-01,22019,Calcasieu Parish,Louisiana,LA,quiet,0.001051,500,5,151–500,0.69,0.001987,755,8,501+,0.38,0.290215,0.231391,0,0,0,,0.912,2021-22
2026-05-25,2026-06-01,18019,Clark County,Indiana,IN,quiet,0.00104,501,9,501+,0.68,0.006643,362,5,151–500,1.28,0.288128,0.489327,0,0,0,,,
2026-05-25,2026-06-01,02110,Juneau City and Borough,Alaska,AK,quiet,0.001036,502,5,501+,0.68,0.002161,712,6,501+,0.42,0.287412,0.246003,0,0,0,,,
2026-05-25,2026-06-01,12035,Flagler County,Florida,FL,quiet,0.001035,503,30,501+,0.68,0.001147,1057,43,501+,0.22,0.287333,0.15103,0,0,0,,0.899,2022-23
2026-05-25,2026-06-01,06063,Plumas County,California,CA,quiet,0.00103,504,39,501+,0.68,0.00261,635,40,501+,0.5,0.286413,0.280995,0,0,0,,0.92593,2023-24
2026-05-25,2026-06-01,26015,Barry County,Michigan,MI,quiet,0.001024,505,26,501+,0.67,0.016618,212,10,151–500,3.21,0.285266,0.699145,0,0,0,,0.9134,2023-24
2026-05-25,2026-06-01,12053,Hernando County,Florida,FL,quiet,0.001021,506,31,501+,0.67,0.003341,553,31,501+,0.64,0.284749,0.331218,0,0,0,,0.903,2022-23
2026-05-25,2026-06-01,22089,St. Charles Parish,Louisiana,LA,quiet,0.001019,507,6,501+,0.67,0.001469,908,9,501+,0.28,0.284259,0.183981,0,0,0,,0.95,2021-22
2026-05-25,2026-06-01,53045,Mason County,Washington,WA,quiet,0.001016,508,27,501+,0.67,0.004206,477,24,151–500,0.81,0.283744,0.381832,0,0,0,,0.87883212,2023-24
2026-05-25,2026-06-01,51650,Hampton City,Virginia,VA,quiet,0.001013,509,8,501+,0.67,0.00188,782,13,501+,0.36,0.283257,0.222041,0,0,0,,0.951,2023-24
2026-05-25,2026-06-01,27111,Otter Tail County,Minnesota,MN,quiet,0.001011,510,12,501+,0.67,0.004052,488,10,151–500,0.78,0.282793,0.373382,0,0,0,,0.826,2023-24
2026-05-25,2026-06-01,42055,Franklin County,Pennsylvania,PA,quiet,0.001011,511,15,501+,0.67,0.004115,481,14,151–500,0.79,0.282755,0.376882,0,0,0,,0.9250326,2023-24
2026-05-25,2026-06-01,12061,Indian River County,Florida,FL,quiet,0.001008,512,32,501+,0.66,0.001741,827,36,501+,0.34,0.282297,0.209654,0,0,0,,0.927,2022-23
2026-05-25,2026-06-01,37045,Cleveland County,North Carolina,NC,quiet,0.001006,513,16,501+,0.66,0.004785,439,17,151–500,0.92,0.281871,0.411432,0,0,0,,0.94704325,2022-23
2026-05-25,2026-06-01,38071,Ramsey County,North Dakota,ND,quiet,0.001005,514,14,501+,0.66,0.003483,540,11,501+,0.67,0.281667,0.340124,0,0,0,,0.9651,2023-24
2026-05-25,2026-06-01,13217,Newton County,Georgia,GA,quiet,0.001004,515,19,501+,0.66,0.004456,462,16,151–500,0.86,0.281574,0.394966,0,0,0,,,
2026-05-25,2026-06-01,56023,Lincoln County,Wyoming,WY,quiet,0.000994,516,11,501+,0.65,0.002283,685,11,501+,0.44,0.279629,0.255889,0,0,0,,0.92,2022-23
2026-05-25,2026-06-01,23001,Androscoggin County,Maine,ME,quiet,0.000992,517,3,501+,0.65,0.005316,416,2,151–500,1.03,0.279287,0.436128,0,0,0,,0.9813,2023-24
2026-05-25,2026-06-01,46013,Brown County,South Dakota,SD,quiet,0.000989,518,5,501+,0.65,0.003557,534,4,501+,0.69,0.278716,0.344665,0,0,1,11,0.96,2023-24
2026-05-25,2026-06-01,35061,Valencia County,New Mexico,NM,quiet,0.000982,519,11,501+,0.65,0.001933,765,12,501+,0.37,0.277234,0.226675,0,0,0,,,
2026-05-25,2026-06-01,16083,Twin Falls County,Idaho,ID,quiet,0.000971,520,12,501+,0.64,0.004022,489,8,151–500,0.78,0.275203,0.371762,0,0,0,,,
2026-05-25,2026-06-01,23031,York County,Maine,ME,quiet,0.00097,521,4,501+,0.64,0.003036,585,3,501+,0.59,0.274939,0.311226,0,0,0,,0.9883,2023-24
2026-05-25,2026-06-01,45021,Cherokee County,South Carolina,SC,quiet,0.000967,522,15,501+,0.64,0.005781,401,11,151–500,1.11,0.274387,0.45601,0,0,36,10,0.951,2023-24
2026-05-25,2026-06-01,36005,Bronx County,New York,NY,quiet,0.000959,523,13,501+,0.63,0.002329,678,16,501+,0.45,0.272997,0.259536,0,0,0,,0.99012676,2022-23
2026-05-25,2026-06-01,37051,Cumberland County,North Carolina,NC,quiet,0.000959,524,17,501+,0.63,0.007671,332,13,151–500,1.48,0.272975,0.523932,0,0,0,,0.90652681,2022-23
2026-05-25,2026-06-01,15009,Maui County,Hawaii,HI,quiet,0.000927,525,3,501+,0.61,0.003425,546,3,501+,0.66,0.266649,0.336531,0,0,0,,0.7548,2022-23
2026-05-25,2026-06-01,37135,Orange County,North Carolina,NC,quiet,0.00092,526,18,501+,0.61,0.004423,466,19,151–500,0.85,0.2652,0.393296,0,0,0,,0.95387454,2022-23
2026-05-25,2026-06-01,33015,Rockingham County,New Hampshire,NH,quiet,0.000913,527,2,501+,0.6,0.00681,353,2,151–500,1.31,0.263907,0.495282,0,0,0,,,
2026-05-25,2026-06-01,08029,Delta County,Colorado,CO,quiet,0.000908,528,30,501+,0.6,0.004004,492,30,151–500,0.77,0.262914,0.370727,0,0,0,,0.8021,2023-24
2026-05-25,2026-06-01,06011,Colusa County,California,CA,quiet,0.000903,529,40,501+,0.59,0.001185,1037,48,501+,0.23,0.26195,0.155073,0,0,0,,0.98337,2023-24
2026-05-25,2026-06-01,06027,Inyo County,California,CA,quiet,0.000902,530,41,501+,0.59,0.002897,598,39,501+,0.56,0.261715,0.30165,0,0,0,,0.95556,2023-24
2026-05-25,2026-06-01,50007,Chittenden County,Vermont,VT,quiet,0.0009,531,1,501+,0.59,0.010398,287,1,151–500,2.01,0.261247,0.59606,0,0,0,,0.95,2023-24
2026-05-25,2026-06-01,21015,Boone County,Kentucky,KY,quiet,0.000899,532,4,501+,0.59,0.005627,408,5,151–500,1.09,0.261042,0.449603,0,0,0,,0.955,2022-23
2026-05-25,2026-06-01,39003,Allen County,Ohio,OH,quiet,0.000895,533,11,501+,0.59,0.003063,580,14,501+,0.59,0.260377,0.313008,0,0,1,63,,
2026-05-25,2026-06-01,46029,Codington County,South Dakota,SD,quiet,0.000894,534,6,501+,0.59,0.000934,1200,15,501+,0.18,0.26002,0.127499,0,0,0,,0.86,2023-24
2026-05-25,2026-06-01,48165,Gaines County,Texas,TX,quiet,0.000892,535,36,501+,0.59,0.003459,543,47,501+,0.67,0.25976,0.338657,0,0,414,47,0.81967213,2023-24
2026-05-25,2026-06-01,08019,Clear Creek County,Colorado,CO,quiet,0.000892,536,31,501+,0.59,0.00282,604,32,501+,0.54,0.259676,0.296269,0,0,0,,0.8298,2023-24
2026-05-25,2026-06-01,56001,Albany County,Wyoming,WY,quiet,0.000891,537,12,501+,0.59,0.002081,728,12,501+,0.4,0.259522,0.239306,0,0,0,,0.94,2022-23
2026-05-25,2026-06-01,56003,Big Horn County,Wyoming,WY,quiet,0.000886,538,13,501+,0.58,0.001795,809,15,501+,0.35,0.258442,0.214536,0,0,0,,0.89,2022-23
2026-05-25,2026-06-01,42027,Centre County,Pennsylvania,PA,quiet,0.00088,539,16,501+,0.58,0.003662,526,16,501+,0.71,0.257268,0.350976,0,0,0,,0.95164609,2023-24
2026-05-25,2026-06-01,26067,Ionia County,Michigan,MI,quiet,0.000876,540,27,501+,0.58,0.004333,472,24,151–500,0.84,0.256444,0.388582,0,0,0,,0.9028,2023-24
2026-05-25,2026-06-01,06101,Sutter County,California,CA,quiet,0.000875,541,42,501+,0.58,0.002008,749,44,501+,0.39,0.256209,0.233134,0,0,0,,0.7583,2023-24
2026-05-25,2026-06-01,08007,Archuleta County,Colorado,CO,quiet,0.000874,542,32,501+,0.58,0.001576,873,37,501+,0.3,0.256002,0.19428,0,0,1,59,0.8207,2023-24
2026-05-25,2026-06-01,31111,Lincoln County,Nebraska,NE,quiet,0.000873,543,5,501+,0.58,0.00128,987,8,501+,0.25,0.255879,0.165036,0,0,0,,,
2026-05-25,2026-06-01,17093,Kendall County,Illinois,IL,quiet,0.000868,544,9,501+,0.57,0.00402,490,10,151–500,0.78,0.254848,0.371605,0,0,0,,,
2026-05-25,2026-06-01,53051,Pend Oreille County,Washington,WA,quiet,0.000862,545,28,501+,0.57,0.001991,753,30,501+,0.38,0.253545,0.231713,0,0,0,,0.8,2023-24
2026-05-25,2026-06-01,49007,Carbon County,Utah,UT,quiet,0.000861,546,19,501+,0.57,0.002877,600,17,501+,0.55,0.253395,0.300285,0,0,0,,0.957,2022-23
2026-05-25,2026-06-01,05045,Faulkner County,Arkansas,AR,quiet,0.000858,547,4,501+,0.57,0.004106,483,4,151–500,0.79,0.252891,0.3764,0,0,6,52,,
2026-05-25,2026-06-01,26021,Berrien County,Michigan,MI,quiet,0.000854,548,28,501+,0.56,0.002358,669,33,501+,0.45,0.251926,0.261807,0,0,0,,0.9126,2023-24
2026-05-25,2026-06-01,16049,Idaho County,Idaho,ID,quiet,0.000851,549,13,501+,0.56,0.003472,541,13,501+,0.67,0.251394,0.339459,0,0,0,,,
2026-05-25,2026-06-01,08039,Elbert County,Colorado,CO,quiet,0.000845,550,33,501+,0.56,0.002726,615,33,501+,0.53,0.25015,0.289491,0,0,0,,0.7662,2023-24
2026-05-25,2026-06-01,24043,Washington County,Maryland,MD,quiet,0.000842,551,8,501+,0.55,0.003118,573,8,501+,0.6,0.249559,0.316681,0,0,0,,0.9893,2023-24
2026-05-25,2026-06-01,40051,Grady County,Oklahoma,OK,quiet,0.00084,552,5,501+,0.55,0.002594,639,6,501+,0.5,0.249155,0.27985,0,0,0,,0.9128,2023-24
2026-05-25,2026-06-01,21219,Todd County,Kentucky,KY,quiet,0.000837,553,5,501+,0.55,0.007628,334,3,151–500,1.47,0.248406,0.522578,0,0,1,47,0.944,2022-23
2026-05-25,2026-06-01,31033,Cheyenne County,Nebraska,NE,quiet,0.000835,554,6,501+,0.55,0.001452,913,6,501+,0.28,0.248097,0.182267,0,0,0,,,
2026-05-25,2026-06-01,36111,Ulster County,New York,NY,quiet,0.00083,555,14,501+,0.55,0.004567,453,10,151–500,0.88,0.247028,0.400653,0,0,0,,0.99046154,2022-23
2026-05-25,2026-06-01,26123,Newaygo County,Michigan,MI,quiet,0.000827,556,29,501+,0.54,0.003883,502,27,501+,0.75,0.246448,0.363909,0,0,0,,0.8504,2023-24
2026-05-25,2026-06-01,39151,Stark County,Ohio,OH,quiet,0.000826,557,12,501+,0.54,0.006679,359,8,151–500,1.29,0.246182,0.490612,0,0,0,,,
2026-05-25,2026-06-01,12051,Hendry County,Florida,FL,quiet,0.000825,558,33,501+,0.54,0.002404,665,34,501+,0.46,0.246026,0.265404,0,0,0,,0.925,2022-23
2026-05-25,2026-06-01,38057,Mercer County,North Dakota,ND,quiet,0.000821,559,15,501+,0.54,0.002074,730,15,501+,0.4,0.245039,0.238754,0,0,0,,0.866,2023-24
2026-05-25,2026-06-01,26103,Marquette County,Michigan,MI,quiet,0.00082,560,30,501+,0.54,0.003857,509,28,501+,0.74,0.24487,0.362403,0,0,2,51,0.9097,2023-24
2026-05-25,2026-06-01,36029,Erie County,New York,NY,quiet,0.000816,561,15,501+,0.54,0.002294,683,17,501+,0.44,0.244163,0.256755,0,0,0,,0.99489355,2022-23
2026-05-25,2026-06-01,51710,Norfolk City,Virginia,VA,quiet,0.000816,562,9,501+,0.54,0.004524,455,7,151–500,0.87,0.244121,0.398482,0,0,0,,0.847,2023-24
2026-05-25,2026-06-01,19103,Johnson County,Iowa,IA,quiet,0.000813,563,4,501+,0.54,0.006784,355,2,151–500,1.31,0.243483,0.49437,0,0,0,,0.85397039,2023-24
2026-05-25,2026-06-01,13247,Rockdale County,Georgia,GA,quiet,0.000813,564,20,501+,0.54,0.003701,522,20,501+,0.71,0.24339,0.353321,0,0,0,,,
2026-05-25,2026-06-01,27139,Scott County,Minnesota,MN,quiet,0.00081,565,13,501+,0.53,0.00789,327,6,151–500,1.52,0.242803,0.530686,0,0,0,,0.864,2023-24
2026-05-25,2026-06-01,46109,Roberts County,South Dakota,SD,quiet,0.000809,566,7,501+,0.53,0.002734,614,6,501+,0.53,0.24251,0.290067,0,0,0,,0.9,2023-24
2026-05-25,2026-06-01,39133,Portage County,Ohio,OH,quiet,0.000807,567,13,501+,0.53,0.001961,760,23,501+,0.38,0.24213,0.229155,0,0,0,,,
2026-05-25,2026-06-01,51041,Chesterfield County,Virginia,VA,quiet,0.000796,568,10,501+,0.52,0.003246,560,10,501+,0.63,0.239729,0.325131,0,0,0,,0.837,2023-24
2026-05-25,2026-06-01,55127,Walworth County,Wisconsin,WI,quiet,0.000792,569,5,501+,0.52,0.002707,619,9,501+,0.52,0.239017,0.288115,0,0,0,,0.732,2023-24
2026-05-25,2026-06-01,27137,St. Louis County,Minnesota,MN,quiet,0.00079,570,14,501+,0.52,0.003222,562,13,501+,0.62,0.238582,0.323562,0,0,0,,0.895,2023-24
2026-05-25,2026-06-01,20069,Gray County,Kansas,KS,quiet,0.000788,571,6,501+,0.52,0.002895,599,7,501+,0.56,0.23802,0.301501,0,0,29,45,0.66,2023-24
2026-05-25,2026-06-01,48451,Tom Green County,Texas,TX,quiet,0.000786,572,37,501+,0.52,0.004598,450,37,151–500,0.89,0.237741,0.402225,0,0,0,,0.96938065,2023-24
2026-05-25,2026-06-01,30083,Richland County,Montana,MT,quiet,0.000785,573,8,501+,0.52,0.001148,1056,13,501+,0.22,0.237392,0.15109,0,0,0,,,
2026-05-25,2026-06-01,55059,Kenosha County,Wisconsin,WI,quiet,0.000772,574,6,501+,0.51,0.002933,591,8,501+,0.57,0.234576,0.304163,0,0,0,,0.694,2023-24
2026-05-25,2026-06-01,37133,Onslow County,North Carolina,NC,quiet,0.000771,575,19,501+,0.51,0.00198,756,25,501+,0.38,0.234322,0.23076,0,0,0,,0.91405924,2022-23
2026-05-25,2026-06-01,48215,Hidalgo County,Texas,TX,quiet,0.00076,576,38,501+,0.5,0.002418,662,65,501+,0.47,0.232017,0.266504,0,0,0,,0.96740341,2023-24
2026-05-25,2026-06-01,42049,Erie County,Pennsylvania,PA,quiet,0.00076,577,17,501+,0.5,0.004197,478,13,151–500,0.81,0.231955,0.381337,0,0,8,55,0.94883041,2023-24
2026-05-25,2026-06-01,42089,Monroe County,Pennsylvania,PA,quiet,0.000755,578,18,501+,0.5,0.002666,625,18,501+,0.51,0.230936,0.285154,0,0,0,,0.91116595,2023-24
2026-05-25,2026-06-01,08093,Park County,Colorado,CO,quiet,0.000755,579,34,501+,0.5,0.0068,354,27,151–500,1.31,0.230878,0.494931,0,0,0,,0.8706,2023-24
2026-05-25,2026-06-01,38093,Stutsman County,North Dakota,ND,quiet,0.000751,580,16,501+,0.49,0.00134,958,20,501+,0.26,0.23014,0.171161,0,0,0,,0.946,2023-24
2026-05-25,2026-06-01,27007,Beltrami County,Minnesota,MN,quiet,0.000749,581,15,501+,0.49,0.001995,752,20,501+,0.38,0.229603,0.232019,0,0,0,,0.855,2023-24
2026-05-25,2026-06-01,20189,Stevens County,Kansas,KS,quiet,0.000747,582,7,501+,0.49,0.002169,711,10,501+,0.42,0.229076,0.246649,0,0,10,45,0.83,2023-24
2026-05-25,2026-06-01,53075,Whitman County,Washington,WA,quiet,0.000746,583,29,501+,0.49,0.000769,1332,34,501+,0.15,0.228849,0.108195,0,0,0,,0.90294118,2023-24
2026-05-25,2026-06-01,48139,Ellis County,Texas,TX,quiet,0.000744,584,39,501+,0.49,0.004251,476,40,151–500,0.82,0.228594,0.384252,0,0,0,,0.93659479,2023-24
2026-05-25,2026-06-01,48493,Wilson County,Texas,TX,quiet,0.000742,585,40,501+,0.49,0.001577,872,96,501+,0.3,0.228113,0.194328,0,0,0,,0.97171381,2023-24
2026-05-25,2026-06-01,29101,Johnson County,Missouri,MO,quiet,0.000742,586,7,501+,0.49,0.002912,595,11,501+,0.56,0.227969,0.302683,0,0,0,,0.927,2023-24
2026-05-25,2026-06-01,26127,Oceana County,Michigan,MI,quiet,0.000735,587,31,501+,0.48,0.004412,467,21,151–500,0.85,0.226541,0.39272,0,0,0,,0.8877,2023-24
2026-05-25,2026-06-01,20081,Haskell County,Kansas,KS,quiet,0.000734,588,8,501+,0.48,0.002793,606,8,501+,0.54,0.226231,0.294324,0,0,19,46,0.58,2023-24
2026-05-25,2026-06-01,19013,Black Hawk County,Iowa,IA,quiet,0.00073,589,5,501+,0.48,0.004674,444,3,151–500,0.9,0.225316,0.406007,0,0,0,,0.90243902,2023-24
2026-05-25,2026-06-01,56035,Sublette County,Wyoming,WY,quiet,0.000729,590,14,501+,0.48,0.001303,974,18,501+,0.25,0.225226,0.167363,0,0,0,,0.92,2022-23
2026-05-25,2026-06-01,34041,Warren County,New Jersey,NJ,quiet,0.000728,591,16,501+,0.48,0.002205,705,16,501+,0.43,0.224909,0.249566,0,0,0,,0.915,2023-24
2026-05-25,2026-06-01,56017,Hot Springs County,Wyoming,WY,quiet,0.000725,592,15,501+,0.48,0.001311,970,17,501+,0.25,0.224269,0.168167,0,0,0,,0.95,2022-23
2026-05-25,2026-06-01,09180,Southeastern Connecticut Planning Region,Connecticut,CT,quiet,0.000718,593,6,501+,0.47,0.002283,686,6,501+,0.44,0.222717,0.255828,0,0,0,,,
2026-05-25,2026-06-01,13223,Paulding County,Georgia,GA,quiet,0.000714,594,21,501+,0.47,0.001711,836,34,501+,0.33,0.221833,0.206913,0,0,0,,,
2026-05-25,2026-06-01,48309,McLennan County,Texas,TX,quiet,0.000713,595,41,501+,0.47,0.003216,564,50,501+,0.62,0.22149,0.323194,0,0,9,49,0.9652813,2023-24
2026-05-25,2026-06-01,39045,Fairfield County,Ohio,OH,quiet,0.000708,596,14,501+,0.47,0.003882,503,12,501+,0.75,0.2205,0.36385,0,0,0,,,
2026-05-25,2026-06-01,38003,Barnes County,North Dakota,ND,quiet,0.000707,597,17,501+,0.47,0.00154,881,19,501+,0.3,0.220323,0.190794,0,0,0,,0.9524,2023-24
2026-05-25,2026-06-01,41011,Coos County,Oregon,OR,quiet,0.000705,598,15,501+,0.46,0.003024,587,16,501+,0.58,0.219836,0.310417,0,0,0,,0.913,2023-24
2026-05-25,2026-06-01,13157,Jackson County,Georgia,GA,quiet,0.000705,599,22,501+,0.46,0.003941,498,18,151–500,0.76,0.219772,0.367194,0,0,0,,,
2026-05-25,2026-06-01,06039,Madera County,California,CA,quiet,0.000703,600,43,501+,0.46,0.003282,558,36,501+,0.63,0.219243,0.327445,0,0,0,,0.9824,2023-24
2026-05-25,2026-06-01,16013,Blaine County,Idaho,ID,quiet,0.0007,601,14,501+,0.46,0.002453,656,16,501+,0.47,0.218707,0.269149,0,0,0,,,
2026-05-25,2026-06-01,31019,Buffalo County,Nebraska,NE,quiet,0.000699,602,7,501+,0.46,0.001336,963,7,501+,0.26,0.218472,0.170684,0,0,0,,,
2026-05-25,2026-06-01,27107,Norman County,Minnesota,MN,quiet,0.000697,603,16,501+,0.46,0.001412,925,26,501+,0.27,0.218044,0.178314,0,0,0,,0.9,2023-24
2026-05-25,2026-06-01,56033,Sheridan County,Wyoming,WY,quiet,0.000694,604,16,501+,0.46,0.001883,781,13,501+,0.36,0.217249,0.222298,0,0,0,,0.9,2022-23
2026-05-25,2026-06-01,39041,Delaware County,Ohio,OH,quiet,0.000687,605,15,501+,0.45,0.001996,751,22,501+,0.38,0.215652,0.232109,0,0,0,,,
2026-05-25,2026-06-01,27113,Pennington County,Minnesota,MN,quiet,0.000687,606,17,501+,0.45,0.001229,1008,30,501+,0.24,0.21561,0.159705,0,0,0,,0.932,2023-24
2026-05-25,2026-06-01,48445,Terry County,Texas,TX,quiet,0.000674,607,42,501+,0.44,0.007223,341,25,151–500,1.39,0.212562,0.509466,0,0,60,55,0.95522388,2023-24
2026-05-25,2026-06-01,17001,Adams County,Illinois,IL,quiet,0.000673,608,10,501+,0.44,0.002236,699,14,501+,0.43,0.212434,0.252105,0,0,0,,,
2026-05-25,2026-06-01,41019,Douglas County,Oregon,OR,quiet,0.000672,609,16,501+,0.44,0.005704,403,10,151–500,1.1,0.21229,0.452845,0,0,0,,0.875,2023-24
2026-05-25,2026-06-01,48369,Parmer County,Texas,TX,quiet,0.000669,610,43,501+,0.44,0.00153,885,100,501+,0.3,0.21162,0.189831,0,0,5,55,0.95035461,2023-24
2026-05-25,2026-06-01,48195,Hansford County,Texas,TX,quiet,0.000669,611,44,501+,0.44,0.00315,568,51,501+,0.61,0.211531,0.318841,0,0,0,,0.97368421,2023-24
2026-05-25,2026-06-01,29165,Platte County,Missouri,MO,quiet,0.000662,612,8,501+,0.44,0.005127,428,7,151–500,0.99,0.209885,0.42758,0,0,0,,0.948,2023-24
2026-05-25,2026-06-01,16065,Madison County,Idaho,ID,quiet,0.000661,613,15,501+,0.44,0.00388,505,10,501+,0.75,0.209749,0.363739,0,0,3,20,,
2026-05-25,2026-06-01,49015,Emery County,Utah,UT,quiet,0.000661,614,20,501+,0.44,0.001573,875,21,501+,0.3,0.209586,0.193954,0,0,0,,0.949,2022-23
2026-05-25,2026-06-01,50011,Franklin County,Vermont,VT,quiet,0.00066,615,2,501+,0.43,0.000725,1375,8,501+,0.14,0.209463,0.102886,0,0,0,,0.94,2023-24
2026-05-25,2026-06-01,17119,Madison County,Illinois,IL,quiet,0.000658,616,11,501+,0.43,0.002335,677,13,501+,0.45,0.208915,0.259949,0,0,0,,,
2026-05-25,2026-06-01,33013,Merrimack County,New Hampshire,NH,quiet,0.000652,617,3,501+,0.43,0.005137,427,3,151–500,0.99,0.207495,0.428033,0,0,0,,,
2026-05-25,2026-06-01,48485,Wichita County,Texas,TX,quiet,0.000645,618,45,501+,0.43,0.002043,739,76,501+,0.39,0.20598,0.236151,0,0,0,,0.96604297,2023-24
2026-05-25,2026-06-01,12017,Citrus County,Florida,FL,quiet,0.000644,619,34,501+,0.42,0.001167,1047,42,501+,0.23,0.205655,0.153215,0,0,0,,0.925,2022-23
2026-05-25,2026-06-01,42007,Beaver County,Pennsylvania,PA,quiet,0.000639,620,19,501+,0.42,0.001729,832,20,501+,0.33,0.204511,0.208576,0,0,0,,0.91075157,2023-24
2026-05-25,2026-06-01,29019,Boone County,Missouri,MO,quiet,0.000639,621,9,501+,0.42,0.004058,486,8,151–500,0.78,0.20446,0.373752,0,0,0,,0.939,2023-24
2026-05-25,2026-06-01,24015,Cecil County,Maryland,MD,quiet,0.000637,622,9,501+,0.42,0.001215,1020,12,501+,0.23,0.203924,0.158233,0,0,0,,0.996,2023-24
2026-05-25,2026-06-01,24025,Harford County,Maryland,MD,quiet,0.000635,623,10,501+,0.42,0.001932,767,10,501+,0.37,0.203612,0.226653,0,0,0,,0.9965,2023-24
2026-05-25,2026-06-01,27005,Becker County,Minnesota,MN,quiet,0.000634,624,18,501+,0.42,0.001888,779,22,501+,0.36,0.203338,0.222766,0,0,0,,0.858,2023-24
2026-05-25,2026-06-01,46081,Lawrence County,South Dakota,SD,quiet,0.000634,625,8,501+,0.42,0.003527,537,5,501+,0.68,0.203251,0.34284,0,0,0,,0.92,2023-24
2026-05-25,2026-06-01,48479,Webb County,Texas,TX,quiet,0.00063,626,46,501+,0.41,0.0007,1402,167,501+,0.14,0.202278,0.099862,0,0,0,,0.9913508,2023-24
2026-05-25,2026-06-01,48381,Randall County,Texas,TX,quiet,0.00063,627,47,501+,0.41,0.004572,451,38,151–500,0.88,0.202223,0.400918,0,0,3,53,0.93947368,2023-24
2026-05-25,2026-06-01,48053,Burnet County,Texas,TX,quiet,0.00063,628,48,501+,0.41,0.003915,500,42,151–500,0.76,0.202204,0.365716,0,0,0,,0.9137931,2023-24
2026-05-25,2026-06-01,27153,Todd County,Minnesota,MN,quiet,0.000629,629,19,501+,0.41,0.001386,935,28,501+,0.27,0.201969,0.175743,0,0,0,,0.948,2023-24
2026-05-25,2026-06-01,12085,Martin County,Florida,FL,quiet,0.000624,630,35,501+,0.41,0.001739,829,37,501+,0.34,0.200913,0.209404,0,0,0,,0.903,2022-23
2026-05-25,2026-06-01,05143,Washington County,Arkansas,AR,quiet,0.000622,631,5,501+,0.41,0.003948,496,5,151–500,0.76,0.200441,0.367563,0,0,0,,,
2026-05-25,2026-06-01,54037,Jefferson County,West Virginia,WV,quiet,0.000621,632,1,501+,0.41,0.002343,674,2,501+,0.45,0.200274,0.26064,0,0,0,,,
2026-05-25,2026-06-01,29145,Newton County,Missouri,MO,quiet,0.000618,633,10,501+,0.41,0.002403,666,12,501+,0.46,0.199504,0.265337,0,0,0,,0.922,2023-24
2026-05-25,2026-06-01,38081,Sargent County,North Dakota,ND,quiet,0.000617,634,18,501+,0.41,0.000824,1272,25,501+,0.16,0.199128,0.114736,0,0,0,,0.9091,2023-24
2026-05-25,2026-06-01,32510,Carson City,Nevada,NV,quiet,0.000616,635,7,501+,0.41,0.002917,594,7,501+,0.56,0.199006,0.303081,0,0,0,,0.93,2022-23
2026-05-25,2026-06-01,35035,Otero County,New Mexico,NM,quiet,0.000615,636,12,501+,0.41,0.006472,373,8,151–500,1.25,0.198788,0.483058,0,0,0,,0.85,2018-19
2026-05-25,2026-06-01,42001,Adams County,Pennsylvania,PA,quiet,0.00061,637,20,501+,0.4,0.001311,969,24,501+,0.25,0.197548,0.168209,0,0,0,,0.9410609,2023-24
2026-05-25,2026-06-01,48245,Jefferson County,Texas,TX,quiet,0.000609,638,49,501+,0.4,0.002409,663,66,501+,0.46,0.197155,0.265744,0,0,0,,0.95752655,2023-24
2026-05-25,2026-06-01,13245,Richmond County,Georgia,GA,quiet,0.000608,639,23,501+,0.4,0.001329,965,39,501+,0.26,0.197015,0.169977,0,0,0,,,
2026-05-25,2026-06-01,51179,Stafford County,Virginia,VA,quiet,0.000606,640,11,501+,0.4,0.003505,539,9,501+,0.68,0.196464,0.34146,0,0,0,,0.907,2023-24
2026-05-25,2026-06-01,48041,Brazos County,Texas,TX,quiet,0.000601,641,50,501+,0.4,0.002344,673,67,501+,0.45,0.195402,0.260676,0,0,0,,0.9644581,2023-24
2026-05-25,2026-06-01,17037,DeKalb County,Illinois,IL,quiet,0.000598,642,12,501+,0.39,0.004448,463,9,151–500,0.86,0.194639,0.394567,0,0,0,,,
2026-05-25,2026-06-01,17143,Peoria County,Illinois,IL,quiet,0.000598,643,13,501+,0.39,0.002785,608,11,501+,0.54,0.194624,0.293743,0,0,0,,,
2026-05-25,2026-06-01,18127,Porter County,Indiana,IN,quiet,0.000598,644,10,501+,0.39,0.00276,611,11,501+,0.53,0.194512,0.291948,0,0,0,,,
2026-05-25,2026-06-01,31053,Dodge County,Nebraska,NE,quiet,0.000595,645,8,501+,0.39,0.000461,1695,26,501+,0.09,0.193972,0.069222,0,0,0,,,
2026-05-25,2026-06-01,38009,Bottineau County,North Dakota,ND,quiet,0.000595,646,19,501+,0.39,0.00115,1055,21,501+,0.22,0.19383,0.151301,0,0,0,,0.8767,2023-24
2026-05-25,2026-06-01,31141,Platte County,Nebraska,NE,quiet,0.000592,647,9,501+,0.39,0.001483,901,5,501+,0.29,0.193232,0.185348,0,0,1,21,,
2026-05-25,2026-06-01,38073,Ransom County,North Dakota,ND,quiet,0.000591,648,20,501+,0.39,0.001928,770,17,501+,0.37,0.19284,0.226246,0,0,6,8,0.9592,2023-24
2026-05-25,2026-06-01,26057,Gratiot County,Michigan,MI,quiet,0.000589,649,32,501+,0.39,0.001253,999,43,501+,0.24,0.192396,0.162174,0,0,0,,0.9157,2023-24
2026-05-25,2026-06-01,25023,Plymouth County,Massachusetts,MA,quiet,0.000584,650,8,501+,0.38,0.003971,495,8,151–500,0.77,0.191244,0.368904,0,0,0,,0.957,2023-24
2026-05-25,2026-06-01,21113,Jessamine County,Kentucky,KY,quiet,0.000578,651,6,501+,0.38,0.004572,452,7,151–500,0.88,0.189546,0.400917,0,0,4,17,0.928,2022-23
2026-05-25,2026-06-01,55117,Sheboygan County,Wisconsin,WI,quiet,0.000577,652,7,501+,0.38,0.003717,518,5,501+,0.72,0.189507,0.35425,0,0,0,,0.798,2023-24
2026-05-25,2026-06-01,34019,Hunterdon County,New Jersey,NJ,quiet,0.000576,653,17,501+,0.38,0.001217,1016,19,501+,0.23,0.189101,0.158493,0,0,0,,0.928,2023-24
2026-05-25,2026-06-01,26155,Shiawassee County,Michigan,MI,quiet,0.000573,654,33,501+,0.38,0.001963,759,36,501+,0.38,0.188407,0.229292,0,0,0,,0.9142,2023-24
2026-05-25,2026-06-01,40113,Osage County,Oklahoma,OK,quiet,0.000572,655,6,501+,0.38,0.001363,945,12,501+,0.26,0.188233,0.173415,0,0,0,,0.8828,2023-24
2026-05-25,2026-06-01,27155,Traverse County,Minnesota,MN,quiet,0.000572,656,20,501+,0.38,0.00261,634,16,501+,0.5,0.188202,0.28106,0,0,0,,0.951,2023-24
2026-05-25,2026-06-01,08027,Custer County,Colorado,CO,quiet,0.000572,657,35,501+,0.38,0.003039,583,31,501+,0.59,0.188087,0.311415,0,0,0,,0.8627,2023-24
2026-05-25,2026-06-01,29097,Jasper County,Missouri,MO,quiet,0.000571,658,11,501+,0.38,0.001772,815,13,501+,0.34,0.188039,0.212485,0,0,0,,0.915,2023-24
2026-05-25,2026-06-01,38005,Benson County,North Dakota,ND,quiet,0.000571,659,21,501+,0.38,0.0017,841,18,501+,0.33,0.187799,0.205909,0,0,0,,0.9504,2023-24
2026-05-25,2026-06-01,18085,Kosciusko County,Indiana,IN,quiet,0.00057,660,11,501+,0.38,0.002097,725,14,501+,0.4,0.187575,0.240652,0,0,0,,,
2026-05-25,2026-06-01,39165,Warren County,Ohio,OH,quiet,0.000568,661,16,501+,0.37,0.002457,655,17,501+,0.47,0.187253,0.269462,0,0,0,,,
2026-05-25,2026-06-01,01125,Tuscaloosa County,Alabama,AL,quiet,0.000565,662,6,501+,0.37,0.003099,576,6,501+,0.6,0.186335,0.315444,0,0,0,,0.9273,2022-23
2026-05-25,2026-06-01,04012,La Paz County,Arizona,AZ,quiet,0.000561,663,12,501+,0.37,0.002778,609,11,501+,0.54,0.185521,0.293271,0,0,0,,0.952,2023-24
2026-05-25,2026-06-01,37171,Surry County,North Carolina,NC,quiet,0.00056,664,20,501+,0.37,0.001479,904,37,501+,0.29,0.185137,0.184965,0,0,0,,0.9887218,2022-23
2026-05-25,2026-06-01,48379,Rains County,Texas,TX,quiet,0.000559,665,51,501+,0.37,0.001835,791,81,501+,0.35,0.184895,0.21813,0,0,1,38,0.90384615,2023-24
2026-05-25,2026-06-01,47187,Williamson County,Tennessee,TN,quiet,0.000557,666,8,501+,0.37,0.001798,807,16,501+,0.35,0.184345,0.214783,0,0,0,,0.927,2023-24
2026-05-25,2026-06-01,26017,Bay County,Michigan,MI,quiet,0.000556,667,34,501+,0.37,0.002063,736,35,501+,0.4,0.184126,0.237784,0,0,0,,0.9173,2023-24
2026-05-25,2026-06-01,16043,Fremont County,Idaho,ID,quiet,0.000555,668,16,501+,0.37,0.002635,631,14,501+,0.51,0.183926,0.282886,0,0,0,,,
2026-05-25,2026-06-01,48071,Chambers County,Texas,TX,quiet,0.000555,669,52,501+,0.37,0.001739,828,84,501+,0.34,0.183907,0.209465,0,0,0,,0.94293478,2023-24
2026-05-25,2026-06-01,37089,Henderson County,North Carolina,NC,quiet,0.000551,670,21,501+,0.36,0.003673,524,20,501+,0.71,0.182937,0.351626,0,0,0,,0.91552063,2022-23
2026-05-25,2026-06-01,24037,St. Mary's County,Maryland,MD,quiet,0.00055,671,11,501+,0.36,0.002073,732,9,501+,0.4,0.182707,0.238703,0,0,0,,0.9868,2023-24
2026-05-25,2026-06-01,27131,Rice County,Minnesota,MN,quiet,0.000549,672,21,501+,0.36,0.00304,581,14,501+,0.59,0.182423,0.311447,0,0,0,,0.85,2023-24
2026-05-25,2026-06-01,47189,Wilson County,Tennessee,TN,quiet,0.000549,673,9,501+,0.36,0.002266,693,14,501+,0.44,0.182265,0.254505,0,0,0,,0.948,2023-24
2026-05-25,2026-06-01,28109,Pearl River County,Mississippi,MS,quiet,0.000548,674,1,501+,0.36,0.001813,800,3,501+,0.35,0.18221,0.216145,0,0,0,,,
2026-05-25,2026-06-01,26027,Cass County,Michigan,MI,quiet,0.000546,675,35,501+,0.36,0.003672,525,29,501+,0.71,0.181539,0.351598,0,0,0,,0.9115,2023-24
2026-05-25,2026-06-01,37001,Alamance County,North Carolina,NC,quiet,0.000545,676,22,501+,0.36,0.003269,559,22,501+,0.63,0.181354,0.326589,0,0,0,,0.96282528,2022-23
2026-05-25,2026-06-01,48291,Liberty County,Texas,TX,quiet,0.000544,677,53,501+,0.36,0.001584,871,95,501+,0.31,0.181004,0.195077,0,0,0,,0.96466877,2023-24
2026-05-25,2026-06-01,45073,Oconee County,South Carolina,SC,quiet,0.00054,678,16,501+,0.36,0.002043,741,20,501+,0.39,0.180181,0.236092,0,0,0,,0.95,2023-24
2026-05-25,2026-06-01,36069,Ontario County,New York,NY,quiet,0.000534,679,16,501+,0.35,0.003128,570,14,501+,0.6,0.178485,0.317354,0,0,1,52,0.97,2022-23
2026-05-25,2026-06-01,48181,Grayson County,Texas,TX,quiet,0.000532,680,54,501+,0.35,0.003536,536,45,501+,0.68,0.178089,0.343383,0,0,0,,0.93368421,2023-24
2026-05-25,2026-06-01,48407,San Jacinto County,Texas,TX,quiet,0.000531,681,55,501+,0.35,0.002235,700,71,501+,0.43,0.177767,0.251991,0,0,0,,0.95435685,2023-24
2026-05-25,2026-06-01,06031,Kings County,California,CA,quiet,0.00053,682,44,501+,0.35,0.002229,701,42,501+,0.43,0.177661,0.251551,0,0,0,,0.98119,2023-24
2026-05-25,2026-06-01,39173,Wood County,Ohio,OH,quiet,0.000528,683,17,501+,0.35,0.002341,676,18,501+,0.45,0.176943,0.260453,0,0,0,,,
2026-05-25,2026-06-01,01117,Shelby County,Alabama,AL,quiet,0.000527,684,7,501+,0.35,0.001448,915,13,501+,0.28,0.17683,0.181929,0,0,0,,0.9444,2022-23
2026-05-25,2026-06-01,38063,Nelson County,North Dakota,ND,quiet,0.000525,685,22,501+,0.35,0.000652,1446,30,501+,0.13,0.176358,0.09389,0,0,0,,0.9546,2023-24
2026-05-25,2026-06-01,12015,Charlotte County,Florida,FL,quiet,0.000524,686,36,501+,0.34,0.003414,548,30,501+,0.66,0.175892,0.33582,0,0,0,,0.902,2022-23
2026-05-25,2026-06-01,28089,Madison County,Mississippi,MS,quiet,0.000522,687,2,501+,0.34,0.001671,852,4,501+,0.32,0.175596,0.203153,0,0,0,,,
2026-05-25,2026-06-01,56019,Johnson County,Wyoming,WY,quiet,0.000522,688,17,501+,0.34,0.0008,1302,22,501+,0.15,0.175564,0.111931,0,0,0,,0.96,2022-23
2026-05-25,2026-06-01,29029,Camden County,Missouri,MO,quiet,0.000521,689,12,501+,0.34,0.000922,1206,33,501+,0.18,0.175271,0.126187,0,0,0,,0.928,2023-24
2026-05-25,2026-06-01,17099,LaSalle County,Illinois,IL,quiet,0.00052,690,14,501+,0.34,0.001697,843,19,501+,0.33,0.175011,0.205613,0,0,0,,,
2026-05-25,2026-06-01,53027,Grays Harbor County,Washington,WA,quiet,0.00052,691,30,501+,0.34,0.002686,623,26,501+,0.52,0.174971,0.286638,0,0,0,,0.87533875,2023-24
2026-05-25,2026-06-01,48375,Potter County,Texas,TX,quiet,0.000518,692,56,501+,0.34,0.002796,605,57,501+,0.54,0.174513,0.294536,0,0,1,58,0.96321939,2023-24
2026-05-25,2026-06-01,48221,Hood County,Texas,TX,quiet,0.000518,693,57,501+,0.34,0.005982,394,31,151–500,1.15,0.174418,0.464194,0,0,0,,0.90865385,2023-24
2026-05-25,2026-06-01,20067,Grant County,Kansas,KS,quiet,0.000518,694,9,501+,0.34,0.0016,865,13,501+,0.31,0.174379,0.196571,0,0,0,,0.99,2023-24
2026-05-25,2026-06-01,04001,Apache County,Arizona,AZ,quiet,0.000517,695,13,501+,0.34,0.001742,825,14,501+,0.34,0.174217,0.20973,0,0,0,,0.9,2023-24
2026-05-25,2026-06-01,45059,Laurens County,South Carolina,SC,quiet,0.000513,696,17,501+,0.34,0.002076,729,19,501+,0.4,0.173141,0.238888,0,0,0,,0.952,2023-24
2026-05-25,2026-06-01,48055,Caldwell County,Texas,TX,quiet,0.000512,697,58,501+,0.34,0.003396,550,48,501+,0.66,0.172851,0.3347,0,0,0,,0.96901893,2023-24
2026-05-25,2026-06-01,38021,Dickey County,North Dakota,ND,quiet,0.000509,698,23,501+,0.34,0.000708,1391,28,501+,0.14,0.172177,0.10086,0,0,0,,0.7759,2023-24
2026-05-25,2026-06-01,48501,Yoakum County,Texas,TX,quiet,0.000508,699,59,501+,0.33,0.003382,551,49,501+,0.65,0.171869,0.333836,0,0,20,55,0.925,2023-24
2026-05-25,2026-06-01,06023,Humboldt County,California,CA,quiet,0.000507,700,45,501+,0.33,0.001442,916,46,501+,0.28,0.171578,0.181325,0,0,0,,0.92801,2023-24
2026-05-25,2026-06-01,21093,Hardin County,Kentucky,KY,quiet,0.000506,701,7,501+,0.33,0.002309,681,11,501+,0.45,0.171391,0.257954,0,0,0,,0.891,2022-23
2026-05-25,2026-06-01,22005,Ascension Parish,Louisiana,LA,quiet,0.000506,702,7,501+,0.33,0.002665,626,4,501+,0.51,0.171342,0.285107,0,0,0,,0.975,2021-22
2026-05-25,2026-06-01,05005,Baxter County,Arkansas,AR,quiet,0.000506,703,6,501+,0.33,0.000478,1661,17,501+,0.09,0.171196,0.071543,0,0,0,,,
2026-05-25,2026-06-01,08003,Alamosa County,Colorado,CO,quiet,0.000502,704,36,501+,0.33,0.00266,627,34,501+,0.51,0.1704,0.284717,0,0,0,,0.8477,2023-24
2026-05-25,2026-06-01,48367,Parker County,Texas,TX,quiet,0.000502,705,60,501+,0.33,0.002748,612,58,501+,0.53,0.17033,0.291081,0,0,0,,0.91765873,2023-24
2026-05-25,2026-06-01,18027,Daviess County,Indiana,IN,quiet,0.000493,706,12,501+,0.32,0.003553,535,10,501+,0.69,0.168011,0.344395,0,0,0,,,
2026-05-25,2026-06-01,29179,Reynolds County,Missouri,MO,quiet,0.000493,707,13,501+,0.32,0.00113,1065,27,501+,0.22,0.167932,0.149215,0,0,0,,0.86,2023-24
2026-05-25,2026-06-01,54003,Berkeley County,West Virginia,WV,quiet,0.000492,708,2,501+,0.32,0.003409,549,1,501+,0.66,0.167596,0.335529,0,0,0,,,
2026-05-25,2026-06-01,12131,Walton County,Florida,FL,quiet,0.000492,709,37,501+,0.32,0.004792,438,28,151–500,0.92,0.167566,0.411785,0,0,0,,0.904,2022-23
2026-05-25,2026-06-01,53009,Clallam County,Washington,WA,quiet,0.000491,710,31,501+,0.32,0.003716,519,25,501+,0.72,0.167468,0.354172,0,0,0,,0.82758621,2023-24
2026-05-25,2026-06-01,06051,Mono County,California,CA,quiet,0.000489,711,46,501+,0.32,0.000829,1270,51,501+,0.16,0.166821,0.115309,0,0,0,,0.98137,2023-24
2026-05-25,2026-06-01,01103,Morgan County,Alabama,AL,quiet,0.000486,712,8,501+,0.32,0.002097,724,9,501+,0.4,0.166107,0.240684,0,0,0,,0.9342,2022-23
2026-05-25,2026-06-01,32001,Churchill County,Nevada,NV,quiet,0.000485,713,8,501+,0.32,0.001343,957,11,501+,0.26,0.165836,0.171466,0,0,0,,0.9,2022-23
2026-05-25,2026-06-01,48151,Fisher County,Texas,TX,quiet,0.000482,714,61,501+,0.32,0.000851,1262,156,501+,0.16,0.164896,0.117934,0,0,0,,0.95454546,2023-24
2026-05-25,2026-06-01,13045,Carroll County,Georgia,GA,quiet,0.00048,715,24,501+,0.32,0.003289,557,22,501+,0.63,0.164325,0.327913,0,0,0,,,
2026-05-25,2026-06-01,12005,Bay County,Florida,FL,quiet,0.000479,716,38,501+,0.32,0.003852,510,29,501+,0.74,0.164222,0.362097,0,0,0,,0.868,2022-23
2026-05-25,2026-06-01,12055,Highlands County,Florida,FL,quiet,0.000479,717,39,501+,0.32,0.0014,931,38,501+,0.27,0.164155,0.177136,0,0,0,,0.896,2022-23
2026-05-25,2026-06-01,42069,Lackawanna County,Pennsylvania,PA,quiet,0.000479,718,21,501+,0.32,0.0017,842,21,501+,0.33,0.164129,0.205851,0,0,0,,0.96264368,2023-24
2026-05-25,2026-06-01,05051,Garland County,Arkansas,AR,quiet,0.000476,719,7,501+,0.31,0.002278,688,6,501+,0.44,0.163469,0.255438,0,0,0,,,
2026-05-25,2026-06-01,51630,Fredericksburg City,Virginia,VA,quiet,0.000475,720,12,501+,0.31,0.000699,1404,34,501+,0.13,0.163196,0.099731,0,0,0,,0.954,2023-24
2026-05-25,2026-06-01,30071,Phillips County,Montana,MT,quiet,0.000473,721,9,501+,0.31,0.000439,1727,28,501+,0.08,0.16268,0.066275,0,0,0,,,
2026-05-25,2026-06-01,17027,Clinton County,Illinois,IL,quiet,0.000473,722,15,501+,0.31,0.002016,747,16,501+,0.39,0.162594,0.233885,0,0,0,,,
2026-05-25,2026-06-01,28059,Jackson County,Mississippi,MS,quiet,0.000473,723,3,501+,0.31,0.002407,664,2,501+,0.46,0.162578,0.265632,0,0,0,,,
2026-05-25,2026-06-01,48023,Baylor County,Texas,TX,quiet,0.000473,724,62,501+,0.31,0.002605,637,60,501+,0.5,0.162562,0.280654,0,0,0,,0.92307692,2023-24
2026-05-25,2026-06-01,45041,Florence County,South Carolina,SC,quiet,0.000471,725,18,501+,0.31,0.002603,638,16,501+,0.5,0.162157,0.28052,0,0,0,,0.97,2023-24
2026-05-25,2026-06-01,18173,Warrick County,Indiana,IN,quiet,0.000468,726,13,501+,0.31,0.001189,1034,21,501+,0.23,0.161325,0.155536,0,0,0,,,
2026-05-25,2026-06-01,27161,Waseca County,Minnesota,MN,quiet,0.000466,727,22,501+,0.31,0.000709,1389,41,501+,0.14,0.160759,0.100897,0,0,0,,0.934,2023-24
2026-05-25,2026-06-01,56027,Niobrara County,Wyoming,WY,quiet,0.000466,728,18,501+,0.31,0.002646,628,10,501+,0.51,0.160742,0.283702,0,0,1,46,0.57,2022-23
2026-05-25,2026-06-01,48031,Blanco County,Texas,TX,quiet,0.000465,729,63,501+,0.31,0.002546,644,61,501+,0.49,0.160528,0.276265,0,0,0,,0.86206897,2023-24
2026-05-25,2026-06-01,27169,Winona County,Minnesota,MN,quiet,0.000465,730,23,501+,0.31,0.003575,532,12,501+,0.69,0.160324,0.345756,0,0,0,,0.913,2023-24
2026-05-25,2026-06-01,26149,St. Joseph County,Michigan,MI,quiet,0.000464,731,36,501+,0.31,0.000985,1160,50,501+,0.19,0.160255,0.133336,0,0,0,,0.8742,2023-24
2026-05-25,2026-06-01,47179,Washington County,Tennessee,TN,quiet,0.000464,732,10,501+,0.31,0.003189,566,10,501+,0.62,0.160199,0.32137,0,0,0,,0.959,2023-24
2026-05-25,2026-06-01,01029,Cleburne County,Alabama,AL,quiet,0.000464,733,9,501+,0.31,0.001014,1143,19,501+,0.2,0.160022,0.136494,0,0,0,,0.9524,2022-23
2026-05-25,2026-06-01,26145,Saginaw County,Michigan,MI,quiet,0.000463,734,37,501+,0.31,0.001062,1110,47,501+,0.2,0.159972,0.141835,0,0,0,,0.9305,2023-24
2026-05-25,2026-06-01,55021,Columbia County,Wisconsin,WI,quiet,0.000463,735,8,501+,0.3,0.002156,714,13,501+,0.42,0.159818,0.245563,0,0,0,,0.767,2023-24
2026-05-25,2026-06-01,53023,Garfield County,Washington,WA,quiet,0.000461,736,32,501+,0.3,0.001213,1022,31,501+,0.23,0.159233,0.158048,0,0,0,,0.88235294,2023-24
2026-05-25,2026-06-01,18163,Vanderburgh County,Indiana,IN,quiet,0.00046,737,14,501+,0.3,0.001062,1111,22,501+,0.2,0.159067,0.141824,0,0,0,,,
2026-05-25,2026-06-01,13139,Hall County,Georgia,GA,quiet,0.00046,738,25,501+,0.3,0.004723,441,13,151–500,0.91,0.159059,0.408411,0,0,0,,,
2026-05-25,2026-06-01,48015,Austin County,Texas,TX,quiet,0.000459,739,64,501+,0.3,0.001701,840,89,501+,0.33,0.158663,0.205966,0,0,0,,0.94540943,2023-24
2026-05-25,2026-06-01,08063,Kit Carson County,Colorado,CO,quiet,0.000458,740,37,501+,0.3,0.00151,895,38,501+,0.29,0.15857,0.187904,0,0,0,,0.9273,2023-24
2026-05-25,2026-06-01,48171,Gillespie County,Texas,TX,quiet,0.000458,741,65,501+,0.3,0.001723,833,86,501+,0.33,0.158435,0.20799,0,0,0,,0.94214876,2023-24
2026-05-25,2026-06-01,55087,Outagamie County,Wisconsin,WI,quiet,0.000457,742,9,501+,0.3,0.003317,554,7,501+,0.64,0.158167,0.329653,0,0,0,,0.787,2023-24
2026-05-25,2026-06-01,17113,McLean County,Illinois,IL,quiet,0.000455,743,16,501+,0.3,0.002101,723,15,501+,0.41,0.157578,0.24098,0,0,0,,,
2026-05-25,2026-06-01,27125,Red Lake County,Minnesota,MN,quiet,0.000453,744,24,501+,0.3,0.000578,1523,50,501+,0.11,0.157071,0.08458,0,0,0,,0.9,2023-24
2026-05-25,2026-06-01,19061,Dubuque County,Iowa,IA,quiet,0.000451,745,6,501+,0.3,0.002017,745,8,501+,0.39,0.156725,0.233937,0,0,0,,0.8920033,2023-24
2026-05-25,2026-06-01,51067,Franklin County,Virginia,VA,quiet,0.000449,746,13,501+,0.3,0.001574,874,16,501+,0.3,0.155947,0.194065,0,0,0,,0.924,2023-24
2026-05-25,2026-06-01,34037,Sussex County,New Jersey,NJ,quiet,0.000447,747,18,501+,0.29,0.001372,942,18,501+,0.26,0.155418,0.174395,0,0,0,,0.896,2023-24
2026-05-25,2026-06-01,17161,Rock Island County,Illinois,IL,quiet,0.000447,748,17,501+,0.29,0.001913,774,17,501+,0.37,0.155394,0.224935,0,0,0,,,
2026-05-25,2026-06-01,48295,Lipscomb County,Texas,TX,quiet,0.000446,749,66,501+,0.29,0.002845,603,56,501+,0.55,0.155382,0.298005,0,0,0,,0.88636364,2023-24
2026-05-25,2026-06-01,17141,Ogle County,Illinois,IL,quiet,0.000446,750,18,501+,0.29,0.001745,823,18,501+,0.34,0.155343,0.210005,0,0,0,,,
2026-05-25,2026-06-01,21029,Bullitt County,Kentucky,KY,quiet,0.000445,751,8,501+,0.29,0.002475,650,10,501+,0.48,0.155102,0.270862,0,0,0,,0.947,2022-23
2026-05-25,2026-06-01,28033,DeSoto County,Mississippi,MS,quiet,0.000445,752,4,501+,0.29,0.003229,561,1,501+,0.62,0.155004,0.324037,0,0,0,,,
2026-05-25,2026-06-01,48231,Hunt County,Texas,TX,quiet,0.000445,753,67,501+,0.29,0.003037,584,53,501+,0.59,0.154962,0.311286,0,0,0,,0.94235589,2023-24
2026-05-25,2026-06-01,27173,Yellow Medicine County,Minnesota,MN,quiet,0.000445,754,25,501+,0.29,0.000683,1411,43,501+,0.13,0.154911,0.097733,0,0,0,,0.951,2023-24
2026-05-25,2026-06-01,21073,Franklin County,Kentucky,KY,quiet,0.000445,755,9,501+,0.29,0.005181,425,6,151–500,1.0,0.154879,0.43007,0,0,1,65,0.951,2022-23
2026-05-25,2026-06-01,27067,Kandiyohi County,Minnesota,MN,quiet,0.000445,756,26,501+,0.29,0.001421,922,25,501+,0.27,0.154842,0.179212,0,0,0,,0.89,2023-24
2026-05-25,2026-06-01,27171,Wright County,Minnesota,MN,quiet,0.000444,757,27,501+,0.29,0.00191,775,21,501+,0.37,0.154623,0.224698,0,0,0,,0.849,2023-24
2026-05-25,2026-06-01,22055,Lafayette Parish,Louisiana,LA,quiet,0.000442,758,8,501+,0.29,0.002313,680,7,501+,0.45,0.154247,0.258218,0,0,0,,0.908,2021-22
2026-05-25,2026-06-01,21227,Warren County,Kentucky,KY,quiet,0.000442,759,10,501+,0.29,0.002095,726,14,501+,0.4,0.154232,0.240495,0,0,0,,0.901,2022-23
2026-05-25,2026-06-01,22063,Livingston Parish,Louisiana,LA,quiet,0.000442,760,9,501+,0.29,0.00248,648,6,501+,0.48,0.154172,0.271234,0,0,0,,0.933,2021-22
2026-05-25,2026-06-01,48089,Colorado County,Texas,TX,quiet,0.000442,761,68,501+,0.29,0.001285,984,114,501+,0.25,0.154145,0.1655,0,0,0,,0.95634921,2023-24
2026-05-25,2026-06-01,19181,Warren County,Iowa,IA,quiet,0.000442,762,7,501+,0.29,0.002855,602,6,501+,0.55,0.154088,0.298731,0,0,0,,0.9004329,2023-24
2026-05-25,2026-06-01,13053,Chattahoochee County,Georgia,GA,quiet,0.00044,763,26,501+,0.29,0.001826,796,32,501+,0.35,0.15364,0.217276,0,0,0,,,
2026-05-25,2026-06-01,22109,Terrebonne Parish,Louisiana,LA,quiet,0.000439,764,10,501+,0.29,0.000954,1188,14,501+,0.18,0.153366,0.129767,0,0,0,,0.911,2021-22
2026-05-25,2026-06-01,02185,North Slope Borough,Alaska,AK,quiet,0.000439,765,6,501+,0.29,0.002712,616,5,501+,0.52,0.153331,0.288498,0,0,0,,,
2026-05-25,2026-06-01,48283,La Salle County,Texas,TX,quiet,0.000439,766,69,501+,0.29,0.000909,1217,146,501+,0.18,0.153275,0.124633,0,0,0,,1.0,2023-24
2026-05-25,2026-06-01,50027,Windsor County,Vermont,VT,quiet,0.000438,767,3,501+,0.29,0.003717,517,2,501+,0.72,0.152955,0.354262,0,0,0,,0.93,2023-24
2026-05-25,2026-06-01,50001,Addison County,Vermont,VT,quiet,0.000437,768,4,501+,0.29,0.001525,889,7,501+,0.29,0.152656,0.189357,0,0,0,,0.95,2023-24
2026-05-25,2026-06-01,48459,Upshur County,Texas,TX,quiet,0.000437,769,70,501+,0.29,0.002925,592,54,501+,0.56,0.152637,0.303613,0,0,5,56,0.93303571,2023-24
2026-05-25,2026-06-01,48409,San Patricio County,Texas,TX,quiet,0.000436,770,71,501+,0.29,0.00145,914,106,501+,0.28,0.152472,0.182141,0,0,0,,0.97601919,2023-24
2026-05-25,2026-06-01,47043,Dickson County,Tennessee,TN,quiet,0.000435,771,11,501+,0.29,0.001989,754,15,501+,0.38,0.152128,0.231554,0,0,0,,0.954,2023-24
2026-05-25,2026-06-01,42081,Lycoming County,Pennsylvania,PA,quiet,0.000435,772,22,501+,0.29,0.001759,819,19,501+,0.34,0.152093,0.211269,0,0,0,,0.96006797,2023-24
2026-05-25,2026-06-01,16021,Boundary County,Idaho,ID,quiet,0.000434,773,17,501+,0.29,0.003715,520,12,501+,0.72,0.15189,0.354116,0,0,6,29,,
2026-05-25,2026-06-01,48097,Cooke County,Texas,TX,quiet,0.000433,774,72,501+,0.29,0.002245,698,70,501+,0.43,0.151688,0.252817,0,0,0,,0.92307692,2023-24
2026-05-25,2026-06-01,48043,Brewster County,Texas,TX,quiet,0.000433,775,73,501+,0.29,0.001953,763,77,501+,0.38,0.151633,0.228479,0,0,1,53,0.94736842,2023-24
2026-05-25,2026-06-01,42127,Wayne County,Pennsylvania,PA,quiet,0.000432,776,23,501+,0.28,0.001376,940,22,501+,0.27,0.151383,0.174765,0,0,0,,0.87016575,2023-24
2026-05-25,2026-06-01,20113,McPherson County,Kansas,KS,quiet,0.000431,777,10,501+,0.28,0.001245,1001,15,501+,0.24,0.151205,0.161362,0,0,0,,0.93,2023-24
2026-05-25,2026-06-01,42061,Huntingdon County,Pennsylvania,PA,quiet,0.00043,778,24,501+,0.28,0.001116,1071,27,501+,0.22,0.150766,0.147725,0,0,0,,0.94626866,2023-24
2026-05-25,2026-06-01,37111,McDowell County,North Carolina,NC,quiet,0.000429,779,23,501+,0.28,0.002287,684,23,501+,0.44,0.150542,0.256198,0,0,0,,0.95389049,2022-23
2026-05-25,2026-06-01,45051,Horry County,South Carolina,SC,quiet,0.000427,780,19,501+,0.28,0.002116,719,18,501+,0.41,0.150025,0.242226,0,0,0,,0.909,2023-24
2026-05-25,2026-06-01,04011,Greenlee County,Arizona,AZ,quiet,0.000425,781,14,501+,0.28,0.002026,742,13,501+,0.39,0.149567,0.23472,0,0,0,,0.842,2023-24
2026-05-25,2026-06-01,21037,Campbell County,Kentucky,KY,quiet,0.000425,782,11,501+,0.28,0.00307,579,9,501+,0.59,0.149473,0.313522,0,0,0,,0.952,2022-23
2026-05-25,2026-06-01,39103,Medina County,Ohio,OH,quiet,0.000425,783,18,501+,0.28,0.001766,817,26,501+,0.34,0.149468,0.211888,0,0,0,,,
2026-05-25,2026-06-01,06033,Lake County,California,CA,quiet,0.000425,784,47,501+,0.28,0.001809,801,45,501+,0.35,0.14932,0.215805,0,0,0,,0.95323,2023-24
2026-05-25,2026-06-01,48417,Shackelford County,Texas,TX,quiet,0.000424,785,74,501+,0.28,0.002069,733,74,501+,0.4,0.149141,0.238337,0,0,1,56,0.83333333,2023-24
2026-05-25,2026-06-01,48143,Erath County,Texas,TX,quiet,0.000423,786,75,501+,0.28,0.001928,769,79,501+,0.37,0.148946,0.226286,0,0,1,62,0.93939394,2023-24
2026-05-25,2026-06-01,18157,Tippecanoe County,Indiana,IN,quiet,0.000422,787,15,501+,0.28,0.001231,1007,20,501+,0.24,0.148596,0.159913,0,0,0,,,
2026-05-25,2026-06-01,55141,Wood County,Wisconsin,WI,quiet,0.000421,788,10,501+,0.28,0.001262,993,21,501+,0.24,0.148418,0.163095,0,0,0,,0.783,2023-24
2026-05-25,2026-06-01,20055,Finney County,Kansas,KS,quiet,0.000421,789,11,501+,0.28,0.002357,670,9,501+,0.45,0.148236,0.261757,0,0,0,,0.98,2023-24
2026-05-25,2026-06-01,19193,Woodbury County,Iowa,IA,quiet,0.00042,790,8,501+,0.28,0.001485,900,11,501+,0.29,0.148061,0.185528,0,0,0,,0.88529205,2023-24
2026-05-25,2026-06-01,36065,Oneida County,New York,NY,quiet,0.000419,791,17,501+,0.28,0.003026,586,15,501+,0.58,0.147654,0.310522,0,0,0,,0.89875701,2022-23
2026-05-25,2026-06-01,47155,Sevier County,Tennessee,TN,quiet,0.000418,792,12,501+,0.28,0.002549,643,13,501+,0.49,0.147553,0.276497,0,0,0,,0.942,2023-24
2026-05-25,2026-06-01,08087,Morgan County,Colorado,CO,quiet,0.000417,793,38,501+,0.27,0.000915,1211,45,501+,0.18,0.14723,0.125302,0,0,0,,0.9268,2023-24
2026-05-25,2026-06-01,22023,Cameron Parish,Louisiana,LA,quiet,0.000416,794,11,501+,0.27,0.001077,1097,13,501+,0.21,0.147007,0.143519,0,0,0,,0.855,2021-22
2026-05-25,2026-06-01,47165,Sumner County,Tennessee,TN,quiet,0.000416,795,13,501+,0.27,0.003745,516,8,501+,0.72,0.146981,0.35592,0,0,0,,0.95,2023-24
2026-05-25,2026-06-01,48003,Andrews County,Texas,TX,quiet,0.000416,796,76,501+,0.27,0.003563,533,44,501+,0.69,0.146885,0.345013,0,0,3,57,0.97682119,2023-24
2026-05-25,2026-06-01,26093,Livingston County,Michigan,MI,quiet,0.000413,797,38,501+,0.27,0.001338,960,42,501+,0.26,0.146149,0.170867,0,0,0,,0.8743,2023-24
2026-05-25,2026-06-01,06103,Tehama County,California,CA,quiet,0.000413,798,48,501+,0.27,0.003039,582,37,501+,0.59,0.146144,0.311441,0,0,0,,0.97026,2023-24
2026-05-25,2026-06-01,42073,Lawrence County,Pennsylvania,PA,quiet,0.000413,799,25,501+,0.27,0.001117,1070,26,501+,0.22,0.14611,0.147798,0,0,0,,0.94561598,2023-24
2026-05-25,2026-06-01,18087,LaGrange County,Indiana,IN,quiet,0.000409,800,16,501+,0.27,0.002473,651,12,501+,0.48,0.144903,0.270708,0,0,0,,,
2026-05-25,2026-06-01,42051,Fayette County,Pennsylvania,PA,quiet,0.000408,801,26,501+,0.27,0.001268,990,25,501+,0.24,0.144687,0.163749,0,0,0,,0.93301435,2023-24
2026-05-25,2026-06-01,32013,Humboldt County,Nevada,NV,quiet,0.000407,802,9,501+,0.27,0.001491,897,9,501+,0.29,0.14435,0.186143,0,0,0,,0.92,2022-23
2026-05-25,2026-06-01,26073,Isabella County,Michigan,MI,quiet,0.000407,803,39,501+,0.27,0.001017,1141,49,501+,0.2,0.144331,0.136885,0,0,0,,0.9155,2023-24
2026-05-25,2026-06-01,12087,Monroe County,Florida,FL,quiet,0.000406,804,40,501+,0.27,0.001297,977,39,501+,0.25,0.144139,0.166698,0,0,0,,0.921,2022-23
2026-05-25,2026-06-01,22075,Plaquemines Parish,Louisiana,LA,quiet,0.000406,805,12,501+,0.27,0.000567,1544,19,501+,0.11,0.144041,0.083181,0,0,0,,0.976,2021-22
2026-05-25,2026-06-01,08091,Ouray County,Colorado,CO,quiet,0.000406,806,39,501+,0.27,0.001837,790,36,501+,0.35,0.144012,0.218288,0,0,0,,0.8333,2023-24
2026-05-25,2026-06-01,13101,Echols County,Georgia,GA,quiet,0.000405,807,27,501+,0.27,0.002282,687,26,501+,0.44,0.143784,0.255769,0,0,0,,,
2026-05-25,2026-06-01,24013,Carroll County,Maryland,MD,quiet,0.000403,808,12,501+,0.27,0.001076,1099,14,501+,0.21,0.143387,0.143351,0,0,0,,0.9892,2023-24
2026-05-25,2026-06-01,13047,Catoosa County,Georgia,GA,quiet,0.000403,809,28,501+,0.27,0.002211,704,27,501+,0.43,0.143158,0.250089,0,0,0,,,
2026-05-25,2026-06-01,42097,Northumberland County,Pennsylvania,PA,quiet,0.000402,810,27,501+,0.26,0.000957,1184,30,501+,0.18,0.142977,0.130182,0,0,0,,0.9232387,2023-24
2026-05-25,2026-06-01,09130,Lower Connecticut River Valley Planning Region,Connecticut,CT,quiet,0.000402,811,7,501+,0.26,0.001216,1018,8,501+,0.23,0.142863,0.158332,0,0,0,,,
2026-05-25,2026-06-01,29037,Cass County,Missouri,MO,quiet,0.000401,812,14,501+,0.26,0.001514,893,18,501+,0.29,0.142628,0.188369,0,0,0,,0.901,2023-24
2026-05-25,2026-06-01,36001,Albany County,New York,NY,quiet,0.0004,813,18,501+,0.26,0.001561,877,21,501+,0.3,0.142397,0.192823,0,0,0,,0.99575221,2022-23
2026-05-25,2026-06-01,27029,Clearwater County,Minnesota,MN,quiet,0.000397,814,28,501+,0.26,0.000882,1233,35,501+,0.17,0.141405,0.12154,0,0,0,,0.701,2023-24
2026-05-25,2026-06-01,40131,Rogers County,Oklahoma,OK,quiet,0.000396,815,7,501+,0.26,0.002645,629,5,501+,0.51,0.141389,0.283578,0,0,0,,0.9111,2023-24
2026-05-25,2026-06-01,29031,Cape Girardeau County,Missouri,MO,quiet,0.000396,816,15,501+,0.26,0.000758,1351,40,501+,0.15,0.141361,0.106853,0,0,0,,0.906,2023-24
2026-05-25,2026-06-01,55019,Clark County,Wisconsin,WI,quiet,0.000395,817,11,501+,0.26,0.00062,1479,38,501+,0.12,0.14098,0.089903,0,0,0,,0.458,2023-24
2026-05-25,2026-06-01,29215,Texas County,Missouri,MO,quiet,0.000394,818,16,501+,0.26,0.001401,930,20,501+,0.27,0.140767,0.177227,0,0,0,,0.825,2023-24
2026-05-25,2026-06-01,29021,Buchanan County,Missouri,MO,quiet,0.000394,819,17,501+,0.26,0.001414,924,19,501+,0.27,0.140592,0.178527,0,0,0,,0.957,2023-24
2026-05-25,2026-06-01,48199,Hardin County,Texas,TX,quiet,0.000393,820,77,501+,0.26,0.001651,858,93,501+,0.32,0.140532,0.201319,0,0,0,,0.92708333,2023-24
2026-05-25,2026-06-01,39097,Madison County,Ohio,OH,quiet,0.000393,821,19,501+,0.26,0.002523,647,16,501+,0.49,0.1404,0.274511,0,0,0,,,
2026-05-25,2026-06-01,16029,Caribou County,Idaho,ID,quiet,0.000392,822,18,501+,0.26,0.001656,856,19,501+,0.32,0.140133,0.201833,0,0,0,,,
2026-05-25,2026-06-01,26047,Emmet County,Michigan,MI,quiet,0.000392,823,40,501+,0.26,0.001932,766,38,501+,0.37,0.14011,0.22666,0,0,0,,0.8571,2023-24
2026-05-25,2026-06-01,48119,Delta County,Texas,TX,quiet,0.000389,824,78,501+,0.26,0.001044,1126,130,501+,0.2,0.139255,0.139868,0,0,0,,0.93846154,2023-24
2026-05-25,2026-06-01,37037,Chatham County,North Carolina,NC,quiet,0.000389,825,24,501+,0.26,0.001744,824,31,501+,0.34,0.139147,0.209917,0,0,0,,0.96085859,2022-23
2026-05-25,2026-06-01,26025,Calhoun County,Michigan,MI,quiet,0.000388,826,41,501+,0.26,0.002465,653,32,501+,0.48,0.138864,0.270092,0,0,0,,0.9065,2023-24
2026-05-25,2026-06-01,36075,Oswego County,New York,NY,quiet,0.000387,827,19,501+,0.25,0.001027,1134,24,501+,0.2,0.138685,0.137928,0,0,0,,0.99859184,2022-23
2026-05-25,2026-06-01,01017,Chambers County,Alabama,AL,quiet,0.000386,828,10,501+,0.25,0.001428,918,14,501+,0.28,0.138412,0.179948,0,0,0,,0.9312,2022-23
2026-05-25,2026-06-01,21047,Christian County,Kentucky,KY,quiet,0.000384,829,12,501+,0.25,0.000671,1419,24,501+,0.13,0.137785,0.096268,0,0,0,,0.924,2022-23
2026-05-25,2026-06-01,27009,Benton County,Minnesota,MN,quiet,0.000383,830,29,501+,0.25,0.001024,1135,31,501+,0.2,0.137627,0.137587,0,0,0,,0.915,2023-24
2026-05-25,2026-06-01,30099,Teton County,Montana,MT,quiet,0.000383,831,10,501+,0.25,0.000361,1878,34,501+,0.07,0.137435,0.055616,0,0,0,,,
2026-05-25,2026-06-01,27167,Wilkin County,Minnesota,MN,quiet,0.000382,832,30,501+,0.25,0.000986,1159,33,501+,0.19,0.137139,0.133436,0,0,0,,0.974,2023-24
2026-05-25,2026-06-01,39057,Greene County,Ohio,OH,quiet,0.000382,833,20,501+,0.25,0.001787,812,24,501+,0.34,0.137129,0.213797,0,0,0,,,
2026-05-25,2026-06-01,37019,Brunswick County,North Carolina,NC,quiet,0.00038,834,25,501+,0.25,0.000941,1197,48,501+,0.18,0.13658,0.128278,0,0,0,,0.95267857,2022-23
2026-05-25,2026-06-01,34009,Cape May County,New Jersey,NJ,quiet,0.000379,835,19,501+,0.25,0.002086,727,17,501+,0.4,0.136395,0.23975,0,0,0,,0.918,2023-24
2026-05-25,2026-06-01,08081,Moffat County,Colorado,CO,quiet,0.000378,836,40,501+,0.25,0.001203,1031,41,501+,0.23,0.136165,0.15699,0,0,0,,0.942,2023-24
2026-05-25,2026-06-01,46093,Meade County,South Dakota,SD,quiet,0.000378,837,9,501+,0.25,0.003614,529,3,501+,0.7,0.135956,0.34808,0,0,2,50,0.95,2023-24
2026-05-25,2026-06-01,41061,Union County,Oregon,OR,quiet,0.000377,838,17,501+,0.25,0.001845,788,19,501+,0.36,0.135863,0.218965,0,0,0,,0.898,2023-24
2026-05-25,2026-06-01,30047,Lake County,Montana,MT,quiet,0.000376,839,11,501+,0.25,0.001184,1038,11,501+,0.23,0.13545,0.154969,0,0,0,,,
2026-05-25,2026-06-01,26105,Mason County,Michigan,MI,quiet,0.000374,840,42,501+,0.25,0.001935,764,37,501+,0.37,0.135019,0.226913,0,0,0,,0.8745,2023-24
2026-05-25,2026-06-01,25001,Barnstable County,Massachusetts,MA,quiet,0.000371,841,9,501+,0.24,0.001057,1114,12,501+,0.2,0.134103,0.141332,0,0,0,,0.939,2023-24
2026-05-25,2026-06-01,06045,Mendocino County,California,CA,quiet,0.00037,842,49,501+,0.24,0.001276,988,47,501+,0.25,0.133733,0.164623,0,0,0,,0.94941,2023-24
2026-05-25,2026-06-01,26061,Houghton County,Michigan,MI,quiet,0.00037,843,43,501+,0.24,0.000737,1364,54,501+,0.14,0.133714,0.104356,0,0,0,,0.8453,2023-24
2026-05-25,2026-06-01,28049,Hinds County,Mississippi,MS,quiet,0.00037,844,5,501+,0.24,0.001339,959,7,501+,0.26,0.133672,0.171024,0,0,0,,,
2026-05-25,2026-06-01,48497,Wise County,Texas,TX,quiet,0.00037,845,79,501+,0.24,0.001102,1080,126,501+,0.21,0.133626,0.146241,0,0,0,,0.88609272,2023-24
2026-05-25,2026-06-01,37027,Caldwell County,North Carolina,NC,quiet,0.000369,846,26,501+,0.24,0.001846,787,29,501+,0.36,0.133582,0.219057,0,0,0,,0.95588235,2022-23
2026-05-25,2026-06-01,47021,Cheatham County,Tennessee,TN,quiet,0.000369,847,14,501+,0.24,0.003113,574,11,501+,0.6,0.133558,0.316369,0,0,0,,0.938,2023-24
2026-05-25,2026-06-01,26101,Manistee County,Michigan,MI,quiet,0.000369,848,44,501+,0.24,0.001019,1139,48,501+,0.2,0.133409,0.137029,0,0,0,,0.836,2023-24
2026-05-25,2026-06-01,01083,Limestone County,Alabama,AL,quiet,0.000368,849,11,501+,0.24,0.002123,717,8,501+,0.41,0.133302,0.242845,0,0,0,,0.9435,2022-23
2026-05-25,2026-06-01,38059,Morton County,North Dakota,ND,quiet,0.000368,850,24,501+,0.24,0.001965,758,16,501+,0.38,0.133275,0.229513,0,0,0,,0.8744,2023-24
2026-05-25,2026-06-01,55035,Eau Claire County,Wisconsin,WI,quiet,0.000368,851,12,501+,0.24,0.001866,785,15,501+,0.36,0.133135,0.220869,0,0,0,,0.746,2023-24
2026-05-25,2026-06-01,27049,Goodhue County,Minnesota,MN,quiet,0.000367,852,31,501+,0.24,0.001742,826,23,501+,0.34,0.133006,0.209725,0,0,0,,0.918,2023-24
2026-05-25,2026-06-01,18043,Floyd County,Indiana,IN,quiet,0.000367,853,17,501+,0.24,0.002074,731,15,501+,0.4,0.132816,0.238737,0,0,0,,,
2026-05-25,2026-06-01,41035,Klamath County,Oregon,OR,quiet,0.000366,854,18,501+,0.24,0.003175,567,14,501+,0.61,0.132509,0.320491,0,0,0,,0.93,2023-24
2026-05-25,2026-06-01,29211,Sullivan County,Missouri,MO,quiet,0.000365,855,18,501+,0.24,0.001095,1084,28,501+,0.21,0.13238,0.145382,0,0,0,,0.932,2023-24
2026-05-25,2026-06-01,21211,Shelby County,Kentucky,KY,quiet,0.000364,856,13,501+,0.24,0.002268,692,12,501+,0.44,0.132086,0.254632,0,0,0,,0.919,2022-23
2026-05-25,2026-06-01,48251,Johnson County,Texas,TX,quiet,0.000363,857,80,501+,0.24,0.002471,652,62,501+,0.48,0.131762,0.270532,0,0,0,,0.93745233,2023-24
2026-05-25,2026-06-01,06005,Amador County,California,CA,quiet,0.000362,858,50,501+,0.24,0.000886,1232,50,501+,0.17,0.131492,0.121967,0,0,0,,0.96269,2023-24
2026-05-25,2026-06-01,01009,Blount County,Alabama,AL,quiet,0.000362,859,12,501+,0.24,0.00191,776,10,501+,0.37,0.131327,0.224674,0,0,0,,0.97,2022-23
2026-05-25,2026-06-01,27021,Cass County,Minnesota,MN,quiet,0.000362,860,32,501+,0.24,0.001021,1137,32,501+,0.2,0.131275,0.137277,0,0,0,,0.841,2023-24
2026-05-25,2026-06-01,37147,Pitt County,North Carolina,NC,quiet,0.000361,861,27,501+,0.24,0.001253,998,42,501+,0.24,0.131106,0.162226,0,0,0,,0.94676346,2022-23
2026-05-25,2026-06-01,21167,Mercer County,Kentucky,KY,quiet,0.00036,862,14,501+,0.24,0.001037,1129,17,501+,0.2,0.130901,0.139117,0,0,0,,0.935,2022-23
2026-05-25,2026-06-01,45071,Newberry County,South Carolina,SC,quiet,0.00036,863,20,501+,0.24,0.001301,976,21,501+,0.25,0.130822,0.167147,0,0,0,,0.975,2023-24
2026-05-25,2026-06-01,48183,Gregg County,Texas,TX,quiet,0.000359,864,81,501+,0.24,0.001172,1044,121,501+,0.23,0.130495,0.15366,0,0,0,,0.94589552,2023-24
2026-05-25,2026-06-01,08103,Rio Blanco County,Colorado,CO,quiet,0.000359,865,41,501+,0.24,0.001134,1064,43,501+,0.22,0.130426,0.149681,0,0,0,,0.878,2023-24
2026-05-25,2026-06-01,01101,Montgomery County,Alabama,AL,quiet,0.000358,866,13,501+,0.24,0.001831,794,11,501+,0.35,0.130103,0.217719,0,0,0,,0.9263,2022-23
2026-05-25,2026-06-01,46019,Butte County,South Dakota,SD,quiet,0.000354,867,10,501+,0.23,0.00175,821,9,501+,0.34,0.128942,0.210426,0,0,4,22,0.96,2023-24
2026-05-25,2026-06-01,36045,Jefferson County,New York,NY,quiet,0.000353,868,20,501+,0.23,0.001223,1012,22,501+,0.24,0.128845,0.159028,0,0,0,,0.99811321,2022-23
2026-05-25,2026-06-01,40119,Payne County,Oklahoma,OK,quiet,0.000353,869,8,501+,0.23,0.001685,846,10,501+,0.33,0.128802,0.204505,0,0,0,,0.9196,2023-24
2026-05-25,2026-06-01,16081,Teton County,Idaho,ID,quiet,0.000353,870,19,501+,0.23,0.002531,645,15,501+,0.49,0.128726,0.275086,0,0,0,,,
2026-05-25,2026-06-01,56043,Washakie County,Wyoming,WY,quiet,0.000353,871,19,501+,0.23,0.001032,1132,20,501+,0.2,0.128687,0.138479,0,0,0,,0.9,2022-23
2026-05-25,2026-06-01,15007,Kauai County,Hawaii,HI,quiet,0.000351,872,4,501+,0.23,0.001713,835,4,501+,0.33,0.128069,0.207046,0,0,0,,0.8163,2022-23
2026-05-25,2026-06-01,27025,Chisago County,Minnesota,MN,quiet,0.00035,873,33,501+,0.23,0.001358,949,29,501+,0.26,0.127825,0.172918,0,0,0,,0.889,2023-24
2026-05-25,2026-06-01,16051,Jefferson County,Idaho,ID,quiet,0.000349,874,20,501+,0.23,0.002356,671,17,501+,0.45,0.127583,0.261675,0,0,0,,,
2026-05-25,2026-06-01,48499,Wood County,Texas,TX,quiet,0.000348,875,82,501+,0.23,0.001267,991,115,501+,0.24,0.127387,0.163659,0,0,0,,0.93877551,2023-24
2026-05-25,2026-06-01,13137,Habersham County,Georgia,GA,quiet,0.000348,876,29,501+,0.23,0.001789,811,33,501+,0.34,0.127349,0.213941,0,0,0,,,
2026-05-25,2026-06-01,44009,Washington County,Rhode Island,RI,quiet,0.000348,877,3,501+,0.23,0.001508,896,4,501+,0.29,0.127305,0.187717,0,0,0,,0.971,2023-24
2026-05-25,2026-06-01,48333,Mills County,Texas,TX,quiet,0.000347,878,83,501+,0.23,0.001489,899,104,501+,0.29,0.126938,0.185889,0,0,0,,0.9375,2023-24
2026-05-25,2026-06-01,37059,Davie County,North Carolina,NC,quiet,0.000347,879,28,501+,0.23,0.004435,464,18,151–500,0.86,0.126843,0.393904,0,0,0,,0.93953488,2022-23
2026-05-25,2026-06-01,27089,Marshall County,Minnesota,MN,quiet,0.000346,880,34,501+,0.23,0.000376,1841,64,501+,0.07,0.126657,0.057736,0,0,0,,0.882,2023-24
2026-05-25,2026-06-01,49017,Garfield County,Utah,UT,quiet,0.000345,881,21,501+,0.23,0.002273,689,18,501+,0.44,0.126266,0.255073,0,0,0,,0.934,2022-23
2026-05-25,2026-06-01,46129,Walworth County,South Dakota,SD,quiet,0.000344,882,11,501+,0.23,0.001229,1009,13,501+,0.24,0.126071,0.159673,0,0,0,,0.9,2023-24
2026-05-25,2026-06-01,47047,Fayette County,Tennessee,TN,quiet,0.000342,883,15,501+,0.23,0.001065,1108,22,501+,0.21,0.125584,0.142107,0,0,0,,0.983,2023-24
2026-05-25,2026-06-01,27019,Carver County,Minnesota,MN,quiet,0.000342,884,35,501+,0.23,0.00215,715,18,501+,0.41,0.125582,0.245038,0,0,0,,0.902,2023-24
2026-05-25,2026-06-01,48205,Hartley County,Texas,TX,quiet,0.00034,885,84,501+,0.22,0.001256,995,116,501+,0.24,0.124924,0.162503,0,0,0,,0.83333333,2023-24
2026-05-25,2026-06-01,38043,Kidder County,North Dakota,ND,quiet,0.00034,886,25,501+,0.22,0.000708,1393,29,501+,0.14,0.124877,0.100789,0,0,0,,0.8667,2023-24
2026-05-25,2026-06-01,17019,Champaign County,Illinois,IL,quiet,0.00034,887,19,501+,0.22,0.001286,983,22,501+,0.25,0.124733,0.165622,0,0,0,,,
2026-05-25,2026-06-01,40047,Garfield County,Oklahoma,OK,quiet,0.00034,888,9,501+,0.22,0.001366,943,11,501+,0.26,0.124732,0.173733,0,0,0,,0.9557,2023-24
2026-05-25,2026-06-01,40137,Stephens County,Oklahoma,OK,quiet,0.000339,889,10,501+,0.22,0.001085,1092,18,501+,0.21,0.124622,0.144317,0,0,0,,0.928,2023-24
2026-05-25,2026-06-01,19045,Clinton County,Iowa,IA,quiet,0.000338,890,9,501+,0.22,0.001241,1004,13,501+,0.24,0.124173,0.1609,0,0,0,,0.85551948,2023-24
2026-05-25,2026-06-01,19167,Sioux County,Iowa,IA,quiet,0.000337,891,10,501+,0.22,0.002015,748,9,501+,0.39,0.123968,0.233776,0,0,0,,0.86988848,2023-24
2026-05-25,2026-06-01,37055,Dare County,North Carolina,NC,quiet,0.000336,892,29,501+,0.22,0.001959,761,26,501+,0.38,0.123805,0.228953,0,0,0,,0.95184136,2022-23
2026-05-25,2026-06-01,36009,Cattaraugus County,New York,NY,quiet,0.000335,893,21,501+,0.22,0.000903,1220,26,501+,0.17,0.123419,0.12399,0,0,0,,0.70641667,2022-23
2026-05-25,2026-06-01,39169,Wayne County,Ohio,OH,quiet,0.000335,894,21,501+,0.22,0.00136,948,33,501+,0.26,0.123262,0.173122,0,0,0,,,
2026-05-25,2026-06-01,39159,Union County,Ohio,OH,quiet,0.000334,895,22,501+,0.22,0.001567,876,29,501+,0.3,0.123016,0.193397,0,0,0,,,
2026-05-25,2026-06-01,48163,Frio County,Texas,TX,quiet,0.000334,896,85,501+,0.22,0.003703,521,43,501+,0.71,0.122978,0.353396,0,0,2,11,0.98477157,2023-24
2026-05-25,2026-06-01,48467,Van Zandt County,Texas,TX,quiet,0.000333,897,86,501+,0.22,0.001237,1005,117,501+,0.24,0.122776,0.160503,0,0,0,,0.9265928,2023-24
2026-05-25,2026-06-01,51800,Suffolk City,Virginia,VA,quiet,0.000333,898,14,501+,0.22,0.001154,1050,20,501+,0.22,0.122719,0.151732,0,0,0,,0.925,2023-24
2026-05-25,2026-06-01,40123,Pontotoc County,Oklahoma,OK,quiet,0.000333,899,11,501+,0.22,0.000973,1173,19,501+,0.19,0.12262,0.131894,0,0,0,,0.9533,2023-24
2026-05-25,2026-06-01,26033,Chippewa County,Michigan,MI,quiet,0.000332,900,45,501+,0.22,0.001526,888,41,501+,0.29,0.122571,0.18953,0,0,0,,0.8822,2023-24
2026-05-25,2026-06-01,08113,San Miguel County,Colorado,CO,quiet,0.000332,901,42,501+,0.22,0.001143,1059,42,501+,0.22,0.122549,0.150584,0,0,0,,0.8615,2023-24
2026-05-25,2026-06-01,55105,Rock County,Wisconsin,WI,quiet,0.000332,902,13,501+,0.22,0.00139,933,19,501+,0.27,0.122443,0.176147,0,0,0,,0.728,2023-24
2026-05-25,2026-06-01,13115,Floyd County,Georgia,GA,quiet,0.000332,903,30,501+,0.22,0.001211,1024,40,501+,0.23,0.122412,0.157843,0,0,0,,,
2026-05-25,2026-06-01,45047,Greenwood County,South Carolina,SC,quiet,0.00033,904,21,501+,0.22,0.001076,1100,25,501+,0.21,0.121916,0.143317,0,0,0,,0.964,2023-24
2026-05-25,2026-06-01,39083,Knox County,Ohio,OH,quiet,0.000329,905,23,501+,0.22,0.001519,891,31,501+,0.29,0.121698,0.188847,0,0,14,59,,
2026-05-25,2026-06-01,19163,Scott County,Iowa,IA,quiet,0.000329,906,11,501+,0.22,0.001427,920,12,501+,0.28,0.121519,0.179833,0,0,0,,0.89341847,2023-24
2026-05-25,2026-06-01,22015,Bossier Parish,Louisiana,LA,quiet,0.000328,907,13,501+,0.22,0.00146,911,10,501+,0.28,0.121118,0.183096,0,0,0,,0.944,2021-22
2026-05-25,2026-06-01,44001,Bristol County,Rhode Island,RI,quiet,0.000327,908,4,501+,0.22,0.001621,861,3,501+,0.31,0.120955,0.198504,0,0,0,,0.978,2023-24
2026-05-25,2026-06-01,27013,Blue Earth County,Minnesota,MN,quiet,0.000327,909,36,501+,0.22,0.002458,654,17,501+,0.47,0.120832,0.269541,0,0,0,,0.91,2023-24
2026-05-25,2026-06-01,48423,Smith County,Texas,TX,quiet,0.000326,910,87,501+,0.22,0.003463,542,46,501+,0.67,0.120799,0.33885,0,0,0,,0.93259592,2023-24
2026-05-25,2026-06-01,23029,Washington County,Maine,ME,quiet,0.000326,911,5,501+,0.21,0.00292,593,4,501+,0.56,0.120694,0.303246,0,0,0,,0.9535,2023-24
2026-05-25,2026-06-01,37159,Rowan County,North Carolina,NC,quiet,0.000326,912,30,501+,0.21,0.005061,430,16,151–500,0.98,0.120615,0.42454,0,0,0,,0.89403085,2022-23
2026-05-25,2026-06-01,12133,Washington County,Florida,FL,quiet,0.000326,913,41,501+,0.21,0.000858,1252,49,501+,0.17,0.12054,0.118812,0,0,0,,0.921,2022-23
2026-05-25,2026-06-01,24017,Charles County,Maryland,MD,quiet,0.000325,914,13,501+,0.21,0.001337,961,11,501+,0.26,0.120282,0.170816,0,0,0,,0.9951,2023-24
2026-05-25,2026-06-01,32021,Mineral County,Nevada,NV,quiet,0.000325,915,10,501+,0.21,0.001068,1105,13,501+,0.21,0.120241,0.142433,0,0,0,,0.93,2022-23
2026-05-25,2026-06-01,05085,Lonoke County,Arkansas,AR,quiet,0.000324,916,8,501+,0.21,0.001005,1149,8,501+,0.19,0.120111,0.135509,0,0,0,,,
2026-05-25,2026-06-01,08075,Logan County,Colorado,CO,quiet,0.000324,917,43,501+,0.21,0.001281,986,39,501+,0.25,0.119914,0.165044,0,0,0,,0.9426,2023-24
2026-05-25,2026-06-01,55073,Marathon County,Wisconsin,WI,quiet,0.000323,918,14,501+,0.21,0.001428,919,17,501+,0.28,0.119886,0.17994,0,0,0,,0.803,2023-24
2026-05-25,2026-06-01,50003,Bennington County,Vermont,VT,quiet,0.000321,919,5,501+,0.21,0.000535,1585,9,501+,0.1,0.119267,0.079006,0,0,0,,0.91,2023-24
2026-05-25,2026-06-01,31029,Chase County,Nebraska,NE,quiet,0.000321,920,10,501+,0.21,0.000484,1649,24,501+,0.09,0.119152,0.072331,0,0,0,,,
2026-05-25,2026-06-01,16045,Gem County,Idaho,ID,quiet,0.00032,921,21,501+,0.21,0.001519,892,20,501+,0.29,0.118959,0.188807,0,0,0,,,
2026-05-25,2026-06-01,16053,Jerome County,Idaho,ID,quiet,0.000318,922,22,501+,0.21,0.001201,1033,22,501+,0.23,0.118339,0.156762,0,0,0,,,
2026-05-25,2026-06-01,13311,White County,Georgia,GA,quiet,0.000318,923,31,501+,0.21,0.001055,1120,44,501+,0.2,0.118284,0.141052,0,0,0,,,
2026-05-25,2026-06-01,29143,New Madrid County,Missouri,MO,quiet,0.000317,924,19,501+,0.21,0.003425,547,9,501+,0.66,0.117911,0.336482,0,0,1,55,0.982,2023-24
2026-05-25,2026-06-01,13285,Troup County,Georgia,GA,quiet,0.000317,925,32,501+,0.21,0.000542,1578,72,501+,0.1,0.117864,0.079905,0,0,0,,,
2026-05-25,2026-06-01,26003,Alger County,Michigan,MI,quiet,0.000317,926,46,501+,0.21,0.002609,636,31,501+,0.5,0.117802,0.280948,0,0,0,,0.9459,2023-24
2026-05-25,2026-06-01,23021,Piscataquis County,Maine,ME,quiet,0.000316,927,6,501+,0.21,0.001062,1109,8,501+,0.2,0.117748,0.141844,0,0,0,,0.9317,2023-24
2026-05-25,2026-06-01,35005,Chaves County,New Mexico,NM,quiet,0.000316,928,13,501+,0.21,0.001382,939,17,501+,0.27,0.117577,0.175386,0,0,1,59,0.95,2018-19
2026-05-25,2026-06-01,36093,Schenectady County,New York,NY,quiet,0.000315,929,22,501+,0.21,0.00215,716,18,501+,0.41,0.117343,0.245033,0,0,0,,0.99326316,2022-23
2026-05-25,2026-06-01,21179,Nelson County,Kentucky,KY,quiet,0.000314,930,15,501+,0.21,0.000881,1234,22,501+,0.17,0.117083,0.121456,0,0,0,,0.91,2022-23
2026-05-25,2026-06-01,41045,Malheur County,Oregon,OR,quiet,0.000313,931,19,501+,0.21,0.000518,1603,28,501+,0.1,0.116808,0.076751,0,0,0,,0.962,2023-24
2026-05-25,2026-06-01,01043,Cullman County,Alabama,AL,quiet,0.000313,932,14,501+,0.21,0.001267,992,16,501+,0.24,0.116726,0.163613,0,0,0,,0.9148,2022-23
2026-05-25,2026-06-01,29199,Scotland County,Missouri,MO,quiet,0.000313,933,20,501+,0.21,0.000374,1848,61,501+,0.07,0.116724,0.057377,0,0,0,,0.611,2023-24
2026-05-25,2026-06-01,02220,Sitka City and Borough,Alaska,AK,quiet,0.000312,934,7,501+,0.21,0.000504,1616,12,501+,0.1,0.11645,0.074913,0,0,0,,,
2026-05-25,2026-06-01,09150,Northeastern Connecticut Planning Region,Connecticut,CT,quiet,0.000311,935,8,501+,0.21,0.000816,1282,9,501+,0.16,0.116186,0.113883,0,0,0,,,
2026-05-25,2026-06-01,51085,Hanover County,Virginia,VA,quiet,0.000311,936,15,501+,0.2,0.000977,1168,26,501+,0.19,0.115967,0.132366,0,0,0,,0.933,2023-24
2026-05-25,2026-06-01,13231,Pike County,Georgia,GA,quiet,0.000311,937,33,501+,0.2,0.001353,951,38,501+,0.26,0.115949,0.172427,0,0,0,,,
2026-05-25,2026-06-01,37085,Harnett County,North Carolina,NC,quiet,0.00031,938,31,501+,0.2,0.001585,870,36,501+,0.31,0.115704,0.195085,0,0,0,,0.92931776,2022-23
2026-05-25,2026-06-01,39157,Tuscarawas County,Ohio,OH,quiet,0.00031,939,24,501+,0.2,0.001422,921,32,501+,0.27,0.115645,0.179371,0,0,0,,,
2026-05-25,2026-06-01,27015,Brown County,Minnesota,MN,quiet,0.000307,940,37,501+,0.2,0.000687,1409,42,501+,0.13,0.11497,0.09826,0,0,0,,0.928,2023-24
2026-05-25,2026-06-01,40043,Dewey County,Oklahoma,OK,quiet,0.000307,941,12,501+,0.2,0.001803,803,8,501+,0.35,0.114925,0.215216,0,0,0,,0.75,2023-24
2026-05-25,2026-06-01,47009,Blount County,Tennessee,TN,quiet,0.000307,942,16,501+,0.2,0.003879,506,7,501+,0.75,0.114853,0.363691,0,0,0,,0.94,2023-24
2026-05-25,2026-06-01,41013,Crook County,Oregon,OR,quiet,0.000307,943,20,501+,0.2,0.000766,1337,24,501+,0.15,0.114722,0.107903,0,0,0,,0.895,2023-24
2026-05-25,2026-06-01,37031,Carteret County,North Carolina,NC,quiet,0.000306,944,32,501+,0.2,0.001221,1013,43,501+,0.24,0.114662,0.158872,0,0,0,,0.96116505,2022-23
2026-05-25,2026-06-01,48415,Scurry County,Texas,TX,quiet,0.000305,945,88,501+,0.2,0.002263,694,69,501+,0.44,0.114305,0.254226,0,0,1,53,0.97790055,2023-24
2026-05-25,2026-06-01,16079,Shoshone County,Idaho,ID,quiet,0.000305,946,23,501+,0.2,0.000779,1324,29,501+,0.15,0.114301,0.109421,0,0,0,,,
2026-05-25,2026-06-01,31013,Box Butte County,Nebraska,NE,quiet,0.000304,947,11,501+,0.2,0.001031,1133,9,501+,0.2,0.113996,0.138392,0,0,0,,,
2026-05-25,2026-06-01,20155,Reno County,Kansas,KS,quiet,0.000303,948,12,501+,0.2,0.002054,738,11,501+,0.4,0.113646,0.237063,0,0,0,,0.89,2023-24
2026-05-25,2026-06-01,13073,Columbia County,Georgia,GA,quiet,0.000303,949,34,501+,0.2,0.000493,1630,74,501+,0.1,0.113562,0.073497,0,0,0,,,
2026-05-25,2026-06-01,48495,Winkler County,Texas,TX,quiet,0.000303,950,89,501+,0.2,0.001386,936,108,501+,0.27,0.1135,0.175728,0,0,0,,0.99186992,2023-24
2026-05-25,2026-06-01,30041,Hill County,Montana,MT,quiet,0.000302,951,12,501+,0.2,0.001791,810,9,501+,0.35,0.113331,0.214122,0,0,4,51,,
2026-05-25,2026-06-01,42067,Juniata County,Pennsylvania,PA,quiet,0.000302,952,28,501+,0.2,0.000356,1890,40,501+,0.07,0.113194,0.054971,0,0,0,,0.87692308,2023-24
2026-05-25,2026-06-01,26133,Osceola County,Michigan,MI,quiet,0.000301,953,47,501+,0.2,0.001177,1042,44,501+,0.23,0.113022,0.154194,0,0,7,43,0.8623,2023-24
2026-05-25,2026-06-01,51015,Augusta County,Virginia,VA,quiet,0.000301,954,16,501+,0.2,0.001101,1081,22,501+,0.21,0.112951,0.146084,0,0,0,,0.937,2023-24
2026-05-25,2026-06-01,33017,Strafford County,New Hampshire,NH,quiet,0.000301,955,4,501+,0.2,0.001597,867,4,501+,0.31,0.112876,0.196292,0,0,0,,,
2026-05-25,2026-06-01,39039,Defiance County,Ohio,OH,quiet,0.000299,956,25,501+,0.2,0.001214,1021,35,501+,0.23,0.112392,0.158152,0,0,1,59,,
2026-05-25,2026-06-01,27063,Jackson County,Minnesota,MN,quiet,0.000299,957,38,501+,0.2,0.000443,1722,59,501+,0.09,0.11237,0.066871,0,0,0,,0.896,2023-24
2026-05-25,2026-06-01,20185,Stafford County,Kansas,KS,quiet,0.000299,958,13,501+,0.2,0.00082,1275,28,501+,0.16,0.112311,0.114346,0,0,0,,0.81,2023-24
2026-05-25,2026-06-01,10001,Kent County,Delaware,DE,quiet,0.000298,959,3,501+,0.2,0.002023,743,3,501+,0.39,0.112086,0.234461,0,0,0,,,
2026-05-25,2026-06-01,13039,Camden County,Georgia,GA,quiet,0.000298,960,35,501+,0.2,0.001383,938,36,501+,0.27,0.111929,0.175423,0,0,0,,,
2026-05-25,2026-06-01,56045,Weston County,Wyoming,WY,quiet,0.000296,961,20,501+,0.2,0.00093,1201,21,501+,0.18,0.111539,0.127023,0,0,0,,0.63,2022-23
2026-05-25,2026-06-01,37125,Moore County,North Carolina,NC,quiet,0.000296,962,33,501+,0.19,0.001185,1036,44,501+,0.23,0.111433,0.155118,0,0,0,,0.94765625,2022-23
2026-05-25,2026-06-01,22011,Beauregard Parish,Louisiana,LA,quiet,0.000296,963,14,501+,0.19,0.000857,1255,15,501+,0.17,0.111417,0.118593,0,0,0,,0.926,2021-22
2026-05-25,2026-06-01,12093,Okeechobee County,Florida,FL,quiet,0.000295,964,42,501+,0.19,0.000781,1323,52,501+,0.15,0.111109,0.10965,0,0,0,,0.974,2022-23
2026-05-25,2026-06-01,13215,Muscogee County,Georgia,GA,quiet,0.000295,965,36,501+,0.19,0.001169,1046,41,501+,0.23,0.111097,0.153376,0,0,0,,,
2026-05-25,2026-06-01,47105,Loudon County,Tennessee,TN,quiet,0.000295,966,17,501+,0.19,0.001204,1028,20,501+,0.23,0.110951,0.157104,0,0,0,,0.951,2023-24
2026-05-25,2026-06-01,30043,Jefferson County,Montana,MT,quiet,0.000294,967,13,501+,0.19,0.001155,1049,12,501+,0.22,0.110765,0.151877,0,0,0,,,
2026-05-25,2026-06-01,16075,Payette County,Idaho,ID,quiet,0.000294,968,24,501+,0.19,0.001075,1101,24,501+,0.21,0.110752,0.143259,0,0,0,,,
2026-05-25,2026-06-01,22079,Rapides Parish,Louisiana,LA,quiet,0.000293,969,15,501+,0.19,0.001211,1023,12,501+,0.23,0.110595,0.157847,0,0,0,,0.929,2021-22
2026-05-25,2026-06-01,19155,Pottawattamie County,Iowa,IA,quiet,0.000293,970,12,501+,0.19,0.002253,695,7,501+,0.43,0.110546,0.253465,0,0,0,,0.8989899,2023-24
2026-05-25,2026-06-01,48177,Gonzales County,Texas,TX,quiet,0.000293,971,90,501+,0.19,0.001834,792,82,501+,0.35,0.110537,0.218002,0,0,0,,0.96108949,2023-24
2026-05-25,2026-06-01,38037,Grant County,North Dakota,ND,quiet,0.000293,972,26,501+,0.19,0.000803,1297,26,501+,0.15,0.110499,0.112324,0,0,0,,0.7419,2023-24
2026-05-25,2026-06-01,19051,Davis County,Iowa,IA,quiet,0.000292,973,13,501+,0.19,0.000611,1485,19,501+,0.12,0.110263,0.088769,0,0,0,,0.94520548,2023-24
2026-05-25,2026-06-01,40083,Logan County,Oklahoma,OK,quiet,0.000292,974,13,501+,0.19,0.002272,691,7,501+,0.44,0.110189,0.25497,0,0,0,,0.8383,2023-24
2026-05-25,2026-06-01,41009,Columbia County,Oregon,OR,quiet,0.000292,975,21,501+,0.19,0.003687,523,13,501+,0.71,0.110042,0.352477,0,0,0,,0.855,2023-24
2026-05-25,2026-06-01,48087,Collingsworth County,Texas,TX,quiet,0.00029,976,91,501+,0.19,0.002184,709,72,501+,0.42,0.109623,0.247845,0,0,0,,0.95348837,2023-24
2026-05-25,2026-06-01,29169,Pulaski County,Missouri,MO,quiet,0.00029,977,21,501+,0.19,0.001219,1014,25,501+,0.24,0.109498,0.158702,0,0,0,,0.92,2023-24
2026-05-25,2026-06-01,02063,Chugach Census Area,Alaska,AK,quiet,0.00029,978,8,501+,0.19,0.001127,1067,8,501+,0.22,0.109396,0.148931,0,0,0,,,
2026-05-25,2026-06-01,40031,Comanche County,Oklahoma,OK,quiet,0.000289,979,14,501+,0.19,0.001708,839,9,501+,0.33,0.109343,0.206568,0,0,0,,0.8773,2023-24
2026-05-25,2026-06-01,01115,St. Clair County,Alabama,AL,quiet,0.000289,980,15,501+,0.19,0.002193,706,7,501+,0.42,0.109123,0.248552,0,0,0,,0.9364,2022-23
2026-05-25,2026-06-01,29051,Cole County,Missouri,MO,quiet,0.000288,981,22,501+,0.19,0.001057,1115,29,501+,0.2,0.109022,0.14128,0,0,0,,0.94,2023-24
2026-05-25,2026-06-01,37023,Burke County,North Carolina,NC,quiet,0.000288,982,34,501+,0.19,0.001353,950,39,501+,0.26,0.10888,0.172469,0,0,1,12,0.94313305,2022-23
2026-05-25,2026-06-01,46057,Hamlin County,South Dakota,SD,quiet,0.000287,983,12,501+,0.19,0.000916,1208,16,501+,0.18,0.108626,0.125416,0,0,0,,0.82,2023-24
2026-05-25,2026-06-01,49029,Morgan County,Utah,UT,quiet,0.000286,984,22,501+,0.19,0.001409,928,22,501+,0.27,0.108435,0.178001,0,0,0,,0.949,2022-23
2026-05-25,2026-06-01,48035,Bosque County,Texas,TX,quiet,0.000286,985,92,501+,0.19,0.001929,768,78,501+,0.37,0.108429,0.226354,0,0,0,,0.92631579,2023-24
2026-05-25,2026-06-01,16059,Lemhi County,Idaho,ID,quiet,0.000286,986,25,501+,0.19,0.000559,1553,33,501+,0.11,0.108269,0.082103,0,0,0,,,
2026-05-25,2026-06-01,48469,Victoria County,Texas,TX,quiet,0.000284,987,93,501+,0.19,0.000972,1174,137,501+,0.19,0.107755,0.131824,0,0,0,,0.97912714,2023-24
2026-05-25,2026-06-01,51550,Chesapeake City,Virginia,VA,quiet,0.000283,988,17,501+,0.19,0.001294,979,19,501+,0.25,0.107301,0.16641,0,0,0,,0.911,2023-24
2026-05-25,2026-06-01,48281,Lampasas County,Texas,TX,quiet,0.000283,989,94,501+,0.19,0.001621,860,94,501+,0.31,0.107294,0.198527,0,0,0,,0.94444444,2023-24
2026-05-25,2026-06-01,37175,Transylvania County,North Carolina,NC,quiet,0.000282,990,35,501+,0.19,0.000773,1329,51,501+,0.15,0.107027,0.108727,0,0,0,,0.92334495,2022-23
2026-05-25,2026-06-01,26041,Delta County,Michigan,MI,quiet,0.000279,991,48,501+,0.18,0.001878,783,39,501+,0.36,0.106059,0.221938,0,0,0,,0.9171,2023-24
2026-05-25,2026-06-01,13059,Clarke County,Georgia,GA,quiet,0.000279,992,37,501+,0.18,0.000852,1260,53,501+,0.16,0.106027,0.118045,0,0,0,,,
2026-05-25,2026-06-01,21239,Woodford County,Kentucky,KY,quiet,0.000279,993,16,501+,0.18,0.003995,493,8,151–500,0.77,0.10594,0.370231,0,0,3,47,0.935,2022-23
2026-05-25,2026-06-01,48065,Carson County,Texas,TX,quiet,0.000276,994,95,501+,0.18,0.001204,1029,119,501+,0.23,0.105227,0.157088,0,0,1,54,0.91666667,2023-24
2026-05-25,2026-06-01,12129,Wakulla County,Florida,FL,quiet,0.000276,995,43,501+,0.18,0.001182,1040,41,501+,0.23,0.105183,0.154766,0,0,0,,0.865,2022-23
2026-05-25,2026-06-01,50025,Windham County,Vermont,VT,quiet,0.000275,996,6,501+,0.18,0.001802,804,5,501+,0.35,0.104935,0.215116,0,0,0,,0.9,2023-24
2026-05-25,2026-06-01,01051,Elmore County,Alabama,AL,quiet,0.000275,997,16,501+,0.18,0.000832,1268,21,501+,0.16,0.104797,0.115718,0,0,0,,0.9357,2022-23
2026-05-25,2026-06-01,39129,Pickaway County,Ohio,OH,quiet,0.000274,998,26,501+,0.18,0.001749,822,28,501+,0.34,0.104618,0.210375,0,0,0,,,
2026-05-25,2026-06-01,32017,Lincoln County,Nevada,NV,quiet,0.000273,999,11,501+,0.18,0.001819,798,8,501+,0.35,0.104231,0.216697,0,0,0,,0.96,2022-23
2026-05-25,2026-06-01,42103,Pike County,Pennsylvania,PA,quiet,0.000273,1000,29,501+,0.18,0.001348,954,23,501+,0.26,0.104216,0.171933,0,0,0,,0.86820084,2023-24
2026-05-25,2026-06-01,48317,Martin County,Texas,TX,quiet,0.000273,1001,96,501+,0.18,0.004642,447,36,151–500,0.9,0.104188,0.404396,0,0,3,65,0.96590909,2023-24
2026-05-25,2026-06-01,37129,New Hanover County,North Carolina,NC,quiet,0.000272,1002,36,501+,0.18,0.001773,814,30,501+,0.34,0.103897,0.212507,0,0,0,,0.94449584,2022-23
2026-05-25,2026-06-01,37057,Davidson County,North Carolina,NC,quiet,0.000272,1003,37,501+,0.18,0.002188,708,24,501+,0.42,0.103896,0.248159,0,0,0,,0.96149675,2022-23
2026-05-25,2026-06-01,38055,McLean County,North Dakota,ND,quiet,0.000272,1004,27,501+,0.18,0.000783,1321,27,501+,0.15,0.103801,0.109867,0,0,0,,0.8679,2023-24
2026-05-25,2026-06-01,19173,Taylor County,Iowa,IA,quiet,0.000271,1005,14,501+,0.18,0.000743,1361,16,501+,0.14,0.103681,0.105136,0,0,0,,0.88311688,2023-24
2026-05-25,2026-06-01,18059,Hancock County,Indiana,IN,quiet,0.000271,1006,18,501+,0.18,0.000993,1155,25,501+,0.19,0.103382,0.134177,0,0,0,,,
2026-05-25,2026-06-01,37087,Haywood County,North Carolina,NC,quiet,0.00027,1007,38,501+,0.18,0.001275,989,41,501+,0.25,0.103252,0.164505,0,0,0,,0.92295345,2022-23
2026-05-25,2026-06-01,48059,Callahan County,Texas,TX,quiet,0.00027,1008,97,501+,0.18,0.001825,797,83,501+,0.35,0.1031,0.217214,0,0,0,,0.94054054,2023-24
2026-05-25,2026-06-01,22017,Caddo Parish,Louisiana,LA,quiet,0.000269,1009,16,501+,0.18,0.001376,941,11,501+,0.27,0.1028,0.174749,0,0,0,,0.934,2021-22
2026-05-25,2026-06-01,48401,Rusk County,Texas,TX,quiet,0.000268,1010,98,501+,0.18,0.00079,1317,160,501+,0.15,0.102707,0.11074,0,0,0,,0.92528736,2023-24
2026-05-25,2026-06-01,48153,Floyd County,Texas,TX,quiet,0.000268,1011,99,501+,0.18,0.00112,1069,124,501+,0.22,0.1026,0.148173,0,0,0,,0.95121951,2023-24
2026-05-25,2026-06-01,48463,Uvalde County,Texas,TX,quiet,0.000267,1012,100,501+,0.18,0.001175,1043,120,501+,0.23,0.102376,0.154011,0,0,0,,0.94632768,2023-24
2026-05-25,2026-06-01,37069,Franklin County,North Carolina,NC,quiet,0.000267,1013,39,501+,0.18,0.00167,853,35,501+,0.32,0.102271,0.203118,0,0,0,,0.94354839,2022-23
2026-05-25,2026-06-01,13149,Heard County,Georgia,GA,quiet,0.000267,1014,38,501+,0.18,0.001661,855,35,501+,0.32,0.102208,0.202293,0,0,0,,,
2026-05-25,2026-06-01,28121,Rankin County,Mississippi,MS,quiet,0.000267,1015,6,501+,0.18,0.000759,1347,8,501+,0.15,0.10214,0.107051,0,0,0,,,
2026-05-25,2026-06-01,48217,Hill County,Texas,TX,quiet,0.000266,1016,101,501+,0.18,0.000974,1171,135,501+,0.19,0.101911,0.132031,0,0,0,,0.89356436,2023-24
2026-05-25,2026-06-01,36091,Saratoga County,New York,NY,quiet,0.000265,1017,23,501+,0.17,0.001774,813,20,501+,0.34,0.101717,0.212659,0,0,0,,0.99390566,2022-23
2026-05-25,2026-06-01,20121,Miami County,Kansas,KS,quiet,0.000265,1018,14,501+,0.17,0.000427,1746,60,501+,0.08,0.101686,0.064619,0,0,0,,0.89,2023-24
2026-05-25,2026-06-01,55097,Portage County,Wisconsin,WI,quiet,0.000265,1019,15,501+,0.17,0.00114,1060,23,501+,0.22,0.101627,0.150281,0,0,0,,0.795,2023-24
2026-05-25,2026-06-01,31045,Dawes County,Nebraska,NE,quiet,0.000265,1020,12,501+,0.17,0.000855,1257,11,501+,0.16,0.101596,0.118399,0,0,0,,,
2026-05-25,2026-06-01,39025,Clermont County,Ohio,OH,quiet,0.000264,1021,27,501+,0.17,0.002043,740,21,501+,0.39,0.101443,0.236109,0,0,0,,,
2026-05-25,2026-06-01,41031,Jefferson County,Oregon,OR,quiet,0.000264,1022,22,501+,0.17,0.000868,1245,23,501+,0.17,0.101261,0.119963,0,0,0,,0.929,2023-24
2026-05-25,2026-06-01,30077,Powell County,Montana,MT,quiet,0.000263,1023,14,501+,0.17,0.000803,1300,17,501+,0.15,0.101109,0.11223,0,0,0,,,
2026-05-25,2026-06-01,33005,Cheshire County,New Hampshire,NH,quiet,0.000263,1024,5,501+,0.17,0.000751,1356,7,501+,0.14,0.101048,0.10602,0,0,0,,,
2026-05-25,2026-06-01,27057,Hubbard County,Minnesota,MN,quiet,0.000263,1025,39,501+,0.17,0.000603,1494,49,501+,0.12,0.10102,0.087777,0,0,0,,0.848,2023-24
2026-05-25,2026-06-01,20119,Meade County,Kansas,KS,quiet,0.000263,1026,15,501+,0.17,0.000641,1462,37,501+,0.12,0.100906,0.092488,0,0,0,,0.74,2023-24
2026-05-25,2026-06-01,42025,Carbon County,Pennsylvania,PA,quiet,0.000263,1027,30,501+,0.17,0.000915,1210,31,501+,0.18,0.100827,0.125375,0,0,0,,0.92918455,2023-24
2026-05-25,2026-06-01,27135,Roseau County,Minnesota,MN,quiet,0.000262,1028,40,501+,0.17,0.000726,1373,40,501+,0.14,0.100744,0.10298,0,0,0,,0.809,2023-24
2026-05-25,2026-06-01,47001,Anderson County,Tennessee,TN,quiet,0.000262,1029,18,501+,0.17,0.002708,618,12,501+,0.52,0.100641,0.288221,0,0,0,,0.963,2023-24
2026-05-25,2026-06-01,55111,Sauk County,Wisconsin,WI,quiet,0.000262,1030,16,501+,0.17,0.00219,707,12,501+,0.42,0.100524,0.248381,0,0,0,,0.716,2023-24
2026-05-25,2026-06-01,26013,Baraga County,Michigan,MI,quiet,0.000261,1031,49,501+,0.17,0.000661,1430,56,501+,0.13,0.100247,0.095076,0,0,0,,0.9125,2023-24
2026-05-25,2026-06-01,18011,Boone County,Indiana,IN,quiet,0.00026,1032,19,501+,0.17,0.00101,1145,23,501+,0.19,0.100064,0.136099,0,0,0,,,
2026-05-25,2026-06-01,51760,Richmond City,Virginia,VA,quiet,0.00026,1033,18,501+,0.17,0.001842,789,14,501+,0.36,0.100025,0.218732,0,0,0,,0.898,2023-24
2026-05-25,2026-06-01,55041,Forest County,Wisconsin,WI,quiet,0.000259,1034,17,501+,0.17,0.001138,1062,24,501+,0.22,0.099795,0.15012,0,0,0,,0.778,2023-24
2026-05-25,2026-06-01,13179,Liberty County,Georgia,GA,quiet,0.000257,1035,39,501+,0.17,0.002439,658,25,501+,0.47,0.098921,0.268063,0,0,0,,,
2026-05-25,2026-06-01,20001,Allen County,Kansas,KS,quiet,0.000256,1036,16,501+,0.17,0.000584,1513,41,501+,0.11,0.098603,0.08537,0,0,0,,0.93,2023-24
2026-05-25,2026-06-01,28047,Harrison County,Mississippi,MS,quiet,0.000255,1037,7,501+,0.17,0.00154,880,5,501+,0.3,0.09839,0.190867,0,0,0,,,
2026-05-25,2026-06-01,29219,Warren County,Missouri,MO,quiet,0.000254,1038,23,501+,0.17,0.000744,1357,41,501+,0.14,0.098083,0.105262,0,0,0,,0.924,2023-24
2026-05-25,2026-06-01,55027,Dodge County,Wisconsin,WI,quiet,0.000254,1039,18,501+,0.17,0.001302,975,20,501+,0.25,0.098053,0.167271,0,0,0,,0.748,2023-24
2026-05-25,2026-06-01,45001,Abbeville County,South Carolina,SC,quiet,0.000254,1040,22,501+,0.17,0.000797,1309,28,501+,0.15,0.097922,0.111597,0,0,0,,0.936,2023-24
2026-05-25,2026-06-01,51003,Albemarle County,Virginia,VA,quiet,0.000253,1041,19,501+,0.17,0.002683,624,11,501+,0.52,0.09768,0.286427,0,0,0,,0.909,2023-24
2026-05-25,2026-06-01,19187,Webster County,Iowa,IA,quiet,0.000252,1042,15,501+,0.17,0.001528,886,10,501+,0.29,0.097531,0.189686,0,0,0,,0.90128755,2023-24
2026-05-25,2026-06-01,19111,Lee County,Iowa,IA,quiet,0.000252,1043,16,501+,0.17,0.000297,2038,41,501+,0.06,0.097513,0.046572,0,0,0,,0.93188011,2023-24
2026-05-25,2026-06-01,46037,Day County,South Dakota,SD,quiet,0.000252,1044,13,501+,0.17,0.001433,917,12,501+,0.28,0.097468,0.180381,0,0,0,,0.98,2023-24
2026-05-25,2026-06-01,41007,Clatsop County,Oregon,OR,quiet,0.000252,1045,23,501+,0.17,0.002694,621,18,501+,0.52,0.097444,0.287195,0,0,0,,0.891,2023-24
2026-05-25,2026-06-01,20145,Pawnee County,Kansas,KS,quiet,0.000252,1046,17,501+,0.17,0.000805,1293,29,501+,0.16,0.097307,0.112474,0,0,7,51,0.93,2023-24
2026-05-25,2026-06-01,29225,Webster County,Missouri,MO,quiet,0.000251,1047,24,501+,0.17,0.001533,883,17,501+,0.3,0.096984,0.190146,0,0,0,,0.939,2023-24
2026-05-25,2026-06-01,51069,Frederick County,Virginia,VA,quiet,0.00025,1048,20,501+,0.16,0.000653,1442,35,501+,0.13,0.09683,0.094064,0,0,0,,0.871,2023-24
2026-05-25,2026-06-01,29203,Shannon County,Missouri,MO,quiet,0.00025,1049,25,501+,0.16,0.001752,820,14,501+,0.34,0.096672,0.21067,0,0,0,,0.846,2023-24
2026-05-25,2026-06-01,56031,Platte County,Wyoming,WY,quiet,0.000249,1050,21,501+,0.16,0.001223,1011,19,501+,0.24,0.09635,0.159113,0,0,0,,0.8,2022-23
2026-05-25,2026-06-01,35027,Lincoln County,New Mexico,NM,quiet,0.000248,1051,14,501+,0.16,0.001591,868,15,501+,0.31,0.096189,0.195667,0,0,0,,,
2026-05-25,2026-06-01,50023,Washington County,Vermont,VT,quiet,0.000248,1052,7,501+,0.16,0.002297,682,3,501+,0.44,0.096162,0.256956,0,0,1,15,0.9,2023-24
2026-05-25,2026-06-01,19183,Washington County,Iowa,IA,quiet,0.000248,1053,17,501+,0.16,0.000405,1789,30,501+,0.08,0.09613,0.06167,0,0,0,,0.82840237,2023-24
2026-05-25,2026-06-01,08121,Washington County,Colorado,CO,quiet,0.000247,1054,44,501+,0.16,0.00121,1025,40,501+,0.23,0.095871,0.157744,0,0,0,,0.8409,2023-24
2026-05-25,2026-06-01,50015,Lamoille County,Vermont,VT,quiet,0.000247,1055,8,501+,0.16,0.002112,720,4,501+,0.41,0.09584,0.241893,0,0,1,63,0.87,2023-24
2026-05-25,2026-06-01,39139,Richland County,Ohio,OH,quiet,0.000247,1056,28,501+,0.16,0.000733,1366,46,501+,0.14,0.09564,0.103838,0,0,0,,,
2026-05-25,2026-06-01,12075,Levy County,Florida,FL,quiet,0.000246,1057,44,501+,0.16,0.002628,632,33,501+,0.51,0.09534,0.282333,0,0,0,,0.957,2022-23
2026-05-25,2026-06-01,06035,Lassen County,California,CA,quiet,0.000246,1058,51,501+,0.16,0.001058,1113,49,501+,0.2,0.095337,0.141417,0,0,0,,0.95798,2023-24
2026-05-25,2026-06-01,40007,Beaver County,Oklahoma,OK,quiet,0.000246,1059,15,501+,0.16,0.000863,1250,20,501+,0.17,0.095304,0.119308,0,0,0,,0.8889,2023-24
2026-05-25,2026-06-01,48149,Fayette County,Texas,TX,quiet,0.000244,1060,102,501+,0.16,0.0011,1082,127,501+,0.21,0.094948,0.145945,0,0,0,,0.96969697,2023-24
2026-05-25,2026-06-01,46075,Jones County,South Dakota,SD,quiet,0.000244,1061,14,501+,0.16,0.000583,1514,27,501+,0.11,0.094873,0.085242,0,0,0,,0.6,2023-24
2026-05-25,2026-06-01,13103,Effingham County,Georgia,GA,quiet,0.000244,1062,40,501+,0.16,0.001973,757,28,501+,0.38,0.094715,0.230125,0,0,0,,,
2026-05-25,2026-06-01,30001,Beaverhead County,Montana,MT,quiet,0.000244,1063,15,501+,0.16,0.000774,1328,18,501+,0.15,0.094677,0.108773,0,0,0,,,
2026-05-25,2026-06-01,16025,Camas County,Idaho,ID,quiet,0.000243,1064,26,501+,0.16,0.000726,1374,30,501+,0.14,0.094524,0.102974,0,0,0,,,
2026-05-25,2026-06-01,12059,Holmes County,Florida,FL,quiet,0.000243,1065,45,501+,0.16,0.001204,1030,40,501+,0.23,0.094355,0.15704,0,0,0,,0.974,2022-23
2026-05-25,2026-06-01,47089,Jefferson County,Tennessee,TN,quiet,0.000243,1066,19,501+,0.16,0.001589,869,17,501+,0.31,0.094317,0.195484,0,0,0,,0.943,2023-24
2026-05-25,2026-06-01,48465,Val Verde County,Texas,TX,quiet,0.000242,1067,103,501+,0.16,0.004432,465,39,151–500,0.85,0.094161,0.393758,0,0,0,,0.92659054,2023-24
2026-05-25,2026-06-01,48067,Cass County,Texas,TX,quiet,0.000242,1068,104,501+,0.16,0.001328,966,111,501+,0.26,0.09403,0.169898,0,0,0,,0.95505618,2023-24
2026-05-25,2026-06-01,46033,Custer County,South Dakota,SD,quiet,0.000242,1069,15,501+,0.16,0.000489,1640,31,501+,0.09,0.094022,0.072949,0,0,0,,0.86,2023-24
2026-05-25,2026-06-01,20181,Sherman County,Kansas,KS,quiet,0.000241,1070,18,501+,0.16,0.000589,1507,39,501+,0.11,0.093928,0.085964,0,0,0,,0.97,2023-24
2026-05-25,2026-06-01,13255,Spalding County,Georgia,GA,quiet,0.000241,1071,41,501+,0.16,0.000513,1612,73,501+,0.1,0.093892,0.076162,0,0,0,,,
2026-05-25,2026-06-01,39055,Geauga County,Ohio,OH,quiet,0.00024,1072,29,501+,0.16,0.002245,697,19,501+,0.43,0.093538,0.252831,0,0,0,,,
2026-05-25,2026-06-01,39145,Scioto County,Ohio,OH,quiet,0.00024,1073,30,501+,0.16,0.000853,1258,43,501+,0.16,0.093529,0.118206,0,0,0,,,
2026-05-25,2026-06-01,18145,Shelby County,Indiana,IN,quiet,0.00024,1074,20,501+,0.16,0.0018,805,16,501+,0.35,0.093331,0.214938,0,0,0,,,
2026-05-25,2026-06-01,29071,Franklin County,Missouri,MO,quiet,0.000239,1075,26,501+,0.16,0.001002,1150,30,501+,0.19,0.093303,0.135209,0,0,0,,0.901,2023-24
2026-05-25,2026-06-01,55139,Winnebago County,Wisconsin,WI,quiet,0.000238,1076,19,501+,0.16,0.000966,1178,28,501+,0.19,0.092906,0.131114,0,0,0,,0.778,2023-24
2026-05-25,2026-06-01,46011,Brookings County,South Dakota,SD,quiet,0.000238,1077,16,501+,0.16,0.001737,830,10,501+,0.33,0.092877,0.209235,0,0,1,14,0.9,2023-24
2026-05-25,2026-06-01,20037,Crawford County,Kansas,KS,quiet,0.000238,1078,19,501+,0.16,0.001085,1091,17,501+,0.21,0.092871,0.14432,0,0,0,,0.93,2023-24
2026-05-25,2026-06-01,16007,Bear Lake County,Idaho,ID,quiet,0.000238,1079,27,501+,0.16,0.000793,1315,28,501+,0.15,0.092692,0.111041,0,0,0,,,
2026-05-25,2026-06-01,48189,Hale County,Texas,TX,quiet,0.000238,1080,105,501+,0.16,0.00086,1251,154,501+,0.17,0.092661,0.118947,0,0,5,59,0.98328691,2023-24
2026-05-25,2026-06-01,18053,Grant County,Indiana,IN,quiet,0.000237,1081,21,501+,0.16,0.000753,1354,30,501+,0.15,0.092428,0.106326,0,0,0,,,
2026-05-25,2026-06-01,18037,Dubois County,Indiana,IN,quiet,0.000237,1082,22,501+,0.16,0.000653,1443,31,501+,0.13,0.092415,0.094059,0,0,0,,,
2026-05-25,2026-06-01,13147,Hart County,Georgia,GA,quiet,0.000237,1083,42,501+,0.16,0.000631,1466,66,501+,0.12,0.092336,0.091316,0,0,0,,,
2026-05-25,2026-06-01,26009,Antrim County,Michigan,MI,quiet,0.000235,1084,50,501+,0.16,0.001065,1107,46,501+,0.21,0.091959,0.142131,0,0,0,,0.8166,2023-24
2026-05-25,2026-06-01,31113,Logan County,Nebraska,NE,quiet,0.000235,1085,13,501+,0.15,0.000626,1470,18,501+,0.12,0.091714,0.090682,0,0,0,,,
2026-05-25,2026-06-01,39063,Hancock County,Ohio,OH,quiet,0.000235,1086,31,501+,0.15,0.001353,953,34,501+,0.26,0.091697,0.172412,0,0,0,,,
2026-05-25,2026-06-01,55043,Grant County,Wisconsin,WI,quiet,0.000234,1087,20,501+,0.15,0.001099,1083,25,501+,0.21,0.09151,0.145896,0,0,0,,0.583,2023-24
2026-05-25,2026-06-01,21209,Scott County,Kentucky,KY,quiet,0.000234,1088,17,501+,0.15,0.000947,1192,20,501+,0.18,0.091375,0.12901,0,0,0,,0.926,2022-23
2026-05-25,2026-06-01,48111,Dallam County,Texas,TX,quiet,0.000233,1089,106,501+,0.15,0.002619,633,59,501+,0.51,0.091266,0.281684,0,0,7,62,0.95266272,2023-24
2026-05-25,2026-06-01,13143,Haralson County,Georgia,GA,quiet,0.000231,1090,43,501+,0.15,0.001878,784,30,501+,0.36,0.09047,0.221877,0,0,0,,,
2026-05-25,2026-06-01,29213,Taney County,Missouri,MO,quiet,0.00023,1091,27,501+,0.15,0.003106,575,10,501+,0.6,0.090226,0.315898,0,0,1,58,0.825,2023-24
2026-05-25,2026-06-01,31043,Dakota County,Nebraska,NE,quiet,0.00023,1092,14,501+,0.15,0.000759,1348,12,501+,0.15,0.090069,0.107051,0,0,0,,,
2026-05-25,2026-06-01,27083,Lyon County,Minnesota,MN,quiet,0.00023,1093,41,501+,0.15,0.000468,1681,55,501+,0.09,0.090013,0.070219,0,0,0,,0.932,2023-24
2026-05-25,2026-06-01,53059,Skamania County,Washington,WA,quiet,0.000229,1094,33,501+,0.15,0.001056,1118,32,501+,0.2,0.089899,0.141176,0,0,0,,0.85263158,2023-24
2026-05-25,2026-06-01,48129,Donley County,Texas,TX,quiet,0.000229,1095,107,501+,0.15,0.000877,1237,150,501+,0.17,0.089674,0.120967,0,0,0,,0.97727273,2023-24
2026-05-25,2026-06-01,08071,Las Animas County,Colorado,CO,quiet,0.000228,1096,45,501+,0.15,0.000318,1991,51,501+,0.06,0.089352,0.049592,0,0,0,,0.882,2023-24
2026-05-25,2026-06-01,51019,Bedford County,Virginia,VA,quiet,0.000227,1097,21,501+,0.15,0.002157,713,12,501+,0.42,0.089242,0.24564,0,0,0,,0.895,2023-24
2026-05-25,2026-06-01,55131,Washington County,Wisconsin,WI,quiet,0.000227,1098,21,501+,0.15,0.000941,1196,29,501+,0.18,0.089187,0.128291,0,0,0,,0.785,2023-24
2026-05-25,2026-06-01,51061,Fauquier County,Virginia,VA,quiet,0.000226,1099,22,501+,0.15,0.00084,1266,28,501+,0.16,0.08894,0.116621,0,0,0,,0.907,2023-24
2026-05-25,2026-06-01,40003,Alfalfa County,Oklahoma,OK,quiet,0.000226,1100,16,501+,0.15,0.000794,1313,23,501+,0.15,0.088869,0.111187,0,0,0,,0.8596,2023-24
2026-05-25,2026-06-01,13225,Peach County,Georgia,GA,quiet,0.000226,1101,44,501+,0.15,0.000788,1319,58,501+,0.15,0.088835,0.110537,0,0,0,,,
2026-05-25,2026-06-01,02016,Aleutians West Census Area,Alaska,AK,quiet,0.000226,1102,9,501+,0.15,0.001258,994,7,501+,0.24,0.088817,0.162718,0,0,0,,,
2026-05-25,2026-06-01,51177,Spotsylvania County,Virginia,VA,quiet,0.000226,1103,23,501+,0.15,0.001463,910,17,501+,0.28,0.08872,0.183378,0,0,0,,0.892,2023-24
2026-05-25,2026-06-01,41023,Grant County,Oregon,OR,quiet,0.000226,1104,24,501+,0.15,0.000953,1189,22,501+,0.18,0.088694,0.129708,0,0,0,,0.859,2023-24
2026-05-25,2026-06-01,26113,Missaukee County,Michigan,MI,quiet,0.000225,1105,51,501+,0.15,0.000762,1345,53,501+,0.15,0.088627,0.107353,0,0,0,,0.8642,2023-24
2026-05-25,2026-06-01,48223,Hopkins County,Texas,TX,quiet,0.000223,1106,108,501+,0.15,0.000589,1509,178,501+,0.11,0.087969,0.085902,0,0,0,,0.95022624,2023-24
2026-05-25,2026-06-01,37141,Pender County,North Carolina,NC,quiet,0.000223,1107,40,501+,0.15,0.001672,850,33,501+,0.32,0.087705,0.20333,0,0,0,,0.93850267,2022-23
2026-05-25,2026-06-01,37155,Robeson County,North Carolina,NC,quiet,0.000223,1108,41,501+,0.15,0.001416,923,38,501+,0.27,0.087677,0.178748,0,0,0,,0.9564981,2022-23
2026-05-25,2026-06-01,27041,Douglas County,Minnesota,MN,quiet,0.000222,1109,42,501+,0.15,0.000277,2108,71,501+,0.05,0.087595,0.043676,0,0,0,,0.877,2023-24
2026-05-25,2026-06-01,51113,Madison County,Virginia,VA,quiet,0.000222,1110,24,501+,0.15,0.000547,1570,45,501+,0.11,0.087499,0.08055,0,0,0,,0.869,2023-24
2026-05-25,2026-06-01,36105,Sullivan County,New York,NY,quiet,0.000222,1111,24,501+,0.15,0.001092,1086,23,501+,0.21,0.087344,0.145085,0,0,0,,0.98724242,2022-23
2026-05-25,2026-06-01,39043,Erie County,Ohio,OH,quiet,0.000221,1112,32,501+,0.15,0.000899,1223,41,501+,0.17,0.087249,0.123533,0,0,0,,,
2026-05-25,2026-06-01,30017,Custer County,Montana,MT,quiet,0.000221,1113,16,501+,0.15,0.000662,1429,19,501+,0.13,0.087178,0.095152,0,0,0,,,
2026-05-25,2026-06-01,25011,Franklin County,Massachusetts,MA,quiet,0.000221,1114,10,501+,0.15,0.002121,718,9,501+,0.41,0.087129,0.242653,0,0,0,,0.925,2023-24
2026-05-25,2026-06-01,24045,Wicomico County,Maryland,MD,quiet,0.000221,1115,14,501+,0.15,0.001076,1098,13,501+,0.21,0.087031,0.143377,0,0,0,,0.9914,2023-24
2026-05-25,2026-06-01,27143,Sibley County,Minnesota,MN,quiet,0.00022,1116,43,501+,0.14,0.000421,1759,60,501+,0.08,0.086837,0.063858,0,0,0,,0.839,2023-24
2026-05-25,2026-06-01,20053,Ellsworth County,Kansas,KS,quiet,0.000219,1117,20,501+,0.14,0.000662,1428,36,501+,0.13,0.086548,0.09521,0,0,0,,0.89,2023-24
2026-05-25,2026-06-01,01069,Houston County,Alabama,AL,quiet,0.000219,1118,17,501+,0.14,0.000597,1500,26,501+,0.12,0.086531,0.087034,0,0,0,,0.9373,2022-23
2026-05-25,2026-06-01,27129,Renville County,Minnesota,MN,quiet,0.000218,1119,44,501+,0.14,0.000449,1710,57,501+,0.09,0.086261,0.067592,0,0,0,,0.911,2023-24
2026-05-25,2026-06-01,31157,Scotts Bluff County,Nebraska,NE,quiet,0.000218,1120,15,501+,0.14,0.00066,1432,17,501+,0.13,0.086249,0.094923,0,0,0,,,
2026-05-25,2026-06-01,13313,Whitfield County,Georgia,GA,quiet,0.000218,1121,45,501+,0.14,0.000979,1165,47,501+,0.19,0.086235,0.132646,0,0,0,,,
2026-05-25,2026-06-01,48373,Polk County,Texas,TX,quiet,0.000218,1122,109,501+,0.14,0.000518,1604,194,501+,0.1,0.086207,0.076722,0,0,0,,0.93374741,2023-24
2026-05-25,2026-06-01,21059,Daviess County,Kentucky,KY,quiet,0.000218,1123,18,501+,0.14,0.001322,967,16,501+,0.25,0.086196,0.169282,0,0,0,,0.922,2022-23
2026-05-25,2026-06-01,32005,Douglas County,Nevada,NV,quiet,0.000217,1124,12,501+,0.14,0.001456,912,10,501+,0.28,0.085953,0.182692,0,0,0,,0.93,2022-23
2026-05-25,2026-06-01,01033,Colbert County,Alabama,AL,quiet,0.000216,1125,18,501+,0.14,0.000403,1793,31,501+,0.08,0.085638,0.061353,0,0,0,,0.9359,2022-23
2026-05-25,2026-06-01,48341,Moore County,Texas,TX,quiet,0.000216,1126,110,501+,0.14,0.002059,737,75,501+,0.4,0.085533,0.23752,0,0,0,,0.97389034,2023-24
2026-05-25,2026-06-01,12107,Putnam County,Florida,FL,quiet,0.000216,1127,46,501+,0.14,0.000658,1435,53,501+,0.13,0.085489,0.094678,0,0,0,,0.913,2022-23
2026-05-25,2026-06-01,12041,Gilchrist County,Florida,FL,quiet,0.000216,1128,47,501+,0.14,0.000518,1601,54,501+,0.1,0.085404,0.076829,0,0,0,,0.912,2022-23
2026-05-25,2026-06-01,51700,Newport News City,Virginia,VA,quiet,0.000216,1129,25,501+,0.14,0.001078,1096,24,501+,0.21,0.085328,0.143557,0,0,0,,0.825,2023-24
2026-05-25,2026-06-01,26029,Charlevoix County,Michigan,MI,quiet,0.000215,1130,52,501+,0.14,0.00097,1177,51,501+,0.19,0.085097,0.131586,0,0,0,,0.9076,2023-24
2026-05-25,2026-06-01,18107,Montgomery County,Indiana,IN,quiet,0.000215,1131,23,501+,0.14,0.000363,1873,46,501+,0.07,0.085032,0.055907,0,0,0,,,
2026-05-25,2026-06-01,41041,Lincoln County,Oregon,OR,quiet,0.000215,1132,25,501+,0.14,0.001108,1075,21,501+,0.21,0.085018,0.146839,0,0,0,,0.917,2023-24
2026-05-25,2026-06-01,20047,Edwards County,Kansas,KS,quiet,0.000214,1133,21,501+,0.14,0.000789,1318,30,501+,0.15,0.084737,0.110618,0,0,0,,0.92,2023-24
2026-05-25,2026-06-01,48211,Hemphill County,Texas,TX,quiet,0.000214,1134,111,501+,0.14,0.000914,1213,144,501+,0.18,0.084697,0.125198,0,0,0,,0.94339623,2023-24
2026-05-25,2026-06-01,48049,Brown County,Texas,TX,quiet,0.000213,1135,112,501+,0.14,0.00152,890,102,501+,0.29,0.084572,0.18895,0,0,1,60,0.93636364,2023-24
2026-05-25,2026-06-01,51095,James City County,Virginia,VA,quiet,0.000213,1136,26,501+,0.14,0.001344,956,18,501+,0.26,0.084562,0.171569,0,0,0,,0.882,2023-24
2026-05-25,2026-06-01,48331,Milam County,Texas,TX,quiet,0.000212,1137,113,501+,0.14,0.000909,1215,145,501+,0.18,0.084287,0.124713,0,0,0,,0.94909091,2023-24
2026-05-25,2026-06-01,56015,Goshen County,Wyoming,WY,quiet,0.000212,1138,22,501+,0.14,0.001474,906,16,501+,0.28,0.084102,0.184415,0,0,0,,0.93,2022-23
2026-05-25,2026-06-01,30007,Broadwater County,Montana,MT,quiet,0.000211,1139,17,501+,0.14,0.001718,834,10,501+,0.33,0.083854,0.207514,0,0,0,,,
2026-05-25,2026-06-01,48315,Marion County,Texas,TX,quiet,0.00021,1140,114,501+,0.14,0.000536,1584,190,501+,0.1,0.083445,0.079133,0,0,0,,0.98412698,2023-24
2026-05-25,2026-06-01,29187,St. Francois County,Missouri,MO,quiet,0.00021,1141,28,501+,0.14,0.001639,859,16,501+,0.32,0.083431,0.200254,0,0,0,,0.929,2023-24
2026-05-25,2026-06-01,30093,Silver Bow County,Montana,MT,quiet,0.00021,1142,18,501+,0.14,0.001958,762,8,501+,0.38,0.083339,0.22887,0,0,0,,,
2026-05-25,2026-06-01,21049,Clark County,Kentucky,KY,quiet,0.00021,1143,19,501+,0.14,0.001608,864,15,501+,0.31,0.083288,0.197271,0,0,0,,0.976,2022-23
2026-05-25,2026-06-01,27087,Mahnomen County,Minnesota,MN,quiet,0.000209,1144,45,501+,0.14,0.000573,1535,51,501+,0.11,0.083202,0.083864,0,0,0,,0.875,2023-24
2026-05-25,2026-06-01,12023,Columbia County,Florida,FL,quiet,0.000209,1145,48,501+,0.14,0.001129,1066,45,501+,0.22,0.083162,0.149102,0,0,0,,0.946,2022-23
2026-05-25,2026-06-01,22095,St. John the Baptist Parish,Louisiana,LA,quiet,0.000209,1146,17,501+,0.14,0.000729,1369,18,501+,0.14,0.083005,0.103353,0,0,0,,0.982,2021-22
2026-05-25,2026-06-01,42013,Blair County,Pennsylvania,PA,quiet,0.000209,1147,31,501+,0.14,0.000576,1529,35,501+,0.11,0.082993,0.084307,0,0,0,,0.94191919,2023-24
2026-05-25,2026-06-01,48305,Lynn County,Texas,TX,quiet,0.000209,1148,115,501+,0.14,0.003091,577,52,501+,0.6,0.082964,0.314894,0,0,2,65,0.92156863,2023-24
2026-05-25,2026-06-01,50021,Rutland County,Vermont,VT,quiet,0.000208,1149,9,501+,0.14,0.0016,866,6,501+,0.31,0.082853,0.196527,0,0,0,,0.92,2023-24
2026-05-25,2026-06-01,45085,Sumter County,South Carolina,SC,quiet,0.000208,1150,23,501+,0.14,0.00237,668,17,501+,0.46,0.082754,0.262749,0,0,3,26,0.959,2023-24
2026-05-25,2026-06-01,19057,Des Moines County,Iowa,IA,quiet,0.000208,1151,18,501+,0.14,0.000972,1175,14,501+,0.19,0.08264,0.131809,0,0,0,,0.8895966,2023-24
2026-05-25,2026-06-01,25019,Nantucket County,Massachusetts,MA,quiet,0.000207,1152,11,501+,0.14,0.000651,1447,13,501+,0.13,0.082453,0.093822,0,0,0,,0.933,2023-24
2026-05-25,2026-06-01,49033,Rich County,Utah,UT,quiet,0.000206,1153,23,501+,0.14,0.001072,1104,23,501+,0.21,0.082134,0.142876,0,0,0,,0.965,2022-23
2026-05-25,2026-06-01,54033,Harrison County,West Virginia,WV,quiet,0.000206,1154,3,501+,0.14,0.000929,1203,4,501+,0.18,0.0821,0.126982,0,0,0,,,
2026-05-25,2026-06-01,13145,Harris County,Georgia,GA,quiet,0.000205,1155,46,501+,0.13,0.00062,1480,67,501+,0.12,0.08169,0.089889,0,0,0,,,
2026-05-25,2026-06-01,20161,Riley County,Kansas,KS,quiet,0.000204,1156,22,501+,0.13,0.000491,1636,51,501+,0.09,0.081501,0.073248,0,0,0,,0.86,2023-24
2026-05-25,2026-06-01,55113,Sawyer County,Wisconsin,WI,quiet,0.000204,1157,22,501+,0.13,0.00069,1408,36,501+,0.13,0.081472,0.098567,0,0,0,,0.739,2023-24
2026-05-25,2026-06-01,33009,Grafton County,New Hampshire,NH,quiet,0.000204,1158,6,501+,0.13,0.000761,1346,6,501+,0.15,0.081449,0.107274,0,0,0,,,
2026-05-25,2026-06-01,36089,St. Lawrence County,New York,NY,quiet,0.000204,1159,25,501+,0.13,0.000583,1515,34,501+,0.11,0.081322,0.085213,0,0,0,,0.99793421,2022-23
2026-05-25,2026-06-01,20015,Butler County,Kansas,KS,quiet,0.000204,1160,23,501+,0.13,0.001055,1121,19,501+,0.2,0.0813,0.141023,0,0,0,,0.88,2023-24
2026-05-25,2026-06-01,39119,Muskingum County,Ohio,OH,quiet,0.000203,1161,33,501+,0.13,0.002228,702,20,501+,0.43,0.081077,0.251458,0,0,3,39,,
2026-05-25,2026-06-01,36013,Chautauqua County,New York,NY,quiet,0.000203,1162,26,501+,0.13,0.000693,1406,31,501+,0.13,0.081052,0.099013,0,0,0,,0.86869892,2022-23
2026-05-25,2026-06-01,42019,Butler County,Pennsylvania,PA,quiet,0.000203,1163,32,501+,0.13,0.001092,1087,28,501+,0.21,0.081045,0.14507,0,0,0,,0.94104683,2023-24
2026-05-25,2026-06-01,47167,Tipton County,Tennessee,TN,quiet,0.000203,1164,20,501+,0.13,0.000963,1180,23,501+,0.19,0.080957,0.130772,0,0,0,,0.953,2023-24
2026-05-25,2026-06-01,18067,Howard County,Indiana,IN,quiet,0.000202,1165,24,501+,0.13,0.000808,1290,28,501+,0.16,0.080676,0.112852,0,0,0,,,
2026-05-25,2026-06-01,25007,Dukes County,Massachusetts,MA,quiet,0.000202,1166,12,501+,0.13,0.000359,1881,14,501+,0.07,0.080603,0.055362,0,0,0,,0.958,2023-24
2026-05-25,2026-06-01,27085,McLeod County,Minnesota,MN,quiet,0.000201,1167,46,501+,0.13,0.000626,1471,48,501+,0.12,0.080474,0.090608,0,0,0,,0.89,2023-24
2026-05-25,2026-06-01,22115,Vernon Parish,Louisiana,LA,quiet,0.000201,1168,18,501+,0.13,0.00039,1820,28,501+,0.08,0.080446,0.059622,0,0,0,,0.922,2021-22
2026-05-25,2026-06-01,27103,Nicollet County,Minnesota,MN,quiet,0.000201,1169,47,501+,0.13,0.000817,1280,38,501+,0.16,0.080395,0.113948,0,0,0,,0.92,2023-24
2026-05-25,2026-06-01,20049,Elk County,Kansas,KS,quiet,0.000201,1170,24,501+,0.13,0.000425,1748,61,501+,0.08,0.080338,0.064421,0,0,0,,0.86,2023-24
2026-05-25,2026-06-01,55115,Shawano County,Wisconsin,WI,quiet,0.000201,1171,23,501+,0.13,0.002373,667,10,501+,0.46,0.080324,0.262982,0,0,0,,0.71,2023-24
2026-05-25,2026-06-01,20209,Wyandotte County,Kansas,KS,quiet,0.0002,1172,25,501+,0.13,0.001055,1119,18,501+,0.2,0.080198,0.141054,0,0,0,,0.75,2023-24
2026-05-25,2026-06-01,20019,Chautauqua County,Kansas,KS,quiet,0.0002,1173,26,501+,0.13,0.000498,1622,48,501+,0.1,0.080158,0.074146,0,0,0,,0.73,2023-24
2026-05-25,2026-06-01,05035,Crittenden County,Arkansas,AR,quiet,0.0002,1174,9,501+,0.13,0.000593,1505,12,501+,0.11,0.080155,0.086454,0,0,0,,,
2026-05-25,2026-06-01,51187,Warren County,Virginia,VA,quiet,0.0002,1175,27,501+,0.13,0.001034,1131,25,501+,0.2,0.080042,0.138759,0,0,0,,0.677,2023-24
2026-05-25,2026-06-01,30009,Carbon County,Montana,MT,quiet,0.0002,1176,19,501+,0.13,0.000418,1771,31,501+,0.08,0.080024,0.06339,0,0,0,,,
2026-05-25,2026-06-01,01095,Marshall County,Alabama,AL,quiet,0.0002,1177,19,501+,0.13,0.000744,1358,22,501+,0.14,0.079975,0.105248,0,0,0,,0.9351,2022-23
2026-05-25,2026-06-01,51165,Rockingham County,Virginia,VA,quiet,0.0002,1178,28,501+,0.13,0.001798,806,15,501+,0.35,0.079873,0.214827,0,0,0,,0.907,2023-24
2026-05-25,2026-06-01,32011,Eureka County,Nevada,NV,quiet,0.000199,1179,13,501+,0.13,0.000943,1195,14,501+,0.18,0.079821,0.128497,0,0,0,,1.0,2022-23
2026-05-25,2026-06-01,48103,Crane County,Texas,TX,quiet,0.000199,1180,116,501+,0.13,0.001528,887,101,501+,0.29,0.079716,0.189675,0,0,0,,0.93181818,2022-23
2026-05-25,2026-06-01,13021,Bibb County,Georgia,GA,quiet,0.000199,1181,47,501+,0.13,0.001021,1136,45,501+,0.2,0.079594,0.137291,0,0,0,,,
2026-05-25,2026-06-01,20169,Saline County,Kansas,KS,quiet,0.000198,1182,27,501+,0.13,0.001013,1144,20,501+,0.2,0.07935,0.13645,0,0,0,,0.95,2023-24
2026-05-25,2026-06-01,13011,Banks County,Georgia,GA,quiet,0.000198,1183,48,501+,0.13,0.00047,1676,75,501+,0.09,0.079322,0.070414,0,0,0,,,
2026-05-25,2026-06-01,48323,Maverick County,Texas,TX,quiet,0.000198,1184,117,501+,0.13,0.001294,980,113,501+,0.25,0.079279,0.166391,0,0,0,,0.96300103,2023-24
2026-05-25,2026-06-01,37049,Craven County,North Carolina,NC,quiet,0.000198,1185,42,501+,0.13,0.001916,773,28,501+,0.37,0.079258,0.225219,0,0,0,,0.95221239,2022-23
2026-05-25,2026-06-01,48427,Starr County,Texas,TX,quiet,0.000198,1186,118,501+,0.13,0.000763,1342,163,501+,0.15,0.079197,0.10746,0,0,0,,0.97190427,2023-24
2026-05-25,2026-06-01,46083,Lincoln County,South Dakota,SD,quiet,0.000197,1187,17,501+,0.13,0.002593,640,7,501+,0.5,0.079136,0.279789,0,0,8,48,0.95,2023-24
2026-05-25,2026-06-01,48001,Anderson County,Texas,TX,quiet,0.000197,1188,119,501+,0.13,0.00055,1565,187,501+,0.11,0.07907,0.080918,0,0,0,,0.95691203,2023-24
2026-05-25,2026-06-01,42085,Mercer County,Pennsylvania,PA,quiet,0.000197,1189,33,501+,0.13,0.000729,1368,32,501+,0.14,0.079047,0.103376,0,0,0,,0.93416031,2023-24
2026-05-25,2026-06-01,55015,Calumet County,Wisconsin,WI,quiet,0.000197,1190,24,501+,0.13,0.000811,1287,32,501+,0.16,0.079026,0.113175,0,0,0,,0.81,2023-24
2026-05-25,2026-06-01,29043,Christian County,Missouri,MO,quiet,0.000197,1191,29,501+,0.13,0.000906,1219,34,501+,0.17,0.078934,0.1243,0,0,0,,0.788,2023-24
2026-05-25,2026-06-01,13183,Long County,Georgia,GA,quiet,0.000197,1192,49,501+,0.13,0.001362,946,37,501+,0.26,0.078866,0.173355,0,0,0,,,
2026-05-25,2026-06-01,48403,Sabine County,Texas,TX,quiet,0.000196,1193,120,501+,0.13,0.000594,1504,177,501+,0.11,0.078676,0.086547,0,0,0,,0.94029851,2023-24
2026-05-25,2026-06-01,02240,Southeast Fairbanks Census Area,Alaska,AK,quiet,0.000195,1194,10,501+,0.13,0.000601,1498,10,501+,0.12,0.078164,0.087488,0,0,0,,,
2026-05-25,2026-06-01,27147,Steele County,Minnesota,MN,quiet,0.000194,1195,48,501+,0.13,0.000827,1271,37,501+,0.16,0.078116,0.115137,0,0,0,,0.922,2023-24
2026-05-25,2026-06-01,20051,Ellis County,Kansas,KS,quiet,0.000194,1196,28,501+,0.13,0.000475,1668,54,501+,0.09,0.077926,0.071074,0,0,0,,0.93,2023-24
2026-05-25,2026-06-01,48229,Hudspeth County,Texas,TX,quiet,0.000194,1197,121,501+,0.13,0.006508,370,28,151–500,1.26,0.077887,0.484396,0,0,136,7,0.92105263,2023-24
2026-05-25,2026-06-01,26059,Hillsdale County,Michigan,MI,quiet,0.000193,1198,53,501+,0.13,0.000799,1304,52,501+,0.15,0.077742,0.111853,0,0,0,,0.8966,2023-24
2026-05-25,2026-06-01,13049,Charlton County,Georgia,GA,quiet,0.000193,1199,50,501+,0.13,0.001091,1088,43,501+,0.21,0.077672,0.14501,0,0,0,,,
2026-05-25,2026-06-01,48077,Clay County,Texas,TX,quiet,0.000193,1200,122,501+,0.13,0.00153,884,99,501+,0.3,0.077587,0.18984,0,0,0,,0.91176471,2023-24
2026-05-25,2026-06-01,01019,Cherokee County,Alabama,AL,quiet,0.000193,1201,20,501+,0.13,0.000595,1502,27,501+,0.11,0.077573,0.086688,0,0,0,,0.9713,2022-23
2026-05-25,2026-06-01,28045,Hancock County,Mississippi,MS,quiet,0.000193,1202,8,501+,0.13,0.001389,934,6,501+,0.27,0.077542,0.176086,0,0,0,,,
2026-05-25,2026-06-01,20159,Rice County,Kansas,KS,quiet,0.000192,1203,29,501+,0.13,0.000497,1623,49,501+,0.1,0.077437,0.074062,0,0,0,,0.93,2023-24
2026-05-25,2026-06-01,46079,Lake County,South Dakota,SD,quiet,0.000192,1204,18,501+,0.13,0.000331,1952,44,501+,0.06,0.077432,0.051436,0,0,0,,0.8,2023-24
2026-05-25,2026-06-01,18001,Adams County,Indiana,IN,quiet,0.000192,1205,25,501+,0.13,0.001362,947,17,501+,0.26,0.077369,0.173311,0,0,0,,,
2026-05-25,2026-06-01,48159,Franklin County,Texas,TX,quiet,0.000192,1206,123,501+,0.13,0.002429,660,63,501+,0.47,0.077367,0.267317,0,0,0,,0.95238095,2023-24
2026-05-25,2026-06-01,39081,Jefferson County,Ohio,OH,quiet,0.000192,1207,34,501+,0.13,0.000653,1444,49,501+,0.13,0.077217,0.094018,0,0,0,,,
2026-05-25,2026-06-01,47159,Smith County,Tennessee,TN,quiet,0.000192,1208,21,501+,0.13,0.001283,985,18,501+,0.25,0.077164,0.165265,0,0,0,,0.959,2023-24
2026-05-25,2026-06-01,39075,Holmes County,Ohio,OH,quiet,0.000191,1209,35,501+,0.13,0.001105,1078,38,501+,0.21,0.077025,0.146492,0,0,1,60,,
2026-05-25,2026-06-01,48009,Archer County,Texas,TX,quiet,0.000191,1210,124,501+,0.13,0.001353,952,109,501+,0.26,0.07695,0.172424,0,0,0,,0.95384615,2023-24
2026-05-25,2026-06-01,21145,McCracken County,Kentucky,KY,quiet,0.000191,1211,20,501+,0.13,0.002108,721,13,501+,0.41,0.076834,0.241579,0,0,0,,0.862,2022-23
2026-05-25,2026-06-01,27099,Mower County,Minnesota,MN,quiet,0.000191,1212,49,501+,0.13,0.001411,926,27,501+,0.27,0.076788,0.178277,0,0,0,,0.951,2023-24
2026-05-25,2026-06-01,27017,Carlton County,Minnesota,MN,quiet,0.00019,1213,50,501+,0.13,0.001467,909,24,501+,0.28,0.076732,0.183732,0,0,0,,0.92,2023-24
2026-05-25,2026-06-01,48359,Oldham County,Texas,TX,quiet,0.00019,1214,125,501+,0.13,0.002906,596,55,501+,0.56,0.076711,0.302312,0,0,0,,0.84,2023-24
2026-05-25,2026-06-01,27149,Stevens County,Minnesota,MN,quiet,0.00019,1215,51,501+,0.13,0.000678,1415,44,501+,0.13,0.076617,0.097164,0,0,0,,0.913,2023-24
2026-05-25,2026-06-01,41057,Tillamook County,Oregon,OR,quiet,0.00019,1216,26,501+,0.13,0.000754,1353,25,501+,0.15,0.076581,0.106462,0,0,0,,0.902,2023-24
2026-05-25,2026-06-01,51149,Prince George County,Virginia,VA,quiet,0.00019,1217,29,501+,0.13,0.000578,1521,39,501+,0.11,0.076564,0.0846,0,0,0,,0.914,2023-24
2026-05-25,2026-06-01,13123,Gilmer County,Georgia,GA,quiet,0.00019,1218,51,501+,0.12,0.000915,1209,48,501+,0.18,0.076464,0.125375,0,0,0,,,
2026-05-25,2026-06-01,51683,Manassas City,Virginia,VA,quiet,0.000189,1219,30,501+,0.12,0.000476,1664,49,501+,0.09,0.076301,0.071307,0,0,0,,0.971,2023-24
2026-05-25,2026-06-01,55081,Monroe County,Wisconsin,WI,quiet,0.000189,1220,25,501+,0.12,0.000811,1285,31,501+,0.16,0.076236,0.113213,0,0,0,,0.588,2023-24
2026-05-25,2026-06-01,55089,Ozaukee County,Wisconsin,WI,quiet,0.000188,1221,26,501+,0.12,0.002272,690,11,501+,0.44,0.075916,0.254994,0,0,0,,0.804,2023-24
2026-05-25,2026-06-01,45023,Chester County,South Carolina,SC,quiet,0.000188,1222,24,501+,0.12,0.00117,1045,22,501+,0.23,0.075756,0.153481,0,0,0,,0.952,2023-24
2026-05-25,2026-06-01,41027,Hood River County,Oregon,OR,quiet,0.000188,1223,27,501+,0.12,0.000467,1685,29,501+,0.09,0.075737,0.070055,0,0,0,,0.893,2023-24
2026-05-25,2026-06-01,35053,Socorro County,New Mexico,NM,quiet,0.000187,1224,15,501+,0.12,0.000341,1934,26,501+,0.07,0.075684,0.052766,0,0,0,,0.92,2018-19
2026-05-25,2026-06-01,18105,Monroe County,Indiana,IN,quiet,0.000187,1225,26,501+,0.12,0.000489,1642,40,501+,0.09,0.075524,0.072921,0,0,0,,,
2026-05-25,2026-06-01,13129,Gordon County,Georgia,GA,quiet,0.000187,1226,52,501+,0.12,0.000798,1307,57,501+,0.15,0.07551,0.111686,0,0,0,,,
2026-05-25,2026-06-01,42063,Indiana County,Pennsylvania,PA,quiet,0.000187,1227,34,501+,0.12,0.000682,1412,33,501+,0.13,0.07548,0.097571,0,0,0,,0.91236307,2023-24
2026-05-25,2026-06-01,30091,Sheridan County,Montana,MT,quiet,0.000187,1228,20,501+,0.12,0.000916,1207,15,501+,0.18,0.075477,0.125454,0,0,0,,,
2026-05-25,2026-06-01,20027,Clay County,Kansas,KS,quiet,0.000187,1229,30,501+,0.12,0.000514,1610,47,501+,0.1,0.075451,0.076324,0,0,0,,0.88,2023-24
2026-05-25,2026-06-01,51079,Greene County,Virginia,VA,quiet,0.000187,1230,31,501+,0.12,0.000776,1325,30,501+,0.15,0.075413,0.109015,0,0,0,,0.957,2023-24
2026-05-25,2026-06-01,20031,Coffey County,Kansas,KS,quiet,0.000187,1231,31,501+,0.12,0.000783,1322,31,501+,0.15,0.075381,0.109862,0,0,0,,0.88,2023-24
2026-05-25,2026-06-01,39123,Ottawa County,Ohio,OH,quiet,0.000186,1232,36,501+,0.12,0.001768,816,25,501+,0.34,0.075365,0.212103,0,0,1,11,,
2026-05-25,2026-06-01,17115,Macon County,Illinois,IL,quiet,0.000186,1233,20,501+,0.12,0.001202,1032,23,501+,0.23,0.075354,0.156887,0,0,0,,,
2026-05-25,2026-06-01,19189,Winnebago County,Iowa,IA,quiet,0.000186,1234,19,501+,0.12,0.00042,1761,26,501+,0.08,0.075292,0.063774,0,0,0,,0.91503268,2023-24
2026-05-25,2026-06-01,22105,Tangipahoa Parish,Louisiana,LA,quiet,0.000186,1235,19,501+,0.12,0.000804,1294,16,501+,0.16,0.07521,0.112456,0,0,0,,0.956,2021-22
2026-05-25,2026-06-01,20023,Cheyenne County,Kansas,KS,quiet,0.000186,1236,32,501+,0.12,0.000879,1235,25,501+,0.17,0.075151,0.121214,0,0,0,,0.93,2023-24
2026-05-25,2026-06-01,35006,Cibola County,New Mexico,NM,quiet,0.000185,1237,16,501+,0.12,0.000846,1263,21,501+,0.16,0.074897,0.117376,0,0,0,,0.85,2018-19
2026-05-25,2026-06-01,26097,Mackinac County,Michigan,MI,quiet,0.000184,1238,54,501+,0.12,0.000257,2153,65,501+,0.05,0.074438,0.040852,0,0,0,,0.878,2023-24
2026-05-25,2026-06-01,18035,Delaware County,Indiana,IN,quiet,0.000183,1239,27,501+,0.12,0.00062,1481,33,501+,0.12,0.07406,0.089868,0,0,0,,,
2026-05-25,2026-06-01,01015,Calhoun County,Alabama,AL,quiet,0.000182,1240,21,501+,0.12,0.001483,902,12,501+,0.29,0.07393,0.185312,0,0,0,,0.9411,2022-23
2026-05-25,2026-06-01,36043,Herkimer County,New York,NY,quiet,0.000182,1241,27,501+,0.12,0.000515,1608,36,501+,0.1,0.073761,0.07637,0,0,0,,0.99233333,2022-23
2026-05-25,2026-06-01,17163,St. Clair County,Illinois,IL,quiet,0.000182,1242,21,501+,0.12,0.001,1151,26,501+,0.19,0.073693,0.134958,0,0,0,,,
2026-05-25,2026-06-01,20097,Kiowa County,Kansas,KS,quiet,0.000182,1243,33,501+,0.12,0.003127,571,6,501+,0.6,0.073682,0.317283,0,0,6,60,0.92,2022-23
2026-05-25,2026-06-01,40153,Woodward County,Oklahoma,OK,quiet,0.000181,1244,17,501+,0.12,0.000803,1299,21,501+,0.15,0.073398,0.112297,0,0,0,,0.8205,2023-24
2026-05-25,2026-06-01,26031,Cheboygan County,Michigan,MI,quiet,0.000181,1245,55,501+,0.12,0.000277,2109,63,501+,0.05,0.073331,0.043664,0,0,0,,0.9286,2023-24
2026-05-25,2026-06-01,29099,Jefferson County,Missouri,MO,quiet,0.000181,1246,30,501+,0.12,0.001305,972,23,501+,0.25,0.07329,0.167576,0,0,0,,0.926,2023-24
2026-05-25,2026-06-01,39155,Trumbull County,Ohio,OH,quiet,0.00018,1247,37,501+,0.12,0.001007,1147,40,501+,0.19,0.073231,0.135744,0,0,0,,,
2026-05-25,2026-06-01,36055,Monroe County,New York,NY,quiet,0.00018,1248,28,501+,0.12,0.001817,799,19,501+,0.35,0.073167,0.216507,0,0,0,,0.99669672,2022-23
2026-05-25,2026-06-01,27117,Pipestone County,Minnesota,MN,quiet,0.000178,1249,52,501+,0.12,0.000951,1190,34,501+,0.18,0.072528,0.129426,0,0,0,,0.922,2023-24
2026-05-25,2026-06-01,46101,Moody County,South Dakota,SD,quiet,0.000178,1250,19,501+,0.12,0.000868,1246,18,501+,0.17,0.072352,0.119962,0,0,0,,0.89,2023-24
2026-05-25,2026-06-01,47119,Maury County,Tennessee,TN,quiet,0.000178,1251,22,501+,0.12,0.001137,1063,21,501+,0.22,0.072221,0.149979,0,0,0,,0.913,2023-24
2026-05-25,2026-06-01,28071,Lafayette County,Mississippi,MS,quiet,0.000177,1252,9,501+,0.12,0.000361,1877,16,501+,0.07,0.072113,0.055642,0,0,0,,,
2026-05-25,2026-06-01,40145,Wagoner County,Oklahoma,OK,quiet,0.000176,1253,18,501+,0.12,0.001087,1090,17,501+,0.21,0.071825,0.144587,0,0,0,,0.8801,2023-24
2026-05-25,2026-06-01,47123,Monroe County,Tennessee,TN,quiet,0.000176,1254,23,501+,0.12,0.000728,1370,32,501+,0.14,0.071795,0.103219,0,0,0,,0.944,2023-24
2026-05-25,2026-06-01,23003,Aroostook County,Maine,ME,quiet,0.000176,1255,7,501+,0.12,0.001228,1010,7,501+,0.24,0.07173,0.159583,0,0,0,,0.9859,2023-24
2026-05-25,2026-06-01,23009,Hancock County,Maine,ME,quiet,0.000176,1256,8,501+,0.12,0.000768,1334,10,501+,0.15,0.071687,0.108047,0,0,0,,0.978,2023-24
2026-05-25,2026-06-01,36053,Madison County,New York,NY,quiet,0.000176,1257,29,501+,0.12,0.000764,1341,29,501+,0.15,0.07152,0.107649,0,0,0,,0.9969,2022-23
2026-05-25,2026-06-01,47063,Hamblen County,Tennessee,TN,quiet,0.000175,1258,24,501+,0.12,0.000764,1340,29,501+,0.15,0.071407,0.107667,0,0,0,,0.929,2023-24
2026-05-25,2026-06-01,27115,Pine County,Minnesota,MN,quiet,0.000175,1259,53,501+,0.12,0.000371,1861,65,501+,0.07,0.071357,0.05699,0,0,0,,0.842,2023-24
2026-05-25,2026-06-01,48033,Borden County,Texas,TX,quiet,0.000175,1260,126,501+,0.12,0.000646,1455,171,501+,0.12,0.071271,0.093133,0,0,1,59,0.94444444,2023-24
2026-05-25,2026-06-01,09160,Northwest Hills Planning Region,Connecticut,CT,quiet,0.000175,1261,9,501+,0.12,0.001805,802,7,501+,0.35,0.071249,0.2154,0,0,0,,,
2026-05-25,2026-06-01,13177,Lee County,Georgia,GA,quiet,0.000175,1262,53,501+,0.12,0.000899,1222,50,501+,0.17,0.071247,0.123552,0,0,0,,,
2026-05-25,2026-06-01,46031,Corson County,South Dakota,SD,quiet,0.000175,1263,20,501+,0.11,0.000605,1492,26,501+,0.12,0.071172,0.087993,0,0,0,,0.93,2023-24
2026-05-25,2026-06-01,17073,Henry County,Illinois,IL,quiet,0.000174,1264,22,501+,0.11,0.001106,1077,24,501+,0.21,0.071155,0.146614,0,0,0,,,
2026-05-25,2026-06-01,47121,Meigs County,Tennessee,TN,quiet,0.000174,1265,25,501+,0.11,0.000258,2152,56,501+,0.05,0.071043,0.040907,0,0,0,,0.944,2023-24
2026-05-25,2026-06-01,40045,Ellis County,Oklahoma,OK,quiet,0.000174,1266,19,501+,0.11,0.000775,1326,24,501+,0.15,0.070821,0.108945,0,0,0,,0.8929,2023-24
2026-05-25,2026-06-01,48363,Palo Pinto County,Texas,TX,quiet,0.000173,1267,127,501+,0.11,0.000803,1298,158,501+,0.15,0.070758,0.112303,0,0,0,,0.93982808,2023-24
2026-05-25,2026-06-01,18071,Jackson County,Indiana,IN,quiet,0.000173,1268,28,501+,0.11,0.001346,955,18,501+,0.26,0.070709,0.171761,0,0,0,,,
2026-05-25,2026-06-01,17075,Iroquois County,Illinois,IL,quiet,0.000173,1269,23,501+,0.11,0.000379,1836,39,501+,0.07,0.070681,0.058126,0,0,0,,,
2026-05-25,2026-06-01,40121,Pittsburg County,Oklahoma,OK,quiet,0.000173,1270,20,501+,0.11,0.000517,1605,30,501+,0.1,0.070454,0.076648,0,0,0,,0.9025,2023-24
2026-05-25,2026-06-01,05039,Dallas County,Arkansas,AR,quiet,0.000172,1271,10,501+,0.11,0.000546,1573,14,501+,0.11,0.070441,0.080416,0,0,0,,,
2026-05-25,2026-06-01,48079,Cochran County,Texas,TX,quiet,0.000172,1272,128,501+,0.11,0.001708,838,88,501+,0.33,0.070273,0.206643,0,0,14,57,0.95238095,2023-24
2026-05-25,2026-06-01,13127,Glynn County,Georgia,GA,quiet,0.000172,1273,54,501+,0.11,0.001831,795,31,501+,0.35,0.070247,0.217694,0,0,0,,,
2026-05-25,2026-06-01,35039,Rio Arriba County,New Mexico,NM,quiet,0.000172,1274,17,501+,0.11,0.001833,793,13,501+,0.35,0.070167,0.217876,0,0,0,,0.93,2018-19
2026-05-25,2026-06-01,47145,Roane County,Tennessee,TN,quiet,0.000172,1275,26,501+,0.11,0.000819,1277,27,501+,0.16,0.070116,0.114174,0,0,0,,0.959,2023-24
2026-05-25,2026-06-01,48249,Jim Wells County,Texas,TX,quiet,0.000171,1276,129,501+,0.11,0.001409,927,107,501+,0.27,0.070043,0.178042,0,0,0,,0.97435897,2023-24
2026-05-25,2026-06-01,19147,Palo Alto County,Iowa,IA,quiet,0.000171,1277,20,501+,0.11,0.000616,1483,18,501+,0.12,0.069984,0.089359,0,0,0,,0.93103448,2023-24
2026-05-25,2026-06-01,46091,Marshall County,South Dakota,SD,quiet,0.000171,1278,21,501+,0.11,0.000898,1225,17,501+,0.17,0.069932,0.123437,0,0,0,,0.72,2023-24
2026-05-25,2026-06-01,55093,Pierce County,Wisconsin,WI,quiet,0.000171,1279,27,501+,0.11,0.000701,1401,35,501+,0.14,0.06987,0.099933,0,0,0,,0.71,2023-24
2026-05-25,2026-06-01,48193,Hamilton County,Texas,TX,quiet,0.000171,1280,130,501+,0.11,0.000898,1226,149,501+,0.17,0.069771,0.123399,0,0,0,,0.97701149,2023-24
2026-05-25,2026-06-01,20095,Kingman County,Kansas,KS,quiet,0.000171,1281,34,501+,0.11,0.000578,1522,42,501+,0.11,0.069768,0.084596,0,0,0,,0.73,2023-24
2026-05-25,2026-06-01,13233,Polk County,Georgia,GA,quiet,0.000171,1282,55,501+,0.11,0.00082,1276,55,501+,0.16,0.069749,0.114295,0,0,0,,,
2026-05-25,2026-06-01,42093,Montour County,Pennsylvania,PA,quiet,0.00017,1283,35,501+,0.11,0.00061,1488,34,501+,0.12,0.069704,0.088657,0,0,0,,0.98895028,2023-24
2026-05-25,2026-06-01,47079,Henry County,Tennessee,TN,quiet,0.00017,1284,27,501+,0.11,0.000395,1809,41,501+,0.08,0.069685,0.060379,0,0,0,,0.963,2023-24
2026-05-25,2026-06-01,13213,Murray County,Georgia,GA,quiet,0.00017,1285,56,501+,0.11,0.000811,1286,56,501+,0.16,0.069651,0.113179,0,0,0,,,
2026-05-25,2026-06-01,13085,Dawson County,Georgia,GA,quiet,0.00017,1286,57,501+,0.11,0.002735,613,24,501+,0.53,0.069598,0.290166,0,0,0,,,
2026-05-25,2026-06-01,39051,Fulton County,Ohio,OH,quiet,0.00017,1287,38,501+,0.11,0.001112,1072,37,501+,0.21,0.069528,0.147224,0,0,0,,,
2026-05-25,2026-06-01,12039,Gadsden County,Florida,FL,quiet,0.000169,1288,49,501+,0.11,0.000911,1214,47,501+,0.18,0.069363,0.124903,0,0,0,,0.934,2022-23
2026-05-25,2026-06-01,01021,Chilton County,Alabama,AL,quiet,0.000169,1289,22,501+,0.11,0.001038,1128,18,501+,0.2,0.069344,0.139159,0,0,0,,0.9291,2022-23
2026-05-25,2026-06-01,37191,Wayne County,North Carolina,NC,quiet,0.000169,1290,43,501+,0.11,0.000722,1381,53,501+,0.14,0.069342,0.102537,0,0,0,,0.95899054,2022-23
2026-05-25,2026-06-01,05113,Polk County,Arkansas,AR,quiet,0.000169,1291,11,501+,0.11,0.000326,1969,27,501+,0.06,0.069101,0.050761,0,0,0,,,
2026-05-25,2026-06-01,02130,Ketchikan Gateway Borough,Alaska,AK,quiet,0.000168,1292,11,501+,0.11,0.000474,1669,14,501+,0.09,0.069016,0.070946,0,0,0,,,
2026-05-25,2026-06-01,46085,Lyman County,South Dakota,SD,quiet,0.000168,1293,22,501+,0.11,0.000312,2002,47,501+,0.06,0.068963,0.048777,0,0,0,,0.89,2023-24
2026-05-25,2026-06-01,20165,Rush County,Kansas,KS,quiet,0.000168,1294,35,501+,0.11,0.000872,1243,26,501+,0.17,0.068956,0.120358,0,0,0,,0.95,2023-24
2026-05-25,2026-06-01,40081,Lincoln County,Oklahoma,OK,quiet,0.000168,1295,21,501+,0.11,0.000796,1310,22,501+,0.15,0.068916,0.111498,0,0,0,,0.8714,2023-24
2026-05-25,2026-06-01,55063,La Crosse County,Wisconsin,WI,quiet,0.000168,1296,28,501+,0.11,0.001887,780,14,501+,0.36,0.068873,0.222704,0,0,0,,0.771,2023-24
2026-05-25,2026-06-01,39091,Logan County,Ohio,OH,quiet,0.000168,1297,39,501+,0.11,0.00155,879,30,501+,0.3,0.068864,0.191788,0,0,0,,,
2026-05-25,2026-06-01,39147,Seneca County,Ohio,OH,quiet,0.000168,1298,40,501+,0.11,0.001764,818,27,501+,0.34,0.068837,0.211729,0,0,0,,,
2026-05-25,2026-06-01,51775,Salem City,Virginia,VA,quiet,0.000168,1299,32,501+,0.11,0.000609,1489,37,501+,0.12,0.068822,0.088548,0,0,0,,0.907,2023-24
2026-05-25,2026-06-01,46023,Charles Mix County,South Dakota,SD,quiet,0.000168,1300,23,501+,0.11,0.000657,1436,24,501+,0.13,0.068761,0.094581,0,0,0,,0.82,2023-24
2026-05-25,2026-06-01,40103,Noble County,Oklahoma,OK,quiet,0.000168,1301,22,501+,0.11,0.000302,2023,54,501+,0.06,0.068734,0.047347,0,0,0,,0.752,2023-24
2026-05-25,2026-06-01,39149,Shelby County,Ohio,OH,quiet,0.000167,1302,41,501+,0.11,0.000887,1231,42,501+,0.17,0.068623,0.122083,0,0,0,,,
2026-05-25,2026-06-01,21107,Hopkins County,Kentucky,KY,quiet,0.000167,1303,21,501+,0.11,0.000957,1185,19,501+,0.18,0.068511,0.130088,0,0,0,,0.929,2022-23
2026-05-25,2026-06-01,18113,Noble County,Indiana,IN,quiet,0.000167,1304,29,501+,0.11,0.000644,1457,32,501+,0.12,0.068466,0.09287,0,0,0,,,
2026-05-25,2026-06-01,37167,Stanly County,North Carolina,NC,quiet,0.000167,1305,44,501+,0.11,0.001044,1123,46,501+,0.2,0.068464,0.139886,0,0,0,,0.93098385,2022-23
2026-05-25,2026-06-01,01055,Etowah County,Alabama,AL,quiet,0.000167,1306,23,501+,0.11,0.001294,978,15,501+,0.25,0.068443,0.166425,0,0,0,,0.9539,2022-23
2026-05-25,2026-06-01,40073,Kingfisher County,Oklahoma,OK,quiet,0.000167,1307,23,501+,0.11,0.001216,1017,14,501+,0.23,0.068417,0.158355,0,0,0,,0.8669,2023-24
2026-05-25,2026-06-01,26085,Lake County,Michigan,MI,quiet,0.000167,1308,56,501+,0.11,0.000197,2364,67,501+,0.04,0.068395,0.032017,0,0,0,,0.8667,2022-23
2026-05-25,2026-06-01,13031,Bulloch County,Georgia,GA,quiet,0.000166,1309,58,501+,0.11,0.000703,1398,61,501+,0.14,0.068299,0.100199,0,0,0,,,
2026-05-25,2026-06-01,21185,Oldham County,Kentucky,KY,quiet,0.000166,1310,22,501+,0.11,0.000958,1182,18,501+,0.18,0.068099,0.130281,0,0,0,,0.978,2022-23
2026-05-25,2026-06-01,19157,Poweshiek County,Iowa,IA,quiet,0.000166,1311,21,501+,0.11,0.000322,1977,37,501+,0.06,0.068072,0.050104,0,0,0,,0.93010753,2023-24
2026-05-25,2026-06-01,18103,Miami County,Indiana,IN,quiet,0.000166,1312,30,501+,0.11,0.000295,2049,50,501+,0.06,0.067969,0.046325,0,0,0,,,
2026-05-25,2026-06-01,54039,Kanawha County,West Virginia,WV,quiet,0.000165,1313,4,501+,0.11,0.001041,1127,3,501+,0.2,0.067941,0.139486,0,0,0,,,
2026-05-25,2026-06-01,05115,Pope County,Arkansas,AR,quiet,0.000165,1314,12,501+,0.11,0.000543,1575,15,501+,0.1,0.06791,0.079979,0,0,0,,,
2026-05-25,2026-06-01,40013,Bryan County,Oklahoma,OK,quiet,0.000165,1315,24,501+,0.11,0.00069,1407,27,501+,0.13,0.067878,0.098663,0,0,0,,0.8727,2023-24
2026-05-25,2026-06-01,47107,McMinn County,Tennessee,TN,quiet,0.000165,1316,28,501+,0.11,0.001242,1003,19,501+,0.24,0.067855,0.161064,0,0,0,,0.956,2023-24
2026-05-25,2026-06-01,48069,Castro County,Texas,TX,quiet,0.000165,1317,131,501+,0.11,0.002421,661,64,501+,0.47,0.067831,0.266708,0,0,0,,0.99009901,2023-24
2026-05-25,2026-06-01,22073,Ouachita Parish,Louisiana,LA,quiet,0.000165,1318,20,501+,0.11,0.000566,1545,20,501+,0.11,0.067813,0.083061,0,0,0,,0.825,2021-22
2026-05-25,2026-06-01,13171,Lamar County,Georgia,GA,quiet,0.000164,1319,59,501+,0.11,0.000354,1896,86,501+,0.07,0.067546,0.054641,0,0,0,,,
2026-05-25,2026-06-01,27095,Mille Lacs County,Minnesota,MN,quiet,0.000164,1320,54,501+,0.11,0.000401,1797,61,501+,0.08,0.067429,0.061187,0,0,0,,0.744,2023-24
2026-05-25,2026-06-01,36011,Cayuga County,New York,NY,quiet,0.000164,1321,30,501+,0.11,0.00047,1675,39,501+,0.09,0.067349,0.070437,0,0,0,,0.98862162,2022-23
2026-05-25,2026-06-01,48449,Titus County,Texas,TX,quiet,0.000164,1322,132,501+,0.11,0.000925,1204,143,501+,0.18,0.067338,0.126496,0,0,0,,0.95051546,2023-24
2026-05-25,2026-06-01,30097,Sweet Grass County,Montana,MT,quiet,0.000164,1323,21,501+,0.11,0.000469,1680,27,501+,0.09,0.067264,0.070309,0,0,0,,,
2026-05-25,2026-06-01,01111,Randolph County,Alabama,AL,quiet,0.000164,1324,24,501+,0.11,0.000472,1673,28,501+,0.09,0.067252,0.070707,0,0,0,,0.9248,2022-23
2026-05-25,2026-06-01,48357,Ochiltree County,Texas,TX,quiet,0.000163,1325,133,501+,0.11,0.002106,722,73,501+,0.41,0.067073,0.241443,0,0,0,,0.97297297,2023-24
2026-05-25,2026-06-01,51163,Rockbridge County,Virginia,VA,quiet,0.000163,1326,33,501+,0.11,0.000254,2164,71,501+,0.05,0.066911,0.040386,0,0,0,,0.964,2023-24
2026-05-25,2026-06-01,45043,Georgetown County,South Carolina,SC,quiet,0.000163,1327,25,501+,0.11,0.000977,1167,27,501+,0.19,0.066905,0.132397,0,0,0,,0.958,2023-24
2026-05-25,2026-06-01,49025,Kane County,Utah,UT,quiet,0.000162,1328,24,501+,0.11,0.000581,1518,24,501+,0.11,0.066812,0.084883,0,0,0,,0.88,2022-23
2026-05-25,2026-06-01,48441,Taylor County,Texas,TX,quiet,0.000162,1329,134,501+,0.11,0.001676,849,92,501+,0.32,0.0668,0.203674,0,0,0,,0.96384872,2023-24
2026-05-25,2026-06-01,12003,Baker County,Florida,FL,quiet,0.000162,1330,50,501+,0.11,0.001139,1061,44,501+,0.22,0.066764,0.150134,0,0,0,,0.953,2022-23
2026-05-25,2026-06-01,47117,Marshall County,Tennessee,TN,quiet,0.000162,1331,29,501+,0.11,0.000648,1452,36,501+,0.12,0.066719,0.093384,0,0,0,,0.933,2023-24
2026-05-25,2026-06-01,20093,Kearny County,Kansas,KS,quiet,0.000162,1332,36,501+,0.11,0.000983,1162,23,501+,0.19,0.066672,0.133032,0,0,0,,0.98,2023-24
2026-05-25,2026-06-01,41063,Wallowa County,Oregon,OR,quiet,0.000162,1333,28,501+,0.11,0.000565,1548,27,501+,0.11,0.066637,0.082823,0,0,0,,0.908,2023-24
2026-05-25,2026-06-01,18133,Putnam County,Indiana,IN,quiet,0.000162,1334,31,501+,0.11,0.002252,696,13,501+,0.43,0.066614,0.253336,0,0,1,46,,
2026-05-25,2026-06-01,29135,Moniteau County,Missouri,MO,quiet,0.000161,1335,31,501+,0.11,0.000722,1379,43,501+,0.14,0.066476,0.102585,0,0,0,,0.936,2023-24
2026-05-25,2026-06-01,39007,Ashtabula County,Ohio,OH,quiet,0.000161,1336,42,501+,0.11,0.003599,531,13,501+,0.69,0.066452,0.347192,0,0,16,59,,
2026-05-25,2026-06-01,22099,St. Martin Parish,Louisiana,LA,quiet,0.000161,1337,21,501+,0.11,0.000434,1734,24,501+,0.08,0.066435,0.065638,0,0,0,,0.938,2021-22
2026-05-25,2026-06-01,48477,Washington County,Texas,TX,quiet,0.000161,1338,135,501+,0.11,0.000958,1183,139,501+,0.18,0.066408,0.13021,0,0,0,,0.96756757,2023-24
2026-05-25,2026-06-01,48017,Bailey County,Texas,TX,quiet,0.000161,1339,136,501+,0.11,0.001692,845,91,501+,0.33,0.066344,0.205151,0,0,2,57,0.9893617,2023-24
2026-05-25,2026-06-01,29137,Monroe County,Missouri,MO,quiet,0.000161,1340,32,501+,0.11,0.000519,1599,50,501+,0.1,0.066333,0.076882,0,0,0,,0.908,2023-24
2026-05-25,2026-06-01,25003,Berkshire County,Massachusetts,MA,quiet,0.000161,1341,13,501+,0.11,0.001074,1103,11,501+,0.21,0.0663,0.143107,0,0,0,,0.928,2023-24
2026-05-25,2026-06-01,47081,Hickman County,Tennessee,TN,quiet,0.00016,1342,30,501+,0.11,0.000374,1851,45,501+,0.07,0.066159,0.05735,0,0,0,,0.947,2023-24
2026-05-25,2026-06-01,34011,Cumberland County,New Jersey,NJ,quiet,0.00016,1343,20,501+,0.11,0.001044,1124,20,501+,0.2,0.066043,0.139885,0,0,0,,0.933,2023-24
2026-05-25,2026-06-01,13211,Morgan County,Georgia,GA,quiet,0.00016,1344,60,501+,0.11,0.000834,1267,54,501+,0.16,0.066034,0.116001,0,0,0,,,
2026-05-25,2026-06-01,48293,Limestone County,Texas,TX,quiet,0.00016,1345,137,501+,0.11,0.000399,1802,211,501+,0.08,0.065864,0.060894,0,0,0,,0.92561984,2023-24
2026-05-25,2026-06-01,47051,Franklin County,Tennessee,TN,quiet,0.00016,1346,31,501+,0.11,0.000755,1352,30,501+,0.15,0.065843,0.106598,0,0,0,,0.958,2023-24
2026-05-25,2026-06-01,41065,Wasco County,Oregon,OR,quiet,0.000159,1347,29,501+,0.1,0.000466,1687,30,501+,0.09,0.06573,0.069953,0,0,0,,0.899,2023-24
2026-05-25,2026-06-01,37181,Vance County,North Carolina,NC,quiet,0.000159,1348,45,501+,0.1,0.000463,1693,67,501+,0.09,0.065679,0.069496,0,0,0,,0.95348837,2022-23
2026-05-25,2026-06-01,13071,Colquitt County,Georgia,GA,quiet,0.000159,1349,61,501+,0.1,0.000698,1405,62,501+,0.13,0.06554,0.099545,0,0,0,,,
2026-05-25,2026-06-01,48299,Llano County,Texas,TX,quiet,0.000158,1350,138,501+,0.1,0.000955,1187,141,501+,0.18,0.065394,0.12996,0,0,0,,0.90839695,2023-24
2026-05-25,2026-06-01,48277,Lamar County,Texas,TX,quiet,0.000158,1351,139,501+,0.1,0.001736,831,85,501+,0.33,0.065225,0.209202,0,0,28,46,0.96835443,2023-24
2026-05-25,2026-06-01,39125,Paulding County,Ohio,OH,quiet,0.000158,1352,43,501+,0.1,0.000359,1884,58,501+,0.07,0.065106,0.055285,0,0,0,,,
2026-05-25,2026-06-01,36057,Montgomery County,New York,NY,quiet,0.000157,1353,31,501+,0.1,0.000478,1660,37,501+,0.09,0.064909,0.071574,0,0,0,,0.588,2022-23
2026-05-25,2026-06-01,16067,Minidoka County,Idaho,ID,quiet,0.000157,1354,28,501+,0.1,0.001014,1142,26,501+,0.2,0.064889,0.13654,0,0,0,,,
2026-05-25,2026-06-01,55031,Douglas County,Wisconsin,WI,quiet,0.000157,1355,29,501+,0.1,0.000558,1555,42,501+,0.11,0.064836,0.081956,0,0,0,,0.645,2023-24
2026-05-25,2026-06-01,38019,Cavalier County,North Dakota,ND,quiet,0.000157,1356,28,501+,0.1,0.000641,1460,31,501+,0.12,0.064784,0.092534,0,0,0,,0.9667,2023-24
2026-05-25,2026-06-01,21105,Hickman County,Kentucky,KY,quiet,0.000157,1357,23,501+,0.1,0.000445,1718,27,501+,0.09,0.064751,0.067107,0,0,0,,0.982,2022-23
2026-05-25,2026-06-01,46065,Hughes County,South Dakota,SD,quiet,0.000156,1358,24,501+,0.1,0.000723,1377,22,501+,0.14,0.064696,0.102642,0,0,0,,0.95,2023-24
2026-05-25,2026-06-01,22057,Lafourche Parish,Louisiana,LA,quiet,0.000156,1359,22,501+,0.1,0.000768,1333,17,501+,0.15,0.064684,0.108056,0,0,0,,0.933,2021-22
2026-05-25,2026-06-01,01049,DeKalb County,Alabama,AL,quiet,0.000156,1360,25,501+,0.1,0.000983,1161,20,501+,0.19,0.064618,0.133068,0,0,0,,0.9396,2022-23
2026-05-25,2026-06-01,42109,Snyder County,Pennsylvania,PA,quiet,0.000156,1361,36,501+,0.1,0.00012,2672,51,501+,0.02,0.064454,0.020106,0,0,0,,0.89053254,2023-24
2026-05-25,2026-06-01,51161,Roanoke County,Virginia,VA,quiet,0.000156,1362,34,501+,0.1,0.001093,1085,23,501+,0.21,0.064424,0.145222,0,0,0,,0.94,2023-24
2026-05-25,2026-06-01,55005,Barron County,Wisconsin,WI,quiet,0.000156,1363,30,501+,0.1,0.000703,1397,34,501+,0.14,0.06441,0.100208,0,0,0,,0.684,2023-24
2026-05-25,2026-06-01,17199,Williamson County,Illinois,IL,quiet,0.000155,1364,24,501+,0.1,0.002703,620,12,501+,0.52,0.064261,0.287885,0,0,4,55,,
2026-05-25,2026-06-01,48371,Pecos County,Texas,TX,quiet,0.000155,1365,140,501+,0.1,0.000611,1487,175,501+,0.12,0.064259,0.088733,0,0,0,,0.78427419,2023-24
2026-05-25,2026-06-01,40067,Jefferson County,Oklahoma,OK,quiet,0.000155,1366,25,501+,0.1,0.000726,1372,26,501+,0.14,0.064241,0.102984,0,0,0,,0.9245,2023-24
2026-05-25,2026-06-01,55055,Jefferson County,Wisconsin,WI,quiet,0.000155,1367,31,501+,0.1,0.001398,932,18,501+,0.27,0.064188,0.176969,0,0,0,,0.796,2023-24
2026-05-25,2026-06-01,17179,Tazewell County,Illinois,IL,quiet,0.000155,1368,25,501+,0.1,0.001083,1094,25,501+,0.21,0.064182,0.144148,0,0,0,,,
2026-05-25,2026-06-01,16035,Clearwater County,Idaho,ID,quiet,0.000155,1369,29,501+,0.1,0.000654,1441,32,501+,0.13,0.064159,0.094167,0,0,0,,,
2026-05-25,2026-06-01,16015,Boise County,Idaho,ID,quiet,0.000155,1370,30,501+,0.1,0.000348,1912,39,501+,0.07,0.06414,0.053773,0,0,0,,,
2026-05-25,2026-06-01,51049,Cumberland County,Virginia,VA,quiet,0.000155,1371,35,501+,0.1,0.000493,1631,47,501+,0.1,0.064133,0.073494,0,0,0,,0.932,2023-24
2026-05-25,2026-06-01,08073,Lincoln County,Colorado,CO,quiet,0.000155,1372,46,501+,0.1,0.000569,1540,48,501+,0.11,0.064112,0.083358,0,0,0,,0.8148,2023-24
2026-05-25,2026-06-01,18181,White County,Indiana,IN,quiet,0.000155,1373,32,501+,0.1,0.000371,1860,45,501+,0.07,0.064094,0.057021,0,0,0,,,
2026-05-25,2026-06-01,28073,Lamar County,Mississippi,MS,quiet,0.000154,1374,10,501+,0.1,0.000546,1572,12,501+,0.11,0.064001,0.080451,0,0,0,,,
2026-05-25,2026-06-01,06015,Del Norte County,California,CA,quiet,0.000154,1375,52,501+,0.1,0.000341,1932,56,501+,0.07,0.063842,0.052817,0,0,0,,0.91964,2023-24
2026-05-25,2026-06-01,51047,Culpeper County,Virginia,VA,quiet,0.000154,1376,36,501+,0.1,0.001126,1068,21,501+,0.22,0.063835,0.148789,0,0,0,,0.904,2023-24
2026-05-25,2026-06-01,46063,Harding County,South Dakota,SD,quiet,0.000154,1377,25,501+,0.1,0.000319,1987,46,501+,0.06,0.063737,0.049784,0,0,0,,0.79,2023-24
2026-05-25,2026-06-01,39109,Miami County,Ohio,OH,quiet,0.000154,1378,44,501+,0.1,0.001151,1053,36,501+,0.22,0.063715,0.151458,0,0,0,,,
2026-05-25,2026-06-01,40087,McClain County,Oklahoma,OK,quiet,0.000154,1379,26,501+,0.1,0.001206,1027,15,501+,0.23,0.063664,0.15728,0,0,0,,0.8762,2023-24
2026-05-25,2026-06-01,31063,Frontier County,Nebraska,NE,quiet,0.000153,1380,16,501+,0.1,0.000365,1866,36,501+,0.07,0.063603,0.0562,0,0,0,,,
2026-05-25,2026-06-01,16009,Benewah County,Idaho,ID,quiet,0.000153,1381,31,501+,0.1,0.001017,1140,25,501+,0.2,0.06356,0.136906,0,0,0,,,
2026-05-25,2026-06-01,17107,Logan County,Illinois,IL,quiet,0.000153,1382,26,501+,0.1,0.00067,1421,32,501+,0.13,0.063499,0.096161,0,0,0,,,
2026-05-25,2026-06-01,02198,Prince of Wales-Hyder Census Area,Alaska,AK,quiet,0.000153,1383,12,501+,0.1,0.000349,1909,17,501+,0.07,0.063291,0.05389,0,0,0,,,
2026-05-25,2026-06-01,37099,Jackson County,North Carolina,NC,quiet,0.000152,1384,46,501+,0.1,0.001684,847,32,501+,0.32,0.063088,0.20443,0,0,0,,0.94680851,2022-23
2026-05-25,2026-06-01,45037,Edgefield County,South Carolina,SC,quiet,0.000152,1385,26,501+,0.1,0.00048,1656,31,501+,0.09,0.063058,0.071782,0,0,0,,0.966,2023-24
2026-05-25,2026-06-01,39137,Putnam County,Ohio,OH,quiet,0.000152,1386,45,501+,0.1,0.000453,1700,55,501+,0.09,0.063056,0.068176,0,0,0,,,
2026-05-25,2026-06-01,29149,Oregon County,Missouri,MO,quiet,0.000152,1387,33,501+,0.1,0.001243,1002,24,501+,0.24,0.063048,0.161156,0,0,0,,0.9,2023-24
2026-05-25,2026-06-01,45075,Orangeburg County,South Carolina,SC,quiet,0.000152,1388,27,501+,0.1,0.001111,1074,24,501+,0.21,0.063018,0.147135,0,0,0,,0.962,2023-24
2026-05-25,2026-06-01,24029,Kent County,Maryland,MD,quiet,0.000152,1389,15,501+,0.1,0.000156,2528,21,501+,0.03,0.062944,0.025702,0,0,0,,0.953,2023-24
2026-05-25,2026-06-01,17063,Grundy County,Illinois,IL,quiet,0.000152,1390,27,501+,0.1,0.000818,1278,27,501+,0.16,0.062944,0.114118,0,0,0,,,
2026-05-25,2026-06-01,53039,Klickitat County,Washington,WA,quiet,0.000152,1391,34,501+,0.1,0.00094,1198,33,501+,0.18,0.062925,0.12824,0,0,0,,0.86259542,2023-24
2026-05-25,2026-06-01,48279,Lamb County,Texas,TX,quiet,0.000151,1392,141,501+,0.1,0.001694,844,90,501+,0.33,0.062864,0.205322,0,0,1,62,0.97368421,2023-24
2026-05-25,2026-06-01,31095,Jefferson County,Nebraska,NE,quiet,0.000151,1393,17,501+,0.1,0.000663,1426,16,501+,0.13,0.062621,0.095224,0,0,0,,,
2026-05-25,2026-06-01,35031,McKinley County,New Mexico,NM,quiet,0.000151,1394,18,501+,0.1,0.000621,1477,22,501+,0.12,0.06261,0.089993,0,0,0,,0.92,2018-19
2026-05-25,2026-06-01,27071,Koochiching County,Minnesota,MN,quiet,0.000151,1395,55,501+,0.1,0.000444,1720,58,501+,0.09,0.062575,0.067003,0,0,0,,0.907,2023-24
2026-05-25,2026-06-01,20149,Pottawatomie County,Kansas,KS,quiet,0.00015,1396,37,501+,0.1,0.000994,1154,21,501+,0.19,0.062533,0.134249,0,0,0,,0.91,2023-24
2026-05-25,2026-06-01,13207,Monroe County,Georgia,GA,quiet,0.00015,1397,62,501+,0.1,0.001007,1146,46,501+,0.19,0.062517,0.135755,0,0,0,,,
2026-05-25,2026-06-01,17169,Schuyler County,Illinois,IL,quiet,0.00015,1398,28,501+,0.1,0.000371,1857,40,501+,0.07,0.062515,0.057069,0,0,0,,,
2026-05-25,2026-06-01,22113,Vermilion Parish,Louisiana,LA,quiet,0.00015,1399,23,501+,0.1,0.00042,1764,25,501+,0.08,0.062469,0.063688,0,0,0,,0.962,2021-22
2026-05-25,2026-06-01,27035,Crow Wing County,Minnesota,MN,quiet,0.00015,1400,56,501+,0.1,0.000631,1468,47,501+,0.12,0.062288,0.091224,0,0,0,,0.797,2023-24
2026-05-25,2026-06-01,30105,Valley County,Montana,MT,quiet,0.000149,1401,22,501+,0.1,0.000328,1963,36,501+,0.06,0.06195,0.050987,0,0,0,,,
2026-05-25,2026-06-01,17007,Boone County,Illinois,IL,quiet,0.000148,1402,29,501+,0.1,0.00129,981,20,501+,0.25,0.06171,0.166,0,0,0,,,
2026-05-25,2026-06-01,51157,Rappahannock County,Virginia,VA,quiet,0.000148,1403,37,501+,0.1,0.00057,1539,41,501+,0.11,0.061593,0.083565,0,0,0,,0.89,2023-24
2026-05-25,2026-06-01,18065,Henry County,Indiana,IN,quiet,0.000148,1404,33,501+,0.1,0.001251,1000,19,501+,0.24,0.061571,0.161959,0,0,0,,,
2026-05-25,2026-06-01,20127,Morris County,Kansas,KS,quiet,0.000148,1405,38,501+,0.1,0.000566,1546,44,501+,0.11,0.061557,0.083019,0,0,0,,0.89,2023-24
2026-05-25,2026-06-01,18081,Johnson County,Indiana,IN,quiet,0.000148,1406,34,501+,0.1,0.000758,1350,29,501+,0.15,0.061523,0.106897,0,0,0,,,
2026-05-25,2026-06-01,23027,Waldo County,Maine,ME,quiet,0.000147,1407,9,501+,0.1,0.000821,1274,9,501+,0.16,0.061437,0.114373,0,0,0,,0.9607,2023-24
2026-05-25,2026-06-01,54069,Ohio County,West Virginia,WV,quiet,0.000147,1408,5,501+,0.1,0.000601,1497,5,501+,0.12,0.061413,0.087541,0,0,0,,,
2026-05-25,2026-06-01,39171,Williams County,Ohio,OH,quiet,0.000147,1409,46,501+,0.1,0.000718,1384,48,501+,0.14,0.061247,0.102103,0,0,0,,,
2026-05-25,2026-06-01,20137,Norton County,Kansas,KS,quiet,0.000147,1410,39,501+,0.1,0.000604,1493,38,501+,0.12,0.061231,0.087866,0,0,0,,0.99,2023-24
2026-05-25,2026-06-01,40071,Kay County,Oklahoma,OK,quiet,0.000146,1411,27,501+,0.1,0.000405,1788,39,501+,0.08,0.061086,0.061723,0,0,0,,0.9742,2023-24
2026-05-25,2026-06-01,48395,Robertson County,Texas,TX,quiet,0.000146,1412,142,501+,0.1,0.000479,1658,200,501+,0.09,0.06108,0.071671,0,0,0,,0.97584541,2023-24
2026-05-25,2026-06-01,48461,Upton County,Texas,TX,quiet,0.000146,1413,143,501+,0.1,0.001066,1106,129,501+,0.21,0.061028,0.142234,0,0,0,,0.94736842,2023-24
2026-05-25,2026-06-01,31107,Knox County,Nebraska,NE,quiet,0.000146,1414,18,501+,0.1,0.000495,1625,21,501+,0.1,0.06102,0.073813,0,0,0,,,
2026-05-25,2026-06-01,48377,Presidio County,Texas,TX,quiet,0.000146,1415,144,501+,0.1,0.000469,1679,203,501+,0.09,0.060938,0.070318,0,0,0,,0.90740741,2023-24
2026-05-25,2026-06-01,36095,Schoharie County,New York,NY,quiet,0.000146,1416,32,501+,0.1,0.000451,1706,40,501+,0.09,0.060741,0.067849,0,0,0,,0.91755556,2022-23
2026-05-25,2026-06-01,17103,Lee County,Illinois,IL,quiet,0.000145,1417,30,501+,0.1,0.000389,1822,37,501+,0.08,0.060736,0.05947,0,0,0,,,
2026-05-25,2026-06-01,20197,Wabaunsee County,Kansas,KS,quiet,0.000145,1418,40,501+,0.1,0.000437,1729,59,501+,0.08,0.060709,0.06608,0,0,0,,0.83,2023-24
2026-05-25,2026-06-01,30015,Chouteau County,Montana,MT,quiet,0.000145,1419,23,501+,0.1,0.000488,1644,26,501+,0.09,0.060697,0.072843,0,0,0,,,
2026-05-25,2026-06-01,16077,Power County,Idaho,ID,quiet,0.000145,1420,32,501+,0.1,0.000527,1590,36,501+,0.1,0.060418,0.078025,0,0,0,,,
2026-05-25,2026-06-01,13133,Greene County,Georgia,GA,quiet,0.000144,1421,63,501+,0.1,0.000392,1814,81,501+,0.08,0.060368,0.05984,0,0,0,,,
2026-05-25,2026-06-01,17195,Whiteside County,Illinois,IL,quiet,0.000144,1422,31,501+,0.1,0.000807,1291,29,501+,0.16,0.060299,0.112769,0,0,0,,,
2026-05-25,2026-06-01,18005,Bartholomew County,Indiana,IN,quiet,0.000144,1423,35,501+,0.09,0.001006,1148,24,501+,0.19,0.06025,0.135593,0,0,0,,,
2026-05-25,2026-06-01,18015,Carroll County,Indiana,IN,quiet,0.000144,1424,36,501+,0.09,0.000399,1801,43,501+,0.08,0.060236,0.060897,0,0,0,,,
2026-05-25,2026-06-01,06043,Mariposa County,California,CA,quiet,0.000144,1425,53,501+,0.09,0.000631,1467,52,501+,0.12,0.060168,0.09129,0,0,0,,0.96667,2023-24
2026-05-25,2026-06-01,36113,Warren County,New York,NY,quiet,0.000144,1426,33,501+,0.09,0.000477,1663,38,501+,0.09,0.06009,0.071361,0,0,0,,0.99883333,2022-23
2026-05-25,2026-06-01,46135,Yankton County,South Dakota,SD,quiet,0.000143,1427,26,501+,0.09,0.000814,1284,20,501+,0.16,0.05997,0.113566,0,0,0,,0.97,2023-24
2026-05-25,2026-06-01,51790,Staunton City,Virginia,VA,quiet,0.000143,1428,38,501+,0.09,0.000472,1671,50,501+,0.09,0.059929,0.070743,0,0,0,,0.933,2023-24
2026-05-25,2026-06-01,05145,White County,Arkansas,AR,quiet,0.000143,1429,13,501+,0.09,0.000555,1558,13,501+,0.11,0.059922,0.081556,0,0,0,,,
2026-05-25,2026-06-01,27151,Swift County,Minnesota,MN,quiet,0.000143,1430,57,501+,0.09,0.000869,1244,36,501+,0.17,0.059823,0.120031,0,0,0,,0.894,2023-24
2026-05-25,2026-06-01,55039,Fond du Lac County,Wisconsin,WI,quiet,0.000143,1431,32,501+,0.09,0.001183,1039,22,501+,0.23,0.059799,0.15485,0,0,0,,0.8,2023-24
2026-05-25,2026-06-01,24035,Queen Anne's County,Maryland,MD,quiet,0.000143,1432,16,501+,0.09,0.000508,1615,16,501+,0.1,0.059711,0.075484,0,0,0,,0.9953,2023-24
2026-05-25,2026-06-01,39143,Sandusky County,Ohio,OH,quiet,0.000142,1433,47,501+,0.09,0.002639,630,15,501+,0.51,0.059624,0.283187,0,0,0,,,
2026-05-25,2026-06-01,37169,Stokes County,North Carolina,NC,quiet,0.000142,1434,47,501+,0.09,0.001056,1117,45,501+,0.2,0.059589,0.141215,0,0,0,,0.97045455,2022-23
2026-05-25,2026-06-01,48287,Lee County,Texas,TX,quiet,0.000142,1435,145,501+,0.09,0.00077,1330,161,501+,0.15,0.059421,0.108397,0,0,0,,0.95982143,2023-24
2026-05-25,2026-06-01,05091,Miller County,Arkansas,AR,quiet,0.000142,1436,14,501+,0.09,0.001085,1093,7,501+,0.21,0.059418,0.144312,0,0,0,,,
2026-05-25,2026-06-01,13125,Glascock County,Georgia,GA,quiet,0.000141,1437,64,501+,0.09,0.000901,1221,49,501+,0.17,0.059247,0.123718,0,0,0,,,
2026-05-25,2026-06-01,48093,Comanche County,Texas,TX,quiet,0.000141,1438,146,501+,0.09,0.000899,1224,148,501+,0.17,0.059214,0.123497,0,0,0,,0.97315436,2023-24
2026-05-25,2026-06-01,20129,Morton County,Kansas,KS,quiet,0.000141,1439,41,501+,0.09,0.0007,1403,34,501+,0.13,0.058967,0.099817,0,0,0,,0.82,2023-24
2026-05-25,2026-06-01,48365,Panola County,Texas,TX,quiet,0.000141,1440,147,501+,0.09,0.000404,1791,210,501+,0.08,0.058952,0.061592,0,0,0,,0.94092827,2023-24
2026-05-25,2026-06-01,51073,Gloucester County,Virginia,VA,quiet,0.000141,1441,39,501+,0.09,0.000804,1295,29,501+,0.15,0.058912,0.112356,0,0,0,,0.91,2023-24
2026-05-25,2026-06-01,48289,Leon County,Texas,TX,quiet,0.00014,1442,148,501+,0.09,0.000851,1261,155,501+,0.16,0.058825,0.117952,0,0,0,,0.94761905,2023-24
2026-05-25,2026-06-01,36019,Clinton County,New York,NY,quiet,0.00014,1443,34,501+,0.09,0.000434,1735,41,501+,0.08,0.058767,0.065603,0,0,0,,0.99794737,2022-23
2026-05-25,2026-06-01,18077,Jefferson County,Indiana,IN,quiet,0.00014,1444,37,501+,0.09,0.000419,1765,41,501+,0.08,0.05876,0.063615,0,0,0,,,
2026-05-25,2026-06-01,48175,Goliad County,Texas,TX,quiet,0.00014,1445,149,501+,0.09,0.00041,1780,208,501+,0.08,0.058712,0.062403,0,0,0,,0.93243243,2023-24
2026-05-25,2026-06-01,37113,Macon County,North Carolina,NC,quiet,0.00014,1446,48,501+,0.09,0.001927,772,27,501+,0.37,0.058564,0.226164,0,0,0,,0.9378882,2022-23
2026-05-25,2026-06-01,33001,Belknap County,New Hampshire,NH,quiet,0.000139,1447,7,501+,0.09,0.001207,1026,5,501+,0.23,0.058493,0.157406,0,0,0,,,
2026-05-25,2026-06-01,08125,Yuma County,Colorado,CO,quiet,0.000139,1448,47,501+,0.09,0.00099,1157,44,501+,0.19,0.058291,0.133806,0,0,0,,0.9435,2023-24
2026-05-25,2026-06-01,12121,Suwannee County,Florida,FL,quiet,0.000138,1449,51,501+,0.09,0.000486,1647,55,501+,0.09,0.058129,0.072525,0,0,0,,0.928,2022-23
2026-05-25,2026-06-01,47103,Lincoln County,Tennessee,TN,quiet,0.000138,1450,32,501+,0.09,0.00068,1413,34,501+,0.13,0.058123,0.097339,0,0,0,,0.947,2023-24
2026-05-25,2026-06-01,55083,Oconto County,Wisconsin,WI,quiet,0.000138,1451,33,501+,0.09,0.003354,552,6,501+,0.65,0.05812,0.332022,0,0,36,38,0.794,2023-24
2026-05-25,2026-06-01,40151,Woods County,Oklahoma,OK,quiet,0.000138,1452,28,501+,0.09,0.00045,1707,33,501+,0.09,0.058083,0.067738,0,0,0,,0.9485,2023-24
2026-05-25,2026-06-01,36101,Steuben County,New York,NY,quiet,0.000138,1453,35,501+,0.09,0.000291,2063,49,501+,0.06,0.058041,0.045681,0,0,0,,0.99835294,2022-23
2026-05-25,2026-06-01,46005,Beadle County,South Dakota,SD,quiet,0.000138,1454,27,501+,0.09,0.000577,1525,28,501+,0.11,0.057958,0.084472,0,0,0,,0.85,2023-24
2026-05-25,2026-06-01,26023,Branch County,Michigan,MI,quiet,0.000138,1455,57,501+,0.09,0.001616,863,40,501+,0.31,0.0579,0.198073,0,0,0,,0.8852,2023-24
2026-05-25,2026-06-01,30011,Carter County,Montana,MT,quiet,0.000138,1456,24,501+,0.09,0.000391,1816,32,501+,0.08,0.057845,0.059718,0,0,0,,,
2026-05-25,2026-06-01,48503,Young County,Texas,TX,quiet,0.000137,1457,150,501+,0.09,0.001536,882,98,501+,0.3,0.057655,0.190421,0,0,0,,0.96938776,2023-24
2026-05-25,2026-06-01,29127,Marion County,Missouri,MO,quiet,0.000137,1458,34,501+,0.09,0.000179,2438,87,501+,0.03,0.057621,0.029261,0,0,0,,0.93,2023-24
2026-05-25,2026-06-01,17051,Fayette County,Illinois,IL,quiet,0.000137,1459,32,501+,0.09,0.000284,2085,46,501+,0.05,0.057562,0.044726,0,0,0,,,
2026-05-25,2026-06-01,13035,Butts County,Georgia,GA,quiet,0.000137,1460,65,501+,0.09,0.00066,1433,64,501+,0.13,0.057543,0.094903,0,0,0,,,
2026-05-25,2026-06-01,46127,Union County,South Dakota,SD,quiet,0.000137,1461,28,501+,0.09,0.000475,1667,33,501+,0.09,0.057507,0.071159,0,0,0,,0.95,2023-24
2026-05-25,2026-06-01,45029,Colleton County,South Carolina,SC,quiet,0.000136,1462,28,501+,0.09,0.000719,1383,29,501+,0.14,0.057403,0.102218,0,0,0,,0.963,2023-24
2026-05-25,2026-06-01,40093,Major County,Oklahoma,OK,quiet,0.000136,1463,29,501+,0.09,0.000434,1733,34,501+,0.08,0.05736,0.06565,0,0,0,,0.9048,2023-24
2026-05-25,2026-06-01,30065,Musselshell County,Montana,MT,quiet,0.000136,1464,25,501+,0.09,0.00043,1740,29,501+,0.08,0.057303,0.065116,0,0,0,,,
2026-05-25,2026-06-01,20133,Neosho County,Kansas,KS,quiet,0.000136,1465,42,501+,0.09,0.000922,1205,24,501+,0.18,0.057276,0.126204,0,0,0,,0.91,2023-24
2026-05-25,2026-06-01,42039,Crawford County,Pennsylvania,PA,quiet,0.000136,1466,37,501+,0.09,0.000518,1602,36,501+,0.1,0.057214,0.076784,0,0,0,,0.93474427,2023-24
2026-05-25,2026-06-01,22045,Iberia Parish,Louisiana,LA,quiet,0.000136,1467,24,501+,0.09,0.000416,1774,26,501+,0.08,0.057194,0.063194,0,0,0,,0.949,2021-22
2026-05-25,2026-06-01,17177,Stephenson County,Illinois,IL,quiet,0.000136,1468,33,501+,0.09,0.000661,1431,33,501+,0.13,0.057083,0.095025,0,0,0,,,
2026-05-25,2026-06-01,02195,Petersburg Borough,Alaska,AK,quiet,0.000135,1469,13,501+,0.09,0.000542,1576,11,501+,0.1,0.057032,0.079969,0,0,0,,,
2026-05-25,2026-06-01,01001,Autauga County,Alabama,AL,quiet,0.000135,1470,26,501+,0.09,0.001216,1019,17,501+,0.23,0.056985,0.158297,0,0,0,,0.9123,2022-23
2026-05-25,2026-06-01,27051,Grant County,Minnesota,MN,quiet,0.000135,1471,58,501+,0.09,0.000265,2139,72,501+,0.05,0.05696,0.041997,0,0,0,,0.906,2023-24
2026-05-25,2026-06-01,36037,Genesee County,New York,NY,quiet,0.000135,1472,36,501+,0.09,0.000679,1414,32,501+,0.13,0.056941,0.097322,0,0,0,,0.99906452,2022-23
2026-05-25,2026-06-01,51685,Manassas Park City,Virginia,VA,quiet,0.000135,1473,40,501+,0.09,0.000398,1805,55,501+,0.08,0.056926,0.060706,0,0,0,,0.958,2023-24
2026-05-25,2026-06-01,17091,Kankakee County,Illinois,IL,quiet,0.000135,1474,34,501+,0.09,0.001289,982,21,501+,0.25,0.056871,0.165912,0,0,0,,,
2026-05-25,2026-06-01,48285,Lavaca County,Texas,TX,quiet,0.000135,1475,151,501+,0.09,0.00054,1580,189,501+,0.1,0.056775,0.079701,0,0,0,,0.92463768,2023-24
2026-05-25,2026-06-01,18049,Fulton County,Indiana,IN,quiet,0.000135,1476,38,501+,0.09,0.000329,1958,47,501+,0.06,0.056763,0.051142,0,0,0,,,
2026-05-25,2026-06-01,48475,Ward County,Texas,TX,quiet,0.000134,1477,152,501+,0.09,0.001152,1052,122,501+,0.22,0.056447,0.151521,0,0,0,,0.93782383,2023-24
2026-05-25,2026-06-01,40079,Le Flore County,Oklahoma,OK,quiet,0.000134,1478,30,501+,0.09,0.000611,1486,28,501+,0.12,0.056421,0.088764,0,0,0,,0.9387,2023-24
2026-05-25,2026-06-01,48063,Camp County,Texas,TX,quiet,0.000134,1479,153,501+,0.09,0.000564,1549,183,501+,0.11,0.056417,0.08282,0,0,0,,0.95428571,2023-24
2026-05-25,2026-06-01,48481,Wharton County,Texas,TX,quiet,0.000134,1480,154,501+,0.09,0.000909,1218,147,501+,0.18,0.056416,0.124611,0,0,0,,0.96947935,2023-24
2026-05-25,2026-06-01,55109,St. Croix County,Wisconsin,WI,quiet,0.000133,1481,34,501+,0.09,0.000573,1533,40,501+,0.11,0.056275,0.083892,0,0,0,,0.695,2023-24
2026-05-25,2026-06-01,28099,Neshoba County,Mississippi,MS,quiet,0.000133,1482,11,501+,0.09,0.000418,1768,13,501+,0.08,0.056274,0.063471,0,0,0,,,
2026-05-25,2026-06-01,24047,Worcester County,Maryland,MD,quiet,0.000133,1483,17,501+,0.09,0.000458,1699,17,501+,0.09,0.056247,0.068807,0,0,0,,0.998,2023-24
2026-05-25,2026-06-01,31079,Hall County,Nebraska,NE,quiet,0.000133,1484,19,501+,0.09,0.000996,1153,10,501+,0.19,0.056245,0.13454,0,0,0,,,
2026-05-25,2026-06-01,51600,Fairfax City,Virginia,VA,quiet,0.000133,1485,41,501+,0.09,0.000519,1598,46,501+,0.1,0.056207,0.076904,0,0,0,,0.822,2022-23
2026-05-25,2026-06-01,21151,Madison County,Kentucky,KY,quiet,0.000133,1486,24,501+,0.09,0.000894,1228,21,501+,0.17,0.056154,0.122886,0,0,0,,0.941,2022-23
2026-05-25,2026-06-01,44005,Newport County,Rhode Island,RI,quiet,0.000133,1487,5,501+,0.09,0.000517,1606,5,501+,0.1,0.05615,0.076597,0,0,0,,0.937,2023-24
2026-05-25,2026-06-01,19171,Tama County,Iowa,IA,quiet,0.000133,1488,22,501+,0.09,0.000441,1725,24,501+,0.09,0.056109,0.066612,0,0,0,,0.92899408,2023-24
2026-05-25,2026-06-01,47141,Putnam County,Tennessee,TN,quiet,0.000133,1489,33,501+,0.09,0.000822,1273,26,501+,0.16,0.056074,0.11454,0,0,0,,0.939,2023-24
2026-05-25,2026-06-01,31119,Madison County,Nebraska,NE,quiet,0.000133,1490,20,501+,0.09,0.000595,1501,19,501+,0.11,0.056053,0.086706,0,0,0,,,
2026-05-25,2026-06-01,55071,Manitowoc County,Wisconsin,WI,quiet,0.000133,1491,35,501+,0.09,0.001511,894,16,501+,0.29,0.056035,0.188024,0,0,0,,0.803,2023-24
2026-05-25,2026-06-01,27091,Martin County,Minnesota,MN,quiet,0.000133,1492,59,501+,0.09,0.000346,1921,66,501+,0.07,0.056007,0.053522,0,0,0,,0.816,2023-24
2026-05-25,2026-06-01,17029,Coles County,Illinois,IL,quiet,0.000132,1493,35,501+,0.09,0.000647,1454,34,501+,0.12,0.055945,0.093221,0,0,0,,,
2026-05-25,2026-06-01,02100,Haines Borough,Alaska,AK,quiet,0.000132,1494,14,501+,0.09,0.000276,2110,22,501+,0.05,0.055914,0.043618,0,0,0,,,
2026-05-25,2026-06-01,37151,Randolph County,North Carolina,NC,quiet,0.000132,1495,49,501+,0.09,0.001329,964,40,501+,0.26,0.055851,0.169984,0,0,0,,0.95754717,2022-23
2026-05-25,2026-06-01,36063,Niagara County,New York,NY,quiet,0.000132,1496,37,501+,0.09,0.000868,1247,27,501+,0.17,0.055837,0.119919,0,0,0,,0.99675714,2022-23
2026-05-25,2026-06-01,13159,Jasper County,Georgia,GA,quiet,0.000132,1497,66,501+,0.09,0.000585,1512,69,501+,0.11,0.055805,0.085396,0,0,0,,,
2026-05-25,2026-06-01,31121,Merrick County,Nebraska,NE,quiet,0.000132,1498,21,501+,0.09,0.00049,1637,22,501+,0.09,0.055685,0.073129,0,0,0,,,
2026-05-25,2026-06-01,48145,Falls County,Texas,TX,quiet,0.000131,1499,155,501+,0.09,0.000542,1577,188,501+,0.1,0.055559,0.079913,0,0,0,,0.91764706,2023-24
2026-05-25,2026-06-01,31101,Keith County,Nebraska,NE,quiet,0.000131,1500,22,501+,0.09,0.000423,1755,31,501+,0.08,0.055537,0.064078,0,0,0,,,
2026-05-25,2026-06-01,54019,Fayette County,West Virginia,WV,quiet,0.000131,1501,6,501+,0.09,0.000158,2517,15,501+,0.03,0.055528,0.025975,0,0,0,,,
2026-05-25,2026-06-01,20075,Hamilton County,Kansas,KS,quiet,0.000131,1502,43,501+,0.09,0.001164,1048,16,501+,0.22,0.055518,0.152878,0,0,0,,0.96,2023-24
2026-05-25,2026-06-01,51121,Montgomery County,Virginia,VA,quiet,0.000131,1503,42,501+,0.09,0.000568,1542,42,501+,0.11,0.055462,0.08326,0,0,0,,0.887,2023-24
2026-05-25,2026-06-01,28149,Warren County,Mississippi,MS,quiet,0.000131,1504,12,501+,0.09,0.000568,1541,11,501+,0.11,0.055427,0.083314,0,0,0,,,
2026-05-25,2026-06-01,12063,Jackson County,Florida,FL,quiet,0.000131,1505,52,501+,0.09,0.00035,1906,57,501+,0.07,0.055401,0.054014,0,0,0,,0.935,2022-23
2026-05-25,2026-06-01,29113,Lincoln County,Missouri,MO,quiet,0.000131,1506,35,501+,0.09,0.001179,1041,26,501+,0.23,0.055392,0.154444,0,0,0,,0.928,2023-24
2026-05-25,2026-06-01,20035,Cowley County,Kansas,KS,quiet,0.000131,1507,44,501+,0.09,0.000855,1256,27,501+,0.16,0.055389,0.118445,0,0,0,,0.94,2023-24
2026-05-25,2026-06-01,38023,Divide County,North Dakota,ND,quiet,0.000131,1508,29,501+,0.09,0.001044,1125,22,501+,0.2,0.055338,0.139875,0,0,0,,0.9286,2023-24
2026-05-25,2026-06-01,29057,Dade County,Missouri,MO,quiet,0.000131,1509,36,501+,0.09,0.000578,1524,48,501+,0.11,0.055331,0.08451,0,0,0,,0.935,2023-24
2026-05-25,2026-06-01,35057,Torrance County,New Mexico,NM,quiet,0.000131,1510,19,501+,0.09,0.001407,929,16,501+,0.27,0.055317,0.17786,0,0,0,,0.94,2018-19
2026-05-25,2026-06-01,51109,Louisa County,Virginia,VA,quiet,0.000131,1511,43,501+,0.09,0.000775,1327,31,501+,0.15,0.055272,0.108918,0,0,0,,0.922,2023-24
2026-05-25,2026-06-01,37189,Watauga County,North Carolina,NC,quiet,0.000131,1512,50,501+,0.09,0.000292,2058,76,501+,0.06,0.055269,0.045938,0,0,0,,0.92670157,2022-23
2026-05-25,2026-06-01,02275,Wrangell City and Borough,Alaska,AK,quiet,0.000131,1513,15,501+,0.09,0.000303,2021,19,501+,0.06,0.055247,0.04748,0,0,0,,,
2026-05-25,2026-06-01,29221,Washington County,Missouri,MO,quiet,0.00013,1514,37,501+,0.09,0.000433,1737,56,501+,0.08,0.05511,0.065529,0,0,0,,0.901,2023-24
2026-05-25,2026-06-01,28023,Clarke County,Mississippi,MS,quiet,0.00013,1515,13,501+,0.09,0.00025,2181,28,501+,0.05,0.05507,0.039761,0,0,0,,,
2026-05-25,2026-06-01,51065,Fluvanna County,Virginia,VA,quiet,0.00013,1516,44,501+,0.09,0.000708,1392,33,501+,0.14,0.054999,0.100838,0,0,0,,0.904,2021-22
2026-05-25,2026-06-01,45087,Union County,South Carolina,SC,quiet,0.00013,1517,29,501+,0.09,0.001056,1116,26,501+,0.2,0.054994,0.141216,0,0,0,,0.978,2023-24
2026-05-25,2026-06-01,36117,Wayne County,New York,NY,quiet,0.00013,1518,38,501+,0.09,0.000989,1158,25,501+,0.19,0.054985,0.133787,0,0,0,,0.9975,2022-23
2026-05-25,2026-06-01,28113,Pike County,Mississippi,MS,quiet,0.00013,1519,14,501+,0.09,0.000345,1923,19,501+,0.07,0.054972,0.053391,0,0,0,,,
2026-05-25,2026-06-01,47139,Polk County,Tennessee,TN,quiet,0.00013,1520,34,501+,0.09,0.000961,1181,24,501+,0.19,0.054953,0.130532,0,0,0,,0.92,2023-24
2026-05-25,2026-06-01,30057,Madison County,Montana,MT,quiet,0.00013,1521,26,501+,0.09,0.000268,2131,39,501+,0.05,0.054898,0.042442,0,0,0,,,
2026-05-25,2026-06-01,05033,Crawford County,Arkansas,AR,quiet,0.00013,1522,15,501+,0.09,0.00041,1781,21,501+,0.08,0.054835,0.062357,0,0,0,,,
2026-05-25,2026-06-01,20151,Pratt County,Kansas,KS,quiet,0.00013,1523,45,501+,0.09,0.000589,1508,40,501+,0.11,0.054832,0.085906,0,0,0,,0.9,2023-24
2026-05-25,2026-06-01,30061,Mineral County,Montana,MT,quiet,0.000129,1524,27,501+,0.09,0.000492,1632,25,501+,0.09,0.054711,0.073413,0,0,0,,,
2026-05-25,2026-06-01,48425,Somervell County,Texas,TX,quiet,0.000129,1525,156,501+,0.08,0.000978,1166,133,501+,0.19,0.054593,0.13252,0,0,0,,0.93103448,2023-24
2026-05-25,2026-06-01,05081,Little River County,Arkansas,AR,quiet,0.000129,1526,16,501+,0.08,0.000247,2193,35,501+,0.05,0.054493,0.039367,0,0,0,,,
2026-05-25,2026-06-01,20057,Ford County,Kansas,KS,quiet,0.000128,1527,46,501+,0.08,0.001862,786,12,501+,0.36,0.054441,0.22048,0,0,0,,0.87,2023-24
2026-05-25,2026-06-01,20201,Washington County,Kansas,KS,quiet,0.000128,1528,47,501+,0.08,0.000703,1395,33,501+,0.14,0.054437,0.10024,0,0,0,,0.97,2023-24
2026-05-25,2026-06-01,29167,Polk County,Missouri,MO,quiet,0.000128,1529,38,501+,0.08,0.000396,1808,59,501+,0.08,0.054411,0.060382,0,0,0,,0.906,2023-24
2026-05-25,2026-06-01,51031,Campbell County,Virginia,VA,quiet,0.000128,1530,45,501+,0.08,0.000453,1701,51,501+,0.09,0.054388,0.068125,0,0,0,,0.8,2023-24
2026-05-25,2026-06-01,48109,Culberson County,Texas,TX,quiet,0.000128,1531,157,501+,0.08,0.001104,1079,125,501+,0.21,0.054322,0.146445,0,0,0,,0.96153846,2023-24
2026-05-25,2026-06-01,48161,Freestone County,Texas,TX,quiet,0.000128,1532,158,501+,0.08,0.000224,2276,238,501+,0.04,0.054255,0.035966,0,0,0,,0.92511013,2023-24
2026-05-25,2026-06-01,30089,Sanders County,Montana,MT,quiet,0.000128,1533,28,501+,0.08,0.000609,1491,21,501+,0.12,0.054252,0.088533,0,0,0,,,
2026-05-25,2026-06-01,47113,Madison County,Tennessee,TN,quiet,0.000128,1534,35,501+,0.08,0.00071,1386,33,501+,0.14,0.054233,0.101073,0,0,0,,0.955,2023-24
2026-05-25,2026-06-01,06021,Glenn County,California,CA,quiet,0.000128,1535,54,501+,0.08,0.000481,1654,55,501+,0.09,0.054134,0.071862,0,0,0,,0.80806,2023-24
2026-05-25,2026-06-01,51199,York County,Virginia,VA,quiet,0.000127,1536,46,501+,0.08,0.000727,1371,32,501+,0.14,0.054043,0.103098,0,0,0,,0.928,2023-24
2026-05-25,2026-06-01,35028,Los Alamos County,New Mexico,NM,quiet,0.000127,1537,20,501+,0.08,0.001654,857,14,501+,0.32,0.054023,0.20161,0,0,0,,,
2026-05-25,2026-06-01,41033,Josephine County,Oregon,OR,quiet,0.000127,1538,30,501+,0.08,0.000627,1469,26,501+,0.12,0.054011,0.090811,0,0,0,,0.787,2023-24
2026-05-25,2026-06-01,16037,Custer County,Idaho,ID,quiet,0.000127,1539,33,501+,0.08,0.000402,1794,38,501+,0.08,0.054006,0.061333,0,0,0,,,
2026-05-25,2026-06-01,22087,St. Bernard Parish,Louisiana,LA,quiet,0.000127,1540,25,501+,0.08,0.000441,1726,23,501+,0.09,0.053951,0.066571,0,0,0,,0.928,2021-22
2026-05-25,2026-06-01,27047,Freeborn County,Minnesota,MN,quiet,0.000127,1541,60,501+,0.08,0.00064,1463,46,501+,0.12,0.053897,0.092403,0,0,0,,0.878,2023-24
2026-05-25,2026-06-01,19033,Cerro Gordo County,Iowa,IA,quiet,0.000127,1542,23,501+,0.08,0.000723,1378,17,501+,0.14,0.053773,0.102637,0,0,0,,0.85462555,2023-24
2026-05-25,2026-06-01,01077,Lauderdale County,Alabama,AL,quiet,0.000126,1543,27,501+,0.08,0.000744,1360,23,501+,0.14,0.053677,0.105207,0,0,0,,0.9441,2022-23
2026-05-25,2026-06-01,39099,Mahoning County,Ohio,OH,quiet,0.000126,1544,48,501+,0.08,0.001036,1130,39,501+,0.2,0.053658,0.139019,0,0,0,,,
2026-05-25,2026-06-01,20079,Harvey County,Kansas,KS,quiet,0.000126,1545,48,501+,0.08,0.000991,1156,22,501+,0.19,0.053604,0.13396,0,0,0,,0.94,2023-24
2026-05-25,2026-06-01,02158,Kusilvak Census Area,Alaska,AK,quiet,0.000126,1546,16,501+,0.08,0.000115,2694,30,501+,0.02,0.053574,0.019415,0,0,0,,,
2026-05-25,2026-06-01,30053,Lincoln County,Montana,MT,quiet,0.000126,1547,29,501+,0.08,0.000909,1216,16,501+,0.18,0.053359,0.124666,0,0,0,,,
2026-05-25,2026-06-01,17127,Massac County,Illinois,IL,quiet,0.000126,1548,36,501+,0.08,0.000222,2282,58,501+,0.04,0.053335,0.035607,0,0,0,,,
2026-05-25,2026-06-01,31025,Cass County,Nebraska,NE,quiet,0.000125,1549,23,501+,0.08,0.000525,1593,20,501+,0.1,0.053281,0.077666,0,0,0,,,
2026-05-25,2026-06-01,50005,Caledonia County,Vermont,VT,quiet,0.000125,1550,10,501+,0.08,0.000346,1919,11,501+,0.07,0.053218,0.053586,0,0,0,,0.94,2023-24
2026-05-25,2026-06-01,01093,Marion County,Alabama,AL,quiet,0.000125,1551,28,501+,0.08,0.000234,2236,39,501+,0.05,0.053154,0.037506,0,0,0,,0.8676,2022-23
2026-05-25,2026-06-01,13221,Oglethorpe County,Georgia,GA,quiet,0.000125,1552,67,501+,0.08,0.00065,1449,65,501+,0.13,0.053149,0.093705,0,0,0,,,
2026-05-25,2026-06-01,30095,Stillwater County,Montana,MT,quiet,0.000125,1553,30,501+,0.08,0.000563,1550,22,501+,0.11,0.053012,0.082674,0,0,0,,,
2026-05-25,2026-06-01,05101,Newton County,Arkansas,AR,quiet,0.000125,1554,17,501+,0.08,0.000275,2112,32,501+,0.05,0.052996,0.043476,0,0,0,,,
2026-05-25,2026-06-01,13185,Lowndes County,Georgia,GA,quiet,0.000124,1555,68,501+,0.08,0.001108,1076,42,501+,0.21,0.052833,0.14682,0,0,0,,,
2026-05-25,2026-06-01,23011,Kennebec County,Maine,ME,quiet,0.000124,1556,10,501+,0.08,0.001254,997,6,501+,0.24,0.052829,0.162298,0,0,0,,0.9753,2023-24
2026-05-25,2026-06-01,48429,Stephens County,Texas,TX,quiet,0.000124,1557,159,501+,0.08,0.000556,1556,184,501+,0.11,0.052823,0.081696,0,0,0,,0.85714286,2023-24
2026-05-25,2026-06-01,29123,Madison County,Missouri,MO,quiet,0.000124,1558,39,501+,0.08,0.000646,1456,45,501+,0.12,0.05276,0.09313,0,0,0,,0.97,2023-24
2026-05-25,2026-06-01,48117,Deaf Smith County,Texas,TX,quiet,0.000124,1559,160,501+,0.08,0.001336,962,110,501+,0.26,0.052633,0.170754,0,0,0,,0.98381877,2023-24
2026-05-25,2026-06-01,45055,Kershaw County,South Carolina,SC,quiet,0.000124,1560,30,501+,0.08,0.001146,1058,23,501+,0.22,0.052596,0.150927,0,0,0,,0.94,2023-24
2026-05-25,2026-06-01,26079,Kalkaska County,Michigan,MI,quiet,0.000123,1561,58,501+,0.08,0.00046,1697,58,501+,0.09,0.05255,0.069101,0,0,0,,0.8978,2023-24
2026-05-25,2026-06-01,28035,Forrest County,Mississippi,MS,quiet,0.000123,1562,15,501+,0.08,0.000594,1503,10,501+,0.11,0.052477,0.086566,0,0,0,,,
2026-05-25,2026-06-01,21021,Boyle County,Kentucky,KY,quiet,0.000123,1563,25,501+,0.08,0.00046,1696,26,501+,0.09,0.052459,0.069178,0,0,0,,0.927,2022-23
2026-05-25,2026-06-01,53069,Wahkiakum County,Washington,WA,quiet,0.000123,1564,35,501+,0.08,0.000347,1916,36,501+,0.07,0.052221,0.05363,0,0,0,,0.90625,2023-24
2026-05-25,2026-06-01,48105,Crockett County,Texas,TX,quiet,0.000123,1565,161,501+,0.08,0.000489,1639,198,501+,0.09,0.052219,0.072995,0,0,0,,1.0,2023-24
2026-05-25,2026-06-01,24041,Talbot County,Maryland,MD,quiet,0.000122,1566,18,501+,0.08,0.000626,1472,15,501+,0.12,0.052142,0.090586,0,0,0,,1.0,2023-24
2026-05-25,2026-06-01,47177,Warren County,Tennessee,TN,quiet,0.000122,1567,36,501+,0.08,0.00067,1420,35,501+,0.13,0.052138,0.096186,0,0,0,,0.954,2023-24
2026-05-25,2026-06-01,30067,Park County,Montana,MT,quiet,0.000122,1568,31,501+,0.08,0.001053,1122,14,501+,0.2,0.052127,0.140802,0,0,0,,,
2026-05-25,2026-06-01,55007,Bayfield County,Wisconsin,WI,quiet,0.000122,1569,36,501+,0.08,0.000971,1176,27,501+,0.19,0.05212,0.131734,0,0,0,,0.672,2023-24
2026-05-25,2026-06-01,40139,Texas County,Oklahoma,OK,quiet,0.000122,1570,31,501+,0.08,0.001186,1035,16,501+,0.23,0.052087,0.155182,0,0,0,,0.9179,2023-24
2026-05-25,2026-06-01,48319,Mason County,Texas,TX,quiet,0.000122,1571,162,501+,0.08,0.00058,1519,181,501+,0.11,0.05206,0.084802,0,0,0,,0.89090909,2023-24
2026-05-25,2026-06-01,46053,Gregory County,South Dakota,SD,quiet,0.000122,1572,29,501+,0.08,0.000486,1645,32,501+,0.09,0.05197,0.072535,0,0,0,,0.78,2023-24
2026-05-25,2026-06-01,36083,Rensselaer County,New York,NY,quiet,0.000122,1573,39,501+,0.08,0.000801,1301,28,501+,0.15,0.051885,0.112071,0,0,0,,0.99707692,2022-23
2026-05-25,2026-06-01,27077,Lake of the Woods County,Minnesota,MN,quiet,0.000122,1574,61,501+,0.08,0.000157,2519,79,501+,0.03,0.051885,0.025942,0,0,0,,0.786,2023-24
2026-05-25,2026-06-01,36033,Franklin County,New York,NY,quiet,0.000122,1575,40,501+,0.08,0.000634,1465,33,501+,0.12,0.051867,0.091598,0,0,0,,0.9640625,2022-23
2026-05-25,2026-06-01,18111,Newton County,Indiana,IN,quiet,0.000122,1576,39,501+,0.08,0.000419,1766,42,501+,0.08,0.051831,0.063587,0,0,0,,,
2026-05-25,2026-06-01,08089,Otero County,Colorado,CO,quiet,0.000121,1577,48,501+,0.08,0.000495,1628,49,501+,0.1,0.051813,0.073748,0,0,0,,0.9283,2023-24
2026-05-25,2026-06-01,18051,Gibson County,Indiana,IN,quiet,0.000121,1578,40,501+,0.08,0.000295,2047,49,501+,0.06,0.051763,0.046338,0,0,0,,,
2026-05-25,2026-06-01,27023,Chippewa County,Minnesota,MN,quiet,0.000121,1579,62,501+,0.08,0.000289,2069,69,501+,0.06,0.051703,0.0455,0,0,0,,0.897,2023-24
2026-05-25,2026-06-01,51007,Amelia County,Virginia,VA,quiet,0.000121,1580,47,501+,0.08,0.000297,2037,66,501+,0.06,0.05165,0.046578,0,0,0,,0.932,2023-24
2026-05-25,2026-06-01,22059,LaSalle Parish,Louisiana,LA,quiet,0.000121,1581,26,501+,0.08,0.000212,2317,42,501+,0.04,0.051638,0.034223,0,0,0,,0.948,2021-22
2026-05-25,2026-06-01,47147,Robertson County,Tennessee,TN,quiet,0.000121,1582,37,501+,0.08,0.000898,1227,25,501+,0.17,0.051578,0.123397,0,0,0,,0.951,2023-24
2026-05-25,2026-06-01,29091,Howell County,Missouri,MO,quiet,0.000121,1583,40,501+,0.08,0.001384,937,21,501+,0.27,0.051506,0.175529,0,0,0,,0.849,2023-24
2026-05-25,2026-06-01,39069,Henry County,Ohio,OH,quiet,0.00012,1584,49,501+,0.08,0.000497,1624,53,501+,0.1,0.051293,0.073979,0,0,0,,,
2026-05-25,2026-06-01,02282,Yakutat City and Borough,Alaska,AK,quiet,0.00012,1585,17,501+,0.08,0.000282,2092,21,501+,0.05,0.051227,0.044492,0,0,0,,,
2026-05-25,2026-06-01,27059,Isanti County,Minnesota,MN,quiet,0.00012,1586,63,501+,0.08,0.000568,1543,52,501+,0.11,0.051213,0.08325,0,0,0,,0.876,2023-24
2026-05-25,2026-06-01,13025,Brantley County,Georgia,GA,quiet,0.00012,1587,69,501+,0.08,0.000709,1390,60,501+,0.14,0.051189,0.100895,0,0,0,,,
2026-05-25,2026-06-01,47163,Sullivan County,Tennessee,TN,quiet,0.00012,1588,38,501+,0.08,0.000798,1308,28,501+,0.15,0.051118,0.111684,0,0,0,,0.955,2023-24
2026-05-25,2026-06-01,26165,Wexford County,Michigan,MI,quiet,0.00012,1589,59,501+,0.08,0.000669,1422,55,501+,0.13,0.051102,0.096008,0,0,0,,0.8526,2023-24
2026-05-25,2026-06-01,01121,Talladega County,Alabama,AL,quiet,0.00012,1590,29,501+,0.08,0.000467,1684,29,501+,0.09,0.051091,0.070069,0,0,0,,0.928,2022-23
2026-05-25,2026-06-01,47101,Lewis County,Tennessee,TN,quiet,0.00012,1591,39,501+,0.08,0.000375,1845,44,501+,0.07,0.051085,0.057514,0,0,0,,0.903,2023-24
2026-05-25,2026-06-01,48431,Sterling County,Texas,TX,quiet,0.000119,1592,163,501+,0.08,0.000515,1609,196,501+,0.1,0.051001,0.076332,0,0,0,,0.76470588,2023-24
2026-05-25,2026-06-01,42015,Bradford County,Pennsylvania,PA,quiet,0.000119,1593,38,501+,0.08,0.000244,2202,44,501+,0.05,0.050985,0.038976,0,0,0,,0.89550073,2023-24
2026-05-25,2026-06-01,51075,Goochland County,Virginia,VA,quiet,0.000119,1594,48,501+,0.08,0.000577,1527,40,501+,0.11,0.05092,0.084439,0,0,0,,0.928,2023-24
2026-05-25,2026-06-01,46073,Jerauld County,South Dakota,SD,quiet,0.000119,1595,30,501+,0.08,0.000462,1694,34,501+,0.09,0.050836,0.069441,0,0,0,,0.81,2023-24
2026-05-25,2026-06-01,47161,Stewart County,Tennessee,TN,quiet,0.000119,1596,40,501+,0.08,0.000347,1915,48,501+,0.07,0.050759,0.053641,0,0,0,,0.98,2023-24
2026-05-25,2026-06-01,02050,Bethel Census Area,Alaska,AK,quiet,0.000119,1597,18,501+,0.08,0.000484,1650,13,501+,0.09,0.050732,0.072316,0,0,0,,,
2026-05-25,2026-06-01,05009,Boone County,Arkansas,AR,quiet,0.000118,1598,18,501+,0.08,0.000337,1942,24,501+,0.07,0.050623,0.05233,0,0,0,,,
2026-05-25,2026-06-01,06003,Alpine County,California,CA,quiet,0.000118,1599,55,501+,0.08,0.000236,2229,58,501+,0.05,0.050618,0.037741,0,0,0,,,
2026-05-25,2026-06-01,29067,Douglas County,Missouri,MO,quiet,0.000118,1600,41,501+,0.08,0.000647,1453,44,501+,0.12,0.050616,0.093267,0,0,0,,0.675,2023-24
2026-05-25,2026-06-01,29185,St. Clair County,Missouri,MO,quiet,0.000118,1601,42,501+,0.08,0.000769,1331,39,501+,0.15,0.050391,0.108212,0,0,0,,0.754,2023-24
2026-05-25,2026-06-01,47015,Cannon County,Tennessee,TN,quiet,0.000118,1602,41,501+,0.08,0.000359,1880,46,501+,0.07,0.050319,0.055384,0,0,0,,0.941,2023-24
2026-05-25,2026-06-01,26089,Leelanau County,Michigan,MI,quiet,0.000117,1603,60,501+,0.08,0.000404,1792,60,501+,0.08,0.0503,0.061499,0,0,0,,0.92,2023-24
2026-05-25,2026-06-01,17105,Livingston County,Illinois,IL,quiet,0.000117,1604,37,501+,0.08,0.000798,1306,30,501+,0.15,0.050227,0.111696,0,0,0,,,
2026-05-25,2026-06-01,20167,Russell County,Kansas,KS,quiet,0.000117,1605,49,501+,0.08,0.000228,2262,83,501+,0.04,0.050055,0.036578,0,0,0,,0.89,2023-24
2026-05-25,2026-06-01,48213,Henderson County,Texas,TX,quiet,0.000117,1606,164,501+,0.08,0.00148,903,105,501+,0.29,0.050048,0.185009,0,0,0,,0.94170854,2023-24
2026-05-25,2026-06-01,31037,Colfax County,Nebraska,NE,quiet,0.000117,1607,24,501+,0.08,0.000714,1385,13,501+,0.14,0.049947,0.101576,0,0,0,,,
2026-05-25,2026-06-01,48133,Eastland County,Texas,TX,quiet,0.000116,1608,165,501+,0.08,0.001489,898,103,501+,0.29,0.049877,0.18592,0,0,2,56,0.95628415,2023-24
2026-05-25,2026-06-01,08021,Conejos County,Colorado,CO,quiet,0.000116,1609,49,501+,0.08,0.000817,1279,46,501+,0.16,0.049874,0.113994,0,0,0,,0.8725,2023-24
2026-05-25,2026-06-01,40111,Okmulgee County,Oklahoma,OK,quiet,0.000116,1610,32,501+,0.08,0.000329,1960,50,501+,0.06,0.049868,0.051119,0,0,0,,0.8911,2023-24
2026-05-25,2026-06-01,46047,Fall River County,South Dakota,SD,quiet,0.000116,1611,31,501+,0.08,0.001059,1112,14,501+,0.2,0.049853,0.141488,0,0,0,,0.81,2023-24
2026-05-25,2026-06-01,20191,Sumner County,Kansas,KS,quiet,0.000116,1612,50,501+,0.08,0.000741,1362,32,501+,0.14,0.049838,0.104909,0,0,0,,0.95,2023-24
2026-05-25,2026-06-01,23023,Sagadahoc County,Maine,ME,quiet,0.000116,1613,11,501+,0.08,0.000737,1365,11,501+,0.14,0.049799,0.104309,0,0,0,,0.9866,2023-24
2026-05-25,2026-06-01,31067,Gage County,Nebraska,NE,quiet,0.000116,1614,25,501+,0.08,0.000278,2105,49,501+,0.05,0.04979,0.043923,0,0,0,,,
2026-05-25,2026-06-01,19151,Pocahontas County,Iowa,IA,quiet,0.000116,1615,24,501+,0.08,0.000492,1634,22,501+,0.09,0.049648,0.073316,0,0,0,,0.91044776,2023-24
2026-05-25,2026-06-01,22101,St. Mary Parish,Louisiana,LA,quiet,0.000116,1616,27,501+,0.08,0.000284,2083,33,501+,0.05,0.049628,0.044794,0,0,0,,0.925,2021-22
2026-05-25,2026-06-01,20011,Bourbon County,Kansas,KS,quiet,0.000115,1617,51,501+,0.08,0.000207,2336,89,501+,0.04,0.049504,0.033391,0,0,0,,0.82,2023-24
2026-05-25,2026-06-01,47003,Bedford County,Tennessee,TN,quiet,0.000115,1618,42,501+,0.08,0.000464,1691,39,501+,0.09,0.049487,0.069599,0,0,0,,0.968,2023-24
2026-05-25,2026-06-01,46015,Brule County,South Dakota,SD,quiet,0.000115,1619,32,501+,0.08,0.000326,1972,45,501+,0.06,0.049477,0.050672,0,0,0,,0.93,2023-24
2026-05-25,2026-06-01,17155,Putnam County,Illinois,IL,quiet,0.000115,1620,38,501+,0.08,0.000352,1901,41,501+,0.07,0.049429,0.054296,0,0,0,,,
2026-05-25,2026-06-01,19069,Franklin County,Iowa,IA,quiet,0.000115,1621,25,501+,0.08,0.000476,1665,23,501+,0.09,0.049317,0.0713,0,0,0,,0.925,2023-24
2026-05-25,2026-06-01,05031,Craighead County,Arkansas,AR,quiet,0.000115,1622,19,501+,0.08,0.00081,1289,9,501+,0.16,0.049316,0.113156,0,0,0,,,
2026-05-25,2026-06-01,01127,Walker County,Alabama,AL,quiet,0.000115,1623,30,501+,0.08,0.000347,1918,35,501+,0.07,0.049284,0.053622,0,0,0,,0.9605,2022-23
2026-05-25,2026-06-01,51119,Middlesex County,Virginia,VA,quiet,0.000115,1624,49,501+,0.08,0.000254,2163,70,501+,0.05,0.049184,0.040397,0,0,0,,0.89,2023-24
2026-05-25,2026-06-01,29027,Callaway County,Missouri,MO,quiet,0.000114,1625,43,501+,0.08,0.000816,1283,36,501+,0.16,0.049159,0.113803,0,0,0,,0.911,2023-24
2026-05-25,2026-06-01,51171,Shenandoah County,Virginia,VA,quiet,0.000114,1626,50,501+,0.08,0.000565,1547,43,501+,0.11,0.049109,0.082917,0,0,0,,0.943,2023-24
2026-05-25,2026-06-01,13295,Walker County,Georgia,GA,quiet,0.000114,1627,70,501+,0.08,0.000665,1425,63,501+,0.13,0.049007,0.09548,0,0,0,,,
2026-05-25,2026-06-01,21033,Caldwell County,Kentucky,KY,quiet,0.000114,1628,26,501+,0.08,0.000401,1798,29,501+,0.08,0.04895,0.061096,0,0,0,,0.958,2022-23
2026-05-25,2026-06-01,27165,Watonwan County,Minnesota,MN,quiet,0.000114,1629,64,501+,0.07,0.000792,1316,39,501+,0.15,0.048927,0.110991,0,0,0,,0.94,2023-24
2026-05-25,2026-06-01,19139,Muscatine County,Iowa,IA,quiet,0.000114,1630,26,501+,0.07,0.000914,1212,15,501+,0.18,0.048922,0.125236,0,0,0,,0.91699605,2023-24
2026-05-25,2026-06-01,41037,Lake County,Oregon,OR,quiet,0.000114,1631,31,501+,0.07,0.000352,1899,31,501+,0.07,0.048877,0.054405,0,0,0,,0.889,2023-24
2026-05-25,2026-06-01,51033,Caroline County,Virginia,VA,quiet,0.000114,1632,51,501+,0.07,0.000602,1496,38,501+,0.12,0.048862,0.087615,0,0,0,,0.896,2023-24
2026-05-25,2026-06-01,46025,Clark County,South Dakota,SD,quiet,0.000114,1633,33,501+,0.07,0.000532,1587,29,501+,0.1,0.048858,0.078601,0,0,0,,0.69,2023-24
2026-05-25,2026-06-01,51127,New Kent County,Virginia,VA,quiet,0.000114,1634,52,501+,0.07,0.000222,2281,78,501+,0.04,0.048836,0.035653,0,0,0,,0.913,2023-24
2026-05-25,2026-06-01,17005,Bond County,Illinois,IL,quiet,0.000114,1635,39,501+,0.07,0.000234,2238,56,501+,0.05,0.048808,0.037458,0,0,0,,,
2026-05-25,2026-06-01,40053,Grant County,Oklahoma,OK,quiet,0.000113,1636,33,501+,0.07,0.000572,1537,29,501+,0.11,0.048793,0.083787,0,0,0,,0.9048,2023-24
2026-05-25,2026-06-01,29121,Macon County,Missouri,MO,quiet,0.000113,1637,44,501+,0.07,0.000481,1653,52,501+,0.09,0.048701,0.07187,0,0,0,,0.806,2023-24
2026-05-25,2026-06-01,21225,Union County,Kentucky,KY,quiet,0.000113,1638,27,501+,0.07,0.000177,2443,47,501+,0.03,0.048659,0.028969,0,0,0,,0.944,2022-23
2026-05-25,2026-06-01,29201,Scott County,Missouri,MO,quiet,0.000113,1639,45,501+,0.07,0.000806,1292,37,501+,0.16,0.048607,0.112601,0,0,0,,0.938,2023-24
2026-05-25,2026-06-01,36031,Essex County,New York,NY,quiet,0.000113,1640,41,501+,0.07,0.000122,2657,57,501+,0.02,0.048599,0.020479,0,0,0,,0.99682759,2022-23
2026-05-25,2026-06-01,48421,Sherman County,Texas,TX,quiet,0.000113,1641,166,501+,0.07,0.000963,1179,138,501+,0.19,0.048564,0.130844,0,0,0,,0.96226415,2023-24
2026-05-25,2026-06-01,29023,Butler County,Missouri,MO,quiet,0.000113,1642,46,501+,0.07,0.000622,1476,47,501+,0.12,0.048521,0.090186,0,0,0,,0.872,2023-24
2026-05-25,2026-06-01,40055,Greer County,Oklahoma,OK,quiet,0.000113,1643,34,501+,0.07,0.00034,1937,48,501+,0.07,0.048507,0.052673,0,0,0,,0.8654,2023-24
2026-05-25,2026-06-01,39077,Huron County,Ohio,OH,quiet,0.000113,1644,50,501+,0.07,0.000799,1305,44,501+,0.15,0.048504,0.111849,0,0,0,,,
2026-05-25,2026-06-01,34033,Salem County,New Jersey,NJ,quiet,0.000113,1645,21,501+,0.07,0.000468,1682,21,501+,0.09,0.048498,0.070195,0,0,0,,0.954,2023-24
2026-05-25,2026-06-01,18151,Steuben County,Indiana,IN,quiet,0.000113,1646,41,501+,0.07,0.000549,1566,35,501+,0.11,0.048468,0.080861,0,0,0,,,
2026-05-25,2026-06-01,48051,Burleson County,Texas,TX,quiet,0.000113,1647,167,501+,0.07,0.000524,1595,193,501+,0.1,0.048439,0.07755,0,0,0,,0.97572816,2023-24
2026-05-25,2026-06-01,48083,Coleman County,Texas,TX,quiet,0.000112,1648,168,501+,0.07,0.000721,1382,166,501+,0.14,0.048408,0.102384,0,0,0,,0.8974359,2023-24
2026-05-25,2026-06-01,48335,Mitchell County,Texas,TX,quiet,0.000112,1649,169,501+,0.07,0.000982,1164,132,501+,0.19,0.048264,0.132987,0,0,0,,0.93406593,2023-24
2026-05-25,2026-06-01,17015,Carroll County,Illinois,IL,quiet,0.000112,1650,40,501+,0.07,0.000245,2201,53,501+,0.05,0.048251,0.039002,0,0,0,,,
2026-05-25,2026-06-01,40149,Washita County,Oklahoma,OK,quiet,0.000112,1651,35,501+,0.07,0.000501,1619,31,501+,0.1,0.048227,0.074516,0,0,0,,0.9083,2023-24
2026-05-25,2026-06-01,48405,San Augustine County,Texas,TX,quiet,0.000112,1652,170,501+,0.07,0.000373,1855,213,501+,0.07,0.048159,0.057238,0,0,0,,0.92727273,2023-24
2026-05-25,2026-06-01,51011,Appomattox County,Virginia,VA,quiet,0.000112,1653,53,501+,0.07,0.000262,2147,69,501+,0.05,0.048072,0.041541,0,0,0,,0.918,2023-24
2026-05-25,2026-06-01,48351,Newton County,Texas,TX,quiet,0.000112,1654,171,501+,0.07,0.000874,1241,152,501+,0.17,0.048068,0.120578,0,0,0,,0.85858586,2023-24
2026-05-25,2026-06-01,55053,Jackson County,Wisconsin,WI,quiet,0.000111,1655,37,501+,0.07,0.000329,1955,48,501+,0.06,0.048031,0.051181,0,0,0,,0.673,2023-24
2026-05-25,2026-06-01,20147,Phillips County,Kansas,KS,quiet,0.000111,1656,52,501+,0.07,0.000577,1528,43,501+,0.11,0.048014,0.084421,0,0,0,,0.92,2023-24
2026-05-25,2026-06-01,31035,Clay County,Nebraska,NE,quiet,0.000111,1657,26,501+,0.07,0.000225,2273,59,501+,0.04,0.047889,0.036184,0,0,0,,,
2026-05-25,2026-06-01,46035,Davison County,South Dakota,SD,quiet,0.000111,1658,34,501+,0.07,0.000344,1928,41,501+,0.07,0.047845,0.053254,0,0,0,,0.94,2023-24
2026-05-25,2026-06-01,20115,Marion County,Kansas,KS,quiet,0.000111,1659,53,501+,0.07,0.000297,2039,74,501+,0.06,0.047809,0.04657,0,0,0,,0.81,2023-24
2026-05-25,2026-06-01,46061,Hanson County,South Dakota,SD,quiet,0.000111,1660,35,501+,0.07,0.00071,1388,23,501+,0.14,0.0478,0.101024,0,0,0,,0.79,2023-24
2026-05-25,2026-06-01,17123,Marshall County,Illinois,IL,quiet,0.000111,1661,41,501+,0.07,0.000388,1824,38,501+,0.07,0.047796,0.05934,0,0,0,,,
2026-05-25,2026-06-01,17081,Jefferson County,Illinois,IL,quiet,0.000111,1662,42,501+,0.07,0.000793,1314,31,501+,0.15,0.04774,0.111101,0,0,0,,,
2026-05-25,2026-06-01,30027,Fergus County,Montana,MT,quiet,0.000111,1663,32,501+,0.07,0.000263,2141,40,501+,0.05,0.047729,0.041737,0,0,0,,,
2026-05-25,2026-06-01,48433,Stonewall County,Texas,TX,quiet,0.000111,1664,172,501+,0.07,0.000386,1828,212,501+,0.07,0.047722,0.059083,0,0,0,,0.85714286,2022-23
2026-05-25,2026-06-01,27105,Nobles County,Minnesota,MN,quiet,0.000111,1665,65,501+,0.07,0.000503,1618,53,501+,0.1,0.047688,0.074762,0,0,0,,0.895,2023-24
2026-05-25,2026-06-01,31143,Polk County,Nebraska,NE,quiet,0.00011,1666,27,501+,0.07,0.000687,1410,15,501+,0.13,0.047647,0.098194,0,0,0,,,
2026-05-25,2026-06-01,37145,Person County,North Carolina,NC,quiet,0.00011,1667,51,501+,0.07,0.000677,1416,54,501+,0.13,0.0476,0.097072,0,0,0,,0.98901099,2022-23
2026-05-25,2026-06-01,51053,Dinwiddie County,Virginia,VA,quiet,0.00011,1668,54,501+,0.07,0.000373,1852,59,501+,0.07,0.047542,0.057321,0,0,0,,0.915,2023-24
2026-05-25,2026-06-01,37177,Tyrrell County,North Carolina,NC,quiet,0.00011,1669,52,501+,0.07,0.000357,1889,73,501+,0.07,0.04754,0.055018,0,0,0,,0.9047619,2022-23
2026-05-25,2026-06-01,29159,Pettis County,Missouri,MO,quiet,0.00011,1670,47,501+,0.07,0.000729,1367,42,501+,0.14,0.04743,0.103449,0,0,0,,0.852,2023-24
2026-05-25,2026-06-01,29217,Vernon County,Missouri,MO,quiet,0.00011,1671,48,501+,0.07,0.000448,1712,54,501+,0.09,0.047428,0.067489,0,0,0,,0.899,2023-24
2026-05-25,2026-06-01,42021,Cambria County,Pennsylvania,PA,quiet,0.00011,1672,39,501+,0.07,0.001075,1102,29,501+,0.21,0.047423,0.143231,0,0,0,,0.95711974,2023-24
2026-05-25,2026-06-01,42037,Columbia County,Pennsylvania,PA,quiet,0.00011,1673,40,501+,0.07,0.000402,1796,39,501+,0.08,0.0474,0.061219,0,0,0,,0.96448864,2023-24
2026-05-25,2026-06-01,19067,Floyd County,Iowa,IA,quiet,0.00011,1674,27,501+,0.07,0.000374,1847,32,501+,0.07,0.047393,0.057431,0,0,0,,0.91907514,2023-24
2026-05-25,2026-06-01,18017,Cass County,Indiana,IN,quiet,0.00011,1675,42,501+,0.07,0.000319,1989,48,501+,0.06,0.0473,0.049699,0,0,0,,,
2026-05-25,2026-06-01,20017,Chase County,Kansas,KS,quiet,0.00011,1676,54,501+,0.07,0.000219,2290,86,501+,0.04,0.047292,0.035269,0,0,0,,0.74,2023-24
2026-05-25,2026-06-01,48239,Jackson County,Texas,TX,quiet,0.000109,1677,173,501+,0.07,0.000469,1678,202,501+,0.09,0.047266,0.070341,0,0,0,,0.98770492,2023-24
2026-05-25,2026-06-01,21005,Anderson County,Kentucky,KY,quiet,0.000109,1678,28,501+,0.07,0.00042,1762,28,501+,0.08,0.047266,0.063772,0,0,0,,0.958,2022-23
2026-05-25,2026-06-01,48127,Dimmit County,Texas,TX,quiet,0.000109,1679,174,501+,0.07,0.001304,973,112,501+,0.25,0.047154,0.167422,0,0,0,,0.98214286,2023-24
2026-05-25,2026-06-01,18167,Vigo County,Indiana,IN,quiet,0.000109,1680,43,501+,0.07,0.000878,1236,27,501+,0.17,0.047142,0.12107,0,0,0,,,
2026-05-25,2026-06-01,20153,Rawlins County,Kansas,KS,quiet,0.000109,1681,55,501+,0.07,0.000236,2231,80,501+,0.05,0.047099,0.037696,0,0,0,,0.57,2023-24
2026-05-25,2026-06-01,12043,Glades County,Florida,FL,quiet,0.000109,1682,53,501+,0.07,0.000974,1170,46,501+,0.19,0.047061,0.13209,0,0,0,,0.986,2022-23
2026-05-25,2026-06-01,48147,Fannin County,Texas,TX,quiet,0.000109,1683,175,501+,0.07,0.00115,1054,123,501+,0.22,0.047012,0.151339,0,0,4,45,0.94148936,2023-24
2026-05-25,2026-06-01,48115,Dawson County,Texas,TX,quiet,0.000109,1684,176,501+,0.07,0.001897,778,80,501+,0.37,0.046958,0.223526,0,0,26,56,0.8807947,2023-24
2026-05-25,2026-06-01,01039,Covington County,Alabama,AL,quiet,0.000109,1685,31,501+,0.07,0.000431,1739,30,501+,0.08,0.046928,0.065224,0,0,0,,0.968,2022-23
2026-05-25,2026-06-01,18099,Marshall County,Indiana,IN,quiet,0.000108,1686,44,501+,0.07,0.000541,1579,36,501+,0.1,0.046857,0.079844,0,0,0,,,
2026-05-25,2026-06-01,48057,Calhoun County,Texas,TX,quiet,0.000108,1687,177,501+,0.07,0.000515,1607,195,501+,0.1,0.04683,0.076428,0,0,0,,0.98717949,2023-24
2026-05-25,2026-06-01,31145,Red Willow County,Nebraska,NE,quiet,0.000108,1688,28,501+,0.07,0.00032,1986,42,501+,0.06,0.046791,0.049821,0,0,0,,,
2026-05-25,2026-06-01,19143,Osceola County,Iowa,IA,quiet,0.000108,1689,28,501+,0.07,0.000385,1829,31,501+,0.07,0.046758,0.058978,0,0,0,,0.93877551,2023-24
2026-05-25,2026-06-01,12045,Gulf County,Florida,FL,quiet,0.000108,1690,54,501+,0.07,0.000165,2494,64,501+,0.03,0.046705,0.027134,0,0,0,,0.947,2022-23
2026-05-25,2026-06-01,48203,Harrison County,Texas,TX,quiet,0.000108,1691,178,501+,0.07,0.000973,1172,136,501+,0.19,0.046689,0.131952,0,0,1,53,0.9402439,2023-24
2026-05-25,2026-06-01,54027,Hampshire County,West Virginia,WV,quiet,0.000108,1692,7,501+,0.07,9.7e-05,2771,21,501+,0.02,0.046568,0.016443,0,0,0,,,
2026-05-25,2026-06-01,19095,Iowa County,Iowa,IA,quiet,0.000108,1693,29,501+,0.07,0.000271,2125,49,501+,0.05,0.046552,0.042901,0,0,0,,0.945,2023-24
2026-05-25,2026-06-01,51131,Northampton County,Virginia,VA,quiet,0.000108,1694,55,501+,0.07,0.0004,1800,53,501+,0.08,0.046539,0.061016,0,0,0,,0.931,2023-24
2026-05-25,2026-06-01,17187,Warren County,Illinois,IL,quiet,0.000107,1695,43,501+,0.07,0.000416,1775,36,501+,0.08,0.046494,0.063176,0,0,0,,,
2026-05-25,2026-06-01,38069,Pierce County,North Dakota,ND,quiet,0.000107,1696,30,501+,0.07,0.000428,1742,35,501+,0.08,0.046476,0.06484,0,0,0,,0.9268,2023-24
2026-05-25,2026-06-01,31105,Kimball County,Nebraska,NE,quiet,0.000107,1697,29,501+,0.07,0.000488,1643,23,501+,0.09,0.046373,0.072889,0,0,0,,,
2026-05-25,2026-06-01,05083,Logan County,Arkansas,AR,quiet,0.000107,1698,20,501+,0.07,0.000232,2245,37,501+,0.04,0.04626,0.037214,0,0,0,,,
2026-05-25,2026-06-01,42009,Bedford County,Pennsylvania,PA,quiet,0.000107,1699,41,501+,0.07,0.0001,2759,52,501+,0.02,0.046214,0.016996,0,0,0,,0.93361884,2023-24
2026-05-25,2026-06-01,36107,Tioga County,New York,NY,quiet,0.000107,1700,42,501+,0.07,0.000407,1785,43,501+,0.08,0.046161,0.061925,0,0,0,,0.99430769,2022-23
2026-05-25,2026-06-01,40125,Pottawatomie County,Oklahoma,OK,quiet,0.000107,1701,36,501+,0.07,0.001312,968,13,501+,0.25,0.04612,0.168267,0,0,0,,0.9133,2023-24
2026-05-25,2026-06-01,47085,Humphreys County,Tennessee,TN,quiet,0.000106,1702,43,501+,0.07,0.000338,1941,51,501+,0.07,0.046087,0.05242,0,0,0,,0.968,2023-24
2026-05-25,2026-06-01,21007,Ballard County,Kentucky,KY,quiet,0.000106,1703,29,501+,0.07,0.00017,2471,49,501+,0.03,0.046076,0.02794,0,0,0,,0.974,2022-23
2026-05-25,2026-06-01,37131,Northampton County,North Carolina,NC,quiet,0.000106,1704,53,501+,0.07,0.000655,1440,55,501+,0.13,0.046053,0.094255,0,0,0,,0.95169082,2022-23
2026-05-25,2026-06-01,19053,Decatur County,Iowa,IA,quiet,0.000106,1705,30,501+,0.07,0.000243,2208,53,501+,0.05,0.045904,0.038734,0,0,0,,0.75862069,2023-24
2026-05-25,2026-06-01,51137,Orange County,Virginia,VA,quiet,0.000106,1706,56,501+,0.07,0.000947,1194,27,501+,0.18,0.04583,0.128981,0,0,0,,0.917,2023-24
2026-05-25,2026-06-01,05127,Scott County,Arkansas,AR,quiet,0.000106,1707,21,501+,0.07,0.000337,1944,25,501+,0.07,0.045828,0.052272,0,0,0,,,
2026-05-25,2026-06-01,01109,Pike County,Alabama,AL,quiet,0.000106,1708,32,501+,0.07,0.000196,2369,46,501+,0.04,0.045822,0.031782,0,0,0,,0.9511,2022-23
2026-05-25,2026-06-01,55135,Waupaca County,Wisconsin,WI,quiet,0.000106,1709,38,501+,0.07,0.000511,1613,43,501+,0.1,0.045812,0.075841,0,0,0,,0.728,2023-24
2026-05-25,2026-06-01,51101,King William County,Virginia,VA,quiet,0.000106,1710,57,501+,0.07,0.000364,1870,61,501+,0.07,0.04579,0.056035,0,0,0,,0.938,2023-24
2026-05-25,2026-06-01,19099,Jasper County,Iowa,IA,quiet,0.000106,1711,31,501+,0.07,0.000492,1633,21,501+,0.09,0.045774,0.07334,0,0,0,,0.88684211,2023-24
2026-05-25,2026-06-01,19083,Hardin County,Iowa,IA,quiet,0.000106,1712,32,501+,0.07,0.000297,2034,40,501+,0.06,0.04577,0.046589,0,0,0,,0.85281385,2023-24
2026-05-25,2026-06-01,46087,McCook County,South Dakota,SD,quiet,0.000105,1713,36,501+,0.07,0.000864,1249,19,501+,0.17,0.045684,0.119483,0,0,0,,0.91,2023-24
2026-05-25,2026-06-01,13187,Lumpkin County,Georgia,GA,quiet,0.000105,1714,71,501+,0.07,0.000762,1344,59,501+,0.15,0.045581,0.107368,0,0,0,,,
2026-05-25,2026-06-01,40037,Creek County,Oklahoma,OK,quiet,0.000105,1715,37,501+,0.07,0.000752,1355,25,501+,0.14,0.045456,0.106149,0,0,0,,0.8257,2023-24
2026-05-25,2026-06-01,29063,DeKalb County,Missouri,MO,quiet,0.000105,1716,49,501+,0.07,0.000486,1646,51,501+,0.09,0.045453,0.072529,0,0,0,,0.948,2023-24
2026-05-25,2026-06-01,55137,Waushara County,Wisconsin,WI,quiet,0.000104,1717,39,501+,0.07,0.000374,1846,45,501+,0.07,0.045341,0.057433,0,0,0,,0.717,2023-24
2026-05-25,2026-06-01,05063,Independence County,Arkansas,AR,quiet,0.000104,1718,22,501+,0.07,0.000449,1709,18,501+,0.09,0.045238,0.067618,0,0,0,,,
2026-05-25,2026-06-01,31185,York County,Nebraska,NE,quiet,0.000104,1719,30,501+,0.07,0.000424,1753,30,501+,0.08,0.045114,0.06426,0,0,0,,,
2026-05-25,2026-06-01,48005,Angelina County,Texas,TX,quiet,0.000104,1720,179,501+,0.07,0.000576,1530,182,501+,0.11,0.045017,0.084301,0,0,0,,0.94070797,2023-24
2026-05-25,2026-06-01,29161,Phelps County,Missouri,MO,quiet,0.000104,1721,50,501+,0.07,0.000624,1473,46,501+,0.12,0.04499,0.090433,0,0,0,,0.936,2023-24
2026-05-25,2026-06-01,20071,Greeley County,Kansas,KS,quiet,0.000104,1722,56,501+,0.07,0.000439,1728,58,501+,0.08,0.044974,0.066254,0,0,0,,0.84,2023-24
2026-05-25,2026-06-01,39029,Columbiana County,Ohio,OH,quiet,0.000104,1723,51,501+,0.07,0.000581,1517,52,501+,0.11,0.044973,0.084959,0,0,0,,,
2026-05-25,2026-06-01,12027,DeSoto County,Florida,FL,quiet,0.000103,1724,55,501+,0.07,0.000783,1320,51,501+,0.15,0.044945,0.109889,0,0,0,,0.96,2022-23
2026-05-25,2026-06-01,48321,Matagorda County,Texas,TX,quiet,0.000103,1725,180,501+,0.07,0.000655,1438,170,501+,0.13,0.044935,0.094293,0,0,0,,0.97131931,2023-24
2026-05-25,2026-06-01,30109,Wibaux County,Montana,MT,quiet,0.000103,1726,33,501+,0.07,0.000367,1864,33,501+,0.07,0.044898,0.056403,0,0,0,,,
2026-05-25,2026-06-01,48007,Aransas County,Texas,TX,quiet,0.000103,1727,181,501+,0.07,0.000274,2116,233,501+,0.05,0.044888,0.04329,0,0,0,,0.97674419,2023-24
2026-05-25,2026-06-01,13169,Jones County,Georgia,GA,quiet,0.000103,1728,72,501+,0.07,0.000574,1531,70,501+,0.11,0.044857,0.084014,0,0,0,,,
2026-05-25,2026-06-01,47083,Houston County,Tennessee,TN,quiet,0.000103,1729,44,501+,0.07,0.000375,1844,43,501+,0.07,0.044847,0.057519,0,0,0,,0.989,2023-24
2026-05-25,2026-06-01,27069,Kittson County,Minnesota,MN,quiet,0.000103,1730,66,501+,0.07,0.000463,1692,56,501+,0.09,0.044721,0.069518,0,0,0,,0.906,2023-24
2026-05-25,2026-06-01,21163,Meade County,Kentucky,KY,quiet,0.000103,1731,30,501+,0.07,0.00054,1582,25,501+,0.1,0.04469,0.079656,0,0,0,,0.978,2022-23
2026-05-25,2026-06-01,42111,Somerset County,Pennsylvania,PA,quiet,0.000103,1732,42,501+,0.07,0.000351,1902,41,501+,0.07,0.044592,0.054278,0,0,0,,0.9351585,2023-24
2026-05-25,2026-06-01,17095,Knox County,Illinois,IL,quiet,0.000102,1733,44,501+,0.07,0.000302,2024,42,501+,0.06,0.044536,0.047343,0,0,0,,,
2026-05-25,2026-06-01,56011,Crook County,Wyoming,WY,quiet,0.000102,1734,23,501+,0.07,0.000207,2333,23,501+,0.04,0.044534,0.033519,0,0,0,,0.91,2022-23
2026-05-25,2026-06-01,38011,Bowman County,North Dakota,ND,quiet,0.000102,1735,31,501+,0.07,0.000241,2214,37,501+,0.05,0.044532,0.038457,0,0,0,,0.9412,2023-24
2026-05-25,2026-06-01,31131,Otoe County,Nebraska,NE,quiet,0.000102,1736,31,501+,0.07,0.000706,1394,14,501+,0.14,0.044532,0.100534,0,0,0,,,
2026-05-25,2026-06-01,38033,Golden Valley County,North Dakota,ND,quiet,0.000102,1737,32,501+,0.07,0.000437,1730,34,501+,0.08,0.044489,0.066046,0,0,0,,0.875,2023-24
2026-05-25,2026-06-01,20073,Greenwood County,Kansas,KS,quiet,0.000102,1738,57,501+,0.07,0.000458,1698,56,501+,0.09,0.044469,0.068831,0,0,0,,0.86,2023-24
2026-05-25,2026-06-01,47055,Giles County,Tennessee,TN,quiet,0.000102,1739,45,501+,0.07,0.000424,1754,40,501+,0.08,0.044454,0.064212,0,0,0,,0.932,2023-24
2026-05-25,2026-06-01,05059,Hot Spring County,Arkansas,AR,quiet,0.000102,1740,23,501+,0.07,0.00029,2065,29,501+,0.06,0.044437,0.045644,0,0,0,,,
2026-05-25,2026-06-01,24009,Calvert County,Maryland,MD,quiet,0.000102,1741,19,501+,0.07,0.000345,1925,18,501+,0.07,0.044431,0.05338,0,0,0,,0.9991,2023-24
2026-05-25,2026-06-01,36017,Chenango County,New York,NY,quiet,0.000102,1742,43,501+,0.07,0.00039,1817,44,501+,0.08,0.044388,0.059664,0,0,0,,0.999375,2022-23
2026-05-25,2026-06-01,38095,Towner County,North Dakota,ND,quiet,0.000102,1743,33,501+,0.07,0.000181,2428,40,501+,0.03,0.044386,0.029602,0,0,0,,0.9091,2023-24
2026-05-25,2026-06-01,27101,Murray County,Minnesota,MN,quiet,0.000101,1744,67,501+,0.07,0.000673,1418,45,501+,0.13,0.044173,0.096524,0,0,0,,0.969,2023-24
2026-05-25,2026-06-01,37121,Mitchell County,North Carolina,NC,quiet,0.000101,1745,54,501+,0.07,0.000509,1614,64,501+,0.1,0.044114,0.075613,0,0,0,,0.95275591,2022-23
2026-05-25,2026-06-01,51770,Roanoke City,Virginia,VA,quiet,0.000101,1746,58,501+,0.07,0.000648,1450,36,501+,0.13,0.044057,0.093437,0,0,0,,0.909,2023-24
2026-05-25,2026-06-01,05133,Sevier County,Arkansas,AR,quiet,0.000101,1747,24,501+,0.07,0.000703,1396,10,501+,0.14,0.044024,0.100223,0,0,0,,,
2026-05-25,2026-06-01,37043,Clay County,North Carolina,NC,quiet,0.000101,1748,55,501+,0.07,0.000767,1335,52,501+,0.15,0.044017,0.10802,0,0,0,,0.9537037,2022-23
2026-05-25,2026-06-01,48337,Montague County,Texas,TX,quiet,0.000101,1749,182,501+,0.07,0.001236,1006,118,501+,0.24,0.044004,0.160387,0,0,0,,0.85201794,2023-24
2026-05-25,2026-06-01,42083,McKean County,Pennsylvania,PA,quiet,0.000101,1750,43,501+,0.07,0.000514,1611,37,501+,0.1,0.043946,0.076274,0,0,0,,0.92620865,2023-24
2026-05-25,2026-06-01,27031,Cook County,Minnesota,MN,quiet,0.000101,1751,68,501+,0.07,0.000234,2235,75,501+,0.05,0.043937,0.037509,0,0,0,,0.894,2023-24
2026-05-25,2026-06-01,26019,Benzie County,Michigan,MI,quiet,0.000101,1752,61,501+,0.07,0.001111,1073,45,501+,0.21,0.043865,0.147142,0,0,0,,0.88,2023-24
2026-05-25,2026-06-01,17009,Brown County,Illinois,IL,quiet,0.0001,1753,45,501+,0.07,0.000234,2237,55,501+,0.05,0.043786,0.037483,0,0,0,,,
2026-05-25,2026-06-01,17017,Cass County,Illinois,IL,quiet,0.0001,1754,46,501+,0.07,0.000166,2488,63,501+,0.03,0.043706,0.027335,0,0,0,,,
2026-05-25,2026-06-01,01071,Jackson County,Alabama,AL,quiet,0.0001,1755,33,501+,0.07,0.000668,1423,25,501+,0.13,0.043688,0.095912,0,0,0,,0.94,2022-23
2026-05-25,2026-06-01,18095,Madison County,Indiana,IN,quiet,0.0001,1756,45,501+,0.07,0.000888,1230,26,501+,0.17,0.043603,0.122198,0,0,0,,,
2026-05-25,2026-06-01,28041,Greene County,Mississippi,MS,quiet,0.0001,1757,16,501+,0.07,0.00033,1954,23,501+,0.06,0.043576,0.051213,0,0,0,,,
2026-05-25,2026-06-01,55049,Iowa County,Wisconsin,WI,quiet,0.0001,1758,40,501+,0.07,0.000355,1893,46,501+,0.07,0.043534,0.054718,0,0,0,,0.786,2023-24
2026-05-25,2026-06-01,48255,Karnes County,Texas,TX,quiet,0.0001,1759,183,501+,0.07,0.000762,1343,164,501+,0.15,0.043504,0.107401,0,0,0,,0.97752809,2023-24
2026-05-25,2026-06-01,20085,Jackson County,Kansas,KS,quiet,0.0001,1760,58,501+,0.07,0.000539,1583,46,501+,0.1,0.043486,0.079564,0,0,0,,0.94,2023-24
2026-05-25,2026-06-01,37127,Nash County,North Carolina,NC,quiet,0.0001,1761,56,501+,0.07,0.001672,851,34,501+,0.32,0.043433,0.203256,0,0,1,17,0.9031171,2022-23
2026-05-25,2026-06-01,36035,Fulton County,New York,NY,quiet,0.0001,1762,44,501+,0.07,0.000388,1823,45,501+,0.07,0.043408,0.059361,0,0,0,,0.96943478,2022-23
2026-05-25,2026-06-01,28081,Lee County,Mississippi,MS,quiet,9.9e-05,1763,17,501+,0.07,0.000759,1349,9,501+,0.15,0.043402,0.106994,0,0,0,,,
2026-05-25,2026-06-01,18083,Knox County,Indiana,IN,quiet,9.9e-05,1764,46,501+,0.07,0.00027,2127,53,501+,0.05,0.043326,0.04275,0,0,0,,,
2026-05-25,2026-06-01,32015,Lander County,Nevada,NV,quiet,9.9e-05,1765,14,501+,0.07,0.001219,1015,12,501+,0.24,0.043299,0.15869,0,0,0,,0.99,2022-23
2026-05-25,2026-06-01,13237,Putnam County,Georgia,GA,quiet,9.9e-05,1766,73,501+,0.07,0.000344,1927,87,501+,0.07,0.043255,0.053294,0,0,0,,,
2026-05-25,2026-06-01,37003,Alexander County,North Carolina,NC,quiet,9.9e-05,1767,57,501+,0.07,0.000571,1538,60,501+,0.11,0.043235,0.083643,0,0,0,,0.96296296,2022-23
2026-05-25,2026-06-01,51021,Bland County,Virginia,VA,quiet,9.9e-05,1768,59,501+,0.07,0.000215,2306,81,501+,0.04,0.043136,0.034624,0,0,0,,0.943,2023-24
2026-05-25,2026-06-01,20107,Linn County,Kansas,KS,quiet,9.9e-05,1769,59,501+,0.06,0.000394,1810,64,501+,0.08,0.043068,0.060122,0,0,0,,0.86,2023-24
2026-05-25,2026-06-01,37053,Currituck County,North Carolina,NC,quiet,9.8e-05,1770,58,501+,0.06,0.000527,1591,62,501+,0.1,0.042983,0.077904,0,0,0,,0.95882353,2022-23
2026-05-25,2026-06-01,22097,St. Landry Parish,Louisiana,LA,quiet,9.8e-05,1771,28,501+,0.06,0.000332,1951,30,501+,0.06,0.042913,0.051516,0,0,0,,0.896,2021-22
2026-05-25,2026-06-01,39005,Ashland County,Ohio,OH,quiet,9.8e-05,1772,52,501+,0.06,0.000329,1959,59,501+,0.06,0.04283,0.051131,0,0,0,,,
2026-05-25,2026-06-01,36115,Washington County,New York,NY,quiet,9.8e-05,1773,45,501+,0.06,0.000278,2104,51,501+,0.05,0.042817,0.043924,0,0,0,,0.99834286,2022-23
2026-05-25,2026-06-01,51540,Charlottesville City,Virginia,VA,quiet,9.8e-05,1774,60,501+,0.06,0.000376,1842,58,501+,0.07,0.042792,0.057733,0,0,0,,0.926,2023-24
2026-05-25,2026-06-01,48349,Navarro County,Texas,TX,quiet,9.8e-05,1775,184,501+,0.06,0.000739,1363,165,501+,0.14,0.042734,0.104614,0,0,0,,0.95879121,2023-24
2026-05-25,2026-06-01,46137,Ziebach County,South Dakota,SD,quiet,9.8e-05,1776,37,501+,0.06,0.000619,1482,25,501+,0.12,0.042722,0.089757,0,0,0,,0.95,2023-24
2026-05-25,2026-06-01,51037,Charlotte County,Virginia,VA,quiet,9.7e-05,1777,61,501+,0.06,0.000134,2612,97,501+,0.03,0.0425,0.022263,0,0,0,,0.908,2023-24
2026-05-25,2026-06-01,22039,Evangeline Parish,Louisiana,LA,quiet,9.7e-05,1778,29,501+,0.06,0.000152,2541,48,501+,0.03,0.042312,0.025119,0,0,0,,0.923,2021-22
2026-05-25,2026-06-01,08023,Costilla County,Colorado,CO,quiet,9.6e-05,1779,50,501+,0.06,0.000663,1427,47,501+,0.13,0.042007,0.095219,0,0,0,,0.95,2023-24
2026-05-25,2026-06-01,39053,Gallia County,Ohio,OH,quiet,9.6e-05,1780,53,501+,0.06,0.000181,2431,64,501+,0.03,0.042005,0.029502,0,0,0,,,
2026-05-25,2026-06-01,36007,Broome County,New York,NY,quiet,9.6e-05,1781,46,501+,0.06,0.00058,1520,35,501+,0.11,0.041865,0.084776,0,0,0,,0.99639744,2022-23
2026-05-25,2026-06-01,16071,Oneida County,Idaho,ID,quiet,9.6e-05,1782,34,501+,0.06,0.000467,1683,37,501+,0.09,0.041854,0.070073,0,0,0,,,
2026-05-25,2026-06-01,20175,Seward County,Kansas,KS,quiet,9.5e-05,1783,60,501+,0.06,0.00131,971,14,501+,0.25,0.041796,0.168083,0,0,0,,0.94,2023-24
2026-05-25,2026-06-01,23015,Lincoln County,Maine,ME,quiet,9.5e-05,1784,12,501+,0.06,0.000381,1835,13,501+,0.07,0.041733,0.058364,0,0,0,,0.9742,2023-24
2026-05-25,2026-06-01,29139,Montgomery County,Missouri,MO,quiet,9.5e-05,1785,51,501+,0.06,0.000238,2222,77,501+,0.05,0.041626,0.038046,0,0,0,,0.943,2023-24
2026-05-25,2026-06-01,20061,Geary County,Kansas,KS,quiet,9.5e-05,1786,61,501+,0.06,0.000442,1724,57,501+,0.09,0.041585,0.066649,0,0,0,,0.77,2023-24
2026-05-25,2026-06-01,17077,Jackson County,Illinois,IL,quiet,9.5e-05,1787,47,501+,0.06,0.000817,1281,28,501+,0.16,0.041559,0.113891,0,0,0,,,
2026-05-25,2026-06-01,51133,Northumberland County,Virginia,VA,quiet,9.5e-05,1788,62,501+,0.06,0.000242,2209,74,501+,0.05,0.041552,0.038667,0,0,0,,0.878,2023-24
2026-05-25,2026-06-01,20007,Barber County,Kansas,KS,quiet,9.5e-05,1789,62,501+,0.06,0.000234,2241,81,501+,0.05,0.041524,0.037397,0,0,0,,0.81,2023-24
2026-05-25,2026-06-01,38065,Oliver County,North Dakota,ND,quiet,9.4e-05,1790,34,501+,0.06,0.000212,2321,38,501+,0.04,0.041439,0.034172,0,0,0,,0.9091,2023-24
2026-05-25,2026-06-01,48237,Jack County,Texas,TX,quiet,9.4e-05,1791,185,501+,0.06,0.000642,1459,173,501+,0.12,0.041439,0.092709,0,0,0,,0.92660551,2023-24
2026-05-25,2026-06-01,29015,Benton County,Missouri,MO,quiet,9.4e-05,1792,52,501+,0.06,0.000192,2385,84,501+,0.04,0.04137,0.031249,0,0,0,,0.843,2023-24
2026-05-25,2026-06-01,22047,Iberville Parish,Louisiana,LA,quiet,9.4e-05,1793,30,501+,0.06,0.000222,2280,41,501+,0.04,0.041251,0.035675,0,0,0,,0.97,2021-22
2026-05-25,2026-06-01,31001,Adams County,Nebraska,NE,quiet,9.4e-05,1794,32,501+,0.06,0.00035,1904,38,501+,0.07,0.04125,0.05408,0,0,0,,,
2026-05-25,2026-06-01,19127,Marshall County,Iowa,IA,quiet,9.4e-05,1795,33,501+,0.06,0.000553,1560,20,501+,0.11,0.041213,0.08129,0,0,0,,0.88434164,2023-24
2026-05-25,2026-06-01,42117,Tioga County,Pennsylvania,PA,quiet,9.4e-05,1796,44,501+,0.06,0.000127,2638,49,501+,0.02,0.041198,0.021223,0,0,0,,0.93367347,2023-24
2026-05-25,2026-06-01,54077,Preston County,West Virginia,WV,quiet,9.4e-05,1797,8,501+,0.06,0.000336,1946,9,501+,0.06,0.041063,0.05216,0,0,0,,,
2026-05-25,2026-06-01,48185,Grimes County,Texas,TX,quiet,9.3e-05,1798,186,501+,0.06,0.000359,1879,217,501+,0.07,0.041004,0.055398,0,0,0,,0.94328358,2023-24
2026-05-25,2026-06-01,05131,Sebastian County,Arkansas,AR,quiet,9.3e-05,1799,25,501+,0.06,0.000655,1439,11,501+,0.13,0.041,0.094283,0,0,0,,,
2026-05-25,2026-06-01,37029,Camden County,North Carolina,NC,quiet,9.3e-05,1800,59,501+,0.06,0.000406,1786,71,501+,0.08,0.040989,0.061865,0,0,0,,0.96850394,2022-23
2026-05-25,2026-06-01,27093,Meeker County,Minnesota,MN,quiet,9.3e-05,1801,69,501+,0.06,0.000216,2303,77,501+,0.04,0.040914,0.034743,0,0,0,,0.849,2023-24
2026-05-25,2026-06-01,29035,Carter County,Missouri,MO,quiet,9.3e-05,1802,53,501+,0.06,0.001363,944,22,501+,0.26,0.040878,0.173436,0,0,0,,0.89,2023-24
2026-05-25,2026-06-01,48297,Live Oak County,Texas,TX,quiet,9.3e-05,1803,187,501+,0.06,0.000873,1242,153,501+,0.17,0.040841,0.120493,0,0,0,,0.96062992,2023-24
2026-05-25,2026-06-01,40105,Nowata County,Oklahoma,OK,quiet,9.3e-05,1804,38,501+,0.06,0.000382,1834,41,501+,0.07,0.040693,0.058574,0,0,0,,0.9365,2023-24
2026-05-25,2026-06-01,28111,Perry County,Mississippi,MS,quiet,9.2e-05,1805,18,501+,0.06,0.000287,2073,26,501+,0.06,0.040489,0.04522,0,0,0,,,
2026-05-25,2026-06-01,37093,Hoke County,North Carolina,NC,quiet,9.2e-05,1806,60,501+,0.06,0.000841,1264,49,501+,0.16,0.040477,0.116828,0,0,0,,0.85887709,2022-23
2026-05-25,2026-06-01,55045,Green County,Wisconsin,WI,quiet,9.2e-05,1807,41,501+,0.06,0.00081,1288,33,501+,0.16,0.040446,0.113169,0,0,0,,0.767,2023-24
2026-05-25,2026-06-01,36021,Columbia County,New York,NY,quiet,9.2e-05,1808,47,501+,0.06,0.000421,1758,42,501+,0.08,0.040367,0.063907,0,0,0,,0.98933333,2022-23
2026-05-25,2026-06-01,17135,Montgomery County,Illinois,IL,quiet,9.2e-05,1809,48,501+,0.06,0.000259,2150,50,501+,0.05,0.04034,0.041141,0,0,0,,,
2026-05-25,2026-06-01,35009,Curry County,New Mexico,NM,quiet,9.2e-05,1810,21,501+,0.06,0.001256,996,18,501+,0.24,0.040297,0.16247,0,0,1,55,0.94,2018-19
2026-05-25,2026-06-01,46027,Clay County,South Dakota,SD,quiet,9.1e-05,1811,38,501+,0.06,0.000425,1750,38,501+,0.08,0.040239,0.064349,0,0,0,,0.94,2023-24
2026-05-25,2026-06-01,55003,Ashland County,Wisconsin,WI,quiet,9.1e-05,1812,42,501+,0.06,0.000351,1903,47,501+,0.07,0.040158,0.054258,0,0,0,,0.737,2023-24
2026-05-25,2026-06-01,27039,Dodge County,Minnesota,MN,quiet,9.1e-05,1813,70,501+,0.06,0.000391,1815,62,501+,0.08,0.040121,0.059797,0,0,0,,0.884,2023-24
2026-05-25,2026-06-01,39023,Clark County,Ohio,OH,quiet,9.1e-05,1814,54,501+,0.06,0.000623,1475,51,501+,0.12,0.040114,0.090306,0,0,0,,,
2026-05-25,2026-06-01,12007,Bradford County,Florida,FL,quiet,9.1e-05,1815,56,501+,0.06,0.000321,1980,59,501+,0.06,0.040075,0.050053,0,0,0,,0.937,2022-23
2026-05-25,2026-06-01,20083,Hodgeman County,Kansas,KS,quiet,9.1e-05,1816,63,501+,0.06,0.000359,1882,65,501+,0.07,0.040035,0.055352,0,0,0,,0.8,2023-24
2026-05-25,2026-06-01,29175,Randolph County,Missouri,MO,quiet,9e-05,1817,54,501+,0.06,0.000267,2132,72,501+,0.05,0.039816,0.042274,0,0,0,,0.911,2023-24
2026-05-25,2026-06-01,13199,Meriwether County,Georgia,GA,quiet,9e-05,1818,74,501+,0.06,0.000213,2309,115,501+,0.04,0.039781,0.034404,0,0,0,,,
2026-05-25,2026-06-01,51735,Poquoson City,Virginia,VA,quiet,9e-05,1819,63,501+,0.06,0.000378,1839,57,501+,0.07,0.039726,0.05796,0,0,0,,0.777,2022-23
2026-05-25,2026-06-01,40129,Roger Mills County,Oklahoma,OK,quiet,9e-05,1820,39,501+,0.06,0.000201,2353,67,501+,0.04,0.039702,0.03254,0,0,0,,0.9118,2023-24
2026-05-25,2026-06-01,22121,West Baton Rouge Parish,Louisiana,LA,quiet,9e-05,1821,31,501+,0.06,0.000447,1715,22,501+,0.09,0.039629,0.067389,0,0,0,,0.933,2021-22
2026-05-25,2026-06-01,48075,Childress County,Texas,TX,quiet,9e-05,1822,188,501+,0.06,0.000588,1510,179,501+,0.11,0.039574,0.085844,0,0,0,,0.70491803,2023-24
2026-05-25,2026-06-01,20171,Scott County,Kansas,KS,quiet,9e-05,1823,64,501+,0.06,0.000677,1417,35,501+,0.13,0.039491,0.09703,0,0,0,,1.0,2023-24
2026-05-25,2026-06-01,48233,Hutchinson County,Texas,TX,quiet,8.9e-05,1824,189,501+,0.06,0.000306,2016,226,501+,0.06,0.039444,0.047858,0,0,0,,0.95726496,2023-24
2026-05-25,2026-06-01,05013,Calhoun County,Arkansas,AR,quiet,8.9e-05,1825,26,501+,0.06,0.000168,2481,43,501+,0.03,0.039406,0.027614,0,0,0,,,
2026-05-25,2026-06-01,28019,Choctaw County,Mississippi,MS,quiet,8.9e-05,1826,19,501+,0.06,0.000362,1874,15,501+,0.07,0.039399,0.055822,0,0,0,,,
2026-05-25,2026-06-01,13229,Pierce County,Georgia,GA,quiet,8.9e-05,1827,75,501+,0.06,0.000432,1738,77,501+,0.08,0.039381,0.065406,0,0,0,,,
2026-05-25,2026-06-01,05109,Pike County,Arkansas,AR,quiet,8.9e-05,1828,27,501+,0.06,0.000283,2088,30,501+,0.05,0.039322,0.044553,0,0,0,,,
2026-05-25,2026-06-01,40059,Harper County,Oklahoma,OK,quiet,8.9e-05,1829,40,501+,0.06,0.000421,1760,38,501+,0.08,0.039283,0.063812,0,0,0,,0.9722,2023-24
2026-05-25,2026-06-01,31151,Saline County,Nebraska,NE,quiet,8.9e-05,1830,33,501+,0.06,0.000445,1717,29,501+,0.09,0.039274,0.067111,0,0,0,,,
2026-05-25,2026-06-01,22053,Jefferson Davis Parish,Louisiana,LA,quiet,8.9e-05,1831,32,501+,0.06,0.00011,2714,54,501+,0.02,0.039243,0.018637,0,0,0,,0.932,2021-22
2026-05-25,2026-06-01,31047,Dawson County,Nebraska,NE,quiet,8.9e-05,1832,34,501+,0.06,0.000414,1777,33,501+,0.08,0.039219,0.062905,0,0,0,,,
2026-05-25,2026-06-01,48471,Walker County,Texas,TX,quiet,8.9e-05,1833,190,501+,0.06,0.000363,1871,216,501+,0.07,0.039166,0.055941,0,0,0,,0.91233766,2023-24
2026-05-25,2026-06-01,42119,Union County,Pennsylvania,PA,quiet,8.9e-05,1834,45,501+,0.06,0.00043,1741,38,501+,0.08,0.039117,0.065042,0,0,0,,0.91111111,2023-24
2026-05-25,2026-06-01,55057,Juneau County,Wisconsin,WI,quiet,8.8e-05,1835,43,501+,0.06,0.000203,2344,58,501+,0.04,0.039044,0.032861,0,0,0,,0.726,2023-24
2026-05-25,2026-06-01,19145,Page County,Iowa,IA,quiet,8.8e-05,1836,34,501+,0.06,0.00024,2219,54,501+,0.05,0.039002,0.038343,0,0,0,,0.925,2023-24
2026-05-25,2026-06-01,22021,Caldwell Parish,Louisiana,LA,quiet,8.8e-05,1837,33,501+,0.06,0.00024,2221,39,501+,0.05,0.038968,0.038284,0,0,0,,0.929,2021-22
2026-05-25,2026-06-01,48489,Willacy County,Texas,TX,quiet,8.8e-05,1838,191,501+,0.06,0.000841,1265,157,501+,0.16,0.038778,0.116801,0,0,0,,0.99193548,2023-24
2026-05-25,2026-06-01,13227,Pickens County,Georgia,GA,quiet,8.8e-05,1839,76,501+,0.06,0.001904,777,29,501+,0.37,0.038763,0.22417,0,0,0,,,
2026-05-25,2026-06-01,50013,Grand Isle County,Vermont,VT,quiet,8.8e-05,1840,11,501+,0.06,0.000533,1586,10,501+,0.1,0.038718,0.078797,0,0,0,,,
2026-05-25,2026-06-01,51175,Southampton County,Virginia,VA,quiet,8.7e-05,1841,64,501+,0.06,0.000315,1994,64,501+,0.06,0.03858,0.049147,0,0,0,,0.954,2023-24
2026-05-25,2026-06-01,51125,Nelson County,Virginia,VA,quiet,8.7e-05,1842,65,501+,0.06,0.000316,1993,63,501+,0.06,0.038523,0.049367,0,0,0,,0.924,2023-24
2026-05-25,2026-06-01,01027,Clay County,Alabama,AL,quiet,8.7e-05,1843,34,501+,0.06,0.000279,2102,37,501+,0.05,0.038498,0.044078,0,0,0,,0.9844,2022-23
2026-05-25,2026-06-01,29163,Pike County,Missouri,MO,quiet,8.7e-05,1844,55,501+,0.06,0.000226,2271,78,501+,0.04,0.038492,0.036275,0,0,0,,0.924,2023-24
2026-05-25,2026-06-01,19063,Emmet County,Iowa,IA,quiet,8.7e-05,1845,35,501+,0.06,0.000236,2227,55,501+,0.05,0.038454,0.03778,0,0,0,,0.89655172,2023-24
2026-05-25,2026-06-01,48037,Bowie County,Texas,TX,quiet,8.7e-05,1846,192,501+,0.06,0.00094,1199,142,501+,0.18,0.038434,0.12822,0,0,0,,0.95076675,2023-24
2026-05-25,2026-06-01,55077,Marquette County,Wisconsin,WI,quiet,8.7e-05,1847,44,501+,0.06,0.000228,2261,57,501+,0.04,0.038417,0.036608,0,0,0,,0.658,2023-24
2026-05-25,2026-06-01,16073,Owyhee County,Idaho,ID,quiet,8.7e-05,1848,35,501+,0.06,0.00093,1202,27,501+,0.18,0.038414,0.127018,0,0,0,,,
2026-05-25,2026-06-01,48483,Wheeler County,Texas,TX,quiet,8.7e-05,1849,193,501+,0.06,0.000659,1434,169,501+,0.13,0.0384,0.0948,0,0,0,,0.96296296,2023-24
2026-05-25,2026-06-01,21223,Trimble County,Kentucky,KY,quiet,8.7e-05,1850,31,501+,0.06,0.000169,2479,50,501+,0.03,0.038297,0.027717,0,0,0,,0.935,2022-23
2026-05-25,2026-06-01,05141,Van Buren County,Arkansas,AR,quiet,8.6e-05,1851,28,501+,0.06,0.000155,2532,48,501+,0.03,0.038219,0.02555,0,0,0,,,
2026-05-25,2026-06-01,20043,Doniphan County,Kansas,KS,quiet,8.6e-05,1852,65,501+,0.06,0.000313,2000,73,501+,0.06,0.038123,0.048891,0,0,0,,0.8,2023-24
2026-05-25,2026-06-01,36109,Tompkins County,New York,NY,quiet,8.6e-05,1853,48,501+,0.06,0.000297,2041,48,501+,0.06,0.038069,0.046555,0,0,0,,0.99663636,2022-23
2026-05-25,2026-06-01,28085,Lincoln County,Mississippi,MS,quiet,8.6e-05,1854,20,501+,0.06,0.000245,2197,31,501+,0.05,0.038052,0.039138,0,0,0,,,
2026-05-25,2026-06-01,51181,Surry County,Virginia,VA,quiet,8.6e-05,1855,66,501+,0.06,0.000372,1856,60,501+,0.07,0.038048,0.057091,0,0,0,,0.912,2023-24
2026-05-25,2026-06-01,28157,Wilkinson County,Mississippi,MS,quiet,8.6e-05,1856,21,501+,0.06,0.000157,2523,56,501+,0.03,0.038017,0.025866,0,0,0,,,
2026-05-25,2026-06-01,35059,Union County,New Mexico,NM,quiet,8.6e-05,1857,22,501+,0.06,0.000947,1193,19,501+,0.18,0.037978,0.128998,0,0,0,,,
2026-05-25,2026-06-01,36051,Livingston County,New York,NY,quiet,8.6e-05,1858,49,501+,0.06,0.00071,1387,30,501+,0.14,0.037962,0.101071,0,0,0,,0.99675,2022-23
2026-05-25,2026-06-01,17053,Ford County,Illinois,IL,quiet,8.6e-05,1859,49,501+,0.06,0.000272,2121,49,501+,0.05,0.037934,0.043037,0,0,0,,,
2026-05-25,2026-06-01,31021,Burt County,Nebraska,NE,quiet,8.5e-05,1860,35,501+,0.06,0.000483,1651,25,501+,0.09,0.037863,0.072184,0,0,0,,,
2026-05-25,2026-06-01,01113,Russell County,Alabama,AL,quiet,8.5e-05,1861,35,501+,0.06,0.000152,2544,53,501+,0.03,0.037852,0.025057,0,0,0,,0.899,2022-23
2026-05-25,2026-06-01,29195,Saline County,Missouri,MO,quiet,8.5e-05,1862,56,501+,0.06,0.000152,2542,92,501+,0.03,0.037842,0.025107,0,0,0,,0.959,2023-24
2026-05-25,2026-06-01,19025,Calhoun County,Iowa,IA,quiet,8.5e-05,1863,36,501+,0.06,0.000416,1773,29,501+,0.08,0.0378,0.063243,0,0,0,,0.90384615,2023-24
2026-05-25,2026-06-01,21143,Lyon County,Kentucky,KY,quiet,8.5e-05,1864,32,501+,0.06,0.000164,2497,52,501+,0.03,0.03779,0.026975,0,0,0,,0.958,2022-23
2026-05-25,2026-06-01,39021,Champaign County,Ohio,OH,quiet,8.5e-05,1865,55,501+,0.06,0.000722,1380,47,501+,0.14,0.037789,0.10256,0,0,0,,,
2026-05-25,2026-06-01,54055,Mercer County,West Virginia,WV,quiet,8.5e-05,1866,9,501+,0.06,0.000471,1674,7,501+,0.09,0.037749,0.070593,0,0,0,,,
2026-05-25,2026-06-01,55101,Racine County,Wisconsin,WI,quiet,8.5e-05,1867,45,501+,0.06,0.001079,1095,26,501+,0.21,0.037672,0.143699,0,0,0,,0.738,2023-24
2026-05-25,2026-06-01,29111,Lewis County,Missouri,MO,quiet,8.5e-05,1868,57,501+,0.06,0.000214,2308,80,501+,0.04,0.037638,0.034487,0,0,0,,0.942,2023-24
2026-05-25,2026-06-01,48347,Nacogdoches County,Texas,TX,quiet,8.5e-05,1869,194,501+,0.06,0.000347,1914,219,501+,0.07,0.037608,0.053642,0,0,0,,0.96531792,2023-24
2026-05-25,2026-06-01,06091,Sierra County,California,CA,quiet,8.4e-05,1870,56,501+,0.06,0.00031,2005,57,501+,0.06,0.037496,0.04847,0,0,0,,0.95,2023-24
2026-05-25,2026-06-01,17011,Bureau County,Illinois,IL,quiet,8.4e-05,1871,50,501+,0.06,0.000425,1749,35,501+,0.08,0.037471,0.064398,0,0,0,,,
2026-05-25,2026-06-01,48073,Cherokee County,Texas,TX,quiet,8.4e-05,1872,195,501+,0.06,0.000526,1592,191,501+,0.1,0.037365,0.077781,0,0,0,,0.97368421,2023-24
2026-05-25,2026-06-01,37013,Beaufort County,North Carolina,NC,quiet,8.4e-05,1873,61,501+,0.06,0.000521,1597,63,501+,0.1,0.03731,0.077158,0,0,0,,0.9426087,2022-23
2026-05-25,2026-06-01,51043,Clarke County,Virginia,VA,quiet,8.4e-05,1874,67,501+,0.06,0.000412,1778,52,501+,0.08,0.037269,0.062648,0,0,0,,0.929,2023-24
2026-05-25,2026-06-01,55033,Dunn County,Wisconsin,WI,quiet,8.4e-05,1875,46,501+,0.06,0.000577,1526,39,501+,0.11,0.037252,0.084458,0,0,0,,0.759,2023-24
2026-05-25,2026-06-01,29065,Dent County,Missouri,MO,quiet,8.4e-05,1876,58,501+,0.06,0.000374,1850,62,501+,0.07,0.037225,0.057353,0,0,0,,0.915,2023-24
2026-05-25,2026-06-01,40097,Mayes County,Oklahoma,OK,quiet,8.4e-05,1877,41,501+,0.06,0.000434,1736,35,501+,0.08,0.037203,0.065581,0,0,0,,0.9313,2023-24
2026-05-25,2026-06-01,19105,Jones County,Iowa,IA,quiet,8.4e-05,1878,37,501+,0.06,0.000296,2044,42,501+,0.06,0.037203,0.046441,0,0,0,,0.91005291,2023-24
2026-05-25,2026-06-01,39013,Belmont County,Ohio,OH,quiet,8.3e-05,1879,56,501+,0.05,0.000387,1826,57,501+,0.07,0.037043,0.059205,0,0,0,,,
2026-05-25,2026-06-01,05097,Montgomery County,Arkansas,AR,quiet,8.3e-05,1880,29,501+,0.05,0.000258,2151,33,501+,0.05,0.036949,0.040926,0,0,0,,,
2026-05-25,2026-06-01,17121,Marion County,Illinois,IL,quiet,8.3e-05,1881,51,501+,0.05,0.000245,2199,52,501+,0.05,0.036844,0.039036,0,0,0,,,
2026-05-25,2026-06-01,30003,Big Horn County,Montana,MT,quiet,8.3e-05,1882,34,501+,0.05,0.00028,2099,38,501+,0.05,0.036838,0.044158,0,0,0,,,
2026-05-25,2026-06-01,30073,Pondera County,Montana,MT,quiet,8.3e-05,1883,35,501+,0.05,0.000301,2027,37,501+,0.06,0.036819,0.047177,0,0,0,,,
2026-05-25,2026-06-01,28075,Lauderdale County,Mississippi,MS,quiet,8.3e-05,1884,22,501+,0.05,0.000353,1898,17,501+,0.07,0.036769,0.054524,0,0,0,,,
2026-05-25,2026-06-01,06049,Modoc County,California,CA,quiet,8.3e-05,1885,57,501+,0.05,0.000573,1534,53,501+,0.11,0.03675,0.083876,0,0,0,,0.99,2023-24
2026-05-25,2026-06-01,51570,Colonial Heights City,Virginia,VA,quiet,8.2e-05,1886,68,501+,0.05,0.00022,2287,80,501+,0.04,0.036703,0.035332,0,0,0,,0.922,2023-24
2026-05-25,2026-06-01,05015,Carroll County,Arkansas,AR,quiet,8.2e-05,1887,30,501+,0.05,0.000279,2103,31,501+,0.05,0.036655,0.044059,0,0,0,,,
2026-05-25,2026-06-01,46123,Tripp County,South Dakota,SD,quiet,8.2e-05,1888,39,501+,0.05,0.000221,2283,54,501+,0.04,0.036567,0.035574,0,0,0,,0.86,2023-24
2026-05-25,2026-06-01,42065,Jefferson County,Pennsylvania,PA,quiet,8.2e-05,1889,46,501+,0.05,0.000152,2540,48,501+,0.03,0.036548,0.02515,0,0,0,,0.96330275,2023-24
2026-05-25,2026-06-01,31085,Hayes County,Nebraska,NE,quiet,8.2e-05,1890,36,501+,0.05,0.000201,2349,61,501+,0.04,0.036538,0.032613,0,0,0,,,
2026-05-25,2026-06-01,48275,Knox County,Texas,TX,quiet,8.2e-05,1891,196,501+,0.05,0.000464,1690,205,501+,0.09,0.036502,0.069704,0,0,0,,0.94594595,2023-24
2026-05-25,2026-06-01,31167,Stanton County,Nebraska,NE,quiet,8.2e-05,1892,37,501+,0.05,0.000164,2498,71,501+,0.03,0.036499,0.026972,0,0,0,,,
2026-05-25,2026-06-01,32027,Pershing County,Nevada,NV,quiet,8.2e-05,1893,15,501+,0.05,0.000651,1448,15,501+,0.13,0.036467,0.093807,0,0,0,,0.97,2022-23
2026-05-25,2026-06-01,02068,Denali Borough,Alaska,AK,quiet,8.2e-05,1894,19,501+,0.05,0.000347,1917,18,501+,0.07,0.036439,0.053625,0,0,0,,,
2026-05-25,2026-06-01,47071,Hardin County,Tennessee,TN,quiet,8.2e-05,1895,46,501+,0.05,0.000241,2211,60,501+,0.05,0.036433,0.038547,0,0,0,,0.947,2023-24
2026-05-25,2026-06-01,19077,Guthrie County,Iowa,IA,quiet,8.2e-05,1896,38,501+,0.05,0.00042,1763,27,501+,0.08,0.036383,0.063702,0,0,0,,0.86585366,2023-24
2026-05-25,2026-06-01,48227,Howard County,Texas,TX,quiet,8.2e-05,1897,197,501+,0.05,0.000472,1672,201,501+,0.09,0.036361,0.070738,0,0,0,,0.97349398,2023-24
2026-05-25,2026-06-01,48235,Irion County,Texas,TX,quiet,8.2e-05,1898,198,501+,0.05,0.000323,1974,224,501+,0.06,0.036349,0.050318,0,0,0,,0.92,2023-24
2026-05-25,2026-06-01,20207,Woodson County,Kansas,KS,quiet,8.2e-05,1899,66,501+,0.05,0.000491,1635,50,501+,0.09,0.036339,0.073275,0,0,0,,0.92,2023-24
2026-05-25,2026-06-01,12013,Calhoun County,Florida,FL,quiet,8.1e-05,1900,57,501+,0.05,0.000384,1831,56,501+,0.07,0.036251,0.058754,0,0,0,,0.953,2022-23
2026-05-25,2026-06-01,40025,Cimarron County,Oklahoma,OK,quiet,8.1e-05,1901,42,501+,0.05,0.000255,2161,62,501+,0.05,0.036189,0.040544,0,0,0,,0.8065,2023-24
2026-05-25,2026-06-01,37157,Rockingham County,North Carolina,NC,quiet,8.1e-05,1902,62,501+,0.05,0.000603,1495,59,501+,0.12,0.036182,0.087762,0,0,0,,0.96215596,2022-23
2026-05-25,2026-06-01,17033,Crawford County,Illinois,IL,quiet,8.1e-05,1903,52,501+,0.05,0.000234,2240,57,501+,0.05,0.036178,0.037407,0,0,0,,,
2026-05-25,2026-06-01,20009,Barton County,Kansas,KS,quiet,8.1e-05,1904,67,501+,0.05,0.000335,1947,68,501+,0.06,0.036174,0.052035,0,0,0,,0.9,2023-24
2026-05-25,2026-06-01,29053,Cooper County,Missouri,MO,quiet,8.1e-05,1905,59,501+,0.05,0.00039,1818,60,501+,0.08,0.036075,0.059649,0,0,0,,0.853,2023-24
2026-05-25,2026-06-01,20135,Ness County,Kansas,KS,quiet,8.1e-05,1906,68,501+,0.05,0.000554,1559,45,501+,0.11,0.036073,0.081489,0,0,0,,0.89,2023-24
2026-05-25,2026-06-01,17165,Saline County,Illinois,IL,quiet,8.1e-05,1907,53,501+,0.05,0.000134,2610,68,501+,0.03,0.036045,0.022283,0,0,0,,,
2026-05-25,2026-06-01,16003,Adams County,Idaho,ID,quiet,8.1e-05,1908,36,501+,0.05,0.000321,1981,40,501+,0.06,0.036025,0.050043,0,0,0,,,
2026-05-25,2026-06-01,51141,Patrick County,Virginia,VA,quiet,8.1e-05,1909,69,501+,0.05,0.000128,2634,99,501+,0.02,0.036017,0.021365,0,0,0,,0.932,2023-24
2026-05-25,2026-06-01,12029,Dixie County,Florida,FL,quiet,8.1e-05,1910,58,501+,0.05,0.000803,1296,50,501+,0.15,0.036004,0.112337,0,0,0,,0.98,2022-23
2026-05-25,2026-06-01,48383,Reagan County,Texas,TX,quiet,8.1e-05,1911,199,501+,0.05,0.000524,1594,192,501+,0.1,0.035997,0.077617,0,0,0,,1.0,2023-24
2026-05-25,2026-06-01,21083,Graves County,Kentucky,KY,quiet,8.1e-05,1912,33,501+,0.05,0.000215,2304,40,501+,0.04,0.035916,0.034648,0,0,0,,0.94,2022-23
2026-05-25,2026-06-01,31097,Johnson County,Nebraska,NE,quiet,8e-05,1913,38,501+,0.05,0.000449,1708,28,501+,0.09,0.035901,0.067647,0,0,0,,,
2026-05-25,2026-06-01,28057,Itawamba County,Mississippi,MS,quiet,8e-05,1914,23,501+,0.05,0.000332,1950,21,501+,0.06,0.035891,0.051598,0,0,0,,,
2026-05-25,2026-06-01,20059,Franklin County,Kansas,KS,quiet,8e-05,1915,69,501+,0.05,0.000478,1662,53,501+,0.09,0.035814,0.071464,0,0,0,,0.93,2023-24
2026-05-25,2026-06-01,48345,Motley County,Texas,TX,quiet,8e-05,1916,200,501+,0.05,0.000305,2019,227,501+,0.06,0.035785,0.047729,0,0,0,,0.93333333,2023-24
2026-05-25,2026-06-01,17057,Fulton County,Illinois,IL,quiet,8e-05,1917,54,501+,0.05,0.000149,2553,65,501+,0.03,0.035765,0.024594,0,0,0,,,
2026-05-25,2026-06-01,13267,Tattnall County,Georgia,GA,quiet,8e-05,1918,77,501+,0.05,0.000558,1554,71,501+,0.11,0.035721,0.081997,0,0,0,,,
2026-05-25,2026-06-01,51610,Falls Church City,Virginia,VA,quiet,8e-05,1919,70,501+,0.05,0.000479,1659,48,501+,0.09,0.035646,0.071663,0,0,0,,0.938,2023-24
2026-05-25,2026-06-01,12049,Hardee County,Florida,FL,quiet,8e-05,1920,59,501+,0.05,0.000876,1238,48,501+,0.17,0.035629,0.120907,0,0,0,,0.962,2022-23
2026-05-25,2026-06-01,22009,Avoyelles Parish,Louisiana,LA,quiet,8e-05,1921,34,501+,0.05,0.000362,1875,29,501+,0.07,0.035603,0.055715,0,0,0,,0.972,2021-22
2026-05-25,2026-06-01,31017,Brown County,Nebraska,NE,quiet,8e-05,1922,39,501+,0.05,0.000203,2343,60,501+,0.04,0.035591,0.032883,0,0,0,,,
2026-05-25,2026-06-01,55078,Menominee County,Wisconsin,WI,quiet,8e-05,1923,47,501+,0.05,0.000874,1240,30,501+,0.17,0.03555,0.120607,0,0,0,,0.75,2023-24
2026-05-25,2026-06-01,38027,Eddy County,North Dakota,ND,quiet,8e-05,1924,35,501+,0.05,0.000339,1940,36,501+,0.07,0.035534,0.052543,0,0,0,,0.9655,2023-24
2026-05-25,2026-06-01,37139,Pasquotank County,North Carolina,NC,quiet,8e-05,1925,63,501+,0.05,0.000291,2061,77,501+,0.06,0.035528,0.045791,0,0,0,,0.95982143,2022-23
2026-05-25,2026-06-01,48399,Runnels County,Texas,TX,quiet,8e-05,1926,201,501+,0.05,0.000465,1688,204,501+,0.09,0.035513,0.069819,0,0,0,,0.93846154,2023-24
2026-05-25,2026-06-01,13173,Lanier County,Georgia,GA,quiet,8e-05,1927,78,501+,0.05,0.000587,1511,68,501+,0.11,0.035502,0.085756,0,0,0,,,
2026-05-25,2026-06-01,48207,Haskell County,Texas,TX,quiet,7.9e-05,1928,202,501+,0.05,0.000285,2080,230,501+,0.06,0.035322,0.044934,0,0,0,,0.94,2023-24
2026-05-25,2026-06-01,42099,Perry County,Pennsylvania,PA,quiet,7.9e-05,1929,47,501+,0.05,0.00025,2182,43,501+,0.05,0.03532,0.039742,0,0,0,,0.96577017,2023-24
2026-05-25,2026-06-01,30055,McCone County,Montana,MT,quiet,7.9e-05,1930,36,501+,0.05,0.000118,2682,47,501+,0.02,0.03531,0.019779,0,0,0,,,
2026-05-25,2026-06-01,31099,Kearney County,Nebraska,NE,quiet,7.9e-05,1931,40,501+,0.05,0.000232,2247,55,501+,0.04,0.035259,0.037144,0,0,0,,,
2026-05-25,2026-06-01,01133,Winston County,Alabama,AL,quiet,7.9e-05,1932,36,501+,0.05,0.000383,1832,32,501+,0.07,0.035147,0.058689,0,0,0,,0.9169,2022-23
2026-05-25,2026-06-01,36003,Allegany County,New York,NY,quiet,7.9e-05,1933,50,501+,0.05,0.000352,1900,46,501+,0.07,0.035133,0.054312,0,0,0,,0.994125,2022-23
2026-05-25,2026-06-01,54049,Marion County,West Virginia,WV,quiet,7.9e-05,1934,10,501+,0.05,0.000547,1568,6,501+,0.11,0.035106,0.080599,0,0,0,,,
2026-05-25,2026-06-01,05055,Greene County,Arkansas,AR,quiet,7.8e-05,1935,31,501+,0.05,0.000428,1744,19,501+,0.08,0.035077,0.064746,0,0,0,,,
2026-05-25,2026-06-01,48419,Shelby County,Texas,TX,quiet,7.8e-05,1936,203,501+,0.05,0.000442,1723,206,501+,0.09,0.035007,0.066735,0,0,0,,0.94334278,2023-24
2026-05-25,2026-06-01,37079,Greene County,North Carolina,NC,quiet,7.8e-05,1937,64,501+,0.05,0.000283,2087,78,501+,0.05,0.034932,0.04457,0,0,0,,0.9895288,2022-23
2026-05-25,2026-06-01,31123,Morrill County,Nebraska,NE,quiet,7.8e-05,1938,41,501+,0.05,0.000228,2263,58,501+,0.04,0.034926,0.036563,0,0,0,,,
2026-05-25,2026-06-01,47135,Perry County,Tennessee,TN,quiet,7.8e-05,1939,47,501+,0.05,0.000385,1830,42,501+,0.07,0.034901,0.058917,0,0,0,,0.959,2023-24
2026-05-25,2026-06-01,20099,Labette County,Kansas,KS,quiet,7.8e-05,1940,70,501+,0.05,0.00035,1905,66,501+,0.07,0.03489,0.054046,0,0,0,,0.95,2023-24
2026-05-25,2026-06-01,16087,Washington County,Idaho,ID,quiet,7.8e-05,1941,37,501+,0.05,0.000544,1574,34,501+,0.1,0.034822,0.080147,0,0,0,,,
2026-05-25,2026-06-01,48457,Tyler County,Texas,TX,quiet,7.8e-05,1942,204,501+,0.05,0.000299,2030,228,501+,0.06,0.03482,0.046943,0,0,0,,0.89201878,2023-24
2026-05-25,2026-06-01,01031,Coffee County,Alabama,AL,quiet,7.8e-05,1943,37,501+,0.05,0.000724,1376,24,501+,0.14,0.034813,0.102747,0,0,0,,0.9612,2022-23
2026-05-25,2026-06-01,29007,Audrain County,Missouri,MO,quiet,7.8e-05,1944,60,501+,0.05,0.00055,1563,49,501+,0.11,0.034801,0.081009,0,0,0,,0.863,2023-24
2026-05-25,2026-06-01,36039,Greene County,New York,NY,quiet,7.8e-05,1945,51,501+,0.05,0.000348,1911,47,501+,0.07,0.034798,0.053792,0,0,0,,0.99704167,2022-23
2026-05-25,2026-06-01,36023,Cortland County,New York,NY,quiet,7.8e-05,1946,52,501+,0.05,0.000276,2111,52,501+,0.05,0.03477,0.043504,0,0,0,,0.99746154,2022-23
2026-05-25,2026-06-01,51093,Isle of Wight County,Virginia,VA,quiet,7.8e-05,1947,71,501+,0.05,0.000393,1812,56,501+,0.08,0.034764,0.060039,0,0,0,,0.811,2023-24
2026-05-25,2026-06-01,31087,Hitchcock County,Nebraska,NE,quiet,7.7e-05,1948,42,501+,0.05,0.000451,1703,27,501+,0.09,0.034597,0.067946,0,0,0,,,
2026-05-25,2026-06-01,12079,Madison County,Florida,FL,quiet,7.7e-05,1949,60,501+,0.05,0.000309,2008,60,501+,0.06,0.034534,0.048348,0,0,0,,0.96,2022-23
2026-05-25,2026-06-01,48273,Kleberg County,Texas,TX,quiet,7.7e-05,1950,205,501+,0.05,0.00102,1138,131,501+,0.2,0.03452,0.137167,0,0,0,,0.96564886,2023-24
2026-05-25,2026-06-01,16063,Lincoln County,Idaho,ID,quiet,7.7e-05,1951,38,501+,0.05,0.000702,1400,31,501+,0.14,0.034501,0.100132,0,0,0,,,
2026-05-25,2026-06-01,27033,Cottonwood County,Minnesota,MN,quiet,7.7e-05,1952,71,501+,0.05,0.000255,2160,73,501+,0.05,0.034425,0.040558,0,0,0,,0.91,2023-24
2026-05-25,2026-06-01,42033,Clearfield County,Pennsylvania,PA,quiet,7.7e-05,1953,48,501+,0.05,0.000313,1999,42,501+,0.06,0.034316,0.048901,0,0,0,,0.93284493,2023-24
2026-05-25,2026-06-01,47111,Macon County,Tennessee,TN,quiet,7.7e-05,1954,48,501+,0.05,0.000273,2118,55,501+,0.05,0.034299,0.043179,0,0,0,,0.992,2023-24
2026-05-25,2026-06-01,26043,Dickinson County,Michigan,MI,quiet,7.6e-05,1955,62,501+,0.05,0.000374,1849,61,501+,0.07,0.034206,0.057365,0,0,0,,0.883,2023-24
2026-05-25,2026-06-01,05073,Lafayette County,Arkansas,AR,quiet,7.6e-05,1956,32,501+,0.05,0.000236,2226,36,501+,0.05,0.034191,0.037814,0,0,0,,,
2026-05-25,2026-06-01,31051,Dixon County,Nebraska,NE,quiet,7.6e-05,1957,43,501+,0.05,0.000169,2477,70,501+,0.03,0.03415,0.027757,0,0,0,,,
2026-05-25,2026-06-01,18135,Randolph County,Indiana,IN,quiet,7.6e-05,1958,47,501+,0.05,0.000162,2503,59,501+,0.03,0.034066,0.026704,0,0,0,,,
2026-05-25,2026-06-01,30021,Dawson County,Montana,MT,quiet,7.6e-05,1959,37,501+,0.05,0.000197,2365,43,501+,0.04,0.034023,0.031981,0,0,0,,,
2026-05-25,2026-06-01,55047,Green Lake County,Wisconsin,WI,quiet,7.6e-05,1960,48,501+,0.05,0.000427,1745,44,501+,0.08,0.033907,0.064691,0,0,0,,0.674,2023-24
2026-05-25,2026-06-01,22025,Catahoula Parish,Louisiana,LA,quiet,7.6e-05,1961,35,501+,0.05,0.000551,1562,21,501+,0.11,0.033905,0.081034,0,0,0,,0.954,2021-22
2026-05-25,2026-06-01,21221,Trigg County,Kentucky,KY,quiet,7.5e-05,1962,34,501+,0.05,0.000282,2091,36,501+,0.05,0.033881,0.044502,0,0,0,,0.864,2022-23
2026-05-25,2026-06-01,08055,Huerfano County,Colorado,CO,quiet,7.5e-05,1963,51,501+,0.05,0.000285,2082,52,501+,0.05,0.033874,0.044818,0,0,0,,0.9608,2023-24
2026-05-25,2026-06-01,35055,Taos County,New Mexico,NM,quiet,7.5e-05,1964,23,501+,0.05,0.000547,1569,25,501+,0.11,0.033834,0.080588,0,0,0,,0.85,2018-19
2026-05-25,2026-06-01,40049,Garvin County,Oklahoma,OK,quiet,7.5e-05,1965,43,501+,0.05,0.000292,2059,57,501+,0.06,0.033776,0.045847,0,0,0,,0.8878,2023-24
2026-05-25,2026-06-01,29039,Cedar County,Missouri,MO,quiet,7.5e-05,1966,61,501+,0.05,0.001666,854,15,501+,0.32,0.033753,0.202733,0,0,5,47,0.922,2023-24
2026-05-25,2026-06-01,26035,Clare County,Michigan,MI,quiet,7.5e-05,1967,63,501+,0.05,0.000434,1732,59,501+,0.08,0.033729,0.065672,0,0,0,,0.8848,2023-24
2026-05-25,2026-06-01,38013,Burke County,North Dakota,ND,quiet,7.5e-05,1968,36,501+,0.05,0.000829,1269,24,501+,0.16,0.0336,0.115339,0,0,1,52,0.8182,2023-24
2026-05-25,2026-06-01,02066,Copper River Census Area,Alaska,AK,quiet,7.5e-05,1969,20,501+,0.05,0.000449,1711,15,501+,0.09,0.033594,0.067582,0,0,0,,,
2026-05-25,2026-06-01,29209,Stone County,Missouri,MO,quiet,7.5e-05,1970,62,501+,0.05,8.7e-05,2813,106,501+,0.02,0.033539,0.014927,0,0,0,,0.804,2023-24
2026-05-25,2026-06-01,48311,McMullen County,Texas,TX,quiet,7.5e-05,1971,206,501+,0.05,0.000643,1458,172,501+,0.12,0.033495,0.092754,0,0,0,,0.95454546,2023-24
2026-05-25,2026-06-01,21213,Simpson County,Kentucky,KY,quiet,7.4e-05,1972,35,501+,0.05,0.000702,1399,23,501+,0.14,0.033436,0.100151,0,0,0,,0.954,2022-23
2026-05-25,2026-06-01,47153,Sequatchie County,Tennessee,TN,quiet,7.4e-05,1973,49,501+,0.05,0.000121,2664,78,501+,0.02,0.033392,0.020299,0,0,0,,0.988,2023-24
2026-05-25,2026-06-01,26063,Huron County,Michigan,MI,quiet,7.4e-05,1974,64,501+,0.05,0.000118,2680,72,501+,0.02,0.033247,0.019826,0,0,0,,0.8898,2023-24
2026-05-25,2026-06-01,29089,Howard County,Missouri,MO,quiet,7.4e-05,1975,63,501+,0.05,0.000795,1312,38,501+,0.15,0.033247,0.111323,0,0,0,,0.952,2023-24
2026-05-25,2026-06-01,55099,Price County,Wisconsin,WI,quiet,7.4e-05,1976,49,501+,0.05,0.00026,2148,55,501+,0.05,0.033219,0.041326,0,0,0,,0.698,2023-24
2026-05-25,2026-06-01,20109,Logan County,Kansas,KS,quiet,7.4e-05,1977,71,501+,0.05,0.000134,2613,97,501+,0.03,0.033201,0.02225,0,0,0,,0.84,2023-24
2026-05-25,2026-06-01,05139,Union County,Arkansas,AR,quiet,7.4e-05,1978,33,501+,0.05,0.000412,1779,20,501+,0.08,0.033188,0.062614,0,0,0,,,
2026-05-25,2026-06-01,19073,Greene County,Iowa,IA,quiet,7.4e-05,1979,39,501+,0.05,0.000294,2055,43,501+,0.06,0.033187,0.04621,0,0,0,,0.83636364,2023-24
2026-05-25,2026-06-01,45017,Calhoun County,South Carolina,SC,quiet,7.4e-05,1980,31,501+,0.05,0.000212,2320,41,501+,0.04,0.033138,0.034179,0,0,0,,0.924,2023-24
2026-05-25,2026-06-01,29125,Maries County,Missouri,MO,quiet,7.4e-05,1981,64,501+,0.05,0.000253,2169,73,501+,0.05,0.033119,0.040166,0,0,0,,0.96,2023-24
2026-05-25,2026-06-01,37195,Wilson County,North Carolina,NC,quiet,7.4e-05,1982,65,501+,0.05,0.0008,1303,50,501+,0.15,0.033102,0.111889,0,0,0,,0.94571118,2022-23
2026-05-25,2026-06-01,48241,Jasper County,Texas,TX,quiet,7.3e-05,1983,207,501+,0.05,0.000327,1967,223,501+,0.06,0.033072,0.05088,0,0,0,,0.89757412,2023-24
2026-05-25,2026-06-01,53055,San Juan County,Washington,WA,quiet,7.3e-05,1984,36,501+,0.05,0.000243,2205,38,501+,0.05,0.033041,0.038805,0,0,0,,0.9009009,2023-24
2026-05-25,2026-06-01,17101,Lawrence County,Illinois,IL,quiet,7.3e-05,1985,55,501+,0.05,0.000126,2642,69,501+,0.02,0.033014,0.021029,0,0,0,,,
2026-05-25,2026-06-01,29181,Ripley County,Missouri,MO,quiet,7.3e-05,1986,65,501+,0.05,0.000401,1799,58,501+,0.08,0.032956,0.061088,0,0,0,,0.904,2023-24
2026-05-25,2026-06-01,51145,Powhatan County,Virginia,VA,quiet,7.3e-05,1987,72,501+,0.05,0.000201,2352,82,501+,0.04,0.03294,0.032548,0,0,0,,0.913,2023-24
2026-05-25,2026-06-01,51103,Lancaster County,Virginia,VA,quiet,7.3e-05,1988,73,501+,0.05,9.4e-05,2779,110,501+,0.02,0.03288,0.01608,0,0,0,,0.785,2023-24
2026-05-25,2026-06-01,18183,Whitley County,Indiana,IN,quiet,7.3e-05,1989,48,501+,0.05,0.000376,1843,44,501+,0.07,0.032877,0.057687,0,0,0,,,
2026-05-25,2026-06-01,31039,Cuming County,Nebraska,NE,quiet,7.3e-05,1990,44,501+,0.05,0.000188,2400,62,501+,0.04,0.03284,0.030642,0,0,0,,,
2026-05-25,2026-06-01,20205,Wilson County,Kansas,KS,quiet,7.3e-05,1991,72,501+,0.05,0.000233,2242,82,501+,0.05,0.032765,0.037364,0,0,0,,0.93,2023-24
2026-05-25,2026-06-01,39059,Guernsey County,Ohio,OH,quiet,7.3e-05,1992,57,501+,0.05,0.000489,1641,54,501+,0.09,0.032764,0.072941,0,0,0,,,
2026-05-25,2026-06-01,46041,Dewey County,South Dakota,SD,quiet,7.3e-05,1993,40,501+,0.05,0.000265,2138,49,501+,0.05,0.03272,0.042052,0,0,0,,0.92,2023-24
2026-05-25,2026-06-01,29109,Lawrence County,Missouri,MO,quiet,7.3e-05,1994,66,501+,0.05,0.000348,1910,63,501+,0.07,0.032699,0.053833,0,0,0,,0.829,2023-24
2026-05-25,2026-06-01,51009,Amherst County,Virginia,VA,quiet,7.3e-05,1995,74,501+,0.05,0.00025,2179,72,501+,0.05,0.03268,0.03984,0,0,0,,0.907,2023-24
2026-05-25,2026-06-01,54081,Raleigh County,West Virginia,WV,quiet,7.2e-05,1996,11,501+,0.05,0.000266,2134,12,501+,0.05,0.032663,0.042161,0,0,0,,,
2026-05-25,2026-06-01,51740,Portsmouth City,Virginia,VA,quiet,7.2e-05,1997,75,501+,0.05,0.000241,2215,75,501+,0.05,0.032651,0.038436,0,0,0,,0.695,2023-24
2026-05-25,2026-06-01,30005,Blaine County,Montana,MT,quiet,7.2e-05,1998,38,501+,0.05,0.00053,1589,24,501+,0.1,0.032497,0.0783,0,0,0,,,
2026-05-25,2026-06-01,47169,Trousdale County,Tennessee,TN,quiet,7.2e-05,1999,50,501+,0.05,0.000114,2702,79,501+,0.02,0.032476,0.019122,0,0,0,,0.907,2023-24
2026-05-25,2026-06-01,29055,Crawford County,Missouri,MO,quiet,7.2e-05,2000,67,501+,0.05,0.000853,1259,35,501+,0.16,0.032453,0.118139,0,0,0,,0.885,2023-24
2026-05-25,2026-06-01,39101,Marion County,Ohio,OH,quiet,7.2e-05,2001,58,501+,0.05,0.000766,1338,45,501+,0.15,0.032355,0.107829,0,0,0,,,
2026-05-25,2026-06-01,31083,Harlan County,Nebraska,NE,quiet,7.2e-05,2002,45,501+,0.05,0.000398,1806,34,501+,0.08,0.032304,0.06067,0,0,0,,,
2026-05-25,2026-06-01,40077,Latimer County,Oklahoma,OK,quiet,7.1e-05,2003,44,501+,0.05,0.000354,1895,46,501+,0.07,0.032258,0.054679,0,0,0,,0.9205,2023-24
2026-05-25,2026-06-01,39115,Morgan County,Ohio,OH,quiet,7.1e-05,2004,59,501+,0.05,0.000157,2520,68,501+,0.03,0.032167,0.025942,0,0,0,,,
2026-05-25,2026-06-01,26109,Menominee County,Michigan,MI,quiet,7.1e-05,2005,65,501+,0.05,0.000321,1979,62,501+,0.06,0.032138,0.050059,0,0,0,,0.868,2023-24
2026-05-25,2026-06-01,17185,Wabash County,Illinois,IL,quiet,7.1e-05,2006,56,501+,0.05,0.000185,2419,61,501+,0.04,0.032119,0.030162,0,0,0,,,
2026-05-25,2026-06-01,28141,Tishomingo County,Mississippi,MS,quiet,7.1e-05,2007,24,501+,0.05,0.00012,2668,66,501+,0.02,0.03208,0.020157,0,0,0,,,
2026-05-25,2026-06-01,31031,Cherry County,Nebraska,NE,quiet,7.1e-05,2008,46,501+,0.05,0.000175,2450,66,501+,0.03,0.032066,0.02861,0,0,0,,,
2026-05-25,2026-06-01,54057,Mineral County,West Virginia,WV,quiet,7.1e-05,2009,12,501+,0.05,0.000193,2383,13,501+,0.04,0.032062,0.031327,0,0,0,,,
2026-05-25,2026-06-01,29011,Barton County,Missouri,MO,quiet,7.1e-05,2010,68,501+,0.05,0.000999,1152,31,501+,0.19,0.032029,0.134852,0,0,0,,0.983,2023-24
2026-05-25,2026-06-01,19079,Hamilton County,Iowa,IA,quiet,7.1e-05,2011,40,501+,0.05,0.000263,2146,51,501+,0.05,0.032026,0.04163,0,0,0,,0.7173913,2023-24
2026-05-25,2026-06-01,47099,Lawrence County,Tennessee,TN,quiet,7.1e-05,2012,51,501+,0.05,0.000314,1995,53,501+,0.06,0.031931,0.049064,0,0,0,,0.924,2023-24
2026-05-25,2026-06-01,46095,Mellette County,South Dakota,SD,quiet,7.1e-05,2013,41,501+,0.05,0.000451,1704,35,501+,0.09,0.031922,0.067927,0,0,0,,0.94,2023-24
2026-05-25,2026-06-01,13257,Stephens County,Georgia,GA,quiet,7.1e-05,2014,79,501+,0.05,0.000418,1770,79,501+,0.08,0.031919,0.063405,0,0,0,,,
2026-05-25,2026-06-01,18007,Benton County,Indiana,IN,quiet,7.1e-05,2015,49,501+,0.05,0.000176,2447,58,501+,0.03,0.031919,0.028752,0,0,0,,,
2026-05-25,2026-06-01,27157,Wabasha County,Minnesota,MN,quiet,7.1e-05,2016,72,501+,0.05,0.00048,1657,54,501+,0.09,0.031865,0.071723,0,0,0,,0.908,2023-24
2026-05-25,2026-06-01,48169,Garza County,Texas,TX,quiet,7e-05,2017,208,501+,0.05,0.000874,1239,151,501+,0.17,0.031796,0.120662,0,0,2,60,0.97142857,2023-24
2026-05-25,2026-06-01,16039,Elmore County,Idaho,ID,quiet,7e-05,2018,39,501+,0.05,0.001152,1051,23,501+,0.22,0.031793,0.15153,0,0,0,,,
2026-05-25,2026-06-01,48307,McCulloch County,Texas,TX,quiet,7e-05,2019,209,501+,0.05,0.000555,1557,185,501+,0.11,0.031792,0.081622,0,0,0,,0.93975904,2023-24
2026-05-25,2026-06-01,29171,Putnam County,Missouri,MO,quiet,7e-05,2020,69,501+,0.05,0.000207,2335,82,501+,0.04,0.031787,0.033486,0,0,0,,0.985,2023-24
2026-05-25,2026-06-01,19161,Sac County,Iowa,IA,quiet,7e-05,2021,41,501+,0.05,0.000306,2013,39,501+,0.06,0.031786,0.047891,0,0,0,,0.91346154,2023-24
2026-05-25,2026-06-01,55013,Burnett County,Wisconsin,WI,quiet,7e-05,2022,50,501+,0.05,0.000263,2142,54,501+,0.05,0.031725,0.041709,0,0,0,,0.664,2023-24
2026-05-25,2026-06-01,48393,Roberts County,Texas,TX,quiet,7e-05,2023,210,501+,0.05,0.000408,1784,209,501+,0.08,0.031724,0.062023,0,0,0,,1.0,2023-24
2026-05-25,2026-06-01,02230,Skagway Municipality,Alaska,AK,quiet,7e-05,2024,21,501+,0.05,0.000131,2621,29,501+,0.03,0.031713,0.021905,0,0,0,,,
2026-05-25,2026-06-01,21103,Henry County,Kentucky,KY,quiet,7e-05,2025,36,501+,0.05,0.000302,2025,35,501+,0.06,0.031669,0.047323,0,0,0,,0.935,2022-23
2026-05-25,2026-06-01,20039,Decatur County,Kansas,KS,quiet,7e-05,2026,73,501+,0.05,0.000213,2311,87,501+,0.04,0.031597,0.034339,0,0,0,,0.74,2023-24
2026-05-25,2026-06-01,40107,Okfuskee County,Oklahoma,OK,quiet,7e-05,2027,45,501+,0.05,0.000256,2157,61,501+,0.05,0.03158,0.040691,0,0,0,,0.9323,2023-24
2026-05-25,2026-06-01,19169,Story County,Iowa,IA,quiet,7e-05,2028,42,501+,0.05,0.000326,1971,36,501+,0.06,0.031522,0.050702,0,0,0,,0.93880049,2023-24
2026-05-25,2026-06-01,31115,Loup County,Nebraska,NE,quiet,6.9e-05,2029,47,501+,0.05,0.000295,2046,44,501+,0.06,0.03145,0.046348,0,0,0,,,
2026-05-25,2026-06-01,31137,Phelps County,Nebraska,NE,quiet,6.9e-05,2030,48,501+,0.05,0.000323,1975,41,501+,0.06,0.031441,0.05024,0,0,0,,,
2026-05-25,2026-06-01,36077,Otsego County,New York,NY,quiet,6.9e-05,2031,53,501+,0.05,0.000201,2351,54,501+,0.04,0.031423,0.032583,0,0,0,,0.99677143,2022-23
2026-05-25,2026-06-01,37017,Bladen County,North Carolina,NC,quiet,6.9e-05,2032,66,501+,0.05,0.000249,2185,83,501+,0.05,0.031396,0.039665,0,0,0,,0.92920354,2022-23
2026-05-25,2026-06-01,47131,Obion County,Tennessee,TN,quiet,6.9e-05,2033,52,501+,0.05,0.000344,1926,49,501+,0.07,0.031356,0.053306,0,0,0,,0.99,2023-24
2026-05-25,2026-06-01,20125,Montgomery County,Kansas,KS,quiet,6.9e-05,2034,74,501+,0.05,0.000265,2140,77,501+,0.05,0.031344,0.041928,0,0,0,,0.93,2023-24
2026-05-25,2026-06-01,18023,Clinton County,Indiana,IN,quiet,6.9e-05,2035,50,501+,0.05,0.000503,1617,38,501+,0.1,0.031279,0.074849,0,0,0,,,
2026-05-25,2026-06-01,29017,Bollinger County,Missouri,MO,quiet,6.9e-05,2036,70,501+,0.05,0.000329,1961,64,501+,0.06,0.03127,0.051066,0,0,0,,0.914,2023-24
2026-05-25,2026-06-01,47109,McNairy County,Tennessee,TN,quiet,6.9e-05,2037,53,501+,0.05,0.000212,2319,62,501+,0.04,0.03121,0.034206,0,0,0,,0.947,2022-23
2026-05-25,2026-06-01,38045,LaMoure County,North Dakota,ND,quiet,6.9e-05,2038,37,501+,0.05,8.1e-05,2843,46,501+,0.02,0.031173,0.013954,0,0,0,,0.8,2023-24
2026-05-25,2026-06-01,20123,Mitchell County,Kansas,KS,quiet,6.9e-05,2039,75,501+,0.05,0.000297,2040,75,501+,0.06,0.03109,0.046558,0,0,0,,0.75,2023-24
2026-05-25,2026-06-01,31023,Butler County,Nebraska,NE,quiet,6.9e-05,2040,49,501+,0.05,0.000388,1825,35,501+,0.07,0.031058,0.059325,0,0,0,,,
2026-05-25,2026-06-01,13009,Baldwin County,Georgia,GA,quiet,6.8e-05,2041,80,501+,0.05,0.000284,2084,93,501+,0.05,0.031017,0.044741,0,0,0,,,
2026-05-25,2026-06-01,16047,Gooding County,Idaho,ID,quiet,6.8e-05,2042,40,501+,0.05,0.000531,1588,35,501+,0.1,0.030987,0.078541,0,0,0,,,
2026-05-25,2026-06-01,48011,Armstrong County,Texas,TX,quiet,6.8e-05,2043,211,501+,0.04,0.000219,2292,239,501+,0.04,0.030927,0.035188,0,0,0,,0.96,2023-24
2026-05-25,2026-06-01,18021,Clay County,Indiana,IN,quiet,6.8e-05,2044,51,501+,0.04,7.4e-05,2866,72,501+,0.01,0.030866,0.012851,0,0,0,,,
2026-05-25,2026-06-01,31147,Richardson County,Nebraska,NE,quiet,6.8e-05,2045,50,501+,0.04,0.000328,1965,40,501+,0.06,0.030839,0.050941,0,0,0,,,
2026-05-25,2026-06-01,46067,Hutchinson County,South Dakota,SD,quiet,6.8e-05,2046,42,501+,0.04,0.00034,1938,43,501+,0.07,0.030815,0.052645,0,0,0,,0.64,2023-24
2026-05-25,2026-06-01,40127,Pushmataha County,Oklahoma,OK,quiet,6.8e-05,2047,46,501+,0.04,0.00048,1655,32,501+,0.09,0.030768,0.071811,0,0,0,,0.8468,2023-24
2026-05-25,2026-06-01,13119,Franklin County,Georgia,GA,quiet,6.8e-05,2048,81,501+,0.04,0.000451,1705,76,501+,0.09,0.030767,0.067884,0,0,0,,,
2026-05-25,2026-06-01,13079,Crawford County,Georgia,GA,quiet,6.8e-05,2049,82,501+,0.04,0.000428,1743,78,501+,0.08,0.030751,0.064756,0,0,0,,,
2026-05-25,2026-06-01,31173,Thurston County,Nebraska,NE,quiet,6.8e-05,2050,51,501+,0.04,0.000422,1756,32,501+,0.08,0.030738,0.064061,0,0,0,,,
2026-05-25,2026-06-01,48455,Trinity County,Texas,TX,quiet,6.8e-05,2051,212,501+,0.04,0.000359,1883,218,501+,0.07,0.030727,0.055301,0,0,0,,0.9112426,2023-24
2026-05-25,2026-06-01,33019,Sullivan County,New Hampshire,NH,quiet,6.8e-05,2052,8,501+,0.04,0.000405,1790,8,501+,0.08,0.030684,0.061653,0,0,0,,,
2026-05-25,2026-06-01,01129,Washington County,Alabama,AL,quiet,6.8e-05,2053,38,501+,0.04,0.0002,2358,44,501+,0.04,0.030657,0.032342,0,0,0,,0.9153,2022-23
2026-05-25,2026-06-01,13271,Telfair County,Georgia,GA,quiet,6.7e-05,2054,83,501+,0.04,0.000386,1827,82,501+,0.07,0.030617,0.059096,0,0,0,,,
2026-05-25,2026-06-01,29059,Dallas County,Missouri,MO,quiet,6.7e-05,2055,71,501+,0.04,0.00028,2097,71,501+,0.05,0.030609,0.04419,0,0,0,,0.853,2023-24
2026-05-25,2026-06-01,51063,Floyd County,Virginia,VA,quiet,6.7e-05,2056,76,501+,0.04,0.00016,2507,90,501+,0.03,0.030606,0.026403,0,0,0,,0.795,2023-24
2026-05-25,2026-06-01,31005,Arthur County,Nebraska,NE,quiet,6.7e-05,2057,52,501+,0.04,0.000287,2074,48,501+,0.06,0.030604,0.045156,0,0,0,,,
2026-05-25,2026-06-01,29093,Iron County,Missouri,MO,quiet,6.7e-05,2058,72,501+,0.04,0.000295,2050,68,501+,0.06,0.030586,0.046313,0,0,0,,0.928,2023-24
2026-05-25,2026-06-01,20163,Rooks County,Kansas,KS,quiet,6.7e-05,2059,76,501+,0.04,0.000417,1772,62,501+,0.08,0.030551,0.063327,0,0,0,,0.97,2023-24
2026-05-25,2026-06-01,05069,Jefferson County,Arkansas,AR,quiet,6.7e-05,2060,34,501+,0.04,0.000498,1621,16,501+,0.1,0.030528,0.074147,0,0,0,,,
2026-05-25,2026-06-01,20029,Cloud County,Kansas,KS,quiet,6.7e-05,2061,77,501+,0.04,0.000397,1807,63,501+,0.08,0.030493,0.060565,0,0,0,,0.97,2023-24
2026-05-25,2026-06-01,48343,Morris County,Texas,TX,quiet,6.7e-05,2062,213,501+,0.04,0.00028,2100,232,501+,0.05,0.030493,0.044147,0,0,0,,0.96153846,2023-24
2026-05-25,2026-06-01,19175,Union County,Iowa,IA,quiet,6.7e-05,2063,43,501+,0.04,0.000245,2198,52,501+,0.05,0.030485,0.039096,0,0,0,,0.95555556,2023-24
2026-05-25,2026-06-01,30101,Toole County,Montana,MT,quiet,6.7e-05,2064,39,501+,0.04,0.000425,1751,30,501+,0.08,0.030336,0.064348,0,0,0,,,
2026-05-25,2026-06-01,21077,Gallatin County,Kentucky,KY,quiet,6.7e-05,2065,37,501+,0.04,0.000226,2270,39,501+,0.04,0.030306,0.036284,0,0,0,,0.932,2022-23
2026-05-25,2026-06-01,13003,Atkinson County,Georgia,GA,quiet,6.7e-05,2066,84,501+,0.04,0.000295,2051,91,501+,0.06,0.030273,0.046306,0,0,0,,,
2026-05-25,2026-06-01,17041,Douglas County,Illinois,IL,quiet,6.6e-05,2067,57,501+,0.04,0.000281,2096,47,501+,0.05,0.030189,0.044235,0,0,0,,,
2026-05-25,2026-06-01,29049,Clinton County,Missouri,MO,quiet,6.6e-05,2068,73,501+,0.04,0.000301,2028,67,501+,0.06,0.030184,0.047125,0,0,0,,0.9,2023-24
2026-05-25,2026-06-01,01037,Coosa County,Alabama,AL,quiet,6.6e-05,2069,39,501+,0.04,0.000145,2570,58,501+,0.03,0.030157,0.023982,0,0,0,,0.9859,2022-23
2026-05-25,2026-06-01,05095,Monroe County,Arkansas,AR,quiet,6.6e-05,2070,35,501+,0.04,0.000129,2628,57,501+,0.02,0.030138,0.021538,0,0,0,,,
2026-05-25,2026-06-01,08033,Dolores County,Colorado,CO,quiet,6.6e-05,2071,52,501+,0.04,0.000248,2191,53,501+,0.05,0.030126,0.039472,0,0,0,,0.5625,2023-24
2026-05-25,2026-06-01,20021,Cherokee County,Kansas,KS,quiet,6.6e-05,2072,78,501+,0.04,0.000341,1933,67,501+,0.07,0.030063,0.052766,0,0,0,,0.94,2023-24
2026-05-25,2026-06-01,51155,Pulaski County,Virginia,VA,quiet,6.6e-05,2073,77,501+,0.04,0.000229,2255,76,501+,0.04,0.030051,0.036742,0,0,0,,0.791,2023-24
2026-05-25,2026-06-01,48387,Red River County,Texas,TX,quiet,6.6e-05,2074,214,501+,0.04,0.000641,1461,174,501+,0.12,0.030044,0.092505,0,0,0,,0.91056911,2023-24
2026-05-25,2026-06-01,13249,Schley County,Georgia,GA,quiet,6.6e-05,2075,85,501+,0.04,0.000373,1854,83,501+,0.07,0.029988,0.057252,0,0,0,,,
2026-05-25,2026-06-01,54061,Monongalia County,West Virginia,WV,quiet,6.6e-05,2076,13,501+,0.04,0.000328,1962,10,501+,0.06,0.029948,0.051057,0,0,0,,,
2026-05-25,2026-06-01,36015,Chemung County,New York,NY,quiet,6.6e-05,2077,54,501+,0.04,0.000286,2078,50,501+,0.06,0.029912,0.044954,0,0,0,,0.997625,2022-23
2026-05-25,2026-06-01,55067,Langlade County,Wisconsin,WI,quiet,6.6e-05,2078,51,501+,0.04,0.000269,2130,53,501+,0.05,0.029911,0.042589,0,0,0,,0.781,2023-24
2026-05-25,2026-06-01,30087,Rosebud County,Montana,MT,quiet,6.6e-05,2079,40,501+,0.04,0.000546,1571,23,501+,0.11,0.029875,0.080453,0,0,0,,,
2026-05-25,2026-06-01,47077,Henderson County,Tennessee,TN,quiet,6.5e-05,2080,54,501+,0.04,0.000476,1666,37,501+,0.09,0.029758,0.071252,0,0,0,,0.949,2023-24
2026-05-25,2026-06-01,39027,Clinton County,Ohio,OH,quiet,6.5e-05,2081,60,501+,0.04,0.00039,1819,56,501+,0.08,0.029735,0.059634,0,0,0,,,
2026-05-25,2026-06-01,05089,Marion County,Arkansas,AR,quiet,6.5e-05,2082,36,501+,0.04,0.000167,2486,46,501+,0.03,0.029689,0.027403,0,0,0,,,
2026-05-25,2026-06-01,51580,Covington City,Virginia,VA,quiet,6.5e-05,2083,78,501+,0.04,0.00015,2545,92,501+,0.03,0.029639,0.024779,0,0,0,,0.845,2023-24
2026-05-25,2026-06-01,39141,Ross County,Ohio,OH,quiet,6.5e-05,2084,61,501+,0.04,0.000648,1451,50,501+,0.12,0.029608,0.093393,0,0,0,,,
2026-05-25,2026-06-01,47031,Coffee County,Tennessee,TN,quiet,6.5e-05,2085,55,501+,0.04,0.000744,1359,31,501+,0.14,0.029594,0.105245,0,0,0,,0.967,2023-24
2026-05-25,2026-06-01,31181,Webster County,Nebraska,NE,quiet,6.5e-05,2086,53,501+,0.04,0.000357,1886,37,501+,0.07,0.029589,0.055112,0,0,0,,,
2026-05-25,2026-06-01,35041,Roosevelt County,New Mexico,NM,quiet,6.5e-05,2087,24,501+,0.04,0.000547,1567,24,501+,0.11,0.029576,0.080599,0,0,0,,0.94,2018-19
2026-05-25,2026-06-01,17183,Vermilion County,Illinois,IL,quiet,6.5e-05,2088,58,501+,0.04,0.000299,2032,43,501+,0.06,0.029554,0.046842,0,0,0,,,
2026-05-25,2026-06-01,26143,Roscommon County,Michigan,MI,quiet,6.5e-05,2089,66,501+,0.04,0.000154,2534,70,501+,0.03,0.029553,0.025405,0,0,0,,0.8621,2023-24
2026-05-25,2026-06-01,46003,Aurora County,South Dakota,SD,quiet,6.5e-05,2090,43,501+,0.04,0.00034,1935,42,501+,0.07,0.029533,0.052744,0,0,0,,0.94,2023-24
2026-05-25,2026-06-01,47115,Marion County,Tennessee,TN,quiet,6.5e-05,2091,56,501+,0.04,0.000103,2748,83,501+,0.02,0.029524,0.01738,0,0,0,,0.965,2023-24
2026-05-25,2026-06-01,54021,Gilmer County,West Virginia,WV,quiet,6.5e-05,2092,14,501+,0.04,9.3e-05,2787,23,501+,0.02,0.029485,0.015781,0,0,0,,,
2026-05-25,2026-06-01,40147,Washington County,Oklahoma,OK,quiet,6.5e-05,2093,47,501+,0.04,0.000427,1747,36,501+,0.08,0.029435,0.06461,0,0,0,,0.902,2023-24
2026-05-25,2026-06-01,30025,Fallon County,Montana,MT,quiet,6.4e-05,2094,41,501+,0.04,0.000153,2537,46,501+,0.03,0.02937,0.025313,0,0,0,,,
2026-05-25,2026-06-01,51820,Waynesboro City,Virginia,VA,quiet,6.4e-05,2095,79,501+,0.04,0.000563,1551,44,501+,0.11,0.029343,0.082577,0,0,0,,0.937,2023-24
2026-05-25,2026-06-01,18149,Starke County,Indiana,IN,quiet,6.4e-05,2096,52,501+,0.04,0.000128,2632,64,501+,0.02,0.029342,0.021434,0,0,0,,,
2026-05-25,2026-06-01,51097,King and Queen County,Virginia,VA,quiet,6.4e-05,2097,80,501+,0.04,0.000127,2637,100,501+,0.02,0.029312,0.021258,0,0,0,,0.953,2023-24
2026-05-25,2026-06-01,37165,Scotland County,North Carolina,NC,quiet,6.4e-05,2098,67,501+,0.04,0.000192,2387,90,501+,0.04,0.0293,0.031148,0,0,0,,0.95899054,2022-23
2026-05-25,2026-06-01,55029,Door County,Wisconsin,WI,quiet,6.4e-05,2099,52,501+,0.04,0.000166,2490,61,501+,0.03,0.029273,0.027212,0,0,0,,0.746,2023-24
2026-05-25,2026-06-01,18153,Sullivan County,Indiana,IN,quiet,6.4e-05,2100,53,501+,0.04,0.000266,2135,54,501+,0.05,0.029203,0.042153,0,0,0,,,
2026-05-25,2026-06-01,41021,Gilliam County,Oregon,OR,quiet,6.4e-05,2101,32,501+,0.04,0.000188,2402,34,501+,0.04,0.029121,0.030607,0,0,0,,0.85,2023-24
2026-05-25,2026-06-01,29129,Mercer County,Missouri,MO,quiet,6.4e-05,2102,74,501+,0.04,0.000409,1782,57,501+,0.08,0.029091,0.062289,0,0,0,,0.891,2023-24
2026-05-25,2026-06-01,12125,Union County,Florida,FL,quiet,6.4e-05,2103,61,501+,0.04,0.000309,2010,61,501+,0.06,0.029074,0.048296,0,0,0,,0.961,2022-23
2026-05-25,2026-06-01,06105,Trinity County,California,CA,quiet,6.4e-05,2104,58,501+,0.04,0.000481,1652,54,501+,0.09,0.029044,0.071927,0,0,0,,0.87586,2023-24
2026-05-25,2026-06-01,22031,De Soto Parish,Louisiana,LA,quiet,6.4e-05,2105,36,501+,0.04,8.9e-05,2806,59,501+,0.02,0.029044,0.015186,0,0,0,,0.915,2021-22
2026-05-25,2026-06-01,48101,Cottle County,Texas,TX,quiet,6.3e-05,2106,215,501+,0.04,0.000328,1964,222,501+,0.06,0.028967,0.050963,0,0,0,,0.88888889,2023-24
2026-05-25,2026-06-01,48435,Sutton County,Texas,TX,quiet,6.3e-05,2107,216,501+,0.04,0.000974,1169,134,501+,0.19,0.028895,0.132104,0,0,0,,0.9787234,2023-24
2026-05-25,2026-06-01,45009,Bamberg County,South Carolina,SC,quiet,6.3e-05,2108,32,501+,0.04,0.000573,1536,30,501+,0.11,0.028893,0.083856,0,0,0,,0.985,2023-24
2026-05-25,2026-06-01,01067,Henry County,Alabama,AL,quiet,6.3e-05,2109,40,501+,0.04,0.000141,2587,60,501+,0.03,0.028833,0.023406,0,0,0,,0.9417,2022-23
2026-05-25,2026-06-01,31065,Furnas County,Nebraska,NE,quiet,6.3e-05,2110,54,501+,0.04,0.000234,2239,54,501+,0.05,0.028825,0.037452,0,0,0,,,
2026-05-25,2026-06-01,18123,Perry County,Indiana,IN,quiet,6.3e-05,2111,54,501+,0.04,0.000211,2324,57,501+,0.04,0.028749,0.034078,0,0,0,,,
2026-05-25,2026-06-01,20025,Clark County,Kansas,KS,quiet,6.3e-05,2112,79,501+,0.04,0.000211,2325,88,501+,0.04,0.028671,0.034073,0,0,0,,0.87,2023-24
2026-05-25,2026-06-01,13083,Dade County,Georgia,GA,quiet,6.3e-05,2113,86,501+,0.04,0.000237,2225,108,501+,0.05,0.028669,0.037859,0,0,0,,,
2026-05-25,2026-06-01,31127,Nemaha County,Nebraska,NE,quiet,6.3e-05,2114,55,501+,0.04,0.000229,2258,56,501+,0.04,0.028608,0.03668,0,0,0,,,
2026-05-25,2026-06-01,30075,Powder River County,Montana,MT,quiet,6.3e-05,2115,42,501+,0.04,0.000224,2275,42,501+,0.04,0.028576,0.036035,0,0,0,,,
2026-05-25,2026-06-01,39161,Van Wert County,Ohio,OH,quiet,6.2e-05,2116,62,501+,0.04,0.000207,2334,62,501+,0.04,0.028569,0.033487,0,0,0,,,
2026-05-25,2026-06-01,31093,Howard County,Nebraska,NE,quiet,6.2e-05,2117,56,501+,0.04,0.000278,2107,50,501+,0.05,0.028568,0.043794,0,0,0,,,
2026-05-25,2026-06-01,40011,Blaine County,Oklahoma,OK,quiet,6.2e-05,2118,48,501+,0.04,0.00034,1936,47,501+,0.07,0.028557,0.052689,0,0,0,,0.8539,2023-24
2026-05-25,2026-06-01,47039,Decatur County,Tennessee,TN,quiet,6.2e-05,2119,57,501+,0.04,0.000161,2506,70,501+,0.03,0.028541,0.026497,0,0,0,,0.922,2023-24
2026-05-25,2026-06-01,40089,McCurtain County,Oklahoma,OK,quiet,6.2e-05,2120,49,501+,0.04,0.000256,2156,60,501+,0.05,0.028532,0.040734,0,0,0,,0.8534,2023-24
2026-05-25,2026-06-01,27065,Kanabec County,Minnesota,MN,quiet,6.2e-05,2121,73,501+,0.04,0.00022,2286,76,501+,0.04,0.028465,0.035392,0,0,0,,0.842,2023-24
2026-05-25,2026-06-01,45005,Allendale County,South Carolina,SC,quiet,6.2e-05,2122,33,501+,0.04,0.000357,1888,35,501+,0.07,0.028444,0.055026,0,0,0,,0.96,2023-24
2026-05-25,2026-06-01,13261,Sumter County,Georgia,GA,quiet,6.2e-05,2123,87,501+,0.04,0.000184,2421,125,501+,0.04,0.028412,0.030002,0,0,0,,,
2026-05-25,2026-06-01,19035,Cherokee County,Iowa,IA,quiet,6.2e-05,2124,44,501+,0.04,0.000312,2003,38,501+,0.06,0.028362,0.048774,0,0,0,,0.91946309,2023-24
2026-05-25,2026-06-01,29117,Livingston County,Missouri,MO,quiet,6.2e-05,2125,75,501+,0.04,0.000283,2090,70,501+,0.05,0.028345,0.044512,0,0,0,,0.915,2023-24
2026-05-25,2026-06-01,31091,Hooker County,Nebraska,NE,quiet,6.2e-05,2126,57,501+,0.04,0.000188,2405,63,501+,0.04,0.028336,0.030544,0,0,0,,,
2026-05-25,2026-06-01,46077,Kingsbury County,South Dakota,SD,quiet,6.2e-05,2127,44,501+,0.04,0.000495,1627,30,501+,0.1,0.028268,0.073752,0,0,0,,0.9,2023-24
2026-05-25,2026-06-01,48197,Hardeman County,Texas,TX,quiet,6.2e-05,2128,217,501+,0.04,0.00109,1089,128,501+,0.21,0.028182,0.144902,0,0,1,56,1.0,2023-24
2026-05-25,2026-06-01,37077,Granville County,North Carolina,NC,quiet,6.2e-05,2129,68,501+,0.04,0.000357,1887,72,501+,0.07,0.028174,0.055042,0,0,0,,0.97538462,2022-23
2026-05-25,2026-06-01,31089,Holt County,Nebraska,NE,quiet,6.1e-05,2130,58,501+,0.04,0.000228,2260,57,501+,0.04,0.028126,0.036612,0,0,0,,,
2026-05-25,2026-06-01,22001,Acadia Parish,Louisiana,LA,quiet,6.1e-05,2131,37,501+,0.04,0.000286,2076,32,501+,0.06,0.028118,0.045046,0,0,0,,0.902,2021-22
2026-05-25,2026-06-01,05003,Ashley County,Arkansas,AR,quiet,6.1e-05,2132,37,501+,0.04,0.000142,2579,54,501+,0.03,0.028076,0.023616,0,0,0,,,
2026-05-25,2026-06-01,54029,Hancock County,West Virginia,WV,quiet,6.1e-05,2133,15,501+,0.04,0.000278,2106,11,501+,0.05,0.028075,0.043893,0,0,0,,,
2026-05-25,2026-06-01,50009,Essex County,Vermont,VT,quiet,6.1e-05,2134,12,501+,0.04,0.000212,2323,13,501+,0.04,0.028056,0.034141,0,0,0,,,
2026-05-25,2026-06-01,25015,Hampshire County,Massachusetts,MA,quiet,6.1e-05,2135,14,501+,0.04,0.001475,905,10,501+,0.28,0.028022,0.184591,0,0,0,,0.966,2023-24
2026-05-25,2026-06-01,40041,Delaware County,Oklahoma,OK,quiet,6.1e-05,2136,50,501+,0.04,0.000424,1752,37,501+,0.08,0.027986,0.064274,0,0,0,,0.9267,2023-24
2026-05-25,2026-06-01,26153,Schoolcraft County,Michigan,MI,quiet,6.1e-05,2137,67,501+,0.04,0.000269,2129,64,501+,0.05,0.027968,0.04261,0,0,0,,0.9194,2023-24
2026-05-25,2026-06-01,30085,Roosevelt County,Montana,MT,quiet,6.1e-05,2138,43,501+,0.04,0.000655,1437,20,501+,0.13,0.027917,0.094312,0,0,0,,,
2026-05-25,2026-06-01,13095,Dougherty County,Georgia,GA,quiet,6.1e-05,2139,88,501+,0.04,0.000256,2159,97,501+,0.05,0.027912,0.040669,0,0,0,,,
2026-05-25,2026-06-01,51680,Lynchburg City,Virginia,VA,quiet,6.1e-05,2140,81,501+,0.04,0.000249,2184,73,501+,0.05,0.027868,0.039711,0,0,0,,0.522,2023-24
2026-05-25,2026-06-01,17013,Calhoun County,Illinois,IL,quiet,6.1e-05,2141,59,501+,0.04,0.000147,2563,66,501+,0.03,0.027846,0.024293,0,0,0,,,
2026-05-25,2026-06-01,29105,Laclede County,Missouri,MO,quiet,6.1e-05,2142,76,501+,0.04,0.00031,2007,66,501+,0.06,0.027844,0.048432,0,0,0,,0.934,2023-24
2026-05-25,2026-06-01,31007,Banner County,Nebraska,NE,quiet,6.1e-05,2143,59,501+,0.04,0.000272,2124,51,501+,0.05,0.02782,0.042939,0,0,0,,,
2026-05-25,2026-06-01,21039,Carlisle County,Kentucky,KY,quiet,6.1e-05,2144,38,501+,0.04,0.000196,2370,44,501+,0.04,0.027813,0.031781,0,0,0,,0.857,2022-23
2026-05-25,2026-06-01,21009,Barren County,Kentucky,KY,quiet,6.1e-05,2145,39,501+,0.04,0.000306,2017,34,501+,0.06,0.027805,0.047823,0,0,0,,0.9,2022-23
2026-05-25,2026-06-01,47127,Moore County,Tennessee,TN,quiet,6.1e-05,2146,58,501+,0.04,0.000109,2721,82,501+,0.02,0.027758,0.018329,0,0,0,,0.917,2023-24
2026-05-25,2026-06-01,02150,Kodiak Island Borough,Alaska,AK,quiet,6e-05,2147,22,501+,0.04,0.000624,1474,9,501+,0.12,0.027684,0.090352,0,0,0,,,
2026-05-25,2026-06-01,26095,Luce County,Michigan,MI,quiet,6e-05,2148,68,501+,0.04,0.00047,1677,57,501+,0.09,0.027666,0.070399,0,0,0,,0.94,2023-24
2026-05-25,2026-06-01,13197,Marion County,Georgia,GA,quiet,6e-05,2149,89,501+,0.04,0.000274,2117,95,501+,0.05,0.02765,0.043242,0,0,0,,,
2026-05-25,2026-06-01,18073,Jasper County,Indiana,IN,quiet,6e-05,2150,55,501+,0.04,0.000518,1600,37,501+,0.1,0.027636,0.076834,0,0,0,,,
2026-05-25,2026-06-01,40023,Choctaw County,Oklahoma,OK,quiet,6e-05,2151,51,501+,0.04,0.000369,1862,43,501+,0.07,0.027592,0.056792,0,0,0,,0.8271,2023-24
2026-05-25,2026-06-01,48243,Jeff Davis County,Texas,TX,quiet,6e-05,2152,218,501+,0.04,0.000306,2015,225,501+,0.06,0.027551,0.047878,0,0,0,,0.94285714,2023-24
2026-05-25,2026-06-01,30037,Golden Valley County,Montana,MT,quiet,6e-05,2153,44,501+,0.04,0.000191,2390,44,501+,0.04,0.027491,0.031022,0,0,0,,,
2026-05-25,2026-06-01,37065,Edgecombe County,North Carolina,NC,quiet,6e-05,2154,69,501+,0.04,0.000609,1490,58,501+,0.12,0.02749,0.088539,0,0,0,,0.92424242,2022-23
2026-05-25,2026-06-01,19091,Humboldt County,Iowa,IA,quiet,6e-05,2155,45,501+,0.04,0.000187,2406,66,501+,0.04,0.027464,0.030493,0,0,0,,0.74615385,2023-24
2026-05-25,2026-06-01,28037,Franklin County,Mississippi,MS,quiet,6e-05,2156,25,501+,0.04,0.000183,2425,47,501+,0.04,0.027463,0.029854,0,0,0,,,
2026-05-25,2026-06-01,20005,Atchison County,Kansas,KS,quiet,6e-05,2157,80,501+,0.04,0.000247,2194,78,501+,0.05,0.027432,0.039326,0,0,0,,0.87,2023-24
2026-05-25,2026-06-01,13319,Wilkinson County,Georgia,GA,quiet,6e-05,2158,90,501+,0.04,0.000157,2518,129,501+,0.03,0.02737,0.025957,0,0,0,,,
2026-05-25,2026-06-01,28159,Winston County,Mississippi,MS,quiet,6e-05,2159,26,501+,0.04,0.000168,2482,51,501+,0.03,0.027365,0.027555,0,0,0,,,
2026-05-25,2026-06-01,41015,Curry County,Oregon,OR,quiet,6e-05,2160,33,501+,0.04,0.000283,2089,33,501+,0.05,0.027349,0.044518,0,0,0,,0.842,2023-24
2026-05-25,2026-06-01,26137,Otsego County,Michigan,MI,quiet,6e-05,2161,69,501+,0.04,0.000254,2165,66,501+,0.05,0.027347,0.040342,0,0,0,,0.8905,2023-24
2026-05-25,2026-06-01,37115,Madison County,North Carolina,NC,quiet,6e-05,2162,70,501+,0.04,0.00054,1581,61,501+,0.1,0.027346,0.079689,0,0,0,,0.88700565,2022-23
2026-05-25,2026-06-01,18177,Wayne County,Indiana,IN,quiet,5.9e-05,2163,56,501+,0.04,0.000573,1532,34,501+,0.11,0.027286,0.083909,0,0,0,,,
2026-05-25,2026-06-01,53031,Jefferson County,Washington,WA,quiet,5.9e-05,2164,37,501+,0.04,0.000326,1968,37,501+,0.06,0.027249,0.050771,0,0,0,,0.79166667,2023-24
2026-05-25,2026-06-01,48411,San Saba County,Texas,TX,quiet,5.9e-05,2165,219,501+,0.04,0.000767,1336,162,501+,0.15,0.02722,0.107933,0,0,0,,0.97468354,2023-24
2026-05-25,2026-06-01,19179,Wapello County,Iowa,IA,quiet,5.9e-05,2166,46,501+,0.04,0.000263,2144,50,501+,0.05,0.027143,0.041677,0,0,0,,0.88842975,2023-24
2026-05-25,2026-06-01,53049,Pacific County,Washington,WA,quiet,5.9e-05,2167,38,501+,0.04,0.000235,2233,39,501+,0.05,0.027126,0.037634,0,0,0,,0.82513661,2023-24
2026-05-25,2026-06-01,17157,Randolph County,Illinois,IL,quiet,5.9e-05,2168,60,501+,0.04,0.00029,2068,44,501+,0.06,0.027089,0.045532,0,0,0,,,
2026-05-25,2026-06-01,19027,Carroll County,Iowa,IA,quiet,5.9e-05,2169,47,501+,0.04,0.000165,2493,68,501+,0.03,0.027078,0.027138,0,0,0,,0.92026578,2023-24
2026-05-25,2026-06-01,46007,Bennett County,South Dakota,SD,quiet,5.9e-05,2170,45,501+,0.04,0.000232,2249,51,501+,0.04,0.027013,0.037111,0,0,0,,0.73,2023-24
2026-05-25,2026-06-01,47035,Cumberland County,Tennessee,TN,quiet,5.9e-05,2171,59,501+,0.04,0.000251,2174,57,501+,0.05,0.026993,0.039985,0,0,0,,0.962,2023-24
2026-05-25,2026-06-01,53019,Ferry County,Washington,WA,quiet,5.9e-05,2172,39,501+,0.04,0.000592,1506,35,501+,0.11,0.026943,0.086284,0,0,0,,0.86666667,2023-24
2026-05-25,2026-06-01,36121,Wyoming County,New York,NY,quiet,5.9e-05,2173,55,501+,0.04,0.000271,2126,53,501+,0.05,0.026941,0.042789,0,0,0,,0.99705882,2022-23
2026-05-25,2026-06-01,22085,Sabine Parish,Louisiana,LA,quiet,5.9e-05,2174,38,501+,0.04,0.000155,2530,47,501+,0.03,0.026929,0.025634,0,0,0,,0.937,2021-22
2026-05-25,2026-06-01,20003,Anderson County,Kansas,KS,quiet,5.9e-05,2175,81,501+,0.04,0.000225,2274,85,501+,0.04,0.026928,0.036168,0,0,0,,0.82,2023-24
2026-05-25,2026-06-01,19137,Montgomery County,Iowa,IA,quiet,5.8e-05,2176,48,501+,0.04,0.000227,2268,58,501+,0.04,0.026898,0.036432,0,0,0,,0.93333333,2023-24
2026-05-25,2026-06-01,40019,Carter County,Oklahoma,OK,quiet,5.8e-05,2177,52,501+,0.04,0.000355,1892,45,501+,0.07,0.026872,0.05476,0,0,0,,0.8881,2023-24
2026-05-25,2026-06-01,54011,Cabell County,West Virginia,WV,quiet,5.8e-05,2178,16,501+,0.04,0.000402,1795,8,501+,0.08,0.026844,0.061326,0,0,0,,,
2026-05-25,2026-06-01,28063,Jefferson County,Mississippi,MS,quiet,5.8e-05,2179,27,501+,0.04,0.000349,1907,18,501+,0.07,0.026835,0.053926,0,0,0,,,
2026-05-25,2026-06-01,51159,Richmond County,Virginia,VA,quiet,5.8e-05,2180,82,501+,0.04,0.000101,2752,106,501+,0.02,0.026791,0.017197,0,0,0,,0.885,2023-24
2026-05-25,2026-06-01,37047,Columbus County,North Carolina,NC,quiet,5.8e-05,2181,71,501+,0.04,0.000613,1484,57,501+,0.12,0.026778,0.089035,0,0,0,,0.93243243,2022-23
2026-05-25,2026-06-01,39117,Morrow County,Ohio,OH,quiet,5.8e-05,2182,63,501+,0.04,0.000211,2326,61,501+,0.04,0.02677,0.03402,0,0,0,,,
2026-05-25,2026-06-01,05105,Perry County,Arkansas,AR,quiet,5.8e-05,2183,38,501+,0.04,0.000172,2462,42,501+,0.03,0.026742,0.028178,0,0,0,,,
2026-05-25,2026-06-01,23017,Oxford County,Maine,ME,quiet,5.8e-05,2184,13,501+,0.04,0.000447,1714,12,501+,0.09,0.026699,0.067413,0,0,0,,0.9841,2023-24
2026-05-25,2026-06-01,20077,Harper County,Kansas,KS,quiet,5.8e-05,2185,82,501+,0.04,0.000185,2418,91,501+,0.04,0.026663,0.030212,0,0,0,,0.7,2023-24
2026-05-25,2026-06-01,40065,Jackson County,Oklahoma,OK,quiet,5.8e-05,2186,53,501+,0.04,0.000125,2646,74,501+,0.02,0.02664,0.020916,0,0,0,,0.9587,2023-24
2026-05-25,2026-06-01,26039,Crawford County,Michigan,MI,quiet,5.8e-05,2187,70,501+,0.04,0.000171,2470,69,501+,0.03,0.026597,0.027965,0,0,0,,0.8866,2023-24
2026-05-25,2026-06-01,46069,Hyde County,South Dakota,SD,quiet,5.8e-05,2188,46,501+,0.04,0.000155,2533,57,501+,0.03,0.02659,0.025528,0,0,0,,0.9,2023-24
2026-05-25,2026-06-01,28039,George County,Mississippi,MS,quiet,5.8e-05,2189,28,501+,0.04,0.000198,2362,40,501+,0.04,0.026567,0.032163,0,0,0,,,
2026-05-25,2026-06-01,48123,DeWitt County,Texas,TX,quiet,5.8e-05,2190,220,501+,0.04,0.000342,1931,220,501+,0.07,0.026559,0.052991,0,0,0,,0.97252747,2023-24
2026-05-25,2026-06-01,19129,Mills County,Iowa,IA,quiet,5.8e-05,2191,49,501+,0.04,0.000196,2368,64,501+,0.04,0.026557,0.031876,0,0,0,,0.95212766,2023-24
2026-05-25,2026-06-01,01023,Choctaw County,Alabama,AL,quiet,5.8e-05,2192,41,501+,0.04,0.00018,2433,50,501+,0.03,0.026525,0.02946,0,0,0,,0.8929,2022-23
2026-05-25,2026-06-01,22061,Lincoln Parish,Louisiana,LA,quiet,5.8e-05,2193,39,501+,0.04,0.000243,2207,37,501+,0.05,0.026507,0.038739,0,0,0,,0.978,2021-22
2026-05-25,2026-06-01,48095,Concho County,Texas,TX,quiet,5.8e-05,2194,221,501+,0.04,0.000582,1516,180,501+,0.11,0.026498,0.085033,0,0,0,,1.0,2023-24
2026-05-25,2026-06-01,22037,East Feliciana Parish,Louisiana,LA,quiet,5.7e-05,2195,40,501+,0.04,0.000187,2408,44,501+,0.04,0.026484,0.030438,0,0,0,,0.944,2021-22
2026-05-25,2026-06-01,24001,Allegany County,Maryland,MD,quiet,5.7e-05,2196,20,501+,0.04,0.000322,1976,19,501+,0.06,0.026389,0.0502,0,0,0,,0.993,2023-24
2026-05-25,2026-06-01,19087,Henry County,Iowa,IA,quiet,5.7e-05,2197,50,501+,0.04,0.000418,1769,28,501+,0.08,0.026344,0.063412,0,0,0,,0.89944134,2023-24
2026-05-25,2026-06-01,46102,Oglala Lakota County,South Dakota,SD,quiet,5.7e-05,2198,47,501+,0.04,0.000765,1339,21,501+,0.15,0.0263,0.10771,0,0,0,,0.85,2023-24
2026-05-25,2026-06-01,13037,Calhoun County,Georgia,GA,quiet,5.7e-05,2199,91,501+,0.04,0.000251,2175,100,501+,0.05,0.026282,0.039975,0,0,0,,,
2026-05-25,2026-06-01,36025,Delaware County,New York,NY,quiet,5.7e-05,2200,56,501+,0.04,9.5e-05,2774,59,501+,0.02,0.026263,0.016251,0,0,0,,0.9967931,2022-23
2026-05-25,2026-06-01,13289,Twiggs County,Georgia,GA,quiet,5.7e-05,2201,92,501+,0.04,0.00025,2180,102,501+,0.05,0.026154,0.039814,0,0,0,,,
2026-05-25,2026-06-01,22069,Natchitoches Parish,Louisiana,LA,quiet,5.7e-05,2202,41,501+,0.04,0.000393,1811,27,501+,0.08,0.026142,0.060083,0,0,0,,0.919,2021-22
2026-05-25,2026-06-01,22043,Grant Parish,Louisiana,LA,quiet,5.7e-05,2203,42,501+,0.04,0.000241,2213,38,501+,0.05,0.026089,0.038458,0,0,0,,0.977,2021-22
2026-05-25,2026-06-01,29177,Ray County,Missouri,MO,quiet,5.6e-05,2204,77,501+,0.04,0.000446,1716,55,501+,0.09,0.026074,0.067198,0,0,0,,0.921,2023-24
2026-05-25,2026-06-01,47183,Weakley County,Tennessee,TN,quiet,5.6e-05,2205,60,501+,0.04,0.000174,2456,66,501+,0.03,0.026041,0.028451,0,0,0,,0.963,2023-24
2026-05-25,2026-06-01,55017,Chippewa County,Wisconsin,WI,quiet,5.6e-05,2206,53,501+,0.04,0.000559,1552,41,501+,0.11,0.026041,0.082135,0,0,0,,0.768,2023-24
2026-05-25,2026-06-01,29119,McDonald County,Missouri,MO,quiet,5.6e-05,2207,78,501+,0.04,0.000948,1191,32,501+,0.18,0.026036,0.129107,0,0,0,,0.951,2023-24
2026-05-25,2026-06-01,08009,Baca County,Colorado,CO,quiet,5.6e-05,2208,53,501+,0.04,0.000319,1988,50,501+,0.06,0.02603,0.049744,0,0,0,,0.9048,2023-24
2026-05-25,2026-06-01,51143,Pittsylvania County,Virginia,VA,quiet,5.6e-05,2209,83,501+,0.04,0.000294,2054,67,501+,0.06,0.025979,0.046224,0,0,0,,0.963,2023-24
2026-05-25,2026-06-01,21137,Lincoln County,Kentucky,KY,quiet,5.6e-05,2210,40,501+,0.04,0.000132,2619,56,501+,0.03,0.025947,0.02194,0,0,0,,0.923,2022-23
2026-05-25,2026-06-01,31049,Deuel County,Nebraska,NE,quiet,5.6e-05,2211,60,501+,0.04,0.000291,2062,46,501+,0.06,0.025869,0.045752,0,0,0,,,
2026-05-25,2026-06-01,40091,McIntosh County,Oklahoma,OK,quiet,5.6e-05,2212,54,501+,0.04,0.000209,2331,66,501+,0.04,0.025868,0.033675,0,0,0,,0.867,2023-24
2026-05-25,2026-06-01,28083,Leflore County,Mississippi,MS,quiet,5.6e-05,2213,29,501+,0.04,0.000405,1787,14,501+,0.08,0.025798,0.061749,0,0,0,,,
2026-05-25,2026-06-01,48313,Madison County,Texas,TX,quiet,5.6e-05,2214,222,501+,0.04,0.000177,2444,242,501+,0.03,0.02578,0.028939,0,0,0,,0.99489796,2023-24
2026-05-25,2026-06-01,05057,Hempstead County,Arkansas,AR,quiet,5.6e-05,2215,39,501+,0.04,0.00011,2718,64,501+,0.02,0.025757,0.018539,0,0,0,,,
2026-05-25,2026-06-01,05117,Prairie County,Arkansas,AR,quiet,5.6e-05,2216,40,501+,0.04,0.000167,2484,44,501+,0.03,0.02573,0.027444,0,0,0,,,
2026-05-25,2026-06-01,40005,Atoka County,Oklahoma,OK,quiet,5.6e-05,2217,55,501+,0.04,0.000266,2137,58,501+,0.05,0.025717,0.042123,0,0,0,,0.8235,2023-24
2026-05-25,2026-06-01,05087,Madison County,Arkansas,AR,quiet,5.6e-05,2218,41,501+,0.04,0.00014,2592,56,501+,0.03,0.025685,0.023211,0,0,0,,,
2026-05-25,2026-06-01,01085,Lowndes County,Alabama,AL,quiet,5.5e-05,2219,42,501+,0.04,0.000171,2469,52,501+,0.03,0.02565,0.027989,0,0,0,,0.9265,2022-23
2026-05-25,2026-06-01,54107,Wood County,West Virginia,WV,quiet,5.5e-05,2220,17,501+,0.04,9.3e-05,2783,22,501+,0.02,0.025583,0.0159,0,0,0,,,
2026-05-25,2026-06-01,13023,Bleckley County,Georgia,GA,quiet,5.5e-05,2221,93,501+,0.04,0.000231,2253,109,501+,0.04,0.025537,0.036977,0,0,0,,,
2026-05-25,2026-06-01,54065,Morgan County,West Virginia,WV,quiet,5.5e-05,2222,18,501+,0.04,0.000159,2515,14,501+,0.03,0.025527,0.026116,0,0,0,,,
2026-05-25,2026-06-01,08111,San Juan County,Colorado,CO,quiet,5.5e-05,2223,54,501+,0.04,0.000158,2516,57,501+,0.03,0.025524,0.025992,0,0,0,,1.0,2023-24
2026-05-25,2026-06-01,01047,Dallas County,Alabama,AL,quiet,5.5e-05,2224,43,501+,0.04,0.000361,1876,34,501+,0.07,0.025503,0.055647,0,0,0,,0.9353,2022-23
2026-05-25,2026-06-01,48131,Duval County,Texas,TX,quiet,5.5e-05,2225,223,501+,0.04,0.000668,1424,168,501+,0.13,0.025485,0.095897,0,0,0,,0.9765625,2023-24
2026-05-25,2026-06-01,02060,Bristol Bay Borough,Alaska,AK,quiet,5.5e-05,2226,23,501+,0.04,0.0003,2029,20,501+,0.06,0.025461,0.047018,0,0,0,,,
2026-05-25,2026-06-01,19125,Marion County,Iowa,IA,quiet,5.5e-05,2227,51,501+,0.04,0.00029,2067,45,501+,0.06,0.02544,0.045563,0,0,0,,0.86445013,2023-24
2026-05-25,2026-06-01,47023,Chester County,Tennessee,TN,quiet,5.5e-05,2228,61,501+,0.04,0.000172,2464,69,501+,0.03,0.025386,0.028132,0,0,0,,0.903,2023-24
2026-05-25,2026-06-01,48437,Swisher County,Texas,TX,quiet,5.5e-05,2229,224,501+,0.04,0.001554,878,97,501+,0.3,0.025376,0.192143,0,0,0,,0.95604396,2023-24
2026-05-25,2026-06-01,21215,Spencer County,Kentucky,KY,quiet,5.5e-05,2230,41,501+,0.04,0.000313,2001,33,501+,0.06,0.025364,0.048816,0,0,0,,0.961,2022-23
2026-05-25,2026-06-01,19141,O'Brien County,Iowa,IA,quiet,5.5e-05,2231,52,501+,0.04,0.000216,2301,60,501+,0.04,0.025319,0.034781,0,0,0,,0.87439614,2023-24
2026-05-25,2026-06-01,19021,Buena Vista County,Iowa,IA,quiet,5.5e-05,2232,53,501+,0.04,0.000185,2420,67,501+,0.04,0.025267,0.030141,0,0,0,,0.89583333,2023-24
2026-05-25,2026-06-01,40075,Kiowa County,Oklahoma,OK,quiet,5.5e-05,2233,56,501+,0.04,0.000358,1885,44,501+,0.07,0.025261,0.055241,0,0,0,,0.9381,2023-24
2026-05-25,2026-06-01,18093,Lawrence County,Indiana,IN,quiet,5.5e-05,2234,57,501+,0.04,0.000285,2079,51,501+,0.06,0.02526,0.044937,0,0,0,,,
2026-05-25,2026-06-01,39065,Hardin County,Ohio,OH,quiet,5.4e-05,2235,64,501+,0.04,0.000129,2631,69,501+,0.02,0.025228,0.021494,0,0,0,,,
2026-05-25,2026-06-01,19041,Clay County,Iowa,IA,quiet,5.4e-05,2236,54,501+,0.04,0.00023,2254,56,501+,0.04,0.025214,0.036823,0,0,0,,0.92626728,2023-24
2026-05-25,2026-06-01,23013,Knox County,Maine,ME,quiet,5.4e-05,2237,14,501+,0.04,0.000219,2293,14,501+,0.04,0.025206,0.035164,0,0,0,,0.9458,2023-24
2026-05-25,2026-06-01,38047,Logan County,North Dakota,ND,quiet,5.4e-05,2238,38,501+,0.04,0.000119,2674,43,501+,0.02,0.025187,0.020053,0,0,0,,0.9032,2023-24
2026-05-25,2026-06-01,17151,Pope County,Illinois,IL,quiet,5.4e-05,2239,61,501+,0.04,0.000186,2416,60,501+,0.04,0.025161,0.030229,0,0,0,,,
2026-05-25,2026-06-01,17145,Perry County,Illinois,IL,quiet,5.4e-05,2240,62,501+,0.04,0.000137,2603,67,501+,0.03,0.025139,0.022805,0,0,0,,,
2026-05-25,2026-06-01,20041,Dickinson County,Kansas,KS,quiet,5.4e-05,2241,83,501+,0.04,0.000473,1670,55,501+,0.09,0.025134,0.070786,0,0,0,,0.87,2023-24
2026-05-25,2026-06-01,13315,Wilcox County,Georgia,GA,quiet,5.4e-05,2242,94,501+,0.04,8.4e-05,2829,151,501+,0.02,0.025111,0.014399,0,0,0,,,
2026-05-25,2026-06-01,29107,Lafayette County,Missouri,MO,quiet,5.4e-05,2243,79,501+,0.04,0.000453,1702,53,501+,0.09,0.025088,0.06812,0,0,0,,0.856,2023-24
2026-05-25,2026-06-01,19005,Allamakee County,Iowa,IA,quiet,5.4e-05,2244,55,501+,0.04,0.000204,2339,61,501+,0.04,0.025068,0.033023,0,0,0,,0.8952381,2023-24
2026-05-25,2026-06-01,45053,Jasper County,South Carolina,SC,quiet,5.4e-05,2245,34,501+,0.04,0.000204,2341,42,501+,0.04,0.025057,0.032989,0,0,0,,0.897,2023-24
2026-05-25,2026-06-01,42105,Potter County,Pennsylvania,PA,quiet,5.4e-05,2246,49,501+,0.04,4.1e-05,3008,62,501+,0.01,0.025034,0.007275,0,0,0,,0.92207792,2023-24
2026-05-25,2026-06-01,51005,Alleghany County,Virginia,VA,quiet,5.4e-05,2247,84,501+,0.04,0.000178,2442,86,501+,0.03,0.025005,0.029081,0,0,0,,0.942,2023-24
2026-05-25,2026-06-01,47059,Greene County,Tennessee,TN,quiet,5.4e-05,2248,62,501+,0.04,0.000467,1686,38,501+,0.09,0.024957,0.070051,0,0,0,,0.975,2023-24
2026-05-25,2026-06-01,38085,Sioux County,North Dakota,ND,quiet,5.4e-05,2249,39,501+,0.04,0.00062,1478,32,501+,0.12,0.024946,0.089953,0,0,0,,0.9452,2023-24
2026-05-25,2026-06-01,48391,Refugio County,Texas,TX,quiet,5.4e-05,2250,225,501+,0.04,0.000795,1311,159,501+,0.15,0.024942,0.111332,0,0,0,,0.96341463,2023-24
2026-05-25,2026-06-01,17087,Johnson County,Illinois,IL,quiet,5.4e-05,2251,63,501+,0.04,0.000236,2230,54,501+,0.05,0.024941,0.037737,0,0,0,,,
2026-05-25,2026-06-01,05053,Grant County,Arkansas,AR,quiet,5.4e-05,2252,42,501+,0.04,0.000365,1867,23,501+,0.07,0.02493,0.056126,0,0,0,,,
2026-05-25,2026-06-01,51678,Lexington City,Virginia,VA,quiet,5.4e-05,2253,85,501+,0.04,0.000143,2576,95,501+,0.03,0.024911,0.023738,0,0,0,,0.942,2023-24
2026-05-25,2026-06-01,48125,Dickens County,Texas,TX,quiet,5.4e-05,2254,226,501+,0.04,0.000296,2042,229,501+,0.06,0.024858,0.046502,0,0,0,,0.90476191,2023-24
2026-05-25,2026-06-01,17085,Jo Daviess County,Illinois,IL,quiet,5.4e-05,2255,64,501+,0.04,0.00021,2328,59,501+,0.04,0.024845,0.033907,0,0,0,,,
2026-05-25,2026-06-01,18069,Huntington County,Indiana,IN,quiet,5.4e-05,2256,58,501+,0.04,0.000495,1626,39,501+,0.1,0.024833,0.073813,0,0,0,,,
2026-05-25,2026-06-01,55121,Trempealeau County,Wisconsin,WI,quiet,5.4e-05,2257,54,501+,0.04,0.000326,1970,49,501+,0.06,0.024827,0.050759,0,0,0,,0.77,2023-24
2026-05-25,2026-06-01,38041,Hettinger County,North Dakota,ND,quiet,5.3e-05,2258,40,501+,0.04,0.000523,1596,33,501+,0.1,0.024805,0.077484,0,0,0,,0.92,2023-24
2026-05-25,2026-06-01,29157,Perry County,Missouri,MO,quiet,5.3e-05,2259,80,501+,0.04,0.000118,2684,99,501+,0.02,0.02477,0.019744,0,0,0,,0.883,2023-24
2026-05-25,2026-06-01,05147,Woodruff County,Arkansas,AR,quiet,5.3e-05,2260,43,501+,0.04,0.000314,1997,28,501+,0.06,0.024758,0.049008,0,0,0,,,
2026-05-25,2026-06-01,37199,Yancey County,North Carolina,NC,quiet,5.3e-05,2261,72,501+,0.04,0.00022,2285,87,501+,0.04,0.024686,0.035451,0,0,0,,0.99333333,2022-23
2026-05-25,2026-06-01,21041,Carroll County,Kentucky,KY,quiet,5.3e-05,2262,42,501+,0.04,0.000212,2322,42,501+,0.04,0.02467,0.034141,0,0,0,,0.943,2022-23
2026-05-25,2026-06-01,20193,Thomas County,Kansas,KS,quiet,5.3e-05,2263,84,501+,0.03,0.00049,1638,52,501+,0.09,0.024641,0.07306,0,0,0,,0.89,2023-24
2026-05-25,2026-06-01,20143,Ottawa County,Kansas,KS,quiet,5.3e-05,2264,85,501+,0.03,0.000318,1992,72,501+,0.06,0.024603,0.049517,0,0,0,,0.92,2023-24
2026-05-25,2026-06-01,01063,Greene County,Alabama,AL,quiet,5.3e-05,2265,44,501+,0.03,0.000142,2577,59,501+,0.03,0.02453,0.023645,0,0,0,,0.7949,2022-23
2026-05-25,2026-06-01,19115,Louisa County,Iowa,IA,quiet,5.3e-05,2266,56,501+,0.03,0.000356,1891,33,501+,0.07,0.024501,0.054866,0,0,0,,0.85820896,2023-24
2026-05-25,2026-06-01,12065,Jefferson County,Florida,FL,quiet,5.3e-05,2267,62,501+,0.03,0.000156,2527,66,501+,0.03,0.024407,0.025781,0,0,0,,0.93,2022-23
2026-05-25,2026-06-01,37005,Alleghany County,North Carolina,NC,quiet,5.3e-05,2268,73,501+,0.03,0.000174,2457,92,501+,0.03,0.024394,0.028444,0,0,0,,0.95652174,2022-23
2026-05-25,2026-06-01,21141,Logan County,Kentucky,KY,quiet,5.2e-05,2269,43,501+,0.03,0.000363,1872,30,501+,0.07,0.024372,0.055919,0,0,0,,0.748,2022-23
2026-05-25,2026-06-01,42059,Greene County,Pennsylvania,PA,quiet,5.2e-05,2270,50,501+,0.03,0.000224,2277,45,501+,0.04,0.024335,0.035913,0,0,0,,0.97230769,2023-24
2026-05-25,2026-06-01,47185,White County,Tennessee,TN,quiet,5.2e-05,2271,63,501+,0.03,0.000249,2188,58,501+,0.05,0.024329,0.039583,0,0,0,,0.938,2023-24
2026-05-25,2026-06-01,20139,Osage County,Kansas,KS,quiet,5.2e-05,2272,86,501+,0.03,0.000296,2045,76,501+,0.06,0.02425,0.046391,0,0,0,,0.78,2023-24
2026-05-25,2026-06-01,48507,Zavala County,Texas,TX,quiet,5.2e-05,2273,227,501+,0.03,0.000244,2204,235,501+,0.05,0.024245,0.038861,0,0,0,,1.0,2023-24
2026-05-25,2026-06-01,19031,Cedar County,Iowa,IA,quiet,5.2e-05,2274,57,501+,0.03,6.2e-05,2914,87,501+,0.01,0.024162,0.01084,0,0,0,,0.94835681,2023-24
2026-05-25,2026-06-01,18033,DeKalb County,Indiana,IN,quiet,5.2e-05,2275,59,501+,0.03,0.000233,2243,56,501+,0.04,0.024151,0.037239,0,0,0,,,
2026-05-25,2026-06-01,45061,Lee County,South Carolina,SC,quiet,5.2e-05,2276,35,501+,0.03,0.000398,1803,33,501+,0.08,0.024061,0.060767,0,0,0,,0.965,2023-24
2026-05-25,2026-06-01,42087,Mifflin County,Pennsylvania,PA,quiet,5.2e-05,2277,51,501+,0.03,9.3e-05,2785,54,501+,0.02,0.024039,0.015859,0,0,0,,0.96183206,2023-24
2026-05-25,2026-06-01,08017,Cheyenne County,Colorado,CO,quiet,5.2e-05,2278,55,501+,0.03,0.000138,2602,58,501+,0.03,0.024019,0.022916,0,0,0,,0.9231,2023-24
2026-05-25,2026-06-01,29069,Dunklin County,Missouri,MO,quiet,5.1e-05,2279,81,501+,0.03,0.000321,1983,65,501+,0.06,0.02396,0.050027,0,0,0,,0.971,2023-24
2026-05-25,2026-06-01,19047,Crawford County,Iowa,IA,quiet,5.1e-05,2280,58,501+,0.03,0.000345,1922,35,501+,0.07,0.023903,0.053397,0,0,0,,0.95780591,2023-24
2026-05-25,2026-06-01,19071,Fremont County,Iowa,IA,quiet,5.1e-05,2281,59,501+,0.03,0.000291,2060,44,501+,0.06,0.023884,0.045795,0,0,0,,0.80263158,2023-24
2026-05-25,2026-06-01,55103,Richland County,Wisconsin,WI,quiet,5.1e-05,2282,55,501+,0.03,0.000295,2048,52,501+,0.06,0.023871,0.046327,0,0,0,,0.631,2023-24
2026-05-25,2026-06-01,20013,Brown County,Kansas,KS,quiet,5.1e-05,2283,87,501+,0.03,0.00032,1984,70,501+,0.06,0.023722,0.049925,0,0,0,,0.97,2023-24
2026-05-25,2026-06-01,48225,Houston County,Texas,TX,quiet,5.1e-05,2284,228,501+,0.03,0.000161,2505,244,501+,0.03,0.023677,0.026526,0,0,0,,0.89247312,2023-24
2026-05-25,2026-06-01,19197,Wright County,Iowa,IA,quiet,5.1e-05,2285,60,501+,0.03,0.00013,2626,71,501+,0.03,0.02367,0.021759,0,0,0,,0.9025641,2023-24
2026-05-25,2026-06-01,29001,Adair County,Missouri,MO,quiet,5.1e-05,2286,82,501+,0.03,0.000186,2415,85,501+,0.04,0.023624,0.030234,0,0,0,,0.956,2023-24
2026-05-25,2026-06-01,13005,Bacon County,Georgia,GA,quiet,5.1e-05,2287,95,501+,0.03,0.000857,1254,52,501+,0.17,0.023608,0.118674,0,0,0,,,
2026-05-25,2026-06-01,31059,Fillmore County,Nebraska,NE,quiet,5.1e-05,2288,61,501+,0.03,0.000241,2216,53,501+,0.05,0.023569,0.038427,0,0,0,,,
2026-05-25,2026-06-01,28155,Webster County,Mississippi,MS,quiet,5e-05,2289,30,501+,0.03,0.000195,2371,41,501+,0.04,0.023542,0.031704,0,0,0,,,
2026-05-25,2026-06-01,28119,Quitman County,Mississippi,MS,quiet,5e-05,2290,31,501+,0.03,0.000339,1939,20,501+,0.07,0.02353,0.052596,0,0,0,,,
2026-05-25,2026-06-01,28129,Smith County,Mississippi,MS,quiet,5e-05,2291,32,501+,0.03,0.000213,2310,36,501+,0.04,0.023527,0.034375,0,0,0,,,
2026-05-25,2026-06-01,48263,Kent County,Texas,TX,quiet,5e-05,2292,229,501+,0.03,0.000139,2600,246,501+,0.03,0.023526,0.023034,0,0,0,,0.84615385,2023-24
2026-05-25,2026-06-01,51023,Botetourt County,Virginia,VA,quiet,5e-05,2293,86,501+,0.03,0.000286,2075,68,501+,0.06,0.023454,0.045064,0,0,0,,0.891,2023-24
2026-05-25,2026-06-01,19149,Plymouth County,Iowa,IA,quiet,5e-05,2294,61,501+,0.03,0.000281,2095,47,501+,0.05,0.023425,0.044321,0,0,0,,0.94936709,2023-24
2026-05-25,2026-06-01,08095,Phillips County,Colorado,CO,quiet,5e-05,2295,56,501+,0.03,0.000121,2666,63,501+,0.02,0.023418,0.020219,0,0,0,,0.7679,2023-24
2026-05-25,2026-06-01,37107,Lenoir County,North Carolina,NC,quiet,5e-05,2296,74,501+,0.03,0.000983,1163,47,501+,0.19,0.023415,0.133015,0,0,0,,0.95776772,2022-23
2026-05-25,2026-06-01,35003,Catron County,New Mexico,NM,quiet,5e-05,2297,25,501+,0.03,0.000219,2291,28,501+,0.04,0.023406,0.035203,0,0,0,,,
2026-05-25,2026-06-01,40099,Murray County,Oklahoma,OK,quiet,5e-05,2298,57,501+,0.03,0.00031,2006,52,501+,0.06,0.023377,0.048459,0,0,0,,0.7943,2023-24
2026-05-25,2026-06-01,46059,Hand County,South Dakota,SD,quiet,5e-05,2299,48,501+,0.03,0.000228,2265,52,501+,0.04,0.023373,0.036534,0,0,0,,0.88,2023-24
2026-05-25,2026-06-01,38079,Rolette County,North Dakota,ND,quiet,5e-05,2300,41,501+,0.03,0.00089,1229,23,501+,0.17,0.023343,0.122441,0,0,0,,0.9688,2023-24
2026-05-25,2026-06-01,48081,Coke County,Texas,TX,quiet,5e-05,2301,230,501+,0.03,0.000176,2448,243,501+,0.03,0.023337,0.028715,0,0,0,,0.88571429,2023-24
2026-05-25,2026-06-01,16033,Clark County,Idaho,ID,quiet,5e-05,2302,41,501+,0.03,0.00018,2435,43,501+,0.03,0.023314,0.029422,0,0,0,,,
2026-05-25,2026-06-01,13181,Lincoln County,Georgia,GA,quiet,5e-05,2303,96,501+,0.03,0.000311,2004,89,501+,0.06,0.023293,0.048597,0,0,0,,,
2026-05-25,2026-06-01,22091,St. Helena Parish,Louisiana,LA,quiet,5e-05,2304,43,501+,0.03,0.000306,2014,31,501+,0.06,0.023287,0.04788,0,0,0,,0.9,2021-22
2026-05-25,2026-06-01,19123,Mahaska County,Iowa,IA,quiet,5e-05,2305,62,501+,0.03,0.000198,2363,63,501+,0.04,0.023245,0.032075,0,0,0,,0.89237668,2023-24
2026-05-25,2026-06-01,37033,Caswell County,North Carolina,NC,quiet,5e-05,2306,75,501+,0.03,0.000248,2189,84,501+,0.05,0.02324,0.03953,0,0,0,,0.88659794,2022-23
2026-05-25,2026-06-01,27079,Le Sueur County,Minnesota,MN,quiet,5e-05,2307,74,501+,0.03,0.000248,2190,74,501+,0.05,0.023197,0.039507,0,0,0,,0.903,2023-24
2026-05-25,2026-06-01,13189,McDuffie County,Georgia,GA,quiet,4.9e-05,2308,97,501+,0.03,5.9e-05,2923,156,501+,0.01,0.02311,0.010311,0,0,0,,,
2026-05-25,2026-06-01,05061,Howard County,Arkansas,AR,quiet,4.9e-05,2309,44,501+,0.03,0.000202,2347,39,501+,0.04,0.023071,0.032677,0,0,0,,,
2026-05-25,2026-06-01,46115,Spink County,South Dakota,SD,quiet,4.9e-05,2310,49,501+,0.03,0.000445,1719,37,501+,0.09,0.02304,0.067044,0,0,0,,0.83,2023-24
2026-05-25,2026-06-01,13055,Chattooga County,Georgia,GA,quiet,4.9e-05,2311,98,501+,0.03,0.000365,1865,84,501+,0.07,0.023002,0.056209,0,0,0,,,
2026-05-25,2026-06-01,42035,Clinton County,Pennsylvania,PA,quiet,4.9e-05,2312,52,501+,0.03,9e-05,2799,55,501+,0.02,0.02297,0.015414,0,0,0,,0.96357616,2023-24
2026-05-25,2026-06-01,50019,Orleans County,Vermont,VT,quiet,4.9e-05,2313,13,501+,0.03,0.00032,1985,12,501+,0.06,0.022938,0.049896,0,0,0,,0.91,2023-24
2026-05-25,2026-06-01,20199,Wallace County,Kansas,KS,quiet,4.9e-05,2314,88,501+,0.03,0.000152,2539,94,501+,0.03,0.022862,0.025184,0,0,0,,0.88,2022-23
2026-05-25,2026-06-01,13321,Worth County,Georgia,GA,quiet,4.9e-05,2315,99,501+,0.03,0.000286,2077,92,501+,0.06,0.022839,0.045008,0,0,0,,,
2026-05-25,2026-06-01,05137,Stone County,Arkansas,AR,quiet,4.9e-05,2316,45,501+,0.03,0.000142,2581,55,501+,0.03,0.02279,0.023599,0,0,0,,,
2026-05-25,2026-06-01,42131,Wyoming County,Pennsylvania,PA,quiet,4.9e-05,2317,53,501+,0.03,5.8e-05,2929,60,501+,0.01,0.022787,0.010139,0,0,0,,0.92021277,2023-24
2026-05-25,2026-06-01,13241,Rabun County,Georgia,GA,quiet,4.9e-05,2318,100,501+,0.03,0.000195,2372,122,501+,0.04,0.02276,0.031646,0,0,0,,,
2026-05-25,2026-06-01,31179,Wayne County,Nebraska,NE,quiet,4.9e-05,2319,62,501+,0.03,0.000172,2461,67,501+,0.03,0.022747,0.028244,0,0,0,,,
2026-05-25,2026-06-01,29061,Daviess County,Missouri,MO,quiet,4.9e-05,2320,83,501+,0.03,0.000152,2543,93,501+,0.03,0.022699,0.025081,0,0,0,,0.746,2023-24
2026-05-25,2026-06-01,46009,Bon Homme County,South Dakota,SD,quiet,4.9e-05,2321,50,501+,0.03,0.000379,1838,39,501+,0.07,0.022699,0.058079,0,0,0,,0.87,2023-24
2026-05-25,2026-06-01,05025,Cleveland County,Arkansas,AR,quiet,4.8e-05,2322,46,501+,0.03,0.000256,2158,34,501+,0.05,0.022662,0.040673,0,0,0,,,
2026-05-25,2026-06-01,19165,Shelby County,Iowa,IA,quiet,4.8e-05,2323,63,501+,0.03,0.000275,2113,48,501+,0.05,0.022639,0.043462,0,0,0,,0.88590604,2023-24
2026-05-25,2026-06-01,22119,Webster Parish,Louisiana,LA,quiet,4.8e-05,2324,44,501+,0.03,0.000201,2350,43,501+,0.04,0.022602,0.032612,0,0,0,,0.909,2021-22
2026-05-25,2026-06-01,13091,Dodge County,Georgia,GA,quiet,4.8e-05,2325,101,501+,0.03,0.000364,1869,85,501+,0.07,0.022592,0.056036,0,0,0,,,
2026-05-25,2026-06-01,21123,Larue County,Kentucky,KY,quiet,4.8e-05,2326,44,501+,0.03,8.8e-05,2808,70,501+,0.02,0.022506,0.015091,0,0,0,,0.859,2022-23
2026-05-25,2026-06-01,22123,West Carroll Parish,Louisiana,LA,quiet,4.8e-05,2327,45,501+,0.03,0.000257,2154,35,501+,0.05,0.022487,0.0408,0,0,0,,0.824,2021-22
2026-05-25,2026-06-01,19093,Ida County,Iowa,IA,quiet,4.8e-05,2328,64,501+,0.03,0.00019,2391,65,501+,0.04,0.022443,0.030948,0,0,0,,0.94202899,2023-24
2026-05-25,2026-06-01,23025,Somerset County,Maine,ME,quiet,4.8e-05,2329,15,501+,0.03,0.000134,2608,16,501+,0.03,0.022416,0.02237,0,0,0,,0.9857,2023-24
2026-05-25,2026-06-01,35019,Guadalupe County,New Mexico,NM,quiet,4.8e-05,2330,26,501+,0.03,0.000553,1561,23,501+,0.11,0.022409,0.081283,0,0,0,,0.94,2018-19
2026-05-25,2026-06-01,19081,Hancock County,Iowa,IA,quiet,4.8e-05,2331,65,501+,0.03,0.000229,2257,57,501+,0.04,0.022391,0.036739,0,0,0,,0.91428571,2023-24
2026-05-25,2026-06-01,48179,Gray County,Texas,TX,quiet,4.8e-05,2332,231,501+,0.03,0.000371,1858,214,501+,0.07,0.022363,0.057055,0,0,0,,0.90666667,2023-24
2026-05-25,2026-06-01,51029,Buckingham County,Virginia,VA,quiet,4.8e-05,2333,87,501+,0.03,0.000221,2284,79,501+,0.04,0.02236,0.035523,0,0,0,,0.863,2023-24
2026-05-25,2026-06-01,55107,Rusk County,Wisconsin,WI,quiet,4.8e-05,2334,56,501+,0.03,0.000299,2031,51,501+,0.06,0.022332,0.046938,0,0,0,,0.665,2023-24
2026-05-25,2026-06-01,20117,Marshall County,Kansas,KS,quiet,4.8e-05,2335,89,501+,0.03,0.00024,2220,79,501+,0.05,0.022332,0.038303,0,0,0,,0.93,2023-24
2026-05-25,2026-06-01,31169,Thayer County,Nebraska,NE,quiet,4.8e-05,2336,63,501+,0.03,0.000299,2033,43,501+,0.06,0.02228,0.046808,0,0,0,,,
2026-05-25,2026-06-01,47019,Carter County,Tennessee,TN,quiet,4.7e-05,2337,64,501+,0.03,0.000322,1978,52,501+,0.06,0.022263,0.050087,0,0,0,,0.969,2023-24
2026-05-25,2026-06-01,22127,Winn Parish,Louisiana,LA,quiet,4.7e-05,2338,46,501+,0.03,0.000112,2707,53,501+,0.02,0.022197,0.0189,0,0,0,,0.966,2021-22
2026-05-25,2026-06-01,39167,Washington County,Ohio,OH,quiet,4.7e-05,2339,65,501+,0.03,0.000177,2445,66,501+,0.03,0.022183,0.02889,0,0,0,,,
2026-05-25,2026-06-01,20087,Jefferson County,Kansas,KS,quiet,4.7e-05,2340,90,501+,0.03,0.000329,1956,69,501+,0.06,0.022174,0.051174,0,0,0,,0.91,2023-24
2026-05-25,2026-06-01,47005,Benton County,Tennessee,TN,quiet,4.7e-05,2341,65,501+,0.03,0.000122,2659,76,501+,0.02,0.022162,0.020391,0,0,0,,0.964,2023-24
2026-05-25,2026-06-01,35021,Harding County,New Mexico,NM,quiet,4.7e-05,2342,27,501+,0.03,0.000214,2307,29,501+,0.04,0.0221,0.03449,0,0,0,,,
2026-05-25,2026-06-01,31073,Gosper County,Nebraska,NE,quiet,4.7e-05,2343,64,501+,0.03,0.000263,2145,52,501+,0.05,0.022099,0.04167,0,0,0,,,
2026-05-25,2026-06-01,26071,Iron County,Michigan,MI,quiet,4.7e-05,2344,71,501+,0.03,0.000185,2417,68,501+,0.04,0.022094,0.030217,0,0,0,,0.934,2023-24
2026-05-25,2026-06-01,55129,Washburn County,Wisconsin,WI,quiet,4.7e-05,2345,57,501+,0.03,0.000175,2449,59,501+,0.03,0.022008,0.028643,0,0,0,,0.704,2023-24
2026-05-25,2026-06-01,37011,Avery County,North Carolina,NC,quiet,4.7e-05,2346,76,501+,0.03,0.000218,2295,88,501+,0.04,0.021993,0.035127,0,0,0,,0.97202797,2022-23
2026-05-25,2026-06-01,01075,Lamar County,Alabama,AL,quiet,4.7e-05,2347,45,501+,0.03,0.000148,2555,56,501+,0.03,0.02197,0.024521,0,0,0,,0.9787,2022-23
2026-05-25,2026-06-01,13163,Jefferson County,Georgia,GA,quiet,4.7e-05,2348,102,501+,0.03,0.000246,2195,103,501+,0.05,0.021957,0.039232,0,0,0,,,
2026-05-25,2026-06-01,16061,Lewis County,Idaho,ID,quiet,4.7e-05,2349,42,501+,0.03,0.000274,2114,41,501+,0.05,0.021914,0.043319,0,0,0,,,
2026-05-25,2026-06-01,51115,Mathews County,Virginia,VA,quiet,4.7e-05,2350,88,501+,0.03,0.000146,2565,94,501+,0.03,0.021912,0.024155,0,0,0,,0.92,2023-24
2026-05-25,2026-06-01,38039,Griggs County,North Dakota,ND,quiet,4.7e-05,2351,42,501+,0.03,9e-05,2800,45,501+,0.02,0.021907,0.015359,0,0,0,,0.875,2023-24
2026-05-25,2026-06-01,37123,Montgomery County,North Carolina,NC,quiet,4.7e-05,2352,77,501+,0.03,0.000419,1767,69,501+,0.08,0.021895,0.063567,0,0,0,,0.94573643,2022-23
2026-05-25,2026-06-01,51139,Page County,Virginia,VA,quiet,4.7e-05,2353,89,501+,0.03,0.000174,2455,87,501+,0.03,0.02189,0.028513,0,0,0,,0.965,2023-24
2026-05-25,2026-06-01,13195,Madison County,Georgia,GA,quiet,4.6e-05,2354,103,501+,0.03,0.000392,1813,80,501+,0.08,0.021832,0.059897,0,0,0,,,
2026-05-25,2026-06-01,48353,Nolan County,Texas,TX,quiet,4.6e-05,2355,232,501+,0.03,0.000365,1868,215,501+,0.07,0.021775,0.056108,0,0,0,,0.91780822,2023-24
2026-05-25,2026-06-01,22125,West Feliciana Parish,Louisiana,LA,quiet,4.6e-05,2356,47,501+,0.03,5.4e-05,2949,63,501+,0.01,0.021663,0.009449,0,0,0,,0.955,2021-22
2026-05-25,2026-06-01,21101,Henderson County,Kentucky,KY,quiet,4.6e-05,2357,45,501+,0.03,0.000343,1930,32,501+,0.07,0.021562,0.053048,0,0,0,,0.941,2022-23
2026-05-25,2026-06-01,28077,Lawrence County,Mississippi,MS,quiet,4.6e-05,2358,33,501+,0.03,0.000199,2359,39,501+,0.04,0.02153,0.03226,0,0,0,,,
2026-05-25,2026-06-01,51590,Danville City,Virginia,VA,quiet,4.6e-05,2359,90,501+,0.03,0.000355,1894,62,501+,0.07,0.02152,0.054716,0,0,0,,0.88,2023-24
2026-05-25,2026-06-01,51197,Wythe County,Virginia,VA,quiet,4.6e-05,2360,91,501+,0.03,6.4e-05,2906,120,501+,0.01,0.021508,0.011166,0,0,0,,0.939,2023-24
2026-05-25,2026-06-01,12067,Lafayette County,Florida,FL,quiet,4.6e-05,2361,63,501+,0.03,0.000327,1966,58,501+,0.06,0.021474,0.050887,0,0,0,,0.911,2022-23
2026-05-25,2026-06-01,37197,Yadkin County,North Carolina,NC,quiet,4.6e-05,2362,78,501+,0.03,0.000414,1776,70,501+,0.08,0.021474,0.062911,0,0,0,,0.95696203,2022-23
2026-05-25,2026-06-01,33003,Carroll County,New Hampshire,NH,quiet,4.6e-05,2363,9,501+,0.03,0.000113,2703,9,501+,0.02,0.02147,0.019108,0,0,0,,,
2026-05-25,2026-06-01,21229,Washington County,Kentucky,KY,quiet,4.6e-05,2364,46,501+,0.03,0.000346,1920,31,501+,0.07,0.021467,0.053541,0,0,0,,0.981,2022-23
2026-05-25,2026-06-01,39015,Brown County,Ohio,OH,quiet,4.6e-05,2365,66,501+,0.03,0.000125,2647,71,501+,0.02,0.021462,0.020885,0,0,0,,,
2026-05-25,2026-06-01,20187,Stanton County,Kansas,KS,quiet,4.6e-05,2366,91,501+,0.03,0.000149,2551,95,501+,0.03,0.021446,0.024635,0,0,0,,0.52,2023-24
2026-05-25,2026-06-01,47061,Grundy County,Tennessee,TN,quiet,4.5e-05,2367,66,501+,0.03,0.000123,2650,74,501+,0.02,0.021382,0.020672,0,0,0,,0.832,2023-24
2026-05-25,2026-06-01,01035,Conecuh County,Alabama,AL,quiet,4.5e-05,2368,46,501+,0.03,8e-05,2847,66,501+,0.02,0.021348,0.013727,0,0,0,,0.9065,2022-23
2026-05-25,2026-06-01,28005,Amite County,Mississippi,MS,quiet,4.5e-05,2369,34,501+,0.03,0.000126,2643,64,501+,0.02,0.021335,0.021029,0,0,0,,,
2026-05-25,2026-06-01,02013,Aleutians East Borough,Alaska,AK,quiet,4.5e-05,2370,24,501+,0.03,0.000222,2279,23,501+,0.04,0.02133,0.035724,0,0,0,,,
2026-05-25,2026-06-01,13175,Laurens County,Georgia,GA,quiet,4.5e-05,2371,104,501+,0.03,0.000238,2224,107,501+,0.05,0.021306,0.037983,0,0,0,,,
2026-05-25,2026-06-01,37009,Ashe County,North Carolina,NC,quiet,4.5e-05,2372,79,501+,0.03,0.000173,2458,93,501+,0.03,0.021236,0.028381,0,0,0,,0.9726776,2022-23
2026-05-25,2026-06-01,48487,Wilbarger County,Texas,TX,quiet,4.5e-05,2373,233,501+,0.03,0.00055,1564,186,501+,0.11,0.021209,0.080923,0,0,0,,0.98507463,2023-24
2026-05-25,2026-06-01,27121,Pope County,Minnesota,MN,quiet,4.5e-05,2374,75,501+,0.03,6.5e-05,2901,86,501+,0.01,0.021177,0.011382,0,0,0,,0.93,2023-24
2026-05-25,2026-06-01,17137,Morgan County,Illinois,IL,quiet,4.5e-05,2375,65,501+,0.03,0.00028,2101,48,501+,0.05,0.021173,0.044087,0,0,0,,,
2026-05-25,2026-06-01,21191,Pendleton County,Kentucky,KY,quiet,4.5e-05,2376,47,501+,0.03,0.000176,2446,48,501+,0.03,0.021132,0.028854,0,0,0,,0.971,2022-23
2026-05-25,2026-06-01,31171,Thomas County,Nebraska,NE,quiet,4.5e-05,2377,65,501+,0.03,8.9e-05,2804,78,501+,0.02,0.021123,0.015215,0,0,0,,,
2026-05-25,2026-06-01,54031,Hardy County,West Virginia,WV,quiet,4.5e-05,2378,19,501+,0.03,0.000131,2624,19,501+,0.03,0.021101,0.021787,0,0,0,,,
2026-05-25,2026-06-01,47041,DeKalb County,Tennessee,TN,quiet,4.5e-05,2379,67,501+,0.03,0.000187,2409,64,501+,0.04,0.021045,0.030373,0,0,0,,0.961,2023-24
2026-05-25,2026-06-01,21035,Calloway County,Kentucky,KY,quiet,4.5e-05,2380,48,501+,0.03,0.000231,2251,38,501+,0.04,0.021016,0.037069,0,0,0,,0.969,2022-23
2026-05-25,2026-06-01,22111,Union Parish,Louisiana,LA,quiet,4.5e-05,2381,48,501+,0.03,0.000101,2757,58,501+,0.02,0.021004,0.017057,0,0,0,,0.864,2021-22
2026-05-25,2026-06-01,27043,Faribault County,Minnesota,MN,quiet,4.5e-05,2382,76,501+,0.03,0.000379,1837,63,501+,0.07,0.020984,0.058118,0,0,0,,0.914,2023-24
2026-05-25,2026-06-01,36097,Schuyler County,New York,NY,quiet,4.4e-05,2383,57,501+,0.03,0.00012,2670,58,501+,0.02,0.02095,0.020125,0,0,0,,0.69932143,2022-23
2026-05-25,2026-06-01,01057,Fayette County,Alabama,AL,quiet,4.4e-05,2384,47,501+,0.03,0.000226,2272,40,501+,0.04,0.020948,0.036272,0,0,0,,0.88,2022-23
2026-05-25,2026-06-01,47067,Hancock County,Tennessee,TN,quiet,4.4e-05,2385,68,501+,0.03,0.000194,2379,63,501+,0.04,0.020807,0.031451,0,0,0,,0.941,2023-24
2026-05-25,2026-06-01,51001,Accomack County,Virginia,VA,quiet,4.4e-05,2386,92,501+,0.03,0.000141,2588,96,501+,0.03,0.020763,0.023371,0,0,0,,0.885,2023-24
2026-05-25,2026-06-01,27127,Redwood County,Minnesota,MN,quiet,4.4e-05,2387,77,501+,0.03,0.000282,2094,70,501+,0.05,0.02076,0.044394,0,0,0,,0.881,2023-24
2026-05-25,2026-06-01,31081,Hamilton County,Nebraska,NE,quiet,4.4e-05,2388,66,501+,0.03,0.000102,2750,76,501+,0.02,0.020735,0.017352,0,0,0,,,
2026-05-25,2026-06-01,40101,Muskogee County,Oklahoma,OK,quiet,4.4e-05,2389,58,501+,0.03,0.000321,1982,51,501+,0.06,0.020671,0.05004,0,0,0,,0.8836,2023-24
2026-05-25,2026-06-01,29013,Bates County,Missouri,MO,quiet,4.4e-05,2390,84,501+,0.03,0.000241,2212,75,501+,0.05,0.020644,0.038524,0,0,0,,0.843,2023-24
2026-05-25,2026-06-01,39067,Harrison County,Ohio,OH,quiet,4.4e-05,2391,67,501+,0.03,0.000204,2342,63,501+,0.04,0.020638,0.03298,0,0,0,,,
2026-05-25,2026-06-01,38001,Adams County,North Dakota,ND,quiet,4.4e-05,2392,43,501+,0.03,0.000121,2662,42,501+,0.02,0.020614,0.020317,0,0,0,,1.0,2022-23
2026-05-25,2026-06-01,47045,Dyer County,Tennessee,TN,quiet,4.4e-05,2393,69,501+,0.03,0.000243,2206,59,501+,0.05,0.020584,0.038769,0,0,0,,0.978,2023-24
2026-05-25,2026-06-01,22049,Jackson Parish,Louisiana,LA,quiet,4.3e-05,2394,49,501+,0.03,0.000107,2729,56,501+,0.02,0.020537,0.018121,0,0,0,,0.902,2021-22
2026-05-25,2026-06-01,13209,Montgomery County,Georgia,GA,quiet,4.3e-05,2395,105,501+,0.03,0.00011,2715,142,501+,0.02,0.020522,0.018626,0,0,0,,,
2026-05-25,2026-06-01,45039,Fairfield County,South Carolina,SC,quiet,4.3e-05,2396,36,501+,0.03,0.000253,2167,40,501+,0.05,0.020469,0.040256,0,0,0,,0.897,2023-24
2026-05-25,2026-06-01,28061,Jasper County,Mississippi,MS,quiet,4.3e-05,2397,35,501+,0.03,0.000235,2232,32,501+,0.05,0.020444,0.037671,0,0,0,,,
2026-05-25,2026-06-01,39037,Darke County,Ohio,OH,quiet,4.3e-05,2398,68,501+,0.03,7.9e-05,2851,75,501+,0.02,0.020425,0.013616,0,0,0,,,
2026-05-25,2026-06-01,48267,Kimble County,Texas,TX,quiet,4.3e-05,2399,234,501+,0.03,0.000485,1648,199,501+,0.09,0.020424,0.072387,0,0,0,,0.97560976,2023-24
2026-05-25,2026-06-01,21099,Hart County,Kentucky,KY,quiet,4.3e-05,2400,49,501+,0.03,0.000123,2651,58,501+,0.02,0.020345,0.020626,0,0,0,,0.914,2022-23
2026-05-25,2026-06-01,37083,Halifax County,North Carolina,NC,quiet,4.3e-05,2401,80,501+,0.03,0.000652,1445,56,501+,0.13,0.020337,0.093902,0,0,0,,0.96545769,2022-23
2026-05-25,2026-06-01,05049,Fulton County,Arkansas,AR,quiet,4.3e-05,2402,47,501+,0.03,0.000228,2266,38,501+,0.04,0.020323,0.0365,0,0,0,,,
2026-05-25,2026-06-01,29141,Morgan County,Missouri,MO,quiet,4.3e-05,2403,85,501+,0.03,0.000181,2430,86,501+,0.03,0.020312,0.029552,0,0,0,,0.902,2023-24
2026-05-25,2026-06-01,31129,Nuckolls County,Nebraska,NE,quiet,4.3e-05,2404,67,501+,0.03,0.000336,1945,39,501+,0.06,0.020301,0.052165,0,0,0,,,
2026-05-25,2026-06-01,13293,Upson County,Georgia,GA,quiet,4.3e-05,2405,106,501+,0.03,8.3e-05,2835,152,501+,0.02,0.020297,0.014224,0,0,0,,,
2026-05-25,2026-06-01,37105,Lee County,North Carolina,NC,quiet,4.3e-05,2406,81,501+,0.03,0.000494,1629,65,501+,0.1,0.020292,0.073593,0,0,0,,0.94865526,2022-23
2026-05-25,2026-06-01,48413,Schleicher County,Texas,TX,quiet,4.3e-05,2407,235,501+,0.03,0.000435,1731,207,501+,0.08,0.020278,0.065734,0,0,0,,1.0,2023-24
2026-05-25,2026-06-01,31175,Valley County,Nebraska,NE,quiet,4.3e-05,2408,68,501+,0.03,0.000108,2725,74,501+,0.02,0.020248,0.018245,0,0,0,,,
2026-05-25,2026-06-01,41025,Harney County,Oregon,OR,quiet,4.3e-05,2409,34,501+,0.03,0.000307,2011,32,501+,0.06,0.020178,0.048049,0,0,0,,0.891,2023-24
2026-05-25,2026-06-01,29207,Stoddard County,Missouri,MO,quiet,4.3e-05,2410,86,501+,0.03,0.000175,2451,89,501+,0.03,0.02015,0.028588,0,0,0,,0.952,2023-24
2026-05-25,2026-06-01,17109,McDonough County,Illinois,IL,quiet,4.2e-05,2411,66,501+,0.03,0.000107,2733,72,501+,0.02,0.020089,0.018024,0,0,0,,,
2026-05-25,2026-06-01,21175,Morgan County,Kentucky,KY,quiet,4.2e-05,2412,50,501+,0.03,9.5e-05,2776,65,501+,0.02,0.020088,0.016215,0,0,0,,0.939,2022-23
2026-05-25,2026-06-01,35047,San Miguel County,New Mexico,NM,quiet,4.2e-05,2413,28,501+,0.03,0.000867,1248,20,501+,0.17,0.020057,0.11984,0,0,0,,0.89,2018-19
2026-05-25,2026-06-01,05079,Lincoln County,Arkansas,AR,quiet,4.2e-05,2414,48,501+,0.03,6.2e-05,2915,74,501+,0.01,0.02005,0.010805,0,0,0,,,
2026-05-25,2026-06-01,28093,Marshall County,Mississippi,MS,quiet,4.2e-05,2415,36,501+,0.03,0.000218,2297,35,501+,0.04,0.02002,0.035061,0,0,0,,,
2026-05-25,2026-06-01,31135,Perkins County,Nebraska,NE,quiet,4.2e-05,2416,69,501+,0.03,0.00017,2473,69,501+,0.03,0.020016,0.02782,0,0,0,,,
2026-05-25,2026-06-01,49009,Daggett County,Utah,UT,quiet,4.2e-05,2417,25,501+,0.03,0.000142,2586,26,501+,0.03,0.019965,0.023497,0,0,0,,0.937,2022-23
2026-05-25,2026-06-01,05121,Randolph County,Arkansas,AR,quiet,4.2e-05,2418,49,501+,0.03,0.000147,2562,50,501+,0.03,0.019955,0.024303,0,0,0,,,
2026-05-25,2026-06-01,01099,Monroe County,Alabama,AL,quiet,4.2e-05,2419,48,501+,0.03,0.000202,2348,43,501+,0.04,0.019917,0.032643,0,0,0,,0.972,2022-23
2026-05-25,2026-06-01,35051,Sierra County,New Mexico,NM,quiet,4.2e-05,2420,29,501+,0.03,0.000202,2346,30,501+,0.04,0.019914,0.032761,0,0,0,,0.94,2018-19
2026-05-25,2026-06-01,13069,Coffee County,Georgia,GA,quiet,4.2e-05,2421,107,501+,0.03,0.000272,2123,96,501+,0.05,0.019866,0.042959,0,0,0,,,
2026-05-25,2026-06-01,37039,Cherokee County,North Carolina,NC,quiet,4.2e-05,2422,82,501+,0.03,0.00024,2217,85,501+,0.05,0.01985,0.038399,0,0,0,,0.87083333,2022-23
2026-05-25,2026-06-01,27073,Lac qui Parle County,Minnesota,MN,quiet,4.2e-05,2423,78,501+,0.03,0.000183,2423,78,501+,0.04,0.019818,0.029903,0,0,0,,0.855,2023-24
2026-05-25,2026-06-01,13301,Warren County,Georgia,GA,quiet,4.2e-05,2424,108,501+,0.03,0.000245,2200,104,501+,0.05,0.019814,0.039033,0,0,0,,,
2026-05-25,2026-06-01,20105,Lincoln County,Kansas,KS,quiet,4.2e-05,2425,92,501+,0.03,0.000163,2500,93,501+,0.03,0.019809,0.026801,0,0,0,,0.81,2023-24
2026-05-25,2026-06-01,24011,Caroline County,Maryland,MD,quiet,4.2e-05,2426,21,501+,0.03,0.000171,2466,20,501+,0.03,0.019804,0.028058,0,0,0,,0.9947,2023-24
2026-05-25,2026-06-01,28125,Sharkey County,Mississippi,MS,quiet,4.2e-05,2427,37,501+,0.03,0.000247,2192,30,501+,0.05,0.019773,0.039408,0,0,0,,,
2026-05-25,2026-06-01,45031,Darlington County,South Carolina,SC,quiet,4.2e-05,2428,37,501+,0.03,0.000408,1783,32,501+,0.08,0.019763,0.062037,0,0,0,,0.981,2023-24
2026-05-25,2026-06-01,08115,Sedgwick County,Colorado,CO,quiet,4.2e-05,2429,57,501+,0.03,0.00018,2434,56,501+,0.03,0.019753,0.029436,0,0,0,,0.8276,2023-24
2026-05-25,2026-06-01,18115,Ohio County,Indiana,IN,quiet,4.2e-05,2430,60,501+,0.03,7.8e-05,2853,70,501+,0.02,0.019726,0.013441,0,0,0,,,
2026-05-25,2026-06-01,35007,Colfax County,New Mexico,NM,quiet,4.2e-05,2431,30,501+,0.03,0.000314,1996,27,501+,0.06,0.019714,0.04905,0,0,0,,0.885,2018-19
2026-05-25,2026-06-01,29155,Pemiscot County,Missouri,MO,quiet,4.2e-05,2432,87,501+,0.03,0.000288,2072,69,501+,0.06,0.019696,0.045236,0,0,0,,0.782,2023-24
2026-05-25,2026-06-01,39107,Mercer County,Ohio,OH,quiet,4.1e-05,2433,69,501+,0.03,0.000105,2738,72,501+,0.02,0.019658,0.017806,0,0,0,,,
2026-05-25,2026-06-01,29083,Henry County,Missouri,MO,quiet,4.1e-05,2434,88,501+,0.03,0.000201,2354,83,501+,0.04,0.019653,0.032531,0,0,0,,0.844,2023-24
2026-05-25,2026-06-01,51135,Nottoway County,Virginia,VA,quiet,4.1e-05,2435,93,501+,0.03,0.000188,2404,85,501+,0.04,0.019609,0.030556,0,0,0,,0.833,2023-24
2026-05-25,2026-06-01,27133,Rock County,Minnesota,MN,quiet,4.1e-05,2436,79,501+,0.03,0.000293,2056,68,501+,0.06,0.019584,0.045998,0,0,0,,0.92,2023-24
2026-05-25,2026-06-01,13291,Union County,Georgia,GA,quiet,4.1e-05,2437,109,501+,0.03,0.000274,2115,94,501+,0.05,0.019549,0.043306,0,0,0,,,
2026-05-25,2026-06-01,19177,Van Buren County,Iowa,IA,quiet,4.1e-05,2438,66,501+,0.03,0.000155,2531,69,501+,0.03,0.019548,0.025566,0,0,0,,0.88333333,2023-24
2026-05-25,2026-06-01,26069,Iosco County,Michigan,MI,quiet,4.1e-05,2439,72,501+,0.03,7e-05,2884,77,501+,0.01,0.019513,0.012123,0,0,0,,0.9055,2023-24
2026-05-25,2026-06-01,21075,Fulton County,Kentucky,KY,quiet,4.1e-05,2440,51,501+,0.03,0.0002,2355,43,501+,0.04,0.019496,0.03246,0,0,0,,0.953,2022-23
2026-05-25,2026-06-01,28053,Humphreys County,Mississippi,MS,quiet,4.1e-05,2441,38,501+,0.03,0.000295,2052,25,501+,0.06,0.019476,0.046253,0,0,0,,,
2026-05-25,2026-06-01,47053,Gibson County,Tennessee,TN,quiet,4.1e-05,2442,70,501+,0.03,0.000343,1929,50,501+,0.07,0.019451,0.053086,0,0,0,,0.935,2023-24
2026-05-25,2026-06-01,13105,Elbert County,Georgia,GA,quiet,4.1e-05,2443,110,501+,0.03,0.000242,2210,106,501+,0.05,0.019443,0.038607,0,0,0,,,
2026-05-25,2026-06-01,20111,Lyon County,Kansas,KS,quiet,4.1e-05,2444,93,501+,0.03,0.000319,1990,71,501+,0.06,0.019294,0.049664,0,0,0,,0.9,2023-24
2026-05-25,2026-06-01,22003,Allen Parish,Louisiana,LA,quiet,4e-05,2445,50,501+,0.03,0.000142,2583,49,501+,0.03,0.019245,0.023568,0,0,0,,0.934,2021-22
2026-05-25,2026-06-01,13161,Jeff Davis County,Georgia,GA,quiet,4e-05,2446,111,501+,0.03,0.000858,1253,51,501+,0.17,0.019175,0.118772,0,0,0,,,
2026-05-25,2026-06-01,40039,Custer County,Oklahoma,OK,quiet,4e-05,2447,59,501+,0.03,0.000132,2616,73,501+,0.03,0.019152,0.022074,0,0,0,,0.9075,2023-24
2026-05-25,2026-06-01,29041,Chariton County,Missouri,MO,quiet,4e-05,2448,89,501+,0.03,0.00021,2329,81,501+,0.04,0.019137,0.033841,0,0,0,,0.968,2023-24
2026-05-25,2026-06-01,05103,Ouachita County,Arkansas,AR,quiet,4e-05,2449,50,501+,0.03,9.1e-05,2796,70,501+,0.02,0.019136,0.015536,0,0,0,,,
2026-05-25,2026-06-01,05093,Mississippi County,Arkansas,AR,quiet,4e-05,2450,51,501+,0.03,0.000329,1957,26,501+,0.06,0.01912,0.051163,0,0,0,,,
2026-05-25,2026-06-01,28009,Benton County,Mississippi,MS,quiet,4e-05,2451,39,501+,0.03,0.000297,2035,24,501+,0.06,0.019117,0.046587,0,0,0,,,
2026-05-25,2026-06-01,29009,Barry County,Missouri,MO,quiet,4e-05,2452,90,501+,0.03,0.00024,2218,76,501+,0.05,0.019067,0.038354,0,0,0,,0.906,2023-24
2026-05-25,2026-06-01,13087,Decatur County,Georgia,GA,quiet,4e-05,2453,112,501+,0.03,0.000204,2338,120,501+,0.04,0.01902,0.03307,0,0,0,,,
2026-05-25,2026-06-01,17175,Stark County,Illinois,IL,quiet,4e-05,2454,67,501+,0.03,0.000169,2476,62,501+,0.03,0.018984,0.027765,0,0,0,,,
2026-05-25,2026-06-01,51057,Essex County,Virginia,VA,quiet,4e-05,2455,94,501+,0.03,0.000172,2463,88,501+,0.03,0.018953,0.028173,0,0,0,,0.931,2023-24
2026-05-25,2026-06-01,18061,Harrison County,Indiana,IN,quiet,4e-05,2456,61,501+,0.03,0.000273,2119,52,501+,0.05,0.018906,0.043109,0,0,0,,,
2026-05-25,2026-06-01,48047,Brooks County,Texas,TX,quiet,4e-05,2457,236,501+,0.03,0.000598,1499,176,501+,0.12,0.018889,0.087138,0,0,0,,0.98913044,2023-24
2026-05-25,2026-06-01,51830,Williamsburg City,Virginia,VA,quiet,4e-05,2458,95,501+,0.03,0.000114,2700,103,501+,0.02,0.018885,0.019177,0,0,0,,0.893,2023-24
2026-05-25,2026-06-01,05043,Drew County,Arkansas,AR,quiet,3.9e-05,2459,52,501+,0.03,0.000145,2568,52,501+,0.03,0.018801,0.024025,0,0,0,,,
2026-05-25,2026-06-01,02180,Nome Census Area,Alaska,AK,quiet,3.9e-05,2460,25,501+,0.03,0.000204,2340,24,501+,0.04,0.018773,0.032998,0,0,0,,,
2026-05-25,2026-06-01,29153,Ozark County,Missouri,MO,quiet,3.9e-05,2461,91,501+,0.03,0.000129,2627,98,501+,0.02,0.018763,0.021559,0,0,0,,0.825,2023-24
2026-05-25,2026-06-01,46111,Sanborn County,South Dakota,SD,quiet,3.9e-05,2462,51,501+,0.03,0.000297,2036,48,501+,0.06,0.018753,0.046584,0,0,0,,0.66,2023-24
2026-05-25,2026-06-01,46039,Deuel County,South Dakota,SD,quiet,3.9e-05,2463,52,501+,0.03,0.000147,2560,58,501+,0.03,0.018728,0.024349,0,0,0,,1.0,2023-24
2026-05-25,2026-06-01,55085,Oneida County,Wisconsin,WI,quiet,3.9e-05,2464,58,501+,0.03,0.000636,1464,37,501+,0.12,0.018701,0.091882,0,0,0,,0.749,2023-24
2026-05-25,2026-06-01,37073,Gates County,North Carolina,NC,quiet,3.9e-05,2465,83,501+,0.03,0.000137,2605,94,501+,0.03,0.018685,0.022729,0,0,0,,0.97115385,2022-23
2026-05-25,2026-06-01,48025,Bee County,Texas,TX,quiet,3.9e-05,2466,237,501+,0.03,0.00025,2183,234,501+,0.05,0.018667,0.039733,0,0,0,,0.9752322,2023-24
2026-05-25,2026-06-01,13309,Wheeler County,Georgia,GA,quiet,3.9e-05,2467,113,501+,0.03,0.000252,2171,98,501+,0.05,0.01865,0.040035,0,0,0,,,
2026-05-25,2026-06-01,13259,Stewart County,Georgia,GA,quiet,3.9e-05,2468,114,501+,0.03,0.000209,2330,117,501+,0.04,0.018649,0.033731,0,0,0,,,
2026-05-25,2026-06-01,55125,Vilas County,Wisconsin,WI,quiet,3.9e-05,2469,59,501+,0.03,0.000309,2009,50,501+,0.06,0.018626,0.048301,0,0,0,,0.732,2023-24
2026-05-25,2026-06-01,48447,Throckmorton County,Texas,TX,quiet,3.9e-05,2470,238,501+,0.03,0.000128,2636,248,501+,0.02,0.018621,0.021325,0,0,0,,0.72727273,2023-24
2026-05-25,2026-06-01,26051,Gladwin County,Michigan,MI,quiet,3.9e-05,2471,73,501+,0.03,6.3e-05,2907,78,501+,0.01,0.018596,0.01103,0,0,0,,0.8987,2023-24
2026-05-25,2026-06-01,29186,Ste. Genevieve County,Missouri,MO,quiet,3.9e-05,2472,92,501+,0.03,7.6e-05,2861,110,501+,0.01,0.018572,0.013075,0,0,0,,0.917,2023-24
2026-05-25,2026-06-01,26131,Ontonagon County,Michigan,MI,quiet,3.9e-05,2473,74,501+,0.03,7.8e-05,2855,76,501+,0.01,0.018563,0.013355,0,0,0,,0.9,2023-24
2026-05-25,2026-06-01,19185,Wayne County,Iowa,IA,quiet,3.9e-05,2474,67,501+,0.03,0.000106,2736,77,501+,0.02,0.018546,0.017963,0,0,0,,0.8313253,2023-24
2026-05-25,2026-06-01,39047,Fayette County,Ohio,OH,quiet,3.9e-05,2475,70,501+,0.03,0.000171,2467,67,501+,0.03,0.018499,0.028055,0,0,0,,,
2026-05-25,2026-06-01,05077,Lee County,Arkansas,AR,quiet,3.9e-05,2476,53,501+,0.03,0.000149,2552,49,501+,0.03,0.018478,0.024603,0,0,0,,,
2026-05-25,2026-06-01,51530,Buena Vista City,Virginia,VA,quiet,3.9e-05,2477,96,501+,0.03,9.5e-05,2777,109,501+,0.02,0.018462,0.016191,0,0,0,,0.844,2023-24
2026-05-25,2026-06-01,19109,Kossuth County,Iowa,IA,quiet,3.9e-05,2478,68,501+,0.03,0.000289,2071,46,501+,0.06,0.018382,0.045405,0,0,0,,0.91620112,2023-24
2026-05-25,2026-06-01,13201,Miller County,Georgia,GA,quiet,3.8e-05,2479,115,501+,0.03,0.000192,2386,123,501+,0.04,0.018379,0.031165,0,0,0,,,
2026-05-25,2026-06-01,54041,Lewis County,West Virginia,WV,quiet,3.8e-05,2480,20,501+,0.03,0.000107,2734,20,501+,0.02,0.01837,0.01801,0,0,0,,,
2026-05-25,2026-06-01,02070,Dillingham Census Area,Alaska,AK,quiet,3.8e-05,2481,26,501+,0.03,0.000163,2502,26,501+,0.03,0.018364,0.026757,0,0,0,,,
2026-05-25,2026-06-01,28051,Holmes County,Mississippi,MS,quiet,3.8e-05,2482,40,501+,0.03,0.000104,2740,71,501+,0.02,0.018337,0.017611,0,0,0,,,
2026-05-25,2026-06-01,40029,Coal County,Oklahoma,OK,quiet,3.8e-05,2483,60,501+,0.03,0.000371,1859,42,501+,0.07,0.018321,0.057048,0,0,0,,0.7692,2023-24
2026-05-25,2026-06-01,13167,Johnson County,Georgia,GA,quiet,3.8e-05,2484,116,501+,0.03,0.000128,2633,136,501+,0.02,0.018321,0.021393,0,0,0,,,
2026-05-25,2026-06-01,48107,Crosby County,Texas,TX,quiet,3.8e-05,2485,239,501+,0.03,0.000956,1186,140,501+,0.18,0.018293,0.130052,0,0,0,,0.96363636,2023-24
2026-05-25,2026-06-01,48247,Jim Hogg County,Texas,TX,quiet,3.8e-05,2486,240,501+,0.03,0.000283,2086,231,501+,0.05,0.018286,0.044616,0,0,0,,0.81818182,2023-24
2026-05-25,2026-06-01,18109,Morgan County,Indiana,IN,quiet,3.8e-05,2487,62,501+,0.03,0.000143,2574,62,501+,0.03,0.01825,0.023758,0,0,0,,,
2026-05-25,2026-06-01,48173,Glasscock County,Texas,TX,quiet,3.8e-05,2488,241,501+,0.03,0.000333,1949,221,501+,0.06,0.018211,0.05169,0,0,0,,0.94444444,2023-24
2026-05-25,2026-06-01,17189,Washington County,Illinois,IL,quiet,3.8e-05,2489,68,501+,0.03,9.1e-05,2797,73,501+,0.02,0.018175,0.015461,0,0,0,,,
2026-05-25,2026-06-01,05135,Sharp County,Arkansas,AR,quiet,3.8e-05,2490,54,501+,0.03,0.000103,2744,68,501+,0.02,0.018175,0.01745,0,0,0,,,
2026-05-25,2026-06-01,26129,Ogemaw County,Michigan,MI,quiet,3.8e-05,2491,75,501+,0.03,8.7e-05,2812,75,501+,0.02,0.018167,0.014945,0,0,0,,0.9028,2023-24
2026-05-25,2026-06-01,31041,Custer County,Nebraska,NE,quiet,3.8e-05,2492,70,501+,0.02,0.000171,2468,68,501+,0.03,0.018138,0.028031,0,0,0,,,
2026-05-25,2026-06-01,51099,King George County,Virginia,VA,quiet,3.8e-05,2493,97,501+,0.02,0.000307,2012,65,501+,0.06,0.018084,0.048018,0,0,0,,0.853,2023-24
2026-05-25,2026-06-01,18147,Spencer County,Indiana,IN,quiet,3.8e-05,2494,63,501+,0.02,0.000139,2601,63,501+,0.03,0.018061,0.023032,0,0,0,,,
2026-05-25,2026-06-01,38103,Wells County,North Dakota,ND,quiet,3.8e-05,2495,44,501+,0.02,9.9e-05,2764,44,501+,0.02,0.018057,0.016823,0,0,0,,0.9333,2023-24
2026-05-25,2026-06-01,28105,Oktibbeha County,Mississippi,MS,quiet,3.8e-05,2496,41,501+,0.02,0.000253,2168,27,501+,0.05,0.018053,0.040238,0,0,0,,,
2026-05-25,2026-06-01,42113,Sullivan County,Pennsylvania,PA,quiet,3.8e-05,2497,54,501+,0.02,6.8e-05,2892,57,501+,0.01,0.017983,0.011788,0,0,0,,1.0,2023-24
2026-05-25,2026-06-01,28067,Jones County,Mississippi,MS,quiet,3.8e-05,2498,42,501+,0.02,0.000183,2426,48,501+,0.04,0.017971,0.02982,0,0,0,,,
2026-05-25,2026-06-01,19059,Dickinson County,Iowa,IA,quiet,3.8e-05,2499,69,501+,0.02,0.000126,2639,72,501+,0.02,0.017946,0.021147,0,0,0,,0.88738739,2023-24
2026-05-25,2026-06-01,23007,Franklin County,Maine,ME,quiet,3.7e-05,2500,16,501+,0.02,0.000194,2380,15,501+,0.04,0.017936,0.03143,0,0,0,,0.9626,2023-24
2026-05-25,2026-06-01,21051,Clay County,Kentucky,KY,quiet,3.7e-05,2501,52,501+,0.02,5.9e-05,2920,78,501+,0.01,0.017931,0.010348,0,0,0,,0.833,2022-23
2026-05-25,2026-06-01,28065,Jefferson Davis County,Mississippi,MS,quiet,3.7e-05,2502,43,501+,0.02,0.000139,2596,59,501+,0.03,0.017804,0.023086,0,0,0,,,
2026-05-25,2026-06-01,19101,Jefferson County,Iowa,IA,quiet,3.7e-05,2503,70,501+,0.02,0.000108,2723,76,501+,0.02,0.017763,0.018259,0,0,0,,0.80473373,2023-24
2026-05-25,2026-06-01,19133,Monona County,Iowa,IA,quiet,3.7e-05,2504,71,501+,0.02,0.0002,2357,62,501+,0.04,0.017757,0.032405,0,0,0,,0.88235294,2023-24
2026-05-25,2026-06-01,40117,Pawnee County,Oklahoma,OK,quiet,3.7e-05,2505,61,501+,0.02,0.000334,1948,49,501+,0.06,0.017741,0.051868,0,0,0,,0.8963,2023-24
2026-05-25,2026-06-01,19065,Fayette County,Iowa,IA,quiet,3.7e-05,2506,72,501+,0.02,0.00015,2548,70,501+,0.03,0.017734,0.024738,0,0,0,,0.86592179,2023-24
2026-05-25,2026-06-01,28091,Marion County,Mississippi,MS,quiet,3.7e-05,2507,44,501+,0.02,0.000129,2629,62,501+,0.02,0.017726,0.021513,0,0,0,,,
2026-05-25,2026-06-01,29151,Osage County,Missouri,MO,quiet,3.7e-05,2508,93,501+,0.02,0.000102,2751,104,501+,0.02,0.017718,0.01728,0,0,0,,0.937,2023-24
2026-05-25,2026-06-01,55065,Lafayette County,Wisconsin,WI,quiet,3.7e-05,2509,60,501+,0.02,0.000232,2246,56,501+,0.04,0.017717,0.037186,0,0,0,,0.642,2023-24
2026-05-25,2026-06-01,05129,Searcy County,Arkansas,AR,quiet,3.7e-05,2510,55,501+,0.02,0.000167,2485,45,501+,0.03,0.017714,0.027426,0,0,0,,,
2026-05-25,2026-06-01,37075,Graham County,North Carolina,NC,quiet,3.7e-05,2511,84,501+,0.02,0.000443,1721,68,501+,0.09,0.017629,0.066899,0,0,0,,0.97619048,2022-23
2026-05-25,2026-06-01,16023,Butte County,Idaho,ID,quiet,3.7e-05,2512,43,501+,0.02,0.000251,2177,42,501+,0.05,0.017564,0.039934,0,0,0,,,
2026-05-25,2026-06-01,05001,Arkansas County,Arkansas,AR,quiet,3.7e-05,2513,56,501+,0.02,0.000119,2673,58,501+,0.02,0.017536,0.020056,0,0,0,,,
2026-05-25,2026-06-01,27001,Aitkin County,Minnesota,MN,quiet,3.7e-05,2514,80,501+,0.02,0.000102,2749,83,501+,0.02,0.017531,0.017367,0,0,0,,0.789,2023-24
2026-05-25,2026-06-01,17133,Monroe County,Illinois,IL,quiet,3.6e-05,2515,69,501+,0.02,0.000108,2726,71,501+,0.02,0.017495,0.018237,0,0,0,,,
2026-05-25,2026-06-01,05029,Conway County,Arkansas,AR,quiet,3.6e-05,2516,57,501+,0.02,0.000382,1833,22,501+,0.07,0.017454,0.058578,0,0,0,,,
2026-05-25,2026-06-01,27045,Fillmore County,Minnesota,MN,quiet,3.6e-05,2517,81,501+,0.02,7.9e-05,2852,84,501+,0.02,0.01744,0.013538,0,0,0,,0.811,2023-24
2026-05-25,2026-06-01,46105,Perkins County,South Dakota,SD,quiet,3.6e-05,2518,53,501+,0.02,9.3e-05,2788,59,501+,0.02,0.017396,0.015776,0,0,0,,0.85,2023-24
2026-05-25,2026-06-01,18169,Wabash County,Indiana,IN,quiet,3.6e-05,2519,64,501+,0.02,0.000238,2223,55,501+,0.05,0.017391,0.037999,0,0,0,,,
2026-05-25,2026-06-01,47181,Wayne County,Tennessee,TN,quiet,3.6e-05,2520,71,501+,0.02,0.000142,2580,72,501+,0.03,0.017362,0.02361,0,0,0,,0.963,2023-24
2026-05-25,2026-06-01,20183,Smith County,Kansas,KS,quiet,3.6e-05,2521,94,501+,0.02,0.000147,2558,96,501+,0.03,0.017362,0.024405,0,0,0,,0.81,2023-24
2026-05-25,2026-06-01,22077,Pointe Coupee Parish,Louisiana,LA,quiet,3.6e-05,2522,51,501+,0.02,0.000266,2133,34,501+,0.05,0.017346,0.042165,0,0,0,,0.917,2021-22
2026-05-25,2026-06-01,55023,Crawford County,Wisconsin,WI,quiet,3.6e-05,2523,61,501+,0.02,0.000165,2496,62,501+,0.03,0.017346,0.027092,0,0,0,,0.615,2023-24
2026-05-25,2026-06-01,13081,Crisp County,Georgia,GA,quiet,3.6e-05,2524,117,501+,0.02,0.000212,2315,116,501+,0.04,0.017329,0.034241,0,0,0,,,
2026-05-25,2026-06-01,46097,Miner County,South Dakota,SD,quiet,3.6e-05,2525,54,501+,0.02,0.000249,2187,50,501+,0.05,0.017308,0.03959,0,0,0,,0.83,2023-24
2026-05-25,2026-06-01,54025,Greenbrier County,West Virginia,WV,quiet,3.6e-05,2526,21,501+,0.02,8.6e-05,2821,25,501+,0.02,0.017256,0.014652,0,0,0,,,
2026-05-25,2026-06-01,21147,McCreary County,Kentucky,KY,quiet,3.6e-05,2527,53,501+,0.02,0.0001,2761,64,501+,0.02,0.017239,0.016986,0,0,0,,0.919,2022-23
2026-05-25,2026-06-01,13277,Tift County,Georgia,GA,quiet,3.6e-05,2528,118,501+,0.02,0.000178,2440,126,501+,0.03,0.017221,0.029152,0,0,0,,,
2026-05-25,2026-06-01,21217,Taylor County,Kentucky,KY,quiet,3.6e-05,2529,54,501+,0.02,0.000189,2397,45,501+,0.04,0.017195,0.03071,0,0,0,,0.862,2022-23
2026-05-25,2026-06-01,27011,Big Stone County,Minnesota,MN,quiet,3.6e-05,2530,82,501+,0.02,0.00012,2669,81,501+,0.02,0.017191,0.020155,0,0,0,,0.866,2023-24
2026-05-25,2026-06-01,01045,Dale County,Alabama,AL,quiet,3.6e-05,2531,49,501+,0.02,0.000107,2732,62,501+,0.02,0.017175,0.018057,0,0,0,,0.9679,2022-23
2026-05-25,2026-06-01,18117,Orange County,Indiana,IN,quiet,3.6e-05,2532,65,501+,0.02,8.3e-05,2834,68,501+,0.02,0.01712,0.014229,0,0,0,,,
2026-05-25,2026-06-01,42115,Susquehanna County,Pennsylvania,PA,quiet,3.6e-05,2533,55,501+,0.02,0.00012,2667,50,501+,0.02,0.017084,0.020168,0,0,0,,0.91685912,2023-24
2026-05-25,2026-06-01,19007,Appanoose County,Iowa,IA,quiet,3.6e-05,2534,73,501+,0.02,0.000114,2701,75,501+,0.02,0.017068,0.019163,0,0,0,,0.81300813,2023-24
2026-05-25,2026-06-01,22107,Tensas Parish,Louisiana,LA,quiet,3.5e-05,2535,52,501+,0.02,0.000231,2252,40,501+,0.04,0.017042,0.037023,0,0,0,,0.667,2021-22
2026-05-25,2026-06-01,31165,Sioux County,Nebraska,NE,quiet,3.5e-05,2536,71,501+,0.02,9.5e-05,2778,77,501+,0.02,0.017027,0.016116,0,0,0,,,
2026-05-25,2026-06-01,48261,Kenedy County,Texas,TX,quiet,3.5e-05,2537,242,501+,0.02,0.000122,2655,249,501+,0.02,0.01702,0.020521,0,0,0,,0.92857143,2023-24
2026-05-25,2026-06-01,21183,Ohio County,Kentucky,KY,quiet,3.5e-05,2538,55,501+,0.02,9e-05,2801,69,501+,0.02,0.017016,0.015301,0,0,0,,0.706,2022-23
2026-05-25,2026-06-01,32029,Storey County,Nevada,NV,quiet,3.5e-05,2539,16,501+,0.02,0.000119,2678,16,501+,0.02,0.01701,0.019931,0,0,0,,1.0,2022-23
2026-05-25,2026-06-01,47027,Clay County,Tennessee,TN,quiet,3.5e-05,2540,72,501+,0.02,0.000347,1913,47,501+,0.07,0.016978,0.053706,0,0,0,,0.957,2023-24
2026-05-25,2026-06-01,01079,Lawrence County,Alabama,AL,quiet,3.5e-05,2541,50,501+,0.02,0.00015,2547,54,501+,0.03,0.016941,0.024746,0,0,0,,0.9828,2022-23
2026-05-25,2026-06-01,17049,Effingham County,Illinois,IL,quiet,3.5e-05,2542,70,501+,0.02,6.9e-05,2888,80,501+,0.01,0.016917,0.011955,0,0,0,,,
2026-05-25,2026-06-01,45025,Chesterfield County,South Carolina,SC,quiet,3.5e-05,2543,38,501+,0.02,0.000259,2149,39,501+,0.05,0.016902,0.041178,0,0,0,,0.971,2023-24
2026-05-25,2026-06-01,01123,Tallapoosa County,Alabama,AL,quiet,3.5e-05,2544,51,501+,0.02,0.000197,2367,45,501+,0.04,0.016868,0.031953,0,0,0,,0.9629,2022-23
2026-05-25,2026-06-01,20141,Osborne County,Kansas,KS,quiet,3.5e-05,2545,95,501+,0.02,0.000166,2489,92,501+,0.03,0.016861,0.027284,0,0,0,,0.96,2022-23
2026-05-25,2026-06-01,13093,Dooly County,Georgia,GA,quiet,3.5e-05,2546,119,501+,0.02,0.000105,2739,144,501+,0.02,0.016859,0.017737,0,0,0,,,
2026-05-25,2026-06-01,46043,Douglas County,South Dakota,SD,quiet,3.5e-05,2547,55,501+,0.02,0.000377,1840,40,501+,0.07,0.016847,0.057834,0,0,0,,0.78,2023-24
2026-05-25,2026-06-01,20179,Sheridan County,Kansas,KS,quiet,3.5e-05,2548,96,501+,0.02,0.000227,2267,84,501+,0.04,0.016846,0.036442,0,0,0,,0.96,2023-24
2026-05-25,2026-06-01,02105,Hoonah-Angoon Census Area,Alaska,AK,quiet,3.5e-05,2549,27,501+,0.02,0.00014,2590,27,501+,0.03,0.016833,0.023305,0,0,0,,,
2026-05-25,2026-06-01,47033,Crockett County,Tennessee,TN,quiet,3.5e-05,2550,73,501+,0.02,0.000228,2264,61,501+,0.04,0.01683,0.036538,0,0,0,,0.953,2023-24
2026-05-25,2026-06-01,51670,Hopewell City,Virginia,VA,quiet,3.5e-05,2551,98,501+,0.02,0.000133,2614,98,501+,0.03,0.016828,0.022241,0,0,0,,0.885,2023-24
2026-05-25,2026-06-01,19135,Monroe County,Iowa,IA,quiet,3.5e-05,2552,74,501+,0.02,7.3e-05,2870,83,501+,0.01,0.016816,0.012689,0,0,0,,0.9125,2023-24
2026-05-25,2026-06-01,37007,Anson County,North Carolina,NC,quiet,3.5e-05,2553,85,501+,0.02,0.000313,1998,74,501+,0.06,0.016798,0.048902,0,0,0,,0.96385542,2022-23
2026-05-25,2026-06-01,17203,Woodford County,Illinois,IL,quiet,3.5e-05,2554,71,501+,0.02,0.00016,2512,64,501+,0.03,0.016655,0.026269,0,0,0,,,
2026-05-25,2026-06-01,28079,Leake County,Mississippi,MS,quiet,3.5e-05,2555,45,501+,0.02,0.000195,2374,42,501+,0.04,0.016638,0.031586,0,0,0,,,
2026-05-25,2026-06-01,26011,Arenac County,Michigan,MI,quiet,3.4e-05,2556,76,501+,0.02,0.000111,2712,73,501+,0.02,0.016615,0.018701,0,0,0,,0.9086,2023-24
2026-05-25,2026-06-01,18045,Fountain County,Indiana,IN,quiet,3.4e-05,2557,66,501+,0.02,7.1e-05,2881,73,501+,0.01,0.016606,0.012227,0,0,0,,,
2026-05-25,2026-06-01,13065,Clinch County,Georgia,GA,quiet,3.4e-05,2558,120,501+,0.02,0.000217,2299,112,501+,0.04,0.016588,0.034958,0,0,0,,,
2026-05-25,2026-06-01,51840,Winchester City,Virginia,VA,quiet,3.4e-05,2559,99,501+,0.02,0.000229,2256,77,501+,0.04,0.016571,0.036741,0,0,0,,0.95,2023-24
2026-05-25,2026-06-01,36073,Orleans County,New York,NY,quiet,3.4e-05,2560,58,501+,0.02,0.000186,2410,55,501+,0.04,0.01657,0.030349,0,0,0,,0.99889474,2022-23
2026-05-25,2026-06-01,54001,Barbour County,West Virginia,WV,quiet,3.4e-05,2561,22,501+,0.02,7.3e-05,2873,26,501+,0.01,0.016556,0.012588,0,0,0,,,
2026-05-25,2026-06-01,22117,Washington Parish,Louisiana,LA,quiet,3.4e-05,2562,53,501+,0.02,0.000251,2173,36,501+,0.05,0.016554,0.039997,0,0,0,,0.967,2021-22
2026-05-25,2026-06-01,39009,Athens County,Ohio,OH,quiet,3.4e-05,2563,71,501+,0.02,0.000263,2143,60,501+,0.05,0.01652,0.041693,0,0,0,,,
2026-05-25,2026-06-01,29223,Wayne County,Missouri,MO,quiet,3.4e-05,2564,94,501+,0.02,0.000163,2501,90,501+,0.03,0.016474,0.026781,0,0,0,,0.905,2023-24
2026-05-25,2026-06-01,19195,Worth County,Iowa,IA,quiet,3.4e-05,2565,75,501+,0.02,0.000354,1897,34,501+,0.07,0.016453,0.054573,0,0,0,,0.98571429,2023-24
2026-05-25,2026-06-01,37193,Wilkes County,North Carolina,NC,quiet,3.4e-05,2566,86,501+,0.02,0.000235,2234,86,501+,0.05,0.016451,0.037611,0,0,0,,0.96692913,2022-23
2026-05-25,2026-06-01,21019,Boyd County,Kentucky,KY,quiet,3.4e-05,2567,56,501+,0.02,0.000251,2176,37,501+,0.05,0.016432,0.039961,0,0,0,,0.89,2022-23
2026-05-25,2026-06-01,16085,Valley County,Idaho,ID,quiet,3.4e-05,2568,44,501+,0.02,8.6e-05,2816,44,501+,0.02,0.01639,0.014774,0,0,0,,,
2026-05-25,2026-06-01,13019,Berrien County,Georgia,GA,quiet,3.4e-05,2569,121,501+,0.02,0.000324,1973,88,501+,0.06,0.016385,0.050476,0,0,0,,,
2026-05-25,2026-06-01,54083,Randolph County,West Virginia,WV,quiet,3.4e-05,2570,23,501+,0.02,0.000149,2550,17,501+,0.03,0.016374,0.024662,0,0,0,,,
2026-05-25,2026-06-01,22013,Bienville Parish,Louisiana,LA,quiet,3.4e-05,2571,54,501+,0.02,0.000141,2589,51,501+,0.03,0.016346,0.023362,0,0,0,,0.958,2021-22
2026-05-25,2026-06-01,19055,Delaware County,Iowa,IA,quiet,3.4e-05,2572,76,501+,0.02,6.6e-05,2899,85,501+,0.01,0.016283,0.011499,0,0,0,,0.94713656,2023-24
2026-05-25,2026-06-01,05099,Nevada County,Arkansas,AR,quiet,3.4e-05,2573,58,501+,0.02,0.00019,2393,41,501+,0.04,0.016218,0.030864,0,0,0,,,
2026-05-25,2026-06-01,17181,Union County,Illinois,IL,quiet,3.4e-05,2574,72,501+,0.02,0.000285,2081,45,501+,0.06,0.016215,0.044919,0,0,0,,,
2026-05-25,2026-06-01,27055,Houston County,Minnesota,MN,quiet,3.3e-05,2575,83,501+,0.02,0.000296,2043,67,501+,0.06,0.016136,0.046444,0,0,0,,0.83,2023-24
2026-05-25,2026-06-01,42121,Venango County,Pennsylvania,PA,quiet,3.3e-05,2576,56,501+,0.02,5.8e-05,2926,59,501+,0.01,0.016121,0.010215,0,0,0,,0.92857143,2023-24
2026-05-25,2026-06-01,48253,Jones County,Texas,TX,quiet,3.3e-05,2577,243,501+,0.02,0.000188,2401,241,501+,0.04,0.016116,0.030632,0,0,0,,0.95698925,2023-24
2026-05-25,2026-06-01,02188,Northwest Arctic Borough,Alaska,AK,quiet,3.3e-05,2578,28,501+,0.02,0.000197,2366,25,501+,0.04,0.01608,0.031969,0,0,0,,,
2026-05-25,2026-06-01,19015,Boone County,Iowa,IA,quiet,3.3e-05,2579,77,501+,0.02,0.000422,1757,25,501+,0.08,0.016068,0.064016,0,0,0,,0.95016611,2023-24
2026-05-25,2026-06-01,26001,Alcona County,Michigan,MI,quiet,3.3e-05,2580,77,501+,0.02,4.9e-05,2975,79,501+,0.01,0.016046,0.008608,0,0,0,,0.8824,2023-24
2026-05-25,2026-06-01,27159,Wadena County,Minnesota,MN,quiet,3.3e-05,2581,84,501+,0.02,0.000157,2525,80,501+,0.03,0.01597,0.02584,0,0,0,,0.755,2023-24
2026-05-25,2026-06-01,46121,Todd County,South Dakota,SD,quiet,3.3e-05,2582,56,501+,0.02,0.000194,2376,55,501+,0.04,0.015968,0.03154,0,0,0,,0.89,2023-24
2026-05-25,2026-06-01,13007,Baker County,Georgia,GA,quiet,3.3e-05,2583,122,501+,0.02,0.000215,2305,114,501+,0.04,0.015934,0.03464,0,0,0,,,
2026-05-25,2026-06-01,20089,Jewell County,Kansas,KS,quiet,3.3e-05,2584,97,501+,0.02,0.000117,2685,100,501+,0.02,0.015933,0.01973,0,0,0,,0.96,2023-24
2026-05-25,2026-06-01,28015,Carroll County,Mississippi,MS,quiet,3.3e-05,2585,46,501+,0.02,9.6e-05,2773,76,501+,0.02,0.015931,0.016342,0,0,0,,,
2026-05-25,2026-06-01,28003,Alcorn County,Mississippi,MS,quiet,3.3e-05,2586,47,501+,0.02,0.000169,2475,50,501+,0.03,0.015918,0.027775,0,0,0,,,
2026-05-25,2026-06-01,41069,Wheeler County,Oregon,OR,quiet,3.3e-05,2587,35,501+,0.02,0.000164,2499,35,501+,0.03,0.015915,0.026972,0,0,0,,0.9,2023-24
2026-05-25,2026-06-01,01013,Butler County,Alabama,AL,quiet,3.3e-05,2588,52,501+,0.02,0.000174,2453,51,501+,0.03,0.015904,0.028546,0,0,0,,0.9357,2022-23
2026-05-25,2026-06-01,46055,Haakon County,South Dakota,SD,quiet,3.3e-05,2589,57,501+,0.02,0.000222,2278,53,501+,0.04,0.015872,0.035733,0,0,0,,0.96,2023-24
2026-05-25,2026-06-01,13299,Ware County,Georgia,GA,quiet,3.3e-05,2590,123,501+,0.02,0.000207,2332,118,501+,0.04,0.015864,0.033522,0,0,0,,,
2026-05-25,2026-06-01,28145,Union County,Mississippi,MS,quiet,3.3e-05,2591,48,501+,0.02,0.000189,2398,45,501+,0.04,0.015856,0.030687,0,0,0,,,
2026-05-25,2026-06-01,28135,Tallahatchie County,Mississippi,MS,quiet,3.3e-05,2592,49,501+,0.02,0.000165,2495,53,501+,0.03,0.015854,0.027124,0,0,0,,,
2026-05-25,2026-06-01,42123,Warren County,Pennsylvania,PA,quiet,3.3e-05,2593,57,501+,0.02,0.000199,2360,46,501+,0.04,0.015792,0.032183,0,0,0,,0.97096774,2023-24
2026-05-25,2026-06-01,13279,Toombs County,Georgia,GA,quiet,3.3e-05,2594,124,501+,0.02,0.000206,2337,119,501+,0.04,0.015739,0.033236,0,0,0,,,
2026-05-25,2026-06-01,40021,Cherokee County,Oklahoma,OK,quiet,3.2e-05,2595,62,501+,0.02,0.000389,1821,40,501+,0.08,0.015688,0.059541,0,0,0,,0.9381,2023-24
2026-05-25,2026-06-01,13109,Evans County,Georgia,GA,quiet,3.2e-05,2596,125,501+,0.02,0.000157,2524,130,501+,0.03,0.015683,0.025843,0,0,0,,,
2026-05-25,2026-06-01,29025,Caldwell County,Missouri,MO,quiet,3.2e-05,2597,95,501+,0.02,0.000115,2696,101,501+,0.02,0.015682,0.019309,0,0,0,,0.863,2023-24
2026-05-25,2026-06-01,01007,Bibb County,Alabama,AL,quiet,3.2e-05,2598,53,501+,0.02,0.000213,2312,41,501+,0.04,0.015682,0.034336,0,0,0,,0.9122,2022-23
2026-05-25,2026-06-01,51036,Charles City County,Virginia,VA,quiet,3.2e-05,2599,100,501+,0.02,5.6e-05,2937,123,501+,0.01,0.015648,0.00982,0,0,0,,0.59,2022-23
2026-05-25,2026-06-01,30039,Granite County,Montana,MT,quiet,3.2e-05,2600,45,501+,0.02,0.000231,2250,41,501+,0.04,0.015603,0.037081,0,0,0,,,
2026-05-25,2026-06-01,13111,Fannin County,Georgia,GA,quiet,3.2e-05,2601,126,501+,0.02,0.000251,2178,101,501+,0.05,0.015597,0.03993,0,0,0,,,
2026-05-25,2026-06-01,31117,McPherson County,Nebraska,NE,quiet,3.2e-05,2602,72,501+,0.02,4e-05,3013,87,501+,0.01,0.015561,0.007184,0,0,0,,,
2026-05-25,2026-06-01,22007,Assumption Parish,Louisiana,LA,quiet,3.2e-05,2603,55,501+,0.02,0.00011,2719,55,501+,0.02,0.015553,0.018522,0,0,0,,0.984,2021-22
2026-05-25,2026-06-01,42005,Armstrong County,Pennsylvania,PA,quiet,3.2e-05,2604,58,501+,0.02,0.000195,2373,47,501+,0.04,0.015552,0.031634,0,0,0,,0.90610329,2023-24
2026-05-25,2026-06-01,46071,Jackson County,South Dakota,SD,quiet,3.2e-05,2605,58,501+,0.02,0.000448,1713,36,501+,0.09,0.015542,0.067444,0,0,0,,0.98,2023-24
2026-05-25,2026-06-01,47171,Unicoi County,Tennessee,TN,quiet,3.2e-05,2606,74,501+,0.02,0.000153,2535,71,501+,0.03,0.015517,0.025332,0,0,0,,0.964,2023-24
2026-05-25,2026-06-01,13303,Washington County,Georgia,GA,quiet,3.2e-05,2607,127,501+,0.02,0.000139,2598,134,501+,0.03,0.015504,0.023071,0,0,0,,,
2026-05-25,2026-06-01,26053,Gogebic County,Michigan,MI,quiet,3.2e-05,2608,78,501+,0.02,0.000142,2584,71,501+,0.03,0.015495,0.023543,0,0,0,,0.9623,2023-24
2026-05-25,2026-06-01,31075,Grant County,Nebraska,NE,quiet,3.2e-05,2609,73,501+,0.02,7.1e-05,2882,79,501+,0.01,0.01549,0.01221,0,0,0,,,
2026-05-25,2026-06-01,21233,Webster County,Kentucky,KY,quiet,3.2e-05,2610,57,501+,0.02,0.000134,2609,55,501+,0.03,0.015446,0.022363,0,0,0,,0.972,2022-23
2026-05-25,2026-06-01,21125,Laurel County,Kentucky,KY,quiet,3.2e-05,2611,58,501+,0.02,0.000119,2675,59,501+,0.02,0.015403,0.020029,0,0,0,,0.932,2022-23
2026-05-25,2026-06-01,37185,Warren County,North Carolina,NC,quiet,3.2e-05,2612,87,501+,0.02,0.000303,2022,75,501+,0.06,0.015369,0.047382,0,0,0,,0.95121951,2022-23
2026-05-25,2026-06-01,28013,Calhoun County,Mississippi,MS,quiet,3.2e-05,2613,50,501+,0.02,0.000139,2595,58,501+,0.03,0.015367,0.023088,0,0,0,,,
2026-05-25,2026-06-01,28055,Issaquena County,Mississippi,MS,quiet,3.2e-05,2614,51,501+,0.02,8.9e-05,2802,78,501+,0.02,0.015363,0.01527,0,0,0,,,
2026-05-25,2026-06-01,28087,Lowndes County,Mississippi,MS,quiet,3.2e-05,2615,52,501+,0.02,0.000171,2465,49,501+,0.03,0.015345,0.02808,0,0,0,,,
2026-05-25,2026-06-01,39127,Perry County,Ohio,OH,quiet,3.2e-05,2616,72,501+,0.02,7.7e-05,2857,76,501+,0.01,0.01534,0.013293,0,0,0,,,
2026-05-25,2026-06-01,50017,Orange County,Vermont,VT,quiet,3.2e-05,2617,14,501+,0.02,0.00015,2546,14,501+,0.03,0.015322,0.02477,0,0,0,,0.95,2023-24
2026-05-25,2026-06-01,48191,Hall County,Texas,TX,quiet,3.1e-05,2618,244,501+,0.02,0.000232,2248,237,501+,0.04,0.015284,0.037135,0,0,0,,0.70588235,2023-24
2026-05-25,2026-06-01,40085,Love County,Oklahoma,OK,quiet,3.1e-05,2619,63,501+,0.02,0.000294,2053,56,501+,0.06,0.015253,0.046228,0,0,0,,0.9099,2023-24
2026-05-25,2026-06-01,13269,Taylor County,Georgia,GA,quiet,3.1e-05,2620,128,501+,0.02,0.0001,2762,146,501+,0.02,0.015248,0.016917,0,0,0,,,
2026-05-25,2026-06-01,01025,Clarke County,Alabama,AL,quiet,3.1e-05,2621,54,501+,0.02,0.000187,2407,48,501+,0.04,0.015177,0.030475,0,0,0,,0.9341,2022-23
2026-05-25,2026-06-01,18165,Vermillion County,Indiana,IN,quiet,3.1e-05,2622,67,501+,0.02,4.5e-05,2991,84,501+,0.01,0.015156,0.008005,0,0,0,,,
2026-05-25,2026-06-01,37173,Swain County,North Carolina,NC,quiet,3.1e-05,2623,88,501+,0.02,0.00028,2098,80,501+,0.05,0.015147,0.044175,0,0,0,,0.93589744,2022-23
2026-05-25,2026-06-01,40061,Haskell County,Oklahoma,OK,quiet,3.1e-05,2624,64,501+,0.02,0.000226,2269,64,501+,0.04,0.015145,0.036296,0,0,0,,0.882,2023-24
2026-05-25,2026-06-01,24019,Dorchester County,Maryland,MD,quiet,3.1e-05,2625,22,501+,0.02,5.6e-05,2939,22,501+,0.01,0.015124,0.009777,0,0,0,,1.0,2023-24
2026-05-25,2026-06-01,54079,Putnam County,West Virginia,WV,quiet,3.1e-05,2626,24,501+,0.02,0.000153,2536,16,501+,0.03,0.01512,0.02532,0,0,0,,,
2026-05-25,2026-06-01,30079,Prairie County,Montana,MT,quiet,3.1e-05,2627,46,501+,0.02,7.5e-05,2865,51,501+,0.01,0.015103,0.012902,0,0,0,,,
2026-05-25,2026-06-01,48301,Loving County,Texas,TX,quiet,3.1e-05,2628,245,501+,0.02,0.00016,2511,245,501+,0.03,0.015075,0.026297,0,0,0,,,
2026-05-25,2026-06-01,51147,Prince Edward County,Virginia,VA,quiet,3.1e-05,2629,101,501+,0.02,4.3e-05,3000,126,501+,0.01,0.015064,0.007671,0,0,0,,0.856,2023-24
2026-05-25,2026-06-01,51089,Henry County,Virginia,VA,quiet,3.1e-05,2630,102,501+,0.02,0.000147,2559,93,501+,0.03,0.015064,0.0244,0,0,0,,0.896,2023-24
2026-05-25,2026-06-01,29197,Schuyler County,Missouri,MO,quiet,3.1e-05,2631,96,501+,0.02,9.7e-05,2768,105,501+,0.02,0.01505,0.016487,0,0,0,,1.0,2023-24
2026-05-25,2026-06-01,13253,Seminole County,Georgia,GA,quiet,3.1e-05,2632,129,501+,0.02,0.000186,2411,124,501+,0.04,0.015047,0.030348,0,0,0,,,
2026-05-25,2026-06-01,05041,Desha County,Arkansas,AR,quiet,3.1e-05,2633,59,501+,0.02,0.000156,2529,47,501+,0.03,0.014976,0.025655,0,0,0,,,
2026-05-25,2026-06-01,40135,Sequoyah County,Oklahoma,OK,quiet,3.1e-05,2634,65,501+,0.02,0.000302,2026,55,501+,0.06,0.014966,0.047239,0,0,0,,0.8364,2023-24
2026-05-25,2026-06-01,47075,Haywood County,Tennessee,TN,quiet,3.1e-05,2635,75,501+,0.02,0.000289,2070,54,501+,0.06,0.014937,0.045491,0,0,0,,0.957,2023-24
2026-05-25,2026-06-01,21001,Adair County,Kentucky,KY,quiet,3.1e-05,2636,59,501+,0.02,9.2e-05,2793,67,501+,0.02,0.014935,0.015632,0,0,0,,0.913,2022-23
2026-05-25,2026-06-01,54009,Brooke County,West Virginia,WV,quiet,3.1e-05,2637,25,501+,0.02,0.000148,2554,18,501+,0.03,0.014927,0.024555,0,0,0,,,
2026-05-25,2026-06-01,22065,Madison Parish,Louisiana,LA,quiet,3.1e-05,2638,56,501+,0.02,0.000178,2441,46,501+,0.03,0.014901,0.0291,0,0,0,,0.76,2021-22
2026-05-25,2026-06-01,29073,Gasconade County,Missouri,MO,quiet,3.1e-05,2639,97,501+,0.02,5.4e-05,2950,112,501+,0.01,0.014879,0.009441,0,0,0,,0.939,2023-24
2026-05-25,2026-06-01,13275,Thomas County,Georgia,GA,quiet,3.1e-05,2640,130,501+,0.02,0.000229,2259,110,501+,0.04,0.014851,0.03665,0,0,0,,,
2026-05-25,2026-06-01,48505,Zapata County,Texas,TX,quiet,3e-05,2641,246,501+,0.02,0.0005,1620,197,501+,0.1,0.014834,0.074481,0,0,0,,0.9954955,2023-24
2026-05-25,2026-06-01,37015,Bertie County,North Carolina,NC,quiet,3e-05,2642,89,501+,0.02,0.000252,2170,82,501+,0.05,0.014825,0.040084,0,0,0,,0.94957983,2022-23
2026-05-25,2026-06-01,18143,Scott County,Indiana,IN,quiet,3e-05,2643,68,501+,0.02,9.2e-05,2791,67,501+,0.02,0.014819,0.015644,0,0,0,,,
2026-05-25,2026-06-01,01005,Barbour County,Alabama,AL,quiet,3e-05,2644,55,501+,0.02,0.000255,2162,38,501+,0.05,0.014796,0.040533,0,0,0,,0.9459,2022-23
2026-05-25,2026-06-01,55119,Taylor County,Wisconsin,WI,quiet,3e-05,2645,62,501+,0.02,4.4e-05,2996,71,501+,0.01,0.014746,0.007768,0,0,0,,0.685,2023-24
2026-05-25,2026-06-01,30035,Glacier County,Montana,MT,quiet,3e-05,2646,47,501+,0.02,0.000345,1924,35,501+,0.07,0.014668,0.053387,0,0,0,,,
2026-05-25,2026-06-01,21027,Breckinridge County,Kentucky,KY,quiet,3e-05,2647,60,501+,0.02,0.000101,2756,63,501+,0.02,0.014649,0.017099,0,0,0,,0.947,2022-23
2026-05-25,2026-06-01,05065,Izard County,Arkansas,AR,quiet,3e-05,2648,60,501+,0.02,0.000115,2697,62,501+,0.02,0.014637,0.019281,0,0,0,,,
2026-05-25,2026-06-01,31183,Wheeler County,Nebraska,NE,quiet,3e-05,2649,74,501+,0.02,5.6e-05,2936,83,501+,0.01,0.014595,0.00982,0,0,0,,,
2026-05-25,2026-06-01,05023,Cleburne County,Arkansas,AR,quiet,3e-05,2650,61,501+,0.02,0.000143,2575,53,501+,0.03,0.014575,0.023758,0,0,0,,,
2026-05-25,2026-06-01,13155,Irwin County,Georgia,GA,quiet,3e-05,2651,131,501+,0.02,0.0002,2356,121,501+,0.04,0.014568,0.032422,0,0,0,,,
2026-05-25,2026-06-01,01087,Macon County,Alabama,AL,quiet,3e-05,2652,56,501+,0.02,0.000193,2382,47,501+,0.04,0.014529,0.031363,0,0,0,,0.9462,2022-23
2026-05-25,2026-06-01,29079,Grundy County,Missouri,MO,quiet,3e-05,2653,98,501+,0.02,0.000246,2196,74,501+,0.05,0.014482,0.039212,0,0,0,,0.967,2023-24
2026-05-25,2026-06-01,22093,St. James Parish,Louisiana,LA,quiet,3e-05,2654,57,501+,0.02,0.000101,2755,57,501+,0.02,0.014472,0.017103,0,0,0,,0.969,2021-22
2026-05-25,2026-06-01,17021,Christian County,Illinois,IL,quiet,3e-05,2655,73,501+,0.02,0.000253,2166,51,501+,0.05,0.014465,0.040296,0,0,0,,,
2026-05-25,2026-06-01,45065,McCormick County,South Carolina,SC,quiet,3e-05,2656,39,501+,0.02,0.00012,2671,46,501+,0.02,0.014404,0.020119,0,0,0,,0.95,2023-24
2026-05-25,2026-06-01,20131,Nemaha County,Kansas,KS,quiet,2.9e-05,2657,98,501+,0.02,0.000189,2396,90,501+,0.04,0.014391,0.030757,0,0,0,,0.95,2023-24
2026-05-25,2026-06-01,38091,Steele County,North Dakota,ND,quiet,2.9e-05,2658,45,501+,0.02,2.7e-05,3063,53,501+,0.01,0.014378,0.004834,0,0,0,,0.6667,2023-24
2026-05-25,2026-06-01,29131,Miller County,Missouri,MO,quiet,2.9e-05,2659,99,501+,0.02,0.000179,2439,88,501+,0.03,0.014353,0.02918,0,0,0,,0.909,2023-24
2026-05-25,2026-06-01,22027,Claiborne Parish,Louisiana,LA,quiet,2.9e-05,2660,58,501+,0.02,0.000179,2437,45,501+,0.03,0.014266,0.029276,0,0,0,,0.977,2021-22
2026-05-25,2026-06-01,08053,Hinsdale County,Colorado,CO,quiet,2.9e-05,2661,58,501+,0.02,0.000122,2656,62,501+,0.02,0.014264,0.020497,0,0,0,,1.0,2023-24
2026-05-25,2026-06-01,30019,Daniels County,Montana,MT,quiet,2.9e-05,2662,48,501+,0.02,0.000104,2741,48,501+,0.02,0.014204,0.01761,0,0,0,,,
2026-05-25,2026-06-01,26135,Oscoda County,Michigan,MI,quiet,2.9e-05,2663,79,501+,0.02,9.2e-05,2792,74,501+,0.02,0.014197,0.015634,0,0,0,,0.8364,2023-24
2026-05-25,2026-06-01,05047,Franklin County,Arkansas,AR,quiet,2.9e-05,2664,62,501+,0.02,0.000107,2728,66,501+,0.02,0.014166,0.018155,0,0,0,,,
2026-05-25,2026-06-01,40069,Johnston County,Oklahoma,OK,quiet,2.9e-05,2665,66,501+,0.02,0.000304,2020,53,501+,0.06,0.014142,0.047585,0,0,0,,0.7462,2023-24
2026-05-25,2026-06-01,47095,Lake County,Tennessee,TN,quiet,2.9e-05,2666,76,501+,0.02,0.000174,2454,65,501+,0.03,0.014124,0.028522,0,0,0,,0.98,2023-24
2026-05-25,2026-06-01,55123,Vernon County,Wisconsin,WI,quiet,2.9e-05,2667,63,501+,0.02,6.2e-05,2913,68,501+,0.01,0.014106,0.010868,0,0,0,,0.485,2023-24
2026-05-25,2026-06-01,21097,Harrison County,Kentucky,KY,quiet,2.9e-05,2668,61,501+,0.02,0.000145,2567,54,501+,0.03,0.014053,0.024084,0,0,0,,0.973,2022-23
2026-05-25,2026-06-01,17117,Macoupin County,Illinois,IL,quiet,2.9e-05,2669,74,501+,0.02,0.000122,2658,70,501+,0.02,0.014042,0.020423,0,0,0,,,
2026-05-25,2026-06-01,17071,Henderson County,Illinois,IL,quiet,2.9e-05,2670,75,501+,0.02,4.4e-05,2997,89,501+,0.01,0.013968,0.007741,0,0,0,,,
2026-05-25,2026-06-01,19017,Bremer County,Iowa,IA,quiet,2.9e-05,2671,78,501+,0.02,0.000219,2289,59,501+,0.04,0.013964,0.035297,0,0,0,,0.74663073,2023-24
2026-05-25,2026-06-01,45011,Barnwell County,South Carolina,SC,quiet,2.9e-05,2672,40,501+,0.02,0.000272,2122,38,501+,0.05,0.013961,0.043005,0,0,0,,0.957,2023-24
2026-05-25,2026-06-01,28153,Wayne County,Mississippi,MS,quiet,2.8e-05,2673,53,501+,0.02,0.000134,2607,60,501+,0.03,0.013944,0.022401,0,0,0,,,
2026-05-25,2026-06-01,51520,Bristol City,Virginia,VA,quiet,2.8e-05,2674,103,501+,0.02,0.000192,2384,83,501+,0.04,0.013938,0.031267,0,0,0,,0.902,2023-24
2026-05-25,2026-06-01,28115,Pontotoc County,Mississippi,MS,quiet,2.8e-05,2675,54,501+,0.02,0.000165,2492,52,501+,0.03,0.013935,0.027141,0,0,0,,,
2026-05-25,2026-06-01,51183,Sussex County,Virginia,VA,quiet,2.8e-05,2676,104,501+,0.02,7.5e-05,2864,118,501+,0.01,0.013912,0.012911,0,0,0,,0.853,2023-24
2026-05-25,2026-06-01,35011,De Baca County,New Mexico,NM,quiet,2.8e-05,2677,31,501+,0.02,7e-05,2883,33,501+,0.01,0.013903,0.01215,0,0,0,,,
2026-05-25,2026-06-01,47129,Morgan County,Tennessee,TN,quiet,2.8e-05,2678,77,501+,0.02,0.000111,2709,80,501+,0.02,0.013897,0.018764,0,0,0,,0.96,2023-24
2026-05-25,2026-06-01,28161,Yalobusha County,Mississippi,MS,quiet,2.8e-05,2679,55,501+,0.02,9.4e-05,2780,77,501+,0.02,0.013883,0.01607,0,0,0,,,
2026-05-25,2026-06-01,21079,Garrard County,Kentucky,KY,quiet,2.8e-05,2680,62,501+,0.02,0.000109,2720,60,501+,0.02,0.013872,0.018415,0,0,0,,0.678,2022-23
2026-05-25,2026-06-01,28117,Prentiss County,Mississippi,MS,quiet,2.8e-05,2681,56,501+,0.02,0.000111,2711,69,501+,0.02,0.01387,0.018731,0,0,0,,,
2026-05-25,2026-06-01,29173,Ralls County,Missouri,MO,quiet,2.8e-05,2682,100,501+,0.02,8.4e-05,2825,107,501+,0.02,0.013859,0.014478,0,0,0,,1.0,2023-24
2026-05-25,2026-06-01,05011,Bradley County,Arkansas,AR,quiet,2.8e-05,2683,63,501+,0.02,0.00011,2717,63,501+,0.02,0.013851,0.018547,0,0,0,,,
2026-05-25,2026-06-01,28095,Monroe County,Mississippi,MS,quiet,2.8e-05,2684,57,501+,0.02,0.000212,2316,37,501+,0.04,0.013835,0.034234,0,0,0,,,
2026-05-25,2026-06-01,18079,Jennings County,Indiana,IN,quiet,2.8e-05,2685,69,501+,0.02,5.7e-05,2932,77,501+,0.01,0.013801,0.010012,0,0,0,,,
2026-05-25,2026-06-01,19039,Clarke County,Iowa,IA,quiet,2.8e-05,2686,79,501+,0.02,0.000116,2688,74,501+,0.02,0.013797,0.019577,0,0,0,,0.90909091,2023-24
2026-05-25,2026-06-01,17147,Piatt County,Illinois,IL,quiet,2.8e-05,2687,76,501+,0.02,8.1e-05,2842,76,501+,0.02,0.013782,0.013961,0,0,0,,,
2026-05-25,2026-06-01,20101,Lane County,Kansas,KS,quiet,2.8e-05,2688,99,501+,0.02,0.000119,2677,98,501+,0.02,0.013773,0.020019,0,0,0,,1.0,2023-24
2026-05-25,2026-06-01,17191,Wayne County,Illinois,IL,quiet,2.8e-05,2689,77,501+,0.02,5.4e-05,2946,85,501+,0.01,0.013767,0.009533,0,0,0,,,
2026-05-25,2026-06-01,19159,Ringgold County,Iowa,IA,quiet,2.8e-05,2690,80,501+,0.02,6.5e-05,2902,86,501+,0.01,0.013711,0.011381,0,0,0,,0.92857143,2023-24
2026-05-25,2026-06-01,18159,Tipton County,Indiana,IN,quiet,2.8e-05,2691,70,501+,0.02,8e-05,2849,69,501+,0.02,0.013703,0.013695,0,0,0,,,
2026-05-25,2026-06-01,28139,Tippah County,Mississippi,MS,quiet,2.8e-05,2692,58,501+,0.02,0.000249,2186,29,501+,0.05,0.013703,0.039657,0,0,0,,,
2026-05-25,2026-06-01,40035,Craig County,Oklahoma,OK,quiet,2.8e-05,2693,67,501+,0.02,0.000184,2422,70,501+,0.04,0.013686,0.02997,0,0,0,,0.9007,2023-24
2026-05-25,2026-06-01,12123,Taylor County,Florida,FL,quiet,2.8e-05,2694,64,501+,0.02,0.000162,2504,65,501+,0.03,0.013683,0.026626,0,0,0,,0.976,2022-23
2026-05-25,2026-06-01,47091,Johnson County,Tennessee,TN,quiet,2.8e-05,2695,78,501+,0.02,8e-05,2846,85,501+,0.02,0.013665,0.013759,0,0,0,,0.98,2023-24
2026-05-25,2026-06-01,17149,Pike County,Illinois,IL,quiet,2.8e-05,2696,78,501+,0.02,4.1e-05,3011,91,501+,0.01,0.013642,0.007267,0,0,0,,,
2026-05-25,2026-06-01,51083,Halifax County,Virginia,VA,quiet,2.8e-05,2697,105,501+,0.02,0.000398,1804,54,501+,0.08,0.01364,0.060757,0,0,0,,0.833,2023-24
2026-05-25,2026-06-01,45033,Dillon County,South Carolina,SC,quiet,2.8e-05,2698,41,501+,0.02,0.000165,2491,44,501+,0.03,0.01364,0.027148,0,0,0,,0.986,2023-24
2026-05-25,2026-06-01,27097,Morrison County,Minnesota,MN,quiet,2.8e-05,2699,85,501+,0.02,0.000114,2698,82,501+,0.02,0.013632,0.019225,0,0,0,,0.903,2023-24
2026-05-25,2026-06-01,29003,Andrew County,Missouri,MO,quiet,2.8e-05,2700,101,501+,0.02,0.000217,2298,79,501+,0.04,0.013604,0.035007,0,0,0,,0.962,2023-24
2026-05-25,2026-06-01,21161,Mason County,Kentucky,KY,quiet,2.8e-05,2701,63,501+,0.02,7.1e-05,2879,74,501+,0.01,0.013579,0.01228,0,0,0,,0.789,2022-23
2026-05-25,2026-06-01,22067,Morehouse Parish,Louisiana,LA,quiet,2.8e-05,2702,59,501+,0.02,8.5e-05,2823,60,501+,0.02,0.013559,0.014595,0,0,0,,0.908,2021-22
2026-05-25,2026-06-01,28097,Montgomery County,Mississippi,MS,quiet,2.8e-05,2703,59,501+,0.02,0.000218,2296,34,501+,0.04,0.013543,0.035082,0,0,0,,,
2026-05-25,2026-06-01,18041,Fayette County,Indiana,IN,quiet,2.8e-05,2704,71,501+,0.02,6.5e-05,2904,74,501+,0.01,0.013538,0.011237,0,0,0,,,
2026-05-25,2026-06-01,13243,Randolph County,Georgia,GA,quiet,2.8e-05,2705,132,501+,0.02,0.0001,2758,145,501+,0.02,0.013536,0.01702,0,0,0,,,
2026-05-25,2026-06-01,13273,Terrell County,Georgia,GA,quiet,2.8e-05,2706,133,501+,0.02,0.000218,2294,111,501+,0.04,0.01352,0.035156,0,0,0,,,
2026-05-25,2026-06-01,51117,Mecklenburg County,Virginia,VA,quiet,2.8e-05,2707,106,501+,0.02,0.000108,2722,105,501+,0.02,0.013515,0.018273,0,0,0,,0.914,2023-24
2026-05-25,2026-06-01,13193,Macon County,Georgia,GA,quiet,2.7e-05,2708,134,501+,0.02,0.000216,2300,113,501+,0.04,0.013496,0.0348,0,0,0,,,
2026-05-25,2026-06-01,37041,Chowan County,North Carolina,NC,quiet,2.7e-05,2709,90,501+,0.02,8.3e-05,2833,98,501+,0.02,0.013486,0.014231,0,0,0,,0.93835616,2022-23
2026-05-25,2026-06-01,30023,Deer Lodge County,Montana,MT,quiet,2.7e-05,2710,49,501+,0.02,0.000168,2480,45,501+,0.03,0.013465,0.027615,0,0,0,,,
2026-05-25,2026-06-01,08057,Jackson County,Colorado,CO,quiet,2.7e-05,2711,59,501+,0.02,0.000181,2429,55,501+,0.03,0.013455,0.029568,0,0,0,,0.8889,2023-24
2026-05-25,2026-06-01,24023,Garrett County,Maryland,MD,quiet,2.7e-05,2712,23,501+,0.02,3.5e-05,3030,24,501+,0.01,0.01343,0.006314,0,0,0,,0.9882,2023-24
2026-05-25,2026-06-01,22041,Franklin Parish,Louisiana,LA,quiet,2.7e-05,2713,60,501+,0.02,7.4e-05,2868,61,501+,0.01,0.013411,0.012737,0,0,0,,0.914,2021-22
2026-05-25,2026-06-01,28029,Copiah County,Mississippi,MS,quiet,2.7e-05,2714,60,501+,0.02,0.000211,2327,38,501+,0.04,0.01339,0.033992,0,0,0,,,
2026-05-25,2026-06-01,48271,Kinney County,Texas,TX,quiet,2.7e-05,2715,247,501+,0.02,9.4e-05,2782,250,501+,0.02,0.013371,0.015949,0,0,0,,0.97435897,2023-24
2026-05-25,2026-06-01,31015,Boyd County,Nebraska,NE,quiet,2.7e-05,2716,75,501+,0.02,0.000131,2620,73,501+,0.03,0.01332,0.021921,0,0,0,,,
2026-05-25,2026-06-01,29115,Linn County,Missouri,MO,quiet,2.7e-05,2717,102,501+,0.02,4.7e-05,2984,113,501+,0.01,0.01332,0.008376,0,0,0,,0.931,2023-24
2026-05-25,2026-06-01,38031,Foster County,North Dakota,ND,quiet,2.7e-05,2718,46,501+,0.02,0.000139,2594,41,501+,0.03,0.013304,0.023115,0,0,0,,0.9773,2023-24
2026-05-25,2026-06-01,28069,Kemper County,Mississippi,MS,quiet,2.7e-05,2719,61,501+,0.02,0.00022,2288,33,501+,0.04,0.013283,0.035332,0,0,0,,,
2026-05-25,2026-06-01,48155,Foard County,Texas,TX,quiet,2.7e-05,2720,248,501+,0.02,8.2e-05,2839,252,501+,0.02,0.013277,0.014147,0,0,0,,0.66666667,2023-24
2026-05-25,2026-06-01,17023,Clark County,Illinois,IL,quiet,2.7e-05,2721,79,501+,0.02,4e-05,3015,92,501+,0.01,0.013263,0.007058,0,0,0,,,
2026-05-25,2026-06-01,21017,Bourbon County,Kentucky,KY,quiet,2.7e-05,2722,64,501+,0.02,0.000212,2318,41,501+,0.04,0.013234,0.034212,0,0,0,,0.849,2022-23
2026-05-25,2026-06-01,21159,Martin County,Kentucky,KY,quiet,2.7e-05,2723,65,501+,0.02,0.000188,2399,46,501+,0.04,0.013232,0.030652,0,0,0,,0.854,2022-23
2026-05-25,2026-06-01,28133,Sunflower County,Mississippi,MS,quiet,2.7e-05,2724,62,501+,0.02,0.000186,2414,46,501+,0.04,0.013228,0.030277,0,0,0,,,
2026-05-25,2026-06-01,17153,Pulaski County,Illinois,IL,quiet,2.7e-05,2725,80,501+,0.02,7.1e-05,2880,79,501+,0.01,0.013216,0.012231,0,0,0,,,
2026-05-25,2026-06-01,46107,Potter County,South Dakota,SD,quiet,2.7e-05,2726,59,501+,0.02,0.000191,2389,56,501+,0.04,0.013183,0.031111,0,0,0,,0.89,2023-24
2026-05-25,2026-06-01,39071,Highland County,Ohio,OH,quiet,2.7e-05,2727,73,501+,0.02,8.3e-05,2836,73,501+,0.02,0.013143,0.014214,0,0,0,,,
2026-05-25,2026-06-01,37117,Martin County,North Carolina,NC,quiet,2.7e-05,2728,91,501+,0.02,0.000213,2314,89,501+,0.04,0.013126,0.034278,0,0,0,,0.97183099,2022-23
2026-05-25,2026-06-01,13281,Towns County,Georgia,GA,quiet,2.7e-05,2729,135,501+,0.02,0.000251,2172,99,501+,0.05,0.0131,0.040002,0,0,0,,,
2026-05-25,2026-06-01,51111,Lunenburg County,Virginia,VA,quiet,2.7e-05,2730,107,501+,0.02,0.00019,2392,84,501+,0.04,0.0131,0.030917,0,0,0,,0.964,2023-24
2026-05-25,2026-06-01,47029,Cocke County,Tennessee,TN,quiet,2.7e-05,2731,79,501+,0.02,0.000123,2653,75,501+,0.02,0.0131,0.020598,0,0,0,,0.982,2023-24
2026-05-25,2026-06-01,01053,Escambia County,Alabama,AL,quiet,2.7e-05,2732,57,501+,0.02,0.000183,2424,49,501+,0.04,0.013098,0.029896,0,0,0,,0.9695,2022-23
2026-05-25,2026-06-01,19075,Grundy County,Iowa,IA,quiet,2.7e-05,2733,81,501+,0.02,5.3e-05,2956,89,501+,0.01,0.013077,0.009242,0,0,0,,0.97191011,2023-24
2026-05-25,2026-06-01,31133,Pawnee County,Nebraska,NE,quiet,2.7e-05,2734,76,501+,0.02,0.00018,2436,65,501+,0.03,0.013072,0.029392,0,0,0,,,
2026-05-25,2026-06-01,31155,Saunders County,Nebraska,NE,quiet,2.7e-05,2735,77,501+,0.02,0.000182,2427,64,501+,0.04,0.013071,0.029669,0,0,0,,,
2026-05-25,2026-06-01,39087,Lawrence County,Ohio,OH,quiet,2.6e-05,2736,74,501+,0.02,5.9e-05,2919,77,501+,0.01,0.013042,0.01038,0,0,0,,,
2026-05-25,2026-06-01,13141,Hancock County,Georgia,GA,quiet,2.6e-05,2737,136,501+,0.02,5.4e-05,2944,157,501+,0.01,0.013037,0.009557,0,0,0,,,
2026-05-25,2026-06-01,08079,Mineral County,Colorado,CO,quiet,2.6e-05,2738,60,501+,0.02,0.00013,2625,60,501+,0.03,0.012961,0.021772,0,0,0,,1.0,2023-24
2026-05-25,2026-06-01,18171,Warren County,Indiana,IN,quiet,2.6e-05,2739,72,501+,0.02,6.3e-05,2908,75,501+,0.01,0.012956,0.011022,0,0,0,,,
2026-05-25,2026-06-01,40015,Caddo County,Oklahoma,OK,quiet,2.6e-05,2740,68,501+,0.02,0.000236,2228,63,501+,0.05,0.01291,0.037747,0,0,0,,0.7987,2023-24
2026-05-25,2026-06-01,21207,Russell County,Kentucky,KY,quiet,2.6e-05,2741,66,501+,0.02,4.9e-05,2973,83,501+,0.01,0.012903,0.008662,0,0,0,,0.992,2022-23
2026-05-25,2026-06-01,55095,Polk County,Wisconsin,WI,quiet,2.6e-05,2742,64,501+,0.02,0.000169,2478,60,501+,0.03,0.012894,0.027745,0,0,0,,0.669,2023-24
2026-05-25,2026-06-01,40001,Adair County,Oklahoma,OK,quiet,2.6e-05,2743,69,501+,0.02,0.000257,2155,59,501+,0.05,0.012871,0.040796,0,0,0,,0.9097,2023-24
2026-05-25,2026-06-01,29005,Atchison County,Missouri,MO,quiet,2.6e-05,2744,103,501+,0.02,0.000106,2737,103,501+,0.02,0.012843,0.01785,0,0,0,,0.963,2023-24
2026-05-25,2026-06-01,37153,Richmond County,North Carolina,NC,quiet,2.6e-05,2745,92,501+,0.02,0.000269,2128,81,501+,0.05,0.012789,0.04263,0,0,0,,0.98597194,2022-23
2026-05-25,2026-06-01,28123,Scott County,Mississippi,MS,quiet,2.6e-05,2746,63,501+,0.02,0.00033,1953,22,501+,0.06,0.012716,0.051237,0,0,0,,,
2026-05-25,2026-06-01,42053,Forest County,Pennsylvania,PA,quiet,2.6e-05,2747,59,501+,0.02,8.6e-05,2820,56,501+,0.02,0.012712,0.014708,0,0,0,,1.0,2023-24
2026-05-25,2026-06-01,18031,Decatur County,Indiana,IN,quiet,2.6e-05,2748,73,501+,0.02,0.000144,2571,61,501+,0.03,0.01268,0.023901,0,0,0,,,
2026-05-25,2026-06-01,13191,McIntosh County,Georgia,GA,quiet,2.6e-05,2749,137,501+,0.02,5e-05,2969,158,501+,0.01,0.012655,0.008745,0,0,0,,,
2026-05-25,2026-06-01,36099,Seneca County,New York,NY,quiet,2.5e-05,2750,59,501+,0.02,0.000131,2623,56,501+,0.03,0.012565,0.021844,0,0,0,,0.99881356,2022-23
2026-05-25,2026-06-01,22081,Red River Parish,Louisiana,LA,quiet,2.5e-05,2751,61,501+,0.02,6.7e-05,2895,62,501+,0.01,0.012559,0.011643,0,0,0,,1.0,2021-22
2026-05-25,2026-06-01,05075,Lawrence County,Arkansas,AR,quiet,2.5e-05,2752,64,501+,0.02,8.6e-05,2819,73,501+,0.02,0.012543,0.01471,0,0,0,,,
2026-05-25,2026-06-01,01119,Sumter County,Alabama,AL,quiet,2.5e-05,2753,58,501+,0.02,0.000337,1943,36,501+,0.07,0.012511,0.052319,0,0,0,,0.9885,2022-23
2026-05-25,2026-06-01,21057,Cumberland County,Kentucky,KY,quiet,2.5e-05,2754,67,501+,0.02,0.000103,2746,62,501+,0.02,0.012477,0.017436,0,0,0,,0.885,2022-23
2026-05-25,2026-06-01,19085,Harrison County,Iowa,IA,quiet,2.5e-05,2755,82,501+,0.02,9.7e-05,2769,78,501+,0.02,0.012396,0.016483,0,0,0,,0.91891892,2023-24
2026-05-25,2026-06-01,39135,Preble County,Ohio,OH,quiet,2.5e-05,2756,75,501+,0.02,0.000181,2432,65,501+,0.03,0.012395,0.029464,0,0,0,,,
2026-05-25,2026-06-01,12077,Liberty County,Florida,FL,quiet,2.5e-05,2757,65,501+,0.02,0.000266,2136,62,501+,0.05,0.012386,0.042139,0,0,0,,0.981,2022-23
2026-05-25,2026-06-01,21171,Monroe County,Kentucky,KY,quiet,2.5e-05,2758,68,501+,0.02,7.3e-05,2874,72,501+,0.01,0.012352,0.012584,0,0,0,,0.921,2022-23
2026-05-25,2026-06-01,54089,Summers County,West Virginia,WV,quiet,2.5e-05,2759,26,501+,0.02,4.3e-05,3001,32,501+,0.01,0.012342,0.007613,0,0,0,,,
2026-05-25,2026-06-01,38049,McHenry County,North Dakota,ND,quiet,2.5e-05,2760,47,501+,0.02,3.9e-05,3018,51,501+,0.01,0.012339,0.006943,0,0,0,,0.8594,2023-24
2026-05-25,2026-06-01,51195,Wise County,Virginia,VA,quiet,2.5e-05,2761,108,501+,0.02,9.2e-05,2790,111,501+,0.02,0.012333,0.015666,0,0,0,,0.874,2023-24
2026-05-25,2026-06-01,15005,Kalawao County,Hawaii,HI,quiet,2.5e-05,2762,5,501+,0.02,8e-05,2845,5,501+,0.02,0.012274,0.013833,0,0,0,,,
2026-05-25,2026-06-01,47017,Carroll County,Tennessee,TN,quiet,2.5e-05,2763,80,501+,0.02,0.000173,2459,67,501+,0.03,0.012259,0.028349,0,0,0,,0.973,2023-24
2026-05-25,2026-06-01,31159,Seward County,Nebraska,NE,quiet,2.5e-05,2764,78,501+,0.02,0.000103,2743,75,501+,0.02,0.0122,0.017458,0,0,0,,,
2026-05-25,2026-06-01,55001,Adams County,Wisconsin,WI,quiet,2.5e-05,2765,65,501+,0.02,9.4e-05,2781,66,501+,0.02,0.012195,0.016053,0,0,0,,0.664,2023-24
2026-05-25,2026-06-01,01059,Franklin County,Alabama,AL,quiet,2.5e-05,2766,59,501+,0.02,0.000118,2683,61,501+,0.02,0.01218,0.019764,0,0,0,,0.9616,2022-23
2026-05-25,2026-06-01,45069,Marlboro County,South Carolina,SC,quiet,2.5e-05,2767,42,501+,0.02,0.000186,2412,43,501+,0.04,0.012178,0.030325,0,0,0,,0.973,2023-24
2026-05-25,2026-06-01,17003,Alexander County,Illinois,IL,quiet,2.5e-05,2768,81,501+,0.02,8.3e-05,2837,75,501+,0.02,0.012162,0.014182,0,0,0,,,
2026-05-25,2026-06-01,13235,Pulaski County,Georgia,GA,quiet,2.4e-05,2769,138,501+,0.02,7.7e-05,2856,153,501+,0.01,0.012126,0.013311,0,0,0,,,
2026-05-25,2026-06-01,18125,Pike County,Indiana,IN,quiet,2.4e-05,2770,74,501+,0.02,5.4e-05,2945,78,501+,0.01,0.012098,0.009553,0,0,0,,,
2026-05-25,2026-06-01,51750,Radford City,Virginia,VA,quiet,2.4e-05,2771,109,501+,0.02,5.6e-05,2935,122,501+,0.01,0.012029,0.009891,0,0,0,,0.962,2023-24
2026-05-25,2026-06-01,05017,Chicot County,Arkansas,AR,quiet,2.4e-05,2772,65,501+,0.02,0.000193,2381,40,501+,0.04,0.012022,0.031414,0,0,0,,,
2026-05-25,2026-06-01,31125,Nance County,Nebraska,NE,quiet,2.4e-05,2773,79,501+,0.02,0.000293,2057,45,501+,0.06,0.012021,0.045956,0,0,0,,,
2026-05-25,2026-06-01,13061,Clay County,Georgia,GA,quiet,2.4e-05,2774,139,501+,0.02,0.000123,2654,138,501+,0.02,0.012014,0.020591,0,0,0,,,
2026-05-25,2026-06-01,20065,Graham County,Kansas,KS,quiet,2.4e-05,2775,100,501+,0.02,7.3e-05,2872,101,501+,0.01,0.011996,0.012641,0,0,0,,1.0,2023-24
2026-05-25,2026-06-01,40063,Hughes County,Oklahoma,OK,quiet,2.4e-05,2776,70,501+,0.02,0.000216,2302,65,501+,0.04,0.011995,0.034753,0,0,0,,0.913,2023-24
2026-05-25,2026-06-01,51077,Grayson County,Virginia,VA,quiet,2.4e-05,2777,110,501+,0.02,8.7e-05,2809,112,501+,0.02,0.011988,0.014958,0,0,0,,0.926,2023-24
2026-05-25,2026-06-01,22029,Concordia Parish,Louisiana,LA,quiet,2.4e-05,2778,62,501+,0.02,5.2e-05,2960,64,501+,0.01,0.011983,0.009093,0,0,0,,0.82,2021-22
2026-05-25,2026-06-01,51081,Greensville County,Virginia,VA,quiet,2.4e-05,2779,111,501+,0.02,8.3e-05,2838,116,501+,0.02,0.011962,0.014173,0,0,0,,0.986,2023-24
2026-05-25,2026-06-01,45089,Williamsburg County,South Carolina,SC,quiet,2.4e-05,2780,43,501+,0.02,0.000373,1853,34,501+,0.07,0.011958,0.057271,0,0,0,,0.975,2023-24
2026-05-25,2026-06-01,18131,Pulaski County,Indiana,IN,quiet,2.4e-05,2781,75,501+,0.02,0.000159,2513,60,501+,0.03,0.011937,0.026226,0,0,0,,,
2026-05-25,2026-06-01,29085,Hickory County,Missouri,MO,quiet,2.4e-05,2782,104,501+,0.02,0.000116,2690,100,501+,0.02,0.011933,0.019472,0,0,0,,0.888,2023-24
2026-05-25,2026-06-01,29133,Mississippi County,Missouri,MO,quiet,2.4e-05,2783,105,501+,0.02,0.000144,2573,94,501+,0.03,0.011923,0.023827,0,0,0,,0.977,2023-24
2026-05-25,2026-06-01,13317,Wilkes County,Georgia,GA,quiet,2.4e-05,2784,140,501+,0.02,0.000114,2699,140,501+,0.02,0.011915,0.019192,0,0,0,,,
2026-05-25,2026-06-01,40009,Beckham County,Oklahoma,OK,quiet,2.4e-05,2785,71,501+,0.02,0.000175,2452,71,501+,0.03,0.011897,0.028559,0,0,0,,0.9192,2023-24
2026-05-25,2026-06-01,18121,Parke County,Indiana,IN,quiet,2.4e-05,2786,76,501+,0.02,7.5e-05,2863,71,501+,0.01,0.011877,0.012925,0,0,0,,,
2026-05-25,2026-06-01,28017,Chickasaw County,Mississippi,MS,quiet,2.4e-05,2787,64,501+,0.02,0.000194,2375,43,501+,0.04,0.011872,0.031541,0,0,0,,,
2026-05-25,2026-06-01,51730,Petersburg City,Virginia,VA,quiet,2.4e-05,2788,112,501+,0.02,0.00017,2472,89,501+,0.03,0.011843,0.027935,0,0,0,,0.824,2023-24
2026-05-25,2026-06-01,47097,Lauderdale County,Tennessee,TN,quiet,2.4e-05,2789,81,501+,0.02,0.000133,2615,73,501+,0.03,0.01184,0.022159,0,0,0,,0.988,2022-23
2026-05-25,2026-06-01,49055,Wayne County,Utah,UT,quiet,2.4e-05,2790,26,501+,0.02,0.000186,2413,25,501+,0.04,0.011805,0.030282,0,0,0,,0.917,2022-23
2026-05-25,2026-06-01,20195,Trego County,Kansas,KS,quiet,2.4e-05,2791,101,501+,0.02,4.2e-05,3005,104,501+,0.01,0.011731,0.007528,0,0,0,,0.95,2023-24
2026-05-25,2026-06-01,37091,Hertford County,North Carolina,NC,quiet,2.4e-05,2792,93,501+,0.02,0.000112,2708,97,501+,0.02,0.011724,0.01881,0,0,0,,0.9895288,2022-23
2026-05-25,2026-06-01,37137,Pamlico County,North Carolina,NC,quiet,2.4e-05,2793,94,501+,0.02,7.2e-05,2877,100,501+,0.01,0.011708,0.0124,0,0,0,,0.89041096,2022-23
2026-05-25,2026-06-01,20203,Wichita County,Kansas,KS,quiet,2.3e-05,2794,102,501+,0.02,0.000118,2679,99,501+,0.02,0.011649,0.019862,0,0,0,,1.0,2023-24
2026-05-25,2026-06-01,17171,Scott County,Illinois,IL,quiet,2.3e-05,2795,82,501+,0.02,4.8e-05,2978,88,501+,0.01,0.011627,0.008496,0,0,0,,,
2026-05-25,2026-06-01,19097,Jackson County,Iowa,IA,quiet,2.3e-05,2796,83,501+,0.02,4.8e-05,2977,91,501+,0.01,0.011599,0.008505,0,0,0,,0.78139535,2023-24
2026-05-25,2026-06-01,21031,Butler County,Kentucky,KY,quiet,2.3e-05,2797,69,501+,0.02,9.3e-05,2784,66,501+,0.02,0.011587,0.015868,0,0,0,,0.922,2022-23
2026-05-25,2026-06-01,08099,Prowers County,Colorado,CO,quiet,2.3e-05,2798,61,501+,0.02,0.000213,2313,54,501+,0.04,0.011572,0.034289,0,0,0,,0.9943,2023-24
2026-05-25,2026-06-01,01061,Geneva County,Alabama,AL,quiet,2.3e-05,2799,60,501+,0.02,0.000203,2345,42,501+,0.04,0.011562,0.032825,0,0,0,,0.9785,2022-23
2026-05-25,2026-06-01,47143,Rhea County,Tennessee,TN,quiet,2.3e-05,2800,82,501+,0.02,0.000173,2460,68,501+,0.03,0.011554,0.02832,0,0,0,,0.965,2023-24
2026-05-25,2026-06-01,17139,Moultrie County,Illinois,IL,quiet,2.3e-05,2801,83,501+,0.02,4.2e-05,3006,90,501+,0.01,0.011533,0.00746,0,0,0,,,
2026-05-25,2026-06-01,48327,Menard County,Texas,TX,quiet,2.3e-05,2802,249,501+,0.02,8.5e-05,2824,251,501+,0.02,0.011519,0.014556,0,0,0,,0.95238095,2023-24
2026-05-25,2026-06-01,40057,Harmon County,Oklahoma,OK,quiet,2.3e-05,2803,72,501+,0.02,0.000121,2665,76,501+,0.02,0.011472,0.020275,0,0,0,,0.8889,2023-24
2026-05-25,2026-06-01,19009,Audubon County,Iowa,IA,quiet,2.3e-05,2804,84,501+,0.02,8.2e-05,2840,81,501+,0.02,0.011438,0.014006,0,0,0,,0.94,2023-24
2026-05-25,2026-06-01,18175,Washington County,Indiana,IN,quiet,2.3e-05,2805,77,501+,0.02,5e-05,2970,82,501+,0.01,0.011411,0.008745,0,0,0,,,
2026-05-25,2026-06-01,01041,Crenshaw County,Alabama,AL,quiet,2.3e-05,2806,61,501+,0.02,0.0001,2760,63,501+,0.02,0.011365,0.016995,0,0,0,,0.9837,2022-23
2026-05-25,2026-06-01,40141,Tillman County,Oklahoma,OK,quiet,2.3e-05,2807,73,501+,0.01,0.000168,2483,72,501+,0.03,0.011344,0.027518,0,0,0,,0.8312,2023-24
2026-05-25,2026-06-01,21081,Grant County,Kentucky,KY,quiet,2.3e-05,2808,70,501+,0.01,0.000167,2487,51,501+,0.03,0.011342,0.027391,0,0,0,,0.962,2022-23
2026-05-25,2026-06-01,39011,Auglaize County,Ohio,OH,quiet,2.3e-05,2809,76,501+,0.01,0.000128,2635,70,501+,0.02,0.01134,0.02134,0,0,0,,,
2026-05-25,2026-06-01,54007,Braxton County,West Virginia,WV,quiet,2.3e-05,2810,27,501+,0.01,8.6e-05,2818,24,501+,0.02,0.01132,0.01475,0,0,0,,,
2026-05-25,2026-06-01,38075,Renville County,North Dakota,ND,quiet,2.3e-05,2811,48,501+,0.01,6.6e-05,2900,48,501+,0.01,0.011318,0.011485,0,0,0,,0.875,2023-24
2026-05-25,2026-06-01,08025,Crowley County,Colorado,CO,quiet,2.3e-05,2812,62,501+,0.01,0.000131,2622,59,501+,0.03,0.011293,0.021884,0,0,0,,0.9048,2023-24
2026-05-25,2026-06-01,21089,Greenup County,Kentucky,KY,quiet,2.3e-05,2813,71,501+,0.01,5.8e-05,2927,79,501+,0.01,0.011286,0.010208,0,0,0,,0.926,2022-23
2026-05-25,2026-06-01,31163,Sherman County,Nebraska,NE,quiet,2.3e-05,2814,80,501+,0.01,0.00029,2066,47,501+,0.06,0.011281,0.045593,0,0,0,,,
2026-05-25,2026-06-01,38051,McIntosh County,North Dakota,ND,quiet,2.3e-05,2815,49,501+,0.01,0.000189,2395,39,501+,0.04,0.011222,0.030811,0,0,0,,0.9688,2023-24
2026-05-25,2026-06-01,13263,Talbot County,Georgia,GA,quiet,2.2e-05,2816,141,501+,0.01,9.7e-05,2766,147,501+,0.02,0.011219,0.016524,0,0,0,,,
2026-05-25,2026-06-01,28151,Washington County,Mississippi,MS,quiet,2.2e-05,2817,65,501+,0.01,0.000194,2378,44,501+,0.04,0.011215,0.031478,0,0,0,,,
2026-05-25,2026-06-01,21169,Metcalfe County,Kentucky,KY,quiet,2.2e-05,2818,72,501+,0.01,3.4e-05,3034,87,501+,0.01,0.0112,0.006149,0,0,0,,0.946,2022-23
2026-05-25,2026-06-01,21177,Muhlenberg County,Kentucky,KY,quiet,2.2e-05,2819,73,501+,0.01,5.4e-05,2947,80,501+,0.01,0.011199,0.009511,0,0,0,,0.915,2022-23
2026-05-25,2026-06-01,18075,Jay County,Indiana,IN,quiet,2.2e-05,2820,78,501+,0.01,4e-05,3014,85,501+,0.01,0.011147,0.007184,0,0,0,,,
2026-05-25,2026-06-01,02164,Lake and Peninsula Borough,Alaska,AK,quiet,2.2e-05,2821,29,501+,0.01,0.000134,2611,28,501+,0.03,0.011136,0.022276,0,0,0,,,
2026-05-25,2026-06-01,19191,Winneshiek County,Iowa,IA,quiet,2.2e-05,2822,85,501+,0.01,8.6e-05,2822,80,501+,0.02,0.011089,0.014648,0,0,0,,0.91625616,2023-24
2026-05-25,2026-06-01,05027,Columbia County,Arkansas,AR,quiet,2.2e-05,2823,66,501+,0.01,0.000103,2747,69,501+,0.02,0.011056,0.017389,0,0,0,,,
2026-05-25,2026-06-01,51025,Brunswick County,Virginia,VA,quiet,2.2e-05,2824,113,501+,0.01,0.000101,2753,107,501+,0.02,0.011043,0.017177,0,0,0,,0.953,2023-24
2026-05-25,2026-06-01,37061,Duplin County,North Carolina,NC,quiet,2.2e-05,2825,95,501+,0.01,0.000282,2093,79,501+,0.05,0.01098,0.044461,0,0,0,,0.9856528,2022-23
2026-05-25,2026-06-01,55075,Marinette County,Wisconsin,WI,quiet,2.2e-05,2826,66,501+,0.01,0.000147,2561,63,501+,0.03,0.010969,0.02431,0,0,0,,0.74,2023-24
2026-05-25,2026-06-01,29081,Harrison County,Missouri,MO,quiet,2.2e-05,2827,106,501+,0.01,0.000137,2604,97,501+,0.03,0.010956,0.022801,0,0,0,,0.901,2023-24
2026-05-25,2026-06-01,13251,Screven County,Georgia,GA,quiet,2.2e-05,2828,142,501+,0.01,0.000121,2663,139,501+,0.02,0.01095,0.020313,0,0,0,,,
2026-05-25,2026-06-01,54013,Calhoun County,West Virginia,WV,quiet,2.2e-05,2829,28,501+,0.01,5e-05,2967,29,501+,0.01,0.010925,0.008777,0,0,0,,,
2026-05-25,2026-06-01,01011,Bullock County,Alabama,AL,quiet,2.2e-05,2830,62,501+,0.01,0.000149,2549,55,501+,0.03,0.010896,0.024692,0,0,0,,0.971,2022-23
2026-05-25,2026-06-01,29229,Wright County,Missouri,MO,quiet,2.2e-05,2831,107,501+,0.01,0.000139,2593,95,501+,0.03,0.01088,0.023146,0,0,0,,0.864,2023-24
2026-05-25,2026-06-01,18179,Wells County,Indiana,IN,quiet,2.2e-05,2832,79,501+,0.01,0.000108,2727,66,501+,0.02,0.010858,0.018197,0,0,0,,,
2026-05-25,2026-06-01,28103,Noxubee County,Mississippi,MS,quiet,2.2e-05,2833,66,501+,0.01,0.000159,2514,54,501+,0.03,0.01085,0.026163,0,0,0,,,
2026-05-25,2026-06-01,18155,Switzerland County,Indiana,IN,quiet,2.2e-05,2834,80,501+,0.01,5.4e-05,2948,79,501+,0.01,0.010789,0.009506,0,0,0,,,
2026-05-25,2026-06-01,38007,Billings County,North Dakota,ND,quiet,2.2e-05,2835,50,501+,0.01,5.1e-05,2964,49,501+,0.01,0.010788,0.008931,0,0,0,,0.875,2023-24
2026-05-25,2026-06-01,08011,Bent County,Colorado,CO,quiet,2.1e-05,2836,63,501+,0.01,0.000123,2652,61,501+,0.02,0.010759,0.020621,0,0,0,,0.8333,2023-24
2026-05-25,2026-06-01,21189,Owsley County,Kentucky,KY,quiet,2.1e-05,2837,74,501+,0.01,0.000125,2645,57,501+,0.02,0.010721,0.020963,0,0,0,,0.981,2022-23
2026-05-25,2026-06-01,51035,Carroll County,Virginia,VA,quiet,2.1e-05,2838,114,501+,0.01,5.5e-05,2940,124,501+,0.01,0.010705,0.009659,0,0,0,,0.931,2023-24
2026-05-25,2026-06-01,54073,Pleasants County,West Virginia,WV,quiet,2.1e-05,2839,29,501+,0.01,4.1e-05,3009,34,501+,0.01,0.010695,0.007268,0,0,0,,,
2026-05-25,2026-06-01,31069,Garden County,Nebraska,NE,quiet,2.1e-05,2840,81,501+,0.01,5.7e-05,2931,82,501+,0.01,0.010694,0.010057,0,0,0,,,
2026-05-25,2026-06-01,48385,Real County,Texas,TX,quiet,2.1e-05,2841,250,501+,0.01,0.000232,2244,236,501+,0.04,0.010683,0.03722,0,0,0,,1.0,2022-23
2026-05-25,2026-06-01,37163,Sampson County,North Carolina,NC,quiet,2.1e-05,2842,96,501+,0.01,0.000465,1689,66,501+,0.09,0.01068,0.069797,0,0,0,,0.96788991,2022-23
2026-05-25,2026-06-01,42057,Fulton County,Pennsylvania,PA,quiet,2.1e-05,2843,60,501+,0.01,4.4e-05,2995,61,501+,0.01,0.010659,0.00779,0,0,0,,0.88198758,2023-24
2026-05-25,2026-06-01,29045,Clark County,Missouri,MO,quiet,2.1e-05,2844,108,501+,0.01,8.2e-05,2841,108,501+,0.02,0.010633,0.014002,0,0,0,,0.986,2023-24
2026-05-25,2026-06-01,45027,Clarendon County,South Carolina,SC,quiet,2.1e-05,2845,44,501+,0.01,0.000291,2064,36,501+,0.06,0.010616,0.045664,0,0,0,,0.98,2023-24
2026-05-25,2026-06-01,31061,Franklin County,Nebraska,NE,quiet,2.1e-05,2846,82,501+,0.01,5e-05,2968,84,501+,0.01,0.010601,0.008765,0,0,0,,,
2026-05-25,2026-06-01,21003,Allen County,Kentucky,KY,quiet,2.1e-05,2847,75,501+,0.01,3.1e-05,3045,89,501+,0.01,0.010581,0.00558,0,0,0,,0.951,2022-23
2026-05-25,2026-06-01,01131,Wilcox County,Alabama,AL,quiet,2.1e-05,2848,63,501+,0.01,0.000367,1863,33,501+,0.07,0.010556,0.056464,0,0,0,,0.9254,2022-23
2026-05-25,2026-06-01,18029,Dearborn County,Indiana,IN,quiet,2.1e-05,2849,81,501+,0.01,0.000117,2687,65,501+,0.02,0.010527,0.019675,0,0,0,,,
2026-05-25,2026-06-01,29147,Nodaway County,Missouri,MO,quiet,2.1e-05,2850,109,501+,0.01,0.000113,2706,102,501+,0.02,0.010526,0.018996,0,0,0,,0.965,2023-24
2026-05-25,2026-06-01,05107,Phillips County,Arkansas,AR,quiet,2.1e-05,2851,67,501+,0.01,0.000107,2731,67,501+,0.02,0.010491,0.018066,0,0,0,,,
2026-05-25,2026-06-01,36041,Hamilton County,New York,NY,quiet,2.1e-05,2852,60,501+,0.01,5.9e-05,2924,61,501+,0.01,0.010481,0.010263,0,0,0,,1.0,2022-23
2026-05-25,2026-06-01,31177,Washington County,Nebraska,NE,quiet,2.1e-05,2853,83,501+,0.01,0.000145,2569,72,501+,0.03,0.010459,0.02402,0,0,0,,,
2026-05-25,2026-06-01,28001,Adams County,Mississippi,MS,quiet,2.1e-05,2854,67,501+,0.01,0.000132,2618,61,501+,0.03,0.010459,0.021979,0,0,0,,,
2026-05-25,2026-06-01,40033,Cotton County,Oklahoma,OK,quiet,2.1e-05,2855,74,501+,0.01,0.000106,2735,77,501+,0.02,0.01044,0.017997,0,0,0,,0.8906,2023-24
2026-05-25,2026-06-01,28027,Coahoma County,Mississippi,MS,quiet,2.1e-05,2856,68,501+,0.01,8.3e-05,2831,80,501+,0.02,0.010419,0.014313,0,0,0,,,
2026-05-25,2026-06-01,48137,Edwards County,Texas,TX,quiet,2.1e-05,2857,251,501+,0.01,0.000194,2377,240,501+,0.04,0.010388,0.031485,0,0,0,,0.96428571,2023-24
2026-05-25,2026-06-01,55061,Kewaunee County,Wisconsin,WI,quiet,2.1e-05,2858,67,501+,0.01,0.000144,2572,64,501+,0.03,0.01037,0.0239,0,0,0,,0.812,2023-24
2026-05-25,2026-06-01,51193,Westmoreland County,Virginia,VA,quiet,2.1e-05,2859,115,501+,0.01,0.000121,2660,102,501+,0.02,0.01036,0.02034,0,0,0,,0.96,2023-24
2026-05-25,2026-06-01,13107,Emanuel County,Georgia,GA,quiet,2.1e-05,2860,143,501+,0.01,0.000147,2564,131,501+,0.03,0.010358,0.024277,0,0,0,,,
2026-05-25,2026-06-01,18055,Greene County,Indiana,IN,quiet,2.1e-05,2861,82,501+,0.01,3.6e-05,3027,87,501+,0.01,0.010356,0.006469,0,0,0,,,
2026-05-25,2026-06-01,21173,Montgomery County,Kentucky,KY,quiet,2.1e-05,2862,76,501+,0.01,0.00016,2509,53,501+,0.03,0.010349,0.026381,0,0,0,,0.965,2022-23
2026-05-25,2026-06-01,17079,Jasper County,Illinois,IL,quiet,2.1e-05,2863,84,501+,0.01,5.5e-05,2943,84,501+,0.01,0.01034,0.009573,0,0,0,,,
2026-05-25,2026-06-01,30045,Judith Basin County,Montana,MT,quiet,2.1e-05,2864,50,501+,0.01,6e-05,2916,52,501+,0.01,0.010331,0.010521,0,0,0,,,
2026-05-25,2026-06-01,55037,Florence County,Wisconsin,WI,quiet,2.1e-05,2865,68,501+,0.01,5e-05,2971,69,501+,0.01,0.010314,0.008741,0,0,0,,0.611,2023-24
2026-05-25,2026-06-01,38029,Emmons County,North Dakota,ND,quiet,2e-05,2866,51,501+,0.01,7.9e-05,2850,47,501+,0.02,0.010249,0.013655,0,0,0,,0.8846,2023-24
2026-05-25,2026-06-01,21045,Casey County,Kentucky,KY,quiet,2e-05,2867,77,501+,0.01,4.9e-05,2974,84,501+,0.01,0.010246,0.008654,0,0,0,,0.864,2022-23
2026-05-25,2026-06-01,29087,Holt County,Missouri,MO,quiet,2e-05,2868,110,501+,0.01,7.8e-05,2854,109,501+,0.02,0.01024,0.013433,0,0,0,,0.939,2023-24
2026-05-25,2026-06-01,19119,Lyon County,Iowa,IA,quiet,2e-05,2869,86,501+,0.01,8.7e-05,2810,79,501+,0.02,0.010237,0.014951,0,0,0,,0.89595376,2023-24
2026-05-25,2026-06-01,02290,Yukon-Koyukuk Census Area,Alaska,AK,quiet,2e-05,2870,30,501+,0.01,0.000349,1908,16,501+,0.07,0.010229,0.05389,0,0,0,,,
2026-05-25,2026-06-01,51045,Craig County,Virginia,VA,quiet,2e-05,2871,116,501+,0.01,8.4e-05,2827,114,501+,0.02,0.010223,0.014459,0,0,0,,0.968,2023-24
2026-05-25,2026-06-01,13033,Burke County,Georgia,GA,quiet,2e-05,2872,144,501+,0.01,0.000306,2018,90,501+,0.06,0.010216,0.047805,0,0,0,,,
2026-05-25,2026-06-01,27081,Lincoln County,Minnesota,MN,quiet,2e-05,2873,86,501+,0.01,7.5e-05,2862,85,501+,0.01,0.010191,0.012968,0,0,0,,0.899,2023-24
2026-05-25,2026-06-01,28147,Walthall County,Mississippi,MS,quiet,2e-05,2874,69,501+,0.01,0.000101,2754,73,501+,0.02,0.010167,0.017126,0,0,0,,,
2026-05-25,2026-06-01,37095,Hyde County,North Carolina,NC,quiet,2e-05,2875,97,501+,0.01,0.000126,2640,95,501+,0.02,0.010158,0.021081,0,0,0,,1.0,2022-23
2026-05-25,2026-06-01,37143,Perquimans County,North Carolina,NC,quiet,2e-05,2876,98,501+,0.01,0.000188,2403,91,501+,0.04,0.010156,0.030569,0,0,0,,0.96261682,2022-23
2026-05-25,2026-06-01,17125,Mason County,Illinois,IL,quiet,2e-05,2877,85,501+,0.01,8e-05,2848,77,501+,0.02,0.010152,0.013724,0,0,0,,,
2026-05-25,2026-06-01,26007,Alpena County,Michigan,MI,quiet,2e-05,2878,80,501+,0.01,2.7e-05,3060,80,501+,0.01,0.010133,0.004937,0,0,0,,0.9079,2023-24
2026-05-25,2026-06-01,55069,Lincoln County,Wisconsin,WI,quiet,2e-05,2879,69,501+,0.01,0.000142,2578,65,501+,0.03,0.010129,0.023635,0,0,0,,0.772,2023-24
2026-05-25,2026-06-01,17173,Shelby County,Illinois,IL,quiet,2e-05,2880,86,501+,0.01,7.3e-05,2875,78,501+,0.01,0.010119,0.012543,0,0,0,,,
2026-05-25,2026-06-01,01065,Hale County,Alabama,AL,quiet,2e-05,2881,64,501+,0.01,0.000148,2557,57,501+,0.03,0.010081,0.024439,0,0,0,,0.8968,2022-23
2026-05-25,2026-06-01,47007,Bledsoe County,Tennessee,TN,quiet,2e-05,2882,83,501+,0.01,0.000121,2661,77,501+,0.02,0.010055,0.020332,0,0,0,,0.976,2023-24
2026-05-25,2026-06-01,21205,Rowan County,Kentucky,KY,quiet,2e-05,2883,78,501+,0.01,3.1e-05,3048,90,501+,0.01,0.009965,0.005552,0,0,0,,0.831,2022-23
2026-05-25,2026-06-01,28143,Tunica County,Mississippi,MS,quiet,2e-05,2884,70,501+,0.01,0.000157,2521,55,501+,0.03,0.009956,0.02592,0,0,0,,,
2026-05-25,2026-06-01,05123,St. Francis County,Arkansas,AR,quiet,2e-05,2885,68,501+,0.01,0.000146,2566,51,501+,0.03,0.009942,0.024144,0,0,0,,,
2026-05-25,2026-06-01,22035,East Carroll Parish,Louisiana,LA,quiet,2e-05,2886,63,501+,0.01,0.000116,2692,52,501+,0.02,0.009914,0.019436,0,0,0,,0.906,2021-22
2026-05-25,2026-06-01,45049,Hampton County,South Carolina,SC,quiet,2e-05,2887,45,501+,0.01,0.000272,2120,37,501+,0.05,0.009883,0.043056,0,0,0,,0.975,2023-24
2026-05-25,2026-06-01,39033,Crawford County,Ohio,OH,quiet,2e-05,2888,77,501+,0.01,8.1e-05,2844,74,501+,0.02,0.009858,0.013861,0,0,0,,,
2026-05-25,2026-06-01,54063,Monroe County,West Virginia,WV,quiet,1.9e-05,2889,30,501+,0.01,5.5e-05,2941,28,501+,0.01,0.009807,0.009602,0,0,0,,,
2026-05-25,2026-06-01,18137,Ripley County,Indiana,IN,quiet,1.9e-05,2890,83,501+,0.01,5.1e-05,2962,81,501+,0.01,0.009747,0.008983,0,0,0,,,
2026-05-25,2026-06-01,17159,Richland County,Illinois,IL,quiet,1.9e-05,2891,87,501+,0.01,3.3e-05,3037,94,501+,0.01,0.009702,0.005928,0,0,0,,,
2026-05-25,2026-06-01,13305,Wayne County,Georgia,GA,quiet,1.9e-05,2892,145,501+,0.01,0.000142,2582,132,501+,0.03,0.009686,0.023588,0,0,0,,,
2026-05-25,2026-06-01,49031,Piute County,Utah,UT,quiet,1.9e-05,2893,27,501+,0.01,6.9e-05,2889,27,501+,0.01,0.009683,0.011954,0,0,0,,0.944,2022-23
2026-05-25,2026-06-01,28127,Simpson County,Mississippi,MS,quiet,1.9e-05,2894,71,501+,0.01,8.6e-05,2815,79,501+,0.02,0.009672,0.014787,0,0,0,,,
2026-05-25,2026-06-01,27075,Lake County,Minnesota,MN,quiet,1.9e-05,2895,87,501+,0.01,5.9e-05,2918,87,501+,0.01,0.009672,0.010393,0,0,0,,0.819,2023-24
2026-05-25,2026-06-01,18013,Brown County,Indiana,IN,quiet,1.9e-05,2896,84,501+,0.01,6e-05,2917,76,501+,0.01,0.00964,0.010436,0,0,0,,,
2026-05-25,2026-06-01,17055,Franklin County,Illinois,IL,quiet,1.9e-05,2897,88,501+,0.01,8.3e-05,2832,74,501+,0.02,0.009628,0.014299,0,0,0,,,
2026-05-25,2026-06-01,17035,Cumberland County,Illinois,IL,quiet,1.9e-05,2898,89,501+,0.01,6.2e-05,2912,82,501+,0.01,0.009614,0.010872,0,0,0,,,
2026-05-25,2026-06-01,21129,Lee County,Kentucky,KY,quiet,1.9e-05,2899,79,501+,0.01,7.7e-05,2858,71,501+,0.01,0.009614,0.013258,0,0,0,,0.897,2022-23
2026-05-25,2026-06-01,21061,Edmonson County,Kentucky,KY,quiet,1.9e-05,2900,80,501+,0.01,2.4e-05,3073,96,501+,0.0,0.009589,0.004472,0,0,0,,0.944,2022-23
2026-05-25,2026-06-01,21149,McLean County,Kentucky,KY,quiet,1.9e-05,2901,81,501+,0.01,4.9e-05,2976,85,501+,0.01,0.009572,0.008594,0,0,0,,0.974,2022-23
2026-05-25,2026-06-01,51660,Harrisonburg City,Virginia,VA,quiet,1.9e-05,2902,117,501+,0.01,0.00016,2508,91,501+,0.03,0.009551,0.026398,0,0,0,,0.908,2023-24
2026-05-25,2026-06-01,51071,Giles County,Virginia,VA,quiet,1.9e-05,2903,118,501+,0.01,3.9e-05,3017,128,501+,0.01,0.009454,0.006955,0,0,0,,0.924,2023-24
2026-05-25,2026-06-01,13099,Early County,Georgia,GA,quiet,1.9e-05,2904,146,501+,0.01,0.000169,2474,127,501+,0.03,0.009443,0.027786,0,0,0,,,
2026-05-25,2026-06-01,17025,Clay County,Illinois,IL,quiet,1.9e-05,2905,90,501+,0.01,2.7e-05,3059,98,501+,0.01,0.009439,0.004961,0,0,0,,,
2026-05-25,2026-06-01,41055,Sherman County,Oregon,OR,quiet,1.9e-05,2906,36,501+,0.01,0.000148,2556,36,501+,0.03,0.00943,0.024486,0,0,0,,0.899,2023-24
2026-05-25,2026-06-01,51620,Franklin City,Virginia,VA,quiet,1.9e-05,2907,119,501+,0.01,0.000113,2705,104,501+,0.02,0.009411,0.019061,0,0,0,,0.886,2023-24
2026-05-25,2026-06-01,35037,Quay County,New Mexico,NM,quiet,1.9e-05,2908,32,501+,0.01,0.000157,2522,31,501+,0.03,0.009402,0.025894,0,0,0,,0.94,2018-19
2026-05-25,2026-06-01,54093,Tucker County,West Virginia,WV,quiet,1.9e-05,2909,31,501+,0.01,2.9e-05,3054,41,501+,0.01,0.009399,0.005302,0,0,0,,,
2026-05-25,2026-06-01,28163,Yazoo County,Mississippi,MS,quiet,1.9e-05,2910,72,501+,0.01,0.000129,2630,63,501+,0.02,0.009375,0.021496,0,0,0,,,
2026-05-25,2026-06-01,05111,Poinsett County,Arkansas,AR,quiet,1.8e-05,2911,69,501+,0.01,0.000115,2693,60,501+,0.02,0.009354,0.019424,0,0,0,,,
2026-05-25,2026-06-01,42023,Cameron County,Pennsylvania,PA,quiet,1.8e-05,2912,61,501+,0.01,9.7e-05,2770,53,501+,0.02,0.009314,0.016451,0,0,0,,0.84210526,2023-24
2026-05-25,2026-06-01,22083,Richland Parish,Louisiana,LA,quiet,1.8e-05,2913,64,501+,0.01,0.000142,2585,50,501+,0.03,0.009299,0.023508,0,0,0,,0.861,2021-22
2026-05-25,2026-06-01,47025,Claiborne County,Tennessee,TN,quiet,1.8e-05,2914,84,501+,0.01,5.1e-05,2963,89,501+,0.01,0.00928,0.008973,0,0,0,,0.921,2023-24
2026-05-25,2026-06-01,38083,Sheridan County,North Dakota,ND,quiet,1.8e-05,2915,52,501+,0.01,2.9e-05,3052,52,501+,0.01,0.009267,0.005338,0,0,0,,0.75,2023-24
2026-05-25,2026-06-01,19001,Adair County,Iowa,IA,quiet,1.8e-05,2916,87,501+,0.01,4.5e-05,2990,93,501+,0.01,0.009262,0.008025,0,0,0,,0.8245614,2023-24
2026-05-25,2026-06-01,12047,Hamilton County,Florida,FL,quiet,1.8e-05,2917,66,501+,0.01,0.00019,2394,63,501+,0.04,0.009222,0.030856,0,0,0,,0.917,2022-23
2026-05-25,2026-06-01,19037,Chickasaw County,Iowa,IA,quiet,1.8e-05,2918,88,501+,0.01,4.7e-05,2986,92,501+,0.01,0.009221,0.008317,0,0,0,,0.88888889,2023-24
2026-05-25,2026-06-01,48269,King County,Texas,TX,quiet,1.8e-05,2919,252,501+,0.01,0.000135,2606,247,501+,0.03,0.009218,0.022476,0,0,0,,1.0,2023-24
2026-05-25,2026-06-01,17131,Mercer County,Illinois,IL,quiet,1.8e-05,2920,91,501+,0.01,5.9e-05,2922,83,501+,0.01,0.009195,0.010322,0,0,0,,,
2026-05-25,2026-06-01,18129,Posey County,Indiana,IN,quiet,1.8e-05,2921,85,501+,0.01,3.4e-05,3032,88,501+,0.01,0.009175,0.00618,0,0,0,,,
2026-05-25,2026-06-01,13131,Grady County,Georgia,GA,quiet,1.8e-05,2922,147,501+,0.01,0.000126,2641,137,501+,0.02,0.00916,0.021076,0,0,0,,,
2026-05-25,2026-06-01,28101,Newton County,Mississippi,MS,quiet,1.8e-05,2923,73,501+,0.01,0.000157,2526,57,501+,0.03,0.009157,0.025809,0,0,0,,,
2026-05-25,2026-06-01,46021,Campbell County,South Dakota,SD,quiet,1.8e-05,2924,60,501+,0.01,4.8e-05,2980,63,501+,0.01,0.009141,0.00847,0,0,0,,0.83,2023-24
2026-05-25,2026-06-01,17039,De Witt County,Illinois,IL,quiet,1.8e-05,2925,92,501+,0.01,5.3e-05,2953,86,501+,0.01,0.009103,0.009359,0,0,0,,,
2026-05-25,2026-06-01,21013,Bell County,Kentucky,KY,quiet,1.8e-05,2926,82,501+,0.01,4.6e-05,2987,86,501+,0.01,0.009083,0.008183,0,0,0,,0.857,2022-23
2026-05-25,2026-06-01,51191,Washington County,Virginia,VA,quiet,1.8e-05,2927,120,501+,0.01,8.4e-05,2830,115,501+,0.02,0.009029,0.014355,0,0,0,,0.895,2023-24
2026-05-25,2026-06-01,31003,Antelope County,Nebraska,NE,quiet,1.8e-05,2928,84,501+,0.01,4.4e-05,2993,86,501+,0.01,0.009023,0.007893,0,0,0,,,
2026-05-25,2026-06-01,28025,Clay County,Mississippi,MS,quiet,1.8e-05,2929,74,501+,0.01,6.9e-05,2887,81,501+,0.01,0.00902,0.011976,0,0,0,,,
2026-05-25,2026-06-01,21155,Marion County,Kentucky,KY,quiet,1.8e-05,2930,83,501+,0.01,0.000104,2742,61,501+,0.02,0.009014,0.017547,0,0,0,,0.971,2022-23
2026-05-25,2026-06-01,30069,Petroleum County,Montana,MT,quiet,1.8e-05,2931,51,501+,0.01,4.3e-05,3002,54,501+,0.01,0.009005,0.007607,0,0,0,,,
2026-05-25,2026-06-01,05067,Jackson County,Arkansas,AR,quiet,1.8e-05,2932,70,501+,0.01,8.9e-05,2807,71,501+,0.02,0.008996,0.015165,0,0,0,,,
2026-05-25,2026-06-01,54099,Wayne County,West Virginia,WV,quiet,1.8e-05,2933,32,501+,0.01,4.3e-05,3003,33,501+,0.01,0.008984,0.00758,0,0,0,,,
2026-05-25,2026-06-01,05149,Yell County,Arkansas,AR,quiet,1.8e-05,2934,71,501+,0.01,0.000108,2724,65,501+,0.02,0.008963,0.018245,0,0,0,,,
2026-05-25,2026-06-01,28031,Covington County,Mississippi,MS,quiet,1.8e-05,2935,75,501+,0.01,6.2e-05,2911,82,501+,0.01,0.008935,0.010878,0,0,0,,,
2026-05-25,2026-06-01,55091,Pepin County,Wisconsin,WI,quiet,1.8e-05,2936,70,501+,0.01,6.6e-05,2898,67,501+,0.01,0.008927,0.011507,0,0,0,,0.665,2023-24
2026-05-25,2026-06-01,17083,Jersey County,Illinois,IL,quiet,1.7e-05,2937,93,501+,0.01,5e-05,2966,87,501+,0.01,0.008893,0.008857,0,0,0,,,
2026-05-25,2026-06-01,05019,Clark County,Arkansas,AR,quiet,1.7e-05,2938,72,501+,0.01,0.000115,2695,61,501+,0.02,0.008847,0.019379,0,0,0,,,
2026-05-25,2026-06-01,47175,Van Buren County,Tennessee,TN,quiet,1.7e-05,2939,85,501+,0.01,5.6e-05,2938,87,501+,0.01,0.00884,0.00981,0,0,0,,0.667,2023-24
2026-05-25,2026-06-01,13307,Webster County,Georgia,GA,quiet,1.7e-05,2940,148,501+,0.01,9.2e-05,2794,149,501+,0.02,0.008815,0.01562,0,0,0,,,
2026-05-25,2026-06-01,13265,Taliaferro County,Georgia,GA,quiet,1.7e-05,2941,149,501+,0.01,6.9e-05,2890,155,501+,0.01,0.008811,0.011894,0,0,0,,,
2026-05-25,2026-06-01,17069,Hardin County,Illinois,IL,quiet,1.7e-05,2942,94,501+,0.01,2.5e-05,3071,99,501+,0.0,0.008809,0.00463,0,0,0,,,
2026-05-25,2026-06-01,30033,Garfield County,Montana,MT,quiet,1.7e-05,2943,52,501+,0.01,5.1e-05,2961,53,501+,0.01,0.00876,0.009057,0,0,0,,,
2026-05-25,2026-06-01,51595,Emporia City,Virginia,VA,quiet,1.7e-05,2944,121,501+,0.01,9.9e-05,2763,108,501+,0.02,0.00874,0.016879,0,0,0,,,
2026-05-25,2026-06-01,13165,Jenkins County,Georgia,GA,quiet,1.7e-05,2945,150,501+,0.01,4.8e-05,2979,159,501+,0.01,0.008728,0.00849,0,0,0,,,
2026-05-25,2026-06-01,17045,Edgar County,Illinois,IL,quiet,1.7e-05,2946,95,501+,0.01,2.8e-05,3058,97,501+,0.01,0.008725,0.00504,0,0,0,,,
2026-05-25,2026-06-01,33007,Coos County,New Hampshire,NH,quiet,1.7e-05,2947,10,501+,0.01,2.1e-05,3085,10,501+,0.0,0.008724,0.003943,0,0,0,,,
2026-05-25,2026-06-01,19019,Buchanan County,Iowa,IA,quiet,1.7e-05,2948,89,501+,0.01,0.000118,2681,73,501+,0.02,0.008714,0.019808,0,0,0,,0.84013605,2023-24
2026-05-25,2026-06-01,51185,Tazewell County,Virginia,VA,quiet,1.7e-05,2949,122,501+,0.01,8.6e-05,2817,113,501+,0.02,0.00871,0.014764,0,0,0,,0.636,2023-24
2026-05-25,2026-06-01,21055,Crittenden County,Kentucky,KY,quiet,1.7e-05,2950,84,501+,0.01,6.6e-05,2897,76,501+,0.01,0.008706,0.011547,0,0,0,,0.972,2022-23
2026-05-25,2026-06-01,54047,McDowell County,West Virginia,WV,quiet,1.7e-05,2951,33,501+,0.01,4.3e-05,2999,31,501+,0.01,0.008669,0.007682,0,0,0,,,
2026-05-25,2026-06-01,39019,Carroll County,Ohio,OH,quiet,1.7e-05,2952,78,501+,0.01,5.5e-05,2942,78,501+,0.01,0.008663,0.009598,0,0,0,,,
2026-05-25,2026-06-01,21063,Elliott County,Kentucky,KY,quiet,1.7e-05,2953,85,501+,0.01,2.9e-05,3055,91,501+,0.01,0.008653,0.005252,0,0,0,,0.867,2022-23
2026-05-25,2026-06-01,13001,Appling County,Georgia,GA,quiet,1.7e-05,2954,151,501+,0.01,0.000244,2203,105,501+,0.05,0.008628,0.038925,0,0,0,,,
2026-05-25,2026-06-01,28021,Claiborne County,Mississippi,MS,quiet,1.7e-05,2955,76,501+,0.01,0.000103,2745,72,501+,0.02,0.008618,0.017445,0,0,0,,,
2026-05-25,2026-06-01,13027,Brooks County,Georgia,GA,quiet,1.7e-05,2956,152,501+,0.01,9.3e-05,2786,148,501+,0.02,0.008583,0.015842,0,0,0,,,
2026-05-25,2026-06-01,18119,Owen County,Indiana,IN,quiet,1.7e-05,2957,86,501+,0.01,3.7e-05,3026,86,501+,0.01,0.008579,0.006602,0,0,0,,,
2026-05-25,2026-06-01,05021,Clay County,Arkansas,AR,quiet,1.7e-05,2958,73,501+,0.01,1.5e-05,3115,75,501+,0.0,0.008547,0.002892,0,0,0,,,
2026-05-25,2026-06-01,18047,Franklin County,Indiana,IN,quiet,1.7e-05,2959,87,501+,0.01,5.2e-05,2958,80,501+,0.01,0.008541,0.009178,0,0,0,,,
2026-05-25,2026-06-01,42031,Clarion County,Pennsylvania,PA,quiet,1.7e-05,2960,62,501+,0.01,3.5e-05,3029,63,501+,0.01,0.008523,0.006324,0,0,0,,0.92890995,2023-24
2026-05-25,2026-06-01,13075,Cook County,Georgia,GA,quiet,1.7e-05,2961,153,501+,0.01,0.000139,2599,135,501+,0.03,0.008465,0.023053,0,0,0,,,
2026-05-25,2026-06-01,21199,Pulaski County,Kentucky,KY,quiet,1.7e-05,2962,86,501+,0.01,9e-05,2798,68,501+,0.02,0.008453,0.015442,0,0,0,,0.968,2022-23
2026-05-25,2026-06-01,28137,Tate County,Mississippi,MS,quiet,1.7e-05,2963,77,501+,0.01,9.7e-05,2767,75,501+,0.02,0.008448,0.016496,0,0,0,,,
2026-05-25,2026-06-01,01091,Marengo County,Alabama,AL,quiet,1.6e-05,2964,65,501+,0.01,9.6e-05,2772,64,501+,0.02,0.008411,0.016358,0,0,0,,0.9018,2022-23
2026-05-25,2026-06-01,48045,Briscoe County,Texas,TX,quiet,1.6e-05,2965,253,501+,0.01,5.8e-05,2930,253,501+,0.01,0.008356,0.010096,0,0,0,,0.8,2023-24
2026-05-25,2026-06-01,19043,Clayton County,Iowa,IA,quiet,1.6e-05,2966,90,501+,0.01,3.6e-05,3028,95,501+,0.01,0.008298,0.006416,0,0,0,,0.8722467,2023-24
2026-05-25,2026-06-01,13043,Candler County,Georgia,GA,quiet,1.6e-05,2967,154,501+,0.01,0.00014,2591,133,501+,0.03,0.00829,0.023259,0,0,0,,,
2026-05-25,2026-06-01,47057,Grainger County,Tennessee,TN,quiet,1.6e-05,2968,86,501+,0.01,5.2e-05,2957,88,501+,0.01,0.008289,0.009228,0,0,0,,0.987,2023-24
2026-05-25,2026-06-01,39073,Hocking County,Ohio,OH,quiet,1.6e-05,2969,79,501+,0.01,3.8e-05,3019,80,501+,0.01,0.008285,0.006878,0,0,0,,,
2026-05-25,2026-06-01,51690,Martinsville City,Virginia,VA,quiet,1.6e-05,2970,123,501+,0.01,7.6e-05,2860,117,501+,0.01,0.008229,0.013125,0,0,0,,0.922,2023-24
2026-05-25,2026-06-01,40115,Ottawa County,Oklahoma,OK,quiet,1.6e-05,2971,75,501+,0.01,0.000199,2361,68,501+,0.04,0.008207,0.032183,0,0,0,,0.8523,2023-24
2026-05-25,2026-06-01,29033,Carroll County,Missouri,MO,quiet,1.6e-05,2972,111,501+,0.01,0.000153,2538,91,501+,0.03,0.008201,0.025283,0,0,0,,0.976,2023-24
2026-05-25,2026-06-01,17047,Edwards County,Illinois,IL,quiet,1.6e-05,2973,96,501+,0.01,3.1e-05,3047,96,501+,0.01,0.008155,0.005553,0,0,0,,,
2026-05-25,2026-06-01,36049,Lewis County,New York,NY,quiet,1.6e-05,2974,61,501+,0.01,3.5e-05,3031,62,501+,0.01,0.008155,0.006293,0,0,0,,0.81322727,2022-23
2026-05-25,2026-06-01,21087,Green County,Kentucky,KY,quiet,1.6e-05,2975,87,501+,0.01,6.3e-05,2909,77,501+,0.01,0.008102,0.01091,0,0,0,,0.977,2022-23
2026-05-25,2026-06-01,13239,Quitman County,Georgia,GA,quiet,1.6e-05,2976,155,501+,0.01,0.000113,2704,141,501+,0.02,0.008099,0.019071,0,0,0,,,
2026-05-25,2026-06-01,39175,Wyandot County,Ohio,OH,quiet,1.6e-05,2977,80,501+,0.01,3.8e-05,3021,81,501+,0.01,0.008095,0.006777,0,0,0,,,
2026-05-25,2026-06-01,47013,Campbell County,Tennessee,TN,quiet,1.6e-05,2978,87,501+,0.01,4.9e-05,2972,90,501+,0.01,0.00809,0.008718,0,0,0,,0.964,2023-24
2026-05-25,2026-06-01,26141,Presque Isle County,Michigan,MI,quiet,1.6e-05,2979,81,501+,0.01,2.7e-05,3061,81,501+,0.01,0.008089,0.004846,0,0,0,,0.9211,2023-24
2026-05-25,2026-06-01,37103,Jones County,North Carolina,NC,quiet,1.6e-05,2980,99,501+,0.01,0.000119,2676,96,501+,0.02,0.008016,0.020021,0,0,0,,0.90666667,2022-23
2026-05-25,2026-06-01,39121,Noble County,Ohio,OH,quiet,1.6e-05,2981,81,501+,0.01,4.8e-05,2981,79,501+,0.01,0.008011,0.008469,0,0,0,,,
2026-05-25,2026-06-01,18161,Union County,Indiana,IN,quiet,1.6e-05,2982,88,501+,0.01,4.6e-05,2989,83,501+,0.01,0.008007,0.008104,0,0,0,,,
2026-05-25,2026-06-01,17129,Menard County,Illinois,IL,quiet,1.5e-05,2983,97,501+,0.01,6.2e-05,2910,81,501+,0.01,0.00795,0.010884,0,0,0,,,
2026-05-25,2026-06-01,31077,Greeley County,Nebraska,NE,quiet,1.5e-05,2984,85,501+,0.01,5.8e-05,2925,81,501+,0.01,0.00792,0.010216,0,0,0,,,
2026-05-25,2026-06-01,28011,Bolivar County,Mississippi,MS,quiet,1.5e-05,2985,78,501+,0.01,0.000111,2710,68,501+,0.02,0.007918,0.018752,0,0,0,,,
2026-05-25,2026-06-01,28007,Attala County,Mississippi,MS,quiet,1.5e-05,2986,79,501+,0.01,0.000116,2689,67,501+,0.02,0.007917,0.019489,0,0,0,,,
2026-05-25,2026-06-01,21053,Clinton County,Kentucky,KY,quiet,1.5e-05,2987,88,501+,0.01,6.7e-05,2894,75,501+,0.01,0.007906,0.011678,0,0,0,,0.797,2022-23
2026-05-25,2026-06-01,13283,Treutlen County,Georgia,GA,quiet,1.5e-05,2988,156,501+,0.01,8.4e-05,2826,150,501+,0.02,0.007905,0.014473,0,0,0,,,
2026-05-25,2026-06-01,35033,Mora County,New Mexico,NM,quiet,1.5e-05,2989,33,501+,0.01,9.1e-05,2795,32,501+,0.02,0.007876,0.015585,0,0,0,,,
2026-05-25,2026-06-01,12037,Franklin County,Florida,FL,quiet,1.5e-05,2990,67,501+,0.01,0.000116,2691,67,501+,0.02,0.007804,0.019454,0,0,0,,0.842,2022-23
2026-05-25,2026-06-01,20063,Gove County,Kansas,KS,quiet,1.5e-05,2991,103,501+,0.01,6.8e-05,2893,102,501+,0.01,0.007756,0.011737,0,0,0,,0.72,2023-24
2026-05-25,2026-06-01,47087,Jackson County,Tennessee,TN,quiet,1.5e-05,2992,88,501+,0.01,0.00011,2716,81,501+,0.02,0.00765,0.0186,0,0,0,,0.914,2023-24
2026-05-25,2026-06-01,36123,Yates County,New York,NY,quiet,1.5e-05,2993,62,501+,0.01,6.5e-05,2903,60,501+,0.01,0.007643,0.011377,0,0,0,,0.7489,2022-23
2026-05-25,2026-06-01,19107,Keokuk County,Iowa,IA,quiet,1.5e-05,2994,91,501+,0.01,3e-05,3049,96,501+,0.01,0.007616,0.005494,0,0,0,,0.79545455,2023-24
2026-05-25,2026-06-01,51640,Galax City,Virginia,VA,quiet,1.5e-05,2995,124,501+,0.01,0.000126,2644,101,501+,0.02,0.007612,0.021014,0,0,0,,0.903,2023-24
2026-05-25,2026-06-01,21157,Marshall County,Kentucky,KY,quiet,1.5e-05,2996,89,501+,0.01,5.4e-05,2951,81,501+,0.01,0.00761,0.009435,0,0,0,,0.869,2022-23
2026-05-25,2026-06-01,18101,Martin County,Indiana,IN,quiet,1.5e-05,2997,89,501+,0.01,3.4e-05,3033,89,501+,0.01,0.007604,0.006155,0,0,0,,,
2026-05-25,2026-06-01,46089,McPherson County,South Dakota,SD,quiet,1.5e-05,2998,61,501+,0.01,4.2e-05,3004,64,501+,0.01,0.007602,0.007552,0,0,0,,0.83,2023-24
2026-05-25,2026-06-01,54023,Grant County,West Virginia,WV,quiet,1.5e-05,2999,34,501+,0.01,3.8e-05,3020,35,501+,0.01,0.007593,0.006869,0,0,0,,,
2026-05-25,2026-06-01,51105,Lee County,Virginia,VA,quiet,1.5e-05,3000,125,501+,0.01,6.8e-05,2891,119,501+,0.01,0.007584,0.011793,0,0,0,,0.89,2023-24
2026-05-25,2026-06-01,54035,Jackson County,West Virginia,WV,quiet,1.5e-05,3001,35,501+,0.01,2.5e-05,3072,42,501+,0.0,0.007582,0.004485,0,0,0,,,
2026-05-25,2026-06-01,47073,Hawkins County,Tennessee,TN,quiet,1.5e-05,3002,89,501+,0.01,7.2e-05,2876,86,501+,0.01,0.007548,0.012458,0,0,0,,0.951,2023-24
2026-05-25,2026-06-01,28107,Panola County,Mississippi,MS,quiet,1.5e-05,3003,80,501+,0.01,9.8e-05,2765,74,501+,0.02,0.007539,0.016667,0,0,0,,,
2026-05-25,2026-06-01,42047,Elk County,Pennsylvania,PA,quiet,1.5e-05,3004,63,501+,0.01,6.7e-05,2896,58,501+,0.01,0.007538,0.011635,0,0,0,,0.95604396,2023-24
2026-05-25,2026-06-01,51173,Smyth County,Virginia,VA,quiet,1.5e-05,3005,126,501+,0.01,5.3e-05,2952,125,501+,0.01,0.007523,0.009404,0,0,0,,0.977,2023-24
2026-05-25,2026-06-01,21091,Hancock County,Kentucky,KY,quiet,1.5e-05,3006,90,501+,0.01,2.3e-05,3079,99,501+,0.0,0.007516,0.004279,0,0,0,,0.953,2022-23
2026-05-25,2026-06-01,54101,Webster County,West Virginia,WV,quiet,1.5e-05,3007,36,501+,0.01,6.4e-05,2905,27,501+,0.01,0.007512,0.011221,0,0,0,,,
2026-05-25,2026-06-01,46045,Edmunds County,South Dakota,SD,quiet,1.4e-05,3008,62,501+,0.01,5.8e-05,2928,62,501+,0.01,0.007444,0.010177,0,0,0,,0.72,2023-24
2026-05-25,2026-06-01,46119,Sully County,South Dakota,SD,quiet,1.4e-05,3009,63,501+,0.01,7e-05,2885,61,501+,0.01,0.007438,0.012067,0,0,0,,1.0,2023-24
2026-05-25,2026-06-01,19117,Lucas County,Iowa,IA,quiet,1.4e-05,3010,92,501+,0.01,4.4e-05,2994,94,501+,0.01,0.007436,0.007802,0,0,0,,0.89108911,2023-24
2026-05-25,2026-06-01,24039,Somerset County,Maryland,MD,quiet,1.4e-05,3011,24,501+,0.01,4.5e-05,2992,23,501+,0.01,0.007405,0.007944,0,0,0,,1.0,2023-24
2026-05-25,2026-06-01,29075,Gentry County,Missouri,MO,quiet,1.4e-05,3012,112,501+,0.01,5.9e-05,2921,111,501+,0.01,0.007379,0.010327,0,0,0,,0.975,2023-24
2026-05-25,2026-06-01,28131,Stone County,Mississippi,MS,quiet,1.4e-05,3013,81,501+,0.01,0.000124,2649,65,501+,0.02,0.00737,0.02077,0,0,0,,,
2026-05-25,2026-06-01,38087,Slope County,North Dakota,ND,quiet,1.4e-05,3014,53,501+,0.01,4.4e-05,2998,50,501+,0.01,0.007362,0.007737,0,0,0,,1.0,2021-22
2026-05-25,2026-06-01,18139,Rush County,Indiana,IN,quiet,1.4e-05,3015,90,501+,0.01,2.3e-05,3080,90,501+,0.0,0.007361,0.004176,0,0,0,,,
2026-05-25,2026-06-01,28043,Grenada County,Mississippi,MS,quiet,1.4e-05,3016,82,501+,0.01,0.000111,2713,70,501+,0.02,0.00736,0.018668,0,0,0,,,
2026-05-25,2026-06-01,45067,Marion County,South Carolina,SC,quiet,1.4e-05,3017,46,501+,0.01,0.000132,2617,45,501+,0.03,0.007298,0.02202,0,0,0,,0.989,2023-24
2026-05-25,2026-06-01,46125,Turner County,South Dakota,SD,quiet,1.4e-05,3018,64,501+,0.01,3.1e-05,3044,65,501+,0.01,0.007292,0.005629,0,0,0,,0.89,2023-24
2026-05-25,2026-06-01,55011,Buffalo County,Wisconsin,WI,quiet,1.4e-05,3019,71,501+,0.01,4.8e-05,2983,70,501+,0.01,0.007274,0.008426,0,0,0,,0.734,2023-24
2026-05-25,2026-06-01,20157,Republic County,Kansas,KS,quiet,1.4e-05,3020,104,501+,0.01,5.2e-05,2959,103,501+,0.01,0.007201,0.009121,0,0,0,,0.95,2023-24
2026-05-25,2026-06-01,54017,Doddridge County,West Virginia,WV,quiet,1.4e-05,3021,37,501+,0.01,3.7e-05,3023,36,501+,0.01,0.007116,0.006713,0,0,0,,,
2026-05-25,2026-06-01,30059,Meagher County,Montana,MT,quiet,1.4e-05,3022,53,501+,0.01,9.2e-05,2789,49,501+,0.02,0.007103,0.01569,0,0,0,,,
2026-05-25,2026-06-01,01105,Perry County,Alabama,AL,quiet,1.4e-05,3023,66,501+,0.01,9.5e-05,2775,65,501+,0.02,0.007097,0.016229,0,0,0,,0.8718,2022-23
2026-05-25,2026-06-01,40133,Seminole County,Oklahoma,OK,quiet,1.4e-05,3024,76,501+,0.01,0.000191,2388,69,501+,0.04,0.007092,0.031117,0,0,0,,0.854,2023-24
2026-05-25,2026-06-01,19011,Benton County,Iowa,IA,quiet,1.4e-05,3025,93,501+,0.01,5.7e-05,2933,88,501+,0.01,0.007086,0.010008,0,0,0,,0.88501742,2023-24
2026-05-25,2026-06-01,31071,Garfield County,Nebraska,NE,quiet,1.4e-05,3026,86,501+,0.01,3.1e-05,3046,89,501+,0.01,0.007036,0.005568,0,0,0,,,
2026-05-25,2026-06-01,46017,Buffalo County,South Dakota,SD,quiet,1.3e-05,3027,65,501+,0.01,8.9e-05,2803,60,501+,0.02,0.006987,0.015262,0,0,0,,,
2026-05-25,2026-06-01,51167,Russell County,Virginia,VA,quiet,1.3e-05,3028,127,501+,0.01,2.6e-05,3066,129,501+,0.01,0.006979,0.004758,0,0,0,,0.973,2023-24
2026-05-25,2026-06-01,21237,Wolfe County,Kentucky,KY,quiet,1.3e-05,3029,91,501+,0.01,7.1e-05,2878,73,501+,0.01,0.006939,0.012349,0,0,0,,0.941,2022-23
2026-05-25,2026-06-01,13205,Mitchell County,Georgia,GA,quiet,1.3e-05,3030,157,501+,0.01,0.00016,2510,128,501+,0.03,0.006878,0.026341,0,0,0,,,
2026-05-25,2026-06-01,54067,Nicholas County,West Virginia,WV,quiet,1.3e-05,3031,38,501+,0.01,3.3e-05,3036,38,501+,0.01,0.006808,0.006026,0,0,0,,,
2026-05-25,2026-06-01,13017,Ben Hill County,Georgia,GA,quiet,1.3e-05,3032,158,501+,0.01,0.000107,2730,143,501+,0.02,0.006789,0.018109,0,0,0,,,
2026-05-25,2026-06-01,54103,Wetzel County,West Virginia,WV,quiet,1.3e-05,3033,39,501+,0.01,3.4e-05,3035,37,501+,0.01,0.006742,0.006059,0,0,0,,,
2026-05-25,2026-06-01,31011,Boone County,Nebraska,NE,quiet,1.3e-05,3034,87,501+,0.01,6.9e-05,2886,80,501+,0.01,0.006735,0.011998,0,0,0,,,
2026-05-25,2026-06-01,47173,Union County,Tennessee,TN,quiet,1.3e-05,3035,90,501+,0.01,3.7e-05,3024,91,501+,0.01,0.006725,0.006615,0,0,0,,0.863,2023-24
2026-05-25,2026-06-01,54005,Boone County,West Virginia,WV,quiet,1.3e-05,3036,40,501+,0.01,2.1e-05,3087,47,501+,0.0,0.006719,0.003885,0,0,0,,,
2026-05-25,2026-06-01,40095,Marshall County,Oklahoma,OK,quiet,1.3e-05,3037,77,501+,0.01,0.000124,2648,75,501+,0.02,0.006704,0.020828,0,0,0,,0.8622,2023-24
2026-05-25,2026-06-01,19131,Mitchell County,Iowa,IA,quiet,1.3e-05,3038,94,501+,0.01,3e-05,3050,97,501+,0.01,0.006597,0.005412,0,0,0,,0.89430894,2023-24
2026-05-25,2026-06-01,19023,Butler County,Iowa,IA,quiet,1.3e-05,3039,95,501+,0.01,5e-05,2965,90,501+,0.01,0.006583,0.00888,0,0,0,,0.94202899,2023-24
2026-05-25,2026-06-01,30107,Wheatland County,Montana,MT,quiet,1.3e-05,3040,54,501+,0.01,8.4e-05,2828,50,501+,0.02,0.006567,0.014424,0,0,0,,,
2026-05-25,2026-06-01,21231,Wayne County,Kentucky,KY,quiet,1.3e-05,3041,92,501+,0.01,5.3e-05,2954,82,501+,0.01,0.006567,0.0093,0,0,0,,0.978,2022-23
2026-05-25,2026-06-01,18025,Crawford County,Indiana,IN,quiet,1.3e-05,3042,91,501+,0.01,1.6e-05,3112,91,501+,0.0,0.006563,0.003074,0,0,0,,,
2026-05-25,2026-06-01,51017,Bath County,Virginia,VA,quiet,1.3e-05,3043,128,501+,0.01,5.7e-05,2934,121,501+,0.01,0.006552,0.00998,0,0,0,,0.976,2023-24
2026-05-25,2026-06-01,37187,Washington County,North Carolina,NC,quiet,1.3e-05,3044,100,501+,0.01,7.7e-05,2859,99,501+,0.01,0.006551,0.013242,0,0,0,,0.99130435,2022-23
2026-05-25,2026-06-01,39031,Coshocton County,Ohio,OH,quiet,1.2e-05,3045,82,501+,0.01,3e-05,3051,83,501+,0.01,0.006504,0.005361,0,0,0,,,
2026-05-25,2026-06-01,19029,Cass County,Iowa,IA,quiet,1.2e-05,3046,96,501+,0.01,2.6e-05,3067,99,501+,0.01,0.006452,0.004757,0,0,0,,0.81521739,2023-24
2026-05-25,2026-06-01,21043,Carter County,Kentucky,KY,quiet,1.2e-05,3047,93,501+,0.01,2e-05,3091,102,501+,0.0,0.006448,0.003652,0,0,0,,0.941,2022-23
2026-05-25,2026-06-01,48443,Terrell County,Texas,TX,quiet,1.2e-05,3048,254,501+,0.01,3.9e-05,3016,254,501+,0.01,0.006448,0.007007,0,0,0,,1.0,2023-24
2026-05-25,2026-06-01,17067,Hancock County,Illinois,IL,quiet,1.2e-05,3049,98,501+,0.01,3.8e-05,3022,93,501+,0.01,0.006425,0.00676,0,0,0,,,
2026-05-25,2026-06-01,39163,Vinton County,Ohio,OH,quiet,1.2e-05,3050,83,501+,0.01,2e-05,3090,86,501+,0.0,0.006424,0.003698,0,0,0,,,
2026-05-25,2026-06-01,17059,Gallatin County,Illinois,IL,quiet,1.2e-05,3051,99,501+,0.01,2.3e-05,3078,100,501+,0.0,0.00632,0.004295,0,0,0,,,
2026-05-25,2026-06-01,54015,Clay County,West Virginia,WV,quiet,1.2e-05,3052,41,501+,0.01,3.2e-05,3042,40,501+,0.01,0.006239,0.005693,0,0,0,,,
2026-05-25,2026-06-01,01107,Pickens County,Alabama,AL,quiet,1.2e-05,3053,67,501+,0.01,4.8e-05,2982,67,501+,0.01,0.006193,0.008444,0,0,0,,0.9085,2022-23
2026-05-25,2026-06-01,47069,Hardeman County,Tennessee,TN,quiet,1.2e-05,3054,91,501+,0.01,8.7e-05,2811,84,501+,0.02,0.006149,0.01495,0,0,0,,0.971,2023-24
2026-05-25,2026-06-01,19089,Howard County,Iowa,IA,quiet,1.2e-05,3055,97,501+,0.01,7.3e-05,2871,84,501+,0.01,0.006111,0.012672,0,0,0,,0.90322581,2023-24
2026-05-25,2026-06-01,21011,Bath County,Kentucky,KY,quiet,1.2e-05,3056,94,501+,0.01,1.7e-05,3109,110,501+,0.0,0.006079,0.00313,0,0,0,,0.926,2022-23
2026-05-25,2026-06-01,51091,Highland County,Virginia,VA,quiet,1.1e-05,3057,129,501+,0.01,4.1e-05,3012,127,501+,0.01,0.006004,0.007234,0,0,0,,0.938,2023-24
2026-05-25,2026-06-01,08061,Kiowa County,Colorado,CO,quiet,1.1e-05,3058,64,501+,0.01,5.3e-05,2955,64,501+,0.01,0.00592,0.009293,0,0,0,,1.0,2023-24
2026-05-25,2026-06-01,54095,Tyler County,West Virginia,WV,quiet,1.1e-05,3059,42,501+,0.01,3.2e-05,3039,39,501+,0.01,0.005905,0.005785,0,0,0,,,
2026-05-25,2026-06-01,31139,Pierce County,Nebraska,NE,quiet,1.1e-05,3060,88,501+,0.01,2.9e-05,3053,90,501+,0.01,0.005902,0.00532,0,0,0,,,
2026-05-25,2026-06-01,05071,Johnson County,Arkansas,AR,quiet,1.1e-05,3061,74,501+,0.01,0.000117,2686,59,501+,0.02,0.005896,0.019721,0,0,0,,,
2026-05-25,2026-06-01,17061,Greene County,Illinois,IL,quiet,1.1e-05,3062,100,501+,0.01,3.2e-05,3040,95,501+,0.01,0.005847,0.005745,0,0,0,,,
2026-05-25,2026-06-01,19121,Madison County,Iowa,IA,quiet,1.1e-05,3063,98,501+,0.01,2.9e-05,3056,98,501+,0.01,0.005837,0.005249,0,0,0,,0.89795918,2023-24
2026-05-25,2026-06-01,21187,Owen County,Kentucky,KY,quiet,1.1e-05,3064,95,501+,0.01,2.2e-05,3082,100,501+,0.0,0.005826,0.004065,0,0,0,,0.993,2022-23
2026-05-25,2026-06-01,54071,Pendleton County,West Virginia,WV,quiet,1.1e-05,3065,43,501+,0.01,2.4e-05,3075,44,501+,0.0,0.005782,0.004404,0,0,0,,,
2026-05-25,2026-06-01,05037,Cross County,Arkansas,AR,quiet,1.1e-05,3066,75,501+,0.01,8.7e-05,2814,72,501+,0.02,0.005762,0.014888,0,0,0,,,
2026-05-25,2026-06-01,47049,Fentress County,Tennessee,TN,quiet,1.1e-05,3067,92,501+,0.01,3.7e-05,3025,92,501+,0.01,0.005752,0.006606,0,0,0,,0.898,2023-24
2026-05-25,2026-06-01,29103,Knox County,Missouri,MO,quiet,1.1e-05,3068,113,501+,0.01,0.000139,2597,96,501+,0.03,0.005714,0.023074,0,0,0,,1.0,2023-24
2026-05-25,2026-06-01,19003,Adams County,Iowa,IA,quiet,1.1e-05,3069,99,501+,0.01,7.4e-05,2869,82,501+,0.01,0.005706,0.012729,0,0,0,,1.0,2023-24
2026-05-25,2026-06-01,31103,Keya Paha County,Nebraska,NE,quiet,1.1e-05,3070,89,501+,0.01,4.6e-05,2988,85,501+,0.01,0.005692,0.008137,0,0,0,,,
2026-05-25,2026-06-01,32009,Esmeralda County,Nevada,NV,quiet,1.1e-05,3071,17,501+,0.01,8.9e-05,2805,17,501+,0.02,0.00568,0.015196,0,0,0,,0.83,2022-23
2026-05-25,2026-06-01,13287,Turner County,Georgia,GA,quiet,1.1e-05,3072,159,501+,0.01,7.4e-05,2867,154,501+,0.01,0.005652,0.012798,0,0,0,,,
2026-05-25,2026-06-01,39111,Monroe County,Ohio,OH,quiet,1.1e-05,3073,84,501+,0.01,2.5e-05,3070,85,501+,0.0,0.005628,0.004651,0,0,0,,,
2026-05-25,2026-06-01,31027,Cedar County,Nebraska,NE,quiet,1.1e-05,3074,90,501+,0.01,3.2e-05,3038,88,501+,0.01,0.00562,0.005799,0,0,0,,,
2026-05-25,2026-06-01,39001,Adams County,Ohio,OH,quiet,1.1e-05,3075,85,501+,0.01,3.2e-05,3041,82,501+,0.01,0.005563,0.005717,0,0,0,,,
2026-05-25,2026-06-01,55051,Iron County,Wisconsin,WI,quiet,1e-05,3076,72,501+,0.01,2.6e-05,3065,72,501+,0.01,0.005483,0.004764,0,0,0,,0.63,2023-24
2026-05-25,2026-06-01,21085,Grayson County,Kentucky,KY,quiet,1e-05,3077,96,501+,0.01,1.7e-05,3108,109,501+,0.0,0.005405,0.003152,0,0,0,,0.983,2022-23
2026-05-25,2026-06-01,21165,Menifee County,Kentucky,KY,quiet,1e-05,3078,97,501+,0.01,2.6e-05,3069,95,501+,0.0,0.005387,0.004656,0,0,0,,0.986,2022-23
2026-05-25,2026-06-01,21095,Harlan County,Kentucky,KY,quiet,1e-05,3079,98,501+,0.01,2.1e-05,3088,101,501+,0.0,0.005341,0.003866,0,0,0,,0.696,2022-23
2026-05-25,2026-06-01,21071,Floyd County,Kentucky,KY,quiet,1e-05,3080,99,501+,0.01,2.3e-05,3077,98,501+,0.0,0.005304,0.004305,0,0,0,,0.946,2022-23
2026-05-25,2026-06-01,21127,Lawrence County,Kentucky,KY,quiet,1e-05,3081,100,501+,0.01,1.7e-05,3106,107,501+,0.0,0.005218,0.003175,0,0,0,,0.932,2022-23
2026-05-25,2026-06-01,31149,Rock County,Nebraska,NE,quiet,1e-05,3082,91,501+,0.01,1.9e-05,3095,91,501+,0.0,0.005125,0.003584,0,0,0,,,
2026-05-25,2026-06-01,18009,Blackford County,Indiana,IN,quiet,1e-05,3083,92,501+,0.01,1.4e-05,3125,92,501+,0.0,0.005089,0.002594,0,0,0,,,
2026-05-25,2026-06-01,21153,Magoffin County,Kentucky,KY,quiet,1e-05,3084,101,501+,0.01,1.7e-05,3107,108,501+,0.0,0.005087,0.003166,0,0,0,,0.834,2022-23
2026-05-25,2026-06-01,17193,White County,Illinois,IL,quiet,1e-05,3085,101,501+,0.01,1.9e-05,3098,101,501+,0.0,0.005081,0.003534,0,0,0,,,
2026-05-25,2026-06-01,54109,Wyoming County,West Virginia,WV,quiet,1e-05,3086,44,501+,0.01,1.9e-05,3096,49,501+,0.0,0.005075,0.00356,0,0,0,,,
2026-05-25,2026-06-01,31009,Blaine County,Nebraska,NE,quiet,1e-05,3087,92,501+,0.01,1.9e-05,3100,92,501+,0.0,0.005071,0.003481,0,0,0,,,
2026-05-25,2026-06-01,21195,Pike County,Kentucky,KY,quiet,9e-06,3088,102,501+,0.01,2.6e-05,3068,94,501+,0.0,0.004959,0.004719,0,0,0,,0.981,2022-23
2026-05-25,2026-06-01,54091,Taylor County,West Virginia,WV,quiet,9e-06,3089,45,501+,0.01,2.3e-05,3081,45,501+,0.0,0.004949,0.004152,0,0,0,,,
2026-05-25,2026-06-01,21203,Rockcastle County,Kentucky,KY,quiet,9e-06,3090,103,501+,0.01,1.4e-05,3124,118,501+,0.0,0.004862,0.002604,0,0,0,,0.9,2022-23
2026-05-25,2026-06-01,20033,Comanche County,Kansas,KS,quiet,9e-06,3091,105,501+,0.01,4.1e-05,3007,105,501+,0.01,0.00483,0.007366,0,0,0,,1.0,2023-24
2026-05-25,2026-06-01,21235,Whitley County,Kentucky,KY,quiet,9e-06,3092,104,501+,0.01,1.4e-05,3120,116,501+,0.0,0.004811,0.00264,0,0,0,,0.493,2022-23
2026-05-25,2026-06-01,21109,Jackson County,Kentucky,KY,quiet,9e-06,3093,105,501+,0.01,2.7e-05,3062,93,501+,0.01,0.004796,0.004838,0,0,0,,0.985,2022-23
2026-05-25,2026-06-01,21139,Livingston County,Kentucky,KY,quiet,9e-06,3094,106,501+,0.01,1.4e-05,3119,115,501+,0.0,0.004708,0.002669,0,0,0,,0.899,2022-23
2026-05-25,2026-06-01,30103,Treasure County,Montana,MT,quiet,9e-06,3095,55,501+,0.01,1.8e-05,3102,56,501+,0.0,0.0047,0.003325,0,0,0,,,
2026-05-25,2026-06-01,54097,Upshur County,West Virginia,WV,quiet,9e-06,3096,46,501+,0.01,4.7e-05,2985,30,501+,0.01,0.004682,0.008323,0,0,0,,,
2026-05-25,2026-06-01,39079,Jackson County,Ohio,OH,quiet,9e-06,3097,86,501+,0.01,2.7e-05,3064,84,501+,0.01,0.004604,0.00483,0,0,0,,,
2026-05-25,2026-06-01,21131,Leslie County,Kentucky,KY,quiet,9e-06,3098,107,501+,0.01,3.1e-05,3043,88,501+,0.01,0.004567,0.005641,0,0,0,,0.857,2022-23
2026-05-25,2026-06-01,47133,Overton County,Tennessee,TN,quiet,8e-06,3099,93,501+,0.01,1.7e-05,3105,93,501+,0.0,0.004534,0.003235,0,0,0,,0.974,2023-24
2026-05-25,2026-06-01,54075,Pocahontas County,West Virginia,WV,quiet,8e-06,3100,47,501+,0.01,1.5e-05,3116,51,501+,0.0,0.0045,0.002864,0,0,0,,,
2026-05-25,2026-06-01,21135,Lewis County,Kentucky,KY,quiet,8e-06,3101,108,501+,0.01,2.8e-05,3057,92,501+,0.01,0.004469,0.005059,0,0,0,,0.969,2022-23
2026-05-25,2026-06-01,21065,Estill County,Kentucky,KY,quiet,8e-06,3102,109,501+,0.01,1.8e-05,3103,106,501+,0.0,0.00446,0.003283,0,0,0,,0.952,2022-23
2026-05-25,2026-06-01,46049,Faulk County,South Dakota,SD,quiet,8e-06,3103,66,501+,0.01,1.2e-05,3132,66,501+,0.0,0.004443,0.002331,0,0,0,,0.56,2023-24
2026-05-25,2026-06-01,21197,Powell County,Kentucky,KY,quiet,8e-06,3104,110,501+,0.01,2.4e-05,3076,97,501+,0.0,0.004408,0.004318,0,0,0,,0.981,2022-23
2026-05-25,2026-06-01,51169,Scott County,Virginia,VA,quiet,8e-06,3105,130,501+,0.01,2e-05,3089,131,501+,0.0,0.004335,0.003778,0,0,0,,0.908,2023-24
2026-05-25,2026-06-01,17065,Hamilton County,Illinois,IL,quiet,8e-06,3106,102,501+,0.01,1.9e-05,3099,102,501+,0.0,0.004252,0.003492,0,0,0,,,
2026-05-25,2026-06-01,54051,Marshall County,West Virginia,WV,quiet,8e-06,3107,48,501+,0.01,2.4e-05,3074,43,501+,0.0,0.004229,0.004455,0,0,0,,,
2026-05-25,2026-06-01,54059,Mingo County,West Virginia,WV,quiet,8e-06,3108,49,501+,0.01,2.2e-05,3083,46,501+,0.0,0.004219,0.004039,0,0,0,,,
2026-05-25,2026-06-01,21023,Bracken County,Kentucky,KY,quiet,8e-06,3109,111,501+,0.01,1.9e-05,3097,104,501+,0.0,0.004139,0.003535,0,0,0,,0.878,2022-23
2026-05-25,2026-06-01,21119,Knott County,Kentucky,KY,quiet,8e-06,3110,112,501+,0.0,1.4e-05,3122,117,501+,0.0,0.004102,0.002621,0,0,0,,0.687,2022-23
2026-05-25,2026-06-01,54105,Wirt County,West Virginia,WV,quiet,8e-06,3111,50,501+,0.0,2e-05,3094,48,501+,0.0,0.004101,0.003621,0,0,0,,,
2026-05-25,2026-06-01,21121,Knox County,Kentucky,KY,quiet,8e-06,3112,113,501+,0.0,1.3e-05,3131,120,501+,0.0,0.004059,0.002368,0,0,0,,0.804,2022-23
2026-05-25,2026-06-01,29205,Shelby County,Missouri,MO,quiet,7e-06,3113,114,501+,0.0,4.1e-05,3010,114,501+,0.01,0.003966,0.007267,0,0,0,,0.982,2023-24
2026-05-25,2026-06-01,54085,Ritchie County,West Virginia,WV,quiet,7e-06,3114,51,501+,0.0,1.7e-05,3110,50,501+,0.0,0.003907,0.00313,0,0,0,,,
2026-05-25,2026-06-01,21115,Johnson County,Kentucky,KY,quiet,7e-06,3115,114,501+,0.0,1.8e-05,3101,105,501+,0.0,0.003744,0.003405,0,0,0,,0.943,2022-23
2026-05-25,2026-06-01,21201,Robertson County,Kentucky,KY,quiet,7e-06,3116,115,501+,0.0,1.6e-05,3114,112,501+,0.0,0.003695,0.003004,0,0,0,,0.917,2022-23
2026-05-25,2026-06-01,47151,Scott County,Tennessee,TN,quiet,7e-06,3117,94,501+,0.0,1.6e-05,3113,94,501+,0.0,0.003651,0.003021,0,0,0,,0.961,2023-24
2026-05-25,2026-06-01,39131,Pike County,Ohio,OH,quiet,7e-06,3118,87,501+,0.0,1.8e-05,3104,87,501+,0.0,0.003602,0.003258,0,0,0,,,
2026-05-25,2026-06-01,54053,Mason County,West Virginia,WV,quiet,6e-06,3119,52,501+,0.0,1.2e-05,3133,54,501+,0.0,0.003431,0.002322,0,0,0,,,
2026-05-25,2026-06-01,51720,Norton City,Virginia,VA,quiet,6e-06,3120,131,501+,0.0,2.2e-05,3084,130,501+,0.0,0.003323,0.004005,0,0,0,,1.0,2022-23
2026-05-25,2026-06-01,39105,Meigs County,Ohio,OH,quiet,6e-06,3121,88,501+,0.0,1.4e-05,3121,88,501+,0.0,0.003259,0.002633,0,0,0,,,
2026-05-25,2026-06-01,31057,Dundy County,Nebraska,NE,quiet,6e-06,3122,93,501+,0.0,1.3e-05,3128,93,501+,0.0,0.003218,0.002489,0,0,0,,,
2026-05-25,2026-06-01,21133,Letcher County,Kentucky,KY,quiet,6e-06,3123,116,501+,0.0,1.3e-05,3129,119,501+,0.0,0.003135,0.002443,0,0,0,,0.893,2022-23
2026-05-25,2026-06-01,51051,Dickenson County,Virginia,VA,quiet,6e-06,3124,132,501+,0.0,1e-05,3135,132,501+,0.0,0.003099,0.001865,0,0,0,,0.991,2023-24
2026-05-25,2026-06-01,54045,Logan County,West Virginia,WV,quiet,5e-06,3125,53,501+,0.0,1.3e-05,3126,53,501+,0.0,0.003027,0.002507,0,0,0,,,
2026-05-25,2026-06-01,54043,Lincoln County,West Virginia,WV,quiet,5e-06,3126,54,501+,0.0,1.4e-05,3123,52,501+,0.0,0.00301,0.002605,0,0,0,,,
2026-05-25,2026-06-01,26119,Montmorency County,Michigan,MI,quiet,5e-06,3127,82,501+,0.0,1e-05,3136,83,501+,0.0,0.002839,0.001821,0,0,0,,0.8364,2023-24
2026-05-25,2026-06-01,21193,Perry County,Kentucky,KY,quiet,5e-06,3128,117,501+,0.0,1.4e-05,3118,114,501+,0.0,0.002761,0.002683,0,0,0,,0.743,2022-23
2026-05-25,2026-06-01,26083,Keweenaw County,Michigan,MI,quiet,5e-06,3129,83,501+,0.0,2.1e-05,3086,82,501+,0.0,0.002696,0.003935,0,0,0,,,
2026-05-25,2026-06-01,21069,Fleming County,Kentucky,KY,quiet,5e-06,3130,118,501+,0.0,1.7e-05,3111,111,501+,0.0,0.002649,0.003127,0,0,0,,0.973,2022-23
2026-05-25,2026-06-01,21181,Nicholas County,Kentucky,KY,quiet,5e-06,3131,119,501+,0.0,1.5e-05,3117,113,501+,0.0,0.002634,0.002854,0,0,0,,0.98,2022-23
2026-05-25,2026-06-01,54087,Roane County,West Virginia,WV,quiet,5e-06,3132,55,501+,0.0,1.1e-05,3134,55,501+,0.0,0.002541,0.002105,0,0,0,,,
2026-05-25,2026-06-01,21025,Breathitt County,Kentucky,KY,quiet,4e-06,3133,120,501+,0.0,2e-05,3093,103,501+,0.0,0.002459,0.003629,0,0,0,,0.896,2022-23
2026-05-25,2026-06-01,51027,Buchanan County,Virginia,VA,quiet,4e-06,3134,133,501+,0.0,9e-06,3137,133,501+,0.0,0.002372,0.001813,0,0,0,,0.982,2023-24
2026-05-25,2026-06-01,47137,Pickett County,Tennessee,TN,quiet,4e-06,3135,95,501+,0.0,1.3e-05,3130,95,501+,0.0,0.002295,0.002387,0,0,0,,1.0,2023-24
2026-05-25,2026-06-01,30051,Liberty County,Montana,MT,quiet,4e-06,3136,56,501+,0.0,2e-05,3092,55,501+,0.0,0.002253,0.003635,0,0,0,,,
2026-05-25,2026-06-01,29227,Worth County,Missouri,MO,quiet,3e-06,3137,115,501+,0.0,1.3e-05,3127,115,501+,0.0,0.001706,0.002505,0,0,0,,1.0,2023-24
2026-05-25,2026-06-01,04021,Pinal County,Arizona,AZ,active,,,,,,,,,,,,,1,1,5,0,0.89,2023-24
2026-05-25,2026-06-01,42017,Bucks County,Pennsylvania,PA,active,,,,,,,,,,,,,1,1,2,0,0.94589494,2023-24
2026-05-25,2026-06-01,42043,Dauphin County,Pennsylvania,PA,active,,,,,,,,,,,,,1,1,1,0,0.87908187,2023-24
2026-05-25,2026-06-01,42071,Lancaster County,Pennsylvania,PA,active,,,,,,,,,,,,,10,10,19,0,0.90451421,2023-24
2026-05-25,2026-06-01,42075,Lebanon County,Pennsylvania,PA,active,,,,,,,,,,,,,3,14,14,0,0.91672649,2023-24
2026-05-25,2026-06-01,49049,Utah County,Utah,UT,active,,,,,,,,,,,,,1,14,111,0,0.952,2022-23
2026-05-25,2026-06-01,49051,Wasatch County,Utah,UT,active,,,,,,,,,,,,,1,3,12,0,0.93,2022-23
