forecast_origin_week,target_week_start,fips,county,state,state_abbr,status,prob_case_next_week,national_rank_next_week,state_rank_next_week,tier_next_week,relative_risk_next_week,prob_case_next_4_weeks,national_rank_next_4_weeks,state_rank_next_4_weeks,tier_next_4_weeks,relative_risk_next_4_weeks,model_score_next_week,model_score_next_4_weeks,cases_this_week,cases_last_4_weeks,cumulative_cases_since_2025,weeks_since_last_case,kindergarten_mmr_coverage,mmr_school_year
2026-05-11,2026-05-18,36061,New York County,New York,NY,quiet,0.190899,1,1,Top 50,111.58,0.298619,1,1,Top 50,50.47,0.988924,0.985194,0,2,26,1,0.99160897,2022-23
2026-05-11,2026-05-18,49045,Tooele County,Utah,UT,quiet,0.179238,2,1,Top 50,104.76,0.205498,4,1,Top 50,34.73,0.988041,0.974452,0,1,19,1,0.968,2022-23
2026-05-11,2026-05-18,53037,Kittitas County,Washington,WA,quiet,0.130846,3,1,Top 50,76.48,0.130903,15,1,Top 50,22.12,0.982723,0.954244,0,2,7,2,0.90339426,2023-24
2026-05-11,2026-05-18,04021,Pinal County,Arizona,AZ,quiet,0.109256,4,1,Top 50,63.86,0.122538,16,2,Top 50,20.71,0.978864,0.950413,0,1,4,2,0.89,2023-24
2026-05-11,2026-05-18,42075,Lebanon County,Pennsylvania,PA,quiet,0.103627,5,1,Top 50,60.57,0.155418,11,1,Top 50,26.27,0.9776,0.963074,0,11,11,1,0.91672649,2023-24
2026-05-11,2026-05-18,26099,Macomb County,Michigan,MI,quiet,0.096735,6,1,Top 50,56.54,0.157633,10,1,Top 50,26.64,0.975856,0.963734,0,2,4,1,0.8707,2023-24
2026-05-11,2026-05-18,12011,Broward County,Florida,FL,quiet,0.082441,7,1,Top 50,48.19,0.21127,3,1,Top 50,35.7,0.971338,0.975407,0,2,7,3,0.919,2022-23
2026-05-11,2026-05-18,04015,Mohave County,Arizona,AZ,quiet,0.08032,8,2,Top 50,46.95,0.169643,7,1,Top 50,28.67,0.970535,0.967008,0,4,285,1,0.76,2023-24
2026-05-11,2026-05-18,06059,Orange County,California,CA,quiet,0.080036,9,1,Top 50,46.78,0.197904,5,2,Top 50,33.45,0.970424,0.973108,0,1,5,2,0.97374,2023-24
2026-05-11,2026-05-18,49035,Salt Lake County,Utah,UT,quiet,0.07751,10,2,Top 50,45.3,0.092069,24,3,Top 50,15.56,0.969405,0.930596,0,0,62,5,0.967,2022-23
2026-05-11,2026-05-18,49011,Davis County,Utah,UT,quiet,0.067576,11,3,Top 50,39.5,0.133409,14,2,Top 50,22.55,0.964684,0.955298,0,0,15,6,0.964,2022-23
2026-05-11,2026-05-18,53033,King County,Washington,WA,quiet,0.066014,12,2,Top 50,38.58,0.079425,32,4,Top 50,13.42,0.963818,0.918002,0,0,10,5,0.92208376,2023-24
2026-05-11,2026-05-18,48201,Harris County,Texas,TX,quiet,0.065037,13,1,Top 50,38.01,0.164417,8,1,Top 50,27.79,0.963255,0.965644,0,1,10,2,0.94137416,2023-24
2026-05-11,2026-05-18,12057,Hillsborough County,Florida,FL,quiet,0.059947,14,2,Top 50,35.04,0.163268,9,2,Top 50,27.59,0.96004,0.965332,0,1,3,3,0.911,2022-23
2026-05-11,2026-05-18,04005,Coconino County,Arizona,AZ,quiet,0.054115,15,3,Top 50,31.63,0.118013,17,3,Top 50,19.94,0.955647,0.948114,0,2,5,3,0.868,2023-24
2026-05-11,2026-05-18,06065,Riverside County,California,CA,quiet,0.043996,16,2,Top 50,25.72,0.184935,6,3,Top 50,31.25,0.945412,0.970547,0,2,6,2,0.9585,2023-24
2026-05-11,2026-05-18,49057,Weber County,Utah,UT,quiet,0.043818,17,4,Top 50,25.61,0.061482,52,5,51–150,10.39,0.945192,0.891684,0,0,2,16,0.965,2022-23
2026-05-11,2026-05-18,49043,Summit County,Utah,UT,quiet,0.043411,18,5,Top 50,25.37,0.068491,38,4,Top 50,11.58,0.944683,0.903519,0,0,5,6,0.961,2022-23
2026-05-11,2026-05-18,06067,Sacramento County,California,CA,quiet,0.041452,19,3,Top 50,24.23,0.211905,2,1,Top 50,35.81,0.942099,0.975509,0,4,13,2,0.96436,2023-24
2026-05-11,2026-05-18,42071,Lancaster County,Pennsylvania,PA,quiet,0.040097,20,2,Top 50,23.44,0.092838,22,2,Top 50,15.69,0.940174,0.931254,0,0,9,11,0.90451421,2023-24
2026-05-11,2026-05-18,53061,Snohomish County,Washington,WA,quiet,0.036951,21,3,Top 50,21.6,0.097063,20,2,Top 50,16.4,0.935193,0.934687,0,0,16,11,0.92387111,2023-24
2026-05-11,2026-05-18,34017,Hudson County,New Jersey,NJ,quiet,0.03638,22,1,Top 50,21.26,0.14452,13,1,Top 50,24.42,0.934204,0.959524,0,1,3,3,0.939,2023-24
2026-05-11,2026-05-18,32003,Clark County,Nevada,NV,quiet,0.034867,23,1,Top 50,20.38,0.067472,41,1,Top 50,11.4,0.931434,0.901943,0,0,1,27,0.93,2022-23
2026-05-11,2026-05-18,53063,Spokane County,Washington,WA,quiet,0.032024,24,4,Top 50,18.72,0.081215,30,3,Top 50,13.73,0.925575,0.920016,0,0,2,7,0.86362039,2023-24
2026-05-11,2026-05-18,12099,Palm Beach County,Florida,FL,quiet,0.031949,25,3,Top 50,18.67,0.155344,12,3,Top 50,26.25,0.925408,0.963052,0,2,2,2,0.906,2022-23
2026-05-11,2026-05-18,06037,Los Angeles County,California,CA,quiet,0.028821,26,4,Top 50,16.85,0.100933,18,4,Top 50,17.06,0.917705,0.937583,0,0,9,12,0.9706,2023-24
2026-05-11,2026-05-18,26081,Kent County,Michigan,MI,quiet,0.028356,27,2,Top 50,16.57,0.090261,27,3,Top 50,15.25,0.916428,0.929006,0,0,4,42,0.9315,2023-24
2026-05-11,2026-05-18,06073,San Diego County,California,CA,quiet,0.026996,28,5,Top 50,15.78,0.091081,25,5,Top 50,15.39,0.912461,0.929734,0,0,1,39,0.9483,2023-24
2026-05-11,2026-05-18,17031,Cook County,Illinois,IL,quiet,0.026557,29,1,Top 50,15.52,0.077541,35,1,Top 50,13.1,0.911103,0.915786,0,0,8,32,,
2026-05-11,2026-05-18,41051,Multnomah County,Oregon,OR,quiet,0.026556,30,1,Top 50,15.52,0.082184,28,1,Top 50,13.89,0.911098,0.92107,0,0,1,46,0.926,2023-24
2026-05-11,2026-05-18,08001,Adams County,Colorado,CO,quiet,0.026554,31,1,Top 50,15.52,0.067905,40,2,Top 50,11.48,0.911094,0.902619,0,0,9,10,0.9203,2023-24
2026-05-11,2026-05-18,13121,Fulton County,Georgia,GA,quiet,0.02563,32,1,Top 50,14.98,0.081791,29,1,Top 50,13.82,0.908092,0.920645,0,0,10,33,,
2026-05-11,2026-05-18,08123,Weld County,Colorado,CO,quiet,0.024901,33,2,Top 50,14.55,0.062201,50,4,Top 50,10.51,0.905583,0.893012,0,0,6,4,0.9349,2023-24
2026-05-11,2026-05-18,34003,Bergen County,New Jersey,NJ,quiet,0.024812,34,2,Top 50,14.5,0.094791,21,2,Top 50,16.02,0.905266,0.932878,0,0,4,36,0.954,2023-24
2026-05-11,2026-05-18,24510,Baltimore City,Maryland,MD,quiet,0.02359,35,1,Top 50,13.79,0.063879,47,1,Top 50,10.8,0.900721,0.896006,0,2,3,3,0.9888,2023-24
2026-05-11,2026-05-18,04019,Pima County,Arizona,AZ,quiet,0.022971,36,4,Top 50,13.43,0.099711,19,4,Top 50,16.85,0.898248,0.936692,0,0,3,13,0.928,2023-24
2026-05-11,2026-05-18,11001,District of Columbia,District of Columbia,DC,quiet,0.022816,37,1,Top 50,13.34,0.059525,58,1,51–150,10.06,0.897611,0.887915,0,0,1,48,0.92,2023-24
2026-05-11,2026-05-18,56013,Fremont County,Wyoming,WY,quiet,0.022721,38,1,Top 50,13.28,0.028252,161,1,151–500,4.77,0.897218,0.768708,0,1,6,2,0.91,2022-23
2026-05-11,2026-05-18,30031,Gallatin County,Montana,MT,quiet,0.022654,39,1,Top 50,13.24,0.063141,48,1,Top 50,10.67,0.896939,0.894707,0,0,23,23,,
2026-05-11,2026-05-18,53025,Grant County,Washington,WA,quiet,0.022478,40,5,Top 50,13.14,0.064259,46,7,Top 50,10.86,0.896196,0.896663,0,0,2,8,0.91015089,2023-24
2026-05-11,2026-05-18,08031,Denver County,Colorado,CO,quiet,0.022161,41,3,Top 50,12.95,0.07987,31,1,Top 50,13.5,0.894831,0.918511,0,0,4,49,0.8902,2023-24
2026-05-11,2026-05-18,12071,Lee County,Florida,FL,quiet,0.021757,42,4,Top 50,12.72,0.042415,92,9,51–150,7.17,0.893042,0.841723,0,0,3,9,0.916,2022-23
2026-05-11,2026-05-18,26139,Ottawa County,Michigan,MI,quiet,0.021731,43,3,Top 50,12.7,0.092752,23,2,Top 50,15.68,0.892925,0.931181,0,3,3,1,0.9426,2023-24
2026-05-11,2026-05-18,53005,Benton County,Washington,WA,quiet,0.021524,44,6,Top 50,12.58,0.048032,77,8,51–150,8.12,0.891982,0.860149,0,0,0,,0.94438223,2023-24
2026-05-11,2026-05-18,44007,Providence County,Rhode Island,RI,quiet,0.020902,45,1,Top 50,12.22,0.048079,76,1,51–150,8.13,0.889052,0.860286,0,1,3,3,0.951,2023-24
2026-05-11,2026-05-18,42091,Montgomery County,Pennsylvania,PA,quiet,0.020871,46,3,Top 50,12.2,0.060549,54,4,51–150,10.23,0.888903,0.889915,0,0,4,11,0.95207475,2023-24
2026-05-11,2026-05-18,08005,Arapahoe County,Colorado,CO,quiet,0.019645,47,4,Top 50,11.48,0.059663,57,5,51–150,10.08,0.882628,0.888188,0,0,6,13,0.8738,2023-24
2026-05-11,2026-05-18,42101,Philadelphia County,Pennsylvania,PA,quiet,0.019504,48,4,Top 50,11.4,0.037518,115,8,51–150,6.34,0.881865,0.821776,0,0,2,57,0.94455407,2023-24
2026-05-11,2026-05-18,53053,Pierce County,Washington,WA,quiet,0.019026,49,7,Top 50,11.12,0.078895,33,5,Top 50,13.33,0.879192,0.917389,0,0,0,,0.91577956,2023-24
2026-05-11,2026-05-18,36119,Westchester County,New York,NY,quiet,0.018927,50,2,Top 50,11.06,0.042235,94,3,51–150,7.14,0.878625,0.841062,0,0,0,,0.99177454,2022-23
2026-05-11,2026-05-18,06081,San Mateo County,California,CA,quiet,0.018645,51,6,51–150,10.9,0.056432,63,7,51–150,9.54,0.876981,0.881464,0,0,3,15,0.9854,2023-24
2026-05-11,2026-05-18,06001,Alameda County,California,CA,quiet,0.018607,52,7,51–150,10.88,0.078698,34,6,Top 50,13.3,0.876752,0.917159,0,0,0,,0.96359,2023-24
2026-05-11,2026-05-18,12031,Duval County,Florida,FL,quiet,0.018583,53,5,51–150,10.86,0.064649,44,5,Top 50,10.93,0.876613,0.89733,0,0,7,14,0.889,2022-23
2026-05-11,2026-05-18,06013,Contra Costa County,California,CA,quiet,0.018369,54,8,51–150,10.74,0.055735,65,8,51–150,9.42,0.875324,0.87992,0,0,1,20,0.97856,2023-24
2026-05-11,2026-05-18,32031,Washoe County,Nevada,NV,quiet,0.018267,55,2,51–150,10.68,0.049857,75,2,51–150,8.43,0.874704,0.865331,0,0,1,20,0.95,2022-23
2026-05-11,2026-05-18,48029,Bexar County,Texas,TX,quiet,0.018009,56,2,51–150,10.53,0.090433,26,2,Top 50,15.28,0.873098,0.92916,0,0,3,9,0.94400158,2023-24
2026-05-11,2026-05-18,41005,Clackamas County,Oregon,OR,quiet,0.017965,57,2,51–150,10.5,0.057636,61,2,51–150,9.74,0.872821,0.884052,0,0,2,11,0.91,2023-24
2026-05-11,2026-05-18,12021,Collier County,Florida,FL,quiet,0.017945,58,6,51–150,10.49,0.060611,53,6,51–150,10.24,0.872695,0.890033,0,0,107,5,0.881,2022-23
2026-05-11,2026-05-18,22071,Orleans Parish,Louisiana,LA,quiet,0.016957,59,1,51–150,9.91,0.028258,160,2,151–500,4.78,0.866134,0.768754,0,1,3,3,0.873,2021-22
2026-05-11,2026-05-18,25025,Suffolk County,Massachusetts,MA,quiet,0.016921,60,1,51–150,9.89,0.040006,101,1,51–150,6.76,0.865884,0.83244,0,0,1,11,0.938,2023-24
2026-05-11,2026-05-18,12103,Pinellas County,Florida,FL,quiet,0.016682,61,7,51–150,9.75,0.065776,43,4,Top 50,11.12,0.864186,0.899217,0,0,6,10,0.893,2022-23
2026-05-11,2026-05-18,48113,Dallas County,Texas,TX,quiet,0.016557,62,3,51–150,9.68,0.05148,69,6,51–150,8.7,0.863286,0.869663,0,0,1,46,0.94260409,2023-24
2026-05-11,2026-05-18,39049,Franklin County,Ohio,OH,quiet,0.016214,63,1,51–150,9.48,0.066062,42,1,Top 50,11.16,0.860745,0.899685,0,0,14,9,,
2026-05-11,2026-05-18,49053,Washington County,Utah,UT,quiet,0.016125,64,6,51–150,9.42,0.03775,113,6,51–150,6.38,0.860067,0.822821,0,0,0,,0.895,2022-23
2026-05-11,2026-05-18,26125,Oakland County,Michigan,MI,quiet,0.016117,65,4,51–150,9.42,0.071708,37,4,Top 50,12.12,0.860008,0.908218,0,0,2,21,0.8826,2023-24
2026-05-11,2026-05-18,08014,Broomfield County,Colorado,CO,quiet,0.016056,66,5,51–150,9.38,0.018045,252,10,151–500,3.05,0.859545,0.665706,0,0,4,8,0.9124,2023-24
2026-05-11,2026-05-18,42045,Delaware County,Pennsylvania,PA,quiet,0.016047,67,5,51–150,9.38,0.043347,90,7,51–150,7.33,0.859476,0.845074,0,0,0,,0.94176398,2023-24
2026-05-11,2026-05-18,53021,Franklin County,Washington,WA,quiet,0.016017,68,8,51–150,9.36,0.073278,36,6,Top 50,12.38,0.859238,0.910368,0,0,0,,0.94777699,2023-24
2026-05-11,2026-05-18,41059,Umatilla County,Oregon,OR,quiet,0.015752,69,3,51–150,9.21,0.031124,141,5,51–150,5.26,0.85717,0.78792,0,0,0,,0.937,2023-24
2026-05-11,2026-05-18,38025,Dunn County,North Dakota,ND,quiet,0.015702,70,1,51–150,9.18,0.019611,236,2,151–500,3.31,0.856778,0.68645,0,1,1,2,0.8628,2023-24
2026-05-11,2026-05-18,06085,Santa Clara County,California,CA,quiet,0.015565,71,9,51–150,9.1,0.050188,72,9,51–150,8.48,0.855671,0.866236,0,0,2,11,0.98631,2023-24
2026-05-11,2026-05-18,48453,Travis County,Texas,TX,quiet,0.015435,72,4,51–150,9.02,0.060274,55,4,51–150,10.19,0.854616,0.889384,0,0,2,54,0.89611787,2023-24
2026-05-11,2026-05-18,06071,San Bernardino County,California,CA,quiet,0.015398,73,10,51–150,9.0,0.030197,146,18,51–150,5.1,0.854313,0.782042,0,0,0,,0.93548,2023-24
2026-05-11,2026-05-18,24005,Baltimore County,Maryland,MD,quiet,0.015396,74,2,51–150,9.0,0.027329,166,3,151–500,4.62,0.854296,0.761858,0,0,0,,0.9901,2023-24
2026-05-11,2026-05-18,16001,Ada County,Idaho,ID,quiet,0.015231,75,1,51–150,8.9,0.051308,70,3,51–150,8.67,0.852922,0.869216,0,0,0,,,
2026-05-11,2026-05-18,48141,El Paso County,Texas,TX,quiet,0.015201,76,5,51–150,8.88,0.034924,125,12,51–150,5.9,0.852673,0.809294,0,0,85,7,0.9637031,2023-24
2026-05-11,2026-05-18,48439,Tarrant County,Texas,TX,quiet,0.014986,77,6,51–150,8.76,0.052495,67,5,51–150,8.87,0.850843,0.872247,0,0,4,50,0.91521398,2023-24
2026-05-11,2026-05-18,53073,Whatcom County,Washington,WA,quiet,0.014504,78,9,51–150,8.48,0.040145,99,11,51–150,6.78,0.846561,0.833003,0,0,2,46,0.86805846,2023-24
2026-05-11,2026-05-18,06111,Ventura County,California,CA,quiet,0.014415,79,11,51–150,8.43,0.039991,102,13,51–150,6.76,0.84575,0.832377,0,0,0,,0.96631,2023-24
2026-05-11,2026-05-18,06075,San Francisco County,California,CA,quiet,0.013536,80,12,51–150,7.91,0.019648,235,24,151–500,3.32,0.837209,0.686902,0,0,1,4,0.98366,2023-24
2026-05-11,2026-05-18,16055,Kootenai County,Idaho,ID,quiet,0.013533,81,2,51–150,7.91,0.068296,39,1,Top 50,11.54,0.837177,0.903222,0,0,2,9,,
2026-05-11,2026-05-18,36087,Rockland County,New York,NY,quiet,0.013399,82,3,51–150,7.83,0.050683,71,2,51–150,8.57,0.835793,0.867568,0,0,25,9,0.98049007,2022-23
2026-05-11,2026-05-18,42011,Berks County,Pennsylvania,PA,quiet,0.013322,83,6,51–150,7.79,0.032371,134,10,51–150,5.47,0.834989,0.795393,0,0,0,,0.95060976,2023-24
2026-05-11,2026-05-18,29095,Jackson County,Missouri,MO,quiet,0.013286,84,1,51–150,7.77,0.040477,97,1,51–150,6.84,0.834614,0.834331,0,0,1,10,0.897,2023-24
2026-05-11,2026-05-18,42041,Cumberland County,Pennsylvania,PA,quiet,0.013108,85,7,51–150,7.66,0.031048,143,11,51–150,5.25,0.832709,0.787452,0,0,2,21,0.95275591,2023-24
2026-05-11,2026-05-18,42077,Lehigh County,Pennsylvania,PA,quiet,0.013104,86,8,51–150,7.66,0.046874,81,6,51–150,7.92,0.832669,0.856674,0,0,0,,0.95916139,2023-24
2026-05-11,2026-05-18,42043,Dauphin County,Pennsylvania,PA,quiet,0.013034,87,9,51–150,7.62,0.020107,228,13,151–500,3.4,0.831906,0.692536,0,0,0,,0.87908187,2023-24
2026-05-11,2026-05-18,42029,Chester County,Pennsylvania,PA,quiet,0.012954,88,10,51–150,7.57,0.061533,51,3,51–150,10.4,0.83103,0.891778,0,0,1,12,0.94699367,2023-24
2026-05-11,2026-05-18,12086,Miami-Dade County,Florida,FL,quiet,0.012932,89,8,51–150,7.56,0.056382,64,8,51–150,9.53,0.830784,0.881355,0,0,2,15,0.909,2022-23
2026-05-11,2026-05-18,37119,Mecklenburg County,North Carolina,NC,quiet,0.012514,90,1,51–150,7.31,0.058127,60,1,51–150,9.82,0.826041,0.885078,0,0,3,15,0.92578226,2022-23
2026-05-11,2026-05-18,53035,Kitsap County,Washington,WA,quiet,0.012483,91,10,51–150,7.3,0.040307,98,10,51–150,6.81,0.825681,0.833651,0,0,0,,0.91782407,2023-24
2026-05-11,2026-05-18,36071,Orange County,New York,NY,quiet,0.012474,92,4,51–150,7.29,0.036754,119,5,51–150,6.21,0.825575,0.818256,0,0,4,50,0.98948148,2022-23
2026-05-11,2026-05-18,06077,San Joaquin County,California,CA,quiet,0.012444,93,13,51–150,7.27,0.040849,96,11,51–150,6.9,0.825217,0.835798,0,0,0,,0.96326,2023-24
2026-05-11,2026-05-18,27053,Hennepin County,Minnesota,MN,quiet,0.012368,94,1,51–150,7.23,0.034073,127,2,51–150,5.76,0.824319,0.804853,0,0,2,55,0.841,2023-24
2026-05-11,2026-05-18,08013,Boulder County,Colorado,CO,quiet,0.012264,95,6,51–150,7.17,0.049961,74,6,51–150,8.44,0.823073,0.865617,0,0,1,48,0.915,2023-24
2026-05-11,2026-05-18,26161,Washtenaw County,Michigan,MI,quiet,0.012135,96,5,51–150,7.09,0.029199,153,8,151–500,4.93,0.821502,0.77538,0,0,7,7,0.9088,2023-24
2026-05-11,2026-05-18,06113,Yolo County,California,CA,quiet,0.012078,97,14,51–150,7.06,0.030563,144,16,51–150,5.17,0.820805,0.784398,0,0,1,49,0.96614,2023-24
2026-05-11,2026-05-18,34031,Passaic County,New Jersey,NJ,quiet,0.011956,98,3,51–150,6.99,0.047308,79,3,51–150,8.0,0.819274,0.857992,0,0,1,41,0.953,2023-24
2026-05-11,2026-05-18,41067,Washington County,Oregon,OR,quiet,0.011828,99,4,51–150,6.91,0.046061,85,3,51–150,7.78,0.817656,0.854138,0,0,0,,0.953,2023-24
2026-05-11,2026-05-18,12095,Orange County,Florida,FL,quiet,0.011456,100,9,51–150,6.7,0.057635,62,7,51–150,9.74,0.812764,0.88405,0,0,0,,0.873,2022-23
2026-05-11,2026-05-18,48085,Collin County,Texas,TX,quiet,0.011344,101,7,51–150,6.63,0.064555,45,3,Top 50,10.91,0.811244,0.89717,0,0,4,49,0.93311441,2023-24
2026-05-11,2026-05-18,26163,Wayne County,Michigan,MI,quiet,0.011286,102,6,51–150,6.6,0.038805,106,6,51–150,6.56,0.810455,0.827438,0,0,0,,0.8994,2023-24
2026-05-11,2026-05-18,36081,Queens County,New York,NY,quiet,0.011247,103,5,51–150,6.57,0.019184,242,8,151–500,3.24,0.80991,0.681022,0,0,0,,0.99065873,2022-23
2026-05-11,2026-05-18,34013,Essex County,New Jersey,NJ,quiet,0.011159,104,4,51–150,6.52,0.046631,82,4,51–150,7.88,0.808673,0.855923,0,0,0,,0.935,2023-24
2026-05-11,2026-05-18,34007,Camden County,New Jersey,NJ,quiet,0.010797,105,5,51–150,6.31,0.032284,135,6,51–150,5.46,0.803452,0.794884,0,0,0,,0.95,2023-24
2026-05-11,2026-05-18,06079,San Luis Obispo County,California,CA,quiet,0.01074,106,15,51–150,6.28,0.04012,100,12,51–150,6.78,0.802606,0.832902,0,0,1,21,0.96451,2023-24
2026-05-11,2026-05-18,35001,Bernalillo County,New Mexico,NM,quiet,0.010586,107,1,51–150,6.19,0.044572,88,1,51–150,7.53,0.800275,0.849286,0,0,0,,0.94,2018-19
2026-05-11,2026-05-18,49005,Cache County,Utah,UT,quiet,0.010483,108,7,51–150,6.13,0.029653,149,7,51–150,5.01,0.798679,0.778458,0,0,0,,0.964,2022-23
2026-05-11,2026-05-18,53077,Yakima County,Washington,WA,quiet,0.010385,109,11,51–150,6.07,0.030128,147,14,51–150,5.09,0.797149,0.781595,0,0,0,,0.96408007,2023-24
2026-05-11,2026-05-18,31109,Lancaster County,Nebraska,NE,quiet,0.010294,110,1,51–150,6.02,0.050019,73,1,51–150,8.45,0.795698,0.865776,0,0,1,15,,
2026-05-11,2026-05-18,17043,DuPage County,Illinois,IL,quiet,0.010274,111,2,51–150,6.01,0.037259,116,2,51–150,6.3,0.795378,0.820597,0,0,0,,,
2026-05-11,2026-05-18,49003,Box Elder County,Utah,UT,quiet,0.010264,112,8,51–150,6.0,0.023648,193,9,151–500,4.0,0.795216,0.730496,0,0,0,,0.95,2022-23
2026-05-11,2026-05-18,24027,Howard County,Maryland,MD,quiet,0.010221,113,3,51–150,5.97,0.017606,254,6,151–500,2.98,0.794525,0.659447,0,0,1,62,0.9926,2023-24
2026-05-11,2026-05-18,21067,Fayette County,Kentucky,KY,quiet,0.01018,114,1,51–150,5.95,0.042679,91,1,51–150,7.21,0.793858,0.842684,0,0,6,44,0.932,2022-23
2026-05-11,2026-05-18,16019,Bonneville County,Idaho,ID,quiet,0.010159,115,3,51–150,5.94,0.052792,66,2,51–150,8.92,0.793515,0.872987,0,0,5,35,,
2026-05-11,2026-05-18,42017,Bucks County,Pennsylvania,PA,quiet,0.01013,116,11,51–150,5.92,0.059981,56,5,51–150,10.14,0.793029,0.888813,0,0,1,59,0.94589494,2023-24
2026-05-11,2026-05-18,26121,Muskegon County,Michigan,MI,quiet,0.010096,117,7,51–150,5.9,0.05949,59,5,51–150,10.05,0.792474,0.887845,0,0,3,29,0.9253,2023-24
2026-05-11,2026-05-18,08077,Mesa County,Colorado,CO,quiet,0.009955,118,7,51–150,5.82,0.062248,49,3,Top 50,10.52,0.790126,0.893098,0,0,11,30,0.857,2023-24
2026-05-11,2026-05-18,27037,Dakota County,Minnesota,MN,quiet,0.009875,119,2,51–150,5.77,0.04596,86,1,51–150,7.77,0.78877,0.853817,0,0,1,49,0.884,2023-24
2026-05-11,2026-05-18,37021,Buncombe County,North Carolina,NC,quiet,0.009752,120,2,51–150,5.7,0.052337,68,2,51–150,8.84,0.78664,0.871851,0,0,7,13,0.92812219,2022-23
2026-05-11,2026-05-18,15003,Honolulu County,Hawaii,HI,quiet,0.009714,121,1,51–150,5.68,0.04753,78,1,51–150,8.03,0.785967,0.85866,0,0,3,10,0.8619,2022-23
2026-05-11,2026-05-18,37183,Wake County,North Carolina,NC,quiet,0.009658,122,3,51–150,5.65,0.04404,89,3,51–150,7.44,0.784992,0.847483,0,0,0,,0.94528992,2022-23
2026-05-11,2026-05-18,39035,Cuyahoga County,Ohio,OH,quiet,0.009503,123,2,51–150,5.55,0.025568,182,2,151–500,4.32,0.782203,0.74772,0,0,5,18,,
2026-05-11,2026-05-18,48157,Fort Bend County,Texas,TX,quiet,0.009447,124,8,51–150,5.52,0.038956,105,8,51–150,6.58,0.781179,0.828085,0,0,1,58,0.95671422,2023-24
2026-05-11,2026-05-18,53065,Stevens County,Washington,WA,quiet,0.009387,125,12,51–150,5.49,0.038129,109,12,51–150,6.44,0.780076,0.824506,0,0,3,13,0.76923077,2023-24
2026-05-11,2026-05-18,24033,Prince George's County,Maryland,MD,quiet,0.009193,126,4,51–150,5.37,0.037585,114,2,51–150,6.35,0.77643,0.822082,0,0,2,61,0.9907,2023-24
2026-05-11,2026-05-18,34023,Middlesex County,New Jersey,NJ,quiet,0.009128,127,6,51–150,5.34,0.045342,87,5,51–150,7.66,0.775178,0.851829,0,0,0,,0.956,2023-24
2026-05-11,2026-05-18,40109,Oklahoma County,Oklahoma,OK,quiet,0.009119,128,1,51–150,5.33,0.036858,118,1,51–150,6.23,0.775016,0.818742,0,0,18,15,0.8763,2023-24
2026-05-11,2026-05-18,02020,Anchorage Municipality,Alaska,AK,quiet,0.009004,129,1,51–150,5.26,0.039543,103,1,51–150,6.68,0.772767,0.830542,0,0,3,30,,
2026-05-11,2026-05-18,53011,Clark County,Washington,WA,quiet,0.008861,130,13,51–150,5.18,0.046608,83,9,51–150,7.88,0.769892,0.855853,0,0,8,14,0.89903755,2023-24
2026-05-11,2026-05-18,45079,Richland County,South Carolina,SC,quiet,0.008844,131,1,51–150,5.17,0.026757,172,1,151–500,4.52,0.769556,0.757427,0,0,0,,0.913,2023-24
2026-05-11,2026-05-18,30049,Lewis and Clark County,Montana,MT,quiet,0.008623,132,2,51–150,5.04,0.035023,124,3,51–150,5.92,0.764982,0.809798,0,0,7,8,,
2026-05-11,2026-05-18,41017,Deschutes County,Oregon,OR,quiet,0.008572,133,5,51–150,5.01,0.014956,281,8,151–500,2.53,0.7639,0.616735,0,0,0,,0.912,2023-24
2026-05-11,2026-05-18,08041,El Paso County,Colorado,CO,quiet,0.008554,134,8,51–150,5.0,0.037827,112,7,51–150,6.39,0.763518,0.823168,0,0,4,48,0.7925,2023-24
2026-05-11,2026-05-18,12081,Manatee County,Florida,FL,quiet,0.008371,135,10,51–150,4.89,0.035231,123,12,51–150,5.95,0.759532,0.810852,0,0,3,14,0.924,2022-23
2026-05-11,2026-05-18,06061,Placer County,California,CA,quiet,0.00826,136,16,51–150,4.83,0.033933,128,14,51–150,5.73,0.757074,0.804104,0,0,9,7,0.963,2023-24
2026-05-11,2026-05-18,12117,Seminole County,Florida,FL,quiet,0.00821,137,11,51–150,4.8,0.028826,155,13,151–500,4.87,0.755939,0.772794,0,0,0,,0.902,2022-23
2026-05-11,2026-05-18,48027,Bell County,Texas,TX,quiet,0.00821,138,9,51–150,4.8,0.042409,93,7,51–150,7.17,0.755932,0.841702,0,0,1,47,0.95879486,2023-24
2026-05-11,2026-05-18,53067,Thurston County,Washington,WA,quiet,0.0081,139,14,51–150,4.73,0.03177,137,13,51–150,5.37,0.753408,0.791849,0,0,0,,0.92864157,2023-24
2026-05-11,2026-05-18,12101,Pasco County,Florida,FL,quiet,0.008087,140,12,51–150,4.73,0.021462,215,17,151–500,3.63,0.753105,0.708137,0,0,3,8,0.93,2022-23
2026-05-11,2026-05-18,47037,Davidson County,Tennessee,TN,quiet,0.007955,141,1,51–150,4.65,0.03827,107,1,51–150,6.47,0.750005,0.825125,0,0,0,,0.948,2023-24
2026-05-11,2026-05-18,08069,Larimer County,Colorado,CO,quiet,0.007901,142,9,51–150,4.62,0.028515,159,8,151–500,4.82,0.748696,0.770599,0,0,0,,0.8771,2023-24
2026-05-11,2026-05-18,16069,Nez Perce County,Idaho,ID,quiet,0.007888,143,4,51–150,4.61,0.023592,197,6,151–500,3.99,0.74838,0.729966,0,0,0,,,
2026-05-11,2026-05-18,16057,Latah County,Idaho,ID,quiet,0.007851,144,5,51–150,4.59,0.024976,185,4,151–500,4.22,0.747496,0.742627,0,0,0,,,
2026-05-11,2026-05-18,04025,Yavapai County,Arizona,AZ,quiet,0.007792,145,5,51–150,4.55,0.0236,195,5,151–500,3.99,0.746045,0.730036,0,0,0,,0.752,2023-24
2026-05-11,2026-05-18,06095,Solano County,California,CA,quiet,0.007784,146,17,51–150,4.55,0.031509,138,15,51–150,5.33,0.745859,0.79028,0,0,0,,0.98162,2023-24
2026-05-11,2026-05-18,18097,Marion County,Indiana,IN,quiet,0.007763,147,1,51–150,4.54,0.021746,211,2,151–500,3.68,0.745332,0.711234,0,0,0,,,
2026-05-11,2026-05-18,26065,Ingham County,Michigan,MI,quiet,0.007727,148,8,51–150,4.52,0.036186,120,7,51–150,6.12,0.744443,0.815556,0,0,1,56,0.9131,2023-24
2026-05-11,2026-05-18,24003,Anne Arundel County,Maryland,MD,quiet,0.007714,149,5,51–150,4.51,0.021203,219,4,151–500,3.58,0.744124,0.705262,0,0,0,,0.9934,2023-24
2026-05-11,2026-05-18,40027,Cleveland County,Oklahoma,OK,quiet,0.007647,150,2,51–150,4.47,0.032425,133,2,51–150,5.48,0.742426,0.795707,0,0,0,,0.9336,2023-24
2026-05-11,2026-05-18,49021,Iron County,Utah,UT,quiet,0.007607,151,9,151–500,4.45,0.019462,239,10,151–500,3.29,0.74143,0.684574,0,0,0,,0.856,2022-23
2026-05-11,2026-05-18,06041,Marin County,California,CA,quiet,0.007521,152,18,151–500,4.4,0.030502,145,17,51–150,5.15,0.739204,0.78401,0,0,0,,0.9889,2023-24
2026-05-11,2026-05-18,48339,Montgomery County,Texas,TX,quiet,0.0075,153,10,151–500,4.38,0.02956,150,13,51–150,5.0,0.738672,0.777833,0,0,0,,0.93924761,2023-24
2026-05-11,2026-05-18,53007,Chelan County,Washington,WA,quiet,0.007295,154,15,151–500,4.26,0.016035,266,16,151–500,2.71,0.733214,0.635232,0,0,0,,0.93818985,2023-24
2026-05-11,2026-05-18,18089,Lake County,Indiana,IN,quiet,0.007268,155,2,151–500,4.25,0.026108,175,1,151–500,4.41,0.73249,0.752217,0,0,2,28,,
2026-05-11,2026-05-18,48259,Kendall County,Texas,TX,quiet,0.007264,156,11,151–500,4.25,0.01477,285,21,151–500,2.5,0.732379,0.613378,0,0,1,9,0.91130012,2023-24
2026-05-11,2026-05-18,04003,Cochise County,Arizona,AZ,quiet,0.007232,157,6,151–500,4.23,0.019819,231,7,151–500,3.35,0.731514,0.689022,0,0,0,,0.891,2023-24
2026-05-11,2026-05-18,48121,Denton County,Texas,TX,quiet,0.007199,158,12,151–500,4.21,0.038094,110,10,51–150,6.44,0.730589,0.824354,0,0,2,51,0.91687871,2023-24
2026-05-11,2026-05-18,13089,DeKalb County,Georgia,GA,quiet,0.007142,159,2,151–500,4.17,0.026879,170,3,151–500,4.54,0.728999,0.75838,0,0,0,,,
2026-05-11,2026-05-18,06083,Santa Barbara County,California,CA,quiet,0.00714,160,19,151–500,4.17,0.015454,271,25,151–500,2.61,0.728951,0.625471,0,0,0,,0.98202,2023-24
2026-05-11,2026-05-18,36047,Kings County,New York,NY,quiet,0.007121,161,6,151–500,4.16,0.018273,250,9,151–500,3.09,0.728422,0.668881,0,0,0,,0.98480251,2022-23
2026-05-11,2026-05-18,48491,Williamson County,Texas,TX,quiet,0.007102,162,13,151–500,4.15,0.038245,108,9,51–150,6.46,0.727889,0.825017,0,0,8,40,0.94866744,2023-24
2026-05-11,2026-05-18,34029,Ocean County,New Jersey,NJ,quiet,0.007073,163,7,151–500,4.13,0.031091,142,8,51–150,5.25,0.727067,0.787715,0,0,1,44,0.861,2023-24
2026-05-11,2026-05-18,36103,Suffolk County,New York,NY,quiet,0.007063,164,7,151–500,4.13,0.041489,95,4,51–150,7.01,0.726797,0.838264,0,0,1,61,0.99442316,2022-23
2026-05-11,2026-05-18,10003,New Castle County,Delaware,DE,quiet,0.007039,165,1,151–500,4.11,0.032512,132,1,51–150,5.49,0.726105,0.796208,0,0,0,,,
2026-05-11,2026-05-18,35013,Doña Ana County,New Mexico,NM,quiet,0.007036,166,2,151–500,4.11,0.022512,207,4,151–500,3.8,0.726025,0.719277,0,0,5,9,0.885,2018-19
2026-05-11,2026-05-18,37081,Guilford County,North Carolina,NC,quiet,0.006953,167,4,151–500,4.06,0.028914,154,5,151–500,4.89,0.723639,0.77341,0,0,1,46,0.93623737,2022-23
2026-05-11,2026-05-18,08083,Montezuma County,Colorado,CO,quiet,0.006929,168,10,151–500,4.05,0.016841,258,11,151–500,2.85,0.722937,0.648031,0,0,4,21,0.8769,2023-24
2026-05-11,2026-05-18,37179,Union County,North Carolina,NC,quiet,0.006908,169,5,151–500,4.04,0.020403,225,8,151–500,3.45,0.722322,0.696075,0,0,2,9,0.93186955,2022-23
2026-05-11,2026-05-18,06019,Fresno County,California,CA,quiet,0.00689,170,20,151–500,4.03,0.0466,84,10,51–150,7.88,0.721796,0.855828,0,0,2,60,0.97461,2023-24
2026-05-11,2026-05-18,34021,Mercer County,New Jersey,NJ,quiet,0.006807,171,8,151–500,3.98,0.022728,202,11,151–500,3.84,0.719312,0.721477,0,0,0,,0.937,2023-24
2026-05-11,2026-05-18,04017,Navajo County,Arizona,AZ,quiet,0.006777,172,7,151–500,3.96,0.022978,201,6,151–500,3.88,0.718426,0.723981,0,0,4,48,0.797,2023-24
2026-05-11,2026-05-18,29189,St. Louis County,Missouri,MO,quiet,0.006698,173,2,151–500,3.92,0.021583,214,3,151–500,3.65,0.716021,0.709465,0,0,0,,0.919,2023-24
2026-05-11,2026-05-18,34035,Somerset County,New Jersey,NJ,quiet,0.006651,174,9,151–500,3.89,0.018426,248,13,151–500,3.11,0.714568,0.670975,0,0,0,,0.952,2023-24
2026-05-11,2026-05-18,13135,Gwinnett County,Georgia,GA,quiet,0.006646,175,3,151–500,3.88,0.033559,130,2,51–150,5.67,0.714421,0.80208,0,0,0,,,
2026-05-11,2026-05-18,48135,Ector County,Texas,TX,quiet,0.006632,176,14,151–500,3.88,0.026891,168,14,151–500,4.54,0.713966,0.758475,0,0,12,50,0.9127864,2023-24
2026-05-11,2026-05-18,06107,Tulare County,California,CA,quiet,0.006625,177,21,151–500,3.87,0.014478,295,27,151–500,2.45,0.713745,0.607993,0,0,2,42,0.97778,2023-24
2026-05-11,2026-05-18,42133,York County,Pennsylvania,PA,quiet,0.006618,178,12,151–500,3.87,0.033147,131,9,51–150,5.6,0.71355,0.799807,0,0,0,,0.94921403,2023-24
2026-05-11,2026-05-18,22051,Jefferson Parish,Louisiana,LA,quiet,0.006544,179,2,151–500,3.82,0.036874,117,1,51–150,6.23,0.711198,0.818818,0,0,0,,0.921,2021-22
2026-05-11,2026-05-18,41047,Marion County,Oregon,OR,quiet,0.006514,180,6,151–500,3.81,0.027898,163,6,151–500,4.71,0.710259,0.766121,0,0,0,,0.93,2023-24
2026-05-11,2026-05-18,12105,Polk County,Florida,FL,quiet,0.006491,181,13,151–500,3.79,0.028723,157,15,151–500,4.85,0.709514,0.772074,0,0,0,,0.932,2022-23
2026-05-11,2026-05-18,06097,Sonoma County,California,CA,quiet,0.006393,182,22,151–500,3.74,0.021206,217,23,151–500,3.58,0.706359,0.705304,0,0,0,,0.94952,2023-24
2026-05-11,2026-05-18,56025,Natrona County,Wyoming,WY,quiet,0.006353,183,2,151–500,3.71,0.02519,184,2,151–500,4.26,0.705026,0.744491,0,0,1,45,0.94,2022-23
2026-05-11,2026-05-18,27003,Anoka County,Minnesota,MN,quiet,0.006313,184,3,151–500,3.69,0.02771,164,3,151–500,4.68,0.703688,0.764732,0,0,0,,0.876,2023-24
2026-05-11,2026-05-18,12109,St. Johns County,Florida,FL,quiet,0.006294,185,14,151–500,3.68,0.035945,121,11,51–150,6.07,0.70306,0.814392,0,0,3,11,0.908,2022-23
2026-05-11,2026-05-18,06055,Napa County,California,CA,quiet,0.006278,186,23,151–500,3.67,0.015086,275,26,151–500,2.55,0.702534,0.619057,0,0,1,16,0.9899,2023-24
2026-05-11,2026-05-18,06099,Stanislaus County,California,CA,quiet,0.006276,187,24,151–500,3.67,0.026243,174,20,151–500,4.44,0.702447,0.753312,0,0,0,,0.96631,2023-24
2026-05-11,2026-05-18,38105,Williams County,North Dakota,ND,quiet,0.006222,188,2,151–500,3.64,0.046909,80,1,51–150,7.93,0.700633,0.856778,0,0,19,14,0.8346,2023-24
2026-05-11,2026-05-18,40143,Tulsa County,Oklahoma,OK,quiet,0.006157,189,3,151–500,3.6,0.02987,148,3,51–150,5.05,0.698407,0.7799,0,0,0,,0.8905,2023-24
2026-05-11,2026-05-18,45063,Lexington County,South Carolina,SC,quiet,0.006078,190,2,151–500,3.55,0.0256,181,2,151–500,4.33,0.695664,0.74799,0,0,0,,0.948,2023-24
2026-05-11,2026-05-18,24031,Montgomery County,Maryland,MD,quiet,0.006047,191,6,151–500,3.53,0.00969,390,8,151–500,1.64,0.694563,0.496297,0,0,0,,0.9859,2023-24
2026-05-11,2026-05-18,17097,Lake County,Illinois,IL,quiet,0.006028,192,3,151–500,3.52,0.023218,199,3,151–500,3.92,0.693892,0.726353,0,0,0,,,
2026-05-11,2026-05-18,41039,Lane County,Oregon,OR,quiet,0.006021,193,7,151–500,3.52,0.031204,140,4,51–150,5.27,0.693651,0.788414,0,0,0,,0.92,2023-24
2026-05-11,2026-05-18,48303,Lubbock County,Texas,TX,quiet,0.006019,194,15,151–500,3.52,0.037949,111,11,51–150,6.41,0.693557,0.823712,0,0,53,9,0.92254274,2023-24
2026-05-11,2026-05-18,30013,Cascade County,Montana,MT,quiet,0.005987,195,3,151–500,3.5,0.01463,289,6,151–500,2.47,0.692421,0.610807,0,0,1,43,,
2026-05-11,2026-05-18,21111,Jefferson County,Kentucky,KY,quiet,0.005941,196,2,151–500,3.47,0.027928,162,2,151–500,4.72,0.690768,0.766343,0,0,2,41,0.828,2022-23
2026-05-11,2026-05-18,31055,Douglas County,Nebraska,NE,quiet,0.005925,197,2,151–500,3.46,0.025936,177,2,151–500,4.38,0.690176,0.7508,0,0,0,,,
2026-05-11,2026-05-18,41043,Linn County,Oregon,OR,quiet,0.005839,198,8,151–500,3.41,0.023213,200,7,151–500,3.92,0.686999,0.7263,0,0,2,17,0.892,2023-24
2026-05-11,2026-05-18,12033,Escambia County,Florida,FL,quiet,0.005759,199,15,151–500,3.37,0.028789,156,14,151–500,4.87,0.684007,0.772534,0,0,5,13,0.913,2022-23
2026-05-11,2026-05-18,12111,St. Lucie County,Florida,FL,quiet,0.005728,200,16,151–500,3.35,0.023672,192,16,151–500,4.0,0.682843,0.730726,0,0,0,,0.913,2022-23
2026-05-11,2026-05-18,12091,Okaloosa County,Florida,FL,quiet,0.005712,201,17,151–500,3.34,0.016763,260,23,151–500,2.83,0.682221,0.646819,0,0,1,26,0.901,2022-23
2026-05-11,2026-05-18,17197,Will County,Illinois,IL,quiet,0.00566,202,4,151–500,3.31,0.022619,204,4,151–500,3.82,0.680206,0.720373,0,0,0,,,
2026-05-11,2026-05-18,05007,Benton County,Arkansas,AR,quiet,0.005579,203,1,151–500,3.26,0.028549,158,1,151–500,4.82,0.677038,0.770838,0,0,1,47,,
2026-05-11,2026-05-18,37067,Forsyth County,North Carolina,NC,quiet,0.005542,204,6,151–500,3.24,0.023676,191,7,151–500,4.0,0.675578,0.730763,0,0,0,,0.94729311,2022-23
2026-05-11,2026-05-18,34001,Atlantic County,New Jersey,NJ,quiet,0.005498,205,10,151–500,3.21,0.029403,151,9,151–500,4.97,0.67382,0.776773,0,0,0,,0.922,2023-24
2026-05-11,2026-05-18,06089,Shasta County,California,CA,quiet,0.005478,206,25,151–500,3.2,0.026879,169,19,151–500,4.54,0.672982,0.758381,0,0,10,7,0.95062,2023-24
2026-05-11,2026-05-18,06017,El Dorado County,California,CA,quiet,0.005392,207,26,151–500,3.15,0.022084,209,22,151–500,3.73,0.669459,0.714835,0,0,0,,0.8029,2023-24
2026-05-11,2026-05-18,36085,Richmond County,New York,NY,quiet,0.005342,208,8,151–500,3.12,0.027277,167,6,151–500,4.61,0.667403,0.761458,0,0,0,,0.98994595,2022-23
2026-05-11,2026-05-18,05119,Pulaski County,Arkansas,AR,quiet,0.005338,209,2,151–500,3.12,0.022527,206,2,151–500,3.81,0.667244,0.719432,0,0,0,,,
2026-05-11,2026-05-18,42049,Erie County,Pennsylvania,PA,quiet,0.005323,210,13,151–500,3.11,0.018598,247,14,151–500,3.14,0.666593,0.673304,0,0,8,53,0.94883041,2023-24
2026-05-11,2026-05-18,34027,Morris County,New Jersey,NJ,quiet,0.005285,211,11,151–500,3.09,0.014763,286,14,151–500,2.5,0.664984,0.613255,0,0,0,,0.941,2023-24
2026-05-11,2026-05-18,39061,Hamilton County,Ohio,OH,quiet,0.005248,212,3,151–500,3.07,0.015249,272,3,151–500,2.58,0.663397,0.621914,0,0,0,,,
2026-05-11,2026-05-18,34039,Union County,New Jersey,NJ,quiet,0.005179,213,12,151–500,3.03,0.031465,139,7,51–150,5.32,0.660404,0.790013,0,0,0,,0.927,2023-24
2026-05-11,2026-05-18,33011,Hillsborough County,New Hampshire,NH,quiet,0.005137,214,1,151–500,3.0,0.031983,136,1,51–150,5.41,0.658565,0.793116,0,0,0,,,
2026-05-11,2026-05-18,48167,Galveston County,Texas,TX,quiet,0.005134,215,16,151–500,3.0,0.02053,222,17,151–500,3.47,0.658442,0.697562,0,0,0,,0.95019808,2023-24
2026-05-11,2026-05-18,06053,Monterey County,California,CA,quiet,0.005073,216,27,151–500,2.97,0.014254,296,28,151–500,2.41,0.655733,0.603772,0,0,0,,0.9859,2023-24
2026-05-11,2026-05-18,51107,Loudoun County,Virginia,VA,quiet,0.005054,217,1,151–500,2.95,0.020834,220,1,151–500,3.52,0.654884,0.701092,0,0,0,,0.929,2023-24
2026-05-11,2026-05-18,12083,Marion County,Florida,FL,quiet,0.005026,218,18,151–500,2.94,0.020317,226,19,151–500,3.43,0.653627,0.695049,0,0,0,,0.908,2022-23
2026-05-11,2026-05-18,22033,East Baton Rouge Parish,Louisiana,LA,quiet,0.005024,219,3,151–500,2.94,0.013813,304,3,151–500,2.33,0.653502,0.595239,0,0,0,,0.878,2021-22
2026-05-11,2026-05-18,41029,Jackson County,Oregon,OR,quiet,0.005002,220,9,151–500,2.92,0.014601,290,9,151–500,2.47,0.652505,0.610276,0,0,0,,0.874,2023-24
2026-05-11,2026-05-18,06087,Santa Cruz County,California,CA,quiet,0.005001,221,28,151–500,2.92,0.025675,179,21,151–500,4.34,0.65245,0.748624,0,0,0,,0.91768,2023-24
2026-05-11,2026-05-18,08037,Eagle County,Colorado,CO,quiet,0.004981,222,11,151–500,2.91,0.016567,263,12,151–500,2.8,0.651542,0.643764,0,0,0,,0.9165,2023-24
2026-05-11,2026-05-18,20173,Sedgwick County,Kansas,KS,quiet,0.004938,223,1,151–500,2.89,0.027394,165,1,151–500,4.63,0.649584,0.762356,0,0,0,,0.91,2023-24
2026-05-11,2026-05-18,38099,Walsh County,North Dakota,ND,quiet,0.004896,224,3,151–500,2.86,0.018968,246,3,151–500,3.21,0.647616,0.678223,0,0,1,12,0.9583,2023-24
2026-05-11,2026-05-18,12097,Osceola County,Florida,FL,quiet,0.004896,225,19,151–500,2.86,0.038993,104,10,51–150,6.59,0.647615,0.828239,0,0,1,9,0.869,2022-23
2026-05-11,2026-05-18,37025,Cabarrus County,North Carolina,NC,quiet,0.004875,226,7,151–500,2.85,0.026766,171,6,151–500,4.52,0.64663,0.757501,0,0,2,16,0.93958464,2022-23
2026-05-11,2026-05-18,39095,Lucas County,Ohio,OH,quiet,0.004859,227,4,151–500,2.84,0.011696,342,5,151–500,1.98,0.645854,0.549225,0,0,0,,,
2026-05-11,2026-05-18,38053,McKenzie County,North Dakota,ND,quiet,0.004816,228,4,151–500,2.81,0.011871,335,6,151–500,2.01,0.643779,0.553366,0,0,0,,0.8008,2023-24
2026-05-11,2026-05-18,53057,Skagit County,Washington,WA,quiet,0.004791,229,16,151–500,2.8,0.016424,264,15,151–500,2.78,0.642572,0.641503,0,0,0,,0.9070632,2023-24
2026-05-11,2026-05-18,13067,Cobb County,Georgia,GA,quiet,0.004764,230,4,151–500,2.78,0.023455,198,4,151–500,3.96,0.641281,0.728652,0,0,0,,,
2026-05-11,2026-05-18,37063,Durham County,North Carolina,NC,quiet,0.004763,231,8,151–500,2.78,0.03439,126,4,51–150,5.81,0.641214,0.80653,0,0,0,,0.86964079,2022-23
2026-05-11,2026-05-18,46103,Pennington County,South Dakota,SD,quiet,0.004751,232,1,151–500,2.78,0.02172,212,1,151–500,3.67,0.640669,0.710944,0,0,2,49,0.95,2023-24
2026-05-11,2026-05-18,30111,Yellowstone County,Montana,MT,quiet,0.004723,233,4,151–500,2.76,0.03588,122,2,51–150,6.06,0.639286,0.814073,0,0,4,43,,
2026-05-11,2026-05-18,16027,Canyon County,Idaho,ID,quiet,0.004659,234,6,151–500,2.72,0.024247,189,5,151–500,4.1,0.636112,0.736094,0,0,6,11,,
2026-05-11,2026-05-18,38067,Pembina County,North Dakota,ND,quiet,0.004635,235,5,151–500,2.71,0.017026,257,4,151–500,2.88,0.634914,0.650859,0,0,23,10,0.9367,2023-24
2026-05-11,2026-05-18,27123,Ramsey County,Minnesota,MN,quiet,0.004631,236,4,151–500,2.71,0.026091,176,4,151–500,4.41,0.634671,0.752074,0,0,0,,0.872,2023-24
2026-05-11,2026-05-18,19153,Polk County,Iowa,IA,quiet,0.004598,237,1,151–500,2.69,0.029283,152,1,151–500,4.95,0.633042,0.775951,0,0,0,,0.88844937,2023-24
2026-05-11,2026-05-18,38101,Ward County,North Dakota,ND,quiet,0.004593,238,6,151–500,2.68,0.013127,316,5,151–500,2.22,0.632759,0.581265,0,0,0,,0.9267,2023-24
2026-05-11,2026-05-18,47157,Shelby County,Tennessee,TN,quiet,0.004591,239,2,151–500,2.68,0.015461,270,3,151–500,2.61,0.632664,0.625596,0,0,0,,0.968,2023-24
2026-05-11,2026-05-18,51059,Fairfax County,Virginia,VA,quiet,0.004577,240,2,151–500,2.68,0.012799,322,5,151–500,2.16,0.631953,0.574281,0,0,0,,0.83,2023-24
2026-05-11,2026-05-18,48397,Rockwall County,Texas,TX,quiet,0.00453,241,17,151–500,2.65,0.016678,261,19,151–500,2.82,0.629537,0.645507,0,0,8,11,0.91472868,2023-24
2026-05-11,2026-05-18,38015,Burleigh County,North Dakota,ND,quiet,0.004513,242,7,151–500,2.64,0.00949,398,7,151–500,1.6,0.62863,0.490412,0,0,0,,0.8867,2023-24
2026-05-11,2026-05-18,35045,San Juan County,New Mexico,NM,quiet,0.004485,243,3,151–500,2.62,0.033632,129,2,51–150,5.68,0.627154,0.802478,0,0,1,49,0.95,2018-19
2026-05-11,2026-05-18,12069,Lake County,Florida,FL,quiet,0.00445,244,20,151–500,2.6,0.017239,256,21,151–500,2.91,0.625324,0.654053,0,0,0,,0.886,2022-23
2026-05-11,2026-05-18,48329,Midland County,Texas,TX,quiet,0.004442,245,18,151–500,2.6,0.025805,178,15,151–500,4.36,0.624878,0.749713,0,0,7,40,0.94766355,2023-24
2026-05-11,2026-05-18,08059,Jefferson County,Colorado,CO,quiet,0.004435,246,12,151–500,2.59,0.019677,234,9,151–500,3.33,0.624517,0.687263,0,0,0,,0.9147,2023-24
2026-05-11,2026-05-18,53029,Island County,Washington,WA,quiet,0.004434,247,17,151–500,2.59,0.013641,309,19,151–500,2.31,0.624493,0.591821,0,0,0,,0.92329149,2023-24
2026-05-11,2026-05-18,25021,Norfolk County,Massachusetts,MA,quiet,0.004317,248,2,151–500,2.52,0.012732,324,6,151–500,2.15,0.618131,0.572832,0,0,0,,0.977,2023-24
2026-05-11,2026-05-18,47149,Rutherford County,Tennessee,TN,quiet,0.004248,249,3,151–500,2.48,0.021629,213,2,151–500,3.66,0.614307,0.709962,0,0,0,,0.952,2023-24
2026-05-11,2026-05-18,34005,Burlington County,New Jersey,NJ,quiet,0.004072,250,13,151–500,2.38,0.02361,194,10,151–500,3.99,0.604139,0.730139,0,0,0,,0.934,2023-24
2026-05-11,2026-05-18,53043,Lincoln County,Washington,WA,quiet,0.004053,251,18,151–500,2.37,0.009091,411,21,151–500,1.54,0.603018,0.478315,0,0,0,,0.89949749,2023-24
2026-05-11,2026-05-18,12073,Leon County,Florida,FL,quiet,0.004043,252,21,151–500,2.36,0.020128,227,20,151–500,3.4,0.60241,0.692793,0,0,2,46,0.953,2022-23
2026-05-11,2026-05-18,45091,York County,South Carolina,SC,quiet,0.004042,253,3,151–500,2.36,0.0206,221,3,151–500,3.48,0.602347,0.698386,0,0,0,,0.944,2023-24
2026-05-11,2026-05-18,09170,South Central Connecticut Planning Region,Connecticut,CT,quiet,0.004017,254,1,151–500,2.35,0.019899,229,2,151–500,3.36,0.600846,0.690009,0,0,1,22,,
2026-05-11,2026-05-18,32007,Elko County,Nevada,NV,quiet,0.003988,255,3,151–500,2.33,0.009545,396,5,151–500,1.61,0.5991,0.492051,0,0,0,,0.94,2022-23
2026-05-11,2026-05-18,01073,Jefferson County,Alabama,AL,quiet,0.003987,256,1,151–500,2.33,0.012613,326,2,151–500,2.13,0.599072,0.570231,0,0,0,,0.9557,2022-23
2026-05-11,2026-05-18,25005,Bristol County,Massachusetts,MA,quiet,0.003935,257,3,151–500,2.3,0.012905,317,4,151–500,2.18,0.595891,0.576578,0,0,0,,0.974,2023-24
2026-05-11,2026-05-18,36059,Nassau County,New York,NY,quiet,0.00392,258,9,151–500,2.29,0.007215,478,14,151–500,1.22,0.594968,0.414146,0,0,0,,0.9943212,2022-23
2026-05-11,2026-05-18,08067,La Plata County,Colorado,CO,quiet,0.003904,259,13,151–500,2.28,0.012237,329,14,151–500,2.07,0.593964,0.561846,0,0,0,,0.8773,2023-24
2026-05-11,2026-05-18,18141,St. Joseph County,Indiana,IN,quiet,0.003903,260,3,151–500,2.28,0.019224,241,3,151–500,3.25,0.59391,0.681538,0,0,0,,,
2026-05-11,2026-05-18,45083,Spartanburg County,South Carolina,SC,quiet,0.003897,261,4,151–500,2.28,0.019073,243,5,151–500,3.22,0.593493,0.67959,0,0,940,8,0.912,2023-24
2026-05-11,2026-05-18,51013,Arlington County,Virginia,VA,quiet,0.00388,262,3,151–500,2.27,0.017275,255,3,151–500,2.92,0.592427,0.654587,0,0,0,,0.929,2023-24
2026-05-11,2026-05-18,39153,Summit County,Ohio,OH,quiet,0.003852,263,5,151–500,2.25,0.007481,468,10,151–500,1.26,0.590672,0.424038,0,0,0,,,
2026-05-11,2026-05-18,06093,Siskiyou County,California,CA,quiet,0.003842,264,29,151–500,2.25,0.008064,443,32,151–500,1.36,0.590042,0.444793,0,0,0,,0.9636,2023-24
2026-05-11,2026-05-18,26115,Monroe County,Michigan,MI,quiet,0.00383,265,9,151–500,2.24,0.024937,186,11,151–500,4.21,0.589282,0.742282,0,0,1,6,0.9177,2023-24
2026-05-11,2026-05-18,51510,Alexandria City,Virginia,VA,quiet,0.003807,266,4,151–500,2.23,0.011906,334,6,151–500,2.01,0.587813,0.554189,0,0,0,,0.941,2023-24
2026-05-11,2026-05-18,42095,Northampton County,Pennsylvania,PA,quiet,0.0038,267,14,151–500,2.22,0.022665,203,12,151–500,3.83,0.587403,0.720837,0,0,0,,0.95149606,2023-24
2026-05-11,2026-05-18,35025,Lea County,New Mexico,NM,quiet,0.003797,268,4,151–500,2.22,0.021205,218,5,151–500,3.58,0.587178,0.70529,0,0,67,49,0.95,2018-19
2026-05-11,2026-05-18,25013,Hampden County,Massachusetts,MA,quiet,0.003793,269,4,151–500,2.22,0.024241,190,2,151–500,4.1,0.586949,0.736043,0,0,0,,0.926,2023-24
2026-05-11,2026-05-18,25027,Worcester County,Massachusetts,MA,quiet,0.003788,270,5,151–500,2.21,0.010696,367,7,151–500,1.81,0.586621,0.524141,0,0,0,,0.959,2023-24
2026-05-11,2026-05-18,09190,Western Connecticut Planning Region,Connecticut,CT,quiet,0.003782,271,2,151–500,2.21,0.019041,245,3,151–500,3.22,0.586214,0.679171,0,0,0,,,
2026-05-11,2026-05-18,27109,Olmsted County,Minnesota,MN,quiet,0.003725,272,5,151–500,2.18,0.016631,262,5,151–500,2.81,0.582493,0.644771,0,0,1,30,0.925,2023-24
2026-05-11,2026-05-18,12019,Clay County,Florida,FL,quiet,0.003706,273,22,151–500,2.17,0.01472,287,24,151–500,2.49,0.581253,0.612472,0,0,0,,0.936,2022-23
2026-05-11,2026-05-18,53041,Lewis County,Washington,WA,quiet,0.003705,274,19,151–500,2.17,0.008699,420,22,151–500,1.47,0.581162,0.465943,0,0,0,,0.8887574,2023-24
2026-05-11,2026-05-18,48039,Brazoria County,Texas,TX,quiet,0.003701,275,19,151–500,2.16,0.02255,205,16,151–500,3.81,0.580906,0.719664,0,0,1,56,0.96729636,2023-24
2026-05-11,2026-05-18,25017,Middlesex County,Massachusetts,MA,quiet,0.003691,276,6,151–500,2.16,0.018371,249,3,151–500,3.1,0.580269,0.670221,0,0,0,,0.978,2023-24
2026-05-11,2026-05-18,10005,Sussex County,Delaware,DE,quiet,0.003682,277,2,151–500,2.15,0.015505,267,2,151–500,2.62,0.579637,0.626357,0,0,0,,,
2026-05-11,2026-05-18,34015,Gloucester County,New Jersey,NJ,quiet,0.003676,278,14,151–500,2.15,0.011982,333,15,151–500,2.02,0.579269,0.555967,0,0,0,,0.949,2023-24
2026-05-11,2026-05-18,26055,Grand Traverse County,Michigan,MI,quiet,0.003675,279,10,151–500,2.15,0.025506,183,10,151–500,4.31,0.579196,0.747194,0,0,4,45,0.866,2023-24
2026-05-11,2026-05-18,55009,Brown County,Wisconsin,WI,quiet,0.003666,280,1,151–500,2.14,0.020422,224,1,151–500,3.45,0.578577,0.696293,0,0,0,,0.792,2023-24
2026-05-11,2026-05-18,55079,Milwaukee County,Wisconsin,WI,quiet,0.003609,281,2,151–500,2.11,0.011852,337,3,151–500,2.0,0.574702,0.552929,0,0,0,,0.724,2023-24
2026-05-11,2026-05-18,53017,Douglas County,Washington,WA,quiet,0.003601,282,20,151–500,2.1,0.014496,293,17,151–500,2.45,0.574175,0.608328,0,0,0,,0.94594595,2023-24
2026-05-11,2026-05-18,24043,Washington County,Maryland,MD,quiet,0.003544,283,7,151–500,2.07,0.0115,347,7,151–500,1.94,0.570233,0.544497,0,0,0,,0.9893,2023-24
2026-05-11,2026-05-18,26005,Allegan County,Michigan,MI,quiet,0.003542,284,11,151–500,2.07,0.015119,274,12,151–500,2.56,0.570137,0.619644,0,0,1,49,0.9235,2023-24
2026-05-11,2026-05-18,41053,Polk County,Oregon,OR,quiet,0.003506,285,10,151–500,2.05,0.013792,305,11,151–500,2.33,0.567601,0.594827,0,0,0,,0.906,2023-24
2026-05-11,2026-05-18,12001,Alachua County,Florida,FL,quiet,0.003493,286,23,151–500,2.04,0.016799,259,22,151–500,2.84,0.566671,0.647381,0,0,2,14,0.922,2022-23
2026-05-11,2026-05-18,37071,Gaston County,North Carolina,NC,quiet,0.003493,287,9,151–500,2.04,0.014485,294,10,151–500,2.45,0.566662,0.608134,0,0,0,,0.91987791,2022-23
2026-05-11,2026-05-18,01003,Baldwin County,Alabama,AL,quiet,0.003478,288,2,151–500,2.03,0.012903,318,1,151–500,2.18,0.565629,0.576523,0,0,0,,0.9257,2022-23
2026-05-11,2026-05-18,06103,Tehama County,California,CA,quiet,0.003477,289,30,151–500,2.03,0.006582,504,34,501+,1.11,0.565544,0.389316,0,0,0,,0.97026,2023-24
2026-05-11,2026-05-18,12113,Santa Rosa County,Florida,FL,quiet,0.003472,290,24,151–500,2.03,0.021227,216,18,151–500,3.59,0.565185,0.705538,0,0,0,,0.919,2022-23
2026-05-11,2026-05-18,26075,Jackson County,Michigan,MI,quiet,0.003458,291,12,151–500,2.02,0.009473,400,18,151–500,1.6,0.564149,0.489916,0,0,0,,0.9211,2023-24
2026-05-11,2026-05-18,17089,Kane County,Illinois,IL,quiet,0.003454,292,5,151–500,2.02,0.019505,238,6,151–500,3.3,0.563892,0.685109,0,0,0,,,
2026-05-11,2026-05-18,26077,Kalamazoo County,Michigan,MI,quiet,0.00338,293,13,151–500,1.98,0.013659,308,13,151–500,2.31,0.55852,0.59218,0,0,0,,0.9187,2023-24
2026-05-11,2026-05-18,26159,Van Buren County,Michigan,MI,quiet,0.003362,294,14,151–500,1.97,0.01049,372,17,151–500,1.77,0.55723,0.518654,0,0,0,,0.9122,2023-24
2026-05-11,2026-05-18,56021,Laramie County,Wyoming,WY,quiet,0.003359,295,3,151–500,1.96,0.00957,395,6,151–500,1.62,0.556963,0.492769,0,0,0,,0.86,2022-23
2026-05-11,2026-05-18,42089,Monroe County,Pennsylvania,PA,quiet,0.003348,296,15,151–500,1.96,0.013228,311,18,151–500,2.24,0.556167,0.583382,0,0,0,,0.91116595,2023-24
2026-05-11,2026-05-18,45077,Pickens County,South Carolina,SC,quiet,0.003296,297,5,151–500,1.93,0.008172,438,10,151–500,1.38,0.552269,0.448502,0,0,6,8,0.954,2023-24
2026-05-11,2026-05-18,42003,Allegheny County,Pennsylvania,PA,quiet,0.003272,298,16,151–500,1.91,0.011754,340,20,151–500,1.99,0.550427,0.550612,0,0,0,,0.94368726,2023-24
2026-05-11,2026-05-18,12115,Sarasota County,Florida,FL,quiet,0.003242,299,25,151–500,1.89,0.010064,380,27,151–500,1.7,0.548146,0.506968,0,0,0,,0.848,2022-23
2026-05-11,2026-05-18,51087,Henrico County,Virginia,VA,quiet,0.003232,300,5,151–500,1.89,0.011218,355,7,151–500,1.9,0.547359,0.537523,0,0,0,,0.936,2023-24
2026-05-11,2026-05-18,06007,Butte County,California,CA,quiet,0.00323,301,31,151–500,1.89,0.011355,350,30,151–500,1.92,0.547247,0.540921,0,0,0,,0.96918,2023-24
2026-05-11,2026-05-18,24021,Frederick County,Maryland,MD,quiet,0.00322,302,8,151–500,1.88,0.020528,223,5,151–500,3.47,0.546421,0.697541,0,0,0,,0.9931,2023-24
2026-05-11,2026-05-18,36079,Putnam County,New York,NY,quiet,0.003198,303,10,151–500,1.87,0.024746,188,7,151–500,4.18,0.544722,0.740596,0,0,1,49,0.99338235,2022-23
2026-05-11,2026-05-18,47093,Knox County,Tennessee,TN,quiet,0.003194,304,4,151–500,1.87,0.014641,288,4,151–500,2.47,0.544459,0.611015,0,0,0,,0.955,2023-24
2026-05-11,2026-05-18,37161,Rutherford County,North Carolina,NC,quiet,0.003163,305,10,151–500,1.85,0.005199,600,24,501+,0.88,0.541969,0.32851,0,0,1,68,0.93969144,2022-23
2026-05-11,2026-05-18,49037,San Juan County,Utah,UT,quiet,0.003136,306,10,151–500,1.83,0.024778,187,8,151–500,4.19,0.53983,0.740879,0,0,3,14,0.967,2022-23
2026-05-11,2026-05-18,56037,Sweetwater County,Wyoming,WY,quiet,0.003098,307,4,151–500,1.81,0.010703,366,4,151–500,1.81,0.536788,0.524317,0,0,0,,0.96,2022-23
2026-05-11,2026-05-18,48355,Nueces County,Texas,TX,quiet,0.003085,308,20,151–500,1.8,0.019387,240,18,151–500,3.28,0.535756,0.683618,0,0,0,,0.96532258,2023-24
2026-05-11,2026-05-18,37109,Lincoln County,North Carolina,NC,quiet,0.003076,309,11,151–500,1.8,0.009337,403,13,151–500,1.58,0.535007,0.485849,0,0,1,14,0.91627469,2022-23
2026-05-11,2026-05-18,42079,Luzerne County,Pennsylvania,PA,quiet,0.003057,310,17,151–500,1.79,0.015042,278,16,151–500,2.54,0.533466,0.618266,0,0,0,,0.95238095,2023-24
2026-05-11,2026-05-18,23005,Cumberland County,Maine,ME,quiet,0.003043,311,1,151–500,1.78,0.00833,431,3,151–500,1.41,0.532322,0.453846,0,0,0,,0.9582,2023-24
2026-05-11,2026-05-18,16083,Twin Falls County,Idaho,ID,quiet,0.003011,312,7,151–500,1.76,0.009127,410,8,151–500,1.54,0.529638,0.47943,0,0,0,,,
2026-05-11,2026-05-18,18003,Allen County,Indiana,IN,quiet,0.002994,313,4,151–500,1.75,0.013199,313,4,151–500,2.23,0.528231,0.582781,0,0,8,55,,
2026-05-11,2026-05-18,26087,Lapeer County,Michigan,MI,quiet,0.002981,314,15,151–500,1.74,0.008371,429,20,151–500,1.41,0.527162,0.455215,0,0,0,,0.8346,2023-24
2026-05-11,2026-05-18,45045,Greenville County,South Carolina,SC,quiet,0.002974,315,6,151–500,1.74,0.019726,233,4,151–500,3.33,0.526588,0.687878,0,0,8,8,0.93,2023-24
2026-05-11,2026-05-18,32510,Carson City,Nevada,NV,quiet,0.002938,316,4,151–500,1.72,0.008279,434,7,151–500,1.4,0.523506,0.452112,0,0,0,,0.93,2022-23
2026-05-11,2026-05-18,34025,Monmouth County,New Jersey,NJ,quiet,0.002921,317,15,151–500,1.71,0.019534,237,12,151–500,3.3,0.522063,0.685475,0,0,0,,0.902,2023-24
2026-05-11,2026-05-18,42027,Centre County,Pennsylvania,PA,quiet,0.002908,318,18,151–500,1.7,0.014973,280,17,151–500,2.53,0.520964,0.617041,0,0,0,,0.95164609,2023-24
2026-05-11,2026-05-18,12127,Volusia County,Florida,FL,quiet,0.002894,319,26,151–500,1.69,0.010159,378,26,151–500,1.72,0.51972,0.50961,0,0,0,,0.889,2022-23
2026-05-11,2026-05-18,06039,Madera County,California,CA,quiet,0.002888,320,32,151–500,1.69,0.009577,394,31,151–500,1.62,0.519189,0.492988,0,0,0,,0.9824,2023-24
2026-05-11,2026-05-18,29077,Greene County,Missouri,MO,quiet,0.002885,321,3,151–500,1.69,0.022314,208,2,151–500,3.77,0.518925,0.717239,0,0,0,,0.901,2023-24
2026-05-11,2026-05-18,17201,Winnebago County,Illinois,IL,quiet,0.002875,322,6,151–500,1.68,0.019762,232,5,151–500,3.34,0.518081,0.688319,0,0,0,,,
2026-05-11,2026-05-18,55133,Waukesha County,Wisconsin,WI,quiet,0.002875,323,3,151–500,1.68,0.011742,341,4,151–500,1.98,0.518036,0.55031,0,0,1,17,0.795,2023-24
2026-05-11,2026-05-18,48091,Comal County,Texas,TX,quiet,0.002851,324,21,151–500,1.67,0.013215,312,23,151–500,2.23,0.515989,0.583121,0,0,0,,0.92261002,2023-24
2026-05-11,2026-05-18,41071,Yamhill County,Oregon,OR,quiet,0.002849,325,11,151–500,1.66,0.008545,421,13,151–500,1.44,0.515748,0.460967,0,0,0,,0.891,2023-24
2026-05-11,2026-05-18,53001,Adams County,Washington,WA,quiet,0.002843,326,21,151–500,1.66,0.008119,441,23,151–500,1.37,0.515222,0.446683,0,0,0,,0.91714286,2023-24
2026-05-11,2026-05-18,55025,Dane County,Wisconsin,WI,quiet,0.002827,327,4,151–500,1.65,0.019829,230,2,151–500,3.35,0.513877,0.689151,0,0,1,16,0.757,2023-24
2026-05-11,2026-05-18,39113,Montgomery County,Ohio,OH,quiet,0.002813,328,6,151–500,1.64,0.009165,408,8,151–500,1.55,0.512576,0.480615,0,0,0,,,
2026-05-11,2026-05-18,35029,Luna County,New Mexico,NM,quiet,0.002804,329,5,151–500,1.64,0.023597,196,3,151–500,3.99,0.511813,0.730017,0,0,25,8,0.95,2018-19
2026-05-11,2026-05-18,36027,Dutchess County,New York,NY,quiet,0.002791,330,11,151–500,1.63,0.013857,301,10,151–500,2.34,0.510629,0.596111,0,0,0,,0.99011111,2022-23
2026-05-11,2026-05-18,13051,Chatham County,Georgia,GA,quiet,0.002777,331,5,151–500,1.62,0.01024,377,6,151–500,1.73,0.509346,0.511844,0,0,0,,,
2026-05-11,2026-05-18,09110,Capitol Planning Region,Connecticut,CT,quiet,0.002742,332,3,151–500,1.6,0.025644,180,1,151–500,4.33,0.506156,0.748361,0,0,0,,,
2026-05-11,2026-05-18,35015,Eddy County,New Mexico,NM,quiet,0.002735,333,6,151–500,1.6,0.007341,472,9,151–500,1.24,0.505545,0.418868,0,0,3,55,0.95,2018-19
2026-05-11,2026-05-18,45003,Aiken County,South Carolina,SC,quiet,0.002725,334,7,151–500,1.59,0.01014,379,8,151–500,1.71,0.504624,0.5091,0,0,0,,0.928,2023-24
2026-05-11,2026-05-18,48187,Guadalupe County,Texas,TX,quiet,0.002699,335,22,151–500,1.58,0.010378,375,28,151–500,1.75,0.502174,0.515625,0,0,0,,0.97149788,2023-24
2026-05-11,2026-05-18,39093,Lorain County,Ohio,OH,quiet,0.002668,336,7,151–500,1.56,0.01106,358,7,151–500,1.87,0.499279,0.53353,0,0,0,,,
2026-05-11,2026-05-18,32019,Lyon County,Nevada,NV,quiet,0.002606,337,5,151–500,1.52,0.009406,401,6,151–500,1.59,0.493401,0.487923,0,0,0,,0.94,2022-23
2026-05-11,2026-05-18,37097,Iredell County,North Carolina,NC,quiet,0.002567,338,12,151–500,1.5,0.014025,300,11,151–500,2.37,0.489588,0.59939,0,0,0,,0.91877104,2022-23
2026-05-11,2026-05-18,49039,Sanpete County,Utah,UT,quiet,0.002551,339,11,151–500,1.49,0.007988,445,14,151–500,1.35,0.487961,0.442177,0,0,0,,0.934,2022-23
2026-05-11,2026-05-18,02170,Matanuska-Susitna Borough,Alaska,AK,quiet,0.002543,340,2,151–500,1.49,0.009614,392,2,151–500,1.62,0.4872,0.494074,0,0,0,,,
2026-05-11,2026-05-18,42055,Franklin County,Pennsylvania,PA,quiet,0.002529,341,19,151–500,1.48,0.015211,273,15,151–500,2.57,0.48582,0.621256,0,0,0,,0.9250326,2023-24
2026-05-11,2026-05-18,04027,Yuma County,Arizona,AZ,quiet,0.002504,342,8,151–500,1.46,0.014041,299,8,151–500,2.37,0.483298,0.599692,0,0,0,,0.954,2023-24
2026-05-11,2026-05-18,12131,Walton County,Florida,FL,quiet,0.002495,343,27,151–500,1.46,0.005252,597,29,501+,0.89,0.482445,0.331013,0,0,0,,0.904,2022-23
2026-05-11,2026-05-18,25009,Essex County,Massachusetts,MA,quiet,0.002492,344,7,151–500,1.46,0.012848,321,5,151–500,2.17,0.482162,0.575344,0,0,0,,0.97,2023-24
2026-05-11,2026-05-18,46099,Minnehaha County,South Dakota,SD,quiet,0.002479,345,2,151–500,1.45,0.013719,306,2,151–500,2.32,0.480762,0.593365,0,0,0,,0.91,2023-24
2026-05-11,2026-05-18,39151,Stark County,Ohio,OH,quiet,0.002449,346,8,151–500,1.43,0.011337,351,6,151–500,1.92,0.477801,0.540481,0,0,0,,,
2026-05-11,2026-05-18,45081,Saluda County,South Carolina,SC,quiet,0.002441,347,8,151–500,1.43,0.007254,475,11,151–500,1.23,0.476954,0.415593,0,0,1,4,0.947,2023-24
2026-05-11,2026-05-18,35043,Sandoval County,New Mexico,NM,quiet,0.002429,348,7,151–500,1.42,0.015078,276,6,151–500,2.55,0.475648,0.618905,0,0,6,51,,
2026-05-11,2026-05-18,29183,St. Charles County,Missouri,MO,quiet,0.002427,349,4,151–500,1.42,0.011517,346,6,151–500,1.95,0.475536,0.544894,0,0,0,,0.944,2023-24
2026-05-11,2026-05-18,09120,Greater Bridgeport Planning Region,Connecticut,CT,quiet,0.002395,350,4,151–500,1.4,0.010857,364,4,151–500,1.83,0.472132,0.528345,0,0,0,,,
2026-05-11,2026-05-18,23019,Penobscot County,Maine,ME,quiet,0.002392,351,2,151–500,1.4,0.019043,244,1,151–500,3.22,0.471812,0.679194,0,0,5,12,0.9858,2023-24
2026-05-11,2026-05-18,37035,Catawba County,North Carolina,NC,quiet,0.00239,352,13,151–500,1.4,0.015497,268,9,151–500,2.62,0.471629,0.626211,0,0,0,,0.95066414,2022-23
2026-05-11,2026-05-18,45019,Charleston County,South Carolina,SC,quiet,0.002381,353,9,151–500,1.39,0.007068,485,12,151–500,1.19,0.470688,0.408542,0,0,0,,0.935,2023-24
2026-05-11,2026-05-18,30029,Flathead County,Montana,MT,quiet,0.002344,354,5,151–500,1.37,0.022006,210,4,151–500,3.72,0.466785,0.714004,0,0,2,50,,
2026-05-11,2026-05-18,26037,Clinton County,Michigan,MI,quiet,0.002331,355,16,151–500,1.36,0.012858,320,14,151–500,2.17,0.465388,0.575565,0,0,0,,0.9268,2023-24
2026-05-11,2026-05-18,54003,Berkeley County,West Virginia,WV,quiet,0.002286,356,1,151–500,1.34,0.0108,365,1,151–500,1.83,0.460537,0.52685,0,0,0,,,
2026-05-11,2026-05-18,56039,Teton County,Wyoming,WY,quiet,0.002283,357,5,151–500,1.33,0.007737,459,8,151–500,1.31,0.460186,0.433337,0,0,0,,0.95,2022-23
2026-05-11,2026-05-18,30063,Missoula County,Montana,MT,quiet,0.00228,358,6,151–500,1.33,0.017933,253,5,151–500,3.03,0.459807,0.664133,0,0,0,,,
2026-05-11,2026-05-18,56041,Uinta County,Wyoming,WY,quiet,0.002268,359,6,151–500,1.33,0.006697,498,10,151–500,1.13,0.458481,0.393976,0,0,0,,0.92,2022-23
2026-05-11,2026-05-18,01089,Madison County,Alabama,AL,quiet,0.002262,360,3,151–500,1.32,0.00948,399,3,151–500,1.6,0.457832,0.490131,0,0,0,,0.9385,2022-23
2026-05-11,2026-05-18,53013,Columbia County,Washington,WA,quiet,0.002252,361,22,151–500,1.32,0.011662,343,20,151–500,1.97,0.456708,0.548396,0,0,0,,0.80851064,2023-24
2026-05-11,2026-05-18,08035,Douglas County,Colorado,CO,quiet,0.002212,362,14,151–500,1.29,0.013162,315,13,151–500,2.22,0.452291,0.582,0,0,0,,0.9198,2023-24
2026-05-11,2026-05-18,32023,Nye County,Nevada,NV,quiet,0.002205,363,6,151–500,1.29,0.01154,345,3,151–500,1.95,0.451511,0.545466,0,0,0,,0.94,2022-23
2026-05-11,2026-05-18,56005,Campbell County,Wyoming,WY,quiet,0.002197,364,7,151–500,1.28,0.010585,368,5,151–500,1.79,0.450636,0.521196,0,0,0,,0.94,2022-23
2026-05-11,2026-05-18,48013,Atascosa County,Texas,TX,quiet,0.002196,365,23,151–500,1.28,0.008838,417,31,151–500,1.49,0.450514,0.470402,0,0,1,55,0.98509934,2023-24
2026-05-11,2026-05-18,26117,Montcalm County,Michigan,MI,quiet,0.00218,366,17,151–500,1.27,0.026329,173,9,151–500,4.45,0.448616,0.754015,0,0,4,55,0.9281,2023-24
2026-05-11,2026-05-18,36067,Onondaga County,New York,NY,quiet,0.00216,367,12,151–500,1.26,0.00988,385,12,151–500,1.67,0.44641,0.501766,0,0,0,,0.99680124,2022-23
2026-05-11,2026-05-18,06109,Tuolumne County,California,CA,quiet,0.002158,368,33,151–500,1.26,0.012744,323,29,151–500,2.15,0.4462,0.57309,0,0,2,60,0.93077,2023-24
2026-05-11,2026-05-18,48257,Kaufman County,Texas,TX,quiet,0.002158,369,24,151–500,1.26,0.01223,330,25,151–500,2.07,0.446184,0.561669,0,0,0,,0.94898785,2023-24
2026-05-11,2026-05-18,30047,Lake County,Montana,MT,quiet,0.00215,370,7,151–500,1.26,0.004664,649,9,501+,0.79,0.445248,0.302193,0,0,0,,,
2026-05-11,2026-05-18,02110,Juneau City and Borough,Alaska,AK,quiet,0.002148,371,3,151–500,1.26,0.004208,687,6,501+,0.71,0.44495,0.27841,0,0,0,,,
2026-05-11,2026-05-18,02090,Fairbanks North Star Borough,Alaska,AK,quiet,0.002136,372,4,151–500,1.25,0.00795,448,4,151–500,1.34,0.443606,0.44085,0,0,0,,,
2026-05-11,2026-05-18,53045,Mason County,Washington,WA,quiet,0.002119,373,23,151–500,1.24,0.005719,566,27,501+,0.97,0.441648,0.35253,0,0,0,,0.87883212,2023-24
2026-05-11,2026-05-18,37133,Onslow County,North Carolina,NC,quiet,0.002115,374,14,151–500,1.24,0.010874,363,12,151–500,1.84,0.441107,0.528776,0,0,0,,0.91405924,2022-23
2026-05-11,2026-05-18,37149,Polk County,North Carolina,NC,quiet,0.002114,375,15,151–500,1.24,0.004991,617,26,501+,0.84,0.441069,0.318468,0,0,5,12,0.91875,2022-23
2026-05-11,2026-05-18,51153,Prince William County,Virginia,VA,quiet,0.002108,376,6,151–500,1.23,0.018116,251,2,151–500,3.06,0.440366,0.66671,0,0,0,,0.935,2023-24
2026-05-11,2026-05-18,21113,Jessamine County,Kentucky,KY,quiet,0.002107,377,3,151–500,1.23,0.009062,413,6,151–500,1.53,0.440249,0.477434,0,0,4,15,0.928,2022-23
2026-05-11,2026-05-18,50007,Chittenden County,Vermont,VT,quiet,0.002101,378,1,151–500,1.23,0.009314,404,1,151–500,1.57,0.439517,0.485147,0,0,0,,0.95,2023-24
2026-05-11,2026-05-18,26045,Eaton County,Michigan,MI,quiet,0.002094,379,18,151–500,1.22,0.0105,371,16,151–500,1.77,0.438687,0.51891,0,0,0,,0.9085,2023-24
2026-05-11,2026-05-18,04007,Gila County,Arizona,AZ,quiet,0.002069,380,9,151–500,1.21,0.005472,584,12,501+,0.92,0.435718,0.341266,0,0,0,,0.799,2023-24
2026-05-11,2026-05-18,16017,Bonner County,Idaho,ID,quiet,0.002066,381,8,151–500,1.21,0.011782,339,7,151–500,1.99,0.435379,0.551262,0,0,1,38,,
2026-05-11,2026-05-18,35049,Santa Fe County,New Mexico,NM,quiet,0.002054,382,8,151–500,1.2,0.01411,298,7,151–500,2.38,0.433921,0.601032,0,0,5,40,0.93,2018-19
2026-05-11,2026-05-18,20091,Johnson County,Kansas,KS,quiet,0.002053,383,2,151–500,1.2,0.016109,265,2,151–500,2.72,0.433824,0.636444,0,0,0,,0.95,2023-24
2026-05-11,2026-05-18,08117,Summit County,Colorado,CO,quiet,0.002032,384,15,151–500,1.19,0.00706,486,19,151–500,1.19,0.43125,0.408237,0,0,0,,0.9344,2023-24
2026-05-11,2026-05-18,48209,Hays County,Texas,TX,quiet,0.002031,385,25,151–500,1.19,0.013422,310,22,151–500,2.27,0.431105,0.587389,0,0,1,51,0.9507405,2023-24
2026-05-11,2026-05-18,25023,Plymouth County,Massachusetts,MA,quiet,0.002026,386,8,151–500,1.18,0.009073,412,8,151–500,1.53,0.430579,0.477777,0,0,0,,0.957,2023-24
2026-05-11,2026-05-18,27119,Polk County,Minnesota,MN,quiet,0.002016,387,6,151–500,1.18,0.006046,537,12,501+,1.02,0.429356,0.366878,0,0,0,,0.888,2023-24
2026-05-11,2026-05-18,48451,Tom Green County,Texas,TX,quiet,0.001983,388,26,151–500,1.16,0.009248,407,30,151–500,1.56,0.425285,0.483143,0,0,0,,0.96938065,2023-24
2026-05-11,2026-05-18,53015,Cowlitz County,Washington,WA,quiet,0.00198,389,24,151–500,1.16,0.01384,302,18,151–500,2.34,0.424879,0.595765,0,0,0,,0.93703397,2023-24
2026-05-11,2026-05-18,15001,Hawaii County,Hawaii,HI,quiet,0.001978,390,2,151–500,1.16,0.009299,405,2,151–500,1.57,0.424684,0.484684,0,0,0,,0.8066,2022-23
2026-05-11,2026-05-18,13057,Cherokee County,Georgia,GA,quiet,0.00197,391,6,151–500,1.15,0.005846,554,7,501+,0.99,0.423679,0.358147,0,0,0,,,
2026-05-11,2026-05-18,48061,Cameron County,Texas,TX,quiet,0.001965,392,27,151–500,1.15,0.006889,492,35,151–500,1.16,0.423013,0.401569,0,0,0,,0.98452454,2023-24
2026-05-11,2026-05-18,20045,Douglas County,Kansas,KS,quiet,0.001963,393,3,151–500,1.15,0.011438,348,3,151–500,1.93,0.422733,0.542967,0,0,0,,0.93,2023-24
2026-05-11,2026-05-18,45057,Lancaster County,South Carolina,SC,quiet,0.001959,394,10,151–500,1.15,0.006221,527,14,501+,1.05,0.422306,0.374368,0,0,0,,0.947,2023-24
2026-05-11,2026-05-18,33015,Rockingham County,New Hampshire,NH,quiet,0.001956,395,2,151–500,1.14,0.01118,357,3,151–500,1.89,0.421896,0.536577,0,0,0,,,
2026-05-11,2026-05-18,51019,Bedford County,Virginia,VA,quiet,0.001951,396,7,151–500,1.14,0.004573,654,13,501+,0.77,0.421192,0.29755,0,0,0,,0.895,2023-24
2026-05-11,2026-05-18,29165,Platte County,Missouri,MO,quiet,0.001946,397,5,151–500,1.14,0.009689,391,7,151–500,1.64,0.420659,0.496258,0,0,0,,0.948,2023-24
2026-05-11,2026-05-18,10001,Kent County,Delaware,DE,quiet,0.001918,398,3,151–500,1.12,0.009506,397,3,151–500,1.61,0.417066,0.490885,0,0,0,,,
2026-05-11,2026-05-18,24045,Wicomico County,Maryland,MD,quiet,0.001912,399,9,151–500,1.12,0.00586,552,11,501+,0.99,0.41632,0.35879,0,0,0,,0.9914,2023-24
2026-05-11,2026-05-18,41019,Douglas County,Oregon,OR,quiet,0.001909,400,12,151–500,1.12,0.008124,440,14,151–500,1.37,0.415973,0.446842,0,0,0,,0.875,2023-24
2026-05-11,2026-05-18,26147,St. Clair County,Michigan,MI,quiet,0.001898,401,19,151–500,1.11,0.005604,574,27,501+,0.95,0.41453,0.34731,0,0,0,,0.8724,2023-24
2026-05-11,2026-05-18,12005,Bay County,Florida,FL,quiet,0.001896,402,28,151–500,1.11,0.006809,494,28,151–500,1.15,0.414204,0.398416,0,0,0,,0.868,2022-23
2026-05-11,2026-05-18,29047,Clay County,Missouri,MO,quiet,0.001889,403,6,151–500,1.1,0.013675,307,4,151–500,2.31,0.413371,0.592489,0,0,0,,0.914,2023-24
2026-05-11,2026-05-18,05143,Washington County,Arkansas,AR,quiet,0.001881,404,3,151–500,1.1,0.010276,376,3,151–500,1.74,0.412378,0.512846,0,0,0,,,
2026-05-11,2026-05-18,51710,Norfolk City,Virginia,VA,quiet,0.00188,405,8,151–500,1.1,0.014993,279,4,151–500,2.53,0.412137,0.617393,0,0,0,,0.847,2023-24
2026-05-11,2026-05-18,17111,McHenry County,Illinois,IL,quiet,0.001867,406,7,151–500,1.09,0.011233,354,7,151–500,1.9,0.410511,0.537913,0,0,0,,,
2026-05-11,2026-05-18,48325,Medina County,Texas,TX,quiet,0.001866,407,28,151–500,1.09,0.005863,550,43,501+,0.99,0.410421,0.358925,0,0,0,,0.94915254,2023-24
2026-05-11,2026-05-18,36111,Ulster County,New York,NY,quiet,0.001855,408,13,151–500,1.08,0.011182,356,11,151–500,1.89,0.408966,0.536635,0,0,0,,0.99046154,2022-23
2026-05-11,2026-05-18,49047,Uintah County,Utah,UT,quiet,0.001836,409,12,151–500,1.07,0.012686,325,12,151–500,2.14,0.406467,0.57183,0,0,0,,0.947,2022-23
2026-05-11,2026-05-18,45015,Berkeley County,South Carolina,SC,quiet,0.00183,410,11,151–500,1.07,0.00843,425,9,151–500,1.42,0.405611,0.457174,0,0,0,,0.93,2023-24
2026-05-11,2026-05-18,45073,Oconee County,South Carolina,SC,quiet,0.001824,411,12,151–500,1.07,0.00309,852,20,501+,0.52,0.404883,0.214458,0,0,0,,0.95,2023-24
2026-05-11,2026-05-18,06045,Mendocino County,California,CA,quiet,0.001824,412,34,151–500,1.07,0.005994,542,39,501+,1.01,0.404823,0.364663,0,0,0,,0.94941,2023-24
2026-05-11,2026-05-18,02122,Kenai Peninsula Borough,Alaska,AK,quiet,0.001815,413,5,151–500,1.06,0.009257,406,3,151–500,1.56,0.403642,0.483425,0,0,1,68,,
2026-05-11,2026-05-18,41049,Morrow County,Oregon,OR,quiet,0.001811,414,13,151–500,1.06,0.009364,402,12,151–500,1.58,0.403123,0.486663,0,0,0,,0.899,2023-24
2026-05-11,2026-05-18,46013,Brown County,South Dakota,SD,quiet,0.001807,415,3,151–500,1.06,0.005858,553,4,501+,0.99,0.402637,0.358711,0,0,1,9,0.96,2023-24
2026-05-11,2026-05-18,12009,Brevard County,Florida,FL,quiet,0.001804,416,29,151–500,1.05,0.011328,352,25,151–500,1.91,0.402154,0.540264,0,0,0,,0.881,2022-23
2026-05-11,2026-05-18,08045,Garfield County,Colorado,CO,quiet,0.001794,417,16,151–500,1.05,0.008846,416,17,151–500,1.49,0.40089,0.47065,0,0,0,,0.9165,2023-24
2026-05-11,2026-05-18,51810,Virginia Beach City,Virginia,VA,quiet,0.001789,418,9,151–500,1.05,0.010395,374,8,151–500,1.76,0.400207,0.516081,0,0,0,,0.904,2023-24
2026-05-11,2026-05-18,56029,Park County,Wyoming,WY,quiet,0.001786,419,8,151–500,1.04,0.007017,487,9,151–500,1.19,0.399707,0.406577,0,0,1,21,0.9,2022-23
2026-05-11,2026-05-18,37051,Cumberland County,North Carolina,NC,quiet,0.001783,420,16,151–500,1.04,0.008032,444,15,151–500,1.36,0.399374,0.443671,0,0,0,,0.90652681,2022-23
2026-05-11,2026-05-18,47125,Montgomery County,Tennessee,TN,quiet,0.001769,421,5,151–500,1.03,0.009785,388,5,151–500,1.65,0.397467,0.499034,0,0,0,,0.944,2023-24
2026-05-11,2026-05-18,18091,LaPorte County,Indiana,IN,quiet,0.001761,422,5,151–500,1.03,0.008811,418,7,151–500,1.49,0.396296,0.469553,0,0,0,,,
2026-05-11,2026-05-18,29510,St. Louis City,Missouri,MO,quiet,0.001758,423,7,151–500,1.03,0.011848,338,5,151–500,2.0,0.395936,0.55283,0,0,0,,0.745,2023-24
2026-05-11,2026-05-18,45013,Beaufort County,South Carolina,SC,quiet,0.001754,424,13,151–500,1.03,0.014846,283,6,151–500,2.51,0.395426,0.61476,0,0,0,,0.951,2023-24
2026-05-11,2026-05-18,08101,Pueblo County,Colorado,CO,quiet,0.00173,425,17,151–500,1.01,0.010994,359,16,151–500,1.86,0.392095,0.531851,0,0,1,58,0.871,2023-24
2026-05-11,2026-05-18,09140,Naugatuck Valley Planning Region,Connecticut,CT,quiet,0.001685,426,5,151–500,0.98,0.00654,507,5,501+,1.11,0.385815,0.387607,0,0,0,,,
2026-05-11,2026-05-18,06051,Mono County,California,CA,quiet,0.001676,427,35,151–500,0.98,0.006249,524,36,501+,1.06,0.384575,0.375546,0,0,0,,0.98137,2023-24
2026-05-11,2026-05-18,49001,Beaver County,Utah,UT,quiet,0.001667,428,13,151–500,0.97,0.00516,603,18,501+,0.87,0.383277,0.326603,0,0,0,,0.975,2022-23
2026-05-11,2026-05-18,32033,White Pine County,Nevada,NV,quiet,0.001667,429,7,151–500,0.97,0.009984,383,4,151–500,1.69,0.383252,0.504715,0,0,0,,0.94,2022-23
2026-05-11,2026-05-18,24015,Cecil County,Maryland,MD,quiet,0.001657,430,10,151–500,0.97,0.005654,569,13,501+,0.96,0.381801,0.349572,0,0,0,,0.996,2023-24
2026-05-11,2026-05-18,08065,Lake County,Colorado,CO,quiet,0.001652,431,18,151–500,0.97,0.011384,349,15,151–500,1.92,0.381055,0.541659,0,4,4,3,0.7077,2023-24
2026-05-11,2026-05-18,16005,Bannock County,Idaho,ID,quiet,0.001646,432,9,151–500,0.96,0.0069,491,11,151–500,1.17,0.380207,0.402002,0,0,0,,,
2026-05-11,2026-05-18,13117,Forsyth County,Georgia,GA,quiet,0.001639,433,7,151–500,0.96,0.002963,876,19,501+,0.5,0.379251,0.206652,0,0,0,,,
2026-05-11,2026-05-18,06023,Humboldt County,California,CA,quiet,0.001636,434,36,151–500,0.96,0.006036,538,38,501+,1.02,0.378836,0.366478,0,0,0,,0.92801,2023-24
2026-05-11,2026-05-18,42069,Lackawanna County,Pennsylvania,PA,quiet,0.001618,435,20,151–500,0.95,0.010941,361,21,151–500,1.85,0.376249,0.530503,0,0,0,,0.96264368,2023-24
2026-05-11,2026-05-18,27163,Washington County,Minnesota,MN,quiet,0.001608,436,7,151–500,0.94,0.012534,328,7,151–500,2.12,0.374672,0.568504,0,0,1,49,0.925,2023-24
2026-05-11,2026-05-18,30081,Ravalli County,Montana,MT,quiet,0.001605,437,8,151–500,0.94,0.009904,384,7,151–500,1.67,0.374289,0.502446,0,0,0,,,
2026-05-11,2026-05-18,15009,Maui County,Hawaii,HI,quiet,0.001601,438,3,151–500,0.94,0.005818,557,3,501+,0.98,0.373679,0.356903,0,0,0,,0.7548,2022-23
2026-05-11,2026-05-18,26127,Oceana County,Michigan,MI,quiet,0.0016,439,20,151–500,0.93,0.00629,519,26,501+,1.06,0.373493,0.377275,0,0,0,,0.8877,2023-24
2026-05-11,2026-05-18,04023,Santa Cruz County,Arizona,AZ,quiet,0.001596,440,10,151–500,0.93,0.003198,826,13,501+,0.54,0.372966,0.221006,0,0,0,,0.964,2023-24
2026-05-11,2026-05-18,47065,Hamilton County,Tennessee,TN,quiet,0.001591,441,6,151–500,0.93,0.008228,435,6,151–500,1.39,0.372297,0.450385,0,0,0,,0.922,2023-24
2026-05-11,2026-05-18,39085,Lake County,Ohio,OH,quiet,0.001576,442,9,151–500,0.92,0.006272,521,13,501+,1.06,0.370079,0.376506,0,0,0,,,
2026-05-11,2026-05-18,19103,Johnson County,Iowa,IA,quiet,0.001573,443,2,151–500,0.92,0.010474,373,2,151–500,1.77,0.369555,0.518231,0,0,0,,0.85397039,2023-24
2026-05-11,2026-05-18,48231,Hunt County,Texas,TX,quiet,0.001568,444,29,151–500,0.92,0.006638,501,37,501+,1.12,0.368847,0.3916,0,0,0,,0.94235589,2023-24
2026-05-11,2026-05-18,48165,Gaines County,Texas,TX,quiet,0.00156,445,30,151–500,0.91,0.009801,387,29,151–500,1.66,0.367624,0.499506,0,0,414,45,0.81967213,2023-24
2026-05-11,2026-05-18,55059,Kenosha County,Wisconsin,WI,quiet,0.001542,446,5,151–500,0.9,0.00657,506,5,501+,1.11,0.364939,0.388829,0,0,0,,0.694,2023-24
2026-05-11,2026-05-18,31153,Sarpy County,Nebraska,NE,quiet,0.001542,447,3,151–500,0.9,0.006179,529,4,501+,1.04,0.364843,0.372604,0,0,0,,,
2026-05-11,2026-05-18,22103,St. Tammany Parish,Louisiana,LA,quiet,0.001539,448,4,151–500,0.9,0.006496,510,4,501+,1.1,0.364512,0.385814,0,0,0,,0.91,2021-22
2026-05-11,2026-05-18,38089,Stark County,North Dakota,ND,quiet,0.001537,449,8,151–500,0.9,0.002211,1070,18,501+,0.37,0.364179,0.15805,0,0,0,,0.9168,2023-24
2026-05-11,2026-05-18,44003,Kent County,Rhode Island,RI,quiet,0.001535,450,2,151–500,0.9,0.009834,386,2,151–500,1.66,0.363835,0.500444,0,0,0,,0.92,2023-24
2026-05-11,2026-05-18,06115,Yuba County,California,CA,quiet,0.001525,451,37,151–500,0.89,0.006118,532,37,501+,1.03,0.362336,0.369971,0,0,0,,0.91649,2023-24
2026-05-11,2026-05-18,27139,Scott County,Minnesota,MN,quiet,0.001522,452,8,151–500,0.89,0.014579,292,6,151–500,2.46,0.361871,0.609878,0,0,0,,0.864,2023-24
2026-05-11,2026-05-18,42093,Montour County,Pennsylvania,PA,quiet,0.00152,453,21,151–500,0.89,0.006532,509,29,501+,1.1,0.36159,0.387296,0,0,0,,0.98895028,2023-24
2026-05-11,2026-05-18,41003,Benton County,Oregon,OR,quiet,0.001518,454,14,151–500,0.89,0.007933,449,15,151–500,1.34,0.361211,0.440246,0,0,0,,0.941,2023-24
2026-05-11,2026-05-18,34041,Warren County,New Jersey,NJ,quiet,0.001514,455,16,151–500,0.88,0.00512,607,18,501+,0.87,0.360599,0.324697,0,0,0,,0.915,2023-24
2026-05-11,2026-05-18,04009,Graham County,Arizona,AZ,quiet,0.001513,456,11,151–500,0.88,0.006794,495,9,151–500,1.15,0.360539,0.397843,0,0,0,,0.913,2023-24
2026-05-11,2026-05-18,06025,Imperial County,California,CA,quiet,0.001509,457,38,151–500,0.88,0.005252,598,41,501+,0.89,0.359947,0.331003,0,0,0,,0.9787,2023-24
2026-05-11,2026-05-18,51041,Chesterfield County,Virginia,VA,quiet,0.001505,458,10,151–500,0.88,0.008516,422,9,151–500,1.44,0.359324,0.460018,0,0,0,,0.837,2023-24
2026-05-11,2026-05-18,24013,Carroll County,Maryland,MD,quiet,0.001495,459,11,151–500,0.87,0.008699,419,9,151–500,1.47,0.357742,0.465952,0,0,0,,0.9892,2023-24
2026-05-11,2026-05-18,53047,Okanogan County,Washington,WA,quiet,0.001474,460,25,151–500,0.86,0.006024,539,26,501+,1.02,0.354512,0.365936,0,0,0,,0.88689408,2023-24
2026-05-11,2026-05-18,18057,Hamilton County,Indiana,IN,quiet,0.001471,461,6,151–500,0.86,0.008088,442,8,151–500,1.37,0.354018,0.445605,0,0,0,,,
2026-05-11,2026-05-18,47009,Blount County,Tennessee,TN,quiet,0.001455,462,7,151–500,0.85,0.007211,479,8,151–500,1.22,0.351489,0.414002,0,0,0,,0.94,2023-24
2026-05-11,2026-05-18,36029,Erie County,New York,NY,quiet,0.001452,463,14,151–500,0.85,0.005517,579,17,501+,0.93,0.351053,0.343339,0,0,0,,0.99489355,2022-23
2026-05-11,2026-05-18,04011,Greenlee County,Arizona,AZ,quiet,0.00144,464,12,151–500,0.84,0.005804,560,11,501+,0.98,0.349118,0.356315,0,0,0,,0.842,2023-24
2026-05-11,2026-05-18,20177,Shawnee County,Kansas,KS,quiet,0.001438,465,4,151–500,0.84,0.00822,437,4,151–500,1.39,0.348763,0.450108,0,0,0,,0.93,2023-24
2026-05-11,2026-05-18,48219,Hockley County,Texas,TX,quiet,0.001405,466,31,151–500,0.82,0.012207,331,26,151–500,2.06,0.343503,0.561155,0,0,7,40,0.94389439,2023-24
2026-05-11,2026-05-18,27107,Norman County,Minnesota,MN,quiet,0.001399,467,9,151–500,0.82,0.002735,926,26,501+,0.46,0.34253,0.192357,0,0,0,,0.9,2023-24
2026-05-11,2026-05-18,49013,Duchesne County,Utah,UT,quiet,0.001396,468,14,151–500,0.82,0.013166,314,11,151–500,2.22,0.342124,0.582082,0,0,0,,0.936,2022-23
2026-05-11,2026-05-18,55111,Sauk County,Wisconsin,WI,quiet,0.001394,469,6,151–500,0.81,0.004369,672,11,501+,0.74,0.341758,0.286974,0,0,0,,0.716,2023-24
2026-05-11,2026-05-18,45035,Dorchester County,South Carolina,SC,quiet,0.001378,470,14,151–500,0.81,0.005313,595,17,501+,0.9,0.339067,0.33386,0,0,0,,0.947,2023-24
2026-05-11,2026-05-18,26015,Barry County,Michigan,MI,quiet,0.001377,471,21,151–500,0.8,0.011616,344,15,151–500,1.96,0.338946,0.547289,0,0,0,,0.9134,2023-24
2026-05-11,2026-05-18,21117,Kenton County,Kentucky,KY,quiet,0.001373,472,4,151–500,0.8,0.012895,319,3,151–500,2.18,0.338299,0.576364,0,0,0,,0.97,2022-23
2026-05-11,2026-05-18,01097,Mobile County,Alabama,AL,quiet,0.001367,473,4,151–500,0.8,0.009014,414,4,151–500,1.52,0.337326,0.475926,0,0,0,,0.9245,2022-23
2026-05-11,2026-05-18,39173,Wood County,Ohio,OH,quiet,0.001358,474,10,151–500,0.79,0.006681,499,12,151–500,1.13,0.335872,0.39332,0,0,0,,,
2026-05-11,2026-05-18,19049,Dallas County,Iowa,IA,quiet,0.001346,475,3,151–500,0.79,0.006228,525,3,501+,1.05,0.333937,0.374675,0,0,0,,0.9280303,2023-24
2026-05-11,2026-05-18,42061,Huntingdon County,Pennsylvania,PA,quiet,0.001322,476,22,151–500,0.77,0.006581,505,27,501+,1.11,0.329891,0.389272,0,0,0,,0.94626866,2023-24
2026-05-11,2026-05-18,06029,Kern County,California,CA,quiet,0.001322,477,39,151–500,0.77,0.004302,678,45,501+,0.73,0.329838,0.28343,0,0,0,,0.90718,2023-24
2026-05-11,2026-05-18,51650,Hampton City,Virginia,VA,quiet,0.001316,478,11,151–500,0.77,0.006125,531,11,501+,1.04,0.328864,0.3703,0,0,0,,0.951,2023-24
2026-05-11,2026-05-18,42073,Lawrence County,Pennsylvania,PA,quiet,0.001315,479,23,151–500,0.77,0.005515,580,31,501+,0.93,0.328637,0.343254,0,0,0,,0.94561598,2023-24
2026-05-11,2026-05-18,08097,Pitkin County,Colorado,CO,quiet,0.001314,480,19,151–500,0.77,0.002966,873,27,501+,0.5,0.32848,0.206817,0,0,0,,0.9278,2023-24
2026-05-11,2026-05-18,38071,Ramsey County,North Dakota,ND,quiet,0.00131,481,9,151–500,0.77,0.004391,671,12,501+,0.74,0.327843,0.288142,0,0,0,,0.9651,2023-24
2026-05-11,2026-05-18,27007,Beltrami County,Minnesota,MN,quiet,0.001305,482,10,151–500,0.76,0.006097,534,11,501+,1.03,0.326968,0.36907,0,0,0,,0.855,2023-24
2026-05-11,2026-05-18,39017,Butler County,Ohio,OH,quiet,0.001293,483,11,151–500,0.76,0.007444,469,11,151–500,1.26,0.324889,0.422689,0,0,0,,,
2026-05-11,2026-05-18,39129,Pickaway County,Ohio,OH,quiet,0.001292,484,12,151–500,0.76,0.002795,912,30,501+,0.47,0.324786,0.196113,0,0,0,,,
2026-05-11,2026-05-18,24037,St. Mary's County,Maryland,MD,quiet,0.001283,485,12,151–500,0.75,0.006373,514,10,501+,1.08,0.323255,0.380747,0,0,0,,0.9868,2023-24
2026-05-11,2026-05-18,02185,North Slope Borough,Alaska,AK,quiet,0.001279,486,6,151–500,0.75,0.006056,536,5,501+,1.02,0.32258,0.36734,0,0,0,,,
2026-05-11,2026-05-18,17143,Peoria County,Illinois,IL,quiet,0.001273,487,8,151–500,0.74,0.004423,667,13,501+,0.75,0.321612,0.28979,0,0,0,,,
2026-05-11,2026-05-18,04001,Apache County,Arizona,AZ,quiet,0.001271,488,13,151–500,0.74,0.001572,1338,14,501+,0.27,0.321126,0.113566,0,0,0,,0.9,2023-24
2026-05-11,2026-05-18,56001,Albany County,Wyoming,WY,quiet,0.001266,489,9,151–500,0.74,0.003012,867,17,501+,0.51,0.320305,0.209645,0,0,0,,0.94,2022-23
2026-05-11,2026-05-18,48375,Potter County,Texas,TX,quiet,0.001265,490,32,151–500,0.74,0.005946,546,41,501+,1.0,0.320111,0.362541,0,0,1,56,0.96321939,2023-24
2026-05-11,2026-05-18,37101,Johnston County,North Carolina,NC,quiet,0.001262,491,17,151–500,0.74,0.008139,439,14,151–500,1.38,0.319634,0.447363,0,0,1,13,0.94841408,2022-23
2026-05-11,2026-05-18,48361,Orange County,Texas,TX,quiet,0.001258,492,33,151–500,0.74,0.003493,778,80,501+,0.59,0.318917,0.23847,0,0,0,,0.91140434,2023-24
2026-05-11,2026-05-18,18127,Porter County,Indiana,IN,quiet,0.001248,493,7,151–500,0.73,0.003721,745,12,501+,0.63,0.317133,0.251575,0,0,0,,,
2026-05-11,2026-05-18,18063,Hendricks County,Indiana,IN,quiet,0.001247,494,8,151–500,0.73,0.006886,493,10,151–500,1.16,0.316979,0.401467,0,0,0,,,
2026-05-11,2026-05-18,53051,Pend Oreille County,Washington,WA,quiet,0.001246,495,26,151–500,0.73,0.004745,641,29,501+,0.8,0.316906,0.306285,0,0,0,,0.8,2023-24
2026-05-11,2026-05-18,06047,Merced County,California,CA,quiet,0.001239,496,40,151–500,0.72,0.006255,523,35,501+,1.06,0.315626,0.375822,0,0,0,,0.97513,2023-24
2026-05-11,2026-05-18,49007,Carbon County,Utah,UT,quiet,0.001231,497,15,151–500,0.72,0.00403,709,20,501+,0.68,0.314218,0.268785,0,0,0,,0.957,2022-23
2026-05-11,2026-05-18,32005,Douglas County,Nevada,NV,quiet,0.00123,498,8,151–500,0.72,0.004339,676,10,501+,0.73,0.314129,0.285402,0,0,0,,0.93,2022-23
2026-05-11,2026-05-18,26027,Cass County,Michigan,MI,quiet,0.001227,499,22,151–500,0.72,0.005368,592,30,501+,0.91,0.313486,0.336438,0,0,0,,0.9115,2023-24
2026-05-11,2026-05-18,13029,Bryan County,Georgia,GA,quiet,0.001225,500,8,151–500,0.72,0.014839,284,5,151–500,2.51,0.313226,0.614632,0,0,1,12,,
2026-05-11,2026-05-18,27111,Otter Tail County,Minnesota,MN,quiet,0.001219,501,11,501+,0.71,0.006001,541,13,501+,1.01,0.31215,0.364953,0,0,0,,0.826,2023-24
2026-05-11,2026-05-18,29019,Boone County,Missouri,MO,quiet,0.00121,502,8,501+,0.71,0.007513,466,8,151–500,1.27,0.310437,0.425208,0,0,0,,0.939,2023-24
2026-05-11,2026-05-18,23001,Androscoggin County,Maine,ME,quiet,0.001207,503,3,501+,0.71,0.012013,332,2,151–500,2.03,0.309992,0.556681,0,0,0,,0.9813,2023-24
2026-05-11,2026-05-18,26047,Emmet County,Michigan,MI,quiet,0.001205,504,23,501+,0.7,0.00478,636,35,501+,0.81,0.309601,0.308039,0,0,0,,0.8571,2023-24
2026-05-11,2026-05-18,53027,Grays Harbor County,Washington,WA,quiet,0.001201,505,27,501+,0.7,0.007415,470,24,151–500,1.25,0.308875,0.421633,0,0,0,,0.87533875,2023-24
2026-05-11,2026-05-18,36105,Sullivan County,New York,NY,quiet,0.001197,506,15,501+,0.7,0.004297,680,18,501+,0.73,0.308263,0.283161,0,0,0,,0.98724242,2022-23
2026-05-11,2026-05-18,26049,Genesee County,Michigan,MI,quiet,0.001193,507,24,501+,0.7,0.00637,515,25,501+,1.08,0.307491,0.380634,0,0,0,,0.8968,2023-24
2026-05-11,2026-05-18,34009,Cape May County,New Jersey,NJ,quiet,0.00118,508,17,501+,0.69,0.008225,436,16,151–500,1.39,0.305158,0.450303,0,0,0,,0.918,2023-24
2026-05-11,2026-05-18,18039,Elkhart County,Indiana,IN,quiet,0.001179,509,9,501+,0.69,0.010986,360,5,151–500,1.86,0.304995,0.531643,0,0,0,,,
2026-05-11,2026-05-18,26091,Lenawee County,Michigan,MI,quiet,0.001178,510,25,501+,0.69,0.004866,630,34,501+,0.82,0.304818,0.312331,0,0,0,,0.896,2023-24
2026-05-11,2026-05-18,27005,Becker County,Minnesota,MN,quiet,0.001176,511,12,501+,0.69,0.006101,533,10,501+,1.03,0.304432,0.369266,0,0,0,,0.858,2023-24
2026-05-11,2026-05-18,01081,Lee County,Alabama,AL,quiet,0.001169,512,5,501+,0.68,0.007526,465,5,151–500,1.27,0.303151,0.425714,0,0,0,,0.9466,2022-23
2026-05-11,2026-05-18,45007,Anderson County,South Carolina,SC,quiet,0.001169,513,15,501+,0.68,0.01412,297,7,151–500,2.39,0.303122,0.60121,0,0,0,,0.953,2023-24
2026-05-11,2026-05-18,49027,Millard County,Utah,UT,quiet,0.001165,514,16,501+,0.68,0.007871,454,15,151–500,1.33,0.302335,0.438078,0,0,0,,0.937,2022-23
2026-05-11,2026-05-18,38061,Mountrail County,North Dakota,ND,quiet,0.001162,515,10,501+,0.68,0.006057,535,9,501+,1.02,0.301951,0.367347,0,0,0,,0.8624,2023-24
2026-05-11,2026-05-18,49019,Grand County,Utah,UT,quiet,0.001162,516,17,501+,0.68,0.007807,456,16,151–500,1.32,0.30193,0.435795,0,0,0,,0.938,2022-23
2026-05-11,2026-05-18,33013,Merrimack County,New Hampshire,NH,quiet,0.001161,517,3,501+,0.68,0.015068,277,2,151–500,2.55,0.301765,0.618733,0,0,0,,,
2026-05-11,2026-05-18,05125,Saline County,Arkansas,AR,quiet,0.001159,518,4,501+,0.68,0.007985,446,4,151–500,1.35,0.301305,0.442073,0,0,1,57,,
2026-05-11,2026-05-18,41009,Columbia County,Oregon,OR,quiet,0.001156,519,15,501+,0.68,0.013813,303,10,151–500,2.33,0.300706,0.595239,0,0,0,,0.855,2023-24
2026-05-11,2026-05-18,21219,Todd County,Kentucky,KY,quiet,0.001156,520,5,501+,0.68,0.00959,393,5,151–500,1.62,0.300697,0.493375,0,0,1,45,0.944,2022-23
2026-05-11,2026-05-18,26021,Berrien County,Michigan,MI,quiet,0.001152,521,26,501+,0.67,0.004519,656,38,501+,0.76,0.300042,0.294772,0,0,0,,0.9126,2023-24
2026-05-11,2026-05-18,51179,Stafford County,Virginia,VA,quiet,0.001145,522,12,501+,0.67,0.006964,489,10,151–500,1.18,0.298837,0.404527,0,0,0,,0.907,2023-24
2026-05-11,2026-05-18,36093,Schenectady County,New York,NY,quiet,0.001145,523,16,501+,0.67,0.009753,389,13,151–500,1.65,0.298686,0.498119,0,0,0,,0.99326316,2022-23
2026-05-11,2026-05-18,42125,Washington County,Pennsylvania,PA,quiet,0.001142,524,24,501+,0.67,0.008483,423,24,151–500,1.43,0.298238,0.458916,0,0,0,,0.95047706,2023-24
2026-05-11,2026-05-18,16011,Bingham County,Idaho,ID,quiet,0.00114,525,10,501+,0.67,0.007247,476,10,151–500,1.22,0.297754,0.415349,0,0,0,,,
2026-05-11,2026-05-18,37111,McDowell County,North Carolina,NC,quiet,0.001137,526,18,501+,0.66,0.005147,606,25,501+,0.87,0.297367,0.326002,0,0,0,,0.95389049,2022-23
2026-05-11,2026-05-18,19013,Black Hawk County,Iowa,IA,quiet,0.001133,527,4,501+,0.66,0.005433,585,4,501+,0.92,0.296618,0.339488,0,0,0,,0.90243902,2023-24
2026-05-11,2026-05-18,39089,Licking County,Ohio,OH,quiet,0.001132,528,13,501+,0.66,0.014588,291,4,151–500,2.47,0.296456,0.610038,0,0,0,,,
2026-05-11,2026-05-18,42021,Cambria County,Pennsylvania,PA,quiet,0.001129,529,25,501+,0.66,0.004803,632,32,501+,0.81,0.29588,0.3092,0,0,0,,0.95711974,2023-24
2026-05-11,2026-05-18,27057,Hubbard County,Minnesota,MN,quiet,0.001123,530,13,501+,0.66,0.002203,1072,33,501+,0.37,0.294651,0.157464,0,0,0,,0.848,2023-24
2026-05-11,2026-05-18,36069,Ontario County,New York,NY,quiet,0.001115,531,17,501+,0.65,0.006586,503,15,501+,1.11,0.293129,0.389505,0,0,1,50,0.97,2022-23
2026-05-11,2026-05-18,41007,Clatsop County,Oregon,OR,quiet,0.001106,532,16,501+,0.65,0.007756,458,17,151–500,1.31,0.291476,0.433997,0,0,0,,0.891,2023-24
2026-05-11,2026-05-18,06063,Plumas County,California,CA,quiet,0.001106,533,41,501+,0.65,0.005191,602,42,501+,0.88,0.291475,0.328089,0,0,0,,0.92593,2023-24
2026-05-11,2026-05-18,17161,Rock Island County,Illinois,IL,quiet,0.001104,534,9,501+,0.65,0.002818,907,19,501+,0.48,0.291143,0.197599,0,0,0,,,
2026-05-11,2026-05-18,34033,Salem County,New Jersey,NJ,quiet,0.001102,535,18,501+,0.64,0.002762,918,21,501+,0.47,0.290823,0.194029,0,0,0,,0.954,2023-24
2026-05-11,2026-05-18,13047,Catoosa County,Georgia,GA,quiet,0.00109,536,9,501+,0.64,0.003488,780,13,501+,0.59,0.288444,0.238173,0,0,0,,,
2026-05-11,2026-05-18,45051,Horry County,South Carolina,SC,quiet,0.001089,537,16,501+,0.64,0.005791,562,16,501+,0.98,0.288395,0.355705,0,0,0,,0.909,2023-24
2026-05-11,2026-05-18,48021,Bastrop County,Texas,TX,quiet,0.001089,538,34,501+,0.64,0.003154,836,86,501+,0.53,0.288378,0.218334,0,0,0,,0.94946619,2023-24
2026-05-11,2026-05-18,22055,Lafayette Parish,Louisiana,LA,quiet,0.001083,539,5,501+,0.63,0.004488,661,5,501+,0.76,0.287234,0.293148,0,0,0,,0.908,2021-22
2026-05-11,2026-05-18,19113,Linn County,Iowa,IA,quiet,0.001077,540,5,501+,0.63,0.004099,700,5,501+,0.69,0.286091,0.272564,0,0,0,,0.87967537,2023-24
2026-05-11,2026-05-18,54037,Jefferson County,West Virginia,WV,quiet,0.001076,541,2,501+,0.63,0.005904,547,2,501+,1.0,0.285895,0.360726,0,0,0,,,
2026-05-11,2026-05-18,17113,McLean County,Illinois,IL,quiet,0.001074,542,10,501+,0.63,0.003979,715,14,501+,0.67,0.285442,0.266027,0,0,0,,,
2026-05-11,2026-05-18,12053,Hernando County,Florida,FL,quiet,0.001071,543,30,501+,0.63,0.003761,740,32,501+,0.64,0.284911,0.253865,0,0,0,,0.903,2022-23
2026-05-11,2026-05-18,26123,Newaygo County,Michigan,MI,quiet,0.001062,544,27,501+,0.62,0.007886,452,22,151–500,1.33,0.283087,0.438592,0,0,0,,0.8504,2023-24
2026-05-11,2026-05-18,28045,Hancock County,Mississippi,MS,quiet,0.001061,545,1,501+,0.62,0.003109,847,6,501+,0.53,0.282943,0.215602,0,0,0,,,
2026-05-11,2026-05-18,21073,Franklin County,Kentucky,KY,quiet,0.00106,546,6,501+,0.62,0.007603,463,7,151–500,1.28,0.282774,0.428514,0,0,1,63,0.951,2022-23
2026-05-11,2026-05-18,47011,Bradley County,Tennessee,TN,quiet,0.001052,547,8,501+,0.62,0.002566,967,19,501+,0.43,0.281298,0.181503,0,0,0,,0.928,2023-24
2026-05-11,2026-05-18,53003,Asotin County,Washington,WA,quiet,0.00105,548,28,501+,0.61,0.007174,481,25,151–500,1.21,0.280913,0.412564,0,0,0,,0.92016807,2023-24
2026-05-11,2026-05-18,41001,Baker County,Oregon,OR,quiet,0.001045,549,17,501+,0.61,0.007921,450,16,151–500,1.34,0.279921,0.439836,0,0,0,,0.84,2023-24
2026-05-11,2026-05-18,22005,Ascension Parish,Louisiana,LA,quiet,0.001042,550,6,501+,0.61,0.003609,759,8,501+,0.61,0.279307,0.245179,0,0,0,,0.975,2021-22
2026-05-11,2026-05-18,18027,Daviess County,Indiana,IN,quiet,0.001039,551,10,501+,0.61,0.002829,904,14,501+,0.48,0.278708,0.198302,0,0,0,,,
2026-05-11,2026-05-18,37059,Davie County,North Carolina,NC,quiet,0.001037,552,19,501+,0.61,0.00722,477,18,151–500,1.22,0.278401,0.414327,0,0,0,,0.93953488,2022-23
2026-05-11,2026-05-18,38003,Barnes County,North Dakota,ND,quiet,0.001033,553,11,501+,0.6,0.004709,645,11,501+,0.8,0.277639,0.30446,0,0,0,,0.9524,2023-24
2026-05-11,2026-05-18,22019,Calcasieu Parish,Louisiana,LA,quiet,0.001033,554,7,501+,0.6,0.004218,685,6,501+,0.71,0.277544,0.278943,0,0,0,,0.912,2021-22
2026-05-11,2026-05-18,45071,Newberry County,South Carolina,SC,quiet,0.001031,555,17,501+,0.6,0.002676,943,23,501+,0.45,0.277254,0.188578,0,0,0,,0.975,2023-24
2026-05-11,2026-05-18,49041,Sevier County,Utah,UT,quiet,0.001031,556,18,501+,0.6,0.010012,382,13,151–500,1.69,0.277193,0.505512,0,0,0,,0.96,2022-23
2026-05-11,2026-05-18,29101,Johnson County,Missouri,MO,quiet,0.001027,557,9,501+,0.6,0.006759,496,9,151–500,1.14,0.276422,0.396455,0,0,0,,0.927,2023-24
2026-05-11,2026-05-18,24017,Charles County,Maryland,MD,quiet,0.001026,558,13,501+,0.6,0.002506,983,16,501+,0.42,0.276121,0.177599,0,0,0,,0.9951,2023-24
2026-05-11,2026-05-18,47165,Sumner County,Tennessee,TN,quiet,0.001025,559,9,501+,0.6,0.00772,460,7,151–500,1.3,0.276094,0.432703,0,0,0,,0.95,2023-24
2026-05-11,2026-05-18,32001,Churchill County,Nevada,NV,quiet,0.00102,560,9,501+,0.6,0.003927,725,12,501+,0.66,0.274989,0.263115,0,0,0,,0.9,2022-23
2026-05-11,2026-05-18,17093,Kendall County,Illinois,IL,quiet,0.001015,561,11,501+,0.59,0.008362,430,8,151–500,1.41,0.274131,0.454895,0,0,0,,,
2026-05-11,2026-05-18,38077,Richland County,North Dakota,ND,quiet,0.001015,562,12,501+,0.59,0.006314,518,8,501+,1.07,0.274067,0.378295,0,0,0,,0.9521,2023-24
2026-05-11,2026-05-18,48059,Callahan County,Texas,TX,quiet,0.001013,563,35,501+,0.59,0.004485,662,61,501+,0.76,0.273657,0.29304,0,0,0,,0.94054054,2023-24
2026-05-11,2026-05-18,21015,Boone County,Kentucky,KY,quiet,0.001011,564,7,501+,0.59,0.011258,353,4,151–500,1.9,0.273247,0.538529,0,0,0,,0.955,2022-23
2026-05-11,2026-05-18,37001,Alamance County,North Carolina,NC,quiet,0.001008,565,20,501+,0.59,0.007113,482,19,151–500,1.2,0.272724,0.41024,0,0,0,,0.96282528,2022-23
2026-05-11,2026-05-18,48389,Reeves County,Texas,TX,quiet,0.001,566,36,501+,0.58,0.012572,327,24,151–500,2.12,0.271116,0.569346,0,0,2,50,0.94923858,2023-24
2026-05-11,2026-05-18,26107,Mecosta County,Michigan,MI,quiet,0.000994,567,28,501+,0.58,0.008322,432,21,151–500,1.41,0.269792,0.453559,0,0,0,,0.9391,2023-24
2026-05-11,2026-05-18,06101,Sutter County,California,CA,quiet,0.00099,568,42,501+,0.58,0.003711,746,47,501+,0.63,0.269128,0.251042,0,0,0,,0.7583,2023-24
2026-05-11,2026-05-18,55127,Walworth County,Wisconsin,WI,quiet,0.000988,569,7,501+,0.58,0.004744,642,9,501+,0.8,0.268759,0.306208,0,0,0,,0.732,2023-24
2026-05-11,2026-05-18,48139,Ellis County,Texas,TX,quiet,0.000988,570,37,501+,0.58,0.005616,573,48,501+,0.95,0.268688,0.347867,0,0,0,,0.93659479,2023-24
2026-05-11,2026-05-18,34037,Sussex County,New Jersey,NJ,quiet,0.000986,571,19,501+,0.58,0.004135,695,20,501+,0.7,0.268331,0.274498,0,0,0,,0.896,2023-24
2026-05-11,2026-05-18,39045,Fairfield County,Ohio,OH,quiet,0.000986,572,14,501+,0.58,0.005043,610,18,501+,0.85,0.268315,0.321008,0,0,0,,,
2026-05-11,2026-05-18,04012,La Paz County,Arizona,AZ,quiet,0.000985,573,14,501+,0.58,0.006316,516,10,501+,1.07,0.268134,0.378358,0,0,0,,0.952,2023-24
2026-05-11,2026-05-18,28033,DeSoto County,Mississippi,MS,quiet,0.000985,574,2,501+,0.58,0.004544,655,1,501+,0.77,0.268113,0.296076,0,0,0,,,
2026-05-11,2026-05-18,27027,Clay County,Minnesota,MN,quiet,0.000985,575,14,501+,0.58,0.00424,684,17,501+,0.72,0.26809,0.280147,0,0,0,,0.863,2023-24
2026-05-11,2026-05-18,17027,Clinton County,Illinois,IL,quiet,0.000984,576,12,501+,0.58,0.002523,977,21,501+,0.43,0.267836,0.178654,0,0,0,,,
2026-05-11,2026-05-18,37049,Craven County,North Carolina,NC,quiet,0.000981,577,21,501+,0.57,0.007787,457,16,151–500,1.32,0.267224,0.435101,0,0,0,,0.95221239,2022-23
2026-05-11,2026-05-18,27171,Wright County,Minnesota,MN,quiet,0.000974,578,15,501+,0.57,0.002955,877,22,501+,0.5,0.265818,0.206168,0,0,0,,0.849,2023-24
2026-05-11,2026-05-18,32021,Mineral County,Nevada,NV,quiet,0.000971,579,10,501+,0.57,0.005027,613,9,501+,0.85,0.265332,0.32022,0,0,0,,0.93,2022-23
2026-05-11,2026-05-18,48181,Grayson County,Texas,TX,quiet,0.000968,580,38,501+,0.57,0.005472,583,50,501+,0.92,0.264649,0.341279,0,0,0,,0.93368421,2023-24
2026-05-11,2026-05-18,56007,Carbon County,Wyoming,WY,quiet,0.000962,581,10,501+,0.56,0.015479,269,3,151–500,2.62,0.26354,0.625897,0,0,7,37,0.94,2022-23
2026-05-11,2026-05-18,51085,Hanover County,Virginia,VA,quiet,0.000961,582,13,501+,0.56,0.002903,887,18,501+,0.49,0.263323,0.202879,0,0,0,,0.933,2023-24
2026-05-11,2026-05-18,06005,Amador County,California,CA,quiet,0.000961,583,43,501+,0.56,0.003579,766,48,501+,0.6,0.263185,0.243482,0,0,0,,0.96269,2023-24
2026-05-11,2026-05-18,05051,Garland County,Arkansas,AR,quiet,0.000959,584,5,501+,0.56,0.003494,777,6,501+,0.59,0.262931,0.238556,0,0,0,,,
2026-05-11,2026-05-18,23031,York County,Maine,ME,quiet,0.000958,585,4,501+,0.56,0.00468,647,4,501+,0.79,0.262628,0.303008,0,0,0,,0.9883,2023-24
2026-05-11,2026-05-18,26149,St. Joseph County,Michigan,MI,quiet,0.000958,586,29,501+,0.56,0.003726,744,40,501+,0.63,0.262591,0.25186,0,0,0,,0.8742,2023-24
2026-05-11,2026-05-18,13245,Richmond County,Georgia,GA,quiet,0.000957,587,10,501+,0.56,0.002783,915,20,501+,0.47,0.262396,0.195386,0,0,0,,,
2026-05-11,2026-05-18,06033,Lake County,California,CA,quiet,0.000954,588,44,501+,0.56,0.004122,698,46,501+,0.7,0.261835,0.273805,0,0,0,,0.95323,2023-24
2026-05-11,2026-05-18,30083,Richland County,Montana,MT,quiet,0.000952,589,9,501+,0.56,0.002362,1031,17,501+,0.4,0.261436,0.168138,0,0,0,,,
2026-05-11,2026-05-18,31161,Sheridan County,Nebraska,NE,quiet,0.000949,590,4,501+,0.55,0.010572,369,3,151–500,1.79,0.260858,0.520835,0,0,1,50,,
2026-05-11,2026-05-18,19193,Woodbury County,Iowa,IA,quiet,0.000948,591,6,501+,0.55,0.001816,1219,16,501+,0.31,0.260573,0.130895,0,0,0,,0.88529205,2023-24
2026-05-11,2026-05-18,26101,Manistee County,Michigan,MI,quiet,0.000944,592,30,501+,0.55,0.003236,820,43,501+,0.55,0.259872,0.223285,0,0,0,,0.836,2023-24
2026-05-11,2026-05-18,21227,Warren County,Kentucky,KY,quiet,0.000943,593,8,501+,0.55,0.003248,814,12,501+,0.55,0.259635,0.223997,0,0,0,,0.901,2022-23
2026-05-11,2026-05-18,37157,Rockingham County,North Carolina,NC,quiet,0.000939,594,22,501+,0.55,0.002282,1051,43,501+,0.39,0.258816,0.162757,0,0,0,,0.96215596,2022-23
2026-05-11,2026-05-18,13297,Walton County,Georgia,GA,quiet,0.000938,595,11,501+,0.55,0.003905,726,11,501+,0.66,0.25858,0.261925,0,0,0,,,
2026-05-11,2026-05-18,48381,Randall County,Texas,TX,quiet,0.000927,596,39,501+,0.54,0.007576,464,33,151–500,1.28,0.256248,0.427512,0,0,3,51,0.93947368,2023-24
2026-05-11,2026-05-18,46117,Stanley County,South Dakota,SD,quiet,0.000926,597,4,501+,0.54,0.004656,651,7,501+,0.79,0.256069,0.301771,0,0,0,,0.95,2023-24
2026-05-11,2026-05-18,36005,Bronx County,New York,NY,quiet,0.000925,598,18,501+,0.54,0.004042,707,20,501+,0.68,0.255973,0.269475,0,0,0,,0.99012676,2022-23
2026-05-11,2026-05-18,09180,Southeastern Connecticut Planning Region,Connecticut,CT,quiet,0.000923,599,6,501+,0.54,0.003309,806,6,501+,0.56,0.255509,0.227624,0,0,0,,,
2026-05-11,2026-05-18,32013,Humboldt County,Nevada,NV,quiet,0.000916,600,11,501+,0.54,0.004036,708,11,501+,0.68,0.254118,0.269124,0,0,0,,0.92,2022-23
2026-05-11,2026-05-18,26111,Midland County,Michigan,MI,quiet,0.000913,601,31,501+,0.53,0.006595,502,23,501+,1.11,0.25338,0.389875,0,0,0,,0.8947,2023-24
2026-05-11,2026-05-18,22063,Livingston Parish,Louisiana,LA,quiet,0.000912,602,8,501+,0.53,0.00376,742,7,501+,0.64,0.253137,0.253783,0,0,0,,0.933,2021-22
2026-05-11,2026-05-18,37135,Orange County,North Carolina,NC,quiet,0.00091,603,23,501+,0.53,0.007093,484,20,151–500,1.2,0.252724,0.409487,0,0,0,,0.95387454,2022-23
2026-05-11,2026-05-18,20103,Leavenworth County,Kansas,KS,quiet,0.000909,604,5,501+,0.53,0.004931,620,10,501+,0.83,0.252551,0.315535,0,0,0,,0.92,2023-24
2026-05-11,2026-05-18,18163,Vanderburgh County,Indiana,IN,quiet,0.000907,605,11,501+,0.53,0.001831,1209,25,501+,0.31,0.252166,0.131917,0,0,0,,,
2026-05-11,2026-05-18,18019,Clark County,Indiana,IN,quiet,0.000907,606,12,501+,0.53,0.009164,409,6,151–500,1.55,0.252155,0.480589,0,0,0,,,
2026-05-11,2026-05-18,48041,Brazos County,Texas,TX,quiet,0.000907,607,40,501+,0.53,0.0037,747,74,501+,0.63,0.252111,0.250384,0,0,0,,0.9644581,2023-24
2026-05-11,2026-05-18,48407,San Jacinto County,Texas,TX,quiet,0.000907,608,41,501+,0.53,0.003681,749,75,501+,0.62,0.252052,0.249318,0,0,0,,0.95435685,2023-24
2026-05-11,2026-05-18,38021,Dickey County,North Dakota,ND,quiet,0.000906,609,13,501+,0.53,0.002359,1034,17,501+,0.4,0.251828,0.167888,0,0,0,,0.7759,2023-24
2026-05-11,2026-05-18,06009,Calaveras County,California,CA,quiet,0.000904,610,45,501+,0.53,0.004497,660,43,501+,0.76,0.251588,0.293653,0,0,0,,0.93852,2023-24
2026-05-11,2026-05-18,12015,Charlotte County,Florida,FL,quiet,0.000901,611,31,501+,0.53,0.004473,663,31,501+,0.76,0.250861,0.292395,0,0,0,,0.902,2022-23
2026-05-11,2026-05-18,19163,Scott County,Iowa,IA,quiet,0.000889,612,7,501+,0.52,0.002847,902,12,501+,0.48,0.248325,0.199391,0,0,0,,0.89341847,2023-24
2026-05-11,2026-05-18,53075,Whitman County,Washington,WA,quiet,0.000888,613,29,501+,0.52,0.001976,1159,33,501+,0.33,0.248241,0.141995,0,0,0,,0.90294118,2023-24
2026-05-11,2026-05-18,48215,Hidalgo County,Texas,TX,quiet,0.000886,614,42,501+,0.52,0.003812,735,72,501+,0.64,0.247705,0.256724,0,0,0,,0.96740341,2023-24
2026-05-11,2026-05-18,50015,Lamoille County,Vermont,VT,quiet,0.000886,615,2,501+,0.52,0.001876,1198,6,501+,0.32,0.247693,0.135051,0,0,1,61,0.87,2023-24
2026-05-11,2026-05-18,38097,Traill County,North Dakota,ND,quiet,0.000884,616,14,501+,0.52,0.004926,622,10,501+,0.83,0.247255,0.315298,0,0,1,10,0.9659,2023-24
2026-05-11,2026-05-18,48291,Liberty County,Texas,TX,quiet,0.000881,617,43,501+,0.51,0.002672,944,100,501+,0.45,0.246603,0.188305,0,0,0,,0.96466877,2023-24
2026-05-11,2026-05-18,26057,Gratiot County,Michigan,MI,quiet,0.000879,618,32,501+,0.51,0.003507,774,42,501+,0.59,0.246229,0.239279,0,0,0,,0.9157,2023-24
2026-05-11,2026-05-18,28047,Harrison County,Mississippi,MS,quiet,0.000879,619,3,501+,0.51,0.004134,696,2,501+,0.7,0.246155,0.274468,0,0,0,,,
2026-05-11,2026-05-18,26103,Marquette County,Michigan,MI,quiet,0.000878,620,33,501+,0.51,0.008402,428,19,151–500,1.42,0.246022,0.456227,0,0,2,49,0.9097,2023-24
2026-05-11,2026-05-18,06035,Lassen County,California,CA,quiet,0.000877,621,46,501+,0.51,0.003525,772,49,501+,0.6,0.245848,0.240378,0,0,0,,0.95798,2023-24
2026-05-11,2026-05-18,56003,Big Horn County,Wyoming,WY,quiet,0.000877,622,11,501+,0.51,0.004126,697,14,501+,0.7,0.245845,0.273996,0,0,0,,0.89,2022-23
2026-05-11,2026-05-18,49023,Juab County,Utah,UT,quiet,0.000876,623,19,501+,0.51,0.00451,657,19,501+,0.76,0.24571,0.294304,0,0,0,,0.925,2022-23
2026-05-11,2026-05-18,48265,Kerr County,Texas,TX,quiet,0.000875,624,44,501+,0.51,0.004964,618,53,501+,0.84,0.245482,0.317147,0,0,0,,0.93213573,2023-24
2026-05-11,2026-05-18,22089,St. Charles Parish,Louisiana,LA,quiet,0.000874,625,9,501+,0.51,0.002439,1011,12,501+,0.41,0.245288,0.173162,0,0,0,,0.95,2021-22
2026-05-11,2026-05-18,42081,Lycoming County,Pennsylvania,PA,quiet,0.000872,626,26,501+,0.51,0.010033,381,23,151–500,1.7,0.24472,0.506102,0,0,0,,0.96006797,2023-24
2026-05-11,2026-05-18,46019,Butte County,South Dakota,SD,quiet,0.00087,627,5,501+,0.51,0.003994,713,9,501+,0.68,0.244241,0.266842,0,0,4,20,0.96,2023-24
2026-05-11,2026-05-18,31111,Lincoln County,Nebraska,NE,quiet,0.000869,628,5,501+,0.51,0.003197,828,6,501+,0.54,0.244153,0.220925,0,0,0,,,
2026-05-11,2026-05-18,48367,Parker County,Texas,TX,quiet,0.000869,629,45,501+,0.51,0.004954,619,54,501+,0.84,0.244039,0.316651,0,0,0,,0.91765873,2023-24
2026-05-11,2026-05-18,26025,Calhoun County,Michigan,MI,quiet,0.000867,630,34,501+,0.51,0.003179,833,44,501+,0.54,0.243775,0.219862,0,0,0,,0.9065,2023-24
2026-05-11,2026-05-18,34019,Hunterdon County,New Jersey,NJ,quiet,0.000866,631,20,501+,0.51,0.005833,556,17,501+,0.99,0.243564,0.357572,0,0,0,,0.928,2023-24
2026-05-11,2026-05-18,55117,Sheboygan County,Wisconsin,WI,quiet,0.000864,632,8,501+,0.51,0.004899,623,7,501+,0.83,0.243134,0.313948,0,0,0,,0.798,2023-24
2026-05-11,2026-05-18,06011,Colusa County,California,CA,quiet,0.000863,633,47,501+,0.5,0.002696,937,51,501+,0.46,0.242769,0.189823,0,0,0,,0.98337,2023-24
2026-05-11,2026-05-18,19173,Taylor County,Iowa,IA,quiet,0.000862,634,8,501+,0.5,0.0019,1189,15,501+,0.32,0.242649,0.136767,0,0,0,,0.88311688,2023-24
2026-05-11,2026-05-18,06069,San Benito County,California,CA,quiet,0.00086,635,48,501+,0.5,0.002991,869,50,501+,0.51,0.242123,0.208366,0,0,0,,0.98469,2023-24
2026-05-11,2026-05-18,29215,Texas County,Missouri,MO,quiet,0.000857,636,10,501+,0.5,0.002163,1084,24,501+,0.37,0.241459,0.154801,0,0,0,,0.825,2023-24
2026-05-11,2026-05-18,28089,Madison County,Mississippi,MS,quiet,0.000856,637,4,501+,0.5,0.003495,776,5,501+,0.59,0.241438,0.238616,0,0,0,,,
2026-05-11,2026-05-18,08043,Fremont County,Colorado,CO,quiet,0.000855,638,20,501+,0.5,0.003255,811,25,501+,0.55,0.241207,0.224425,0,0,0,,0.8915,2023-24
2026-05-11,2026-05-18,22023,Cameron Parish,Louisiana,LA,quiet,0.000852,639,10,501+,0.5,0.001548,1351,16,501+,0.26,0.240474,0.111893,0,0,0,,0.855,2021-22
2026-05-11,2026-05-18,26067,Ionia County,Michigan,MI,quiet,0.000849,640,35,501+,0.5,0.006457,511,24,501+,1.09,0.23979,0.384228,0,0,0,,0.9028,2023-24
2026-05-11,2026-05-18,47179,Washington County,Tennessee,TN,quiet,0.000847,641,10,501+,0.5,0.006641,500,9,151–500,1.12,0.239489,0.391714,0,0,0,,0.959,2023-24
2026-05-11,2026-05-18,42001,Adams County,Pennsylvania,PA,quiet,0.000846,642,27,501+,0.49,0.010553,370,22,151–500,1.78,0.239136,0.520329,0,0,0,,0.9410609,2023-24
2026-05-11,2026-05-18,31033,Cheyenne County,Nebraska,NE,quiet,0.000843,643,6,501+,0.49,0.003016,865,7,501+,0.51,0.238538,0.209925,0,0,0,,,
2026-05-11,2026-05-18,01103,Morgan County,Alabama,AL,quiet,0.00084,644,6,501+,0.49,0.003065,857,7,501+,0.52,0.23789,0.212901,0,0,0,,0.9342,2022-23
2026-05-11,2026-05-18,16053,Jerome County,Idaho,ID,quiet,0.00084,645,11,501+,0.49,0.002665,946,23,501+,0.45,0.237804,0.187838,0,0,0,,,
2026-05-11,2026-05-18,56009,Converse County,Wyoming,WY,quiet,0.000836,646,12,501+,0.49,0.004182,690,12,501+,0.71,0.237075,0.277012,0,0,0,,0.93,2022-23
2026-05-11,2026-05-18,45085,Sumter County,South Carolina,SC,quiet,0.000834,647,18,501+,0.49,0.006455,512,13,501+,1.09,0.236585,0.384129,0,0,3,24,0.959,2023-24
2026-05-11,2026-05-18,45041,Florence County,South Carolina,SC,quiet,0.000834,648,19,501+,0.49,0.004427,666,18,501+,0.75,0.236557,0.290015,0,0,0,,0.97,2023-24
2026-05-11,2026-05-18,48473,Waller County,Texas,TX,quiet,0.000834,649,46,501+,0.49,0.004001,712,71,501+,0.68,0.236503,0.267229,0,0,0,,0.96069869,2023-24
2026-05-11,2026-05-18,40017,Canadian County,Oklahoma,OK,quiet,0.000829,650,4,501+,0.48,0.006963,490,4,151–500,1.18,0.235516,0.404468,0,0,0,,0.8944,2023-24
2026-05-11,2026-05-18,15007,Kauai County,Hawaii,HI,quiet,0.000829,651,4,501+,0.48,0.003784,738,4,501+,0.64,0.235468,0.255177,0,0,0,,0.8163,2022-23
2026-05-11,2026-05-18,48245,Jefferson County,Texas,TX,quiet,0.000827,652,47,501+,0.48,0.006176,530,40,501+,1.04,0.234989,0.372466,0,0,0,,0.95752655,2023-24
2026-05-11,2026-05-18,42025,Carbon County,Pennsylvania,PA,quiet,0.000826,653,28,501+,0.48,0.008429,426,25,151–500,1.42,0.234844,0.457122,0,0,0,,0.92918455,2023-24
2026-05-11,2026-05-18,48485,Wichita County,Texas,TX,quiet,0.000826,654,48,501+,0.48,0.00511,608,52,501+,0.86,0.234841,0.324233,0,0,0,,0.96604297,2023-24
2026-05-11,2026-05-18,13153,Houston County,Georgia,GA,quiet,0.000821,655,12,501+,0.48,0.005319,594,8,501+,0.9,0.233719,0.33418,0,0,0,,,
2026-05-11,2026-05-18,39099,Mahoning County,Ohio,OH,quiet,0.000819,656,15,501+,0.48,0.001565,1343,47,501+,0.26,0.233321,0.11309,0,0,0,,,
2026-05-11,2026-05-18,48189,Hale County,Texas,TX,quiet,0.000818,657,49,501+,0.48,0.003524,773,79,501+,0.6,0.233,0.240299,0,0,5,57,0.98328691,2023-24
2026-05-11,2026-05-18,24025,Harford County,Maryland,MD,quiet,0.000817,658,14,501+,0.48,0.005749,565,12,501+,0.97,0.232847,0.353848,0,0,0,,0.9965,2023-24
2026-05-11,2026-05-18,40031,Comanche County,Oklahoma,OK,quiet,0.000816,659,5,501+,0.48,0.003819,732,6,501+,0.65,0.23257,0.257114,0,0,0,,0.8773,2023-24
2026-05-11,2026-05-18,27145,Stearns County,Minnesota,MN,quiet,0.000815,660,16,501+,0.48,0.007097,483,9,151–500,1.2,0.232422,0.409643,0,0,0,,0.801,2023-24
2026-05-11,2026-05-18,47001,Anderson County,Tennessee,TN,quiet,0.000814,661,11,501+,0.48,0.004802,634,10,501+,0.81,0.232226,0.309142,0,0,0,,0.963,2023-24
2026-05-11,2026-05-18,29145,Newton County,Missouri,MO,quiet,0.000814,662,11,501+,0.48,0.005023,614,11,501+,0.85,0.232128,0.319995,0,0,0,,0.922,2023-24
2026-05-11,2026-05-18,06031,Kings County,California,CA,quiet,0.000811,663,49,501+,0.47,0.005399,588,40,501+,0.91,0.231643,0.337878,0,0,0,,0.98119,2023-24
2026-05-11,2026-05-18,48221,Hood County,Texas,TX,quiet,0.000809,664,50,501+,0.47,0.004756,640,58,501+,0.8,0.231207,0.306815,0,0,0,,0.90865385,2023-24
2026-05-11,2026-05-18,12085,Martin County,Florida,FL,quiet,0.000807,665,32,501+,0.47,0.001856,1200,41,501+,0.31,0.230689,0.133676,0,0,0,,0.903,2022-23
2026-05-11,2026-05-18,06057,Nevada County,California,CA,quiet,0.000805,666,50,501+,0.47,0.004344,675,44,501+,0.73,0.230138,0.285648,0,0,0,,0.88695,2023-24
2026-05-11,2026-05-18,16021,Boundary County,Idaho,ID,quiet,0.000802,667,12,501+,0.47,0.007309,473,9,151–500,1.24,0.229544,0.41768,0,0,6,27,,
2026-05-11,2026-05-18,06027,Inyo County,California,CA,quiet,0.0008,668,51,501+,0.47,0.007369,471,33,151–500,1.25,0.22906,0.419921,0,0,0,,0.95556,2023-24
2026-05-11,2026-05-18,42119,Union County,Pennsylvania,PA,quiet,0.000799,669,29,501+,0.47,0.004115,699,34,501+,0.7,0.22898,0.273422,0,0,0,,0.91111111,2023-24
2026-05-11,2026-05-18,18001,Adams County,Indiana,IN,quiet,0.000798,670,13,501+,0.47,0.002938,880,13,501+,0.5,0.228635,0.205058,0,0,0,,,
2026-05-11,2026-05-18,42107,Schuylkill County,Pennsylvania,PA,quiet,0.000798,671,30,501+,0.47,0.003561,767,37,501+,0.6,0.228594,0.242456,0,0,0,,0.95269771,2023-24
2026-05-11,2026-05-18,42127,Wayne County,Pennsylvania,PA,quiet,0.000792,672,31,501+,0.46,0.006533,508,28,501+,1.1,0.227341,0.387345,0,0,0,,0.87016575,2023-24
2026-05-11,2026-05-18,28049,Hinds County,Mississippi,MS,quiet,0.000792,673,5,501+,0.46,0.003814,734,4,501+,0.64,0.227285,0.256818,0,0,0,,,
2026-05-11,2026-05-18,27169,Winona County,Minnesota,MN,quiet,0.00079,674,17,501+,0.46,0.005975,544,14,501+,1.01,0.22696,0.363805,0,0,0,,0.913,2023-24
2026-05-11,2026-05-18,37057,Davidson County,North Carolina,NC,quiet,0.000787,675,24,501+,0.46,0.00381,736,29,501+,0.64,0.226174,0.256633,0,0,0,,0.96149675,2022-23
2026-05-11,2026-05-18,39003,Allen County,Ohio,OH,quiet,0.000785,676,16,501+,0.46,0.005261,596,16,501+,0.89,0.225831,0.331428,0,0,1,61,,
2026-05-11,2026-05-18,42129,Westmoreland County,Pennsylvania,PA,quiet,0.000785,677,32,501+,0.46,0.011868,336,19,151–500,2.01,0.225735,0.553306,0,0,0,,0.92406919,2023-24
2026-05-11,2026-05-18,13015,Bartow County,Georgia,GA,quiet,0.000782,678,13,501+,0.46,0.002119,1102,24,501+,0.36,0.225139,0.151811,0,0,0,,,
2026-05-11,2026-05-18,37129,New Hanover County,North Carolina,NC,quiet,0.000782,679,25,501+,0.46,0.002446,1003,41,501+,0.41,0.225002,0.173678,0,0,0,,0.94449584,2022-23
2026-05-11,2026-05-18,26093,Livingston County,Michigan,MI,quiet,0.000779,680,36,501+,0.46,0.004716,644,36,501+,0.8,0.224365,0.304797,0,0,0,,0.8743,2023-24
2026-05-11,2026-05-18,26073,Isabella County,Michigan,MI,quiet,0.000775,681,37,501+,0.45,0.00269,939,47,501+,0.45,0.223473,0.189432,0,0,0,,0.9155,2023-24
2026-05-11,2026-05-18,40131,Rogers County,Oklahoma,OK,quiet,0.000773,682,6,501+,0.45,0.002839,903,9,501+,0.48,0.223098,0.198912,0,0,0,,0.9111,2023-24
2026-05-11,2026-05-18,08105,Rio Grande County,Colorado,CO,quiet,0.00077,683,21,501+,0.45,0.00841,427,18,151–500,1.42,0.222403,0.456492,0,0,0,,0.875,2023-24
2026-05-11,2026-05-18,12061,Indian River County,Florida,FL,quiet,0.000768,684,33,501+,0.45,0.003247,815,34,501+,0.55,0.221849,0.22397,0,0,0,,0.927,2022-23
2026-05-11,2026-05-18,26105,Mason County,Michigan,MI,quiet,0.000765,685,38,501+,0.45,0.00538,590,29,501+,0.91,0.221257,0.337031,0,0,0,,0.8745,2023-24
2026-05-11,2026-05-18,36055,Monroe County,New York,NY,quiet,0.000763,686,19,501+,0.45,0.004057,704,19,501+,0.69,0.220921,0.270257,0,0,0,,0.99669672,2022-23
2026-05-11,2026-05-18,42097,Northumberland County,Pennsylvania,PA,quiet,0.000763,687,33,501+,0.45,0.008282,433,26,151–500,1.4,0.220836,0.452233,0,0,0,,0.9232387,2023-24
2026-05-11,2026-05-18,27131,Rice County,Minnesota,MN,quiet,0.000761,688,18,501+,0.45,0.003628,757,18,501+,0.61,0.220464,0.246286,0,0,0,,0.85,2023-24
2026-05-11,2026-05-18,24035,Queen Anne's County,Maryland,MD,quiet,0.000761,689,15,501+,0.44,0.00131,1482,18,501+,0.22,0.22042,0.094595,0,0,0,,0.9953,2023-24
2026-05-11,2026-05-18,40047,Garfield County,Oklahoma,OK,quiet,0.000753,690,7,501+,0.44,0.003354,802,7,501+,0.57,0.218656,0.230334,0,0,0,,0.9557,2023-24
2026-05-11,2026-05-18,48369,Parmer County,Texas,TX,quiet,0.00075,691,51,501+,0.44,0.004876,626,55,501+,0.82,0.217866,0.312807,0,0,5,53,0.95035461,2023-24
2026-05-11,2026-05-18,42103,Pike County,Pennsylvania,PA,quiet,0.00075,692,34,501+,0.44,0.003579,765,36,501+,0.6,0.217809,0.2435,0,0,0,,0.86820084,2023-24
2026-05-11,2026-05-18,56019,Johnson County,Wyoming,WY,quiet,0.000749,693,13,501+,0.44,0.003465,786,16,501+,0.59,0.21768,0.236871,0,0,0,,0.96,2022-23
2026-05-11,2026-05-18,17119,Madison County,Illinois,IL,quiet,0.000748,694,13,501+,0.44,0.004895,624,12,501+,0.83,0.217399,0.313748,0,0,0,,,
2026-05-11,2026-05-18,28059,Jackson County,Mississippi,MS,quiet,0.000745,695,6,501+,0.44,0.003994,714,3,501+,0.67,0.216729,0.266819,0,0,0,,,
2026-05-11,2026-05-18,51177,Spotsylvania County,Virginia,VA,quiet,0.000743,696,14,501+,0.43,0.003145,840,17,501+,0.53,0.216386,0.217783,0,0,0,,0.892,2023-24
2026-05-11,2026-05-18,20015,Butler County,Kansas,KS,quiet,0.000741,697,6,501+,0.43,0.001951,1167,22,501+,0.33,0.215772,0.140294,0,0,0,,0.88,2023-24
2026-05-11,2026-05-18,37045,Cleveland County,North Carolina,NC,quiet,0.000739,698,26,501+,0.43,0.006221,526,21,501+,1.05,0.215371,0.374384,0,0,0,,0.94704325,2022-23
2026-05-11,2026-05-18,55087,Outagamie County,Wisconsin,WI,quiet,0.000737,699,9,501+,0.43,0.005842,555,6,501+,0.99,0.214988,0.35798,0,0,0,,0.787,2023-24
2026-05-11,2026-05-18,08125,Yuma County,Colorado,CO,quiet,0.000735,700,22,501+,0.43,0.002107,1108,31,501+,0.36,0.214332,0.15095,0,0,0,,0.9435,2023-24
2026-05-11,2026-05-18,29097,Jasper County,Missouri,MO,quiet,0.000733,701,12,501+,0.43,0.003945,722,13,501+,0.67,0.214082,0.26411,0,0,0,,0.915,2023-24
2026-05-11,2026-05-18,45001,Abbeville County,South Carolina,SC,quiet,0.000733,702,20,501+,0.43,0.003174,834,19,501+,0.54,0.214007,0.21957,0,0,0,,0.936,2023-24
2026-05-11,2026-05-18,16045,Gem County,Idaho,ID,quiet,0.000729,703,13,501+,0.43,0.00363,755,19,501+,0.61,0.213032,0.246428,0,0,0,,,
2026-05-11,2026-05-18,51067,Franklin County,Virginia,VA,quiet,0.000729,704,15,501+,0.43,0.004288,681,14,501+,0.72,0.213003,0.282669,0,0,0,,0.924,2023-24
2026-05-11,2026-05-18,16031,Cassia County,Idaho,ID,quiet,0.000727,705,14,501+,0.42,0.002921,884,21,501+,0.49,0.212607,0.204052,0,0,0,,,
2026-05-11,2026-05-18,17037,DeKalb County,Illinois,IL,quiet,0.000726,706,14,501+,0.42,0.007894,451,9,151–500,1.33,0.212287,0.438887,0,0,0,,,
2026-05-11,2026-05-18,48459,Upshur County,Texas,TX,quiet,0.000724,707,52,501+,0.42,0.006315,517,39,501+,1.07,0.211833,0.378317,0,0,5,54,0.93303571,2023-24
2026-05-11,2026-05-18,51165,Rockingham County,Virginia,VA,quiet,0.000723,708,16,501+,0.42,0.003664,751,16,501+,0.62,0.211715,0.24833,0,0,0,,0.907,2023-24
2026-05-11,2026-05-18,05085,Lonoke County,Arkansas,AR,quiet,0.000723,709,6,501+,0.42,0.001979,1155,9,501+,0.33,0.211595,0.142245,0,0,0,,,
2026-05-11,2026-05-18,39057,Greene County,Ohio,OH,quiet,0.000722,710,17,501+,0.42,0.003132,842,27,501+,0.53,0.211537,0.216983,0,0,0,,,
2026-05-11,2026-05-18,53009,Clallam County,Washington,WA,quiet,0.000722,711,30,501+,0.42,0.004993,616,28,501+,0.84,0.211365,0.318574,0,0,0,,0.82758621,2023-24
2026-05-11,2026-05-18,55021,Columbia County,Wisconsin,WI,quiet,0.000719,712,10,501+,0.42,0.00487,628,8,501+,0.82,0.210744,0.312529,0,0,0,,0.767,2023-24
2026-05-11,2026-05-18,41061,Union County,Oregon,OR,quiet,0.000719,713,18,501+,0.42,0.003386,799,20,501+,0.57,0.210642,0.232208,0,0,0,,0.898,2023-24
2026-05-11,2026-05-18,13063,Clayton County,Georgia,GA,quiet,0.000718,714,14,501+,0.42,0.00342,793,16,501+,0.58,0.210489,0.234211,0,0,0,,,
2026-05-11,2026-05-18,16081,Teton County,Idaho,ID,quiet,0.000716,715,15,501+,0.42,0.004802,633,16,501+,0.81,0.21008,0.309142,0,0,0,,,
2026-05-11,2026-05-18,30093,Silver Bow County,Montana,MT,quiet,0.000712,716,10,501+,0.42,0.006267,522,8,501+,1.06,0.209211,0.376331,0,0,0,,,
2026-05-11,2026-05-18,48379,Rains County,Texas,TX,quiet,0.000707,717,53,501+,0.41,0.003339,804,83,501+,0.56,0.207986,0.229431,0,0,1,36,0.90384615,2023-24
2026-05-11,2026-05-18,17163,St. Clair County,Illinois,IL,quiet,0.000705,718,15,501+,0.41,0.002221,1064,22,501+,0.38,0.207468,0.158724,0,0,0,,,
2026-05-11,2026-05-18,55005,Barron County,Wisconsin,WI,quiet,0.000701,719,11,501+,0.41,0.002215,1069,29,501+,0.37,0.20647,0.158271,0,0,0,,0.684,2023-24
2026-05-11,2026-05-18,51550,Chesapeake City,Virginia,VA,quiet,0.000694,720,17,501+,0.41,0.002286,1049,23,501+,0.39,0.204905,0.163073,0,0,0,,0.911,2023-24
2026-05-11,2026-05-18,36065,Oneida County,New York,NY,quiet,0.000692,721,20,501+,0.4,0.005617,572,16,501+,0.95,0.204384,0.347914,0,0,0,,0.89875701,2022-23
2026-05-11,2026-05-18,39007,Ashtabula County,Ohio,OH,quiet,0.00069,722,18,501+,0.4,0.008883,415,9,151–500,1.5,0.203864,0.47183,0,0,16,57,,
2026-05-11,2026-05-18,32017,Lincoln County,Nevada,NV,quiet,0.000689,723,12,501+,0.4,0.005862,551,8,501+,0.99,0.2037,0.358889,0,0,0,,0.96,2022-23
2026-05-11,2026-05-18,20081,Haskell County,Kansas,KS,quiet,0.000682,724,7,501+,0.4,0.006972,488,5,151–500,1.18,0.202026,0.404815,0,0,19,44,0.58,2023-24
2026-05-11,2026-05-18,42085,Mercer County,Pennsylvania,PA,quiet,0.000681,725,35,501+,0.4,0.002695,938,41,501+,0.46,0.2017,0.189789,0,0,0,,0.93416031,2023-24
2026-05-11,2026-05-18,22109,Terrebonne Parish,Louisiana,LA,quiet,0.00068,726,11,501+,0.4,0.001365,1446,19,501+,0.23,0.201489,0.098636,0,0,0,,0.911,2021-22
2026-05-11,2026-05-18,01101,Montgomery County,Alabama,AL,quiet,0.000679,727,7,501+,0.4,0.002218,1068,11,501+,0.37,0.201359,0.158498,0,0,0,,0.9263,2022-23
2026-05-11,2026-05-18,48071,Chambers County,Texas,TX,quiet,0.000679,728,54,501+,0.4,0.002724,930,97,501+,0.46,0.201348,0.19161,0,0,0,,0.94293478,2023-24
2026-05-11,2026-05-18,39097,Madison County,Ohio,OH,quiet,0.000676,729,19,501+,0.4,0.00313,843,28,501+,0.53,0.200679,0.216913,0,0,0,,,
2026-05-11,2026-05-18,26145,Saginaw County,Michigan,MI,quiet,0.000676,730,39,501+,0.39,0.001534,1356,56,501+,0.26,0.200564,0.110879,0,0,0,,0.9305,2023-24
2026-05-11,2026-05-18,41011,Coos County,Oregon,OR,quiet,0.000675,731,19,501+,0.39,0.003583,763,19,501+,0.61,0.200472,0.24369,0,0,0,,0.913,2023-24
2026-05-11,2026-05-18,29169,Pulaski County,Missouri,MO,quiet,0.000675,732,13,501+,0.39,0.002414,1019,21,501+,0.41,0.200295,0.171564,0,0,0,,0.92,2023-24
2026-05-11,2026-05-18,37085,Harnett County,North Carolina,NC,quiet,0.000672,733,27,501+,0.39,0.005386,589,23,501+,0.91,0.199712,0.337287,0,0,0,,0.92931776,2022-23
2026-05-11,2026-05-18,36001,Albany County,New York,NY,quiet,0.000671,734,21,501+,0.39,0.002986,870,24,501+,0.5,0.19952,0.208045,0,0,0,,0.99575221,2022-23
2026-05-11,2026-05-18,29051,Cole County,Missouri,MO,quiet,0.000669,735,14,501+,0.39,0.001396,1420,40,501+,0.24,0.198848,0.100891,0,0,0,,0.94,2023-24
2026-05-11,2026-05-18,56027,Niobrara County,Wyoming,WY,quiet,0.000667,736,14,501+,0.39,0.007884,453,7,151–500,1.33,0.198582,0.438518,0,0,1,44,0.57,2022-23
2026-05-11,2026-05-18,24047,Worcester County,Maryland,MD,quiet,0.000665,737,16,501+,0.39,0.003223,824,15,501+,0.54,0.197977,0.222487,0,0,0,,0.998,2023-24
2026-05-11,2026-05-18,48309,McLennan County,Texas,TX,quiet,0.000662,738,55,501+,0.39,0.007273,474,34,151–500,1.23,0.197314,0.416322,0,0,9,47,0.9652813,2023-24
2026-05-11,2026-05-18,13139,Hall County,Georgia,GA,quiet,0.000661,739,15,501+,0.39,0.003479,782,14,501+,0.59,0.197125,0.237667,0,0,0,,,
2026-05-11,2026-05-18,37159,Rowan County,North Carolina,NC,quiet,0.000661,740,28,501+,0.39,0.005811,558,22,501+,0.98,0.197042,0.356629,0,0,0,,0.89403085,2022-23
2026-05-11,2026-05-18,18087,LaGrange County,Indiana,IN,quiet,0.000659,741,14,501+,0.39,0.00782,455,9,151–500,1.32,0.196559,0.436279,0,0,0,,,
2026-05-11,2026-05-18,17167,Sangamon County,Illinois,IL,quiet,0.000658,742,16,501+,0.38,0.00765,461,10,151–500,1.29,0.196345,0.430191,0,0,0,,,
2026-05-11,2026-05-18,48251,Johnson County,Texas,TX,quiet,0.000657,743,56,501+,0.38,0.003238,817,84,501+,0.55,0.196083,0.223429,0,0,0,,0.93745233,2023-24
2026-05-11,2026-05-18,39155,Trumbull County,Ohio,OH,quiet,0.000656,744,20,501+,0.38,0.002016,1144,39,501+,0.34,0.195803,0.144738,0,0,0,,,
2026-05-11,2026-05-18,27137,St. Louis County,Minnesota,MN,quiet,0.000653,745,19,501+,0.38,0.005552,578,15,501+,0.94,0.195209,0.344933,0,0,0,,0.895,2023-24
2026-05-11,2026-05-18,19057,Des Moines County,Iowa,IA,quiet,0.000653,746,9,501+,0.38,0.003347,803,6,501+,0.57,0.195094,0.229926,0,0,0,,0.8895966,2023-24
2026-05-11,2026-05-18,08085,Montrose County,Colorado,CO,quiet,0.000649,747,23,501+,0.38,0.0034,796,23,501+,0.57,0.194124,0.233038,0,0,0,,0.8802,2023-24
2026-05-11,2026-05-18,13113,Fayette County,Georgia,GA,quiet,0.000647,748,16,501+,0.38,0.003437,790,15,501+,0.58,0.193695,0.235204,0,0,0,,,
2026-05-11,2026-05-18,31019,Buffalo County,Nebraska,NE,quiet,0.000646,749,7,501+,0.38,0.002903,886,8,501+,0.49,0.193319,0.202918,0,0,0,,,
2026-05-11,2026-05-18,50027,Windsor County,Vermont,VT,quiet,0.000644,750,3,501+,0.38,0.003806,737,3,501+,0.64,0.192851,0.256394,0,0,0,,0.93,2023-24
2026-05-11,2026-05-18,48171,Gillespie County,Texas,TX,quiet,0.000642,751,57,501+,0.38,0.002126,1101,117,501+,0.36,0.192512,0.15228,0,0,0,,0.94214876,2023-24
2026-05-11,2026-05-18,01009,Blount County,Alabama,AL,quiet,0.000638,752,8,501+,0.37,0.002573,966,9,501+,0.43,0.191419,0.18194,0,0,0,,0.97,2022-23
2026-05-11,2026-05-18,20155,Reno County,Kansas,KS,quiet,0.000637,753,8,501+,0.37,0.005676,567,8,501+,0.96,0.191238,0.350591,0,0,0,,0.89,2023-24
2026-05-11,2026-05-18,13077,Coweta County,Georgia,GA,quiet,0.000637,754,17,501+,0.37,0.003841,730,12,501+,0.65,0.191135,0.258355,0,0,0,,,
2026-05-11,2026-05-18,16025,Camas County,Idaho,ID,quiet,0.000636,755,16,501+,0.37,0.001584,1330,34,501+,0.27,0.191022,0.114482,0,0,0,,,
2026-05-11,2026-05-18,22105,Tangipahoa Parish,Louisiana,LA,quiet,0.000636,756,12,501+,0.37,0.002446,1004,11,501+,0.41,0.190895,0.173648,0,0,0,,0.956,2021-22
2026-05-11,2026-05-18,17099,LaSalle County,Illinois,IL,quiet,0.000634,757,17,501+,0.37,0.003268,810,17,501+,0.55,0.190597,0.225224,0,0,0,,,
2026-05-11,2026-05-18,39143,Sandusky County,Ohio,OH,quiet,0.000633,758,21,501+,0.37,0.003867,728,22,501+,0.65,0.190276,0.259829,0,0,0,,,
2026-05-11,2026-05-18,01125,Tuscaloosa County,Alabama,AL,quiet,0.000633,759,9,501+,0.37,0.00478,637,6,501+,0.81,0.190189,0.308023,0,0,0,,0.9273,2022-23
2026-05-11,2026-05-18,38055,McLean County,North Dakota,ND,quiet,0.000632,760,15,501+,0.37,0.001663,1295,24,501+,0.28,0.190073,0.120079,0,0,0,,0.8679,2023-24
2026-05-11,2026-05-18,51760,Richmond City,Virginia,VA,quiet,0.000632,761,18,501+,0.37,0.003963,718,15,501+,0.67,0.190051,0.265139,0,0,0,,0.898,2023-24
2026-05-11,2026-05-18,48479,Webb County,Texas,TX,quiet,0.00063,762,58,501+,0.37,0.002618,955,102,501+,0.44,0.189628,0.184857,0,0,0,,0.9913508,2023-24
2026-05-11,2026-05-18,48295,Lipscomb County,Texas,TX,quiet,0.00063,763,59,501+,0.37,0.00365,752,76,501+,0.62,0.189493,0.247561,0,0,0,,0.88636364,2023-24
2026-05-11,2026-05-18,48053,Burnet County,Texas,TX,quiet,0.000628,764,60,501+,0.37,0.002589,961,104,501+,0.44,0.189095,0.182965,0,0,0,,0.9137931,2023-24
2026-05-11,2026-05-18,19045,Clinton County,Iowa,IA,quiet,0.000623,765,10,501+,0.36,0.003056,858,9,501+,0.52,0.187772,0.212356,0,0,0,,0.85551948,2023-24
2026-05-11,2026-05-18,29143,New Madrid County,Missouri,MO,quiet,0.000623,766,15,501+,0.36,0.005052,609,10,501+,0.85,0.187737,0.32143,0,0,1,53,0.982,2023-24
2026-05-11,2026-05-18,50023,Washington County,Vermont,VT,quiet,0.000621,767,4,501+,0.36,0.004418,668,2,501+,0.75,0.187277,0.289536,0,0,1,13,0.9,2023-24
2026-05-11,2026-05-18,16013,Blaine County,Idaho,ID,quiet,0.000621,768,17,501+,0.36,0.005755,564,13,501+,0.97,0.187224,0.354103,0,0,0,,,
2026-05-11,2026-05-18,47155,Sevier County,Tennessee,TN,quiet,0.00062,769,12,501+,0.36,0.002874,896,16,501+,0.49,0.187127,0.201103,0,0,0,,0.942,2023-24
2026-05-11,2026-05-18,27061,Itasca County,Minnesota,MN,quiet,0.000619,770,20,501+,0.36,0.008474,424,8,151–500,1.43,0.186734,0.458635,0,0,0,,0.869,2023-24
2026-05-11,2026-05-18,36045,Jefferson County,New York,NY,quiet,0.000618,771,22,501+,0.36,0.003456,788,22,501+,0.58,0.18667,0.2363,0,0,0,,0.99811321,2022-23
2026-05-11,2026-05-18,42007,Beaver County,Pennsylvania,PA,quiet,0.000618,772,36,501+,0.36,0.002788,913,39,501+,0.47,0.186574,0.195685,0,0,0,,0.91075157,2023-24
2026-05-11,2026-05-18,19061,Dubuque County,Iowa,IA,quiet,0.000618,773,11,501+,0.36,0.003085,853,8,501+,0.52,0.186564,0.214167,0,0,0,,0.8920033,2023-24
2026-05-11,2026-05-18,26157,Tuscola County,Michigan,MI,quiet,0.000617,774,40,501+,0.36,0.005576,576,28,501+,0.94,0.186424,0.346067,0,0,0,,0.8941,2023-24
2026-05-11,2026-05-18,55035,Eau Claire County,Wisconsin,WI,quiet,0.000616,775,12,501+,0.36,0.004688,646,10,501+,0.79,0.186012,0.303412,0,0,0,,0.746,2023-24
2026-05-11,2026-05-18,27009,Benton County,Minnesota,MN,quiet,0.000615,776,21,501+,0.36,0.00202,1141,35,501+,0.34,0.185875,0.145003,0,0,0,,0.915,2023-24
2026-05-11,2026-05-18,51700,Newport News City,Virginia,VA,quiet,0.000614,777,19,501+,0.36,0.005004,615,12,501+,0.85,0.18554,0.319117,0,0,0,,0.825,2023-24
2026-05-11,2026-05-18,16065,Madison County,Idaho,ID,quiet,0.000612,778,18,501+,0.36,0.005964,545,12,501+,1.01,0.185203,0.363344,0,0,3,18,,
2026-05-11,2026-05-18,51600,Fairfax City,Virginia,VA,quiet,0.000612,779,20,501+,0.36,0.001798,1227,29,501+,0.3,0.185127,0.129628,0,0,0,,0.822,2022-23
2026-05-11,2026-05-18,39133,Portage County,Ohio,OH,quiet,0.000612,780,22,501+,0.36,0.002607,959,31,501+,0.44,0.185084,0.184134,0,0,0,,,
2026-05-11,2026-05-18,39051,Fulton County,Ohio,OH,quiet,0.000611,781,23,501+,0.36,0.002341,1040,35,501+,0.4,0.184846,0.166708,0,0,0,,,
2026-05-11,2026-05-18,08109,Saguache County,Colorado,CO,quiet,0.000609,782,24,501+,0.36,0.006188,528,20,501+,1.05,0.184332,0.372981,0,0,1,6,0.9589,2023-24
2026-05-11,2026-05-18,27141,Sherburne County,Minnesota,MN,quiet,0.000605,783,22,501+,0.35,0.003484,781,19,501+,0.59,0.183443,0.237976,0,0,0,,0.861,2023-24
2026-05-11,2026-05-18,09160,Northwest Hills Planning Region,Connecticut,CT,quiet,0.000605,784,7,501+,0.35,0.002914,885,7,501+,0.49,0.183248,0.203607,0,0,0,,,
2026-05-11,2026-05-18,22017,Caddo Parish,Louisiana,LA,quiet,0.000602,785,13,501+,0.35,0.002852,900,9,501+,0.48,0.182654,0.199735,0,0,0,,0.934,2021-22
2026-05-11,2026-05-18,27019,Carver County,Minnesota,MN,quiet,0.000602,786,23,501+,0.35,0.002743,924,25,501+,0.46,0.182547,0.192848,0,0,0,,0.902,2023-24
2026-05-11,2026-05-18,12089,Nassau County,Florida,FL,quiet,0.000598,787,34,501+,0.35,0.004775,638,30,501+,0.81,0.181714,0.3078,0,0,0,,0.898,2022-23
2026-05-11,2026-05-18,42067,Juniata County,Pennsylvania,PA,quiet,0.000595,788,37,501+,0.35,0.004507,658,33,501+,0.76,0.180846,0.294151,0,0,0,,0.87692308,2023-24
2026-05-11,2026-05-18,08049,Grand County,Colorado,CO,quiet,0.000593,789,25,501+,0.35,0.003468,785,22,501+,0.59,0.180452,0.237037,0,0,0,,0.8,2023-24
2026-05-11,2026-05-18,37027,Caldwell County,North Carolina,NC,quiet,0.00059,790,29,501+,0.34,0.004024,710,27,501+,0.68,0.179504,0.268494,0,0,0,,0.95588235,2022-23
2026-05-11,2026-05-18,51800,Suffolk City,Virginia,VA,quiet,0.000588,791,21,501+,0.34,0.002703,936,22,501+,0.46,0.179152,0.190305,0,0,0,,0.925,2023-24
2026-05-11,2026-05-18,39075,Holmes County,Ohio,OH,quiet,0.000587,792,24,501+,0.34,0.001575,1335,45,501+,0.27,0.178935,0.113798,0,0,1,58,,
2026-05-11,2026-05-18,24041,Talbot County,Maryland,MD,quiet,0.000587,793,17,501+,0.34,0.003307,807,14,501+,0.56,0.178745,0.227563,0,0,0,,1.0,2023-24
2026-05-11,2026-05-18,49015,Emery County,Utah,UT,quiet,0.000583,794,20,501+,0.34,0.003619,758,22,501+,0.61,0.177948,0.245799,0,0,0,,0.949,2022-23
2026-05-11,2026-05-18,47105,Loudon County,Tennessee,TN,quiet,0.000582,795,13,501+,0.34,0.004181,691,11,501+,0.71,0.177472,0.277005,0,0,0,,0.951,2023-24
2026-05-11,2026-05-18,42051,Fayette County,Pennsylvania,PA,quiet,0.000581,796,38,501+,0.34,0.002896,891,38,501+,0.49,0.177251,0.202482,0,0,0,,0.93301435,2023-24
2026-05-11,2026-05-18,48195,Hansford County,Texas,TX,quiet,0.000578,797,61,501+,0.34,0.004078,701,67,501+,0.69,0.176624,0.271396,0,0,0,,0.97368421,2023-24
2026-05-11,2026-05-18,39083,Knox County,Ohio,OH,quiet,0.000577,798,25,501+,0.34,0.002933,881,29,501+,0.5,0.17628,0.204794,0,0,14,57,,
2026-05-11,2026-05-18,34011,Cumberland County,New Jersey,NJ,quiet,0.000573,799,21,501+,0.34,0.004407,669,19,501+,0.74,0.175424,0.288967,0,0,0,,0.933,2023-24
2026-05-11,2026-05-18,51630,Fredericksburg City,Virginia,VA,quiet,0.000573,800,22,501+,0.33,0.002055,1127,24,501+,0.35,0.175333,0.147447,0,0,0,,0.954,2023-24
2026-05-11,2026-05-18,41027,Hood River County,Oregon,OR,quiet,0.00057,801,20,501+,0.33,0.001275,1500,29,501+,0.22,0.174617,0.092061,0,0,0,,0.893,2023-24
2026-05-11,2026-05-18,08075,Logan County,Colorado,CO,quiet,0.00057,802,26,501+,0.33,0.001593,1328,37,501+,0.27,0.174585,0.11512,0,0,0,,0.9426,2023-24
2026-05-11,2026-05-18,48445,Terry County,Texas,TX,quiet,0.00057,803,62,501+,0.33,0.014921,282,20,151–500,2.52,0.174501,0.616115,0,0,60,53,0.95522388,2023-24
2026-05-11,2026-05-18,36043,Herkimer County,New York,NY,quiet,0.00057,804,23,501+,0.33,0.001631,1308,34,501+,0.28,0.174458,0.117785,0,0,0,,0.99233333,2022-23
2026-05-11,2026-05-18,27049,Goodhue County,Minnesota,MN,quiet,0.00057,805,24,501+,0.33,0.003196,829,21,501+,0.54,0.174444,0.220907,0,0,0,,0.918,2023-24
2026-05-11,2026-05-18,26085,Lake County,Michigan,MI,quiet,0.000566,806,41,501+,0.33,0.000775,1940,65,501+,0.13,0.173545,0.054919,0,0,0,,0.8667,2022-23
2026-05-11,2026-05-18,56035,Sublette County,Wyoming,WY,quiet,0.000561,807,15,501+,0.33,0.002811,910,18,501+,0.48,0.172343,0.19713,0,0,0,,0.92,2022-23
2026-05-11,2026-05-18,20185,Stafford County,Kansas,KS,quiet,0.000561,808,9,501+,0.33,0.001519,1361,29,501+,0.26,0.172176,0.109754,0,0,0,,0.81,2023-24
2026-05-11,2026-05-18,39109,Miami County,Ohio,OH,quiet,0.000557,809,26,501+,0.33,0.002135,1099,37,501+,0.36,0.171216,0.152893,0,0,0,,,
2026-05-11,2026-05-18,37089,Henderson County,North Carolina,NC,quiet,0.000557,810,30,501+,0.33,0.003103,850,36,501+,0.52,0.171178,0.21527,0,0,0,,0.91552063,2022-23
2026-05-11,2026-05-18,37037,Chatham County,North Carolina,NC,quiet,0.000551,811,31,501+,0.32,0.003135,841,34,501+,0.53,0.169831,0.217214,0,0,0,,0.96085859,2022-23
2026-05-11,2026-05-18,12055,Highlands County,Florida,FL,quiet,0.00055,812,35,501+,0.32,0.001445,1393,49,501+,0.24,0.169408,0.104459,0,0,0,,0.896,2022-23
2026-05-11,2026-05-18,47189,Wilson County,Tennessee,TN,quiet,0.000549,813,14,501+,0.32,0.002609,958,18,501+,0.44,0.169299,0.184274,0,0,0,,0.948,2023-24
2026-05-11,2026-05-18,51095,James City County,Virginia,VA,quiet,0.000549,814,23,501+,0.32,0.002817,909,20,501+,0.48,0.169125,0.197509,0,0,0,,0.882,2023-24
2026-05-11,2026-05-18,26061,Houghton County,Michigan,MI,quiet,0.000548,815,42,501+,0.32,0.002355,1037,50,501+,0.4,0.168991,0.167641,0,0,0,,0.8453,2023-24
2026-05-11,2026-05-18,20069,Gray County,Kansas,KS,quiet,0.000548,816,10,501+,0.32,0.005573,577,9,501+,0.94,0.168951,0.345909,0,0,29,43,0.66,2023-24
2026-05-11,2026-05-18,37127,Nash County,North Carolina,NC,quiet,0.000548,817,32,501+,0.32,0.007638,462,17,151–500,1.29,0.168858,0.429768,0,0,1,15,0.9031171,2022-23
2026-05-11,2026-05-18,55139,Winnebago County,Wisconsin,WI,quiet,0.000547,818,13,501+,0.32,0.002418,1016,23,501+,0.41,0.168676,0.171777,0,0,0,,0.778,2023-24
2026-05-11,2026-05-18,26155,Shiawassee County,Michigan,MI,quiet,0.000543,819,43,501+,0.32,0.003535,771,41,501+,0.6,0.167716,0.24093,0,0,0,,0.9142,2023-24
2026-05-11,2026-05-18,56043,Washakie County,Wyoming,WY,quiet,0.00054,820,16,501+,0.32,0.002413,1020,20,501+,0.41,0.166762,0.171471,0,0,0,,0.9,2022-23
2026-05-11,2026-05-18,37023,Burke County,North Carolina,NC,quiet,0.000538,821,33,501+,0.31,0.003024,863,38,501+,0.51,0.166381,0.210405,0,0,1,10,0.94313305,2022-23
2026-05-11,2026-05-18,16049,Idaho County,Idaho,ID,quiet,0.000538,822,19,501+,0.31,0.00542,586,14,501+,0.92,0.166378,0.338878,0,0,0,,,
2026-05-11,2026-05-18,13127,Glynn County,Georgia,GA,quiet,0.000536,823,18,501+,0.31,0.003235,821,18,501+,0.55,0.165851,0.223204,0,0,0,,,
2026-05-11,2026-05-18,56017,Hot Springs County,Wyoming,WY,quiet,0.000535,824,17,501+,0.31,0.003668,750,15,501+,0.62,0.165492,0.248562,0,0,0,,0.95,2022-23
2026-05-11,2026-05-18,18157,Tippecanoe County,Indiana,IN,quiet,0.000534,825,15,501+,0.31,0.00205,1131,22,501+,0.35,0.165345,0.147058,0,0,0,,,
2026-05-11,2026-05-18,31053,Dodge County,Nebraska,NE,quiet,0.000534,826,8,501+,0.31,0.001423,1407,18,501+,0.24,0.165316,0.102828,0,0,0,,,
2026-05-11,2026-05-18,35061,Valencia County,New Mexico,NM,quiet,0.000532,827,9,501+,0.31,0.003197,827,13,501+,0.54,0.164887,0.220943,0,0,0,,,
2026-05-11,2026-05-18,19155,Pottawattamie County,Iowa,IA,quiet,0.000532,828,12,501+,0.31,0.003233,822,7,501+,0.55,0.164872,0.223138,0,0,0,,0.8989899,2023-24
2026-05-11,2026-05-18,12043,Glades County,Florida,FL,quiet,0.00053,829,36,501+,0.31,0.002115,1105,39,501+,0.36,0.164289,0.151541,0,0,0,,0.986,2022-23
2026-05-11,2026-05-18,54061,Monongalia County,West Virginia,WV,quiet,0.00053,830,3,501+,0.31,0.001515,1362,6,501+,0.26,0.164263,0.109504,0,0,0,,,
2026-05-11,2026-05-18,51003,Albemarle County,Virginia,VA,quiet,0.00053,831,24,501+,0.31,0.002819,906,19,501+,0.48,0.16422,0.197663,0,0,0,,0.909,2023-24
2026-05-11,2026-05-18,48493,Wilson County,Texas,TX,quiet,0.000529,832,63,501+,0.31,0.00293,883,93,501+,0.5,0.163955,0.204573,0,0,0,,0.97171381,2023-24
2026-05-11,2026-05-18,22075,Plaquemines Parish,Louisiana,LA,quiet,0.000527,833,14,501+,0.31,0.001527,1358,17,501+,0.26,0.163477,0.110337,0,0,0,,0.976,2021-22
2026-05-11,2026-05-18,49029,Morgan County,Utah,UT,quiet,0.000526,834,21,501+,0.31,0.002252,1055,23,501+,0.38,0.163369,0.160752,0,0,0,,0.949,2022-23
2026-05-11,2026-05-18,27013,Blue Earth County,Minnesota,MN,quiet,0.000526,835,25,501+,0.31,0.004497,659,16,501+,0.76,0.163148,0.293664,0,0,0,,0.91,2023-24
2026-05-11,2026-05-18,08029,Delta County,Colorado,CO,quiet,0.000524,836,27,501+,0.31,0.002155,1088,30,501+,0.36,0.16281,0.154249,0,0,0,,0.8021,2023-24
2026-05-11,2026-05-18,48099,Coryell County,Texas,TX,quiet,0.000524,837,64,501+,0.31,0.002865,898,94,501+,0.48,0.162792,0.200516,0,0,0,,0.95212766,2023-24
2026-05-11,2026-05-18,28109,Pearl River County,Mississippi,MS,quiet,0.000523,838,7,501+,0.31,0.0025,985,7,501+,0.42,0.162589,0.177213,0,0,0,,,
2026-05-11,2026-05-18,06105,Trinity County,California,CA,quiet,0.000519,839,52,501+,0.3,0.001338,1466,55,501+,0.23,0.161376,0.096665,0,0,0,,0.87586,2023-24
2026-05-11,2026-05-18,48465,Val Verde County,Texas,TX,quiet,0.000516,840,65,501+,0.3,0.004723,643,59,501+,0.8,0.160677,0.3052,0,0,0,,0.92659054,2023-24
2026-05-11,2026-05-18,48183,Gregg County,Texas,TX,quiet,0.000515,841,66,501+,0.3,0.003237,818,85,501+,0.55,0.160482,0.223324,0,0,0,,0.94589552,2023-24
2026-05-11,2026-05-18,51149,Prince George County,Virginia,VA,quiet,0.000513,842,25,501+,0.3,0.002804,911,21,501+,0.47,0.159969,0.196696,0,0,0,,0.914,2023-24
2026-05-11,2026-05-18,29167,Polk County,Missouri,MO,quiet,0.000511,843,16,501+,0.3,0.001227,1527,44,501+,0.21,0.15937,0.088547,0,0,0,,0.906,2023-24
2026-05-11,2026-05-18,39063,Hancock County,Ohio,OH,quiet,0.00051,844,27,501+,0.3,0.002481,991,33,501+,0.42,0.159161,0.175954,0,0,0,,,
2026-05-11,2026-05-18,08087,Morgan County,Colorado,CO,quiet,0.000508,845,28,501+,0.3,0.001678,1282,36,501+,0.28,0.158415,0.12117,0,0,0,,0.9268,2023-24
2026-05-11,2026-05-18,47187,Williamson County,Tennessee,TN,quiet,0.000507,846,15,501+,0.3,0.003688,748,13,501+,0.62,0.158213,0.249737,0,0,0,,0.927,2023-24
2026-05-11,2026-05-18,37069,Franklin County,North Carolina,NC,quiet,0.000505,847,34,501+,0.3,0.003817,733,28,501+,0.65,0.157822,0.257012,0,0,0,,0.94354839,2022-23
2026-05-11,2026-05-18,48423,Smith County,Texas,TX,quiet,0.000505,848,67,501+,0.3,0.004808,631,56,501+,0.81,0.157764,0.309419,0,0,0,,0.93259592,2023-24
2026-05-11,2026-05-18,49025,Kane County,Utah,UT,quiet,0.000505,849,22,501+,0.3,0.003973,717,21,501+,0.67,0.157668,0.265664,0,0,0,,0.88,2022-23
2026-05-11,2026-05-18,20209,Wyandotte County,Kansas,KS,quiet,0.000504,850,11,501+,0.29,0.001628,1310,28,501+,0.28,0.157541,0.117579,0,0,0,,0.75,2023-24
2026-05-11,2026-05-18,37147,Pitt County,North Carolina,NC,quiet,0.000504,851,35,501+,0.29,0.003196,830,32,501+,0.54,0.157361,0.220877,0,0,0,,0.94676346,2022-23
2026-05-11,2026-05-18,22057,Lafourche Parish,Louisiana,LA,quiet,0.000503,852,15,501+,0.29,0.001166,1564,22,501+,0.2,0.157166,0.084074,0,0,0,,0.933,2021-22
2026-05-11,2026-05-18,36075,Oswego County,New York,NY,quiet,0.0005,853,24,501+,0.29,0.00363,756,21,501+,0.61,0.156496,0.246381,0,0,0,,0.99859184,2022-23
2026-05-11,2026-05-18,38057,Mercer County,North Dakota,ND,quiet,0.000499,854,16,501+,0.29,0.002785,914,16,501+,0.47,0.156053,0.195527,0,0,0,,0.866,2023-24
2026-05-11,2026-05-18,18085,Kosciusko County,Indiana,IN,quiet,0.000498,855,16,501+,0.29,0.005499,582,11,501+,0.93,0.155897,0.342523,0,0,0,,,
2026-05-11,2026-05-18,05045,Faulkner County,Arkansas,AR,quiet,0.000497,856,7,501+,0.29,0.005368,591,5,501+,0.91,0.155646,0.33644,0,0,6,50,,
2026-05-11,2026-05-18,35009,Curry County,New Mexico,NM,quiet,0.000497,857,10,501+,0.29,0.002508,981,16,501+,0.42,0.155591,0.177739,0,0,1,53,0.94,2018-19
2026-05-11,2026-05-18,40113,Osage County,Oklahoma,OK,quiet,0.000496,858,8,501+,0.29,0.002455,999,13,501+,0.41,0.15531,0.174253,0,0,0,,0.8828,2023-24
2026-05-11,2026-05-18,45047,Greenwood County,South Carolina,SC,quiet,0.000496,859,21,501+,0.29,0.002168,1083,25,501+,0.37,0.155247,0.155116,0,0,0,,0.964,2023-24
2026-05-11,2026-05-18,33017,Strafford County,New Hampshire,NH,quiet,0.000495,860,4,501+,0.29,0.004455,664,4,501+,0.75,0.154998,0.291471,0,0,0,,,
2026-05-11,2026-05-18,01115,St. Clair County,Alabama,AL,quiet,0.000494,861,10,501+,0.29,0.002112,1106,12,501+,0.36,0.154686,0.151324,0,0,0,,0.9364,2022-23
2026-05-11,2026-05-18,17091,Kankakee County,Illinois,IL,quiet,0.000492,862,18,501+,0.29,0.001993,1154,25,501+,0.34,0.154406,0.143206,0,0,0,,,
2026-05-11,2026-05-18,35017,Grant County,New Mexico,NM,quiet,0.000492,863,11,501+,0.29,0.007512,467,8,151–500,1.27,0.154329,0.425194,0,0,0,,0.95,2018-19
2026-05-11,2026-05-18,37171,Surry County,North Carolina,NC,quiet,0.000491,864,36,501+,0.29,0.00227,1052,44,501+,0.38,0.15409,0.16199,0,0,0,,0.9887218,2022-23
2026-05-11,2026-05-18,48501,Yoakum County,Texas,TX,quiet,0.000491,865,68,501+,0.29,0.010937,362,27,151–500,1.85,0.153984,0.53041,0,0,20,53,0.925,2023-24
2026-05-11,2026-05-18,21093,Hardin County,Kentucky,KY,quiet,0.00049,866,9,501+,0.29,0.003253,812,11,501+,0.55,0.153651,0.224311,0,0,0,,0.891,2022-23
2026-05-11,2026-05-18,48089,Colorado County,Texas,TX,quiet,0.00049,867,69,501+,0.29,0.002761,919,96,501+,0.47,0.153638,0.193993,0,0,0,,0.95634921,2023-24
2026-05-11,2026-05-18,27089,Marshall County,Minnesota,MN,quiet,0.000489,868,26,501+,0.29,0.001464,1386,42,501+,0.25,0.153568,0.10582,0,0,0,,0.882,2023-24
2026-05-11,2026-05-18,35031,McKinley County,New Mexico,NM,quiet,0.000489,869,12,501+,0.29,0.00085,1850,25,501+,0.14,0.153521,0.060567,0,0,0,,0.92,2018-19
2026-05-11,2026-05-18,20189,Stevens County,Kansas,KS,quiet,0.000486,870,12,501+,0.28,0.006276,520,6,501+,1.06,0.152706,0.376674,0,0,10,43,0.83,2023-24
2026-05-11,2026-05-18,30009,Carbon County,Montana,MT,quiet,0.000486,871,11,501+,0.28,0.001885,1195,20,501+,0.32,0.152696,0.135666,0,0,0,,,
2026-05-11,2026-05-18,39025,Clermont County,Ohio,OH,quiet,0.000485,872,28,501+,0.28,0.002369,1029,34,501+,0.4,0.152504,0.168563,0,0,0,,,
2026-05-11,2026-05-18,53023,Garfield County,Washington,WA,quiet,0.000483,873,31,501+,0.28,0.002118,1103,32,501+,0.36,0.152011,0.151753,0,0,0,,0.88235294,2023-24
2026-05-11,2026-05-18,17141,Ogle County,Illinois,IL,quiet,0.000483,874,19,501+,0.28,0.003277,809,16,501+,0.55,0.151973,0.225765,0,0,0,,,
2026-05-11,2026-05-18,48469,Victoria County,Texas,TX,quiet,0.000483,875,70,501+,0.28,0.002081,1115,119,501+,0.35,0.151854,0.149187,0,0,0,,0.97912714,2023-24
2026-05-11,2026-05-18,12017,Citrus County,Florida,FL,quiet,0.000482,876,37,501+,0.28,0.001147,1580,50,501+,0.19,0.151704,0.082638,0,0,0,,0.925,2022-23
2026-05-11,2026-05-18,06021,Glenn County,California,CA,quiet,0.00048,877,53,501+,0.28,0.001385,1430,54,501+,0.23,0.151178,0.100074,0,0,0,,0.80806,2023-24
2026-05-11,2026-05-18,35023,Hidalgo County,New Mexico,NM,quiet,0.00048,878,13,501+,0.28,0.005033,612,11,501+,0.85,0.151062,0.320492,0,0,2,11,0.94,2018-19
2026-05-11,2026-05-18,25019,Nantucket County,Massachusetts,MA,quiet,0.00048,879,9,501+,0.28,0.001052,1653,13,501+,0.18,0.151034,0.075636,0,0,0,,0.933,2023-24
2026-05-11,2026-05-18,39123,Ottawa County,Ohio,OH,quiet,0.000479,880,29,501+,0.28,0.004439,665,19,501+,0.75,0.150904,0.290623,0,0,1,9,,
2026-05-11,2026-05-18,38063,Nelson County,North Dakota,ND,quiet,0.000479,881,17,501+,0.28,0.001919,1181,23,501+,0.32,0.150782,0.138038,0,0,0,,0.9546,2023-24
2026-05-11,2026-05-18,17001,Adams County,Illinois,IL,quiet,0.000476,882,20,501+,0.28,0.003546,768,15,501+,0.6,0.14987,0.241553,0,0,0,,,
2026-05-11,2026-05-18,55105,Rock County,Wisconsin,WI,quiet,0.000474,883,14,501+,0.28,0.002686,940,16,501+,0.45,0.149542,0.1892,0,0,0,,0.728,2023-24
2026-05-11,2026-05-18,48203,Harrison County,Texas,TX,quiet,0.000474,884,71,501+,0.28,0.002611,957,103,501+,0.44,0.149349,0.184411,0,0,1,51,0.9402439,2023-24
2026-05-11,2026-05-18,16029,Caribou County,Idaho,ID,quiet,0.000472,885,20,501+,0.28,0.003416,794,20,501+,0.58,0.148806,0.233962,0,0,0,,,
2026-05-11,2026-05-18,12059,Holmes County,Florida,FL,quiet,0.000471,886,38,501+,0.28,0.00171,1269,46,501+,0.29,0.148669,0.123389,0,0,0,,0.974,2022-23
2026-05-11,2026-05-18,45021,Cherokee County,South Carolina,SC,quiet,0.00047,887,22,501+,0.27,0.006002,540,15,501+,1.01,0.148506,0.365,0,0,36,8,0.951,2023-24
2026-05-11,2026-05-18,32011,Eureka County,Nevada,NV,quiet,0.000469,888,13,501+,0.27,0.001199,1548,15,501+,0.2,0.148096,0.086472,0,0,0,,1.0,2022-23
2026-05-11,2026-05-18,39169,Wayne County,Ohio,OH,quiet,0.000469,889,30,501+,0.27,0.005199,601,17,501+,0.88,0.148066,0.328505,0,0,0,,,
2026-05-11,2026-05-18,16075,Payette County,Idaho,ID,quiet,0.000469,890,21,501+,0.27,0.002629,954,24,501+,0.44,0.148007,0.185537,0,0,0,,,
2026-05-11,2026-05-18,39103,Medina County,Ohio,OH,quiet,0.000467,891,31,501+,0.27,0.003505,775,23,501+,0.59,0.147617,0.239193,0,0,0,,,
2026-05-11,2026-05-18,27067,Kandiyohi County,Minnesota,MN,quiet,0.000465,892,27,501+,0.27,0.003212,825,20,501+,0.54,0.146921,0.221849,0,0,0,,0.89,2023-24
2026-05-11,2026-05-18,39041,Delaware County,Ohio,OH,quiet,0.000464,893,32,501+,0.27,0.005414,587,15,501+,0.91,0.146829,0.338583,0,0,0,,,
2026-05-11,2026-05-18,33009,Grafton County,New Hampshire,NH,quiet,0.000464,894,5,501+,0.27,0.002285,1050,5,501+,0.39,0.146814,0.162962,0,0,0,,,
2026-05-11,2026-05-18,41035,Klamath County,Oregon,OR,quiet,0.000463,895,21,501+,0.27,0.004592,652,18,501+,0.78,0.146459,0.298543,0,0,0,,0.93,2023-24
2026-05-11,2026-05-18,13101,Echols County,Georgia,GA,quiet,0.000462,896,19,501+,0.27,0.003975,716,9,501+,0.67,0.146194,0.265785,0,0,0,,,
2026-05-11,2026-05-18,08007,Archuleta County,Colorado,CO,quiet,0.000462,897,29,501+,0.27,0.003377,800,24,501+,0.57,0.146121,0.23166,0,0,1,57,0.8207,2023-24
2026-05-11,2026-05-18,20031,Coffey County,Kansas,KS,quiet,0.000459,898,13,501+,0.27,0.002027,1137,20,501+,0.34,0.14553,0.145495,0,0,0,,0.88,2023-24
2026-05-11,2026-05-18,37031,Carteret County,North Carolina,NC,quiet,0.000459,899,37,501+,0.27,0.002226,1061,46,501+,0.38,0.14552,0.159054,0,0,0,,0.96116505,2022-23
2026-05-11,2026-05-18,22095,St. John the Baptist Parish,Louisiana,LA,quiet,0.000459,900,16,501+,0.27,0.001495,1374,18,501+,0.25,0.145353,0.108043,0,0,0,,0.982,2021-22
2026-05-11,2026-05-18,29071,Franklin County,Missouri,MO,quiet,0.000458,901,17,501+,0.27,0.001765,1242,32,501+,0.3,0.145262,0.127313,0,0,0,,0.901,2023-24
2026-05-11,2026-05-18,55083,Oconto County,Wisconsin,WI,quiet,0.000458,902,15,501+,0.27,0.003186,831,14,501+,0.54,0.145117,0.2203,0,0,36,36,0.794,2023-24
2026-05-11,2026-05-18,48199,Hardin County,Texas,TX,quiet,0.000457,903,72,501+,0.27,0.002367,1030,111,501+,0.4,0.14486,0.168416,0,0,0,,0.92708333,2023-24
2026-05-11,2026-05-18,46093,Meade County,South Dakota,SD,quiet,0.000457,904,6,501+,0.27,0.005992,543,3,501+,1.01,0.144849,0.36457,0,0,2,48,0.95,2023-24
2026-05-11,2026-05-18,39165,Warren County,Ohio,OH,quiet,0.000456,905,33,501+,0.27,0.003392,798,25,501+,0.57,0.144503,0.232568,0,0,0,,,
2026-05-11,2026-05-18,17019,Champaign County,Illinois,IL,quiet,0.000456,906,21,501+,0.27,0.002041,1133,23,501+,0.35,0.144485,0.146506,0,0,0,,,
2026-05-11,2026-05-18,55141,Wood County,Wisconsin,WI,quiet,0.000455,907,16,501+,0.27,0.002219,1067,28,501+,0.38,0.144309,0.158583,0,0,0,,0.783,2023-24
2026-05-11,2026-05-18,29037,Cass County,Missouri,MO,quiet,0.00045,908,18,501+,0.26,0.001748,1247,33,501+,0.3,0.143054,0.126096,0,0,0,,0.901,2023-24
2026-05-11,2026-05-18,48213,Henderson County,Texas,TX,quiet,0.00045,909,73,501+,0.26,0.00173,1258,139,501+,0.29,0.142967,0.124863,0,0,0,,0.94170854,2023-24
2026-05-11,2026-05-18,22073,Ouachita Parish,Louisiana,LA,quiet,0.00045,910,17,501+,0.26,0.002199,1076,14,501+,0.37,0.142884,0.157197,0,0,0,,0.825,2021-22
2026-05-11,2026-05-18,48317,Martin County,Texas,TX,quiet,0.000449,911,74,501+,0.26,0.00551,581,49,501+,0.93,0.142693,0.343044,0,0,3,63,0.96590909,2023-24
2026-05-11,2026-05-18,48441,Taylor County,Texas,TX,quiet,0.000448,912,75,501+,0.26,0.003112,846,88,501+,0.53,0.14238,0.215773,0,0,0,,0.96384872,2023-24
2026-05-11,2026-05-18,26151,Sanilac County,Michigan,MI,quiet,0.000447,913,44,501+,0.26,0.005237,599,31,501+,0.89,0.142074,0.330284,0,0,0,,0.906,2023-24
2026-05-11,2026-05-18,13157,Jackson County,Georgia,GA,quiet,0.000446,914,20,501+,0.26,0.002657,948,22,501+,0.45,0.141765,0.187367,0,0,0,,,
2026-05-11,2026-05-18,21037,Campbell County,Kentucky,KY,quiet,0.000445,915,10,501+,0.26,0.004591,653,9,501+,0.78,0.141593,0.298466,0,0,0,,0.952,2022-23
2026-05-11,2026-05-18,42063,Indiana County,Pennsylvania,PA,quiet,0.000444,916,39,501+,0.26,0.002488,990,42,501+,0.42,0.141346,0.176413,0,0,0,,0.91236307,2023-24
2026-05-11,2026-05-18,40051,Grady County,Oklahoma,OK,quiet,0.000444,917,9,501+,0.26,0.003289,808,8,501+,0.56,0.141332,0.226449,0,0,0,,0.9128,2023-24
2026-05-11,2026-05-18,46081,Lawrence County,South Dakota,SD,quiet,0.000444,918,7,501+,0.26,0.00515,605,5,501+,0.87,0.141285,0.32615,0,0,0,,0.92,2023-24
2026-05-11,2026-05-18,16009,Benewah County,Idaho,ID,quiet,0.000443,919,22,501+,0.26,0.001602,1322,33,501+,0.27,0.141129,0.115772,0,0,0,,,
2026-05-11,2026-05-18,05069,Jefferson County,Arkansas,AR,quiet,0.000443,920,8,501+,0.26,0.001826,1213,10,501+,0.31,0.141072,0.131565,0,0,0,,,
2026-05-11,2026-05-18,29159,Pettis County,Missouri,MO,quiet,0.000443,921,19,501+,0.26,0.00177,1240,31,501+,0.3,0.14095,0.127625,0,0,0,,0.852,2023-24
2026-05-11,2026-05-18,05131,Sebastian County,Arkansas,AR,quiet,0.000443,922,9,501+,0.26,0.002151,1091,7,501+,0.36,0.140902,0.153955,0,0,0,,,
2026-05-11,2026-05-18,13313,Whitfield County,Georgia,GA,quiet,0.000442,923,21,501+,0.26,0.001789,1230,29,501+,0.3,0.140672,0.128968,0,0,0,,,
2026-05-11,2026-05-18,17115,Macon County,Illinois,IL,quiet,0.000441,924,22,501+,0.26,0.001738,1253,27,501+,0.29,0.140548,0.125363,0,0,0,,,
2026-05-11,2026-05-18,22079,Rapides Parish,Louisiana,LA,quiet,0.000441,925,18,501+,0.26,0.002409,1023,13,501+,0.41,0.140538,0.171196,0,0,0,,0.929,2021-22
2026-05-11,2026-05-18,48035,Bosque County,Texas,TX,quiet,0.00044,926,76,501+,0.26,0.002712,933,98,501+,0.46,0.140333,0.190885,0,0,0,,0.92631579,2023-24
2026-05-11,2026-05-18,27017,Carlton County,Minnesota,MN,quiet,0.00044,927,28,501+,0.26,0.002452,1001,30,501+,0.41,0.140134,0.17404,0,0,0,,0.92,2023-24
2026-05-11,2026-05-18,48087,Collingsworth County,Texas,TX,quiet,0.000438,928,77,501+,0.26,0.003069,855,90,501+,0.52,0.139538,0.213153,0,0,0,,0.95348837,2023-24
2026-05-11,2026-05-18,48499,Wood County,Texas,TX,quiet,0.000436,929,78,501+,0.25,0.002369,1028,110,501+,0.4,0.139147,0.168576,0,0,0,,0.93877551,2023-24
2026-05-11,2026-05-18,28121,Rankin County,Mississippi,MS,quiet,0.000436,930,8,501+,0.25,0.001489,1375,10,501+,0.25,0.139062,0.107622,0,0,0,,,
2026-05-11,2026-05-18,36091,Saratoga County,New York,NY,quiet,0.000434,931,25,501+,0.25,0.002966,874,25,501+,0.5,0.138682,0.206802,0,0,0,,0.99390566,2022-23
2026-05-11,2026-05-18,27155,Traverse County,Minnesota,MN,quiet,0.000433,932,29,501+,0.25,0.002544,972,28,501+,0.43,0.138361,0.180027,0,0,0,,0.951,2023-24
2026-05-11,2026-05-18,39043,Erie County,Ohio,OH,quiet,0.000432,933,34,501+,0.25,0.003493,779,24,501+,0.59,0.137996,0.238461,0,0,0,,,
2026-05-11,2026-05-18,08015,Chaffee County,Colorado,CO,quiet,0.000432,934,30,501+,0.25,0.003469,784,21,501+,0.59,0.13795,0.237093,0,0,0,,0.7917,2023-24
2026-05-11,2026-05-18,37155,Robeson County,North Carolina,NC,quiet,0.000431,935,38,501+,0.25,0.002242,1058,45,501+,0.38,0.137853,0.160138,0,0,0,,0.9564981,2022-23
2026-05-11,2026-05-18,46029,Codington County,South Dakota,SD,quiet,0.000431,936,8,501+,0.25,0.00256,969,14,501+,0.43,0.137762,0.181095,0,0,0,,0.86,2023-24
2026-05-11,2026-05-18,37087,Haywood County,North Carolina,NC,quiet,0.000429,937,39,501+,0.25,0.002412,1021,42,501+,0.41,0.137144,0.171399,0,0,0,,0.92295345,2022-23
2026-05-11,2026-05-18,21211,Shelby County,Kentucky,KY,quiet,0.000428,938,11,501+,0.25,0.003236,819,13,501+,0.55,0.136969,0.223297,0,0,0,,0.919,2022-23
2026-05-11,2026-05-18,01083,Limestone County,Alabama,AL,quiet,0.000428,939,11,501+,0.25,0.002765,917,8,501+,0.47,0.136834,0.194221,0,0,0,,0.9435,2022-23
2026-05-11,2026-05-18,50011,Franklin County,Vermont,VT,quiet,0.000426,940,5,501+,0.25,0.001451,1392,8,501+,0.25,0.1364,0.104913,0,0,0,,0.94,2023-24
2026-05-11,2026-05-18,48409,San Patricio County,Texas,TX,quiet,0.000426,941,79,501+,0.25,0.001851,1202,134,501+,0.31,0.136346,0.133363,0,0,0,,0.97601919,2023-24
2026-05-11,2026-05-18,37099,Jackson County,North Carolina,NC,quiet,0.000425,942,40,501+,0.25,0.002629,953,40,501+,0.44,0.135998,0.185545,0,0,0,,0.94680851,2022-23
2026-05-11,2026-05-18,08091,Ouray County,Colorado,CO,quiet,0.000422,943,31,501+,0.25,0.00206,1123,33,501+,0.35,0.135294,0.147748,0,0,0,,0.8333,2023-24
2026-05-11,2026-05-18,40043,Dewey County,Oklahoma,OK,quiet,0.000422,944,10,501+,0.25,0.002338,1041,14,501+,0.4,0.135145,0.166487,0,0,0,,0.75,2023-24
2026-05-11,2026-05-18,41013,Crook County,Oregon,OR,quiet,0.000422,945,22,501+,0.25,0.00244,1008,24,501+,0.41,0.135135,0.173266,0,0,0,,0.895,2023-24
2026-05-11,2026-05-18,48111,Dallam County,Texas,TX,quiet,0.000421,946,80,501+,0.25,0.00358,764,78,501+,0.6,0.134826,0.243519,0,0,7,60,0.95266272,2023-24
2026-05-11,2026-05-18,48481,Wharton County,Texas,TX,quiet,0.00042,947,81,501+,0.25,0.001677,1283,141,501+,0.28,0.134816,0.121108,0,0,0,,0.96947935,2023-24
2026-05-11,2026-05-18,18151,Steuben County,Indiana,IN,quiet,0.00042,948,17,501+,0.25,0.001737,1255,26,501+,0.29,0.134732,0.125328,0,0,0,,,
2026-05-11,2026-05-18,27125,Red Lake County,Minnesota,MN,quiet,0.00042,949,30,501+,0.25,0.001646,1305,40,501+,0.28,0.134638,0.118857,0,0,0,,0.9,2023-24
2026-05-11,2026-05-18,18133,Putnam County,Indiana,IN,quiet,0.000418,950,18,501+,0.24,0.00264,950,15,501+,0.45,0.134206,0.186242,0,0,1,44,,
2026-05-11,2026-05-18,39091,Logan County,Ohio,OH,quiet,0.000418,951,35,501+,0.24,0.003152,838,26,501+,0.53,0.134051,0.218221,0,0,0,,,
2026-05-11,2026-05-18,56031,Platte County,Wyoming,WY,quiet,0.000418,952,18,501+,0.24,0.001887,1193,22,501+,0.32,0.134,0.135853,0,0,0,,0.8,2022-23
2026-05-11,2026-05-18,48069,Castro County,Texas,TX,quiet,0.000417,953,82,501+,0.24,0.004659,650,60,501+,0.79,0.133772,0.301931,0,0,0,,0.99009901,2023-24
2026-05-11,2026-05-18,42037,Columbia County,Pennsylvania,PA,quiet,0.000415,954,40,501+,0.24,0.005591,575,30,501+,0.94,0.133342,0.346747,0,0,0,,0.96448864,2023-24
2026-05-11,2026-05-18,37191,Wayne County,North Carolina,NC,quiet,0.000414,955,41,501+,0.24,0.003186,832,33,501+,0.54,0.132943,0.220276,0,0,0,,0.95899054,2022-23
2026-05-11,2026-05-18,55115,Shawano County,Wisconsin,WI,quiet,0.000413,956,17,501+,0.24,0.004298,679,12,501+,0.73,0.132846,0.283234,0,0,0,,0.71,2023-24
2026-05-11,2026-05-18,37113,Macon County,North Carolina,NC,quiet,0.000412,957,42,501+,0.24,0.002857,899,39,501+,0.48,0.132559,0.200016,0,0,0,,0.9378882,2022-23
2026-05-11,2026-05-18,29187,St. Francois County,Missouri,MO,quiet,0.000412,958,20,501+,0.24,0.002681,941,18,501+,0.45,0.132423,0.188906,0,0,0,,0.929,2023-24
2026-05-11,2026-05-18,48019,Bandera County,Texas,TX,quiet,0.000411,959,83,501+,0.24,0.005873,549,42,501+,0.99,0.132218,0.359357,0,0,5,9,0.95428571,2023-24
2026-05-11,2026-05-18,47089,Jefferson County,Tennessee,TN,quiet,0.000411,960,16,501+,0.24,0.002633,952,17,501+,0.44,0.132198,0.185773,0,0,0,,0.943,2023-24
2026-05-11,2026-05-18,22015,Bossier Parish,Louisiana,LA,quiet,0.000408,961,19,501+,0.24,0.00256,968,10,501+,0.43,0.131388,0.181113,0,0,0,,0.944,2021-22
2026-05-11,2026-05-18,20067,Grant County,Kansas,KS,quiet,0.000408,962,14,501+,0.24,0.002515,978,15,501+,0.43,0.13135,0.178194,0,0,0,,0.99,2023-24
2026-05-11,2026-05-18,37151,Randolph County,North Carolina,NC,quiet,0.000407,963,43,501+,0.24,0.00303,862,37,501+,0.51,0.131087,0.210791,0,0,0,,0.95754717,2022-23
2026-05-11,2026-05-18,37167,Stanly County,North Carolina,NC,quiet,0.000406,964,44,501+,0.24,0.001887,1194,51,501+,0.32,0.13081,0.135805,0,0,0,,0.93098385,2022-23
2026-05-11,2026-05-18,55131,Washington County,Wisconsin,WI,quiet,0.000406,965,18,501+,0.24,0.001916,1184,33,501+,0.32,0.130791,0.137834,0,0,0,,0.785,2023-24
2026-05-11,2026-05-18,46011,Brookings County,South Dakota,SD,quiet,0.000406,966,9,501+,0.24,0.004068,703,8,501+,0.69,0.130631,0.270853,0,0,1,12,0.9,2023-24
2026-05-11,2026-05-18,18105,Monroe County,Indiana,IN,quiet,0.000405,967,19,501+,0.24,0.000922,1779,43,501+,0.16,0.130553,0.065902,0,0,0,,,
2026-05-11,2026-05-18,13247,Rockdale County,Georgia,GA,quiet,0.000405,968,22,501+,0.24,0.001879,1197,27,501+,0.32,0.130431,0.135276,0,0,0,,,
2026-05-11,2026-05-18,39157,Tuscarawas County,Ohio,OH,quiet,0.000404,969,36,501+,0.24,0.003943,723,21,501+,0.67,0.130255,0.264035,0,0,0,,,
2026-05-11,2026-05-18,51137,Orange County,Virginia,VA,quiet,0.000404,970,26,501+,0.24,0.002035,1134,25,501+,0.34,0.130189,0.146051,0,0,0,,0.917,2023-24
2026-05-11,2026-05-18,13049,Charlton County,Georgia,GA,quiet,0.000402,971,23,501+,0.24,0.00168,1281,32,501+,0.28,0.129675,0.121304,0,0,0,,,
2026-05-11,2026-05-18,26133,Osceola County,Michigan,MI,quiet,0.000402,972,45,501+,0.23,0.00227,1053,51,501+,0.38,0.129623,0.16195,0,0,7,41,0.8623,2023-24
2026-05-11,2026-05-18,20075,Hamilton County,Kansas,KS,quiet,0.000399,973,15,501+,0.23,0.002754,921,14,501+,0.47,0.128843,0.193556,0,0,0,,0.96,2023-24
2026-05-11,2026-05-18,08019,Clear Creek County,Colorado,CO,quiet,0.000399,974,32,501+,0.23,0.00126,1505,42,501+,0.21,0.12883,0.090948,0,0,0,,0.8298,2023-24
2026-05-11,2026-05-18,18095,Madison County,Indiana,IN,quiet,0.000395,975,20,501+,0.23,0.001057,1648,38,501+,0.18,0.127781,0.07595,0,0,0,,,
2026-05-11,2026-05-18,21049,Clark County,Kentucky,KY,quiet,0.000394,976,12,501+,0.23,0.003428,792,10,501+,0.58,0.12751,0.234688,0,0,0,,0.976,2022-23
2026-05-11,2026-05-18,23027,Waldo County,Maine,ME,quiet,0.000394,977,5,501+,0.23,0.001503,1369,10,501+,0.25,0.12739,0.108623,0,0,0,,0.9607,2023-24
2026-05-11,2026-05-18,46079,Lake County,South Dakota,SD,quiet,0.000393,978,10,501+,0.23,0.00136,1452,28,501+,0.23,0.127203,0.098263,0,0,0,,0.8,2023-24
2026-05-11,2026-05-18,09130,Lower Connecticut River Valley Planning Region,Connecticut,CT,quiet,0.000392,979,8,501+,0.23,0.00251,980,8,501+,0.42,0.126766,0.177841,0,0,0,,,
2026-05-11,2026-05-18,13053,Chattahoochee County,Georgia,GA,quiet,0.000391,980,24,501+,0.23,0.003959,719,10,501+,0.67,0.126646,0.264888,0,0,0,,,
2026-05-11,2026-05-18,51161,Roanoke County,Virginia,VA,quiet,0.000391,981,27,501+,0.23,0.001917,1183,27,501+,0.32,0.126537,0.137894,0,0,0,,0.94,2023-24
2026-05-11,2026-05-18,55027,Dodge County,Wisconsin,WI,quiet,0.000391,982,19,501+,0.23,0.002494,987,20,501+,0.42,0.126514,0.176805,0,0,0,,0.748,2023-24
2026-05-11,2026-05-18,36007,Broome County,New York,NY,quiet,0.000389,983,26,501+,0.23,0.001364,1448,39,501+,0.23,0.125999,0.098603,0,0,0,,0.99639744,2022-23
2026-05-11,2026-05-18,41045,Malheur County,Oregon,OR,quiet,0.000389,984,23,501+,0.23,0.001675,1287,27,501+,0.28,0.125943,0.120947,0,0,0,,0.962,2023-24
2026-05-11,2026-05-18,39023,Clark County,Ohio,OH,quiet,0.000389,985,37,501+,0.23,0.001572,1337,46,501+,0.27,0.125902,0.113614,0,0,0,,,
2026-05-11,2026-05-18,42033,Clearfield County,Pennsylvania,PA,quiet,0.000389,986,41,501+,0.23,0.001744,1249,46,501+,0.29,0.125877,0.125839,0,0,0,,0.93284493,2023-24
2026-05-11,2026-05-18,26113,Missaukee County,Michigan,MI,quiet,0.000388,987,46,501+,0.23,0.002359,1033,49,501+,0.4,0.125766,0.167931,0,0,0,,0.8642,2023-24
2026-05-11,2026-05-18,13185,Lowndes County,Georgia,GA,quiet,0.000388,988,25,501+,0.23,0.001665,1294,34,501+,0.28,0.125737,0.1202,0,0,0,,,
2026-05-11,2026-05-18,26041,Delta County,Michigan,MI,quiet,0.000388,989,47,501+,0.23,0.00493,621,33,501+,0.83,0.125707,0.315498,0,0,0,,0.9171,2023-24
2026-05-11,2026-05-18,48067,Cass County,Texas,TX,quiet,0.000387,990,84,501+,0.23,0.002469,995,107,501+,0.42,0.125268,0.175179,0,0,0,,0.95505618,2023-24
2026-05-11,2026-05-18,36089,St. Lawrence County,New York,NY,quiet,0.000386,991,27,501+,0.23,0.001213,1534,43,501+,0.21,0.125192,0.087534,0,0,0,,0.99793421,2022-23
2026-05-11,2026-05-18,27173,Yellow Medicine County,Minnesota,MN,quiet,0.000386,992,31,501+,0.23,0.002448,1002,31,501+,0.41,0.125179,0.173791,0,0,0,,0.951,2023-24
2026-05-11,2026-05-18,24001,Allegany County,Maryland,MD,quiet,0.000386,993,18,501+,0.23,0.001603,1319,17,501+,0.27,0.1251,0.115835,0,0,0,,0.993,2023-24
2026-05-11,2026-05-18,27025,Chisago County,Minnesota,MN,quiet,0.000385,994,32,501+,0.22,0.002439,1010,32,501+,0.41,0.124806,0.173215,0,0,0,,0.889,2023-24
2026-05-11,2026-05-18,18043,Floyd County,Indiana,IN,quiet,0.000385,995,21,501+,0.22,0.002289,1047,20,501+,0.39,0.124782,0.163238,0,0,0,,,
2026-05-11,2026-05-18,51171,Shenandoah County,Virginia,VA,quiet,0.000384,996,28,501+,0.22,0.000937,1764,51,501+,0.16,0.124452,0.067028,0,0,0,,0.943,2023-24
2026-05-11,2026-05-18,55031,Douglas County,Wisconsin,WI,quiet,0.000383,997,20,501+,0.22,0.00244,1006,22,501+,0.41,0.124282,0.173275,0,0,0,,0.645,2023-24
2026-05-11,2026-05-18,29099,Jefferson County,Missouri,MO,quiet,0.000383,998,21,501+,0.22,0.002154,1089,25,501+,0.36,0.124239,0.154148,0,0,0,,0.926,2023-24
2026-05-11,2026-05-18,46051,Grant County,South Dakota,SD,quiet,0.000382,999,11,501+,0.22,0.002464,996,15,501+,0.42,0.1241,0.174837,0,0,6,14,0.92,2023-24
2026-05-11,2026-05-18,48427,Starr County,Texas,TX,quiet,0.000381,1000,85,501+,0.22,0.000919,1782,195,501+,0.16,0.123673,0.065673,0,0,0,,0.97190427,2023-24
2026-05-11,2026-05-18,56033,Sheridan County,Wyoming,WY,quiet,0.00038,1001,19,501+,0.22,0.00415,694,13,501+,0.7,0.123424,0.275298,0,0,0,,0.9,2022-23
2026-05-11,2026-05-18,56015,Goshen County,Wyoming,WY,quiet,0.000378,1002,20,501+,0.22,0.002648,949,19,501+,0.45,0.122825,0.186764,0,0,0,,0.93,2022-23
2026-05-11,2026-05-18,26033,Chippewa County,Michigan,MI,quiet,0.000376,1003,48,501+,0.22,0.005042,611,32,501+,0.85,0.122365,0.320925,0,0,0,,0.8822,2023-24
2026-05-11,2026-05-18,12075,Levy County,Florida,FL,quiet,0.000376,1004,39,501+,0.22,0.003583,762,33,501+,0.61,0.122195,0.243698,0,0,0,,0.957,2022-23
2026-05-11,2026-05-18,48277,Lamar County,Texas,TX,quiet,0.000376,1005,86,501+,0.22,0.005784,563,45,501+,0.98,0.122157,0.355394,0,0,28,44,0.96835443,2023-24
2026-05-11,2026-05-18,41015,Curry County,Oregon,OR,quiet,0.000375,1006,24,501+,0.22,0.000826,1875,31,501+,0.14,0.121961,0.058741,0,0,0,,0.842,2023-24
2026-05-11,2026-05-18,42013,Blair County,Pennsylvania,PA,quiet,0.000374,1007,42,501+,0.22,0.003862,729,35,501+,0.65,0.121635,0.259501,0,0,0,,0.94191919,2023-24
2026-05-11,2026-05-18,08039,Elbert County,Colorado,CO,quiet,0.000373,1008,33,501+,0.22,0.001376,1438,38,501+,0.23,0.121355,0.099459,0,0,0,,0.7662,2023-24
2026-05-11,2026-05-18,48143,Erath County,Texas,TX,quiet,0.000373,1009,87,501+,0.22,0.00405,705,69,501+,0.68,0.121316,0.269904,0,0,1,60,0.93939394,2023-24
2026-05-11,2026-05-18,08107,Routt County,Colorado,CO,quiet,0.000372,1010,34,501+,0.22,0.003034,861,26,501+,0.51,0.121124,0.211014,0,0,0,,0.9364,2023-24
2026-05-11,2026-05-18,48281,Lampasas County,Texas,TX,quiet,0.000372,1011,88,501+,0.22,0.002012,1148,123,501+,0.34,0.121095,0.144459,0,0,0,,0.94444444,2023-24
2026-05-11,2026-05-18,36013,Chautauqua County,New York,NY,quiet,0.000371,1012,28,501+,0.22,0.002337,1042,28,501+,0.39,0.120678,0.166432,0,0,0,,0.86869892,2022-23
2026-05-11,2026-05-18,55039,Fond du Lac County,Wisconsin,WI,quiet,0.000369,1013,21,501+,0.22,0.002243,1057,26,501+,0.38,0.120345,0.160171,0,0,0,,0.8,2023-24
2026-05-11,2026-05-18,38093,Stutsman County,North Dakota,ND,quiet,0.000369,1014,18,501+,0.22,0.003105,849,14,501+,0.52,0.120189,0.215372,0,0,0,,0.946,2023-24
2026-05-11,2026-05-18,29091,Howell County,Missouri,MO,quiet,0.000368,1015,22,501+,0.22,0.002758,920,16,501+,0.47,0.120028,0.193778,0,0,0,,0.849,2023-24
2026-05-11,2026-05-18,36021,Columbia County,New York,NY,quiet,0.000368,1016,29,501+,0.22,0.00215,1092,29,501+,0.36,0.11993,0.153919,0,0,0,,0.98933333,2022-23
2026-05-11,2026-05-18,49017,Garfield County,Utah,UT,quiet,0.000367,1017,23,501+,0.21,0.005656,568,17,501+,0.96,0.119626,0.349689,0,0,0,,0.934,2022-23
2026-05-11,2026-05-18,12119,Sumter County,Florida,FL,quiet,0.000367,1018,40,501+,0.21,0.001779,1235,43,501+,0.3,0.119538,0.128252,0,0,0,,0.922,2022-23
2026-05-11,2026-05-18,18173,Warrick County,Indiana,IN,quiet,0.000365,1019,22,501+,0.21,0.002547,971,17,501+,0.43,0.119147,0.180255,0,0,0,,,
2026-05-11,2026-05-18,20133,Neosho County,Kansas,KS,quiet,0.000365,1020,16,501+,0.21,0.001017,1688,52,501+,0.17,0.119016,0.072985,0,0,0,,0.91,2023-24
2026-05-11,2026-05-18,28081,Lee County,Mississippi,MS,quiet,0.000363,1021,9,501+,0.21,0.001765,1243,8,501+,0.3,0.118439,0.127284,0,0,0,,,
2026-05-11,2026-05-18,16043,Fremont County,Idaho,ID,quiet,0.000362,1022,23,501+,0.21,0.004872,627,15,501+,0.82,0.118269,0.312615,0,0,0,,,
2026-05-11,2026-05-18,48337,Montague County,Texas,TX,quiet,0.000362,1023,89,501+,0.21,0.003146,839,87,501+,0.53,0.118207,0.217841,0,0,0,,0.85201794,2023-24
2026-05-11,2026-05-18,40137,Stephens County,Oklahoma,OK,quiet,0.000361,1024,11,501+,0.21,0.002094,1112,18,501+,0.35,0.118031,0.150116,0,0,0,,0.928,2023-24
2026-05-11,2026-05-18,31141,Platte County,Nebraska,NE,quiet,0.00036,1025,9,501+,0.21,0.003544,769,5,501+,0.6,0.117585,0.241454,0,0,1,19,,
2026-05-11,2026-05-18,39119,Muskingum County,Ohio,OH,quiet,0.00036,1026,38,501+,0.21,0.005805,559,14,501+,0.98,0.117549,0.356346,0,0,3,37,,
2026-05-11,2026-05-18,51073,Gloucester County,Virginia,VA,quiet,0.000359,1027,29,501+,0.21,0.001259,1506,41,501+,0.21,0.11732,0.090902,0,0,0,,0.91,2023-24
2026-05-11,2026-05-18,37125,Moore County,North Carolina,NC,quiet,0.000359,1028,45,501+,0.21,0.001831,1210,52,501+,0.31,0.117217,0.131906,0,0,0,,0.94765625,2022-23
2026-05-11,2026-05-18,12087,Monroe County,Florida,FL,quiet,0.000358,1029,41,501+,0.21,0.002732,927,36,501+,0.46,0.117055,0.192154,0,0,0,,0.921,2022-23
2026-05-11,2026-05-18,48467,Van Zandt County,Texas,TX,quiet,0.000357,1030,90,501+,0.21,0.001835,1207,135,501+,0.31,0.11677,0.132177,0,0,0,,0.9265928,2023-24
2026-05-11,2026-05-18,26059,Hillsdale County,Michigan,MI,quiet,0.000357,1031,49,501+,0.21,0.001661,1297,53,501+,0.28,0.116765,0.119911,0,0,0,,0.8966,2023-24
2026-05-11,2026-05-18,45059,Laurens County,South Carolina,SC,quiet,0.000356,1032,23,501+,0.21,0.003077,854,21,501+,0.52,0.116623,0.213653,0,0,0,,0.952,2023-24
2026-05-11,2026-05-18,29119,McDonald County,Missouri,MO,quiet,0.000356,1033,23,501+,0.21,0.001345,1457,42,501+,0.23,0.116373,0.097217,0,0,0,,0.951,2023-24
2026-05-11,2026-05-18,05091,Miller County,Arkansas,AR,quiet,0.000353,1034,10,501+,0.21,0.002055,1128,8,501+,0.35,0.115711,0.147419,0,0,0,,,
2026-05-11,2026-05-18,13145,Harris County,Georgia,GA,quiet,0.000352,1035,26,501+,0.21,0.00134,1463,40,501+,0.23,0.115442,0.09685,0,0,0,,,
2026-05-11,2026-05-18,40145,Wagoner County,Oklahoma,OK,quiet,0.000352,1036,12,501+,0.21,0.002501,984,10,501+,0.42,0.115369,0.177228,0,0,0,,0.8801,2023-24
2026-05-11,2026-05-18,48305,Lynn County,Texas,TX,quiet,0.000352,1037,91,501+,0.21,0.006406,513,38,501+,1.08,0.115348,0.382131,0,0,2,63,0.92156863,2023-24
2026-05-11,2026-05-18,51775,Salem City,Virginia,VA,quiet,0.000352,1038,30,501+,0.21,0.001378,1435,37,501+,0.23,0.115285,0.099596,0,0,0,,0.907,2023-24
2026-05-11,2026-05-18,55019,Clark County,Wisconsin,WI,quiet,0.000352,1039,22,501+,0.21,0.001996,1153,31,501+,0.34,0.115188,0.14337,0,0,0,,0.458,2023-24
2026-05-11,2026-05-18,39159,Union County,Ohio,OH,quiet,0.00035,1040,39,501+,0.2,0.002589,962,32,501+,0.44,0.114781,0.182944,0,0,0,,,
2026-05-11,2026-05-18,45043,Georgetown County,South Carolina,SC,quiet,0.000349,1041,24,501+,0.2,0.002414,1018,24,501+,0.41,0.11445,0.171569,0,0,0,,0.958,2023-24
2026-05-11,2026-05-18,01049,DeKalb County,Alabama,AL,quiet,0.000349,1042,12,501+,0.2,0.001435,1400,18,501+,0.24,0.114419,0.103751,0,0,0,,0.9396,2022-23
2026-05-11,2026-05-18,47113,Madison County,Tennessee,TN,quiet,0.000349,1043,17,501+,0.2,0.001657,1298,28,501+,0.28,0.114335,0.119662,0,0,0,,0.955,2023-24
2026-05-11,2026-05-18,26017,Bay County,Michigan,MI,quiet,0.000348,1044,50,501+,0.2,0.002662,947,48,501+,0.45,0.114185,0.187647,0,0,0,,0.9173,2023-24
2026-05-11,2026-05-18,30017,Custer County,Montana,MT,quiet,0.000347,1045,12,501+,0.2,0.00178,1232,24,501+,0.3,0.11397,0.128333,0,0,0,,,
2026-05-11,2026-05-18,21059,Daviess County,Kentucky,KY,quiet,0.000347,1046,13,501+,0.2,0.002288,1048,16,501+,0.39,0.11396,0.163195,0,0,0,,0.922,2022-23
2026-05-11,2026-05-18,48449,Titus County,Texas,TX,quiet,0.000347,1047,92,501+,0.2,0.004212,686,63,501+,0.71,0.113951,0.27865,0,0,0,,0.95051546,2023-24
2026-05-11,2026-05-18,49033,Rich County,Utah,UT,quiet,0.000347,1048,24,501+,0.2,0.00177,1239,24,501+,0.3,0.113861,0.127672,0,0,0,,0.965,2022-23
2026-05-11,2026-05-18,13013,Barrow County,Georgia,GA,quiet,0.000347,1049,27,501+,0.2,0.00268,942,21,501+,0.45,0.11381,0.188807,0,0,0,,,
2026-05-11,2026-05-18,12051,Hendry County,Florida,FL,quiet,0.000347,1050,42,501+,0.2,0.003022,864,35,501+,0.51,0.1138,0.210286,0,0,0,,0.925,2022-23
2026-05-11,2026-05-18,55033,Dunn County,Wisconsin,WI,quiet,0.000347,1051,23,501+,0.2,0.00139,1424,38,501+,0.23,0.11376,0.100472,0,0,0,,0.759,2023-24
2026-05-11,2026-05-18,16067,Minidoka County,Idaho,ID,quiet,0.000346,1052,24,501+,0.2,0.002444,1005,25,501+,0.41,0.113601,0.173548,0,0,0,,,
2026-05-11,2026-05-18,40119,Payne County,Oklahoma,OK,quiet,0.000346,1053,13,501+,0.2,0.002489,989,11,501+,0.42,0.113524,0.176496,0,0,0,,0.9196,2023-24
2026-05-11,2026-05-18,01117,Shelby County,Alabama,AL,quiet,0.000346,1054,13,501+,0.2,0.001338,1465,21,501+,0.23,0.113445,0.096678,0,0,0,,0.9444,2022-23
2026-05-11,2026-05-18,29225,Webster County,Missouri,MO,quiet,0.000345,1055,24,501+,0.2,0.002732,928,17,501+,0.46,0.113216,0.192121,0,0,0,,0.939,2023-24
2026-05-11,2026-05-18,41031,Jefferson County,Oregon,OR,quiet,0.000345,1056,25,501+,0.2,0.003372,801,21,501+,0.57,0.113187,0.231378,0,0,0,,0.929,2023-24
2026-05-11,2026-05-18,42019,Butler County,Pennsylvania,PA,quiet,0.000345,1057,43,501+,0.2,0.00244,1009,43,501+,0.41,0.113147,0.173246,0,0,0,,0.94104683,2023-24
2026-05-11,2026-05-18,48495,Winkler County,Texas,TX,quiet,0.000344,1058,93,501+,0.2,0.001918,1182,131,501+,0.32,0.11304,0.137969,0,0,0,,0.99186992,2023-24
2026-05-11,2026-05-18,48177,Gonzales County,Texas,TX,quiet,0.000344,1059,94,501+,0.2,0.002848,901,95,501+,0.48,0.112933,0.199439,0,0,0,,0.96108949,2023-24
2026-05-11,2026-05-18,39081,Jefferson County,Ohio,OH,quiet,0.000344,1060,40,501+,0.2,0.000938,1761,55,501+,0.16,0.112862,0.067106,0,0,0,,,
2026-05-11,2026-05-18,46083,Lincoln County,South Dakota,SD,quiet,0.000344,1061,12,501+,0.2,0.004878,625,6,501+,0.82,0.11285,0.312902,0,0,8,46,0.95,2023-24
2026-05-11,2026-05-18,48133,Eastland County,Texas,TX,quiet,0.000342,1062,95,501+,0.2,0.004164,693,66,501+,0.7,0.11241,0.276078,0,0,2,54,0.95628415,2023-24
2026-05-11,2026-05-18,18081,Johnson County,Indiana,IN,quiet,0.000342,1063,23,501+,0.2,0.001381,1432,32,501+,0.23,0.112407,0.099812,0,0,0,,,
2026-05-11,2026-05-18,41041,Lincoln County,Oregon,OR,quiet,0.000342,1064,26,501+,0.2,0.002975,871,22,501+,0.5,0.112339,0.20738,0,0,0,,0.917,2023-24
2026-05-11,2026-05-18,35059,Union County,New Mexico,NM,quiet,0.000342,1065,14,501+,0.2,0.002992,868,14,501+,0.51,0.112272,0.208439,0,0,0,,,
2026-05-11,2026-05-18,01055,Etowah County,Alabama,AL,quiet,0.000341,1066,14,501+,0.2,0.001715,1264,16,501+,0.29,0.112228,0.123747,0,0,0,,0.9539,2022-23
2026-05-11,2026-05-18,13217,Newton County,Georgia,GA,quiet,0.000341,1067,28,501+,0.2,0.002073,1118,25,501+,0.35,0.112183,0.148654,0,0,0,,,
2026-05-11,2026-05-18,37019,Brunswick County,North Carolina,NC,quiet,0.000341,1068,46,501+,0.2,0.002193,1080,48,501+,0.37,0.112177,0.156777,0,0,0,,0.95267857,2022-23
2026-05-11,2026-05-18,48017,Bailey County,Texas,TX,quiet,0.000341,1069,96,501+,0.2,0.003106,848,89,501+,0.52,0.112119,0.21543,0,0,2,55,0.9893617,2023-24
2026-05-11,2026-05-18,37055,Dare County,North Carolina,NC,quiet,0.000341,1070,47,501+,0.2,0.003638,754,31,501+,0.61,0.112076,0.246869,0,0,0,,0.95184136,2022-23
2026-05-11,2026-05-18,27103,Nicollet County,Minnesota,MN,quiet,0.000341,1071,33,501+,0.2,0.001654,1300,39,501+,0.28,0.111984,0.119462,0,0,0,,0.92,2023-24
2026-05-11,2026-05-18,29021,Buchanan County,Missouri,MO,quiet,0.00034,1072,25,501+,0.2,0.00202,1140,29,501+,0.34,0.1118,0.145064,0,0,0,,0.957,2023-24
2026-05-11,2026-05-18,18065,Henry County,Indiana,IN,quiet,0.00034,1073,24,501+,0.2,0.002384,1026,19,501+,0.4,0.111692,0.169543,0,0,0,,,
2026-05-11,2026-05-18,21145,McCracken County,Kentucky,KY,quiet,0.000339,1074,14,501+,0.2,0.002739,925,15,501+,0.46,0.111609,0.192563,0,0,0,,0.862,2022-23
2026-05-11,2026-05-18,12029,Dixie County,Florida,FL,quiet,0.000338,1075,43,501+,0.2,0.002156,1087,38,501+,0.36,0.11124,0.154314,0,0,0,,0.98,2022-23
2026-05-11,2026-05-18,40079,Le Flore County,Oklahoma,OK,quiet,0.000338,1076,14,501+,0.2,0.0015,1370,25,501+,0.25,0.111173,0.108403,0,0,0,,0.9387,2023-24
2026-05-11,2026-05-18,51770,Roanoke City,Virginia,VA,quiet,0.000337,1077,31,501+,0.2,0.00143,1402,36,501+,0.24,0.110946,0.103344,0,0,0,,0.909,2023-24
2026-05-11,2026-05-18,16015,Boise County,Idaho,ID,quiet,0.000336,1078,25,501+,0.2,0.002199,1077,29,501+,0.37,0.110787,0.157195,0,0,0,,,
2026-05-11,2026-05-18,30099,Teton County,Montana,MT,quiet,0.000336,1079,13,501+,0.2,0.00185,1203,21,501+,0.31,0.110629,0.133256,0,0,0,,,
2026-05-11,2026-05-18,08121,Washington County,Colorado,CO,quiet,0.000334,1080,35,501+,0.2,0.001739,1252,35,501+,0.29,0.110075,0.125498,0,0,0,,0.8409,2023-24
2026-05-11,2026-05-18,32015,Lander County,Nevada,NV,quiet,0.000334,1081,14,501+,0.2,0.003337,805,13,501+,0.56,0.110072,0.229331,0,0,0,,0.99,2022-23
2026-05-11,2026-05-18,48279,Lamb County,Texas,TX,quiet,0.000333,1082,97,501+,0.19,0.005637,570,46,501+,0.95,0.109827,0.348834,0,0,1,60,0.97368421,2023-24
2026-05-11,2026-05-18,30077,Powell County,Montana,MT,quiet,0.000333,1083,14,501+,0.19,0.002416,1017,16,501+,0.41,0.10966,0.171651,0,0,0,,,
2026-05-11,2026-05-18,31043,Dakota County,Nebraska,NE,quiet,0.000333,1084,10,501+,0.19,0.001337,1467,20,501+,0.23,0.109622,0.096609,0,0,0,,,
2026-05-11,2026-05-18,19167,Sioux County,Iowa,IA,quiet,0.000332,1085,13,501+,0.19,0.002201,1073,13,501+,0.37,0.109589,0.157336,0,0,0,,0.86988848,2023-24
2026-05-11,2026-05-18,13085,Dawson County,Georgia,GA,quiet,0.000332,1086,29,501+,0.19,0.001681,1279,31,501+,0.28,0.109348,0.121343,0,0,0,,,
2026-05-11,2026-05-18,47021,Cheatham County,Tennessee,TN,quiet,0.000332,1087,18,501+,0.19,0.003829,731,12,501+,0.65,0.10934,0.257663,0,0,0,,0.938,2023-24
2026-05-11,2026-05-18,48477,Washington County,Texas,TX,quiet,0.000331,1088,98,501+,0.19,0.00118,1555,178,501+,0.2,0.109261,0.085115,0,0,0,,0.96756757,2023-24
2026-05-11,2026-05-18,51043,Clarke County,Virginia,VA,quiet,0.00033,1089,32,501+,0.19,0.001186,1551,43,501+,0.2,0.108844,0.085524,0,0,0,,0.929,2023-24
2026-05-11,2026-05-18,27021,Cass County,Minnesota,MN,quiet,0.000329,1090,34,501+,0.19,0.001909,1187,36,501+,0.32,0.108492,0.137379,0,0,0,,0.841,2023-24
2026-05-11,2026-05-18,48149,Fayette County,Texas,TX,quiet,0.000328,1091,99,501+,0.19,0.001621,1315,143,501+,0.27,0.108418,0.117127,0,0,0,,0.96969697,2023-24
2026-05-11,2026-05-18,38005,Benson County,North Dakota,ND,quiet,0.000328,1092,19,501+,0.19,0.001976,1158,22,501+,0.33,0.108416,0.142017,0,0,0,,0.9504,2023-24
2026-05-11,2026-05-18,08047,Gilpin County,Colorado,CO,quiet,0.000328,1093,36,501+,0.19,0.002458,998,28,501+,0.42,0.108276,0.174454,0,0,0,,0.7778,2023-24
2026-05-11,2026-05-18,31013,Box Butte County,Nebraska,NE,quiet,0.000327,1094,11,501+,0.19,0.001846,1205,11,501+,0.31,0.108011,0.132953,0,0,0,,,
2026-05-11,2026-05-18,32027,Pershing County,Nevada,NV,quiet,0.000326,1095,15,501+,0.19,0.002137,1096,14,501+,0.36,0.107769,0.153017,0,0,0,,0.97,2022-23
2026-05-11,2026-05-18,54033,Harrison County,West Virginia,WV,quiet,0.000326,1096,4,501+,0.19,0.002235,1059,3,501+,0.38,0.107578,0.15962,0,0,0,,,
2026-05-11,2026-05-18,48093,Comanche County,Texas,TX,quiet,0.000325,1097,100,501+,0.19,0.00148,1380,152,501+,0.25,0.107345,0.10696,0,0,0,,0.97315436,2023-24
2026-05-11,2026-05-18,48129,Donley County,Texas,TX,quiet,0.000324,1098,101,501+,0.19,0.001997,1152,125,501+,0.34,0.106959,0.143432,0,0,0,,0.97727273,2023-24
2026-05-11,2026-05-18,48065,Carson County,Texas,TX,quiet,0.000323,1099,102,501+,0.19,0.002362,1032,112,501+,0.4,0.10678,0.16813,0,0,1,52,0.91666667,2023-24
2026-05-11,2026-05-18,28073,Lamar County,Mississippi,MS,quiet,0.000322,1100,10,501+,0.19,0.001153,1578,14,501+,0.19,0.106608,0.083055,0,0,0,,,
2026-05-11,2026-05-18,09150,Northeastern Connecticut Planning Region,Connecticut,CT,quiet,0.000322,1101,9,501+,0.19,0.001581,1331,9,501+,0.27,0.106576,0.114228,0,0,0,,,
2026-05-11,2026-05-18,36009,Cattaraugus County,New York,NY,quiet,0.000322,1102,30,501+,0.19,0.002727,929,26,501+,0.46,0.106506,0.191804,0,0,0,,0.70641667,2022-23
2026-05-11,2026-05-18,26019,Benzie County,Michigan,MI,quiet,0.000322,1103,51,501+,0.19,0.00388,727,39,501+,0.66,0.106486,0.260533,0,0,0,,0.88,2023-24
2026-05-11,2026-05-18,40081,Lincoln County,Oklahoma,OK,quiet,0.000321,1104,15,501+,0.19,0.001121,1599,36,501+,0.19,0.10622,0.080705,0,0,0,,0.8714,2023-24
2026-05-11,2026-05-18,17073,Henry County,Illinois,IL,quiet,0.00032,1105,23,501+,0.19,0.001778,1236,26,501+,0.3,0.105967,0.128234,0,0,0,,,
2026-05-11,2026-05-18,30043,Jefferson County,Montana,MT,quiet,0.00032,1106,15,501+,0.19,0.003587,761,11,501+,0.61,0.105858,0.24395,0,0,0,,,
2026-05-11,2026-05-18,13025,Brantley County,Georgia,GA,quiet,0.000319,1107,30,501+,0.19,0.000946,1753,56,501+,0.16,0.105693,0.067683,0,0,0,,,
2026-05-11,2026-05-18,37169,Stokes County,North Carolina,NC,quiet,0.000319,1108,48,501+,0.19,0.00374,743,30,501+,0.63,0.105475,0.252678,0,0,0,,0.97045455,2022-23
2026-05-11,2026-05-18,48003,Andrews County,Texas,TX,quiet,0.000318,1109,103,501+,0.19,0.006706,497,36,151–500,1.13,0.105302,0.394315,0,0,3,55,0.97682119,2023-24
2026-05-11,2026-05-18,22087,St. Bernard Parish,Louisiana,LA,quiet,0.000318,1110,20,501+,0.19,0.000902,1799,27,501+,0.15,0.105224,0.064435,0,0,0,,0.928,2021-22
2026-05-11,2026-05-18,48077,Clay County,Texas,TX,quiet,0.000316,1111,104,501+,0.18,0.003068,856,91,501+,0.52,0.104724,0.213122,0,0,0,,0.91176471,2023-24
2026-05-11,2026-05-18,48015,Austin County,Texas,TX,quiet,0.000314,1112,105,501+,0.18,0.001967,1163,129,501+,0.33,0.104104,0.14139,0,0,0,,0.94540943,2023-24
2026-05-11,2026-05-18,40125,Pottawatomie County,Oklahoma,OK,quiet,0.000314,1113,16,501+,0.18,0.002157,1086,17,501+,0.36,0.104031,0.154374,0,0,0,,0.9133,2023-24
2026-05-11,2026-05-18,39039,Defiance County,Ohio,OH,quiet,0.000314,1114,41,501+,0.18,0.002116,1104,38,501+,0.36,0.10401,0.15156,0,0,1,57,,
2026-05-11,2026-05-18,13151,Henry County,Georgia,GA,quiet,0.000312,1115,31,501+,0.18,0.001342,1461,39,501+,0.23,0.103403,0.096948,0,0,0,,,
2026-05-11,2026-05-18,54039,Kanawha County,West Virginia,WV,quiet,0.00031,1116,5,501+,0.18,0.001566,1342,5,501+,0.26,0.103041,0.113153,0,0,0,,,
2026-05-11,2026-05-18,27069,Kittson County,Minnesota,MN,quiet,0.00031,1117,35,501+,0.18,0.001064,1640,57,501+,0.18,0.103007,0.076517,0,0,0,,0.906,2023-24
2026-05-11,2026-05-18,17081,Jefferson County,Illinois,IL,quiet,0.00031,1118,24,501+,0.18,0.001379,1434,33,501+,0.23,0.10287,0.099687,0,0,0,,,
2026-05-11,2026-05-18,08119,Teller County,Colorado,CO,quiet,0.000309,1119,37,501+,0.18,0.002064,1120,32,501+,0.35,0.102777,0.14807,0,0,0,,0.7829,2023-24
2026-05-11,2026-05-18,18145,Shelby County,Indiana,IN,quiet,0.000309,1120,25,501+,0.18,0.002555,970,16,501+,0.43,0.102616,0.180796,0,0,0,,,
2026-05-11,2026-05-18,17199,Williamson County,Illinois,IL,quiet,0.000308,1121,25,501+,0.18,0.005331,593,11,501+,0.9,0.102444,0.334713,0,0,4,53,,
2026-05-11,2026-05-18,48497,Wise County,Texas,TX,quiet,0.000308,1122,106,501+,0.18,0.002052,1129,120,501+,0.35,0.102437,0.147255,0,0,0,,0.88609272,2023-24
2026-05-11,2026-05-18,48037,Bowie County,Texas,TX,quiet,0.000307,1123,107,501+,0.18,0.001927,1179,130,501+,0.33,0.102009,0.138593,0,0,0,,0.95076675,2023-24
2026-05-11,2026-05-18,16087,Washington County,Idaho,ID,quiet,0.000306,1124,26,501+,0.18,0.002345,1039,27,501+,0.4,0.101861,0.166988,0,0,0,,,
2026-05-11,2026-05-18,42099,Perry County,Pennsylvania,PA,quiet,0.000306,1125,44,501+,0.18,0.002783,916,40,501+,0.47,0.101659,0.195342,0,0,0,,0.96577017,2023-24
2026-05-11,2026-05-18,51790,Staunton City,Virginia,VA,quiet,0.000306,1126,33,501+,0.18,0.000915,1790,52,501+,0.15,0.101631,0.065432,0,0,0,,0.933,2023-24
2026-05-11,2026-05-18,37141,Pender County,North Carolina,NC,quiet,0.000306,1127,49,501+,0.18,0.003128,844,35,501+,0.53,0.101606,0.216774,0,0,0,,0.93850267,2022-23
2026-05-11,2026-05-18,26023,Branch County,Michigan,MI,quiet,0.000305,1128,52,501+,0.18,0.002968,872,45,501+,0.5,0.101522,0.206918,0,0,0,,0.8852,2023-24
2026-05-11,2026-05-18,51121,Montgomery County,Virginia,VA,quiet,0.000305,1129,34,501+,0.18,0.001006,1698,48,501+,0.17,0.101352,0.072214,0,0,0,,0.887,2023-24
2026-05-11,2026-05-18,23011,Kennebec County,Maine,ME,quiet,0.000304,1130,6,501+,0.18,0.003169,835,6,501+,0.54,0.101256,0.219259,0,0,0,,0.9753,2023-24
2026-05-11,2026-05-18,36011,Cayuga County,New York,NY,quiet,0.000303,1131,31,501+,0.18,0.002526,975,27,501+,0.43,0.100761,0.178872,0,0,0,,0.98862162,2022-23
2026-05-11,2026-05-18,12093,Okeechobee County,Florida,FL,quiet,0.000303,1132,44,501+,0.18,0.001111,1607,52,501+,0.19,0.1007,0.07995,0,0,0,,0.974,2022-23
2026-05-11,2026-05-18,20159,Rice County,Kansas,KS,quiet,0.000302,1133,17,501+,0.18,0.001055,1651,49,501+,0.18,0.100504,0.075833,0,0,0,,0.93,2023-24
2026-05-11,2026-05-18,48229,Hudspeth County,Texas,TX,quiet,0.000302,1134,108,501+,0.18,0.007962,447,32,151–500,1.35,0.100492,0.441243,0,0,136,5,0.92105263,2023-24
2026-05-11,2026-05-18,29113,Lincoln County,Missouri,MO,quiet,0.000302,1135,26,501+,0.18,0.00206,1122,27,501+,0.35,0.100488,0.147808,0,0,0,,0.928,2023-24
2026-05-11,2026-05-18,17095,Knox County,Illinois,IL,quiet,0.000301,1136,26,501+,0.18,0.000919,1781,40,501+,0.16,0.100387,0.06571,0,0,0,,,
2026-05-11,2026-05-18,13267,Tattnall County,Georgia,GA,quiet,0.000301,1137,32,501+,0.18,0.0008,1905,68,501+,0.14,0.100274,0.056818,0,0,0,,,
2026-05-11,2026-05-18,51015,Augusta County,Virginia,VA,quiet,0.000301,1138,35,501+,0.18,0.001331,1470,38,501+,0.22,0.100226,0.096129,0,0,0,,0.937,2023-24
2026-05-11,2026-05-18,21239,Woodford County,Kentucky,KY,quiet,0.0003,1139,15,501+,0.18,0.00487,629,8,501+,0.82,0.100033,0.312514,0,0,3,45,0.935,2022-23
2026-05-11,2026-05-18,48159,Franklin County,Texas,TX,quiet,0.0003,1140,109,501+,0.18,0.003776,739,73,501+,0.64,0.09997,0.254685,0,0,0,,0.95238095,2023-24
2026-05-11,2026-05-18,01031,Coffee County,Alabama,AL,quiet,0.0003,1141,15,501+,0.18,0.002057,1124,14,501+,0.35,0.09988,0.147545,0,0,0,,0.9612,2022-23
2026-05-11,2026-05-18,48023,Baylor County,Texas,TX,quiet,0.000299,1142,110,501+,0.17,0.003431,791,82,501+,0.58,0.099645,0.234864,0,0,0,,0.92307692,2023-24
2026-05-11,2026-05-18,51740,Portsmouth City,Virginia,VA,quiet,0.000299,1143,36,501+,0.17,0.000752,1968,61,501+,0.13,0.099562,0.053225,0,0,0,,0.695,2023-24
2026-05-11,2026-05-18,47141,Putnam County,Tennessee,TN,quiet,0.000298,1144,19,501+,0.17,0.002308,1046,21,501+,0.39,0.099484,0.164501,0,0,0,,0.939,2023-24
2026-05-11,2026-05-18,22115,Vernon Parish,Louisiana,LA,quiet,0.000297,1145,21,501+,0.17,0.002067,1119,15,501+,0.35,0.099158,0.148235,0,0,0,,0.922,2021-22
2026-05-11,2026-05-18,13219,Oconee County,Georgia,GA,quiet,0.000297,1146,33,501+,0.17,0.001066,1636,48,501+,0.18,0.099132,0.076677,0,0,0,,,
2026-05-11,2026-05-18,47163,Sullivan County,Tennessee,TN,quiet,0.000297,1147,20,501+,0.17,0.001262,1503,35,501+,0.21,0.099068,0.091139,0,0,0,,0.955,2023-24
2026-05-11,2026-05-18,39139,Richland County,Ohio,OH,quiet,0.000296,1148,42,501+,0.17,0.001711,1268,42,501+,0.29,0.098865,0.123479,0,0,0,,,
2026-05-11,2026-05-18,16051,Jefferson County,Idaho,ID,quiet,0.000296,1149,27,501+,0.17,0.003646,753,18,501+,0.62,0.098757,0.247328,0,0,0,,,
2026-05-11,2026-05-18,29179,Reynolds County,Missouri,MO,quiet,0.000296,1150,27,501+,0.17,0.00139,1425,41,501+,0.23,0.09873,0.100461,0,0,0,,0.86,2023-24
2026-05-11,2026-05-18,08003,Alamosa County,Colorado,CO,quiet,0.000296,1151,38,501+,0.17,0.002056,1125,34,501+,0.35,0.098712,0.147514,0,0,0,,0.8477,2023-24
2026-05-11,2026-05-18,17029,Coles County,Illinois,IL,quiet,0.000296,1152,27,501+,0.17,0.001548,1350,29,501+,0.26,0.098642,0.111904,0,0,0,,,
2026-05-11,2026-05-18,25011,Franklin County,Massachusetts,MA,quiet,0.000295,1153,10,501+,0.17,0.003945,721,9,501+,0.67,0.098362,0.264149,0,0,0,,0.925,2023-24
2026-05-11,2026-05-18,53039,Klickitat County,Washington,WA,quiet,0.000293,1154,32,501+,0.17,0.00244,1007,31,501+,0.41,0.097959,0.173273,0,0,0,,0.86259542,2023-24
2026-05-11,2026-05-18,33001,Belknap County,New Hampshire,NH,quiet,0.000292,1155,6,501+,0.17,0.001894,1191,6,501+,0.32,0.09754,0.136321,0,0,0,,,
2026-05-11,2026-05-18,18053,Grant County,Indiana,IN,quiet,0.000292,1156,26,501+,0.17,0.001732,1257,27,501+,0.29,0.097523,0.12496,0,0,0,,,
2026-05-11,2026-05-18,40007,Beaver County,Oklahoma,OK,quiet,0.000292,1157,17,501+,0.17,0.001958,1165,20,501+,0.33,0.09746,0.140761,0,0,0,,0.8889,2023-24
2026-05-11,2026-05-18,38059,Morton County,North Dakota,ND,quiet,0.000292,1158,20,501+,0.17,0.001563,1347,26,501+,0.26,0.097455,0.112915,0,0,0,,0.8744,2023-24
2026-05-11,2026-05-18,12023,Columbia County,Florida,FL,quiet,0.000291,1159,45,501+,0.17,0.001775,1238,44,501+,0.3,0.097244,0.127997,0,0,0,,0.946,2022-23
2026-05-11,2026-05-18,01015,Calhoun County,Alabama,AL,quiet,0.000291,1160,16,501+,0.17,0.001173,1560,23,501+,0.2,0.097231,0.084534,0,0,0,,0.9411,2022-23
2026-05-11,2026-05-18,48153,Floyd County,Texas,TX,quiet,0.000291,1161,111,501+,0.17,0.002583,965,105,501+,0.44,0.097133,0.182547,0,0,0,,0.95121951,2023-24
2026-05-11,2026-05-18,45055,Kershaw County,South Carolina,SC,quiet,0.000291,1162,25,501+,0.17,0.001827,1212,28,501+,0.31,0.097099,0.131618,0,0,0,,0.94,2023-24
2026-05-11,2026-05-18,31131,Otoe County,Nebraska,NE,quiet,0.000289,1163,12,501+,0.17,0.001819,1216,13,501+,0.31,0.096512,0.131099,0,0,0,,,
2026-05-11,2026-05-18,20097,Kiowa County,Kansas,KS,quiet,0.000288,1164,18,501+,0.17,0.005886,548,7,501+,0.99,0.096297,0.359945,0,0,6,58,0.92,2022-23
2026-05-11,2026-05-18,20057,Ford County,Kansas,KS,quiet,0.000288,1165,19,501+,0.17,0.004786,635,11,501+,0.81,0.096259,0.308347,0,0,0,,0.87,2023-24
2026-05-11,2026-05-18,17107,Logan County,Illinois,IL,quiet,0.000287,1166,28,501+,0.17,0.001601,1324,28,501+,0.27,0.096094,0.115695,0,0,0,,,
2026-05-11,2026-05-18,45075,Orangeburg County,South Carolina,SC,quiet,0.000287,1167,26,501+,0.17,0.001817,1218,29,501+,0.31,0.096059,0.130948,0,0,0,,0.962,2023-24
2026-05-11,2026-05-18,13213,Murray County,Georgia,GA,quiet,0.000287,1168,34,501+,0.17,0.001099,1614,47,501+,0.19,0.095868,0.07912,0,0,0,,,
2026-05-11,2026-05-18,48417,Shackelford County,Texas,TX,quiet,0.000286,1169,112,501+,0.17,0.004759,639,57,501+,0.8,0.095745,0.306992,0,0,1,54,0.83333333,2023-24
2026-05-11,2026-05-18,13073,Columbia County,Georgia,GA,quiet,0.000286,1170,35,501+,0.17,0.000839,1857,65,501+,0.14,0.095692,0.059753,0,0,0,,,
2026-05-11,2026-05-18,20043,Doniphan County,Kansas,KS,quiet,0.000286,1171,20,501+,0.17,0.000787,1922,64,501+,0.13,0.09569,0.055861,0,0,0,,0.8,2023-24
2026-05-11,2026-05-18,46129,Walworth County,South Dakota,SD,quiet,0.000285,1172,13,501+,0.17,0.002719,931,12,501+,0.46,0.095469,0.19129,0,0,0,,0.9,2023-24
2026-05-11,2026-05-18,20115,Marion County,Kansas,KS,quiet,0.000285,1173,21,501+,0.17,0.000889,1809,59,501+,0.15,0.095453,0.063453,0,0,0,,0.81,2023-24
2026-05-11,2026-05-18,40013,Bryan County,Oklahoma,OK,quiet,0.000284,1174,18,501+,0.17,0.002177,1082,16,501+,0.37,0.095225,0.15573,0,0,0,,0.8727,2023-24
2026-05-11,2026-05-18,48297,Live Oak County,Texas,TX,quiet,0.000284,1175,113,501+,0.17,0.001978,1156,126,501+,0.33,0.095199,0.142161,0,0,0,,0.96062992,2023-24
2026-05-11,2026-05-18,01077,Lauderdale County,Alabama,AL,quiet,0.000284,1176,17,501+,0.17,0.000798,1909,29,501+,0.13,0.095188,0.056655,0,0,0,,0.9441,2022-23
2026-05-11,2026-05-18,18107,Montgomery County,Indiana,IN,quiet,0.000283,1177,27,501+,0.17,0.001681,1280,28,501+,0.28,0.094877,0.121341,0,0,0,,,
2026-05-11,2026-05-18,48289,Leon County,Texas,TX,quiet,0.000283,1178,114,501+,0.17,0.001915,1185,132,501+,0.32,0.09484,0.137807,0,0,0,,0.94761905,2023-24
2026-05-11,2026-05-18,20001,Allen County,Kansas,KS,quiet,0.000281,1179,22,501+,0.16,0.001134,1590,43,501+,0.19,0.094283,0.081704,0,0,0,,0.93,2023-24
2026-05-11,2026-05-18,30087,Rosebud County,Montana,MT,quiet,0.000281,1180,16,501+,0.16,0.001365,1447,29,501+,0.23,0.094251,0.098614,0,0,0,,,
2026-05-11,2026-05-18,48387,Red River County,Texas,TX,quiet,0.000281,1181,115,501+,0.16,0.000979,1724,190,501+,0.17,0.094061,0.070175,0,0,0,,0.91056911,2023-24
2026-05-11,2026-05-18,37003,Alexander County,North Carolina,NC,quiet,0.00028,1182,50,501+,0.16,0.001952,1166,50,501+,0.33,0.094012,0.140342,0,0,0,,0.96296296,2022-23
2026-05-11,2026-05-18,08021,Conejos County,Colorado,CO,quiet,0.00028,1183,39,501+,0.16,0.001001,1704,46,501+,0.17,0.09394,0.07183,0,0,0,,0.8725,2023-24
2026-05-11,2026-05-18,48049,Brown County,Texas,TX,quiet,0.00028,1184,116,501+,0.16,0.003053,859,92,501+,0.52,0.093819,0.212193,0,0,1,58,0.93636364,2023-24
2026-05-11,2026-05-18,22097,St. Landry Parish,Louisiana,LA,quiet,0.00028,1185,22,501+,0.16,0.000886,1813,29,501+,0.15,0.093726,0.063203,0,0,0,,0.896,2021-22
2026-05-11,2026-05-18,48421,Sherman County,Texas,TX,quiet,0.000278,1186,117,501+,0.16,0.001456,1391,153,501+,0.25,0.09318,0.105236,0,0,0,,0.96226415,2023-24
2026-05-11,2026-05-18,16041,Franklin County,Idaho,ID,quiet,0.000278,1187,28,501+,0.16,0.004043,706,17,501+,0.68,0.093143,0.269501,0,0,0,,,
2026-05-11,2026-05-18,47123,Monroe County,Tennessee,TN,quiet,0.000277,1188,21,501+,0.16,0.001284,1493,34,501+,0.22,0.092997,0.092727,0,0,0,,0.944,2023-24
2026-05-11,2026-05-18,55055,Jefferson County,Wisconsin,WI,quiet,0.000277,1189,24,501+,0.16,0.002244,1056,25,501+,0.38,0.092935,0.160221,0,0,0,,0.796,2023-24
2026-05-11,2026-05-18,13045,Carroll County,Georgia,GA,quiet,0.000277,1190,36,501+,0.16,0.000926,1770,57,501+,0.16,0.09289,0.066262,0,0,0,,,
2026-05-11,2026-05-18,47145,Roane County,Tennessee,TN,quiet,0.000277,1191,22,501+,0.16,0.002356,1036,20,501+,0.4,0.092859,0.167712,0,0,0,,0.959,2023-24
2026-05-11,2026-05-18,48097,Cooke County,Texas,TX,quiet,0.000277,1192,118,501+,0.16,0.002089,1113,118,501+,0.35,0.092815,0.149749,0,0,0,,0.92307692,2023-24
2026-05-11,2026-05-18,29067,Douglas County,Missouri,MO,quiet,0.000275,1193,28,501+,0.16,0.001012,1691,54,501+,0.17,0.0925,0.072599,0,0,0,,0.675,2023-24
2026-05-11,2026-05-18,27099,Mower County,Minnesota,MN,quiet,0.000275,1194,36,501+,0.16,0.002754,922,24,501+,0.47,0.092439,0.193516,0,0,0,,0.951,2023-24
2026-05-11,2026-05-18,40037,Creek County,Oklahoma,OK,quiet,0.000275,1195,19,501+,0.16,0.00169,1276,24,501+,0.29,0.092291,0.121998,0,0,0,,0.8257,2023-24
2026-05-11,2026-05-18,27113,Pennington County,Minnesota,MN,quiet,0.000275,1196,37,501+,0.16,0.002893,892,23,501+,0.49,0.092277,0.202289,0,0,0,,0.932,2023-24
2026-05-11,2026-05-18,47159,Smith County,Tennessee,TN,quiet,0.000274,1197,23,501+,0.16,0.002883,895,15,501+,0.49,0.092108,0.201648,0,0,0,,0.959,2023-24
2026-05-11,2026-05-18,48359,Oldham County,Texas,TX,quiet,0.000274,1198,119,501+,0.16,0.003599,760,77,501+,0.61,0.091948,0.244636,0,0,0,,0.84,2023-24
2026-05-11,2026-05-18,25015,Hampshire County,Massachusetts,MA,quiet,0.000273,1199,11,501+,0.16,0.001784,1231,11,501+,0.3,0.091885,0.128619,0,0,0,,0.966,2023-24
2026-05-11,2026-05-18,41033,Josephine County,Oregon,OR,quiet,0.000273,1200,27,501+,0.16,0.001364,1450,28,501+,0.23,0.0918,0.098595,0,0,0,,0.787,2023-24
2026-05-11,2026-05-18,26003,Alger County,Michigan,MI,quiet,0.000272,1201,53,501+,0.16,0.00467,648,37,501+,0.79,0.09146,0.302489,0,0,0,,0.9459,2023-24
2026-05-11,2026-05-18,48063,Camp County,Texas,TX,quiet,0.000272,1202,120,501+,0.16,0.001217,1532,173,501+,0.21,0.091364,0.087787,0,0,0,,0.95428571,2023-24
2026-05-11,2026-05-18,28149,Warren County,Mississippi,MS,quiet,0.000272,1203,11,501+,0.16,0.001713,1267,9,501+,0.29,0.091359,0.123609,0,0,0,,,
2026-05-11,2026-05-18,20037,Crawford County,Kansas,KS,quiet,0.000271,1204,23,501+,0.16,0.001826,1214,26,501+,0.31,0.091221,0.131557,0,0,0,,0.93,2023-24
2026-05-11,2026-05-18,19181,Warren County,Iowa,IA,quiet,0.000271,1205,14,501+,0.16,0.002898,889,10,501+,0.49,0.091203,0.202583,0,0,0,,0.9004329,2023-24
2026-05-11,2026-05-18,31045,Dawes County,Nebraska,NE,quiet,0.000271,1206,13,501+,0.16,0.001834,1208,12,501+,0.31,0.091107,0.132145,0,0,0,,,
2026-05-11,2026-05-18,08063,Kit Carson County,Colorado,CO,quiet,0.000271,1207,40,501+,0.16,0.002163,1085,29,501+,0.37,0.090983,0.15478,0,0,0,,0.9273,2023-24
2026-05-11,2026-05-18,55071,Manitowoc County,Wisconsin,WI,quiet,0.00027,1208,25,501+,0.16,0.002453,1000,21,501+,0.41,0.090954,0.174136,0,0,0,,0.803,2023-24
2026-05-11,2026-05-18,51047,Culpeper County,Virginia,VA,quiet,0.00027,1209,37,501+,0.16,0.002027,1136,26,501+,0.34,0.090749,0.145547,0,0,0,,0.904,2023-24
2026-05-11,2026-05-18,13179,Liberty County,Georgia,GA,quiet,0.000269,1210,37,501+,0.16,0.003414,795,17,501+,0.58,0.090544,0.233856,0,0,0,,,
2026-05-11,2026-05-18,17187,Warren County,Illinois,IL,quiet,0.000268,1211,29,501+,0.16,0.00093,1768,39,501+,0.16,0.090338,0.066532,0,0,0,,,
2026-05-11,2026-05-18,35035,Otero County,New Mexico,NM,quiet,0.000268,1212,15,501+,0.16,0.007195,480,10,151–500,1.22,0.090234,0.413396,0,0,0,,0.85,2018-19
2026-05-11,2026-05-18,25003,Berkshire County,Massachusetts,MA,quiet,0.000268,1213,12,501+,0.16,0.002533,974,10,501+,0.43,0.090227,0.179312,0,0,0,,0.928,2023-24
2026-05-11,2026-05-18,36063,Niagara County,New York,NY,quiet,0.000267,1214,32,501+,0.16,0.000859,1838,51,501+,0.15,0.08981,0.061201,0,0,0,,0.99675714,2022-23
2026-05-11,2026-05-18,20019,Chautauqua County,Kansas,KS,quiet,0.000267,1215,24,501+,0.16,0.000814,1886,63,501+,0.14,0.089777,0.05788,0,0,0,,0.73,2023-24
2026-05-11,2026-05-18,26089,Leelanau County,Michigan,MI,quiet,0.000266,1216,54,501+,0.16,0.001346,1456,58,501+,0.23,0.089678,0.097238,0,0,0,,0.92,2023-24
2026-05-11,2026-05-18,26165,Wexford County,Michigan,MI,quiet,0.000266,1217,55,501+,0.16,0.001544,1352,55,501+,0.26,0.08962,0.11162,0,0,0,,0.8526,2023-24
2026-05-11,2026-05-18,44009,Washington County,Rhode Island,RI,quiet,0.000266,1218,3,501+,0.16,0.003541,770,3,501+,0.6,0.089549,0.241297,0,0,0,,0.971,2023-24
2026-05-11,2026-05-18,20145,Pawnee County,Kansas,KS,quiet,0.000266,1219,25,501+,0.16,0.002434,1013,17,501+,0.41,0.089504,0.172886,0,0,7,49,0.93,2023-24
2026-05-11,2026-05-18,25001,Barnstable County,Massachusetts,MA,quiet,0.000265,1220,13,501+,0.16,0.0016,1325,12,501+,0.27,0.089386,0.115579,0,0,0,,0.939,2023-24
2026-05-11,2026-05-18,54049,Marion County,West Virginia,WV,quiet,0.000265,1221,6,501+,0.15,0.002137,1097,4,501+,0.36,0.089153,0.153016,0,0,0,,,
2026-05-11,2026-05-18,50001,Addison County,Vermont,VT,quiet,0.000265,1222,6,501+,0.15,0.001561,1348,7,501+,0.26,0.08914,0.112837,0,0,0,,0.95,2023-24
2026-05-11,2026-05-18,47103,Lincoln County,Tennessee,TN,quiet,0.000265,1223,24,501+,0.15,0.001676,1286,26,501+,0.28,0.089131,0.120985,0,0,0,,0.947,2023-24
2026-05-11,2026-05-18,47107,McMinn County,Tennessee,TN,quiet,0.000264,1224,25,501+,0.15,0.001972,1161,22,501+,0.33,0.088823,0.141703,0,0,0,,0.956,2023-24
2026-05-11,2026-05-18,48463,Uvalde County,Texas,TX,quiet,0.000263,1225,121,501+,0.15,0.002407,1024,109,501+,0.41,0.08879,0.171104,0,0,0,,0.94632768,2023-24
2026-05-11,2026-05-18,29023,Butler County,Missouri,MO,quiet,0.000263,1226,29,501+,0.15,0.001468,1384,38,501+,0.25,0.088632,0.106142,0,0,0,,0.872,2023-24
2026-05-11,2026-05-18,05039,Dallas County,Arkansas,AR,quiet,0.000263,1227,11,501+,0.15,0.001495,1373,12,501+,0.25,0.088607,0.108044,0,0,0,,,
2026-05-11,2026-05-18,55015,Calumet County,Wisconsin,WI,quiet,0.000263,1228,26,501+,0.15,0.002224,1063,27,501+,0.38,0.088554,0.158908,0,0,0,,0.81,2023-24
2026-05-11,2026-05-18,22025,Catahoula Parish,Louisiana,LA,quiet,0.000263,1229,23,501+,0.15,0.00105,1656,24,501+,0.18,0.088533,0.075462,0,0,0,,0.954,2021-22
2026-05-11,2026-05-18,45037,Edgefield County,South Carolina,SC,quiet,0.000262,1230,27,501+,0.15,0.00126,1504,30,501+,0.21,0.088447,0.090962,0,0,0,,0.966,2023-24
2026-05-11,2026-05-18,02016,Aleutians West Census Area,Alaska,AK,quiet,0.000262,1231,7,501+,0.15,0.002617,956,7,501+,0.44,0.088425,0.184786,0,0,0,,,
2026-05-11,2026-05-18,51683,Manassas City,Virginia,VA,quiet,0.000262,1232,38,501+,0.15,0.001137,1587,44,501+,0.19,0.088334,0.081871,0,0,0,,0.971,2023-24
2026-05-11,2026-05-18,01017,Chambers County,Alabama,AL,quiet,0.000262,1233,18,501+,0.15,0.002221,1065,10,501+,0.38,0.088204,0.158664,0,0,0,,0.9312,2022-23
2026-05-11,2026-05-18,41023,Grant County,Oregon,OR,quiet,0.000261,1234,28,501+,0.15,0.002939,879,23,501+,0.5,0.088054,0.205171,0,0,0,,0.859,2023-24
2026-05-11,2026-05-18,29031,Cape Girardeau County,Missouri,MO,quiet,0.000259,1235,30,501+,0.15,0.001474,1381,37,501+,0.25,0.087429,0.106564,0,0,0,,0.906,2023-24
2026-05-11,2026-05-18,02063,Chugach Census Area,Alaska,AK,quiet,0.000258,1236,8,501+,0.15,0.001942,1169,9,501+,0.33,0.087235,0.139677,0,0,0,,,
2026-05-11,2026-05-18,55073,Marathon County,Wisconsin,WI,quiet,0.000258,1237,27,501+,0.15,0.002533,973,18,501+,0.43,0.087136,0.179317,0,0,0,,0.803,2023-24
2026-05-11,2026-05-18,13183,Long County,Georgia,GA,quiet,0.000257,1238,38,501+,0.15,0.00121,1538,42,501+,0.2,0.086898,0.087263,0,0,0,,,
2026-05-11,2026-05-18,53019,Ferry County,Washington,WA,quiet,0.000257,1239,33,501+,0.15,0.001564,1344,34,501+,0.26,0.086871,0.113026,0,0,0,,0.86666667,2023-24
2026-05-11,2026-05-18,19139,Muscatine County,Iowa,IA,quiet,0.000256,1240,15,501+,0.15,0.00172,1262,17,501+,0.29,0.086496,0.124108,0,0,0,,0.91699605,2023-24
2026-05-11,2026-05-18,12013,Calhoun County,Florida,FL,quiet,0.000255,1241,46,501+,0.15,0.000736,1991,61,501+,0.12,0.086314,0.052049,0,0,0,,0.953,2022-23
2026-05-11,2026-05-18,12107,Putnam County,Florida,FL,quiet,0.000255,1242,47,501+,0.15,0.001035,1673,54,501+,0.17,0.086174,0.074347,0,0,0,,0.913,2022-23
2026-05-11,2026-05-18,51049,Cumberland County,Virginia,VA,quiet,0.000255,1243,39,501+,0.15,0.000988,1715,49,501+,0.17,0.086053,0.070817,0,0,0,,0.932,2023-24
2026-05-11,2026-05-18,30061,Mineral County,Montana,MT,quiet,0.000254,1244,17,501+,0.15,0.001819,1217,23,501+,0.31,0.086029,0.131071,0,0,0,,,
2026-05-11,2026-05-18,47119,Maury County,Tennessee,TN,quiet,0.000254,1245,26,501+,0.15,0.001672,1292,27,501+,0.28,0.08593,0.120718,0,0,0,,0.913,2023-24
2026-05-11,2026-05-18,44001,Bristol County,Rhode Island,RI,quiet,0.000254,1246,4,501+,0.15,0.002479,992,4,501+,0.42,0.085856,0.175789,0,0,0,,0.978,2023-24
2026-05-11,2026-05-18,47003,Bedford County,Tennessee,TN,quiet,0.000253,1247,27,501+,0.15,0.001033,1674,40,501+,0.17,0.085714,0.074214,0,0,0,,0.968,2023-24
2026-05-11,2026-05-18,55045,Green County,Wisconsin,WI,quiet,0.000253,1248,28,501+,0.15,0.002397,1025,24,501+,0.41,0.085645,0.170396,0,0,0,,0.767,2023-24
2026-05-11,2026-05-18,02220,Sitka City and Borough,Alaska,AK,quiet,0.000253,1249,9,501+,0.15,0.001912,1186,10,501+,0.32,0.085615,0.137586,0,0,0,,,
2026-05-11,2026-05-18,29199,Scotland County,Missouri,MO,quiet,0.000253,1250,31,501+,0.15,0.001627,1313,35,501+,0.27,0.085526,0.117491,0,0,0,,0.611,2023-24
2026-05-11,2026-05-18,48043,Brewster County,Texas,TX,quiet,0.000253,1251,122,501+,0.15,0.005624,571,47,501+,0.95,0.085506,0.348225,0,0,1,51,0.94736842,2023-24
2026-05-11,2026-05-18,46023,Charles Mix County,South Dakota,SD,quiet,0.000253,1252,14,501+,0.15,0.00222,1066,16,501+,0.38,0.085495,0.158603,0,0,0,,0.82,2023-24
2026-05-11,2026-05-18,01033,Colbert County,Alabama,AL,quiet,0.000253,1253,19,501+,0.15,0.001387,1428,20,501+,0.23,0.085417,0.100251,0,0,0,,0.9359,2022-23
2026-05-11,2026-05-18,38037,Grant County,North Dakota,ND,quiet,0.000252,1254,21,501+,0.15,0.002146,1094,20,501+,0.36,0.085404,0.153616,0,0,0,,0.7419,2023-24
2026-05-11,2026-05-18,01069,Houston County,Alabama,AL,quiet,0.000252,1255,20,501+,0.15,0.001734,1256,15,501+,0.29,0.085347,0.125126,0,0,0,,0.9373,2022-23
2026-05-11,2026-05-18,17007,Boone County,Illinois,IL,quiet,0.000252,1256,30,501+,0.15,0.003239,816,18,501+,0.55,0.085171,0.223494,0,0,0,,,
2026-05-11,2026-05-18,51131,Northampton County,Virginia,VA,quiet,0.000251,1257,40,501+,0.15,0.001018,1686,47,501+,0.17,0.084915,0.073107,0,0,0,,0.931,2023-24
2026-05-11,2026-05-18,51065,Fluvanna County,Virginia,VA,quiet,0.00025,1258,41,501+,0.15,0.00133,1471,39,501+,0.22,0.084752,0.096059,0,0,0,,0.904,2021-22
2026-05-11,2026-05-18,55081,Monroe County,Wisconsin,WI,quiet,0.00025,1259,29,501+,0.15,0.001723,1259,36,501+,0.29,0.084661,0.124362,0,0,0,,0.588,2023-24
2026-05-11,2026-05-18,05115,Pope County,Arkansas,AR,quiet,0.000249,1260,12,501+,0.15,0.000947,1752,21,501+,0.16,0.084253,0.067816,0,0,0,,,
2026-05-11,2026-05-18,16039,Elmore County,Idaho,ID,quiet,0.000249,1261,29,501+,0.15,0.002866,897,22,501+,0.48,0.084197,0.200621,0,0,0,,,
2026-05-11,2026-05-18,36057,Montgomery County,New York,NY,quiet,0.000249,1262,33,501+,0.15,0.003094,851,23,501+,0.52,0.084174,0.214671,0,0,0,,0.588,2022-23
2026-05-11,2026-05-18,16077,Power County,Idaho,ID,quiet,0.000248,1263,30,501+,0.14,0.001435,1399,35,501+,0.24,0.083957,0.103754,0,0,0,,,
2026-05-11,2026-05-18,46033,Custer County,South Dakota,SD,quiet,0.000248,1264,15,501+,0.14,0.000877,1822,41,501+,0.15,0.083938,0.062553,0,0,0,,0.86,2023-24
2026-05-11,2026-05-18,22091,St. Helena Parish,Louisiana,LA,quiet,0.000248,1265,24,501+,0.14,0.000814,1885,32,501+,0.14,0.083861,0.057892,0,0,0,,0.9,2021-22
2026-05-11,2026-05-18,26079,Kalkaska County,Michigan,MI,quiet,0.000247,1266,56,501+,0.14,0.001745,1248,52,501+,0.29,0.083725,0.125876,0,0,0,,0.8978,2023-24
2026-05-11,2026-05-18,20079,Harvey County,Kansas,KS,quiet,0.000246,1267,26,501+,0.14,0.001397,1419,34,501+,0.24,0.083445,0.100981,0,0,0,,0.94,2023-24
2026-05-11,2026-05-18,18077,Jefferson County,Indiana,IN,quiet,0.000245,1268,28,501+,0.14,0.000926,1771,42,501+,0.16,0.083203,0.066242,0,0,0,,,
2026-05-11,2026-05-18,39101,Marion County,Ohio,OH,quiet,0.000245,1269,43,501+,0.14,0.001674,1290,43,501+,0.28,0.083149,0.120858,0,0,0,,,
2026-05-11,2026-05-18,29213,Taney County,Missouri,MO,quiet,0.000245,1270,32,501+,0.14,0.00424,683,12,501+,0.72,0.083083,0.280166,0,0,1,56,0.825,2023-24
2026-05-11,2026-05-18,20191,Sumner County,Kansas,KS,quiet,0.000245,1271,27,501+,0.14,0.001124,1594,45,501+,0.19,0.083076,0.080947,0,0,0,,0.95,2023-24
2026-05-11,2026-05-18,38073,Ransom County,North Dakota,ND,quiet,0.000245,1272,22,501+,0.14,0.004357,673,13,501+,0.74,0.083051,0.286315,0,0,6,6,0.9592,2023-24
2026-05-11,2026-05-18,16079,Shoshone County,Idaho,ID,quiet,0.000245,1273,31,501+,0.14,0.002411,1022,26,501+,0.41,0.083039,0.171356,0,0,0,,,
2026-05-11,2026-05-18,13039,Camden County,Georgia,GA,quiet,0.000245,1274,39,501+,0.14,0.002019,1142,26,501+,0.34,0.082969,0.144976,0,0,0,,,
2026-05-11,2026-05-18,39055,Geauga County,Ohio,OH,quiet,0.000244,1275,44,501+,0.14,0.004349,674,20,501+,0.73,0.082913,0.285892,0,0,0,,,
2026-05-11,2026-05-18,47147,Robertson County,Tennessee,TN,quiet,0.000244,1276,28,501+,0.14,0.001541,1354,31,501+,0.26,0.082682,0.111372,0,0,0,,0.951,2023-24
2026-05-11,2026-05-18,40083,Logan County,Oklahoma,OK,quiet,0.000243,1277,20,501+,0.14,0.004402,670,5,501+,0.74,0.082415,0.288692,0,0,0,,0.8383,2023-24
2026-05-11,2026-05-18,29161,Phelps County,Missouri,MO,quiet,0.000243,1278,33,501+,0.14,0.002045,1132,28,501+,0.35,0.082352,0.146716,0,0,0,,0.936,2023-24
2026-05-11,2026-05-18,19051,Davis County,Iowa,IA,quiet,0.000242,1279,16,501+,0.14,0.001005,1700,29,501+,0.17,0.082189,0.072129,0,0,0,,0.94520548,2023-24
2026-05-11,2026-05-18,36051,Livingston County,New York,NY,quiet,0.000242,1280,34,501+,0.14,0.001464,1385,37,501+,0.25,0.08215,0.105821,0,0,0,,0.99675,2022-23
2026-05-11,2026-05-18,51685,Manassas Park City,Virginia,VA,quiet,0.000242,1281,42,501+,0.14,0.000593,2178,73,501+,0.1,0.082148,0.041326,0,0,0,,0.958,2023-24
2026-05-11,2026-05-18,24009,Calvert County,Maryland,MD,quiet,0.000241,1282,19,501+,0.14,0.001001,1705,19,501+,0.17,0.081718,0.071793,0,0,0,,0.9991,2023-24
2026-05-11,2026-05-18,16059,Lemhi County,Idaho,ID,quiet,0.00024,1283,32,501+,0.14,0.002225,1062,28,501+,0.38,0.081672,0.158942,0,0,0,,,
2026-05-11,2026-05-18,23021,Piscataquis County,Maine,ME,quiet,0.00024,1284,7,501+,0.14,0.003937,724,5,501+,0.67,0.081668,0.263708,0,0,0,,0.9317,2023-24
2026-05-11,2026-05-18,08051,Gunnison County,Colorado,CO,quiet,0.00024,1285,41,501+,0.14,0.001205,1542,43,501+,0.2,0.081597,0.086923,0,0,0,,0.8865,2023-24
2026-05-11,2026-05-18,06003,Alpine County,California,CA,quiet,0.00024,1286,54,501+,0.14,0.000545,2257,58,501+,0.09,0.081587,0.037732,0,0,0,,,
2026-05-11,2026-05-18,40153,Woodward County,Oklahoma,OK,quiet,0.00024,1287,21,501+,0.14,0.001052,1654,37,501+,0.18,0.081568,0.075573,0,0,0,,0.8205,2023-24
2026-05-11,2026-05-18,45029,Colleton County,South Carolina,SC,quiet,0.00024,1288,28,501+,0.14,0.002818,908,22,501+,0.48,0.081494,0.197553,0,0,0,,0.963,2023-24
2026-05-11,2026-05-18,47043,Dickson County,Tennessee,TN,quiet,0.00024,1289,29,501+,0.14,0.003462,787,14,501+,0.59,0.081489,0.236695,0,0,0,,0.954,2023-24
2026-05-11,2026-05-18,20021,Cherokee County,Kansas,KS,quiet,0.00024,1290,28,501+,0.14,0.000956,1744,56,501+,0.16,0.081419,0.068463,0,0,0,,0.94,2023-24
2026-05-11,2026-05-18,48299,Llano County,Texas,TX,quiet,0.000239,1291,123,501+,0.14,0.000787,1923,206,501+,0.13,0.081277,0.055821,0,0,0,,0.90839695,2023-24
2026-05-11,2026-05-18,26043,Dickinson County,Michigan,MI,quiet,0.000239,1292,57,501+,0.14,0.000996,1708,62,501+,0.17,0.081197,0.071411,0,0,0,,0.883,2023-24
2026-05-11,2026-05-18,13097,Douglas County,Georgia,GA,quiet,0.000239,1293,40,501+,0.14,0.002471,993,23,501+,0.42,0.081112,0.175273,0,0,0,,,
2026-05-11,2026-05-18,48373,Polk County,Texas,TX,quiet,0.000239,1294,124,501+,0.14,0.001321,1477,164,501+,0.22,0.08107,0.095455,0,0,0,,0.93374741,2023-24
2026-05-11,2026-05-18,53059,Skamania County,Washington,WA,quiet,0.000238,1295,34,501+,0.14,0.003043,860,30,501+,0.51,0.080876,0.211558,0,0,0,,0.85263158,2023-24
2026-05-11,2026-05-18,16007,Bear Lake County,Idaho,ID,quiet,0.000236,1296,33,501+,0.14,0.002012,1147,30,501+,0.34,0.080413,0.144487,0,0,0,,,
2026-05-11,2026-05-18,31157,Scotts Bluff County,Nebraska,NE,quiet,0.000236,1297,14,501+,0.14,0.002063,1121,10,501+,0.35,0.080187,0.148005,0,0,0,,,
2026-05-11,2026-05-18,20149,Pottawatomie County,Kansas,KS,quiet,0.000235,1298,29,501+,0.14,0.00249,988,16,501+,0.42,0.080026,0.176542,0,0,0,,0.91,2023-24
2026-05-11,2026-05-18,22099,St. Martin Parish,Louisiana,LA,quiet,0.000235,1299,25,501+,0.14,0.001248,1514,21,501+,0.21,0.079901,0.090095,0,0,0,,0.938,2021-22
2026-05-11,2026-05-18,19183,Washington County,Iowa,IA,quiet,0.000234,1300,17,501+,0.14,0.001163,1569,23,501+,0.2,0.079757,0.083809,0,0,0,,0.82840237,2023-24
2026-05-11,2026-05-18,48055,Caldwell County,Texas,TX,quiet,0.000234,1301,125,501+,0.14,0.00151,1365,148,501+,0.26,0.079717,0.109121,0,0,0,,0.96901893,2023-24
2026-05-11,2026-05-18,51193,Westmoreland County,Virginia,VA,quiet,0.000234,1302,43,501+,0.14,0.000953,1748,50,501+,0.16,0.079661,0.068254,0,0,0,,0.96,2023-24
2026-05-11,2026-05-18,27147,Steele County,Minnesota,MN,quiet,0.000234,1303,38,501+,0.14,0.001682,1277,37,501+,0.28,0.07959,0.121441,0,0,0,,0.922,2023-24
2026-05-11,2026-05-18,13223,Paulding County,Georgia,GA,quiet,0.000233,1304,41,501+,0.14,0.00099,1712,51,501+,0.17,0.079306,0.070966,0,0,0,,,
2026-05-11,2026-05-18,48001,Anderson County,Texas,TX,quiet,0.000233,1305,126,501+,0.14,0.001112,1605,181,501+,0.19,0.079226,0.080059,0,0,0,,0.95691203,2023-24
2026-05-11,2026-05-18,48401,Rusk County,Texas,TX,quiet,0.000232,1306,127,501+,0.14,0.001136,1588,180,501+,0.19,0.078997,0.081799,0,0,0,,0.92528736,2023-24
2026-05-11,2026-05-18,31105,Kimball County,Nebraska,NE,quiet,0.000231,1307,15,501+,0.13,0.000987,1716,29,501+,0.17,0.078564,0.070776,0,0,0,,,
2026-05-11,2026-05-18,26013,Baraga County,Michigan,MI,quiet,0.00023,1308,58,501+,0.13,0.001378,1436,57,501+,0.23,0.078499,0.099567,0,0,0,,0.9125,2023-24
2026-05-11,2026-05-18,12133,Washington County,Florida,FL,quiet,0.00023,1309,48,501+,0.13,0.001579,1334,47,501+,0.27,0.078483,0.1141,0,0,0,,0.921,2022-23
2026-05-11,2026-05-18,19033,Cerro Gordo County,Iowa,IA,quiet,0.00023,1310,18,501+,0.13,0.001937,1172,14,501+,0.33,0.078395,0.13931,0,0,0,,0.85462555,2023-24
2026-05-11,2026-05-18,48341,Moore County,Texas,TX,quiet,0.00023,1311,128,501+,0.13,0.005158,604,51,501+,0.87,0.078354,0.326507,0,0,0,,0.97389034,2023-24
2026-05-11,2026-05-18,16063,Lincoln County,Idaho,ID,quiet,0.00023,1312,34,501+,0.13,0.001282,1495,36,501+,0.22,0.078324,0.092542,0,0,0,,,
2026-05-11,2026-05-18,24011,Caroline County,Maryland,MD,quiet,0.000229,1313,20,501+,0.13,0.000816,1883,20,501+,0.14,0.078136,0.058017,0,0,0,,0.9947,2023-24
2026-05-11,2026-05-18,36053,Madison County,New York,NY,quiet,0.000228,1314,35,501+,0.13,0.001393,1422,38,501+,0.24,0.077797,0.10066,0,0,0,,0.9969,2022-23
2026-05-11,2026-05-18,55135,Waupaca County,Wisconsin,WI,quiet,0.000228,1315,30,501+,0.13,0.000868,1829,44,501+,0.15,0.07759,0.061899,0,0,0,,0.728,2023-24
2026-05-11,2026-05-18,54069,Ohio County,West Virginia,WV,quiet,0.000227,1316,7,501+,0.13,0.001326,1474,7,501+,0.22,0.077432,0.095771,0,0,0,,,
2026-05-11,2026-05-18,21047,Christian County,Kentucky,KY,quiet,0.000226,1317,16,501+,0.13,0.001701,1272,19,501+,0.29,0.07719,0.122751,0,0,0,,0.924,2022-23
2026-05-11,2026-05-18,46057,Hamlin County,South Dakota,SD,quiet,0.000226,1318,16,501+,0.13,0.002745,923,11,501+,0.46,0.077103,0.192956,0,0,0,,0.82,2023-24
2026-05-11,2026-05-18,36039,Greene County,New York,NY,quiet,0.000226,1319,36,501+,0.13,0.001165,1566,45,501+,0.2,0.077056,0.083969,0,0,0,,0.99704167,2022-23
2026-05-11,2026-05-18,18111,Newton County,Indiana,IN,quiet,0.000226,1320,29,501+,0.13,0.001345,1459,33,501+,0.23,0.076962,0.097181,0,0,0,,,
2026-05-11,2026-05-18,48357,Ochiltree County,Texas,TX,quiet,0.000225,1321,129,501+,0.13,0.002706,935,99,501+,0.46,0.076888,0.190466,0,0,0,,0.97297297,2023-24
2026-05-11,2026-05-18,19111,Lee County,Iowa,IA,quiet,0.000225,1322,19,501+,0.13,0.000803,1901,35,501+,0.14,0.076879,0.057032,0,0,0,,0.93188011,2023-24
2026-05-11,2026-05-18,42015,Bradford County,Pennsylvania,PA,quiet,0.000225,1323,45,501+,0.13,0.000991,1711,48,501+,0.17,0.0767,0.071037,0,0,0,,0.89550073,2023-24
2026-05-11,2026-05-18,20113,McPherson County,Kansas,KS,quiet,0.000224,1324,30,501+,0.13,0.002051,1130,19,501+,0.35,0.076537,0.147146,0,0,0,,0.93,2023-24
2026-05-11,2026-05-18,48117,Deaf Smith County,Texas,TX,quiet,0.000224,1325,130,501+,0.13,0.004167,692,65,501+,0.7,0.076525,0.276246,0,0,0,,0.98381877,2023-24
2026-05-11,2026-05-18,48031,Blanco County,Texas,TX,quiet,0.000224,1326,131,501+,0.13,0.004255,682,62,501+,0.72,0.076509,0.280963,0,0,0,,0.86206897,2023-24
2026-05-11,2026-05-18,51063,Floyd County,Virginia,VA,quiet,0.000224,1327,44,501+,0.13,0.000547,2255,79,501+,0.09,0.076475,0.037915,0,0,0,,0.795,2023-24
2026-05-11,2026-05-18,29011,Barton County,Missouri,MO,quiet,0.000223,1328,34,501+,0.13,0.002435,1012,20,501+,0.41,0.076254,0.172917,0,0,0,,0.983,2023-24
2026-05-11,2026-05-18,48115,Dawson County,Texas,TX,quiet,0.000221,1329,132,501+,0.13,0.005795,561,44,501+,0.98,0.075579,0.355898,0,0,26,54,0.8807947,2023-24
2026-05-11,2026-05-18,05133,Sevier County,Arkansas,AR,quiet,0.000221,1330,13,501+,0.13,0.001696,1274,11,501+,0.29,0.075475,0.122418,0,0,0,,,
2026-05-11,2026-05-18,51061,Fauquier County,Virginia,VA,quiet,0.00022,1331,45,501+,0.13,0.001488,1376,34,501+,0.25,0.075268,0.107579,0,0,0,,0.907,2023-24
2026-05-11,2026-05-18,48079,Cochran County,Texas,TX,quiet,0.00022,1332,133,501+,0.13,0.004012,711,70,501+,0.68,0.075263,0.267819,0,0,14,55,0.95238095,2023-24
2026-05-11,2026-05-18,36023,Cortland County,New York,NY,quiet,0.00022,1333,37,501+,0.13,0.001223,1528,42,501+,0.21,0.075213,0.088212,0,0,0,,0.99746154,2022-23
2026-05-11,2026-05-18,48347,Nacogdoches County,Texas,TX,quiet,0.00022,1334,134,501+,0.13,0.001304,1485,166,501+,0.22,0.075107,0.094185,0,0,0,,0.96531792,2023-24
2026-05-11,2026-05-18,22011,Beauregard Parish,Louisiana,LA,quiet,0.000219,1335,26,501+,0.13,0.001323,1476,20,501+,0.22,0.075049,0.095586,0,0,0,,0.926,2021-22
2026-05-11,2026-05-18,46073,Jerauld County,South Dakota,SD,quiet,0.000219,1336,17,501+,0.13,0.001299,1487,30,501+,0.22,0.074978,0.093824,0,0,0,,0.81,2023-24
2026-05-11,2026-05-18,08033,Dolores County,Colorado,CO,quiet,0.000219,1337,42,501+,0.13,0.000547,2256,53,501+,0.09,0.074922,0.037888,0,0,0,,0.5625,2023-24
2026-05-11,2026-05-18,48193,Hamilton County,Texas,TX,quiet,0.000219,1338,135,501+,0.13,0.001681,1278,140,501+,0.28,0.074841,0.121346,0,0,0,,0.97701149,2023-24
2026-05-11,2026-05-18,26031,Cheboygan County,Michigan,MI,quiet,0.000218,1339,59,501+,0.13,0.001118,1602,59,501+,0.19,0.074645,0.080504,0,0,0,,0.9286,2023-24
2026-05-11,2026-05-18,18059,Hancock County,Indiana,IN,quiet,0.000218,1340,30,501+,0.13,0.00158,1333,30,501+,0.27,0.074559,0.114145,0,0,0,,,
2026-05-11,2026-05-18,39117,Morrow County,Ohio,OH,quiet,0.000218,1341,45,501+,0.13,0.000603,2158,61,501+,0.1,0.074466,0.042059,0,0,0,,,
2026-05-11,2026-05-18,37181,Vance County,North Carolina,NC,quiet,0.000217,1342,51,501+,0.13,0.000915,1791,72,501+,0.15,0.074388,0.0654,0,0,0,,0.95348837,2022-23
2026-05-11,2026-05-18,22121,West Baton Rouge Parish,Louisiana,LA,quiet,0.000217,1343,27,501+,0.13,0.000905,1797,26,501+,0.15,0.074373,0.064692,0,0,0,,0.933,2021-22
2026-05-11,2026-05-18,42111,Somerset County,Pennsylvania,PA,quiet,0.000217,1344,46,501+,0.13,0.001808,1222,45,501+,0.31,0.074343,0.13034,0,0,0,,0.9351585,2023-24
2026-05-11,2026-05-18,20047,Edwards County,Kansas,KS,quiet,0.000217,1345,31,501+,0.13,0.001144,1582,42,501+,0.19,0.074261,0.082419,0,0,0,,0.92,2023-24
2026-05-11,2026-05-18,46109,Roberts County,South Dakota,SD,quiet,0.000217,1346,18,501+,0.13,0.003761,741,10,501+,0.64,0.074158,0.253841,0,0,0,,0.9,2023-24
2026-05-11,2026-05-18,48283,La Salle County,Texas,TX,quiet,0.000217,1347,136,501+,0.13,0.00178,1233,137,501+,0.3,0.074123,0.12832,0,0,0,,1.0,2023-24
2026-05-11,2026-05-18,21029,Bullitt County,Kentucky,KY,quiet,0.000216,1348,17,501+,0.13,0.003152,837,14,501+,0.53,0.074068,0.218221,0,0,0,,0.947,2022-23
2026-05-11,2026-05-18,17077,Jackson County,Illinois,IL,quiet,0.000216,1349,31,501+,0.13,0.002714,932,20,501+,0.46,0.073887,0.190964,0,0,0,,,
2026-05-11,2026-05-18,50025,Windham County,Vermont,VT,quiet,0.000215,1350,7,501+,0.13,0.002319,1045,5,501+,0.39,0.073774,0.165234,0,0,0,,0.9,2023-24
2026-05-11,2026-05-18,41063,Wallowa County,Oregon,OR,quiet,0.000215,1351,29,501+,0.13,0.00187,1199,26,501+,0.32,0.073715,0.134651,0,0,0,,0.908,2023-24
2026-05-11,2026-05-18,30007,Broadwater County,Montana,MT,quiet,0.000215,1352,18,501+,0.13,0.002902,888,12,501+,0.49,0.073679,0.202865,0,0,0,,,
2026-05-11,2026-05-18,05033,Crawford County,Arkansas,AR,quiet,0.000214,1353,14,501+,0.12,0.001091,1620,18,501+,0.18,0.073182,0.078491,0,0,0,,,
2026-05-11,2026-05-18,53055,San Juan County,Washington,WA,quiet,0.000213,1354,35,501+,0.12,0.000576,2215,38,501+,0.1,0.072981,0.04006,0,0,0,,0.9009009,2023-24
2026-05-11,2026-05-18,51069,Frederick County,Virginia,VA,quiet,0.000213,1355,46,501+,0.12,0.001459,1389,35,501+,0.25,0.072918,0.105446,0,0,0,,0.871,2023-24
2026-05-11,2026-05-18,05005,Baxter County,Arkansas,AR,quiet,0.000213,1356,15,501+,0.12,0.00125,1511,15,501+,0.21,0.072894,0.090199,0,0,0,,,
2026-05-11,2026-05-18,56023,Lincoln County,Wyoming,WY,quiet,0.000213,1357,21,501+,0.12,0.004319,677,11,501+,0.73,0.072871,0.284322,0,0,0,,0.92,2022-23
2026-05-11,2026-05-18,19189,Winnebago County,Iowa,IA,quiet,0.000212,1358,20,501+,0.12,0.001068,1634,25,501+,0.18,0.072651,0.076818,0,0,0,,0.91503268,2023-24
2026-05-11,2026-05-18,47177,Warren County,Tennessee,TN,quiet,0.000212,1359,30,501+,0.12,0.001715,1265,24,501+,0.29,0.072598,0.123741,0,0,0,,0.954,2023-24
2026-05-11,2026-05-18,48415,Scurry County,Texas,TX,quiet,0.00021,1360,137,501+,0.12,0.004068,702,68,501+,0.69,0.071987,0.270884,0,0,1,51,0.97790055,2023-24
2026-05-11,2026-05-18,40103,Noble County,Oklahoma,OK,quiet,0.00021,1361,22,501+,0.12,0.000892,1806,44,501+,0.15,0.071896,0.063679,0,0,0,,0.752,2023-24
2026-05-11,2026-05-18,29211,Sullivan County,Missouri,MO,quiet,0.000209,1362,35,501+,0.12,0.002234,1060,22,501+,0.38,0.071854,0.159579,0,0,0,,0.932,2023-24
2026-05-11,2026-05-18,48471,Walker County,Texas,TX,quiet,0.000208,1363,138,501+,0.12,0.000661,2082,218,501+,0.11,0.071502,0.046403,0,0,0,,0.91233766,2023-24
2026-05-11,2026-05-18,30053,Lincoln County,Montana,MT,quiet,0.000208,1364,19,501+,0.12,0.003954,720,10,501+,0.67,0.071295,0.264645,0,0,0,,,
2026-05-11,2026-05-18,13207,Monroe County,Georgia,GA,quiet,0.000208,1365,42,501+,0.12,0.000856,1843,63,501+,0.14,0.071278,0.060973,0,0,0,,,
2026-05-11,2026-05-18,18071,Jackson County,Indiana,IN,quiet,0.000208,1366,31,501+,0.12,0.001928,1177,23,501+,0.33,0.071261,0.138699,0,0,0,,,
2026-05-11,2026-05-18,55007,Bayfield County,Wisconsin,WI,quiet,0.000207,1367,31,501+,0.12,0.002965,875,15,501+,0.5,0.071184,0.206783,0,0,0,,0.672,2023-24
2026-05-11,2026-05-18,20053,Ellsworth County,Kansas,KS,quiet,0.000207,1368,32,501+,0.12,0.001484,1377,31,501+,0.25,0.070986,0.107257,0,0,0,,0.89,2023-24
2026-05-11,2026-05-18,31037,Colfax County,Nebraska,NE,quiet,0.000207,1369,16,501+,0.12,0.001373,1440,19,501+,0.23,0.070933,0.099231,0,0,0,,,
2026-05-11,2026-05-18,55113,Sawyer County,Wisconsin,WI,quiet,0.000206,1370,32,501+,0.12,0.001815,1220,34,501+,0.31,0.070886,0.130781,0,0,0,,0.739,2023-24
2026-05-11,2026-05-18,48205,Hartley County,Texas,TX,quiet,0.000206,1371,139,501+,0.12,0.001506,1367,149,501+,0.25,0.070881,0.108875,0,0,0,,0.83333333,2023-24
2026-05-11,2026-05-18,39077,Huron County,Ohio,OH,quiet,0.000206,1372,46,501+,0.12,0.001807,1223,41,501+,0.31,0.070821,0.130277,0,0,0,,,
2026-05-11,2026-05-18,39147,Seneca County,Ohio,OH,quiet,0.000206,1373,47,501+,0.12,0.002257,1054,36,501+,0.38,0.070815,0.161082,0,0,0,,,
2026-05-11,2026-05-18,48321,Matagorda County,Texas,TX,quiet,0.000206,1374,140,501+,0.12,0.00138,1433,161,501+,0.23,0.07079,0.099727,0,0,0,,0.97131931,2023-24
2026-05-11,2026-05-18,48223,Hopkins County,Texas,TX,quiet,0.000205,1375,141,501+,0.12,0.001239,1521,171,501+,0.21,0.070538,0.089449,0,0,0,,0.95022624,2023-24
2026-05-11,2026-05-18,28035,Forrest County,Mississippi,MS,quiet,0.000205,1376,12,501+,0.12,0.001405,1416,11,501+,0.24,0.070474,0.101537,0,0,0,,,
2026-05-11,2026-05-18,27105,Nobles County,Minnesota,MN,quiet,0.000205,1377,39,501+,0.12,0.001168,1562,52,501+,0.2,0.070457,0.084185,0,0,0,,0.895,2023-24
2026-05-11,2026-05-18,48179,Gray County,Texas,TX,quiet,0.000205,1378,142,501+,0.12,0.000765,1949,208,501+,0.13,0.070345,0.054219,0,0,0,,0.90666667,2023-24
2026-05-11,2026-05-18,21213,Simpson County,Kentucky,KY,quiet,0.000204,1379,18,501+,0.12,0.000922,1778,27,501+,0.16,0.070141,0.065914,0,0,0,,0.954,2022-23
2026-05-11,2026-05-18,55097,Portage County,Wisconsin,WI,quiet,0.000203,1380,33,501+,0.12,0.00194,1171,32,501+,0.33,0.069861,0.139513,0,0,0,,0.795,2023-24
2026-05-11,2026-05-18,48103,Crane County,Texas,TX,quiet,0.000203,1381,143,501+,0.12,0.002001,1150,124,501+,0.34,0.069844,0.143722,0,0,0,,0.93181818,2022-23
2026-05-11,2026-05-18,13143,Haralson County,Georgia,GA,quiet,0.000203,1382,43,501+,0.12,0.001425,1404,37,501+,0.24,0.069688,0.103001,0,0,0,,,
2026-05-11,2026-05-18,40045,Ellis County,Oklahoma,OK,quiet,0.000202,1383,23,501+,0.12,0.0022,1075,15,501+,0.37,0.069611,0.157251,0,0,0,,0.8929,2023-24
2026-05-11,2026-05-18,55017,Chippewa County,Wisconsin,WI,quiet,0.000201,1384,34,501+,0.12,0.00073,1997,51,501+,0.12,0.069293,0.051568,0,0,0,,0.768,2023-24
2026-05-11,2026-05-18,12129,Wakulla County,Florida,FL,quiet,0.000201,1385,49,501+,0.12,0.001742,1251,45,501+,0.29,0.069292,0.125679,0,0,0,,0.865,2022-23
2026-05-11,2026-05-18,36107,Tioga County,New York,NY,quiet,0.000201,1386,38,501+,0.12,0.001854,1201,30,501+,0.31,0.06929,0.133541,0,0,0,,0.99430769,2022-23
2026-05-11,2026-05-18,13119,Franklin County,Georgia,GA,quiet,0.000201,1387,44,501+,0.12,0.000798,1912,69,501+,0.13,0.069225,0.056624,0,0,0,,,
2026-05-11,2026-05-18,36095,Schoharie County,New York,NY,quiet,0.000201,1388,39,501+,0.12,0.001743,1250,32,501+,0.29,0.069224,0.125723,0,0,0,,0.91755556,2022-23
2026-05-11,2026-05-18,17177,Stephenson County,Illinois,IL,quiet,0.000201,1389,32,501+,0.12,0.001095,1617,36,501+,0.19,0.069205,0.078797,0,0,0,,,
2026-05-11,2026-05-18,01039,Covington County,Alabama,AL,quiet,0.000201,1390,21,501+,0.12,0.000766,1948,30,501+,0.13,0.06917,0.054276,0,0,0,,0.968,2022-23
2026-05-11,2026-05-18,47117,Marshall County,Tennessee,TN,quiet,0.000201,1391,31,501+,0.12,0.001919,1180,23,501+,0.32,0.069016,0.138078,0,0,0,,0.933,2023-24
2026-05-11,2026-05-18,55093,Pierce County,Wisconsin,WI,quiet,0.0002,1392,35,501+,0.12,0.002099,1110,30,501+,0.35,0.068857,0.150462,0,0,0,,0.71,2023-24
2026-05-11,2026-05-18,54027,Hampshire County,West Virginia,WV,quiet,0.0002,1393,8,501+,0.12,0.000247,2767,21,501+,0.04,0.068806,0.015946,0,0,0,,,
2026-05-11,2026-05-18,55109,St. Croix County,Wisconsin,WI,quiet,0.000199,1394,36,501+,0.12,0.00102,1682,41,501+,0.17,0.068567,0.073224,0,0,0,,0.695,2023-24
2026-05-11,2026-05-18,26029,Charlevoix County,Michigan,MI,quiet,0.000199,1395,60,501+,0.12,0.001651,1302,54,501+,0.28,0.068356,0.11924,0,0,0,,0.9076,2023-24
2026-05-11,2026-05-18,18099,Marshall County,Indiana,IN,quiet,0.000198,1396,32,501+,0.12,0.002469,994,18,501+,0.42,0.068171,0.175184,0,0,0,,,
2026-05-11,2026-05-18,19127,Marshall County,Iowa,IA,quiet,0.000198,1397,21,501+,0.12,0.001384,1431,18,501+,0.23,0.068163,0.099995,0,0,0,,0.88434164,2023-24
2026-05-11,2026-05-18,27029,Clearwater County,Minnesota,MN,quiet,0.000198,1398,40,501+,0.12,0.002585,964,27,501+,0.44,0.06806,0.182689,0,0,0,,0.701,2023-24
2026-05-11,2026-05-18,50021,Rutland County,Vermont,VT,quiet,0.000197,1399,8,501+,0.12,0.003396,797,4,501+,0.57,0.068005,0.232809,0,0,0,,0.92,2023-24
2026-05-11,2026-05-18,31113,Logan County,Nebraska,NE,quiet,0.000197,1400,17,501+,0.12,0.001641,1306,16,501+,0.28,0.067973,0.118552,0,0,0,,,
2026-05-11,2026-05-18,48323,Maverick County,Texas,TX,quiet,0.000197,1401,144,501+,0.12,0.002017,1143,121,501+,0.34,0.067968,0.144835,0,0,0,,0.96300103,2023-24
2026-05-11,2026-05-18,23009,Hancock County,Maine,ME,quiet,0.000197,1402,8,501+,0.12,0.001764,1245,9,501+,0.3,0.067899,0.127196,0,0,0,,0.978,2023-24
2026-05-11,2026-05-18,27153,Todd County,Minnesota,MN,quiet,0.000197,1403,41,501+,0.12,0.001085,1623,54,501+,0.18,0.067785,0.078041,0,0,0,,0.948,2023-24
2026-05-11,2026-05-18,12123,Taylor County,Florida,FL,quiet,0.000197,1404,50,501+,0.11,0.000524,2287,64,501+,0.09,0.067763,0.036206,0,0,0,,0.976,2022-23
2026-05-11,2026-05-18,39149,Shelby County,Ohio,OH,quiet,0.000197,1405,48,501+,0.11,0.001124,1595,50,501+,0.19,0.067709,0.080933,0,0,0,,,
2026-05-11,2026-05-18,20121,Miami County,Kansas,KS,quiet,0.000196,1406,33,501+,0.11,0.001897,1190,25,501+,0.32,0.067678,0.136519,0,0,0,,0.89,2023-24
2026-05-11,2026-05-18,23003,Aroostook County,Maine,ME,quiet,0.000196,1407,9,501+,0.11,0.002373,1027,8,501+,0.4,0.067503,0.168832,0,0,0,,0.9859,2023-24
2026-05-11,2026-05-18,38009,Bottineau County,North Dakota,ND,quiet,0.000195,1408,23,501+,0.11,0.00215,1093,19,501+,0.36,0.067063,0.153894,0,0,0,,0.8767,2023-24
2026-05-11,2026-05-18,17033,Crawford County,Illinois,IL,quiet,0.000194,1409,33,501+,0.11,0.000761,1955,45,501+,0.13,0.067034,0.05391,0,0,0,,,
2026-05-11,2026-05-18,36035,Fulton County,New York,NY,quiet,0.000194,1410,40,501+,0.11,0.001651,1303,33,501+,0.28,0.066878,0.1192,0,0,0,,0.96943478,2022-23
2026-05-11,2026-05-18,48333,Mills County,Texas,TX,quiet,0.000194,1411,145,501+,0.11,0.003475,783,81,501+,0.59,0.066811,0.23741,0,0,0,,0.9375,2023-24
2026-05-11,2026-05-18,36003,Allegany County,New York,NY,quiet,0.000194,1412,41,501+,0.11,0.001748,1246,31,501+,0.3,0.066807,0.126129,0,0,0,,0.994125,2022-23
2026-05-11,2026-05-18,31119,Madison County,Nebraska,NE,quiet,0.000193,1413,18,501+,0.11,0.002075,1117,9,501+,0.35,0.066651,0.14882,0,0,0,,,
2026-05-11,2026-05-18,28067,Jones County,Mississippi,MS,quiet,0.000193,1414,13,501+,0.11,0.000764,1950,19,501+,0.13,0.066409,0.054142,0,0,0,,,
2026-05-11,2026-05-18,51109,Louisa County,Virginia,VA,quiet,0.000192,1415,47,501+,0.11,0.001706,1270,31,501+,0.29,0.066251,0.123101,0,0,0,,0.922,2023-24
2026-05-11,2026-05-18,51133,Northumberland County,Virginia,VA,quiet,0.000191,1416,48,501+,0.11,0.000732,1994,62,501+,0.12,0.065958,0.051753,0,0,0,,0.878,2023-24
2026-05-11,2026-05-18,18037,Dubois County,Indiana,IN,quiet,0.000191,1417,33,501+,0.11,0.001137,1586,37,501+,0.19,0.065843,0.081921,0,0,0,,,
2026-05-11,2026-05-18,27115,Pine County,Minnesota,MN,quiet,0.00019,1418,42,501+,0.11,0.000782,1929,67,501+,0.13,0.065707,0.055484,0,0,0,,0.842,2023-24
2026-05-11,2026-05-18,47051,Franklin County,Tennessee,TN,quiet,0.00019,1419,32,501+,0.11,0.001655,1299,29,501+,0.28,0.065674,0.119504,0,0,0,,0.958,2023-24
2026-05-11,2026-05-18,27035,Crow Wing County,Minnesota,MN,quiet,0.000189,1420,43,501+,0.11,0.000938,1760,60,501+,0.16,0.065388,0.067136,0,0,0,,0.797,2023-24
2026-05-11,2026-05-18,48109,Culberson County,Texas,TX,quiet,0.000189,1421,146,501+,0.11,0.001505,1368,150,501+,0.25,0.065378,0.108744,0,0,0,,0.96153846,2023-24
2026-05-11,2026-05-18,19187,Webster County,Iowa,IA,quiet,0.000189,1422,22,501+,0.11,0.002885,894,11,501+,0.49,0.065235,0.201814,0,0,0,,0.90128755,2023-24
2026-05-11,2026-05-18,27083,Lyon County,Minnesota,MN,quiet,0.000189,1423,44,501+,0.11,0.001138,1584,53,501+,0.19,0.065127,0.081985,0,0,0,,0.932,2023-24
2026-05-11,2026-05-18,20085,Jackson County,Kansas,KS,quiet,0.000188,1424,34,501+,0.11,0.001192,1550,39,501+,0.2,0.065104,0.085983,0,0,0,,0.94,2023-24
2026-05-11,2026-05-18,13011,Banks County,Georgia,GA,quiet,0.000188,1425,45,501+,0.11,0.001145,1581,44,501+,0.19,0.064883,0.082518,0,0,0,,,
2026-05-11,2026-05-18,16035,Clearwater County,Idaho,ID,quiet,0.000188,1426,35,501+,0.11,0.001803,1225,32,501+,0.3,0.064792,0.129946,0,0,0,,,
2026-05-11,2026-05-18,30041,Hill County,Montana,MT,quiet,0.000187,1427,20,501+,0.11,0.002893,893,14,501+,0.49,0.064519,0.202268,0,0,4,49,,
2026-05-11,2026-05-18,12121,Suwannee County,Florida,FL,quiet,0.000186,1428,51,501+,0.11,0.000918,1786,56,501+,0.16,0.06445,0.065595,0,0,0,,0.928,2022-23
2026-05-11,2026-05-18,39029,Columbiana County,Ohio,OH,quiet,0.000186,1429,49,501+,0.11,0.001246,1518,49,501+,0.21,0.064432,0.089945,0,0,0,,,
2026-05-11,2026-05-18,29035,Carter County,Missouri,MO,quiet,0.000186,1430,36,501+,0.11,0.00107,1632,50,501+,0.18,0.064401,0.07698,0,0,0,,0.89,2023-24
2026-05-11,2026-05-18,55041,Forest County,Wisconsin,WI,quiet,0.000186,1431,37,501+,0.11,0.002525,976,19,501+,0.43,0.06426,0.178848,0,0,0,,0.778,2023-24
2026-05-11,2026-05-18,13059,Clarke County,Georgia,GA,quiet,0.000186,1432,46,501+,0.11,0.000666,2077,80,501+,0.11,0.064238,0.046781,0,0,0,,,
2026-05-11,2026-05-18,25007,Dukes County,Massachusetts,MA,quiet,0.000186,1433,14,501+,0.11,0.000548,2254,14,501+,0.09,0.064197,0.037947,0,0,0,,0.958,2023-24
2026-05-11,2026-05-18,20169,Saline County,Kansas,KS,quiet,0.000185,1434,35,501+,0.11,0.001672,1291,27,501+,0.28,0.063942,0.120729,0,0,0,,0.95,2023-24
2026-05-11,2026-05-18,22113,Vermilion Parish,Louisiana,LA,quiet,0.000185,1435,28,501+,0.11,0.000857,1841,30,501+,0.14,0.063853,0.061105,0,0,0,,0.962,2021-22
2026-05-11,2026-05-18,29149,Oregon County,Missouri,MO,quiet,0.000184,1436,37,501+,0.11,0.002194,1079,23,501+,0.37,0.063814,0.156859,0,0,0,,0.9,2023-24
2026-05-11,2026-05-18,02130,Ketchikan Gateway Borough,Alaska,AK,quiet,0.000184,1437,10,501+,0.11,0.001343,1460,12,501+,0.23,0.063809,0.097061,0,0,0,,,
2026-05-11,2026-05-18,05121,Randolph County,Arkansas,AR,quiet,0.000184,1438,16,501+,0.11,0.000435,2423,47,501+,0.07,0.063809,0.029595,0,0,0,,,
2026-05-11,2026-05-18,37197,Yadkin County,North Carolina,NC,quiet,0.000184,1439,52,501+,0.11,0.00155,1349,57,501+,0.26,0.063674,0.11198,0,0,0,,0.95696203,2022-23
2026-05-11,2026-05-18,20055,Finney County,Kansas,KS,quiet,0.000184,1440,36,501+,0.11,0.002823,905,13,501+,0.48,0.06362,0.197919,0,0,0,,0.98,2023-24
2026-05-11,2026-05-18,46031,Corson County,South Dakota,SD,quiet,0.000183,1441,19,501+,0.11,0.002207,1071,17,501+,0.37,0.063282,0.157769,0,0,0,,0.93,2023-24
2026-05-11,2026-05-18,48349,Navarro County,Texas,TX,quiet,0.000183,1442,147,501+,0.11,0.001604,1318,144,501+,0.27,0.063183,0.115851,0,0,0,,0.95879121,2023-24
2026-05-11,2026-05-18,13177,Lee County,Georgia,GA,quiet,0.000182,1443,47,501+,0.11,0.001329,1472,41,501+,0.22,0.06309,0.096031,0,0,0,,,
2026-05-11,2026-05-18,20049,Elk County,Kansas,KS,quiet,0.000182,1444,37,501+,0.11,0.001022,1680,51,501+,0.17,0.063018,0.073352,0,0,0,,0.86,2023-24
2026-05-11,2026-05-18,21163,Meade County,Kentucky,KY,quiet,0.000182,1445,19,501+,0.11,0.001037,1672,26,501+,0.18,0.062934,0.074461,0,0,0,,0.978,2022-23
2026-05-11,2026-05-18,48237,Jack County,Texas,TX,quiet,0.000181,1446,148,501+,0.11,0.001202,1544,176,501+,0.2,0.062733,0.086699,0,0,0,,0.92660551,2023-24
2026-05-11,2026-05-18,36083,Rensselaer County,New York,NY,quiet,0.000181,1447,42,501+,0.11,0.001573,1336,35,501+,0.27,0.0627,0.113655,0,0,0,,0.99707692,2022-23
2026-05-11,2026-05-18,40003,Alfalfa County,Oklahoma,OK,quiet,0.000181,1448,24,501+,0.11,0.001457,1390,26,501+,0.25,0.062583,0.105323,0,0,0,,0.8596,2023-24
2026-05-11,2026-05-18,29053,Cooper County,Missouri,MO,quiet,0.000181,1449,38,501+,0.11,0.000854,1845,59,501+,0.14,0.062515,0.060843,0,0,0,,0.853,2023-24
2026-05-11,2026-05-18,12041,Gilchrist County,Florida,FL,quiet,0.00018,1450,52,501+,0.11,0.001039,1671,53,501+,0.18,0.062468,0.074658,0,0,0,,0.912,2022-23
2026-05-11,2026-05-18,21185,Oldham County,Kentucky,KY,quiet,0.00018,1451,20,501+,0.11,0.002086,1114,17,501+,0.35,0.062425,0.149529,0,0,0,,0.978,2022-23
2026-05-11,2026-05-18,38019,Cavalier County,North Dakota,ND,quiet,0.00018,1452,24,501+,0.11,0.001009,1692,30,501+,0.17,0.062397,0.072444,0,0,0,,0.9667,2023-24
2026-05-11,2026-05-18,48249,Jim Wells County,Texas,TX,quiet,0.000179,1453,149,501+,0.1,0.002014,1145,122,501+,0.34,0.062124,0.144652,0,0,0,,0.97435897,2023-24
2026-05-11,2026-05-18,29109,Lawrence County,Missouri,MO,quiet,0.000179,1454,39,501+,0.1,0.000643,2105,69,501+,0.11,0.062087,0.045065,0,0,0,,0.829,2023-24
2026-05-11,2026-05-18,56011,Crook County,Wyoming,WY,quiet,0.000179,1455,22,501+,0.1,0.001045,1664,23,501+,0.18,0.061955,0.075119,0,0,0,,0.91,2022-23
2026-05-11,2026-05-18,36117,Wayne County,New York,NY,quiet,0.000179,1456,43,501+,0.1,0.001024,1677,48,501+,0.17,0.061946,0.073538,0,0,0,,0.9975,2022-23
2026-05-11,2026-05-18,48435,Sutton County,Texas,TX,quiet,0.000179,1457,150,501+,0.1,0.002354,1038,114,501+,0.4,0.061916,0.167578,0,0,0,,0.9787234,2023-24
2026-05-11,2026-05-18,51610,Falls Church City,Virginia,VA,quiet,0.000179,1458,49,501+,0.1,0.000828,1873,57,501+,0.14,0.061868,0.058877,0,0,0,,0.938,2023-24
2026-05-11,2026-05-18,27151,Swift County,Minnesota,MN,quiet,0.000178,1459,45,501+,0.1,0.001443,1395,44,501+,0.24,0.061825,0.104277,0,0,0,,0.894,2023-24
2026-05-11,2026-05-18,35028,Los Alamos County,New Mexico,NM,quiet,0.000178,1460,16,501+,0.1,0.001764,1244,20,501+,0.3,0.061713,0.127246,0,0,0,,,
2026-05-11,2026-05-18,05063,Independence County,Arkansas,AR,quiet,0.000178,1461,17,501+,0.1,0.001046,1661,19,501+,0.18,0.061674,0.075197,0,0,0,,,
2026-05-11,2026-05-18,55101,Racine County,Wisconsin,WI,quiet,0.000178,1462,38,501+,0.1,0.00163,1309,37,501+,0.28,0.06167,0.117728,0,0,0,,0.738,2023-24
2026-05-11,2026-05-18,20165,Rush County,Kansas,KS,quiet,0.000178,1463,38,501+,0.1,0.001961,1164,21,501+,0.33,0.061642,0.140967,0,0,0,,0.95,2023-24
2026-05-11,2026-05-18,08093,Park County,Colorado,CO,quiet,0.000177,1464,43,501+,0.1,0.000601,2162,50,501+,0.1,0.061532,0.0419,0,0,0,,0.8706,2023-24
2026-05-11,2026-05-18,27135,Roseau County,Minnesota,MN,quiet,0.000177,1465,46,501+,0.1,0.001342,1462,46,501+,0.23,0.061474,0.09694,0,0,0,,0.809,2023-24
2026-05-11,2026-05-18,48363,Palo Pinto County,Texas,TX,quiet,0.000177,1466,151,501+,0.1,0.001205,1543,175,501+,0.2,0.061442,0.086919,0,0,0,,0.93982808,2023-24
2026-05-11,2026-05-18,48211,Hemphill County,Texas,TX,quiet,0.000177,1467,152,501+,0.1,0.001627,1311,142,501+,0.28,0.061308,0.117551,0,0,0,,0.94339623,2023-24
2026-05-11,2026-05-18,30109,Wibaux County,Montana,MT,quiet,0.000177,1468,21,501+,0.1,0.000596,2170,40,501+,0.1,0.0613,0.041513,0,0,0,,,
2026-05-11,2026-05-18,17105,Livingston County,Illinois,IL,quiet,0.000177,1469,34,501+,0.1,0.002024,1138,24,501+,0.34,0.061279,0.14532,0,0,0,,,
2026-05-11,2026-05-18,51113,Madison County,Virginia,VA,quiet,0.000177,1470,50,501+,0.1,0.001247,1517,42,501+,0.21,0.061268,0.09003,0,0,0,,0.869,2023-24
2026-05-11,2026-05-18,20205,Wilson County,Kansas,KS,quiet,0.000176,1471,39,501+,0.1,0.000839,1859,60,501+,0.14,0.061157,0.059725,0,0,0,,0.93,2023-24
2026-05-11,2026-05-18,18167,Vigo County,Indiana,IN,quiet,0.000176,1472,34,501+,0.1,0.001499,1371,31,501+,0.25,0.061128,0.108378,0,0,0,,,
2026-05-11,2026-05-18,18113,Noble County,Indiana,IN,quiet,0.000176,1473,35,501+,0.1,0.002136,1098,21,501+,0.36,0.061126,0.152948,0,0,0,,,
2026-05-11,2026-05-18,17103,Lee County,Illinois,IL,quiet,0.000176,1474,35,501+,0.1,0.001403,1417,32,501+,0.24,0.061088,0.101372,0,0,0,,,
2026-05-11,2026-05-18,48433,Stonewall County,Texas,TX,quiet,0.000176,1475,153,501+,0.1,0.00062,2127,225,501+,0.1,0.06094,0.043335,0,0,0,,0.85714286,2022-23
2026-05-11,2026-05-18,05141,Van Buren County,Arkansas,AR,quiet,0.000175,1476,18,501+,0.1,0.00044,2411,46,501+,0.07,0.06083,0.029979,0,0,0,,,
2026-05-11,2026-05-18,42083,McKean County,Pennsylvania,PA,quiet,0.000175,1477,47,501+,0.1,0.001849,1204,44,501+,0.31,0.060822,0.133155,0,0,0,,0.92620865,2023-24
2026-05-11,2026-05-18,29135,Moniteau County,Missouri,MO,quiet,0.000174,1478,40,501+,0.1,0.001061,1644,52,501+,0.18,0.060482,0.0763,0,0,0,,0.936,2023-24
2026-05-11,2026-05-18,26109,Menominee County,Michigan,MI,quiet,0.000174,1479,61,501+,0.1,0.000997,1706,61,501+,0.17,0.06033,0.071522,0,0,0,,0.868,2023-24
2026-05-11,2026-05-18,26009,Antrim County,Michigan,MI,quiet,0.000174,1480,62,501+,0.1,0.002941,878,46,501+,0.5,0.060289,0.205278,0,0,0,,0.8166,2023-24
2026-05-11,2026-05-18,17195,Whiteside County,Illinois,IL,quiet,0.000174,1481,36,501+,0.1,0.00142,1408,30,501+,0.24,0.060252,0.10267,0,0,0,,,
2026-05-11,2026-05-18,35006,Cibola County,New Mexico,NM,quiet,0.000174,1482,17,501+,0.1,0.001443,1394,22,501+,0.24,0.06023,0.104279,0,0,0,,0.85,2018-19
2026-05-11,2026-05-18,17075,Iroquois County,Illinois,IL,quiet,0.000173,1483,37,501+,0.1,0.000737,1990,47,501+,0.12,0.060188,0.052082,0,0,0,,,
2026-05-11,2026-05-18,48119,Delta County,Texas,TX,quiet,0.000173,1484,154,501+,0.1,0.002358,1035,113,501+,0.4,0.060034,0.167848,0,0,0,,0.93846154,2023-24
2026-05-11,2026-05-18,31121,Merrick County,Nebraska,NE,quiet,0.000173,1485,19,501+,0.1,0.001305,1484,21,501+,0.22,0.059943,0.094276,0,0,0,,,
2026-05-11,2026-05-18,55049,Iowa County,Wisconsin,WI,quiet,0.000172,1486,39,501+,0.1,0.000696,2037,53,501+,0.12,0.059884,0.049,0,0,0,,0.786,2023-24
2026-05-11,2026-05-18,08113,San Miguel County,Colorado,CO,quiet,0.000172,1487,44,501+,0.1,0.001325,1475,40,501+,0.22,0.059762,0.095701,0,0,0,,0.8615,2023-24
2026-05-11,2026-05-18,06091,Sierra County,California,CA,quiet,0.000172,1488,55,501+,0.1,0.001009,1693,56,501+,0.17,0.059638,0.072408,0,0,0,,0.95,2023-24
2026-05-11,2026-05-18,48151,Fisher County,Texas,TX,quiet,0.000172,1489,155,501+,0.1,0.001974,1160,128,501+,0.33,0.059588,0.141865,0,0,0,,0.95454546,2023-24
2026-05-11,2026-05-18,48227,Howard County,Texas,TX,quiet,0.000171,1490,156,501+,0.1,0.000973,1733,192,501+,0.16,0.059439,0.069725,0,0,0,,0.97349398,2023-24
2026-05-11,2026-05-18,01029,Cleburne County,Alabama,AL,quiet,0.000171,1491,22,501+,0.1,0.002079,1116,13,501+,0.35,0.059295,0.149041,0,0,0,,0.9524,2022-23
2026-05-11,2026-05-18,30095,Stillwater County,Montana,MT,quiet,0.00017,1492,22,501+,0.1,0.002897,890,13,501+,0.49,0.059154,0.20254,0,0,0,,,
2026-05-11,2026-05-18,26137,Otsego County,Michigan,MI,quiet,0.00017,1493,63,501+,0.1,0.000649,2099,68,501+,0.11,0.059093,0.045536,0,0,0,,0.8905,2023-24
2026-05-11,2026-05-18,48403,Sabine County,Texas,TX,quiet,0.00017,1494,157,501+,0.1,0.001098,1615,182,501+,0.19,0.059043,0.079047,0,0,0,,0.94029851,2023-24
2026-05-11,2026-05-18,48365,Panola County,Texas,TX,quiet,0.00017,1495,158,501+,0.1,0.000673,2068,217,501+,0.11,0.058966,0.047287,0,0,0,,0.94092827,2023-24
2026-05-11,2026-05-18,55063,La Crosse County,Wisconsin,WI,quiet,0.000169,1496,40,501+,0.1,0.002665,945,17,501+,0.45,0.058873,0.187865,0,0,0,,0.771,2023-24
2026-05-11,2026-05-18,20027,Clay County,Kansas,KS,quiet,0.000169,1497,40,501+,0.1,0.001398,1418,33,501+,0.24,0.058731,0.101051,0,0,0,,0.88,2023-24
2026-05-11,2026-05-18,44005,Newport County,Rhode Island,RI,quiet,0.000169,1498,5,501+,0.1,0.001524,1359,5,501+,0.26,0.058703,0.110112,0,0,0,,0.937,2023-24
2026-05-11,2026-05-18,48005,Angelina County,Texas,TX,quiet,0.000169,1499,159,501+,0.1,0.001392,1423,159,501+,0.24,0.058617,0.100613,0,0,0,,0.94070797,2023-24
2026-05-11,2026-05-18,27149,Stevens County,Minnesota,MN,quiet,0.000168,1500,47,501+,0.1,0.001199,1546,50,501+,0.2,0.058525,0.0865,0,0,0,,0.913,2023-24
2026-05-11,2026-05-18,01113,Russell County,Alabama,AL,quiet,0.000168,1501,23,501+,0.1,0.000391,2492,48,501+,0.07,0.058509,0.026343,0,0,0,,0.899,2022-23
2026-05-11,2026-05-18,37115,Madison County,North Carolina,NC,quiet,0.000167,1502,53,501+,0.1,0.001651,1301,53,501+,0.28,0.05823,0.119267,0,0,0,,0.88700565,2022-23
2026-05-11,2026-05-18,48255,Karnes County,Texas,TX,quiet,0.000167,1503,160,501+,0.1,0.001416,1409,155,501+,0.24,0.058224,0.10231,0,0,0,,0.97752809,2023-24
2026-05-11,2026-05-18,33005,Cheshire County,New Hampshire,NH,quiet,0.000167,1504,7,501+,0.1,0.001721,1261,7,501+,0.29,0.058198,0.124163,0,0,0,,,
2026-05-11,2026-05-18,40089,McCurtain County,Oklahoma,OK,quiet,0.000167,1505,25,501+,0.1,0.000899,1802,43,501+,0.15,0.058109,0.064247,0,0,0,,0.8534,2023-24
2026-05-11,2026-05-18,36037,Genesee County,New York,NY,quiet,0.000167,1506,44,501+,0.1,0.00116,1571,46,501+,0.2,0.058028,0.083578,0,0,0,,0.99906452,2022-23
2026-05-11,2026-05-18,27117,Pipestone County,Minnesota,MN,quiet,0.000167,1507,48,501+,0.1,0.002512,979,29,501+,0.42,0.057967,0.177992,0,0,0,,0.922,2023-24
2026-05-11,2026-05-18,23029,Washington County,Maine,ME,quiet,0.000167,1508,10,501+,0.1,0.00312,845,7,501+,0.53,0.057944,0.216308,0,0,0,,0.9535,2023-24
2026-05-11,2026-05-18,48503,Young County,Texas,TX,quiet,0.000167,1509,161,501+,0.1,0.002495,986,106,501+,0.42,0.057932,0.17686,0,0,0,,0.96938776,2023-24
2026-05-11,2026-05-18,21009,Barren County,Kentucky,KY,quiet,0.000166,1510,21,501+,0.1,0.00073,1996,34,501+,0.12,0.057879,0.051601,0,0,0,,0.9,2022-23
2026-05-11,2026-05-18,37093,Hoke County,North Carolina,NC,quiet,0.000166,1511,54,501+,0.1,0.00197,1162,49,501+,0.33,0.057823,0.141581,0,0,0,,0.85887709,2022-23
2026-05-11,2026-05-18,48217,Hill County,Texas,TX,quiet,0.000166,1512,162,501+,0.1,0.001314,1480,165,501+,0.22,0.057774,0.094918,0,0,0,,0.89356436,2023-24
2026-05-11,2026-05-18,55089,Ozaukee County,Wisconsin,WI,quiet,0.000166,1513,41,501+,0.1,0.004191,688,13,501+,0.71,0.057753,0.277501,0,0,0,,0.804,2023-24
2026-05-11,2026-05-18,08089,Otero County,Colorado,CO,quiet,0.000166,1514,45,501+,0.1,0.000761,1958,48,501+,0.13,0.057694,0.053866,0,0,0,,0.9283,2023-24
2026-05-11,2026-05-18,22117,Washington Parish,Louisiana,LA,quiet,0.000165,1515,29,501+,0.1,0.000901,1800,28,501+,0.15,0.057553,0.064396,0,0,0,,0.967,2021-22
2026-05-11,2026-05-18,23017,Oxford County,Maine,ME,quiet,0.000165,1516,11,501+,0.1,0.001423,1406,11,501+,0.24,0.057542,0.102865,0,0,0,,0.9841,2023-24
2026-05-11,2026-05-18,39171,Williams County,Ohio,OH,quiet,0.000165,1517,50,501+,0.1,0.001007,1696,53,501+,0.17,0.057353,0.072283,0,0,0,,,
2026-05-11,2026-05-18,20059,Franklin County,Kansas,KS,quiet,0.000164,1518,41,501+,0.1,0.001061,1642,47,501+,0.18,0.057132,0.076312,0,0,0,,0.93,2023-24
2026-05-11,2026-05-18,20035,Cowley County,Kansas,KS,quiet,0.000164,1519,42,501+,0.1,0.00141,1412,32,501+,0.24,0.057044,0.101932,0,0,0,,0.94,2023-24
2026-05-11,2026-05-18,36101,Steuben County,New York,NY,quiet,0.000164,1520,45,501+,0.1,0.000822,1878,52,501+,0.14,0.057018,0.058488,0,0,0,,0.99835294,2022-23
2026-05-11,2026-05-18,48399,Runnels County,Texas,TX,quiet,0.000164,1521,163,501+,0.1,0.001281,1496,168,501+,0.22,0.056974,0.092482,0,0,0,,0.93846154,2023-24
2026-05-11,2026-05-18,20095,Kingman County,Kansas,KS,quiet,0.000163,1522,43,501+,0.1,0.001163,1568,41,501+,0.2,0.056784,0.083816,0,0,0,,0.73,2023-24
2026-05-11,2026-05-18,39027,Clinton County,Ohio,OH,quiet,0.000163,1523,51,501+,0.1,0.000989,1714,54,501+,0.17,0.05677,0.070892,0,0,0,,,
2026-05-11,2026-05-18,40073,Kingfisher County,Oklahoma,OK,quiet,0.000163,1524,26,501+,0.1,0.00203,1135,19,501+,0.34,0.056763,0.14569,0,0,0,,0.8669,2023-24
2026-05-11,2026-05-18,05139,Union County,Arkansas,AR,quiet,0.000163,1525,19,501+,0.1,0.001093,1618,17,501+,0.18,0.056706,0.07867,0,0,0,,,
2026-05-11,2026-05-18,29177,Ray County,Missouri,MO,quiet,0.000163,1526,41,501+,0.1,0.000917,1788,57,501+,0.15,0.05666,0.065557,0,0,0,,0.921,2023-24
2026-05-11,2026-05-18,38027,Eddy County,North Dakota,ND,quiet,0.000163,1527,25,501+,0.1,0.001074,1630,29,501+,0.18,0.056642,0.077217,0,0,0,,0.9655,2023-24
2026-05-11,2026-05-18,05083,Logan County,Arkansas,AR,quiet,0.000162,1528,20,501+,0.09,0.00066,2087,34,501+,0.11,0.056542,0.046299,0,0,0,,,
2026-05-11,2026-05-18,37163,Sampson County,North Carolina,NC,quiet,0.000162,1529,55,501+,0.09,0.000952,1749,71,501+,0.16,0.056488,0.0682,0,0,0,,0.96788991,2022-23
2026-05-11,2026-05-18,05025,Cleveland County,Arkansas,AR,quiet,0.000162,1530,21,501+,0.09,0.000736,1992,30,501+,0.12,0.056427,0.051988,0,0,0,,,
2026-05-11,2026-05-18,17179,Tazewell County,Illinois,IL,quiet,0.000162,1531,38,501+,0.09,0.001285,1492,35,501+,0.22,0.056404,0.092818,0,0,0,,,
2026-05-11,2026-05-18,22045,Iberia Parish,Louisiana,LA,quiet,0.000162,1532,30,501+,0.09,0.000943,1755,25,501+,0.16,0.056361,0.067494,0,0,0,,0.949,2021-22
2026-05-11,2026-05-18,37139,Pasquotank County,North Carolina,NC,quiet,0.000161,1533,56,501+,0.09,0.000643,2106,83,501+,0.11,0.056131,0.04503,0,0,0,,0.95982143,2022-23
2026-05-11,2026-05-18,51115,Mathews County,Virginia,VA,quiet,0.000161,1534,51,501+,0.09,0.000418,2449,93,501+,0.07,0.056089,0.028305,0,0,0,,0.92,2023-24
2026-05-11,2026-05-18,37107,Lenoir County,North Carolina,NC,quiet,0.000161,1535,57,501+,0.09,0.002194,1078,47,501+,0.37,0.056045,0.156864,0,0,0,,0.95776772,2022-23
2026-05-11,2026-05-18,06043,Mariposa County,California,CA,quiet,0.000161,1536,56,501+,0.09,0.001408,1415,53,501+,0.24,0.056013,0.101783,0,0,0,,0.96667,2023-24
2026-05-11,2026-05-18,29039,Cedar County,Missouri,MO,quiet,0.000161,1537,42,501+,0.09,0.003252,813,14,501+,0.55,0.05598,0.224226,0,0,5,45,0.922,2023-24
2026-05-11,2026-05-18,55125,Vilas County,Wisconsin,WI,quiet,0.00016,1538,42,501+,0.09,0.000851,1849,46,501+,0.14,0.055819,0.060621,0,0,0,,0.732,2023-24
2026-05-11,2026-05-18,40121,Pittsburg County,Oklahoma,OK,quiet,0.00016,1539,27,501+,0.09,0.00137,1442,28,501+,0.23,0.055795,0.099036,0,0,0,,0.9025,2023-24
2026-05-11,2026-05-18,41065,Wasco County,Oregon,OR,quiet,0.00016,1540,30,501+,0.09,0.002022,1139,25,501+,0.34,0.055721,0.145164,0,0,0,,0.899,2023-24
2026-05-11,2026-05-18,13103,Effingham County,Georgia,GA,quiet,0.00016,1541,48,501+,0.09,0.001809,1221,28,501+,0.31,0.055666,0.130384,0,0,0,,,
2026-05-11,2026-05-18,48405,San Augustine County,Texas,TX,quiet,0.000159,1542,164,501+,0.09,0.000779,1934,207,501+,0.13,0.055596,0.055217,0,0,0,,0.92727273,2023-24
2026-05-11,2026-05-18,27039,Dodge County,Minnesota,MN,quiet,0.000159,1543,49,501+,0.09,0.001473,1382,41,501+,0.25,0.055566,0.106476,0,0,0,,0.884,2023-24
2026-05-11,2026-05-18,12049,Hardee County,Florida,FL,quiet,0.000158,1544,53,501+,0.09,0.001779,1234,42,501+,0.3,0.05524,0.128254,0,0,0,,0.962,2022-23
2026-05-11,2026-05-18,30089,Sanders County,Montana,MT,quiet,0.000158,1545,23,501+,0.09,0.002001,1151,19,501+,0.34,0.055194,0.143709,0,0,0,,,
2026-05-11,2026-05-18,17181,Union County,Illinois,IL,quiet,0.000157,1546,39,501+,0.09,0.000813,1890,43,501+,0.14,0.054941,0.057788,0,0,0,,,
2026-05-11,2026-05-18,48395,Robertson County,Texas,TX,quiet,0.000157,1547,165,501+,0.09,0.000567,2228,230,501+,0.1,0.054936,0.039371,0,0,0,,0.97584541,2023-24
2026-05-11,2026-05-18,17063,Grundy County,Illinois,IL,quiet,0.000157,1548,40,501+,0.09,0.001413,1411,31,501+,0.24,0.054888,0.102134,0,0,0,,,
2026-05-11,2026-05-18,01061,Geneva County,Alabama,AL,quiet,0.000157,1549,24,501+,0.09,0.000632,2118,33,501+,0.11,0.054843,0.044202,0,0,0,,0.9785,2022-23
2026-05-11,2026-05-18,42087,Mifflin County,Pennsylvania,PA,quiet,0.000157,1550,48,501+,0.09,0.000955,1745,50,501+,0.16,0.054812,0.068423,0,0,0,,0.96183206,2023-24
2026-05-11,2026-05-18,13123,Gilmer County,Georgia,GA,quiet,0.000157,1551,49,501+,0.09,0.00088,1819,62,501+,0.15,0.054789,0.062785,0,0,0,,,
2026-05-11,2026-05-18,51157,Rappahannock County,Virginia,VA,quiet,0.000157,1552,52,501+,0.09,0.001606,1316,32,501+,0.27,0.054767,0.116031,0,0,0,,0.89,2023-24
2026-05-11,2026-05-18,20153,Rawlins County,Kansas,KS,quiet,0.000157,1553,44,501+,0.09,0.000751,1970,66,501+,0.13,0.054732,0.053162,0,0,0,,0.57,2023-24
2026-05-11,2026-05-18,47047,Fayette County,Tennessee,TN,quiet,0.000157,1554,33,501+,0.09,0.001694,1275,25,501+,0.29,0.054718,0.12229,0,0,0,,0.983,2023-24
2026-05-11,2026-05-18,46047,Fall River County,South Dakota,SD,quiet,0.000157,1555,20,501+,0.09,0.001737,1254,19,501+,0.29,0.054652,0.125343,0,0,0,,0.81,2023-24
2026-05-11,2026-05-18,45023,Chester County,South Carolina,SC,quiet,0.000156,1556,29,501+,0.09,0.002013,1146,27,501+,0.34,0.054607,0.14455,0,0,0,,0.952,2023-24
2026-05-11,2026-05-18,40127,Pushmataha County,Oklahoma,OK,quiet,0.000156,1557,28,501+,0.09,0.001024,1676,39,501+,0.17,0.054594,0.073558,0,0,0,,0.8468,2023-24
2026-05-11,2026-05-18,29203,Shannon County,Missouri,MO,quiet,0.000156,1558,43,501+,0.09,0.002933,882,15,501+,0.5,0.054578,0.204781,0,0,0,,0.846,2023-24
2026-05-11,2026-05-18,39141,Ross County,Ohio,OH,quiet,0.000156,1559,52,501+,0.09,0.001389,1426,48,501+,0.23,0.05456,0.100385,0,0,0,,,
2026-05-11,2026-05-18,40139,Texas County,Oklahoma,OK,quiet,0.000156,1560,29,501+,0.09,0.001928,1178,22,501+,0.33,0.054397,0.138668,0,0,0,,0.9179,2023-24
2026-05-11,2026-05-18,37193,Wilkes County,North Carolina,NC,quiet,0.000154,1561,58,501+,0.09,0.00122,1529,64,501+,0.21,0.053863,0.088019,0,0,0,,0.96692913,2022-23
2026-05-11,2026-05-18,21107,Hopkins County,Kentucky,KY,quiet,0.000153,1562,22,501+,0.09,0.001699,1273,20,501+,0.29,0.053628,0.122641,0,0,0,,0.929,2022-23
2026-05-11,2026-05-18,27165,Watonwan County,Minnesota,MN,quiet,0.000153,1563,50,501+,0.09,0.001676,1285,38,501+,0.28,0.053541,0.121021,0,0,0,,0.94,2023-24
2026-05-11,2026-05-18,46037,Day County,South Dakota,SD,quiet,0.000153,1564,21,501+,0.09,0.002595,960,13,501+,0.44,0.05349,0.183372,0,0,0,,0.98,2023-24
2026-05-11,2026-05-18,29123,Madison County,Missouri,MO,quiet,0.000153,1565,44,501+,0.09,0.00112,1601,47,501+,0.19,0.053374,0.080618,0,0,0,,0.97,2023-24
2026-05-11,2026-05-18,21007,Ballard County,Kentucky,KY,quiet,0.000153,1566,23,501+,0.09,0.000602,2159,40,501+,0.1,0.053363,0.04203,0,0,0,,0.974,2022-23
2026-05-11,2026-05-18,18067,Howard County,Indiana,IN,quiet,0.000153,1567,36,501+,0.09,0.001336,1468,34,501+,0.23,0.053328,0.096548,0,0,0,,,
2026-05-11,2026-05-18,27023,Chippewa County,Minnesota,MN,quiet,0.000152,1568,51,501+,0.09,0.000756,1962,68,501+,0.13,0.053279,0.053524,0,0,0,,0.897,2023-24
2026-05-11,2026-05-18,51079,Greene County,Virginia,VA,quiet,0.000152,1569,53,501+,0.09,0.001904,1188,28,501+,0.32,0.053254,0.137002,0,0,0,,0.957,2023-24
2026-05-11,2026-05-18,42005,Armstrong County,Pennsylvania,PA,quiet,0.000152,1570,49,501+,0.09,0.000605,2152,55,501+,0.1,0.053193,0.042219,0,0,0,,0.90610329,2023-24
2026-05-11,2026-05-18,40111,Okmulgee County,Oklahoma,OK,quiet,0.000152,1571,30,501+,0.09,0.001155,1577,33,501+,0.2,0.05318,0.083227,0,0,0,,0.8911,2023-24
2026-05-11,2026-05-18,08027,Custer County,Colorado,CO,quiet,0.000152,1572,46,501+,0.09,0.001123,1596,45,501+,0.19,0.053164,0.080884,0,0,0,,0.8627,2023-24
2026-05-11,2026-05-18,36109,Tompkins County,New York,NY,quiet,0.000152,1573,46,501+,0.09,0.000712,2017,53,501+,0.12,0.053139,0.050246,0,0,0,,0.99663636,2022-23
2026-05-11,2026-05-18,35039,Rio Arriba County,New Mexico,NM,quiet,0.000152,1574,18,501+,0.09,0.002152,1090,17,501+,0.36,0.053016,0.154066,0,0,0,,0.93,2018-19
2026-05-11,2026-05-18,46091,Marshall County,South Dakota,SD,quiet,0.000151,1575,22,501+,0.09,0.001721,1260,20,501+,0.29,0.052875,0.124187,0,0,0,,0.72,2023-24
2026-05-11,2026-05-18,20041,Dickinson County,Kansas,KS,quiet,0.000151,1576,45,501+,0.09,0.000786,1924,65,501+,0.13,0.052806,0.055796,0,0,0,,0.87,2023-24
2026-05-11,2026-05-18,17123,Marshall County,Illinois,IL,quiet,0.000151,1577,41,501+,0.09,0.001348,1454,34,501+,0.23,0.052786,0.097424,0,0,0,,,
2026-05-11,2026-05-18,31107,Knox County,Nebraska,NE,quiet,0.000151,1578,20,501+,0.09,0.000884,1816,32,501+,0.15,0.052757,0.06308,0,0,0,,,
2026-05-11,2026-05-18,28051,Holmes County,Mississippi,MS,quiet,0.000151,1579,14,501+,0.09,0.000204,2847,75,501+,0.03,0.052693,0.012939,0,0,0,,,
2026-05-11,2026-05-18,02240,Southeast Fairbanks Census Area,Alaska,AK,quiet,0.000151,1580,11,501+,0.09,0.001364,1449,11,501+,0.23,0.052681,0.098601,0,0,0,,,
2026-05-11,2026-05-18,39013,Belmont County,Ohio,OH,quiet,0.00015,1581,53,501+,0.09,0.00081,1891,58,501+,0.14,0.05262,0.057588,0,0,0,,,
2026-05-11,2026-05-18,40071,Kay County,Oklahoma,OK,quiet,0.00015,1582,31,501+,0.09,0.001179,1557,32,501+,0.2,0.052348,0.084974,0,0,0,,0.9742,2023-24
2026-05-11,2026-05-18,40023,Choctaw County,Oklahoma,OK,quiet,0.000149,1583,32,501+,0.09,0.000682,2050,57,501+,0.12,0.05213,0.047939,0,0,0,,0.8271,2023-24
2026-05-11,2026-05-18,40019,Carter County,Oklahoma,OK,quiet,0.000149,1584,33,501+,0.09,0.001005,1699,40,501+,0.17,0.052041,0.072148,0,0,0,,0.8881,2023-24
2026-05-11,2026-05-18,37043,Clay County,North Carolina,NC,quiet,0.000148,1585,59,501+,0.09,0.001603,1321,55,501+,0.27,0.051911,0.115806,0,0,0,,0.9537037,2022-23
2026-05-11,2026-05-18,13211,Morgan County,Georgia,GA,quiet,0.000148,1586,50,501+,0.09,0.000957,1742,55,501+,0.16,0.051896,0.06857,0,0,0,,,
2026-05-11,2026-05-18,37013,Beaufort County,North Carolina,NC,quiet,0.000148,1587,60,501+,0.09,0.001234,1523,63,501+,0.21,0.051749,0.089044,0,0,0,,0.9426087,2022-23
2026-05-11,2026-05-18,13035,Butts County,Georgia,GA,quiet,0.000148,1588,51,501+,0.09,0.000677,2057,79,501+,0.11,0.051712,0.047628,0,0,0,,,
2026-05-11,2026-05-18,31067,Gage County,Nebraska,NE,quiet,0.000148,1589,21,501+,0.09,0.000831,1868,34,501+,0.14,0.051696,0.05916,0,0,0,,,
2026-05-11,2026-05-18,48147,Fannin County,Texas,TX,quiet,0.000147,1590,166,501+,0.09,0.001768,1241,138,501+,0.3,0.05159,0.127513,0,0,4,43,0.94148936,2023-24
2026-05-11,2026-05-18,51075,Goochland County,Virginia,VA,quiet,0.000147,1591,54,501+,0.09,0.00132,1479,40,501+,0.22,0.051568,0.095393,0,0,0,,0.928,2023-24
2026-05-11,2026-05-18,08099,Prowers County,Colorado,CO,quiet,0.000147,1592,47,501+,0.09,0.000587,2185,52,501+,0.1,0.051533,0.040856,0,0,0,,0.9943,2023-24
2026-05-11,2026-05-18,26035,Clare County,Michigan,MI,quiet,0.000147,1593,64,501+,0.09,0.000837,1865,64,501+,0.14,0.051453,0.05954,0,0,0,,0.8848,2023-24
2026-05-11,2026-05-18,30091,Sheridan County,Montana,MT,quiet,0.000147,1594,24,501+,0.09,0.001821,1215,22,501+,0.31,0.051437,0.131261,0,0,0,,,
2026-05-11,2026-05-18,48315,Marion County,Texas,TX,quiet,0.000147,1595,167,501+,0.09,0.001388,1427,160,501+,0.23,0.051417,0.100323,0,0,0,,0.98412698,2023-24
2026-05-11,2026-05-18,48425,Somervell County,Texas,TX,quiet,0.000147,1596,168,501+,0.09,0.001482,1378,151,501+,0.25,0.051373,0.107086,0,0,0,,0.93103448,2023-24
2026-05-11,2026-05-18,12063,Jackson County,Florida,FL,quiet,0.000146,1597,54,501+,0.09,0.000729,1999,62,501+,0.12,0.051293,0.051502,0,0,0,,0.935,2022-23
2026-05-11,2026-05-18,12067,Lafayette County,Florida,FL,quiet,0.000145,1598,55,501+,0.08,0.000746,1978,60,501+,0.13,0.050933,0.052746,0,0,0,,0.911,2022-23
2026-05-11,2026-05-18,51199,York County,Virginia,VA,quiet,0.000145,1599,55,501+,0.08,0.001775,1237,30,501+,0.3,0.050873,0.128018,0,0,0,,0.928,2023-24
2026-05-11,2026-05-18,22069,Natchitoches Parish,Louisiana,LA,quiet,0.000145,1600,31,501+,0.08,0.001092,1619,23,501+,0.18,0.050839,0.078587,0,0,0,,0.919,2021-22
2026-05-11,2026-05-18,48163,Frio County,Texas,TX,quiet,0.000145,1601,169,501+,0.08,0.004188,689,64,501+,0.71,0.050818,0.27734,0,0,2,9,0.98477157,2023-24
2026-05-11,2026-05-18,48057,Calhoun County,Texas,TX,quiet,0.000145,1602,170,501+,0.08,0.000503,2312,235,501+,0.09,0.050759,0.034627,0,0,0,,0.98717949,2023-24
2026-05-11,2026-05-18,48185,Grimes County,Texas,TX,quiet,0.000145,1603,171,501+,0.08,0.000686,2046,213,501+,0.12,0.050704,0.048294,0,0,0,,0.94328358,2023-24
2026-05-11,2026-05-18,30011,Carter County,Montana,MT,quiet,0.000144,1604,25,501+,0.08,0.001249,1512,30,501+,0.21,0.050485,0.090138,0,0,0,,,
2026-05-11,2026-05-18,27095,Mille Lacs County,Minnesota,MN,quiet,0.000144,1605,52,501+,0.08,0.000838,1863,65,501+,0.14,0.050469,0.059657,0,0,0,,0.744,2023-24
2026-05-11,2026-05-18,13255,Spalding County,Georgia,GA,quiet,0.000144,1606,52,501+,0.08,0.000498,2320,98,501+,0.08,0.050468,0.034262,0,0,0,,,
2026-05-11,2026-05-18,05059,Hot Spring County,Arkansas,AR,quiet,0.000144,1607,22,501+,0.08,0.000585,2191,35,501+,0.1,0.050456,0.040695,0,0,0,,,
2026-05-11,2026-05-18,51540,Charlottesville City,Virginia,VA,quiet,0.000144,1608,56,501+,0.08,0.000816,1882,58,501+,0.14,0.050395,0.058032,0,0,0,,0.926,2023-24
2026-05-11,2026-05-18,13221,Oglethorpe County,Georgia,GA,quiet,0.000144,1609,53,501+,0.08,0.001122,1597,45,501+,0.19,0.050391,0.080811,0,0,0,,,
2026-05-11,2026-05-18,01133,Winston County,Alabama,AL,quiet,0.000144,1610,25,501+,0.08,0.00104,1669,26,501+,0.18,0.05039,0.074709,0,0,0,,0.9169,2022-23
2026-05-11,2026-05-18,48239,Jackson County,Texas,TX,quiet,0.000144,1611,172,501+,0.08,0.000865,1831,200,501+,0.15,0.050365,0.061669,0,0,0,,0.98770492,2023-24
2026-05-11,2026-05-18,20127,Morris County,Kansas,KS,quiet,0.000144,1612,46,501+,0.08,0.001275,1499,35,501+,0.22,0.05036,0.092066,0,0,0,,0.89,2023-24
2026-05-11,2026-05-18,12035,Flagler County,Florida,FL,quiet,0.000144,1613,56,501+,0.08,0.001019,1683,55,501+,0.17,0.050315,0.07316,0,0,0,,0.899,2022-23
2026-05-11,2026-05-18,40123,Pontotoc County,Oklahoma,OK,quiet,0.000143,1614,34,501+,0.08,0.001703,1271,23,501+,0.29,0.050281,0.122891,0,0,0,,0.9533,2023-24
2026-05-11,2026-05-18,20151,Pratt County,Kansas,KS,quiet,0.000143,1615,47,501+,0.08,0.001935,1175,24,501+,0.33,0.050234,0.139177,0,0,0,,0.9,2023-24
2026-05-11,2026-05-18,18073,Jasper County,Indiana,IN,quiet,0.000143,1616,37,501+,0.08,0.000983,1720,40,501+,0.17,0.0502,0.070498,0,0,0,,,
2026-05-11,2026-05-18,31047,Dawson County,Nebraska,NE,quiet,0.000143,1617,22,501+,0.08,0.000838,1862,33,501+,0.14,0.050175,0.05966,0,0,0,,,
2026-05-11,2026-05-18,27091,Martin County,Minnesota,MN,quiet,0.000143,1618,53,501+,0.08,0.000862,1834,63,501+,0.15,0.050129,0.061409,0,0,0,,0.816,2023-24
2026-05-11,2026-05-18,27167,Wilkin County,Minnesota,MN,quiet,0.000143,1619,54,501+,0.08,0.00108,1625,55,501+,0.18,0.049986,0.077712,0,0,0,,0.974,2023-24
2026-05-11,2026-05-18,27161,Waseca County,Minnesota,MN,quiet,0.000142,1620,55,501+,0.08,0.001345,1458,45,501+,0.23,0.049935,0.097184,0,0,0,,0.934,2023-24
2026-05-11,2026-05-18,21179,Nelson County,Kentucky,KY,quiet,0.000142,1621,24,501+,0.08,0.001135,1589,24,501+,0.19,0.049846,0.08176,0,0,0,,0.91,2022-23
2026-05-11,2026-05-18,48475,Ward County,Texas,TX,quiet,0.000142,1622,173,501+,0.08,0.001792,1229,136,501+,0.3,0.04981,0.129224,0,0,0,,0.93782383,2023-24
2026-05-11,2026-05-18,29175,Randolph County,Missouri,MO,quiet,0.000142,1623,45,501+,0.08,0.000509,2307,77,501+,0.09,0.049783,0.035096,0,0,0,,0.911,2023-24
2026-05-11,2026-05-18,05113,Polk County,Arkansas,AR,quiet,0.000142,1624,23,501+,0.08,0.000662,2080,33,501+,0.11,0.04972,0.046478,0,0,0,,,
2026-05-11,2026-05-18,13125,Glascock County,Georgia,GA,quiet,0.000141,1625,54,501+,0.08,0.001363,1451,38,501+,0.23,0.049631,0.098514,0,0,0,,,
2026-05-11,2026-05-18,13309,Wheeler County,Georgia,GA,quiet,0.00014,1626,55,501+,0.08,0.000524,2289,94,501+,0.09,0.049288,0.036197,0,0,0,,,
2026-05-11,2026-05-18,18015,Carroll County,Indiana,IN,quiet,0.00014,1627,38,501+,0.08,0.000614,2136,52,501+,0.1,0.049229,0.042855,0,0,0,,,
2026-05-11,2026-05-18,21105,Hickman County,Kentucky,KY,quiet,0.00014,1628,25,501+,0.08,0.000887,1812,28,501+,0.15,0.049171,0.063304,0,0,0,,0.982,2022-23
2026-05-11,2026-05-18,13133,Greene County,Georgia,GA,quiet,0.00014,1629,56,501+,0.08,0.000511,2305,97,501+,0.09,0.049118,0.035198,0,0,0,,,
2026-05-11,2026-05-18,40011,Blaine County,Oklahoma,OK,quiet,0.00014,1630,35,501+,0.08,0.000887,1811,45,501+,0.15,0.049049,0.063317,0,0,0,,0.8539,2023-24
2026-05-11,2026-05-18,55137,Waushara County,Wisconsin,WI,quiet,0.00014,1631,43,501+,0.08,0.00091,1793,43,501+,0.15,0.049028,0.06501,0,0,0,,0.717,2023-24
2026-05-11,2026-05-18,20119,Meade County,Kansas,KS,quiet,0.000139,1632,48,501+,0.08,0.001942,1170,23,501+,0.33,0.048925,0.139665,0,0,0,,0.74,2023-24
2026-05-11,2026-05-18,13161,Jeff Davis County,Georgia,GA,quiet,0.000139,1633,57,501+,0.08,0.000789,1919,70,501+,0.13,0.048743,0.056006,0,0,0,,,
2026-05-11,2026-05-18,40067,Jefferson County,Oklahoma,OK,quiet,0.000138,1634,36,501+,0.08,0.001948,1168,21,501+,0.33,0.048582,0.140083,0,0,0,,0.9245,2023-24
2026-05-11,2026-05-18,45039,Fairfield County,South Carolina,SC,quiet,0.000138,1635,30,501+,0.08,0.000918,1784,35,501+,0.16,0.048556,0.065619,0,0,0,,0.897,2023-24
2026-05-11,2026-05-18,42123,Warren County,Pennsylvania,PA,quiet,0.000138,1636,50,501+,0.08,0.000586,2188,56,501+,0.1,0.048507,0.040778,0,0,0,,0.97096774,2023-24
2026-05-11,2026-05-18,13251,Screven County,Georgia,GA,quiet,0.000138,1637,58,501+,0.08,0.000351,2573,122,501+,0.06,0.048386,0.02342,0,0,0,,,
2026-05-11,2026-05-18,48287,Lee County,Texas,TX,quiet,0.000138,1638,174,501+,0.08,0.000798,1910,204,501+,0.13,0.048354,0.056649,0,0,0,,0.95982143,2023-24
2026-05-11,2026-05-18,42109,Snyder County,Pennsylvania,PA,quiet,0.000138,1639,51,501+,0.08,0.000859,1837,52,501+,0.15,0.048329,0.061202,0,0,0,,0.89053254,2023-24
2026-05-11,2026-05-18,35057,Torrance County,New Mexico,NM,quiet,0.000138,1640,19,501+,0.08,0.001891,1192,18,501+,0.32,0.048305,0.136117,0,0,0,,0.94,2018-19
2026-05-11,2026-05-18,21209,Scott County,Kentucky,KY,quiet,0.000137,1641,26,501+,0.08,0.001463,1387,22,501+,0.25,0.04829,0.105759,0,0,0,,0.926,2022-23
2026-05-11,2026-05-18,20051,Ellis County,Kansas,KS,quiet,0.000137,1642,49,501+,0.08,0.001079,1626,46,501+,0.18,0.048172,0.07764,0,0,0,,0.93,2023-24
2026-05-11,2026-05-18,21151,Madison County,Kentucky,KY,quiet,0.000137,1643,27,501+,0.08,0.001597,1327,21,501+,0.27,0.048136,0.11541,0,0,0,,0.941,2022-23
2026-05-11,2026-05-18,39167,Washington County,Ohio,OH,quiet,0.000137,1644,54,501+,0.08,0.000493,2326,64,501+,0.08,0.047965,0.033867,0,0,0,,,
2026-05-11,2026-05-18,13071,Colquitt County,Georgia,GA,quiet,0.000137,1645,59,501+,0.08,0.001012,1689,50,501+,0.17,0.047962,0.072645,0,0,0,,,
2026-05-11,2026-05-18,51187,Warren County,Virginia,VA,quiet,0.000136,1646,57,501+,0.08,0.001603,1320,33,501+,0.27,0.047931,0.115814,0,0,0,,0.677,2023-24
2026-05-11,2026-05-18,29181,Ripley County,Missouri,MO,quiet,0.000136,1647,46,501+,0.08,0.00047,2368,79,501+,0.08,0.047912,0.032175,0,0,0,,0.904,2023-24
2026-05-11,2026-05-18,21167,Mercer County,Kentucky,KY,quiet,0.000136,1648,28,501+,0.08,0.002007,1149,18,501+,0.34,0.047874,0.144122,0,0,0,,0.935,2022-23
2026-05-11,2026-05-18,20071,Greeley County,Kansas,KS,quiet,0.000136,1649,50,501+,0.08,0.000819,1880,62,501+,0.14,0.047831,0.058197,0,0,0,,0.84,2023-24
2026-05-11,2026-05-18,47167,Tipton County,Tennessee,TN,quiet,0.000136,1650,34,501+,0.08,0.001436,1398,32,501+,0.24,0.047798,0.103808,0,0,0,,0.953,2023-24
2026-05-11,2026-05-18,40135,Sequoyah County,Oklahoma,OK,quiet,0.000136,1651,37,501+,0.08,0.000714,2013,56,501+,0.12,0.047798,0.050384,0,0,0,,0.8364,2023-24
2026-05-11,2026-05-18,30057,Madison County,Montana,MT,quiet,0.000136,1652,26,501+,0.08,0.001469,1383,26,501+,0.25,0.047781,0.10618,0,0,0,,,
2026-05-11,2026-05-18,36077,Otsego County,New York,NY,quiet,0.000136,1653,47,501+,0.08,0.000708,2025,54,501+,0.12,0.047772,0.0499,0,0,0,,0.99677143,2022-23
2026-05-11,2026-05-18,48311,McMullen County,Texas,TX,quiet,0.000136,1654,175,501+,0.08,0.001374,1439,162,501+,0.23,0.047744,0.099321,0,0,0,,0.95454546,2023-24
2026-05-11,2026-05-18,51053,Dinwiddie County,Virginia,VA,quiet,0.000136,1655,58,501+,0.08,0.000807,1896,59,501+,0.14,0.047723,0.057312,0,0,0,,0.915,2023-24
2026-05-11,2026-05-18,13173,Lanier County,Georgia,GA,quiet,0.000135,1656,60,501+,0.08,0.001023,1679,49,501+,0.17,0.047619,0.073428,0,0,0,,,
2026-05-11,2026-05-18,28023,Clarke County,Mississippi,MS,quiet,0.000135,1657,15,501+,0.08,0.000601,2160,27,501+,0.1,0.04741,0.041949,0,0,0,,,
2026-05-11,2026-05-18,26097,Mackinac County,Michigan,MI,quiet,0.000135,1658,65,501+,0.08,0.000981,1723,63,501+,0.17,0.047314,0.070298,0,0,0,,0.878,2023-24
2026-05-11,2026-05-18,48285,Lavaca County,Texas,TX,quiet,0.000134,1659,176,501+,0.08,0.000713,2015,210,501+,0.12,0.04726,0.050292,0,0,0,,0.92463768,2023-24
2026-05-11,2026-05-18,36015,Chemung County,New York,NY,quiet,0.000134,1660,48,501+,0.08,0.001043,1666,47,501+,0.18,0.047252,0.074963,0,0,0,,0.997625,2022-23
2026-05-11,2026-05-18,22101,St. Mary Parish,Louisiana,LA,quiet,0.000134,1661,32,501+,0.08,0.000742,1984,36,501+,0.13,0.047217,0.05247,0,0,0,,0.925,2021-22
2026-05-11,2026-05-18,20161,Riley County,Kansas,KS,quiet,0.000134,1662,51,501+,0.08,0.00094,1759,57,501+,0.16,0.047168,0.067298,0,0,0,,0.86,2023-24
2026-05-11,2026-05-18,27031,Cook County,Minnesota,MN,quiet,0.000134,1663,56,501+,0.08,0.000579,2209,71,501+,0.1,0.047163,0.040263,0,0,0,,0.894,2023-24
2026-05-11,2026-05-18,35027,Lincoln County,New Mexico,NM,quiet,0.000134,1664,20,501+,0.08,0.00323,823,12,501+,0.55,0.047013,0.22294,0,0,0,,,
2026-05-11,2026-05-18,20137,Norton County,Kansas,KS,quiet,0.000134,1665,52,501+,0.08,0.001165,1567,40,501+,0.2,0.047008,0.083966,0,0,0,,0.99,2023-24
2026-05-11,2026-05-18,29027,Callaway County,Missouri,MO,quiet,0.000134,1666,47,501+,0.08,0.001058,1646,53,501+,0.18,0.046977,0.076069,0,0,0,,0.911,2023-24
2026-05-11,2026-05-18,35055,Taos County,New Mexico,NM,quiet,0.000134,1667,21,501+,0.08,0.001797,1228,19,501+,0.3,0.046965,0.12956,0,0,0,,0.85,2018-19
2026-05-11,2026-05-18,51175,Southampton County,Virginia,VA,quiet,0.000133,1668,59,501+,0.08,0.000627,2123,69,501+,0.11,0.046893,0.043857,0,0,0,,0.954,2023-24
2026-05-11,2026-05-18,29029,Camden County,Missouri,MO,quiet,0.000133,1669,48,501+,0.08,0.001936,1174,30,501+,0.33,0.046734,0.139206,0,0,0,,0.928,2023-24
2026-05-11,2026-05-18,30001,Beaverhead County,Montana,MT,quiet,0.000132,1670,27,501+,0.08,0.002185,1081,18,501+,0.37,0.046557,0.156304,0,0,0,,,
2026-05-11,2026-05-18,28099,Neshoba County,Mississippi,MS,quiet,0.000132,1671,16,501+,0.08,0.000776,1937,18,501+,0.13,0.046551,0.05498,0,0,0,,,
2026-05-11,2026-05-18,48335,Mitchell County,Texas,TX,quiet,0.000132,1672,177,501+,0.08,0.0022,1074,116,501+,0.37,0.046533,0.157264,0,0,0,,0.93406593,2023-24
2026-05-11,2026-05-18,20061,Geary County,Kansas,KS,quiet,0.000132,1673,53,501+,0.08,0.001049,1658,50,501+,0.18,0.046507,0.07538,0,0,0,,0.77,2023-24
2026-05-11,2026-05-18,29043,Christian County,Missouri,MO,quiet,0.000132,1674,49,501+,0.08,0.002095,1111,26,501+,0.35,0.046501,0.150172,0,0,0,,0.788,2023-24
2026-05-11,2026-05-18,40101,Muskogee County,Oklahoma,OK,quiet,0.000132,1675,38,501+,0.08,0.000796,1914,50,501+,0.13,0.046463,0.056473,0,0,0,,0.8836,2023-24
2026-05-11,2026-05-18,08103,Rio Blanco County,Colorado,CO,quiet,0.000132,1676,48,501+,0.08,0.00129,1491,41,501+,0.22,0.04643,0.093135,0,0,0,,0.878,2023-24
2026-05-11,2026-05-18,24029,Kent County,Maryland,MD,quiet,0.000132,1677,21,501+,0.08,0.000553,2246,21,501+,0.09,0.04642,0.038344,0,0,0,,0.953,2023-24
2026-05-11,2026-05-18,46075,Jones County,South Dakota,SD,quiet,0.000132,1678,23,501+,0.08,0.001059,1645,34,501+,0.18,0.046344,0.076103,0,0,0,,0.6,2023-24
2026-05-11,2026-05-18,12039,Gadsden County,Florida,FL,quiet,0.000131,1679,57,501+,0.08,0.001542,1353,48,501+,0.26,0.046267,0.111424,0,0,0,,0.934,2022-23
2026-05-11,2026-05-18,27143,Sibley County,Minnesota,MN,quiet,0.000131,1680,57,501+,0.08,0.000915,1792,62,501+,0.15,0.04612,0.065375,0,0,0,,0.839,2023-24
2026-05-11,2026-05-18,22049,Jackson Parish,Louisiana,LA,quiet,0.000131,1681,33,501+,0.08,0.000291,2690,57,501+,0.05,0.045989,0.019071,0,0,0,,0.902,2021-22
2026-05-11,2026-05-18,13021,Bibb County,Georgia,GA,quiet,0.00013,1682,61,501+,0.08,0.000924,1774,59,501+,0.16,0.045925,0.066055,0,0,0,,,
2026-05-11,2026-05-18,35005,Chaves County,New Mexico,NM,quiet,0.00013,1683,22,501+,0.08,0.002587,963,15,501+,0.44,0.045849,0.18284,0,0,1,57,0.95,2018-19
2026-05-11,2026-05-18,05135,Sharp County,Arkansas,AR,quiet,0.00013,1684,24,501+,0.08,0.000382,2510,53,501+,0.06,0.045702,0.025695,0,0,0,,,
2026-05-11,2026-05-18,42059,Greene County,Pennsylvania,PA,quiet,0.00013,1685,52,501+,0.08,0.000761,1957,54,501+,0.13,0.045634,0.05388,0,0,0,,0.97230769,2023-24
2026-05-11,2026-05-18,40041,Delaware County,Oklahoma,OK,quiet,0.000129,1686,39,501+,0.08,0.001195,1549,30,501+,0.2,0.045445,0.086156,0,0,0,,0.9267,2023-24
2026-05-11,2026-05-18,22123,West Carroll Parish,Louisiana,LA,quiet,0.000129,1687,34,501+,0.08,0.000452,2392,44,501+,0.08,0.045437,0.030814,0,0,0,,0.824,2021-22
2026-05-11,2026-05-18,23023,Sagadahoc County,Maine,ME,quiet,0.000129,1688,12,501+,0.08,0.001369,1443,12,501+,0.23,0.045396,0.0989,0,0,0,,0.9866,2023-24
2026-05-11,2026-05-18,20109,Logan County,Kansas,KS,quiet,0.000129,1689,54,501+,0.08,0.000593,2177,82,501+,0.1,0.045377,0.041354,0,0,0,,0.84,2023-24
2026-05-11,2026-05-18,28123,Scott County,Mississippi,MS,quiet,0.000129,1690,17,501+,0.08,0.00071,2023,21,501+,0.12,0.045284,0.050068,0,0,0,,,
2026-05-11,2026-05-18,28113,Pike County,Mississippi,MS,quiet,0.000128,1691,18,501+,0.08,0.001157,1575,13,501+,0.2,0.045227,0.083351,0,0,0,,,
2026-05-11,2026-05-18,18181,White County,Indiana,IN,quiet,0.000128,1692,39,501+,0.07,0.000753,1967,47,501+,0.13,0.045181,0.05326,0,0,0,,,
2026-05-11,2026-05-18,31079,Hall County,Nebraska,NE,quiet,0.000128,1693,23,501+,0.07,0.001528,1357,17,501+,0.26,0.045122,0.110413,0,0,0,,,
2026-05-11,2026-05-18,05101,Newton County,Arkansas,AR,quiet,0.000128,1694,25,501+,0.07,0.000922,1777,22,501+,0.16,0.0451,0.065926,0,0,0,,,
2026-05-11,2026-05-18,01001,Autauga County,Alabama,AL,quiet,0.000128,1695,26,501+,0.07,0.001428,1403,19,501+,0.24,0.045048,0.103242,0,0,0,,0.9123,2022-23
2026-05-11,2026-05-18,20093,Kearny County,Kansas,KS,quiet,0.000128,1696,55,501+,0.07,0.00151,1364,30,501+,0.26,0.045041,0.109125,0,0,0,,0.98,2023-24
2026-05-11,2026-05-18,46095,Mellette County,South Dakota,SD,quiet,0.000128,1697,24,501+,0.07,0.000969,1737,37,501+,0.16,0.044949,0.069456,0,0,0,,0.94,2023-24
2026-05-11,2026-05-18,46101,Moody County,South Dakota,SD,quiet,0.000127,1698,25,501+,0.07,0.001511,1363,24,501+,0.26,0.044858,0.10918,0,0,0,,0.89,2023-24
2026-05-11,2026-05-18,19147,Palo Alto County,Iowa,IA,quiet,0.000127,1699,23,501+,0.07,0.001257,1509,19,501+,0.21,0.044747,0.090722,0,0,0,,0.93103448,2023-24
2026-05-11,2026-05-18,48411,San Saba County,Texas,TX,quiet,0.000127,1700,178,501+,0.07,0.000859,1839,201,501+,0.15,0.044709,0.061189,0,0,0,,0.97468354,2023-24
2026-05-11,2026-05-18,13215,Muscogee County,Georgia,GA,quiet,0.000127,1701,62,501+,0.07,0.001209,1539,43,501+,0.2,0.04463,0.087199,0,0,0,,,
2026-05-11,2026-05-18,54055,Mercer County,West Virginia,WV,quiet,0.000126,1702,9,501+,0.07,0.001217,1531,8,501+,0.21,0.044589,0.087799,0,0,0,,,
2026-05-11,2026-05-18,36115,Washington County,New York,NY,quiet,0.000126,1703,49,501+,0.07,0.001023,1678,49,501+,0.17,0.044556,0.073472,0,0,0,,0.99834286,2022-23
2026-05-11,2026-05-18,48419,Shelby County,Texas,TX,quiet,0.000126,1704,179,501+,0.07,0.000883,1817,198,501+,0.15,0.04455,0.063004,0,0,0,,0.94334278,2023-24
2026-05-11,2026-05-18,36033,Franklin County,New York,NY,quiet,0.000126,1705,50,501+,0.07,0.001563,1346,36,501+,0.26,0.044534,0.112922,0,0,0,,0.9640625,2022-23
2026-05-11,2026-05-18,36017,Chenango County,New York,NY,quiet,0.000126,1706,51,501+,0.07,0.001264,1502,40,501+,0.21,0.044486,0.091271,0,0,0,,0.999375,2022-23
2026-05-11,2026-05-18,38043,Kidder County,North Dakota,ND,quiet,0.000126,1707,26,501+,0.07,0.001231,1526,28,501+,0.21,0.044352,0.088816,0,0,0,,0.8667,2023-24
2026-05-11,2026-05-18,19021,Buena Vista County,Iowa,IA,quiet,0.000126,1708,24,501+,0.07,0.000506,2311,57,501+,0.09,0.044312,0.034816,0,0,0,,0.89583333,2023-24
2026-05-11,2026-05-18,48319,Mason County,Texas,TX,quiet,0.000126,1709,180,501+,0.07,0.001062,1641,184,501+,0.18,0.044263,0.076339,0,0,0,,0.89090909,2023-24
2026-05-11,2026-05-18,53031,Jefferson County,Washington,WA,quiet,0.000125,1710,36,501+,0.07,0.000782,1930,36,501+,0.13,0.044204,0.055439,0,0,0,,0.79166667,2023-24
2026-05-11,2026-05-18,42039,Crawford County,Pennsylvania,PA,quiet,0.000125,1711,53,501+,0.07,0.00118,1556,47,501+,0.2,0.044073,0.085075,0,0,0,,0.93474427,2023-24
2026-05-11,2026-05-18,48073,Cherokee County,Texas,TX,quiet,0.000125,1712,181,501+,0.07,0.000809,1895,202,501+,0.14,0.044062,0.057445,0,0,0,,0.97368421,2023-24
2026-05-11,2026-05-18,39005,Ashland County,Ohio,OH,quiet,0.000125,1713,55,501+,0.07,0.000781,1932,59,501+,0.13,0.043967,0.055373,0,0,0,,,
2026-05-11,2026-05-18,28061,Jasper County,Mississippi,MS,quiet,0.000124,1714,19,501+,0.07,0.000519,2293,31,501+,0.09,0.043827,0.035782,0,0,0,,,
2026-05-11,2026-05-18,42035,Clinton County,Pennsylvania,PA,quiet,0.000124,1715,54,501+,0.07,0.000977,1727,49,501+,0.17,0.043817,0.070062,0,0,0,,0.96357616,2023-24
2026-05-11,2026-05-18,31029,Chase County,Nebraska,NE,quiet,0.000124,1716,24,501+,0.07,0.001648,1304,15,501+,0.28,0.043713,0.119053,0,0,0,,,
2026-05-11,2026-05-18,31185,York County,Nebraska,NE,quiet,0.000124,1717,25,501+,0.07,0.001231,1524,23,501+,0.21,0.043695,0.088841,0,0,0,,,
2026-05-11,2026-05-18,29089,Howard County,Missouri,MO,quiet,0.000124,1718,50,501+,0.07,0.001157,1576,46,501+,0.2,0.043609,0.083346,0,0,0,,0.952,2023-24
2026-05-11,2026-05-18,36113,Warren County,New York,NY,quiet,0.000123,1719,52,501+,0.07,0.001174,1558,44,501+,0.2,0.043556,0.084615,0,0,0,,0.99883333,2022-23
2026-05-11,2026-05-18,40087,McClain County,Oklahoma,OK,quiet,0.000123,1720,40,501+,0.07,0.002461,997,12,501+,0.42,0.043548,0.174646,0,0,0,,0.8762,2023-24
2026-05-11,2026-05-18,48051,Burleson County,Texas,TX,quiet,0.000123,1721,182,501+,0.07,0.000689,2044,212,501+,0.12,0.043541,0.048526,0,0,0,,0.97572816,2023-24
2026-05-11,2026-05-18,06049,Modoc County,California,CA,quiet,0.000123,1722,57,501+,0.07,0.001675,1288,52,501+,0.28,0.043405,0.120914,0,0,0,,0.99,2023-24
2026-05-11,2026-05-18,47053,Gibson County,Tennessee,TN,quiet,0.000123,1723,35,501+,0.07,0.000971,1735,42,501+,0.16,0.043357,0.069545,0,0,0,,0.935,2023-24
2026-05-11,2026-05-18,40049,Garvin County,Oklahoma,OK,quiet,0.000123,1724,41,501+,0.07,0.000798,1907,49,501+,0.13,0.043239,0.056687,0,0,0,,0.8878,2023-24
2026-05-11,2026-05-18,01095,Marshall County,Alabama,AL,quiet,0.000122,1725,27,501+,0.07,0.001051,1655,25,501+,0.18,0.043209,0.075505,0,0,0,,0.9351,2022-23
2026-05-11,2026-05-18,46053,Gregory County,South Dakota,SD,quiet,0.000122,1726,26,501+,0.07,0.001377,1437,26,501+,0.23,0.043208,0.099486,0,0,0,,0.78,2023-24
2026-05-11,2026-05-18,20023,Cheyenne County,Kansas,KS,quiet,0.000122,1727,56,501+,0.07,0.002429,1014,18,501+,0.41,0.043186,0.17253,0,0,0,,0.93,2023-24
2026-05-11,2026-05-18,13149,Heard County,Georgia,GA,quiet,0.000122,1728,63,501+,0.07,0.00097,1736,53,501+,0.16,0.043148,0.069525,0,0,0,,,
2026-05-11,2026-05-18,55129,Washburn County,Wisconsin,WI,quiet,0.000122,1729,44,501+,0.07,0.00044,2412,59,501+,0.07,0.043146,0.029939,0,0,0,,0.704,2023-24
2026-05-11,2026-05-18,46065,Hughes County,South Dakota,SD,quiet,0.000122,1730,27,501+,0.07,0.001665,1293,22,501+,0.28,0.043145,0.120208,0,0,0,,0.95,2023-24
2026-05-11,2026-05-18,30105,Valley County,Montana,MT,quiet,0.000122,1731,28,501+,0.07,0.000752,1969,38,501+,0.13,0.043131,0.053206,0,0,0,,,
2026-05-11,2026-05-18,16073,Owyhee County,Idaho,ID,quiet,0.000122,1732,36,501+,0.07,0.001829,1211,31,501+,0.31,0.043095,0.131759,0,0,0,,,
2026-05-11,2026-05-18,47027,Clay County,Tennessee,TN,quiet,0.000122,1733,36,501+,0.07,0.000476,2357,63,501+,0.08,0.043061,0.032587,0,0,0,,0.957,2023-24
2026-05-11,2026-05-18,40151,Woods County,Oklahoma,OK,quiet,0.000122,1734,42,501+,0.07,0.0012,1545,29,501+,0.2,0.04305,0.086534,0,0,0,,0.9485,2023-24
2026-05-11,2026-05-18,37065,Edgecombe County,North Carolina,NC,quiet,0.000122,1735,61,501+,0.07,0.001148,1579,66,501+,0.19,0.043038,0.082693,0,0,0,,0.92424242,2022-23
2026-05-11,2026-05-18,48351,Newton County,Texas,TX,quiet,0.000122,1736,183,501+,0.07,0.000875,1823,199,501+,0.15,0.043026,0.062437,0,0,0,,0.85858586,2023-24
2026-05-11,2026-05-18,39059,Guernsey County,Ohio,OH,quiet,0.000122,1737,56,501+,0.07,0.001935,1176,40,501+,0.33,0.043014,0.139158,0,0,0,,,
2026-05-11,2026-05-18,29069,Dunklin County,Missouri,MO,quiet,0.000122,1738,51,501+,0.07,0.000561,2237,74,501+,0.09,0.042962,0.038941,0,0,0,,0.971,2023-24
2026-05-11,2026-05-18,48331,Milam County,Texas,TX,quiet,0.000121,1739,184,501+,0.07,0.000948,1751,193,501+,0.16,0.042833,0.067853,0,0,0,,0.94909091,2023-24
2026-05-11,2026-05-18,28111,Perry County,Mississippi,MS,quiet,0.000121,1740,20,501+,0.07,0.00049,2335,34,501+,0.08,0.042826,0.033626,0,0,0,,,
2026-05-11,2026-05-18,13241,Rabun County,Georgia,GA,quiet,0.000121,1741,64,501+,0.07,0.000394,2488,113,501+,0.07,0.042682,0.026587,0,0,0,,,
2026-05-11,2026-05-18,51033,Caroline County,Virginia,VA,quiet,0.000121,1742,60,501+,0.07,0.001019,1684,46,501+,0.17,0.04263,0.073153,0,0,0,,0.896,2023-24
2026-05-11,2026-05-18,01111,Randolph County,Alabama,AL,quiet,0.000121,1743,28,501+,0.07,0.000725,2003,31,501+,0.12,0.042597,0.051215,0,0,0,,0.9248,2022-23
2026-05-11,2026-05-18,55121,Trempealeau County,Wisconsin,WI,quiet,0.000121,1744,45,501+,0.07,0.000636,2109,54,501+,0.11,0.042581,0.044563,0,0,0,,0.77,2023-24
2026-05-11,2026-05-18,29055,Crawford County,Missouri,MO,quiet,0.00012,1745,52,501+,0.07,0.001161,1570,45,501+,0.2,0.04252,0.083672,0,0,0,,0.885,2023-24
2026-05-11,2026-05-18,27043,Faribault County,Minnesota,MN,quiet,0.00012,1746,58,501+,0.07,0.001208,1540,49,501+,0.2,0.04236,0.087145,0,0,0,,0.914,2023-24
2026-05-11,2026-05-18,29063,DeKalb County,Missouri,MO,quiet,0.00012,1747,53,501+,0.07,0.001075,1629,49,501+,0.18,0.042356,0.077345,0,0,0,,0.948,2023-24
2026-05-11,2026-05-18,13231,Pike County,Georgia,GA,quiet,0.00012,1748,65,501+,0.07,0.001674,1289,33,501+,0.28,0.042325,0.120868,0,0,0,,,
2026-05-11,2026-05-18,39145,Scioto County,Ohio,OH,quiet,0.000119,1749,57,501+,0.07,0.001632,1307,44,501+,0.28,0.042139,0.11785,0,0,0,,,
2026-05-11,2026-05-18,28029,Copiah County,Mississippi,MS,quiet,0.000119,1750,21,501+,0.07,0.00049,2332,33,501+,0.08,0.042115,0.03368,0,0,0,,,
2026-05-11,2026-05-18,18005,Bartholomew County,Indiana,IN,quiet,0.000119,1751,40,501+,0.07,0.001842,1206,24,501+,0.31,0.042099,0.132711,0,0,0,,,
2026-05-11,2026-05-18,17005,Bond County,Illinois,IL,quiet,0.000119,1752,42,501+,0.07,0.000673,2067,50,501+,0.11,0.042087,0.047299,0,0,0,,,
2026-05-11,2026-05-18,42117,Tioga County,Pennsylvania,PA,quiet,0.000119,1753,55,501+,0.07,0.000907,1795,51,501+,0.15,0.042068,0.064799,0,0,0,,0.93367347,2023-24
2026-05-11,2026-05-18,30003,Big Horn County,Montana,MT,quiet,0.000119,1754,29,501+,0.07,0.000917,1787,32,501+,0.16,0.041953,0.065575,0,0,0,,,
2026-05-11,2026-05-18,37195,Wilson County,North Carolina,NC,quiet,0.000119,1755,62,501+,0.07,0.001346,1455,59,501+,0.23,0.041937,0.097267,0,0,0,,0.94571118,2022-23
2026-05-11,2026-05-18,18177,Wayne County,Indiana,IN,quiet,0.000119,1756,41,501+,0.07,0.001247,1516,35,501+,0.21,0.041909,0.090033,0,0,0,,,
2026-05-11,2026-05-18,29107,Lafayette County,Missouri,MO,quiet,0.000118,1757,54,501+,0.07,0.00089,1808,58,501+,0.15,0.041879,0.063516,0,0,0,,0.856,2023-24
2026-05-11,2026-05-18,47059,Greene County,Tennessee,TN,quiet,0.000118,1758,37,501+,0.07,0.001071,1631,38,501+,0.18,0.041845,0.077037,0,0,0,,0.975,2023-24
2026-05-11,2026-05-18,16047,Gooding County,Idaho,ID,quiet,0.000118,1759,37,501+,0.07,0.001114,1604,37,501+,0.19,0.041843,0.080236,0,0,0,,,
2026-05-11,2026-05-18,37189,Watauga County,North Carolina,NC,quiet,0.000118,1760,63,501+,0.07,0.000994,1709,67,501+,0.17,0.041706,0.071285,0,0,0,,0.92670157,2022-23
2026-05-11,2026-05-18,47139,Polk County,Tennessee,TN,quiet,0.000118,1761,38,501+,0.07,0.001046,1662,39,501+,0.18,0.041576,0.075137,0,0,0,,0.92,2023-24
2026-05-11,2026-05-18,48191,Hall County,Texas,TX,quiet,0.000118,1762,185,501+,0.07,0.000428,2432,239,501+,0.07,0.041565,0.029038,0,0,0,,0.70588235,2023-24
2026-05-11,2026-05-18,35051,Sierra County,New Mexico,NM,quiet,0.000117,1763,23,501+,0.07,0.000834,1867,27,501+,0.14,0.041533,0.059336,0,0,0,,0.94,2018-19
2026-05-11,2026-05-18,17169,Schuyler County,Illinois,IL,quiet,0.000117,1764,43,501+,0.07,0.000961,1741,37,501+,0.16,0.041422,0.068813,0,0,0,,,
2026-05-11,2026-05-18,29083,Henry County,Missouri,MO,quiet,0.000117,1765,55,501+,0.07,0.000516,2295,76,501+,0.09,0.041408,0.035608,0,0,0,,0.844,2023-24
2026-05-11,2026-05-18,29007,Audrain County,Missouri,MO,quiet,0.000117,1766,56,501+,0.07,0.000783,1928,61,501+,0.13,0.041402,0.055514,0,0,0,,0.863,2023-24
2026-05-11,2026-05-18,54077,Preston County,West Virginia,WV,quiet,0.000117,1767,10,501+,0.07,0.001046,1663,9,501+,0.18,0.041357,0.075136,0,0,0,,,
2026-05-11,2026-05-18,31101,Keith County,Nebraska,NE,quiet,0.000117,1768,26,501+,0.07,0.001029,1675,27,501+,0.17,0.041355,0.07388,0,0,0,,,
2026-05-11,2026-05-18,13225,Peach County,Georgia,GA,quiet,0.000117,1769,66,501+,0.07,0.000926,1772,58,501+,0.16,0.041327,0.066235,0,0,0,,,
2026-05-11,2026-05-18,42131,Wyoming County,Pennsylvania,PA,quiet,0.000117,1770,56,501+,0.07,0.000774,1941,53,501+,0.13,0.04127,0.054854,0,0,0,,0.92021277,2023-24
2026-05-11,2026-05-18,47063,Hamblen County,Tennessee,TN,quiet,0.000117,1771,39,501+,0.07,0.001339,1464,33,501+,0.23,0.04121,0.096776,0,0,0,,0.929,2023-24
2026-05-11,2026-05-18,48033,Borden County,Texas,TX,quiet,0.000116,1772,186,501+,0.07,0.001041,1668,187,501+,0.18,0.041176,0.07482,0,0,1,57,0.94444444,2023-24
2026-05-11,2026-05-18,51001,Accomack County,Virginia,VA,quiet,0.000116,1773,61,501+,0.07,0.00064,2107,67,501+,0.11,0.041157,0.044836,0,0,0,,0.885,2023-24
2026-05-11,2026-05-18,56045,Weston County,Wyoming,WY,quiet,0.000116,1774,23,501+,0.07,0.00213,1100,21,501+,0.36,0.041144,0.152526,0,0,0,,0.63,2022-23
2026-05-11,2026-05-18,19179,Wapello County,Iowa,IA,quiet,0.000116,1775,25,501+,0.07,0.000699,2031,41,501+,0.12,0.041115,0.049251,0,0,0,,0.88842975,2023-24
2026-05-11,2026-05-18,12125,Union County,Florida,FL,quiet,0.000116,1776,58,501+,0.07,0.000796,1913,58,501+,0.13,0.041069,0.056538,0,0,0,,0.961,2022-23
2026-05-11,2026-05-18,17155,Putnam County,Illinois,IL,quiet,0.000116,1777,44,501+,0.07,0.000903,1798,41,501+,0.15,0.041019,0.064485,0,0,0,,,
2026-05-11,2026-05-18,40091,McIntosh County,Oklahoma,OK,quiet,0.000116,1778,43,501+,0.07,0.000404,2472,67,501+,0.07,0.040936,0.02734,0,0,0,,0.867,2023-24
2026-05-11,2026-05-18,40063,Hughes County,Oklahoma,OK,quiet,0.000116,1779,44,501+,0.07,0.000551,2250,63,501+,0.09,0.040917,0.038181,0,0,0,,0.913,2023-24
2026-05-11,2026-05-18,48083,Coleman County,Texas,TX,quiet,0.000116,1780,187,501+,0.07,0.00099,1713,189,501+,0.17,0.040909,0.070965,0,0,0,,0.8974359,2023-24
2026-05-11,2026-05-18,01043,Cullman County,Alabama,AL,quiet,0.000116,1781,29,501+,0.07,0.001079,1627,24,501+,0.18,0.0409,0.077597,0,0,0,,0.9148,2022-23
2026-05-11,2026-05-18,01047,Dallas County,Alabama,AL,quiet,0.000116,1782,30,501+,0.07,0.000652,2095,32,501+,0.11,0.04089,0.045703,0,0,0,,0.9353,2022-23
2026-05-11,2026-05-18,37017,Bladen County,North Carolina,NC,quiet,0.000116,1783,64,501+,0.07,0.000677,2058,79,501+,0.11,0.04089,0.0476,0,0,0,,0.92920354,2022-23
2026-05-11,2026-05-18,05015,Carroll County,Arkansas,AR,quiet,0.000116,1784,26,501+,0.07,0.000414,2454,49,501+,0.07,0.040879,0.028071,0,0,0,,,
2026-05-11,2026-05-18,12003,Baker County,Florida,FL,quiet,0.000116,1785,59,501+,0.07,0.002332,1043,37,501+,0.39,0.040874,0.166151,0,0,0,,0.953,2022-23
2026-05-11,2026-05-18,12027,DeSoto County,Florida,FL,quiet,0.000115,1786,60,501+,0.07,0.001936,1173,40,501+,0.33,0.040824,0.139249,0,0,0,,0.96,2022-23
2026-05-11,2026-05-18,48391,Refugio County,Texas,TX,quiet,0.000115,1787,188,501+,0.07,0.001564,1345,146,501+,0.26,0.040814,0.113004,0,0,0,,0.96341463,2023-24
2026-05-11,2026-05-18,48429,Stephens County,Texas,TX,quiet,0.000115,1788,189,501+,0.07,0.001371,1441,163,501+,0.23,0.040799,0.099066,0,0,0,,0.85714286,2023-24
2026-05-11,2026-05-18,51145,Powhatan County,Virginia,VA,quiet,0.000115,1789,62,501+,0.07,0.000577,2212,76,501+,0.1,0.040776,0.040147,0,0,0,,0.913,2023-24
2026-05-11,2026-05-18,27129,Renville County,Minnesota,MN,quiet,0.000115,1790,59,501+,0.07,0.001018,1685,59,501+,0.17,0.040752,0.073116,0,0,0,,0.911,2023-24
2026-05-11,2026-05-18,48345,Motley County,Texas,TX,quiet,0.000115,1791,190,501+,0.07,0.000443,2405,238,501+,0.07,0.040673,0.030183,0,0,0,,0.93333333,2023-24
2026-05-11,2026-05-18,28085,Lincoln County,Mississippi,MS,quiet,0.000115,1792,22,501+,0.07,0.000667,2074,23,501+,0.11,0.040616,0.046861,0,0,0,,,
2026-05-11,2026-05-18,28071,Lafayette County,Mississippi,MS,quiet,0.000115,1793,23,501+,0.07,0.001258,1507,12,501+,0.21,0.040595,0.09085,0,0,0,,,
2026-05-11,2026-05-18,48455,Trinity County,Texas,TX,quiet,0.000114,1794,191,501+,0.07,0.000654,2092,222,501+,0.11,0.040491,0.045891,0,0,0,,0.9112426,2023-24
2026-05-11,2026-05-18,19171,Tama County,Iowa,IA,quiet,0.000114,1795,26,501+,0.07,0.001169,1561,22,501+,0.2,0.040461,0.084236,0,0,0,,0.92899408,2023-24
2026-05-11,2026-05-18,29057,Dade County,Missouri,MO,quiet,0.000114,1796,57,501+,0.07,0.001568,1340,36,501+,0.26,0.040431,0.113293,0,0,0,,0.935,2023-24
2026-05-11,2026-05-18,40055,Greer County,Oklahoma,OK,quiet,0.000114,1797,45,501+,0.07,0.000814,1888,48,501+,0.14,0.040425,0.057826,0,0,0,,0.8654,2023-24
2026-05-11,2026-05-18,05009,Boone County,Arkansas,AR,quiet,0.000114,1798,27,501+,0.07,0.000575,2217,39,501+,0.1,0.040378,0.039964,0,0,0,,,
2026-05-11,2026-05-18,02100,Haines Borough,Alaska,AK,quiet,0.000114,1799,12,501+,0.07,0.000575,2216,22,501+,0.1,0.04032,0.039994,0,0,0,,,
2026-05-11,2026-05-18,38023,Divide County,North Dakota,ND,quiet,0.000114,1800,27,501+,0.07,0.003012,866,15,501+,0.51,0.040181,0.209659,0,0,0,,0.9286,2023-24
2026-05-11,2026-05-18,54011,Cabell County,West Virginia,WV,quiet,0.000113,1801,11,501+,0.07,0.000771,1943,10,501+,0.13,0.040128,0.054672,0,0,0,,,
2026-05-11,2026-05-18,48377,Presidio County,Texas,TX,quiet,0.000113,1802,192,501+,0.07,0.000635,2110,223,501+,0.11,0.040084,0.044486,0,0,0,,0.90740741,2023-24
2026-05-11,2026-05-18,18035,Delaware County,Indiana,IN,quiet,0.000113,1803,42,501+,0.07,0.000754,1964,46,501+,0.13,0.040057,0.053368,0,0,0,,,
2026-05-11,2026-05-18,21101,Henderson County,Kentucky,KY,quiet,0.000113,1804,29,501+,0.07,0.000798,1911,32,501+,0.13,0.040008,0.056628,0,0,0,,0.941,2022-23
2026-05-11,2026-05-18,22119,Webster Parish,Louisiana,LA,quiet,0.000113,1805,35,501+,0.07,0.000704,2027,37,501+,0.12,0.039936,0.049615,0,0,0,,0.909,2021-22
2026-05-11,2026-05-18,50019,Orleans County,Vermont,VT,quiet,0.000113,1806,9,501+,0.07,0.00053,2279,13,501+,0.09,0.039905,0.036592,0,0,0,,0.91,2023-24
2026-05-11,2026-05-18,13259,Stewart County,Georgia,GA,quiet,0.000113,1807,67,501+,0.07,0.000562,2235,88,501+,0.09,0.03987,0.039008,0,0,0,,,
2026-05-11,2026-05-18,31049,Deuel County,Nebraska,NE,quiet,0.000112,1808,27,501+,0.07,0.000618,2128,49,501+,0.1,0.039832,0.043219,0,0,0,,,
2026-05-11,2026-05-18,20111,Lyon County,Kansas,KS,quiet,0.000112,1809,57,501+,0.07,0.000711,2019,69,501+,0.12,0.039811,0.050163,0,0,0,,0.9,2023-24
2026-05-11,2026-05-18,18011,Boone County,Indiana,IN,quiet,0.000112,1810,43,501+,0.07,0.001605,1317,29,501+,0.27,0.039783,0.115923,0,0,0,,,
2026-05-11,2026-05-18,01051,Elmore County,Alabama,AL,quiet,0.000112,1811,31,501+,0.07,0.000942,1756,27,501+,0.16,0.039712,0.067434,0,0,0,,0.9357,2022-23
2026-05-11,2026-05-18,13271,Telfair County,Georgia,GA,quiet,0.000112,1812,68,501+,0.07,0.000678,2056,78,501+,0.11,0.039707,0.047643,0,0,0,,,
2026-05-11,2026-05-18,30073,Pondera County,Montana,MT,quiet,0.000112,1813,30,501+,0.07,0.000798,1908,36,501+,0.13,0.039693,0.056678,0,0,0,,,
2026-05-11,2026-05-18,22059,LaSalle Parish,Louisiana,LA,quiet,0.000112,1814,36,501+,0.07,0.000536,2271,40,501+,0.09,0.039625,0.03707,0,0,0,,0.948,2021-22
2026-05-11,2026-05-18,50003,Bennington County,Vermont,VT,quiet,0.000112,1815,10,501+,0.07,0.001258,1508,9,501+,0.21,0.039619,0.090805,0,0,0,,0.91,2023-24
2026-05-11,2026-05-18,21215,Spencer County,Kentucky,KY,quiet,0.000112,1816,30,501+,0.07,0.000844,1854,30,501+,0.14,0.039594,0.060092,0,0,0,,0.961,2022-23
2026-05-11,2026-05-18,39047,Fayette County,Ohio,OH,quiet,0.000112,1817,58,501+,0.07,0.000535,2273,63,501+,0.09,0.039502,0.036972,0,0,0,,,
2026-05-11,2026-05-18,48175,Goliad County,Texas,TX,quiet,0.000111,1818,193,501+,0.07,0.001244,1520,170,501+,0.21,0.039468,0.08976,0,0,0,,0.93243243,2023-24
2026-05-11,2026-05-18,05147,Woodruff County,Arkansas,AR,quiet,0.000111,1819,28,501+,0.06,0.000794,1916,29,501+,0.13,0.039371,0.056384,0,0,0,,,
2026-05-11,2026-05-18,46087,McCook County,South Dakota,SD,quiet,0.000111,1820,28,501+,0.06,0.000962,1738,38,501+,0.16,0.039336,0.068915,0,0,0,,0.91,2023-24
2026-05-11,2026-05-18,37177,Tyrrell County,North Carolina,NC,quiet,0.000111,1821,65,501+,0.06,0.000982,1722,69,501+,0.17,0.039323,0.070384,0,0,0,,0.9047619,2022-23
2026-05-11,2026-05-18,37175,Transylvania County,North Carolina,NC,quiet,0.000111,1822,66,501+,0.06,0.00157,1339,56,501+,0.27,0.039319,0.113458,0,0,0,,0.92334495,2022-23
2026-05-11,2026-05-18,48293,Limestone County,Texas,TX,quiet,0.000111,1823,194,501+,0.06,0.001239,1522,172,501+,0.21,0.039315,0.089386,0,0,0,,0.92561984,2023-24
2026-05-11,2026-05-18,19015,Boone County,Iowa,IA,quiet,0.000111,1824,27,501+,0.06,0.00065,2098,45,501+,0.11,0.039295,0.045611,0,0,0,,0.95016611,2023-24
2026-05-11,2026-05-18,21143,Lyon County,Kentucky,KY,quiet,0.00011,1825,31,501+,0.06,0.000583,2195,42,501+,0.1,0.039133,0.040554,0,0,0,,0.958,2022-23
2026-05-11,2026-05-18,47015,Cannon County,Tennessee,TN,quiet,0.00011,1826,40,501+,0.06,0.001002,1703,41,501+,0.17,0.039116,0.071895,0,0,0,,0.941,2023-24
2026-05-11,2026-05-18,19151,Pocahontas County,Iowa,IA,quiet,0.00011,1827,28,501+,0.06,0.001206,1541,21,501+,0.2,0.039085,0.086988,0,0,0,,0.91044776,2023-24
2026-05-11,2026-05-18,21225,Union County,Kentucky,KY,quiet,0.00011,1828,32,501+,0.06,0.00049,2331,48,501+,0.08,0.038966,0.033687,0,0,0,,0.944,2022-23
2026-05-11,2026-05-18,13129,Gordon County,Georgia,GA,quiet,0.00011,1829,69,501+,0.06,0.000806,1898,67,501+,0.14,0.038964,0.057261,0,0,0,,,
2026-05-11,2026-05-18,30067,Park County,Montana,MT,quiet,0.00011,1830,31,501+,0.06,0.00271,934,15,501+,0.46,0.038904,0.190748,0,0,0,,,
2026-05-11,2026-05-18,20197,Wabaunsee County,Kansas,KS,quiet,0.00011,1831,58,501+,0.06,0.000985,1718,53,501+,0.17,0.038863,0.070605,0,0,0,,0.83,2023-24
2026-05-11,2026-05-18,13277,Tift County,Georgia,GA,quiet,0.000109,1832,70,501+,0.06,0.00048,2353,103,501+,0.08,0.038805,0.032889,0,0,0,,,
2026-05-11,2026-05-18,30075,Powder River County,Montana,MT,quiet,0.000109,1833,32,501+,0.06,0.000597,2167,39,501+,0.1,0.038792,0.041585,0,0,0,,,
2026-05-11,2026-05-18,48011,Armstrong County,Texas,TX,quiet,0.000109,1834,195,501+,0.06,0.000572,2220,229,501+,0.1,0.038769,0.039792,0,0,0,,0.96,2023-24
2026-05-11,2026-05-18,08071,Las Animas County,Colorado,CO,quiet,0.000109,1835,49,501+,0.06,0.000679,2052,49,501+,0.11,0.038712,0.047743,0,0,0,,0.882,2023-24
2026-05-11,2026-05-18,18017,Cass County,Indiana,IN,quiet,0.000109,1836,44,501+,0.06,0.000993,1710,39,501+,0.17,0.038609,0.071248,0,0,0,,,
2026-05-11,2026-05-18,46102,Oglala Lakota County,South Dakota,SD,quiet,0.000109,1837,29,501+,0.06,0.001567,1341,23,501+,0.26,0.038606,0.113266,0,0,0,,0.85,2023-24
2026-05-11,2026-05-18,08081,Moffat County,Colorado,CO,quiet,0.000109,1838,50,501+,0.06,0.001354,1453,39,501+,0.23,0.038599,0.097859,0,0,0,,0.942,2023-24
2026-05-11,2026-05-18,05093,Mississippi County,Arkansas,AR,quiet,0.000109,1839,29,501+,0.06,0.000865,1830,25,501+,0.15,0.038527,0.061707,0,0,0,,,
2026-05-11,2026-05-18,05031,Craighead County,Arkansas,AR,quiet,0.000108,1840,30,501+,0.06,0.001307,1483,14,501+,0.22,0.038447,0.094438,0,0,0,,,
2026-05-11,2026-05-18,47077,Henderson County,Tennessee,TN,quiet,0.000108,1841,41,501+,0.06,0.000898,1803,44,501+,0.15,0.038435,0.064136,0,0,0,,0.949,2023-24
2026-05-11,2026-05-18,27015,Brown County,Minnesota,MN,quiet,0.000108,1842,60,501+,0.06,0.001039,1670,58,501+,0.18,0.038386,0.074677,0,0,0,,0.928,2023-24
2026-05-11,2026-05-18,02050,Bethel Census Area,Alaska,AK,quiet,0.000108,1843,13,501+,0.06,0.001085,1622,14,501+,0.18,0.03836,0.07805,0,0,0,,,
2026-05-11,2026-05-18,05089,Marion County,Arkansas,AR,quiet,0.000108,1844,31,501+,0.06,0.000582,2200,38,501+,0.1,0.038358,0.040489,0,0,0,,,
2026-05-11,2026-05-18,31051,Dixon County,Nebraska,NE,quiet,0.000108,1845,28,501+,0.06,0.000649,2100,48,501+,0.11,0.038313,0.045493,0,0,0,,,
2026-05-11,2026-05-18,27101,Murray County,Minnesota,MN,quiet,0.000107,1846,61,501+,0.06,0.001462,1388,43,501+,0.25,0.038108,0.105663,0,0,0,,0.969,2023-24
2026-05-11,2026-05-18,20167,Russell County,Kansas,KS,quiet,0.000107,1847,59,501+,0.06,0.000691,2043,73,501+,0.12,0.038068,0.048647,0,0,0,,0.89,2023-24
2026-05-11,2026-05-18,28039,George County,Mississippi,MS,quiet,0.000107,1848,24,501+,0.06,0.000464,2375,35,501+,0.08,0.038061,0.031701,0,0,0,,,
2026-05-11,2026-05-18,27071,Koochiching County,Minnesota,MN,quiet,0.000107,1849,62,501+,0.06,0.000928,1769,61,501+,0.16,0.03793,0.066386,0,0,0,,0.907,2023-24
2026-05-11,2026-05-18,31143,Polk County,Nebraska,NE,quiet,0.000107,1850,29,501+,0.06,0.001714,1266,14,501+,0.29,0.037919,0.123709,0,0,0,,,
2026-05-11,2026-05-18,22031,De Soto Parish,Louisiana,LA,quiet,0.000106,1851,37,501+,0.06,0.000375,2518,49,501+,0.06,0.037773,0.025221,0,0,0,,0.915,2021-22
2026-05-11,2026-05-18,16085,Valley County,Idaho,ID,quiet,0.000106,1852,38,501+,0.06,0.000272,2723,44,501+,0.05,0.037773,0.017712,0,0,0,,,
2026-05-11,2026-05-18,28129,Smith County,Mississippi,MS,quiet,0.000106,1853,25,501+,0.06,0.000443,2404,38,501+,0.07,0.037762,0.030194,0,0,0,,,
2026-05-11,2026-05-18,29139,Montgomery County,Missouri,MO,quiet,0.000106,1854,58,501+,0.06,0.000678,2055,66,501+,0.11,0.037654,0.047663,0,0,0,,0.943,2023-24
2026-05-11,2026-05-18,46135,Yankton County,South Dakota,SD,quiet,0.000106,1855,30,501+,0.06,0.001368,1444,27,501+,0.23,0.037643,0.098879,0,0,0,,0.97,2023-24
2026-05-11,2026-05-18,13115,Floyd County,Georgia,GA,quiet,0.000106,1856,71,501+,0.06,0.000854,1846,64,501+,0.14,0.037584,0.060835,0,0,0,,,
2026-05-11,2026-05-18,47161,Stewart County,Tennessee,TN,quiet,0.000106,1857,42,501+,0.06,0.000937,1763,43,501+,0.16,0.037498,0.06705,0,0,0,,0.98,2023-24
2026-05-11,2026-05-18,42009,Bedford County,Pennsylvania,PA,quiet,0.000105,1858,57,501+,0.06,0.00035,2575,61,501+,0.06,0.037444,0.023366,0,0,0,,0.93361884,2023-24
2026-05-11,2026-05-18,48009,Archer County,Texas,TX,quiet,0.000105,1859,196,501+,0.06,0.001881,1196,133,501+,0.32,0.037441,0.135454,0,0,0,,0.95384615,2023-24
2026-05-11,2026-05-18,55067,Langlade County,Wisconsin,WI,quiet,0.000105,1860,46,501+,0.06,0.00083,1871,47,501+,0.14,0.03738,0.059055,0,0,0,,0.781,2023-24
2026-05-11,2026-05-18,40053,Grant County,Oklahoma,OK,quiet,0.000105,1861,46,501+,0.06,0.001387,1429,27,501+,0.23,0.037367,0.100236,0,0,0,,0.9048,2023-24
2026-05-11,2026-05-18,19053,Decatur County,Iowa,IA,quiet,0.000105,1862,29,501+,0.06,0.000663,2079,44,501+,0.11,0.037365,0.046526,0,0,0,,0.75862069,2023-24
2026-05-11,2026-05-18,29201,Scott County,Missouri,MO,quiet,0.000105,1863,59,501+,0.06,0.0013,1486,43,501+,0.22,0.037276,0.093923,0,0,0,,0.938,2023-24
2026-05-11,2026-05-18,41021,Gilliam County,Oregon,OR,quiet,0.000105,1864,31,501+,0.06,0.000372,2528,36,501+,0.06,0.03725,0.024943,0,0,0,,0.85,2023-24
2026-05-11,2026-05-18,51830,Williamsburg City,Virginia,VA,quiet,0.000105,1865,63,501+,0.06,0.000299,2673,105,501+,0.05,0.037183,0.019662,0,0,0,,0.893,2023-24
2026-05-11,2026-05-18,28153,Wayne County,Mississippi,MS,quiet,0.000105,1866,26,501+,0.06,0.000384,2507,47,501+,0.06,0.037163,0.025823,0,0,0,,,
2026-05-11,2026-05-18,27033,Cottonwood County,Minnesota,MN,quiet,0.000105,1867,63,501+,0.06,0.000556,2244,72,501+,0.09,0.037107,0.038537,0,0,0,,0.91,2023-24
2026-05-11,2026-05-18,48123,DeWitt County,Texas,TX,quiet,0.000104,1868,197,501+,0.06,0.000906,1796,197,501+,0.15,0.036956,0.064705,0,0,0,,0.97252747,2023-24
2026-05-11,2026-05-18,13079,Crawford County,Georgia,GA,quiet,0.000104,1869,72,501+,0.06,0.000742,1986,74,501+,0.13,0.036879,0.052443,0,0,0,,,
2026-05-11,2026-05-18,28087,Lowndes County,Mississippi,MS,quiet,0.000104,1870,27,501+,0.06,0.000392,2489,44,501+,0.07,0.036866,0.026398,0,0,0,,,
2026-05-11,2026-05-18,51143,Pittsylvania County,Virginia,VA,quiet,0.000104,1871,64,501+,0.06,0.000846,1853,55,501+,0.14,0.036855,0.060244,0,0,0,,0.963,2023-24
2026-05-11,2026-05-18,20201,Washington County,Kansas,KS,quiet,0.000104,1872,60,501+,0.06,0.001254,1510,36,501+,0.21,0.036805,0.090498,0,0,0,,0.97,2023-24
2026-05-11,2026-05-18,01127,Walker County,Alabama,AL,quiet,0.000104,1873,32,501+,0.06,0.000815,1884,28,501+,0.14,0.036771,0.057929,0,0,0,,0.9605,2022-23
2026-05-11,2026-05-18,39069,Henry County,Ohio,OH,quiet,0.000103,1874,59,501+,0.06,0.000893,1805,57,501+,0.15,0.03671,0.063773,0,0,0,,,
2026-05-11,2026-05-18,29185,St. Clair County,Missouri,MO,quiet,0.000103,1875,60,501+,0.06,0.002507,982,19,501+,0.42,0.036696,0.177654,0,0,0,,0.754,2023-24
2026-05-11,2026-05-18,30027,Fergus County,Montana,MT,quiet,0.000103,1876,33,501+,0.06,0.000761,1956,37,501+,0.13,0.03666,0.053908,0,0,0,,,
2026-05-11,2026-05-18,48437,Swisher County,Texas,TX,quiet,0.000103,1877,198,501+,0.06,0.002428,1015,108,501+,0.41,0.036641,0.172469,0,0,0,,0.95604396,2023-24
2026-05-11,2026-05-18,48275,Knox County,Texas,TX,quiet,0.000103,1878,199,501+,0.06,0.001413,1410,156,501+,0.24,0.03659,0.102155,0,0,0,,0.94594595,2023-24
2026-05-11,2026-05-18,22027,Claiborne Parish,Louisiana,LA,quiet,0.000103,1879,38,501+,0.06,0.000346,2581,52,501+,0.06,0.036529,0.023073,0,0,0,,0.977,2021-22
2026-05-11,2026-05-18,46005,Beadle County,South Dakota,SD,quiet,0.000103,1880,31,501+,0.06,0.000936,1765,39,501+,0.16,0.036513,0.066965,0,0,0,,0.85,2023-24
2026-05-11,2026-05-18,12079,Madison County,Florida,FL,quiet,0.000103,1881,61,501+,0.06,0.001138,1585,51,501+,0.19,0.03647,0.08196,0,0,0,,0.96,2022-23
2026-05-11,2026-05-18,48241,Jasper County,Texas,TX,quiet,0.000103,1882,200,501+,0.06,0.000673,2066,216,501+,0.11,0.03646,0.04733,0,0,0,,0.89757412,2023-24
2026-05-11,2026-05-18,27085,McLeod County,Minnesota,MN,quiet,0.000103,1883,64,501+,0.06,0.001294,1490,48,501+,0.22,0.036427,0.093484,0,0,0,,0.89,2023-24
2026-05-11,2026-05-18,37075,Graham County,North Carolina,NC,quiet,0.000103,1884,67,501+,0.06,0.000589,2183,84,501+,0.1,0.03642,0.041036,0,0,0,,0.97619048,2022-23
2026-05-11,2026-05-18,19099,Jasper County,Iowa,IA,quiet,0.000102,1885,30,501+,0.06,0.001244,1519,20,501+,0.21,0.036411,0.089766,0,0,0,,0.88684211,2023-24
2026-05-11,2026-05-18,31087,Hitchcock County,Nebraska,NE,quiet,0.000102,1886,30,501+,0.06,0.001018,1687,28,501+,0.17,0.036367,0.073045,0,0,0,,,
2026-05-11,2026-05-18,13257,Stephens County,Georgia,GA,quiet,0.000102,1887,73,501+,0.06,0.00056,2241,89,501+,0.09,0.036312,0.038883,0,0,0,,,
2026-05-11,2026-05-18,17015,Carroll County,Illinois,IL,quiet,0.000102,1888,45,501+,0.06,0.000778,1936,44,501+,0.13,0.036294,0.055125,0,0,0,,,
2026-05-11,2026-05-18,13321,Worth County,Georgia,GA,quiet,0.000102,1889,74,501+,0.06,0.000541,2263,92,501+,0.09,0.036285,0.037447,0,0,0,,,
2026-05-11,2026-05-18,22001,Acadia Parish,Louisiana,LA,quiet,0.000102,1890,39,501+,0.06,0.000488,2338,42,501+,0.08,0.036262,0.033508,0,0,0,,0.902,2021-22
2026-05-11,2026-05-18,31035,Clay County,Nebraska,NE,quiet,0.000102,1891,31,501+,0.06,0.000726,2002,44,501+,0.12,0.036248,0.051232,0,0,0,,,
2026-05-11,2026-05-18,51009,Amherst County,Virginia,VA,quiet,0.000102,1892,65,501+,0.06,0.000605,2154,72,501+,0.1,0.03621,0.042181,0,0,0,,0.907,2023-24
2026-05-11,2026-05-18,27079,Le Sueur County,Minnesota,MN,quiet,0.000102,1893,65,501+,0.06,0.000783,1927,66,501+,0.13,0.036193,0.055561,0,0,0,,0.903,2023-24
2026-05-11,2026-05-18,30097,Sweet Grass County,Montana,MT,quiet,0.000102,1894,34,501+,0.06,0.001367,1445,28,501+,0.23,0.036143,0.09882,0,0,0,,,
2026-05-11,2026-05-18,29219,Warren County,Missouri,MO,quiet,0.000101,1895,61,501+,0.06,0.001663,1296,34,501+,0.28,0.036059,0.120074,0,0,0,,0.924,2023-24
2026-05-11,2026-05-18,13275,Thomas County,Georgia,GA,quiet,0.000101,1896,75,501+,0.06,0.000581,2203,86,501+,0.1,0.036042,0.040452,0,0,0,,,
2026-05-11,2026-05-18,22037,East Feliciana Parish,Louisiana,LA,quiet,0.000101,1897,40,501+,0.06,0.000838,1864,31,501+,0.14,0.03597,0.05963,0,0,0,,0.944,2021-22
2026-05-11,2026-05-18,51680,Lynchburg City,Virginia,VA,quiet,0.000101,1898,66,501+,0.06,0.000567,2230,78,501+,0.1,0.03592,0.039348,0,0,0,,0.522,2023-24
2026-05-11,2026-05-18,51678,Lexington City,Virginia,VA,quiet,0.000101,1899,67,501+,0.06,0.000536,2270,80,501+,0.09,0.035892,0.037072,0,0,0,,0.942,2023-24
2026-05-11,2026-05-18,40093,Major County,Oklahoma,OK,quiet,0.000101,1900,47,501+,0.06,0.001125,1593,35,501+,0.19,0.035875,0.081016,0,0,0,,0.9048,2023-24
2026-05-11,2026-05-18,01045,Dale County,Alabama,AL,quiet,0.000101,1901,33,501+,0.06,0.000358,2555,52,501+,0.06,0.035822,0.023978,0,0,0,,0.9679,2022-23
2026-05-11,2026-05-18,51119,Middlesex County,Virginia,VA,quiet,0.000101,1902,68,501+,0.06,0.000607,2148,71,501+,0.1,0.035774,0.04236,0,0,0,,0.89,2023-24
2026-05-11,2026-05-18,13227,Pickens County,Georgia,GA,quiet,0.000101,1903,76,501+,0.06,0.000725,2004,75,501+,0.12,0.035763,0.051173,0,0,0,,,
2026-05-11,2026-05-18,22043,Grant Parish,Louisiana,LA,quiet,0.0001,1904,41,501+,0.06,0.000608,2146,39,501+,0.1,0.035718,0.042426,0,0,0,,0.977,2021-22
2026-05-11,2026-05-18,22061,Lincoln Parish,Louisiana,LA,quiet,0.0001,1905,42,501+,0.06,0.000802,1903,33,501+,0.14,0.035661,0.056928,0,0,0,,0.978,2021-22
2026-05-11,2026-05-18,29009,Barry County,Missouri,MO,quiet,0.0001,1906,62,501+,0.06,0.000577,2213,72,501+,0.1,0.035577,0.040142,0,0,0,,0.906,2023-24
2026-05-11,2026-05-18,05035,Crittenden County,Arkansas,AR,quiet,0.0001,1907,32,501+,0.06,0.001102,1612,16,501+,0.19,0.035557,0.079321,0,0,0,,,
2026-05-11,2026-05-18,05053,Grant County,Arkansas,AR,quiet,0.0001,1908,33,501+,0.06,0.001329,1473,13,501+,0.22,0.035544,0.095993,0,0,0,,,
2026-05-11,2026-05-18,18051,Gibson County,Indiana,IN,quiet,9.9e-05,1909,45,501+,0.06,0.000521,2292,57,501+,0.09,0.035309,0.035946,0,0,0,,,
2026-05-11,2026-05-18,40077,Latimer County,Oklahoma,OK,quiet,9.9e-05,1910,48,501+,0.06,0.000778,1935,52,501+,0.13,0.035293,0.055144,0,0,0,,0.9205,2023-24
2026-05-11,2026-05-18,22009,Avoyelles Parish,Louisiana,LA,quiet,9.9e-05,1911,43,501+,0.06,0.000766,1947,35,501+,0.13,0.035291,0.054284,0,0,0,,0.972,2021-22
2026-05-11,2026-05-18,30101,Toole County,Montana,MT,quiet,9.9e-05,1912,35,501+,0.06,0.001056,1649,31,501+,0.18,0.035278,0.075936,0,0,0,,,
2026-05-11,2026-05-18,18023,Clinton County,Indiana,IN,quiet,9.9e-05,1913,46,501+,0.06,0.000809,1894,45,501+,0.14,0.035257,0.057471,0,0,0,,,
2026-05-11,2026-05-18,02195,Petersburg Borough,Alaska,AK,quiet,9.9e-05,1914,14,501+,0.06,0.001249,1513,13,501+,0.21,0.035251,0.090138,0,0,0,,,
2026-05-11,2026-05-18,48207,Haskell County,Texas,TX,quiet,9.9e-05,1915,201,501+,0.06,0.000933,1766,194,501+,0.16,0.035229,0.066731,0,0,0,,0.94,2023-24
2026-05-11,2026-05-18,37077,Granville County,North Carolina,NC,quiet,9.9e-05,1916,68,501+,0.06,0.000747,1976,77,501+,0.13,0.035173,0.052848,0,0,0,,0.97538462,2022-23
2026-05-11,2026-05-18,45031,Darlington County,South Carolina,SC,quiet,9.9e-05,1917,31,501+,0.06,0.001211,1536,31,501+,0.2,0.035091,0.087363,0,0,0,,0.981,2023-24
2026-05-11,2026-05-18,21041,Carroll County,Kentucky,KY,quiet,9.9e-05,1918,33,501+,0.06,0.000608,2144,39,501+,0.1,0.035088,0.042457,0,0,0,,0.943,2022-23
2026-05-11,2026-05-18,16071,Oneida County,Idaho,ID,quiet,9.9e-05,1919,39,501+,0.06,0.001103,1611,38,501+,0.19,0.035079,0.079424,0,0,0,,,
2026-05-11,2026-05-18,29137,Monroe County,Missouri,MO,quiet,9.8e-05,1920,63,501+,0.06,0.001437,1396,39,501+,0.24,0.03501,0.103905,0,0,0,,0.908,2023-24
2026-05-11,2026-05-18,02275,Wrangell City and Borough,Alaska,AK,quiet,9.8e-05,1921,15,501+,0.06,0.000675,2061,18,501+,0.11,0.034973,0.047469,0,0,0,,,
2026-05-11,2026-05-18,01041,Crenshaw County,Alabama,AL,quiet,9.8e-05,1922,34,501+,0.06,0.000225,2807,62,501+,0.04,0.034882,0.014376,0,0,0,,0.9837,2022-23
2026-05-11,2026-05-18,30071,Phillips County,Montana,MT,quiet,9.8e-05,1923,36,501+,0.06,0.000855,1844,34,501+,0.14,0.034871,0.060944,0,0,0,,,
2026-05-11,2026-05-18,47085,Humphreys County,Tennessee,TN,quiet,9.8e-05,1924,43,501+,0.06,0.000739,1988,51,501+,0.12,0.034769,0.052259,0,0,0,,0.968,2023-24
2026-05-11,2026-05-18,38033,Golden Valley County,North Dakota,ND,quiet,9.8e-05,1925,28,501+,0.06,0.000475,2359,36,501+,0.08,0.034718,0.032511,0,0,0,,0.875,2023-24
2026-05-11,2026-05-18,21141,Logan County,Kentucky,KY,quiet,9.8e-05,1926,34,501+,0.06,0.000786,1925,33,501+,0.13,0.0347,0.055762,0,0,0,,0.748,2022-23
2026-05-11,2026-05-18,13233,Polk County,Georgia,GA,quiet,9.7e-05,1927,77,501+,0.06,0.000756,1963,72,501+,0.13,0.034682,0.0535,0,0,0,,,
2026-05-11,2026-05-18,55085,Oneida County,Wisconsin,WI,quiet,9.7e-05,1928,47,501+,0.06,0.001091,1621,39,501+,0.18,0.034589,0.078487,0,0,0,,0.749,2023-24
2026-05-11,2026-05-18,37105,Lee County,North Carolina,NC,quiet,9.7e-05,1929,69,501+,0.06,0.000869,1828,73,501+,0.15,0.034575,0.061983,0,0,0,,0.94865526,2022-23
2026-05-11,2026-05-18,20139,Osage County,Kansas,KS,quiet,9.7e-05,1930,61,501+,0.06,0.000718,2011,68,501+,0.12,0.034561,0.050647,0,0,0,,0.78,2023-24
2026-05-11,2026-05-18,51820,Waynesboro City,Virginia,VA,quiet,9.7e-05,1931,69,501+,0.06,0.000862,1833,53,501+,0.15,0.034522,0.061452,0,0,0,,0.937,2023-24
2026-05-11,2026-05-18,19067,Floyd County,Iowa,IA,quiet,9.7e-05,1932,31,501+,0.06,0.001055,1650,27,501+,0.18,0.034477,0.075844,0,0,0,,0.91907514,2023-24
2026-05-11,2026-05-18,27157,Wabasha County,Minnesota,MN,quiet,9.7e-05,1933,66,501+,0.06,0.00211,1107,34,501+,0.36,0.034473,0.151177,0,0,0,,0.908,2023-24
2026-05-11,2026-05-18,31023,Butler County,Nebraska,NE,quiet,9.7e-05,1934,32,501+,0.06,0.001214,1533,24,501+,0.21,0.034466,0.087558,0,0,0,,,
2026-05-11,2026-05-18,31063,Frontier County,Nebraska,NE,quiet,9.7e-05,1935,33,501+,0.06,0.001273,1501,22,501+,0.22,0.034445,0.091909,0,0,0,,,
2026-05-11,2026-05-18,54031,Hardy County,West Virginia,WV,quiet,9.7e-05,1936,12,501+,0.06,0.000425,2435,15,501+,0.07,0.034445,0.028887,0,0,0,,,
2026-05-11,2026-05-18,05145,White County,Arkansas,AR,quiet,9.7e-05,1937,34,501+,0.06,0.000873,1825,24,501+,0.15,0.034396,0.062265,0,0,0,,,
2026-05-11,2026-05-18,20181,Sherman County,Kansas,KS,quiet,9.7e-05,1938,62,501+,0.06,0.000975,1730,54,501+,0.16,0.034387,0.069872,0,0,0,,0.97,2023-24
2026-05-11,2026-05-18,13169,Jones County,Georgia,GA,quiet,9.7e-05,1939,78,501+,0.06,0.000515,2297,96,501+,0.09,0.03436,0.035529,0,0,0,,,
2026-05-11,2026-05-18,13069,Coffee County,Georgia,GA,quiet,9.6e-05,1940,79,501+,0.06,0.000582,2199,85,501+,0.1,0.034325,0.04049,0,0,0,,,
2026-05-11,2026-05-18,54057,Mineral County,West Virginia,WV,quiet,9.6e-05,1941,13,501+,0.06,0.000479,2355,14,501+,0.08,0.034324,0.032832,0,0,0,,,
2026-05-11,2026-05-18,19115,Louisa County,Iowa,IA,quiet,9.6e-05,1942,32,501+,0.06,0.001066,1637,26,501+,0.18,0.034269,0.076656,0,0,0,,0.85820896,2023-24
2026-05-11,2026-05-18,13095,Dougherty County,Georgia,GA,quiet,9.6e-05,1943,80,501+,0.06,0.000392,2490,114,501+,0.07,0.034255,0.026398,0,0,0,,,
2026-05-11,2026-05-18,39009,Athens County,Ohio,OH,quiet,9.6e-05,1944,60,501+,0.06,0.000674,2065,60,501+,0.11,0.034231,0.047385,0,0,0,,,
2026-05-11,2026-05-18,54029,Hancock County,West Virginia,WV,quiet,9.6e-05,1945,14,501+,0.06,0.000647,2102,11,501+,0.11,0.034228,0.045321,0,0,0,,,
2026-05-11,2026-05-18,21033,Caldwell County,Kentucky,KY,quiet,9.6e-05,1946,35,501+,0.06,0.000809,1893,31,501+,0.14,0.034214,0.057475,0,0,0,,0.958,2022-23
2026-05-11,2026-05-18,28105,Oktibbeha County,Mississippi,MS,quiet,9.6e-05,1947,28,501+,0.06,0.000747,1977,20,501+,0.13,0.034112,0.052818,0,0,0,,,
2026-05-11,2026-05-18,27063,Jackson County,Minnesota,MN,quiet,9.6e-05,1948,67,501+,0.06,0.001182,1554,51,501+,0.2,0.034016,0.085232,0,0,0,,0.896,2023-24
2026-05-11,2026-05-18,48127,Dimmit County,Texas,TX,quiet,9.6e-05,1949,202,501+,0.06,0.001589,1329,145,501+,0.27,0.034014,0.114794,0,0,0,,0.98214286,2023-24
2026-05-11,2026-05-18,47111,Macon County,Tennessee,TN,quiet,9.5e-05,1950,44,501+,0.06,0.00067,2072,54,501+,0.11,0.03393,0.047083,0,0,0,,0.992,2023-24
2026-05-11,2026-05-18,13187,Lumpkin County,Georgia,GA,quiet,9.5e-05,1951,81,501+,0.06,0.000694,2039,76,501+,0.12,0.033925,0.048887,0,0,0,,,
2026-05-11,2026-05-18,28027,Coahoma County,Mississippi,MS,quiet,9.5e-05,1952,29,501+,0.06,0.000165,2918,78,501+,0.03,0.033894,0.010239,0,0,0,,,
2026-05-11,2026-05-18,12045,Gulf County,Florida,FL,quiet,9.5e-05,1953,62,501+,0.06,0.000485,2343,66,501+,0.08,0.033807,0.033273,0,0,0,,0.947,2022-23
2026-05-11,2026-05-18,35053,Socorro County,New Mexico,NM,quiet,9.5e-05,1954,24,501+,0.06,0.000605,2153,29,501+,0.1,0.033777,0.0422,0,0,0,,0.92,2018-19
2026-05-11,2026-05-18,55095,Polk County,Wisconsin,WI,quiet,9.5e-05,1955,48,501+,0.06,0.000386,2502,62,501+,0.07,0.033691,0.026008,0,0,0,,0.669,2023-24
2026-05-11,2026-05-18,28043,Grenada County,Mississippi,MS,quiet,9.5e-05,1956,30,501+,0.06,0.000276,2714,66,501+,0.05,0.033684,0.018018,0,0,0,,,
2026-05-11,2026-05-18,23015,Lincoln County,Maine,ME,quiet,9.4e-05,1957,13,501+,0.06,0.000975,1729,13,501+,0.16,0.033626,0.069916,0,0,0,,0.9742,2023-24
2026-05-11,2026-05-18,08073,Lincoln County,Colorado,CO,quiet,9.4e-05,1958,51,501+,0.06,0.000764,1951,47,501+,0.13,0.033614,0.054133,0,0,0,,0.8148,2023-24
2026-05-11,2026-05-18,01027,Clay County,Alabama,AL,quiet,9.4e-05,1959,35,501+,0.06,0.00058,2206,36,501+,0.1,0.033605,0.040359,0,0,0,,0.9844,2022-23
2026-05-11,2026-05-18,01093,Marion County,Alabama,AL,quiet,9.4e-05,1960,36,501+,0.06,0.000473,2360,41,501+,0.08,0.033547,0.032432,0,0,0,,0.8676,2022-23
2026-05-11,2026-05-18,48125,Dickens County,Texas,TX,quiet,9.4e-05,1961,203,501+,0.06,0.00032,2624,247,501+,0.05,0.033535,0.021215,0,0,0,,0.90476191,2023-24
2026-05-11,2026-05-18,54065,Morgan County,West Virginia,WV,quiet,9.4e-05,1962,15,501+,0.06,0.000557,2243,13,501+,0.09,0.03353,0.03865,0,0,0,,,
2026-05-11,2026-05-18,17057,Fulton County,Illinois,IL,quiet,9.4e-05,1963,46,501+,0.05,0.000399,2482,64,501+,0.07,0.033521,0.026936,0,0,0,,,
2026-05-11,2026-05-18,46127,Union County,South Dakota,SD,quiet,9.4e-05,1964,32,501+,0.05,0.000831,1869,43,501+,0.14,0.033444,0.059139,0,0,0,,0.95,2023-24
2026-05-11,2026-05-18,48273,Kleberg County,Texas,TX,quiet,9.4e-05,1965,204,501+,0.05,0.001211,1535,174,501+,0.2,0.033429,0.087396,0,0,0,,0.96564886,2023-24
2026-05-11,2026-05-18,02198,Prince of Wales-Hyder Census Area,Alaska,AK,quiet,9.4e-05,1966,16,501+,0.05,0.00061,2141,20,501+,0.1,0.033348,0.042581,0,0,0,,,
2026-05-11,2026-05-18,40129,Roger Mills County,Oklahoma,OK,quiet,9.3e-05,1967,49,501+,0.05,0.00073,1998,55,501+,0.12,0.033276,0.051537,0,0,0,,0.9118,2023-24
2026-05-11,2026-05-18,28019,Choctaw County,Mississippi,MS,quiet,9.3e-05,1968,31,501+,0.05,0.001004,1702,15,501+,0.17,0.033202,0.072046,0,0,0,,,
2026-05-11,2026-05-18,48383,Reagan County,Texas,TX,quiet,9.3e-05,1969,205,501+,0.05,0.001022,1681,188,501+,0.17,0.033156,0.073349,0,0,0,,1.0,2023-24
2026-05-11,2026-05-18,20135,Ness County,Kansas,KS,quiet,9.3e-05,1970,63,501+,0.05,0.001247,1515,37,501+,0.21,0.03312,0.090042,0,0,0,,0.89,2023-24
2026-05-11,2026-05-18,13093,Dooly County,Georgia,GA,quiet,9.3e-05,1971,82,501+,0.05,0.00022,2815,148,501+,0.04,0.033096,0.014063,0,0,0,,,
2026-05-11,2026-05-18,17137,Morgan County,Illinois,IL,quiet,9.3e-05,1972,47,501+,0.05,0.000572,2221,57,501+,0.1,0.033038,0.039778,0,0,0,,,
2026-05-11,2026-05-18,28083,Leflore County,Mississippi,MS,quiet,9.3e-05,1973,32,501+,0.05,0.000624,2125,26,501+,0.11,0.033034,0.04362,0,0,0,,,
2026-05-11,2026-05-18,20171,Scott County,Kansas,KS,quiet,9.3e-05,1974,64,501+,0.05,0.001125,1592,44,501+,0.19,0.033005,0.081023,0,0,0,,1.0,2023-24
2026-05-11,2026-05-18,29017,Bollinger County,Missouri,MO,quiet,9.3e-05,1975,64,501+,0.05,0.000666,2076,68,501+,0.11,0.032995,0.046798,0,0,0,,0.914,2023-24
2026-05-11,2026-05-18,37123,Montgomery County,North Carolina,NC,quiet,9.3e-05,1976,70,501+,0.05,0.000828,1872,75,501+,0.14,0.032991,0.058939,0,0,0,,0.94573643,2022-23
2026-05-11,2026-05-18,41057,Tillamook County,Oregon,OR,quiet,9.2e-05,1977,32,501+,0.05,0.001066,1638,30,501+,0.18,0.032945,0.076642,0,0,0,,0.902,2023-24
2026-05-11,2026-05-18,19083,Hardin County,Iowa,IA,quiet,9.2e-05,1978,33,501+,0.05,0.000817,1881,34,501+,0.14,0.032894,0.058049,0,0,0,,0.85281385,2023-24
2026-05-11,2026-05-18,46061,Hanson County,South Dakota,SD,quiet,9.2e-05,1979,33,501+,0.05,0.000973,1732,36,501+,0.16,0.032884,0.069726,0,0,0,,0.79,2023-24
2026-05-11,2026-05-18,17135,Montgomery County,Illinois,IL,quiet,9.2e-05,1980,48,501+,0.05,0.000471,2366,61,501+,0.08,0.032878,0.032216,0,0,0,,,
2026-05-11,2026-05-18,31025,Cass County,Nebraska,NE,quiet,9.2e-05,1981,34,501+,0.05,0.001157,1574,25,501+,0.2,0.032855,0.083397,0,0,0,,,
2026-05-11,2026-05-18,17127,Massac County,Illinois,IL,quiet,9.2e-05,1982,49,501+,0.05,0.000721,2007,48,501+,0.12,0.032776,0.050874,0,0,0,,,
2026-05-11,2026-05-18,40105,Nowata County,Oklahoma,OK,quiet,9.2e-05,1983,50,501+,0.05,0.000791,1918,51,501+,0.13,0.032637,0.0561,0,0,0,,0.9365,2023-24
2026-05-11,2026-05-18,19063,Emmet County,Iowa,IA,quiet,9.1e-05,1984,34,501+,0.05,0.000496,2322,58,501+,0.08,0.032566,0.034126,0,0,0,,0.89655172,2023-24
2026-05-11,2026-05-18,18093,Lawrence County,Indiana,IN,quiet,9.1e-05,1985,47,501+,0.05,0.000582,2198,54,501+,0.1,0.032519,0.040504,0,0,0,,,
2026-05-11,2026-05-18,01129,Washington County,Alabama,AL,quiet,9.1e-05,1986,37,501+,0.05,0.000552,2249,37,501+,0.09,0.032469,0.038235,0,0,0,,0.9153,2022-23
2026-05-11,2026-05-18,29127,Marion County,Missouri,MO,quiet,9.1e-05,1987,65,501+,0.05,0.000533,2276,75,501+,0.09,0.032408,0.036845,0,0,0,,0.93,2023-24
2026-05-11,2026-05-18,51036,Charles City County,Virginia,VA,quiet,9.1e-05,1988,70,501+,0.05,0.000213,2828,116,501+,0.04,0.032404,0.01355,0,0,0,,0.59,2022-23
2026-05-11,2026-05-18,47031,Coffee County,Tennessee,TN,quiet,9.1e-05,1989,45,501+,0.05,0.001581,1332,30,501+,0.27,0.032388,0.114216,0,0,0,,0.967,2023-24
2026-05-11,2026-05-18,42115,Susquehanna County,Pennsylvania,PA,quiet,9.1e-05,1990,58,501+,0.05,0.000436,2420,59,501+,0.07,0.032367,0.029651,0,0,0,,0.91685912,2023-24
2026-05-11,2026-05-18,20017,Chase County,Kansas,KS,quiet,9.1e-05,1991,65,501+,0.05,0.000694,2040,72,501+,0.12,0.032355,0.048837,0,0,0,,0.74,2023-24
2026-05-11,2026-05-18,30023,Deer Lodge County,Montana,MT,quiet,9.1e-05,1992,37,501+,0.05,0.000577,2214,41,501+,0.1,0.032345,0.040129,0,0,0,,,
2026-05-11,2026-05-18,31115,Loup County,Nebraska,NE,quiet,9e-05,1993,35,501+,0.05,0.000428,2430,62,501+,0.07,0.032178,0.029075,0,0,0,,,
2026-05-11,2026-05-18,36025,Delaware County,New York,NY,quiet,9e-05,1994,53,501+,0.05,0.000595,2173,56,501+,0.1,0.032166,0.041438,0,0,0,,0.9967931,2022-23
2026-05-11,2026-05-18,23025,Somerset County,Maine,ME,quiet,9e-05,1995,14,501+,0.05,0.000485,2342,14,501+,0.08,0.032145,0.033278,0,0,0,,0.9857,2023-24
2026-05-11,2026-05-18,27047,Freeborn County,Minnesota,MN,quiet,9e-05,1996,68,501+,0.05,0.001065,1639,56,501+,0.18,0.032122,0.076589,0,0,0,,0.878,2023-24
2026-05-11,2026-05-18,21191,Pendleton County,Kentucky,KY,quiet,9e-05,1997,36,501+,0.05,0.000582,2201,43,501+,0.1,0.032104,0.040473,0,0,0,,0.971,2022-23
2026-05-11,2026-05-18,22013,Bienville Parish,Louisiana,LA,quiet,9e-05,1998,44,501+,0.05,0.000313,2646,54,501+,0.05,0.031947,0.020683,0,0,0,,0.958,2021-22
2026-05-11,2026-05-18,51101,King William County,Virginia,VA,quiet,8.9e-05,1999,71,501+,0.05,0.000861,1836,54,501+,0.15,0.03188,0.061355,0,0,0,,0.938,2023-24
2026-05-11,2026-05-18,17165,Saline County,Illinois,IL,quiet,8.9e-05,2000,50,501+,0.05,0.000461,2380,62,501+,0.08,0.031823,0.031503,0,0,0,,,
2026-05-11,2026-05-18,37121,Mitchell County,North Carolina,NC,quiet,8.9e-05,2001,71,501+,0.05,0.001437,1397,58,501+,0.24,0.031802,0.103881,0,0,0,,0.95275591,2022-23
2026-05-11,2026-05-18,46063,Harding County,South Dakota,SD,quiet,8.9e-05,2002,34,501+,0.05,0.000515,2298,52,501+,0.09,0.031773,0.035481,0,0,0,,0.79,2023-24
2026-05-11,2026-05-18,54081,Raleigh County,West Virginia,WV,quiet,8.9e-05,2003,16,501+,0.05,0.000625,2124,12,501+,0.11,0.031637,0.043678,0,0,0,,,
2026-05-11,2026-05-18,35003,Catron County,New Mexico,NM,quiet,8.9e-05,2004,25,501+,0.05,0.000631,2119,28,501+,0.11,0.031635,0.044162,0,0,0,,,
2026-05-11,2026-05-18,31173,Thurston County,Nebraska,NE,quiet,8.9e-05,2005,36,501+,0.05,0.000747,1974,39,501+,0.13,0.031617,0.052868,0,0,0,,,
2026-05-11,2026-05-18,40107,Okfuskee County,Oklahoma,OK,quiet,8.9e-05,2006,51,501+,0.05,0.000879,1820,46,501+,0.15,0.031616,0.062689,0,0,0,,0.9323,2023-24
2026-05-11,2026-05-18,36121,Wyoming County,New York,NY,quiet,8.9e-05,2007,54,501+,0.05,0.000702,2028,55,501+,0.12,0.031596,0.049506,0,0,0,,0.99705882,2022-23
2026-05-11,2026-05-18,05127,Scott County,Arkansas,AR,quiet,8.8e-05,2008,35,501+,0.05,0.0009,1801,23,501+,0.15,0.031574,0.064279,0,0,0,,,
2026-05-11,2026-05-18,13295,Walker County,Georgia,GA,quiet,8.8e-05,2009,83,501+,0.05,0.000919,1780,60,501+,0.16,0.031482,0.065732,0,0,0,,,
2026-05-11,2026-05-18,51031,Campbell County,Virginia,VA,quiet,8.8e-05,2010,72,501+,0.05,0.001042,1667,45,501+,0.18,0.031413,0.074876,0,0,0,,0.8,2023-24
2026-05-11,2026-05-18,19035,Cherokee County,Iowa,IA,quiet,8.8e-05,2011,35,501+,0.05,0.00072,2008,38,501+,0.12,0.03139,0.050833,0,0,0,,0.91946309,2023-24
2026-05-11,2026-05-18,05017,Chicot County,Arkansas,AR,quiet,8.8e-05,2012,36,501+,0.05,0.000417,2450,48,501+,0.07,0.031368,0.028258,0,0,0,,,
2026-05-11,2026-05-18,08055,Huerfano County,Colorado,CO,quiet,8.8e-05,2013,52,501+,0.05,0.000526,2283,54,501+,0.09,0.031343,0.036366,0,0,0,,0.9608,2023-24
2026-05-11,2026-05-18,27087,Mahnomen County,Minnesota,MN,quiet,8.8e-05,2014,69,501+,0.05,0.001332,1469,47,501+,0.23,0.031326,0.096234,0,0,0,,0.875,2023-24
2026-05-11,2026-05-18,01037,Coosa County,Alabama,AL,quiet,8.7e-05,2015,38,501+,0.05,0.000388,2496,50,501+,0.07,0.031202,0.026108,0,0,0,,0.9859,2022-23
2026-05-11,2026-05-18,47101,Lewis County,Tennessee,TN,quiet,8.7e-05,2016,46,501+,0.05,0.001085,1624,37,501+,0.18,0.031146,0.07804,0,0,0,,0.903,2023-24
2026-05-11,2026-05-18,19125,Marion County,Iowa,IA,quiet,8.7e-05,2017,36,501+,0.05,0.000633,2116,46,501+,0.11,0.031099,0.044288,0,0,0,,0.86445013,2023-24
2026-05-11,2026-05-18,37145,Person County,North Carolina,NC,quiet,8.7e-05,2018,72,501+,0.05,0.001321,1478,60,501+,0.22,0.031058,0.095444,0,0,0,,0.98901099,2022-23
2026-05-11,2026-05-18,47035,Cumberland County,Tennessee,TN,quiet,8.7e-05,2019,47,501+,0.05,0.000789,1920,49,501+,0.13,0.031031,0.055973,0,0,0,,0.962,2023-24
2026-05-11,2026-05-18,05003,Ashley County,Arkansas,AR,quiet,8.7e-05,2020,37,501+,0.05,0.00035,2576,57,501+,0.06,0.031005,0.023365,0,0,0,,,
2026-05-11,2026-05-18,40147,Washington County,Oklahoma,OK,quiet,8.6e-05,2021,52,501+,0.05,0.000996,1707,41,501+,0.17,0.030865,0.071444,0,0,0,,0.902,2023-24
2026-05-11,2026-05-18,33019,Sullivan County,New Hampshire,NH,quiet,8.6e-05,2022,8,501+,0.05,0.000758,1961,8,501+,0.13,0.030861,0.053639,0,0,0,,,
2026-05-11,2026-05-18,48007,Aransas County,Texas,TX,quiet,8.6e-05,2023,206,501+,0.05,0.000658,2090,220,501+,0.11,0.030852,0.046154,0,0,0,,0.97674419,2023-24
2026-05-11,2026-05-18,51570,Colonial Heights City,Virginia,VA,quiet,8.6e-05,2024,73,501+,0.05,0.000489,2336,85,501+,0.08,0.030816,0.033598,0,0,0,,0.922,2023-24
2026-05-11,2026-05-18,37053,Currituck County,North Carolina,NC,quiet,8.6e-05,2025,73,501+,0.05,0.000978,1726,70,501+,0.17,0.030757,0.070112,0,0,0,,0.95882353,2022-23
2026-05-11,2026-05-18,21083,Graves County,Kentucky,KY,quiet,8.6e-05,2026,37,501+,0.05,0.000594,2174,41,501+,0.1,0.030687,0.041422,0,0,0,,0.94,2022-23
2026-05-11,2026-05-18,37047,Columbus County,North Carolina,NC,quiet,8.6e-05,2027,74,501+,0.05,0.001625,1314,54,501+,0.27,0.030636,0.117399,0,0,0,,0.93243243,2022-23
2026-05-11,2026-05-18,30085,Roosevelt County,Montana,MT,quiet,8.6e-05,2028,38,501+,0.05,0.001424,1405,27,501+,0.24,0.030557,0.102946,0,0,0,,,
2026-05-11,2026-05-18,17053,Ford County,Illinois,IL,quiet,8.5e-05,2029,51,501+,0.05,0.000661,2083,51,501+,0.11,0.030535,0.046399,0,0,0,,,
2026-05-11,2026-05-18,53049,Pacific County,Washington,WA,quiet,8.5e-05,2030,37,501+,0.05,0.000652,2093,37,501+,0.11,0.030496,0.045751,0,0,0,,0.82513661,2023-24
2026-05-11,2026-05-18,01023,Choctaw County,Alabama,AL,quiet,8.5e-05,2031,39,501+,0.05,0.000305,2663,56,501+,0.05,0.030391,0.020068,0,0,0,,0.8929,2022-23
2026-05-11,2026-05-18,21039,Carlisle County,Kentucky,KY,quiet,8.5e-05,2032,38,501+,0.05,0.00047,2369,50,501+,0.08,0.030345,0.032144,0,0,0,,0.857,2022-23
2026-05-11,2026-05-18,18069,Huntington County,Indiana,IN,quiet,8.5e-05,2033,48,501+,0.05,0.000941,1758,41,501+,0.16,0.030341,0.067366,0,0,0,,,
2026-05-11,2026-05-18,48047,Brooks County,Texas,TX,quiet,8.5e-05,2034,207,501+,0.05,0.001182,1553,177,501+,0.2,0.030324,0.085254,0,0,0,,0.98913044,2023-24
2026-05-11,2026-05-18,17153,Pulaski County,Illinois,IL,quiet,8.5e-05,2035,52,501+,0.05,0.000243,2774,75,501+,0.04,0.030313,0.015678,0,0,0,,,
2026-05-11,2026-05-18,05061,Howard County,Arkansas,AR,quiet,8.5e-05,2036,38,501+,0.05,0.000841,1855,26,501+,0.14,0.030307,0.059846,0,0,0,,,
2026-05-11,2026-05-18,51840,Winchester City,Virginia,VA,quiet,8.5e-05,2037,74,501+,0.05,0.000567,2229,77,501+,0.1,0.03028,0.039368,0,0,0,,0.95,2023-24
2026-05-11,2026-05-18,47135,Perry County,Tennessee,TN,quiet,8.5e-05,2038,48,501+,0.05,0.000745,1981,50,501+,0.13,0.030271,0.052683,0,0,0,,0.959,2023-24
2026-05-11,2026-05-18,05073,Lafayette County,Arkansas,AR,quiet,8.5e-05,2039,39,501+,0.05,0.000583,2194,37,501+,0.1,0.030257,0.040562,0,0,0,,,
2026-05-11,2026-05-18,37011,Avery County,North Carolina,NC,quiet,8.5e-05,2040,75,501+,0.05,0.001298,1488,61,501+,0.22,0.030249,0.093767,0,0,0,,0.97202797,2022-23
2026-05-11,2026-05-18,20025,Clark County,Kansas,KS,quiet,8.5e-05,2041,66,501+,0.05,0.000438,2415,89,501+,0.07,0.030238,0.029846,0,0,0,,0.87,2023-24
2026-05-11,2026-05-18,13147,Hart County,Georgia,GA,quiet,8.4e-05,2042,84,501+,0.05,0.001508,1366,35,501+,0.25,0.030173,0.108985,0,0,0,,,
2026-05-11,2026-05-18,28037,Franklin County,Mississippi,MS,quiet,8.4e-05,2043,33,501+,0.05,0.000438,2417,39,501+,0.07,0.030147,0.029779,0,0,0,,,
2026-05-11,2026-05-18,17009,Brown County,Illinois,IL,quiet,8.4e-05,2044,53,501+,0.05,0.000579,2208,55,501+,0.1,0.030042,0.040296,0,0,0,,,
2026-05-11,2026-05-18,51125,Nelson County,Virginia,VA,quiet,8.4e-05,2045,75,501+,0.05,0.000634,2114,68,501+,0.11,0.030014,0.044352,0,0,0,,0.924,2023-24
2026-05-11,2026-05-18,21027,Breckinridge County,Kentucky,KY,quiet,8.4e-05,2046,39,501+,0.05,0.000343,2586,57,501+,0.06,0.030011,0.022824,0,0,0,,0.947,2022-23
2026-05-11,2026-05-18,29217,Vernon County,Missouri,MO,quiet,8.4e-05,2047,66,501+,0.05,0.001106,1608,48,501+,0.19,0.030008,0.079638,0,0,0,,0.899,2023-24
2026-05-11,2026-05-18,01121,Talladega County,Alabama,AL,quiet,8.4e-05,2048,40,501+,0.05,0.000604,2155,35,501+,0.1,0.029934,0.042174,0,0,0,,0.928,2022-23
2026-05-11,2026-05-18,17051,Fayette County,Illinois,IL,quiet,8.4e-05,2049,54,501+,0.05,0.000894,1804,42,501+,0.15,0.029927,0.063848,0,0,0,,,
2026-05-11,2026-05-18,18061,Harrison County,Indiana,IN,quiet,8.4e-05,2050,49,501+,0.05,0.000439,2414,58,501+,0.07,0.029885,0.029893,0,0,0,,,
2026-05-11,2026-05-18,15005,Kalawao County,Hawaii,HI,quiet,8.4e-05,2051,5,501+,0.05,0.000314,2644,5,501+,0.05,0.029876,0.02076,0,0,0,,,
2026-05-11,2026-05-18,17017,Cass County,Illinois,IL,quiet,8.4e-05,2052,55,501+,0.05,0.000594,2176,54,501+,0.1,0.029867,0.041374,0,0,0,,,
2026-05-11,2026-05-18,31095,Jefferson County,Nebraska,NE,quiet,8.4e-05,2053,37,501+,0.05,0.000972,1734,31,501+,0.16,0.029852,0.069682,0,0,0,,,
2026-05-11,2026-05-18,51011,Appomattox County,Virginia,VA,quiet,8.3e-05,2054,76,501+,0.05,0.000674,2064,65,501+,0.11,0.029819,0.047405,0,0,0,,0.918,2023-24
2026-05-11,2026-05-18,51117,Mecklenburg County,Virginia,VA,quiet,8.3e-05,2055,77,501+,0.05,0.000524,2288,82,501+,0.09,0.029761,0.036202,0,0,0,,0.914,2023-24
2026-05-11,2026-05-18,26143,Roscommon County,Michigan,MI,quiet,8.3e-05,2056,66,501+,0.05,0.000682,2048,67,501+,0.12,0.029756,0.047968,0,0,0,,0.8621,2023-24
2026-05-11,2026-05-18,47121,Meigs County,Tennessee,TN,quiet,8.3e-05,2057,49,501+,0.05,0.000678,2053,53,501+,0.11,0.029752,0.047704,0,0,0,,0.944,2023-24
2026-05-11,2026-05-18,22047,Iberville Parish,Louisiana,LA,quiet,8.3e-05,2058,45,501+,0.05,0.000502,2315,41,501+,0.08,0.029721,0.034563,0,0,0,,0.97,2021-22
2026-05-11,2026-05-18,17121,Marion County,Illinois,IL,quiet,8.3e-05,2059,56,501+,0.05,0.000949,1750,38,501+,0.16,0.029703,0.067911,0,0,0,,,
2026-05-11,2026-05-18,20107,Linn County,Kansas,KS,quiet,8.3e-05,2060,67,501+,0.05,0.001217,1530,38,501+,0.21,0.029663,0.087839,0,0,0,,0.86,2023-24
2026-05-11,2026-05-18,51021,Bland County,Virginia,VA,quiet,8.3e-05,2061,78,501+,0.05,0.000588,2184,75,501+,0.1,0.029663,0.040977,0,0,0,,0.943,2023-24
2026-05-11,2026-05-18,27127,Redwood County,Minnesota,MN,quiet,8.3e-05,2062,70,501+,0.05,0.000696,2036,70,501+,0.12,0.029653,0.049037,0,0,0,,0.881,2023-24
2026-05-11,2026-05-18,02150,Kodiak Island Borough,Alaska,AK,quiet,8.3e-05,2063,17,501+,0.05,0.002104,1109,8,501+,0.36,0.029638,0.150752,0,0,0,,,
2026-05-11,2026-05-18,38081,Sargent County,North Dakota,ND,quiet,8.3e-05,2064,29,501+,0.05,0.001481,1379,27,501+,0.25,0.029638,0.107037,0,0,0,,0.9091,2023-24
2026-05-11,2026-05-18,51093,Isle of Wight County,Virginia,VA,quiet,8.3e-05,2065,79,501+,0.05,0.000658,2088,66,501+,0.11,0.029592,0.046217,0,0,0,,0.811,2023-24
2026-05-11,2026-05-18,37029,Camden County,North Carolina,NC,quiet,8.3e-05,2066,76,501+,0.05,0.000852,1848,74,501+,0.14,0.029581,0.060702,0,0,0,,0.96850394,2022-23
2026-05-11,2026-05-18,31177,Washington County,Nebraska,NE,quiet,8.3e-05,2067,38,501+,0.05,0.000335,2598,69,501+,0.06,0.029551,0.022301,0,0,0,,,
2026-05-11,2026-05-18,08017,Cheyenne County,Colorado,CO,quiet,8.3e-05,2068,53,501+,0.05,0.000441,2409,56,501+,0.07,0.029528,0.030003,0,0,0,,0.9231,2023-24
2026-05-11,2026-05-18,02060,Bristol Bay Borough,Alaska,AK,quiet,8.3e-05,2069,18,501+,0.05,0.00037,2530,24,501+,0.06,0.029518,0.024843,0,0,0,,,
2026-05-11,2026-05-18,35021,Harding County,New Mexico,NM,quiet,8.2e-05,2070,26,501+,0.05,0.000567,2227,30,501+,0.1,0.029483,0.039408,0,0,0,,,
2026-05-11,2026-05-18,29025,Caldwell County,Missouri,MO,quiet,8.2e-05,2071,67,501+,0.05,0.000257,2754,102,501+,0.04,0.029478,0.016652,0,0,0,,0.863,2023-24
2026-05-11,2026-05-18,19109,Kossuth County,Iowa,IA,quiet,8.2e-05,2072,37,501+,0.05,0.000515,2299,56,501+,0.09,0.029432,0.035479,0,0,0,,0.91620112,2023-24
2026-05-11,2026-05-18,21221,Trigg County,Kentucky,KY,quiet,8.2e-05,2073,40,501+,0.05,0.000531,2277,46,501+,0.09,0.029429,0.036719,0,0,0,,0.864,2022-23
2026-05-11,2026-05-18,39021,Champaign County,Ohio,OH,quiet,8.2e-05,2074,61,501+,0.05,0.001044,1665,52,501+,0.18,0.029419,0.074991,0,0,0,,,
2026-05-11,2026-05-18,48371,Pecos County,Texas,TX,quiet,8.2e-05,2075,208,501+,0.05,0.001409,1414,157,501+,0.24,0.029401,0.101803,0,0,0,,0.78427419,2023-24
2026-05-11,2026-05-18,39127,Perry County,Ohio,OH,quiet,8.2e-05,2076,62,501+,0.05,0.000403,2474,67,501+,0.07,0.029391,0.027221,0,0,0,,,
2026-05-11,2026-05-18,17157,Randolph County,Illinois,IL,quiet,8.2e-05,2077,57,501+,0.05,0.000574,2218,56,501+,0.1,0.029337,0.039909,0,0,0,,,
2026-05-11,2026-05-18,20007,Barber County,Kansas,KS,quiet,8.2e-05,2078,68,501+,0.05,0.000676,2060,74,501+,0.11,0.029307,0.04749,0,0,0,,0.81,2023-24
2026-05-11,2026-05-18,01123,Tallapoosa County,Alabama,AL,quiet,8.2e-05,2079,41,501+,0.05,0.000471,2365,43,501+,0.08,0.029289,0.032222,0,0,0,,0.9629,2022-23
2026-05-11,2026-05-18,13019,Berrien County,Georgia,GA,quiet,8.2e-05,2080,85,501+,0.05,0.000551,2251,91,501+,0.09,0.029265,0.038158,0,0,0,,,
2026-05-11,2026-05-18,46027,Clay County,South Dakota,SD,quiet,8.2e-05,2081,35,501+,0.05,0.000709,2024,47,501+,0.12,0.029252,0.050024,0,0,0,,0.94,2023-24
2026-05-11,2026-05-18,46085,Lyman County,South Dakota,SD,quiet,8.2e-05,2082,36,501+,0.05,0.001096,1616,33,501+,0.19,0.029181,0.078838,0,0,0,,0.89,2023-24
2026-05-11,2026-05-18,13005,Bacon County,Georgia,GA,quiet,8.2e-05,2083,86,501+,0.05,0.000985,1717,52,501+,0.17,0.029151,0.070611,0,0,0,,,
2026-05-11,2026-05-18,28075,Lauderdale County,Mississippi,MS,quiet,8.1e-05,2084,34,501+,0.05,0.000954,1747,16,501+,0.16,0.029139,0.068336,0,0,0,,,
2026-05-11,2026-05-18,19071,Fremont County,Iowa,IA,quiet,8.1e-05,2085,38,501+,0.05,0.000615,2132,49,501+,0.1,0.029101,0.042987,0,0,0,,0.80263158,2023-24
2026-05-11,2026-05-18,20207,Woodson County,Kansas,KS,quiet,8.1e-05,2086,69,501+,0.05,0.000923,1775,58,501+,0.16,0.029095,0.066012,0,0,0,,0.92,2023-24
2026-05-11,2026-05-18,13229,Pierce County,Georgia,GA,quiet,8.1e-05,2087,87,501+,0.05,0.000563,2233,87,501+,0.1,0.029039,0.039106,0,0,0,,,
2026-05-11,2026-05-18,13023,Bleckley County,Georgia,GA,quiet,8.1e-05,2088,88,501+,0.05,0.000615,2134,82,501+,0.1,0.028975,0.042932,0,0,0,,,
2026-05-11,2026-05-18,38091,Steele County,North Dakota,ND,quiet,8.1e-05,2089,30,501+,0.05,0.000137,2966,46,501+,0.02,0.028955,0.008347,0,0,0,,0.6667,2023-24
2026-05-11,2026-05-18,55043,Grant County,Wisconsin,WI,quiet,8.1e-05,2090,49,501+,0.05,0.001805,1224,35,501+,0.31,0.028944,0.130105,0,0,0,,0.583,2023-24
2026-05-11,2026-05-18,22065,Madison Parish,Louisiana,LA,quiet,8.1e-05,2091,46,501+,0.05,0.000466,2372,43,501+,0.08,0.028912,0.031915,0,0,0,,0.76,2021-22
2026-05-11,2026-05-18,28119,Quitman County,Mississippi,MS,quiet,8.1e-05,2092,35,501+,0.05,0.000572,2222,29,501+,0.1,0.028883,0.039736,0,0,0,,,
2026-05-11,2026-05-18,18149,Starke County,Indiana,IN,quiet,8.1e-05,2093,50,501+,0.05,0.000262,2746,65,501+,0.04,0.028879,0.016983,0,0,0,,,
2026-05-11,2026-05-18,48161,Freestone County,Texas,TX,quiet,8.1e-05,2094,209,501+,0.05,0.000479,2354,236,501+,0.08,0.02886,0.032846,0,0,0,,0.92511013,2023-24
2026-05-11,2026-05-18,36073,Orleans County,New York,NY,quiet,8.1e-05,2095,55,501+,0.05,0.000475,2358,58,501+,0.08,0.028851,0.032554,0,0,0,,0.99889474,2022-23
2026-05-11,2026-05-18,48457,Tyler County,Texas,TX,quiet,8.1e-05,2096,210,501+,0.05,0.000586,2186,228,501+,0.1,0.028832,0.040791,0,0,0,,0.89201878,2023-24
2026-05-11,2026-05-18,27011,Big Stone County,Minnesota,MN,quiet,8.1e-05,2097,71,501+,0.05,0.000292,2686,80,501+,0.05,0.028813,0.019167,0,0,0,,0.866,2023-24
2026-05-11,2026-05-18,31005,Arthur County,Nebraska,NE,quiet,8e-05,2098,39,501+,0.05,0.00074,1987,42,501+,0.12,0.02875,0.052279,0,0,0,,,
2026-05-11,2026-05-18,37165,Scotland County,North Carolina,NC,quiet,8e-05,2099,77,501+,0.05,0.000501,2316,88,501+,0.08,0.028747,0.034499,0,0,0,,0.95899054,2022-23
2026-05-11,2026-05-18,05019,Clark County,Arkansas,AR,quiet,8e-05,2100,40,501+,0.05,0.00023,2795,70,501+,0.04,0.028686,0.014719,0,0,0,,,
2026-05-11,2026-05-18,47143,Rhea County,Tennessee,TN,quiet,8e-05,2101,50,501+,0.05,0.000534,2274,60,501+,0.09,0.028682,0.03693,0,0,0,,0.965,2023-24
2026-05-11,2026-05-18,40149,Washita County,Oklahoma,OK,quiet,8e-05,2102,53,501+,0.05,0.001142,1583,34,501+,0.19,0.028642,0.082242,0,0,0,,0.9083,2023-24
2026-05-11,2026-05-18,13237,Putnam County,Georgia,GA,quiet,8e-05,2103,89,501+,0.05,0.000683,2047,77,501+,0.12,0.028621,0.04802,0,0,0,,,
2026-05-11,2026-05-18,46025,Clark County,South Dakota,SD,quiet,8e-05,2104,37,501+,0.05,0.00131,1481,29,501+,0.22,0.028553,0.09461,0,0,0,,0.69,2023-24
2026-05-11,2026-05-18,30015,Chouteau County,Montana,MT,quiet,8e-05,2105,39,501+,0.05,0.000865,1832,33,501+,0.15,0.028548,0.061634,0,0,0,,,
2026-05-11,2026-05-18,55047,Green Lake County,Wisconsin,WI,quiet,8e-05,2106,50,501+,0.05,0.000853,1847,45,501+,0.14,0.028529,0.060744,0,0,0,,0.674,2023-24
2026-05-11,2026-05-18,13201,Miller County,Georgia,GA,quiet,8e-05,2107,90,501+,0.05,0.000463,2378,105,501+,0.08,0.028514,0.031625,0,0,0,,,
2026-05-11,2026-05-18,46137,Ziebach County,South Dakota,SD,quiet,8e-05,2108,38,501+,0.05,0.001799,1226,18,501+,0.3,0.028511,0.129662,0,0,0,,0.95,2023-24
2026-05-11,2026-05-18,27133,Rock County,Minnesota,MN,quiet,8e-05,2109,72,501+,0.05,0.000715,2012,69,501+,0.12,0.028491,0.050446,0,0,0,,0.92,2023-24
2026-05-11,2026-05-18,13111,Fannin County,Georgia,GA,quiet,8e-05,2110,91,501+,0.05,0.000459,2384,107,501+,0.08,0.028487,0.031397,0,0,0,,,
2026-05-11,2026-05-18,05049,Fulton County,Arkansas,AR,quiet,8e-05,2111,41,501+,0.05,0.00071,2022,32,501+,0.12,0.028465,0.050104,0,0,0,,,
2026-05-11,2026-05-18,48461,Upton County,Texas,TX,quiet,7.9e-05,2112,211,501+,0.05,0.001977,1157,127,501+,0.33,0.028369,0.142078,0,0,0,,0.94736842,2023-24
2026-05-11,2026-05-18,47099,Lawrence County,Tennessee,TN,quiet,7.9e-05,2113,51,501+,0.05,0.000638,2108,55,501+,0.11,0.028309,0.044662,0,0,0,,0.924,2023-24
2026-05-11,2026-05-18,55003,Ashland County,Wisconsin,WI,quiet,7.9e-05,2114,51,501+,0.05,0.000605,2151,55,501+,0.1,0.028305,0.042229,0,0,0,,0.737,2023-24
2026-05-11,2026-05-18,08023,Costilla County,Colorado,CO,quiet,7.9e-05,2115,54,501+,0.05,0.001165,1565,44,501+,0.2,0.028295,0.083998,0,0,0,,0.95,2023-24
2026-05-11,2026-05-18,17145,Perry County,Illinois,IL,quiet,7.9e-05,2116,58,501+,0.05,0.000336,2597,67,501+,0.06,0.028295,0.022313,0,0,0,,,
2026-05-11,2026-05-18,05075,Lawrence County,Arkansas,AR,quiet,7.9e-05,2117,42,501+,0.05,0.000217,2822,72,501+,0.04,0.028281,0.013831,0,0,0,,,
2026-05-11,2026-05-18,13285,Troup County,Georgia,GA,quiet,7.9e-05,2118,92,501+,0.05,0.000918,1783,61,501+,0.16,0.028249,0.065625,0,0,0,,,
2026-05-11,2026-05-18,05001,Arkansas County,Arkansas,AR,quiet,7.9e-05,2119,43,501+,0.05,0.00031,2654,62,501+,0.05,0.028244,0.020429,0,0,0,,,
2026-05-11,2026-05-18,28117,Prentiss County,Mississippi,MS,quiet,7.9e-05,2120,36,501+,0.05,0.000317,2636,58,501+,0.05,0.028229,0.020934,0,0,0,,,
2026-05-11,2026-05-18,48169,Garza County,Texas,TX,quiet,7.9e-05,2121,212,501+,0.05,0.00233,1044,115,501+,0.39,0.028213,0.165992,0,0,2,58,0.97142857,2023-24
2026-05-11,2026-05-18,39115,Morgan County,Ohio,OH,quiet,7.9e-05,2122,63,501+,0.05,0.000565,2231,62,501+,0.1,0.028185,0.039235,0,0,0,,,
2026-05-11,2026-05-18,17021,Christian County,Illinois,IL,quiet,7.9e-05,2123,59,501+,0.05,0.000309,2656,69,501+,0.05,0.028154,0.02041,0,0,0,,,
2026-05-11,2026-05-18,26153,Schoolcraft County,Michigan,MI,quiet,7.8e-05,2124,67,501+,0.05,0.000751,1971,66,501+,0.13,0.028102,0.053124,0,0,0,,0.9194,2023-24
2026-05-11,2026-05-18,37083,Halifax County,North Carolina,NC,quiet,7.8e-05,2125,78,501+,0.05,0.001281,1497,62,501+,0.22,0.028087,0.09248,0,0,0,,0.96545769,2022-23
2026-05-11,2026-05-18,21021,Boyle County,Kentucky,KY,quiet,7.8e-05,2126,41,501+,0.05,0.0011,1613,25,501+,0.19,0.028019,0.079174,0,0,0,,0.927,2022-23
2026-05-11,2026-05-18,28147,Walthall County,Mississippi,MS,quiet,7.8e-05,2127,37,501+,0.05,0.000265,2737,68,501+,0.04,0.028003,0.017235,0,0,0,,,
2026-05-11,2026-05-18,28093,Marshall County,Mississippi,MS,quiet,7.8e-05,2128,38,501+,0.05,0.000354,2563,50,501+,0.06,0.028001,0.023679,0,0,0,,,
2026-05-11,2026-05-18,30055,McCone County,Montana,MT,quiet,7.8e-05,2129,40,501+,0.05,0.000322,2622,47,501+,0.05,0.027932,0.021347,0,0,0,,,
2026-05-11,2026-05-18,13007,Baker County,Georgia,GA,quiet,7.8e-05,2130,93,501+,0.05,0.00047,2367,104,501+,0.08,0.027876,0.032189,0,0,0,,,
2026-05-11,2026-05-18,17183,Vermilion County,Illinois,IL,quiet,7.8e-05,2131,60,501+,0.05,0.000675,2062,49,501+,0.11,0.027839,0.047428,0,0,0,,,
2026-05-11,2026-05-18,08115,Sedgwick County,Colorado,CO,quiet,7.8e-05,2132,55,501+,0.05,0.000482,2348,55,501+,0.08,0.027835,0.033051,0,0,0,,0.8276,2023-24
2026-05-11,2026-05-18,28041,Greene County,Mississippi,MS,quiet,7.8e-05,2133,39,501+,0.05,0.000583,2196,28,501+,0.1,0.027816,0.040552,0,0,0,,,
2026-05-11,2026-05-18,05023,Cleburne County,Arkansas,AR,quiet,7.8e-05,2134,44,501+,0.05,0.000459,2386,44,501+,0.08,0.027808,0.031372,0,0,0,,,
2026-05-11,2026-05-18,01067,Henry County,Alabama,AL,quiet,7.8e-05,2135,42,501+,0.05,0.000319,2630,55,501+,0.05,0.027774,0.02111,0,0,0,,0.9417,2022-23
2026-05-11,2026-05-18,47185,White County,Tennessee,TN,quiet,7.7e-05,2136,52,501+,0.05,0.000598,2165,58,501+,0.1,0.027749,0.041729,0,0,0,,0.938,2023-24
2026-05-11,2026-05-18,48233,Hutchinson County,Texas,TX,quiet,7.7e-05,2137,213,501+,0.05,0.000511,2304,234,501+,0.09,0.027743,0.035227,0,0,0,,0.95726496,2023-24
2026-05-11,2026-05-18,02282,Yakutat City and Borough,Alaska,AK,quiet,7.7e-05,2138,19,501+,0.05,0.000337,2596,27,501+,0.06,0.027653,0.022429,0,0,0,,,
2026-05-11,2026-05-18,32029,Storey County,Nevada,NV,quiet,7.7e-05,2139,16,501+,0.05,0.000511,2302,16,501+,0.09,0.027619,0.035244,0,0,0,,1.0,2022-23
2026-05-11,2026-05-18,20073,Greenwood County,Kansas,KS,quiet,7.7e-05,2140,70,501+,0.05,0.000658,2089,76,501+,0.11,0.027599,0.046159,0,0,0,,0.86,2023-24
2026-05-11,2026-05-18,48131,Duval County,Texas,TX,quiet,7.7e-05,2141,214,501+,0.05,0.001522,1360,147,501+,0.26,0.027591,0.109981,0,0,0,,0.9765625,2023-24
2026-05-11,2026-05-18,55099,Price County,Wisconsin,WI,quiet,7.7e-05,2142,52,501+,0.04,0.000742,1983,50,501+,0.13,0.02756,0.052479,0,0,0,,0.698,2023-24
2026-05-11,2026-05-18,31135,Perkins County,Nebraska,NE,quiet,7.7e-05,2143,40,501+,0.04,0.00049,2334,56,501+,0.08,0.027548,0.033631,0,0,0,,,
2026-05-11,2026-05-18,13159,Jasper County,Georgia,GA,quiet,7.7e-05,2144,94,501+,0.04,0.000825,1876,66,501+,0.14,0.027523,0.058704,0,0,0,,,
2026-05-11,2026-05-18,50005,Caledonia County,Vermont,VT,quiet,7.7e-05,2145,11,501+,0.04,0.000747,1975,12,501+,0.13,0.027493,0.052859,0,0,0,,0.94,2023-24
2026-05-11,2026-05-18,46115,Spink County,South Dakota,SD,quiet,7.7e-05,2146,39,501+,0.04,0.000873,1826,42,501+,0.15,0.027482,0.062248,0,0,0,,0.83,2023-24
2026-05-11,2026-05-18,16061,Lewis County,Idaho,ID,quiet,7.7e-05,2147,40,501+,0.04,0.000718,2010,41,501+,0.12,0.027429,0.050683,0,0,0,,,
2026-05-11,2026-05-18,18083,Knox County,Indiana,IN,quiet,7.6e-05,2148,51,501+,0.04,0.000652,2094,49,501+,0.11,0.02729,0.045731,0,0,0,,,
2026-05-11,2026-05-18,28065,Jefferson Davis County,Mississippi,MS,quiet,7.6e-05,2149,40,501+,0.04,0.000277,2709,65,501+,0.05,0.027226,0.018097,0,0,0,,,
2026-05-11,2026-05-18,50013,Grand Isle County,Vermont,VT,quiet,7.6e-05,2150,12,501+,0.04,0.001134,1591,10,501+,0.19,0.027219,0.081673,0,0,0,,,
2026-05-11,2026-05-18,19095,Iowa County,Iowa,IA,quiet,7.6e-05,2151,39,501+,0.04,0.000561,2239,55,501+,0.09,0.027203,0.038906,0,0,0,,0.945,2023-24
2026-05-11,2026-05-18,20141,Osborne County,Kansas,KS,quiet,7.6e-05,2152,71,501+,0.04,0.00066,2084,75,501+,0.11,0.027166,0.046349,0,0,0,,0.96,2022-23
2026-05-11,2026-05-18,05055,Greene County,Arkansas,AR,quiet,7.6e-05,2153,45,501+,0.04,0.000806,1897,28,501+,0.14,0.027165,0.057287,0,0,0,,,
2026-05-11,2026-05-18,19161,Sac County,Iowa,IA,quiet,7.6e-05,2154,40,501+,0.04,0.000771,1944,36,501+,0.13,0.027101,0.054626,0,0,0,,0.91346154,2023-24
2026-05-11,2026-05-18,51089,Henry County,Virginia,VA,quiet,7.6e-05,2155,80,501+,0.04,0.000342,2588,101,501+,0.06,0.027098,0.022789,0,0,0,,0.896,2023-24
2026-05-11,2026-05-18,31147,Richardson County,Nebraska,NE,quiet,7.6e-05,2156,41,501+,0.04,0.000749,1972,38,501+,0.13,0.027098,0.052999,0,0,0,,,
2026-05-11,2026-05-18,35047,San Miguel County,New Mexico,NM,quiet,7.5e-05,2157,27,501+,0.04,0.001121,1598,23,501+,0.19,0.027045,0.080758,0,0,0,,0.89,2018-19
2026-05-11,2026-05-18,27059,Isanti County,Minnesota,MN,quiet,7.5e-05,2158,73,501+,0.04,0.000848,1851,64,501+,0.14,0.027031,0.060421,0,0,0,,0.876,2023-24
2026-05-11,2026-05-18,13027,Brooks County,Georgia,GA,quiet,7.5e-05,2159,95,501+,0.04,0.000234,2788,145,501+,0.04,0.02702,0.015014,0,0,0,,,
2026-05-11,2026-05-18,13311,White County,Georgia,GA,quiet,7.5e-05,2160,96,501+,0.04,0.001719,1263,30,501+,0.29,0.026964,0.124023,0,0,0,,,
2026-05-11,2026-05-18,27051,Grant County,Minnesota,MN,quiet,7.5e-05,2161,74,501+,0.04,0.000536,2269,73,501+,0.09,0.026908,0.037081,0,0,0,,0.906,2023-24
2026-05-11,2026-05-18,29221,Washington County,Missouri,MO,quiet,7.5e-05,2162,68,501+,0.04,0.001067,1635,51,501+,0.18,0.026866,0.076697,0,0,0,,0.901,2023-24
2026-05-11,2026-05-18,19091,Humboldt County,Iowa,IA,quiet,7.5e-05,2163,41,501+,0.04,0.000561,2238,54,501+,0.09,0.026855,0.038909,0,0,0,,0.74615385,2023-24
2026-05-11,2026-05-18,47083,Houston County,Tennessee,TN,quiet,7.5e-05,2164,53,501+,0.04,0.000627,2122,57,501+,0.11,0.026854,0.043876,0,0,0,,0.989,2023-24
2026-05-11,2026-05-18,46121,Todd County,South Dakota,SD,quiet,7.5e-05,2165,40,501+,0.04,0.000369,2533,57,501+,0.06,0.026852,0.024766,0,0,0,,0.89,2023-24
2026-05-11,2026-05-18,19149,Plymouth County,Iowa,IA,quiet,7.5e-05,2166,42,501+,0.04,0.000771,1945,37,501+,0.13,0.026825,0.054602,0,0,0,,0.94936709,2023-24
2026-05-11,2026-05-18,18169,Wabash County,Indiana,IN,quiet,7.5e-05,2167,52,501+,0.04,0.000527,2281,56,501+,0.09,0.026783,0.036434,0,0,0,,,
2026-05-11,2026-05-18,51159,Richmond County,Virginia,VA,quiet,7.5e-05,2168,81,501+,0.04,0.000354,2566,99,501+,0.06,0.026768,0.023641,0,0,0,,0.885,2023-24
2026-05-11,2026-05-18,06015,Del Norte County,California,CA,quiet,7.5e-05,2169,58,501+,0.04,0.000871,1827,57,501+,0.15,0.026717,0.062085,0,0,0,,0.91964,2023-24
2026-05-11,2026-05-18,47095,Lake County,Tennessee,TN,quiet,7.4e-05,2170,54,501+,0.04,0.000448,2400,65,501+,0.08,0.026656,0.030519,0,0,0,,0.98,2023-24
2026-05-11,2026-05-18,28053,Humphreys County,Mississippi,MS,quiet,7.4e-05,2171,41,501+,0.04,0.000525,2286,30,501+,0.09,0.026631,0.036255,0,0,0,,,
2026-05-11,2026-05-18,31145,Red Willow County,Nebraska,NE,quiet,7.4e-05,2172,42,501+,0.04,0.000599,2163,52,501+,0.1,0.026599,0.041784,0,0,0,,,
2026-05-11,2026-05-18,31171,Thomas County,Nebraska,NE,quiet,7.4e-05,2173,43,501+,0.04,0.000241,2778,77,501+,0.04,0.026577,0.015557,0,0,0,,,
2026-05-11,2026-05-18,51141,Patrick County,Virginia,VA,quiet,7.4e-05,2174,82,501+,0.04,0.000493,2325,84,501+,0.08,0.026534,0.033885,0,0,0,,0.932,2023-24
2026-05-11,2026-05-18,22093,St. James Parish,Louisiana,LA,quiet,7.4e-05,2175,47,501+,0.04,0.000293,2684,56,501+,0.05,0.0265,0.019209,0,0,0,,0.969,2021-22
2026-05-11,2026-05-18,31097,Johnson County,Nebraska,NE,quiet,7.4e-05,2176,44,501+,0.04,0.000983,1719,30,501+,0.17,0.02649,0.070508,0,0,0,,,
2026-05-11,2026-05-18,29105,Laclede County,Missouri,MO,quiet,7.4e-05,2177,69,501+,0.04,0.000813,1889,60,501+,0.14,0.026465,0.057792,0,0,0,,0.934,2023-24
2026-05-11,2026-05-18,22127,Winn Parish,Louisiana,LA,quiet,7.4e-05,2178,48,501+,0.04,0.000367,2538,50,501+,0.06,0.026404,0.0246,0,0,0,,0.966,2021-22
2026-05-11,2026-05-18,01021,Chilton County,Alabama,AL,quiet,7.4e-05,2179,43,501+,0.04,0.001173,1559,22,501+,0.2,0.02637,0.08455,0,0,0,,0.9291,2022-23
2026-05-11,2026-05-18,48101,Cottle County,Texas,TX,quiet,7.3e-05,2180,215,501+,0.04,0.000463,2376,237,501+,0.08,0.026327,0.031643,0,0,0,,0.88888889,2023-24
2026-05-11,2026-05-18,36019,Clinton County,New York,NY,quiet,7.3e-05,2181,56,501+,0.04,0.001231,1525,41,501+,0.21,0.026317,0.088841,0,0,0,,0.99794737,2022-23
2026-05-11,2026-05-18,20163,Rooks County,Kansas,KS,quiet,7.3e-05,2182,72,501+,0.04,0.000333,2603,98,501+,0.06,0.026265,0.022114,0,0,0,,0.97,2023-24
2026-05-11,2026-05-18,21075,Fulton County,Kentucky,KY,quiet,7.3e-05,2183,42,501+,0.04,0.000488,2337,49,501+,0.08,0.026249,0.033528,0,0,0,,0.953,2022-23
2026-05-11,2026-05-18,35041,Roosevelt County,New Mexico,NM,quiet,7.3e-05,2184,28,501+,0.04,0.001627,1312,21,501+,0.27,0.026242,0.117493,0,0,0,,0.94,2018-19
2026-05-11,2026-05-18,48431,Sterling County,Texas,TX,quiet,7.3e-05,2185,216,501+,0.04,0.000675,2063,215,501+,0.11,0.026083,0.047424,0,0,0,,0.76470588,2023-24
2026-05-11,2026-05-18,40025,Cimarron County,Oklahoma,OK,quiet,7.3e-05,2186,54,501+,0.04,0.000586,2187,61,501+,0.1,0.026057,0.040786,0,0,0,,0.8065,2023-24
2026-05-11,2026-05-18,12077,Liberty County,Florida,FL,quiet,7.2e-05,2187,63,501+,0.04,0.000758,1960,59,501+,0.13,0.025996,0.053658,0,0,0,,0.981,2022-23
2026-05-11,2026-05-18,47153,Sequatchie County,Tennessee,TN,quiet,7.2e-05,2188,55,501+,0.04,0.000522,2291,61,501+,0.09,0.025983,0.036009,0,0,0,,0.988,2023-24
2026-05-11,2026-05-18,31083,Harlan County,Nebraska,NE,quiet,7.2e-05,2189,45,501+,0.04,0.000712,2018,45,501+,0.12,0.025981,0.050191,0,0,0,,,
2026-05-11,2026-05-18,17041,Douglas County,Illinois,IL,quiet,7.2e-05,2190,61,501+,0.04,0.000633,2115,52,501+,0.11,0.025966,0.04429,0,0,0,,,
2026-05-11,2026-05-18,19143,Osceola County,Iowa,IA,quiet,7.2e-05,2191,43,501+,0.04,0.001007,1697,28,501+,0.17,0.025952,0.07223,0,0,0,,0.93877551,2023-24
2026-05-11,2026-05-18,48107,Crosby County,Texas,TX,quiet,7.2e-05,2192,217,501+,0.04,0.002637,951,101,501+,0.45,0.025952,0.186035,0,0,0,,0.96363636,2023-24
2026-05-11,2026-05-18,37033,Caswell County,North Carolina,NC,quiet,7.2e-05,2193,79,501+,0.04,0.000402,2478,93,501+,0.07,0.025903,0.02715,0,0,0,,0.88659794,2022-23
2026-05-11,2026-05-18,39125,Paulding County,Ohio,OH,quiet,7.2e-05,2194,64,501+,0.04,0.000918,1785,56,501+,0.16,0.025889,0.065596,0,0,0,,,
2026-05-11,2026-05-18,19105,Jones County,Iowa,IA,quiet,7.2e-05,2195,44,501+,0.04,0.000595,2172,51,501+,0.1,0.02588,0.041458,0,0,0,,0.91005291,2023-24
2026-05-11,2026-05-18,28007,Attala County,Mississippi,MS,quiet,7.2e-05,2196,42,501+,0.04,0.000234,2787,71,501+,0.04,0.025852,0.015043,0,0,0,,,
2026-05-11,2026-05-18,20083,Hodgeman County,Kansas,KS,quiet,7.2e-05,2197,73,501+,0.04,0.000838,1861,61,501+,0.14,0.025818,0.059679,0,0,0,,0.8,2023-24
2026-05-11,2026-05-18,27041,Douglas County,Minnesota,MN,quiet,7.2e-05,2198,75,501+,0.04,0.000428,2431,77,501+,0.07,0.025815,0.029046,0,0,0,,0.877,2023-24
2026-05-11,2026-05-18,48307,McCulloch County,Texas,TX,quiet,7.2e-05,2199,218,501+,0.04,0.001049,1657,186,501+,0.18,0.02577,0.075385,0,0,0,,0.93975904,2023-24
2026-05-11,2026-05-18,13065,Clinch County,Georgia,GA,quiet,7.2e-05,2200,97,501+,0.04,0.000591,2180,84,501+,0.1,0.025723,0.041156,0,0,0,,,
2026-05-11,2026-05-18,35007,Colfax County,New Mexico,NM,quiet,7.2e-05,2201,29,501+,0.04,0.000838,1860,26,501+,0.14,0.025671,0.059679,0,0,0,,0.885,2018-19
2026-05-11,2026-05-18,37199,Yancey County,North Carolina,NC,quiet,7.1e-05,2202,80,501+,0.04,0.001211,1537,65,501+,0.2,0.025639,0.08734,0,0,0,,0.99333333,2022-23
2026-05-11,2026-05-18,53069,Wahkiakum County,Washington,WA,quiet,7.1e-05,2203,38,501+,0.04,0.000962,1739,35,501+,0.16,0.025633,0.068907,0,0,0,,0.90625,2023-24
2026-05-11,2026-05-18,31151,Saline County,Nebraska,NE,quiet,7.1e-05,2204,46,501+,0.04,0.001061,1643,26,501+,0.18,0.02563,0.076309,0,0,0,,,
2026-05-11,2026-05-18,05081,Little River County,Arkansas,AR,quiet,7.1e-05,2205,46,501+,0.04,0.000724,2005,31,501+,0.12,0.025615,0.051121,0,0,0,,,
2026-05-11,2026-05-18,31093,Howard County,Nebraska,NE,quiet,7.1e-05,2206,47,501+,0.04,0.000745,1979,40,501+,0.13,0.025607,0.052724,0,0,0,,,
2026-05-11,2026-05-18,20099,Labette County,Kansas,KS,quiet,7.1e-05,2207,74,501+,0.04,0.000477,2356,88,501+,0.08,0.025533,0.0327,0,0,0,,0.95,2023-24
2026-05-11,2026-05-18,05029,Conway County,Arkansas,AR,quiet,7.1e-05,2208,47,501+,0.04,0.000955,1746,20,501+,0.16,0.025507,0.068408,0,0,0,,,
2026-05-11,2026-05-18,22111,Union Parish,Louisiana,LA,quiet,7.1e-05,2209,49,501+,0.04,0.00026,2748,58,501+,0.04,0.025496,0.016889,0,0,0,,0.864,2021-22
2026-05-11,2026-05-18,21017,Bourbon County,Kentucky,KY,quiet,7.1e-05,2210,43,501+,0.04,0.000648,2101,37,501+,0.11,0.02547,0.045461,0,0,0,,0.849,2022-23
2026-05-11,2026-05-18,28079,Leake County,Mississippi,MS,quiet,7.1e-05,2211,43,501+,0.04,0.000326,2616,56,501+,0.06,0.025458,0.021593,0,0,0,,,
2026-05-11,2026-05-18,46111,Sanborn County,South Dakota,SD,quiet,7.1e-05,2212,41,501+,0.04,0.001409,1413,25,501+,0.24,0.025429,0.101869,0,0,0,,0.66,2023-24
2026-05-11,2026-05-18,48225,Houston County,Texas,TX,quiet,7.1e-05,2213,219,501+,0.04,0.000421,2445,240,501+,0.07,0.025399,0.028582,0,0,0,,0.89247312,2023-24
2026-05-11,2026-05-18,19081,Hancock County,Iowa,IA,quiet,7.1e-05,2214,45,501+,0.04,0.000712,2016,40,501+,0.12,0.025388,0.050254,0,0,0,,0.91428571,2023-24
2026-05-11,2026-05-18,31031,Cherry County,Nebraska,NE,quiet,7.1e-05,2215,48,501+,0.04,0.000585,2190,53,501+,0.1,0.025376,0.040702,0,0,0,,,
2026-05-11,2026-05-18,19085,Harrison County,Iowa,IA,quiet,7.1e-05,2216,46,501+,0.04,0.000223,2810,78,501+,0.04,0.025354,0.014256,0,0,0,,0.91891892,2023-24
2026-05-11,2026-05-18,47131,Obion County,Tennessee,TN,quiet,7.1e-05,2217,56,501+,0.04,0.000506,2310,62,501+,0.09,0.025349,0.034878,0,0,0,,0.99,2023-24
2026-05-11,2026-05-18,05095,Monroe County,Arkansas,AR,quiet,7.1e-05,2218,48,501+,0.04,0.000491,2329,42,501+,0.08,0.02534,0.033761,0,0,0,,,
2026-05-11,2026-05-18,21223,Trimble County,Kentucky,KY,quiet,7.1e-05,2219,44,501+,0.04,0.000692,2041,35,501+,0.12,0.025325,0.048727,0,0,0,,0.935,2022-23
2026-05-11,2026-05-18,21077,Gallatin County,Kentucky,KY,quiet,7e-05,2220,45,501+,0.04,0.00055,2253,45,501+,0.09,0.025297,0.038117,0,0,0,,0.932,2022-23
2026-05-11,2026-05-18,54021,Gilmer County,West Virginia,WV,quiet,7e-05,2221,17,501+,0.04,0.000211,2832,23,501+,0.04,0.025294,0.013383,0,0,0,,,
2026-05-11,2026-05-18,01109,Pike County,Alabama,AL,quiet,7e-05,2222,44,501+,0.04,0.00028,2706,59,501+,0.05,0.02518,0.018268,0,0,0,,0.9511,2022-23
2026-05-11,2026-05-18,55013,Burnett County,Wisconsin,WI,quiet,7e-05,2223,53,501+,0.04,0.000799,1906,49,501+,0.13,0.025169,0.056695,0,0,0,,0.664,2023-24
2026-05-11,2026-05-18,48105,Crockett County,Texas,TX,quiet,7e-05,2224,220,501+,0.04,0.001079,1628,183,501+,0.18,0.025152,0.077592,0,0,0,,1.0,2023-24
2026-05-11,2026-05-18,19025,Calhoun County,Iowa,IA,quiet,7e-05,2225,47,501+,0.04,0.00089,1807,32,501+,0.15,0.025132,0.06357,0,0,0,,0.90384615,2023-24
2026-05-11,2026-05-18,19087,Henry County,Iowa,IA,quiet,7e-05,2226,48,501+,0.04,0.000923,1776,31,501+,0.16,0.025121,0.066003,0,0,0,,0.89944134,2023-24
2026-05-11,2026-05-18,17109,McDonough County,Illinois,IL,quiet,7e-05,2227,62,501+,0.04,0.000316,2639,68,501+,0.05,0.025102,0.020866,0,0,0,,,
2026-05-11,2026-05-18,13137,Habersham County,Georgia,GA,quiet,7e-05,2228,98,501+,0.04,0.001496,1372,36,501+,0.25,0.025097,0.108135,0,0,0,,,
2026-05-11,2026-05-18,29163,Pike County,Missouri,MO,quiet,7e-05,2229,70,501+,0.04,0.000452,2391,81,501+,0.08,0.025052,0.030829,0,0,0,,0.924,2023-24
2026-05-11,2026-05-18,24019,Dorchester County,Maryland,MD,quiet,7e-05,2230,22,501+,0.04,0.000237,2783,23,501+,0.04,0.025037,0.015221,0,0,0,,1.0,2023-24
2026-05-11,2026-05-18,31065,Furnas County,Nebraska,NE,quiet,7e-05,2231,49,501+,0.04,0.000606,2149,51,501+,0.1,0.02503,0.042292,0,0,0,,,
2026-05-11,2026-05-18,19157,Poweshiek County,Iowa,IA,quiet,7e-05,2232,49,501+,0.04,0.001104,1610,24,501+,0.19,0.024999,0.07949,0,0,0,,0.93010753,2023-24
2026-05-11,2026-05-18,19007,Appanoose County,Iowa,IA,quiet,7e-05,2233,50,501+,0.04,0.000226,2803,77,501+,0.04,0.024956,0.01446,0,0,0,,0.81300813,2023-24
2026-05-11,2026-05-18,46041,Dewey County,South Dakota,SD,quiet,6.9e-05,2234,42,501+,0.04,0.000753,1965,46,501+,0.13,0.024896,0.053312,0,0,0,,0.92,2023-24
2026-05-11,2026-05-18,45087,Union County,South Carolina,SC,quiet,6.9e-05,2235,32,501+,0.04,0.002141,1095,26,501+,0.36,0.024814,0.15331,0,0,0,,0.978,2023-24
2026-05-11,2026-05-18,05087,Madison County,Arkansas,AR,quiet,6.9e-05,2236,49,501+,0.04,0.000323,2620,59,501+,0.05,0.024781,0.021381,0,0,0,,,
2026-05-11,2026-05-18,31041,Custer County,Nebraska,NE,quiet,6.9e-05,2237,50,501+,0.04,0.00036,2551,68,501+,0.06,0.02477,0.024064,0,0,0,,,
2026-05-11,2026-05-18,28139,Tippah County,Mississippi,MS,quiet,6.9e-05,2238,44,501+,0.04,0.00051,2306,32,501+,0.09,0.024751,0.035116,0,0,0,,,
2026-05-11,2026-05-18,02230,Skagway Municipality,Alaska,AK,quiet,6.9e-05,2239,20,501+,0.04,0.00027,2727,29,501+,0.05,0.024712,0.017561,0,0,0,,,
2026-05-11,2026-05-18,50017,Orange County,Vermont,VT,quiet,6.9e-05,2240,13,501+,0.04,0.000455,2390,14,501+,0.08,0.024658,0.031077,0,0,0,,0.95,2023-24
2026-05-11,2026-05-18,29065,Dent County,Missouri,MO,quiet,6.9e-05,2241,71,501+,0.04,0.001008,1694,55,501+,0.17,0.024649,0.072348,0,0,0,,0.915,2023-24
2026-05-11,2026-05-18,40085,Love County,Oklahoma,OK,quiet,6.9e-05,2242,55,501+,0.04,0.000492,2327,64,501+,0.08,0.024644,0.033822,0,0,0,,0.9099,2023-24
2026-05-11,2026-05-18,40099,Murray County,Oklahoma,OK,quiet,6.9e-05,2243,56,501+,0.04,0.000559,2242,62,501+,0.09,0.02464,0.038751,0,0,0,,0.7943,2023-24
2026-05-11,2026-05-18,22007,Assumption Parish,Louisiana,LA,quiet,6.9e-05,2244,50,501+,0.04,0.000451,2394,45,501+,0.08,0.024621,0.030777,0,0,0,,0.984,2021-22
2026-05-11,2026-05-18,05067,Jackson County,Arkansas,AR,quiet,6.9e-05,2245,50,501+,0.04,0.000151,2951,74,501+,0.03,0.024613,0.009254,0,0,0,,,
2026-05-11,2026-05-18,48393,Roberts County,Texas,TX,quiet,6.8e-05,2246,221,501+,0.04,0.000658,2091,221,501+,0.11,0.024593,0.046152,0,0,0,,1.0,2023-24
2026-05-11,2026-05-18,16003,Adams County,Idaho,ID,quiet,6.8e-05,2247,41,501+,0.04,0.001012,1690,39,501+,0.17,0.024576,0.072629,0,0,0,,,
2026-05-11,2026-05-18,37131,Northampton County,North Carolina,NC,quiet,6.8e-05,2248,81,501+,0.04,0.000983,1721,68,501+,0.17,0.024539,0.070447,0,0,0,,0.95169082,2022-23
2026-05-11,2026-05-18,28125,Sharkey County,Mississippi,MS,quiet,6.8e-05,2249,45,501+,0.04,0.00039,2493,45,501+,0.07,0.024515,0.026246,0,0,0,,,
2026-05-11,2026-05-18,29111,Lewis County,Missouri,MO,quiet,6.8e-05,2250,72,501+,0.04,0.000763,1953,62,501+,0.13,0.024466,0.054052,0,0,0,,0.942,2023-24
2026-05-11,2026-05-18,48505,Zapata County,Texas,TX,quiet,6.8e-05,2251,222,501+,0.04,0.001282,1494,167,501+,0.22,0.024405,0.0926,0,0,0,,0.9954955,2023-24
2026-05-11,2026-05-18,05109,Pike County,Arkansas,AR,quiet,6.8e-05,2252,51,501+,0.04,0.000583,2193,36,501+,0.1,0.024383,0.040594,0,0,0,,,
2026-05-11,2026-05-18,42057,Fulton County,Pennsylvania,PA,quiet,6.8e-05,2253,59,501+,0.04,0.000503,2313,58,501+,0.08,0.024369,0.034618,0,0,0,,0.88198758,2023-24
2026-05-11,2026-05-18,45061,Lee County,South Carolina,SC,quiet,6.8e-05,2254,33,501+,0.04,0.000802,1902,36,501+,0.14,0.024368,0.056956,0,0,0,,0.965,2023-24
2026-05-11,2026-05-18,51127,New Kent County,Virginia,VA,quiet,6.8e-05,2255,83,501+,0.04,0.000429,2429,92,501+,0.07,0.024366,0.029113,0,0,0,,0.913,2023-24
2026-05-11,2026-05-18,31021,Burt County,Nebraska,NE,quiet,6.8e-05,2256,51,501+,0.04,0.000806,1899,36,501+,0.14,0.024352,0.057232,0,0,0,,,
2026-05-11,2026-05-18,13195,Madison County,Georgia,GA,quiet,6.8e-05,2257,99,501+,0.04,0.000486,2341,101,501+,0.08,0.02434,0.033352,0,0,0,,,
2026-05-11,2026-05-18,21005,Anderson County,Kentucky,KY,quiet,6.8e-05,2258,46,501+,0.04,0.001157,1573,23,501+,0.2,0.024323,0.083404,0,0,0,,0.958,2022-23
2026-05-11,2026-05-18,05079,Lincoln County,Arkansas,AR,quiet,6.8e-05,2259,52,501+,0.04,0.000271,2725,65,501+,0.05,0.024271,0.017678,0,0,0,,,
2026-05-11,2026-05-18,51097,King and Queen County,Virginia,VA,quiet,6.8e-05,2260,84,501+,0.04,0.000416,2451,94,501+,0.07,0.024255,0.028228,0,0,0,,0.953,2023-24
2026-05-11,2026-05-18,48243,Jeff Davis County,Texas,TX,quiet,6.8e-05,2261,223,501+,0.04,0.00066,2085,219,501+,0.11,0.024251,0.046322,0,0,0,,0.94285714,2023-24
2026-05-11,2026-05-18,51007,Amelia County,Virginia,VA,quiet,6.7e-05,2262,85,501+,0.04,0.000698,2032,64,501+,0.12,0.024213,0.049146,0,0,0,,0.932,2023-24
2026-05-11,2026-05-18,22053,Jefferson Davis Parish,Louisiana,LA,quiet,6.7e-05,2263,51,501+,0.04,0.000409,2467,47,501+,0.07,0.024182,0.027653,0,0,0,,0.932,2021-22
2026-05-11,2026-05-18,42065,Jefferson County,Pennsylvania,PA,quiet,6.7e-05,2264,60,501+,0.04,0.000563,2234,57,501+,0.1,0.02417,0.039097,0,0,0,,0.96330275,2023-24
2026-05-11,2026-05-18,55075,Marinette County,Wisconsin,WI,quiet,6.7e-05,2265,54,501+,0.04,0.000422,2444,61,501+,0.07,0.024114,0.028625,0,0,0,,0.74,2023-24
2026-05-11,2026-05-18,46069,Hyde County,South Dakota,SD,quiet,6.7e-05,2266,43,501+,0.04,0.000595,2171,51,501+,0.1,0.02403,0.041464,0,0,0,,0.9,2023-24
2026-05-11,2026-05-18,42121,Venango County,Pennsylvania,PA,quiet,6.7e-05,2267,61,501+,0.04,0.000332,2607,62,501+,0.06,0.02401,0.022066,0,0,0,,0.92857143,2023-24
2026-05-11,2026-05-18,46003,Aurora County,South Dakota,SD,quiet,6.7e-05,2268,44,501+,0.04,0.001677,1284,21,501+,0.28,0.023941,0.121092,0,0,0,,0.94,2023-24
2026-05-11,2026-05-18,50009,Essex County,Vermont,VT,quiet,6.7e-05,2269,14,501+,0.04,0.000875,1824,11,501+,0.15,0.023939,0.062431,0,0,0,,,
2026-05-11,2026-05-18,02158,Kusilvak Census Area,Alaska,AK,quiet,6.7e-05,2270,21,501+,0.04,0.000356,2560,25,501+,0.06,0.02392,0.023769,0,0,0,,,
2026-05-11,2026-05-18,20129,Morton County,Kansas,KS,quiet,6.7e-05,2271,75,501+,0.04,0.001058,1647,48,501+,0.18,0.0239,0.076053,0,0,0,,0.82,2023-24
2026-05-11,2026-05-18,37061,Duplin County,North Carolina,NC,quiet,6.6e-05,2272,82,501+,0.04,0.000731,1995,78,501+,0.12,0.023891,0.051664,0,0,0,,0.9856528,2022-23
2026-05-11,2026-05-18,51023,Botetourt County,Virginia,VA,quiet,6.6e-05,2273,86,501+,0.04,0.000372,2526,97,501+,0.06,0.023873,0.024965,0,0,0,,0.891,2023-24
2026-05-11,2026-05-18,48145,Falls County,Texas,TX,quiet,6.6e-05,2274,224,501+,0.04,0.000916,1789,196,501+,0.15,0.023831,0.065508,0,0,0,,0.91764706,2023-24
2026-05-11,2026-05-18,51660,Harrisonburg City,Virginia,VA,quiet,6.6e-05,2275,87,501+,0.04,0.00046,2381,90,501+,0.08,0.023823,0.031442,0,0,0,,0.908,2023-24
2026-05-11,2026-05-18,19069,Franklin County,Iowa,IA,quiet,6.6e-05,2276,51,501+,0.04,0.001004,1701,30,501+,0.17,0.023801,0.072073,0,0,0,,0.925,2023-24
2026-05-11,2026-05-18,18153,Sullivan County,Indiana,IN,quiet,6.6e-05,2277,53,501+,0.04,0.000608,2147,53,501+,0.1,0.0238,0.042409,0,0,0,,,
2026-05-11,2026-05-18,01071,Jackson County,Alabama,AL,quiet,6.6e-05,2278,45,501+,0.04,0.001536,1355,17,501+,0.26,0.023759,0.111011,0,0,0,,0.94,2022-23
2026-05-11,2026-05-18,46015,Brule County,South Dakota,SD,quiet,6.6e-05,2279,45,501+,0.04,0.000973,1731,35,501+,0.16,0.023739,0.069733,0,0,0,,0.93,2023-24
2026-05-11,2026-05-18,38069,Pierce County,North Dakota,ND,quiet,6.6e-05,2280,31,501+,0.04,0.000578,2211,34,501+,0.1,0.023731,0.040191,0,0,0,,0.9268,2023-24
2026-05-11,2026-05-18,40075,Kiowa County,Oklahoma,OK,quiet,6.6e-05,2281,57,501+,0.04,0.00093,1767,42,501+,0.16,0.023725,0.06654,0,0,0,,0.9381,2023-24
2026-05-11,2026-05-18,13291,Union County,Georgia,GA,quiet,6.6e-05,2282,100,501+,0.04,0.000315,2640,131,501+,0.05,0.023684,0.020856,0,0,0,,,
2026-05-11,2026-05-18,29125,Maries County,Missouri,MO,quiet,6.6e-05,2283,73,501+,0.04,0.000584,2192,71,501+,0.1,0.023682,0.040657,0,0,0,,0.96,2023-24
2026-05-11,2026-05-18,13209,Montgomery County,Georgia,GA,quiet,6.6e-05,2284,101,501+,0.04,0.000328,2613,127,501+,0.06,0.023659,0.021778,0,0,0,,,
2026-05-11,2026-05-18,13091,Dodge County,Georgia,GA,quiet,6.6e-05,2285,102,501+,0.04,0.000537,2267,93,501+,0.09,0.023655,0.037184,0,0,0,,,
2026-05-11,2026-05-18,18109,Morgan County,Indiana,IN,quiet,6.6e-05,2286,54,501+,0.04,0.000264,2742,63,501+,0.04,0.023627,0.017163,0,0,0,,,
2026-05-11,2026-05-18,48247,Jim Hogg County,Texas,TX,quiet,6.6e-05,2287,225,501+,0.04,0.000596,2169,227,501+,0.1,0.023582,0.041529,0,0,0,,0.81818182,2023-24
2026-05-11,2026-05-18,51029,Buckingham County,Virginia,VA,quiet,6.6e-05,2288,88,501+,0.04,0.000483,2346,87,501+,0.08,0.023562,0.033167,0,0,0,,0.863,2023-24
2026-05-11,2026-05-18,55077,Marquette County,Wisconsin,WI,quiet,6.6e-05,2289,55,501+,0.04,0.000706,2026,52,501+,0.12,0.023557,0.049775,0,0,0,,0.658,2023-24
2026-05-11,2026-05-18,47019,Carter County,Tennessee,TN,quiet,6.5e-05,2290,57,501+,0.04,0.000831,1870,48,501+,0.14,0.023504,0.059105,0,0,0,,0.969,2023-24
2026-05-11,2026-05-18,05105,Perry County,Arkansas,AR,quiet,6.5e-05,2291,53,501+,0.04,0.000494,2323,41,501+,0.08,0.023494,0.033973,0,0,0,,,
2026-05-11,2026-05-18,31085,Hayes County,Nebraska,NE,quiet,6.5e-05,2292,52,501+,0.04,0.000742,1985,41,501+,0.13,0.023474,0.052455,0,0,0,,,
2026-05-11,2026-05-18,13181,Lincoln County,Georgia,GA,quiet,6.5e-05,2293,103,501+,0.04,0.00046,2383,106,501+,0.08,0.023473,0.031427,0,0,0,,,
2026-05-11,2026-05-18,40097,Mayes County,Oklahoma,OK,quiet,6.5e-05,2294,58,501+,0.04,0.001047,1660,38,501+,0.18,0.023436,0.075264,0,0,0,,0.9313,2023-24
2026-05-11,2026-05-18,21103,Henry County,Kentucky,KY,quiet,6.5e-05,2295,47,501+,0.04,0.000668,2073,36,501+,0.11,0.023416,0.046932,0,0,0,,0.935,2022-23
2026-05-11,2026-05-18,20011,Bourbon County,Kansas,KS,quiet,6.5e-05,2296,76,501+,0.04,0.000419,2447,90,501+,0.07,0.023401,0.028399,0,0,0,,0.82,2023-24
2026-05-11,2026-05-18,18007,Benton County,Indiana,IN,quiet,6.5e-05,2297,55,501+,0.04,0.000646,2103,50,501+,0.11,0.02333,0.04531,0,0,0,,,
2026-05-11,2026-05-18,21099,Hart County,Kentucky,KY,quiet,6.5e-05,2298,48,501+,0.04,0.000338,2594,58,501+,0.06,0.023253,0.022517,0,0,0,,0.914,2022-23
2026-05-11,2026-05-18,48267,Kimble County,Texas,TX,quiet,6.5e-05,2299,226,501+,0.04,0.000728,2001,209,501+,0.12,0.023209,0.051388,0,0,0,,0.97560976,2023-24
2026-05-11,2026-05-18,31175,Valley County,Nebraska,NE,quiet,6.5e-05,2300,53,501+,0.04,0.000317,2634,72,501+,0.05,0.023208,0.020987,0,0,0,,,
2026-05-11,2026-05-18,13031,Bulloch County,Georgia,GA,quiet,6.4e-05,2301,104,501+,0.04,0.00112,1600,46,501+,0.19,0.023171,0.080672,0,0,0,,,
2026-05-11,2026-05-18,22039,Evangeline Parish,Louisiana,LA,quiet,6.4e-05,2302,52,501+,0.04,0.000396,2486,48,501+,0.07,0.023171,0.026754,0,0,0,,0.923,2021-22
2026-05-11,2026-05-18,28057,Itawamba County,Mississippi,MS,quiet,6.4e-05,2303,46,501+,0.04,0.000651,2097,25,501+,0.11,0.023158,0.045642,0,0,0,,,
2026-05-11,2026-05-18,28009,Benton County,Mississippi,MS,quiet,6.4e-05,2304,47,501+,0.04,0.000697,2034,22,501+,0.12,0.023126,0.049119,0,0,0,,,
2026-05-11,2026-05-18,40029,Coal County,Oklahoma,OK,quiet,6.4e-05,2305,59,501+,0.04,0.000762,1954,54,501+,0.13,0.023117,0.053994,0,0,0,,0.7692,2023-24
2026-05-11,2026-05-18,31129,Nuckolls County,Nebraska,NE,quiet,6.4e-05,2306,54,501+,0.04,0.00038,2513,66,501+,0.06,0.023066,0.025562,0,0,0,,,
2026-05-11,2026-05-18,13289,Twiggs County,Georgia,GA,quiet,6.4e-05,2307,105,501+,0.04,0.000456,2389,108,501+,0.08,0.023055,0.031114,0,0,0,,,
2026-05-11,2026-05-18,17185,Wabash County,Illinois,IL,quiet,6.4e-05,2308,63,501+,0.04,0.000599,2164,53,501+,0.1,0.023037,0.041774,0,0,0,,,
2026-05-11,2026-05-18,17011,Bureau County,Illinois,IL,quiet,6.4e-05,2309,64,501+,0.04,0.000742,1982,46,501+,0.13,0.023014,0.052498,0,0,0,,,
2026-05-11,2026-05-18,13301,Warren County,Georgia,GA,quiet,6.4e-05,2310,106,501+,0.04,0.000613,2137,83,501+,0.1,0.02289,0.042824,0,0,0,,,
2026-05-11,2026-05-18,28063,Jefferson County,Mississippi,MS,quiet,6.4e-05,2311,48,501+,0.04,0.00081,1892,17,501+,0.14,0.022872,0.05756,0,0,0,,,
2026-05-11,2026-05-18,18049,Fulton County,Indiana,IN,quiet,6.4e-05,2312,56,501+,0.04,0.00091,1794,44,501+,0.15,0.022869,0.065006,0,0,0,,,
2026-05-11,2026-05-18,51163,Rockbridge County,Virginia,VA,quiet,6.3e-05,2313,89,501+,0.04,0.000794,1915,60,501+,0.13,0.022818,0.056393,0,0,0,,0.964,2023-24
2026-05-11,2026-05-18,13253,Seminole County,Georgia,GA,quiet,6.3e-05,2314,107,501+,0.04,0.000436,2421,109,501+,0.07,0.022814,0.029634,0,0,0,,,
2026-05-11,2026-05-18,28003,Alcorn County,Mississippi,MS,quiet,6.3e-05,2315,49,501+,0.04,0.000651,2096,24,501+,0.11,0.022749,0.045661,0,0,0,,,
2026-05-11,2026-05-18,40117,Pawnee County,Oklahoma,OK,quiet,6.3e-05,2316,60,501+,0.04,0.000616,2130,58,501+,0.1,0.022735,0.043005,0,0,0,,0.8963,2023-24
2026-05-11,2026-05-18,29229,Wright County,Missouri,MO,quiet,6.3e-05,2317,74,501+,0.04,0.000264,2741,101,501+,0.04,0.022722,0.017166,0,0,0,,0.864,2023-24
2026-05-11,2026-05-18,05149,Yell County,Arkansas,AR,quiet,6.3e-05,2318,54,501+,0.04,0.000253,2755,67,501+,0.04,0.02255,0.016385,0,0,0,,,
2026-05-11,2026-05-18,20077,Harper County,Kansas,KS,quiet,6.3e-05,2319,77,501+,0.04,0.000539,2265,87,501+,0.09,0.022536,0.037291,0,0,0,,0.7,2023-24
2026-05-11,2026-05-18,40021,Cherokee County,Oklahoma,OK,quiet,6.3e-05,2320,61,501+,0.04,0.000764,1952,53,501+,0.13,0.022524,0.054113,0,0,0,,0.9381,2023-24
2026-05-11,2026-05-18,38095,Towner County,North Dakota,ND,quiet,6.3e-05,2321,32,501+,0.04,0.000445,2403,37,501+,0.08,0.022523,0.030302,0,0,0,,0.9091,2023-24
2026-05-11,2026-05-18,45005,Allendale County,South Carolina,SC,quiet,6.2e-05,2322,34,501+,0.04,0.001199,1547,32,501+,0.2,0.022466,0.086491,0,0,0,,0.96,2023-24
2026-05-11,2026-05-18,19169,Story County,Iowa,IA,quiet,6.2e-05,2323,52,501+,0.04,0.000688,2045,43,501+,0.12,0.022366,0.04844,0,0,0,,0.93880049,2023-24
2026-05-11,2026-05-18,51083,Halifax County,Virginia,VA,quiet,6.2e-05,2324,90,501+,0.04,0.00059,2182,74,501+,0.1,0.022363,0.041065,0,0,0,,0.833,2023-24
2026-05-11,2026-05-18,20123,Mitchell County,Kansas,KS,quiet,6.2e-05,2325,78,501+,0.04,0.000382,2511,93,501+,0.06,0.022141,0.025679,0,0,0,,0.75,2023-24
2026-05-11,2026-05-18,18021,Clay County,Indiana,IN,quiet,6.1e-05,2326,57,501+,0.04,0.000206,2841,70,501+,0.03,0.022097,0.013028,0,0,0,,,
2026-05-11,2026-05-18,51037,Charlotte County,Virginia,VA,quiet,6.1e-05,2327,91,501+,0.04,0.000327,2614,103,501+,0.06,0.02202,0.021683,0,0,0,,0.908,2023-24
2026-05-11,2026-05-18,29061,Daviess County,Missouri,MO,quiet,6.1e-05,2328,75,501+,0.04,0.000399,2483,87,501+,0.07,0.022012,0.026912,0,0,0,,0.746,2023-24
2026-05-11,2026-05-18,47127,Moore County,Tennessee,TN,quiet,6.1e-05,2329,58,501+,0.04,0.000306,2661,80,501+,0.05,0.022002,0.020196,0,0,0,,0.917,2023-24
2026-05-11,2026-05-18,22085,Sabine Parish,Louisiana,LA,quiet,6.1e-05,2330,53,501+,0.04,0.000349,2578,51,501+,0.06,0.022,0.023266,0,0,0,,0.937,2021-22
2026-05-11,2026-05-18,18123,Perry County,Indiana,IN,quiet,6.1e-05,2331,58,501+,0.04,0.000544,2259,55,501+,0.09,0.021999,0.037655,0,0,0,,,
2026-05-11,2026-05-18,21035,Calloway County,Kentucky,KY,quiet,6.1e-05,2332,49,501+,0.04,0.000882,1818,29,501+,0.15,0.02199,0.06293,0,0,0,,0.969,2022-23
2026-05-11,2026-05-18,36099,Seneca County,New York,NY,quiet,6.1e-05,2333,57,501+,0.04,0.00055,2252,57,501+,0.09,0.021978,0.038127,0,0,0,,0.99881356,2022-23
2026-05-11,2026-05-18,31001,Adams County,Nebraska,NE,quiet,6.1e-05,2334,55,501+,0.04,0.00066,2086,47,501+,0.11,0.021974,0.046313,0,0,0,,,
2026-05-11,2026-05-18,55057,Juneau County,Wisconsin,WI,quiet,6.1e-05,2335,56,501+,0.04,0.000501,2317,58,501+,0.08,0.021961,0.034461,0,0,0,,0.726,2023-24
2026-05-11,2026-05-18,17087,Johnson County,Illinois,IL,quiet,6.1e-05,2336,65,501+,0.04,0.000543,2260,58,501+,0.09,0.021944,0.037593,0,0,0,,,
2026-05-11,2026-05-18,31127,Nemaha County,Nebraska,NE,quiet,6.1e-05,2337,56,501+,0.04,0.000409,2468,64,501+,0.07,0.021915,0.027648,0,0,0,,,
2026-05-11,2026-05-18,19047,Crawford County,Iowa,IA,quiet,6.1e-05,2338,53,501+,0.04,0.00061,2140,50,501+,0.1,0.021879,0.042584,0,0,0,,0.95780591,2023-24
2026-05-11,2026-05-18,28157,Wilkinson County,Mississippi,MS,quiet,6.1e-05,2339,50,501+,0.04,0.000315,2641,59,501+,0.05,0.021877,0.020846,0,0,0,,,
2026-05-11,2026-05-18,51099,King George County,Virginia,VA,quiet,6.1e-05,2340,92,501+,0.04,0.000839,1858,56,501+,0.14,0.02184,0.059725,0,0,0,,0.853,2023-24
2026-05-11,2026-05-18,19073,Greene County,Iowa,IA,quiet,6.1e-05,2341,54,501+,0.04,0.00072,2009,39,501+,0.12,0.02181,0.050794,0,0,0,,0.83636364,2023-24
2026-05-11,2026-05-18,47041,DeKalb County,Tennessee,TN,quiet,6e-05,2342,59,501+,0.04,0.000835,1866,47,501+,0.14,0.021743,0.059424,0,0,0,,0.961,2023-24
2026-05-11,2026-05-18,38041,Hettinger County,North Dakota,ND,quiet,6e-05,2343,33,501+,0.04,0.000856,1842,31,501+,0.14,0.021715,0.061011,0,0,0,,0.92,2023-24
2026-05-11,2026-05-18,05097,Montgomery County,Arkansas,AR,quiet,6e-05,2344,55,501+,0.04,0.000822,1879,27,501+,0.14,0.021614,0.058478,0,0,0,,,
2026-05-11,2026-05-18,29013,Bates County,Missouri,MO,quiet,6e-05,2345,76,501+,0.03,0.00059,2181,70,501+,0.1,0.021552,0.041072,0,0,0,,0.843,2023-24
2026-05-11,2026-05-18,26039,Crawford County,Michigan,MI,quiet,6e-05,2346,68,501+,0.03,0.000601,2161,69,501+,0.1,0.021531,0.041934,0,0,0,,0.8866,2023-24
2026-05-11,2026-05-18,38001,Adams County,North Dakota,ND,quiet,6e-05,2347,34,501+,0.03,0.000371,2529,39,501+,0.06,0.021496,0.024879,0,0,0,,1.0,2022-23
2026-05-11,2026-05-18,19039,Clarke County,Iowa,IA,quiet,6e-05,2348,55,501+,0.03,0.000277,2708,74,501+,0.05,0.021468,0.018116,0,0,0,,0.90909091,2023-24
2026-05-11,2026-05-18,20147,Phillips County,Kansas,KS,quiet,6e-05,2349,79,501+,0.03,0.000957,1743,55,501+,0.16,0.021465,0.068527,0,0,0,,0.92,2023-24
2026-05-11,2026-05-18,20013,Brown County,Kansas,KS,quiet,5.9e-05,2350,80,501+,0.03,0.000635,2112,78,501+,0.11,0.021417,0.044423,0,0,0,,0.97,2023-24
2026-05-11,2026-05-18,39053,Gallia County,Ohio,OH,quiet,5.9e-05,2351,65,501+,0.03,0.000369,2535,68,501+,0.06,0.0214,0.024734,0,0,0,,,
2026-05-11,2026-05-18,13083,Dade County,Georgia,GA,quiet,5.9e-05,2352,108,501+,0.03,0.000516,2294,95,501+,0.09,0.021373,0.03562,0,0,0,,,
2026-05-11,2026-05-18,45011,Barnwell County,South Carolina,SC,quiet,5.9e-05,2353,35,501+,0.03,0.000527,2282,40,501+,0.09,0.021351,0.036369,0,0,0,,0.957,2023-24
2026-05-11,2026-05-18,18183,Whitley County,Indiana,IN,quiet,5.9e-05,2354,59,501+,0.03,0.001159,1572,36,501+,0.2,0.021311,0.083537,0,0,0,,,
2026-05-11,2026-05-18,46007,Bennett County,South Dakota,SD,quiet,5.9e-05,2355,46,501+,0.03,0.000775,1939,45,501+,0.13,0.021297,0.054938,0,0,0,,0.73,2023-24
2026-05-11,2026-05-18,05013,Calhoun County,Arkansas,AR,quiet,5.9e-05,2356,56,501+,0.03,0.000373,2524,55,501+,0.06,0.021236,0.025031,0,0,0,,,
2026-05-11,2026-05-18,29121,Macon County,Missouri,MO,quiet,5.9e-05,2357,77,501+,0.03,0.00076,1959,63,501+,0.13,0.021214,0.053821,0,0,0,,0.806,2023-24
2026-05-11,2026-05-18,51181,Surry County,Virginia,VA,quiet,5.9e-05,2358,93,501+,0.03,0.000728,2000,63,501+,0.12,0.021162,0.051454,0,0,0,,0.912,2023-24
2026-05-11,2026-05-18,08009,Baca County,Colorado,CO,quiet,5.9e-05,2359,56,501+,0.03,0.000596,2168,51,501+,0.1,0.021161,0.041564,0,0,0,,0.9048,2023-24
2026-05-11,2026-05-18,05077,Lee County,Arkansas,AR,quiet,5.9e-05,2360,57,501+,0.03,0.000443,2406,45,501+,0.07,0.021119,0.030151,0,0,0,,,
2026-05-11,2026-05-18,46009,Bon Homme County,South Dakota,SD,quiet,5.8e-05,2361,47,501+,0.03,0.000632,2117,50,501+,0.11,0.021072,0.04425,0,0,0,,0.87,2023-24
2026-05-11,2026-05-18,13197,Marion County,Georgia,GA,quiet,5.8e-05,2362,109,501+,0.03,0.000779,1933,71,501+,0.13,0.021057,0.055231,0,0,0,,,
2026-05-11,2026-05-18,29195,Saline County,Missouri,MO,quiet,5.8e-05,2363,78,501+,0.03,0.000434,2424,83,501+,0.07,0.021006,0.029481,0,0,0,,0.959,2023-24
2026-05-11,2026-05-18,20143,Ottawa County,Kansas,KS,quiet,5.8e-05,2364,81,501+,0.03,0.000594,2175,81,501+,0.1,0.020992,0.041413,0,0,0,,0.92,2023-24
2026-05-11,2026-05-18,45017,Calhoun County,South Carolina,SC,quiet,5.8e-05,2365,36,501+,0.03,0.000611,2139,39,501+,0.1,0.02099,0.042679,0,0,0,,0.924,2023-24
2026-05-11,2026-05-18,01087,Macon County,Alabama,AL,quiet,5.8e-05,2366,46,501+,0.03,0.000398,2484,47,501+,0.07,0.020982,0.026901,0,0,0,,0.9462,2022-23
2026-05-11,2026-05-18,26069,Iosco County,Michigan,MI,quiet,5.8e-05,2367,69,501+,0.03,0.000298,2675,73,501+,0.05,0.020945,0.019627,0,0,0,,0.9055,2023-24
2026-05-11,2026-05-18,31165,Sioux County,Nebraska,NE,quiet,5.8e-05,2368,57,501+,0.03,0.000275,2715,75,501+,0.05,0.020929,0.017966,0,0,0,,,
2026-05-11,2026-05-18,33003,Carroll County,New Hampshire,NH,quiet,5.8e-05,2369,9,501+,0.03,0.00046,2382,9,501+,0.08,0.020894,0.031434,0,0,0,,,
2026-05-11,2026-05-18,17151,Pope County,Illinois,IL,quiet,5.8e-05,2370,66,501+,0.03,0.000542,2261,59,501+,0.09,0.020786,0.037547,0,0,0,,,
2026-05-11,2026-05-18,13315,Wilcox County,Georgia,GA,quiet,5.8e-05,2371,110,501+,0.03,0.000239,2781,144,501+,0.04,0.020731,0.01538,0,0,0,,,
2026-05-11,2026-05-18,20193,Thomas County,Kansas,KS,quiet,5.7e-05,2372,82,501+,0.03,0.000711,2020,70,501+,0.12,0.02069,0.050115,0,0,0,,0.89,2023-24
2026-05-11,2026-05-18,32009,Esmeralda County,Nevada,NV,quiet,5.7e-05,2373,17,501+,0.03,0.000323,2618,17,501+,0.05,0.020681,0.021425,0,0,0,,0.83,2022-23
2026-05-11,2026-05-18,13009,Baldwin County,Georgia,GA,quiet,5.7e-05,2374,111,501+,0.03,0.000492,2328,99,501+,0.08,0.02055,0.03381,0,0,0,,,
2026-05-11,2026-05-18,39037,Darke County,Ohio,OH,quiet,5.7e-05,2375,66,501+,0.03,0.000193,2868,75,501+,0.03,0.020526,0.012176,0,0,0,,,
2026-05-11,2026-05-18,39137,Putnam County,Ohio,OH,quiet,5.7e-05,2376,67,501+,0.03,0.001106,1609,51,501+,0.19,0.020524,0.079592,0,0,0,,,
2026-05-11,2026-05-18,47081,Hickman County,Tennessee,TN,quiet,5.7e-05,2377,60,501+,0.03,0.001112,1606,36,501+,0.19,0.020518,0.080022,0,0,0,,0.947,2023-24
2026-05-11,2026-05-18,01099,Monroe County,Alabama,AL,quiet,5.7e-05,2378,47,501+,0.03,0.000614,2135,34,501+,0.1,0.020515,0.042912,0,0,0,,0.972,2022-23
2026-05-11,2026-05-18,05103,Ouachita County,Arkansas,AR,quiet,5.7e-05,2379,58,501+,0.03,0.00023,2794,69,501+,0.04,0.020493,0.014752,0,0,0,,,
2026-05-11,2026-05-18,27093,Meeker County,Minnesota,MN,quiet,5.7e-05,2380,76,501+,0.03,0.000441,2408,76,501+,0.07,0.020448,0.030066,0,0,0,,0.849,2023-24
2026-05-11,2026-05-18,29001,Adair County,Missouri,MO,quiet,5.7e-05,2381,79,501+,0.03,0.000724,2006,64,501+,0.12,0.020394,0.051099,0,0,0,,0.956,2023-24
2026-05-11,2026-05-18,37173,Swain County,North Carolina,NC,quiet,5.7e-05,2382,83,501+,0.03,0.000671,2069,81,501+,0.11,0.020388,0.047127,0,0,0,,0.93589744,2022-23
2026-05-11,2026-05-18,30005,Blaine County,Montana,MT,quiet,5.7e-05,2383,41,501+,0.03,0.000825,1877,35,501+,0.14,0.020375,0.058679,0,0,0,,,
2026-05-11,2026-05-18,29045,Clark County,Missouri,MO,quiet,5.7e-05,2384,80,501+,0.03,0.000295,2681,96,501+,0.05,0.020371,0.019387,0,0,0,,0.986,2023-24
2026-05-11,2026-05-18,17085,Jo Daviess County,Illinois,IL,quiet,5.6e-05,2385,67,501+,0.03,0.000473,2363,60,501+,0.08,0.020362,0.032377,0,0,0,,,
2026-05-11,2026-05-18,38079,Rolette County,North Dakota,ND,quiet,5.6e-05,2386,35,501+,0.03,0.001599,1326,25,501+,0.27,0.020313,0.115497,0,0,0,,0.9688,2023-24
2026-05-11,2026-05-18,31167,Stanton County,Nebraska,NE,quiet,5.6e-05,2387,58,501+,0.03,0.000569,2226,54,501+,0.1,0.020299,0.039547,0,0,0,,,
2026-05-11,2026-05-18,48095,Concho County,Texas,TX,quiet,5.6e-05,2388,227,501+,0.03,0.000979,1725,191,501+,0.17,0.02022,0.070168,0,0,0,,1.0,2023-24
2026-05-11,2026-05-18,47005,Benton County,Tennessee,TN,quiet,5.6e-05,2389,61,501+,0.03,0.000313,2645,79,501+,0.05,0.020219,0.020695,0,0,0,,0.964,2023-24
2026-05-11,2026-05-18,46043,Douglas County,South Dakota,SD,quiet,5.6e-05,2390,48,501+,0.03,0.001117,1603,32,501+,0.19,0.020187,0.080421,0,0,0,,0.78,2023-24
2026-05-11,2026-05-18,51520,Bristol City,Virginia,VA,quiet,5.6e-05,2391,94,501+,0.03,0.000416,2452,95,501+,0.07,0.020168,0.028203,0,0,0,,0.902,2023-24
2026-05-11,2026-05-18,47071,Hardin County,Tennessee,TN,quiet,5.6e-05,2392,62,501+,0.03,0.000702,2029,52,501+,0.12,0.020096,0.049479,0,0,0,,0.947,2023-24
2026-05-11,2026-05-18,42105,Potter County,Pennsylvania,PA,quiet,5.6e-05,2393,62,501+,0.03,0.000239,2780,64,501+,0.04,0.020091,0.015396,0,0,0,,0.92207792,2023-24
2026-05-11,2026-05-18,40057,Harmon County,Oklahoma,OK,quiet,5.6e-05,2394,62,501+,0.03,0.000219,2821,77,501+,0.04,0.02004,0.013948,0,0,0,,0.8889,2023-24
2026-05-11,2026-05-18,13003,Atkinson County,Georgia,GA,quiet,5.6e-05,2395,112,501+,0.03,0.000961,1740,54,501+,0.16,0.020021,0.068826,0,0,0,,,
2026-05-11,2026-05-18,45089,Williamsburg County,South Carolina,SC,quiet,5.6e-05,2396,37,501+,0.03,0.000942,1757,34,501+,0.16,0.020014,0.067424,0,0,0,,0.975,2023-24
2026-05-11,2026-05-18,01085,Lowndes County,Alabama,AL,quiet,5.5e-05,2397,48,501+,0.03,0.000347,2580,54,501+,0.06,0.01996,0.023129,0,0,0,,0.9265,2022-23
2026-05-11,2026-05-18,30065,Musselshell County,Montana,MT,quiet,5.5e-05,2398,42,501+,0.03,0.001602,1323,25,501+,0.27,0.019913,0.115737,0,0,0,,,
2026-05-11,2026-05-18,41037,Lake County,Oregon,OR,quiet,5.5e-05,2399,33,501+,0.03,0.000697,2033,33,501+,0.12,0.019893,0.049134,0,0,0,,0.889,2023-24
2026-05-11,2026-05-18,28001,Adams County,Mississippi,MS,quiet,5.5e-05,2400,51,501+,0.03,0.000271,2724,67,501+,0.05,0.019859,0.017685,0,0,0,,,
2026-05-11,2026-05-18,46067,Hutchinson County,South Dakota,SD,quiet,5.5e-05,2401,49,501+,0.03,0.000664,2078,48,501+,0.11,0.019716,0.046628,0,0,0,,0.64,2023-24
2026-05-11,2026-05-18,28077,Lawrence County,Mississippi,MS,quiet,5.5e-05,2402,52,501+,0.03,0.000463,2377,36,501+,0.08,0.019712,0.031632,0,0,0,,,
2026-05-11,2026-05-18,36097,Schuyler County,New York,NY,quiet,5.4e-05,2403,58,501+,0.03,0.000976,1728,50,501+,0.16,0.019653,0.069927,0,0,0,,0.69932143,2022-23
2026-05-11,2026-05-18,48313,Madison County,Texas,TX,quiet,5.4e-05,2404,228,501+,0.03,0.000386,2504,243,501+,0.07,0.019637,0.025984,0,0,0,,0.99489796,2023-24
2026-05-11,2026-05-18,41025,Harney County,Oregon,OR,quiet,5.4e-05,2405,34,501+,0.03,0.000714,2014,32,501+,0.12,0.019632,0.050342,0,0,0,,0.891,2023-24
2026-05-11,2026-05-18,05043,Drew County,Arkansas,AR,quiet,5.4e-05,2406,59,501+,0.03,0.00037,2531,56,501+,0.06,0.019587,0.024815,0,0,0,,,
2026-05-11,2026-05-18,01019,Cherokee County,Alabama,AL,quiet,5.4e-05,2407,49,501+,0.03,0.000544,2258,38,501+,0.09,0.019576,0.037666,0,0,0,,0.9713,2022-23
2026-05-11,2026-05-18,48197,Hardeman County,Texas,TX,quiet,5.4e-05,2408,229,501+,0.03,0.00143,1401,154,501+,0.24,0.019503,0.103349,0,0,1,54,1.0,2023-24
2026-05-11,2026-05-18,16037,Custer County,Idaho,ID,quiet,5.4e-05,2409,42,501+,0.03,0.000885,1814,40,501+,0.15,0.019472,0.063166,0,0,0,,,
2026-05-11,2026-05-18,28115,Pontotoc County,Mississippi,MS,quiet,5.4e-05,2410,53,501+,0.03,0.000354,2565,51,501+,0.06,0.019447,0.023655,0,0,0,,,
2026-05-11,2026-05-18,29129,Mercer County,Missouri,MO,quiet,5.4e-05,2411,81,501+,0.03,0.000937,1762,56,501+,0.16,0.019437,0.067076,0,0,0,,0.891,2023-24
2026-05-11,2026-05-18,55123,Vernon County,Wisconsin,WI,quiet,5.4e-05,2412,57,501+,0.03,0.000171,2903,68,501+,0.03,0.01943,0.010639,0,0,0,,0.485,2023-24
2026-05-11,2026-05-18,47023,Chester County,Tennessee,TN,quiet,5.4e-05,2413,63,501+,0.03,0.000366,2539,72,501+,0.06,0.019409,0.024507,0,0,0,,0.903,2023-24
2026-05-11,2026-05-18,28127,Simpson County,Mississippi,MS,quiet,5.4e-05,2414,54,501+,0.03,0.000331,2610,55,501+,0.06,0.019405,0.021949,0,0,0,,,
2026-05-11,2026-05-18,47079,Henry County,Tennessee,TN,quiet,5.4e-05,2415,64,501+,0.03,0.000858,1840,46,501+,0.14,0.019392,0.061116,0,0,0,,0.963,2023-24
2026-05-11,2026-05-18,45069,Marlboro County,South Carolina,SC,quiet,5.4e-05,2416,38,501+,0.03,0.000357,2557,45,501+,0.06,0.019364,0.023886,0,0,0,,0.973,2023-24
2026-05-11,2026-05-18,20039,Decatur County,Kansas,KS,quiet,5.4e-05,2417,83,501+,0.03,0.000606,2150,79,501+,0.1,0.019361,0.042286,0,0,0,,0.74,2023-24
2026-05-11,2026-05-18,47061,Grundy County,Tennessee,TN,quiet,5.4e-05,2418,65,501+,0.03,0.000207,2839,86,501+,0.03,0.019346,0.013097,0,0,0,,0.832,2023-24
2026-05-11,2026-05-18,40059,Harper County,Oklahoma,OK,quiet,5.4e-05,2419,63,501+,0.03,0.001184,1552,31,501+,0.2,0.019317,0.085387,0,0,0,,0.9722,2023-24
2026-05-11,2026-05-18,55053,Jackson County,Wisconsin,WI,quiet,5.4e-05,2420,58,501+,0.03,0.000925,1773,42,501+,0.16,0.019317,0.066145,0,0,0,,0.673,2023-24
2026-05-11,2026-05-18,29093,Iron County,Missouri,MO,quiet,5.4e-05,2421,82,501+,0.03,0.000666,2075,67,501+,0.11,0.019314,0.046799,0,0,0,,0.928,2023-24
2026-05-11,2026-05-18,20029,Cloud County,Kansas,KS,quiet,5.3e-05,2422,84,501+,0.03,0.000745,1980,67,501+,0.13,0.019271,0.052689,0,0,0,,0.97,2023-24
2026-05-11,2026-05-18,40005,Atoka County,Oklahoma,OK,quiet,5.3e-05,2423,64,501+,0.03,0.000608,2145,59,501+,0.1,0.019263,0.042452,0,0,0,,0.8235,2023-24
2026-05-11,2026-05-18,29131,Miller County,Missouri,MO,quiet,5.3e-05,2424,83,501+,0.03,0.00043,2428,85,501+,0.07,0.019248,0.029205,0,0,0,,0.909,2023-24
2026-05-11,2026-05-18,22125,West Feliciana Parish,Louisiana,LA,quiet,5.3e-05,2425,54,501+,0.03,0.000172,2902,63,501+,0.03,0.019196,0.010682,0,0,0,,0.955,2021-22
2026-05-11,2026-05-18,19165,Shelby County,Iowa,IA,quiet,5.3e-05,2426,56,501+,0.03,0.000441,2410,61,501+,0.07,0.019174,0.029999,0,0,0,,0.88590604,2023-24
2026-05-11,2026-05-18,13249,Schley County,Georgia,GA,quiet,5.3e-05,2427,113,501+,0.03,0.000753,1966,73,501+,0.13,0.019173,0.05328,0,0,0,,,
2026-05-11,2026-05-18,40061,Haskell County,Oklahoma,OK,quiet,5.3e-05,2428,65,501+,0.03,0.000396,2487,68,501+,0.07,0.019162,0.026741,0,0,0,,0.882,2023-24
2026-05-11,2026-05-18,16023,Butte County,Idaho,ID,quiet,5.3e-05,2429,43,501+,0.03,0.000581,2205,42,501+,0.1,0.019143,0.040399,0,0,0,,,
2026-05-11,2026-05-18,22003,Allen Parish,Louisiana,LA,quiet,5.3e-05,2430,55,501+,0.03,0.000308,2659,55,501+,0.05,0.019119,0.020333,0,0,0,,0.934,2021-22
2026-05-11,2026-05-18,18033,DeKalb County,Indiana,IN,quiet,5.3e-05,2431,60,501+,0.03,0.000383,2509,59,501+,0.06,0.01909,0.025791,0,0,0,,,
2026-05-11,2026-05-18,28141,Tishomingo County,Mississippi,MS,quiet,5.3e-05,2432,55,501+,0.03,0.000323,2619,57,501+,0.05,0.01908,0.021394,0,0,0,,,
2026-05-11,2026-05-18,12065,Jefferson County,Florida,FL,quiet,5.3e-05,2433,64,501+,0.03,0.000554,2245,63,501+,0.09,0.019061,0.038441,0,0,0,,0.93,2022-23
2026-05-11,2026-05-18,46035,Davison County,South Dakota,SD,quiet,5.3e-05,2434,50,501+,0.03,0.000878,1821,40,501+,0.15,0.019051,0.06262,0,0,0,,0.94,2023-24
2026-05-11,2026-05-18,28055,Issaquena County,Mississippi,MS,quiet,5.3e-05,2435,56,501+,0.03,0.000282,2701,64,501+,0.05,0.018972,0.018454,0,0,0,,,
2026-05-11,2026-05-18,51103,Lancaster County,Virginia,VA,quiet,5.3e-05,2436,95,501+,0.03,0.000355,2561,98,501+,0.06,0.018964,0.023753,0,0,0,,0.785,2023-24
2026-05-11,2026-05-18,28097,Montgomery County,Mississippi,MS,quiet,5.3e-05,2437,57,501+,0.03,0.000416,2453,41,501+,0.07,0.01895,0.028195,0,0,0,,,
2026-05-11,2026-05-18,01119,Sumter County,Alabama,AL,quiet,5.2e-05,2438,50,501+,0.03,0.000446,2401,45,501+,0.08,0.018898,0.030365,0,0,0,,0.9885,2022-23
2026-05-11,2026-05-18,28091,Marion County,Mississippi,MS,quiet,5.2e-05,2439,58,501+,0.03,0.000296,2680,62,501+,0.05,0.018868,0.019429,0,0,0,,,
2026-05-11,2026-05-18,19123,Mahaska County,Iowa,IA,quiet,5.2e-05,2440,57,501+,0.03,0.000331,2608,71,501+,0.06,0.018854,0.022002,0,0,0,,0.89237668,2023-24
2026-05-11,2026-05-18,02068,Denali Borough,Alaska,AK,quiet,5.2e-05,2441,22,501+,0.03,0.00022,2817,30,501+,0.04,0.018799,0.014045,0,0,0,,,
2026-05-11,2026-05-18,48483,Wheeler County,Texas,TX,quiet,5.2e-05,2442,230,501+,0.03,0.001276,1498,169,501+,0.22,0.01879,0.092128,0,0,0,,0.96296296,2023-24
2026-05-11,2026-05-18,28005,Amite County,Mississippi,MS,quiet,5.2e-05,2443,59,501+,0.03,0.000333,2604,53,501+,0.06,0.018708,0.022104,0,0,0,,,
2026-05-11,2026-05-18,31059,Fillmore County,Nebraska,NE,quiet,5.2e-05,2444,59,501+,0.03,0.00033,2611,70,501+,0.06,0.018693,0.021912,0,0,0,,,
2026-05-11,2026-05-18,31179,Wayne County,Nebraska,NE,quiet,5.2e-05,2445,60,501+,0.03,0.000445,2402,60,501+,0.08,0.018693,0.030305,0,0,0,,,
2026-05-11,2026-05-18,20187,Stanton County,Kansas,KS,quiet,5.2e-05,2446,85,501+,0.03,0.000353,2567,96,501+,0.06,0.018687,0.023559,0,0,0,,0.52,2023-24
2026-05-11,2026-05-18,12007,Bradford County,Florida,FL,quiet,5.2e-05,2447,65,501+,0.03,0.000884,1815,57,501+,0.15,0.018675,0.063107,0,0,0,,0.937,2022-23
2026-05-11,2026-05-18,22041,Franklin Parish,Louisiana,LA,quiet,5.2e-05,2448,56,501+,0.03,0.000179,2889,62,501+,0.03,0.018649,0.011168,0,0,0,,0.914,2021-22
2026-05-11,2026-05-18,55103,Richland County,Wisconsin,WI,quiet,5.2e-05,2449,59,501+,0.03,0.000579,2207,57,501+,0.1,0.018622,0.040312,0,0,0,,0.631,2023-24
2026-05-11,2026-05-18,37143,Perquimans County,North Carolina,NC,quiet,5.2e-05,2450,84,501+,0.03,0.000402,2476,92,501+,0.07,0.01861,0.027179,0,0,0,,0.96261682,2022-23
2026-05-11,2026-05-18,12047,Hamilton County,Florida,FL,quiet,5.2e-05,2451,66,501+,0.03,0.000513,2300,65,501+,0.09,0.018608,0.035338,0,0,0,,0.917,2022-23
2026-05-11,2026-05-18,08011,Bent County,Colorado,CO,quiet,5.1e-05,2452,57,501+,0.03,0.000351,2570,58,501+,0.06,0.018582,0.023436,0,0,0,,0.8333,2023-24
2026-05-11,2026-05-18,46077,Kingsbury County,South Dakota,SD,quiet,5.1e-05,2453,51,501+,0.03,0.001295,1489,31,501+,0.22,0.018576,0.093561,0,0,0,,0.9,2023-24
2026-05-11,2026-05-18,22107,Tensas Parish,Louisiana,LA,quiet,5.1e-05,2454,57,501+,0.03,0.000682,2049,38,501+,0.12,0.018511,0.04796,0,0,0,,0.667,2021-22
2026-05-11,2026-05-18,19077,Guthrie County,Iowa,IA,quiet,5.1e-05,2455,58,501+,0.03,0.000484,2344,59,501+,0.08,0.018477,0.033242,0,0,0,,0.86585366,2023-24
2026-05-11,2026-05-18,28131,Stone County,Mississippi,MS,quiet,5.1e-05,2456,60,501+,0.03,0.000333,2600,52,501+,0.06,0.018449,0.022148,0,0,0,,,
2026-05-11,2026-05-18,30021,Dawson County,Montana,MT,quiet,5.1e-05,2457,43,501+,0.03,0.000409,2466,45,501+,0.07,0.018401,0.027663,0,0,0,,,
2026-05-11,2026-05-18,48343,Morris County,Texas,TX,quiet,5.1e-05,2458,231,501+,0.03,0.000635,2111,224,501+,0.11,0.018378,0.044448,0,0,0,,0.96153846,2023-24
2026-05-11,2026-05-18,51025,Brunswick County,Virginia,VA,quiet,5.1e-05,2459,96,501+,0.03,0.000293,2685,107,501+,0.05,0.018331,0.019204,0,0,0,,0.953,2023-24
2026-05-11,2026-05-18,31181,Webster County,Nebraska,NE,quiet,5.1e-05,2460,61,501+,0.03,0.000739,1989,43,501+,0.12,0.018299,0.052216,0,0,0,,,
2026-05-11,2026-05-18,31091,Hooker County,Nebraska,NE,quiet,5.1e-05,2461,62,501+,0.03,0.000482,2347,57,501+,0.08,0.018258,0.033099,0,0,0,,,
2026-05-11,2026-05-18,47097,Lauderdale County,Tennessee,TN,quiet,5.1e-05,2462,66,501+,0.03,0.00035,2574,76,501+,0.06,0.018237,0.023392,0,0,0,,0.988,2022-23
2026-05-11,2026-05-18,27077,Lake of the Woods County,Minnesota,MN,quiet,5e-05,2463,77,501+,0.03,0.000516,2296,74,501+,0.09,0.018211,0.035599,0,0,0,,0.786,2023-24
2026-05-11,2026-05-18,29141,Morgan County,Missouri,MO,quiet,5e-05,2464,84,501+,0.03,0.000316,2638,93,501+,0.05,0.018165,0.020901,0,0,0,,0.902,2023-24
2026-05-11,2026-05-18,22067,Morehouse Parish,Louisiana,LA,quiet,5e-05,2465,58,501+,0.03,0.000259,2749,59,501+,0.04,0.018158,0.016828,0,0,0,,0.908,2021-22
2026-05-11,2026-05-18,40069,Johnston County,Oklahoma,OK,quiet,5e-05,2466,66,501+,0.03,0.000847,1852,47,501+,0.14,0.018157,0.060302,0,0,0,,0.7462,2023-24
2026-05-11,2026-05-18,37009,Ashe County,North Carolina,NC,quiet,5e-05,2467,85,501+,0.03,0.000671,2070,82,501+,0.11,0.018154,0.047125,0,0,0,,0.9726776,2022-23
2026-05-11,2026-05-18,20183,Smith County,Kansas,KS,quiet,5e-05,2468,86,501+,0.03,0.000333,2602,97,501+,0.06,0.018151,0.02212,0,0,0,,0.81,2023-24
2026-05-11,2026-05-18,13105,Elbert County,Georgia,GA,quiet,5e-05,2469,114,501+,0.03,0.000432,2425,110,501+,0.07,0.018126,0.02939,0,0,0,,,
2026-05-11,2026-05-18,36031,Essex County,New York,NY,quiet,5e-05,2470,59,501+,0.03,0.000374,2521,59,501+,0.06,0.018113,0.025094,0,0,0,,0.99682759,2022-23
2026-05-11,2026-05-18,29155,Pemiscot County,Missouri,MO,quiet,5e-05,2471,85,501+,0.03,0.000451,2393,82,501+,0.08,0.018105,0.030804,0,0,0,,0.782,2023-24
2026-05-11,2026-05-18,28145,Union County,Mississippi,MS,quiet,5e-05,2472,61,501+,0.03,0.000423,2443,40,501+,0.07,0.018083,0.028672,0,0,0,,,
2026-05-11,2026-05-18,17189,Washington County,Illinois,IL,quiet,5e-05,2473,68,501+,0.03,0.000178,2890,79,501+,0.03,0.018045,0.011117,0,0,0,,,
2026-05-11,2026-05-18,47039,Decatur County,Tennessee,TN,quiet,5e-05,2474,67,501+,0.03,0.000462,2379,64,501+,0.08,0.018026,0.031605,0,0,0,,0.922,2023-24
2026-05-11,2026-05-18,19041,Clay County,Iowa,IA,quiet,5e-05,2475,59,501+,0.03,0.000379,2515,65,501+,0.06,0.017999,0.025469,0,0,0,,0.92626728,2023-24
2026-05-11,2026-05-18,51730,Petersburg City,Virginia,VA,quiet,5e-05,2476,97,501+,0.03,0.000344,2583,100,501+,0.06,0.017992,0.02292,0,0,0,,0.824,2023-24
2026-05-11,2026-05-18,19005,Allamakee County,Iowa,IA,quiet,5e-05,2477,60,501+,0.03,0.000573,2219,52,501+,0.1,0.017991,0.039804,0,0,0,,0.8952381,2023-24
2026-05-11,2026-05-18,02066,Copper River Census Area,Alaska,AK,quiet,5e-05,2478,23,501+,0.03,0.000805,1900,16,501+,0.14,0.017986,0.057184,0,0,0,,,
2026-05-11,2026-05-18,54019,Fayette County,West Virginia,WV,quiet,5e-05,2479,18,501+,0.03,0.000319,2631,18,501+,0.05,0.01798,0.021098,0,0,0,,,
2026-05-11,2026-05-18,55061,Kewaunee County,Wisconsin,WI,quiet,5e-05,2480,60,501+,0.03,0.000276,2713,66,501+,0.05,0.017978,0.01804,0,0,0,,0.812,2023-24
2026-05-11,2026-05-18,47067,Hancock County,Tennessee,TN,quiet,5e-05,2481,68,501+,0.03,0.000285,2697,82,501+,0.05,0.017972,0.018683,0,0,0,,0.941,2023-24
2026-05-11,2026-05-18,02105,Hoonah-Angoon Census Area,Alaska,AK,quiet,5e-05,2482,24,501+,0.03,0.000337,2595,26,501+,0.06,0.017968,0.022449,0,0,0,,,
2026-05-11,2026-05-18,45065,McCormick County,South Carolina,SC,quiet,5e-05,2483,39,501+,0.03,0.000373,2523,44,501+,0.06,0.017968,0.025035,0,0,0,,0.95,2023-24
2026-05-11,2026-05-18,05137,Stone County,Arkansas,AR,quiet,5e-05,2484,60,501+,0.03,0.000387,2497,52,501+,0.07,0.017932,0.026096,0,0,0,,,
2026-05-11,2026-05-18,20175,Seward County,Kansas,KS,quiet,5e-05,2485,87,501+,0.03,0.00344,789,12,501+,0.58,0.017924,0.235409,0,0,0,,0.94,2023-24
2026-05-11,2026-05-18,37005,Alleghany County,North Carolina,NC,quiet,5e-05,2486,86,501+,0.03,0.000413,2456,90,501+,0.07,0.017912,0.027971,0,0,0,,0.95652174,2022-23
2026-05-11,2026-05-18,08057,Jackson County,Colorado,CO,quiet,4.9e-05,2487,58,501+,0.03,0.000197,2860,61,501+,0.03,0.017868,0.012403,0,0,0,,0.8889,2023-24
2026-05-11,2026-05-18,31039,Cuming County,Nebraska,NE,quiet,4.9e-05,2488,63,501+,0.03,0.000539,2264,55,501+,0.09,0.017827,0.037321,0,0,0,,,
2026-05-11,2026-05-18,19079,Hamilton County,Iowa,IA,quiet,4.9e-05,2489,61,501+,0.03,0.000841,1856,33,501+,0.14,0.017798,0.059844,0,0,0,,0.7173913,2023-24
2026-05-11,2026-05-18,37091,Hertford County,North Carolina,NC,quiet,4.9e-05,2490,87,501+,0.03,0.000354,2564,96,501+,0.06,0.017787,0.023675,0,0,0,,0.9895288,2022-23
2026-05-11,2026-05-18,29157,Perry County,Missouri,MO,quiet,4.9e-05,2491,86,501+,0.03,0.000367,2537,89,501+,0.06,0.017786,0.02461,0,0,0,,0.883,2023-24
2026-05-11,2026-05-18,51735,Poquoson City,Virginia,VA,quiet,4.9e-05,2492,98,501+,0.03,0.000613,2138,70,501+,0.1,0.017779,0.042784,0,0,0,,0.777,2022-23
2026-05-11,2026-05-18,31007,Banner County,Nebraska,NE,quiet,4.9e-05,2493,64,501+,0.03,0.00037,2532,67,501+,0.06,0.017757,0.024801,0,0,0,,,
2026-05-11,2026-05-18,48487,Wilbarger County,Texas,TX,quiet,4.9e-05,2494,232,501+,0.03,0.001167,1563,179,501+,0.2,0.017721,0.084128,0,0,0,,0.98507463,2023-24
2026-05-11,2026-05-18,31099,Kearney County,Nebraska,NE,quiet,4.9e-05,2495,65,501+,0.03,0.000671,2071,46,501+,0.11,0.01762,0.047116,0,0,0,,,
2026-05-11,2026-05-18,20005,Atchison County,Kansas,KS,quiet,4.9e-05,2496,88,501+,0.03,0.000364,2546,95,501+,0.06,0.017618,0.024401,0,0,0,,0.87,2023-24
2026-05-11,2026-05-18,29059,Dallas County,Missouri,MO,quiet,4.9e-05,2497,87,501+,0.03,0.000711,2021,65,501+,0.12,0.017565,0.050108,0,0,0,,0.853,2023-24
2026-05-11,2026-05-18,48075,Childress County,Texas,TX,quiet,4.9e-05,2498,233,501+,0.03,0.000413,2459,241,501+,0.07,0.01753,0.02794,0,0,0,,0.70491803,2023-24
2026-05-11,2026-05-18,17101,Lawrence County,Illinois,IL,quiet,4.8e-05,2499,69,501+,0.03,0.000282,2702,72,501+,0.05,0.017495,0.018429,0,0,0,,,
2026-05-11,2026-05-18,01013,Butler County,Alabama,AL,quiet,4.8e-05,2500,51,501+,0.03,0.000351,2569,53,501+,0.06,0.017487,0.023446,0,0,0,,0.9357,2022-23
2026-05-11,2026-05-18,20125,Montgomery County,Kansas,KS,quiet,4.8e-05,2501,89,501+,0.03,0.000603,2157,80,501+,0.1,0.017473,0.042061,0,0,0,,0.93,2023-24
2026-05-11,2026-05-18,19141,O'Brien County,Iowa,IA,quiet,4.8e-05,2502,62,501+,0.03,0.000696,2038,42,501+,0.12,0.017461,0.048989,0,0,0,,0.87439614,2023-24
2026-05-11,2026-05-18,45025,Chesterfield County,South Carolina,SC,quiet,4.8e-05,2503,40,501+,0.03,0.000748,1973,37,501+,0.13,0.017461,0.052898,0,0,0,,0.971,2023-24
2026-05-11,2026-05-18,39161,Van Wert County,Ohio,OH,quiet,4.8e-05,2504,68,501+,0.03,0.000425,2436,66,501+,0.07,0.017459,0.028879,0,0,0,,,
2026-05-11,2026-05-18,29153,Ozark County,Missouri,MO,quiet,4.8e-05,2505,88,501+,0.03,0.00027,2728,100,501+,0.05,0.017446,0.017558,0,0,0,,0.825,2023-24
2026-05-11,2026-05-18,13319,Wilkinson County,Georgia,GA,quiet,4.8e-05,2506,115,501+,0.03,0.000298,2674,136,501+,0.05,0.017417,0.019627,0,0,0,,,
2026-05-11,2026-05-18,38007,Billings County,North Dakota,ND,quiet,4.8e-05,2507,36,501+,0.03,6.6e-05,3094,49,501+,0.01,0.017413,0.003728,0,0,0,,0.875,2023-24
2026-05-11,2026-05-18,01057,Fayette County,Alabama,AL,quiet,4.8e-05,2508,52,501+,0.03,0.000405,2471,46,501+,0.07,0.017371,0.027419,0,0,0,,0.88,2022-23
2026-05-11,2026-05-18,48413,Schleicher County,Texas,TX,quiet,4.8e-05,2509,234,501+,0.03,0.001053,1652,185,501+,0.18,0.017334,0.075709,0,0,0,,1.0,2023-24
2026-05-11,2026-05-18,51035,Carroll County,Virginia,VA,quiet,4.8e-05,2510,99,501+,0.03,0.000283,2698,108,501+,0.05,0.017321,0.018547,0,0,0,,0.931,2023-24
2026-05-11,2026-05-18,47045,Dyer County,Tennessee,TN,quiet,4.8e-05,2511,69,501+,0.03,0.000409,2465,69,501+,0.07,0.017292,0.027678,0,0,0,,0.978,2023-24
2026-05-11,2026-05-18,26053,Gogebic County,Michigan,MI,quiet,4.8e-05,2512,70,501+,0.03,0.000481,2350,71,501+,0.08,0.01726,0.032972,0,0,0,,0.9623,2023-24
2026-05-11,2026-05-18,37153,Richmond County,North Carolina,NC,quiet,4.8e-05,2513,88,501+,0.03,0.000582,2197,85,501+,0.1,0.017253,0.040519,0,0,0,,0.98597194,2022-23
2026-05-11,2026-05-18,48235,Irion County,Texas,TX,quiet,4.8e-05,2514,235,501+,0.03,0.000791,1917,205,501+,0.13,0.017223,0.05616,0,0,0,,0.92,2023-24
2026-05-11,2026-05-18,42113,Sullivan County,Pennsylvania,PA,quiet,4.8e-05,2515,63,501+,0.03,0.000435,2422,60,501+,0.07,0.017204,0.029602,0,0,0,,1.0,2023-24
2026-05-11,2026-05-18,20089,Jewell County,Kansas,KS,quiet,4.8e-05,2516,90,501+,0.03,0.000571,2223,85,501+,0.1,0.017202,0.039715,0,0,0,,0.96,2023-24
2026-05-11,2026-05-18,28151,Washington County,Mississippi,MS,quiet,4.7e-05,2517,62,501+,0.03,0.000373,2522,49,501+,0.06,0.017163,0.025072,0,0,0,,,
2026-05-11,2026-05-18,51580,Covington City,Virginia,VA,quiet,4.7e-05,2518,100,501+,0.03,0.000484,2345,86,501+,0.08,0.017141,0.033194,0,0,0,,0.845,2023-24
2026-05-11,2026-05-18,47033,Crockett County,Tennessee,TN,quiet,4.7e-05,2519,70,501+,0.03,0.000358,2556,75,501+,0.06,0.01713,0.023922,0,0,0,,0.953,2023-24
2026-05-11,2026-05-18,20003,Anderson County,Kansas,KS,quiet,4.7e-05,2520,91,501+,0.03,0.000541,2262,86,501+,0.09,0.017114,0.037472,0,0,0,,0.82,2023-24
2026-05-11,2026-05-18,13109,Evans County,Georgia,GA,quiet,4.7e-05,2521,116,501+,0.03,0.000318,2633,130,501+,0.05,0.017112,0.021002,0,0,0,,,
2026-05-11,2026-05-18,16033,Clark County,Idaho,ID,quiet,4.7e-05,2522,44,501+,0.03,0.000473,2362,43,501+,0.08,0.017064,0.032389,0,0,0,,,
2026-05-11,2026-05-18,26135,Oscoda County,Michigan,MI,quiet,4.7e-05,2523,71,501+,0.03,0.000253,2757,75,501+,0.04,0.017047,0.016365,0,0,0,,0.8364,2023-24
2026-05-11,2026-05-18,38085,Sioux County,North Dakota,ND,quiet,4.7e-05,2524,37,501+,0.03,0.000769,1946,33,501+,0.13,0.017027,0.05452,0,0,0,,0.9452,2023-24
2026-05-11,2026-05-18,47055,Giles County,Tennessee,TN,quiet,4.7e-05,2525,71,501+,0.03,0.000627,2121,56,501+,0.11,0.016972,0.043891,0,0,0,,0.932,2023-24
2026-05-11,2026-05-18,13279,Toombs County,Georgia,GA,quiet,4.7e-05,2526,117,501+,0.03,0.000242,2777,143,501+,0.04,0.016968,0.015587,0,0,0,,,
2026-05-11,2026-05-18,20117,Marshall County,Kansas,KS,quiet,4.7e-05,2527,92,501+,0.03,0.000644,2104,77,501+,0.11,0.016882,0.04516,0,0,0,,0.93,2023-24
2026-05-11,2026-05-18,01007,Bibb County,Alabama,AL,quiet,4.7e-05,2528,53,501+,0.03,0.000291,2688,57,501+,0.05,0.016868,0.019103,0,0,0,,0.9122,2022-23
2026-05-11,2026-05-18,19129,Mills County,Iowa,IA,quiet,4.7e-05,2529,63,501+,0.03,0.000622,2126,47,501+,0.11,0.016856,0.043474,0,0,0,,0.95212766,2023-24
2026-05-11,2026-05-18,19145,Page County,Iowa,IA,quiet,4.7e-05,2530,64,501+,0.03,0.000616,2131,48,501+,0.1,0.016848,0.043003,0,0,0,,0.925,2023-24
2026-05-11,2026-05-18,17175,Stark County,Illinois,IL,quiet,4.7e-05,2531,70,501+,0.03,0.000398,2485,65,501+,0.07,0.01684,0.026859,0,0,0,,,
2026-05-11,2026-05-18,21207,Russell County,Kentucky,KY,quiet,4.6e-05,2532,50,501+,0.03,0.000188,2877,77,501+,0.03,0.016803,0.011836,0,0,0,,0.992,2022-23
2026-05-11,2026-05-18,21019,Boyd County,Kentucky,KY,quiet,4.6e-05,2533,51,501+,0.03,0.000526,2284,47,501+,0.09,0.016773,0.03634,0,0,0,,0.89,2022-23
2026-05-11,2026-05-18,39033,Crawford County,Ohio,OH,quiet,4.6e-05,2534,69,501+,0.03,0.000224,2808,72,501+,0.04,0.01676,0.014291,0,0,0,,,
2026-05-11,2026-05-18,13273,Terrell County,Georgia,GA,quiet,4.6e-05,2535,118,501+,0.03,0.000615,2133,81,501+,0.1,0.016751,0.042967,0,0,0,,,
2026-05-11,2026-05-18,51005,Alleghany County,Virginia,VA,quiet,4.6e-05,2536,101,501+,0.03,0.000502,2314,83,501+,0.08,0.016724,0.034585,0,0,0,,0.942,2023-24
2026-05-11,2026-05-18,49055,Wayne County,Utah,UT,quiet,4.6e-05,2537,25,501+,0.03,0.000562,2236,25,501+,0.09,0.01672,0.038998,0,0,0,,0.917,2022-23
2026-05-11,2026-05-18,13037,Calhoun County,Georgia,GA,quiet,4.6e-05,2538,119,501+,0.03,0.000553,2247,90,501+,0.09,0.01672,0.038321,0,0,0,,,
2026-05-11,2026-05-18,19031,Cedar County,Iowa,IA,quiet,4.6e-05,2539,65,501+,0.03,0.000133,2973,87,501+,0.02,0.016702,0.008033,0,0,0,,0.94835681,2023-24
2026-05-11,2026-05-18,13055,Chattooga County,Georgia,GA,quiet,4.6e-05,2540,120,501+,0.03,0.000379,2514,115,501+,0.06,0.016629,0.025507,0,0,0,,,
2026-05-11,2026-05-18,05065,Izard County,Arkansas,AR,quiet,4.6e-05,2541,61,501+,0.03,0.000318,2632,60,501+,0.05,0.016628,0.02104,0,0,0,,,
2026-05-11,2026-05-18,48081,Coke County,Texas,TX,quiet,4.6e-05,2542,236,501+,0.03,0.000356,2558,246,501+,0.06,0.016604,0.023825,0,0,0,,0.88571429,2023-24
2026-05-11,2026-05-18,05041,Desha County,Arkansas,AR,quiet,4.6e-05,2543,62,501+,0.03,0.000382,2512,54,501+,0.06,0.016601,0.025673,0,0,0,,,
2026-05-11,2026-05-18,47007,Bledsoe County,Tennessee,TN,quiet,4.6e-05,2544,72,501+,0.03,0.000402,2477,70,501+,0.07,0.016596,0.027171,0,0,0,,0.976,2023-24
2026-05-11,2026-05-18,37185,Warren County,North Carolina,NC,quiet,4.6e-05,2545,89,501+,0.03,0.000581,2202,86,501+,0.1,0.01656,0.040453,0,0,0,,0.95121951,2022-23
2026-05-11,2026-05-18,22029,Concordia Parish,Louisiana,LA,quiet,4.6e-05,2546,59,501+,0.03,0.000193,2870,61,501+,0.03,0.01653,0.012123,0,0,0,,0.82,2021-22
2026-05-11,2026-05-18,55078,Menominee County,Wisconsin,WI,quiet,4.6e-05,2547,61,501+,0.03,0.001069,1633,40,501+,0.18,0.016522,0.076898,0,0,0,,0.75,2023-24
2026-05-11,2026-05-18,13261,Sumter County,Georgia,GA,quiet,4.6e-05,2548,121,501+,0.03,0.0003,2670,135,501+,0.05,0.016481,0.019709,0,0,0,,,
2026-05-11,2026-05-18,26007,Alpena County,Michigan,MI,quiet,4.6e-05,2549,72,501+,0.03,0.000167,2910,80,501+,0.03,0.016455,0.010383,0,0,0,,0.9079,2023-24
2026-05-11,2026-05-18,55107,Rusk County,Wisconsin,WI,quiet,4.5e-05,2550,62,501+,0.03,0.000826,1874,48,501+,0.14,0.016409,0.058786,0,0,0,,0.665,2023-24
2026-05-11,2026-05-18,54079,Putnam County,West Virginia,WV,quiet,4.5e-05,2551,19,501+,0.03,0.000326,2615,17,501+,0.06,0.016397,0.021632,0,0,0,,,
2026-05-11,2026-05-18,46071,Jackson County,South Dakota,SD,quiet,4.5e-05,2552,52,501+,0.03,0.000786,1926,44,501+,0.13,0.016369,0.055751,0,0,0,,0.98,2023-24
2026-05-11,2026-05-18,31089,Holt County,Nebraska,NE,quiet,4.5e-05,2553,66,501+,0.03,0.000473,2361,58,501+,0.08,0.016321,0.032401,0,0,0,,,
2026-05-11,2026-05-18,51590,Danville City,Virginia,VA,quiet,4.5e-05,2554,102,501+,0.03,0.000526,2285,81,501+,0.09,0.016309,0.036329,0,0,0,,0.88,2023-24
2026-05-11,2026-05-18,28101,Newton County,Mississippi,MS,quiet,4.5e-05,2555,63,501+,0.03,0.000448,2397,37,501+,0.08,0.016305,0.030584,0,0,0,,,
2026-05-11,2026-05-18,19043,Clayton County,Iowa,IA,quiet,4.5e-05,2556,66,501+,0.03,7.5e-05,3074,97,501+,0.01,0.016299,0.004275,0,0,0,,0.8722467,2023-24
2026-05-11,2026-05-18,21229,Washington County,Kentucky,KY,quiet,4.5e-05,2557,52,501+,0.03,0.000618,2129,38,501+,0.1,0.016275,0.043187,0,0,0,,0.981,2022-23
2026-05-11,2026-05-18,21233,Webster County,Kentucky,KY,quiet,4.5e-05,2558,53,501+,0.03,0.000353,2568,56,501+,0.06,0.016262,0.023547,0,0,0,,0.972,2022-23
2026-05-11,2026-05-18,48489,Willacy County,Texas,TX,quiet,4.5e-05,2559,237,501+,0.03,0.001395,1421,158,501+,0.24,0.016203,0.100837,0,0,0,,0.99193548,2023-24
2026-05-11,2026-05-18,31169,Thayer County,Nebraska,NE,quiet,4.5e-05,2560,67,501+,0.03,0.000401,2479,65,501+,0.07,0.016196,0.027078,0,0,0,,,
2026-05-11,2026-05-18,29079,Grundy County,Missouri,MO,quiet,4.5e-05,2561,89,501+,0.03,0.000509,2308,78,501+,0.09,0.016157,0.035054,0,0,0,,0.967,2023-24
2026-05-11,2026-05-18,48353,Nolan County,Texas,TX,quiet,4.5e-05,2562,238,501+,0.03,0.000681,2051,214,501+,0.12,0.01615,0.047903,0,0,0,,0.91780822,2023-24
2026-05-11,2026-05-18,47075,Haywood County,Tennessee,TN,quiet,4.5e-05,2563,73,501+,0.03,0.000537,2268,59,501+,0.09,0.016128,0.037173,0,0,0,,0.957,2023-24
2026-05-11,2026-05-18,48447,Throckmorton County,Texas,TX,quiet,4.5e-05,2564,239,501+,0.03,0.00027,2730,248,501+,0.05,0.01611,0.017555,0,0,0,,0.72727273,2023-24
2026-05-11,2026-05-18,28015,Carroll County,Mississippi,MS,quiet,4.5e-05,2565,64,501+,0.03,0.000293,2683,63,501+,0.05,0.016106,0.019233,0,0,0,,,
2026-05-11,2026-05-18,18135,Randolph County,Indiana,IN,quiet,4.4e-05,2566,61,501+,0.03,0.000733,1993,48,501+,0.12,0.016092,0.051815,0,0,0,,,
2026-05-11,2026-05-18,28155,Webster County,Mississippi,MS,quiet,4.4e-05,2567,65,501+,0.03,0.000413,2457,42,501+,0.07,0.016066,0.027958,0,0,0,,,
2026-05-11,2026-05-18,21137,Lincoln County,Kentucky,KY,quiet,4.4e-05,2568,54,501+,0.03,0.000419,2446,52,501+,0.07,0.016045,0.028448,0,0,0,,0.923,2022-23
2026-05-11,2026-05-18,05099,Nevada County,Arkansas,AR,quiet,4.4e-05,2569,63,501+,0.03,0.00057,2224,40,501+,0.1,0.01603,0.039598,0,0,0,,,
2026-05-11,2026-05-18,13191,McIntosh County,Georgia,GA,quiet,4.4e-05,2570,122,501+,0.03,0.000142,2961,157,501+,0.02,0.016028,0.008662,0,0,0,,,
2026-05-11,2026-05-18,19197,Wright County,Iowa,IA,quiet,4.4e-05,2571,67,501+,0.03,0.000345,2582,68,501+,0.06,0.015966,0.022975,0,0,0,,0.9025641,2023-24
2026-05-11,2026-05-18,26095,Luce County,Michigan,MI,quiet,4.4e-05,2572,73,501+,0.03,0.001008,1695,60,501+,0.17,0.01595,0.072342,0,0,0,,0.94,2023-24
2026-05-11,2026-05-18,05027,Columbia County,Arkansas,AR,quiet,4.4e-05,2573,64,501+,0.03,0.000286,2694,64,501+,0.05,0.015943,0.018707,0,0,0,,,
2026-05-11,2026-05-18,38013,Burke County,North Dakota,ND,quiet,4.4e-05,2574,38,501+,0.03,0.002056,1126,21,501+,0.35,0.015881,0.147478,0,0,1,50,0.8182,2023-24
2026-05-11,2026-05-18,30059,Meagher County,Montana,MT,quiet,4.4e-05,2575,44,501+,0.03,0.000174,2898,52,501+,0.03,0.015859,0.010817,0,0,0,,,
2026-05-11,2026-05-18,18103,Miami County,Indiana,IN,quiet,4.4e-05,2576,62,501+,0.03,0.00063,2120,51,501+,0.11,0.015808,0.044074,0,0,0,,,
2026-05-11,2026-05-18,51057,Essex County,Virginia,VA,quiet,4.4e-05,2577,103,501+,0.03,0.000466,2373,88,501+,0.08,0.015803,0.031896,0,0,0,,0.931,2023-24
2026-05-11,2026-05-18,51155,Pulaski County,Virginia,VA,quiet,4.4e-05,2578,104,501+,0.03,0.000442,2407,91,501+,0.07,0.015801,0.030079,0,0,0,,0.791,2023-24
2026-05-11,2026-05-18,41055,Sherman County,Oregon,OR,quiet,4.3e-05,2579,35,501+,0.03,0.000529,2280,34,501+,0.09,0.015731,0.036563,0,0,0,,0.899,2023-24
2026-05-11,2026-05-18,38045,LaMoure County,North Dakota,ND,quiet,4.3e-05,2580,39,501+,0.03,0.000246,2768,42,501+,0.04,0.015702,0.0159,0,0,0,,0.8,2023-24
2026-05-11,2026-05-18,28013,Calhoun County,Mississippi,MS,quiet,4.3e-05,2581,66,501+,0.03,0.000301,2666,61,501+,0.05,0.015677,0.019808,0,0,0,,,
2026-05-11,2026-05-18,05011,Bradley County,Arkansas,AR,quiet,4.3e-05,2582,65,501+,0.03,0.000391,2491,51,501+,0.07,0.015664,0.026355,0,0,0,,,
2026-05-11,2026-05-18,20105,Lincoln County,Kansas,KS,quiet,4.3e-05,2583,93,501+,0.03,0.000377,2517,94,501+,0.06,0.015628,0.025332,0,0,0,,0.81,2023-24
2026-05-11,2026-05-18,37079,Greene County,North Carolina,NC,quiet,4.3e-05,2584,90,501+,0.03,0.000676,2059,80,501+,0.11,0.015615,0.047563,0,0,0,,0.9895288,2022-23
2026-05-11,2026-05-18,24039,Somerset County,Maryland,MD,quiet,4.3e-05,2585,23,501+,0.03,0.00027,2729,22,501+,0.05,0.015607,0.017556,0,0,0,,1.0,2023-24
2026-05-11,2026-05-18,29041,Chariton County,Missouri,MO,quiet,4.3e-05,2586,90,501+,0.03,0.000432,2426,84,501+,0.07,0.015578,0.02936,0,0,0,,0.968,2023-24
2026-05-11,2026-05-18,22021,Caldwell Parish,Louisiana,LA,quiet,4.3e-05,2587,60,501+,0.03,0.000409,2464,46,501+,0.07,0.015539,0.027702,0,0,0,,0.929,2021-22
2026-05-11,2026-05-18,29117,Livingston County,Missouri,MO,quiet,4.3e-05,2588,91,501+,0.03,0.000457,2388,80,501+,0.08,0.015518,0.03123,0,0,0,,0.915,2023-24
2026-05-11,2026-05-18,27055,Houston County,Minnesota,MN,quiet,4.3e-05,2589,78,501+,0.03,0.000351,2571,78,501+,0.06,0.015497,0.023433,0,0,0,,0.83,2023-24
2026-05-11,2026-05-18,48269,King County,Texas,TX,quiet,4.3e-05,2590,240,501+,0.02,0.000208,2836,251,501+,0.04,0.015477,0.013193,0,0,0,,1.0,2023-24
2026-05-11,2026-05-18,01131,Wilcox County,Alabama,AL,quiet,4.3e-05,2591,54,501+,0.02,0.000538,2266,39,501+,0.09,0.015463,0.037193,0,0,0,,0.9254,2022-23
2026-05-11,2026-05-18,17049,Effingham County,Illinois,IL,quiet,4.3e-05,2592,71,501+,0.02,0.000253,2756,73,501+,0.04,0.015422,0.016376,0,0,0,,,
2026-05-11,2026-05-18,29049,Clinton County,Missouri,MO,quiet,4.3e-05,2593,92,501+,0.02,0.000569,2225,73,501+,0.1,0.015387,0.039568,0,0,0,,0.9,2023-24
2026-05-11,2026-05-18,01011,Bullock County,Alabama,AL,quiet,4.2e-05,2594,55,501+,0.02,0.000285,2695,58,501+,0.05,0.015379,0.018693,0,0,0,,0.971,2022-23
2026-05-11,2026-05-18,13001,Appling County,Georgia,GA,quiet,4.2e-05,2595,123,501+,0.02,0.000349,2579,124,501+,0.06,0.015348,0.023261,0,0,0,,,
2026-05-11,2026-05-18,05117,Prairie County,Arkansas,AR,quiet,4.2e-05,2596,66,501+,0.02,0.000481,2352,43,501+,0.08,0.015304,0.032955,0,0,0,,,
2026-05-11,2026-05-18,31017,Brown County,Nebraska,NE,quiet,4.2e-05,2597,68,501+,0.02,0.000608,2143,50,501+,0.1,0.015273,0.042463,0,0,0,,,
2026-05-11,2026-05-18,51077,Grayson County,Virginia,VA,quiet,4.2e-05,2598,105,501+,0.02,0.00025,2760,111,501+,0.04,0.015262,0.01617,0,0,0,,0.926,2023-24
2026-05-11,2026-05-18,01025,Clarke County,Alabama,AL,quiet,4.2e-05,2599,56,501+,0.02,0.000389,2494,49,501+,0.07,0.015259,0.026203,0,0,0,,0.9341,2022-23
2026-05-11,2026-05-18,18115,Ohio County,Indiana,IN,quiet,4.2e-05,2600,63,501+,0.02,0.000227,2800,67,501+,0.04,0.015235,0.014511,0,0,0,,,
2026-05-11,2026-05-18,28021,Claiborne County,Mississippi,MS,quiet,4.2e-05,2601,67,501+,0.02,0.000164,2921,79,501+,0.03,0.015234,0.010138,0,0,0,,,
2026-05-11,2026-05-18,20199,Wallace County,Kansas,KS,quiet,4.2e-05,2602,94,501+,0.02,0.00041,2463,91,501+,0.07,0.015215,0.027722,0,0,0,,0.88,2022-23
2026-05-11,2026-05-18,20009,Barton County,Kansas,KS,quiet,4.2e-05,2603,95,501+,0.02,0.000586,2189,83,501+,0.1,0.015212,0.040766,0,0,0,,0.9,2023-24
2026-05-11,2026-05-18,22077,Pointe Coupee Parish,Louisiana,LA,quiet,4.2e-05,2604,61,501+,0.02,0.000773,1942,34,501+,0.13,0.015203,0.054793,0,0,0,,0.917,2021-22
2026-05-11,2026-05-18,13263,Talbot County,Georgia,GA,quiet,4.2e-05,2605,124,501+,0.02,0.000168,2909,155,501+,0.03,0.015196,0.010441,0,0,0,,,
2026-05-11,2026-05-18,55029,Door County,Wisconsin,WI,quiet,4.2e-05,2606,63,501+,0.02,0.000597,2166,56,501+,0.1,0.015192,0.041613,0,0,0,,0.746,2023-24
2026-05-11,2026-05-18,48507,Zavala County,Texas,TX,quiet,4.2e-05,2607,241,501+,0.02,0.000524,2290,232,501+,0.09,0.01515,0.036181,0,0,0,,1.0,2023-24
2026-05-11,2026-05-18,23007,Franklin County,Maine,ME,quiet,4.2e-05,2608,15,501+,0.02,0.000458,2387,15,501+,0.08,0.015132,0.031277,0,0,0,,0.9626,2023-24
2026-05-11,2026-05-18,13317,Wilkes County,Georgia,GA,quiet,4.2e-05,2609,125,501+,0.02,0.000277,2710,138,501+,0.05,0.015125,0.018083,0,0,0,,,
2026-05-11,2026-05-18,48253,Jones County,Texas,TX,quiet,4.2e-05,2610,242,501+,0.02,0.000535,2272,231,501+,0.09,0.015105,0.037024,0,0,0,,0.95698925,2023-24
2026-05-11,2026-05-18,30039,Granite County,Montana,MT,quiet,4.2e-05,2611,45,501+,0.02,0.000487,2339,44,501+,0.08,0.015101,0.033416,0,0,0,,,
2026-05-11,2026-05-18,51750,Radford City,Virginia,VA,quiet,4.2e-05,2612,106,501+,0.02,0.000237,2782,113,501+,0.04,0.015056,0.015259,0,0,0,,0.962,2023-24
2026-05-11,2026-05-18,13303,Washington County,Georgia,GA,quiet,4.1e-05,2613,126,501+,0.02,0.000333,2599,126,501+,0.06,0.014994,0.02215,0,0,0,,,
2026-05-11,2026-05-18,13199,Meriwether County,Georgia,GA,quiet,4.1e-05,2614,127,501+,0.02,0.000403,2475,112,501+,0.07,0.014928,0.027216,0,0,0,,,
2026-05-11,2026-05-18,26011,Arenac County,Michigan,MI,quiet,4.1e-05,2615,74,501+,0.02,0.000275,2716,74,501+,0.05,0.014901,0.017956,0,0,0,,0.9086,2023-24
2026-05-11,2026-05-18,12037,Franklin County,Florida,FL,quiet,4.1e-05,2616,67,501+,0.02,0.00027,2731,67,501+,0.05,0.014895,0.017553,0,0,0,,0.842,2022-23
2026-05-11,2026-05-18,47013,Campbell County,Tennessee,TN,quiet,4.1e-05,2617,74,501+,0.02,0.000226,2802,85,501+,0.04,0.014886,0.014472,0,0,0,,0.964,2023-24
2026-05-11,2026-05-18,26071,Iron County,Michigan,MI,quiet,4.1e-05,2618,75,501+,0.02,0.000498,2321,70,501+,0.08,0.014821,0.034217,0,0,0,,0.934,2023-24
2026-05-11,2026-05-18,21175,Morgan County,Kentucky,KY,quiet,4.1e-05,2619,55,501+,0.02,0.000424,2438,51,501+,0.07,0.014773,0.028793,0,0,0,,0.939,2022-23
2026-05-11,2026-05-18,19195,Worth County,Iowa,IA,quiet,4.1e-05,2620,68,501+,0.02,0.000418,2448,62,501+,0.07,0.01472,0.028326,0,0,0,,0.98571429,2023-24
2026-05-11,2026-05-18,21001,Adair County,Kentucky,KY,quiet,4.1e-05,2621,56,501+,0.02,0.00032,2627,60,501+,0.05,0.014714,0.021157,0,0,0,,0.913,2022-23
2026-05-11,2026-05-18,13099,Early County,Georgia,GA,quiet,4.1e-05,2622,128,501+,0.02,0.000423,2442,111,501+,0.07,0.014711,0.028683,0,0,0,,,
2026-05-11,2026-05-18,21125,Laurel County,Kentucky,KY,quiet,4e-05,2623,57,501+,0.02,0.000307,2660,61,501+,0.05,0.014663,0.020247,0,0,0,,0.932,2022-23
2026-05-11,2026-05-18,47171,Unicoi County,Tennessee,TN,quiet,4e-05,2624,75,501+,0.02,0.000861,1835,45,501+,0.15,0.014653,0.061379,0,0,0,,0.964,2023-24
2026-05-11,2026-05-18,19177,Van Buren County,Iowa,IA,quiet,4e-05,2625,69,501+,0.02,0.000316,2637,73,501+,0.05,0.014652,0.020909,0,0,0,,0.88333333,2023-24
2026-05-11,2026-05-18,28095,Monroe County,Mississippi,MS,quiet,4e-05,2626,68,501+,0.02,0.000406,2470,43,501+,0.07,0.014615,0.02743,0,0,0,,,
2026-05-11,2026-05-18,21031,Butler County,Kentucky,KY,quiet,4e-05,2627,58,501+,0.02,0.000259,2750,65,501+,0.04,0.01459,0.016787,0,0,0,,0.922,2022-23
2026-05-11,2026-05-18,27001,Aitkin County,Minnesota,MN,quiet,4e-05,2628,79,501+,0.02,0.00031,2652,79,501+,0.05,0.014587,0.020458,0,0,0,,0.789,2023-24
2026-05-11,2026-05-18,05057,Hempstead County,Arkansas,AR,quiet,4e-05,2629,67,501+,0.02,0.000411,2461,50,501+,0.07,0.014572,0.027837,0,0,0,,,
2026-05-11,2026-05-18,13265,Taliaferro County,Georgia,GA,quiet,4e-05,2630,129,501+,0.02,0.000175,2893,153,501+,0.03,0.014534,0.010934,0,0,0,,,
2026-05-11,2026-05-18,37073,Gates County,North Carolina,NC,quiet,4e-05,2631,91,501+,0.02,0.000404,2473,91,501+,0.07,0.014532,0.027334,0,0,0,,0.97115385,2022-23
2026-05-11,2026-05-18,41069,Wheeler County,Oregon,OR,quiet,4e-05,2632,36,501+,0.02,0.0005,2318,35,501+,0.08,0.014514,0.034425,0,0,0,,0.9,2023-24
2026-05-11,2026-05-18,28017,Chickasaw County,Mississippi,MS,quiet,4e-05,2633,69,501+,0.02,0.000384,2508,48,501+,0.06,0.014484,0.025812,0,0,0,,,
2026-05-11,2026-05-18,51195,Wise County,Virginia,VA,quiet,4e-05,2634,107,501+,0.02,0.0002,2855,119,501+,0.03,0.014447,0.012631,0,0,0,,0.874,2023-24
2026-05-11,2026-05-18,38075,Renville County,North Dakota,ND,quiet,4e-05,2635,40,501+,0.02,0.000258,2751,41,501+,0.04,0.014436,0.016722,0,0,0,,0.875,2023-24
2026-05-11,2026-05-18,13167,Johnson County,Georgia,GA,quiet,4e-05,2636,130,501+,0.02,0.000374,2520,116,501+,0.06,0.014394,0.025097,0,0,0,,,
2026-05-11,2026-05-18,13171,Lamar County,Georgia,GA,quiet,4e-05,2637,131,501+,0.02,0.000365,2541,118,501+,0.06,0.014389,0.024452,0,0,0,,,
2026-05-11,2026-05-18,02180,Nome Census Area,Alaska,AK,quiet,4e-05,2638,25,501+,0.02,0.000678,2054,17,501+,0.11,0.014365,0.047701,0,0,0,,,
2026-05-11,2026-05-18,20101,Lane County,Kansas,KS,quiet,4e-05,2639,96,501+,0.02,0.000265,2739,100,501+,0.04,0.014357,0.017217,0,0,0,,1.0,2023-24
2026-05-11,2026-05-18,26001,Alcona County,Michigan,MI,quiet,4e-05,2640,76,501+,0.02,0.000192,2872,76,501+,0.03,0.014351,0.012111,0,0,0,,0.8824,2023-24
2026-05-11,2026-05-18,01065,Hale County,Alabama,AL,quiet,4e-05,2641,57,501+,0.02,0.000468,2371,44,501+,0.08,0.014343,0.032035,0,0,0,,0.8968,2022-23
2026-05-11,2026-05-18,39073,Hocking County,Ohio,OH,quiet,4e-05,2642,70,501+,0.02,0.000129,2984,79,501+,0.02,0.01432,0.007756,0,0,0,,,
2026-05-11,2026-05-18,19137,Montgomery County,Iowa,IA,quiet,4e-05,2643,70,501+,0.02,0.000481,2351,60,501+,0.08,0.014318,0.032962,0,0,0,,0.93333333,2023-24
2026-05-11,2026-05-18,31137,Phelps County,Nebraska,NE,quiet,4e-05,2644,69,501+,0.02,0.000814,1887,35,501+,0.14,0.014318,0.057865,0,0,0,,,
2026-05-11,2026-05-18,31133,Pawnee County,Nebraska,NE,quiet,3.9e-05,2645,70,501+,0.02,0.000437,2418,61,501+,0.07,0.014304,0.029745,0,0,0,,,
2026-05-11,2026-05-18,40001,Adair County,Oklahoma,OK,quiet,3.9e-05,2646,67,501+,0.02,0.000448,2399,66,501+,0.08,0.014299,0.03054,0,0,0,,0.9097,2023-24
2026-05-11,2026-05-18,40141,Tillman County,Oklahoma,OK,quiet,3.9e-05,2647,68,501+,0.02,0.000591,2179,60,501+,0.1,0.01425,0.041162,0,0,0,,0.8312,2023-24
2026-05-11,2026-05-18,51139,Page County,Virginia,VA,quiet,3.9e-05,2648,108,501+,0.02,0.000384,2506,96,501+,0.06,0.014204,0.025836,0,0,0,,0.965,2023-24
2026-05-11,2026-05-18,13155,Irwin County,Georgia,GA,quiet,3.9e-05,2649,132,501+,0.02,0.000491,2330,100,501+,0.08,0.014057,0.033757,0,0,0,,,
2026-05-11,2026-05-18,30037,Golden Valley County,Montana,MT,quiet,3.9e-05,2650,46,501+,0.02,0.00056,2240,42,501+,0.09,0.014046,0.038885,0,0,0,,,
2026-05-11,2026-05-18,26129,Ogemaw County,Michigan,MI,quiet,3.9e-05,2651,77,501+,0.02,0.000359,2553,72,501+,0.06,0.013969,0.024041,0,0,0,,0.9028,2023-24
2026-05-11,2026-05-18,28159,Winston County,Mississippi,MS,quiet,3.9e-05,2652,70,501+,0.02,0.000332,2605,54,501+,0.06,0.013967,0.02208,0,0,0,,,
2026-05-11,2026-05-18,42031,Clarion County,Pennsylvania,PA,quiet,3.9e-05,2653,64,501+,0.02,0.000184,2881,67,501+,0.03,0.013951,0.0115,0,0,0,,0.92890995,2023-24
2026-05-11,2026-05-18,30019,Daniels County,Montana,MT,quiet,3.8e-05,2654,47,501+,0.02,0.000266,2736,48,501+,0.04,0.013934,0.017291,0,0,0,,,
2026-05-11,2026-05-18,17013,Calhoun County,Illinois,IL,quiet,3.8e-05,2655,72,501+,0.02,0.000297,2677,71,501+,0.05,0.013829,0.019499,0,0,0,,,
2026-05-11,2026-05-18,51530,Buena Vista City,Virginia,VA,quiet,3.8e-05,2656,109,501+,0.02,0.00021,2834,118,501+,0.04,0.013829,0.013307,0,0,0,,0.844,2023-24
2026-05-11,2026-05-18,19093,Ida County,Iowa,IA,quiet,3.8e-05,2657,71,501+,0.02,0.0004,2480,64,501+,0.07,0.013828,0.027015,0,0,0,,0.94202899,2023-24
2026-05-11,2026-05-18,02188,Northwest Arctic Borough,Alaska,AK,quiet,3.8e-05,2658,26,501+,0.02,0.000609,2142,21,501+,0.1,0.013791,0.042553,0,0,0,,,
2026-05-11,2026-05-18,29087,Holt County,Missouri,MO,quiet,3.8e-05,2659,93,501+,0.02,0.000153,2945,112,501+,0.03,0.013758,0.009413,0,0,0,,0.939,2023-24
2026-05-11,2026-05-18,51620,Franklin City,Virginia,VA,quiet,3.8e-05,2660,110,501+,0.02,0.000309,2655,104,501+,0.05,0.013757,0.020416,0,0,0,,0.886,2023-24
2026-05-11,2026-05-18,13131,Grady County,Georgia,GA,quiet,3.8e-05,2661,133,501+,0.02,0.00022,2819,149,501+,0.04,0.013724,0.014031,0,0,0,,,
2026-05-11,2026-05-18,45009,Bamberg County,South Carolina,SC,quiet,3.8e-05,2662,41,501+,0.02,0.001048,1659,33,501+,0.18,0.013713,0.075319,0,0,0,,0.985,2023-24
2026-05-11,2026-05-18,13043,Candler County,Georgia,GA,quiet,3.8e-05,2663,134,501+,0.02,0.000351,2572,121,501+,0.06,0.013711,0.023421,0,0,0,,,
2026-05-11,2026-05-18,46097,Miner County,South Dakota,SD,quiet,3.8e-05,2664,53,501+,0.02,0.000661,2081,49,501+,0.11,0.013706,0.046421,0,0,0,,0.83,2023-24
2026-05-11,2026-05-18,54089,Summers County,West Virginia,WV,quiet,3.8e-05,2665,20,501+,0.02,0.000143,2960,31,501+,0.02,0.013642,0.008757,0,0,0,,,
2026-05-11,2026-05-18,28031,Covington County,Mississippi,MS,quiet,3.8e-05,2666,71,501+,0.02,0.000146,2956,81,501+,0.02,0.013615,0.008959,0,0,0,,,
2026-05-11,2026-05-18,54093,Tucker County,West Virginia,WV,quiet,3.8e-05,2667,21,501+,0.02,0.000133,2974,32,501+,0.02,0.013609,0.008026,0,0,0,,,
2026-05-11,2026-05-18,47109,McNairy County,Tennessee,TN,quiet,3.7e-05,2668,76,501+,0.02,0.000338,2593,77,501+,0.06,0.013587,0.022522,0,0,0,,0.947,2022-23
2026-05-11,2026-05-18,46045,Edmunds County,South Dakota,SD,quiet,3.7e-05,2669,54,501+,0.02,0.000195,2864,61,501+,0.03,0.013573,0.01226,0,0,0,,0.72,2023-24
2026-05-11,2026-05-18,13033,Burke County,Georgia,GA,quiet,3.7e-05,2670,135,501+,0.02,0.000356,2559,120,501+,0.06,0.013568,0.023823,0,0,0,,,
2026-05-11,2026-05-18,08025,Crowley County,Colorado,CO,quiet,3.7e-05,2671,59,501+,0.02,0.000291,2689,59,501+,0.05,0.013557,0.019089,0,0,0,,0.9048,2023-24
2026-05-11,2026-05-18,47169,Trousdale County,Tennessee,TN,quiet,3.7e-05,2672,77,501+,0.02,0.000319,2629,78,501+,0.05,0.013554,0.021115,0,0,0,,0.907,2023-24
2026-05-11,2026-05-18,19175,Union County,Iowa,IA,quiet,3.7e-05,2673,72,501+,0.02,0.000413,2455,63,501+,0.07,0.013483,0.027991,0,0,0,,0.95555556,2023-24
2026-05-11,2026-05-18,28103,Noxubee County,Mississippi,MS,quiet,3.7e-05,2674,72,501+,0.02,0.000247,2766,70,501+,0.04,0.013478,0.015954,0,0,0,,,
2026-05-11,2026-05-18,26131,Ontonagon County,Michigan,MI,quiet,3.7e-05,2675,78,501+,0.02,0.000181,2884,78,501+,0.03,0.013466,0.011353,0,0,0,,0.9,2023-24
2026-05-11,2026-05-18,51173,Smyth County,Virginia,VA,quiet,3.7e-05,2676,111,501+,0.02,0.000241,2779,112,501+,0.04,0.013465,0.015489,0,0,0,,0.977,2023-24
2026-05-11,2026-05-18,47183,Weakley County,Tennessee,TN,quiet,3.7e-05,2677,78,501+,0.02,0.000387,2499,71,501+,0.07,0.013387,0.026072,0,0,0,,0.963,2023-24
2026-05-11,2026-05-18,13193,Macon County,Georgia,GA,quiet,3.7e-05,2678,136,501+,0.02,0.000264,2744,142,501+,0.04,0.013339,0.01715,0,0,0,,,
2026-05-11,2026-05-18,21173,Montgomery County,Kentucky,KY,quiet,3.7e-05,2679,59,501+,0.02,0.000578,2210,44,501+,0.1,0.013323,0.040213,0,0,0,,0.965,2022-23
2026-05-11,2026-05-18,37007,Anson County,North Carolina,NC,quiet,3.7e-05,2680,92,501+,0.02,0.000775,1938,76,501+,0.13,0.013302,0.054948,0,0,0,,0.96385542,2022-23
2026-05-11,2026-05-18,13283,Treutlen County,Georgia,GA,quiet,3.7e-05,2681,137,501+,0.02,0.000313,2647,132,501+,0.05,0.013301,0.020667,0,0,0,,,
2026-05-11,2026-05-18,54041,Lewis County,West Virginia,WV,quiet,3.7e-05,2682,22,501+,0.02,0.000333,2601,16,501+,0.06,0.013277,0.02212,0,0,0,,,
2026-05-11,2026-05-18,18179,Wells County,Indiana,IN,quiet,3.7e-05,2683,64,501+,0.02,0.000291,2691,61,501+,0.05,0.013265,0.019056,0,0,0,,,
2026-05-11,2026-05-18,51111,Lunenburg County,Virginia,VA,quiet,3.7e-05,2684,112,501+,0.02,0.000464,2374,89,501+,0.08,0.013247,0.031728,0,0,0,,0.964,2023-24
2026-05-11,2026-05-18,19097,Jackson County,Iowa,IA,quiet,3.7e-05,2685,73,501+,0.02,0.000152,2949,86,501+,0.03,0.013244,0.009345,0,0,0,,0.78139535,2023-24
2026-05-11,2026-05-18,54071,Pendleton County,West Virginia,WV,quiet,3.7e-05,2686,23,501+,0.02,7.1e-05,3080,44,501+,0.01,0.013233,0.004039,0,0,0,,,
2026-05-11,2026-05-18,13243,Randolph County,Georgia,GA,quiet,3.6e-05,2687,138,501+,0.02,0.000373,2525,117,501+,0.06,0.013165,0.025012,0,0,0,,,
2026-05-11,2026-05-18,38011,Bowman County,North Dakota,ND,quiet,3.6e-05,2688,41,501+,0.02,0.000788,1921,32,501+,0.13,0.01314,0.05593,0,0,0,,0.9412,2023-24
2026-05-11,2026-05-18,55037,Florence County,Wisconsin,WI,quiet,3.6e-05,2689,64,501+,0.02,0.000174,2900,67,501+,0.03,0.013097,0.010809,0,0,0,,0.611,2023-24
2026-05-11,2026-05-18,23013,Knox County,Maine,ME,quiet,3.6e-05,2690,16,501+,0.02,0.00036,2552,16,501+,0.06,0.013051,0.024061,0,0,0,,0.9458,2023-24
2026-05-11,2026-05-18,38065,Oliver County,North Dakota,ND,quiet,3.6e-05,2691,42,501+,0.02,0.000493,2324,35,501+,0.08,0.01305,0.033916,0,0,0,,0.9091,2023-24
2026-05-11,2026-05-18,01075,Lamar County,Alabama,AL,quiet,3.6e-05,2692,58,501+,0.02,0.000276,2712,60,501+,0.05,0.013038,0.01805,0,0,0,,0.9787,2022-23
2026-05-11,2026-05-18,29173,Ralls County,Missouri,MO,quiet,3.6e-05,2693,94,501+,0.02,0.000236,2784,106,501+,0.04,0.013031,0.015154,0,0,0,,1.0,2023-24
2026-05-11,2026-05-18,55069,Lincoln County,Wisconsin,WI,quiet,3.6e-05,2694,65,501+,0.02,0.00032,2626,64,501+,0.05,0.012946,0.021195,0,0,0,,0.772,2023-24
2026-05-11,2026-05-18,19059,Dickinson County,Iowa,IA,quiet,3.6e-05,2695,74,501+,0.02,0.000273,2720,75,501+,0.05,0.012934,0.017776,0,0,0,,0.88738739,2023-24
2026-05-11,2026-05-18,05107,Phillips County,Arkansas,AR,quiet,3.6e-05,2696,68,501+,0.02,0.000233,2790,68,501+,0.04,0.012932,0.014954,0,0,0,,,
2026-05-11,2026-05-18,35019,Guadalupe County,New Mexico,NM,quiet,3.6e-05,2697,30,501+,0.02,0.000945,1754,24,501+,0.16,0.01293,0.067626,0,0,0,,0.94,2018-19
2026-05-11,2026-05-18,55001,Adams County,Wisconsin,WI,quiet,3.6e-05,2698,66,501+,0.02,0.000319,2628,65,501+,0.05,0.012895,0.021118,0,0,0,,0.664,2023-24
2026-05-11,2026-05-18,28133,Sunflower County,Mississippi,MS,quiet,3.5e-05,2699,73,501+,0.02,0.000386,2505,46,501+,0.07,0.012854,0.025958,0,0,0,,,
2026-05-11,2026-05-18,21079,Garrard County,Kentucky,KY,quiet,3.5e-05,2700,60,501+,0.02,0.00041,2462,54,501+,0.07,0.012821,0.02775,0,0,0,,0.678,2022-23
2026-05-11,2026-05-18,18045,Fountain County,Indiana,IN,quiet,3.5e-05,2701,65,501+,0.02,0.000162,2925,76,501+,0.03,0.012791,0.010036,0,0,0,,,
2026-05-11,2026-05-18,17139,Moultrie County,Illinois,IL,quiet,3.5e-05,2702,73,501+,0.02,0.000109,3017,94,501+,0.02,0.012787,0.006461,0,0,0,,,
2026-05-11,2026-05-18,28069,Kemper County,Mississippi,MS,quiet,3.5e-05,2703,74,501+,0.02,0.000314,2643,60,501+,0.05,0.012785,0.020763,0,0,0,,,
2026-05-11,2026-05-18,13305,Wayne County,Georgia,GA,quiet,3.5e-05,2704,139,501+,0.02,0.000269,2733,141,501+,0.05,0.012746,0.017481,0,0,0,,,
2026-05-11,2026-05-18,51081,Greensville County,Virginia,VA,quiet,3.5e-05,2705,113,501+,0.02,0.000225,2806,115,501+,0.04,0.012705,0.01439,0,0,0,,0.986,2023-24
2026-05-11,2026-05-18,55065,Lafayette County,Wisconsin,WI,quiet,3.5e-05,2706,67,501+,0.02,0.000365,2542,63,501+,0.06,0.012688,0.02445,0,0,0,,0.642,2023-24
2026-05-11,2026-05-18,18159,Tipton County,Indiana,IN,quiet,3.5e-05,2707,66,501+,0.02,0.000206,2840,69,501+,0.03,0.012675,0.013054,0,0,0,,,
2026-05-11,2026-05-18,01035,Conecuh County,Alabama,AL,quiet,3.5e-05,2708,59,501+,0.02,0.000235,2785,61,501+,0.04,0.01265,0.015097,0,0,0,,0.9065,2022-23
2026-05-11,2026-05-18,17083,Jersey County,Illinois,IL,quiet,3.5e-05,2709,74,501+,0.02,0.000122,3001,90,501+,0.02,0.012589,0.007292,0,0,0,,,
2026-05-11,2026-05-18,39135,Preble County,Ohio,OH,quiet,3.5e-05,2710,71,501+,0.02,0.000228,2797,71,501+,0.04,0.012589,0.014604,0,0,0,,,
2026-05-11,2026-05-18,27159,Wadena County,Minnesota,MN,quiet,3.5e-05,2711,80,501+,0.02,0.000257,2753,81,501+,0.04,0.012586,0.016655,0,0,0,,0.755,2023-24
2026-05-11,2026-05-18,37137,Pamlico County,North Carolina,NC,quiet,3.5e-05,2712,93,501+,0.02,0.000163,2922,100,501+,0.03,0.012571,0.01012,0,0,0,,0.89041096,2022-23
2026-05-11,2026-05-18,28143,Tunica County,Mississippi,MS,quiet,3.5e-05,2713,75,501+,0.02,0.000166,2914,77,501+,0.03,0.012551,0.010297,0,0,0,,,
2026-05-11,2026-05-18,17071,Henderson County,Illinois,IL,quiet,3.5e-05,2714,75,501+,0.02,0.000131,2978,83,501+,0.02,0.012521,0.007927,0,0,0,,,
2026-05-11,2026-05-18,19133,Monona County,Iowa,IA,quiet,3.4e-05,2715,75,501+,0.02,0.000372,2527,66,501+,0.06,0.012374,0.024959,0,0,0,,0.88235294,2023-24
2026-05-11,2026-05-18,02013,Aleutians East Borough,Alaska,AK,quiet,3.4e-05,2716,27,501+,0.02,0.00053,2278,23,501+,0.09,0.012347,0.036626,0,0,0,,,
2026-05-11,2026-05-18,48301,Loving County,Texas,TX,quiet,3.4e-05,2717,243,501+,0.02,0.000364,2545,245,501+,0.06,0.012295,0.024409,0,0,0,,,
2026-05-11,2026-05-18,17055,Franklin County,Illinois,IL,quiet,3.4e-05,2718,76,501+,0.02,0.0004,2481,63,501+,0.07,0.012273,0.026994,0,0,0,,,
2026-05-11,2026-05-18,54107,Wood County,West Virginia,WV,quiet,3.4e-05,2719,24,501+,0.02,0.00022,2818,22,501+,0.04,0.012272,0.01404,0,0,0,,,
2026-05-11,2026-05-18,13269,Taylor County,Georgia,GA,quiet,3.4e-05,2720,140,501+,0.02,0.00036,2550,119,501+,0.06,0.012237,0.024089,0,0,0,,,
2026-05-11,2026-05-18,13075,Cook County,Georgia,GA,quiet,3.4e-05,2721,141,501+,0.02,0.000321,2623,128,501+,0.05,0.012208,0.021271,0,0,0,,,
2026-05-11,2026-05-18,17117,Macoupin County,Illinois,IL,quiet,3.4e-05,2722,77,501+,0.02,0.00022,2816,77,501+,0.04,0.012208,0.014047,0,0,0,,,
2026-05-11,2026-05-18,54001,Barbour County,West Virginia,WV,quiet,3.4e-05,2723,25,501+,0.02,0.000174,2899,27,501+,0.03,0.012203,0.010811,0,0,0,,,
2026-05-11,2026-05-18,08095,Phillips County,Colorado,CO,quiet,3.4e-05,2724,60,501+,0.02,0.000438,2416,57,501+,0.07,0.012196,0.029833,0,0,0,,0.7679,2023-24
2026-05-11,2026-05-18,37117,Martin County,North Carolina,NC,quiet,3.4e-05,2725,94,501+,0.02,0.000553,2248,87,501+,0.09,0.012189,0.038313,0,0,0,,0.97183099,2022-23
2026-05-11,2026-05-18,39087,Lawrence County,Ohio,OH,quiet,3.3e-05,2726,72,501+,0.02,0.00021,2833,74,501+,0.04,0.012147,0.013364,0,0,0,,,
2026-05-11,2026-05-18,35037,Quay County,New Mexico,NM,quiet,3.3e-05,2727,31,501+,0.02,0.000534,2275,31,501+,0.09,0.012143,0.036902,0,0,0,,0.94,2018-19
2026-05-11,2026-05-18,35033,Mora County,New Mexico,NM,quiet,3.3e-05,2728,32,501+,0.02,0.00045,2395,32,501+,0.08,0.01211,0.030697,0,0,0,,,
2026-05-11,2026-05-18,21061,Edmonson County,Kentucky,KY,quiet,3.3e-05,2729,61,501+,0.02,8.2e-05,3062,99,501+,0.01,0.012104,0.004703,0,0,0,,0.944,2022-23
2026-05-11,2026-05-18,19159,Ringgold County,Iowa,IA,quiet,3.3e-05,2730,76,501+,0.02,0.000183,2882,81,501+,0.03,0.012086,0.011441,0,0,0,,0.92857143,2023-24
2026-05-11,2026-05-18,46123,Tripp County,South Dakota,SD,quiet,3.3e-05,2731,55,501+,0.02,0.000511,2303,53,501+,0.09,0.012074,0.035243,0,0,0,,0.86,2023-24
2026-05-11,2026-05-18,13205,Mitchell County,Georgia,GA,quiet,3.3e-05,2732,142,501+,0.02,0.000272,2721,140,501+,0.05,0.012062,0.017761,0,0,0,,,
2026-05-11,2026-05-18,28161,Yalobusha County,Mississippi,MS,quiet,3.3e-05,2733,76,501+,0.02,0.000213,2826,74,501+,0.04,0.012062,0.013574,0,0,0,,,
2026-05-11,2026-05-18,30025,Fallon County,Montana,MT,quiet,3.3e-05,2734,48,501+,0.02,0.000369,2534,46,501+,0.06,0.012054,0.024759,0,0,0,,,
2026-05-11,2026-05-18,51135,Nottoway County,Virginia,VA,quiet,3.3e-05,2735,114,501+,0.02,0.000341,2589,102,501+,0.06,0.012031,0.022724,0,0,0,,0.833,2023-24
2026-05-11,2026-05-18,13175,Laurens County,Georgia,GA,quiet,3.3e-05,2736,143,501+,0.02,0.000482,2349,102,501+,0.08,0.012015,0.033036,0,0,0,,,
2026-05-11,2026-05-18,51185,Tazewell County,Virginia,VA,quiet,3.3e-05,2737,115,501+,0.02,0.00017,2905,123,501+,0.03,0.012009,0.010585,0,0,0,,0.636,2023-24
2026-05-11,2026-05-18,29005,Atchison County,Missouri,MO,quiet,3.3e-05,2738,95,501+,0.02,0.000317,2635,92,501+,0.05,0.01199,0.020973,0,0,0,,0.963,2023-24
2026-05-11,2026-05-18,17003,Alexander County,Illinois,IL,quiet,3.3e-05,2739,78,501+,0.02,0.000309,2657,70,501+,0.05,0.011972,0.020366,0,0,0,,,
2026-05-11,2026-05-18,51670,Hopewell City,Virginia,VA,quiet,3.3e-05,2740,116,501+,0.02,0.000265,2738,110,501+,0.04,0.011964,0.01723,0,0,0,,0.885,2023-24
2026-05-11,2026-05-18,30035,Glacier County,Montana,MT,quiet,3.3e-05,2741,49,501+,0.02,0.000508,2309,43,501+,0.09,0.011918,0.035002,0,0,0,,,
2026-05-11,2026-05-18,51183,Sussex County,Virginia,VA,quiet,3.3e-05,2742,117,501+,0.02,0.000282,2700,109,501+,0.05,0.011897,0.018463,0,0,0,,0.853,2023-24
2026-05-11,2026-05-18,46107,Potter County,South Dakota,SD,quiet,3.3e-05,2743,56,501+,0.02,0.000448,2398,55,501+,0.08,0.011894,0.030545,0,0,0,,0.89,2023-24
2026-05-11,2026-05-18,40095,Marshall County,Oklahoma,OK,quiet,3.3e-05,2744,69,501+,0.02,0.000257,2752,74,501+,0.04,0.011892,0.016685,0,0,0,,0.8622,2023-24
2026-05-11,2026-05-18,29223,Wayne County,Missouri,MO,quiet,3.3e-05,2745,96,501+,0.02,0.000374,2519,88,501+,0.06,0.011866,0.02514,0,0,0,,0.905,2023-24
2026-05-11,2026-05-18,13281,Towns County,Georgia,GA,quiet,3.3e-05,2746,144,501+,0.02,0.00031,2651,133,501+,0.05,0.011856,0.020464,0,0,0,,,
2026-05-11,2026-05-18,39015,Brown County,Ohio,OH,quiet,3.3e-05,2747,73,501+,0.02,0.000312,2648,69,501+,0.05,0.011821,0.020604,0,0,0,,,
2026-05-11,2026-05-18,01005,Barbour County,Alabama,AL,quiet,3.3e-05,2748,60,501+,0.02,0.0005,2319,40,501+,0.08,0.011813,0.034363,0,0,0,,0.9459,2022-23
2026-05-11,2026-05-18,29209,Stone County,Missouri,MO,quiet,3.3e-05,2749,97,501+,0.02,0.000303,2665,95,501+,0.05,0.011795,0.019983,0,0,0,,0.804,2023-24
2026-05-11,2026-05-18,48271,Kinney County,Texas,TX,quiet,3.2e-05,2750,244,501+,0.02,0.000364,2544,244,501+,0.06,0.01179,0.02441,0,0,0,,0.97435897,2023-24
2026-05-11,2026-05-18,18175,Washington County,Indiana,IN,quiet,3.2e-05,2751,67,501+,0.02,0.000203,2851,71,501+,0.03,0.011703,0.012864,0,0,0,,,
2026-05-11,2026-05-18,22083,Richland Parish,Louisiana,LA,quiet,3.2e-05,2752,62,501+,0.02,0.000344,2584,53,501+,0.06,0.011701,0.022904,0,0,0,,0.861,2021-22
2026-05-11,2026-05-18,21051,Clay County,Kentucky,KY,quiet,3.2e-05,2753,62,501+,0.02,0.000288,2692,63,501+,0.05,0.011673,0.018878,0,0,0,,0.833,2022-23
2026-05-11,2026-05-18,08053,Hinsdale County,Colorado,CO,quiet,3.2e-05,2754,61,501+,0.02,0.000211,2831,60,501+,0.04,0.011647,0.013397,0,0,0,,1.0,2023-24
2026-05-11,2026-05-18,47017,Carroll County,Tennessee,TN,quiet,3.2e-05,2755,79,501+,0.02,0.0003,2668,81,501+,0.05,0.011641,0.019735,0,0,0,,0.973,2023-24
2026-05-11,2026-05-18,20131,Nemaha County,Kansas,KS,quiet,3.2e-05,2756,97,501+,0.02,0.000387,2500,92,501+,0.07,0.011588,0.026053,0,0,0,,0.95,2023-24
2026-05-11,2026-05-18,37103,Jones County,North Carolina,NC,quiet,3.2e-05,2757,95,501+,0.02,0.000365,2543,95,501+,0.06,0.011543,0.024422,0,0,0,,0.90666667,2022-23
2026-05-11,2026-05-18,29197,Schuyler County,Missouri,MO,quiet,3.2e-05,2758,98,501+,0.02,0.000223,2809,107,501+,0.04,0.011504,0.01426,0,0,0,,1.0,2023-24
2026-05-11,2026-05-18,49009,Daggett County,Utah,UT,quiet,3.2e-05,2759,26,501+,0.02,0.000301,2667,27,501+,0.05,0.011493,0.0198,0,0,0,,0.937,2022-23
2026-05-11,2026-05-18,29171,Putnam County,Missouri,MO,quiet,3.2e-05,2760,99,501+,0.02,0.000427,2433,86,501+,0.07,0.011485,0.029009,0,0,0,,0.985,2023-24
2026-05-11,2026-05-18,48173,Glasscock County,Texas,TX,quiet,3.2e-05,2761,245,501+,0.02,0.0008,1904,203,501+,0.14,0.011465,0.056827,0,0,0,,0.94444444,2023-24
2026-05-11,2026-05-18,54025,Greenbrier County,West Virginia,WV,quiet,3.2e-05,2762,26,501+,0.02,0.000174,2896,26,501+,0.03,0.011456,0.010852,0,0,0,,,
2026-05-11,2026-05-18,47181,Wayne County,Tennessee,TN,quiet,3.2e-05,2763,80,501+,0.02,0.000423,2441,68,501+,0.07,0.011448,0.028689,0,0,0,,0.963,2023-24
2026-05-11,2026-05-18,13239,Quitman County,Georgia,GA,quiet,3.2e-05,2764,145,501+,0.02,0.00032,2625,129,501+,0.05,0.011445,0.021201,0,0,0,,,
2026-05-11,2026-05-18,31073,Gosper County,Nebraska,NE,quiet,3.1e-05,2765,71,501+,0.02,0.000459,2385,59,501+,0.08,0.011429,0.031386,0,0,0,,,
2026-05-11,2026-05-18,05123,St. Francis County,Arkansas,AR,quiet,3.1e-05,2766,69,501+,0.02,0.000332,2606,58,501+,0.06,0.011418,0.022075,0,0,0,,,
2026-05-11,2026-05-18,48443,Terrell County,Texas,TX,quiet,3.1e-05,2767,246,501+,0.02,0.000104,3025,253,501+,0.02,0.011361,0.006133,0,0,0,,1.0,2023-24
2026-05-11,2026-05-18,45027,Clarendon County,South Carolina,SC,quiet,3.1e-05,2768,42,501+,0.02,0.000696,2035,38,501+,0.12,0.011352,0.049053,0,0,0,,0.98,2023-24
2026-05-11,2026-05-18,28135,Tallahatchie County,Mississippi,MS,quiet,3.1e-05,2769,77,501+,0.02,0.000264,2740,69,501+,0.04,0.011329,0.017174,0,0,0,,,
2026-05-11,2026-05-18,01059,Franklin County,Alabama,AL,quiet,3.1e-05,2770,61,501+,0.02,0.000472,2364,42,501+,0.08,0.011328,0.03229,0,0,0,,0.9616,2022-23
2026-05-11,2026-05-18,21155,Marion County,Kentucky,KY,quiet,3.1e-05,2771,63,501+,0.02,0.000283,2699,64,501+,0.05,0.011325,0.018542,0,0,0,,0.971,2022-23
2026-05-11,2026-05-18,29085,Hickory County,Missouri,MO,quiet,3.1e-05,2772,100,501+,0.02,0.000204,2846,109,501+,0.03,0.011304,0.01294,0,0,0,,0.888,2023-24
2026-05-11,2026-05-18,49031,Piute County,Utah,UT,quiet,3.1e-05,2773,27,501+,0.02,0.000355,2562,26,501+,0.06,0.011283,0.02372,0,0,0,,0.944,2022-23
2026-05-11,2026-05-18,48025,Bee County,Texas,TX,quiet,3.1e-05,2774,247,501+,0.02,0.000386,2501,242,501+,0.07,0.011259,0.026018,0,0,0,,0.9752322,2023-24
2026-05-11,2026-05-18,27065,Kanabec County,Minnesota,MN,quiet,3.1e-05,2775,81,501+,0.02,0.00045,2396,75,501+,0.08,0.011239,0.030677,0,0,0,,0.842,2023-24
2026-05-11,2026-05-18,17125,Mason County,Illinois,IL,quiet,3.1e-05,2776,79,501+,0.02,0.000253,2758,74,501+,0.04,0.011197,0.016354,0,0,0,,,
2026-05-11,2026-05-18,29133,Mississippi County,Missouri,MO,quiet,3.1e-05,2777,101,501+,0.02,0.000247,2765,104,501+,0.04,0.011173,0.015955,0,0,0,,0.977,2023-24
2026-05-11,2026-05-18,37039,Cherokee County,North Carolina,NC,quiet,3.1e-05,2778,96,501+,0.02,0.000293,2682,97,501+,0.05,0.011138,0.019244,0,0,0,,0.87083333,2022-23
2026-05-11,2026-05-18,51017,Bath County,Virginia,VA,quiet,3.1e-05,2779,118,501+,0.02,0.000212,2830,117,501+,0.04,0.011135,0.01346,0,0,0,,0.976,2023-24
2026-05-11,2026-05-18,39071,Highland County,Ohio,OH,quiet,3.1e-05,2780,74,501+,0.02,0.000221,2813,73,501+,0.04,0.011116,0.014142,0,0,0,,,
2026-05-11,2026-05-18,18131,Pulaski County,Indiana,IN,quiet,3.1e-05,2781,68,501+,0.02,0.000315,2642,60,501+,0.05,0.011092,0.020809,0,0,0,,,
2026-05-11,2026-05-18,05071,Johnson County,Arkansas,AR,quiet,3.1e-05,2782,70,501+,0.02,0.000312,2650,61,501+,0.05,0.011088,0.020593,0,0,0,,,
2026-05-11,2026-05-18,37015,Bertie County,North Carolina,NC,quiet,3e-05,2783,97,501+,0.02,0.000365,2540,94,501+,0.06,0.011062,0.024455,0,0,0,,0.94957983,2022-23
2026-05-11,2026-05-18,47091,Johnson County,Tennessee,TN,quiet,3e-05,2784,81,501+,0.02,0.000362,2547,73,501+,0.06,0.011046,0.024236,0,0,0,,0.98,2023-24
2026-05-11,2026-05-18,54073,Pleasants County,West Virginia,WV,quiet,3e-05,2785,27,501+,0.02,0.000132,2975,33,501+,0.02,0.010982,0.008019,0,0,0,,,
2026-05-11,2026-05-18,37041,Chowan County,North Carolina,NC,quiet,3e-05,2786,98,501+,0.02,0.000269,2732,98,501+,0.05,0.010903,0.017539,0,0,0,,0.93835616,2022-23
2026-05-11,2026-05-18,19135,Monroe County,Iowa,IA,quiet,3e-05,2787,77,501+,0.02,0.000214,2825,79,501+,0.04,0.010884,0.01364,0,0,0,,0.9125,2023-24
2026-05-11,2026-05-18,38039,Griggs County,North Dakota,ND,quiet,3e-05,2788,43,501+,0.02,0.000162,2923,44,501+,0.03,0.010877,0.010047,0,0,0,,0.875,2023-24
2026-05-11,2026-05-18,13081,Crisp County,Georgia,GA,quiet,3e-05,2789,146,501+,0.02,0.000208,2837,150,501+,0.04,0.010875,0.013192,0,0,0,,,
2026-05-11,2026-05-18,38031,Foster County,North Dakota,ND,quiet,3e-05,2790,44,501+,0.02,0.000147,2953,45,501+,0.02,0.010844,0.009021,0,0,0,,0.9773,2023-24
2026-05-11,2026-05-18,21003,Allen County,Kentucky,KY,quiet,3e-05,2791,64,501+,0.02,9.7e-05,3036,91,501+,0.02,0.01084,0.005684,0,0,0,,0.951,2022-23
2026-05-11,2026-05-18,48261,Kenedy County,Texas,TX,quiet,3e-05,2792,248,501+,0.02,0.000604,2156,226,501+,0.1,0.010777,0.042126,0,0,0,,0.92857143,2023-24
2026-05-11,2026-05-18,21129,Lee County,Kentucky,KY,quiet,3e-05,2793,65,501+,0.02,0.000202,2853,74,501+,0.03,0.01075,0.012766,0,0,0,,0.897,2022-23
2026-05-11,2026-05-18,01079,Lawrence County,Alabama,AL,quiet,3e-05,2794,62,501+,0.02,0.000219,2820,63,501+,0.04,0.010748,0.013991,0,0,0,,0.9828,2022-23
2026-05-11,2026-05-18,05111,Poinsett County,Arkansas,AR,quiet,3e-05,2795,71,501+,0.02,0.000204,2849,73,501+,0.03,0.010742,0.012916,0,0,0,,,
2026-05-11,2026-05-18,27081,Lincoln County,Minnesota,MN,quiet,3e-05,2796,82,501+,0.02,0.000166,2916,84,501+,0.03,0.010729,0.010266,0,0,0,,0.899,2023-24
2026-05-11,2026-05-18,19055,Delaware County,Iowa,IA,quiet,2.9e-05,2797,78,501+,0.02,0.000246,2771,76,501+,0.04,0.010698,0.01587,0,0,0,,0.94713656,2023-24
2026-05-11,2026-05-18,46055,Haakon County,South Dakota,SD,quiet,2.9e-05,2798,57,501+,0.02,0.00049,2333,54,501+,0.08,0.010661,0.033666,0,0,0,,0.96,2023-24
2026-05-11,2026-05-18,21055,Crittenden County,Kentucky,KY,quiet,2.9e-05,2799,66,501+,0.02,0.000206,2842,73,501+,0.03,0.01059,0.013028,0,0,0,,0.972,2022-23
2026-05-11,2026-05-18,51191,Washington County,Virginia,VA,quiet,2.9e-05,2800,119,501+,0.02,0.000175,2895,122,501+,0.03,0.010587,0.010898,0,0,0,,0.895,2023-24
2026-05-11,2026-05-18,42053,Forest County,Pennsylvania,PA,quiet,2.9e-05,2801,65,501+,0.02,0.000215,2823,65,501+,0.04,0.010553,0.01369,0,0,0,,1.0,2023-24
2026-05-11,2026-05-18,27097,Morrison County,Minnesota,MN,quiet,2.9e-05,2802,83,501+,0.02,0.000141,2962,85,501+,0.02,0.010551,0.008592,0,0,0,,0.903,2023-24
2026-05-11,2026-05-18,05037,Cross County,Arkansas,AR,quiet,2.9e-05,2803,72,501+,0.02,0.000227,2799,71,501+,0.04,0.01051,0.014563,0,0,0,,,
2026-05-11,2026-05-18,13235,Pulaski County,Georgia,GA,quiet,2.9e-05,2804,147,501+,0.02,0.000204,2848,151,501+,0.03,0.010499,0.012926,0,0,0,,,
2026-05-11,2026-05-18,13017,Ben Hill County,Georgia,GA,quiet,2.9e-05,2805,148,501+,0.02,0.000228,2796,147,501+,0.04,0.01048,0.014627,0,0,0,,,
2026-05-11,2026-05-18,42023,Cameron County,Pennsylvania,PA,quiet,2.9e-05,2806,66,501+,0.02,0.000195,2862,66,501+,0.03,0.010477,0.012295,0,0,0,,0.84210526,2023-24
2026-05-11,2026-05-18,45053,Jasper County,South Carolina,SC,quiet,2.9e-05,2807,43,501+,0.02,0.000423,2440,42,501+,0.07,0.010464,0.028717,0,0,0,,0.897,2023-24
2026-05-11,2026-05-18,40033,Cotton County,Oklahoma,OK,quiet,2.9e-05,2808,70,501+,0.02,0.000274,2717,73,501+,0.05,0.01045,0.017901,0,0,0,,0.8906,2023-24
2026-05-11,2026-05-18,26063,Huron County,Michigan,MI,quiet,2.9e-05,2809,79,501+,0.02,0.000189,2874,77,501+,0.03,0.010449,0.011869,0,0,0,,0.8898,2023-24
2026-05-11,2026-05-18,21159,Martin County,Kentucky,KY,quiet,2.9e-05,2810,67,501+,0.02,0.000386,2503,55,501+,0.07,0.010424,0.025984,0,0,0,,0.854,2022-23
2026-05-11,2026-05-18,47115,Marion County,Tennessee,TN,quiet,2.9e-05,2811,82,501+,0.02,0.000361,2548,74,501+,0.06,0.010403,0.02418,0,0,0,,0.965,2023-24
2026-05-11,2026-05-18,31015,Boyd County,Nebraska,NE,quiet,2.9e-05,2812,72,501+,0.02,0.000246,2769,76,501+,0.04,0.010355,0.015893,0,0,0,,,
2026-05-11,2026-05-18,05129,Searcy County,Arkansas,AR,quiet,2.8e-05,2813,73,501+,0.02,0.000299,2672,63,501+,0.05,0.01035,0.0197,0,0,0,,,
2026-05-11,2026-05-18,40039,Custer County,Oklahoma,OK,quiet,2.8e-05,2814,71,501+,0.02,0.00025,2761,75,501+,0.04,0.010334,0.016137,0,0,0,,0.9075,2023-24
2026-05-11,2026-05-18,19017,Bremer County,Iowa,IA,quiet,2.8e-05,2815,79,501+,0.02,0.000564,2232,53,501+,0.1,0.010306,0.039135,0,0,0,,0.74663073,2023-24
2026-05-11,2026-05-18,38087,Slope County,North Dakota,ND,quiet,2.8e-05,2816,45,501+,0.02,5.5e-05,3107,50,501+,0.01,0.010249,0.003043,0,0,0,,1.0,2021-22
2026-05-11,2026-05-18,48385,Real County,Texas,TX,quiet,2.8e-05,2817,249,501+,0.02,0.000692,2042,211,501+,0.12,0.01024,0.048703,0,0,0,,1.0,2022-23
2026-05-11,2026-05-18,18155,Switzerland County,Indiana,IN,quiet,2.8e-05,2818,69,501+,0.02,0.000167,2912,75,501+,0.03,0.010158,0.010336,0,0,0,,,
2026-05-11,2026-05-18,51640,Galax City,Virginia,VA,quiet,2.8e-05,2819,120,501+,0.02,0.000297,2678,106,501+,0.05,0.010153,0.019487,0,0,0,,0.903,2023-24
2026-05-11,2026-05-18,31103,Keya Paha County,Nebraska,NE,quiet,2.8e-05,2820,73,501+,0.02,7.8e-05,3069,89,501+,0.01,0.010117,0.004449,0,0,0,,,
2026-05-11,2026-05-18,45049,Hampton County,South Carolina,SC,quiet,2.8e-05,2821,44,501+,0.02,0.000486,2340,41,501+,0.08,0.0101,0.033365,0,0,0,,0.975,2023-24
2026-05-11,2026-05-18,40015,Caddo County,Oklahoma,OK,quiet,2.8e-05,2822,72,501+,0.02,0.000388,2495,69,501+,0.07,0.010059,0.026114,0,0,0,,0.7987,2023-24
2026-05-11,2026-05-18,05047,Franklin County,Arkansas,AR,quiet,2.8e-05,2823,74,501+,0.02,0.000268,2734,66,501+,0.05,0.010055,0.01747,0,0,0,,,
2026-05-11,2026-05-18,13163,Jefferson County,Georgia,GA,quiet,2.8e-05,2824,149,501+,0.02,0.00035,2577,123,501+,0.06,0.010044,0.023329,0,0,0,,,
2026-05-11,2026-05-18,02070,Dillingham Census Area,Alaska,AK,quiet,2.8e-05,2825,28,501+,0.02,0.000634,2113,19,501+,0.11,0.010042,0.044395,0,0,0,,,
2026-05-11,2026-05-18,31123,Morrill County,Nebraska,NE,quiet,2.8e-05,2826,74,501+,0.02,0.000782,1931,37,501+,0.13,0.010041,0.055429,0,0,0,,,
2026-05-11,2026-05-18,27073,Lac qui Parle County,Minnesota,MN,quiet,2.8e-05,2827,84,501+,0.02,0.000228,2798,83,501+,0.04,0.010033,0.014602,0,0,0,,0.855,2023-24
2026-05-11,2026-05-18,21147,McCreary County,Kentucky,KY,quiet,2.8e-05,2828,68,501+,0.02,0.000233,2789,70,501+,0.04,0.010027,0.014976,0,0,0,,0.919,2022-23
2026-05-11,2026-05-18,13061,Clay County,Georgia,GA,quiet,2.8e-05,2829,150,501+,0.02,0.00031,2653,134,501+,0.05,0.010027,0.020446,0,0,0,,,
2026-05-11,2026-05-18,42047,Elk County,Pennsylvania,PA,quiet,2.8e-05,2830,67,501+,0.02,0.0003,2671,63,501+,0.05,0.010024,0.019706,0,0,0,,0.95604396,2023-24
2026-05-11,2026-05-18,02290,Yukon-Koyukuk Census Area,Alaska,AK,quiet,2.8e-05,2831,29,501+,0.02,0.000888,1810,15,501+,0.15,0.010018,0.06338,0,0,0,,,
2026-05-11,2026-05-18,40065,Jackson County,Oklahoma,OK,quiet,2.8e-05,2832,73,501+,0.02,0.000368,2536,70,501+,0.06,0.010005,0.024678,0,0,0,,0.9587,2023-24
2026-05-11,2026-05-18,18117,Orange County,Indiana,IN,quiet,2.7e-05,2833,70,501+,0.02,0.000264,2743,64,501+,0.04,0.009955,0.017159,0,0,0,,,
2026-05-11,2026-05-18,01107,Pickens County,Alabama,AL,quiet,2.7e-05,2834,63,501+,0.02,0.000129,2981,67,501+,0.02,0.009946,0.007803,0,0,0,,0.9085,2022-23
2026-05-11,2026-05-18,19065,Fayette County,Iowa,IA,quiet,2.7e-05,2835,80,501+,0.02,0.000342,2587,69,501+,0.06,0.009901,0.022809,0,0,0,,0.86592179,2023-24
2026-05-11,2026-05-18,13107,Emanuel County,Georgia,GA,quiet,2.7e-05,2836,151,501+,0.02,0.00028,2705,137,501+,0.05,0.0099,0.018309,0,0,0,,,
2026-05-11,2026-05-18,38047,Logan County,North Dakota,ND,quiet,2.7e-05,2837,46,501+,0.02,0.000205,2844,43,501+,0.03,0.009882,0.013001,0,0,0,,0.9032,2023-24
2026-05-11,2026-05-18,17203,Woodford County,Illinois,IL,quiet,2.7e-05,2838,80,501+,0.02,0.000205,2843,78,501+,0.03,0.009803,0.013024,0,0,0,,,
2026-05-11,2026-05-18,20179,Sheridan County,Kansas,KS,quiet,2.7e-05,2839,98,501+,0.02,0.0007,2030,71,501+,0.12,0.0098,0.04931,0,0,0,,0.96,2023-24
2026-05-11,2026-05-18,29015,Benton County,Missouri,MO,quiet,2.7e-05,2840,102,501+,0.02,0.000359,2554,90,501+,0.06,0.00979,0.024007,0,0,0,,0.843,2023-24
2026-05-11,2026-05-18,54035,Jackson County,West Virginia,WV,quiet,2.7e-05,2841,28,501+,0.02,8.2e-05,3061,41,501+,0.01,0.009786,0.004728,0,0,0,,,
2026-05-11,2026-05-18,31183,Wheeler County,Nebraska,NE,quiet,2.7e-05,2842,75,501+,0.02,0.000182,2883,80,501+,0.03,0.00977,0.011396,0,0,0,,,
2026-05-11,2026-05-18,29003,Andrew County,Missouri,MO,quiet,2.7e-05,2843,103,501+,0.02,0.000306,2662,94,501+,0.05,0.009768,0.020154,0,0,0,,0.962,2023-24
2026-05-11,2026-05-18,19101,Jefferson County,Iowa,IA,quiet,2.7e-05,2844,81,501+,0.02,0.000322,2621,72,501+,0.05,0.009755,0.021353,0,0,0,,0.80473373,2023-24
2026-05-11,2026-05-18,54009,Brooke County,West Virginia,WV,quiet,2.7e-05,2845,29,501+,0.02,0.000279,2707,20,501+,0.05,0.009718,0.018238,0,0,0,,,
2026-05-11,2026-05-18,19185,Wayne County,Iowa,IA,quiet,2.7e-05,2846,82,501+,0.02,0.000361,2549,67,501+,0.06,0.009683,0.024144,0,0,0,,0.8313253,2023-24
2026-05-11,2026-05-18,45067,Marion County,South Carolina,SC,quiet,2.7e-05,2847,45,501+,0.02,0.000286,2693,46,501+,0.05,0.009669,0.018765,0,0,0,,0.989,2023-24
2026-05-11,2026-05-18,54013,Calhoun County,West Virginia,WV,quiet,2.7e-05,2848,30,501+,0.02,0.000158,2936,29,501+,0.03,0.009669,0.009766,0,0,0,,,
2026-05-11,2026-05-18,38051,McIntosh County,North Dakota,ND,quiet,2.7e-05,2849,47,501+,0.02,0.000426,2434,38,501+,0.07,0.009667,0.028955,0,0,0,,0.9688,2023-24
2026-05-11,2026-05-18,01091,Marengo County,Alabama,AL,quiet,2.7e-05,2850,64,501+,0.02,0.000207,2838,64,501+,0.03,0.009659,0.013115,0,0,0,,0.9018,2022-23
2026-05-11,2026-05-18,31125,Nance County,Nebraska,NE,quiet,2.7e-05,2851,76,501+,0.02,0.000413,2458,63,501+,0.07,0.009652,0.027951,0,0,0,,,
2026-05-11,2026-05-18,13141,Hancock County,Georgia,GA,quiet,2.7e-05,2852,152,501+,0.02,0.000173,2901,154,501+,0.03,0.009651,0.010781,0,0,0,,,
2026-05-11,2026-05-18,31163,Sherman County,Nebraska,NE,quiet,2.7e-05,2853,77,501+,0.02,0.000329,2612,71,501+,0.06,0.009646,0.021867,0,0,0,,,
2026-05-11,2026-05-18,39067,Harrison County,Ohio,OH,quiet,2.7e-05,2854,75,501+,0.02,0.000439,2413,65,501+,0.07,0.009636,0.029902,0,0,0,,,
2026-05-11,2026-05-18,13165,Jenkins County,Georgia,GA,quiet,2.6e-05,2855,153,501+,0.02,0.000147,2954,156,501+,0.02,0.00958,0.009016,0,0,0,,,
2026-05-11,2026-05-18,48155,Foard County,Texas,TX,quiet,2.6e-05,2856,250,501+,0.02,0.0002,2854,252,501+,0.03,0.009577,0.012666,0,0,0,,0.66666667,2023-24
2026-05-11,2026-05-18,55119,Taylor County,Wisconsin,WI,quiet,2.6e-05,2857,68,501+,0.02,0.000151,2950,71,501+,0.03,0.009539,0.009291,0,0,0,,0.685,2023-24
2026-05-11,2026-05-18,01053,Escambia County,Alabama,AL,quiet,2.6e-05,2858,65,501+,0.02,0.000387,2498,51,501+,0.07,0.009536,0.026094,0,0,0,,0.9695,2022-23
2026-05-11,2026-05-18,27121,Pope County,Minnesota,MN,quiet,2.6e-05,2859,85,501+,0.02,0.000132,2976,86,501+,0.02,0.009519,0.008003,0,0,0,,0.93,2023-24
2026-05-11,2026-05-18,31061,Franklin County,Nebraska,NE,quiet,2.6e-05,2860,78,501+,0.02,0.000164,2919,81,501+,0.03,0.009513,0.010174,0,0,0,,,
2026-05-11,2026-05-18,54015,Clay County,West Virginia,WV,quiet,2.6e-05,2861,31,501+,0.02,9.3e-05,3046,40,501+,0.02,0.009416,0.005394,0,0,0,,,
2026-05-11,2026-05-18,21169,Metcalfe County,Kentucky,KY,quiet,2.6e-05,2862,69,501+,0.02,0.000155,2941,80,501+,0.03,0.009383,0.009544,0,0,0,,0.946,2022-23
2026-05-11,2026-05-18,21171,Monroe County,Kentucky,KY,quiet,2.6e-05,2863,70,501+,0.02,0.000198,2858,76,501+,0.03,0.009382,0.012489,0,0,0,,0.921,2022-23
2026-05-11,2026-05-18,51595,Emporia City,Virginia,VA,quiet,2.6e-05,2864,121,501+,0.02,0.000176,2891,121,501+,0.03,0.009382,0.011006,0,0,0,,,
2026-05-11,2026-05-18,40035,Craig County,Oklahoma,OK,quiet,2.6e-05,2865,74,501+,0.02,0.000331,2609,71,501+,0.06,0.009367,0.021972,0,0,0,,0.9007,2023-24
2026-05-11,2026-05-18,47029,Cocke County,Tennessee,TN,quiet,2.6e-05,2866,83,501+,0.02,0.000436,2419,66,501+,0.07,0.00935,0.029665,0,0,0,,0.982,2023-24
2026-05-11,2026-05-18,13087,Decatur County,Georgia,GA,quiet,2.6e-05,2867,154,501+,0.01,0.00023,2793,146,501+,0.04,0.00932,0.014762,0,0,0,,,
2026-05-11,2026-05-18,21087,Green County,Kentucky,KY,quiet,2.6e-05,2868,71,501+,0.01,0.000147,2955,81,501+,0.02,0.00928,0.008988,0,0,0,,0.977,2022-23
2026-05-11,2026-05-18,21097,Harrison County,Kentucky,KY,quiet,2.5e-05,2869,72,501+,0.01,0.000412,2460,53,501+,0.07,0.009249,0.027864,0,0,0,,0.973,2022-23
2026-05-11,2026-05-18,21057,Cumberland County,Kentucky,KY,quiet,2.5e-05,2870,73,501+,0.01,0.00025,2759,66,501+,0.04,0.009226,0.016195,0,0,0,,0.885,2022-23
2026-05-11,2026-05-18,46059,Hand County,South Dakota,SD,quiet,2.5e-05,2871,58,501+,0.01,0.000407,2469,56,501+,0.07,0.009212,0.02755,0,0,0,,0.88,2023-24
2026-05-11,2026-05-18,48045,Briscoe County,Texas,TX,quiet,2.5e-05,2872,251,501+,0.01,0.0001,3031,254,501+,0.02,0.009194,0.005857,0,0,0,,0.8,2023-24
2026-05-11,2026-05-18,18041,Fayette County,Indiana,IN,quiet,2.5e-05,2873,71,501+,0.01,0.000195,2863,72,501+,0.03,0.009149,0.012291,0,0,0,,,
2026-05-11,2026-05-18,21199,Pulaski County,Kentucky,KY,quiet,2.5e-05,2874,74,501+,0.01,0.0002,2856,75,501+,0.03,0.009146,0.012626,0,0,0,,0.968,2022-23
2026-05-11,2026-05-18,39065,Hardin County,Ohio,OH,quiet,2.5e-05,2875,76,501+,0.01,0.000308,2658,70,501+,0.05,0.00911,0.020341,0,0,0,,,
2026-05-11,2026-05-18,39107,Mercer County,Ohio,OH,quiet,2.5e-05,2876,77,501+,0.01,0.000138,2965,78,501+,0.02,0.009099,0.008404,0,0,0,,,
2026-05-11,2026-05-18,18125,Pike County,Indiana,IN,quiet,2.5e-05,2877,72,501+,0.01,0.000189,2876,73,501+,0.03,0.009067,0.011848,0,0,0,,,
2026-05-11,2026-05-18,31155,Saunders County,Nebraska,NE,quiet,2.5e-05,2878,79,501+,0.01,0.000304,2664,74,501+,0.05,0.008983,0.020048,0,0,0,,,
2026-05-11,2026-05-18,13307,Webster County,Georgia,GA,quiet,2.5e-05,2879,155,501+,0.01,0.000273,2719,139,501+,0.05,0.008955,0.017794,0,0,0,,,
2026-05-11,2026-05-18,40133,Seminole County,Oklahoma,OK,quiet,2.5e-05,2880,75,501+,0.01,0.000245,2773,76,501+,0.04,0.008919,0.015784,0,0,0,,0.854,2023-24
2026-05-11,2026-05-18,21161,Mason County,Kentucky,KY,quiet,2.5e-05,2881,75,501+,0.01,0.000213,2829,71,501+,0.04,0.008914,0.013546,0,0,0,,0.789,2022-23
2026-05-11,2026-05-18,28107,Panola County,Mississippi,MS,quiet,2.4e-05,2882,78,501+,0.01,0.000223,2811,73,501+,0.04,0.008887,0.014231,0,0,0,,,
2026-05-11,2026-05-18,51147,Prince Edward County,Virginia,VA,quiet,2.4e-05,2883,122,501+,0.01,0.000159,2933,125,501+,0.03,0.008855,0.009804,0,0,0,,0.856,2023-24
2026-05-11,2026-05-18,29151,Osage County,Missouri,MO,quiet,2.4e-05,2884,104,501+,0.01,0.000277,2711,98,501+,0.05,0.008802,0.018075,0,0,0,,0.937,2023-24
2026-05-11,2026-05-18,28011,Bolivar County,Mississippi,MS,quiet,2.4e-05,2885,79,501+,0.01,0.000162,2924,80,501+,0.03,0.008773,0.010037,0,0,0,,,
2026-05-11,2026-05-18,29081,Harrison County,Missouri,MO,quiet,2.4e-05,2886,105,501+,0.01,0.000282,2703,97,501+,0.05,0.008743,0.018416,0,0,0,,0.901,2023-24
2026-05-11,2026-05-18,01105,Perry County,Alabama,AL,quiet,2.4e-05,2887,66,501+,0.01,0.000133,2972,66,501+,0.02,0.008695,0.008081,0,0,0,,0.8718,2022-23
2026-05-11,2026-05-18,22081,Red River Parish,Louisiana,LA,quiet,2.4e-05,2888,63,501+,0.01,0.000161,2928,64,501+,0.03,0.008628,0.009963,0,0,0,,1.0,2021-22
2026-05-11,2026-05-18,17133,Monroe County,Illinois,IL,quiet,2.4e-05,2889,81,501+,0.01,0.000344,2585,66,501+,0.06,0.008607,0.022903,0,0,0,,,
2026-05-11,2026-05-18,18143,Scott County,Indiana,IN,quiet,2.4e-05,2890,73,501+,0.01,0.000243,2775,66,501+,0.04,0.008579,0.015655,0,0,0,,,
2026-05-11,2026-05-18,21053,Clinton County,Kentucky,KY,quiet,2.4e-05,2891,76,501+,0.01,0.000179,2888,79,501+,0.03,0.008576,0.011209,0,0,0,,0.797,2022-23
2026-05-11,2026-05-18,51197,Wythe County,Virginia,VA,quiet,2.4e-05,2892,123,501+,0.01,0.000232,2791,114,501+,0.04,0.008562,0.014888,0,0,0,,0.939,2023-24
2026-05-11,2026-05-18,21183,Ohio County,Kentucky,KY,quiet,2.4e-05,2893,77,501+,0.01,0.000247,2764,67,501+,0.04,0.008549,0.015964,0,0,0,,0.706,2022-23
2026-05-11,2026-05-18,45033,Dillon County,South Carolina,SC,quiet,2.3e-05,2894,46,501+,0.01,0.000378,2516,43,501+,0.06,0.008533,0.025439,0,0,0,,0.986,2023-24
2026-05-11,2026-05-18,40009,Beckham County,Oklahoma,OK,quiet,2.3e-05,2895,76,501+,0.01,0.000468,2370,65,501+,0.08,0.008531,0.032036,0,0,0,,0.9192,2023-24
2026-05-11,2026-05-18,02164,Lake and Peninsula Borough,Alaska,AK,quiet,2.3e-05,2896,30,501+,0.01,0.000285,2696,28,501+,0.05,0.008523,0.018688,0,0,0,,,
2026-05-11,2026-05-18,17149,Pike County,Illinois,IL,quiet,2.3e-05,2897,82,501+,0.01,0.000152,2948,81,501+,0.03,0.008507,0.009352,0,0,0,,,
2026-05-11,2026-05-18,19075,Grundy County,Iowa,IA,quiet,2.3e-05,2898,83,501+,0.01,0.000126,2987,89,501+,0.02,0.008499,0.007584,0,0,0,,0.97191011,2023-24
2026-05-11,2026-05-18,48263,Kent County,Texas,TX,quiet,2.3e-05,2899,252,501+,0.01,0.000213,2827,250,501+,0.04,0.008477,0.013551,0,0,0,,0.84615385,2023-24
2026-05-11,2026-05-18,46017,Buffalo County,South Dakota,SD,quiet,2.3e-05,2900,59,501+,0.01,0.000174,2897,62,501+,0.03,0.008436,0.010834,0,0,0,,,
2026-05-11,2026-05-18,30069,Petroleum County,Montana,MT,quiet,2.3e-05,2901,50,501+,0.01,9.2e-05,3047,54,501+,0.02,0.00843,0.005353,0,0,0,,,
2026-05-11,2026-05-18,18121,Parke County,Indiana,IN,quiet,2.3e-05,2902,74,501+,0.01,0.000154,2943,81,501+,0.03,0.008385,0.009498,0,0,0,,,
2026-05-11,2026-05-18,20065,Graham County,Kansas,KS,quiet,2.3e-05,2903,99,501+,0.01,0.000272,2722,99,501+,0.05,0.008383,0.017722,0,0,0,,1.0,2023-24
2026-05-11,2026-05-18,18129,Posey County,Indiana,IN,quiet,2.3e-05,2904,75,501+,0.01,8.6e-05,3055,89,501+,0.01,0.008362,0.004955,0,0,0,,,
2026-05-11,2026-05-18,47049,Fentress County,Tennessee,TN,quiet,2.3e-05,2905,84,501+,0.01,0.000123,2998,91,501+,0.02,0.008355,0.007353,0,0,0,,0.898,2023-24
2026-05-11,2026-05-18,35011,De Baca County,New Mexico,NM,quiet,2.3e-05,2906,33,501+,0.01,0.000262,2745,33,501+,0.04,0.008347,0.017021,0,0,0,,,
2026-05-11,2026-05-18,22035,East Carroll Parish,Louisiana,LA,quiet,2.3e-05,2907,64,501+,0.01,0.000242,2776,60,501+,0.04,0.008332,0.015621,0,0,0,,0.906,2021-22
2026-05-11,2026-05-18,48327,Menard County,Texas,TX,quiet,2.3e-05,2908,253,501+,0.01,0.000222,2812,249,501+,0.04,0.008311,0.014149,0,0,0,,0.95238095,2023-24
2026-05-11,2026-05-18,13299,Ware County,Georgia,GA,quiet,2.3e-05,2909,156,501+,0.01,0.00034,2591,125,501+,0.06,0.008241,0.022642,0,0,0,,,
2026-05-11,2026-05-18,40115,Ottawa County,Oklahoma,OK,quiet,2.3e-05,2910,77,501+,0.01,0.0003,2669,72,501+,0.05,0.008233,0.019717,0,0,0,,0.8523,2023-24
2026-05-11,2026-05-18,55023,Crawford County,Wisconsin,WI,quiet,2.3e-05,2911,69,501+,0.01,0.00043,2427,60,501+,0.07,0.008228,0.029242,0,0,0,,0.615,2023-24
2026-05-11,2026-05-18,55091,Pepin County,Wisconsin,WI,quiet,2.2e-05,2912,70,501+,0.01,0.000164,2920,70,501+,0.03,0.008166,0.010144,0,0,0,,0.665,2023-24
2026-05-11,2026-05-18,20087,Jefferson County,Kansas,KS,quiet,2.2e-05,2913,100,501+,0.01,0.000581,2204,84,501+,0.1,0.008159,0.040419,0,0,0,,0.91,2023-24
2026-05-11,2026-05-18,33007,Coos County,New Hampshire,NH,quiet,2.2e-05,2914,10,501+,0.01,6.6e-05,3096,10,501+,0.01,0.008155,0.003684,0,0,0,,,
2026-05-11,2026-05-18,54047,McDowell County,West Virginia,WV,quiet,2.2e-05,2915,32,501+,0.01,9.6e-05,3042,39,501+,0.02,0.008144,0.005579,0,0,0,,,
2026-05-11,2026-05-18,37095,Hyde County,North Carolina,NC,quiet,2.2e-05,2916,99,501+,0.01,0.000425,2437,89,501+,0.07,0.008131,0.028844,0,0,0,,1.0,2022-23
2026-05-11,2026-05-18,54083,Randolph County,West Virginia,WV,quiet,2.2e-05,2917,33,501+,0.01,0.000297,2676,19,501+,0.05,0.008112,0.019538,0,0,0,,,
2026-05-11,2026-05-18,21081,Grant County,Kentucky,KY,quiet,2.2e-05,2918,78,501+,0.01,0.000235,2786,69,501+,0.04,0.008081,0.015074,0,0,0,,0.962,2022-23
2026-05-11,2026-05-18,38103,Wells County,North Dakota,ND,quiet,2.2e-05,2919,48,501+,0.01,0.000292,2687,40,501+,0.05,0.008073,0.019142,0,0,0,,0.9333,2023-24
2026-05-11,2026-05-18,29033,Carroll County,Missouri,MO,quiet,2.2e-05,2920,106,501+,0.01,0.000247,2763,103,501+,0.04,0.008027,0.015973,0,0,0,,0.976,2023-24
2026-05-11,2026-05-18,01063,Greene County,Alabama,AL,quiet,2.2e-05,2921,67,501+,0.01,0.000198,2857,65,501+,0.03,0.008025,0.012527,0,0,0,,0.7949,2022-23
2026-05-11,2026-05-18,19027,Carroll County,Iowa,IA,quiet,2.2e-05,2922,84,501+,0.01,0.00034,2590,70,501+,0.06,0.008017,0.022656,0,0,0,,0.92026578,2023-24
2026-05-11,2026-05-18,19019,Buchanan County,Iowa,IA,quiet,2.2e-05,2923,85,501+,0.01,0.000189,2875,80,501+,0.03,0.008009,0.011867,0,0,0,,0.84013605,2023-24
2026-05-11,2026-05-18,20203,Wichita County,Kansas,KS,quiet,2.2e-05,2924,101,501+,0.01,0.000197,2859,101,501+,0.03,0.008008,0.01244,0,0,0,,1.0,2023-24
2026-05-11,2026-05-18,51091,Highland County,Virginia,VA,quiet,2.2e-05,2925,124,501+,0.01,0.000155,2942,127,501+,0.03,0.007999,0.009509,0,0,0,,0.938,2023-24
2026-05-11,2026-05-18,19117,Lucas County,Iowa,IA,quiet,2.2e-05,2926,86,501+,0.01,0.000125,2991,91,501+,0.02,0.007998,0.00751,0,0,0,,0.89108911,2023-24
2026-05-11,2026-05-18,48137,Edwards County,Texas,TX,quiet,2.2e-05,2927,254,501+,0.01,0.000512,2301,233,501+,0.09,0.007992,0.035297,0,0,0,,0.96428571,2023-24
2026-05-11,2026-05-18,36041,Hamilton County,New York,NY,quiet,2.2e-05,2928,60,501+,0.01,0.000196,2861,60,501+,0.03,0.007989,0.012371,0,0,0,,1.0,2022-23
2026-05-11,2026-05-18,46049,Faulk County,South Dakota,SD,quiet,2.2e-05,2929,60,501+,0.01,6.7e-05,3091,66,501+,0.01,0.007974,0.003776,0,0,0,,0.56,2023-24
2026-05-11,2026-05-18,26119,Montmorency County,Michigan,MI,quiet,2.2e-05,2930,80,501+,0.01,5.2e-05,3114,82,501+,0.01,0.00796,0.002859,0,0,0,,0.8364,2023-24
2026-05-11,2026-05-18,17147,Piatt County,Illinois,IL,quiet,2.2e-05,2931,83,501+,0.01,0.000122,3000,89,501+,0.02,0.007881,0.007303,0,0,0,,,
2026-05-11,2026-05-18,47175,Van Buren County,Tennessee,TN,quiet,2.2e-05,2932,85,501+,0.01,0.000134,2970,90,501+,0.02,0.00787,0.008136,0,0,0,,0.667,2023-24
2026-05-11,2026-05-18,28137,Tate County,Mississippi,MS,quiet,2.2e-05,2933,80,501+,0.01,0.000203,2852,76,501+,0.03,0.007863,0.01284,0,0,0,,,
2026-05-11,2026-05-18,18137,Ripley County,Indiana,IN,quiet,2.2e-05,2934,76,501+,0.01,0.000161,2929,77,501+,0.03,0.007845,0.00993,0,0,0,,,
2026-05-11,2026-05-18,39019,Carroll County,Ohio,OH,quiet,2.2e-05,2935,78,501+,0.01,0.000159,2931,77,501+,0.03,0.007828,0.009839,0,0,0,,,
2026-05-11,2026-05-18,26051,Gladwin County,Michigan,MI,quiet,2.1e-05,2936,81,501+,0.01,0.000175,2894,79,501+,0.03,0.00779,0.010924,0,0,0,,0.8987,2023-24
2026-05-11,2026-05-18,46039,Deuel County,South Dakota,SD,quiet,2.1e-05,2937,61,501+,0.01,0.000281,2704,58,501+,0.05,0.007761,0.018347,0,0,0,,1.0,2023-24
2026-05-11,2026-05-18,21071,Floyd County,Kentucky,KY,quiet,2.1e-05,2938,79,501+,0.01,9.6e-05,3041,93,501+,0.02,0.007727,0.005584,0,0,0,,0.946,2022-23
2026-05-11,2026-05-18,47087,Jackson County,Tennessee,TN,quiet,2.1e-05,2939,86,501+,0.01,0.000249,2762,84,501+,0.04,0.007727,0.016102,0,0,0,,0.914,2023-24
2026-05-11,2026-05-18,26141,Presque Isle County,Michigan,MI,quiet,2.1e-05,2940,82,501+,0.01,0.000153,2946,81,501+,0.03,0.00772,0.009386,0,0,0,,0.9211,2023-24
2026-05-11,2026-05-18,18013,Brown County,Indiana,IN,quiet,2.1e-05,2941,77,501+,0.01,0.00014,2963,82,501+,0.02,0.007706,0.008536,0,0,0,,,
2026-05-11,2026-05-18,21089,Greenup County,Kentucky,KY,quiet,2.1e-05,2942,80,501+,0.01,0.000145,2957,82,501+,0.02,0.007677,0.008868,0,0,0,,0.926,2022-23
2026-05-11,2026-05-18,21217,Taylor County,Kentucky,KY,quiet,2.1e-05,2943,81,501+,0.01,0.000325,2617,59,501+,0.05,0.007669,0.021516,0,0,0,,0.862,2022-23
2026-05-11,2026-05-18,51690,Martinsville City,Virginia,VA,quiet,2.1e-05,2944,125,501+,0.01,0.000184,2879,120,501+,0.03,0.007661,0.011555,0,0,0,,0.922,2023-24
2026-05-11,2026-05-18,47069,Hardeman County,Tennessee,TN,quiet,2.1e-05,2945,87,501+,0.01,0.000267,2735,83,501+,0.05,0.007643,0.017347,0,0,0,,0.971,2023-24
2026-05-11,2026-05-18,18171,Warren County,Indiana,IN,quiet,2.1e-05,2946,78,501+,0.01,0.000188,2878,74,501+,0.03,0.007627,0.011794,0,0,0,,,
2026-05-11,2026-05-18,31075,Grant County,Nebraska,NE,quiet,2.1e-05,2947,80,501+,0.01,0.000312,2649,73,501+,0.05,0.007568,0.020602,0,0,0,,,
2026-05-11,2026-05-18,21237,Wolfe County,Kentucky,KY,quiet,2.1e-05,2948,82,501+,0.01,0.000296,2679,62,501+,0.05,0.007563,0.019468,0,0,0,,0.941,2022-23
2026-05-11,2026-05-18,31081,Hamilton County,Nebraska,NE,quiet,2.1e-05,2949,81,501+,0.01,0.000227,2801,78,501+,0.04,0.00753,0.014506,0,0,0,,,
2026-05-11,2026-05-18,46021,Campbell County,South Dakota,SD,quiet,2.1e-05,2950,62,501+,0.01,0.000204,2850,60,501+,0.03,0.00753,0.0129,0,0,0,,0.83,2023-24
2026-05-11,2026-05-18,29147,Nodaway County,Missouri,MO,quiet,2.1e-05,2951,107,501+,0.01,0.000271,2726,99,501+,0.05,0.007527,0.017665,0,0,0,,0.965,2023-24
2026-05-11,2026-05-18,21231,Wayne County,Kentucky,KY,quiet,2.1e-05,2952,83,501+,0.01,0.000144,2958,83,501+,0.02,0.007478,0.008826,0,0,0,,0.978,2022-23
2026-05-11,2026-05-18,21013,Bell County,Kentucky,KY,quiet,2e-05,2953,84,501+,0.01,0.000181,2887,78,501+,0.03,0.007448,0.011296,0,0,0,,0.857,2022-23
2026-05-11,2026-05-18,54059,Mingo County,West Virginia,WV,quiet,2e-05,2954,34,501+,0.01,6.3e-05,3099,48,501+,0.01,0.007429,0.00352,0,0,0,,,
2026-05-11,2026-05-18,46105,Perkins County,South Dakota,SD,quiet,2e-05,2955,63,501+,0.01,0.000261,2747,59,501+,0.04,0.007422,0.016959,0,0,0,,0.85,2023-24
2026-05-11,2026-05-18,28163,Yazoo County,Mississippi,MS,quiet,2e-05,2956,81,501+,0.01,0.000226,2805,72,501+,0.04,0.007411,0.014453,0,0,0,,,
2026-05-11,2026-05-18,13189,McDuffie County,Georgia,GA,quiet,2e-05,2957,157,501+,0.01,0.000135,2968,158,501+,0.02,0.007391,0.00819,0,0,0,,,
2026-05-11,2026-05-18,51045,Craig County,Virginia,VA,quiet,2e-05,2958,126,501+,0.01,0.000155,2940,126,501+,0.03,0.007321,0.00956,0,0,0,,0.968,2023-24
2026-05-11,2026-05-18,29103,Knox County,Missouri,MO,quiet,2e-05,2959,108,501+,0.01,0.000245,2772,105,501+,0.04,0.007308,0.015806,0,0,0,,1.0,2023-24
2026-05-11,2026-05-18,18075,Jay County,Indiana,IN,quiet,2e-05,2960,79,501+,0.01,0.00014,2964,83,501+,0.02,0.007278,0.008522,0,0,0,,,
2026-05-11,2026-05-18,46119,Sully County,South Dakota,SD,quiet,2e-05,2961,64,501+,0.01,0.000167,2913,63,501+,0.03,0.007241,0.010329,0,0,0,,1.0,2023-24
2026-05-11,2026-05-18,37187,Washington County,North Carolina,NC,quiet,2e-05,2962,100,501+,0.01,0.000193,2867,99,501+,0.03,0.007214,0.012176,0,0,0,,0.99130435,2022-23
2026-05-11,2026-05-18,19011,Benton County,Iowa,IA,quiet,2e-05,2963,87,501+,0.01,0.000111,3014,92,501+,0.02,0.007207,0.006596,0,0,0,,0.88501742,2023-24
2026-05-11,2026-05-18,21063,Elliott County,Kentucky,KY,quiet,2e-05,2964,85,501+,0.01,8.4e-05,3057,97,501+,0.01,0.007177,0.00482,0,0,0,,0.867,2022-23
2026-05-11,2026-05-18,39011,Auglaize County,Ohio,OH,quiet,2e-05,2965,79,501+,0.01,0.00019,2873,76,501+,0.03,0.007175,0.011955,0,0,0,,,
2026-05-11,2026-05-18,18079,Jennings County,Indiana,IN,quiet,2e-05,2966,80,501+,0.01,0.000158,2935,80,501+,0.03,0.007174,0.009778,0,0,0,,,
2026-05-11,2026-05-18,55051,Iron County,Wisconsin,WI,quiet,1.9e-05,2967,71,501+,0.01,5.7e-05,3103,72,501+,0.01,0.007032,0.003171,0,0,0,,0.63,2023-24
2026-05-11,2026-05-18,21157,Marshall County,Kentucky,KY,quiet,1.9e-05,2968,86,501+,0.01,0.000114,3011,87,501+,0.02,0.007029,0.006764,0,0,0,,0.869,2022-23
2026-05-11,2026-05-18,36049,Lewis County,New York,NY,quiet,1.9e-05,2969,61,501+,0.01,0.000101,3030,62,501+,0.02,0.007019,0.005932,0,0,0,,0.81322727,2022-23
2026-05-11,2026-05-18,17039,De Witt County,Illinois,IL,quiet,1.9e-05,2970,84,501+,0.01,9.7e-05,3037,97,501+,0.02,0.007005,0.005671,0,0,0,,,
2026-05-11,2026-05-18,19119,Lyon County,Iowa,IA,quiet,1.9e-05,2971,88,501+,0.01,0.000156,2938,84,501+,0.03,0.006929,0.009636,0,0,0,,0.89595376,2023-24
2026-05-11,2026-05-18,18029,Dearborn County,Indiana,IN,quiet,1.9e-05,2972,81,501+,0.01,0.000159,2934,79,501+,0.03,0.006929,0.009781,0,0,0,,,
2026-05-11,2026-05-18,29207,Stoddard County,Missouri,MO,quiet,1.9e-05,2973,109,501+,0.01,0.000339,2592,91,501+,0.06,0.006914,0.022562,0,0,0,,0.952,2023-24
2026-05-11,2026-05-18,19001,Adair County,Iowa,IA,quiet,1.9e-05,2974,89,501+,0.01,8.8e-05,3053,94,501+,0.01,0.006867,0.005064,0,0,0,,0.8245614,2023-24
2026-05-11,2026-05-18,13287,Turner County,Georgia,GA,quiet,1.9e-05,2975,158,501+,0.01,0.000192,2871,152,501+,0.03,0.006827,0.012113,0,0,0,,,
2026-05-11,2026-05-18,17173,Shelby County,Illinois,IL,quiet,1.9e-05,2976,85,501+,0.01,0.000226,2804,76,501+,0.04,0.006817,0.014456,0,0,0,,,
2026-05-11,2026-05-18,21177,Muhlenberg County,Kentucky,KY,quiet,1.9e-05,2977,87,501+,0.01,0.000134,2971,84,501+,0.02,0.006782,0.008104,0,0,0,,0.915,2022-23
2026-05-11,2026-05-18,51105,Lee County,Virginia,VA,quiet,1.9e-05,2978,127,501+,0.01,0.000165,2917,124,501+,0.03,0.006775,0.010245,0,0,0,,0.89,2023-24
2026-05-11,2026-05-18,29073,Gasconade County,Missouri,MO,quiet,1.9e-05,2979,110,501+,0.01,0.00017,2904,110,501+,0.03,0.006774,0.010591,0,0,0,,0.939,2023-24
2026-05-11,2026-05-18,17079,Jasper County,Illinois,IL,quiet,1.9e-05,2980,86,501+,0.01,0.000144,2959,82,501+,0.02,0.00675,0.008772,0,0,0,,,
2026-05-11,2026-05-18,54101,Webster County,West Virginia,WV,quiet,1.9e-05,2981,35,501+,0.01,0.000105,3021,37,501+,0.02,0.006745,0.006174,0,0,0,,,
2026-05-11,2026-05-18,39121,Noble County,Ohio,OH,quiet,1.8e-05,2982,80,501+,0.01,0.000124,2993,81,501+,0.02,0.006724,0.007482,0,0,0,,,
2026-05-11,2026-05-18,27045,Fillmore County,Minnesota,MN,quiet,1.8e-05,2983,86,501+,0.01,0.000232,2792,82,501+,0.04,0.006722,0.014871,0,0,0,,0.811,2023-24
2026-05-11,2026-05-18,18055,Greene County,Indiana,IN,quiet,1.8e-05,2984,82,501+,0.01,0.000127,2986,86,501+,0.02,0.006686,0.007631,0,0,0,,,
2026-05-11,2026-05-18,31011,Boone County,Nebraska,NE,quiet,1.8e-05,2985,82,501+,0.01,9.9e-05,3033,85,501+,0.02,0.006681,0.005805,0,0,0,,,
2026-05-11,2026-05-18,29075,Gentry County,Missouri,MO,quiet,1.8e-05,2986,111,501+,0.01,0.000221,2814,108,501+,0.04,0.006677,0.014117,0,0,0,,0.975,2023-24
2026-05-11,2026-05-18,18165,Vermillion County,Indiana,IN,quiet,1.8e-05,2987,83,501+,0.01,0.000136,2967,84,501+,0.02,0.006657,0.008246,0,0,0,,,
2026-05-11,2026-05-18,30079,Prairie County,Montana,MT,quiet,1.8e-05,2988,51,501+,0.01,0.000181,2886,51,501+,0.03,0.006618,0.011297,0,0,0,,,
2026-05-11,2026-05-18,36123,Yates County,New York,NY,quiet,1.8e-05,2989,62,501+,0.01,0.000166,2915,61,501+,0.03,0.006596,0.010284,0,0,0,,0.7489,2022-23
2026-05-11,2026-05-18,18161,Union County,Indiana,IN,quiet,1.8e-05,2990,84,501+,0.01,0.000117,3006,88,501+,0.02,0.006576,0.006979,0,0,0,,,
2026-05-11,2026-05-18,30107,Wheatland County,Montana,MT,quiet,1.8e-05,2991,52,501+,0.01,0.000135,2969,53,501+,0.02,0.00655,0.008188,0,0,0,,,
2026-05-11,2026-05-18,08079,Mineral County,Colorado,CO,quiet,1.8e-05,2992,62,501+,0.01,0.000149,2952,62,501+,0.03,0.00651,0.00914,0,0,0,,1.0,2023-24
2026-05-11,2026-05-18,21123,Larue County,Kentucky,KY,quiet,1.8e-05,2993,88,501+,0.01,0.000209,2835,72,501+,0.04,0.006493,0.013289,0,0,0,,0.859,2022-23
2026-05-11,2026-05-18,13293,Upson County,Georgia,GA,quiet,1.8e-05,2994,159,501+,0.01,0.000132,2977,159,501+,0.02,0.006461,0.007956,0,0,0,,,
2026-05-11,2026-05-18,17171,Scott County,Illinois,IL,quiet,1.8e-05,2995,87,501+,0.01,0.000121,3004,91,501+,0.02,0.006419,0.007244,0,0,0,,,
2026-05-11,2026-05-18,47129,Morgan County,Tennessee,TN,quiet,1.8e-05,2996,88,501+,0.01,0.000424,2439,67,501+,0.07,0.006393,0.028774,0,0,0,,0.96,2023-24
2026-05-11,2026-05-18,21195,Pike County,Kentucky,KY,quiet,1.7e-05,2997,89,501+,0.01,0.000125,2992,85,501+,0.02,0.00636,0.007506,0,0,0,,0.981,2022-23
2026-05-11,2026-05-18,47073,Hawkins County,Tennessee,TN,quiet,1.7e-05,2998,89,501+,0.01,0.000181,2885,88,501+,0.03,0.006358,0.011331,0,0,0,,0.951,2023-24
2026-05-11,2026-05-18,28025,Clay County,Mississippi,MS,quiet,1.7e-05,2999,82,501+,0.01,0.000117,3007,82,501+,0.02,0.006308,0.006969,0,0,0,,,
2026-05-11,2026-05-18,55011,Buffalo County,Wisconsin,WI,quiet,1.7e-05,3000,72,501+,0.01,0.000169,2908,69,501+,0.03,0.006262,0.010488,0,0,0,,0.734,2023-24
2026-05-11,2026-05-18,21149,McLean County,Kentucky,KY,quiet,1.7e-05,3001,90,501+,0.01,0.000121,3003,86,501+,0.02,0.006227,0.007249,0,0,0,,0.974,2022-23
2026-05-11,2026-05-18,20195,Trego County,Kansas,KS,quiet,1.7e-05,3002,102,501+,0.01,0.000113,3013,103,501+,0.02,0.006131,0.006707,0,0,0,,0.95,2023-24
2026-05-11,2026-05-18,17059,Gallatin County,Illinois,IL,quiet,1.7e-05,3003,88,501+,0.01,0.000115,3010,93,501+,0.02,0.006046,0.006858,0,0,0,,,
2026-05-11,2026-05-18,08111,San Juan County,Colorado,CO,quiet,1.6e-05,3004,63,501+,0.01,4.5e-05,3124,64,501+,0.01,0.00599,0.002414,0,0,0,,1.0,2023-24
2026-05-11,2026-05-18,18119,Owen County,Indiana,IN,quiet,1.6e-05,3005,85,501+,0.01,0.000122,2999,87,501+,0.02,0.005983,0.007347,0,0,0,,,
2026-05-11,2026-05-18,31069,Garden County,Nebraska,NE,quiet,1.6e-05,3006,83,501+,0.01,0.000108,3018,83,501+,0.02,0.005978,0.00641,0,0,0,,,
2026-05-11,2026-05-18,39175,Wyandot County,Ohio,OH,quiet,1.6e-05,3007,81,501+,0.01,9.7e-05,3039,85,501+,0.02,0.005942,0.005642,0,0,0,,,
2026-05-11,2026-05-18,31071,Garfield County,Nebraska,NE,quiet,1.6e-05,3008,84,501+,0.01,8.2e-05,3063,87,501+,0.01,0.005934,0.004678,0,0,0,,,
2026-05-11,2026-05-18,29186,Ste. Genevieve County,Missouri,MO,quiet,1.6e-05,3009,112,501+,0.01,0.000169,2907,111,501+,0.03,0.005918,0.010492,0,0,0,,0.917,2023-24
2026-05-11,2026-05-18,18147,Spencer County,Indiana,IN,quiet,1.6e-05,3010,86,501+,0.01,0.000274,2718,62,501+,0.05,0.005874,0.017876,0,0,0,,,
2026-05-11,2026-05-18,30033,Garfield County,Montana,MT,quiet,1.6e-05,3011,53,501+,0.01,0.000194,2865,50,501+,0.03,0.005812,0.01224,0,0,0,,,
2026-05-11,2026-05-18,17035,Cumberland County,Illinois,IL,quiet,1.6e-05,3012,89,501+,0.01,0.000157,2937,80,501+,0.03,0.005796,0.009672,0,0,0,,,
2026-05-11,2026-05-18,54017,Doddridge County,West Virginia,WV,quiet,1.6e-05,3013,36,501+,0.01,0.000194,2866,24,501+,0.03,0.00569,0.012238,0,0,0,,,
2026-05-11,2026-05-18,54007,Braxton County,West Virginia,WV,quiet,1.6e-05,3014,37,501+,0.01,0.000161,2927,28,501+,0.03,0.005677,0.009967,0,0,0,,,
2026-05-11,2026-05-18,54051,Marshall County,West Virginia,WV,quiet,1.5e-05,3015,38,501+,0.01,0.000123,2997,34,501+,0.02,0.005621,0.007356,0,0,0,,,
2026-05-11,2026-05-18,05021,Clay County,Arkansas,AR,quiet,1.5e-05,3016,75,501+,0.01,5.5e-05,3110,75,501+,0.01,0.005596,0.002998,0,0,0,,,
2026-05-11,2026-05-18,51071,Giles County,Virginia,VA,quiet,1.5e-05,3017,128,501+,0.01,9.5e-05,3043,128,501+,0.02,0.005595,0.005546,0,0,0,,0.924,2023-24
2026-05-11,2026-05-18,21165,Menifee County,Kentucky,KY,quiet,1.5e-05,3018,91,501+,0.01,6.7e-05,3090,104,501+,0.01,0.005551,0.003789,0,0,0,,0.986,2022-23
2026-05-11,2026-05-18,46089,McPherson County,South Dakota,SD,quiet,1.5e-05,3019,65,501+,0.01,0.000118,3005,64,501+,0.02,0.005544,0.007061,0,0,0,,0.83,2023-24
2026-05-11,2026-05-18,39111,Monroe County,Ohio,OH,quiet,1.5e-05,3020,82,501+,0.01,0.000114,3012,82,501+,0.02,0.005532,0.006757,0,0,0,,,
2026-05-11,2026-05-18,19003,Adams County,Iowa,IA,quiet,1.5e-05,3021,90,501+,0.01,8.4e-05,3059,95,501+,0.01,0.005482,0.004815,0,0,0,,1.0,2023-24
2026-05-11,2026-05-18,24023,Garrett County,Maryland,MD,quiet,1.5e-05,3022,24,501+,0.01,9.4e-05,3045,24,501+,0.02,0.005479,0.005472,0,0,0,,0.9882,2023-24
2026-05-11,2026-05-18,17047,Edwards County,Illinois,IL,quiet,1.5e-05,3023,90,501+,0.01,0.000102,3028,96,501+,0.02,0.005387,0.005989,0,0,0,,,
2026-05-11,2026-05-18,19191,Winneshiek County,Iowa,IA,quiet,1.5e-05,3024,91,501+,0.01,0.000169,2906,82,501+,0.03,0.005373,0.010492,0,0,0,,0.91625616,2023-24
2026-05-11,2026-05-18,19009,Audubon County,Iowa,IA,quiet,1.5e-05,3025,92,501+,0.01,0.000154,2944,85,501+,0.03,0.005371,0.00945,0,0,0,,0.94,2023-24
2026-05-11,2026-05-18,31117,McPherson County,Nebraska,NE,quiet,1.5e-05,3026,85,501+,0.01,8.6e-05,3054,86,501+,0.01,0.00535,0.004983,0,0,0,,,
2026-05-11,2026-05-18,31077,Greeley County,Nebraska,NE,quiet,1.5e-05,3027,86,501+,0.01,0.000156,2939,82,501+,0.03,0.005337,0.009602,0,0,0,,,
2026-05-11,2026-05-18,17025,Clay County,Illinois,IL,quiet,1.4e-05,3028,91,501+,0.01,0.000116,3009,92,501+,0.02,0.005215,0.0069,0,0,0,,,
2026-05-11,2026-05-18,31009,Blaine County,Nebraska,NE,quiet,1.4e-05,3029,87,501+,0.01,7.1e-05,3083,91,501+,0.01,0.005205,0.004,0,0,0,,,
2026-05-11,2026-05-18,17159,Richland County,Illinois,IL,quiet,1.4e-05,3030,92,501+,0.01,0.000124,2994,86,501+,0.02,0.00518,0.007431,0,0,0,,,
2026-05-11,2026-05-18,17067,Hancock County,Illinois,IL,quiet,1.4e-05,3031,93,501+,0.01,9e-05,3051,100,501+,0.02,0.005149,0.00519,0,0,0,,,
2026-05-11,2026-05-18,31003,Antelope County,Nebraska,NE,quiet,1.4e-05,3032,88,501+,0.01,0.000105,3022,84,501+,0.02,0.005077,0.006165,0,0,0,,,
2026-05-11,2026-05-18,54095,Tyler County,West Virginia,WV,quiet,1.4e-05,3033,39,501+,0.01,7.1e-05,3081,45,501+,0.01,0.005077,0.004021,0,0,0,,,
2026-05-11,2026-05-18,17045,Edgar County,Illinois,IL,quiet,1.4e-05,3034,94,501+,0.01,0.000124,2995,87,501+,0.02,0.005062,0.007428,0,0,0,,,
2026-05-11,2026-05-18,21205,Rowan County,Kentucky,KY,quiet,1.4e-05,3035,92,501+,0.01,8.1e-05,3064,100,501+,0.01,0.005058,0.004648,0,0,0,,0.831,2022-23
2026-05-11,2026-05-18,54075,Pocahontas County,West Virginia,WV,quiet,1.4e-05,3036,40,501+,0.01,5.1e-05,3116,50,501+,0.01,0.005051,0.002783,0,0,0,,,
2026-05-11,2026-05-18,20157,Republic County,Kansas,KS,quiet,1.4e-05,3037,103,501+,0.01,0.000107,3020,104,501+,0.02,0.005043,0.006342,0,0,0,,0.95,2023-24
2026-05-11,2026-05-18,39031,Coshocton County,Ohio,OH,quiet,1.4e-05,3038,83,501+,0.01,0.000126,2989,80,501+,0.02,0.00503,0.007561,0,0,0,,,
2026-05-11,2026-05-18,21085,Grayson County,Kentucky,KY,quiet,1.4e-05,3039,93,501+,0.01,9.9e-05,3034,90,501+,0.02,0.004965,0.005804,0,0,0,,0.983,2022-23
2026-05-11,2026-05-18,19037,Chickasaw County,Iowa,IA,quiet,1.4e-05,3040,93,501+,0.01,0.000126,2988,90,501+,0.02,0.004945,0.007565,0,0,0,,0.88888889,2023-24
2026-05-11,2026-05-18,39079,Jackson County,Ohio,OH,quiet,1.4e-05,3041,84,501+,0.01,0.000104,3023,83,501+,0.02,0.004941,0.006149,0,0,0,,,
2026-05-11,2026-05-18,39001,Adams County,Ohio,OH,quiet,1.3e-05,3042,85,501+,0.01,9.8e-05,3035,84,501+,0.02,0.004916,0.005738,0,0,0,,,
2026-05-11,2026-05-18,26083,Keweenaw County,Michigan,MI,quiet,1.3e-05,3043,83,501+,0.01,5e-05,3117,83,501+,0.01,0.004906,0.002737,0,0,0,,,
2026-05-11,2026-05-18,54099,Wayne County,West Virginia,WV,quiet,1.3e-05,3044,41,501+,0.01,0.000152,2947,30,501+,0.03,0.004906,0.009355,0,0,0,,,
2026-05-11,2026-05-18,17069,Hardin County,Illinois,IL,quiet,1.3e-05,3045,95,501+,0.01,9.4e-05,3044,98,501+,0.02,0.004895,0.005491,0,0,0,,,
2026-05-11,2026-05-18,46125,Turner County,South Dakota,SD,quiet,1.3e-05,3046,66,501+,0.01,0.000116,3008,65,501+,0.02,0.004865,0.006909,0,0,0,,0.89,2023-24
2026-05-11,2026-05-18,21189,Owsley County,Kentucky,KY,quiet,1.3e-05,3047,94,501+,0.01,0.000246,2770,68,501+,0.04,0.004856,0.015875,0,0,0,,0.981,2022-23
2026-05-11,2026-05-18,47057,Grainger County,Tennessee,TN,quiet,1.3e-05,3048,90,501+,0.01,0.000193,2869,87,501+,0.03,0.004759,0.012175,0,0,0,,0.987,2023-24
2026-05-11,2026-05-18,19023,Butler County,Iowa,IA,quiet,1.3e-05,3049,94,501+,0.01,0.00013,2980,88,501+,0.02,0.00469,0.007852,0,0,0,,0.94202899,2023-24
2026-05-11,2026-05-18,17131,Mercer County,Illinois,IL,quiet,1.3e-05,3050,96,501+,0.01,0.000127,2985,85,501+,0.02,0.004583,0.007662,0,0,0,,,
2026-05-11,2026-05-18,21045,Casey County,Kentucky,KY,quiet,1.2e-05,3051,95,501+,0.01,0.000104,3024,88,501+,0.02,0.004549,0.006136,0,0,0,,0.864,2022-23
2026-05-11,2026-05-18,27075,Lake County,Minnesota,MN,quiet,1.2e-05,3052,87,501+,0.01,0.000125,2990,87,501+,0.02,0.004537,0.007546,0,0,0,,0.819,2023-24
2026-05-11,2026-05-18,54103,Wetzel County,West Virginia,WV,quiet,1.2e-05,3053,42,501+,0.01,0.000175,2892,25,501+,0.03,0.004483,0.010934,0,0,0,,,
2026-05-11,2026-05-18,31159,Seward County,Nebraska,NE,quiet,1.2e-05,3054,89,501+,0.01,0.000184,2880,79,501+,0.03,0.004442,0.011507,0,0,0,,,
2026-05-11,2026-05-18,17023,Clark County,Illinois,IL,quiet,1.2e-05,3055,97,501+,0.01,0.000102,3026,95,501+,0.02,0.004419,0.006015,0,0,0,,,
2026-05-11,2026-05-18,54023,Grant County,West Virginia,WV,quiet,1.2e-05,3056,43,501+,0.01,7.5e-05,3075,42,501+,0.01,0.004364,0.004273,0,0,0,,,
2026-05-11,2026-05-18,51169,Scott County,Virginia,VA,quiet,1.2e-05,3057,129,501+,0.01,7e-05,3085,131,501+,0.01,0.004354,0.003964,0,0,0,,0.908,2023-24
2026-05-11,2026-05-18,21187,Owen County,Kentucky,KY,quiet,1.2e-05,3058,96,501+,0.01,8.5e-05,3056,96,501+,0.01,0.004328,0.004894,0,0,0,,0.993,2022-23
2026-05-11,2026-05-18,54063,Monroe County,West Virginia,WV,quiet,1.2e-05,3059,44,501+,0.01,9.7e-05,3038,38,501+,0.02,0.004318,0.005662,0,0,0,,,
2026-05-11,2026-05-18,20033,Comanche County,Kansas,KS,quiet,1.2e-05,3060,104,501+,0.01,7.2e-05,3078,105,501+,0.01,0.004231,0.004077,0,0,0,,1.0,2023-24
2026-05-11,2026-05-18,19029,Cass County,Iowa,IA,quiet,1.2e-05,3061,95,501+,0.01,7e-05,3084,98,501+,0.01,0.004204,0.003979,0,0,0,,0.81521739,2023-24
2026-05-11,2026-05-18,17129,Menard County,Illinois,IL,quiet,1.2e-05,3062,98,501+,0.01,0.000123,2996,88,501+,0.02,0.004199,0.007374,0,0,0,,,
2026-05-11,2026-05-18,30045,Judith Basin County,Montana,MT,quiet,1.1e-05,3063,54,501+,0.01,0.000205,2845,49,501+,0.03,0.00418,0.012985,0,0,0,,,
2026-05-11,2026-05-18,30051,Liberty County,Montana,MT,quiet,1.1e-05,3064,55,501+,0.01,4.9e-05,3118,56,501+,0.01,0.00418,0.002683,0,0,0,,,
2026-05-11,2026-05-18,18025,Crawford County,Indiana,IN,quiet,1.1e-05,3065,87,501+,0.01,7.6e-05,3072,90,501+,0.01,0.004153,0.004331,0,0,0,,,
2026-05-11,2026-05-18,17191,Wayne County,Illinois,IL,quiet,1.1e-05,3066,99,501+,0.01,0.000129,2982,84,501+,0.02,0.004126,0.00778,0,0,0,,,
2026-05-11,2026-05-18,21131,Leslie County,Kentucky,KY,quiet,1.1e-05,3067,97,501+,0.01,6.6e-05,3095,107,501+,0.01,0.004126,0.003711,0,0,0,,0.857,2022-23
2026-05-11,2026-05-18,54005,Boone County,West Virginia,WV,quiet,1.1e-05,3068,45,501+,0.01,7.4e-05,3076,43,501+,0.01,0.004085,0.004196,0,0,0,,,
2026-05-11,2026-05-18,54097,Upshur County,West Virginia,WV,quiet,1.1e-05,3069,46,501+,0.01,0.000107,3019,36,501+,0.02,0.00404,0.006359,0,0,0,,,
2026-05-11,2026-05-18,21011,Bath County,Kentucky,KY,quiet,1.1e-05,3070,98,501+,0.01,7.8e-05,3070,102,501+,0.01,0.003991,0.00443,0,0,0,,0.926,2022-23
2026-05-11,2026-05-18,18101,Martin County,Indiana,IN,quiet,1.1e-05,3071,88,501+,0.01,0.000159,2932,78,501+,0.03,0.003963,0.009817,0,0,0,,,
2026-05-11,2026-05-18,21065,Estill County,Kentucky,KY,quiet,1.1e-05,3072,99,501+,0.01,6.6e-05,3092,105,501+,0.01,0.003952,0.00373,0,0,0,,0.952,2022-23
2026-05-11,2026-05-18,19089,Howard County,Iowa,IA,quiet,1.1e-05,3073,96,501+,0.01,0.00016,2930,83,501+,0.03,0.003921,0.009889,0,0,0,,0.90322581,2023-24
2026-05-11,2026-05-18,54109,Wyoming County,West Virginia,WV,quiet,1.1e-05,3074,47,501+,0.01,6.8e-05,3089,47,501+,0.01,0.003909,0.003817,0,0,0,,,
2026-05-11,2026-05-18,19107,Keokuk County,Iowa,IA,quiet,1.1e-05,3075,97,501+,0.01,0.000101,3029,93,501+,0.02,0.003903,0.005953,0,0,0,,0.79545455,2023-24
2026-05-11,2026-05-18,47133,Overton County,Tennessee,TN,quiet,1.1e-05,3076,91,501+,0.01,6.9e-05,3086,93,501+,0.01,0.003887,0.003884,0,0,0,,0.974,2023-24
2026-05-11,2026-05-18,21235,Whitley County,Kentucky,KY,quiet,1.1e-05,3077,100,501+,0.01,6.6e-05,3093,106,501+,0.01,0.003875,0.003729,0,0,0,,0.493,2022-23
2026-05-11,2026-05-18,21091,Hancock County,Kentucky,KY,quiet,1.1e-05,3078,101,501+,0.01,0.000102,3027,89,501+,0.02,0.003844,0.006006,0,0,0,,0.953,2022-23
2026-05-11,2026-05-18,17061,Greene County,Illinois,IL,quiet,1e-05,3079,100,501+,0.01,6.8e-05,3087,101,501+,0.01,0.003803,0.003852,0,0,0,,,
2026-05-11,2026-05-18,21139,Livingston County,Kentucky,KY,quiet,1e-05,3080,102,501+,0.01,5.3e-05,3113,115,501+,0.01,0.003782,0.002895,0,0,0,,0.899,2022-23
2026-05-11,2026-05-18,21197,Powell County,Kentucky,KY,quiet,1e-05,3081,103,501+,0.01,9e-05,3049,94,501+,0.02,0.003756,0.005237,0,0,0,,0.981,2022-23
2026-05-11,2026-05-18,18031,Decatur County,Indiana,IN,quiet,1e-05,3082,89,501+,0.01,0.000215,2824,68,501+,0.04,0.003673,0.013655,0,0,0,,,
2026-05-11,2026-05-18,47173,Union County,Tennessee,TN,quiet,1e-05,3083,92,501+,0.01,9.9e-05,3032,92,501+,0.02,0.003652,0.005823,0,0,0,,0.863,2023-24
2026-05-11,2026-05-18,21153,Magoffin County,Kentucky,KY,quiet,1e-05,3084,104,501+,0.01,5.7e-05,3105,111,501+,0.01,0.003594,0.003114,0,0,0,,0.834,2022-23
2026-05-11,2026-05-18,54067,Nicholas County,West Virginia,WV,quiet,1e-05,3085,48,501+,0.01,0.000121,3002,35,501+,0.02,0.003589,0.00726,0,0,0,,,
2026-05-11,2026-05-18,39131,Pike County,Ohio,OH,quiet,1e-05,3086,86,501+,0.01,6.5e-05,3097,87,501+,0.01,0.003582,0.003649,0,0,0,,,
2026-05-11,2026-05-18,19131,Mitchell County,Iowa,IA,quiet,1e-05,3087,98,501+,0.01,7.5e-05,3073,96,501+,0.01,0.003577,0.004275,0,0,0,,0.89430894,2023-24
2026-05-11,2026-05-18,47025,Claiborne County,Tennessee,TN,quiet,1e-05,3088,93,501+,0.01,0.000162,2926,89,501+,0.03,0.003544,0.010012,0,0,0,,0.921,2023-24
2026-05-11,2026-05-18,29115,Linn County,Missouri,MO,quiet,1e-05,3089,113,501+,0.01,8.3e-05,3060,114,501+,0.01,0.003525,0.004749,0,0,0,,0.931,2023-24
2026-05-11,2026-05-18,39163,Vinton County,Ohio,OH,quiet,1e-05,3090,87,501+,0.01,7.9e-05,3068,86,501+,0.01,0.003482,0.004487,0,0,0,,,
2026-05-11,2026-05-18,21135,Lewis County,Kentucky,KY,quiet,1e-05,3091,105,501+,0.01,5.5e-05,3108,112,501+,0.01,0.003464,0.003031,0,0,0,,0.969,2022-23
2026-05-11,2026-05-18,21109,Jackson County,Kentucky,KY,quiet,9e-06,3092,106,501+,0.01,9e-05,3050,95,501+,0.02,0.003451,0.0052,0,0,0,,0.985,2022-23
2026-05-11,2026-05-18,18047,Franklin County,Indiana,IN,quiet,9e-06,3093,90,501+,0.01,0.000129,2983,85,501+,0.02,0.003385,0.007765,0,0,0,,,
2026-05-11,2026-05-18,21025,Breathitt County,Kentucky,KY,quiet,9e-06,3094,107,501+,0.01,9.6e-05,3040,92,501+,0.02,0.003374,0.00564,0,0,0,,0.896,2022-23
2026-05-11,2026-05-18,51167,Russell County,Virginia,VA,quiet,9e-06,3095,130,501+,0.01,8e-05,3066,129,501+,0.01,0.003329,0.004596,0,0,0,,0.973,2023-24
2026-05-11,2026-05-18,17193,White County,Illinois,IL,quiet,9e-06,3096,101,501+,0.01,9.2e-05,3048,99,501+,0.02,0.003318,0.005351,0,0,0,,,
2026-05-11,2026-05-18,54053,Mason County,West Virginia,WV,quiet,9e-06,3097,49,501+,0.01,4.1e-05,3130,54,501+,0.01,0.003254,0.002159,0,0,0,,,
2026-05-11,2026-05-18,31027,Cedar County,Nebraska,NE,quiet,9e-06,3098,90,501+,0.01,8.1e-05,3065,88,501+,0.01,0.003203,0.004627,0,0,0,,,
2026-05-11,2026-05-18,54091,Taylor County,West Virginia,WV,quiet,9e-06,3099,50,501+,0.01,6.3e-05,3100,49,501+,0.01,0.003202,0.003482,0,0,0,,,
2026-05-11,2026-05-18,38049,McHenry County,North Dakota,ND,quiet,9e-06,3100,49,501+,0.01,0.00011,3015,48,501+,0.02,0.003159,0.006505,0,0,0,,0.8594,2023-24
2026-05-11,2026-05-18,21201,Robertson County,Kentucky,KY,quiet,9e-06,3101,108,501+,0.01,6e-05,3102,109,501+,0.01,0.003128,0.003321,0,0,0,,0.917,2022-23
2026-05-11,2026-05-18,21127,Lawrence County,Kentucky,KY,quiet,9e-06,3102,109,501+,0.0,5.7e-05,3104,110,501+,0.01,0.003102,0.003137,0,0,0,,0.932,2022-23
2026-05-11,2026-05-18,17065,Hamilton County,Illinois,IL,quiet,8e-06,3103,102,501+,0.0,5.6e-05,3106,102,501+,0.01,0.00309,0.003056,0,0,0,,,
2026-05-11,2026-05-18,38029,Emmons County,North Dakota,ND,quiet,8e-06,3104,50,501+,0.0,0.000131,2979,47,501+,0.02,0.003063,0.007905,0,0,0,,0.8846,2023-24
2026-05-11,2026-05-18,21069,Fleming County,Kentucky,KY,quiet,8e-06,3105,110,501+,0.0,5.4e-05,3111,113,501+,0.01,0.00305,0.002978,0,0,0,,0.973,2022-23
2026-05-11,2026-05-18,20063,Gove County,Kansas,KS,quiet,8e-06,3106,105,501+,0.0,0.000167,2911,102,501+,0.03,0.003049,0.010355,0,0,0,,0.72,2023-24
2026-05-11,2026-05-18,21115,Johnson County,Kentucky,KY,quiet,8e-06,3107,111,501+,0.0,8.4e-05,3058,98,501+,0.01,0.002986,0.004817,0,0,0,,0.943,2022-23
2026-05-11,2026-05-18,51720,Norton City,Virginia,VA,quiet,8e-06,3108,131,501+,0.0,7.7e-05,3071,130,501+,0.01,0.002959,0.004418,0,0,0,,1.0,2022-23
2026-05-11,2026-05-18,29227,Worth County,Missouri,MO,quiet,8e-06,3109,114,501+,0.0,4.4e-05,3127,115,501+,0.01,0.002946,0.00235,0,0,0,,1.0,2023-24
2026-05-11,2026-05-18,18139,Rush County,Indiana,IN,quiet,8e-06,3110,91,501+,0.0,6.5e-05,3098,91,501+,0.01,0.00293,0.00361,0,0,0,,,
2026-05-11,2026-05-18,39105,Meigs County,Ohio,OH,quiet,8e-06,3111,88,501+,0.0,3.9e-05,3132,88,501+,0.01,0.002898,0.002072,0,0,0,,,
2026-05-11,2026-05-18,21203,Rockcastle County,Kentucky,KY,quiet,8e-06,3112,112,501+,0.0,5.2e-05,3115,116,501+,0.01,0.002866,0.002845,0,0,0,,0.9,2022-23
2026-05-11,2026-05-18,29205,Shelby County,Missouri,MO,quiet,8e-06,3113,115,501+,0.0,8.8e-05,3052,113,501+,0.01,0.002858,0.005074,0,0,0,,0.982,2023-24
2026-05-11,2026-05-18,08061,Kiowa County,Colorado,CO,quiet,8e-06,3114,64,501+,0.0,0.00011,3016,63,501+,0.02,0.002812,0.006499,0,0,0,,1.0,2023-24
2026-05-11,2026-05-18,54085,Ritchie County,West Virginia,WV,quiet,7e-06,3115,51,501+,0.0,6.8e-05,3088,46,501+,0.01,0.002729,0.00383,0,0,0,,,
2026-05-11,2026-05-18,38083,Sheridan County,North Dakota,ND,quiet,7e-06,3116,51,501+,0.0,3.7e-05,3136,51,501+,0.01,0.002724,0.001944,0,0,0,,0.75,2023-24
2026-05-11,2026-05-18,21133,Letcher County,Kentucky,KY,quiet,7e-06,3117,113,501+,0.0,4.8e-05,3121,119,501+,0.01,0.002686,0.00262,0,0,0,,0.893,2022-23
2026-05-11,2026-05-18,54045,Logan County,West Virginia,WV,quiet,7e-06,3118,52,501+,0.0,4.2e-05,3129,53,501+,0.01,0.002646,0.002237,0,0,0,,,
2026-05-11,2026-05-18,21119,Knott County,Kentucky,KY,quiet,7e-06,3119,114,501+,0.0,8e-05,3067,101,501+,0.01,0.002637,0.004571,0,0,0,,0.687,2022-23
2026-05-11,2026-05-18,21193,Perry County,Kentucky,KY,quiet,7e-06,3120,115,501+,0.0,6.2e-05,3101,108,501+,0.01,0.002578,0.003447,0,0,0,,0.743,2022-23
2026-05-11,2026-05-18,30103,Treasure County,Montana,MT,quiet,7e-06,3121,56,501+,0.0,7.1e-05,3079,55,501+,0.01,0.002486,0.00404,0,0,0,,,
2026-05-11,2026-05-18,19121,Madison County,Iowa,IA,quiet,7e-06,3122,99,501+,0.0,5.5e-05,3109,99,501+,0.01,0.002463,0.003002,0,0,0,,0.89795918,2023-24
2026-05-11,2026-05-18,54087,Roane County,West Virginia,WV,quiet,7e-06,3123,53,501+,0.0,3.9e-05,3135,55,501+,0.01,0.002437,0.002047,0,0,0,,,
2026-05-11,2026-05-18,18009,Blackford County,Indiana,IN,quiet,6e-06,3124,92,501+,0.0,4.4e-05,3125,92,501+,0.01,0.002367,0.002353,0,0,0,,,
2026-05-11,2026-05-18,21023,Bracken County,Kentucky,KY,quiet,6e-06,3125,116,501+,0.0,7.3e-05,3077,103,501+,0.01,0.002346,0.004145,0,0,0,,0.878,2022-23
2026-05-11,2026-05-18,21181,Nicholas County,Kentucky,KY,quiet,6e-06,3126,117,501+,0.0,4.9e-05,3119,117,501+,0.01,0.002315,0.002655,0,0,0,,0.98,2022-23
2026-05-11,2026-05-18,54105,Wirt County,West Virginia,WV,quiet,6e-06,3127,54,501+,0.0,4.6e-05,3123,51,501+,0.01,0.002297,0.002467,0,0,0,,,
2026-05-11,2026-05-18,51051,Dickenson County,Virginia,VA,quiet,6e-06,3128,132,501+,0.0,3.1e-05,3138,133,501+,0.01,0.002284,0.001587,0,0,0,,0.991,2023-24
2026-05-11,2026-05-18,54043,Lincoln County,West Virginia,WV,quiet,6e-06,3129,55,501+,0.0,4.2e-05,3128,52,501+,0.01,0.002155,0.002264,0,0,0,,,
2026-05-11,2026-05-18,31139,Pierce County,Nebraska,NE,quiet,6e-06,3130,91,501+,0.0,7.1e-05,3082,90,501+,0.01,0.00213,0.00402,0,0,0,,,
2026-05-11,2026-05-18,31149,Rock County,Nebraska,NE,quiet,6e-06,3131,92,501+,0.0,4.7e-05,3122,92,501+,0.01,0.002014,0.002514,0,0,0,,,
2026-05-11,2026-05-18,21095,Harlan County,Kentucky,KY,quiet,5e-06,3132,118,501+,0.0,5.4e-05,3112,114,501+,0.01,0.001955,0.002975,0,0,0,,0.696,2022-23
2026-05-11,2026-05-18,51027,Buchanan County,Virginia,VA,quiet,5e-06,3133,133,501+,0.0,4e-05,3131,132,501+,0.01,0.001932,0.00214,0,0,0,,0.982,2023-24
2026-05-11,2026-05-18,31057,Dundy County,Nebraska,NE,quiet,5e-06,3134,93,501+,0.0,3.1e-05,3137,93,501+,0.01,0.001929,0.001617,0,0,0,,,
2026-05-11,2026-05-18,47137,Pickett County,Tennessee,TN,quiet,5e-06,3135,94,501+,0.0,3.9e-05,3133,94,501+,0.01,0.0018,0.002068,0,0,0,,1.0,2023-24
2026-05-11,2026-05-18,21121,Knox County,Kentucky,KY,quiet,5e-06,3136,119,501+,0.0,4.4e-05,3126,120,501+,0.01,0.001789,0.002352,0,0,0,,0.804,2022-23
2026-05-11,2026-05-18,21043,Carter County,Kentucky,KY,quiet,5e-06,3137,120,501+,0.0,4.8e-05,3120,118,501+,0.01,0.001778,0.002624,0,0,0,,0.941,2022-23
2026-05-11,2026-05-18,47151,Scott County,Tennessee,TN,quiet,3e-06,3138,95,501+,0.0,3.9e-05,3134,95,501+,0.01,0.001052,0.002054,0,0,0,,0.961,2023-24
2026-05-11,2026-05-18,04013,Maricopa County,Arizona,AZ,active,,,,,,,,,,,,,4,9,14,0,0.875,2023-24
2026-05-11,2026-05-18,38017,Cass County,North Dakota,ND,active,,,,,,,,,,,,,1,1,8,0,0.9271,2023-24
2026-05-11,2026-05-18,38035,Grand Forks County,North Dakota,ND,active,,,,,,,,,,,,,1,1,14,0,0.9341,2023-24
2026-05-11,2026-05-18,49049,Utah County,Utah,UT,active,,,,,,,,,,,,,10,14,109,0,0.952,2022-23
2026-05-11,2026-05-18,49051,Wasatch County,Utah,UT,active,,,,,,,,,,,,,1,1,10,0,0.93,2022-23
2026-05-11,2026-05-18,53071,Walla Walla County,Washington,WA,active,,,,,,,,,,,,,1,5,6,0,0.90851735,2023-24
